{
"type": "FeatureCollection",
"name": "bacias_nivel_2",
"crs": { "type": "name", "properties": { "name": "urn:ogc:def:crs:OGC:1.3:CRS84" } },
"xy_coordinate_resolution": 1e-15,
"features": [
{"type":"Feature","properties":{"nome_bacia":"Bacia do Rio Amazonas"},"geometry":{"type":"MultiPolygon","coordinates":[[[[-63.6718808,-20.462227900000016],[-63.74948459999996,-20.447167700000023],[-63.76683509999998,-20.498234799999921],[-63.808251199999972,-20.423451399999976],[-63.835631299999875,-20.419279099999983],[-63.85541829999994,-20.37877629999997],[-63.888576299999954,-20.3738957],[-63.91058419999996,-20.3882992],[-63.930812,-20.490706399999965],[-63.979520499999978,-20.465657499999907],[-64.070650600000022,-20.4779317],[-64.106894,-20.3805104],[-64.222261,-20.399432899999965],[-64.21716749999996,-20.373142799999982],[-64.2336027,-20.350257699999929],[-64.273859799999968,-20.3456263],[-64.271315499999957,-20.316236099999969],[-64.369090599999936,-20.308488],[-64.380473799999947,-20.2189333],[-64.4346193,-20.238304799999923],[-64.452050399999962,-20.209375],[-64.470839599999977,-20.022208699999965],[-64.498659799999871,-20.010881899999902],[-64.504028299999959,-19.974418599999979],[-64.5426218,-19.971095399999967],[-64.5579429,-19.884206300000017],[-64.580967899999962,-19.875259799999981],[-64.580297099999882,-19.651130599999988],[-64.6314827,-19.557713799999931],[-64.6594389,-19.541710500000022],[-64.646398499999975,-19.457694299999901],[-64.691471200000024,-19.355447599999934],[-64.689476699999943,-19.313505299999917],[-64.720714,-19.26966],[-64.807356899999945,-19.247912900000017],[-64.8515299,-19.180728299999942],[-64.839722199999926,-19.161664500000029],[-64.863054700000021,-19.145155399999965],[-64.923847099999989,-19.171784899999921],[-64.9700927,-19.143829900000014],[-64.982477399999937,-19.176131399999917],[-65.007373299999983,-19.167094599999984],[-65.057469899999944,-19.1858062],[-65.066449799999987,-19.171083800000019],[-65.1375792,-19.171645099999978],[-65.167850399999907,-19.203971200000012],[-65.213743199999954,-19.0895883],[-65.239985499999989,-19.079085499999962],[-65.251641399999926,-19.016032199999984],[-65.273564099999987,-18.99127429999993],[-65.3432378,-18.981641200000013],[-65.369123699999989,-18.952971100000013],[-65.405139800000029,-18.989861799999858],[-65.450586599999951,-18.866565],[-65.569976900000029,-18.702144699999963],[-65.593819699999983,-18.774779099999989],[-65.61451459999995,-18.784067199999868],[-65.702630199999987,-18.7414043],[-65.735382299999969,-18.750025],[-65.7434538,-18.770522200000016],[-65.800887100000011,-18.7752094],[-65.809135,-18.79005189999998],[-65.749786299999926,-18.862605799999983],[-65.7856544,-18.869924799999922],[-65.832690499999956,-18.920517],[-65.8598366,-18.907270199999914],[-65.85796160000001,-18.9823343],[-65.946721199999956,-18.9181097],[-66.021162299999901,-18.963433699999882],[-66.078790799999922,-18.946437100000026],[-66.033209299999953,-19.017263800000023],[-66.085591399999942,-19.036621399999945],[-66.082258299999921,-19.0724553],[-66.1141447,-19.093666900000017],[-66.236990399999968,-19.061797099999922],[-66.322035599999936,-19.0643996],[-66.3407027,-19.0174773],[-66.376507599999911,-19.001949599999989],[-66.366454799999929,-18.9742321],[-66.4030388,-18.946149999999875],[-66.432520899999986,-18.962959099999978],[-66.52048,-18.823257800000022],[-66.538162299999954,-18.709579499999961],[-66.574322799999948,-18.6990022],[-66.583750999999893,-18.649029],[-66.603446499999961,-18.645103799999902],[-66.597177499999873,-18.597740499999929],[-66.651322199999925,-18.463817799999958],[-66.828812,-18.206618799999887],[-66.780173399999967,-18.186689099999967],[-66.775,-18.158333299999924],[-66.8375,-18.054166699999939],[-66.733865199999912,-17.9770729],[-66.716666699999962,-17.9],[-66.804153399999961,-17.819337599999983],[-66.791797299999928,-17.781603300000029],[-66.891313299999979,-17.66492449999987],[-66.872693499999912,-17.622864400000026],[-66.92146479999991,-17.543135899999868],[-67.010043,-17.467024700000024],[-67.0425995,-17.500241800000026],[-67.1374596,-17.419303],[-67.139319399999977,-17.355509],[-67.2125,-17.241666699999882],[-67.2352239,-17.246609199999909],[-67.328910499999893,-17.135293199999978],[-67.3463628,-17.1551073],[-67.329166699999973,-17.279166699999962],[-67.443622799999957,-17.2505673],[-67.5267129,-17.262853299999961],[-67.583333299999936,-17.195833299999947],[-67.627180299999907,-17.21464],[-67.6454976,-17.25411779999996],[-67.685757799999919,-17.25798],[-67.775355,-17.177783099999942],[-67.825,-17.175],[-67.909184299999879,-17.013350799999955],[-68.024658,-16.919655],[-68.091099399999905,-16.818877199999918],[-68.091666700000019,-16.775],[-68.065079,-16.742074100000025],[-68.111705899999947,-16.715872499999875],[-68.111643,-16.6805079],[-68.140613199999962,-16.652952],[-68.129421499999978,-16.622026699999935],[-68.185826599999928,-16.573921299999938],[-68.158333299999924,-16.5208333],[-68.175,-16.495833299999902],[-68.157739799999945,-16.400735099999963],[-68.10417259999997,-16.3001784],[-68.174262799999894,-16.261762699999963],[-68.183429600000011,-16.221879399999978],[-68.211453899999981,-16.22073690000002],[-68.2413133,-16.1316177],[-68.2821184,-16.1255673],[-68.298025399999972,-16.095120799999961],[-68.29583329999997,-16.0541667],[-68.3391431,-16.04275679999995],[-68.362853299999983,-15.997575499999982],[-68.407727399999942,-15.964861499999927],[-68.4145681,-15.932484],[-68.457574799999975,-15.924053800000024],[-68.48112279999998,-15.863067299999955],[-68.545833300000027,-15.858333300000027],[-68.550756,-15.918135199999938],[-68.60216029999998,-15.928549199999964],[-68.675635199999931,-15.872380599999985],[-68.781591100000014,-15.866313299999945],[-68.8,-15.816666699999985],[-68.882645599999989,-15.7610135],[-68.903315899999939,-15.7783157],[-68.951605499999971,-15.737964199999965],[-68.9757467,-15.750567299999943],[-69.016666699999917,-15.725],[-69.041554299999973,-15.523164699999938],[-69.0920446,-15.485410199999933],[-69.0630673,-15.372048300000017],[-69.008900599999947,-15.3019562],[-69.14107260000003,-15.140793899999949],[-69.137141899999961,-15.101709699999901],[-69.09988420000002,-15.081173499999977],[-69.095475299999919,-15.043376299999977],[-69.054434199999946,-15.005209200000024],[-69.082287800000017,-14.968024899999989],[-69.10641279999993,-14.978705],[-69.124646699999971,-14.956591100000026],[-69.097687899999926,-14.890606199999922],[-69.178461,-14.811693],[-69.183333300000015,-14.7625],[-69.1625,-14.7625],[-69.17499220000002,-14.717276],[-69.229299899999887,-14.6583675],[-69.25,-14.675],[-69.291420099999925,-14.641480499999943],[-69.345833299999924,-14.654166699999962],[-69.356703199999913,-14.618368499999974],[-69.4450587,-14.611760800000013],[-69.460075500000016,-14.58368669999993],[-69.507482400000015,-14.6033157],[-69.562801400000012,-14.548975899999959],[-69.5875,-14.55],[-69.586911,-14.521751399999971],[-69.566698699999961,-14.513201400000014],[-69.580017600000019,-14.492517599999871],[-69.5968911,-14.481013299999859],[-69.6301039,-14.496400599999959],[-69.687286899999947,-14.421663700000011],[-69.7160988,-14.423046199999987],[-69.72908769999998,-14.347343099999989],[-69.761600399999963,-14.332672099999968],[-69.795833300000027,-14.266666699999973],[-69.852958699999988,-14.263259299999959],[-69.876715600000011,-14.287853299999881],[-69.930879599999969,-14.27952],[-70.046859199999972,-14.184092499999963],[-70.098043799999971,-14.178599399999939],[-70.1214162,-14.125919799999963],[-70.208018199999913,-14.055394799999931],[-70.232355399999904,-14.096117],[-70.2583333,-14.0875],[-70.30337320000001,-14.1257195],[-70.300604899999939,-14.148006],[-70.3300041,-14.174955099999977],[-70.356138,-14.17022129999998],[-70.392855599999962,-14.1946714],[-70.425335599999926,-14.1768232],[-70.482155,-14.222846899999922],[-70.540815899999984,-14.186649099999954],[-70.555908899999963,-14.1503533],[-70.620026699999926,-14.159445399999925],[-70.640443,-14.125436899999954],[-70.6917092,-14.1242069],[-70.7176743,-14.076415199999929],[-70.791666699999951,-14.0833333],[-70.820833299999947,-14.141666699999917],[-70.8861043,-14.1709816],[-70.899593699999969,-14.233838699999978],[-70.881749699999943,-14.269096499999932],[-70.912924299999986,-14.303966999999886],[-70.909070199999974,-14.336607499999957],[-70.9824337,-14.375661200000025],[-70.962499999999864,-14.4375],[-70.991205900000011,-14.45624],[-70.9910994,-14.51887720000002],[-70.967097599999931,-14.566777300000012],[-71.1166667,-14.65],[-71.091879599999913,-14.711566199999936],[-71.0468214,-14.754734],[-71.014574499999981,-14.7379618],[-70.9746467,-14.7649538],[-70.979162200000019,-14.824810800000023],[-70.995808,-14.834401899999989],[-70.98636469999991,-14.944535799999983],[-71.00895079999998,-14.995364],[-70.982429700000012,-15.053521099999955],[-70.950468600000022,-15.0729167],[-70.979165699999953,-15.104221],[-70.971400599999981,-15.2313772],[-70.994623499999989,-15.2455215],[-71.0375062,-15.2372375],[-71.05891459999998,-15.203627499999982],[-71.102172899999914,-15.2089383],[-71.180048599999907,-15.279771599999947],[-71.2,-15.245833299999958],[-71.163067299999966,-15.20637720000002],[-71.179047799999978,-15.165888099999961],[-71.143934099999967,-15.1204611],[-71.1956404,-15.089674399999922],[-71.208885,-15.0526198],[-71.267312,-15.061176],[-71.293360099999916,-15.11052559999996],[-71.3230486,-15.120833300000015],[-71.4111115,-15.035410699999943],[-71.4534347,-15.041981399999941],[-71.5250254,-15.076033400000028],[-71.555938,-15.159524],[-71.550202,-15.282936],[-71.596400599999981,-15.398043799999982],[-71.65798,-15.418408899999974],[-71.6875,-15.520833299999936],[-71.72158,-15.507766],[-71.7382467,-15.5214006],[-71.782326599999919,-15.503355599999963],[-71.7875,-15.4625],[-71.866666699999939,-15.4583333],[-71.857766,-15.338714899999957],[-71.91765369999996,-15.246456599999931],[-71.9457678,-15.247705900000028],[-71.894148099999938,-15.148372699999982],[-71.835423699999922,-15.116251399999953],[-71.8416967,-15.084890200000018],[-71.943381099999954,-15.108686700000021],[-71.9725755,-15.07952],[-72.009952,-15.091527],[-72.041311,-15.073288],[-72.054166699999939,-15.029166699999962],[-72.15181819999998,-14.975631399999884],[-72.280883099999869,-14.9628533],[-72.312145299999941,-14.935784899999987],[-72.299253299999975,-14.899698899999976],[-72.314527099999964,-14.8332479],[-72.415857299999971,-14.820145299999979],[-72.478505499999926,-14.765767099999948],[-72.488067300000012,-14.715729399999987],[-72.462182699999971,-14.672574699999984],[-72.476568399999962,-14.658918299999982],[-72.529488499999957,-14.666023900000027],[-72.5901268,-14.710460799999964],[-72.6071303,-14.676177499999937],[-72.648986499999978,-14.667743599999937],[-72.691666699999985,-14.6875],[-72.72310269999997,-14.675168400000018],[-72.726737599999979,-14.64651189999995],[-72.771397399999955,-14.664189399999941],[-72.7901498,-14.6514866],[-72.844208299999934,-14.758107199999984],[-72.872545399999979,-14.704522399999973],[-72.935046399999976,-14.69202],[-73.032622699999934,-14.6263667],[-73.047865099999967,-14.657690600000024],[-73.098003300000016,-14.650636799999916],[-73.106007099999943,-14.691018699999972],[-73.15908,-14.678599399999939],[-73.188238099999978,-14.702186499999982],[-73.257976199999973,-14.710325499999954],[-73.283333299999981,-14.7375],[-73.349104499999953,-14.703489499999932],[-73.357946200000015,-14.612744099999929],[-73.4208951,-14.616949799999929],[-73.487816399999986,-14.593970899999988],[-73.53487309999997,-14.506070500000021],[-73.586740099999986,-14.528958099999954],[-73.609184299999981,-14.6033157],[-73.660543800000028,-14.60890059999997],[-73.7165369,-14.6611072],[-73.7293669,-14.7250765],[-73.752135,-14.728523899999971],[-73.792300399999931,-14.691023899999891],[-73.82083329999989,-14.729166699999951],[-73.837141299999985,-14.709730799999988],[-73.825,-14.654166699999962],[-73.8550176,-14.630017599999974],[-73.924801099999968,-14.612507699999924],[-73.9497725,-14.569341599999973],[-73.983333300000027,-14.575],[-74.023521399999879,-14.518205799999976],[-74.114571799999965,-14.5328735],[-74.1458333,-14.512499999999875],[-74.1666667,-14.4625],[-74.208333299999936,-14.454166699999973],[-74.204166699999917,-14.416666699999894],[-74.167989199999909,-14.393549099999916],[-74.190448799999899,-14.34055],[-74.17563309999997,-14.3192899],[-74.184894900000018,-14.295773100000019],[-74.213802,-14.2871333],[-74.235543800000016,-14.303599399999939],[-74.281516299999907,-14.26653],[-74.325072299999874,-14.273834799999918],[-74.304133299999933,-14.317211099999952],[-74.371541699999909,-14.411612599999955],[-74.3899245,-14.4121467],[-74.520404399999961,-14.370943399999931],[-74.576326100000017,-14.254134099999987],[-74.631377199999918,-14.257766],[-74.6529531,-14.235048899999924],[-74.683333300000015,-14.258333299999947],[-74.691666699999928,-14.2083333],[-74.727443600000015,-14.192013200000019],[-74.77048,-14.098257799999942],[-74.785800199999983,-13.990228300000012],[-74.770215899999982,-13.966197399999942],[-74.7875,-13.929166699999939],[-74.760236599999928,-13.829538899999989],[-74.787963699999978,-13.765240399999925],[-74.833283100000017,-13.737200499999972],[-74.872546399999919,-13.75452],[-74.938077599999929,-13.741425900000024],[-74.970167699999934,-13.753121],[-75.015233699999897,-13.688007700000014],[-75.049205899999947,-13.678372500000023],[-75.0904981,-13.593084599999941],[-75.086903799999959,-13.556891800000017],[-75.034375499999896,-13.544799099999977],[-75.095833299999924,-13.475],[-75.075567299999989,-13.45637720000002],[-75.066659299999969,-13.400192300000015],[-75.094468199999937,-13.407239199999879],[-75.1416534,-13.381837599999926],[-75.116049199999964,-13.324530700000025],[-75.13395079999998,-13.303697399999976],[-75.12633059999996,-13.283160899999871],[-75.1571616,-13.247667299999989],[-75.198785099999952,-13.254734],[-75.220820099999969,-13.2360043],[-75.216666700000019,-13.170833300000027],[-75.137561800000015,-13.168567799999948],[-75.110639100000014,-13.117415199999925],[-75.072827099999927,-13.120228399999974],[-75.044589,-13.085572300000024],[-75.112979600000017,-13.039392299999918],[-75.23333329999997,-12.8875],[-75.251165399999877,-12.879331499999978],[-75.2797994,-12.9158112],[-75.305556099999933,-12.904081299999973],[-75.341005499999937,-12.932433699999933],[-75.3792694,-12.8478874],[-75.415589899999986,-12.863829599999974],[-75.4688772,-12.841099399999962],[-75.49258,-12.792274099999929],[-75.541310800000019,-12.764954799999941],[-75.5746451,-12.7149521],[-75.550555299999928,-12.6812415],[-75.580689399999869,-12.641658],[-75.572392899999954,-12.583865399999922],[-75.585046599999941,-12.567021199999942],[-75.6166667,-12.575],[-75.611932700000011,-12.486753299999918],[-75.6458333,-12.4166667],[-75.6365396,-12.3636335],[-75.5875,-12.325],[-75.665804,-12.1941354],[-75.629790199999945,-12.130075899999895],[-75.663286700000015,-12.091564300000016],[-75.713437199999987,-12.092234],[-75.733977299999935,-12.054294099999936],[-75.767155499999944,-12.059237399999972],[-75.818408899999952,-12.01702],[-75.914506499999959,-11.983951],[-75.9916667,-11.991666699999939],[-76.025,-11.975],[-76.057493599999987,-11.925502599999959],[-76.05,-11.8875],[-76.199367299999949,-11.732354399999906],[-76.19645079999998,-11.625469299999963],[-76.180421700000011,-11.612386500000014],[-76.205017399999917,-11.575850800000012],[-76.2291667,-11.558333300000015],[-76.29583329999997,-11.59098519999992],[-76.309072899999933,-11.54236759999992],[-76.349239399999931,-11.540966499999911],[-76.42952,-11.335075500000016],[-76.458237099999906,-11.329168200000026],[-76.474432699999852,-11.2938772],[-76.459558,-11.267834600000015],[-76.482482600000026,-11.2574826],[-76.482856,-11.2102893],[-76.5083333,-11.1666667],[-76.4875,-11.129166699999985],[-76.491099399999939,-11.090816599999926],[-76.582092899999964,-10.986651100000017],[-76.564946599999985,-10.964494199999933],[-76.584038299999975,-10.855884899999978],[-76.59837,-10.821251599999925],[-76.620172099999934,-10.815767100000016],[-76.6709174,-10.679263900000024],[-76.655351899999971,-10.646833500000014],[-76.681417,-10.5910096],[-76.703669100000013,-10.589777899999945],[-76.726234599999941,-10.485230099999967],[-76.79908039999998,-10.432750399999975],[-76.8063019,-10.392854099999965],[-76.83137720000002,-10.391099399999973],[-76.840652,-10.3680913],[-76.861649199999988,-10.374149099999954],[-76.903599399999962,-10.277210500000024],[-76.9166667,-10.1125],[-76.935075499999982,-10.096186699999976],[-76.9625,-10.1041667],[-76.981125,-10.029561699999988],[-77.007672099999922,-10.011600399999963],[-77.070044899999914,-9.862266700000021],[-77.114242199999978,-9.833686699999987],[-77.207433699999967,-9.832672099999968],[-77.240660099999957,-9.8002447],[-77.229470100000015,-9.708984599999951],[-77.2491523999999,-9.703589599999987],[-77.307694,-9.578193199999987],[-77.325353299999961,-9.473283900000013],[-77.3017236,-9.44066620000001],[-77.329166699999917,-9.383333299999947],[-77.3249449,-9.3114961],[-77.5115323,-9.249603899999954],[-77.528311199999962,-9.1594763],[-77.491890399999932,-9.106813],[-77.533089599999926,-9.082808799999952],[-77.574363599999913,-9.08655],[-77.590693699999974,-9.044400699999983],[-77.579734,-9.006122800000014],[-77.618894299999965,-8.970688],[-77.5745268,-8.900349],[-77.604087699999923,-8.871721899999955],[-77.581008899999972,-8.771923299999969],[-77.7231074,-8.649807899999928],[-77.692234,-8.560289499999953],[-77.7119212,-8.543991300000016],[-77.703890399999977,-8.510970400000019],[-77.76693130000001,-8.440529500000025],[-77.754373399999963,-8.415943599999878],[-77.783333299999981,-8.379166699999928],[-77.742106199999967,-8.3615135],[-77.762858699999924,-8.3029297],[-77.725854499999912,-8.259807099999989],[-77.773604799999987,-8.160462099999961],[-77.7625,-8.129166699999985],[-77.739521299999979,-8.121012300000018],[-77.746408,-8.0796805],[-77.810710399999948,-8.0665396],[-77.848781299999928,-8.079368099999954],[-77.869510199999979,-8.054936199999986],[-77.953029500000014,-8.05443120000001],[-77.988633899999968,-7.983534099999929],[-78.0498634,-8.007888499999922],[-78.074666799999932,-7.991498900000011],[-78.0875,-8.008333299999947],[-78.10922069999998,-7.9840418],[-78.25,-7.9700148],[-78.262328599999933,-7.754258099999959],[-78.289418799999964,-7.707080500000018],[-78.344971699999917,-7.683002399999964],[-78.382455699999866,-7.6310418],[-78.3535238,-7.5621782],[-78.357766,-7.526956199999915],[-78.322435499999926,-7.5036533],[-78.349432699999909,-7.473043799999971],[-78.3431981,-7.399963699999944],[-78.382776799999988,-7.3709761],[-78.355054099999961,-7.345125],[-78.358976200000029,-7.327031799999986],[-78.454166699999973,-7.2708333],[-78.459220699999889,-7.246541700000023],[-78.5399971,-7.21624079999998],[-78.624501299999963,-7.1391476],[-78.603458299999886,-7.050887400000022],[-78.50452,-6.968408899999929],[-78.603345900000022,-6.8948656],[-78.627231,-6.79366639999995],[-78.687146699999971,-6.752424499999961],[-78.654423100000031,-6.723922],[-78.658797899999968,-6.665057799999943],[-78.7480281,-6.616773199999955],[-78.824127,-6.52539059999998],[-78.915815899999984,-6.5199824],[-78.951742199999899,-6.450353300000017],[-79.063128399999925,-6.453689399999917],[-79.092807899999968,-6.4010204],[-79.183333300000015,-6.404166700000019],[-79.199974599999962,-6.3301434],[-79.2238883,-6.314947199999949],[-79.223589199999935,-6.213587299999915],[-79.253015,-6.219404499999939],[-79.275564700000018,-6.154166699999962],[-79.3142464,-6.138934499999948],[-79.3899245,-6.174646699999926],[-79.428303299999982,-6.148581299999933],[-79.414375899999925,-6.100208899999984],[-79.433900600000015,-6.08429289999998],[-79.41337,-6.0262935],[-79.470833299999867,-5.98333329999997],[-79.465753300000017,-5.958941],[-79.433764900000028,-5.941356199999973],[-79.446400599999947,-5.901956199999972],[-79.469618399999888,-5.896400599999936],[-79.512853300000017,-5.814242199999967],[-79.564924499999961,-5.79548],[-79.6035339,-5.740687700000024],[-79.6125,-5.7083333],[-79.580072399999892,-5.703528800000015],[-79.5743673,-5.675978900000018],[-79.5439002,-5.6617958],[-79.540595899999971,-5.595502599999975],[-79.51759949999996,-5.565292],[-79.493606899999975,-5.569593899999973],[-79.491613299999983,-5.522094],[-79.455995299999984,-5.506748499999958],[-79.476242099999922,-5.460973299999978],[-79.5208333,-5.425],[-79.512225899999976,-5.394039299999974],[-79.543967599999974,-5.376452799999981],[-79.5416515,-5.322441200000014],[-79.5708333,-5.279166699999962],[-79.537157599999944,-5.113834199999985],[-79.495833299999958,-5.1041667],[-79.465592099999981,-4.988521900000023],[-79.404341199999919,-4.945578],[-79.413067299999909,-4.874062799999933],[-79.399081699999954,-4.836214],[-79.441313299999933,-4.772575500000016],[-79.333289899999954,-4.605616299999951],[-79.325,-4.508333299999947],[-79.283333299999924,-4.475],[-79.208631299999979,-4.508306799999957],[-79.110785599999929,-4.404384499999935],[-79.104166699999951,-4.183333299999902],[-79.158592199999987,-4.1533885],[-79.162276499999905,-4.1125],[-79.225,-4.079166699999917],[-79.266666699999917,-3.9875],[-79.2606634,-3.8789183],[-79.31153230000001,-3.832937300000026],[-79.3479979,-3.738641],[-79.255844200000013,-3.671494600000017],[-79.195414399999947,-3.720772300000021],[-79.1617685,-3.715188399999931],[-79.1535278,-3.663287700000012],[-79.058805899999982,-3.609231],[-79.0461085,-3.551276599999937],[-79.0663829,-3.506721899999945],[-79.043021,-3.473086599999988],[-79.062897099999986,-3.433649],[-79.00659109999998,-3.36702],[-78.941666699999985,-3.35],[-78.952445599999919,-3.301049899999896],[-78.925015799999926,-3.270370199999945],[-78.929143299999851,-3.24709509999991],[-79.020833299999936,-3.191666699999928],[-79.0478412,-3.145683],[-79.178437700000018,-3.095554599999957],[-79.2291667,-3.0541667],[-79.327067599999907,-3.057722599999977],[-79.357112799999925,-3.038495599999919],[-79.358333300000027,-3.004166699999928],[-79.280439800000011,-2.8936741],[-79.287446400000022,-2.8521773],[-79.230003799999906,-2.810431],[-79.245735299999922,-2.7601611],[-79.145802699999933,-2.732989399999951],[-79.141743299999973,-2.696131699999967],[-79.112951099999975,-2.6843783999999],[-79.136649199999965,-2.661649099999977],[-79.128435299999978,-2.646995199999878],[-79.049912899999981,-2.606182400000023],[-79.027210500000024,-2.636932699999988],[-79.010339699999975,-2.6327157],[-78.986575799999969,-2.600134699999956],[-78.9296443,-2.609072399999889],[-78.852580599999953,-2.675543300000015],[-78.8472051,-2.633852899999965],[-78.806243600000016,-2.649443399999939],[-78.776323499999933,-2.636334],[-78.746135099999947,-2.445805199999938],[-78.795833300000027,-2.416666699999951],[-78.7910994,-2.368622800000026],[-78.752088099999924,-2.325465099999974],[-78.72158,-2.316099399999985],[-78.6665936,-2.346032799999989],[-78.621562700000027,-2.302841899999862],[-78.642024,-2.247518599999978],[-78.665372600000012,-2.2443735],[-78.68211070000001,-2.208858500000019],[-78.6255673,-2.1147105],[-78.631807499999979,-2.098485200000027],[-78.828946799999983,-2.01982849999996],[-78.842234,-1.99241330000001],[-78.814639199999931,-1.948379],[-78.853813299999899,-1.927424499999972],[-78.834014399999887,-1.755678799999885],[-78.8666667,-1.712499999999864],[-78.860743299999967,-1.675329599999941],[-78.837382100000013,-1.660267499999975],[-78.83693269999992,-1.5990119],[-78.8548045,-1.5384057],[-78.875,-1.533333299999924],[-78.866559299999949,-1.489295899999945],[-78.8375,-1.466666699999962],[-78.908350499999926,-1.4310974],[-78.937474299999906,-1.35447819999996],[-78.8875,-1.279166700000019],[-78.882482599999946,-1.209184099999959],[-78.8571703,-1.1746341],[-78.7895426,-1.141717599999936],[-78.8448631,-1.086066300000027],[-78.83234449999992,-1.023732299999949],[-78.791103,-0.9924039],[-78.812449799999968,-0.95103679999994],[-78.796070499999928,-0.9330296],[-78.8119327,-0.90221049999991],[-78.808112400000027,-0.816712399999915],[-78.7125,-0.6625],[-78.594674099999963,-0.652160199999969],[-78.563871399999982,-0.607618],[-78.5145996,-0.593502299999955],[-78.4311697,-0.685636100000011],[-78.329938099999936,-0.657561899999962],[-78.316666699999928,-0.575],[-78.279845099999989,-0.56525019999998],[-78.23333329999997,-0.458333299999879],[-78.254166699999985,-0.408333299999981],[-78.192145400000015,-0.3243496],[-78.187146699999971,-0.201742200000012],[-78.140226199999972,-0.1673194],[-78.083753399999921,-0.189369199999987],[-77.990457099999901,-0.109122099999979],[-78.004648699999962,-0.0676659],[-77.9890168,0.024861100000066],[-78.006221200000027,0.044315100000119],[-77.974646699999937,0.135757800000079],[-77.9247115,0.197906600000124],[-77.875911700000017,0.204780600000106],[-77.850117800000021,0.239639300000022],[-77.829581599999926,0.272450200000037],[-77.849642300000028,0.302454300000079],[-77.797530499999937,0.3712291],[-77.808333300000015,0.42916670000011],[-77.729166699999951,0.533333299999981],[-77.675355699999955,0.568378699999926],[-77.6639836,0.594669700000111],[-77.694798900000023,0.627992399999982],[-77.6500752,0.683626500000116],[-77.6702055,0.728258600000117],[-77.56592,0.728599400000064],[-77.476961599999981,0.790713900000071],[-77.404459699999904,0.796542500000044],[-77.3837388,0.816810299999986],[-77.3981885,0.872548100000131],[-77.37532669999996,0.8794211],[-77.354702,0.936088400000017],[-77.3274644,0.94064120000013],[-77.321968599999934,0.9790264],[-77.2469585,0.9934851000001],[-77.213177,1.034330900000043],[-77.182482399999969,1.178315700000041],[-77.123539799999946,1.214533800000027],[-77.0875,1.17916670000011],[-77.033582,1.1990308],[-77.0149245,1.224646700000108],[-76.9791667,1.2291667],[-76.9741191,1.286765899999978],[-76.9423696,1.278834200000119],[-76.906603500000017,1.319451500000071],[-76.928813299999945,1.376742200000137],[-76.9166667,1.429166700000053],[-76.929166699999939,1.500000000000114],[-76.858902300000011,1.520157300000108],[-76.834526400000016,1.609229900000116],[-76.853808599999979,1.635043199999984],[-76.84548,1.6690911],[-76.765962399999978,1.761580600000059],[-76.733333300000027,1.775],[-76.7436497,1.811984199999984],[-76.7083333,1.958333300000049],[-76.624298799999963,1.97371220000008],[-76.579628500000013,1.897925500000042],[-76.588262699999916,1.867292300000088],[-76.529194299999972,1.823252900000114],[-76.50782549999991,1.833429599999988],[-76.43027989999996,1.786681700000031],[-76.418040099999928,1.715140900000108],[-76.3708133,1.743059100000096],[-76.376619600000026,1.660420200000033],[-76.325553599999864,1.663119500000107],[-76.306879499999923,1.689309],[-76.2426372,1.683088100000134],[-76.21152,1.641894800000046],[-76.199195,1.575414699999953],[-76.166447300000016,1.589824699999951],[-76.1196319,1.552370400000029],[-76.074486399999898,1.585038400000087],[-76.0333372,1.583606500000087],[-75.983333299999913,1.625],[-75.982421400000021,1.657566800000041],[-75.952448499999946,1.663998100000128],[-75.907453499999917,1.715714100000071],[-75.844275700000026,1.722708100000034],[-75.827210499999921,1.7494327],[-75.737772299999961,1.782271900000012],[-75.731889,1.821217300000058],[-75.688471100000015,1.880975400000011],[-75.658118699999989,1.892503100000056],[-75.641828700000019,1.956472400000109],[-75.588467599999944,2.012882699999921],[-75.5352504,2.1176029],[-75.443945399999961,2.145501200000126],[-75.426308,2.19497350000006],[-75.439688600000011,2.222571599999981],[-75.409873100000027,2.246243],[-75.393419199999869,2.306055500000127],[-75.346546499999988,2.325295500000095],[-75.3284567,2.367037900000071],[-75.307081299999936,2.364997],[-75.2276101,2.512258200000019],[-75.179354399999966,2.5102331],[-75.134466099999941,2.59787],[-75.15716649999996,2.648228600000095],[-75.13322809999994,2.692516300000023],[-75.158435899999915,2.704524100000015],[-75.148897199999908,2.719739],[-75.077982799999916,2.736870599999975],[-74.935577599999931,2.908743099999924],[-74.9107742,2.883151100000077],[-74.877850200000012,2.914571500000079],[-74.835601199999985,2.908973300000014],[-74.800604599999986,2.938285700000051],[-74.7695956,2.872087500000021],[-74.6729024,2.887499899999966],[-74.665044199999954,2.805134099999975],[-74.642834599999958,2.755451900000139],[-74.616811099999893,2.7530461],[-74.637252599999954,2.70115560000005],[-74.585755,2.664941900000031],[-74.68201339999996,2.557391000000109],[-74.647930799999983,2.492906100000027],[-74.6631997,2.486876000000109],[-74.6721081,2.425021600000093],[-74.690515899999923,2.423154000000125],[-74.736716899999976,2.335894400000029],[-74.748712399999874,2.279905300000053],[-74.719618399999945,2.266099399999973],[-74.687499999999886,2.287500000000136],[-74.649617599999942,2.240132700000117],[-74.657234,2.213376900000071],[-74.5899086,2.197192200000131],[-74.600002,2.156265300000086],[-74.580088899999964,2.124143],[-74.5539147,2.132866],[-74.538249199999939,2.110028600000021],[-74.481424800000013,2.150799800000129],[-74.4791399,2.101900399999977],[-74.38432669999986,2.081572700000095],[-74.358706899999959,2.022289100000023],[-74.290067299999976,2.0254104],[-74.289179499999989,2.057833600000038],[-74.281337699999938,2.063122599999986],[-74.2675628,2.025871300000119],[-74.202287799999965,1.984794],[-74.1541274,1.978301500000043],[-74.150392,1.998833600000125],[-73.986579399999925,1.9477116],[-73.9243662,1.971880500000054],[-73.899824,1.925],[-73.868309099999976,1.952961900000048],[-73.843644099999949,1.94328639999992],[-73.82977649999998,1.963989799999979],[-73.767517600000019,1.9716843],[-73.756523500000014,2.000561300000072],[-73.734839099999988,2.000084],[-73.6600017,2.070238700000061],[-73.599298499999975,2.06057080000005],[-73.579823599999941,2.075086500000054],[-73.547841,2.037908900000104],[-73.52587189999997,2.042513400000075],[-73.499604899999895,2.019293799999957],[-73.502984599999934,2.039831099999958],[-73.461942399999941,2.047269],[-73.443009899999936,2.07108420000003],[-73.384679,2.070886800000039],[-73.3123905,2.057412199999987],[-73.299734100000023,2.022534600000085],[-73.223699099999919,2.055493800000079],[-73.20484220000003,2.042207100000098],[-73.203486599999962,1.995977],[-73.154971,1.98019940000006],[-73.151451699999939,2.0413858],[-73.123293,2.042481500000065],[-73.109294799999986,2.02217150000007],[-73.034104599999978,2.056328600000029],[-73.0457,2.069949599999973],[-73.011381799999981,2.092683599999987],[-73.020128099999965,2.119722900000056],[-72.987905800000021,2.149011],[-72.945491699999934,2.259133600000041],[-72.90655019999997,2.254029300000127],[-72.87161679999997,2.292853500000092],[-72.820429699999977,2.267073200000027],[-72.800564099999974,2.281844500000091],[-72.7951498,2.259836],[-72.732031199999938,2.215579800000057],[-72.728349899999898,2.165979400000026],[-72.698597599999857,2.1629155],[-72.688938300000018,2.1323547],[-72.640558299999952,2.109984899999915],[-72.607697899999948,2.1287112],[-72.548176299999966,2.072658300000057],[-72.475057799999945,2.074038800000096],[-72.433603299999959,2.002378900000053],[-72.373277499999972,1.995301900000129],[-72.353039599999988,1.893634700000121],[-72.288794899999971,1.833143],[-72.24854629999993,1.835120400000051],[-72.184269099999938,1.72673860000009],[-72.157099899999935,1.731668100000093],[-72.058573700000011,1.674928900000054],[-71.9951287,1.693481],[-71.968905099999915,1.649020500000063],[-71.910767299999918,1.61666670000011],[-71.862659099999917,1.638258800000131],[-71.84744749999993,1.708175700000027],[-71.815278699999965,1.7485026],[-71.7345095,1.714029400000129],[-71.631466899999964,1.779346799999928],[-71.599115200000028,1.764236300000107],[-71.59815,1.7402993],[-71.566191099999912,1.748690100000033],[-71.451548799999955,1.7060904],[-71.439371599999959,1.684288100000117],[-71.4573656,1.625395900000058],[-71.421419199999946,1.60855400000014],[-71.398617800000011,1.624421200000086],[-71.336059399999954,1.517633500000045],[-71.241914100000031,1.50407250000012],[-71.223519999999894,1.521974800000066],[-71.242920700000013,1.537458300000026],[-71.197316199999989,1.552731200000039],[-71.177424500000029,1.587146700000062],[-71.094022399999915,1.624483600000076],[-71.021960700000022,1.622294000000124],[-70.9927065,1.649122099999943],[-70.996576799999957,1.670720600000038],[-70.875380300000018,1.66419280000008],[-70.86420279999993,1.692688700000076],[-70.811284199999989,1.7036258],[-70.8214466,1.722553],[-70.793643,1.739887900000042],[-70.7329934,1.7247175],[-70.705139499999916,1.7410119],[-70.660146,1.722469099999955],[-70.607301299999961,1.739442199999928],[-70.585528599999975,1.708052399999929],[-70.554627499999924,1.722906700000124],[-70.55883979999993,1.737659200000053],[-70.519612099999961,1.72007],[-70.4953673,1.761582900000121],[-70.459229899999912,1.763729800000078],[-70.435214799999926,1.816344599999979],[-70.377759500000025,1.816671],[-70.3769355,1.8956152],[-70.324749199999872,1.908969900000102],[-70.30077579999994,1.896560500000078],[-70.286392699999965,1.9329947],[-70.24738149999996,1.937038100000052],[-70.2496835,1.9541633],[-70.2181314,1.9744773],[-70.0848115,1.919481400000109],[-70.046400599999913,1.960289500000101],[-70.055086800000026,2.011819200000048],[-69.97146609999993,2.025979099999972],[-69.977322500000014,2.050255700000093],[-69.946943,2.0575323],[-69.933077299999923,2.100600100000065],[-69.861918,2.12735280000004],[-69.872725800000012,2.145861600000103],[-69.77344359999995,2.2106564],[-69.767236200000013,2.251662600000031],[-69.686822199999938,2.30590930000011],[-69.673084,2.364242500000103],[-69.603315,2.362037500000099],[-69.581528199999923,2.385163800000043],[-69.588590699999941,2.414260600000034],[-69.536014299999977,2.433171200000118],[-69.544363299999929,2.442283200000134],[-69.5126047,2.447441700000127],[-69.485489599999937,2.425571600000126],[-69.441150099999959,2.463075300000071],[-69.410616,2.425747399999921],[-69.381805200000031,2.455492400000082],[-69.355882299999962,2.4413133],[-69.289308899999867,2.4505008000001],[-69.271481199999982,2.426827899999978],[-69.259527299999888,2.4538253],[-69.225719899999945,2.450776499999961],[-69.213301299999898,2.479389900000115],[-69.170270599999981,2.452253100000121],[-69.0984616,2.4898313],[-68.998377300000016,2.410329100000013],[-68.9290125,2.510575900000106],[-68.872485900000015,2.550680699999987],[-68.8594723,2.587408],[-68.839476699999977,2.5846211],[-68.834454099999959,2.644265900000107],[-68.798872,2.670697300000029],[-68.7759881,2.645266000000106],[-68.726956200000018,2.6464006],[-68.687802799999929,2.6806479],[-68.6960287,2.733950100000072],[-68.653229399999873,2.720266],[-68.628409299999987,2.745198399999936],[-68.567859799999951,2.758740900000134],[-68.551505899999938,2.816340200000127],[-68.504843199999982,2.827746600000125],[-68.481325,2.8722123],[-68.443716100000017,2.85395],[-68.400967700000024,2.883729400000107],[-68.3933846,2.918663800000104],[-68.330558399999973,2.935454900000138],[-68.3125847,2.977469],[-68.289828100000022,2.9210905],[-68.262352,2.951862],[-68.205109399999969,2.962936100000036],[-68.129594299999894,2.917921499999977],[-68.106168700000012,2.9287099],[-68.069092099999978,2.913258900000017],[-68.035893499999986,2.9466946],[-68.004166699999985,2.933333300000072],[-67.972194399999921,2.968285499999979],[-67.984958399999982,2.983670800000027],[-67.956952,3.03431970000014],[-67.924833,3.006948400000056],[-67.8238025,3.047197],[-67.8160016,3.013356900000076],[-67.715681,3.029137900000023],[-67.7009766,3.001568600000098],[-67.5466609,2.975964200000078],[-67.51856250000003,3.001176199999975],[-67.488824599999873,2.950356899999974],[-67.482686199999932,2.892731],[-67.498868,2.856557],[-67.4840858,2.816577700000039],[-67.412312199999974,2.787932800000135],[-67.414500199999907,2.771078],[-67.370576299999982,2.79104070000011],[-67.320127299999967,2.756250500000135],[-67.279891,2.757060099999933],[-67.262174699999946,2.78221520000011],[-67.2639087,2.747828],[-67.240925,2.739424],[-67.172309599999949,2.745813900000087],[-67.143295,2.769792],[-67.11641069999996,2.758406700000023],[-67.065612399999907,2.8051016],[-67.03799719999995,2.808236099999988],[-67.042741,2.877610899999979],[-67.009591899999975,2.904844699999956],[-66.971653199999935,2.900947100000053],[-66.972410099999934,2.8826803],[-66.9101334,2.8900205],[-66.90754789999994,2.867772099999968],[-66.879690899999957,2.856367699999964],[-66.846395799999982,2.911302499999977],[-66.860921799999971,2.915776600000129],[-66.857237199999929,2.940219800000023],[-66.820143499999972,2.925532200000134],[-66.746229699999958,2.967297],[-66.700702799999988,2.953299],[-66.692871500000024,2.973437300000057],[-66.613858399999913,2.958344300000078],[-66.5867237,2.971813199999985],[-66.566666699999928,2.954166700000087],[-66.503495699999917,2.976636699999915],[-66.428355300000021,2.962551299999973],[-66.434918400000015,2.9154593],[-66.400843800000018,2.89861419999994],[-66.385385900000017,2.849117700000022],[-66.308708699999954,2.845332],[-66.305383199999881,2.799202],[-66.2808154,2.781232700000032],[-66.2868987,2.811057300000016],[-66.248255499999971,2.8587093000001],[-66.154779099999985,2.840267100000062],[-66.129213,2.864001200000075],[-66.1331427,2.902295400000071],[-66.0749025,2.8885282],[-65.99708320000002,2.920848600000056],[-65.9860243,2.9481308],[-66.004409499999952,2.985416200000031],[-65.954166699999973,3.041666700000121],[-65.927424500000029,3.00452],[-65.825774599999988,2.961760799999922],[-65.791666699999894,2.904166700000019],[-65.7383185,2.907356100000129],[-65.703315699999962,2.863350800000092],[-65.66887719999994,2.895266],[-65.598765599999922,2.883344500000078],[-65.579193699999962,2.936995200000013],[-65.5659422,2.9090956],[-65.533333299999924,2.925],[-65.522361400000023,2.893447],[-65.458316500000024,2.85246490000003],[-65.419982399999867,2.75085080000008],[-65.374999,2.762468800000022],[-65.376902200000018,2.642360199999985],[-65.4190911,2.624646700000085],[-65.433012500000018,2.594615700000077],[-65.368867499999908,2.499093500000072],[-65.3688661,2.266623],[-65.4181314,2.240832800000135],[-65.44637089999992,2.146243600000105],[-65.392769599999951,2.10879460000001],[-65.375824099999988,2.068313],[-65.41008290000002,2.048957],[-65.413279799999941,1.986086600000078],[-65.450975399999891,1.982362699999953],[-65.453635,1.933887],[-65.429807400000016,1.875288800000021],[-65.478591899999969,1.859563700000137],[-65.493990799999892,1.783712300000047],[-65.554533699999979,1.753974200000073],[-65.588436399999978,1.757794600000011],[-65.588857,1.740695600000095],[-65.563029499999857,1.714752100000055],[-65.569420799999932,1.689574100000129],[-65.5395378,1.632777200000078],[-65.5220458,1.639983700000016],[-65.502187499999877,1.610528900000077],[-65.483430099999964,1.623409500000037],[-65.477228799999978,1.597363],[-65.423602499999902,1.57666990000007],[-65.355356,1.590926299999978],[-65.393798599999855,1.53679870000002],[-65.346699,1.540275800000131],[-65.310751299999879,1.518888400000094],[-65.245306,1.572490100000095],[-65.23094530000003,1.617556499999978],[-65.1907569,1.61502489999998],[-65.161716099999921,1.646577300000104],[-65.162008599999979,1.693867899999987],[-65.126165300000025,1.74257990000001],[-65.101229100000012,1.721830200000056],[-65.0465964,1.741603500000053],[-65.04898860000003,1.769599600000106],[-64.985694,1.777162300000043],[-64.972009899999989,1.820681900000011],[-64.9065991,1.844921100000079],[-64.940486399999941,1.893529600000079],[-64.901913199999967,1.913927899999976],[-64.879735699999969,1.90227550000003],[-64.862183099999925,1.941215700000043],[-64.78797869999994,1.929755],[-64.770771599999989,1.995619799999986],[-64.73252089999994,2.0236456],[-64.636444799999936,2.008686900000043],[-64.626535099999955,1.947964700000114],[-64.571888899999976,1.918187199999977],[-64.533321499999943,1.9284417],[-64.517706099999941,1.913765700000056],[-64.506672499999979,1.952360700000042],[-64.453788499999973,1.957948099999953],[-64.443140899999946,1.996628699999974],[-64.393946499999856,2.0066165],[-64.378586899999959,1.98801370000001],[-64.336450300000024,2.026202899999987],[-64.271107,2.008767700000021],[-64.258486,2.024206400000025],[-64.21800449999995,2.019232100000011],[-64.209496,2.04424680000011],[-64.1806863999999,2.036424700000055],[-64.145255499999962,2.056071400000064],[-64.133014600000024,2.009463400000016],[-64.11701690000001,2.024789699999985],[-64.077782899999988,2.006272200000126],[-64.09429080000001,1.935921400000041],[-64.07368479999991,1.924909599999978],[-64.03063759999992,1.936850699999979],[-63.9715488,1.991772100000105],[-63.9031991,1.992973],[-63.836223799999971,1.967000400000074],[-63.817498300000011,1.990719800000079],[-63.78987,1.980815500000062],[-63.762989499999946,2.005205499999931],[-63.74168880000002,2.000471],[-63.70001979999995,2.049203100000057],[-63.668395299999986,2.0246292],[-63.661948600000017,2.067601900000057],[-63.632429800000011,2.072434],[-63.611687500000016,2.112390600000026],[-63.5481279,2.134304],[-63.493852499999946,2.114355],[-63.473597799999879,2.141467200000136],[-63.434774,2.124357900000064],[-63.393587299999979,2.150203499999975],[-63.3983199,2.196136599999988],[-63.371592099999987,2.212098],[-63.385950699999967,2.232733700000097],[-63.426069,2.222785900000133],[-63.430807299999913,2.242529199999979],[-63.445675899999856,2.2322307],[-63.499889199999984,2.265601499999946],[-63.536518299999955,2.24763930000006],[-63.5768385,2.263478599999985],[-63.620507199999963,2.2447727],[-63.650963099999956,2.264558099999988],[-63.691680399999882,2.253392800000029],[-63.69918389999998,2.2931767],[-63.752910199999974,2.326571899999976],[-63.7686208,2.389568100000133],[-63.857430500000021,2.401522399999976],[-63.9271422,2.464840899999956],[-64.008761099999958,2.480969400000049],[-64.0231263,2.464752799999985],[-64.052367,2.497456499999942],[-64.044919899999854,2.577484299999924],[-64.027385299999935,2.577234],[-63.986508099999924,2.6478735],[-63.987096099999917,2.687279000000103],[-64.007469599999979,2.708876100000055],[-63.9821594,2.726273499999934],[-64.0035403,2.738205200000095],[-64.015135699999917,2.811415000000125],[-64.080046,2.874962900000071],[-64.0718893,2.924477200000069],[-64.119336499999974,2.986358000000109],[-64.161196799999971,2.985188600000015],[-64.143265199999917,3.0328328],[-64.219004799999936,3.090717],[-64.230368199999987,3.13793940000005],[-64.200322899999946,3.1652262],[-64.2269129,3.270473800000048],[-64.1968925,3.31829769999996],[-64.125990799999897,3.338967100000048],[-64.157783399999914,3.382785900000101],[-64.147663099999932,3.403885800000126],[-64.168420500000025,3.46650580000005],[-64.152152799999953,3.48379460000001],[-64.18882450000001,3.52681240000004],[-64.170203599999923,3.549385200000074],[-64.195390099999941,3.599187600000107],[-64.220847299999946,3.600438600000075],[-64.224147799999855,3.629559900000118],[-64.248008599999935,3.620188],[-64.244472899999948,3.660666699999979],[-64.294005799999923,3.654044],[-64.317825,3.712903199999971],[-64.334183899999914,3.707468400000096],[-64.411805399999935,3.777361100000121],[-64.472817099999986,3.774643],[-64.486004499999922,3.819961900000067],[-64.5657905,3.8996348],[-64.5511669,3.925265900000113],[-64.646957900000018,3.995365600000014],[-64.671199,3.990887600000065],[-64.680430499999943,4.0127486],[-64.700742100000014,4.007073699999921],[-64.715265199999862,4.032868],[-64.733510899999942,4.02284620000006],[-64.772478799999988,4.053212400000064],[-64.7774207,4.141611200000114],[-64.804745299999979,4.171114899999964],[-64.792643399999974,4.182760600000051],[-64.825663,4.206774699999983],[-64.8159308,4.272895000000119],[-64.786494399999981,4.249886500000116],[-64.778214100000014,4.281911800000103],[-64.734575599999971,4.277912000000129],[-64.708228099999985,4.225509200000033],[-64.676672199999928,4.251659400000108],[-64.632416399999954,4.216683600000067],[-64.549783099999956,4.206425800000034],[-64.44349219999998,4.116547800000035],[-64.4207601,4.143941499999983],[-64.3387237,4.146538300000088],[-64.3146061,4.125786],[-64.295490699999959,4.161739800000021],[-64.2621004,4.149303400000065],[-64.275377199999923,4.136134799999923],[-64.24843,4.119004300000086],[-64.176507599999979,4.094310300000075],[-64.136115099999927,4.10721060000003],[-64.046853499999941,3.9683847],[-64.019226800000013,3.971616800000049],[-63.965960900000027,3.8714094],[-63.929446599999949,3.924585599999943],[-63.8533825,3.94981290000004],[-63.76136079999992,3.942638799999941],[-63.732778199999927,3.912889800000016],[-63.6808585,3.908453400000099],[-63.669108099999903,3.916690900000106],[-63.700424899999973,3.948230200000012],[-63.678699,4.0199803000001],[-63.596400599999868,3.9397105],[-63.586802700000021,3.904955500000085],[-63.554938100000015,3.890895300000068],[-63.551191099999869,3.865475400000037],[-63.511820399999976,3.847390600000097],[-63.480877299999918,3.885471],[-63.458333299999879,3.8625],[-63.437425299999916,3.866688],[-63.412456299999974,3.912443400000029],[-63.452349299999923,3.955071799999985],[-63.429735299999948,3.975722599999983],[-63.3928381,3.9796882],[-63.347372599999971,3.955560800000114],[-63.309816099999978,3.98163940000012],[-63.277951699999903,3.95359940000003],[-63.253437,3.965851100000123],[-63.207743899999912,3.9422439],[-63.234392299999911,3.878960600000028],[-63.228867599999944,3.8319813],[-63.205744599999946,3.80722],[-63.1238085,3.804416899999978],[-63.094724400000018,3.784789500000102],[-63.062181800000019,3.735142699999983],[-63.075206900000012,3.687015299999928],[-63.0288463,3.664884],[-62.993286699999942,3.612407500000074],[-62.953337099999942,3.611554299999966],[-62.921404299999949,3.674030700000117],[-62.840057,3.735274300000015],[-62.80030469999997,3.726640100000054],[-62.752353,3.6698599],[-62.737347099999965,3.688024900000016],[-62.732703,3.7366606],[-62.749227699999949,3.76386320000006],[-62.730464899999959,3.803475400000025],[-62.772322299999985,3.83463990000007],[-62.756256999999891,3.857419600000128],[-62.788894700000014,3.893092699999954],[-62.784003699999971,3.93366],[-62.744096,3.973543100000086],[-62.768757299999891,4.006689699999981],[-62.7514289,4.032817399999942],[-62.608732199999963,4.044629699999973],[-62.5625,4.016666699999973],[-62.561791700000015,4.040779300000054],[-62.532148399999983,4.0479707],[-62.540305600000011,4.079149499999914],[-62.5570935,4.080303099999981],[-62.55236919999993,4.108935799999927],[-62.526159399999983,4.112392699999987],[-62.531098399999905,4.135997499999974],[-62.460973399999943,4.141991700000119],[-62.463908199999935,4.178143400000124],[-62.389751099999955,4.178338400000086],[-62.3296939,4.134889300000111],[-62.293102,4.141841399999976],[-62.1984013,4.114192700000046],[-62.144855099999972,4.074860699999988],[-62.111861399999952,4.089743199999987],[-62.116631599999948,4.117705600000079],[-62.070168799999976,4.124680400000045],[-62.075192799999911,4.153918299999987],[-62.025106199999982,4.150789],[-61.982640599999911,4.180688500000031],[-61.9717033,4.145783100000131],[-61.932034499999986,4.117776900000138],[-61.9221708,4.156604700000059],[-61.874982699999975,4.153038500000036],[-61.866027899999949,4.176673700000038],[-61.8163533,4.163784],[-61.821391399999868,4.199713],[-61.801716100000021,4.227882900000111],[-61.76973229999993,4.2273404],[-61.774183,4.249188200000106],[-61.728045,4.267486300000087],[-61.7241029,4.244022900000118],[-61.654695800000013,4.262544200000093],[-61.641527600000018,4.238186199999973],[-61.608329,4.2604028],[-61.593295399999931,4.246301599999981],[-61.552355699999907,4.255740600000081],[-61.506051099999979,4.319528099999957],[-61.525842800000021,4.340110400000128],[-61.513333,4.406099],[-61.4502695,4.4390381],[-61.44011519999998,4.423944],[-61.3456086,4.417145100000084],[-61.277074299999981,4.468422200000134],[-61.324355199999957,4.50498250000004],[-61.31909109999998,4.537146699999937],[-61.2234042,4.521116399999983],[-61.21833909999998,4.533231],[-61.1545428,4.494465],[-61.083565299999918,4.510512199999937],[-61.058333299999958,4.5416667],[-61.015757399999984,4.514048199999934],[-60.9579273,4.5450583],[-60.956004499999892,4.581608300000084],[-60.934069499999964,4.585676400000068],[-60.94790839999996,4.654162],[-60.917401799999936,4.66746930000005],[-60.903690400000016,4.714521200000092],[-60.851962800000024,4.703046799999981],[-60.807089500000018,4.747645600000055],[-60.750925699999982,4.753728400000114],[-60.583771699999943,4.957974499999978],[-60.616976,5.008715],[-60.6123776,5.036891900000114],[-60.6451348,5.0523356],[-60.642422099999976,5.11056520000011],[-60.6576245,5.112063600000113],[-60.674663800000019,5.187548],[-60.7353488,5.189469900000063],[-60.731143,5.21622270000006],[-60.649333800000022,5.23069890000005],[-60.574005499999942,5.196115500000133],[-60.546259599999928,5.2289032],[-60.522758,5.228959900000063],[-60.466106699999898,5.193182500000091],[-60.454065,5.203639400000043],[-60.442290699999944,5.177351600000122],[-60.383074299999919,5.218460499999935],[-60.364067200000022,5.201397499999985],[-60.315586600000017,5.2029478],[-60.2320537,5.2656948],[-60.201761099999942,5.266627600000049],[-60.190983699999947,5.232918],[-60.168857699999933,5.22418180000011],[-60.128403499999934,5.249615500000061],[-60.090512799999942,5.238017400000047],[-60.075499299999933,5.278971900000045],[-60.039697699999863,5.280237200000101],[-59.992793899999981,5.2336226],[-59.951559799999927,5.257933100000116],[-59.889936,5.232564200000013],[-59.884700800000019,5.168692],[-59.9014376,5.164070300000105],[-59.903395199999977,5.135918300000128],[-59.837651100000016,5.099141700000132],[-59.908022899999878,4.981296699999973],[-59.91197360000001,4.916673400000036],[-59.856917099999976,4.931224400000019],[-59.854515199999923,4.884512200000017],[-59.811442399999976,4.866861600000107],[-59.7775196,4.875418200000013],[-59.7553421,4.834650099999976],[-59.694350699999916,4.849533],[-59.7180854,4.759128700000019],[-59.650326300000017,4.7484647],[-59.588373400000023,4.780641900000091],[-59.571298899999931,4.7581945],[-59.58929019999988,4.710327800000016],[-59.544894299999953,4.7165339],[-59.523948099999984,4.6931818],[-59.480415,4.690901799999949],[-59.4754648,4.665357700000129],[-59.498747499999922,4.630386200000089],[-59.4749155,4.58744310000003],[-59.524164700000028,4.528448200000014],[-59.4876241,4.528441900000018],[-59.4579731,4.503497800000105],[-59.53464589999993,4.460920200000089],[-59.5248694,4.435578600000099],[-59.489474799999925,4.454540599999973],[-59.437714799999981,4.439224299999978],[-59.47695520000002,4.315221099999974],[-59.46925920000001,4.293657200000098],[-59.442361099999914,4.288395499999922],[-59.490562300000022,4.26151],[-59.5082931,4.226225399999919],[-59.4291667,4.225],[-59.42659139999995,4.248257200000126],[-59.385240799999963,4.2737265],[-59.337499999999864,4.2583333],[-59.352663499999949,4.194749600000137],[-59.41675859999998,4.137830400000098],[-59.4170992,4.090324399999986],[-59.370682799999884,4.103193299999987],[-59.331562599999927,4.146025100000088],[-59.280414699999938,4.132768300000123],[-59.301864599999931,4.026214200000027],[-59.362499999999898,3.990698700000053],[-59.362007099999971,3.967638900000111],[-59.4116204,3.990235400000131],[-59.435506,3.9827282],[-59.427291,3.953907100000094],[-59.4697759,3.928797400000121],[-59.476975700000025,3.870459200000084],[-59.500508599999989,3.856195700000114],[-59.5003456,3.803741300000013],[-59.482940799999938,3.783147699999972],[-59.495577200000014,3.757335000000126],[-59.42048,3.70587960000006],[-59.438067299999943,3.6436228],[-59.49596739999987,3.595371500000056],[-59.482690600000012,3.558967100000075],[-59.499357299999929,3.535365],[-59.482074699999941,3.513690800000063],[-59.44979369999993,3.519878700000106],[-59.490524699999924,3.452208900000016],[-59.45999519999998,3.363660800000048],[-59.5069507,3.322973499999989],[-59.543195700000012,3.323483700000054],[-59.573582599999895,3.28713440000007],[-59.5789777,3.263236399999982],[-59.545580399999949,3.24060280000009],[-59.552285799999936,3.18813590000002],[-59.515986100000021,3.165853],[-59.571452500000021,3.124125600000013],[-59.636236599999961,3.005970700000034],[-59.61693809999997,2.99311780000005],[-59.6130966,2.911222500000122],[-59.555813100000023,2.8472863],[-59.578157699999963,2.812319699999989],[-59.57336209999994,2.7349322],[-59.6285026,2.625497900000141],[-59.6904085,2.584031800000105],[-59.66798289999997,2.559763],[-59.666528299999982,2.479313400000024],[-59.584952599999895,2.440324300000043],[-59.590433799999971,2.4018635],[-59.56253449999997,2.343383100000096],[-59.570977799999923,2.305696500000067],[-59.549432700000011,2.288437200000089],[-59.560989099999915,2.250681500000042],[-59.507139600000016,2.2302277],[-59.4458325,2.175576900000067],[-59.329968099999974,2.210172699999987],[-59.310543400000029,2.146815899999979],[-59.382685499999923,2.081733400000076],[-59.415741700000012,2.090326000000118],[-59.453927899999883,2.046096500000033],[-59.496744799999988,2.04509790000003],[-59.532059600000025,1.9791962],[-59.5661725,1.98615280000007],[-59.596808799999963,1.961422],[-59.58968040000002,1.920977700000094],[-59.6116836,1.883763300000112],[-59.662084399999969,1.869328100000132],[-59.6507921,1.813031799999976],[-59.6783853,1.80378480000013],[-59.683333299999958,1.769987300000025],[-59.6333333,1.745833300000129],[-59.617038899999955,1.715950700000121],[-59.565793699999972,1.735334],[-59.5312801,1.716016900000113],[-59.512862900000016,1.671963900000037],[-59.4913674,1.673823200000015],[-59.485327,1.630228300000056],[-59.438405699999976,1.616029],[-59.432482,1.565124699999956],[-59.396822699999973,1.554427400000066],[-59.379387499999893,1.507236200000023],[-59.328045199999963,1.513135299999988],[-59.326576100000011,1.461601700000017],[-59.286282399999948,1.454126400000064],[-59.276770399999918,1.408400100000108],[-59.251622199999986,1.386673899999948],[-59.0709953,1.3289226],[-58.994437399999924,1.327242700000113],[-58.979911599999866,1.301270400000021],[-58.918368899999905,1.315527],[-58.924475099999938,1.289033500000016],[-58.887977400000011,1.260237700000118],[-58.912371,1.235645799999986],[-58.882439099999885,1.229209800000035],[-58.8568967,1.1828554],[-58.8305188,1.187602700000014],[-58.8232471,1.169674400000076],[-58.731690699999945,1.208357],[-58.708068200000014,1.294571699999949],[-58.663062500000024,1.27919710000009],[-58.635103099999981,1.290663900000141],[-58.5885596,1.261007600000028],[-58.567626300000029,1.29640060000014],[-58.542662599999971,1.2952206],[-58.5375,1.2708333],[-58.5017097,1.275358100000062],[-58.4715673,1.311031800000137],[-58.457053299999927,1.373240599999974],[-58.5068321,1.402623100000142],[-58.511392199999989,1.461367],[-58.446523899999931,1.454286200000126],[-58.3724734,1.4761102],[-58.395833299999936,1.525],[-58.361967199999981,1.5371144],[-58.328244499999869,1.600786300000095],[-58.295708099999956,1.560550200000023],[-58.260194500000011,1.569440500000042],[-58.2328824,1.545653400000049],[-58.192528099999947,1.572551700000076],[-58.159304799999973,1.559687100000019],[-58.149247899999978,1.507889300000045],[-58.129623599999945,1.497694200000126],[-58.069848,1.50669019999998],[-58.063724900000011,1.52512320000011],[-58.0093635,1.504911600000071],[-57.977635299999918,1.570312300000012],[-57.99589919999994,1.657047900000066],[-57.914494099999956,1.646399200000076],[-57.893938699999978,1.674654500000088],[-57.802160299999912,1.681340300000102],[-57.7950578,1.723428200000114],[-57.7767586,1.727475],[-57.715488699999923,1.709416200000021],[-57.701762599999938,1.720517799999982],[-57.6531336,1.679485200000101],[-57.5962374,1.7028707],[-57.556538,1.6898453],[-57.541773,1.721264],[-57.515638599999932,1.727923800000099],[-57.499934199999927,1.792018400000018],[-57.445968799999946,1.809609400000113],[-57.435467599999981,1.906845299999986],[-57.367783299999985,1.924311700000089],[-57.3570133,1.974233],[-57.31678,1.979389900000058],[-57.307013200000029,1.99938549999996],[-57.269051099999956,1.98356380000007],[-57.233853,1.937569100000132],[-57.1991858,1.992379200000073],[-57.153654500000016,1.992736400000126],[-57.11732509999996,2.032736500000055],[-57.087271,2.029529799999921],[-57.06777390000002,1.961109100000044],[-57.036723100000017,1.954595900000072],[-57.005610899999965,1.908001200000058],[-56.975325899999916,1.901562700000056],[-56.920075600000018,1.9342853],[-56.9055045,1.8983311],[-56.829952,1.888420100000133],[-56.790620199999921,1.850800699999979],[-56.7203058,1.923711299999979],[-56.6658981,1.911849800000141],[-56.61942369999997,1.945231100000058],[-56.582168499999966,1.904668500000014],[-56.451963899999953,1.954821800000104],[-56.402210499999967,1.921400600000084],[-56.360416699999973,1.94581880000004],[-56.337196,1.93832180000004],[-56.2481535,1.876128900000083],[-56.2345909,1.897602600000141],[-56.1710883,1.900822400000095],[-56.126530899999977,1.8581906],[-56.085452299999986,1.8705392],[-56.08087919999997,1.850756],[-56.0123683,1.84151810000003],[-55.998446800000011,1.860311800000034],[-55.952112799999952,1.856874900000037],[-55.899591699999917,1.899074300000052],[-55.939258900000027,1.989368700000057],[-55.933702900000014,2.002927699999987],[-55.907385399999953,1.993335599999966],[-55.9091494,2.044072400000061],[-55.977358,2.1121991],[-55.994024599999932,2.094750400000123],[-56.007024599999909,2.106403600000078],[-55.991054399999939,2.131739600000117],[-56.040361,2.172227300000031],[-56.040552599999955,2.230141100000139],[-56.139482,2.263355300000114],[-56.092424499999936,2.32170810000008],[-56.090295,2.364595599999973],[-56.0308521,2.331408499999952],[-56.0192849,2.344410900000014],[-56.034762099999966,2.369397900000138],[-55.987103899999966,2.41245310000005],[-56.014120199999979,2.445051300000046],[-55.983491099999981,2.476235],[-55.99524619999994,2.497962100000052],[-55.979344099999935,2.5268673],[-56.03177519999997,2.529342199999974],[-56.02917960000002,2.5521399000001],[-55.905078,2.5421124],[-55.806982599999913,2.50251320000001],[-55.818923700000028,2.480972300000133],[-55.801531399999988,2.457783600000141],[-55.76407690000002,2.455784],[-55.749557,2.407803899999976],[-55.702233,2.396405800000139],[-55.693946900000014,2.416873100000032],[-55.478751400000021,2.431470700000091],[-55.429655899999943,2.484634900000117],[-55.372996099999966,2.463270600000101],[-55.319565,2.52904180000013],[-55.279719,2.518331100000012],[-55.2557746,2.484006599999987],[-55.234960300000012,2.5157595],[-55.211584,2.509931300000062],[-55.186609099999941,2.568632300000104],[-55.1271021,2.568796500000019],[-55.122480100000018,2.513432900000055],[-55.094801,2.533287800000096],[-55.073751,2.525481700000114],[-55.014092,2.5883976],[-54.975959900000021,2.592322500000023],[-54.939633500000014,2.626982100000021],[-54.925850799999978,2.584184100000073],[-54.970572300000015,2.55871790000009],[-54.921041899999977,2.518415700000048],[-54.9115152,2.484707200000059],[-54.863058799999862,2.468753400000026],[-54.876535099999955,2.4343055],[-54.816667,2.42186090000007],[-54.827139099999954,2.437912900000015],[-54.784118399999954,2.436625600000127],[-54.769513800000027,2.47571750000003],[-54.6960054,2.462295],[-54.688592899999946,2.409962300000018],[-54.715817599999923,2.405424],[-54.704166699999973,2.3625],[-54.664302500000019,2.357207200000119],[-54.641172399999903,2.322555700000066],[-54.536124099999881,2.325390100000106],[-54.547459099999912,2.29960669999997],[-54.514032699999973,2.2800097],[-54.5375,2.2625],[-54.49926389999996,2.251853700000026],[-54.449230100000023,2.203828499999929],[-54.395851100000016,2.2062636],[-54.34732589999993,2.263387400000113],[-54.3469435,2.247074199999986],[-54.337611599999946,2.262163900000132],[-54.32878,2.247521700000107],[-54.321483699999931,2.307134700000063],[-54.277461500000015,2.3063502],[-54.26390449999991,2.323200500000098],[-54.247082299999988,2.304962900000135],[-54.167741899999953,2.325087300000064],[-54.133571599999925,2.2522932],[-54.147590900000012,2.24021],[-54.107231499999955,2.223024600000031],[-54.05350969999995,2.242966799999977],[-53.945058500000016,2.227080300000011],[-53.927293599999985,2.288611400000093],[-53.891579200000024,2.275340800000038],[-53.882656,2.308658700000024],[-53.849449400000026,2.313353399999983],[-53.767356,2.375530600000047],[-53.738157899999919,2.373758099999975],[-53.751066,2.358369499999981],[-53.7211208,2.350154],[-53.74157809999997,2.30938],[-53.690622099999928,2.310269300000073],[-53.698725899999943,2.295684],[-53.664448199999924,2.302241800000047],[-53.659163299999989,2.27959519999996],[-53.604771199999959,2.2811539],[-53.553869899999938,2.256962699999974],[-53.4548992,2.2576712],[-53.4331135,2.298239099999989],[-53.410046200000011,2.287855],[-53.336992699999939,2.355347800000061],[-53.303926699999977,2.301950300000101],[-53.230529099999956,2.268842300000074],[-53.2355253,2.245787699999937],[-53.268351600000017,2.2378],[-53.282235199999946,2.185136],[-53.2497371,2.1574923],[-53.206311199999959,2.152289600000131],[-53.188893899999925,2.097958399999982],[-53.146269399999937,2.085223],[-53.155439800000011,2.014138699999933],[-53.110537,1.987482300000067],[-53.040779900000018,2.001265],[-53.069872700000019,1.924046800000042],[-53.05789939999994,1.860848299999986],[-53.026015299999983,1.851202300000011],[-53.0109905,1.806212],[-53.042329,1.75513490000003],[-52.987498399999936,1.684525600000029],[-53.000125099999934,1.675293700000054],[-52.986784799999896,1.596864200000141],[-52.953902200000016,1.5841469],[-52.971699599999965,1.550865900000076],[-52.917848699999979,1.538512700000069],[-52.907569199999955,1.558355199999937],[-52.8676046,1.532118000000139],[-52.8769077,1.492926000000125],[-52.899193299999979,1.479524500000082],[-52.887076699999966,1.442216700000017],[-52.906206399999917,1.43227400000012],[-52.911825499999964,1.389111],[-52.929712699999982,1.3873387000001],[-52.921694699999875,1.276470400000107],[-52.941924899999947,1.24995750000005],[-52.959698,1.254763],[-52.960013499999945,1.197721200000046],[-52.981551099999933,1.181294900000012],[-52.963339299999973,1.1803825],[-52.982288499999925,1.167294200000129],[-52.9698644,1.132025399999975],[-52.9369833,1.110419600000057],[-52.977112700000021,1.054100600000083],[-52.973740500000019,0.989611],[-52.992905499999949,0.962917300000129],[-52.9616749,0.949906100000021],[-52.902916699999935,0.973933699999975],[-52.838057600000013,0.967920600000014],[-52.785772599999916,0.925862199999983],[-52.753494900000021,0.923066400000096],[-52.7718092,0.899616700000024],[-52.7757605,0.831802800000048],[-52.6690377,0.751618400000041],[-52.659528699999953,0.773645900000076],[-52.622259699999972,0.7791949],[-52.634427,0.7564741],[-52.609742499999982,0.7342322],[-52.631101899999976,0.712860100000057],[-52.608482499999923,0.679664300000013],[-52.559356399999956,0.676725200000021],[-52.536530499999969,0.699392900000078],[-52.513916699999925,0.688027500000089],[-52.548629899999924,0.582688599999983],[-52.45112180000001,0.540160299999968],[-52.46929369999998,0.513341700000012],[-52.456281,0.457039400000042],[-52.426424600000018,0.4548372000001],[-52.389211899999964,0.395322400000055],[-52.336005199999988,0.42542519999995],[-52.303027899999961,0.395731899999987],[-52.295546699999932,0.407053200000064],[-52.24989949999997,0.384831],[-52.231196300000022,0.520673400000021],[-52.211058,0.535674700000129],[-52.190629300000012,0.5203641],[-52.1943033,0.537844300000017],[-52.177117899999928,0.529227500000104],[-52.151167900000019,0.557289600000104],[-52.0323917,0.499259599999959],[-52.020416799999964,0.511082100000124],[-51.9840539,0.4937764],[-51.905693299999939,0.523614700000053],[-51.901063299999919,0.484416400000043],[-51.858634199999926,0.516800400000022],[-51.845890299999951,0.506794200000058],[-51.816438399999981,0.543388800000116],[-51.77713110000002,0.545098099999962],[-51.752722800000015,0.5151856],[-51.726161199999979,0.595474600000102],[-51.6758474,0.5407141],[-51.671831399999974,0.580055100000095],[-51.592075799999975,0.6094473],[-51.578965,0.654835800000058],[-51.4946402,0.667535200000088],[-51.454134,0.699699],[-51.436891199999877,0.6731676],[-51.404562099999964,0.666584],[-51.402144699999951,0.70384410000014],[-51.2991278,0.765382800000111],[-51.202315199999987,0.731990699999983],[-51.119045799999924,0.78692500000011],[-51.000117399999965,0.759171200000083],[-50.9584228,0.830523200000016],[-50.961755499999981,0.86719080000006],[-50.9176673,0.845867300000066],[-50.896110399999941,0.866521700000135],[-50.894773,0.80887],[-50.830328499999951,0.8162923000001],[-50.803612499999986,0.804404400000067],[-50.796496100000013,0.767067900000086],[-50.770237499999951,0.760562400000083],[-50.683290399999976,0.7702354],[-50.684789599999931,0.823080700000105],[-50.666633199999865,0.833320800000024],[-50.637966099999971,0.842097600000045],[-50.635320599999943,0.827845800000034],[-50.611673499999938,0.837075299999981],[-50.585442499999942,0.82113360000011],[-50.546600500000011,0.841578799999922],[-50.537338499999976,0.805011400000012],[-50.524776699999961,0.808999200000073],[-50.528672499999971,0.762157800000068],[-50.5117186,0.757829900000104],[-50.509109500000022,0.783530300000109],[-50.468966799999976,0.800329900000065],[-50.473308499999916,0.73218559999998],[-50.455547599999989,0.731742200000042],[-50.432400299999927,0.678070799999944],[-50.371257500000013,0.7193044],[-50.378475899999955,0.739481099999978],[-50.346764800000017,0.739616900000044],[-50.327969600000017,0.7015601],[-50.3349007,0.636049899999989],[-50.2864136,0.589313800000014],[-50.3039458,0.542830499999923],[-50.2939311,0.375872500000128],[-50.253120700000011,0.359105399999976],[-50.304845699999987,0.318261500000062],[-50.3279895,0.340077000000122],[-50.371669,0.329056200000082],[-50.40337390000002,0.2906539],[-50.385983799999963,0.2590252],[-50.410970399999883,0.236795600000107],[-50.436005099999932,0.256260800000064],[-50.48489479999995,0.228838700000097],[-50.528460100000018,0.24300460000012],[-50.529399500000011,0.214894600000093],[-50.47554550000001,0.186148900000035],[-50.48779380000002,0.147382500000049],[-50.448286400000029,0.122573800000112],[-50.473755299999937,0.098912600000119],[-50.523433099999977,0.099180600000068],[-50.539412,0.124066200000129],[-50.5194401,0.156582700000115],[-50.549459099999922,0.173346900000013],[-50.557703799999956,0.151534500000025],[-50.597234799999967,0.17207680000007],[-50.601736299999914,0.15461230000011],[-50.651505299999883,0.170260800000108],[-50.654313499999887,0.08736110000001],[-50.718786,0.082569299999989],[-50.766629799999976,0.047463400000026],[-50.724991400000022,0.029807600000083],[-50.699919,-0.008499200000017],[-50.723455100000024,-0.019250499999941],[-50.710008099999925,-0.063073799999927],[-50.7476236,-0.0865867],[-50.735840600000017,-0.110976900000026],[-50.7649644,-0.109256499999901],[-50.787199099999953,-0.125931799999989],[-50.787777,-0.165941199999963],[-50.82289320000001,-0.161656100000016],[-50.845891599999902,-0.186704599999928],[-50.898991,-0.1611332],[-50.9328577,-0.209893],[-50.917556099999956,-0.256478099999981],[-50.962877600000013,-0.287763599999948],[-50.963154,-0.360695599999985],[-50.990616199999977,-0.3496222],[-51.02587049999994,-0.374111],[-51.1082917,-0.374836500000015],[-51.1047385,-0.41314749999998],[-51.080498499999976,-0.427374499999928],[-51.119244799999933,-0.457749399999955],[-51.122360299999968,-0.519224899999983],[-51.140294399999959,-0.537515599999892],[-51.076359799999977,-0.555038599999989],[-51.0694744,-0.5380687],[-51.020239899999922,-0.543618499999923],[-51.0534288,-0.554628099999945],[-51.103029600000013,-0.626589799999977],[-51.0562741,-0.674303899999927],[-51.107033099999967,-0.728159599999969],[-51.116452499999923,-0.788515299999972],[-51.089187700000025,-0.831751699999927],[-51.135136099999954,-0.8946972],[-51.106698899999913,-0.912750199999948],[-51.147360599999956,-0.9316402],[-51.148017899999957,-0.991797899999938],[-51.170056400000021,-1.03554029999998],[-51.137707099999943,-1.022699499999931],[-51.131502599999976,-1.036364699999979],[-51.121785599999953,-1.015461499999958],[-51.104951499999913,-1.045175699999959],[-51.137045799999953,-1.069505499999877],[-51.165923299999974,-1.05165],[-51.179815499999961,-1.066691699999922],[-51.156235199999969,-1.08279570000002],[-51.170573900000022,-1.118326099999877],[-51.134216399999957,-1.136308400000019],[-51.129233399999976,-1.1612356],[-51.062935599999946,-1.15199130000002],[-51.093753699999979,-1.17961559999992],[-51.096620799999982,-1.215136099999938],[-51.0670993,-1.243461200000013],[-51.105031199999871,-1.2642472],[-51.0901065,-1.3000257],[-51.133156199999917,-1.30046729999998],[-51.133635399999946,-1.331184099999973],[-51.164583299999947,-1.324315899999931],[-51.2219374,-1.3486509],[-51.2362493,-1.392072599999949],[-51.294084199999929,-1.3565064],[-51.3113548,-1.387535],[-51.361403199999984,-1.396388399999921],[-51.350659499999949,-1.475329499999987],[-51.402614200000016,-1.4892946],[-51.433539699999926,-1.5371771],[-51.424044099999946,-1.561268],[-51.450878699999976,-1.639828],[-51.51067089999998,-1.6436546],[-51.5333819,-1.686887499999955],[-51.555952,-1.693704],[-51.721838199999979,-1.704373],[-51.752672299999972,-1.743432599999949],[-51.781843400000014,-1.728252699999928],[-51.866817399999945,-1.759799699999974],[-51.888584,-1.723531099999889],[-51.976978200000019,-1.833066499999916],[-51.959427299999959,-1.859856799999989],[-51.9364195,-1.853541099999973],[-51.950318999999865,-1.88634339999993],[-51.929583099999945,-1.8915278],[-51.934208099999978,-1.908514599999933],[-51.910401599999943,-1.9012126],[-51.899238899999943,-1.928305099999989],[-51.872262199999966,-1.913213399999961],[-51.860084,-1.927176799999984],[-51.863175099999978,-1.969858699999918],[-51.903938900000014,-2.001141500000017],[-51.882118,-2.0260657],[-51.925357199999951,-2.0641743],[-51.8945936,-2.1309675],[-51.9121543,-2.136644499999932],[-51.893178799999987,-2.206798299999889],[-51.925071899999978,-2.187350699999968],[-51.939697799999976,-2.229049899999893],[-51.9285284,-2.316845599999908],[-51.905756199999985,-2.3403553],[-51.878470199999981,-2.338205800000026],[-51.877937499999973,-2.361562],[-51.857317599999988,-2.358267],[-51.896381199999951,-2.464773699999967],[-51.876952500000016,-2.4693158],[-51.865112,-2.507636599999898],[-51.8784018,-2.520351199999936],[-51.835767799999985,-2.600801600000011],[-51.854808400000024,-2.6113206],[-51.833361199999956,-2.6105945],[-51.826210699999933,-2.717234299999973],[-51.808049,-2.720088899999894],[-51.804894299999944,-2.74494569999996],[-51.758619399999986,-2.7533446],[-51.755018199999938,-2.839541299999951],[-51.701847900000018,-2.865319599999907],[-51.663126,-2.959924],[-51.630210299999987,-2.963690599999893],[-51.630607399999974,-3.002891499999919],[-51.543241199999954,-3.085393099999976],[-51.542371300000013,-3.139298699999983],[-51.4699066,-3.211608599999977],[-51.468045299999972,-3.246550499999955],[-51.4387486,-3.273792799999967],[-51.467363399999954,-3.295845499999871],[-51.4713322,-3.330051499999911],[-51.453620099999966,-3.338499500000012],[-51.461953600000015,-3.36440829999998],[-51.4388052,-3.3820498],[-51.423705899999959,-3.466947499999947],[-51.399516899999981,-3.462519599999894],[-51.4272196,-3.538765],[-51.4070807,-3.574608499999897],[-51.356751399999951,-3.565626699999882],[-51.36010049999993,-3.614155],[-51.3794595,-3.630846299999973],[-51.338844199999983,-3.692653300000018],[-51.360355299999981,-3.736452899999961],[-51.409292199999982,-3.735824899999898],[-51.42542,-3.757229399999972],[-51.316333499999928,-3.8212997],[-51.3572436,-3.863548299999877],[-51.3342214,-3.896777399999905],[-51.330894699999988,-3.962707299999977],[-51.310984899999937,-3.969546099999945],[-51.304926299999977,-4.010671599999966],[-51.270133499999929,-4.024578099999985],[-51.2542985,-4.074335099999985],[-51.224300399999947,-4.091692199999954],[-51.216798999999867,-4.141527599999961],[-51.169675299999938,-4.175975299999948],[-51.146693,-4.165062599999942],[-51.124620599999957,-4.213246599999934],[-51.1090474,-4.204451800000015],[-51.076734,-4.238499499999932],[-51.065274,-4.224352300000021],[-51.035691299999939,-4.234099399999934],[-51.019279599999948,-4.212284099999977],[-50.983138199999928,-4.2236638],[-50.996943699999917,-4.2645369],[-50.979844500000013,-4.314896699999906],[-50.9984773,-4.357201499999974],[-50.97384349999993,-4.3553154],[-50.973509299999989,-4.384775099999956],[-50.946099,-4.372805599999936],[-50.895346099999927,-4.397018],[-50.898706899999922,-4.435842200000025],[-50.879313700000012,-4.44610949999992],[-50.913449500000013,-4.49532169999992],[-50.889244899999881,-4.498149099999978],[-50.907352699999933,-4.520694399999968],[-50.895433,-4.5966608],[-50.9205675,-4.626046299999985],[-50.905470499999979,-4.679253099999983],[-50.929818199999886,-4.683487099999979],[-50.934860599999979,-4.7084643],[-50.9066297,-4.7310612],[-50.947336300000018,-4.75639689999997],[-50.927890099999956,-4.773142],[-50.91289949999998,-4.868754],[-50.891376899999955,-4.883666299999959],[-50.864736,-4.87128569999993],[-50.848018799999977,-4.968902899999989],[-50.889864399999965,-5.0417541],[-50.894252599999959,-5.114297799999974],[-50.9312572,-5.146250699999939],[-50.859029799999917,-5.177094],[-50.813822599999924,-5.151918599999874],[-50.759868499999982,-5.172916399999963],[-50.739209099999925,-5.153077399999916],[-50.738505499999974,-5.1767342],[-50.7202529,-5.174585799999988],[-50.7220044,-5.206314],[-50.771714899999893,-5.234239699999989],[-50.753091499999982,-5.3079649],[-50.79459559999998,-5.314708899999971],[-50.7869131,-5.397126],[-50.8874078,-5.4340247],[-50.881250699999953,-5.511260699999923],[-50.902463499999953,-5.505447899999922],[-50.9566519,-5.538998],[-50.952028899999959,-5.6142519],[-50.870643700000016,-5.639893599999937],[-50.847368499999959,-5.7070827],[-50.896421,-5.706235299999946],[-50.942394400000012,-5.803567599999951],[-50.956374900000014,-5.785188099999971],[-51.0242831,-5.787077599999975],[-51.0549714,-5.7648893],[-51.113451299999952,-5.815475399999968],[-51.120920799999965,-5.9082917],[-51.1654198,-5.9273495],[-51.1587409,-5.951080399999967],[-51.176556599999969,-5.9664588],[-51.222089099999948,-5.964823799999976],[-51.243465500000013,-5.998072499999921],[-51.358270100000027,-5.967146],[-51.402367,-6.0451258],[-51.347000099999946,-6.055612],[-51.278240299999936,-6.10421249999996],[-51.2467615999999,-6.173770099999956],[-51.203555899999969,-6.172708499999942],[-51.146884899999918,-6.2023456],[-51.153968799999973,-6.261598799999945],[-51.200547499999914,-6.288178799999969],[-51.151262799999984,-6.336737200000016],[-51.16146980000002,-6.3696971],[-51.13969830000002,-6.383138499999973],[-51.134167600000012,-6.422863600000028],[-51.184709699999985,-6.470436300000017],[-51.1415177,-6.5223669],[-51.146508,-6.593000099999927],[-51.12124979999993,-6.627083399999947],[-51.1331111,-6.637611600000014],[-51.0798605,-6.666719799999953],[-51.087997899999891,-6.707997700000021],[-51.0238797,-6.699493],[-50.958749399999931,-6.726166200000023],[-50.946090799999979,-6.749420499999928],[-50.922711899999967,-6.744378400000016],[-50.890452399999958,-6.831154299999866],[-50.9084762,-6.84980349999995],[-50.86739289999997,-6.937977699999919],[-50.797697299999925,-6.956785200000013],[-50.769595200000026,-7.006242799999939],[-50.749771199999941,-6.996308299999953],[-50.681418099999973,-7.017252599999892],[-50.649002900000028,-7.059108699999967],[-50.556393,-7.078058899999917],[-50.535957499999938,-7.094588399999964],[-50.508157499999982,-7.19310749999994],[-50.416966499999944,-7.239636499999961],[-50.404504299999985,-7.22078329999988],[-50.384792399999981,-7.230039200000022],[-50.374397,-7.290022599999986],[-50.404031599999882,-7.314242099999944],[-50.379660199999989,-7.3645297],[-50.39122,-7.422843699999987],[-50.35685959999995,-7.455037399999981],[-50.36473559999996,-7.475453199999947],[-50.347266699999977,-7.49715040000001],[-50.385929299999987,-7.539983899999982],[-50.342268699999977,-7.599588599999947],[-50.344419399999936,-7.654888099999937],[-50.3898084,-7.645860299999924],[-50.416095900000016,-7.696036900000024],[-50.509458100000018,-7.755260699999951],[-50.56544619999994,-7.863034299999981],[-50.610109099999988,-7.8918832],[-50.544585900000015,-7.905428299999983],[-50.538886099999957,-7.960525],[-50.51299640000002,-7.970016900000019],[-50.527360900000019,-8.0215278],[-50.501323699999944,-8.018651799999986],[-50.524802399999942,-8.0987667],[-50.559035899999969,-8.109297599999934],[-50.551818199999957,-8.144053499999984],[-50.5978126,-8.1970283],[-50.6254884,-8.19517],[-50.659922299999891,-8.24438379999998],[-50.7174058,-8.247519699999941],[-50.743799599999988,-8.276991899999985],[-50.73455389999998,-8.2952383],[-50.765270499999929,-8.3070303],[-50.758306,-8.3380879],[-50.780443699999921,-8.306906699999956],[-50.8170955,-8.296529],[-50.838131699999906,-8.30487],[-50.824763,-8.319278299999951],[-50.850338500000021,-8.350615800000014],[-50.860419799999988,-8.331260199999974],[-50.8854053,-8.348475],[-50.892376500000012,-8.39171],[-50.86565209999992,-8.41578329999993],[-50.916173099999924,-8.4499566],[-50.908167899999967,-8.472949],[-50.942023,-8.511480899999981],[-50.933805099999972,-8.574990699999887],[-51.048615400000017,-8.676702299999874],[-51.023747899999989,-8.7335139],[-51.035097800000017,-8.855684599999961],[-51.069245,-8.9061747],[-51.101727200000028,-8.898055100000022],[-51.110210799999948,-8.929265199999975],[-51.045558,-8.990128500000026],[-51.085152699999924,-9.0062441],[-51.101119299999937,-9.035057600000016],[-51.08044469999993,-9.114027],[-51.108091499999944,-9.142657899999961],[-51.045546099999967,-9.208960499999932],[-51.08700129999994,-9.2631965],[-51.060712799999976,-9.365084500000023],[-51.068065499999932,-9.460879299999931],[-51.120980299999928,-9.494305699999927],[-51.139933900000017,-9.559955300000013],[-51.1829287,-9.5218036],[-51.262593199999912,-9.576468499999919],[-51.265397300000018,-9.656807599999979],[-51.3263574,-9.820444499999894],[-51.31306,-9.835523],[-51.348996899999975,-9.85683640000002],[-51.352086499999984,-9.8953436],[-51.3813973,-9.90302],[-51.342862499999967,-9.922446],[-51.33651169999996,-9.955170399999986],[-51.365701099999967,-9.971385599999962],[-51.3672535,-10.002578199999959],[-51.394800299999986,-9.994754199999988],[-51.408078,-10.017356399999983],[-51.353190199999972,-10.062211899999909],[-51.3367697,-10.053228499999932],[-51.323078800000019,-10.092027200000018],[-51.4386498,-10.2758743],[-51.370617299999935,-10.318004],[-51.376253,-10.3747],[-51.300310499999966,-10.463281699999982],[-51.321539700000017,-10.473194799999987],[-51.366241399999922,-10.448106],[-51.382172899999944,-10.465344799999912],[-51.464987399999927,-10.4254166],[-51.496569799999975,-10.444524399999921],[-51.513423,-10.398207199999945],[-51.53694059999998,-10.3971965],[-51.574194699999907,-10.352243199999975],[-51.607906,-10.36338330000001],[-51.6556936,-10.348186699999985],[-51.6823523,-10.380698299999949],[-51.7607243,-10.357636],[-51.771064,-10.375067800000011],[-51.811756,-10.331857599999978],[-51.854638,-10.322047],[-51.8758636,-10.3826009],[-51.906524100000013,-10.396622499999921],[-51.879511499999978,-10.467369299999973],[-51.909883499999978,-10.529794900000013],[-51.930236499999921,-10.505234500000029],[-51.953541599999937,-10.541609900000026],[-51.973749199999929,-10.5346192],[-52.004333799999927,-10.567716299999972],[-52.005646,-10.546261899999934],[-52.032034699999883,-10.567339499999946],[-52.0434287,-10.551292599999954],[-52.053759099999979,-10.572323299999937],[-52.076057699999922,-10.5577219],[-52.079217299999982,-10.574874899999941],[-52.122370499999988,-10.589251600000011],[-52.078231500000015,-10.6216546],[-52.0964712,-10.663276199999984],[-52.133664599999861,-10.68553129999998],[-52.114434899999935,-10.719799899999884],[-52.1435009,-10.723831099999984],[-52.167371899999921,-10.8319244],[-52.130093299999942,-10.829675199999883],[-52.14407929999993,-10.8894391],[-52.111664599999983,-10.909354899999926],[-52.110415099999955,-10.94102620000001],[-52.084318100000019,-10.94702609999996],[-52.0527035,-11.010940499999947],[-52.061719799999935,-11.069267],[-52.013566599999933,-11.112419099999954],[-52.0660385,-11.145359299999882],[-52.068189099999927,-11.1599081],[-52.0348927,-11.170866899999965],[-52.075028399999951,-11.182212],[-52.081345499999941,-11.2341366],[-51.993207,-11.272651599999961],[-52.014594499999987,-11.320840899999951],[-51.997524399999975,-11.388364099999876],[-51.944685499999935,-11.401221599999928],[-51.9401939,-11.431463],[-51.898850699999969,-11.446613599999921],[-51.889853799999969,-11.491251099999943],[-51.8540653,-11.496784199999979],[-51.846119699999917,-11.521185100000025],[-51.777063399999918,-11.527138899999954],[-51.795357500000023,-11.571641899999918],[-51.773736199999973,-11.609285600000021],[-51.749206500000014,-11.582416399999943],[-51.673111099999971,-11.5795688],[-51.678779500000019,-11.64347349999997],[-51.6306447,-11.646214400000019],[-51.635118999999861,-11.696866099999909],[-51.599625399999979,-11.702462],[-51.615016399999945,-11.746811499999978],[-51.595637,-11.737952299999961],[-51.571649,-11.748931200000015],[-51.597038,-11.755789499999935],[-51.601269600000023,-11.7879474],[-51.627038499999969,-11.8058332],[-51.561817799999972,-11.840599199999986],[-51.574734099999944,-11.874415399999918],[-51.644575299999985,-11.881224299999928],[-51.716995,-11.8418509],[-51.745500399999969,-11.863451699999985],[-51.744382599999938,-12.042083],[-51.770641099999921,-12.0464948],[-51.773324600000024,-12.067960200000016],[-51.754168,-12.110796299999947],[-51.711033,-12.10919279999996],[-51.730706399999917,-12.15978819999998],[-51.708874,-12.193202],[-51.67395590000001,-12.208533699999919],[-51.651365099999964,-12.2475824],[-51.631482299999959,-12.241580699999986],[-51.632255900000018,-12.2873957],[-51.661004699999978,-12.308193399999936],[-51.6388336,-12.335880799999927],[-51.662918,-12.407904799999983],[-51.642076499999973,-12.499581299999932],[-51.714242599999977,-12.566319099999873],[-51.687357399999939,-12.592523],[-51.7489842,-12.629144],[-51.735464499999978,-12.655873199999974],[-51.783840599999962,-12.6547754],[-51.732504099999971,-12.6757622],[-51.771306499999923,-12.693968400000017],[-51.7861787,-12.743529299999977],[-51.74757790000001,-12.777127599999915],[-51.784861599999886,-12.782568099999935],[-51.780156399999953,-12.852898599999946],[-51.81984060000002,-12.852896699999974],[-51.796123,-12.988067099999967],[-51.779577599999925,-13.0034822],[-51.767025399999909,-12.990828299999919],[-51.7465416,-13.027802699999938],[-51.785043899999948,-13.062905],[-51.797552799999949,-13.169011099999977],[-51.833023299999979,-13.216593400000022],[-51.791307499999959,-13.327595799999983],[-51.828697499999919,-13.3601132],[-51.814872799999932,-13.404304099999933],[-51.851256699999965,-13.443643599999916],[-51.821191699999986,-13.45868],[-51.84303639999996,-13.4894716],[-51.8124815,-13.523006599999974],[-51.9056137,-13.677399799999989],[-51.9544869,-13.654124599999875],[-52.009969299999909,-13.675878299999965],[-52.01784,-13.700981399999989],[-52.058749299999931,-13.704854800000021],[-52.065703499999984,-13.7600885],[-52.092766200000028,-13.7598375],[-52.1365343,-13.799029899999937],[-52.132496300000014,-13.835688800000014],[-52.0974286,-13.839906799999937],[-52.114301599999919,-13.848646899999949],[-52.111810299999945,-13.881123399999979],[-52.093418899999961,-13.882924399999865],[-52.064766599999984,-13.936487899999975],[-52.097134399999959,-13.990998],[-52.1211133,-13.973328299999935],[-52.15559380000002,-14.028171299999883],[-52.211158,-14.01715],[-52.321175699999969,-14.0443752],[-52.365242,-14.084460700000022],[-52.389966499999957,-14.0527475],[-52.431509299999959,-14.109453299999984],[-52.466126799999927,-14.1142377],[-52.481635900000015,-14.138862499999959],[-52.598433600000021,-14.136001699999952],[-52.758577100000025,-14.216972399999975],[-52.814470899999947,-14.212404699999979],[-52.831784,-14.238255200000026],[-52.804371099999912,-14.277188699999954],[-52.819028499999945,-14.313078399999881],[-52.789247199999977,-14.340761899999904],[-52.7938686,-14.384807499999965],[-52.817014500000028,-14.393924099999936],[-52.85929040000002,-14.479402900000025],[-52.920106899999951,-14.486694199999874],[-52.922645699999975,-14.502638199999978],[-52.968720099999928,-14.516441599999951],[-52.999327199999982,-14.587278799999979],[-53.0504891,-14.630482700000016],[-53.095217199999979,-14.643546500000014],[-53.1368321,-14.6235792],[-53.159579199999939,-14.6468279],[-53.196535400000016,-14.644870699999956],[-53.304617699999937,-14.608389599999896],[-53.308872899999983,-14.662463800000012],[-53.354206899999951,-14.684417899999971],[-53.36777259999991,-14.730841100000021],[-53.446744299999978,-14.734452],[-53.465983,-14.754581499999858],[-53.485607800000025,-14.739389899999935],[-53.571194399999968,-14.792065599999944],[-53.642054399999893,-14.785486100000014],[-53.6458452,-14.7582193],[-53.686805699999979,-14.75846439999998],[-53.6641646,-14.813908099999935],[-53.721201699999938,-14.8107556],[-53.734778,-14.787464099999909],[-53.84791639999986,-14.785139],[-53.840797099999918,-14.8155835],[-53.872450499999957,-14.836299699999984],[-53.874000499999966,-14.8622613],[-53.891030099999909,-14.870432799999946],[-53.92130370000001,-14.8341585],[-53.939025500000014,-14.883188],[-53.9732525,-14.907041399999912],[-54.020488099999966,-14.843958900000018],[-54.0535476,-14.863527399999953],[-54.077817499999924,-14.848708199999919],[-54.108180599999969,-14.778036499999928],[-54.157010500000013,-14.774103699999955],[-54.213606499999969,-14.8052285],[-54.247087399999941,-14.789889500000015],[-54.2826675,-14.816725899999938],[-54.318509499999948,-14.780830700000024],[-54.37226349999986,-14.783749599999965],[-54.405322500000011,-14.807249499999955],[-54.411981299999866,-14.857510600000012],[-54.493236599999989,-14.854387499999916],[-54.52043759999998,-14.883326499999896],[-54.66021099999989,-14.920461099999955],[-54.670441899999958,-14.851192799999978],[-54.700945600000011,-14.8063363],[-54.660861899999986,-14.757650599999863],[-54.718445200000019,-14.763195299999893],[-54.723144199999979,-14.737094899999931],[-54.778809199999955,-14.733195099999932],[-54.745790199999988,-14.689221299999872],[-54.76307479999997,-14.671122599999933],[-54.834154099999978,-14.668390400000021],[-54.875949399999911,-14.622174399999949],[-55.208152199999859,-14.637645499999962],[-55.2859006,-14.613462399999946],[-55.22902229999994,-14.550454],[-55.212594200000012,-14.496018399999969],[-55.1638977,-14.480166499999939],[-55.127506399999902,-14.422987],[-55.0459735,-14.377267299999858],[-55.046728,-14.336909600000013],[-55.013794299999972,-14.323061299999949],[-55.040507399999967,-14.2748535],[-55.033698800000025,-14.2368983],[-55.069934599999954,-14.204945],[-55.144587799999954,-14.222914],[-55.178648899999985,-14.206056099999955],[-55.180314599999974,-14.224143599999934],[-55.206528100000014,-14.218472],[-55.247044699999947,-14.2575756],[-55.497761799999921,-14.305380399999933],[-55.58071480000001,-14.2665278],[-55.6138952,-14.2729511],[-55.681993499999976,-14.330110899999966],[-55.737962900000014,-14.3249917],[-55.773990200000014,-14.348118099999965],[-55.665047299999969,-14.4297793],[-55.798386899999969,-14.462884499999916],[-55.800995699999987,-14.425241],[-55.824616499999934,-14.409032899999943],[-55.900506,-14.4144715],[-55.936009500000011,-14.3835628],[-56.095050499999957,-14.464000299999952],[-56.215326,-14.562620200000026],[-56.2428435,-14.544975499999907],[-56.208502499999952,-14.510668499999952],[-56.221129299999916,-14.4679703],[-56.2046001,-14.4452935],[-56.24053669999995,-14.460083699999984],[-56.284898399999975,-14.3825539],[-56.326192799999944,-14.409304299999917],[-56.3719031,-14.371808099999953],[-56.410157199999958,-14.378862599999934],[-56.512013200000013,-14.246610399999895],[-56.55589,-14.250417200000015],[-56.558824599999923,-14.233992199999989],[-56.617354700000021,-14.217949799999928],[-56.629924,-14.243429499999877],[-56.7500513,-14.238670300000024],[-56.776472499999954,-14.263487399999974],[-56.791331199999945,-14.185774],[-56.818174099999965,-14.151090599999918],[-56.849686799999972,-14.144967899999926],[-56.8896345,-14.17575469999997],[-56.9116788,-14.150015100000019],[-56.959840699999972,-14.164460799999858],[-57.000417700000014,-14.2013291],[-57.089464,-14.192489799999976],[-57.092204700000025,-14.165745599999923],[-57.144218,-14.163213199999916],[-57.198690899999917,-14.195023900000024],[-57.234967499999925,-14.16605340000001],[-57.335117799999978,-14.190547799999933],[-57.3875799,-14.169082399999979],[-57.486405699999978,-14.207133099999965],[-57.5066278,-14.239246200000025],[-57.528822399999967,-14.224919199999988],[-57.555934900000011,-14.238589100000013],[-57.5925987,-14.1975486],[-57.60881310000002,-14.220814299999972],[-57.64788939999994,-14.226112199999932],[-57.6869701,-14.2743165],[-57.67797819999987,-14.289801499999953],[-57.71338350000002,-14.295232399999975],[-57.728045599999973,-14.3206252],[-57.782369099999926,-14.289512600000023],[-57.879222599999935,-14.3074289],[-57.94903,-14.40692839999997],[-57.994735399999911,-14.406246199999941],[-58.0099277,-14.422983799999884],[-58.050415,-14.411832300000015],[-58.084347899999898,-14.4381682],[-58.117788299999916,-14.38419789999989],[-58.154002499999933,-14.3817325],[-58.178645,-14.3985667],[-58.1753031,-14.420674299999916],[-58.2148143,-14.479858200000024],[-58.24505309999995,-14.472301399999878],[-58.297564199999954,-14.516707399999916],[-58.343701899999928,-14.476069899999914],[-58.425594199999978,-14.522484],[-58.452790899999968,-14.486863799999981],[-58.506813299999976,-14.482019],[-58.599065399999915,-14.579407800000013],[-58.674626699999919,-14.552775600000018],[-58.693039299999896,-14.602097699999945],[-58.776751900000022,-14.608740399999988],[-58.7610611,-14.623014500000011],[-58.759737700000017,-14.718174200000021],[-58.771271,-14.757564799999955],[-58.802000099999987,-14.7784474],[-58.781983700000012,-14.803027199999917],[-58.785847199999921,-14.8499597],[-58.8238108,-14.870314599999915],[-58.819461,-14.905916600000012],[-58.887724699999978,-15.04939209999992],[-58.8769797,-15.148372100000017],[-58.84014,-15.213206500000013],[-58.875507599999935,-15.2232608],[-58.867244399999947,-15.249116899999876],[-58.91828670000001,-15.283443599999941],[-58.960602199999926,-15.35702109999994],[-58.985188399999913,-15.348463400000014],[-59.015123099999983,-15.37126],[-59.031578599999989,-15.439688499999988],[-59.064220899999896,-15.460888499999953],[-59.097668299999953,-15.448152399999969],[-59.1141594,-15.614687199999935],[-59.169770799999924,-15.633952899999883],[-59.155628900000011,-15.7346149],[-59.228422199999955,-15.794760699999983],[-59.22999609999988,-15.824168199999917],[-59.287641799999903,-15.883529599999974],[-59.307383499999958,-15.9503949],[-59.392808100000025,-16.003465899999924],[-59.410140799999965,-16.068166599999984],[-59.49703889999995,-16.045777],[-59.530661099999918,-16.067533199999957],[-59.5193033,-16.110267],[-59.486982,-16.120948199999987],[-59.4793692,-16.145960699999989],[-59.463465399999961,-16.140971199999967],[-59.491830899999911,-16.190325199999961],[-59.542534799999942,-16.1874606],[-59.5868054,-16.216527900000017],[-59.6391183,-16.173233899999957],[-59.673952199999974,-16.180130099999985],[-59.683002,-16.191794599999923],[-59.655867099999966,-16.2351802],[-59.685146,-16.27184219999998],[-59.773026499999958,-16.2998794],[-59.801064399999973,-16.278700799999967],[-59.816559200000029,-16.314822299999889],[-59.851358499999947,-16.283447399999886],[-59.902944100000013,-16.292599399999972],[-59.91071089999997,-16.3295202],[-59.9696103,-16.3757486],[-59.9855586,-16.35304119999995],[-60.043069499999945,-16.368598299999917],[-60.099150800000018,-16.339633600000013],[-60.110637099999963,-16.357430699999952],[-60.1571854,-16.3511183],[-60.212664099999927,-16.397206200000028],[-60.279747599999951,-16.401103700000021],[-60.284433499999977,-16.418720199999939],[-60.418694199999948,-16.398523799999964],[-60.448369799999966,-16.400364399999944],[-60.4978122,-16.441705199999944],[-60.597783,-16.432336599999985],[-60.6208825,-16.445511],[-60.674352699999929,-16.553279299999986],[-60.711664,-16.5248684],[-60.761823199999981,-16.5750693],[-60.692953100000011,-16.631835],[-60.660007099999859,-16.635871299999963],[-60.608392399999957,-16.706741299999919],[-60.562693099999933,-16.68825720000001],[-60.454934699999853,-16.733031400000016],[-60.4224676,-16.799442999999883],[-60.396766599999864,-16.799655799999982],[-60.4030717,-16.8270738],[-60.3754571,-16.822659299999941],[-60.355525799999953,-16.8647102],[-60.33902,-16.8641212],[-60.327997099999948,-16.907535100000018],[-60.227405099999885,-16.920797499999935],[-60.168067599999972,-16.979954500000019],[-60.134496499999955,-16.987002800000027],[-60.11778419999996,-17.040981499999987],[-60.130518199999926,-17.0495277],[-60.043771,-17.095336],[-60.0342374,-17.1423],[-60.003662800000029,-17.156439599999942],[-60.009590300000013,-17.212278699999956],[-59.98412,-17.242948],[-60.00038619999998,-17.302712700000029],[-59.977996099999984,-17.342847],[-60.050335699999948,-17.376813499999969],[-60.065356599999973,-17.421547499999974],[-60.1043297,-17.41458],[-60.153132899999946,-17.435387299999888],[-60.149048900000025,-17.481007299999987],[-60.1724729,-17.5168592],[-60.154149199999949,-17.540000099999929],[-60.1702914,-17.550529499999925],[-60.155751,-17.600552499999935],[-60.2012777,-17.620003],[-60.1922348,-17.657477500000027],[-60.218168,-17.705238],[-60.188823299999967,-17.806616800000029],[-60.196037699999977,-17.823107199999924],[-60.226371399999891,-17.802134499999966],[-60.2168608,-17.835994799999924],[-60.282515799999942,-17.9094885],[-60.260749799999985,-17.9364572],[-60.29201809999995,-17.955483499999957],[-60.314736199999913,-18.03097989999992],[-60.306877199999974,-18.043976499999928],[-60.238294,-18.033860499999946],[-60.2550084,-18.07193030000002],[-60.242774499999939,-18.095677199999955],[-60.344876099999965,-18.119584399999894],[-60.390796599999987,-18.174647999999877],[-60.355709599999898,-18.2657911],[-60.4052249,-18.318592500000022],[-60.390549599999986,-18.3844214],[-60.411698300000012,-18.423585699999933],[-60.4685728,-18.440600500000016],[-60.458800100000019,-18.511251],[-60.508199199999922,-18.55465449999997],[-60.496134499999982,-18.598588099999915],[-60.527857199999914,-18.6145072],[-60.551630299999943,-18.717548399999941],[-60.6244446,-18.728745999999887],[-60.641473599999983,-18.768116299999917],[-60.662264100000016,-18.757999299999938],[-60.676918300000011,-18.823227499999916],[-60.72679039999997,-18.841748199999984],[-60.718089799999973,-18.881217900000024],[-60.773539899999946,-18.885409899999956],[-60.780372299999954,-18.960154699999975],[-60.83212420000001,-18.96089360000002],[-60.849775299999862,-18.98115619999993],[-60.88841960000002,-18.967148799999961],[-60.903394699999978,-18.997775],[-60.932092,-18.990915099999938],[-60.9347158,-18.948529899999983],[-60.982780400000024,-18.963603200000023],[-61.017245300000013,-19.001045399999953],[-61.0496407,-18.946906500000011],[-61.082396699999947,-18.9719263],[-61.098344299999894,-18.955301099999872],[-61.12963359999992,-18.966992],[-61.1410424,-18.946223],[-61.203140299999916,-18.964129199999945],[-61.220852599999944,-18.9427892],[-61.2441265,-18.9491873],[-61.270764099999951,-18.8961531],[-61.295400700000016,-18.896937200000025],[-61.3442356,-18.951889],[-61.3793736,-18.944285299999933],[-61.389438599999949,-18.9584696],[-61.429222799999934,-18.937837800000011],[-61.453205599999933,-18.975695899999891],[-61.525638199999946,-18.99330139999995],[-61.522230099999888,-19.033744399999932],[-61.546427499999936,-19.045972499999948],[-61.5689845,-19.02474],[-61.591511500000024,-19.042007099999978],[-61.625531200000012,-19.028425],[-61.6621399,-18.9557158],[-61.6955393,-19.016813099999865],[-61.749780599999895,-19.010867499999961],[-61.755215499999963,-19.039907],[-61.844142499999975,-18.9733132],[-61.912427599999944,-19.004677699999945],[-61.942119899999909,-18.9808167],[-61.986074299999984,-19.0119636],[-62.0378437,-19.0063412],[-62.0545846,-19.046237799999972],[-62.031253199999924,-19.0991573],[-62.06608319999998,-19.1371067],[-62.063900599999954,-19.171783800000014],[-62.156979599999886,-19.25830869999993],[-62.147788399999968,-19.3032106],[-62.185773,-19.342040299999951],[-62.197434699999974,-19.40684779999998],[-62.325628599999959,-19.502590600000019],[-62.31280959999998,-19.551424699999984],[-62.3342404,-19.60014259999997],[-62.418791399999975,-19.728134199999943],[-62.476526400000012,-19.76111619999989],[-62.4921056,-19.802072599999974],[-62.560044,-19.853503899999964],[-62.66369519999995,-19.890271899999959],[-63.0294217,-19.983611],[-63.035123899999974,-20.005297599999949],[-63.080925,-20.018022099999939],[-63.084364099999959,-20.0462705],[-63.157706399999938,-20.135437799999977],[-63.206166899999914,-20.142599399999938],[-63.2034276,-20.199778],[-63.257270299999959,-20.199643],[-63.2706672,-20.234727599999985],[-63.352839099999983,-20.2488085],[-63.41042189999996,-20.31623739999992],[-63.521243799999922,-20.322081699999956],[-63.524249499999939,-20.353941500000019],[-63.579318799999953,-20.415429199999949],[-63.609635700000013,-20.380548399999952],[-63.6455676,-20.380319199999974],[-63.6367267,-20.445297699999912],[-63.6718808,-20.462227900000016]]]]}},
{"type":"Feature","properties":{"nome_bacia":"Bacia do Rio da Prata"},"geometry":{"type":"MultiPolygon","coordinates":[[[[-56.067076499999985,-35.7035151],[-57.0392422,-36.30868670000001],[-57.063144599999987,-36.453262799999948],[-57.0875,-36.475],[-57.070190399999944,-36.48008219999997],[-57.070190399999944,-36.524678199999926],[-57.09647619999987,-36.59134489999991],[-57.082619599999987,-36.6492513],[-57.053902199999982,-36.646970499999952],[-57.101249899999971,-36.770656],[-57.145478299999979,-36.7683796],[-57.145833299999936,-36.8625],[-57.384183399999984,-36.89109940000003],[-57.3875,-36.995833300000015],[-57.411500399999966,-37.004784099999938],[-57.422233399999925,-36.983395700000017],[-57.441666699999985,-36.9875],[-57.442353299999979,-37.007582599999921],[-57.488142699999969,-37.0135505],[-57.484078300000021,-37.048969899999975],[-57.514571999999873,-37.078706899999986],[-57.586285099999941,-37.070266],[-57.629166699999985,-37.104166699999951],[-57.620833299999958,-37.19583329999989],[-57.675395900000012,-37.244865599999969],[-57.6924133,-37.254734],[-57.735425499999906,-37.233795199999918],[-57.75501759999986,-37.269982599999935],[-57.797789499999965,-37.2910994],[-57.904913299999919,-37.2910994],[-58.0051039,-37.316099399999928],[-58.032482399999935,-37.330017399999917],[-58.0375,-37.370833300000015],[-58.168761399999937,-37.3953735],[-58.202951699999915,-37.382766],[-58.256238599999961,-37.41620690000002],[-58.299291699999969,-37.4092207],[-58.317312300000026,-37.4490963],[-58.468622799999935,-37.591099400000019],[-58.610543800000016,-37.617234],[-58.639953599999956,-37.65452],[-58.704166699999973,-37.658333299999981],[-58.788392499999929,-37.71176319999995],[-58.854913300000021,-37.721400599999924],[-58.974291699999924,-37.678279299999986],[-58.983333300000027,-37.658333299999981],[-59.004166699999985,-37.691666699999985],[-59.029166700000019,-37.691666699999985],[-59.037232500000016,-37.667615099999921],[-59.083333299999936,-37.6625],[-59.046507099999985,-37.6407701],[-59.057864699999982,-37.602083299999947],[-59.04109939999995,-37.55342],[-59.079166699999973,-37.504166699999985],[-59.125,-37.5125],[-59.14659289999986,-37.54928689999997],[-59.25,-37.6],[-59.316666699999985,-37.604166699999951],[-59.3562493,-37.566680599999927],[-59.375,-37.5708333],[-59.362499999999898,-37.433333299999958],[-59.449000699999942,-37.475482199999931],[-59.53408,-37.467234],[-59.603315699999939,-37.432482600000014],[-59.6041667,-37.395833299999936],[-59.621970499999975,-37.383068799999933],[-59.766666699999973,-37.391666699999973],[-59.798785099999975,-37.3660994],[-59.865566,-37.404680400000018],[-59.937831099999926,-37.342528299999969],[-60.004166699999985,-37.325],[-60.1375,-37.370833300000015],[-60.2083333,-37.425],[-60.268741200000022,-37.387961799999971],[-60.31875,-37.387968599999908],[-60.367546299999958,-37.420094499999948],[-60.418749999999875,-37.4129686],[-60.513217199999985,-37.486513599999967],[-60.60625,-37.483801899999889],[-60.640247299999885,-37.525039299999946],[-60.686802199999988,-37.5299455],[-60.6875,-37.545833300000027],[-60.741931199999954,-37.567804],[-60.746684099999925,-37.59498259999998],[-60.91875,-37.567135299999904],[-60.9298865,-37.590890199999933],[-61.007369,-37.613203299999952],[-61.0843089,-37.674336399999959],[-61.163637099999903,-37.70859779999995],[-61.19658,-37.695266],[-61.318622799999957,-37.770266],[-61.402452099999948,-37.796188],[-61.41702,-37.8482578],[-61.447865,-37.874357099999884],[-61.49375,-37.86310629999997],[-61.538393,-37.896254100000021],[-61.585757799999953,-37.887853300000017],[-61.6384372,-37.913067300000023],[-61.736500400000011,-37.891049199999941],[-61.835251700000015,-37.986970499999927],[-61.9375,-37.966666699999905],[-62.0102895,-38.01609940000003],[-62.045266,-37.993877199999929],[-62.04933879999993,-37.971732899999949],[-62.032766,-37.965451700000017],[-62.058900599999902,-37.9218452],[-62.049432699999898,-37.886562799999922],[-62.0798752,-37.846720699999935],[-62.121683399999881,-37.846400599999924],[-62.163117599999964,-37.79483369999997],[-62.092626399999972,-37.753510899999981],[-62.064710499999933,-37.7089006],[-62.025,-37.695833299999947],[-61.999291500000027,-37.617554099999893],[-61.9134939,-37.561868300000015],[-61.700850899999921,-37.336649200000011],[-61.641099399999916,-37.20491329999993],[-61.628599399999871,-36.982586699999956],[-61.662764700000025,-36.928029399999957],[-61.667234,-36.760289499999942],[-61.7074136,-36.732750399999986],[-61.7125,-36.691666699999928],[-61.951712899999961,-36.7128533],[-62.0,-36.683333300000015],[-62.0991004,-36.686838799999975],[-62.1125,-36.65],[-62.0342541,-36.636921499999914],[-61.967916499999944,-36.600015299999939],[-61.938278,-36.607627900000011],[-61.936584499999924,-36.591023899999925],[-61.877031599999953,-36.591023899999925],[-61.838235099999963,-36.5658641],[-61.849642300000028,-36.54337819999995],[-61.808987300000013,-36.4948551],[-61.799630699999966,-36.434390799999903],[-61.7520745,-36.40046179999996],[-61.691666699999928,-36.404166699999905],[-61.674432699999954,-36.380178300000011],[-61.6666667,-36.329166699999973],[-61.7,-36.3375],[-61.7125,-36.3],[-61.666402,-36.273862899999926],[-61.653315699999951,-36.2300176],[-61.52577679999996,-36.220048500000019],[-61.498006,-36.179771800000026],[-61.435409399999969,-36.1869666],[-61.388268199999914,-36.149028399999963],[-61.263217199999985,-36.0156804],[-61.275,-35.954166699999973],[-61.213245,-35.9073032],[-61.0875,-35.754166699999985],[-61.050716099999988,-35.765836899999954],[-60.9528378,-35.657728399999939],[-60.9019937999999,-35.661895099999924],[-60.848006199999929,-35.613104899999939],[-60.8152988,-35.638117499999964],[-60.792636799999968,-35.6162516],[-60.790667,-35.629784099999938],[-60.688467699999933,-35.603770599999905],[-60.6625,-35.5625],[-60.6875,-35.512499999999875],[-60.653586799999857,-35.4929189],[-60.67450759999997,-35.46875],[-60.6791667,-35.354166699999951],[-60.6554165,-35.362484699999925],[-60.649281099999939,-35.334371299999873],[-60.579476899999975,-35.311709300000018],[-60.561721099999886,-35.275697799999989],[-60.514456199999984,-35.27443269999992],[-60.450353300000017,-35.230908899999974],[-60.48649329999995,-35.186688899999979],[-60.497363599999971,-35.129207],[-60.53628509999993,-35.142234],[-60.572546400000022,-35.087855],[-60.622993599999973,-35.074382499999899],[-60.662969299999986,-35.0243825],[-60.7125,-35.041666699999951],[-60.708686699999987,-35.00174219999991],[-60.7367971,-34.990737599999932],[-60.7548279,-34.950899600000014],[-60.788437199999976,-34.9589006],[-60.8243673,-34.9323544],[-60.807559899999887,-34.8622484],[-60.7625,-34.858333300000027],[-60.76702,-34.810075499999925],[-60.8565911,-34.762146700000017],[-60.938440300000025,-34.654857600000014],[-60.995086699999888,-34.779734],[-61.067063099999984,-34.763130199999921],[-61.1408864,-34.715943599999946],[-61.138365699999952,-34.691374399999972],[-61.156377199999952,-34.6964006],[-61.238067300000012,-34.7616499],[-61.224432699999966,-34.77842],[-61.2505673,-34.794873699999982],[-61.229166699999951,-34.816666699999871],[-61.2416667,-34.845833299999924],[-61.281591099999957,-34.84202],[-61.2916667,-34.8625],[-61.3350484,-34.8211875],[-61.357586700000013,-34.829734],[-61.379166699999985,-34.808333300000015],[-61.3992169,-34.817659699999979],[-61.399369799999931,-34.857404199999962],[-61.4946021,-34.845804199999918],[-61.501009599999918,-34.861773700000015],[-61.548785099999975,-34.857766],[-61.5625,-34.879166699999985],[-61.595475299999976,-34.873290299999951],[-61.608333300000027,-34.816666699999871],[-61.7350755,-34.85798],[-61.8125,-34.845833299999924],[-61.720833299999924,-34.720833299999981],[-61.736853399999916,-34.70330569999993],[-61.72819370000002,-34.675654799999961],[-61.656122799999878,-34.682766],[-61.640451699999971,-34.6660994],[-61.538314099999923,-34.686844199999939],[-61.446489299999939,-34.615706899999964],[-61.445127,-34.554914199999985],[-61.413379799999973,-34.553954099999942],[-61.386500399999932,-34.503549],[-61.365852500000017,-34.545176500000025],[-61.345833299999981,-34.545833300000027],[-61.3212952,-34.4645921],[-61.345833299999981,-34.420833300000027],[-61.428431499999931,-34.3991974],[-61.445833299999947,-34.358333300000027],[-61.4961007,-34.349051399999951],[-61.492517599999928,-34.321684300000015],[-61.578329100000019,-34.32016179999988],[-61.566666699999985,-34.2916667],[-61.629166699999985,-34.266666699999973],[-61.660289499999919,-34.217234],[-61.7125,-34.266666699999973],[-61.753491199999928,-34.257414099999949],[-61.7597953,-34.220851099999948],[-61.782175399999971,-34.225579799999934],[-61.7625,-34.1875],[-61.739592099999925,-34.195371500000022],[-61.6798111,-34.16159620000002],[-61.675,-34.1166667],[-61.600354700000025,-34.073284699999931],[-61.5505566,-33.968743399999937],[-61.600529499999936,-33.940725900000018],[-61.561970499999973,-33.882211599999948],[-61.575,-33.8625],[-61.618383399999971,-33.87952],[-61.670833300000027,-33.8125],[-61.701712900000018,-33.81702],[-61.729166699999951,-33.79583329999997],[-61.7932813,-33.8048215],[-61.8362366,-33.770758100000023],[-61.837255899999946,-33.7508345],[-61.857577199999923,-33.749243799999931],[-61.870833300000015,-33.679166699999939],[-61.875353299999915,-33.639949499999886],[-61.8550176,-33.609184099999936],[-61.8666667,-33.575],[-61.897547699999961,-33.575353299999961],[-61.908333299999924,-33.545833300000027],[-61.944907,-33.550926399999923],[-61.954960799999924,-33.5783725],[-62.0125,-33.5875],[-62.021189,-33.6441213],[-62.057433699999933,-33.650661199999945],[-62.1005829,-33.715747099999987],[-62.158333299999981,-33.691666699999985],[-62.216666699999962,-33.695833299999947],[-62.20934010000002,-33.749188899999922],[-62.2842933,-33.8535109],[-62.3449276,-33.845195499999932],[-62.358916199999953,-33.809252899999933],[-62.395833299999936,-33.79583329999997],[-62.4850755,-33.8663133],[-62.542136,-33.816049],[-62.584296,-33.849199799999894],[-62.62826709999996,-33.842327899999987],[-62.651054199999976,-33.874846400000024],[-62.773785099999941,-33.870266],[-62.813776399999938,-33.928290300000015],[-62.8541667,-33.941666699999871],[-62.88697209999998,-34.022287299999959],[-62.932605099999989,-34.035981100000015],[-62.9949241999999,-34.017290199999934],[-63.055067599999973,-34.053510699999947],[-63.128328199999942,-34.035322899999926],[-63.1458333,-33.9875],[-63.1875,-33.975],[-63.230723099999977,-34.054391800000019],[-63.261893,-34.069031900000027],[-63.289924499999927,-34.05868670000001],[-63.355534499999976,-34.117284299999938],[-63.3875,-34.1166667],[-63.4166667,-34.179166699999939],[-63.479027799999983,-34.189979600000015],[-63.4980438,-34.21193269999992],[-63.51757589999994,-34.1631236],[-63.547917900000016,-34.154619700000012],[-63.64387720000002,-34.22859939999995],[-63.7115943,-34.211862399999973],[-63.7625,-34.183333299999958],[-63.7592426,-34.167290200000025],[-63.844933700000013,-34.145172099999968],[-63.875,-34.0875],[-63.958333299999936,-34.075],[-64.021627499999965,-33.967460799999969],[-64.11186859999998,-33.907333899999912],[-64.154166699999962,-33.791666699999951],[-64.146186699999987,-33.735786899999937],[-64.06702,-33.631591099999923],[-64.049646699999983,-33.560784199999944],[-64.112853299999927,-33.2892422],[-64.145225899999957,-33.2657532],[-64.171684099999936,-33.188350800000023],[-64.25741979999998,-33.178559],[-64.304640699999936,-33.134342399999923],[-64.403458300000011,-33.1199459],[-64.450617499999964,-33.024530699999957],[-64.4507941,-32.988294099999962],[-64.4757368,-32.988117499999987],[-64.509220699999958,-32.946541700000012],[-64.6041667,-32.92083329999997],[-64.692811800000015,-32.941971499999966],[-64.773043799999925,-32.925567300000012],[-64.854166699999951,-33.004166699999985],[-64.975,-33.045833300000027],[-65.0210978,-32.978029399999912],[-64.967019999999877,-32.88159109999998],[-64.970479999999895,-32.814242199999967],[-64.94202,-32.769091099999969],[-64.945479699999908,-32.7225474],[-64.908686699999976,-32.685757799999976],[-64.93386299999986,-32.617607499999963],[-64.891679899999986,-32.581250499999953],[-64.9125,-32.5541667],[-64.887853300000017,-32.522575500000016],[-64.907421199999987,-32.50756679999995],[-64.9287875,-32.423283799999979],[-64.920833300000027,-32.329166699999973],[-64.953813299999979,-32.2774245],[-64.929166699999939,-31.937175199999956],[-64.875746699999979,-31.971400599999924],[-64.734079999999892,-31.96193269999992],[-64.6924133,-31.988067299999955],[-64.504166699999985,-31.920833300000027],[-64.5083333,-31.995833300000015],[-64.446302599999967,-32.042284299999949],[-64.41529879999996,-32.016049],[-64.2375,-32.04583329999997],[-64.120833300000015,-32.0125],[-63.995833299999958,-32.05],[-63.930879600000026,-32.0246467],[-63.901715599999989,-32.042019999999866],[-63.826712900000018,-32.02048],[-63.743408899999963,-32.03714669999988],[-63.693383400000016,-32.00798],[-63.639456199999984,-32.011932699999988],[-63.580879599999946,-31.962146699999948],[-63.471302499999922,-31.98811749999993],[-63.2671358,-31.92854920000002],[-63.2312566,-31.957776599999931],[-63.048257799999988,-31.871186699999953],[-63.000970100000018,-31.900415],[-62.993827,-31.883950799999923],[-62.914677,-31.867272],[-62.822575499999857,-31.903813299999968],[-62.8074337,-31.883994499999915],[-62.727452299999982,-31.87952],[-62.666666699999894,-31.85],[-62.57168409999997,-31.753315900000018],[-62.560757799999976,-31.69202],[-62.437896099999989,-31.62403230000001],[-62.321770599999979,-31.524432699999977],[-62.260417,-31.537486399999921],[-62.250177300000018,-31.488749899999959],[-62.353254899999968,-31.453552599999966],[-62.333994500000017,-31.436600399999975],[-62.341666700000019,-31.379166699999985],[-62.317481799999939,-31.378517],[-62.306326999999897,-31.354784099999961],[-62.191666699999928,-31.3375],[-62.1923445,-31.3132809],[-62.225,-31.2875],[-62.158333299999981,-31.216666700000019],[-61.9583333,-31.220833299999867],[-61.9414653,-31.202948],[-61.954734,-31.167413299999964],[-61.932766,-31.138246699999911],[-61.940969799999948,-31.1175571],[-61.873043799999948,-31.0714006],[-61.845833299999981,-31.075],[-61.8130673,-30.985543800000016],[-61.879960799999935,-30.909127499999954],[-61.954166699999973,-30.8666667],[-61.920566,-30.853218200000015],[-61.928428,-30.817546399999912],[-61.891666699999917,-30.783333299999981],[-61.882977499999868,-30.647545200000025],[-61.8625,-30.625],[-61.921451,-30.566197499999987],[-61.892223299999955,-30.5270767],[-61.899261299999921,-30.4800464],[-61.8833333,-30.4791667],[-61.878813299999933,-30.444118899999978],[-61.9458333,-30.425],[-61.957864500000028,-30.3520833],[-61.8673703,-30.207290599999965],[-61.8833333,-30.154166699999962],[-61.862146699999983,-30.127453799999898],[-61.897545499999978,-30.079522399999917],[-61.936791500000027,-30.061612599999989],[-61.946083599999952,-30.038375499999972],[-61.9247353,-30.017804],[-61.95,-29.98333329999997],[-62.030879599999935,-29.99202],[-62.0740323,-29.974603899999977],[-62.050353299999927,-29.948257800000022],[-62.0541667,-29.875],[-62.085075499999959,-29.858686700000021],[-62.114216599999963,-29.86702],[-62.134195299999931,-29.825807699999928],[-62.14658,-29.833900599999936],[-62.182501600000023,-29.795298299999956],[-62.187499999999886,-29.770833299999936],[-62.1532671,-29.704827899999941],[-62.101956200000018,-29.691099399999871],[-62.079166699999917,-29.654166700000019],[-62.079809599999919,-29.543698499999948],[-62.100642899999968,-29.524084499999958],[-62.0708333,-29.479166699999951],[-62.111285099999975,-29.479734],[-62.125,-29.4291667],[-62.2416667,-29.425],[-62.23333329999997,-29.4],[-62.29483369999997,-29.379784099999938],[-62.325,-29.329166699999973],[-62.399419099999989,-29.270335900000021],[-62.407703,-29.290729399999918],[-62.4700307,-29.299264899999969],[-62.507766,-29.234548300000029],[-62.566666699999928,-29.2125],[-62.596739,-29.142304499999966],[-62.646684099999959,-29.100850799999932],[-62.75908,-29.099432700000023],[-62.779166699999962,-29.129166699999985],[-62.8133755,-29.0955831],[-62.826249899999937,-29.120818099999951],[-62.834133599999973,-29.103898499999957],[-62.9166667,-29.091666699999962],[-62.9291667,-29.0708333],[-62.917517399999952,-29.042517399999952],[-62.94522939999996,-29.019830299999967],[-62.950686299999916,-28.976054599999941],[-62.977951699999892,-28.979734],[-62.99104920000002,-28.9604936],[-62.986697399999912,-28.934068500000024],[-62.959025399999973,-28.919989],[-62.957715899999982,-28.880166299999871],[-62.98087629999992,-28.842024699999968],[-63.0163076,-28.827457899999956],[-63.012232499999982,-28.7759486],[-63.061500399999943,-28.775617599999975],[-63.1041667,-28.745833300000015],[-63.0875,-28.7125],[-63.096400599999981,-28.639456199999927],[-63.125,-28.6125],[-63.150845699999934,-28.509047299999963],[-63.1660339,-28.5031876],[-63.1660994,-28.41592],[-63.253198899999973,-28.37043749999998],[-63.279166699999962,-28.225],[-63.341844,-28.134583],[-63.4659929,-28.078270299999929],[-63.4840946,-27.996566899999948],[-63.527759,-28.0089635],[-63.558333300000015,-27.9875],[-63.579734,-27.936285099999964],[-63.5714006,-27.914456200000018],[-63.62826709999996,-27.886838799999964],[-63.6468114,-27.854821099999981],[-63.7258501,-27.841099400000019],[-63.770833299999936,-27.875],[-63.8841453,-27.784004399999901],[-63.925469099999987,-27.788117499999942],[-63.9629691,-27.7660492],[-63.989572,-27.787040199999979],[-64.064242199999967,-27.76702],[-64.1791667,-27.7708333],[-64.307445899999948,-27.682625],[-64.3333333,-27.608333300000027],[-64.3625,-27.5833333],[-64.383333299999947,-27.5],[-64.411285099999873,-27.504734],[-64.421229400000016,-27.484301099999925],[-64.51887720000002,-27.453599399999916],[-64.574028199999987,-27.415898299999981],[-64.612860399999988,-27.351088099999856],[-64.703254499999957,-27.3159],[-64.7,-27.2916667],[-64.796739699999989,-27.213234499999942],[-64.829166699999917,-27.2125],[-64.83298,-27.1434089],[-64.795833300000027,-27.079166699999973],[-64.828813299999979,-27.031591100000014],[-64.82952,-26.939242200000024],[-64.841666699999962,-26.904166700000019],[-64.8958333,-26.891666699999973],[-64.900353299999949,-26.8517422],[-64.954166699999973,-26.783333299999981],[-64.9589006,-26.73112279999998],[-65.0083333,-26.675],[-65.0,-26.620833300000015],[-64.975676499999963,-26.6116887],[-64.9625,-26.575],[-64.953813299999979,-26.4857834],[-65.0714006,-26.44092],[-65.033956900000021,-26.403257399999916],[-65.016099399999973,-26.340729399999987],[-65.045833299999913,-26.316666699999871],[-65.041666699999951,-26.2916667],[-64.943622800000014,-26.26609939999986],[-64.908333299999981,-26.170833299999913],[-64.89166669999986,-26.170833299999913],[-64.870833299999958,-26.1166667],[-64.891313,-26.09411769999997],[-64.8875,-26.041666699999894],[-65.0875,-26.0083333],[-65.176712899999984,-25.9336882],[-65.252083700000014,-25.908319099999972],[-65.295833300000027,-25.841666700000019],[-65.357641300000012,-25.8759935],[-65.391666699999917,-25.941666699999928],[-65.433333299999958,-25.95],[-65.44119790000002,-25.90625],[-65.412499799999978,-25.868764899999974],[-65.4420629,-25.849369599999989],[-65.515721299999939,-25.884278699999925],[-65.5424683,-25.945123299999864],[-65.6272105,-25.946400599999947],[-65.641204799999969,-25.964574499999969],[-65.617916399999956,-26.003989299999944],[-65.7,-26.1333333],[-65.700353299999961,-26.235757799999988],[-65.72036449999996,-26.277083299999958],[-65.708347199999935,-26.339583999999888],[-65.729166699999951,-26.3875],[-65.704166699999917,-26.495833300000015],[-65.75,-26.5833333],[-65.73333329999997,-26.616666699999882],[-65.751714399999912,-26.612146699999983],[-65.762853300000017,-26.635046199999977],[-65.742234,-26.681377199999929],[-65.84548,-26.86840890000002],[-65.8541667,-26.925],[-65.916666699999951,-26.9791667],[-65.929280599999913,-27.015508],[-65.961812,-27.0299761],[-65.983333300000027,-27.1125],[-66.020833299999936,-27.1125],[-66.0541667,-27.141666699999973],[-66.0798279,-27.207433699999967],[-66.115815699999871,-27.21751740000002],[-66.189209799999958,-27.316308599999957],[-66.2315911,-27.31702],[-66.355908899999918,-27.37048],[-66.4625,-27.329166699999973],[-66.463129699999911,-27.267484500000023],[-66.5246419,-27.252457],[-66.52443269999992,-27.207396099999983],[-66.566099399999985,-27.160543800000028],[-66.566666699999928,-27.120833300000015],[-66.613067300000012,-27.038246699999945],[-66.5875,-27.0],[-66.575736800000016,-26.896725800000013],[-66.599432699999966,-26.881377199999918],[-66.613067300000012,-26.8144562],[-66.6458333,-26.7875],[-66.663067299999966,-26.734548300000029],[-66.654166700000019,-26.712499999999864],[-66.61706270000002,-26.71569889999995],[-66.6063772,-26.675567300000012],[-66.583333299999879,-26.675],[-66.574382500000013,-26.577006499999925],[-66.550715799999978,-26.553361199999983],[-66.5541667,-26.4791667],[-66.540857299999914,-26.50347869999996],[-66.509694399999944,-26.504200599999933],[-66.497993599999859,-26.536882399999968],[-66.457715899999982,-26.525806299999942],[-66.4743825,-26.489506499999948],[-66.454784099999983,-26.404635799999937],[-66.429734,-26.37278950000001],[-66.545125,-26.3407793],[-66.574999999999875,-26.175],[-66.624646699999914,-26.13159109999998],[-66.616028799999981,-26.088493500000027],[-66.583333299999879,-26.0625],[-66.629166699999985,-25.995833299999958],[-66.604806199999928,-25.965693199999976],[-66.596301899999901,-25.864583299999936],[-66.63298,-25.831591099999969],[-66.65,-25.7375],[-66.680103899999949,-25.738067299999955],[-66.73333329999997,-25.7],[-66.75452,-25.635786899999971],[-66.741680200000019,-25.597917299999949],[-66.76702,-25.544120299999975],[-66.744982599999901,-25.500850799999967],[-66.688123599999869,-25.478257599999949],[-66.628511899999978,-25.371806199999924],[-66.59251740000002,-25.353315899999927],[-66.567327899999952,-25.307433699999876],[-66.580017399999974,-25.271684100000016],[-66.6458333,-25.25],[-66.620479999999873,-25.202453599999899],[-66.632979299999874,-25.147548799999981],[-66.611932700000011,-25.086753299999941],[-66.62016669999997,-25.034284099999979],[-66.5878533,-24.969091099999957],[-66.59964089999994,-24.935042],[-66.5342455,-24.8700667],[-66.5416667,-24.820833299999947],[-66.488396500000022,-24.828492899999901],[-66.4125,-24.8041667],[-66.41702,-24.669120399999883],[-66.3875,-24.654166700000019],[-66.395478700000012,-24.59754659999993],[-66.3586884,-24.560787099999914],[-66.367234,-24.506122800000014],[-66.407702,-24.482333900000015],[-66.429827899999907,-24.380066299999953],[-66.487499999999898,-24.375],[-66.5160055,-24.2949337],[-66.470833299999981,-24.187499999999886],[-66.533978899999966,-24.130070199999977],[-66.569982599999946,-24.128315699999916],[-66.59202,-24.0475755],[-66.620479999999873,-24.0149245],[-66.62439239999992,-23.863413499999922],[-66.607766,-23.8073961],[-66.625,-23.779166700000019],[-66.592135299999939,-23.727083299999947],[-66.599401499999942,-23.6217489],[-66.566666699999928,-23.566666699999985],[-66.549646699999983,-23.468408899999929],[-66.525,-23.441666699999985],[-66.524162499999989,-23.371505099999922],[-66.488161199999979,-23.361600399999929],[-66.482766,-23.324253299999953],[-66.5,-23.312499999999886],[-66.487499999999898,-23.229166699999951],[-66.446390099999974,-23.1520769],[-66.495833300000015,-23.133333299999947],[-66.495833300000015,-23.0375],[-66.560543799999948,-23.020266],[-66.634863599999903,-22.929207],[-66.654166700000019,-22.929166699999939],[-66.63298,-22.8475755],[-66.604166699999951,-22.841666699999962],[-66.607766,-22.7602895],[-66.574999999999875,-22.7375],[-66.612853299999983,-22.564242200000024],[-66.6625,-22.533333299999924],[-66.7241492,-22.524149099999988],[-66.73333329999997,-22.48333329999997],[-66.766666699999917,-22.4791667],[-66.759232900000029,-22.4423279],[-66.88333329999989,-22.44583329999989],[-66.8920627,-22.405134399999952],[-67.008333299999947,-22.358333299999913],[-66.9875,-22.316666699999871],[-66.952092099999959,-22.3370382],[-66.9166667,-22.324999999999875],[-66.872916699999905,-22.3578645],[-66.8041667,-22.341666699999962],[-66.795039200000019,-22.300794100000019],[-66.734184099999936,-22.299149099999966],[-66.736932699999898,-22.1950867],[-66.775,-22.141666699999917],[-66.757766,-22.099253299999987],[-66.819677099999922,-22.112715700000024],[-66.826214599999957,-22.095395600000018],[-66.8899245,-22.12048],[-66.917064099999948,-22.088671199999965],[-66.908333299999924,-22.070833299999947],[-66.95,-22.058333299999902],[-66.946186699999942,-21.998284099999978],[-66.908333299999924,-21.9791667],[-66.8875,-21.929166699999882],[-66.743408899999963,-21.93298],[-66.7241492,-21.896684099999959],[-66.668622799999923,-21.882766],[-66.59491369999995,-21.809037599999954],[-66.55505409999995,-21.795125],[-66.505416500000024,-21.716489299999978],[-66.4994327,-21.66788159999993],[-66.54583329999997,-21.620833300000015],[-66.54081589999987,-21.596684099999948],[-66.409066099999905,-21.586618699999974],[-66.453813299999922,-21.510757799999908],[-66.444982599999889,-21.475850799999932],[-66.39671020000003,-21.469734],[-66.386500399999932,-21.4410492],[-66.341666700000019,-21.454166699999917],[-66.331591099999912,-21.425353299999927],[-66.274999999999864,-21.4125],[-66.27574629999998,-21.371574599999974],[-66.294795399999941,-21.370114499999943],[-66.317309599999987,-21.287178199999914],[-66.300468599999931,-21.222916699999985],[-66.337145699999951,-21.198284899999919],[-66.295266,-21.099253299999987],[-66.316099399999871,-21.0522105],[-66.3125,-20.995833299999958],[-66.342196299999955,-20.974059399999987],[-66.3119327,-20.9323961],[-66.338067299999921,-20.86741330000001],[-66.263403699999969,-20.8285209],[-66.241402199999982,-20.769696199999942],[-66.25798,-20.730908899999918],[-66.210416,-20.7291528],[-66.183333300000015,-20.7125],[-66.18298,-20.689953799999955],[-66.1958333,-20.6625],[-66.23239609999996,-20.6880673],[-66.275567299999977,-20.663437199999919],[-66.271568800000011,-20.630066399999976],[-66.300567300000012,-20.600746699999945],[-66.2875,-20.575],[-66.3666667,-20.4583333],[-66.357766,-20.417881599999987],[-66.4032793,-20.378458200000011],[-66.421400599999856,-20.311753299999964],[-66.4090213,-20.279976200000021],[-66.51134409999986,-20.236639199999956],[-66.5541667,-20.141666699999973],[-66.6219706,-20.103902],[-66.668383800000015,-20.112853299999983],[-66.703813299999979,-20.060757799999976],[-66.708333299999936,-20.0125],[-66.625850799999967,-19.986649100000022],[-66.59375069999993,-19.9291804],[-66.533333299999981,-19.9],[-66.5203037,-19.857250299999976],[-66.54081589999987,-19.800850799999864],[-66.487499999999898,-19.799999999999898],[-66.4621419,-19.755876300000011],[-66.433333299999958,-19.745833299999958],[-66.453599399999973,-19.710543799999982],[-66.4492649,-19.659135900000024],[-66.358900599999913,-19.573043799999937],[-66.379734,-19.563714899999979],[-66.358686699999964,-19.531591100000014],[-66.3541667,-19.4625],[-66.406591100000014,-19.462146699999948],[-66.478462399999955,-19.411580399999934],[-66.482874900000013,-19.368736800000022],[-66.442234,-19.318877199999974],[-66.446186699999942,-19.289242199999933],[-66.54081589999987,-19.240815899999973],[-66.566666699999928,-19.141666699999973],[-66.542803999999876,-19.133068799999933],[-66.520833299999936,-19.15],[-66.50895079999998,-19.093517],[-66.450802599999975,-19.078431499999965],[-66.38159109999998,-19.000353299999972],[-66.3407027,-19.0174773],[-66.322035599999936,-19.0643996],[-66.236990399999968,-19.061797099999922],[-66.149417299999982,-19.0962695],[-66.08354049999997,-19.073966900000016],[-66.08592659999988,-19.036985699999889],[-66.0336155,-19.018317099999877],[-66.077945,-18.945929199999966],[-66.021162299999901,-18.963433699999882],[-65.946721199999956,-18.9181097],[-65.85796160000001,-18.9823343],[-65.8598366,-18.907270199999914],[-65.832690499999956,-18.920517],[-65.7856544,-18.869924799999922],[-65.749786299999926,-18.862605799999983],[-65.809135,-18.79005189999998],[-65.800887100000011,-18.7752094],[-65.7434538,-18.770522200000016],[-65.735382299999969,-18.750025],[-65.702630199999987,-18.7414043],[-65.61451459999995,-18.784067199999868],[-65.593819699999983,-18.774779099999989],[-65.569976900000029,-18.702144699999963],[-65.450586599999951,-18.866565],[-65.405139800000029,-18.989861799999858],[-65.369123699999989,-18.952971100000013],[-65.3432378,-18.981641200000013],[-65.273564099999987,-18.99127429999993],[-65.251641399999926,-19.016032199999984],[-65.239985499999989,-19.079085499999962],[-65.213743199999954,-19.0895883],[-65.167850399999907,-19.203971200000012],[-65.1375792,-19.171645099999978],[-65.066449799999987,-19.171083800000019],[-65.057469899999944,-19.1858062],[-65.007373299999983,-19.167094599999984],[-64.982477399999937,-19.176131399999917],[-64.9700927,-19.143829900000014],[-64.923847099999989,-19.171784899999921],[-64.863054700000021,-19.145155399999965],[-64.839722199999926,-19.161664500000029],[-64.8515299,-19.180728299999942],[-64.807356899999945,-19.247912900000017],[-64.720714,-19.26966],[-64.689476699999943,-19.313505299999917],[-64.691471200000024,-19.355447599999934],[-64.646398499999975,-19.457694299999901],[-64.6594389,-19.541710500000022],[-64.6314827,-19.557713799999931],[-64.580297099999882,-19.651130599999988],[-64.580967899999962,-19.875259799999981],[-64.5579429,-19.884206300000017],[-64.5426218,-19.971095399999967],[-64.504028299999959,-19.974418599999979],[-64.498659799999871,-20.010881899999902],[-64.470839599999977,-20.022208699999965],[-64.452050399999962,-20.209375],[-64.4346193,-20.238304799999923],[-64.380473799999947,-20.2189333],[-64.369090599999936,-20.308488],[-64.271315499999957,-20.316236099999969],[-64.273859799999968,-20.3456263],[-64.2336027,-20.350257699999929],[-64.21716749999996,-20.373142799999982],[-64.222261,-20.399432899999965],[-64.106894,-20.3805104],[-64.070650600000022,-20.4779317],[-63.979520499999978,-20.465657499999907],[-63.930812,-20.490706399999965],[-63.909512099999972,-20.385657999999864],[-63.856883599999946,-20.377983],[-63.765829399999973,-20.498471499999937],[-63.74948459999996,-20.447167700000023],[-63.649565199999927,-20.4634911],[-63.63234460000001,-20.4083748],[-63.6455676,-20.380319199999974],[-63.609635700000013,-20.380548399999952],[-63.579318799999953,-20.415429199999949],[-63.524249499999939,-20.353941500000019],[-63.521243799999922,-20.322081699999956],[-63.41042189999996,-20.31623739999992],[-63.352839099999983,-20.2488085],[-63.2706672,-20.234727599999985],[-63.257270299999959,-20.199643],[-63.2034276,-20.199778],[-63.206166899999914,-20.142599399999938],[-63.157706399999938,-20.135437799999977],[-63.084364099999959,-20.0462705],[-63.080925,-20.018022099999939],[-63.035123899999974,-20.005297599999949],[-63.0294217,-19.983611],[-62.66369519999995,-19.890271899999959],[-62.560044,-19.853503899999964],[-62.4921056,-19.802072599999974],[-62.476526400000012,-19.76111619999989],[-62.418791399999975,-19.728134199999943],[-62.3342404,-19.60014259999997],[-62.31280959999998,-19.551424699999984],[-62.325628599999959,-19.502590600000019],[-62.197434699999974,-19.40684779999998],[-62.185773,-19.342040299999951],[-62.147788399999968,-19.3032106],[-62.156979599999886,-19.25830869999993],[-62.063900599999954,-19.171783800000014],[-62.06608319999998,-19.1371067],[-62.031253199999924,-19.0991573],[-62.0545846,-19.046237799999972],[-62.0378437,-19.0063412],[-61.986074299999984,-19.0119636],[-61.942119899999909,-18.9808167],[-61.912427599999944,-19.004677699999945],[-61.844142499999975,-18.9733132],[-61.755215499999963,-19.039907],[-61.749780599999895,-19.010867499999961],[-61.6955393,-19.016813099999865],[-61.6621399,-18.9557158],[-61.625531200000012,-19.028425],[-61.591511500000024,-19.042007099999978],[-61.5689845,-19.02474],[-61.546427499999936,-19.045972499999948],[-61.522230099999888,-19.033744399999932],[-61.525638199999946,-18.99330139999995],[-61.453205599999933,-18.975695899999891],[-61.4283668,-18.937470099999985],[-61.389438599999949,-18.9584696],[-61.3793736,-18.944285299999933],[-61.3442356,-18.951889],[-61.288993499999947,-18.896444599999938],[-61.261352099999954,-18.899754099999939],[-61.241191299999855,-18.951892],[-61.220852599999944,-18.9427892],[-61.193519400000014,-18.966350299999988],[-61.1410424,-18.946223],[-61.12963359999992,-18.966992],[-61.098344299999894,-18.955301099999872],[-61.082396699999947,-18.9719263],[-61.0496407,-18.946906500000011],[-61.017739099999915,-19.001012800000012],[-60.953404099999943,-18.950659799999983],[-60.932527400000026,-18.951831699999957],[-60.932092,-18.990915099999938],[-60.903394699999978,-18.997775],[-60.88841960000002,-18.967148799999961],[-60.849775299999862,-18.98115619999993],[-60.83212420000001,-18.96089360000002],[-60.780372299999954,-18.960154699999975],[-60.773539899999946,-18.885409899999956],[-60.718089799999973,-18.881217900000024],[-60.72679039999997,-18.841748199999984],[-60.676918300000011,-18.823227499999916],[-60.662264100000016,-18.757999299999938],[-60.640998,-18.767941599999915],[-60.6244446,-18.728745999999887],[-60.55068540000002,-18.7160773],[-60.527857199999914,-18.6145072],[-60.496134499999982,-18.598588099999915],[-60.508199199999922,-18.55465449999997],[-60.458800100000019,-18.511251],[-60.4685728,-18.440600500000016],[-60.411698300000012,-18.423585699999933],[-60.390549599999986,-18.3844214],[-60.4052249,-18.318592500000022],[-60.355709599999898,-18.2657911],[-60.388570800000025,-18.170732699999917],[-60.344876099999965,-18.119584399999894],[-60.242774499999939,-18.095677199999955],[-60.2550084,-18.07193030000002],[-60.238294,-18.033860499999946],[-60.306877199999974,-18.043976499999928],[-60.314736199999913,-18.03097989999992],[-60.29201809999995,-17.955483499999957],[-60.260749799999985,-17.9364572],[-60.282515799999942,-17.9094885],[-60.2168608,-17.835994799999924],[-60.226371399999891,-17.802134499999966],[-60.196037699999977,-17.823107199999924],[-60.188823299999967,-17.806616800000029],[-60.218168,-17.705238],[-60.1922348,-17.657477500000027],[-60.2012777,-17.620003],[-60.155751,-17.600552499999935],[-60.1702914,-17.550529499999925],[-60.154149199999949,-17.540000099999929],[-60.1724729,-17.5168592],[-60.149048900000025,-17.481007299999987],[-60.153132899999946,-17.435387299999888],[-60.1043297,-17.41458],[-60.065356599999973,-17.421547499999974],[-60.050335699999948,-17.376813499999969],[-59.976677399999858,-17.340681300000028],[-60.00038619999998,-17.302712700000029],[-59.9832371,-17.274823699999899],[-59.984820500000012,-17.238366199999916],[-60.009590300000013,-17.212278699999956],[-60.003662800000029,-17.156439599999942],[-60.0342374,-17.1423],[-60.043771,-17.095336],[-60.130518199999926,-17.0495277],[-60.11778419999996,-17.040981499999987],[-60.134496499999955,-16.987002800000027],[-60.168067599999972,-16.979954500000019],[-60.227405099999885,-16.920797499999935],[-60.327997099999948,-16.907535100000018],[-60.33902,-16.8641212],[-60.355525799999953,-16.8647102],[-60.3754571,-16.822659299999941],[-60.4030717,-16.8270738],[-60.396766599999864,-16.799655799999982],[-60.4224676,-16.799442999999883],[-60.454934699999853,-16.733031400000016],[-60.562693099999933,-16.68825720000001],[-60.608392399999957,-16.706741299999919],[-60.660007099999859,-16.635871299999963],[-60.692953100000011,-16.631835],[-60.761823199999981,-16.5750693],[-60.711664,-16.5248684],[-60.674352699999929,-16.553279299999986],[-60.6208825,-16.445511],[-60.597783,-16.432336599999985],[-60.4978122,-16.441705199999944],[-60.448369799999966,-16.400364399999944],[-60.418694199999948,-16.398523799999964],[-60.284433499999977,-16.418720199999939],[-60.279747599999951,-16.401103700000021],[-60.212664099999927,-16.397206200000028],[-60.1571854,-16.3511183],[-60.110637099999963,-16.357430699999952],[-60.099150800000018,-16.339633600000013],[-60.043069499999945,-16.368598299999917],[-59.9855586,-16.35304119999995],[-59.9696103,-16.3757486],[-59.91071089999997,-16.3295202],[-59.902944100000013,-16.292599399999972],[-59.851358499999947,-16.283447399999886],[-59.816559200000029,-16.314822299999889],[-59.801064399999973,-16.278700799999967],[-59.773026499999958,-16.2998794],[-59.685146,-16.27184219999998],[-59.655867099999966,-16.2351802],[-59.683002,-16.191794599999923],[-59.673952199999974,-16.180130099999985],[-59.6391183,-16.173233899999957],[-59.5868054,-16.216527900000017],[-59.542534799999942,-16.1874606],[-59.491830899999911,-16.190325199999961],[-59.463465399999961,-16.140971199999967],[-59.4793692,-16.145960699999989],[-59.486982,-16.120948199999987],[-59.5193033,-16.110267],[-59.530661099999918,-16.067533199999957],[-59.49703889999995,-16.045777],[-59.410140799999965,-16.068166599999984],[-59.392808100000025,-16.003465899999924],[-59.307383499999958,-15.9503949],[-59.287641799999903,-15.883529599999974],[-59.22999609999988,-15.824168199999917],[-59.228422199999955,-15.794760699999983],[-59.155628900000011,-15.7346149],[-59.169770799999924,-15.633952899999883],[-59.1141594,-15.614687199999935],[-59.097668299999953,-15.448152399999969],[-59.064220899999896,-15.460888499999953],[-59.031578599999989,-15.439688499999988],[-59.015123099999983,-15.37126],[-58.985188399999913,-15.348463400000014],[-58.960602199999926,-15.35702109999994],[-58.91828670000001,-15.283443599999941],[-58.867244399999947,-15.249116899999876],[-58.875507599999935,-15.2232608],[-58.84014,-15.213206500000013],[-58.8769797,-15.148372100000017],[-58.887724699999978,-15.04939209999992],[-58.819461,-14.905916600000012],[-58.8238108,-14.870314599999915],[-58.785847199999921,-14.8499597],[-58.781983700000012,-14.803027199999917],[-58.802000099999987,-14.7784474],[-58.771271,-14.757564799999955],[-58.759737700000017,-14.718174200000021],[-58.7610611,-14.623014500000011],[-58.776751900000022,-14.608740399999988],[-58.693039299999896,-14.602097699999945],[-58.674626699999919,-14.552775600000018],[-58.599065399999915,-14.579407800000013],[-58.506813299999976,-14.482019],[-58.452790899999968,-14.486863799999981],[-58.425594199999978,-14.522484],[-58.343701899999928,-14.476069899999914],[-58.297564199999954,-14.516707399999916],[-58.24505309999995,-14.472301399999878],[-58.2148143,-14.479858200000024],[-58.1753031,-14.420674299999916],[-58.178645,-14.3985667],[-58.154002499999933,-14.3817325],[-58.117788299999916,-14.38419789999989],[-58.084347899999898,-14.4381682],[-58.050415,-14.411832300000015],[-58.0099277,-14.422983799999884],[-57.994735399999911,-14.406246199999941],[-57.94903,-14.40692839999997],[-57.886995799999966,-14.311601699999983],[-57.782670699999926,-14.289487800000018],[-57.728045599999973,-14.3206252],[-57.71338350000002,-14.295232399999975],[-57.67797819999987,-14.289801499999953],[-57.6869701,-14.2743165],[-57.64788939999994,-14.226112199999932],[-57.60881310000002,-14.220814299999972],[-57.592401499999937,-14.1974614],[-57.555934900000011,-14.238589100000013],[-57.528822399999967,-14.224919199999988],[-57.50697179999986,-14.23928890000002],[-57.486405699999978,-14.207133099999965],[-57.3875799,-14.169082399999979],[-57.335117799999978,-14.190547799999933],[-57.234967499999925,-14.16605340000001],[-57.198690899999917,-14.195023900000024],[-57.144218,-14.163213199999916],[-57.092204700000025,-14.165745599999923],[-57.089464,-14.192489799999976],[-57.000417700000014,-14.2013291],[-56.959840699999972,-14.164460799999858],[-56.9116788,-14.150015100000019],[-56.8896345,-14.17575469999997],[-56.835898499999928,-14.1463875],[-56.791331199999945,-14.185774],[-56.785167899999976,-14.260442300000022],[-56.7500513,-14.238670300000024],[-56.629924,-14.243429499999877],[-56.625288399999931,-14.219144799999981],[-56.5951746,-14.219198499999948],[-56.5565729,-14.2501744],[-56.50658820000001,-14.251053800000022],[-56.49246949999997,-14.2897],[-56.4710847,-14.29334039999992],[-56.410157199999958,-14.378862599999934],[-56.3719031,-14.371808099999953],[-56.326192799999944,-14.409304299999917],[-56.284898399999975,-14.3825539],[-56.24053669999995,-14.460083699999984],[-56.2046001,-14.4452935],[-56.221129299999916,-14.4679703],[-56.208502499999952,-14.510668499999952],[-56.2428435,-14.544975499999907],[-56.215326,-14.562620200000026],[-56.095050499999957,-14.464000299999952],[-55.936009500000011,-14.3835628],[-55.900506,-14.4144715],[-55.824616499999934,-14.409032899999943],[-55.800995699999987,-14.425241],[-55.798386899999969,-14.462884499999916],[-55.665047299999969,-14.4297793],[-55.773990200000014,-14.348118099999965],[-55.737962900000014,-14.3249917],[-55.681993499999976,-14.330110899999966],[-55.6138952,-14.2729511],[-55.58071480000001,-14.2665278],[-55.497761799999921,-14.305380399999933],[-55.247044699999947,-14.2575756],[-55.206528100000014,-14.218472],[-55.180314599999974,-14.224143599999934],[-55.178648899999985,-14.206056099999955],[-55.145008599999926,-14.2229155],[-55.064081499999986,-14.2076333],[-55.033698800000025,-14.2368983],[-55.040507399999967,-14.2748535],[-55.013794299999972,-14.323061299999949],[-55.046728,-14.336909600000013],[-55.0459735,-14.377267299999858],[-55.127506399999902,-14.422987],[-55.1638977,-14.480166499999939],[-55.212594200000012,-14.496018399999969],[-55.22902229999994,-14.550454],[-55.288650699999948,-14.611068400000022],[-55.208152199999859,-14.637645499999962],[-54.875949399999911,-14.622174399999949],[-54.834154099999978,-14.668390400000021],[-54.762188899999956,-14.671557300000018],[-54.745790199999988,-14.689221299999872],[-54.778809199999955,-14.733195099999932],[-54.723144199999979,-14.737094899999931],[-54.718445200000019,-14.763195299999893],[-54.660861899999986,-14.757650599999863],[-54.700945600000011,-14.8063363],[-54.670441899999958,-14.851192799999978],[-54.660132699999963,-14.9207217],[-54.828100300000017,-15.057461400000022],[-54.9228569,-15.106025699999975],[-54.922909800000014,-15.125027400000022],[-55.1571702,-15.193222299999945],[-55.139971699999933,-15.2352032],[-55.158920799999976,-15.267831399999977],[-55.152050399999951,-15.308854399999973],[-55.2246376,-15.35215989999989],[-55.2110811,-15.4042928],[-55.252322699999866,-15.476089799999954],[-55.313723,-15.529771799999935],[-55.290492500000028,-15.567278199999919],[-55.296146699999952,-15.610516899999936],[-55.352326599999969,-15.65178909999986],[-55.361542499999985,-15.755929700000024],[-55.411181899999974,-15.817018099999927],[-55.347371799999962,-15.833749599999919],[-55.3312282,-15.821261400000026],[-55.30033659999998,-15.867573199999924],[-55.25570179999994,-15.859469099999956],[-55.248215800000025,-15.813244600000019],[-55.273839800000019,-15.745716099999925],[-55.258752,-15.707177],[-55.188424399999974,-15.644051799999943],[-55.191397,-15.564895799999988],[-55.0866026,-15.491909799999917],[-55.0539255,-15.489338399999951],[-55.034123299999976,-15.5263612],[-54.958509100000015,-15.475261499999988],[-54.920483499999989,-15.473206199999936],[-54.90531569999996,-15.477987400000018],[-54.906607699999938,-15.523017700000025],[-54.822679,-15.5505063],[-54.713115699999946,-15.509328900000014],[-54.696915100000012,-15.520262],[-54.65747540000001,-15.486376499999949],[-54.658843199999978,-15.509897599999988],[-54.610105200000021,-15.535371699999985],[-54.605642099999955,-15.5664703],[-54.566514900000016,-15.563950499999919],[-54.542787299999986,-15.589734899999939],[-54.495242799999971,-15.579948800000011],[-54.474192599999981,-15.5452431],[-54.444861899999921,-15.552234],[-54.432790599999976,-15.5890205],[-54.3606504,-15.5972681],[-54.293796,-15.5517377],[-54.2358941,-15.554807199999971],[-54.209567199999981,-15.5290245],[-54.192716,-15.550810099999978],[-54.2242693,-15.632388400000025],[-54.171663799999976,-15.64943820000002],[-54.1571025,-15.678672300000017],[-54.188039,-15.7542848],[-54.180603,-15.7965623],[-54.154065800000012,-15.777396299999964],[-54.119940900000017,-15.807573999999875],[-54.082630900000026,-15.7550771],[-54.0783346,-15.78707009999988],[-54.021955199999923,-15.780997099999922],[-53.993949399999906,-15.829027399999973],[-53.972058800000013,-15.823081699999989],[-53.967516900000021,-15.84421089999995],[-53.915967,-15.8686348],[-53.871518499999979,-15.843753100000015],[-53.808598599999982,-15.858725],[-53.790514799999983,-15.890301699999952],[-53.767742599999963,-15.891043399999944],[-53.813653699999918,-16.001118299999916],[-53.836661699999979,-16.001943799999935],[-53.83963289999997,-16.018692900000019],[-53.8549673,-16.00094809999996],[-53.877193,-16.0062823],[-53.854992599999946,-16.053744100000017],[-53.811812499999974,-16.086681],[-53.852213399999926,-16.130483399999946],[-53.7922747,-16.182105400000012],[-53.800416399999961,-16.217916800000012],[-53.870192599999939,-16.243646500000011],[-53.830879199999913,-16.316255],[-53.813887899999941,-16.318290299999944],[-53.819187799999952,-16.370216299999925],[-53.783641299999942,-16.42166450000002],[-53.877630699999941,-16.470013100000017],[-53.882176699999945,-16.502111699999944],[-53.83593129999997,-16.522578199999884],[-53.834743099999969,-16.550577700000019],[-53.783829200000014,-16.555705],[-53.7732833,-16.63477690000002],[-53.7052445,-16.690642700000012],[-53.7637484,-16.7717948],[-53.703262199999926,-16.820152800000017],[-53.7047839,-16.8542605],[-53.657774299999915,-16.856741799999952],[-53.631399499999986,-16.836258199999975],[-53.615105099999937,-16.916541400000028],[-53.578263399999969,-16.940021100000024],[-53.587517,-16.967305299999964],[-53.552904,-16.970141099999978],[-53.5531413,-16.992708900000025],[-53.52116460000002,-17.005084899999929],[-53.494151899999963,-16.989864399999931],[-53.492775100000017,-17.030241400000023],[-53.44148139999993,-17.0596612],[-53.480359199999953,-17.127061599999877],[-53.4825035,-17.162378],[-53.460440299999959,-17.185743699999932],[-53.491802299999961,-17.200413],[-53.443230299999925,-17.214478900000017],[-53.4395907,-17.242916199999968],[-53.448637099999928,-17.259476100000029],[-53.476714,-17.2508],[-53.490865799999938,-17.287085],[-53.3903226,-17.282062399999916],[-53.411540899999864,-17.330920099999958],[-53.391753900000026,-17.353034],[-53.365119100000015,-17.348710099999948],[-53.373196599999972,-17.386130799999989],[-53.356865500000026,-17.402992400000016],[-53.377232400000025,-17.429544],[-53.3498836,-17.431615500000021],[-53.302983,-17.491476199999966],[-53.361871800000017,-17.54216329999997],[-53.401529,-17.529055799999981],[-53.42011530000002,-17.55562429999992],[-53.421845800000028,-17.591451600000028],[-53.39683789999998,-17.580037399999981],[-53.372807399999942,-17.597926299999983],[-53.377500099999907,-17.645037799999955],[-53.407808899999964,-17.6678943],[-53.39201909999997,-17.704175],[-53.4497682,-17.7373237],[-53.445817200000022,-17.755401199999937],[-53.3755314,-17.780861099999981],[-53.324520300000017,-17.696473],[-53.287436099999979,-17.775206599999933],[-53.281657499999937,-17.836798499999986],[-53.215252,-17.917818],[-53.21274539999996,-17.955786699999919],[-53.1804745,-17.96464],[-53.181556299999897,-18.002341699999874],[-53.133325699999943,-18.020536399999912],[-53.110661899999968,-18.010766499999988],[-53.063932399999942,-18.045876099999987],[-53.0057574,-18.008529899999928],[-53.019974199999922,-17.995903],[-53.005536099999915,-17.981063099999972],[-53.022104899999988,-17.9689912],[-53.014384,-17.929484299999956],[-53.076027599999918,-17.905243499999926],[-53.044162299999925,-17.885565900000017],[-53.049835299999984,-17.853357800000026],[-52.939160500000014,-17.802077899999915],[-52.942405800000017,-17.749881699999946],[-52.891017599999941,-17.730538399999887],[-52.893761499999982,-17.700137199999972],[-52.815596,-17.708462399999917],[-52.780014,-17.6704436],[-52.804531399999917,-17.616294700000026],[-52.761605799999984,-17.589305199999956],[-52.75165439999995,-17.557847899999956],[-52.77749080000001,-17.528841899999975],[-52.7664226,-17.512609],[-52.831441,-17.51631169999996],[-52.8427694,-17.486239500000011],[-52.8870753,-17.480313399999886],[-52.881272699999954,-17.4318687],[-52.757159800000011,-17.385415],[-52.739511599999958,-17.35123470000002],[-52.6875589,-17.357026799999915],[-52.666437799999983,-17.310537599999975],[-52.6209467,-17.368266299999959],[-52.5631912,-17.383055599999977],[-52.521038799999985,-17.34728530000001],[-52.5224394,-17.308870299999967],[-52.416365799999937,-17.285574],[-52.398537299999987,-17.256551399999978],[-52.3452112,-17.298421500000018],[-52.284971199999973,-17.301607499999989],[-52.270034,-17.327781099999982],[-52.181247699999972,-17.286603799999966],[-52.128947099999948,-17.323751300000026],[-52.1137503,-17.2888549],[-52.142779599999983,-17.231674699999928],[-52.121827499999938,-17.2031045],[-52.13361969999994,-17.1570815],[-52.047682499999951,-17.116900499999986],[-52.060342899999966,-17.063267699999983],[-52.0231908,-17.030163800000025],[-51.993766600000015,-17.069029],[-51.939966699999957,-17.039309099999969],[-51.904146299999923,-17.145953199999951],[-51.800836399999923,-17.177545800000019],[-51.7738106,-17.206978699999922],[-51.775866299999905,-17.237922],[-51.6883168,-17.225311200000021],[-51.651792899999919,-17.160743599999989],[-51.61488339999994,-17.182741699999951],[-51.594161699999972,-17.1697532],[-51.553018599999973,-17.19947430000002],[-51.517630600000018,-17.178352099999927],[-51.501345499999957,-17.194517],[-51.429102,-17.195991399999969],[-51.409178099999963,-17.218638699999929],[-51.3837557,-17.1964466],[-51.299535599999956,-17.2189305],[-51.291097499999978,-17.186260299999958],[-51.266704,-17.1859055],[-51.271872200000018,-17.16104],[-51.2133938,-17.113513],[-51.132475199999988,-17.113516399999924],[-51.139037499999972,-17.095463899999913],[-51.092676899999958,-17.048562100000026],[-51.1022752,-16.987409],[-51.0535691,-16.953085399999907],[-51.054397599999959,-16.863156499999945],[-51.004563599999983,-16.868562],[-50.9451044,-16.938564900000017],[-50.882361699999933,-16.940305599999874],[-50.826073399999984,-16.998930700000017],[-50.7978023,-17.003399899999977],[-50.736106800000016,-16.974723499999925],[-50.699124299999937,-16.982828099999949],[-50.690162599999894,-16.950791099999947],[-50.6558465,-16.961200199999951],[-50.614308699999924,-16.875308299999972],[-50.513523799999973,-16.91464430000002],[-50.426669899999979,-16.8994482],[-50.377483699999857,-16.814133099999879],[-50.381805699999973,-16.726261],[-50.359718900000018,-16.69132860000002],[-50.299481099999923,-16.686793],[-50.291091400000028,-16.636196400000017],[-50.308150500000011,-16.5824771],[-50.2392992,-16.447644200000013],[-50.246166799999912,-16.421046199999921],[-50.222383199999967,-16.398688899999968],[-50.248204,-16.330757199999937],[-50.215549899999985,-16.230493699999954],[-50.053572599999939,-16.213219],[-49.973984299999984,-16.2517302],[-49.948700700000018,-16.223941200000013],[-49.908664299999941,-16.215702599999929],[-49.901316599999973,-16.231553599999984],[-49.811763400000018,-16.251523],[-49.786832600000025,-16.194451699999945],[-49.71762,-16.1822237],[-49.668915499999969,-16.200147499999957],[-49.663021899999933,-16.176210399999945],[-49.61779150000001,-16.15838709999997],[-49.570706999999857,-16.102359799999931],[-49.540898799999979,-16.137296899999967],[-49.487568099999919,-16.130874199999937],[-49.4512497,-16.170416799999941],[-49.427067099999931,-16.166233599999941],[-49.4039416,-16.1942972],[-49.3849851,-16.1873996],[-49.311235099999919,-16.230546],[-49.265504199999953,-16.201137599999981],[-49.244210399999986,-16.2085798],[-49.204206899999974,-16.171355],[-49.190600599999925,-16.208218199999919],[-49.106824599999982,-16.221145099999944],[-49.073799899999983,-16.248979800000029],[-49.0091903,-16.134701199999881],[-48.958959400000026,-16.128253299999983],[-48.9179115,-16.073602199999925],[-48.925656899999979,-16.016695399999946],[-48.8893948,-15.95913209999992],[-48.905213,-15.944151599999884],[-48.901524599999959,-15.885443399999986],[-48.8723938,-15.8780231],[-48.870632199999989,-15.850218],[-48.844033699999954,-15.840843199999938],[-48.862070299999914,-15.806620899999984],[-48.832439,-15.796948900000018],[-48.8952665,-15.77604139999994],[-48.903058499999872,-15.7529778],[-48.803167,-15.7456267],[-48.716658199999983,-15.7680181],[-48.648417299999949,-15.733996699999977],[-48.530015199999923,-15.784443499999895],[-48.4914994,-15.782026799999926],[-48.481158599999958,-15.741340400000013],[-48.4521423,-15.747037],[-48.4158587,-15.717818599999987],[-48.385277599999938,-15.739451799999983],[-48.359558900000025,-15.7235412],[-48.362181199999952,-15.705249499999979],[-48.343669799999986,-15.717790900000011],[-48.300673299999914,-15.701034400000026],[-48.288044399999933,-15.722215800000015],[-48.245490300000029,-15.658135300000026],[-48.255518499999937,-15.605008],[-48.1293197,-15.607734699999867],[-48.107638599999916,-15.584305699999959],[-48.050487099999941,-15.61887280000002],[-48.00962949999996,-15.571852299999932],[-47.917370099999914,-15.624453699999947],[-47.881132,-15.6700839],[-47.85193409999988,-15.661959499999966],[-47.836962200000016,-15.624835500000017],[-47.7003992,-15.553333899999927],[-47.641322499999944,-15.565985800000021],[-47.60358610000003,-15.539354899999978],[-47.6147145,-15.5722321],[-47.577999799999986,-15.593186599999967],[-47.524438799999984,-15.529162299999939],[-47.528835299999912,-15.498493199999984],[-47.501380900000015,-15.459007699999916],[-47.467604199999982,-15.458833700000014],[-47.46298,-15.562843199999975],[-47.4911042,-15.597956899999986],[-47.489853699999912,-15.662040400000024],[-47.618716899999981,-15.73941949999994],[-47.607240400000023,-15.783768899999927],[-47.645400399999914,-15.7926311],[-47.6260254,-15.882485],[-47.584769199999982,-15.979904499999918],[-47.488979200000017,-16.121617500000013],[-47.458863300000019,-16.2375275],[-47.373441799999966,-16.262556300000028],[-47.326141899999925,-16.307216400000016],[-47.249029599999972,-16.3080918],[-47.1984723,-16.363750399999901],[-47.147725199999911,-16.367669099999944],[-47.1150796,-16.414364699999965],[-47.095883,-16.408789],[-47.069294099999979,-16.435577299999977],[-47.053764,-16.466980200000023],[-47.093600199999969,-16.538921599999981],[-47.0603686,-16.56147],[-47.072775799999931,-16.62330129999998],[-47.015998199999956,-16.638710799999956],[-47.0256362,-16.676270599999953],[-46.984971700000017,-16.707046899999966],[-47.006547300000022,-16.76518],[-47.047075899999982,-16.796804899999984],[-47.033690200000024,-16.810614699999974],[-47.052766799999915,-16.837784699999986],[-47.102813299999923,-16.868821199999957],[-47.094773099999941,-16.905053899999984],[-47.0148734,-16.954862400000025],[-47.023785199999963,-17.0349157],[-47.101767099999961,-17.108661699999971],[-47.16089,-17.089101799999924],[-47.255647399999873,-17.122822599999949],[-47.284864599999935,-17.1616391],[-47.279692099999977,-17.183177599999965],[-47.223925999999892,-17.215423499999929],[-47.225538099999937,-17.295412],[-47.188700299999937,-17.350051299999905],[-47.2079986,-17.392464099999984],[-47.119586,-17.466923299999962],[-47.1038886,-17.538837799999953],[-47.136758099999952,-17.5655008],[-47.152776,-17.63633],[-47.188282500000014,-17.672833699999956],[-47.1610432,-17.790792199999942],[-47.185325599999942,-17.84228730000001],[-47.148904399999878,-17.884306],[-47.174893399999917,-17.999209800000017],[-47.1504991,-18.049814499999911],[-47.114271699999961,-18.04216109999993],[-47.123934899999881,-18.0659043],[-47.0890867,-18.114934099999971],[-47.1020656,-18.146663],[-47.085508,-18.207979099999989],[-47.0352057,-18.213437599999907],[-47.006121499999892,-18.195024100000012],[-46.973411,-18.229744199999971],[-46.920502399999918,-18.192261399999893],[-46.907540499999925,-18.2230687],[-46.8773385,-18.209566299999949],[-46.87987059999989,-18.239831900000013],[-46.764932599999952,-18.187103799999988],[-46.726721,-18.199074100000018],[-46.7295803,-18.224206999999865],[-46.689915699999972,-18.199936299999933],[-46.599557099999913,-18.21529019999997],[-46.58387,-18.2524793],[-46.539933099999985,-18.256910800000014],[-46.542061399999966,-18.3094471],[-46.497369399999968,-18.3349902],[-46.497499899999923,-18.353181100000029],[-46.426179600000012,-18.3572234],[-46.41971,-18.419003],[-46.400152600000013,-18.415431099999978],[-46.3762663,-18.4422154],[-46.356812599999955,-18.5070677],[-46.358741799999962,-18.565599799999916],[-46.340150900000026,-18.600418199999979],[-46.351595,-18.6327013],[-46.304034099999967,-18.6535874],[-46.2825277,-18.717708399999935],[-46.302347499999939,-18.7538149],[-46.2951043,-18.800482299999942],[-46.251605699999971,-18.79665],[-46.237951599999974,-18.842205200000024],[-46.301726499999972,-18.895722],[-46.298973600000011,-18.9592348],[-46.2381974,-19.004774],[-46.215892899999972,-19.044587599999943],[-46.224805399999923,-19.074995599999966],[-46.165613899999983,-19.091403899999932],[-46.1402117,-19.18044279999998],[-46.125693699999943,-19.1826491],[-46.159860799999933,-19.26486129999995],[-46.1550588,-19.3201467],[-46.120980399999951,-19.366962499999943],[-46.1553687,-19.394361],[-46.1556642,-19.42337550000002],[-46.106372099999987,-19.46794490000002],[-46.1289918,-19.502997900000025],[-46.106136399999912,-19.529295400000024],[-46.139520899999923,-19.553488500000014],[-46.102858499999968,-19.57434539999997],[-46.107505599999968,-19.611933],[-46.067070899999976,-19.632639799999936],[-46.0672222,-19.649472399999922],[-46.174434899999937,-19.701389100000029],[-46.158044799999971,-19.732031600000028],[-46.170259499999986,-19.749034699999982],[-46.218153699999959,-19.741374],[-46.303215599999987,-19.7975025],[-46.327288299999964,-19.795762899999886],[-46.336635899999976,-19.81503349999997],[-46.314198200000021,-19.8716286],[-46.403262199999972,-19.882948100000021],[-46.425564699999939,-19.866947499999924],[-46.461033099999952,-19.885397099999977],[-46.529377300000021,-19.858230699999979],[-46.54681759999994,-19.907905199999959],[-46.57215960000002,-19.8906864],[-46.62644720000003,-19.94327],[-46.633582699999863,-19.968833799999913],[-46.598313599999983,-19.998931],[-46.630006799999933,-19.99633039999992],[-46.608863499999984,-20.037856699999907],[-46.629846699999916,-20.052779499999986],[-46.629940200000021,-20.098567899999978],[-46.593684099999905,-20.120864499999982],[-46.656100400000014,-20.13625989999997],[-46.671845,-20.171717099999967],[-46.648121899999978,-20.2164558],[-46.574789899999985,-20.235948099999973],[-46.550564399999985,-20.262972699999921],[-46.592861399999947,-20.3275815],[-46.5668412,-20.365740199999948],[-46.52631580000002,-20.356219300000021],[-46.422883299999967,-20.414866],[-46.433911199999955,-20.434772799999962],[-46.418343899999968,-20.483973599999956],[-46.34579789999998,-20.532583699999975],[-46.344820799999923,-20.551872300000014],[-46.2893001999999,-20.559680699999944],[-46.286780799999974,-20.535162],[-46.22213569999991,-20.505723400000022],[-46.150423499999988,-20.570429],[-46.105482600000016,-20.53261],[-46.075331399999925,-20.53369269999996],[-46.005470899999978,-20.60201149999989],[-45.9577294,-20.587547200000017],[-45.926646300000016,-20.53699],[-45.890138599999943,-20.541527899999892],[-45.887918300000024,-20.452173699999889],[-45.837545199999965,-20.458764299999928],[-45.799944499999981,-20.440938599999924],[-45.768358799999874,-20.474960300000021],[-45.742683899999975,-20.46766939999992],[-45.717404299999885,-20.5081738],[-45.655891,-20.491016],[-45.60490099999987,-20.499384500000019],[-45.576927800000021,-20.46002059999995],[-45.569687599999952,-20.398526],[-45.5184468,-20.3992465],[-45.489027499999963,-20.371527899999933],[-45.44188349999996,-20.393986199999972],[-45.4203989,-20.342027799999983],[-45.392127399999936,-20.333293500000025],[-45.361238,-20.352495199999964],[-45.333172799999886,-20.337401399999976],[-45.3031843,-20.376829799999939],[-45.321462599999961,-20.438409899999954],[-45.279049499999985,-20.464369099999885],[-45.240600099999938,-20.4463677],[-45.222582,-20.471506699999964],[-45.1695317,-20.421793799999989],[-45.150444299999947,-20.451472599999988],[-45.20416130000001,-20.496535699999924],[-45.190021499999887,-20.5490850999999],[-45.097506899999871,-20.565345200000024],[-45.044826699999987,-20.637467599999979],[-45.003581899999972,-20.637384],[-44.9929391,-20.620479799999941],[-44.975613599999974,-20.63396819999997],[-44.975572,-20.599697799999944],[-44.927309899999955,-20.587518100000011],[-44.862911399999973,-20.689576199999976],[-44.8196979,-20.674376699999925],[-44.7928415,-20.6951416],[-44.751109199999973,-20.663661],[-44.759003199999938,-20.614272200000016],[-44.719424800000013,-20.6140613],[-44.68589750000001,-20.647288799999899],[-44.693205299999988,-20.681527199999948],[-44.647141199999965,-20.709008199999914],[-44.6187539,-20.769571],[-44.540358499999968,-20.785952399999928],[-44.505534399999931,-20.746570099999985],[-44.42917419999992,-20.804519199999959],[-44.405704899999989,-20.776341299999956],[-44.33663869999998,-20.7915944],[-44.290393399999971,-20.770465800000011],[-44.2540189,-20.8612301],[-44.195140199999855,-20.867920699999956],[-44.167424899999958,-20.9031053],[-44.1331116,-20.898749399999986],[-44.085364700000014,-20.929251099999874],[-44.073775500000011,-20.906105200000013],[-43.992803200000026,-20.930633699999873],[-43.966648299999918,-20.9023765],[-43.812988599999983,-20.87409550000001],[-43.799910499999953,-20.884395899999959],[-43.819465199999968,-20.900966899999958],[-43.8156983,-20.932501699999989],[-43.730980599999953,-20.937204],[-43.745775400000014,-20.959552499999972],[-43.717375899999979,-21.021299699999986],[-43.717696899999964,-21.0710269],[-43.603161399999863,-21.109676400000012],[-43.5874326,-21.223140199999989],[-43.602194599999962,-21.213433099999918],[-43.640616599999987,-21.270216299999959],[-43.610200099999872,-21.2739158],[-43.57075020000002,-21.323550699999885],[-43.618391799999984,-21.347158099999888],[-43.6325402,-21.3838523],[-43.683418199999949,-21.386726399999873],[-43.71051529999994,-21.423101299999928],[-43.745080399999949,-21.427154500000029],[-43.758853499999987,-21.445920600000022],[-43.74838840000001,-21.48468459999998],[-43.7711314,-21.49311309999996],[-43.809154700000022,-21.47361769999992],[-43.819431,-21.5548571],[-43.8723539,-21.543748900000026],[-43.874801899999966,-21.587524200000018],[-43.9367782,-21.630966799999953],[-43.88743409999995,-21.682456299999956],[-43.922991299999978,-21.748968399999967],[-44.006539199999963,-21.769028999999875],[-44.045412899999917,-21.8249834],[-44.0424769,-21.859926500000029],[-44.088975899999866,-21.886305699999866],[-44.06899169999997,-21.898673799999926],[-44.115667699999904,-21.931279],[-44.1073032,-21.955641199999945],[-44.081576899999959,-21.962923],[-44.1244883,-21.997285699999964],[-44.128712899999925,-22.02927870000002],[-44.163910900000019,-22.0366841],[-44.202563699999985,-22.0065545],[-44.207622799999967,-22.069734499999981],[-44.3008954,-22.1179143],[-44.342795099999989,-22.185615699999971],[-44.567792699999984,-22.237339599999927],[-44.666243800000018,-22.319862699999987],[-44.62596880000001,-22.373748699999965],[-44.639778200000023,-22.3805137],[-44.64947189999998,-22.361842299999978],[-44.70508430000001,-22.3776532],[-44.72407290000001,-22.3593831],[-44.801892,-22.3922811],[-44.831616,-22.431048799999985],[-44.8707536,-22.423869599999989],[-44.966251499999942,-22.474774499999967],[-45.0288043,-22.4626285],[-45.139793299999951,-22.501448699999969],[-45.176553800000022,-22.549440499999946],[-45.261126099999899,-22.581933399999912],[-45.265316499999869,-22.610276499999884],[-45.333792799999912,-22.6174269],[-45.4001447,-22.654304199999956],[-45.446938900000021,-22.71567929999992],[-45.61133789999991,-22.793502799999942],[-45.667532699999981,-22.875747199999921],[-45.736337600000013,-22.890933599999869],[-45.759103200000027,-22.836381],[-45.791129099999978,-22.859000699999967],[-45.808355300000017,-22.82896820000002],[-45.8423515,-22.833609099999933],[-45.887396799999919,-22.875207899999964],[-45.912686699999881,-22.81575620000001],[-46.006531900000027,-22.889191599999947],[-46.051348299999916,-22.896996499999943],[-46.051247899999964,-22.96818739999992],[-46.126249700000017,-23.0087502],[-46.161415399999953,-23.06582],[-46.205634499999917,-23.0853988],[-46.263161499999967,-23.188224699999921],[-46.30670090000001,-23.197730299999932],[-46.3112382999999,-23.227531399999918],[-46.433132699999931,-23.330619500000012],[-46.400737699999922,-23.349763400000029],[-46.386363299999914,-23.392086],[-46.325460199999952,-23.369237100000021],[-46.294739,-23.387077499999918],[-46.313473199999976,-23.414645],[-46.298633699999982,-23.465866],[-46.239890800000012,-23.503132099999959],[-46.100944200000015,-23.452304499999968],[-46.146068099999979,-23.50192329999993],[-46.088002899999879,-23.504742799999917],[-46.056739399999856,-23.542035299999952],[-45.963491799999929,-23.497472599999924],[-45.931929299999979,-23.4889278],[-45.910348699999986,-23.5059943],[-45.839445,-23.473027],[-45.790914,-23.518051800000023],[-45.667322800000022,-23.497366499999941],[-45.634860099999969,-23.520436899999936],[-45.638763900000015,-23.536488399999939],[-45.665449499999909,-23.5705254],[-45.701402299999984,-23.576093599999979],[-45.7134522,-23.594412299999988],[-45.695461099999989,-23.631454599999927],[-45.742297099999917,-23.6679706],[-45.794091599999945,-23.6827353],[-45.8381938,-23.669017],[-45.845612299999971,-23.643736499999989],[-45.958089399999949,-23.666294199999982],[-45.9491286,-23.644953900000019],[-45.973581799999977,-23.640484300000026],[-45.959681599999897,-23.602567099999874],[-46.014037599999938,-23.6030611],[-46.044832099999894,-23.637814999999875],[-46.045146599999896,-23.669861299999923],[-46.099352300000021,-23.718742799999973],[-46.113688699999898,-23.667380700000024],[-46.158194499999922,-23.715684099999862],[-46.1924932,-23.713448700000015],[-46.207744,-23.742916499999922],[-46.237696299999982,-23.734880899999951],[-46.296543199999917,-23.787976899999933],[-46.351971399999968,-23.778369899999973],[-46.384106,-23.786194500000022],[-46.393416699999989,-23.811497200000019],[-46.468626500000028,-23.80957369999993],[-46.446142099999975,-23.8494541],[-46.468353899999954,-23.8698293],[-46.5055901,-23.866066199999864],[-46.5249088,-23.830280300000027],[-46.537231599999927,-23.8969454],[-46.561630299999933,-23.878340399999956],[-46.575431899999955,-23.895062699999983],[-46.575354,-23.862008799999955],[-46.6118773,-23.908648],[-46.650695799999937,-23.874867699999982],[-46.7475015,-23.887757699999952],[-46.764827399999945,-23.9265342],[-46.735476800000015,-23.983700799999951],[-46.769978400000014,-24.00803],[-46.754596199999924,-23.973111799999913],[-46.78717759999995,-23.941324099999974],[-46.84784350000001,-23.950906799999984],[-46.878451499999983,-23.927937199999974],[-46.903835800000024,-23.941344099999924],[-46.9286927,-23.929453],[-46.8904101,-23.864333899999963],[-46.882742,-23.826734699999918],[-46.896358799999973,-23.814682399999981],[-46.871437,-23.792672699999912],[-46.884536499999967,-23.77324010000001],[-46.909998700000017,-23.7914543],[-46.937105200000019,-23.774093699999924],[-46.957738100000029,-23.7922992],[-46.96681719999998,-23.762435699999912],[-46.982927299999972,-23.802917200000024],[-47.070509199999947,-23.785406499999908],[-47.092497499999922,-23.813085199999989],[-47.159367,-23.800515599999926],[-47.207582699999989,-23.844284299999913],[-47.234510299999897,-23.814872900000012],[-47.263452699999959,-23.820458],[-47.319197299999985,-23.7909866],[-47.4497614,-23.921605600000021],[-47.489343799999915,-23.9104635999999],[-47.527815199999907,-23.937920599999984],[-47.628310399999975,-23.94986949999992],[-47.715204099999937,-24.0059268],[-47.738193599999988,-23.985253600000021],[-47.779872599999976,-23.988924900000029],[-47.8022724,-23.952642399999945],[-47.8469708,-23.954637699999921],[-47.863767499999938,-24.003053899999941],[-47.852501599999925,-24.020460500000013],[-47.888956099999916,-24.048140600000011],[-47.8838088,-24.063381099999958],[-47.908132,-24.068215499999951],[-47.893479099999979,-24.076479100000029],[-47.901561099999981,-24.093064500000025],[-47.9848806,-24.112809199999958],[-48.0080542,-24.134812799999963],[-48.0229506,-24.125475400000028],[-48.056961199999932,-24.1465169],[-48.061093199999959,-24.182164199999988],[-48.098131499999965,-24.202049699999975],[-48.1412588,-24.194386800000018],[-48.145709099999976,-24.231593199999963],[-48.206301,-24.2641398],[-48.2527844,-24.257434699999919],[-48.284152,-24.284068899999966],[-48.278475399999934,-24.2992145],[-48.3265005,-24.313789],[-48.328809400000011,-24.290677],[-48.360127599999942,-24.2808736],[-48.387153399999988,-24.305660699999919],[-48.410568199999943,-24.267520399999967],[-48.457660899999894,-24.2530923],[-48.455302299999971,-24.295381799999973],[-48.495602099999985,-24.282686800000022],[-48.505243300000018,-24.304041299999938],[-48.5231281,-24.297174699999971],[-48.523725800000022,-24.319241200000022],[-48.558188099999938,-24.286545099999955],[-48.628098299999976,-24.350235699999985],[-48.658620199999916,-24.4048378],[-48.696805299999937,-24.412361299999986],[-48.693787199999974,-24.4524045],[-48.7604844,-24.512893499999961],[-48.807323899999972,-24.511800599999958],[-48.833549100000027,-24.4743075],[-48.8503715,-24.479831999999874],[-48.873676099999955,-24.431621],[-48.898775499999942,-24.428010299999983],[-48.916491099999973,-24.386830499999974],[-48.945519199999978,-24.38509769999996],[-48.973419700000022,-24.345493799999986],[-49.005553299999974,-24.34874219999989],[-49.041310599999974,-24.384722399999987],[-49.10410179999991,-24.335483699999941],[-49.137057099999936,-24.3336445],[-49.248272,-24.399230899999964],[-49.25417049999993,-24.423344499999928],[-49.312643799999933,-24.425899399999935],[-49.358363199999928,-24.476830799999959],[-49.428014399999881,-24.5003276],[-49.453944899999897,-24.537093099999936],[-49.48732,-24.533936099999949],[-49.511046599999929,-24.613554799999918],[-49.538739699999951,-24.568188599999928],[-49.57139989999996,-24.624266199999965],[-49.589123299999869,-24.6175627],[-49.5940855,-24.636443],[-49.655581199999972,-24.644972799999948],[-49.681464099999971,-24.668651599999976],[-49.682319499999949,-24.699968],[-49.64928580000003,-24.7109585],[-49.678729299999986,-24.730304900000021],[-49.6737814,-24.7727145],[-49.713414600000021,-24.768941599999948],[-49.712369599999931,-24.794556],[-49.752026399999977,-24.8084925],[-49.752705100000014,-24.843061],[-49.806852,-24.8360477],[-49.804681800000026,-24.882880199999988],[-49.778838699999937,-24.908808599999986],[-49.826180499999964,-24.9581432],[-49.900443900000027,-24.954084099999932],[-49.892606300000011,-24.998581399999978],[-49.925032,-24.9899274],[-49.929899699999964,-25.019699800000012],[-49.9664543,-25.029768499999989],[-49.978751299999885,-25.0982045],[-50.000995299999943,-25.114264],[-49.967464099999972,-25.1094286],[-49.970178499999975,-25.131276699999944],[-49.929027,-25.146239499999922],[-49.9064674,-25.196911899999918],[-49.829339599999969,-25.224195800000018],[-49.843878099999927,-25.252883199999985],[-49.816391099999919,-25.269542399999978],[-49.840677,-25.297276300000021],[-49.7881438,-25.356770200000028],[-49.735499599999969,-25.3639159],[-49.728819399999963,-25.421906899999897],[-49.695816099999888,-25.43753959999998],[-49.710441300000014,-25.477833],[-49.591672599999924,-25.450577499999952],[-49.530151,-25.384152299999982],[-49.4848915,-25.388548599999922],[-49.458155899999952,-25.356145799999865],[-49.379756099999952,-25.3327314],[-49.356314600000019,-25.294401600000015],[-49.313966199999925,-25.276483],[-49.335854,-25.241747499999917],[-49.300726299999951,-25.2247954],[-49.256764299999872,-25.270804899999916],[-49.223160399999983,-25.268936100000019],[-49.205852899999968,-25.29314549999998],[-49.1571882,-25.290158799999972],[-49.140039099999967,-25.318140799999981],[-49.088721899999882,-25.33688159999997],[-49.075690899999927,-25.366938199999936],[-49.0003795,-25.388938899999971],[-48.998483199999953,-25.437705899999969],[-48.973858299999961,-25.436218799999949],[-48.994524599999977,-25.467009099999984],[-48.958286,-25.4882753],[-48.9743095,-25.5090169],[-48.964220799999964,-25.5594873],[-48.995701899999972,-25.593580799999984],[-49.018816,-25.680239200000017],[-49.058843599999989,-25.700136099999895],[-49.1305979,-25.815211899999952],[-49.089503299999876,-25.872638100000017],[-49.108067300000016,-25.899093499999935],[-49.084219699999949,-25.9545025],[-49.068500299999982,-25.9667306],[-48.99207969999992,-25.922469299999875],[-48.948527,-25.989492699999971],[-48.957162199999914,-26.020093200000019],[-48.9785569,-26.026261699999964],[-49.035425,-26.009696599999927],[-49.057955399999969,-26.076926299999968],[-49.158227599999918,-26.113930099999948],[-49.192302900000016,-26.15152769999986],[-49.174434799999972,-26.207379600000024],[-49.285868099999902,-26.2277712],[-49.33322539999989,-26.259721399999989],[-49.334655,-26.288168700000028],[-49.402635699999962,-26.3177331],[-49.402980899999989,-26.3499423],[-49.437294299999962,-26.3738889],[-49.444790599999976,-26.426548399999945],[-49.495828,-26.427874499999973],[-49.442584599999975,-26.489773500000013],[-49.548801199999957,-26.5257813],[-49.582517100000018,-26.584330299999976],[-49.583932,-26.664830699999982],[-49.609554399999979,-26.708756799999946],[-49.640388700000017,-26.691590799999915],[-49.696298800000022,-26.6964686],[-49.737777199999982,-26.645762299999944],[-49.738035899999943,-26.6142906],[-49.78254290000001,-26.5934527],[-49.8139865,-26.5348849],[-49.852082399999915,-26.536638299999936],[-49.886584200000016,-26.449378599999932],[-49.984042,-26.463009199999931],[-50.045641199999977,-26.438419799999963],[-50.118572799999981,-26.443615799999975],[-50.190257299999928,-26.376533],[-50.2205384,-26.388378899999964],[-50.22986,-26.481260799999916],[-50.1955249,-26.5903427],[-50.21631009999993,-26.674567500000023],[-50.246471,-26.697936200000015],[-50.253340299999877,-26.734724899999947],[-50.222971,-26.765326599999923],[-50.2159408,-26.804888800000015],[-50.279897799999901,-26.878115499999979],[-50.261253,-26.883954500000016],[-50.27163539999998,-26.9305127],[-50.293056899999954,-26.9907106],[-50.319797499999936,-27.012374799999975],[-50.333529,-27.0773241],[-50.354860899999949,-27.091897899999879],[-50.321140799999966,-27.145338],[-50.3294515,-27.173472399999923],[-50.292490699999917,-27.200900199999921],[-50.297692499999982,-27.220853799999873],[-50.274844499999858,-27.210667600000022],[-50.261235100000022,-27.239511100000016],[-50.19796029999992,-27.241646100000025],[-50.16980209999997,-27.274997],[-50.129244299999982,-27.27415],[-50.077140499999871,-27.30533],[-50.054425399999957,-27.3541598],[-50.01777409999994,-27.379680899999983],[-50.003071,-27.434569300000021],[-49.953761099999952,-27.417919499999982],[-49.918205599999908,-27.428101199999958],[-49.892716,-27.467444],[-49.909949200000028,-27.533551100000011],[-49.881172900000024,-27.583123599999965],[-49.846820499999865,-27.575855100000012],[-49.80295069999994,-27.596254199999976],[-49.735534599999937,-27.568006700000012],[-49.7403367,-27.593516299999919],[-49.716676599999971,-27.6002929],[-49.694997399999977,-27.581642399999964],[-49.650320799999974,-27.585012300000017],[-49.644521299999894,-27.613414699999907],[-49.6211743,-27.618964099999971],[-49.639800199999968,-27.647941099999969],[-49.620176799999911,-27.69412049999994],[-49.4729352,-27.730569799999955],[-49.4250596,-27.765377300000011],[-49.423550400000011,-27.785907499999951],[-49.381965499999978,-27.815079399999945],[-49.356263399999932,-27.811552899999924],[-49.3388807,-27.8368044],[-49.31499580000002,-27.8319624],[-49.295234199999925,-27.874921700000016],[-49.280693,-27.8734776],[-49.305678599999965,-27.916343499999869],[-49.30890549999998,-27.970679699999948],[-49.348503400000027,-27.995511599999929],[-49.367602399999953,-28.061949899999945],[-49.403407499999958,-28.0811845],[-49.394305499999916,-28.11012820000002],[-49.432381899999939,-28.114376100000015],[-49.453381700000023,-28.138831],[-49.486730799999918,-28.127912499999979],[-49.537083100000018,-28.184305600000016],[-49.536529,-28.224013899999989],[-49.5962356,-28.240498],[-49.593692,-28.255676],[-49.549872799999889,-28.247793899999976],[-49.555243799999914,-28.2726247],[-49.524445899999989,-28.2971298],[-49.5639205,-28.351890499999968],[-49.5518856,-28.485588399999983],[-49.634414299999946,-28.52645050000001],[-49.652631900000017,-28.598498599999914],[-49.67687339999992,-28.619578199999978],[-49.754893699999968,-28.627602399999944],[-49.7878981,-28.607366599999978],[-49.841246,-28.658607599999925],[-49.8378161,-28.696894899999961],[-49.953869,-28.718242399999951],[-49.959817199999918,-28.749948199999892],[-50.020356,-28.770435500000019],[-50.054117199999951,-28.733838899999967],[-50.088186399999984,-28.721385699999985],[-50.111465299999963,-28.739555099999961],[-50.15358649999996,-28.707725699999969],[-50.224591099999941,-28.723745800000017],[-50.26687720000001,-28.694681100000025],[-50.304288299999939,-28.715952099999981],[-50.340712,-28.657246],[-50.4003007,-28.65580060000002],[-50.447320100000013,-28.610244699999953],[-50.4803483,-28.615476499999943],[-50.509776199999976,-28.656819599999949],[-50.5670518,-28.670501399999921],[-50.596773900000017,-28.6415695],[-50.726295,-28.639876899999933],[-50.783474199999944,-28.573051799999973],[-50.789175499999942,-28.534020399999918],[-50.83682019999992,-28.497948599999972],[-50.925231100000019,-28.5226404],[-50.952899099999911,-28.513583],[-50.969609699999921,-28.445069600000011],[-51.0213951,-28.386782799999935],[-50.991757199999938,-28.267875499999946],[-51.022424600000022,-28.284065699999985],[-51.083492200000023,-28.234831199999917],[-51.085769199999959,-28.199587599999916],[-51.111417199999948,-28.2091992],[-51.156582799999967,-28.187132099999985],[-51.225344399999926,-28.2038144],[-51.2724958,-28.179913799999952],[-51.338324199999988,-28.2401572],[-51.38856370000002,-28.2411697],[-51.39701969999993,-28.2741974],[-51.470363099999986,-28.3091758],[-51.482136799999921,-28.29559009999997],[-51.53312509999995,-28.309813299999973],[-51.613752,-28.295416],[-51.6531536,-28.311584399999958],[-51.7624063,-28.261041],[-51.773892499999988,-28.287035600000024],[-51.8388256,-28.304504],[-51.918437499999868,-28.296526],[-51.941153699999916,-28.32362569999998],[-51.9618676,-28.287501],[-52.014099199999862,-28.2878045],[-52.0410693,-28.315398399999935],[-52.067777699999965,-28.2908061],[-52.0937897,-28.310410099999956],[-52.116249799999935,-28.2906946],[-52.17117449999995,-28.29994210000001],[-52.2025754,-28.263588799999923],[-52.268607299999928,-28.244394399999919],[-52.343445799999984,-28.2987453],[-52.465801799999952,-28.227303800000016],[-52.488471399999924,-28.261632099999929],[-52.539937899999984,-28.262380600000029],[-52.559627899999953,-28.29300360000002],[-52.577051199999971,-28.28268],[-52.61620419999997,-28.311671900000022],[-52.687006799999949,-28.2762146],[-52.739476299999978,-28.281014499999969],[-52.771077,-28.306970599999943],[-52.783286199999964,-28.282094299999926],[-52.803109599999971,-28.3029727],[-52.865092099999913,-28.273671399999955],[-52.902678599999945,-28.300911199999973],[-52.946031899999866,-28.2733187],[-53.008110699999975,-28.291750700000023],[-53.054341499999964,-28.155593],[-53.154413799999986,-28.138907500000016],[-53.226441200000011,-28.174924],[-53.240921599999979,-28.24795610000001],[-53.28901929999995,-28.326250099999982],[-53.242978699999924,-28.382862],[-53.279623499999957,-28.429857799999979],[-53.318789699999968,-28.426329399999986],[-53.3761852,-28.47265010000001],[-53.410920799999985,-28.4846392],[-53.4374674,-28.468778499999928],[-53.4645691,-28.488555099999985],[-53.449225699999943,-28.509940099999938],[-53.467571099999986,-28.535554899999966],[-53.455442599999913,-28.5521723],[-53.522030699999959,-28.57542380000001],[-53.540666499999929,-28.616161599999884],[-53.590687499999888,-28.626891300000011],[-53.6296873,-28.6984099],[-53.619101199999989,-28.710509699999989],[-53.69458579999997,-28.7876837],[-53.759300799999949,-28.909586499999989],[-53.7547434,-28.964858699999979],[-53.785110700000018,-28.965637699999945],[-53.787884099999985,-28.997706600000015],[-53.849225900000022,-29.070962399999928],[-53.790719500000023,-29.1070431],[-53.7750845,-29.1564924],[-53.744219499999986,-29.151861399999973],[-53.690782499999955,-29.192499399999974],[-53.683692899999983,-29.228214099999889],[-53.6582851,-29.241062099999965],[-53.68680849999987,-29.315863699999966],[-53.668811800000015,-29.337294199999974],[-53.689753099999962,-29.365903300000014],[-53.668307299999924,-29.3792555],[-53.696734399999912,-29.4559992],[-53.6809761,-29.491980499999954],[-53.782267299999944,-29.5622816],[-53.821381899999949,-29.623277599999938],[-53.926051199999961,-29.630178099999966],[-53.9703313,-29.668308899999943],[-53.967644099999973,-29.685694399999932],[-54.047313699999961,-29.699351199999967],[-54.033227,-29.722299499999963],[-54.056994700000018,-29.736088199999983],[-54.0943438,-29.752138299999956],[-54.18888219999991,-29.734597399999984],[-54.240967499999954,-29.749030800000014],[-54.223843,-29.809636300000022],[-54.245857299999955,-29.86412259999986],[-54.2891103,-29.892795],[-54.289532300000019,-29.915311799999984],[-54.307095,-29.906526499999984],[-54.326797499999941,-29.924027799999976],[-54.333685899999978,-29.958150199999977],[-54.309168699999987,-29.993292399999973],[-54.28905889999993,-29.993359699999928],[-54.284700399999906,-30.035480800000016],[-54.289834499999984,-30.064066],[-54.335413799999912,-30.072062199999948],[-54.337089799999944,-30.1403932],[-54.361804099999972,-30.189719299999979],[-54.32753550000001,-30.216672300000027],[-54.385195300000021,-30.257936899999947],[-54.393196900000021,-30.242181500000015],[-54.4528967,-30.238098699999966],[-54.4677479,-30.256619699999931],[-54.4396974,-30.3019713],[-54.4391584,-30.351722699999982],[-54.455921399999966,-30.352100899999925],[-54.444896,-30.371179499999926],[-54.471571799999936,-30.374424],[-54.478398799999923,-30.422774599999968],[-54.549978099999976,-30.4373147],[-54.535508899999968,-30.452916699999946],[-54.550229299999955,-30.486092],[-54.528541599999983,-30.522795799999983],[-54.443472,-30.570416899999941],[-54.411116,-30.55824819999998],[-54.3004386,-30.604697299999941],[-54.27992329999995,-30.6957483],[-54.142972399999962,-30.761260599999957],[-54.161999900000012,-30.790060499999981],[-54.133538499999929,-30.8058509],[-54.092847099999972,-30.916014299999915],[-54.1336121,-30.989413500000012],[-54.191939100000013,-31.029439599999989],[-54.19891889999991,-31.093007600000021],[-54.166432599999951,-31.128742699999918],[-54.158986700000014,-31.1967411],[-54.082072900000014,-31.205331199999989],[-54.033811799999967,-31.253537199999982],[-53.882499099999961,-31.2530901],[-53.874736,-31.281273399999975],[-53.841204800000014,-31.303866],[-53.786624699999948,-31.301846599999919],[-53.769989199999941,-31.3324968],[-53.8079042,-31.3411678],[-53.808958699999948,-31.398752],[-53.842802699999879,-31.410971099999983],[-53.849531899999931,-31.437556500000028],[-53.904349700000012,-31.443276499999968],[-53.948318799999981,-31.485933499999987],[-53.994678599999929,-31.475071],[-54.025417399999981,-31.4891927],[-54.047892,-31.546139],[-54.114164,-31.630096400000014],[-54.155686299999957,-31.6426394],[-54.2323427,-31.758657699999958],[-54.2133682,-31.797620699999868],[-54.227484800000013,-31.805452600000024],[-54.21844539999995,-31.853369],[-54.19487190000001,-31.844863399999952],[-54.161047099999962,-31.8704098],[-54.172122300000012,-31.88136419999995],[-54.150365199999953,-31.896356899999944],[-54.152989100000013,-31.936816],[-54.1032462,-31.962457700000016],[-54.082892299999969,-31.9994107],[-54.0791815,-32.017060299999969],[-54.10663310000001,-32.034938599999975],[-54.088253,-32.1256115],[-54.13507420000002,-32.122020499999962],[-54.160792099999924,-32.134412199999986],[-54.1676789,-32.173368899999957],[-54.2186168,-32.170155799999861],[-54.2942028,-32.200454900000011],[-54.308177599999965,-32.23613469999998],[-54.35806980000001,-32.2523344],[-54.4079233,-32.3074982],[-54.441167199999938,-32.364505799999961],[-54.432143199999985,-32.391729199999929],[-54.459926299999893,-32.3890743],[-54.485102899999958,-32.416122200000018],[-54.462958699999945,-32.470353699999976],[-54.4827181,-32.468619400000023],[-54.477516899999955,-32.520603899999969],[-54.446825100000012,-32.580405],[-54.459633899999858,-32.603400199999953],[-54.419026299999928,-32.66387659999998],[-54.4470336,-32.729273499999977],[-54.429952199999946,-32.755444299999965],[-54.438565599999947,-32.778850299999931],[-54.574859199999935,-32.799058100000025],[-54.624845400000027,-32.844286],[-54.691685099999916,-32.796012299999973],[-54.739595099999974,-32.842554599999971],[-54.850922699999956,-32.852055599999858],[-54.902227799999935,-32.920757199999912],[-55.007999899999959,-32.933840299999986],[-55.0336034,-32.969753200000014],[-55.006377799999882,-32.999594199999933],[-55.014832800000022,-33.035068200000012],[-55.0492122,-33.066249499999969],[-55.1108678,-33.082732199999953],[-55.1386061,-33.129161099999976],[-55.11808689999998,-33.14212],[-55.129799199999979,-33.179169899999977],[-55.115180899999984,-33.193744900000013],[-55.140995499999974,-33.232809299999872],[-55.090691600000014,-33.280876],[-55.143741099999886,-33.31652459999998],[-55.12984419999998,-33.339732499999968],[-55.1597865,-33.375062299999968],[-55.153558,-33.425496599999974],[-55.1279963,-33.444423499999971],[-55.1527367999999,-33.4775636],[-55.1428588,-33.5099548],[-55.213389300000017,-33.5118728],[-55.240004199999987,-33.589749],[-55.3324801,-33.609126899999922],[-55.358363699999927,-33.644656899999973],[-55.342796099999987,-33.6997058],[-55.302734,-33.712523499999975],[-55.3203135,-33.733018],[-55.299700200000018,-33.76228969999994],[-55.3589242,-33.872402599999987],[-55.2805864,-33.9403438],[-55.256936899999971,-34.006794],[-55.179702099999986,-34.055137299999956],[-55.154477400000019,-34.048283700000013],[-55.146209699999929,-34.152463899999987],[-55.065866,-34.179489],[-55.088629700000013,-34.290477799999962],[-55.00829269999997,-34.311497799999927],[-55.007845,-34.36993549999994],[-54.983194200000014,-34.387710500000026],[-54.99884,-34.449186699999984],[-55.1705796,-34.536783899999989],[-55.143318099999988,-34.615342099999964],[-55.144502199999977,-34.682155599999874],[-55.072122299999933,-34.718123499999933],[-55.025942699999973,-34.70739569999995],[-54.9982293,-34.751933899999926],[-55.030166899999983,-34.860407099999975],[-55.125349299999925,-34.866996799999981],[-55.147331,-34.94983789999992],[-55.299406699999963,-35.166329500000018],[-55.5011776,-35.288544399999864],[-56.068382899999961,-35.71983419999998],[-56.067076499999985,-35.7035151]]]]}},
{"type":"Feature","properties":{"nome_bacia":"Bacia Tocantins-Araguaia"},"geometry":{"type":"MultiPolygon","coordinates":[[[[-53.05622390000002,-18.041638],[-53.113367700000026,-18.009771],[-53.133325699999943,-18.020536399999912],[-53.181556299999897,-18.002341699999874],[-53.1804745,-17.96464],[-53.21274539999996,-17.955786699999919],[-53.215252,-17.917818],[-53.281657499999937,-17.836798499999986],[-53.287436099999979,-17.775206599999933],[-53.324520300000017,-17.696473],[-53.3755314,-17.780861099999981],[-53.445817200000022,-17.755401199999937],[-53.4497682,-17.7373237],[-53.39201909999997,-17.704175],[-53.407808899999964,-17.6678943],[-53.377500099999907,-17.645037799999955],[-53.372807399999942,-17.597926299999983],[-53.39683789999998,-17.580037399999981],[-53.421845800000028,-17.591451600000028],[-53.42011530000002,-17.55562429999992],[-53.401529,-17.529055799999981],[-53.361871800000017,-17.54216329999997],[-53.302983,-17.491476199999966],[-53.3498836,-17.431615500000021],[-53.377232400000025,-17.429544],[-53.356865500000026,-17.402992400000016],[-53.373196599999972,-17.386130799999989],[-53.365119100000015,-17.348710099999948],[-53.391753900000026,-17.353034],[-53.411540899999864,-17.330920099999958],[-53.3903226,-17.282062399999916],[-53.490865799999938,-17.287085],[-53.476714,-17.2508],[-53.448637099999928,-17.259476100000029],[-53.4395907,-17.242916199999968],[-53.443230299999925,-17.214478900000017],[-53.491802299999961,-17.200413],[-53.460440299999959,-17.185743699999932],[-53.4825035,-17.162378],[-53.480359199999953,-17.127061599999877],[-53.44148139999993,-17.0596612],[-53.492775100000017,-17.030241400000023],[-53.494151899999963,-16.989864399999931],[-53.52116460000002,-17.005084899999929],[-53.5531413,-16.992708900000025],[-53.552904,-16.970141099999978],[-53.587517,-16.967305299999964],[-53.578263399999969,-16.940021100000024],[-53.615105099999937,-16.916541400000028],[-53.631399499999986,-16.836258199999975],[-53.657774299999915,-16.856741799999952],[-53.7047839,-16.8542605],[-53.703262199999926,-16.820152800000017],[-53.7637484,-16.7717948],[-53.7052445,-16.690642700000012],[-53.7732833,-16.63477690000002],[-53.783829200000014,-16.555705],[-53.834743099999969,-16.550577700000019],[-53.83593129999997,-16.522578199999884],[-53.882176699999945,-16.502111699999944],[-53.877630699999941,-16.470013100000017],[-53.783641299999942,-16.42166450000002],[-53.819187799999952,-16.370216299999925],[-53.813887899999941,-16.318290299999944],[-53.830879199999913,-16.316255],[-53.870192599999939,-16.243646500000011],[-53.800416399999961,-16.217916800000012],[-53.7922747,-16.182105400000012],[-53.852213399999926,-16.130483399999946],[-53.811812499999974,-16.086681],[-53.854992599999946,-16.053744100000017],[-53.877193,-16.0062823],[-53.8549673,-16.00094809999996],[-53.83963289999997,-16.018692900000019],[-53.836661699999979,-16.001943799999935],[-53.813653699999918,-16.001118299999916],[-53.767742599999963,-15.891043399999944],[-53.790514799999983,-15.890301699999952],[-53.808598599999982,-15.858725],[-53.871518499999979,-15.843753100000015],[-53.915967,-15.8686348],[-53.967516900000021,-15.84421089999995],[-53.972058800000013,-15.823081699999989],[-53.993949399999906,-15.829027399999973],[-54.021955199999923,-15.780997099999922],[-54.0783346,-15.78707009999988],[-54.082630900000026,-15.7550771],[-54.119940900000017,-15.807573999999875],[-54.154065800000012,-15.777396299999964],[-54.180603,-15.7965623],[-54.188039,-15.7542848],[-54.1571025,-15.678672300000017],[-54.171663799999976,-15.64943820000002],[-54.2242693,-15.632388400000025],[-54.192716,-15.550810099999978],[-54.209567199999981,-15.5290245],[-54.2358941,-15.554807199999971],[-54.293796,-15.5517377],[-54.3606504,-15.5972681],[-54.432790599999976,-15.5890205],[-54.444861899999921,-15.552234],[-54.474192599999981,-15.5452431],[-54.495242799999971,-15.579948800000011],[-54.542787299999986,-15.589734899999939],[-54.566514900000016,-15.563950499999919],[-54.605642099999955,-15.5664703],[-54.610105200000021,-15.535371699999985],[-54.658843199999978,-15.509897599999988],[-54.65747540000001,-15.486376499999949],[-54.696915100000012,-15.520262],[-54.713115699999946,-15.509328900000014],[-54.822679,-15.5505063],[-54.906607699999938,-15.523017700000025],[-54.90531569999996,-15.477987400000018],[-54.920483499999989,-15.473206199999936],[-54.958509100000015,-15.475261499999988],[-55.034123299999976,-15.5263612],[-55.0539255,-15.489338399999951],[-55.0866026,-15.491909799999917],[-55.191397,-15.564895799999988],[-55.188424399999974,-15.644051799999943],[-55.258752,-15.707177],[-55.273839800000019,-15.745716099999925],[-55.248215800000025,-15.813244600000019],[-55.25570179999994,-15.859469099999956],[-55.30033659999998,-15.867573199999924],[-55.3312282,-15.821261400000026],[-55.347371799999962,-15.833749599999919],[-55.41261750000001,-15.814089599999932],[-55.361542499999985,-15.755929700000024],[-55.352326599999969,-15.65178909999986],[-55.296352799999966,-15.611123299999917],[-55.290492500000028,-15.567278199999919],[-55.313723,-15.529771799999935],[-55.252322699999866,-15.476089799999954],[-55.2112424,-15.40469029999997],[-55.2246376,-15.35215989999989],[-55.152050399999951,-15.308854399999973],[-55.158920799999976,-15.267831399999977],[-55.139971699999933,-15.2352032],[-55.161403099999916,-15.205349800000022],[-55.145613,-15.182543799999962],[-55.0785553,-15.160775899999862],[-55.0373234,-15.170629599999984],[-54.922909800000014,-15.125027400000022],[-54.9228569,-15.106025699999975],[-54.828100300000017,-15.057461400000022],[-54.6605525,-14.919736499999942],[-54.52043759999998,-14.883326499999896],[-54.493236599999989,-14.854387499999916],[-54.411391699999911,-14.857160099999987],[-54.405322500000011,-14.807249499999955],[-54.37226349999986,-14.783749599999965],[-54.318509499999948,-14.780830700000024],[-54.2826675,-14.816725899999938],[-54.239577499999939,-14.7877497],[-54.215651,-14.805508],[-54.179472299999929,-14.777424199999984],[-54.1090898,-14.777697499999988],[-54.077817499999924,-14.848708199999919],[-54.0535476,-14.863527399999953],[-54.020488099999966,-14.843958900000018],[-53.9732525,-14.907041399999912],[-53.939025500000014,-14.883188],[-53.92130370000001,-14.8341585],[-53.891030099999909,-14.870432799999946],[-53.874000499999966,-14.8622613],[-53.872450499999957,-14.836299699999984],[-53.840797099999918,-14.8155835],[-53.84791639999986,-14.785139],[-53.734778,-14.787464099999909],[-53.721201699999938,-14.8107556],[-53.6641646,-14.813908099999935],[-53.686805699999979,-14.75846439999998],[-53.6458452,-14.7582193],[-53.642054399999893,-14.785486100000014],[-53.571194399999968,-14.792065599999944],[-53.485607800000025,-14.739389899999935],[-53.465983,-14.754581499999858],[-53.446744299999978,-14.734452],[-53.36777259999991,-14.730841100000021],[-53.354206899999951,-14.684417899999971],[-53.308872899999983,-14.662463800000012],[-53.304617699999937,-14.608389599999896],[-53.196535400000016,-14.644870699999956],[-53.159579199999939,-14.6468279],[-53.1368321,-14.6235792],[-53.095217199999979,-14.643546500000014],[-53.0504891,-14.630482700000016],[-52.999327199999982,-14.587278799999979],[-52.968720099999928,-14.516441599999951],[-52.922645699999975,-14.502638199999978],[-52.920106899999951,-14.486694199999874],[-52.85929040000002,-14.479402900000025],[-52.817014500000028,-14.393924099999936],[-52.7938686,-14.384807499999965],[-52.789247199999977,-14.340761899999904],[-52.819028499999945,-14.313078399999881],[-52.804371099999912,-14.277188699999954],[-52.831784,-14.238255200000026],[-52.8197806,-14.216593699999919],[-52.758577100000025,-14.216972399999975],[-52.598433600000021,-14.136001699999952],[-52.481635900000015,-14.138862499999959],[-52.466126799999927,-14.1142377],[-52.431509299999959,-14.109453299999984],[-52.389966499999957,-14.0527475],[-52.365242,-14.084460700000022],[-52.321175699999969,-14.0443752],[-52.211158,-14.01715],[-52.15559380000002,-14.028171299999883],[-52.148182099999872,-13.994306399999914],[-52.118989599999964,-13.972892899999977],[-52.097134399999959,-13.990998],[-52.064766599999984,-13.936487899999975],[-52.093418899999961,-13.882924399999865],[-52.111810299999945,-13.881123399999979],[-52.114301599999919,-13.848646899999949],[-52.0974286,-13.839906799999937],[-52.1368053,-13.827361199999928],[-52.131203299999981,-13.790880800000025],[-52.065703499999984,-13.7600885],[-52.058749299999931,-13.704854800000021],[-52.01784,-13.700981399999989],[-52.010800099999983,-13.6763178],[-51.9544869,-13.654124599999875],[-51.9056137,-13.677399799999989],[-51.871575299999904,-13.6412985],[-51.811210399999936,-13.518614599999978],[-51.84303639999996,-13.4894716],[-51.821191699999986,-13.45868],[-51.851256699999965,-13.443643599999916],[-51.814872799999932,-13.404304099999933],[-51.828697499999919,-13.3601132],[-51.791307499999959,-13.327595799999983],[-51.833023299999979,-13.216593400000022],[-51.797552799999949,-13.169011099999977],[-51.785043899999948,-13.062905],[-51.7465416,-13.027802699999938],[-51.767025399999909,-12.990828299999919],[-51.779577599999925,-13.0034822],[-51.796123,-12.988067099999967],[-51.82274579999995,-12.884788599999922],[-51.817348299999935,-12.8498128],[-51.776692,-12.847259300000019],[-51.784477099999947,-12.781920599999921],[-51.74757790000001,-12.777127599999915],[-51.7861787,-12.743529299999977],[-51.771306499999923,-12.693968400000017],[-51.732504099999971,-12.6757622],[-51.783989299999917,-12.655185500000016],[-51.735464499999978,-12.655873199999974],[-51.7489842,-12.629144],[-51.687357399999939,-12.592523],[-51.714242599999977,-12.566319099999873],[-51.642076499999973,-12.499581299999932],[-51.662918,-12.407904799999983],[-51.6388336,-12.335880799999927],[-51.661004699999978,-12.308193399999936],[-51.632255900000018,-12.2873957],[-51.631482299999959,-12.241580699999986],[-51.651365099999964,-12.2475824],[-51.67395590000001,-12.208533699999919],[-51.708874,-12.193202],[-51.730706399999917,-12.15978819999998],[-51.711033,-12.10919279999996],[-51.754168,-12.110796299999947],[-51.773324600000024,-12.067960200000016],[-51.770641099999921,-12.0464948],[-51.744382599999938,-12.042083],[-51.745500399999969,-11.863451699999985],[-51.716995,-11.8418509],[-51.644575299999985,-11.881224299999928],[-51.574734099999944,-11.874415399999918],[-51.561817799999972,-11.840599199999986],[-51.627038499999969,-11.8058332],[-51.601269600000023,-11.7879474],[-51.597038,-11.755789499999935],[-51.571649,-11.748931200000015],[-51.615016399999945,-11.746811499999978],[-51.599625399999979,-11.702462],[-51.635118999999861,-11.696866099999909],[-51.6306447,-11.646214400000019],[-51.678779500000019,-11.64347349999997],[-51.673111099999971,-11.5795688],[-51.749206500000014,-11.582416399999943],[-51.773736199999973,-11.609285600000021],[-51.795357500000023,-11.571641899999918],[-51.777063399999918,-11.527138899999954],[-51.846119699999917,-11.521185100000025],[-51.8540653,-11.496784199999979],[-51.889853799999969,-11.491251099999943],[-51.898850699999969,-11.446613599999921],[-51.9401939,-11.431463],[-51.944685499999935,-11.401221599999928],[-51.997524399999975,-11.388364099999876],[-52.014594499999987,-11.320840899999951],[-51.993207,-11.272651599999961],[-52.081345499999941,-11.2341366],[-52.075028399999951,-11.182212],[-52.0348927,-11.170866899999965],[-52.068189099999927,-11.1599081],[-52.0660385,-11.145359299999882],[-52.013566599999933,-11.112419099999954],[-52.061719799999935,-11.069267],[-52.0527035,-11.010940499999947],[-52.084318100000019,-10.94702609999996],[-52.110415099999955,-10.94102620000001],[-52.111664599999983,-10.909354899999926],[-52.14407929999993,-10.8894391],[-52.130093299999942,-10.829675199999883],[-52.167371899999921,-10.8319244],[-52.1435009,-10.723831099999984],[-52.114434899999935,-10.719799899999884],[-52.133664599999861,-10.68553129999998],[-52.0964712,-10.663276199999984],[-52.078231500000015,-10.6216546],[-52.122370499999988,-10.589251600000011],[-52.079217299999982,-10.574874899999941],[-52.076057699999922,-10.5577219],[-52.053759099999979,-10.572323299999937],[-52.0434287,-10.551292599999954],[-52.032034699999883,-10.567339499999946],[-52.005646,-10.546261899999934],[-52.004333799999927,-10.567716299999972],[-51.973749199999929,-10.5346192],[-51.953541599999937,-10.541609900000026],[-51.930236499999921,-10.505234500000029],[-51.909883499999978,-10.529794900000013],[-51.879511499999978,-10.467369299999973],[-51.906524100000013,-10.396622499999921],[-51.8758636,-10.3826009],[-51.854638,-10.322047],[-51.811756,-10.331857599999978],[-51.771064,-10.375067800000011],[-51.7607243,-10.357636],[-51.6823523,-10.380698299999949],[-51.6556936,-10.348186699999985],[-51.607906,-10.36338330000001],[-51.574194699999907,-10.352243199999975],[-51.53694059999998,-10.3971965],[-51.513423,-10.398207199999945],[-51.496569799999975,-10.444524399999921],[-51.464987399999927,-10.4254166],[-51.382172899999944,-10.465344799999912],[-51.366241399999922,-10.448106],[-51.321539700000017,-10.473194799999987],[-51.300310499999966,-10.463281699999982],[-51.376253,-10.3747],[-51.370617299999935,-10.318004],[-51.4386498,-10.2758743],[-51.323078800000019,-10.092027200000018],[-51.3367697,-10.053228499999932],[-51.353190199999972,-10.062211899999909],[-51.408078,-10.017356399999983],[-51.394800299999986,-9.994754199999988],[-51.3672535,-10.002578199999959],[-51.365701099999967,-9.971385599999962],[-51.33651169999996,-9.955170399999986],[-51.342862499999967,-9.922446],[-51.3813973,-9.90302],[-51.352086499999984,-9.8953436],[-51.348996899999975,-9.85683640000002],[-51.31306,-9.835523],[-51.3263574,-9.820444499999894],[-51.265397300000018,-9.656807599999979],[-51.262593199999912,-9.576468499999919],[-51.1829287,-9.5218036],[-51.139933900000017,-9.559955300000013],[-51.120980299999928,-9.494305699999927],[-51.068065499999932,-9.460879299999931],[-51.060712799999976,-9.365084500000023],[-51.08700129999994,-9.2631965],[-51.045546099999967,-9.208960499999932],[-51.108091499999944,-9.142657899999961],[-51.08044469999993,-9.114027],[-51.101119299999937,-9.035057600000016],[-51.085152699999924,-9.0062441],[-51.045558,-8.990128500000026],[-51.110210799999948,-8.929265199999975],[-51.101727200000028,-8.898055100000022],[-51.069245,-8.9061747],[-51.035097800000017,-8.855684599999961],[-51.023747899999989,-8.7335139],[-51.048615400000017,-8.676702299999874],[-50.933805099999972,-8.574990699999887],[-50.942023,-8.511480899999981],[-50.908167899999967,-8.472949],[-50.916173099999924,-8.4499566],[-50.86565209999992,-8.41578329999993],[-50.892376500000012,-8.39171],[-50.8854053,-8.348475],[-50.860419799999988,-8.331260199999974],[-50.850338500000021,-8.350615800000014],[-50.824763,-8.319278299999951],[-50.838131699999906,-8.30487],[-50.8170955,-8.296529],[-50.780443699999921,-8.306906699999956],[-50.758306,-8.3380879],[-50.765270499999929,-8.3070303],[-50.73455389999998,-8.2952383],[-50.743799599999988,-8.276991899999985],[-50.7174058,-8.247519699999941],[-50.659922299999891,-8.24438379999998],[-50.6254884,-8.19517],[-50.5978126,-8.1970283],[-50.551818199999957,-8.144053499999984],[-50.559035899999969,-8.109297599999934],[-50.524802399999942,-8.0987667],[-50.501323699999944,-8.018651799999986],[-50.527360900000019,-8.0215278],[-50.51299640000002,-7.970016900000019],[-50.538886099999957,-7.960525],[-50.544585900000015,-7.905428299999983],[-50.610109099999988,-7.8918832],[-50.56544619999994,-7.863034299999981],[-50.509458100000018,-7.755260699999951],[-50.416095900000016,-7.696036900000024],[-50.3898084,-7.645860299999924],[-50.344419399999936,-7.654888099999937],[-50.342268699999977,-7.599588599999947],[-50.385929299999987,-7.539983899999982],[-50.347266699999977,-7.49715040000001],[-50.36473559999996,-7.475453199999947],[-50.35685959999995,-7.455037399999981],[-50.39122,-7.422843699999987],[-50.379660199999989,-7.3645297],[-50.404031599999882,-7.314242099999944],[-50.374397,-7.290022599999986],[-50.384792399999981,-7.230039200000022],[-50.404504299999985,-7.22078329999988],[-50.416966499999944,-7.239636499999961],[-50.508157499999982,-7.19310749999994],[-50.535957499999938,-7.094588399999964],[-50.556393,-7.078058899999917],[-50.649002900000028,-7.059108699999967],[-50.681418099999973,-7.017252599999892],[-50.749771199999941,-6.996308299999953],[-50.769595200000026,-7.006242799999939],[-50.797697299999925,-6.956785200000013],[-50.86739289999997,-6.937977699999919],[-50.9084762,-6.84980349999995],[-50.890452399999958,-6.831154299999866],[-50.922711899999967,-6.744378400000016],[-50.946090799999979,-6.749420499999928],[-50.958749399999931,-6.726166200000023],[-51.0238797,-6.699493],[-51.087997899999891,-6.707997700000021],[-51.0798605,-6.666719799999953],[-51.1331111,-6.637611600000014],[-51.12124979999993,-6.627083399999947],[-51.146508,-6.593000099999927],[-51.1415177,-6.5223669],[-51.184709699999985,-6.470436300000017],[-51.134167600000012,-6.422863600000028],[-51.13969830000002,-6.383138499999973],[-51.16146980000002,-6.3696971],[-51.151262799999984,-6.336737200000016],[-51.200547499999914,-6.288178799999969],[-51.153968799999973,-6.261598799999945],[-51.146884899999918,-6.2023456],[-51.203555899999969,-6.172708499999942],[-51.2467615999999,-6.173770099999956],[-51.278240299999936,-6.10421249999996],[-51.347000099999946,-6.055612],[-51.402367,-6.0451258],[-51.358270100000027,-5.967146],[-51.243465500000013,-5.998072499999921],[-51.222089099999948,-5.964823799999976],[-51.176556599999969,-5.9664588],[-51.1587409,-5.951080399999967],[-51.1654198,-5.9273495],[-51.120920799999965,-5.9082917],[-51.113451299999952,-5.815475399999968],[-51.0549714,-5.7648893],[-51.0242831,-5.787077599999975],[-50.956374900000014,-5.785188099999971],[-50.942394400000012,-5.803567599999951],[-50.896421,-5.706235299999946],[-50.847368499999959,-5.7070827],[-50.870643700000016,-5.639893599999937],[-50.952028899999959,-5.6142519],[-50.9566519,-5.538998],[-50.902463499999953,-5.505447899999922],[-50.881250699999953,-5.511260699999923],[-50.8874078,-5.4340247],[-50.7869131,-5.397126],[-50.79459559999998,-5.314708899999971],[-50.753091499999982,-5.3079649],[-50.771714899999893,-5.234239699999989],[-50.7220044,-5.206314],[-50.7202529,-5.174585799999988],[-50.738505499999974,-5.1767342],[-50.739209099999925,-5.153077399999916],[-50.759868499999982,-5.172916399999963],[-50.813822599999924,-5.151918599999874],[-50.859029799999917,-5.177094],[-50.9312572,-5.146250699999939],[-50.894252599999959,-5.114297799999974],[-50.889864399999965,-5.0417541],[-50.848018799999977,-4.968902899999989],[-50.864736,-4.87128569999993],[-50.891376899999955,-4.883666299999959],[-50.91289949999998,-4.868754],[-50.927890099999956,-4.773142],[-50.947336300000018,-4.75639689999997],[-50.9066297,-4.7310612],[-50.934860599999979,-4.7084643],[-50.929818199999886,-4.683487099999979],[-50.905470499999979,-4.679253099999983],[-50.9205675,-4.626046299999985],[-50.895433,-4.5966608],[-50.907352699999933,-4.520694399999968],[-50.889244899999881,-4.498149099999978],[-50.913449500000013,-4.49532169999992],[-50.879313700000012,-4.44610949999992],[-50.898706899999922,-4.435842200000025],[-50.895346099999927,-4.397018],[-50.946099,-4.372805599999936],[-50.973509299999989,-4.384775099999956],[-50.97384349999993,-4.3553154],[-50.9984773,-4.357201499999974],[-50.979844500000013,-4.314896699999906],[-50.996943699999917,-4.2645369],[-50.983138199999928,-4.2236638],[-51.019279599999948,-4.212284099999977],[-51.035691299999939,-4.234099399999934],[-51.065274,-4.224352300000021],[-51.076734,-4.238499499999932],[-51.1090474,-4.204451800000015],[-51.124620599999957,-4.213246599999934],[-51.146693,-4.165062599999942],[-51.169675299999938,-4.175975299999948],[-51.216798999999867,-4.141527599999961],[-51.224300399999947,-4.091692199999954],[-51.2542985,-4.074335099999985],[-51.270133499999929,-4.024578099999985],[-51.304926299999977,-4.010671599999966],[-51.310984899999937,-3.969546099999945],[-51.330894699999988,-3.962707299999977],[-51.3342214,-3.896777399999905],[-51.3572436,-3.863548299999877],[-51.316333499999928,-3.8212997],[-51.42542,-3.757229399999972],[-51.409292199999982,-3.735824899999898],[-51.360355299999981,-3.736452899999961],[-51.338844199999983,-3.692653300000018],[-51.3794595,-3.630846299999973],[-51.36010049999993,-3.614155],[-51.356751399999951,-3.565626699999882],[-51.4070807,-3.574608499999897],[-51.4272196,-3.538765],[-51.399516899999981,-3.462519599999894],[-51.423705899999959,-3.466947499999947],[-51.4388052,-3.3820498],[-51.461953600000015,-3.36440829999998],[-51.453620099999966,-3.338499500000012],[-51.4713322,-3.330051499999911],[-51.467363399999954,-3.295845499999871],[-51.4387486,-3.273792799999967],[-51.468045299999972,-3.246550499999955],[-51.4699066,-3.211608599999977],[-51.542371300000013,-3.139298699999983],[-51.543241199999954,-3.085393099999976],[-51.630607399999974,-3.002891499999919],[-51.630210299999987,-2.963690599999893],[-51.663126,-2.959924],[-51.701847900000018,-2.865319599999907],[-51.755018199999938,-2.839541299999951],[-51.758619399999986,-2.7533446],[-51.804894299999944,-2.74494569999996],[-51.808049,-2.720088899999894],[-51.826210699999933,-2.717234299999973],[-51.833361199999956,-2.6105945],[-51.854808400000024,-2.6113206],[-51.835767799999985,-2.600801600000011],[-51.8784018,-2.520351199999936],[-51.865112,-2.507636599999898],[-51.876952500000016,-2.4693158],[-51.896381199999951,-2.464773699999967],[-51.857317599999988,-2.358267],[-51.877937499999973,-2.361562],[-51.878470199999981,-2.338205800000026],[-51.905756199999985,-2.3403553],[-51.9285284,-2.316845599999908],[-51.939697799999976,-2.229049899999893],[-51.925071899999978,-2.187350699999968],[-51.893178799999987,-2.206798299999889],[-51.9121543,-2.136644499999932],[-51.8945936,-2.1309675],[-51.925357199999951,-2.0641743],[-51.882118,-2.0260657],[-51.903938900000014,-2.001141500000017],[-51.863175099999978,-1.969858699999918],[-51.860084,-1.927176799999984],[-51.872262199999966,-1.913213399999961],[-51.899238899999943,-1.928305099999989],[-51.910401599999943,-1.9012126],[-51.934208099999978,-1.908514599999933],[-51.929583099999945,-1.8915278],[-51.950318999999865,-1.88634339999993],[-51.9364195,-1.853541099999973],[-51.959427299999959,-1.859856799999989],[-51.976978200000019,-1.832448099999908],[-51.888584,-1.723531099999889],[-51.866817399999945,-1.759799699999974],[-51.781843400000014,-1.728252699999928],[-51.752672299999972,-1.743432599999949],[-51.721838199999979,-1.704373],[-51.555952,-1.693704],[-51.5333819,-1.686887499999955],[-51.51067089999998,-1.6436546],[-51.450878699999976,-1.639828],[-51.424044099999946,-1.561268],[-51.433539699999926,-1.5371771],[-51.402614200000016,-1.4892946],[-51.350659499999949,-1.475329499999987],[-51.361403199999984,-1.396388399999921],[-51.298074199999917,-1.3790679],[-51.30507080000001,-1.3575497],[-51.2362493,-1.392072599999949],[-51.218793099999914,-1.377008199999921],[-51.228276,-1.353884899999912],[-51.167566499999964,-1.333056599999907],[-51.1347975,-1.370765300000016],[-51.15748659999997,-1.437437699999975],[-51.147905799999933,-1.457535699999937],[-51.084618,-1.42782039999986],[-51.0829819,-1.456263899999954],[-51.068621600000029,-1.420111799999916],[-51.016033599999957,-1.413799099999949],[-51.024155,-1.390559699999926],[-50.98928189999998,-1.3775233],[-50.982209,-1.329027199999928],[-50.948514699999976,-1.2898022],[-50.911015499999962,-1.303108800000018],[-50.903165800000011,-1.3423699],[-50.868369099999938,-1.317632300000014],[-50.825652399999967,-1.328604400000017],[-50.854964299999892,-1.37771429999998],[-50.822562,-1.383719199999973],[-50.785029799999961,-1.428291],[-50.753322700000012,-1.39611],[-50.760338,-1.3784968],[-50.726148899999885,-1.381365699999947],[-50.719480699999963,-1.3310631],[-50.700749700000017,-1.3516555],[-50.674250399999949,-1.3367108],[-50.629498499999954,-1.353078099999948],[-50.480056,-1.236924699999975],[-50.386155700000018,-1.304484100000025],[-50.315539299999955,-1.282643399999927],[-50.22099350000002,-1.34972],[-50.218440099999953,-1.391062799999986],[-50.180103499999916,-1.387567399999966],[-50.1840279,-1.406535299999973],[-50.161849500000017,-1.413374199999964],[-50.12075040000002,-1.3797313],[-50.078324099999918,-1.3913945],[-50.070142799999985,-1.334640799999988],[-50.048618899999951,-1.327557800000022],[-50.034868299999971,-1.349861299999986],[-50.051323899999943,-1.38717029999998],[-50.03806469999995,-1.379429499999958],[-50.02303419999987,-1.399861199999918],[-49.984302899999932,-1.379719],[-49.964353299999971,-1.3421265],[-49.933086399999866,-1.334861100000012],[-49.8849639,-1.361646899999982],[-49.87797009999997,-1.305213099999946],[-49.83035430000001,-1.295393900000022],[-49.836572100000012,-1.226446800000019],[-49.8195976,-1.209290899999985],[-49.790449399999943,-1.225728299999957],[-49.7560016,-1.21032839999998],[-49.76124219999997,-1.1948602],[-49.715601399999912,-1.199968399999932],[-49.706447799999978,-1.217775099999983],[-49.692880699999989,-1.190304099999935],[-49.649832799999899,-1.201425499999971],[-49.625923899999975,-1.181845199999941],[-49.586847200000022,-1.243883499999981],[-49.597131199999865,-1.271263199999964],[-49.53853220000002,-1.226503],[-49.508249699999965,-1.2403706],[-49.513859200000013,-1.198085100000014],[-49.4789113,-1.1604582],[-49.432543099999975,-1.161152399999935],[-49.423146700000018,-1.1956452],[-49.40078079999995,-1.18785239999994],[-49.372875099999931,-1.205879900000014],[-49.337928,-1.151096399999972],[-49.355378,-1.110883699999931],[-49.3408119,-1.103062599999873],[-49.346800099999939,-1.067966599999977],[-49.318326399999933,-1.043531],[-49.3302395,-1.013436899999874],[-49.247214699999859,-1.018381199999965],[-49.3120626,-0.966835399999979],[-49.290167399999916,-0.9392962],[-49.255448899999919,-0.955239099999915],[-49.251726099999985,-0.979506],[-49.225019,-0.96097379999992],[-49.206355799999926,-0.8972298],[-49.21594639999995,-0.8631208],[-49.234014600000023,-0.845317499999908],[-49.26917549999996,-0.847934800000019],[-49.26184939999996,-0.814440599999898],[-49.282791,-0.774458],[-49.292061699999977,-0.818039699999986],[-49.318570699999896,-0.82498320000002],[-49.334972399999913,-0.79603179999998],[-49.3738697,-0.819449199999951],[-49.379467200000022,-0.800767099999973],[-49.4122413,-0.841093],[-49.42322630000001,-0.824533],[-49.440333099999862,-0.836589099999969],[-49.4481508,-0.809106399999962],[-49.517872399999987,-0.806321500000024],[-49.519354299999975,-0.7890997],[-49.5450361,-0.782712],[-49.528342499999951,-0.7565624],[-49.487577099999953,-0.769716599999924],[-49.477102,-0.7159077],[-49.445757599999979,-0.7042523],[-49.4621558,-0.65107260000002],[-49.4416036,-0.645336499999985],[-49.458959400000026,-0.618131100000028],[-49.44823729999996,-0.608658400000024],[-49.405035799999951,-0.648377399999958],[-49.313300599999934,-0.611334599999964],[-49.298615700000028,-0.564476299999967],[-49.330316,-0.535030800000015],[-49.35530869999991,-0.540507900000023],[-49.3723362,-0.51436],[-49.3307898,-0.505463],[-49.287981199999933,-0.4463735],[-49.282539099999951,-0.470022],[-49.227464299999951,-0.459303],[-49.183172599999864,-0.484272199999964],[-49.173512399999936,-0.464739099999917],[-49.1339041,-0.522593200000017],[-49.096157,-0.510092],[-49.045230099999969,-0.53602],[-49.035422599999947,-0.51919909999998],[-49.0237985,-0.549718699999971],[-48.949067599999921,-0.505207400000018],[-48.928965199999936,-0.517057799999975],[-48.932993599999918,-0.546687099999986],[-48.896900199999948,-0.5661801],[-48.74506539999993,-0.479670599999906],[-48.65263879999992,-0.483347700000024],[-48.678993599999956,-0.420301799999947],[-48.633985899999971,-0.409230799999989],[-48.592535699999985,-0.425937599999884],[-48.5604128,-0.379866900000025],[-48.585132699999917,-0.471118499999989],[-48.55241529999995,-0.473676800000021],[-48.525169099999971,-0.547139500000014],[-48.49080349999997,-0.5446801],[-48.4341741,-0.5839997],[-48.273722699999894,-0.573831699999971],[-48.11626919999992,-0.738348200000019],[-48.098307200000022,-0.7223581],[-48.084168299999988,-0.7536397],[-48.0594853,-0.721791199999984],[-48.03152110000002,-0.730667400000016],[-48.0315213,-0.7859727],[-48.0613406,-0.799752099999864],[-48.085206700000015,-0.876847699999985],[-48.063537900000028,-0.9369486],[-48.091370799999936,-0.952188700000022],[-48.111695199999929,-1.0024477],[-48.099446599999965,-1.069519300000024],[-48.1310173,-1.0812249],[-48.1035743,-1.1280241],[-48.0856756,-1.127929299999948],[-48.091571,-1.162364499999967],[-48.0733978,-1.152725799999928],[-48.061440699999935,-1.194874700000014],[-48.04402749999997,-1.195138900000018],[-48.049279500000011,-1.223189599999955],[-47.946527499999945,-1.22625],[-47.9157032,-1.302053899999976],[-47.853607899999986,-1.274174199999948],[-47.7852848,-1.3135585],[-47.725025800000026,-1.304471699999908],[-47.696092799999974,-1.394934200000023],[-47.705947499999922,-1.435184100000015],[-47.6380651,-1.484905699999956],[-47.6136151,-1.488053700000023],[-47.5776386,-1.454305599999941],[-47.550531799999987,-1.489235399999984],[-47.533158,-1.476607799999954],[-47.479478499999971,-1.4983214],[-47.400693199999864,-1.496812799999987],[-47.4025413,-1.454565899999977],[-47.383070499999974,-1.426859899999954],[-47.3144471,-1.403898699999957],[-47.2901549,-1.431628900000021],[-47.310228399999971,-1.470161099999984],[-47.290783,-1.484022200000027],[-47.175671299999976,-1.459051199999919],[-47.157259299999964,-1.4872871],[-47.079917599999931,-1.451750800000013],[-47.053692899999987,-1.461135899999931],[-47.018849199999977,-1.430141599999956],[-47.002376799999922,-1.445501399999955],[-47.016245499999911,-1.457073],[-46.9961283,-1.522763399999974],[-46.934318800000028,-1.519447499999956],[-46.88637,-1.548896300000024],[-46.865846899999951,-1.595429699999897],[-46.8828365,-1.62494670000001],[-46.849805199999878,-1.654339499999878],[-46.852051899999879,-1.683394599999986],[-46.81904969999988,-1.701753099999905],[-46.797226299999977,-1.692869499999915],[-46.801374800000019,-1.777555799999959],[-46.834159499999942,-1.771404599999926],[-46.837498799999935,-1.800899299999969],[-46.868722100000014,-1.826348100000018],[-46.854687499999898,-1.936350499999946],[-46.872293099999979,-1.965476700000011],[-46.842505299999914,-1.987383200000011],[-46.856080799999972,-2.011837500000013],[-46.8423464,-2.047091599999931],[-46.862354400000015,-2.078601699999922],[-46.856735299999968,-2.1233507],[-46.877074,-2.142357300000015],[-46.877167399999962,-2.200392799999975],[-47.036162600000011,-2.288557699999956],[-47.035677599999929,-2.305349499999863],[-47.082019099999911,-2.330514499999936],[-47.082164200000022,-2.351243899999929],[-47.098860599999909,-2.341298199999926],[-47.118946100000016,-2.3564336],[-47.09874880000001,-2.375683699999911],[-47.130096499999979,-2.408626200000015],[-47.110427699999889,-2.4172158],[-47.0951387,-2.46637249999992],[-47.104764199999977,-2.552180199999952],[-47.214188,-2.595332999999869],[-47.254958099999953,-2.558304499999963],[-47.299864,-2.5760176],[-47.33157970000002,-2.567739899999935],[-47.329795600000011,-2.626483499999949],[-47.3543838,-2.6335507],[-47.336457099999961,-2.645458899999937],[-47.345971899999938,-2.681813799999986],[-47.370434699999862,-2.678801699999951],[-47.367500299999961,-2.719731599999989],[-47.413348900000017,-2.7454689],[-47.3936253,-2.761083400000018],[-47.405250700000011,-2.7793704],[-47.380892,-2.791235799999924],[-47.378645300000017,-2.811992299999986],[-47.405378499999927,-2.821449399999949],[-47.38019659999992,-2.92257189999998],[-47.48502,-2.925274600000023],[-47.496375699999987,-2.964727499999981],[-47.525285600000018,-2.979936],[-47.524554,-3.0138157],[-47.492762399999947,-3.0438072],[-47.5395479,-3.088500799999963],[-47.494615,-3.135799499999905],[-47.52139029999995,-3.230586500000015],[-47.516800199999977,-3.2442514],[-47.484772299999918,-3.237417599999958],[-47.489836199999957,-3.3286304],[-47.467179699999974,-3.3354091],[-47.477587700000015,-3.352919400000019],[-47.531713699999955,-3.353421199999957],[-47.5461067,-3.315464899999938],[-47.5930917,-3.359562499999981],[-47.613106899999934,-3.355216999999868],[-47.586353299999871,-3.412726799999916],[-47.612445599999944,-3.419787],[-47.622726899999918,-3.492278899999974],[-47.665296599999976,-3.499429799999916],[-47.637565499999937,-3.5494415],[-47.669944299999884,-3.58293279999998],[-47.636986799999931,-3.6248936],[-47.718890599999895,-3.639729099999954],[-47.732691100000011,-3.660763799999984],[-47.7185258,-3.668519299999957],[-47.723661199999981,-3.706300399999975],[-47.697461700000019,-3.721611600000017],[-47.726560399999983,-3.750244299999963],[-47.750416399999949,-3.747638900000027],[-47.755679499999928,-3.773739700000021],[-47.706282199999919,-3.795141300000012],[-47.718269899999939,-3.826161399999989],[-47.675147399999958,-3.8426379],[-47.690726299999881,-3.884863099999905],[-47.673653099999967,-3.910352400000022],[-47.61139780000002,-3.945857],[-47.628908499999966,-3.97927349999992],[-47.6547382,-3.985978799999941],[-47.629952899999978,-3.999959599999954],[-47.643329600000015,-4.054845],[-47.609495400000014,-4.0835654],[-47.6342146,-4.110570199999984],[-47.655416399999979,-4.095138899999938],[-47.686971799999981,-4.1030265],[-47.727888600000028,-4.183539099999962],[-47.748211799999979,-4.185766499999943],[-47.742881,-4.322941500000013],[-47.788941799999975,-4.34104119999995],[-47.80628280000002,-4.3792171],[-47.813232500000026,-4.526439399999958],[-47.864777300000014,-4.525612500000022],[-47.872327499999983,-4.562785499999961],[-47.853564899999981,-4.572340100000019],[-47.852553299999954,-4.643305199999986],[-47.8284721,-4.665850899999953],[-47.819579499999975,-4.748054799999977],[-47.779101,-4.753996499999971],[-47.663001,-4.894586599999968],[-47.683217300000024,-4.908140099999969],[-47.651418399999955,-4.98263350000002],[-47.632923600000026,-4.98323309999995],[-47.6678096,-5.033240199999966],[-47.6682151,-5.072590199999922],[-47.5672004,-5.09183969999998],[-47.396057199999973,-5.2611966],[-47.354901199999972,-5.254209399999979],[-47.316967,-5.303781899999933],[-47.281433699999923,-5.3083792],[-47.275068200000021,-5.366323799999975],[-47.214144499999975,-5.356577399999935],[-47.173486099999934,-5.384979],[-47.170115899999985,-5.420744599999978],[-47.125615899999957,-5.430203099999915],[-47.157208399999945,-5.480296499999895],[-47.098243799999977,-5.508509399999923],[-47.117794899999978,-5.537004399999944],[-47.08836459999992,-5.599110100000019],[-47.110642900000016,-5.6156143],[-47.104516199999978,-5.664794599999937],[-47.0573159,-5.707710199999951],[-47.008307699999932,-5.697163899999964],[-46.958933,-5.76870550000001],[-46.9223965,-5.780691900000022],[-46.902725099999941,-5.816342],[-46.915624,-5.869659500000012],[-46.9004286,-5.9123376],[-46.8168688,-5.897554899999989],[-46.817777200000023,-5.8817818],[-46.784802299999967,-5.895080899999982],[-46.786286699999948,-5.9595104],[-46.736875699999928,-6.0077212],[-46.725589099999922,-6.088892699999917],[-46.684864699999935,-6.120128500000021],[-46.654961500000013,-6.095446599999946],[-46.619963,-6.131418600000018],[-46.5880593,-6.227431299999978],[-46.613059699999951,-6.228675599999917],[-46.6463177,-6.278345300000012],[-46.690716399999985,-6.303543400000024],[-46.668183299999953,-6.3376424],[-46.693311199999982,-6.346796400000017],[-46.680295599999909,-6.375196599999924],[-46.729753099999925,-6.4570233],[-46.732755699999927,-6.550218799999925],[-46.761103,-6.562273600000026],[-46.754998099999966,-6.6242868],[-46.727245499999924,-6.659683299999983],[-46.741188500000021,-6.675517399999933],[-46.648472899999888,-6.725701399999934],[-46.615634600000021,-6.703944799999931],[-46.5765303,-6.70820539999994],[-46.521459,-6.743766400000027],[-46.496155099999953,-6.809767299999976],[-46.463275599999974,-6.813449099999957],[-46.448929,-6.790358],[-46.373428,-6.841901300000018],[-46.360889199999917,-6.9011324],[-46.320235200000013,-6.922538799999984],[-46.369428,-6.966298099999904],[-46.362737,-6.997904300000016],[-46.436298099999931,-6.998611700000026],[-46.443449799999939,-7.065636700000027],[-46.4991847,-7.040833799999859],[-46.497464199999911,-7.095683800000018],[-46.5537723,-7.13229919999992],[-46.574032699999918,-7.194271800000024],[-46.655269,-7.268216],[-46.652227899999957,-7.308482],[-46.6252718,-7.325819599999988],[-46.653178200000013,-7.358182699999929],[-46.645749200000012,-7.4036623],[-46.578189599999973,-7.4183751],[-46.588532900000018,-7.4835627],[-46.565549799999985,-7.509856499999955],[-46.5784602,-7.526718099999925],[-46.548513599999922,-7.549787],[-46.564422299999933,-7.593178200000011],[-46.547782799999936,-7.603853099999924],[-46.545381799999973,-7.661750799999936],[-46.483441199999959,-7.695653],[-46.467850499999884,-7.767693899999927],[-46.440605800000014,-7.7953956],[-46.458594800000014,-7.832019],[-46.439918499999976,-7.838837399999989],[-46.420911199999921,-7.895163799999978],[-46.449419,-7.926752099999987],[-46.4041403,-7.986063399999978],[-46.4008758,-8.050188],[-46.4210526,-8.086594900000023],[-46.398068399999943,-8.103696799999966],[-46.408545,-8.169283300000018],[-46.3843781,-8.205053],[-46.415039700000023,-8.2405202],[-46.407763099999897,-8.362982100000011],[-46.47853659999987,-8.422880499999962],[-46.568733399999871,-8.390420599999914],[-46.575741799999946,-8.414289899999915],[-46.607185099999924,-8.423078799999985],[-46.637265500000012,-8.392483399999946],[-46.6965004,-8.416529799999978],[-46.774572799999987,-8.369534],[-46.793227499999944,-8.445446299999958],[-46.814662699999985,-8.4751903],[-46.847833700000024,-8.482444799999939],[-46.840423,-8.523728600000027],[-46.891913400000021,-8.5995067],[-46.884332500000028,-8.685703699999976],[-46.916751299999987,-8.734577800000011],[-46.900457800000027,-8.836335399999939],[-46.917397600000015,-8.85747269999996],[-46.998769700000025,-8.878455299999928],[-46.969584600000019,-8.914424600000018],[-47.011692,-8.950245900000027],[-47.059024,-9.056898699999977],[-46.977872199999865,-9.080393499999957],[-46.913099699999918,-9.065484099999935],[-46.93256329999997,-9.128086],[-46.88830779999995,-9.1255602],[-46.8900526,-9.140944],[-46.852325899999983,-9.1540051],[-46.849404,-9.195092199999976],[-46.818532800000014,-9.208234800000014],[-46.841676300000017,-9.25957509999995],[-46.877715199999898,-9.251346099999978],[-46.885031,-9.2754112],[-46.8139286,-9.306005],[-46.7859724,-9.3738606],[-46.759212299999945,-9.381571099999974],[-46.7708321,-9.406045499999948],[-46.742404499999907,-9.425441899999953],[-46.702677899999969,-9.442494799999963],[-46.696319,-9.411757200000011],[-46.639727900000025,-9.389424],[-46.6491395,-9.444821499999932],[-46.557289200000014,-9.4885142],[-46.579234799999938,-9.510318200000029],[-46.535949899999935,-9.556587799999988],[-46.592543,-9.5848421],[-46.604872699999987,-9.65839179999989],[-46.6503558,-9.693401],[-46.650559,-9.738720100000023],[-46.608793100000014,-9.73620360000001],[-46.570989099999963,-9.759880299999963],[-46.573097099999984,-9.809015399999964],[-46.509757499999921,-9.799897399999963],[-46.510364299999935,-9.8462106],[-46.47771629999994,-9.878542200000027],[-46.4637823,-9.929240699999866],[-46.47700569999995,-9.988034],[-46.450062699999989,-10.013960099999963],[-46.456506,-10.048603899999989],[-46.380217099999982,-10.1226481],[-46.373781899999983,-10.168794199999923],[-46.27775389999988,-10.188837400000011],[-46.206722399999876,-10.171507],[-46.170553299999938,-10.1977233],[-46.185975799999937,-10.2359596],[-46.1297649,-10.253970899999956],[-46.085733799999957,-10.239239199999986],[-46.0272096,-10.178827199999887],[-46.023713799999939,-10.207561100000021],[-46.051084699999876,-10.24054510000002],[-46.01904989999997,-10.253970700000025],[-46.026581599999986,-10.284568],[-45.9992148,-10.296996700000022],[-45.978844599999945,-10.3519076],[-45.877282799999932,-10.401114099999859],[-45.8414745,-10.383003799999926],[-45.823517900000013,-10.428284],[-45.8885578,-10.452380899999923],[-45.952659899999958,-10.537410799999975],[-45.978789799999959,-10.52951250000001],[-46.023053300000015,-10.55290530000002],[-46.064536399999895,-10.604495],[-46.1706496,-10.6221612],[-46.192876800000022,-10.651781500000027],[-46.173396299999979,-10.696803199999977],[-46.216737,-10.718269299999974],[-46.2334682,-10.81845729999992],[-46.299034,-10.876240100000018],[-46.286534099999983,-10.9241864],[-46.350179299999922,-10.97203380000002],[-46.367526599999962,-11.0074457],[-46.357981100000018,-11.026598799999931],[-46.389637799999889,-11.061317],[-46.482365299999913,-11.114763499999924],[-46.501326599999913,-11.171290799999895],[-46.587009599999988,-11.229132499999878],[-46.619381499999974,-11.294525799999917],[-46.609583,-11.358194500000025],[-46.55518549999988,-11.374323599999968],[-46.5802789,-11.409039699999937],[-46.564770199999941,-11.432175299999983],[-46.524054299999989,-11.392483199999958],[-46.4742003,-11.412860399999886],[-46.4658604,-11.455630799999938],[-46.364230299999974,-11.442956200000026],[-46.345290499999976,-11.503346099999987],[-46.3105986,-11.500247399999921],[-46.2315125,-11.536883],[-46.207146399999942,-11.551894399999924],[-46.200415299999918,-11.5839982],[-46.148441599999956,-11.5360814],[-46.087957099999983,-11.620346400000017],[-46.136146899999915,-11.67786510000002],[-46.254950399999871,-11.66230059999998],[-46.272589299999936,-11.63095770000001],[-46.315881699999977,-11.615999699999975],[-46.332294899999965,-11.631900200000018],[-46.304721700000016,-11.698308399999974],[-46.313936699999942,-11.731083399999989],[-46.3605859,-11.751514499999985],[-46.314883,-11.783601899999951],[-46.32597729999992,-11.850697],[-46.286738,-11.827526499999976],[-46.275932399999988,-11.846145399999955],[-46.225515200000018,-11.826391600000022],[-46.156846299999927,-11.874637299999904],[-46.139670399999886,-11.933368799999982],[-46.194380099999989,-12.003121399999941],[-46.235994800000014,-12.026747899999918],[-46.241324899999938,-12.062576199999967],[-46.263530599999967,-12.040952299999958],[-46.2816575,-12.0549213],[-46.354245399999911,-12.0376756],[-46.371452299999987,-12.082720399999971],[-46.358950400000026,-12.117054],[-46.38253149999997,-12.163607399999989],[-46.360255899999856,-12.2180143],[-46.372521099999915,-12.284600099999977],[-46.337972900000011,-12.299034300000017],[-46.330967999999871,-12.352883299999917],[-46.291883599999949,-12.36146569999994],[-46.289522,-12.395064199999979],[-46.249387699999943,-12.418526],[-46.25272769999998,-12.489167099999975],[-46.157335900000021,-12.4715488],[-46.153094099999976,-12.483332599999869],[-46.152131199999985,-12.517793200000028],[-46.243810199999984,-12.5466515],[-46.2770028,-12.587122699999952],[-46.284740399999919,-12.633135799999934],[-46.254763,-12.6551058],[-46.2911651,-12.69405740000002],[-46.2631455,-12.719789299999945],[-46.2847845,-12.7834638],[-46.2638349,-12.833499499999959],[-46.296192599999983,-12.862896199999909],[-46.282968499999924,-12.879785099999935],[-46.294283399999983,-12.9123394],[-46.238152500000012,-12.937468],[-46.123597399999937,-12.908403299999918],[-46.104707099999985,-12.932085499999971],[-46.192660699999919,-13.000254],[-46.275971899999945,-13.019583399999988],[-46.283139899999924,-13.053469899999925],[-46.328383199999962,-13.097752299999968],[-46.294938099999911,-13.143641],[-46.324261700000022,-13.246239],[-46.299770499999966,-13.253793200000018],[-46.316793599999983,-13.303471499999944],[-46.2926751,-13.316744799999924],[-46.140538799999945,-13.267689],[-46.1029737,-13.276195200000018],[-46.0704778,-13.259579200000019],[-46.0452077,-13.274398299999973],[-46.138512399999968,-13.37882929999995],[-46.247776699999974,-13.429856299999926],[-46.201981900000021,-13.460970799999984],[-46.231686200000013,-13.481402899999978],[-46.2408759,-13.576204699999948],[-46.200765100000012,-13.568775599999981],[-46.164859199999967,-13.593344499999944],[-46.251773,-13.682123900000022],[-46.234629700000028,-13.709791],[-46.261653,-13.734417599999972],[-46.22347469999994,-13.766283499999986],[-46.280710299999953,-13.795548499999938],[-46.264306499999861,-13.8058062],[-46.2727274,-13.8279288],[-46.232376400000021,-13.846954700000026],[-46.268854,-13.938156],[-46.2493111,-13.967009800000028],[-46.218173899999954,-13.973108599999989],[-46.220835299999976,-14.109497],[-46.185048100000017,-14.155932499999949],[-46.129069299999912,-14.146181599999977],[-46.097935899999982,-14.203768799999978],[-46.057442400000014,-14.193655599999943],[-46.0515221,-14.24320739999996],[-46.025921400000016,-14.261221899999953],[-45.991256899999939,-14.255833100000018],[-45.9960762,-14.275719899999956],[-45.963843600000018,-14.281352],[-45.941444299999944,-14.3436451],[-45.907493,-14.35374760000002],[-45.933008700000016,-14.411285599999985],[-45.9754024,-14.4353269],[-46.0080792,-14.426650799999891],[-45.999783399999956,-14.446549899999923],[-46.018319299999916,-14.471656],[-45.992581399999949,-14.493286499999897],[-46.0040467,-14.517110800000012],[-45.975380399999949,-14.53782990000002],[-45.991698099999951,-14.554863599999862],[-45.990034399999956,-14.662742],[-46.023934399999916,-14.680429600000025],[-46.000618799999984,-14.706405899999936],[-45.999401199999966,-14.7858604],[-46.040112,-14.826263299999937],[-46.022698599999899,-14.857144600000026],[-46.086596400000019,-14.936044599999946],[-46.164267,-14.912985],[-46.173681599999952,-14.948689399999921],[-46.222419,-14.9431371],[-46.231310600000029,-14.9226279],[-46.2841755,-14.92815209999992],[-46.290678199999945,-14.905687],[-46.31850819999994,-14.9020842],[-46.302120699999989,-14.863865499999974],[-46.323315299999933,-14.846122699999967],[-46.319546899999978,-14.816691499999934],[-46.435976200000027,-14.75455809999994],[-46.471629,-14.700755],[-46.489343,-14.7181592],[-46.501592800000026,-14.708852599999943],[-46.571282199999985,-14.793336499999953],[-46.526035599999943,-14.859884099999931],[-46.5529209,-14.930374699999959],[-46.517304399999944,-14.979989699999976],[-46.532437599999923,-14.997809599999925],[-46.515525200000013,-15.049867299999903],[-46.572628,-15.082847300000026],[-46.6278671,-15.089220899999987],[-46.734207799999922,-15.030709699999989],[-46.84931389999997,-15.008489],[-46.9228521,-15.0499079],[-46.919806600000015,-15.079311299999915],[-46.8833093,-15.11268489999992],[-46.938953999999853,-15.2285799],[-46.9267843,-15.2530863],[-46.88813279999988,-15.235634199999936],[-46.890076899999883,-15.2785278],[-46.87006909999991,-15.2930743],[-46.948972899999944,-15.3232471],[-46.9587965,-15.436428],[-46.9911555,-15.478275],[-47.014274099999966,-15.493108899999925],[-47.048524699999973,-15.476416499999971],[-47.08335,-15.492902899999933],[-47.172284099999956,-15.486996099999942],[-47.146707699999922,-15.531315499999948],[-47.1861697,-15.526072099999965],[-47.210429200000021,-15.549551],[-47.246006,-15.5390491],[-47.238511599999924,-15.570527700000014],[-47.331242299999985,-15.524343400000021],[-47.37430779999994,-15.548345199999972],[-47.401995399999976,-15.521456600000022],[-47.464084800000023,-15.506813299999976],[-47.466545100000019,-15.459804499999962],[-47.490202299999964,-15.45602150000002],[-47.577999799999986,-15.593186599999967],[-47.6147145,-15.5722321],[-47.60358610000003,-15.539354899999978],[-47.641322499999944,-15.565985800000021],[-47.7003992,-15.553333899999927],[-47.836962200000016,-15.624835500000017],[-47.85193409999988,-15.661959499999966],[-47.881132,-15.6700839],[-47.917370099999914,-15.624453699999947],[-48.00962949999996,-15.571852299999932],[-48.050487099999941,-15.61887280000002],[-48.107638599999916,-15.584305699999959],[-48.1293197,-15.607734699999867],[-48.255518499999937,-15.605008],[-48.245490300000029,-15.658135300000026],[-48.288044399999933,-15.722215800000015],[-48.300673299999914,-15.701034400000026],[-48.343669799999986,-15.717790900000011],[-48.362181199999952,-15.705249499999979],[-48.359558900000025,-15.7235412],[-48.385277599999938,-15.739451799999983],[-48.4158587,-15.717818599999987],[-48.4521423,-15.747037],[-48.481158599999958,-15.741340400000013],[-48.4914994,-15.782026799999926],[-48.530015199999923,-15.784443499999895],[-48.648417299999949,-15.733996699999977],[-48.716658199999983,-15.7680181],[-48.803167,-15.7456267],[-48.903058499999872,-15.7529778],[-48.8952665,-15.77604139999994],[-48.832439,-15.796948900000018],[-48.862070299999914,-15.806620899999984],[-48.844033699999954,-15.840843199999938],[-48.870632199999989,-15.850218],[-48.8723938,-15.8780231],[-48.901524599999959,-15.885443399999986],[-48.905213,-15.944151599999884],[-48.8893948,-15.95913209999992],[-48.925656899999979,-16.016695399999946],[-48.9179115,-16.073602199999925],[-48.958959400000026,-16.128253299999983],[-49.0091903,-16.134701199999881],[-49.072835600000019,-16.248694299999954],[-49.106824599999982,-16.221145099999944],[-49.190600599999925,-16.208218199999919],[-49.204206899999974,-16.171355],[-49.244210399999986,-16.2085798],[-49.265504199999953,-16.201137599999981],[-49.311235099999919,-16.230546],[-49.3849851,-16.1873996],[-49.4039416,-16.1942972],[-49.427067099999931,-16.166233599999941],[-49.4512497,-16.170416799999941],[-49.487568099999919,-16.130874199999937],[-49.540898799999979,-16.137296899999967],[-49.570706999999857,-16.102359799999931],[-49.61779150000001,-16.15838709999997],[-49.663021899999933,-16.176210399999945],[-49.668915499999969,-16.200147499999957],[-49.71762,-16.1822237],[-49.786832600000025,-16.194451699999945],[-49.811763400000018,-16.251523],[-49.901316599999973,-16.231553599999984],[-49.908664299999941,-16.215702599999929],[-49.948700700000018,-16.223941200000013],[-49.973984299999984,-16.2517302],[-50.053572599999939,-16.213219],[-50.215549899999985,-16.230493699999954],[-50.248204,-16.330757199999937],[-50.222383199999967,-16.398688899999968],[-50.246166799999912,-16.421046199999921],[-50.2392992,-16.447644200000013],[-50.308150500000011,-16.5824771],[-50.291091400000028,-16.636196400000017],[-50.299481099999923,-16.686793],[-50.359718900000018,-16.69132860000002],[-50.381805699999973,-16.726261],[-50.377483699999857,-16.814133099999879],[-50.429635299999859,-16.901583599999924],[-50.51836,-16.9139806],[-50.614308699999924,-16.875308299999972],[-50.6558465,-16.961200199999951],[-50.690162599999894,-16.950791099999947],[-50.699124299999937,-16.982828099999949],[-50.736106800000016,-16.974723499999925],[-50.7978023,-17.003399899999977],[-50.826073399999984,-16.998930700000017],[-50.882361699999933,-16.940305599999874],[-50.9451044,-16.938564900000017],[-51.004563599999983,-16.868562],[-51.054397599999959,-16.863156499999945],[-51.0535691,-16.953085399999907],[-51.1022752,-16.987409],[-51.092676899999958,-17.048562100000026],[-51.139037499999972,-17.095463899999913],[-51.132475199999988,-17.113516399999924],[-51.2133938,-17.113513],[-51.271872200000018,-17.16104],[-51.2686463,-17.188974],[-51.290294099999983,-17.185729700000024],[-51.291460700000016,-17.21173669999996],[-51.320085899999981,-17.2210751],[-51.3837557,-17.1964466],[-51.409178099999963,-17.218638699999929],[-51.429102,-17.195991399999969],[-51.501345499999957,-17.194517],[-51.517630600000018,-17.178352099999927],[-51.553018599999973,-17.19947430000002],[-51.594161699999972,-17.1697532],[-51.61488339999994,-17.182741699999951],[-51.651792899999919,-17.160743599999989],[-51.6883168,-17.225311200000021],[-51.775866299999905,-17.237922],[-51.7738106,-17.206978699999922],[-51.800836399999923,-17.177545800000019],[-51.904146299999923,-17.145953199999951],[-51.939966699999957,-17.039309099999969],[-51.993766600000015,-17.069029],[-52.0231908,-17.030163800000025],[-52.060342899999966,-17.063267699999983],[-52.047682499999951,-17.116900499999986],[-52.13361969999994,-17.1570815],[-52.121827499999938,-17.2031045],[-52.142779599999983,-17.231674699999928],[-52.1137503,-17.2888549],[-52.128947099999948,-17.323751300000026],[-52.181247699999972,-17.286603799999966],[-52.270034,-17.327781099999982],[-52.284971199999973,-17.301607499999989],[-52.3452112,-17.298421500000018],[-52.398537299999987,-17.256551399999978],[-52.416365799999937,-17.285574],[-52.5224394,-17.308870299999967],[-52.521038799999985,-17.34728530000001],[-52.5631912,-17.383055599999977],[-52.6209467,-17.368266299999959],[-52.666437799999983,-17.310537599999975],[-52.6875589,-17.357026799999915],[-52.739511599999958,-17.35123470000002],[-52.757159800000011,-17.385415],[-52.881272699999954,-17.4318687],[-52.8870753,-17.480313399999886],[-52.8427694,-17.486239500000011],[-52.831441,-17.51631169999996],[-52.7664226,-17.512609],[-52.77749080000001,-17.528841899999975],[-52.75165439999995,-17.557847899999956],[-52.761605799999984,-17.589305199999956],[-52.804531399999917,-17.616294700000026],[-52.780014,-17.6704436],[-52.815596,-17.708462399999917],[-52.893761499999982,-17.700137199999972],[-52.891017599999941,-17.730538399999887],[-52.942405800000017,-17.749881699999946],[-52.939160500000014,-17.802077899999915],[-53.049835299999984,-17.853357800000026],[-53.044162299999925,-17.885565900000017],[-53.076027599999918,-17.905243499999926],[-53.014384,-17.929484299999956],[-53.022104899999988,-17.9689912],[-53.005536099999915,-17.981063099999972],[-53.019974199999922,-17.995903],[-53.0057574,-18.008529899999928],[-53.05622390000002,-18.041638]]]]}}
]
}
