{
"type": "FeatureCollection",
"name": "bacias_nivel_3",
"crs": { "type": "name", "properties": { "name": "urn:ogc:def:crs:OGC:1.3:CRS84" } },
"xy_coordinate_resolution": 1e-15,
"features": [
{"type":"Feature","properties":{"nome_bacia":"Bacia do Rio Tapajós"},"geometry":{"type":"MultiPolygon","coordinates":[[[[-59.128532299999961,-14.748268499999938],[-59.177991399999939,-14.754455399999983],[-59.232769,-14.699016399999948],[-59.206824599999948,-14.667505499999947],[-59.197378,-14.622143699999981],[-59.224536399999977,-14.623642099999984],[-59.239816799999858,-14.6405196],[-59.26099279999994,-14.609066400000017],[-59.2859578,-14.606510599999922],[-59.279939,-14.544446900000025],[-59.319138799999962,-14.532477],[-59.348666399999956,-14.491830100000016],[-59.337847699999941,-14.472832],[-59.347829799999943,-14.370429600000023],[-59.41505479999995,-14.359000299999934],[-59.437157099999922,-14.313783499999943],[-59.476513899999929,-14.32503319999995],[-59.479888599999981,-14.2949094],[-59.462386699999968,-14.277030599999932],[-59.471923299999958,-14.252947799999959],[-59.431611799999871,-14.192022099999974],[-59.448378,-14.123267],[-59.422686399999975,-14.107904099999985],[-59.444493499999965,-14.0924101],[-59.451632,-14.058478199999968],[-59.435075799999936,-13.991482500000018],[-59.4883709,-13.9717104],[-59.490436799999941,-13.929047699999956],[-59.5494064,-13.918466699999954],[-59.540292299999862,-13.8914299],[-59.575605099999905,-13.832759300000021],[-59.600059900000019,-13.834256699999969],[-59.618864200000019,-13.812644499999976],[-59.6791536,-13.808490800000015],[-59.688598899999988,-13.784585],[-59.67361219999998,-13.766765899999939],[-59.7030143,-13.740233100000012],[-59.700786899999912,-13.711255799999947],[-59.7274825,-13.6670851],[-59.750381299999901,-13.658699699999943],[-59.746895199999926,-13.633759699999928],[-59.770016,-13.601022199999989],[-59.762025499999936,-13.584825099999989],[-59.836391299999946,-13.5451372],[-59.844647299999963,-13.389930100000015],[-59.86922,-13.330631099999948],[-59.855977199999927,-13.2656811],[-59.885035500000015,-13.233537899999988],[-59.919690100000025,-13.235131699999897],[-59.940812899999969,-13.14092729999993],[-59.929914899999972,-13.1250609],[-59.937905099999909,-13.089840200000026],[-59.964632899999913,-13.082143299999984],[-60.013872499999934,-13.115807099999927],[-60.0235409,-13.089048299999945],[-60.0574595,-13.109569699999952],[-60.083463499999937,-13.0975441],[-60.05381,-13.041466999999898],[-60.078665299999955,-12.991282099999978],[-60.064731699999925,-12.935996400000022],[-60.0828674,-12.877833899999871],[-60.065566,-12.8449473],[-60.079061700000011,-12.844903],[-60.08439,-12.8234981],[-60.069304799999941,-12.791003100000012],[-60.07172879999996,-12.734085499999935],[-60.096429199999989,-12.731384099999957],[-60.097494499999925,-12.6783461],[-60.11838849999998,-12.642137699999921],[-60.083132400000011,-12.540822599999956],[-60.054689799999949,-12.508649199999979],[-60.018341699999951,-12.506971299999975],[-60.00810180000002,-12.48497],[-59.98996,-12.4873778],[-59.95251959999996,-12.450830100000019],[-59.943315199999915,-12.463474699999949],[-59.928534399999876,-12.4451191],[-59.8951181,-12.442719599999975],[-59.864991399999951,-12.360615699999983],[-59.831702300000018,-12.306047799999988],[-59.795007699999985,-12.286831600000028],[-59.7964124,-12.2523792],[-59.7438783,-12.205381699999975],[-59.7400753,-12.175923300000022],[-59.714082,-12.163697800000023],[-59.715503599999977,-12.1435057],[-59.677390899999978,-12.13793869999995],[-59.671816499999977,-12.118201399999975],[-59.6305112,-12.085645899999975],[-59.568664500000011,-12.10136209999996],[-59.523472399999946,-12.048186399999963],[-59.468318,-12.039303300000029],[-59.42556959999996,-12.010706299999924],[-59.397868299999914,-12.020789899999897],[-59.37245230000002,-12.012008899999955],[-59.310926499999937,-11.892988300000013],[-59.278547199999878,-11.876152899999965],[-59.233156599999973,-11.859768200000019],[-59.2234474,-11.871661],[-59.1921618,-11.862398400000018],[-59.175621799999988,-11.872135399999934],[-59.165868399999908,-11.852914699999985],[-59.155207,-11.8597992],[-59.145371899999986,-11.831400799999983],[-59.086793599999908,-11.862819100000024],[-59.047721,-11.849608499999988],[-59.052300899999864,-11.825908699999957],[-59.0286802,-11.813965899999914],[-59.037087499999984,-11.796378299999901],[-58.981772099999887,-11.742917599999942],[-59.0257441,-11.707627099999968],[-59.036614199999917,-11.672063],[-59.017803599999979,-11.6667443],[-59.0083373,-11.64142389999995],[-59.01583,-11.589587],[-58.989109099999951,-11.5859582],[-59.001946799999985,-11.5348727],[-58.974438799999916,-11.511831699999959],[-58.952039899999988,-11.524286],[-58.903376699999967,-11.458367599999974],[-58.930197,-11.435227899999973],[-58.994026399999939,-11.435127500000021],[-58.985433699999987,-11.412037600000019],[-58.998405899999852,-11.390922499999988],[-58.985725699999989,-11.377342899999974],[-59.009105699999907,-11.341672599999981],[-59.016735199999857,-11.350897699999962],[-59.037799799999959,-11.3346386],[-59.04513889999987,-11.294482899999934],[-59.02774740000001,-11.257546799999943],[-59.042916499999933,-11.217361199999971],[-59.056004499999972,-11.2190597],[-59.071525799999904,-11.191554600000018],[-59.038633899999979,-11.158235199999979],[-59.040290799999923,-11.112139800000023],[-58.989084699999978,-11.092382099999952],[-58.952063899999928,-11.05237],[-58.941027599999927,-11.061635099999933],[-58.918952100000013,-11.047303699999986],[-58.9160228,-11.03077049999996],[-58.947330099999931,-10.990223],[-58.906574699999965,-10.9899648],[-58.8985768,-10.9731405],[-58.870387699999981,-10.985607500000015],[-58.8114577,-10.97672469999992],[-58.7785434,-10.942535799999973],[-58.7858038,-10.915986099999941],[-58.817281900000012,-10.9169503],[-58.8430801,-10.887637],[-58.846234200000026,-10.871473],[-58.830847599999856,-10.866044799999941],[-58.840624,-10.857152399999961],[-58.809229599999981,-10.81399319999997],[-58.818490900000029,-10.791064],[-58.8384398,-10.780326],[-58.909115,-10.791622199999949],[-58.8927114,-10.742984499999977],[-58.865731,-10.726563499999941],[-58.8789933,-10.714407899999969],[-58.857559,-10.677602900000011],[-58.887450899999976,-10.63668819999998],[-58.87129659999988,-10.610481299999947],[-58.8437288,-10.614245799999935],[-58.830762799999945,-10.601288899999986],[-58.8366934,-10.584107500000016],[-58.815749699999969,-10.547768299999973],[-58.766393699999981,-10.5443639],[-58.739761,-10.5619802],[-58.7345219,-10.5429727],[-58.71143189999998,-10.5493851],[-58.702290899999923,-10.535486099999957],[-58.652240399999982,-10.530906499999958],[-58.640850199999988,-10.5570543],[-58.611413,-10.54834349999993],[-58.588881,-10.520950700000014],[-58.582544,-10.449766799999907],[-58.5933374,-10.437554],[-58.582057099999986,-10.421366499999976],[-58.599587299999939,-10.3662362],[-58.598143600000014,-10.345046899999943],[-58.58467,-10.3393934],[-58.6133049,-10.261988799999983],[-58.592233299999975,-10.239033300000017],[-58.587992900000017,-10.1776797],[-58.558482799999865,-10.164860399999952],[-58.5461118,-10.127517199999943],[-58.546129300000018,-10.112101699999982],[-58.577679599999954,-10.106418499999961],[-58.533467799999926,-10.10457219999995],[-58.554443599999956,-10.091218799999979],[-58.5444521,-10.0419354],[-58.567802399999948,-10.010749700000019],[-58.558745699999861,-9.997104],[-58.606529699999953,-9.944316399999877],[-58.602356400000019,-9.923329],[-58.662036300000011,-9.878703899999948],[-58.6802773,-9.8799912],[-58.657887299999913,-9.8158568],[-58.673008,-9.786417499999914],[-58.695454699999971,-9.763513400000022],[-58.713692499999979,-9.777883499999916],[-58.7264098,-9.750069899999971],[-58.75724769999988,-9.7493361],[-58.744363799999917,-9.707028200000025],[-58.781182199999932,-9.7120622],[-58.79270269999995,-9.686720700000023],[-58.8325036,-9.667000299999927],[-58.825773599999877,-9.658238900000015],[-58.85751,-9.650630799999988],[-58.860990199999947,-9.636683],[-58.877018,-9.645226599999944],[-58.876765299999988,-9.626901499999917],[-58.894532,-9.6140886],[-58.84140809999991,-9.533197],[-58.861507500000016,-9.501828899999964],[-58.857745,-9.467143599999986],[-58.87332199999986,-9.462774599999989],[-58.893439499999943,-9.421251099999949],[-58.877705900000024,-9.389951699999983],[-58.8988956,-9.314922399999944],[-58.874395400000026,-9.279527],[-58.888081399999976,-9.257805800000028],[-58.873306,-9.236206700000025],[-58.88476419999995,-9.206726300000014],[-58.870070799999951,-9.204315699999938],[-58.872898,-9.181867099999977],[-58.847782699999982,-9.179018700000029],[-58.818119,-9.1426715],[-58.827600299999915,-9.117411599999969],[-58.781249800000012,-9.105694500000027],[-58.78847159999998,-9.067050900000027],[-58.758146,-9.026436699999977],[-58.730087099999935,-9.016729899999916],[-58.725734699999975,-8.984835499999917],[-58.751502799999969,-8.947455799999943],[-58.7692738,-8.949885199999983],[-58.7760707,-8.936451],[-58.809775399999921,-8.961250599999914],[-58.838473500000021,-8.950132600000018],[-58.895298,-8.9711979],[-58.898272099999929,-8.955542799999989],[-58.9223609,-8.955416699999944],[-58.973894899999948,-8.919367199999897],[-59.009626700000013,-8.918765],[-59.0217546,-8.9007421],[-59.011579,-8.89467129999997],[-59.017917399999988,-8.867089699999951],[-59.067905099999905,-8.828349899999978],[-59.092734699999937,-8.833926299999916],[-59.113382499999943,-8.813517499999989],[-59.079685199999972,-8.776324099999954],[-59.087562600000012,-8.731624],[-59.068037999999888,-8.723356299999921],[-59.055143499999872,-8.732929],[-59.037938,-8.717049199999963],[-59.035507699999926,-8.642794700000024],[-58.915354699999909,-8.526255400000025],[-58.934289899999953,-8.496520700000019],[-58.8263076,-8.354092699999967],[-58.807848199999967,-8.299239899999975],[-58.780966199999909,-8.283906399999921],[-58.79240099999987,-8.220800899999972],[-58.768739799999935,-8.193545],[-58.766738199999963,-8.141224599999987],[-58.722757199999933,-8.136132700000019],[-58.714977299999987,-8.1059608],[-58.725686,-8.085694499999931],[-58.716535099999987,-8.059818099999973],[-58.7400417,-8.04586189999992],[-58.730663599999957,-8.0180176],[-58.702523999999869,-8.00980770000001],[-58.700154099999963,-8.033318899999927],[-58.678928599999949,-8.0371912],[-58.664071299999989,-7.932018099999937],[-58.674353,-7.888527099999919],[-58.686288199999979,-7.884371499999986],[-58.672656099999926,-7.849077099999988],[-58.7270251,-7.799569799999972],[-58.724488599999916,-7.719293299999947],[-58.696414,-7.689980699999978],[-58.670678,-7.611879699999974],[-58.642821700000013,-7.6045097],[-58.649889799999983,-7.59100810000001],[-58.634895699999959,-7.586555799999985],[-58.610611699999936,-7.538297799999896],[-58.561453099999937,-7.5180054],[-58.557075899999973,-7.5286003],[-58.532515399999909,-7.5168696],[-58.5092917,-7.526043299999969],[-58.521603499999969,-7.487783400000012],[-58.509305499999925,-7.468291199999953],[-58.485234899999966,-7.464696],[-58.490064199999949,-7.430474600000025],[-58.509435600000018,-7.438576099999977],[-58.524928199999977,-7.413507299999935],[-58.540523899999926,-7.420656699999938],[-58.5770157,-7.400574099999915],[-58.531728199999975,-7.342745799999989],[-58.577113899999972,-7.2908984],[-58.525445399999967,-7.227369399999986],[-58.569321799999898,-7.199957499999982],[-58.527516099999957,-7.184300300000018],[-58.531487799999979,-7.136800100000016],[-58.502511199999958,-7.107985400000018],[-58.476536300000021,-7.1044708],[-58.475165799999957,-7.080579699999987],[-58.497511,-7.05142189999998],[-58.5336673,-7.052673299999981],[-58.5613601,-7.028937499999984],[-58.574396899999954,-7.044271],[-58.584343299999944,-7.0337343],[-58.600632799999914,-7.044843499999956],[-58.62013869999987,-7.000694499999952],[-58.637416099999882,-7.0053322],[-58.654218699999944,-6.980396299999938],[-58.6562963,-6.943933499999957],[-58.736117799999874,-6.902040399999919],[-58.752872199999956,-6.858791699999983],[-58.767625099999975,-6.860819900000024],[-58.787054800000021,-6.828483799999958],[-58.773500300000023,-6.813228899999956],[-58.785197399999902,-6.777341099999944],[-58.837145799999973,-6.705693100000019],[-58.8496015,-6.649129500000015],[-58.8424612,-6.606556500000011],[-58.807074099999966,-6.586024599999917],[-58.7875325,-6.5149566],[-58.750517,-6.501865399999986],[-58.702340299999946,-6.427142499999945],[-58.6851279,-6.435415499999976],[-58.677515899999946,-6.4046381],[-58.6909784,-6.368331500000011],[-58.679464199999984,-6.350712299999941],[-58.647516900000028,-6.3431923],[-58.5995759,-6.379029399999979],[-58.549074599999983,-6.370937],[-58.541281700000013,-6.356884],[-58.503555,-6.3754649],[-58.512937599999987,-6.343623299999933],[-58.484943,-6.330285899999978],[-58.485857499999952,-6.3179546],[-58.506939499999987,-6.270736699999986],[-58.507226799999955,-6.2319958],[-58.52791649999989,-6.220694499999922],[-58.532837099999881,-6.19950590000002],[-58.5284663,-6.179857799999979],[-58.477949499999966,-6.137161399999968],[-58.435653600000023,-6.12878],[-58.386798299999953,-6.155424400000015],[-58.366676900000016,-6.130717299999958],[-58.342770500000029,-6.152855699999918],[-58.32664920000002,-6.1382701],[-58.272141,-6.14014659999998],[-58.209311199999945,-6.172884599999975],[-58.184073599999977,-6.150835699999959],[-58.143066699999963,-6.154015199999947],[-58.149299099999951,-6.132989099999918],[-58.13174819999989,-6.1155637],[-58.1062574,-6.128471900000022],[-58.102085,-6.108930399999963],[-58.065648199999885,-6.10465789999995],[-58.040776,-6.121468199999981],[-58.03432689999994,-6.093251799999962],[-58.010507800000028,-6.0999577],[-58.012272400000029,-6.082841199999962],[-57.990774,-6.087381400000027],[-57.982376,-6.059862899999985],[-57.920148900000015,-6.035313199999962],[-57.9274117,-6.0085631],[-57.863783800000022,-5.963486900000021],[-57.868379399999924,-5.902847],[-57.847435500000017,-5.8867285],[-57.879305499999987,-5.862593],[-57.8532361,-5.864274399999942],[-57.843143600000019,-5.839956],[-57.828765799999928,-5.852865999999892],[-57.80400039999995,-5.799903],[-57.778218,-5.8001918],[-57.758942,-5.777834199999916],[-57.771448,-5.7498597],[-57.76231729999995,-5.727936599999964],[-57.797010899999918,-5.727512199999865],[-57.816380299999935,-5.6816086],[-57.802576099999953,-5.6249831],[-57.778429299999914,-5.622433199999989],[-57.775053299999911,-5.5867867],[-57.747640900000022,-5.58496329999997],[-57.746744899999953,-5.554807],[-57.713774100000023,-5.558419099999981],[-57.678761699999939,-5.5406969],[-57.656202399999984,-5.565184699999861],[-57.5969576,-5.5126345],[-57.554021499999976,-5.493871500000012],[-57.542006099999867,-5.504957400000023],[-57.528332499999976,-5.443520899999953],[-57.489155499999924,-5.44029],[-57.470724,-5.412765399999955],[-57.445151799999962,-5.41958939999995],[-57.4478416,-5.4354856],[-57.4350662,-5.4415957],[-57.444153299999925,-5.408077499999933],[-57.403725,-5.355227199999945],[-57.387785,-5.361074799999983],[-57.379773,-5.345778499999938],[-57.329063499999961,-5.327313199999935],[-57.299864,-5.276822],[-57.27167,-5.263739900000019],[-57.288128299999983,-5.245152599999983],[-57.281680699999924,-5.2181895],[-57.2618258,-5.208192100000019],[-57.251756099999909,-5.2195982],[-57.229555800000014,-5.175860899999975],[-57.248477799999932,-5.153697799999975],[-57.2196222,-5.121463],[-57.221681899999965,-5.100766799999974],[-57.240137499999946,-5.098386799999957],[-57.229816799999924,-5.0639976],[-57.171858900000018,-5.019451100000026],[-57.1922424,-5.013539799999933],[-57.185450199999934,-4.960241399999916],[-57.205435500000021,-4.945834],[-57.1944992,-4.9123002],[-57.158525600000019,-4.893284699999981],[-57.167046700000014,-4.8782071],[-57.145205699999963,-4.8671524],[-57.14415809999997,-4.842722699999968],[-57.0877021,-4.800456],[-57.090388500000017,-4.753986499999939],[-57.033226899999988,-4.709940299999914],[-57.021336500000018,-4.7268949],[-56.965501499999903,-4.720453199999952],[-56.96088409999993,-4.68567749999994],[-56.911776700000019,-4.663779299999987],[-56.908093800000017,-4.632031],[-56.875568900000019,-4.58364],[-56.850213399999973,-4.594240099999979],[-56.806118499999968,-4.565734499999962],[-56.820233299999984,-4.503501],[-56.78893469999997,-4.469677199999921],[-56.741656299999875,-4.475642100000016],[-56.700552699999946,-4.460980199999938],[-56.684866199999931,-4.433754599999986],[-56.640067699999918,-4.433791],[-56.635749699999963,-4.392052700000022],[-56.61972,-4.379259599999955],[-56.634765799999911,-4.32746579999997],[-56.615653499999951,-4.29695769999995],[-56.589703400000019,-4.3095844],[-56.577760899999987,-4.286576599999989],[-56.5564144,-4.2871245],[-56.552048299999967,-4.302658800000017],[-56.534883,-4.292196499999989],[-56.553976099999943,-4.258604100000014],[-56.5203368,-4.226962499999956],[-56.5313491,-4.175528199999974],[-56.513145599999973,-4.1544546],[-56.497275299999956,-4.143163],[-56.468372599999952,-4.1559883],[-56.469621500000017,-4.127428599999973],[-56.446011,-4.155495299999984],[-56.436530499999947,-4.143482399999982],[-56.433680699999968,-4.159501299999988],[-56.424955599999976,-4.133138499999973],[-56.394796400000018,-4.131107599999893],[-56.3771403,-4.1506779],[-56.35660079999991,-4.132109899999932],[-56.331480599999963,-4.167303100000026],[-56.302886199999989,-4.172214699999984],[-56.278999299999953,-4.157413499999961],[-56.261125,-4.180025300000011],[-56.231419299999914,-4.152628699999923],[-56.249291699999958,-4.126680399999941],[-56.185607600000026,-4.101253299999939],[-56.184859800000027,-4.070687299999975],[-56.197324400000014,-4.066295699999955],[-56.1722216,-4.0168539],[-56.139792300000011,-4.013948299999925],[-56.1450802,-3.9764672],[-56.108381599999973,-3.951000799999917],[-56.072039,-3.945760899999982],[-56.065449199999989,-3.921598399999937],[-56.087494899999911,-3.9083493],[-56.0773486,-3.8800534],[-56.09763339999995,-3.859939599999962],[-56.062932,-3.733995100000016],[-56.090168199999937,-3.729364299999929],[-56.0975229,-3.710335699999973],[-56.070891599999982,-3.675055399999962],[-56.084330799999918,-3.6436544],[-56.067635399999858,-3.63207239999997],[-56.062941399999943,-3.566567099999986],[-56.081066799999974,-3.536733799999979],[-56.138646100000017,-3.535901],[-56.128126399999928,-3.481855899999971],[-56.142140400000017,-3.454006400000026],[-56.1687498,-3.44625],[-56.171420099999978,-3.417211399999985],[-56.2004551,-3.417931799999906],[-56.220410399999935,-3.398474],[-56.231099200000017,-3.332538699999986],[-56.296851800000013,-3.322546400000022],[-56.288684199999977,-3.297058299999946],[-56.302197,-3.257905100000016],[-56.327102700000012,-3.254179499999964],[-56.346361600000023,-3.268382499999973],[-56.377875500000016,-3.24802829999993],[-56.372117099999969,-3.217883],[-56.3878628,-3.196965799999987],[-56.3717979,-3.1842754],[-56.362908699999934,-3.116807899999969],[-56.398087799999928,-3.115705900000023],[-56.408997199999988,-3.091472099999976],[-56.427950499999952,-3.0927158],[-56.4110025,-3.071915499999932],[-56.434471,-3.043533],[-56.436448399999904,-3.015660799999978],[-56.408625099999938,-2.95736879999987],[-56.4087073,-2.920677],[-56.373652,-2.905521],[-56.376343,-2.865954599999952],[-56.382805599999983,-2.8525985],[-56.4047228,-2.855969300000027],[-56.429494499999976,-2.8231386],[-56.467373,-2.8264443],[-56.491500499999972,-2.789404100000013],[-56.4196445,-2.763464499999941],[-56.3980254,-2.768586199999959],[-56.3838558,-2.748680499999978],[-56.350128,-2.7395841],[-56.3444192,-2.7141924],[-56.3233692,-2.698652400000014],[-56.330615299999977,-2.681583099999898],[-56.3097543,-2.678592],[-56.31801710000002,-2.644646],[-56.22255889999991,-2.605388800000014],[-56.241087100000016,-2.57925419999998],[-56.229037799999958,-2.542740499999979],[-56.1898013,-2.544664],[-56.178999599999941,-2.517505200000016],[-56.130542699999921,-2.481226],[-56.092335100000014,-2.477888999999891],[-56.092491100000018,-2.457862399999954],[-56.072251699999981,-2.445226899999966],[-56.0622472,-2.460688300000015],[-56.042700200000013,-2.445894499999952],[-56.042492900000013,-2.4182346],[-56.08788340000001,-2.36254219999995],[-56.101975299999935,-2.368187699999964],[-56.107161799999915,-2.33588919999994],[-56.132884,-2.305516],[-56.117547099999967,-2.276621700000021],[-56.0899736,-2.2635305],[-56.050584899999876,-2.267356600000028],[-56.053388199999915,-2.297621],[-56.0359714,-2.311323399999878],[-56.0278439,-2.298767699999985],[-55.998472600000014,-2.298992399999918],[-56.002028299999949,-2.281344199999978],[-55.9748821,-2.2480301],[-55.91171769999994,-2.296938],[-55.902081899999985,-2.274152299999912],[-55.881920199999911,-2.281992800000012],[-55.868952299999933,-2.268183399999941],[-55.867110499999967,-2.293389299999944],[-55.9094811,-2.337129299999958],[-55.883719499999927,-2.375174099999924],[-55.8478144,-2.363150500000017],[-55.792420499999935,-2.411792600000012],[-55.758858099999941,-2.410961199999974],[-55.742374700000028,-2.434135199999901],[-55.6983672,-2.4010707],[-55.631675799999982,-2.401114099999916],[-55.61649239999997,-2.376776099999972],[-55.588795,-2.412322300000028],[-55.515107199999989,-2.413825299999985],[-55.516832499999964,-2.450165700000014],[-55.4845939,-2.459296699999982],[-55.473734099999945,-2.478248199999939],[-55.450819299999978,-2.44855560000002],[-55.451785799999982,-2.405316899999946],[-55.397639099999935,-2.369035499999882],[-55.362285,-2.364166599999976],[-55.352582,-2.375672499999951],[-55.316792,-2.363682099999949],[-55.316870699999981,-2.349051799999927],[-55.300452299999961,-2.362254300000018],[-55.274035399999946,-2.322592499999985],[-55.244235800000013,-2.335476499999913],[-55.204566199999988,-2.314286399999901],[-55.187359099999981,-2.2868825],[-55.1612402,-2.295662],[-55.09461929999992,-2.262376199999949],[-55.079633699999988,-2.269666799999925],[-55.056663699999945,-2.253762600000016],[-55.003779099999974,-2.24983880000002],[-54.990221,-2.217528099999925],[-54.948212300000023,-2.23638],[-54.900708099999974,-2.185410699999977],[-54.8815773,-2.203034599999967],[-54.875580899999989,-2.235608899999988],[-54.864755299999899,-2.229416599999922],[-54.838792,-2.2661809],[-54.792462399999977,-2.249962499999924],[-54.728931099999954,-2.3861458],[-54.681305099999975,-2.412555299999951],[-54.712090499999931,-2.4296999],[-54.708861500000012,-2.475635300000022],[-54.748192500000016,-2.516410899999983],[-54.7399967,-2.600074599999971],[-54.75437519999997,-2.612588099999982],[-54.790602799999931,-2.607256899999868],[-54.8065279,-2.5820713],[-54.836574599999949,-2.58924],[-54.850764,-2.615729400000021],[-54.902475199999969,-2.6330524],[-54.925712499999975,-2.614921200000026],[-54.943483500000013,-2.63235229999998],[-54.93709309999997,-2.68403619999998],[-54.885692699999936,-2.686303399999986],[-54.89176759999998,-2.764097399999912],[-54.875194799999974,-2.798212499999977],[-54.894572699999969,-2.827719199999933],[-54.92550540000002,-2.8346995],[-54.93926620000002,-2.864052799999968],[-54.9234968,-2.878186200000016],[-54.994790799999976,-2.907300699999951],[-55.00442849999996,-2.940687699999899],[-55.031065,-2.958890799999949],[-55.01014239999995,-2.981623399999933],[-55.045813199999941,-3.011089200000015],[-55.046179,-3.0858306],[-55.029455499999926,-3.124229399999933],[-55.039800399999933,-3.142516899999976],[-55.081695200000013,-3.147622800000022],[-55.1131545,-3.1795644],[-55.0795048,-3.203284899999971],[-55.063581899999974,-3.2354451],[-55.044035099999917,-3.2362584],[-55.039316199999917,-3.2634716],[-55.059930099999974,-3.315744299999892],[-55.091394099999945,-3.331939699999907],[-55.090382199999908,-3.402557899999977],[-55.1339916,-3.424770599999988],[-55.119872799999939,-3.471994699999868],[-55.104306300000019,-3.479849800000011],[-55.112936099999956,-3.497101599999951],[-55.0959666,-3.512761299999966],[-55.106244199999935,-3.53915360000002],[-55.126220399999966,-3.530498500000022],[-55.117809699999952,-3.560417299999983],[-55.136444200000028,-3.578959600000019],[-55.145212799999968,-3.621264799999949],[-55.173329299999921,-3.645198199999925],[-55.151269,-3.66870160000002],[-55.174274799999921,-3.696211099999971],[-55.13917170000002,-3.72949559999995],[-55.120156099999974,-3.7729205],[-55.157360899999958,-3.8193056],[-55.148441400000024,-3.8648564],[-55.094179600000018,-3.870246799999961],[-55.0788344,-3.937769300000014],[-55.064027599999974,-3.9373612],[-55.059779699999865,-3.9206919],[-55.025930399999936,-3.924656500000026],[-55.014400099999989,-3.952782599999978],[-55.002472300000022,-3.946904599999925],[-55.0166254,-3.915367600000025],[-54.990945099999976,-3.898041],[-54.991773799999976,-3.878160799999932],[-55.016102600000011,-3.857464199999981],[-54.983854300000019,-3.8489798],[-54.963598299999944,-3.815773],[-54.91041869999998,-3.78331849999995],[-54.920434199999988,-3.742140099999972],[-54.909168599999987,-3.7275302],[-54.857180599999936,-3.72801399999986],[-54.828796399999931,-3.776812599999971],[-54.805208299999947,-3.7683806],[-54.761479399999985,-3.783940899999948],[-54.719681900000012,-3.768484299999955],[-54.704711499999917,-3.817851599999983],[-54.718122199999925,-3.8477421],[-54.750319,-3.849125599999979],[-54.746005699999898,-3.887369499999977],[-54.788692499999968,-3.935530500000027],[-54.755251499999986,-3.93765],[-54.762074499999983,-3.993883599999947],[-54.737738700000023,-4.038481299999944],[-54.786427499999888,-4.052730199999928],[-54.772368399999948,-4.120138099999906],[-54.808164499999918,-4.137420799999916],[-54.815646699999945,-4.172814199999948],[-54.787256800000023,-4.224882799999932],[-54.846209,-4.256707499999948],[-54.840878099999941,-4.2771282],[-54.8728769,-4.342724699999962],[-54.8349713,-4.388423499999874],[-54.850213699999927,-4.410309799999936],[-54.84356159999993,-4.4245608],[-54.884693099999936,-4.457866099999933],[-54.931619199999943,-4.462602899999922],[-54.914874699999984,-4.533745499999952],[-54.95944679999991,-4.584953699999971],[-54.985194200000024,-4.5915167],[-55.0275873,-4.575092400000017],[-55.084419200000013,-4.610545599999966],[-55.133245799999941,-4.603353099999936],[-55.1569417,-4.642785499999945],[-55.201001500000018,-4.633020599999895],[-55.290893999999867,-4.6803486],[-55.341655799999899,-4.629851599999881],[-55.357720799999981,-4.644527499999924],[-55.3781942,-4.63625],[-55.383307899999977,-4.6548302],[-55.4123515,-4.617547799999954],[-55.44427109999998,-4.634300399999915],[-55.4584645,-4.599871899999926],[-55.49441719999993,-4.6219094],[-55.493190200000015,-4.648099800000011],[-55.45986709999994,-4.69489539999995],[-55.474724199999969,-4.701526399999977],[-55.474311499999942,-4.731919600000026],[-55.5070816,-4.741804800000011],[-55.4881942,-4.759027799999956],[-55.5134311,-4.797508599999958],[-55.443951299999981,-4.840809299999933],[-55.434985400000016,-4.926213599999983],[-55.40515929999998,-4.94123849999994],[-55.393415899999923,-4.9878996],[-55.344720600000016,-5.045460099999957],[-55.393609399999946,-5.066150400000026],[-55.404083599999979,-5.0814254],[-55.388314199999968,-5.113174499999957],[-55.426856699999973,-5.1188704],[-55.423823,-5.1407721],[-55.456151700000021,-5.151535799999976],[-55.450972699999966,-5.179575099999965],[-55.500147200000015,-5.1784902],[-55.5459864,-5.206131199999959],[-55.563683700000013,-5.1904687],[-55.589382300000011,-5.192085199999951],[-55.596477199999981,-5.203622199999927],[-55.5802031,-5.227565899999945],[-55.614557199999979,-5.231434499999978],[-55.62430710000001,-5.252038200000015],[-55.601254700000027,-5.296804499999951],[-55.548470599999916,-5.2859654],[-55.502286,-5.296443099999976],[-55.480142600000022,-5.341816400000027],[-55.4837498,-5.3784723],[-55.4077916,-5.4313912],[-55.387092699999982,-5.426692399999979],[-55.398375699999974,-5.405984499999988],[-55.3897561,-5.389351799999986],[-55.358314599999972,-5.379315399999939],[-55.324228800000014,-5.426312399999972],[-55.308913199999949,-5.427500399999929],[-55.318933599999923,-5.440041],[-55.302225399999941,-5.480572299999949],[-55.2747099,-5.496623899999975],[-55.269859099999906,-5.5524962],[-55.289601799999957,-5.57123809999996],[-55.268479599999978,-5.598751400000026],[-55.281237399999952,-5.606262],[-55.2612843,-5.622534499999972],[-55.240139299999953,-5.6834639],[-55.208782299999939,-5.703032299999961],[-55.205915399999981,-5.759016700000018],[-55.163566599999967,-5.762150599999984],[-55.158098900000027,-5.776094799999953],[-55.17108079999997,-5.779438699999957],[-55.156882100000018,-5.794608599999947],[-55.139303699999971,-5.796109699999988],[-55.116113499999983,-5.825123799999972],[-55.079136299999959,-5.832616499999972],[-55.088746599999922,-5.839104199999952],[-55.0715068,-5.891586299999972],[-55.020285699999988,-5.931074700000011],[-55.037035300000014,-5.979037100000028],[-55.0259097,-5.999367599999971],[-55.045054199999981,-6.01952540000002],[-55.064336299999923,-6.008842799999968],[-55.131253300000026,-6.037470599999949],[-55.157454399999949,-6.0585259],[-55.166754500000025,-6.098315099999979],[-55.269779399999948,-6.070175799999902],[-55.284728099999938,-6.059593399999983],[-55.292813299999864,-6.019450899999981],[-55.320135600000015,-6.039616099999932],[-55.3400888,-6.088513700000021],[-55.322917199999949,-6.139576499999976],[-55.2933999,-6.1499349],[-55.291532699999948,-6.168945800000017],[-55.333937900000024,-6.2010654],[-55.331268500000022,-6.266210399999977],[-55.304145399999925,-6.288180999999895],[-55.300972,-6.317369499999984],[-55.241187299999979,-6.356917800000019],[-55.251545099999987,-6.388181699999961],[-55.236532300000022,-6.42486],[-55.256509,-6.450441799999965],[-55.208839399999874,-6.514030499999933],[-55.215189,-6.525986400000022],[-55.200734399999988,-6.531867099999943],[-55.183781799999963,-6.575202699999977],[-55.199138499999947,-6.577953599999944],[-55.197010099999886,-6.601171599999986],[-55.173304499999915,-6.616985399999919],[-55.186654399999952,-6.661744],[-55.166833299999894,-6.686886999999899],[-55.1673609,-6.7337501],[-55.1898602,-6.772902299999942],[-55.209693500000014,-6.775445199999922],[-55.202150500000016,-6.838800599999956],[-55.220096,-6.848071399999981],[-55.1944042,-6.888637099999983],[-55.227642699999933,-6.907946799999934],[-55.228861,-6.972980600000028],[-55.254548600000021,-6.98076],[-55.242916399999956,-7.02992619999992],[-55.218199799999866,-7.0442802],[-55.247407599999974,-7.0852377],[-55.2395641,-7.114392199999941],[-55.2537747,-7.157142299999919],[-55.233989099999917,-7.184583199999963],[-55.240263699999957,-7.210380199999918],[-55.209909199999913,-7.225525600000026],[-55.193525699999952,-7.273388399999988],[-55.2092207,-7.3260242],[-55.1836662,-7.377095],[-55.2069707,-7.399578299999916],[-55.144957099999942,-7.4369469],[-55.171390899999949,-7.4493632],[-55.161018500000011,-7.480318899999929],[-55.133580400000028,-7.494194100000016],[-55.1121736,-7.484818299999972],[-55.0945592,-7.51358369999997],[-55.066538499999979,-7.520539399999961],[-55.0798423,-7.565477699999974],[-55.068232799999919,-7.581576799999937],[-55.085597300000018,-7.59326870000001],[-55.070591400000012,-7.609105799999952],[-55.072604399999989,-7.634346199999982],[-55.1137005,-7.687531799999931],[-55.0890283,-7.715409099999988],[-55.0151055,-7.746271799999988],[-55.0240581,-7.760672600000021],[-55.006843,-7.777154199999927],[-55.019867299999987,-7.7986371],[-55.008667800000012,-7.8126224],[-55.044956799999966,-7.827396799999974],[-55.05530119999986,-7.856085300000018],[-55.068965699999978,-7.8535379],[-55.088085,-7.883645899999976],[-55.058760899999925,-7.96288850000002],[-55.125897800000018,-7.979918600000019],[-55.146823899999958,-8.004689900000017],[-55.124673299999984,-8.061908199999948],[-55.14848029999996,-8.089621500000021],[-55.146631099999979,-8.1145972],[-55.214188799999988,-8.14041229999998],[-55.203506599999969,-8.172538799999984],[-55.223741599999983,-8.2032041],[-55.215674700000022,-8.218078],[-55.237592300000017,-8.233163899999965],[-55.229965600000014,-8.253223399999968],[-55.206914899999958,-8.261914099999956],[-55.215034800000012,-8.303459499999917],[-55.19590089999997,-8.311151900000027],[-55.204709499999922,-8.329963499999963],[-55.190100299999983,-8.345489199999918],[-55.208987400000012,-8.356668099999922],[-55.193440599999974,-8.410023299999921],[-55.2064603,-8.440886699999908],[-55.193743299999937,-8.454146599999945],[-55.211901399999988,-8.4668282],[-55.19211580000001,-8.515864899999883],[-55.167902,-8.532916599999965],[-55.160502099999974,-8.596488099999988],[-55.18232,-8.6185711],[-55.11829640000002,-8.657497799999987],[-55.065471199999934,-8.7198674],[-55.08604859999997,-8.7439536],[-55.106304599999987,-8.745110599999975],[-55.102309199999979,-8.774551499999916],[-55.133299699999952,-8.764407099999914],[-55.1786019,-8.694054599999959],[-55.184215499999937,-8.721813099999963],[-55.20995929999998,-8.733552699999905],[-55.2577516,-8.6944686],[-55.264532799999984,-8.729521799999986],[-55.2346652,-8.783682100000021],[-55.232622499999934,-8.799115699999959],[-55.251245099999949,-8.815142499999979],[-55.240116799999953,-8.8348363],[-55.2204415,-8.850567599999977],[-55.179955699999937,-8.837628900000027],[-55.182823199999973,-8.882468800000026],[-55.162823899999978,-8.9261775],[-55.169366499999967,-8.980730199999982],[-55.145754099999976,-8.976026499999989],[-55.119098899999983,-8.996327399999984],[-55.112298099999919,-9.043740499999956],[-55.069313299999976,-9.035235499999885],[-55.059965399999953,-9.045495799999969],[-55.047440199999926,-9.02162340000001],[-54.998782800000015,-9.0561821],[-54.962416699999949,-9.051584900000023],[-54.953839500000015,-9.06215149999997],[-54.911123700000019,-9.045793999999887],[-54.889283499999976,-9.085533399999974],[-54.87193659999997,-9.0595174],[-54.8253396,-9.099235799999974],[-54.807565099999977,-9.0883751],[-54.795910299999946,-9.102507399999922],[-54.752446099999872,-9.107761900000014],[-54.7487562,-9.139387699999986],[-54.726740800000016,-9.15561809999997],[-54.676986699999873,-9.162664],[-54.6732561,-9.18206779999997],[-54.689528999999879,-9.202671899999984],[-54.717670699999985,-9.2094914],[-54.69965069999995,-9.223846299999934],[-54.707914899999935,-9.241449400000022],[-54.7291449,-9.239728500000012],[-54.7259783,-9.255383100000017],[-54.755658199999971,-9.2713339],[-54.754105200000026,-9.299786499999925],[-54.72745070000002,-9.31477069999994],[-54.720289,-9.383490900000027],[-54.697775299999989,-9.385773099999938],[-54.705511199999933,-9.392891799999973],[-54.67617759999996,-9.484756],[-54.614415,-9.528462600000012],[-54.6305926,-9.55848409999993],[-54.621853900000019,-9.574003299999958],[-54.64318609999998,-9.597356299999944],[-54.631544599999984,-9.609517],[-54.6356164,-9.643114799999921],[-54.597012499999948,-9.664028799999983],[-54.582831399999975,-9.6552532],[-54.5371442,-9.6681777],[-54.540643499999987,-9.6947543],[-54.5045723,-9.749807199999907],[-54.510572499999967,-9.782974],[-54.455081,-9.798742800000014],[-54.429277800000023,-9.839684200000022],[-54.405303,-9.843092299999967],[-54.393929899999932,-9.829456400000026],[-54.3597373,-9.849788600000011],[-54.3160825,-9.842959899999983],[-54.268924699999957,-9.880933200000015],[-54.2477381,-9.8718768],[-54.19496979999991,-9.909571700000015],[-54.202638699999966,-9.94069449999995],[-54.2256673,-9.93252659999996],[-54.248286499999949,-9.956342800000016],[-54.237305699999922,-9.992498],[-54.3028807,-10.057323],[-54.319235,-10.1225743],[-54.279386,-10.10273559999996],[-54.231345299999987,-10.106577499999958],[-54.211282399999959,-10.072959899999944],[-54.19319379999996,-10.078181399999949],[-54.174416,-10.110086299999978],[-54.1851294,-10.156881399999975],[-54.166977699999961,-10.218086099999937],[-54.127704299999948,-10.233331599999985],[-54.099850199999935,-10.219302],[-54.0178189,-10.223944099999926],[-54.006077300000015,-10.262469800000019],[-53.966838199999984,-10.283236599999896],[-53.995421599999929,-10.308610199999919],[-53.977900899999952,-10.370965499999954],[-53.993326799999977,-10.3980135],[-53.990313,-10.440057500000023],[-54.0315152,-10.446250099999986],[-54.0295701,-10.470812200000012],[-54.01156,-10.477204599999936],[-54.044306600000027,-10.525705799999969],[-54.03962759999996,-10.545100100000013],[-54.138608599999941,-10.619871399999909],[-54.14680409999994,-10.644627599999922],[-54.205948199999966,-10.672535699999969],[-54.2481636,-10.650107900000023],[-54.263554699999986,-10.694648599999937],[-54.311431199999959,-10.708850599999948],[-54.31796559999998,-10.739775499999951],[-54.34611910000001,-10.733989300000019],[-54.358002799999952,-10.765125299999966],[-54.426996599999939,-10.808298299999933],[-54.457322899999951,-10.8125379],[-54.501635299999975,-10.8745867],[-54.544572,-10.872761499999967],[-54.564840600000025,-10.896276100000023],[-54.550743899999986,-10.9371486],[-54.598184,-10.932209299999954],[-54.6191167,-10.953351199999986],[-54.626985199999865,-10.938055899999938],[-54.656436899999903,-10.944492],[-54.6780339,-10.93079089999992],[-54.7151177,-10.950407699999971],[-54.718269599999985,-10.939693399999953],[-54.7629023,-10.947267799999963],[-54.798379,-10.92901779999994],[-54.809410500000013,-10.955839799999922],[-54.851411900000016,-10.972654],[-54.843552499999987,-10.995678299999895],[-54.862488199999973,-11.000699899999972],[-54.886529699999926,-11.035608399999944],[-54.951523099999974,-11.02755819999993],[-54.9903314,-11.075797399999942],[-54.978924,-11.1109735],[-55.004519499999958,-11.163230299999896],[-55.031084299999975,-11.19099030000001],[-55.061810799999876,-11.19957340000002],[-55.054328799999951,-11.21170909999995],[-55.0782372,-11.254196900000011],[-55.100564500000019,-11.259021500000017],[-55.112734900000021,-11.247105799999986],[-55.133332600000017,-11.262783199999888],[-55.108362100000022,-11.348434899999972],[-55.120517599999914,-11.363642],[-55.139755799999989,-11.35690569999997],[-55.142634399999963,-11.381596399999978],[-55.1612508,-11.392866799999922],[-55.155983199999923,-11.434595899999977],[-55.179967799999872,-11.490129200000013],[-55.175138899999979,-11.522764199999926],[-55.199875099999986,-11.555129099999931],[-55.166166399999952,-11.590889299999958],[-55.192367900000022,-11.61418470000001],[-55.229548699999896,-11.6080263],[-55.24312939999993,-11.63396],[-55.2601146,-11.634061299999985],[-55.269764899999927,-11.663713499999972],[-55.334525599999949,-11.695034],[-55.3454117,-11.721996699999977],[-55.326023500000019,-11.748181499999987],[-55.3679247,-11.800858300000016],[-55.3507452,-11.821622],[-55.363321700000029,-11.8443873],[-55.401289500000019,-11.862081899999964],[-55.3943506,-11.8874525],[-55.436132399999963,-11.917451299999925],[-55.42446469999993,-11.967633699999908],[-55.445419500000014,-12.014699399999984],[-55.440405100000021,-12.036393799999985],[-55.423974299999941,-12.035967799999923],[-55.4504546,-12.07651850000002],[-55.431666799999959,-12.079812299999958],[-55.4259487,-12.11],[-55.3880686,-12.1011681],[-55.360137,-12.145127199999934],[-55.347085900000025,-12.133287499999881],[-55.307213600000011,-12.159855599999958],[-55.311173,-12.229581499999881],[-55.287843499999951,-12.242372799999885],[-55.279220299999963,-12.275305],[-55.293361600000026,-12.325950400000011],[-55.2708,-12.348527499999875],[-55.2740748,-12.369529699999987],[-55.3047408,-12.392828799999961],[-55.2872127,-12.4029145],[-55.332742,-12.440749799999935],[-55.333174,-12.4636064],[-55.3483405,-12.474487499999952],[-55.341014799999982,-12.500178299999959],[-55.3219173,-12.510139],[-55.314928899999984,-12.571942400000012],[-55.3391954,-12.6265],[-55.35093749999993,-12.621159799999987],[-55.376776899999982,-12.656135599999914],[-55.373432899999955,-12.694257400000026],[-55.385707700000012,-12.72387909999992],[-55.412775899999929,-12.743023699999981],[-55.4086618,-12.775597899999923],[-55.421718699999929,-12.794088499999873],[-55.415132,-12.837208700000019],[-55.392588699999976,-12.853634299999896],[-55.40903359999993,-12.878268599999956],[-55.40350449999994,-12.89714570000001],[-55.334101499999974,-12.922388599999977],[-55.356454699999915,-12.957683699999961],[-55.307372499999929,-12.976036],[-55.305253399999913,-13.033727099999965],[-55.291427899999974,-13.0589698],[-55.262653300000011,-13.065544499999987],[-55.28649230000002,-13.1885706],[-55.266568899999982,-13.212803799999961],[-55.270928,-13.264932],[-55.251426,-13.282551599999977],[-55.230028,-13.346482],[-55.237335,-13.423622799999919],[-55.226068899999916,-13.44487909999998],[-55.188597299999969,-13.463341599999922],[-55.181852899999967,-13.536503900000014],[-55.148107200000027,-13.559499099999982],[-55.1329652,-13.553543399999967],[-55.0629619,-13.578754899999922],[-55.041053,-13.611104],[-54.930157299999962,-13.662269],[-54.940207499999985,-13.69679229999997],[-54.914803899999981,-13.720070899999939],[-54.904526799999985,-13.762243899999987],[-54.856801099999984,-13.765646300000014],[-54.852208599999983,-13.793353599999989],[-54.797824299999945,-13.830332699999929],[-54.7897236,-13.878684499999963],[-54.7597361,-13.926477899999895],[-54.732235800000012,-13.938152599999967],[-54.662793699999952,-13.898131499999977],[-54.650786799999935,-13.908459400000027],[-54.604598099999919,-14.026088],[-54.6268971,-14.090432799999974],[-54.622932699999922,-14.131393800000012],[-54.641218699999911,-14.139011200000027],[-54.664400099999909,-14.206660399999862],[-54.617378499999916,-14.215645100000017],[-54.590557499999932,-14.198521299999925],[-54.549706799999967,-14.21069679999988],[-54.541219,-14.1930853],[-54.483470099999977,-14.184825599999954],[-54.464633299999946,-14.161306299999978],[-54.44613309999994,-14.181943399999966],[-54.429759399999909,-14.1598093],[-54.415478600000029,-14.163722300000018],[-54.416773,-14.092044],[-54.375167499999975,-14.060408600000017],[-54.36101919999993,-14.066127699999981],[-54.362198199999966,-14.090932],[-54.3270463,-14.141001399999936],[-54.257180399999982,-14.157050700000013],[-54.2196793,-14.142991699999925],[-54.182069099999921,-14.156145799999933],[-54.200116200000025,-14.176587400000017],[-54.202538299999901,-14.2183015],[-54.179855700000019,-14.235006],[-54.1752945,-14.293343999999877],[-54.1446097,-14.310498099999904],[-54.140414299999975,-14.329316499999948],[-54.116282399999989,-14.325358599999959],[-54.070344,-14.34787619999986],[-54.048193799999979,-14.3295726],[-53.999533,-14.330224699999974],[-53.922675700000013,-14.3669145],[-53.875694199999941,-14.3593057],[-53.8684146,-14.380993499999875],[-53.84609660000001,-14.3911551],[-53.830304199999944,-14.4560477],[-53.892962099999977,-14.506060100000013],[-53.945394399999941,-14.512643799999978],[-54.058665499999961,-14.57490439999998],[-54.066333199999974,-14.5972959],[-54.0821851,-14.5874771],[-54.1433998,-14.604365899999948],[-54.143872699999974,-14.623631],[-54.17552029999996,-14.638491199999976],[-54.180765199999939,-14.6149231],[-54.223639600000013,-14.611310800000012],[-54.264297,-14.6337502],[-54.30862819999993,-14.626084699999922],[-54.340083600000014,-14.6490933],[-54.337718199999983,-14.66761589999993],[-54.301680299999987,-14.671404699999982],[-54.320207699999969,-14.716569100000015],[-54.376935800000012,-14.733549599999947],[-54.437830899999938,-14.729796699999952],[-54.496754099999976,-14.765879400000017],[-54.53298089999987,-14.767235599999879],[-54.545234899999912,-14.7849342],[-54.514208399999973,-14.796443399999987],[-54.496825699999931,-14.863925600000016],[-54.52043759999998,-14.883326499999896],[-54.66021099999989,-14.920461099999955],[-54.670441899999958,-14.851192799999978],[-54.700945600000011,-14.8063363],[-54.665802399999961,-14.7803439],[-54.660861899999986,-14.757650599999863],[-54.718445200000019,-14.763195299999893],[-54.723144199999979,-14.737094899999931],[-54.778809199999955,-14.733195099999932],[-54.745790199999988,-14.689221299999872],[-54.762188899999956,-14.671557300000018],[-54.834154099999978,-14.668390400000021],[-54.84262,-14.644379599999922],[-54.858369499999981,-14.642502499999978],[-54.854324299999973,-14.6308735],[-54.8724092,-14.634281199999975],[-54.875949399999911,-14.622174399999949],[-55.208152199999859,-14.637645499999962],[-55.288650699999948,-14.611068400000022],[-55.24957669999992,-14.579999899999962],[-55.247163899999975,-14.5540835],[-55.22902229999994,-14.550454],[-55.212594200000012,-14.496018399999969],[-55.1638977,-14.480166499999939],[-55.127506399999902,-14.422987],[-55.0459735,-14.377267299999858],[-55.058305599999926,-14.354066199999977],[-55.046728,-14.336909600000013],[-55.013794299999972,-14.323061299999949],[-55.023035499999935,-14.287088899999958],[-55.040507399999967,-14.2748535],[-55.033698800000025,-14.2368983],[-55.069934599999954,-14.204945],[-55.117238499999985,-14.206802299999879],[-55.144587799999954,-14.222914],[-55.157911300000023,-14.205971200000022],[-55.178648899999985,-14.206056099999955],[-55.180314599999974,-14.224143599999934],[-55.206528100000014,-14.218472],[-55.211205100000029,-14.234843500000011],[-55.2437612,-14.24066629999993],[-55.247044699999947,-14.2575756],[-55.350566199999946,-14.26571349999989],[-55.497761799999921,-14.305380399999933],[-55.58071480000001,-14.2665278],[-55.6138952,-14.2729511],[-55.627269500000011,-14.2973194],[-55.681993499999976,-14.330110899999966],[-55.737962900000014,-14.3249917],[-55.773990200000014,-14.348118099999965],[-55.656985799999973,-14.42215010000001],[-55.665047299999969,-14.4297793],[-55.798386899999969,-14.462884499999916],[-55.811986100000013,-14.438926599999945],[-55.800995699999987,-14.425241],[-55.824616499999934,-14.409032899999943],[-55.84805369999998,-14.421706700000016],[-55.867365899999982,-14.407537499999933],[-55.874579499999982,-14.4189043],[-55.900506,-14.4144715],[-55.936009500000011,-14.3835628],[-56.095050499999957,-14.464000299999952],[-56.215326,-14.562620200000026],[-56.2428435,-14.544975499999907],[-56.208502499999952,-14.510668499999952],[-56.221129299999916,-14.4679703],[-56.2046001,-14.4452935],[-56.24053669999995,-14.460083699999984],[-56.248816099999942,-14.422052299999905],[-56.269962,-14.415842399999974],[-56.284898399999975,-14.3825539],[-56.326192799999944,-14.409304299999917],[-56.3719031,-14.371808099999953],[-56.410157199999958,-14.378862599999934],[-56.4710847,-14.29334039999992],[-56.49246949999997,-14.2897],[-56.512013200000013,-14.246610399999895],[-56.5480402,-14.23995309999998],[-56.55589,-14.250417200000015],[-56.558824599999923,-14.233992199999989],[-56.617354700000021,-14.217949799999928],[-56.629924,-14.243429499999877],[-56.6725609,-14.231038699999942],[-56.7301903,-14.2470452],[-56.7500513,-14.238670300000024],[-56.776472499999954,-14.263487399999974],[-56.791331199999945,-14.185774],[-56.818174099999965,-14.151090599999918],[-56.849686799999972,-14.144967899999926],[-56.8896345,-14.17575469999997],[-56.9116788,-14.150015100000019],[-56.959840699999972,-14.164460799999858],[-57.000417700000014,-14.2013291],[-57.089464,-14.192489799999976],[-57.092204700000025,-14.165745599999923],[-57.117305499999873,-14.175019699999893],[-57.144218,-14.163213199999916],[-57.198690899999917,-14.195023900000024],[-57.234967499999925,-14.16605340000001],[-57.335117799999978,-14.190547799999933],[-57.3875799,-14.169082399999979],[-57.486405699999978,-14.207133099999965],[-57.5066278,-14.239246200000025],[-57.528822399999967,-14.224919199999988],[-57.555934900000011,-14.238589100000013],[-57.5925987,-14.1975486],[-57.60881310000002,-14.220814299999972],[-57.64788939999994,-14.226112199999932],[-57.6664776,-14.264631899999927],[-57.6869701,-14.2743165],[-57.67797819999987,-14.289801499999953],[-57.71338350000002,-14.295232399999975],[-57.728045599999973,-14.3206252],[-57.782369099999926,-14.289512600000023],[-57.879222599999935,-14.3074289],[-57.94903,-14.40692839999997],[-57.994735399999911,-14.406246199999941],[-58.0099277,-14.422983799999884],[-58.050415,-14.411832300000015],[-58.084347899999898,-14.4381682],[-58.122725100000025,-14.3806419],[-58.1615895,-14.383817599999929],[-58.2148143,-14.479858200000024],[-58.24505309999995,-14.472301399999878],[-58.297564199999954,-14.516707399999916],[-58.343701899999928,-14.476069899999914],[-58.425594199999978,-14.522484],[-58.452790899999968,-14.486863799999981],[-58.506813299999976,-14.482019],[-58.599065399999915,-14.579407800000013],[-58.674626699999919,-14.552775600000018],[-58.701723099999924,-14.6065949],[-58.720978799999955,-14.596886299999881],[-58.777950799999985,-14.611533300000019],[-58.804244299999937,-14.600887],[-58.850975399999982,-14.643074300000023],[-58.902624399999979,-14.599808899999914],[-58.9584668,-14.588898500000028],[-58.979229099999884,-14.617319499999951],[-58.981928700000026,-14.667264099999954],[-59.0069297,-14.6479774],[-59.036727699999972,-14.658707199999924],[-59.037674099999947,-14.687738200000013],[-59.0650392,-14.694431699999939],[-59.0864363,-14.745844799999929],[-59.116392,-14.75854320000002],[-59.128532299999961,-14.748268499999938]]]]}},
{"type":"Feature","properties":{"nome_bacia":"Bacia do Rio Paraná"},"geometry":{"type":"MultiPolygon","coordinates":[[[[-55.9970831,-28.072361299999955],[-56.027596099999982,-28.0915829],[-56.02271369999994,-28.103253399999971],[-56.0373156,-28.102530799999954],[-56.046434799999929,-28.1367785],[-56.128838,-28.1979778],[-56.1373256,-28.23321889999994],[-56.199937,-28.240091599999971],[-56.224063,-28.269305299999928],[-56.23880429999997,-28.258825599999966],[-56.2661885,-28.2674209],[-56.267081800000028,-28.3111288],[-56.253002299999935,-28.327987399999927],[-56.279514,-28.358686799999987],[-56.3125637,-28.360482599999898],[-56.3251924,-28.3970994],[-56.349753599999929,-28.386287700000025],[-56.364751399999989,-28.4171963],[-56.4019283,-28.410449200000016],[-56.455701499999975,-28.430695399999934],[-56.462991,-28.3870862],[-56.515176199999985,-28.346634799999947],[-56.509402099999988,-28.334873099999982],[-56.529342699999972,-28.32195],[-56.541512399999988,-28.287908499999958],[-56.607299699999942,-28.239518299999986],[-56.6067612,-28.2152274],[-56.6318094,-28.220298],[-56.640145,-28.203975199999945],[-56.5846108,-28.154019699999935],[-56.610313,-28.1318291],[-56.6008013,-28.060987599999919],[-56.495130300000028,-27.99514929999998],[-56.493831699999987,-27.953679199999954],[-56.450296699999967,-27.9438844],[-56.4349188,-27.9010634],[-56.445993499999986,-27.872492],[-56.416928699999971,-27.846230099999957],[-56.412045499999977,-27.8205934],[-56.380538699999988,-27.80893059999994],[-56.385708799999918,-27.768777699999987],[-56.4130955,-27.76834070000001],[-56.443772700000011,-27.714814799999942],[-56.434368099999972,-27.708695400000011],[-56.4526459,-27.680744499999946],[-56.429634,-27.654240099999981],[-56.459476199999983,-27.649053],[-56.468780699999968,-27.621871399999975],[-56.447238099999936,-27.6140115],[-56.447144099999889,-27.593528400000025],[-56.492573399999969,-27.589659],[-56.497422700000016,-27.562018699999896],[-56.559702699999946,-27.500112],[-56.609399400000029,-27.535316],[-56.63022449999994,-27.518801899999914],[-56.634900399999935,-27.534683099999882],[-56.648351899999966,-27.532732499999952],[-56.642827,-27.572045399999922],[-56.6694127,-27.599684899999943],[-56.691789299999982,-27.596826799999917],[-56.721225599999968,-27.623879],[-56.739758599999959,-27.612233399999866],[-56.774562399999979,-27.619318599999986],[-56.770146799999964,-27.6343741],[-56.800021599999923,-27.6687814],[-56.854440899999986,-27.693871499999943],[-56.8472514,-27.711878500000012],[-56.900393899999926,-27.6930618],[-56.934007899999926,-27.701969500000018],[-56.977618800000016,-27.755864699999961],[-56.967114599999945,-27.7670387],[-56.976970999999878,-27.783450799999912],[-57.0428728,-27.817856199999937],[-57.040869499999985,-27.850679300000024],[-57.0786789,-27.870352799999978],[-57.089332300000024,-27.8596109],[-57.141321699999935,-27.866077799999914],[-57.167089,-27.8605642],[-57.199513899999886,-27.798532799999919],[-57.228433699999982,-27.795302299999946],[-57.257424,-27.812536099999932],[-57.28553770000002,-27.790012499999989],[-57.266781499999865,-27.741325699999948],[-57.2841719,-27.72612],[-57.260635699999909,-27.712342200000023],[-57.261788,-27.697442799999919],[-57.22303119999998,-27.70113669999995],[-57.2027304,-27.683833199999981],[-57.194060499999864,-27.64537],[-57.161151500000017,-27.6283302],[-57.149216299999978,-27.639739099999986],[-57.132916500000022,-27.6243058],[-57.214593799999989,-27.55051370000001],[-57.228834099999972,-27.568569599999933],[-57.274766199999988,-27.581786299999976],[-57.275110499999869,-27.594334699999933],[-57.349016600000027,-27.617329499999983],[-57.3644167,-27.602730800000018],[-57.4328582,-27.601971599999899],[-57.460457,-27.585788199999968],[-57.489202099999943,-27.6101051],[-57.5113134,-27.666193699999951],[-57.530956,-27.669340099999943],[-57.527521400000012,-27.6792757],[-57.552808499999969,-27.675110899999936],[-57.564564099999984,-27.704739799999913],[-57.621845299999961,-27.754432799999961],[-57.701272799999913,-27.7847966],[-57.745711499999913,-27.765681299999983],[-57.751360799999986,-27.744001500000024],[-57.802834599999926,-27.742359],[-57.82098469999994,-27.722188199999948],[-57.907610999999861,-27.7285164],[-57.92949979999986,-27.747421499999916],[-57.936837899999944,-27.704821],[-57.897129800000016,-27.686170600000025],[-57.897866399999941,-27.671041199999934],[-57.940253899999959,-27.605317299999967],[-57.981591499999979,-27.592029799999921],[-58.004253399999982,-27.608606299999963],[-58.045502100000022,-27.592115899999953],[-58.063864299999977,-27.544956299999967],[-58.107596399999977,-27.5588586],[-58.095196099999953,-27.513600899999915],[-58.126275599999985,-27.5064117],[-58.126385299999981,-27.476240299999972],[-58.095988399999897,-27.455836899999952],[-58.126087599999948,-27.435197799999969],[-58.107710699999984,-27.413172699999961],[-58.121109900000022,-27.380493100000024],[-58.155429200000015,-27.3766554],[-58.161139699999922,-27.358021399999927],[-58.1925531,-27.36855479999997],[-58.266286199999968,-27.355792],[-58.285581900000011,-27.337582699999984],[-58.3835484,-27.341102299999989],[-58.399604399999873,-27.313682200000017],[-58.43242349999997,-27.304386699999952],[-58.475603899999953,-27.302145399999972],[-58.542595,-27.324397299999987],[-58.548025399999972,-27.309413599999971],[-58.567083099999934,-27.315972400000021],[-58.572737800000027,-27.289075700000012],[-58.556159499999922,-27.261808299999984],[-58.563349799999969,-27.248869699999943],[-58.532834,-27.230454300000019],[-58.5663788,-27.218069],[-58.526402099999984,-27.192120400000022],[-58.501452200000017,-27.203277],[-58.441465699999924,-27.178107099999977],[-58.362756199999978,-27.185407499999883],[-58.333731899999862,-27.1635619],[-58.289944899999966,-27.174673699999857],[-58.241367899999943,-27.159892599999978],[-58.205138,-27.173107399999935],[-58.169715699999927,-27.1551394],[-58.138781599999902,-27.1589965],[-58.109156,-27.124023],[-58.095641,-27.13397],[-58.032503599999984,-27.1131034],[-57.956560799999977,-27.12235249999992],[-57.932343599999967,-27.146494500000017],[-57.893992799999978,-27.1482666],[-57.851345700000024,-27.184276399999987],[-57.768128400000023,-27.205182799999989],[-57.742340399999989,-27.229425900000024],[-57.688586099999952,-27.23350720000002],[-57.598470500000019,-27.268105099999957],[-57.566048,-27.257350299999985],[-57.539463800000021,-27.272554799999966],[-57.4973362,-27.271421199999963],[-57.460590700000012,-27.254679300000021],[-57.461376700000017,-27.241250599999944],[-57.428377399999988,-27.24936630000002],[-57.401414099999954,-27.227770299999975],[-57.361117,-27.2347628],[-57.322499099999959,-27.195764099999963],[-57.310737199999949,-27.209701399999915],[-57.240910599999893,-27.196367899999984],[-57.223772600000018,-27.178087099999914],[-57.171734699999945,-27.220933100000025],[-57.1115823,-27.215095],[-57.0638482,-27.171444899999869],[-56.981630799999948,-27.1563966],[-57.005662799999925,-27.114922399999955],[-56.989634099999932,-27.083428700000013],[-57.010062599999969,-27.0473963],[-57.005023,-27.0211577],[-57.0237694,-26.988025900000025],[-57.038572699999918,-26.98622],[-57.046320499999979,-26.956685099999902],[-57.088722299999915,-26.932983799999931],[-57.079400599999929,-26.878451],[-57.0614276,-26.874147699999924],[-57.034379199999876,-26.821378699999912],[-56.975485599999899,-26.820849800000019],[-56.864509899999973,-26.8878664],[-56.833426599999939,-26.893583400000011],[-56.800544799999955,-26.8793109],[-56.770394999999894,-26.9166141],[-56.747081599999945,-26.920839699999931],[-56.7500306,-26.933464],[-56.709731200000022,-26.949727100000018],[-56.6323635,-26.9154408],[-56.576604699999962,-26.924872399999913],[-56.558056499999964,-26.908876],[-56.520261,-26.90929460000001],[-56.517621499999962,-26.925441700000022],[-56.507021199999883,-26.908783499999913],[-56.4876683,-26.908803299999931],[-56.493446399999982,-26.887659400000018],[-56.456817,-26.8751327],[-56.3826957,-26.901361099999974],[-56.292283699999984,-26.871422199999927],[-56.258359199999973,-26.8893913],[-56.214098,-26.877298599999961],[-56.220846199999983,-26.844487799999968],[-56.201936299999943,-26.8303345],[-56.16059359999997,-26.878691600000025],[-56.1737498,-26.909583600000019],[-56.1373537,-26.939652399999886],[-56.1151157,-26.917251399999941],[-56.108517800000016,-26.880807799999957],[-56.080184700000018,-26.862902299999917],[-56.013634599999989,-26.918413199999975],[-55.990417799999932,-26.8908846],[-55.957630900000026,-26.8883528],[-55.931557899999916,-26.840863899999988],[-55.906857800000012,-26.859577800000011],[-55.88855860000001,-26.84849250000002],[-55.823175,-26.873068299999886],[-55.806922699999916,-26.8525242],[-55.818116499999917,-26.830538900000022],[-55.806041799999946,-26.811869499999943],[-55.8212143,-26.8008403],[-55.806357199999866,-26.747848199999908],[-55.733098400000017,-26.678124899999943],[-55.7023767,-26.699410499999942],[-55.673636,-26.665093099999865],[-55.686566299999924,-26.640525499999967],[-55.629152499999918,-26.553268300000013],[-55.643558199999916,-26.539395199999944],[-55.625555800000029,-26.5175195999999],[-55.634319599999969,-26.468666599999949],[-55.605283400000019,-26.445075799999984],[-55.6099944,-26.4341106],[-55.567183799999896,-26.389233],[-55.5551906,-26.352872699999921],[-55.5028294,-26.354803599999968],[-55.513836199999957,-26.312994099999912],[-55.505094799999938,-26.3036378],[-55.447397199999955,-26.325216099999977],[-55.371000299999935,-26.2953976],[-55.3731454,-26.2558242],[-55.399302299999988,-26.240621099999942],[-55.384024599999975,-26.226317299999948],[-55.4053743,-26.1185039],[-55.4355617,-26.102059199999985],[-55.44042330000002,-26.06847],[-55.4931204,-26.056032399999935],[-55.516706699999986,-26.082560600000022],[-55.5839451,-26.082351199999948],[-55.636542,-26.054861],[-55.6810772,-26.049814500000025],[-55.72063049999997,-26.010842199999956],[-55.7558275,-26.009024399999987],[-55.774801899999943,-26.023111799999867],[-55.815417099999934,-26.008322599999929],[-55.807680600000026,-25.984029],[-55.841933400000016,-25.9398994],[-55.907233899999937,-25.937097],[-55.918492599999979,-25.9537244],[-55.948837299999923,-25.955142899999942],[-55.975078199999871,-25.915151599999945],[-56.018482,-25.905849499999988],[-56.028289200000017,-25.9220381],[-56.048170499999969,-25.902429999999868],[-56.0538113,-25.8884104],[-55.961356099999932,-25.8385002],[-55.981445699999938,-25.790893999999867],[-55.9360802,-25.751138299999923],[-55.927773299999956,-25.695237099999986],[-55.9046945,-25.682087299999978],[-55.8855163,-25.640722900000014],[-55.905648199999916,-25.629248],[-55.933314100000018,-25.637886299999934],[-55.9511073,-25.606406],[-55.931642099999976,-25.566968799999984],[-55.941424,-25.552822899999967],[-56.006045499999971,-25.5443879],[-56.0699512,-25.4942524],[-56.039899499999933,-25.46383759999992],[-56.06230069999998,-25.434493799999927],[-56.051032699999951,-25.408415400000024],[-56.09957959999997,-25.372373099999947],[-56.088919899999951,-25.35399139999987],[-56.078023499999972,-25.361710500000015],[-56.056238300000018,-25.349584600000014],[-56.043416499999978,-25.3259541],[-56.022924099999955,-25.330478],[-56.01404789999998,-25.292151099999955],[-56.028254699999934,-25.266321399999924],[-56.013092699999959,-25.229659599999934],[-56.022325599999988,-25.205954299999917],[-56.044358199999976,-25.197020499999951],[-56.033949399999926,-25.1584466],[-56.08196,-25.14333849999997],[-56.074923499999954,-25.113896300000022],[-56.092605600000013,-25.084113],[-56.088638699999933,-25.049594699999943],[-56.117450199999951,-25.045015699999965],[-56.104056500000013,-25.001706800000022],[-56.0661538,-24.998215800000025],[-56.069167599999957,-24.982762200000025],[-56.092017699999928,-24.980803299999934],[-56.058680499999923,-24.961065099999985],[-56.078016899999966,-24.934845900000028],[-56.061520499999972,-24.9090473],[-56.031520399999977,-24.908195499999977],[-56.021155,-24.8815588],[-55.9904864,-24.864904299999978],[-55.9834626,-24.831253499999946],[-55.918003799999951,-24.867272899999932],[-55.908008900000027,-24.845456800000022],[-55.847119499999962,-24.8612599],[-55.78255919999998,-24.838974399999927],[-55.77366139999998,-24.818285800000012],[-55.7605041,-24.826760700000023],[-55.711797799999943,-24.8068063],[-55.702073299999938,-24.778020899999945],[-55.741178599999955,-24.736757399999931],[-55.710203299999989,-24.7056543],[-55.70300229999998,-24.674056599999915],[-55.678764,-24.680286099999933],[-55.650263299999949,-24.644864],[-55.605466,-24.642032700000016],[-55.599324899999942,-24.601028399999905],[-55.578347399999871,-24.605376299999932],[-55.564034699999922,-24.587361899999962],[-55.549623,-24.549379099999896],[-55.556412599999987,-24.5178641],[-55.5173605,-24.514295299999958],[-55.474989899999969,-24.5501253],[-55.4606324,-24.539347799999973],[-55.439986499999918,-24.552871499999924],[-55.402371899999935,-24.53377949999998],[-55.375277,-24.545902099999978],[-55.342210099999932,-24.515026499999976],[-55.33958309999997,-24.49236129999997],[-55.31347959999988,-24.51652809999996],[-55.306626899999969,-24.490061],[-55.2763764,-24.4958454],[-55.241805299999953,-24.452639099999942],[-55.202977799999985,-24.455758699999933],[-55.1963563,-24.470390699999939],[-55.1725303,-24.467501499999969],[-55.142360899999971,-24.490139100000022],[-55.075429499999927,-24.456280899999911],[-55.035151,-24.4812473],[-54.991104499999949,-24.452511399999935],[-55.0002609,-24.421476],[-54.981083299999909,-24.408646499999975],[-54.9849635,-24.362082099999895],[-55.016549899999973,-24.367610099999979],[-55.038707099999954,-24.342150600000025],[-55.000450699999988,-24.281618700000024],[-54.992578499999979,-24.2212429],[-55.002289099999985,-24.209534399999939],[-54.97836030000002,-24.178170499999965],[-54.991668199999935,-24.154034199999899],[-55.029107,-24.160298799999964],[-55.04338869999998,-24.1375129],[-55.114853,-24.135694300000011],[-55.125854,-24.111881199999914],[-55.1662991,-24.121098599999982],[-55.204894399999944,-24.087239599999975],[-55.237156499999912,-24.101383699999985],[-55.2866242,-24.087753799999973],[-55.3503,-23.9919547],[-55.380137100000013,-23.968580199999963],[-55.395742499999983,-23.975633699999946],[-55.4176122,-23.962896699999931],[-55.427543099999923,-23.925247800000022],[-55.446527599999968,-23.9170835],[-55.436732,-23.8732076],[-55.44031480000001,-23.828355],[-55.4531887,-23.818759],[-55.42819419999995,-23.790416900000025],[-55.447336800000016,-23.762349],[-55.439593299999899,-23.715131499999984],[-55.464807199999939,-23.712424100000021],[-55.482059499999934,-23.641530199999977],[-55.510766600000011,-23.623360199999979],[-55.53740259999995,-23.628511899999921],[-55.536478599999953,-23.592284399999869],[-55.517366400000014,-23.570140199999969],[-55.550915099999941,-23.519926100000021],[-55.550410099999965,-23.488470899999982],[-55.5671211,-23.481315100000018],[-55.54381410000002,-23.474786599999959],[-55.546446,-23.4421704],[-55.497916499999917,-23.389028],[-55.533304199999975,-23.331886899999915],[-55.572083099999986,-23.313750200000015],[-55.552237699999921,-23.302180699999951],[-55.55567359999992,-23.280991599999936],[-55.5233045,-23.259086299999979],[-55.54678389999998,-23.219783399999926],[-55.522005399999955,-23.200134600000013],[-55.543736700000011,-23.181658500000026],[-55.54040939999993,-23.1565268],[-55.5720293,-23.1426343],[-55.597605699999917,-23.151183],[-55.61062389999995,-23.0453162],[-55.640052500000024,-23.024806],[-55.621649299999945,-22.984030099999984],[-55.6465167,-22.949582699999951],[-55.649032199999965,-22.888909899999931],[-55.662683,-22.882454100000018],[-55.668330299999923,-22.8522618],[-55.651322899999968,-22.792957],[-55.615998199999979,-22.752707399999963],[-55.612476,-22.657475],[-55.625958,-22.623447],[-55.683194599999922,-22.590149900000029],[-55.6943053,-22.563472400000023],[-55.7388525,-22.530799800000011],[-55.75348769999988,-22.476671299999964],[-55.7361722,-22.459182899999973],[-55.746527599999979,-22.384583500000019],[-55.791962,-22.3876952],[-55.797154599999942,-22.354511399999978],[-55.824027599999965,-22.3409724],[-55.835700499999973,-22.295140799999956],[-55.881858099999988,-22.277254299999981],[-55.900984699999981,-22.2173618],[-55.925777799999935,-22.2216209],[-55.948180899999954,-22.1884776],[-55.873360399999967,-22.100399599999889],[-55.879479300000014,-22.044472599999949],[-55.856251599999894,-21.9837614],[-55.8390508,-21.9774648],[-55.838186399999984,-21.9406947],[-55.799512999999877,-21.945649100000026],[-55.800972,-21.907916899999975],[-55.7649083,-21.878119799999979],[-55.787468600000011,-21.8498831],[-55.74181729999998,-21.803467799999964],[-55.720414399999925,-21.802628499999912],[-55.717767499999979,-21.773481399999923],[-55.730127900000014,-21.760971899999959],[-55.6820831,-21.737639099999967],[-55.657637799999918,-21.750684400000011],[-55.638884800000028,-21.727005099999928],[-55.619583099999943,-21.727916799999946],[-55.633460799999966,-21.674306899999976],[-55.6131947,-21.637072799999885],[-55.6102133,-21.570635899999957],[-55.625410400000021,-21.526806799999974],[-55.593760700000018,-21.5018096],[-55.563143799999921,-21.418250899999975],[-55.58021020000001,-21.340761900000018],[-55.600771,-21.32763319999998],[-55.587915599999974,-21.298762],[-55.596528,-21.284294599999953],[-55.554882899999939,-21.275876900000014],[-55.549866,-21.236239299999966],[-55.4885959,-21.246777599999973],[-55.475502099999972,-21.2251822],[-55.4334705,-21.20623959999989],[-55.305865499999982,-21.023509600000011],[-55.248027799999932,-20.982410500000015],[-55.234678299999928,-20.987863300000015],[-55.240557799999976,-21.014724199999989],[-55.22157459999994,-21.022570500000029],[-55.224168099999929,-21.050163699999871],[-55.20179429999996,-21.055138399999976],[-55.175667,-20.9807164],[-55.160353799999882,-20.987199],[-55.145983599999965,-20.975414799999953],[-55.1268184,-20.987224899999944],[-55.036533599999984,-20.970974099999978],[-54.987806899999953,-20.992523600000027],[-54.9675987,-20.969660399999896],[-54.978276199999982,-20.9487456],[-54.961409300000014,-20.916786699999989],[-54.97551779999992,-20.9009026],[-54.9615207,-20.882362899999976],[-54.95089459999997,-20.90052449999996],[-54.912444,-20.887628],[-54.861803399999985,-20.90262759999996],[-54.8507257,-20.867333799999983],[-54.80262659999994,-20.8570843],[-54.823368800000026,-20.7885736],[-54.808468300000015,-20.76805429999996],[-54.832755099999929,-20.750243800000021],[-54.838486499999931,-20.711467],[-54.856249799999944,-20.6951391],[-54.815247100000022,-20.650146899999925],[-54.791183799999942,-20.652143],[-54.775972599999932,-20.6190206],[-54.804681099999925,-20.504048],[-54.721047399999918,-20.468977],[-54.698465599999963,-20.422359399999948],[-54.617786599999931,-20.395044199999859],[-54.593474599999979,-20.347501199999954],[-54.617117299999961,-20.322645399999942],[-54.6093019,-20.2740399],[-54.58447510000002,-20.248607399999969],[-54.541600599999924,-20.2627139],[-54.48596120000002,-20.2443053],[-54.4845831,-20.2265279],[-54.433748,-20.171551500000021],[-54.437364699999989,-20.135960499999896],[-54.404359799999952,-20.125342899999964],[-54.403803700000026,-20.106297299999937],[-54.374589699999945,-20.105141099999912],[-54.368478200000027,-20.090015199999925],[-54.378458099999989,-20.063478799999984],[-54.40762129999996,-20.045955699999979],[-54.410694199999966,-20.010694600000022],[-54.3876464,-19.996250699999962],[-54.381805199999917,-19.951794599999971],[-54.353750199999979,-19.939594],[-54.376243699999918,-19.9193017],[-54.370949600000017,-19.906531],[-54.335789,-19.893448400000011],[-54.3124343,-19.863674399999923],[-54.334825599999931,-19.798849299999972],[-54.305693499999961,-19.763460899999984],[-54.338608799999975,-19.716675099999975],[-54.347794,-19.658096199999989],[-54.3753868,-19.642222600000025],[-54.4126268,-19.5809739],[-54.3849811,-19.588038900000015],[-54.359433,-19.57691049999994],[-54.321562799999981,-19.606080499999962],[-54.213837800000022,-19.5948052],[-54.112515799999926,-19.655278599999917],[-54.085508399999981,-19.622205599999916],[-54.047167,-19.6128364],[-54.032764900000018,-19.5851346],[-53.9980812,-19.6158754],[-53.954659699999979,-19.599903899999958],[-53.929805699999918,-19.631324],[-53.873042899999973,-19.620274099999904],[-53.8695839,-19.592351099999973],[-53.847631199999967,-19.5690277],[-53.87285519999989,-19.5368714],[-53.900320399999941,-19.5332851],[-53.862800900000025,-19.511162300000024],[-53.8553078,-19.49188369999996],[-53.818255500000021,-19.494154],[-53.8248724,-19.457802099999924],[-53.863401599999975,-19.434240699999918],[-53.866068700000028,-19.394253600000013],[-53.889571400000023,-19.375693299999966],[-53.8557047,-19.355767799999967],[-53.852090299999986,-19.319846299999938],[-53.8972951,-19.30257],[-53.902904799999988,-19.285965499999975],[-53.8731937,-19.264572199999918],[-53.875619099999938,-19.2278488],[-53.847349099999974,-19.220415399999979],[-53.838185899999985,-19.149305799999922],[-53.804312699999855,-19.1029163],[-53.781319100000019,-19.10631589999997],[-53.723130599999934,-19.062838599999964],[-53.719860099999948,-19.0334803],[-53.706327,-19.02759020000002],[-53.714560499999948,-18.991040399999918],[-53.691852400000016,-18.97059779999995],[-53.7207583,-18.944234999999878],[-53.7559794,-18.9603328],[-53.763750499999958,-18.948739099999955],[-53.761805200000026,-18.9140382],[-53.7406939,-18.9040392],[-53.757922899999983,-18.879581799999926],[-53.743390499999975,-18.856714899999929],[-53.7580211,-18.7997896],[-53.744294599999989,-18.787913300000014],[-53.7381942,-18.737361299999975],[-53.704454699999928,-18.770846899999981],[-53.6657932,-18.779955],[-53.663449500000013,-18.8215224],[-53.601057500000024,-18.794358599999953],[-53.5693048,-18.762094199999979],[-53.5161536,-18.79736319999995],[-53.509600199999966,-18.772716899999978],[-53.525599699999987,-18.7330187],[-53.496404899999959,-18.720126699999923],[-53.494591500000013,-18.69473210000001],[-53.4733124,-18.68586190000002],[-53.467604100000017,-18.6413177],[-53.3997397,-18.635704099999941],[-53.38502,-18.62084689999989],[-53.371003099999939,-18.6327301],[-53.348297599999967,-18.625942899999984],[-53.32748620000001,-18.644965899999931],[-53.281853500000011,-18.597451299999989],[-53.288408499999946,-18.5741198],[-53.310682400000019,-18.5704419],[-53.287505799999963,-18.5498619],[-53.3053984,-18.5313137],[-53.296495,-18.452279799999985],[-53.321408099999985,-18.438344299999926],[-53.342904399999952,-18.394585099999915],[-53.31680510000001,-18.387924600000019],[-53.316807899999958,-18.330427599999894],[-53.28097159999993,-18.34846129999994],[-53.26403519999991,-18.343195099999946],[-53.27829429999997,-18.264685799999938],[-53.292927099999986,-18.252639799999884],[-53.283871199999965,-18.23365130000002],[-53.24816,-18.2032605],[-53.183463499999959,-18.206250399999874],[-53.157545199999959,-18.1762031],[-53.1485252,-18.092486099999974],[-53.189592599999912,-18.052635399999986],[-53.168531700000017,-18.044519199999911],[-53.1700821,-18.013365],[-53.1280554,-18.020401599999957],[-53.113367700000026,-18.009771],[-53.063932399999942,-18.045876099999987],[-53.006558599999948,-18.0128575],[-53.019974199999922,-17.995903],[-53.005536099999915,-17.981063099999972],[-53.022104899999988,-17.9689912],[-53.014384,-17.929484299999956],[-53.0662347,-17.9195664],[-53.076027599999918,-17.905243499999926],[-53.044162299999925,-17.885565900000017],[-53.049835299999984,-17.853357800000026],[-53.02584250000001,-17.8376791],[-52.991711799999962,-17.8394616],[-52.97612289999995,-17.811279299999967],[-52.939160500000014,-17.802077899999915],[-52.942405800000017,-17.749881699999946],[-52.891017599999941,-17.730538399999887],[-52.893761499999982,-17.700137199999972],[-52.815596,-17.708462399999917],[-52.780014,-17.6704436],[-52.804531399999917,-17.616294700000026],[-52.761605799999984,-17.589305199999956],[-52.75165439999995,-17.557847899999956],[-52.77749080000001,-17.528841899999975],[-52.7664226,-17.512609],[-52.831441,-17.51631169999996],[-52.846399699999949,-17.504700299999968],[-52.8427694,-17.486239500000011],[-52.8870753,-17.480313399999886],[-52.881272699999954,-17.4318687],[-52.836545599999965,-17.402704500000027],[-52.809416899999974,-17.40969739999997],[-52.757159800000011,-17.385415],[-52.739511599999958,-17.35123470000002],[-52.6875589,-17.357026799999915],[-52.66526570000002,-17.310011700000018],[-52.650292299999933,-17.337250400000016],[-52.624059599999953,-17.34569979999992],[-52.6209467,-17.368266299999959],[-52.5543414,-17.381058199999927],[-52.521038799999985,-17.34728530000001],[-52.5224394,-17.308870299999967],[-52.478062500000021,-17.2927937],[-52.459864299999936,-17.299972399999888],[-52.444221500000026,-17.280557599999952],[-52.416365799999937,-17.285574],[-52.398537299999987,-17.256551399999978],[-52.3667173,-17.2686205],[-52.3452112,-17.298421500000018],[-52.284971199999973,-17.301607499999989],[-52.270034,-17.327781099999982],[-52.181247699999972,-17.286603799999966],[-52.160468400000013,-17.293110999999897],[-52.151405399999931,-17.320586100000014],[-52.128947099999948,-17.323751300000026],[-52.1137503,-17.2888549],[-52.142779599999983,-17.231674699999928],[-52.1412469,-17.211837599999967],[-52.121827499999938,-17.2031045],[-52.13361969999994,-17.1570815],[-52.119106699999975,-17.162546099999986],[-52.107057299999951,-17.140024699999969],[-52.047682499999951,-17.116900499999986],[-52.041796200000022,-17.0912892],[-52.060342899999966,-17.063267699999983],[-52.0231908,-17.030163800000025],[-51.993766600000015,-17.069029],[-51.939966699999957,-17.039309099999969],[-51.93327069999998,-17.071065299999987],[-51.915476299999966,-17.079323799999941],[-51.921955799999978,-17.1050166],[-51.904146299999923,-17.145953199999951],[-51.800836399999923,-17.177545800000019],[-51.7738106,-17.206978699999922],[-51.775866299999905,-17.237922],[-51.6883168,-17.225311200000021],[-51.651792899999919,-17.160743599999989],[-51.61488339999994,-17.182741699999951],[-51.594161699999972,-17.1697532],[-51.553018599999973,-17.19947430000002],[-51.517630600000018,-17.178352099999927],[-51.501345499999957,-17.194517],[-51.487785799999983,-17.1857319],[-51.429102,-17.195991399999969],[-51.409178099999963,-17.218638699999929],[-51.3837557,-17.1964466],[-51.299535599999956,-17.2189305],[-51.291097499999978,-17.186260299999958],[-51.266704,-17.1859055],[-51.271872200000018,-17.16104],[-51.239618099999916,-17.14656020000001],[-51.2133938,-17.113513],[-51.1557039,-17.1242656],[-51.132475199999988,-17.113516399999924],[-51.139037499999972,-17.095463899999913],[-51.092676899999958,-17.048562100000026],[-51.1022752,-16.987409],[-51.0535691,-16.953085399999907],[-51.054397599999959,-16.863156499999945],[-51.004563599999983,-16.868562],[-50.9451044,-16.938564900000017],[-50.919630699999914,-16.929706399999986],[-50.882361699999933,-16.940305599999874],[-50.826073399999984,-16.998930700000017],[-50.7978023,-17.003399899999977],[-50.736106800000016,-16.974723499999925],[-50.699124299999937,-16.982828099999949],[-50.690162599999894,-16.950791099999947],[-50.6558465,-16.961200199999951],[-50.614308699999924,-16.875308299999972],[-50.513523799999973,-16.91464430000002],[-50.460406199999966,-16.911168499999917],[-50.4493283,-16.892971799999884],[-50.426669899999979,-16.8994482],[-50.423275499999988,-16.878816499999971],[-50.396291699999949,-16.867732499999931],[-50.377483699999857,-16.814133099999879],[-50.387790399999972,-16.7969387],[-50.370782599999984,-16.777814299999989],[-50.381805699999973,-16.726261],[-50.359718900000018,-16.69132860000002],[-50.299481099999923,-16.686793],[-50.291091400000028,-16.636196400000017],[-50.308150500000011,-16.5824771],[-50.282765899999958,-16.507656600000018],[-50.2392992,-16.447644200000013],[-50.246166799999912,-16.421046199999921],[-50.222383199999967,-16.398688899999968],[-50.2255682,-16.361256099999935],[-50.2457943,-16.356967899999972],[-50.248204,-16.330757199999937],[-50.242328699999973,-16.279762600000026],[-50.215549899999985,-16.230493699999954],[-50.053572599999939,-16.213219],[-49.973984299999984,-16.2517302],[-49.948700700000018,-16.223941200000013],[-49.908664299999941,-16.215702599999929],[-49.901316599999973,-16.231553599999984],[-49.811763400000018,-16.251523],[-49.786832600000025,-16.194451699999945],[-49.71762,-16.1822237],[-49.668915499999969,-16.200147499999957],[-49.663021899999933,-16.176210399999945],[-49.61779150000001,-16.15838709999997],[-49.570706999999857,-16.102359799999931],[-49.5543422,-16.106149099999925],[-49.540898799999979,-16.137296899999967],[-49.516473499999961,-16.137201299999958],[-49.510964100000024,-16.122639400000025],[-49.487568099999919,-16.130874199999937],[-49.4512497,-16.170416799999941],[-49.427067099999931,-16.166233599999941],[-49.4039416,-16.1942972],[-49.3849851,-16.1873996],[-49.3401644,-16.218755899999962],[-49.320931,-16.213198499999976],[-49.311235099999919,-16.230546],[-49.2745109,-16.219964199999936],[-49.265504199999953,-16.201137599999981],[-49.244210399999986,-16.2085798],[-49.204206899999974,-16.171355],[-49.190953199999967,-16.179479800000024],[-49.190600599999925,-16.208218199999919],[-49.124675,-16.229634799999928],[-49.106824599999982,-16.221145099999944],[-49.097920299999885,-16.242627],[-49.073799899999983,-16.248979800000029],[-49.0091903,-16.134701199999881],[-48.958959400000026,-16.128253299999983],[-48.958178399999895,-16.111321699999905],[-48.9179115,-16.073602199999925],[-48.925656899999979,-16.016695399999946],[-48.8893948,-15.95913209999992],[-48.905213,-15.944151599999884],[-48.901524599999959,-15.885443399999986],[-48.8723938,-15.8780231],[-48.870632199999989,-15.850218],[-48.844033699999954,-15.840843199999938],[-48.862070299999914,-15.806620899999984],[-48.832439,-15.796948900000018],[-48.8952665,-15.77604139999994],[-48.903058499999872,-15.7529778],[-48.803167,-15.7456267],[-48.716658199999983,-15.7680181],[-48.648417299999949,-15.733996699999977],[-48.530015199999923,-15.784443499999895],[-48.5065439,-15.772520499999985],[-48.4914994,-15.782026799999926],[-48.481158599999958,-15.741340400000013],[-48.4521423,-15.747037],[-48.4158587,-15.717818599999987],[-48.385277599999938,-15.739451799999983],[-48.359558900000025,-15.7235412],[-48.362181199999952,-15.705249499999979],[-48.343669799999986,-15.717790900000011],[-48.300673299999914,-15.701034400000026],[-48.288044399999933,-15.722215800000015],[-48.245490300000029,-15.658135300000026],[-48.255518499999937,-15.605008],[-48.1293197,-15.607734699999867],[-48.107638599999916,-15.584305699999959],[-48.050487099999941,-15.61887280000002],[-48.00962949999996,-15.571852299999932],[-47.917370099999914,-15.624453699999947],[-47.900322800000026,-15.643939099999955],[-47.907372,-15.652904400000011],[-47.881132,-15.6700839],[-47.85193409999988,-15.661959499999966],[-47.836962200000016,-15.624835500000017],[-47.7180773,-15.575637399999948],[-47.7003992,-15.553333899999927],[-47.641322499999944,-15.565985800000021],[-47.60358610000003,-15.539354899999978],[-47.6147145,-15.5722321],[-47.577999799999986,-15.593186599999967],[-47.524438799999984,-15.529162299999939],[-47.528835299999912,-15.498493199999984],[-47.501380900000015,-15.459007699999916],[-47.466871200000014,-15.459325699999965],[-47.46298,-15.562843199999975],[-47.4911042,-15.597956899999986],[-47.489990699999964,-15.662405899999953],[-47.551149899999984,-15.709712200000013],[-47.591572499999984,-15.714400099999921],[-47.618716899999981,-15.73941949999994],[-47.607240400000023,-15.783768899999927],[-47.645400399999914,-15.7926311],[-47.631007399999987,-15.818290199999865],[-47.639574499999981,-15.842485599999918],[-47.619358700000021,-15.8615608],[-47.6260254,-15.882485],[-47.6038405,-15.911459499999978],[-47.584769199999982,-15.979904499999918],[-47.539595,-16.028349699999922],[-47.52189879999986,-16.0576974],[-47.5293507,-16.07605209999997],[-47.488979200000017,-16.121617500000013],[-47.458863300000019,-16.2375275],[-47.395709299999965,-16.268230500000016],[-47.373441799999966,-16.262556300000028],[-47.336568899999975,-16.284450900000024],[-47.326141899999925,-16.307216400000016],[-47.249029599999972,-16.3080918],[-47.204124799999931,-16.343518099999983],[-47.1984723,-16.363750399999901],[-47.163759799999866,-16.376144],[-47.147725199999911,-16.367669099999944],[-47.121849699999927,-16.383917900000029],[-47.1150796,-16.414364699999965],[-47.095883,-16.408789],[-47.069294099999979,-16.435577299999977],[-47.053764,-16.466980200000023],[-47.070636,-16.476693499999953],[-47.093600199999969,-16.538921599999981],[-47.0603686,-16.56147],[-47.072775799999931,-16.62330129999998],[-47.061681099999987,-16.637824899999941],[-47.015998199999956,-16.638710799999956],[-47.01154630000002,-16.662890299999958],[-47.0256362,-16.676270599999953],[-46.984971700000017,-16.707046899999966],[-46.989071799999977,-16.7244],[-47.004177099999936,-16.724975499999971],[-47.006547300000022,-16.76518],[-47.047075899999982,-16.796804899999984],[-47.033690200000024,-16.810614699999974],[-47.052766799999915,-16.837784699999986],[-47.102813299999923,-16.868821199999957],[-47.094773099999941,-16.905053899999984],[-47.0148734,-16.954862400000025],[-47.0114623,-17.01040409999996],[-47.023785199999963,-17.0349157],[-47.0454383,-17.063198499999942],[-47.076784599999883,-17.0724232],[-47.101767099999961,-17.108661699999971],[-47.1213247,-17.112194100000011],[-47.146868199999972,-17.086532],[-47.16089,-17.089101799999924],[-47.191963899999962,-17.110407399999986],[-47.255647399999873,-17.122822599999949],[-47.284864599999935,-17.1616391],[-47.279692099999977,-17.183177599999965],[-47.223925999999892,-17.215423499999929],[-47.214295600000014,-17.237666899999965],[-47.225538099999937,-17.295412],[-47.188700299999937,-17.350051299999905],[-47.2079986,-17.392464099999984],[-47.147436,-17.428790799999945],[-47.119586,-17.466923299999962],[-47.1038886,-17.538837799999953],[-47.136758099999952,-17.5655008],[-47.152776,-17.63633],[-47.188282500000014,-17.672833699999956],[-47.1610432,-17.790792199999942],[-47.185325599999942,-17.84228730000001],[-47.165156599999989,-17.849301500000024],[-47.148904399999878,-17.884306],[-47.15935810000002,-17.971501299999943],[-47.174893399999917,-17.999209800000017],[-47.15438180000001,-18.017158199999926],[-47.1504991,-18.049814499999911],[-47.122207799999956,-18.03429199999988],[-47.114271699999961,-18.04216109999993],[-47.123934899999881,-18.0659043],[-47.0890867,-18.114934099999971],[-47.1020656,-18.146663],[-47.085508,-18.207979099999989],[-47.0352057,-18.213437599999907],[-47.006121499999892,-18.195024100000012],[-46.993374199999892,-18.2244907],[-46.973411,-18.229744199999971],[-46.948688800000014,-18.198322299999973],[-46.920502399999918,-18.192261399999893],[-46.907540499999925,-18.2230687],[-46.8773385,-18.209566299999949],[-46.87987059999989,-18.239831900000013],[-46.764932599999952,-18.187103799999988],[-46.726721,-18.199074100000018],[-46.7295803,-18.224206999999865],[-46.69758,-18.218141800000012],[-46.689915699999972,-18.199936299999933],[-46.661532599999987,-18.216376099999934],[-46.599557099999913,-18.21529019999997],[-46.58387,-18.2524793],[-46.539933099999985,-18.256910800000014],[-46.542061399999966,-18.3094471],[-46.5110173,-18.338370199999986],[-46.497369399999968,-18.3349902],[-46.497499899999923,-18.353181100000029],[-46.4760693,-18.349490899999978],[-46.453801899999917,-18.3663563],[-46.426179600000012,-18.3572234],[-46.41971,-18.419003],[-46.400152600000013,-18.415431099999978],[-46.397974199999965,-18.433486],[-46.3762663,-18.4422154],[-46.356812599999955,-18.5070677],[-46.358741799999962,-18.565599799999916],[-46.340150900000026,-18.600418199999979],[-46.351595,-18.6327013],[-46.304034099999967,-18.6535874],[-46.3070712,-18.676560900000027],[-46.2825277,-18.717708399999935],[-46.302347499999939,-18.7538149],[-46.289184899999952,-18.770939899999973],[-46.2951043,-18.800482299999942],[-46.251605699999971,-18.79665],[-46.249257399999919,-18.83608769999995],[-46.237951599999974,-18.842205200000024],[-46.245654299999956,-18.857386499999961],[-46.2764416,-18.8598278],[-46.301726499999972,-18.895722],[-46.298973600000011,-18.9592348],[-46.27097189999995,-18.976688200000012],[-46.268130699999972,-18.996907099999873],[-46.2381974,-19.004774],[-46.215892899999972,-19.044587599999943],[-46.224805399999923,-19.074995599999966],[-46.165613899999983,-19.091403899999932],[-46.1402117,-19.18044279999998],[-46.125693699999943,-19.1826491],[-46.159860799999933,-19.26486129999995],[-46.147097499999973,-19.284526200000016],[-46.1550588,-19.3201467],[-46.120980399999951,-19.366962499999943],[-46.1553687,-19.394361],[-46.1556642,-19.42337550000002],[-46.129950299999962,-19.461200800000029],[-46.106372099999987,-19.46794490000002],[-46.1289918,-19.502997900000025],[-46.106136399999912,-19.529295400000024],[-46.139520899999923,-19.553488500000014],[-46.102858499999968,-19.57434539999997],[-46.107505599999968,-19.611933],[-46.067070899999976,-19.632639799999936],[-46.0672222,-19.649472399999922],[-46.117317799999967,-19.662258599999973],[-46.1347427,-19.688077599999986],[-46.174434899999937,-19.701389100000029],[-46.158044799999971,-19.732031600000028],[-46.170259499999986,-19.749034699999982],[-46.218153699999959,-19.741374],[-46.230838799999958,-19.760583699999984],[-46.303215599999987,-19.7975025],[-46.327288299999964,-19.795762899999886],[-46.336635899999976,-19.81503349999997],[-46.320059699999945,-19.82808540000002],[-46.314198200000021,-19.8716286],[-46.367871499999978,-19.867153],[-46.403262199999972,-19.882948100000021],[-46.425564699999939,-19.866947499999924],[-46.461033099999952,-19.885397099999977],[-46.488182499999937,-19.864866],[-46.529377300000021,-19.858230699999979],[-46.546182299999941,-19.878570500000023],[-46.54681759999994,-19.907905199999959],[-46.57215960000002,-19.8906864],[-46.62644720000003,-19.94327],[-46.633582699999863,-19.968833799999913],[-46.598313599999983,-19.998931],[-46.630006799999933,-19.99633039999992],[-46.608863499999984,-20.037856699999907],[-46.629846699999916,-20.052779499999986],[-46.629940200000021,-20.098567899999978],[-46.593684099999905,-20.120864499999982],[-46.656100400000014,-20.13625989999997],[-46.671845,-20.171717099999967],[-46.648121899999978,-20.2164558],[-46.574789899999985,-20.235948099999973],[-46.550564399999985,-20.262972699999921],[-46.578422699999976,-20.286034799999925],[-46.592861399999947,-20.3275815],[-46.5668412,-20.365740199999948],[-46.544613499999912,-20.371225900000013],[-46.52631580000002,-20.356219300000021],[-46.422883299999967,-20.414866],[-46.433911199999955,-20.434772799999962],[-46.418343899999968,-20.483973599999956],[-46.34579789999998,-20.532583699999975],[-46.344820799999923,-20.551872300000014],[-46.2893001999999,-20.559680699999944],[-46.286780799999974,-20.535162],[-46.22213569999991,-20.505723400000022],[-46.197083299999917,-20.542047399999888],[-46.150423499999988,-20.570429],[-46.105482600000016,-20.53261],[-46.075331399999925,-20.53369269999996],[-46.005470899999978,-20.60201149999989],[-45.976226499999882,-20.5832777],[-45.9577294,-20.587547200000017],[-45.926646300000016,-20.53699],[-45.890138599999943,-20.541527899999892],[-45.887918300000024,-20.452173699999889],[-45.837545199999965,-20.458764299999928],[-45.799944499999981,-20.440938599999924],[-45.768358799999874,-20.474960300000021],[-45.742683899999975,-20.46766939999992],[-45.717404299999885,-20.5081738],[-45.655891,-20.491016],[-45.60490099999987,-20.499384500000019],[-45.576927800000021,-20.46002059999995],[-45.569687599999952,-20.398526],[-45.54525289999998,-20.387108300000023],[-45.5184468,-20.3992465],[-45.489027499999963,-20.371527899999933],[-45.44188349999996,-20.393986199999972],[-45.418939,-20.3689635],[-45.4203989,-20.342027799999983],[-45.392127399999936,-20.333293500000025],[-45.361238,-20.352495199999964],[-45.333172799999886,-20.337401399999976],[-45.3031843,-20.376829799999939],[-45.321462599999961,-20.438409899999954],[-45.304104799999948,-20.438284599999918],[-45.307420400000012,-20.451458699999989],[-45.279049499999985,-20.464369099999885],[-45.240600099999938,-20.4463677],[-45.222582,-20.471506699999964],[-45.190165700000023,-20.426354699999933],[-45.1695317,-20.421793799999989],[-45.150444299999947,-20.451472599999988],[-45.1699173,-20.481585099999961],[-45.20416130000001,-20.496535699999924],[-45.206341800000018,-20.513154699999916],[-45.185125200000016,-20.5294174],[-45.190021499999887,-20.5490850999999],[-45.1213636,-20.560799499999973],[-45.112647899999956,-20.574485700000025],[-45.097506899999871,-20.565345200000024],[-45.044826699999987,-20.637467599999979],[-45.003581899999972,-20.637384],[-44.9929391,-20.620479799999941],[-44.975613599999974,-20.63396819999997],[-44.975572,-20.599697799999944],[-44.944532900000013,-20.603553],[-44.927309899999955,-20.587518100000011],[-44.91671029999992,-20.625876399999981],[-44.8937285,-20.63525809999993],[-44.892202099999906,-20.658559899999887],[-44.875333499999954,-20.66311589999998],[-44.862911399999973,-20.689576199999976],[-44.835632499999917,-20.689824199999975],[-44.8196979,-20.674376699999925],[-44.7928415,-20.6951416],[-44.751109199999973,-20.663661],[-44.759003199999938,-20.614272200000016],[-44.719424800000013,-20.6140613],[-44.68589750000001,-20.647288799999899],[-44.693205299999988,-20.681527199999948],[-44.647141199999965,-20.709008199999914],[-44.6187539,-20.769571],[-44.540358499999968,-20.785952399999928],[-44.522182599999951,-20.780044799999985],[-44.505534399999931,-20.746570099999985],[-44.42917419999992,-20.804519199999959],[-44.405704899999989,-20.776341299999956],[-44.388842999999895,-20.7906648],[-44.3702361,-20.781875099999979],[-44.33663869999998,-20.7915944],[-44.290393399999971,-20.770465800000011],[-44.264871299999982,-20.8047067],[-44.2540189,-20.8612301],[-44.195140199999855,-20.867920699999956],[-44.167424899999958,-20.9031053],[-44.1331116,-20.898749399999986],[-44.085364700000014,-20.929251099999874],[-44.073775500000011,-20.906105200000013],[-44.051527499999963,-20.922639099999913],[-43.992803200000026,-20.930633699999873],[-43.966648299999918,-20.9023765],[-43.947529799999984,-20.910977300000013],[-43.924299599999927,-20.894391499999927],[-43.914899699999978,-20.904535299999907],[-43.896816399999977,-20.884038399999952],[-43.883094,-20.895856099999946],[-43.812988599999983,-20.87409550000001],[-43.799910499999953,-20.884395899999959],[-43.819465199999968,-20.900966899999958],[-43.8156983,-20.932501699999989],[-43.8001468,-20.923660299999938],[-43.7755229,-20.942861599999958],[-43.730980599999953,-20.937204],[-43.745775400000014,-20.959552499999972],[-43.717375899999979,-21.021299699999986],[-43.7279939,-21.038783599999988],[-43.717696899999964,-21.0710269],[-43.603161399999863,-21.109676400000012],[-43.609320599999933,-21.134145],[-43.5874326,-21.223140199999989],[-43.602194599999962,-21.213433099999918],[-43.608679199999983,-21.237890699999923],[-43.6391949,-21.250352599999928],[-43.640616599999987,-21.270216299999959],[-43.610200099999872,-21.2739158],[-43.57075020000002,-21.323550699999885],[-43.618391799999984,-21.347158099999888],[-43.6325402,-21.3838523],[-43.683418199999949,-21.386726399999873],[-43.7076424,-21.4035943],[-43.71051529999994,-21.423101299999928],[-43.745080399999949,-21.427154500000029],[-43.758853499999987,-21.445920600000022],[-43.74838840000001,-21.48468459999998],[-43.7711314,-21.49311309999996],[-43.809154700000022,-21.47361769999992],[-43.807338399999935,-21.493131299999959],[-43.82427789999997,-21.508809399999961],[-43.819431,-21.5548571],[-43.8723539,-21.543748900000026],[-43.874801899999966,-21.587524200000018],[-43.896161199999938,-21.5895923],[-43.896590300000014,-21.605379199999959],[-43.9367782,-21.630966799999953],[-43.88743409999995,-21.682456299999956],[-43.922991299999978,-21.748968399999967],[-44.006539199999963,-21.769028999999875],[-44.009982499999921,-21.7912609],[-44.045412899999917,-21.8249834],[-44.0424769,-21.859926500000029],[-44.088975899999866,-21.886305699999866],[-44.06899169999997,-21.898673799999926],[-44.115667699999904,-21.931279],[-44.1073032,-21.955641199999945],[-44.081576899999959,-21.962923],[-44.105683399999975,-21.995971699999927],[-44.1244883,-21.997285699999964],[-44.128712899999925,-22.02927870000002],[-44.163910900000019,-22.0366841],[-44.166401099999973,-22.020984599999963],[-44.202563699999985,-22.0065545],[-44.207622799999967,-22.069734499999981],[-44.3008954,-22.1179143],[-44.342795099999989,-22.185615699999971],[-44.397189499999911,-22.18775],[-44.500400899999931,-22.227126],[-44.567792699999984,-22.237339599999927],[-44.594585199999983,-22.2739403],[-44.666243800000018,-22.319862699999987],[-44.665692699999965,-22.335961099999963],[-44.62596880000001,-22.373748699999965],[-44.639778200000023,-22.3805137],[-44.64947189999998,-22.361842299999978],[-44.70508430000001,-22.3776532],[-44.72407290000001,-22.3593831],[-44.742124499999875,-22.378156299999944],[-44.801892,-22.3922811],[-44.831616,-22.431048799999985],[-44.8707536,-22.423869599999989],[-44.90315,-22.454327299999932],[-44.939603,-22.4531298],[-44.966251499999942,-22.474774499999967],[-45.0288043,-22.4626285],[-45.139793299999951,-22.501448699999969],[-45.176553800000022,-22.549440499999946],[-45.261126099999899,-22.581933399999912],[-45.265316499999869,-22.610276499999884],[-45.333792799999912,-22.6174269],[-45.4001447,-22.654304199999956],[-45.446938900000021,-22.71567929999992],[-45.467736399999978,-22.715046399999949],[-45.5364141,-22.7663688],[-45.579350699999964,-22.7765592],[-45.583698499999969,-22.7913466],[-45.61133789999991,-22.793502799999942],[-45.632641,-22.841265899999939],[-45.667532699999981,-22.875747199999921],[-45.736337600000013,-22.890933599999869],[-45.75553530000002,-22.870564799999954],[-45.759103200000027,-22.836381],[-45.791129099999978,-22.859000699999967],[-45.808355300000017,-22.82896820000002],[-45.821744799999976,-22.842001],[-45.8423515,-22.833609099999933],[-45.863842399999953,-22.868405199999984],[-45.887396799999919,-22.875207899999964],[-45.912686699999881,-22.81575620000001],[-46.006531900000027,-22.889191599999947],[-46.051348299999916,-22.896996499999943],[-46.041244399999982,-22.915404299999977],[-46.051247899999964,-22.96818739999992],[-46.126249700000017,-23.0087502],[-46.161415399999953,-23.06582],[-46.205634499999917,-23.0853988],[-46.263161499999967,-23.188224699999921],[-46.30670090000001,-23.197730299999932],[-46.3112382999999,-23.227531399999918],[-46.359508,-23.272708099999875],[-46.396974600000021,-23.28634],[-46.433132699999931,-23.330619500000012],[-46.400737699999922,-23.349763400000029],[-46.386363299999914,-23.392086],[-46.325460199999952,-23.369237100000021],[-46.294739,-23.387077499999918],[-46.313473199999976,-23.414645],[-46.298633699999982,-23.465866],[-46.239890800000012,-23.503132099999959],[-46.100944200000015,-23.452304499999968],[-46.1119511,-23.478463399999896],[-46.127018299999918,-23.473534599999937],[-46.146068099999979,-23.50192329999993],[-46.088002899999879,-23.504742799999917],[-46.075617599999987,-23.534782799999959],[-46.056739399999856,-23.542035299999952],[-46.035387499999956,-23.523500300000023],[-46.0216426,-23.531391499999927],[-45.983729799999935,-23.517622699999947],[-45.963491799999929,-23.497472599999924],[-45.931929299999979,-23.4889278],[-45.910348699999986,-23.5059943],[-45.839445,-23.473027],[-45.810685099999944,-23.513329999999883],[-45.790914,-23.518051800000023],[-45.686214800000016,-23.510083799999961],[-45.667322800000022,-23.497366499999941],[-45.634860099999969,-23.520436899999936],[-45.638763900000015,-23.536488399999939],[-45.65931740000002,-23.547363],[-45.665449499999909,-23.5705254],[-45.701402299999984,-23.576093599999979],[-45.7134522,-23.594412299999988],[-45.695461099999989,-23.631454599999927],[-45.742297099999917,-23.6679706],[-45.794091599999945,-23.6827353],[-45.8381938,-23.669017],[-45.831319099999973,-23.652156299999945],[-45.845612299999971,-23.643736499999989],[-45.91672890000001,-23.6684477],[-45.958089399999949,-23.666294199999982],[-45.9491286,-23.644953900000019],[-45.973581799999977,-23.640484300000026],[-45.959681599999897,-23.602567099999874],[-46.014037599999938,-23.6030611],[-46.044832099999894,-23.637814999999875],[-46.045146599999896,-23.669861299999923],[-46.099352300000021,-23.718742799999973],[-46.095281300000011,-23.696658199999945],[-46.113688699999898,-23.667380700000024],[-46.158194499999922,-23.715684099999862],[-46.1924932,-23.713448700000015],[-46.207744,-23.742916499999922],[-46.237696299999982,-23.734880899999951],[-46.266860099999917,-23.775371499999949],[-46.27791179999997,-23.770247400000017],[-46.296543199999917,-23.787976899999933],[-46.351971399999968,-23.778369899999973],[-46.384106,-23.786194500000022],[-46.393416699999989,-23.811497200000019],[-46.468626500000028,-23.80957369999993],[-46.464216299999919,-23.840061999999875],[-46.446142099999975,-23.8494541],[-46.468353899999954,-23.8698293],[-46.5055901,-23.866066199999864],[-46.508199900000022,-23.837780399999986],[-46.5249088,-23.830280300000027],[-46.537231599999927,-23.8969454],[-46.561630299999933,-23.878340399999956],[-46.575431899999955,-23.895062699999983],[-46.56517,-23.874050099999977],[-46.575354,-23.862008799999955],[-46.6118773,-23.908648],[-46.650695799999937,-23.874867699999982],[-46.659274799999935,-23.886356799999987],[-46.666156600000022,-23.8738012],[-46.6885378,-23.887315599999965],[-46.7475015,-23.887757699999952],[-46.764827399999945,-23.9265342],[-46.7502998,-23.93016769999997],[-46.735476800000015,-23.983700799999951],[-46.769978400000014,-24.00803],[-46.754596199999924,-23.973111799999913],[-46.78717759999995,-23.941324099999974],[-46.84784350000001,-23.950906799999984],[-46.878451499999983,-23.927937199999974],[-46.903835800000024,-23.941344099999924],[-46.9286927,-23.929453],[-46.8904101,-23.864333899999963],[-46.895408699999962,-23.836805099999935],[-46.882742,-23.826734699999918],[-46.896358799999973,-23.814682399999981],[-46.871437,-23.792672699999912],[-46.884536499999967,-23.77324010000001],[-46.909998700000017,-23.7914543],[-46.937105200000019,-23.774093699999924],[-46.957738100000029,-23.7922992],[-46.97298360000002,-23.775942499999871],[-46.96681719999998,-23.762435699999912],[-46.987264899999957,-23.781717799999967],[-46.982927299999972,-23.802917200000024],[-47.070509199999947,-23.785406499999908],[-47.092497499999922,-23.813085199999989],[-47.159367,-23.800515599999926],[-47.207582699999989,-23.844284299999913],[-47.234510299999897,-23.814872900000012],[-47.263452699999959,-23.820458],[-47.319197299999985,-23.7909866],[-47.4497614,-23.921605600000021],[-47.489343799999915,-23.9104635999999],[-47.527815199999907,-23.937920599999984],[-47.628310399999975,-23.94986949999992],[-47.681972399999893,-23.9918174],[-47.711482299999943,-23.992020199999899],[-47.715204099999937,-24.0059268],[-47.738193599999988,-23.985253600000021],[-47.779872599999976,-23.988924900000029],[-47.8022724,-23.952642399999945],[-47.8469708,-23.954637699999921],[-47.863767499999938,-24.003053899999941],[-47.852501599999925,-24.020460500000013],[-47.871810799999935,-24.048988299999962],[-47.888956099999916,-24.048140600000011],[-47.8838088,-24.063381099999958],[-47.908132,-24.068215499999951],[-47.893479099999979,-24.076479100000029],[-47.901561099999981,-24.093064500000025],[-47.9848806,-24.112809199999958],[-48.0080542,-24.134812799999963],[-48.0229506,-24.125475400000028],[-48.056961199999932,-24.1465169],[-48.061093199999959,-24.182164199999988],[-48.098131499999965,-24.202049699999975],[-48.1412588,-24.194386800000018],[-48.145709099999976,-24.231593199999963],[-48.206301,-24.2641398],[-48.2527844,-24.257434699999919],[-48.284152,-24.284068899999966],[-48.278475399999934,-24.2992145],[-48.29251869999996,-24.29352549999993],[-48.3265005,-24.313789],[-48.328809400000011,-24.290677],[-48.360127599999942,-24.2808736],[-48.387153399999988,-24.305660699999919],[-48.410568199999943,-24.267520399999967],[-48.457660899999894,-24.2530923],[-48.455302299999971,-24.295381799999973],[-48.495602099999985,-24.282686800000022],[-48.505243300000018,-24.304041299999938],[-48.5231281,-24.297174699999971],[-48.523725800000022,-24.319241200000022],[-48.53754269999996,-24.3192115],[-48.558188099999938,-24.286545099999955],[-48.628098299999976,-24.350235699999985],[-48.658620199999916,-24.4048378],[-48.696805299999937,-24.412361299999986],[-48.693787199999974,-24.4524045],[-48.7604844,-24.512893499999961],[-48.792896400000018,-24.5017952],[-48.807323899999972,-24.511800599999958],[-48.833549100000027,-24.4743075],[-48.8503715,-24.479831999999874],[-48.873676099999955,-24.431621],[-48.898775499999942,-24.428010299999983],[-48.916491099999973,-24.386830499999974],[-48.945519199999978,-24.38509769999996],[-48.973419700000022,-24.345493799999986],[-49.005553299999974,-24.34874219999989],[-49.041310599999974,-24.384722399999987],[-49.10410179999991,-24.335483699999941],[-49.137057099999936,-24.3336445],[-49.188532499999951,-24.37647290000001],[-49.248272,-24.399230899999964],[-49.25417049999993,-24.423344499999928],[-49.312643799999933,-24.425899399999935],[-49.358363199999928,-24.476830799999959],[-49.428014399999881,-24.5003276],[-49.453944899999897,-24.537093099999936],[-49.470199199999968,-24.54540320000001],[-49.48732,-24.533936099999949],[-49.493857,-24.5881817],[-49.511046599999929,-24.613554799999918],[-49.525652900000011,-24.6064462],[-49.523658800000021,-24.575481700000012],[-49.538739699999951,-24.568188599999928],[-49.57139989999996,-24.624266199999965],[-49.589123299999869,-24.6175627],[-49.595846400000028,-24.637349099999938],[-49.656431600000019,-24.6453482],[-49.68657989999997,-24.688552],[-49.64928580000003,-24.7109585],[-49.656453799999895,-24.728910899999903],[-49.678729299999986,-24.730304900000021],[-49.6737814,-24.7727145],[-49.713414600000021,-24.768941599999948],[-49.712369599999931,-24.794556],[-49.752026399999977,-24.8084925],[-49.752705100000014,-24.843061],[-49.806852,-24.8360477],[-49.80928919999991,-24.867383500000017],[-49.795798299999944,-24.8740264],[-49.804681800000026,-24.882880199999988],[-49.778838699999937,-24.908808599999986],[-49.826180499999964,-24.9581432],[-49.851421099999925,-24.945156199999929],[-49.8668561,-24.963462099999958],[-49.900443900000027,-24.954084099999932],[-49.892606300000011,-24.998581399999978],[-49.925032,-24.9899274],[-49.929899699999964,-25.019699800000012],[-49.9664543,-25.029768499999989],[-49.964763599999912,-25.063191299999971],[-49.984686399999987,-25.068087900000023],[-49.978751299999885,-25.0982045],[-50.001368599999921,-25.1135099],[-49.966990099999919,-25.109732799999961],[-49.970178499999975,-25.131276699999944],[-49.953062100000011,-25.149202699999989],[-49.939979199999982,-25.137131699999884],[-49.929027,-25.146239499999922],[-49.9064674,-25.196911899999918],[-49.829339599999969,-25.224195800000018],[-49.845611800000029,-25.231218599999977],[-49.843878099999927,-25.252883199999985],[-49.816391099999919,-25.269542399999978],[-49.840677,-25.297276300000021],[-49.7881438,-25.356770200000028],[-49.735499599999969,-25.3639159],[-49.739854,-25.390906799999982],[-49.722217699999987,-25.3930064],[-49.728819399999963,-25.421906899999897],[-49.695816099999888,-25.43753959999998],[-49.712865399999941,-25.47561879999995],[-49.591672599999924,-25.450577499999952],[-49.530151,-25.384152299999982],[-49.4848915,-25.388548599999922],[-49.458155899999952,-25.356145799999865],[-49.425914599999942,-25.356230599999947],[-49.379756099999952,-25.3327314],[-49.349236500000018,-25.303608099999963],[-49.356314600000019,-25.294401600000015],[-49.3134665,-25.275775199999941],[-49.33489869999994,-25.240368199999921],[-49.29243589999993,-25.224317199999859],[-49.256764299999872,-25.270804899999916],[-49.223160399999983,-25.268936100000019],[-49.205852899999968,-25.29314549999998],[-49.1571882,-25.290158799999972],[-49.140039099999967,-25.318140799999981],[-49.088721899999882,-25.33688159999997],[-49.075690899999927,-25.366938199999936],[-49.0003795,-25.388938899999971],[-48.998483199999953,-25.437705899999969],[-48.973858299999961,-25.436218799999949],[-48.994524599999977,-25.467009099999984],[-48.958286,-25.4882753],[-48.9743095,-25.5090169],[-48.964220799999964,-25.5594873],[-48.995701899999972,-25.593580799999984],[-49.018816,-25.680239200000017],[-49.058843599999989,-25.700136099999895],[-49.073109699999975,-25.742154299999982],[-49.089859799999886,-25.7434993],[-49.1309549,-25.806450899999902],[-49.089503299999876,-25.872638100000017],[-49.108067300000016,-25.899093499999935],[-49.08566049999996,-25.953021899999953],[-49.068500299999982,-25.9667306],[-49.003366399999891,-25.941899899999953],[-48.991288199999985,-25.9228539],[-48.983420299999864,-25.948621899999978],[-48.963858899999877,-25.949697499999957],[-48.95464579999998,-25.965721299999984],[-48.956229699999938,-26.018836799999917],[-48.997349899999904,-26.028174499999977],[-49.035425,-26.009696599999927],[-49.051761399999918,-26.029409],[-49.057955399999969,-26.076926299999968],[-49.129823099999953,-26.100209800000016],[-49.13740869999998,-26.116861799999981],[-49.158227599999918,-26.113930099999948],[-49.161480299999937,-26.132765],[-49.189030399999865,-26.145290199999977],[-49.168448800000021,-26.187224799999967],[-49.174434799999972,-26.207379600000024],[-49.192207799999949,-26.202411599999948],[-49.214956499999971,-26.2252626],[-49.285868099999902,-26.2277712],[-49.33322539999989,-26.259721399999989],[-49.334655,-26.288168700000028],[-49.402635699999962,-26.3177331],[-49.402980899999989,-26.3499423],[-49.437294299999962,-26.3738889],[-49.444790599999976,-26.426548399999945],[-49.495828,-26.427874499999973],[-49.442584599999975,-26.489773500000013],[-49.518819099999973,-26.52606069999996],[-49.548801199999957,-26.5257813],[-49.582517100000018,-26.584330299999976],[-49.593745300000023,-26.629919499999971],[-49.583932,-26.664830699999982],[-49.603476599999965,-26.706778499999928],[-49.640388700000017,-26.691590799999915],[-49.696298800000022,-26.6964686],[-49.737777199999982,-26.645762299999944],[-49.738035899999943,-26.6142906],[-49.78254290000001,-26.5934527],[-49.8139865,-26.5348849],[-49.841699100000028,-26.526418799999988],[-49.852082399999915,-26.536638299999936],[-49.848775,-26.5142179],[-49.885751499999969,-26.449840900000027],[-49.984042,-26.463009199999931],[-50.045641199999977,-26.438419799999963],[-50.120583399999987,-26.443194399999925],[-50.1208067,-26.4277396],[-50.14530869999993,-26.429854599999942],[-50.193653399999903,-26.375558199999944],[-50.2205384,-26.388378899999964],[-50.218537500000025,-26.450954599999989],[-50.231241800000021,-26.4665278],[-50.196241399999963,-26.595416799999896],[-50.21631009999993,-26.674567500000023],[-50.252617499999928,-26.719691199999943],[-50.242144600000017,-26.758626399999969],[-50.222971,-26.765326599999923],[-50.2159408,-26.804888800000015],[-50.244319,-26.836371900000017],[-50.242392600000017,-26.8520229],[-50.266398699999968,-26.854282399999931],[-50.286560300000019,-26.835028399999885],[-50.3624365,-26.833121899999981],[-50.390131900000029,-26.818473599999948],[-50.46652610000001,-26.837076499999966],[-50.5208268,-26.813733],[-50.530413499999952,-26.79653780000001],[-50.593632299999967,-26.814574799999946],[-50.6161535,-26.83569],[-50.643555600000013,-26.82787159999998],[-50.656227199999933,-26.802392600000019],[-50.717928499999971,-26.794619599999976],[-50.715426900000011,-26.777623899999924],[-50.759016599999939,-26.7784732],[-50.73375,-26.754300199999932],[-50.775328800000011,-26.769121],[-50.8595889,-26.749027699999885],[-50.8629199,-26.728504099999952],[-50.9107702,-26.712788199999977],[-50.90435789999998,-26.7015836],[-50.929027500000018,-26.691805799999941],[-50.92596420000001,-26.670972199999937],[-51.0606823,-26.636807299999987],[-51.109313699999973,-26.602361200000018],[-51.159579699999938,-26.60634639999995],[-51.200740699999983,-26.675651500000015],[-51.211353,-26.663547599999958],[-51.2295717,-26.684306699999922],[-51.245100599999944,-26.675476499999945],[-51.25014989999994,-26.7206956],[-51.296113100000014,-26.72890510000002],[-51.346249799999953,-26.709305799999981],[-51.391839199999936,-26.7364581],[-51.418188199999918,-26.718193],[-51.410579400000017,-26.699337099999923],[-51.43764589999995,-26.6856952],[-51.458477099999925,-26.6490928],[-51.450324299999977,-26.6399973],[-51.491817,-26.6192982],[-51.490761599999985,-26.5978604],[-51.5112532,-26.577351],[-51.521764099999984,-26.593174499999975],[-51.5983367,-26.582202199999927],[-51.632832300000018,-26.5929299],[-51.662371699999937,-26.555138699999986],[-51.725578199999973,-26.594772],[-51.74940620000001,-26.577453900000023],[-51.785682899999983,-26.591529200000025],[-51.815644500000019,-26.578916899999911],[-51.8731942,-26.600694699999963],[-51.8980565,-26.577746400000024],[-51.930416399999956,-26.584861299999943],[-51.950730299999975,-26.568946],[-52.0110214,-26.5666483],[-52.030843800000014,-26.540760299999931],[-52.078471999999863,-26.525416899999982],[-52.0988597,-26.4813486],[-52.1343382,-26.469639899999947],[-52.156263599999988,-26.4792984],[-52.1682015,-26.455973299999982],[-52.193075099999987,-26.4557375],[-52.187352699999963,-26.445138899999904],[-52.23556480000002,-26.464870099999985],[-52.248749799999985,-26.4537502],[-52.28374980000001,-26.459583599999917],[-52.305697099999918,-26.439018299999987],[-52.363147299999866,-26.432126],[-52.380036099999984,-26.4422611],[-52.402924399999961,-26.427627799999982],[-52.458963400000016,-26.4398577],[-52.522447499999942,-26.397523599999886],[-52.594855100000018,-26.417370799999901],[-52.677647499999978,-26.352951499999961],[-52.719305299999974,-26.356250199999977],[-52.7373526,-26.3423613],[-52.762632499999938,-26.353471],[-52.851250499999878,-26.345421199999976],[-52.864798300000018,-26.35823309999995],[-52.936523799999975,-26.366660500000023],[-52.993337600000018,-26.345147499999939],[-53.0373573,-26.378074],[-53.092189299999973,-26.3942348],[-53.091817100000014,-26.381525599999861],[-53.125608,-26.373672899999917],[-53.144301899999959,-26.344594200000017],[-53.167361499999913,-26.34985039999998],[-53.228556,-26.318432299999927],[-53.2643053,-26.289305799999966],[-53.28074,-26.250561599999969],[-53.305688,-26.261537399999952],[-53.375136199999986,-26.2406934],[-53.429038900000023,-26.284304399999883],[-53.499872699999912,-26.30430709999996],[-53.56716549999993,-26.284241800000018],[-53.5872627,-26.2556328],[-53.62784419999997,-26.262097599999947],[-53.64660379999998,-26.24640369999986],[-53.646947800000021,-26.261714299999937],[-53.672916099999952,-26.280130799999881],[-53.712820399999941,-26.263404799999989],[-53.736795700000016,-26.29236759999992],[-53.734728300000029,-26.3190227],[-53.763038699999981,-26.358447300000023],[-53.761556,-26.377681400000029],[-53.80254739999998,-26.385887],[-53.823194199999989,-26.418750199999977],[-53.853259099999946,-26.429922099999942],[-53.87295249999994,-26.4802305],[-53.8861435,-26.483863599999893],[-53.880134699999985,-26.49707259999991],[-53.933367499999861,-26.512454600000012],[-53.953394600000024,-26.563445999999885],[-54.036376299999972,-26.5766443],[-54.043808399999932,-26.5945317],[-54.088759200000027,-26.6055483],[-54.127701599999909,-26.6026144],[-54.145424199999979,-26.643466499999988],[-54.196530099999961,-26.664665299999967],[-54.221963800000026,-26.710830899999962],[-54.2499992,-26.7130661],[-54.246277099999986,-26.732032799999956],[-54.261238799999887,-26.7476398],[-54.306357699999921,-26.741276099999936],[-54.322360899999865,-26.762083599999926],[-54.3159013,-26.8097919],[-54.3387919,-26.818655299999989],[-54.346155199999941,-26.840651099999945],[-54.368528799999922,-26.844112699999926],[-54.378482099999928,-26.869333899999958],[-54.39898,-26.871979899999985],[-54.418387799999948,-26.914205999999865],[-54.453194199999928,-26.936528],[-54.451756499999988,-26.9559132],[-54.480248599999868,-26.969889],[-54.480965299999923,-26.994860099999983],[-54.577542900000026,-27.026311899999939],[-54.614231300000029,-27.009927300000015],[-54.704583099999979,-27.015694699999983],[-54.72791380000001,-27.045426],[-54.754866,-27.052497899999878],[-54.790415600000017,-27.027371300000027],[-54.807767499999954,-27.069766399999935],[-54.896509400000014,-27.09499459999995],[-54.90823690000002,-27.144506899999953],[-54.937206,-27.179860099999985],[-54.986527599999988,-27.184028],[-55.0350257,-27.166275499999983],[-55.068826999999885,-27.176527],[-55.074793899999918,-27.192904100000021],[-55.087981399999933,-27.188604299999952],[-55.09396,-27.213931199999877],[-55.068804699999987,-27.284558600000025],[-55.134748100000024,-27.3152624],[-55.146180500000014,-27.367409299999963],[-55.0959752,-27.4327045],[-55.078525099999922,-27.480910699999981],[-55.105857799999967,-27.492455],[-55.125142200000028,-27.521493],[-55.1614801,-27.516170699999975],[-55.230193699999973,-27.5518166],[-55.289553800000022,-27.615875],[-55.3320915,-27.612083699999914],[-55.35098279999994,-27.650478],[-55.3991545,-27.641146900000024],[-55.426238800000021,-27.669021199999975],[-55.478456299999948,-27.663889099999949],[-55.471108399999935,-27.705606899999964],[-55.4934293,-27.733543],[-55.4998536,-27.770972799999981],[-55.564034699999922,-27.775695699999972],[-55.6106833,-27.804862],[-55.661614199999974,-27.812414399999966],[-55.763500599999929,-27.798738599999979],[-55.79721,-27.81259649999987],[-55.83403409999994,-27.787926399999947],[-55.859663699999942,-27.7990792],[-55.91229519999996,-27.847592499999962],[-55.927652899999941,-27.90668340000002],[-55.945303500000023,-27.909379899999919],[-55.9426947,-27.919817799999919],[-56.031339699999933,-27.994390599999917],[-55.9970831,-28.072361299999955]]]]}},
{"type":"Feature","properties":{"nome_bacia":"Bacia do Rio Mearim"},"geometry":{"type":"MultiPolygon","coordinates":[[[[-46.299471,-6.9050398],[-46.336138799999958,-6.9272674],[-46.360889199999917,-6.9011324],[-46.373428,-6.841901300000018],[-46.4078318,-6.8300805],[-46.448929,-6.790358],[-46.463275599999974,-6.813449099999957],[-46.496155099999953,-6.809767299999976],[-46.521459,-6.743766400000027],[-46.544811599999946,-6.741110699999922],[-46.5765303,-6.70820539999994],[-46.594233499999973,-6.715406099999939],[-46.615634600000021,-6.703944799999931],[-46.648472899999888,-6.725701399999934],[-46.741188500000021,-6.675517399999933],[-46.727245499999924,-6.659683299999983],[-46.754998099999966,-6.6242868],[-46.761103,-6.562273600000026],[-46.732755699999927,-6.550218799999925],[-46.721252199999981,-6.503595099999984],[-46.729753099999925,-6.4570233],[-46.708654200000012,-6.440623899999878],[-46.717197599999963,-6.4181539],[-46.680295599999909,-6.375196599999924],[-46.693311199999982,-6.346796400000017],[-46.668183299999953,-6.3376424],[-46.690716399999985,-6.303543400000024],[-46.6463177,-6.278345300000012],[-46.613059699999951,-6.228675599999917],[-46.5880593,-6.227431299999978],[-46.590910899999869,-6.198381199999972],[-46.621372099999917,-6.1291673],[-46.647048699999914,-6.119957199999988],[-46.6477076,-6.099652],[-46.684864699999935,-6.120128500000021],[-46.725589099999922,-6.088892699999917],[-46.717170199999941,-6.070774500000027],[-46.7423551,-6.035971500000016],[-46.736875699999928,-6.0077212],[-46.760738,-5.976240099999984],[-46.778586599999926,-5.979842499999961],[-46.786286699999948,-5.9595104],[-46.790146899999968,-5.924525299999971],[-46.775248699999963,-5.915777400000024],[-46.784802299999967,-5.895080899999982],[-46.817777200000023,-5.8817818],[-46.8168688,-5.897554899999989],[-46.834099,-5.890505599999983],[-46.9004286,-5.9123376],[-46.915624,-5.869659500000012],[-46.900964199999976,-5.848417599999891],[-46.902725099999941,-5.816342],[-46.9223965,-5.780691900000022],[-46.958933,-5.76870550000001],[-46.961982400000011,-5.745764800000018],[-46.9936257,-5.7314116],[-47.008307699999932,-5.697163899999964],[-47.0573159,-5.707710199999951],[-47.082630299999948,-5.66851609999992],[-47.104516199999978,-5.664794599999937],[-47.110642900000016,-5.6156143],[-47.08836459999992,-5.599110100000019],[-47.110706,-5.560137499999939],[-47.103341,-5.53957],[-47.117794899999978,-5.537004399999944],[-47.098243799999977,-5.508509399999923],[-47.157208399999945,-5.480296499999895],[-47.125615899999957,-5.430203099999915],[-47.170115899999985,-5.420744599999978],[-47.173486099999934,-5.384979],[-47.214144499999975,-5.356577399999935],[-47.275068200000021,-5.366323799999975],[-47.271739799999978,-5.327080399999886],[-47.227089299999875,-5.306250199999965],[-47.2474133,-5.226398599999925],[-47.239572399999872,-5.199028299999952],[-47.19522499999988,-5.161304500000028],[-47.213615,-5.13393],[-47.2065202,-5.119305899999972],[-47.2293052,-5.075147300000026],[-47.225365499999953,-5.053964],[-47.264499600000022,-5.045356799999922],[-47.269123499999978,-4.982456599999921],[-47.295416699999976,-4.964019599999972],[-47.293200500000012,-4.926236199999892],[-47.277077099999985,-4.91291769999998],[-47.305421,-4.888739299999941],[-47.2910837,-4.856222399999979],[-47.302373400000022,-4.800411599999961],[-47.2679948,-4.7359199],[-47.292257199999938,-4.708093499999961],[-47.279296400000021,-4.677080299999943],[-47.25486079999996,-4.67875],[-47.239305299999955,-4.640694499999938],[-47.255146299999979,-4.611249499999929],[-47.231311299999959,-4.5700726],[-47.263274099999933,-4.498655499999984],[-47.260464399999989,-4.440981799999975],[-47.219027,-4.39847930000002],[-47.2040467,-4.40734219999996],[-47.181001,-4.38387189999986],[-47.181812099999945,-4.356526799999926],[-47.158806199999901,-4.349013500000012],[-47.151928699999985,-4.316969099999937],[-47.130416399999945,-4.3168056],[-47.129691899999955,-4.287125600000024],[-47.090143099999921,-4.263183599999934],[-47.09000489999994,-4.2442198],[-47.05875420000001,-4.245982500000025],[-47.0489758,-4.219112],[-47.006040599999949,-4.232119099999863],[-46.985154,-4.18111],[-47.005791699999975,-4.149618199999964],[-46.97771,-4.118917],[-47.000752199999965,-4.108149],[-47.0004872,-4.092073299999868],[-46.946316,-4.076332299999876],[-46.924648699999977,-4.092922299999941],[-46.901528299999939,-4.090556599999957],[-46.8974829,-4.0348184],[-46.880971899999963,-4.024583399999983],[-46.869959600000016,-4.035664799999893],[-46.859303199999886,-4.019317699999931],[-46.825978899999882,-4.0284732],[-46.832620199999951,-4.007931400000018],[-46.766651399999887,-3.969717600000024],[-46.755402,-3.895567199999959],[-46.697942599999863,-3.875816699999973],[-46.6930117,-3.815539299999955],[-46.729382199999975,-3.80926379999994],[-46.743372099999931,-3.774886299999935],[-46.71405829999992,-3.747329199999967],[-46.701971,-3.7042411],[-46.688116699999966,-3.701096399999983],[-46.692225099999916,-3.671164099999942],[-46.657070299999987,-3.630980299999919],[-46.676529799999969,-3.57958989999986],[-46.60652639999995,-3.544872399999974],[-46.564316499999961,-3.556533699999989],[-46.561523099999874,-3.51379750000001],[-46.541668499999957,-3.480985],[-46.493436700000018,-3.4848389],[-46.508626699999979,-3.448948899999948],[-46.493751799999984,-3.424785900000018],[-46.527371599999981,-3.407916299999954],[-46.527635799999985,-3.384872],[-46.499429299999974,-3.384738],[-46.4864121,-3.36958809999993],[-46.486681499999918,-3.328326899999922],[-46.44735819999994,-3.320126899999934],[-46.4220851,-3.26652150000001],[-46.379937499999926,-3.296040399999924],[-46.350210699999934,-3.290184],[-46.346133699999939,-3.258896100000015],[-46.315277499999979,-3.267612400000019],[-46.30450559999997,-3.251465499999938],[-46.245031700000027,-3.325452399999961],[-46.1920402,-3.324396099999944],[-46.167642899999919,-3.307906799999955],[-46.175365199999987,-3.3421836],[-46.161794,-3.389580099999932],[-46.117934699999921,-3.3489821],[-46.074030499999935,-3.356537],[-46.038911400000018,-3.320920699999988],[-45.993039300000021,-3.321506699999986],[-45.94319419999988,-3.2798611],[-45.9053245,-3.26929130000002],[-45.8298436,-3.305172],[-45.807046500000013,-3.294331099999965],[-45.793194199999959,-3.262638900000013],[-45.727494299999933,-3.255691399999989],[-45.715416399999981,-3.268472200000019],[-45.692073,-3.247077899999908],[-45.68523719999996,-3.201846],[-45.661162600000011,-3.16437860000002],[-45.5998586,-3.13930019999998],[-45.596872699999949,-3.104903400000012],[-45.573529,-3.074242899999945],[-45.492541299999914,-3.055915],[-45.470550800000012,-3.034082500000011],[-45.4533128,-3.050326699999971],[-45.418661900000018,-3.035994599999924],[-45.389590899999916,-3.071528199999932],[-45.36617,-3.058532],[-45.34153149999986,-3.084295699999927],[-45.316527099999973,-3.072632799999951],[-45.2493053,-3.106805599999973],[-45.200046699999973,-3.102850599999954],[-45.1022458,-3.0441505],[-45.09335729999998,-3.014457099999959],[-45.060259700000017,-2.986183900000015],[-45.0322918,-2.9820373],[-45.022055899999941,-2.91254269999996],[-44.983991599999968,-2.892841],[-44.93729129999997,-2.908922299999915],[-44.920960799999989,-2.932083899999895],[-44.859013,-2.939838099999861],[-44.861796099999935,-2.985136699999941],[-44.844131899999979,-3.002339399999983],[-44.837406900000019,-3.04198],[-44.812627099999986,-3.048473399999921],[-44.773741299999983,-3.09503019999994],[-44.724023799999941,-3.068046999999865],[-44.7073921,-3.073386399999947],[-44.685990499999946,-3.132626599999924],[-44.671809099999962,-3.096656699999869],[-44.626402699999915,-3.063817200000017],[-44.620694799999967,-3.04124280000002],[-44.587810399999967,-3.037698],[-44.5702857,-3.024963199999888],[-44.57153889999995,-3.003187],[-44.55385960000001,-2.996396199999936],[-44.555165400000021,-2.948900299999934],[-44.530689199999983,-2.925688199999968],[-44.544378599999959,-2.906730700000026],[-44.582369899999946,-2.896821199999977],[-44.5710411,-2.892454900000018],[-44.576769599999921,-2.8775539],[-44.548744899999917,-2.8606039],[-44.555516599999976,-2.810048900000027],[-44.543124599999942,-2.775390399999935],[-44.506234199999938,-2.828095899999937],[-44.444919299999981,-2.8230352],[-44.426250399999958,-2.834240599999873],[-44.4101083,-2.82307830000002],[-44.405977599999972,-2.873153],[-44.362072,-2.862917400000015],[-44.366716399999916,-2.890715199999988],[-44.341202399999986,-2.915659699999935],[-44.322882100000015,-2.9062892],[-44.327539099999967,-2.920050899999922],[-44.303755399999943,-2.938266],[-44.324038799999983,-2.953193399999975],[-44.306585700000028,-2.964694099999974],[-44.32264859999998,-3.043470599999978],[-44.308278700000017,-3.119033800000011],[-44.317356899999936,-3.139595],[-44.34147710000002,-3.134349900000018],[-44.340182299999981,-3.145582400000023],[-44.3582518,-3.147095299999989],[-44.415240799999935,-3.215304899999978],[-44.400692599999957,-3.238287],[-44.4129165,-3.250686],[-44.40724419999998,-3.277206399999898],[-44.44165629999992,-3.301341899999898],[-44.443579199999988,-3.328848199999982],[-44.488193099999989,-3.379297399999928],[-44.509860799999899,-3.386527799999897],[-44.5205335,-3.411918299999968],[-44.50970719999998,-3.44375679999996],[-44.541263499999957,-3.4647218],[-44.548059799999976,-3.521455800000012],[-44.578201799999931,-3.522087899999917],[-44.572241199999894,-3.536204399999974],[-44.599094599999887,-3.592518199999915],[-44.592631099999949,-3.623471600000016],[-44.615818099999899,-3.647852399999977],[-44.593759699999964,-3.665690899999959],[-44.583050299999911,-3.715379499999926],[-44.60291339999992,-3.727503399999989],[-44.6067,-3.748394],[-44.564265200000023,-3.742648],[-44.558468,-3.763674],[-44.569405599999925,-3.76656939999998],[-44.545475,-3.796879100000012],[-44.552366099999972,-3.8315407],[-44.536998399999959,-3.83852509999997],[-44.537089,-3.871804399999974],[-44.480128199999967,-3.87902459999998],[-44.468676499999958,-3.8929326],[-44.488312599999915,-3.940426600000023],[-44.4587497,-3.9551389],[-44.452616599999942,-3.985074399999917],[-44.477367899999933,-4.00375],[-44.462346099999934,-4.024074299999938],[-44.4702805,-4.039448899999911],[-44.488275899999906,-4.031859299999951],[-44.533198399999947,-4.0678158],[-44.524103599999989,-4.100734099999954],[-44.501539099999945,-4.112366399999985],[-44.524746199999981,-4.1734768],[-44.5136427,-4.184664299999895],[-44.5301973,-4.200425899999971],[-44.494622199999981,-4.223590300000012],[-44.519861399999911,-4.27429810000001],[-44.486709099999928,-4.299490099999957],[-44.543153500000017,-4.40162829999997],[-44.5140346,-4.428992499999936],[-44.480138799999963,-4.427653299999974],[-44.467094199999963,-4.46513779999998],[-44.443857399999956,-4.459956099999943],[-44.419006699999954,-4.490137],[-44.391873700000019,-4.4840115],[-44.387277599999948,-4.527592099999936],[-44.37086219999992,-4.547007699999938],[-44.374476399999935,-4.595001299999979],[-44.358825499999853,-4.614681099999927],[-44.362570299999902,-4.6509069],[-44.3259797,-4.662918],[-44.3217343,-4.6818144],[-44.339758099999983,-4.699214599999948],[-44.322077399999955,-4.714316399999973],[-44.324770899999976,-4.752617699999917],[-44.3442978,-4.777084],[-44.34883050000002,-4.823785599999951],[-44.368539399999975,-4.838991],[-44.3698723,-4.8831925],[-44.40024870000002,-4.919477200000017],[-44.418681,-4.918105200000014],[-44.44043819999996,-4.983489599999871],[-44.458642699999928,-4.978545599999961],[-44.46859239999992,-5.0207327],[-44.507924800000012,-5.0426392],[-44.4765271,-5.0533421],[-44.461236,-5.084107499999959],[-44.448578,-5.08071769999998],[-44.448537699999974,-5.108225300000015],[-44.440601099999924,-5.099764900000025],[-44.419700399999954,-5.119812699999954],[-44.396527499999934,-5.102083400000026],[-44.351410299999941,-5.109400299999947],[-44.3673624,-5.136539199999959],[-44.338161099999979,-5.1548032],[-44.347083,-5.172361200000012],[-44.329575499999976,-5.189861099999973],[-44.3710388,-5.2290802],[-44.3479125,-5.2686387],[-44.345134899999948,-5.3126302],[-44.356423800000016,-5.347043299999939],[-44.385655499999928,-5.3625495],[-44.3701489,-5.375968100000023],[-44.405112799999927,-5.389643299999989],[-44.39935689999993,-5.441459799999961],[-44.421848399999988,-5.449813399999982],[-44.448995599999932,-5.497274699999934],[-44.467578199999934,-5.491710199999943],[-44.469867199999896,-5.466527699999915],[-44.48326459999987,-5.4637899],[-44.476265999999896,-5.503752799999916],[-44.492571199999929,-5.53637980000002],[-44.446357700000021,-5.607642699999928],[-44.440149599999984,-5.667361200000016],[-44.4575504,-5.670228],[-44.449086299999976,-5.687127700000019],[-44.4605317,-5.727530899999977],[-44.47014669999993,-5.741249],[-44.52679859999995,-5.751367799999969],[-44.526939099999936,-5.76772509999995],[-44.548197500000015,-5.783095899999978],[-44.529305799999918,-5.8176312],[-44.622646,-5.8254179],[-44.677632099999926,-5.908473099999981],[-44.759298799999954,-5.906248399999924],[-44.800545199999988,-5.960554199999933],[-44.8931025,-6.040396899999962],[-44.8986054,-6.06140309999995],[-44.950595499999963,-6.052994099999978],[-44.98166109999994,-6.062645700000019],[-44.98484179999997,-6.0763159],[-45.061797799999965,-6.0926389],[-45.065944399999978,-6.108072400000026],[-45.104026099999942,-6.128483499999959],[-45.087359799999888,-6.150389099999927],[-45.1372809,-6.226331099999982],[-45.201815199999942,-6.209031],[-45.234028099999989,-6.228739099999927],[-45.3456263,-6.219266],[-45.389312899999936,-6.2802721],[-45.443644799999959,-6.293529400000011],[-45.478477199999929,-6.32486],[-45.503881699999965,-6.304951599999981],[-45.546705499999916,-6.3085898],[-45.592048599999941,-6.356185400000015],[-45.638298299999974,-6.3807612],[-45.659708199999955,-6.381207299999971],[-45.699591,-6.347356099999956],[-45.770808499999987,-6.3761968],[-45.804172299999948,-6.357518099999936],[-45.802853299999981,-6.37348929999996],[-45.844246699999985,-6.398917],[-45.845147199999985,-6.427080900000021],[-45.895520199999964,-6.44239749999997],[-45.911334899999929,-6.4986136],[-45.910511,-6.518525499999953],[-45.891815799999961,-6.532081899999866],[-45.896659600000021,-6.572509700000012],[-45.922637300000019,-6.586263699999961],[-45.922080100000017,-6.6109631],[-45.944870899999955,-6.624112499999967],[-45.956252899999981,-6.659852],[-45.938195299999961,-6.695681499999978],[-45.9651596,-6.71023219999995],[-45.9765349,-6.693025499999919],[-46.005010199999958,-6.703753399999925],[-46.009140799999955,-6.6881596],[-46.056805299999951,-6.6943056],[-46.061100599999918,-6.725852799999927],[-46.114668699999982,-6.735331499999972],[-46.130696899999919,-6.771517500000016],[-46.179525199999944,-6.764484399999958],[-46.185984399999938,-6.839860099999953],[-46.291228,-6.851688200000012],[-46.293295399999977,-6.881031299999961],[-46.306713699999989,-6.890287899999976],[-46.299471,-6.9050398]]]]}},
{"type":"Feature","properties":{"nome_bacia":"Bacia do Rio São Francisco"},"geometry":{"type":"MultiPolygon","coordinates":[[[[-44.42917419999992,-20.804519199999959],[-44.505534399999931,-20.746570099999985],[-44.522182599999951,-20.780044799999985],[-44.540358499999968,-20.785952399999928],[-44.623060199999941,-20.767236099999877],[-44.647141199999965,-20.709008199999914],[-44.694019499999911,-20.680138899999918],[-44.68589750000001,-20.647288799999899],[-44.73060879999997,-20.6110933],[-44.759003199999938,-20.614272200000016],[-44.751109199999973,-20.663661],[-44.7928415,-20.6951416],[-44.8196979,-20.674376699999925],[-44.835632499999917,-20.689824199999975],[-44.862911399999973,-20.689576199999976],[-44.875333499999954,-20.66311589999998],[-44.892202099999906,-20.658559899999887],[-44.8937285,-20.63525809999993],[-44.91671029999992,-20.625876399999981],[-44.920774699999924,-20.5890296],[-44.944532900000013,-20.603553],[-44.975572,-20.599697799999944],[-44.975613599999974,-20.63396819999997],[-44.9929391,-20.620479799999941],[-45.003581899999972,-20.637384],[-45.053255199999967,-20.633733099999972],[-45.07097959999993,-20.6114344],[-45.063658299999986,-20.599314099999901],[-45.087745799999936,-20.590396799999894],[-45.082670300000018,-20.577403399999866],[-45.097506899999871,-20.565345200000024],[-45.112647899999956,-20.574485700000025],[-45.1213636,-20.560799499999973],[-45.190021499999887,-20.5490850999999],[-45.185125200000016,-20.5294174],[-45.206341800000018,-20.513154699999916],[-45.20416130000001,-20.496535699999924],[-45.1699173,-20.481585099999961],[-45.150444299999947,-20.451472599999988],[-45.1695317,-20.421793799999989],[-45.190165700000023,-20.426354699999933],[-45.222582,-20.471506699999964],[-45.240600099999938,-20.4463677],[-45.279049499999985,-20.464369099999885],[-45.306740600000012,-20.452031499999919],[-45.304104799999948,-20.438284599999918],[-45.321933699999988,-20.437621799999874],[-45.3031843,-20.376829799999939],[-45.3344707,-20.337134499999934],[-45.361238,-20.352495199999964],[-45.392127399999936,-20.333293500000025],[-45.4203989,-20.342027799999983],[-45.418939,-20.3689635],[-45.44188349999996,-20.393986199999972],[-45.489027499999963,-20.371527899999933],[-45.5184468,-20.3992465],[-45.54525289999998,-20.387108300000023],[-45.569687599999952,-20.398526],[-45.576927800000021,-20.46002059999995],[-45.60490099999987,-20.499384500000019],[-45.655891,-20.491016],[-45.717404299999885,-20.5081738],[-45.742683899999975,-20.46766939999992],[-45.768358799999874,-20.474960300000021],[-45.799944499999981,-20.440938599999924],[-45.837545199999965,-20.458764299999928],[-45.887918300000024,-20.452173699999889],[-45.890138599999943,-20.541527899999892],[-45.926646300000016,-20.53699],[-45.9577294,-20.587547200000017],[-45.976226499999882,-20.5832777],[-46.005470899999978,-20.60201149999989],[-46.075331399999925,-20.53369269999996],[-46.105482600000016,-20.53261],[-46.150423499999988,-20.570429],[-46.197083299999917,-20.542047399999888],[-46.22213569999991,-20.505723400000022],[-46.286780799999974,-20.535162],[-46.2893001999999,-20.559680699999944],[-46.3439166,-20.552257399999917],[-46.34579789999998,-20.532583699999975],[-46.418343899999968,-20.483973599999956],[-46.433911199999955,-20.434772799999962],[-46.422883299999967,-20.414866],[-46.52631580000002,-20.356219300000021],[-46.544613499999912,-20.371225900000013],[-46.5668412,-20.365740199999948],[-46.593644700000027,-20.3257676],[-46.578422699999976,-20.286034799999925],[-46.550564399999985,-20.262972699999921],[-46.574789899999985,-20.235948099999973],[-46.648121899999978,-20.2164558],[-46.671845,-20.171717099999967],[-46.656100400000014,-20.13625989999997],[-46.593684099999905,-20.120864499999982],[-46.629940200000021,-20.098567899999978],[-46.629846699999916,-20.052779499999986],[-46.608863499999984,-20.037856699999907],[-46.630006799999933,-19.99633039999992],[-46.598313599999983,-19.998931],[-46.633582699999863,-19.968833799999913],[-46.62644720000003,-19.94327],[-46.57215960000002,-19.8906864],[-46.54681759999994,-19.907905199999959],[-46.546182299999941,-19.878570500000023],[-46.529377300000021,-19.858230699999979],[-46.488182499999937,-19.864866],[-46.461033099999952,-19.885397099999977],[-46.425564699999939,-19.866947499999924],[-46.403262199999972,-19.882948100000021],[-46.367871499999978,-19.867153],[-46.314198200000021,-19.8716286],[-46.320059699999945,-19.82808540000002],[-46.336635899999976,-19.81503349999997],[-46.327288299999964,-19.795762899999886],[-46.303215599999987,-19.7975025],[-46.230838799999958,-19.760583699999984],[-46.218153699999959,-19.741374],[-46.170259499999986,-19.749034699999982],[-46.158044799999971,-19.732031600000028],[-46.174434899999937,-19.701389100000029],[-46.1347427,-19.688077599999986],[-46.117317799999967,-19.662258599999973],[-46.0672222,-19.649472399999922],[-46.067070899999976,-19.632639799999936],[-46.107505599999968,-19.611933],[-46.102858499999968,-19.57434539999997],[-46.139520899999923,-19.553488500000014],[-46.106136399999912,-19.529295400000024],[-46.1289918,-19.502997900000025],[-46.106372099999987,-19.46794490000002],[-46.129950299999962,-19.461200800000029],[-46.1556642,-19.42337550000002],[-46.1553687,-19.394361],[-46.120980399999951,-19.366962499999943],[-46.1550588,-19.3201467],[-46.147097499999973,-19.284526200000016],[-46.159860799999933,-19.26486129999995],[-46.125693699999943,-19.1826491],[-46.1402117,-19.18044279999998],[-46.165613899999983,-19.091403899999932],[-46.224805399999923,-19.074995599999966],[-46.215892899999972,-19.044587599999943],[-46.2381974,-19.004774],[-46.268130699999972,-18.996907099999873],[-46.27097189999995,-18.976688200000012],[-46.298973600000011,-18.9592348],[-46.301726499999972,-18.895722],[-46.2764416,-18.8598278],[-46.245654299999956,-18.857386499999961],[-46.237951599999974,-18.842205200000024],[-46.249257399999919,-18.83608769999995],[-46.251605699999971,-18.79665],[-46.2951043,-18.800482299999942],[-46.289184899999952,-18.770939899999973],[-46.302347499999939,-18.7538149],[-46.2825277,-18.717708399999935],[-46.3070712,-18.676560900000027],[-46.304034099999967,-18.6535874],[-46.351595,-18.6327013],[-46.340150900000026,-18.600418199999979],[-46.358741799999962,-18.565599799999916],[-46.356812599999955,-18.5070677],[-46.3762663,-18.4422154],[-46.397974199999965,-18.433486],[-46.400152600000013,-18.415431099999978],[-46.41971,-18.419003],[-46.426179600000012,-18.3572234],[-46.453801899999917,-18.3663563],[-46.4760693,-18.349490899999978],[-46.497499899999923,-18.353181100000029],[-46.497369399999968,-18.3349902],[-46.5110173,-18.338370199999986],[-46.542061399999966,-18.3094471],[-46.539933099999985,-18.256910800000014],[-46.58387,-18.2524793],[-46.599557099999913,-18.21529019999997],[-46.661532599999987,-18.216376099999934],[-46.689915699999972,-18.199936299999933],[-46.69758,-18.218141800000012],[-46.7295803,-18.224206999999865],[-46.726721,-18.199074100000018],[-46.764932599999952,-18.187103799999988],[-46.87987059999989,-18.239831900000013],[-46.8773385,-18.209566299999949],[-46.907540499999925,-18.2230687],[-46.920502399999918,-18.192261399999893],[-46.948688800000014,-18.198322299999973],[-46.973411,-18.229744199999971],[-46.993374199999892,-18.2244907],[-47.006121499999892,-18.195024100000012],[-47.0352057,-18.213437599999907],[-47.085508,-18.207979099999989],[-47.1020656,-18.146663],[-47.0890867,-18.114934099999971],[-47.123934899999881,-18.0659043],[-47.114271699999961,-18.04216109999993],[-47.122207799999956,-18.03429199999988],[-47.1504991,-18.049814499999911],[-47.15438180000001,-18.017158199999926],[-47.174893399999917,-17.999209800000017],[-47.15935810000002,-17.971501299999943],[-47.148904399999878,-17.884306],[-47.165156599999989,-17.849301500000024],[-47.185325599999942,-17.84228730000001],[-47.1610432,-17.790792199999942],[-47.188282500000014,-17.672833699999956],[-47.152776,-17.63633],[-47.136758099999952,-17.5655008],[-47.1038886,-17.538837799999953],[-47.119586,-17.466923299999962],[-47.147436,-17.428790799999945],[-47.2079986,-17.392464099999984],[-47.188700299999937,-17.350051299999905],[-47.225538099999937,-17.295412],[-47.214295600000014,-17.237666899999965],[-47.223925999999892,-17.215423499999929],[-47.279692099999977,-17.183177599999965],[-47.284864599999935,-17.1616391],[-47.255647399999873,-17.122822599999949],[-47.191963899999962,-17.110407399999986],[-47.16089,-17.089101799999924],[-47.146868199999972,-17.086532],[-47.1213247,-17.112194100000011],[-47.101767099999961,-17.108661699999971],[-47.076784599999883,-17.0724232],[-47.0454383,-17.063198499999942],[-47.023785199999963,-17.0349157],[-47.0114623,-17.01040409999996],[-47.0148734,-16.954862400000025],[-47.094773099999941,-16.905053899999984],[-47.102813299999923,-16.868821199999957],[-47.052766799999915,-16.837784699999986],[-47.033690200000024,-16.810614699999974],[-47.047075899999982,-16.796804899999984],[-47.006547300000022,-16.76518],[-47.004177099999936,-16.724975499999971],[-46.989071799999977,-16.7244],[-46.984971700000017,-16.707046899999966],[-47.0256362,-16.676270599999953],[-47.01154630000002,-16.662890299999958],[-47.015998199999956,-16.638710799999956],[-47.061681099999987,-16.637824899999941],[-47.072775799999931,-16.62330129999998],[-47.0603686,-16.56147],[-47.093600199999969,-16.538921599999981],[-47.070636,-16.476693499999953],[-47.053764,-16.466980200000023],[-47.086969199999942,-16.4161651],[-47.1150796,-16.414364699999965],[-47.121849699999927,-16.383917900000029],[-47.147725199999911,-16.367669099999944],[-47.163759799999866,-16.376144],[-47.1984723,-16.363750399999901],[-47.204124799999931,-16.343518099999983],[-47.249029599999972,-16.3080918],[-47.326141899999925,-16.307216400000016],[-47.336568899999975,-16.284450900000024],[-47.373441799999966,-16.262556300000028],[-47.395709299999965,-16.268230500000016],[-47.46258749999987,-16.2324491],[-47.489764799999932,-16.119980699999928],[-47.5293507,-16.07605209999997],[-47.52189879999986,-16.0576974],[-47.539595,-16.028349699999922],[-47.593341499999951,-15.964876100000026],[-47.645345199999895,-15.79233720000002],[-47.6076223,-15.78444380000002],[-47.618965899999978,-15.74057160000001],[-47.600542599999983,-15.719870899999989],[-47.55157509999998,-15.709958699999959],[-47.490413400000023,-15.663329799999929],[-47.491438099999982,-15.5997951],[-47.46298,-15.562843199999975],[-47.464328500000022,-15.50686479999996],[-47.401995399999976,-15.521456600000022],[-47.3739736,-15.54839979999997],[-47.331242299999985,-15.524343400000021],[-47.302868899999964,-15.5296199],[-47.239296200000013,-15.57068750000002],[-47.246006,-15.5390491],[-47.210429200000021,-15.549551],[-47.193024900000012,-15.545305400000018],[-47.1861697,-15.526072099999965],[-47.146707699999922,-15.531315499999948],[-47.172284099999956,-15.486996099999942],[-47.126114299999983,-15.479769],[-47.08335,-15.492902899999933],[-47.048524699999973,-15.476416499999971],[-47.014274099999966,-15.493108899999925],[-46.9911555,-15.478275],[-46.9587965,-15.436428],[-46.9645706,-15.3771074],[-46.948972899999944,-15.3232471],[-46.87006909999991,-15.2930743],[-46.890076899999883,-15.2785278],[-46.88813279999988,-15.235634199999936],[-46.9267843,-15.2530863],[-46.938953999999853,-15.2285799],[-46.936535799999945,-15.199840399999971],[-46.8833093,-15.11268489999992],[-46.928552200000013,-15.057081299999936],[-46.891794199999936,-15.0286754],[-46.8502866,-15.008503699999949],[-46.786952699999972,-15.012472800000012],[-46.6278671,-15.089220899999987],[-46.572628,-15.082847300000026],[-46.515525200000013,-15.049867299999903],[-46.509089099999926,-15.033177599999931],[-46.532437599999923,-14.997809599999925],[-46.517304399999944,-14.979989699999976],[-46.5529209,-14.930374699999959],[-46.552891100000011,-14.898869600000012],[-46.532918799999948,-14.886784],[-46.526035599999943,-14.859884099999931],[-46.535729899999922,-14.831790899999987],[-46.564047699999946,-14.822225199999934],[-46.571282199999985,-14.793336499999953],[-46.545945299999971,-14.779610100000014],[-46.5393803,-14.746280999999897],[-46.514332199999956,-14.742692399999896],[-46.501592800000026,-14.708852599999943],[-46.489343,-14.7181592],[-46.471629,-14.700755],[-46.435976200000027,-14.75455809999994],[-46.398623900000018,-14.762584199999935],[-46.319546899999978,-14.816691499999934],[-46.323315299999933,-14.846122699999967],[-46.302120699999989,-14.863865499999974],[-46.31850819999994,-14.9020842],[-46.290678199999945,-14.905687],[-46.2841755,-14.92815209999992],[-46.2330513,-14.92190770000002],[-46.223370899999964,-14.9429313],[-46.178302599999938,-14.949734],[-46.164267,-14.912985],[-46.086596400000019,-14.936044599999946],[-46.022698599999899,-14.857144600000026],[-46.040112,-14.826263299999937],[-46.018414800000016,-14.819152799999927],[-45.999401199999966,-14.7858604],[-46.000618799999984,-14.706405899999936],[-46.023934399999916,-14.680429600000025],[-46.019868,-14.666409900000019],[-45.990034399999956,-14.662742],[-45.978879299999903,-14.6240168],[-45.991698099999951,-14.554863599999862],[-45.975380399999949,-14.53782990000002],[-46.0040467,-14.517110800000012],[-45.992581399999949,-14.493286499999897],[-46.018438599999854,-14.473743599999921],[-45.999783399999956,-14.446549899999923],[-46.008313799999939,-14.426972799999987],[-45.9754024,-14.4353269],[-45.933008700000016,-14.411285599999985],[-45.907192399999929,-14.366840500000023],[-45.914537699999983,-14.344942399999923],[-45.941444299999944,-14.3436451],[-45.956864799999892,-14.322037499999965],[-45.963843600000018,-14.281352],[-45.995908299999883,-14.275951],[-45.991256899999939,-14.255833100000018],[-46.005081,-14.24864639999987],[-46.026343600000018,-14.261095],[-46.060511799999972,-14.233350500000029],[-46.057442400000014,-14.193655599999943],[-46.0981946,-14.203629999999862],[-46.129993599999978,-14.1458854],[-46.156284099999937,-14.160113200000012],[-46.187524899999971,-14.154484799999977],[-46.184432099999867,-14.142272100000014],[-46.2279514,-14.0918327],[-46.225628099999881,-14.045640699999979],[-46.20893860000001,-14.016272899999933],[-46.2230361,-14.004765],[-46.218173899999954,-13.973108599999989],[-46.2493111,-13.967009800000028],[-46.268854,-13.938156],[-46.232376400000021,-13.846954700000026],[-46.245339,-13.8288862],[-46.2727274,-13.8279288],[-46.264306499999861,-13.8058062],[-46.2804961,-13.794648199999983],[-46.2232755,-13.765776099999925],[-46.261653,-13.734417599999972],[-46.234629700000028,-13.709791],[-46.251773,-13.682123900000022],[-46.1647764,-13.5923922],[-46.200765100000012,-13.568775599999981],[-46.2408759,-13.576204699999948],[-46.243630600000017,-13.525330899999972],[-46.223082299999987,-13.4939769],[-46.231686200000013,-13.481402899999978],[-46.201981900000021,-13.460970799999984],[-46.247776699999974,-13.429856299999926],[-46.138512399999968,-13.37882929999995],[-46.05956029999993,-13.30835639999998],[-46.0452077,-13.274398299999973],[-46.0704778,-13.259579200000019],[-46.1029737,-13.276195200000018],[-46.140538799999945,-13.267689],[-46.2926751,-13.316744799999924],[-46.316793599999983,-13.303471499999944],[-46.297419699999978,-13.281180399999982],[-46.299770499999966,-13.253793200000018],[-46.324261700000022,-13.246239],[-46.30264360000001,-13.203448900000012],[-46.3119309,-13.179736999999875],[-46.294938099999911,-13.143641],[-46.328383199999962,-13.097752299999968],[-46.283139899999924,-13.053469899999925],[-46.275971899999945,-13.019583399999988],[-46.192660699999919,-13.000254],[-46.125498100000016,-12.960614299999975],[-46.1041581,-12.928001699999982],[-46.117970899999989,-12.909771200000023],[-46.141712199999972,-12.90882339999996],[-46.225570100000027,-12.922195199999919],[-46.243064299999958,-12.937358299999971],[-46.282695600000011,-12.930164400000024],[-46.29410079999991,-12.9134095],[-46.282968499999924,-12.879785099999935],[-46.296192599999983,-12.862896199999909],[-46.2638349,-12.833499499999959],[-46.2847845,-12.7834638],[-46.27313620000001,-12.779415],[-46.281227,-12.7546792],[-46.2631455,-12.719789299999945],[-46.2911651,-12.69405740000002],[-46.264902899999981,-12.680365799999947],[-46.254763,-12.6551058],[-46.284740399999919,-12.633135799999934],[-46.2770028,-12.587122699999952],[-46.243810199999984,-12.5466515],[-46.148917900000015,-12.513903200000016],[-46.1571993,-12.471571899999958],[-46.25272769999998,-12.489167099999975],[-46.249387699999943,-12.418526],[-46.289522,-12.395064199999979],[-46.291883599999949,-12.36146569999994],[-46.330967999999871,-12.352883299999917],[-46.337972900000011,-12.299034300000017],[-46.372521099999915,-12.284600099999977],[-46.362488499999927,-12.263454399999887],[-46.377140899999972,-12.244403899999895],[-46.359755899999982,-12.235558099999935],[-46.38253149999997,-12.163607399999989],[-46.358950400000026,-12.117054],[-46.37040479999996,-12.066781699999979],[-46.354245399999911,-12.0376756],[-46.327227900000025,-12.035968099999934],[-46.2816575,-12.0549213],[-46.263530599999967,-12.040952299999958],[-46.241324899999938,-12.062576199999967],[-46.235994800000014,-12.026747899999918],[-46.194380099999989,-12.003121399999941],[-46.1397,-11.9323794],[-46.156846299999927,-11.874637299999904],[-46.225515200000018,-11.826391600000022],[-46.275932399999988,-11.846145399999955],[-46.286738,-11.827526499999976],[-46.32597729999992,-11.850697],[-46.314883,-11.783601899999951],[-46.3605859,-11.751514499999985],[-46.311639899999989,-11.725432199999943],[-46.305708699999968,-11.674739199999919],[-46.332730299999923,-11.633686399999931],[-46.316925199999957,-11.615993300000014],[-46.272589299999936,-11.63095770000001],[-46.278691499999923,-11.641112],[-46.254950399999871,-11.66230059999998],[-46.1756077,-11.679487399999857],[-46.1351072,-11.6776944],[-46.131097300000022,-11.653505],[-46.103414,-11.653912899999966],[-46.105342399999984,-11.6335365],[-46.087957099999983,-11.620346400000017],[-46.10139149999992,-11.58207440000001],[-46.148441599999956,-11.5360814],[-46.167913999999882,-11.540813300000025],[-46.1803911,-11.572880399999917],[-46.200415299999918,-11.5839982],[-46.207146399999942,-11.551894399999924],[-46.2315125,-11.536883],[-46.294861499999968,-11.518276],[-46.3105986,-11.500247399999921],[-46.345290499999976,-11.503346099999987],[-46.364230299999974,-11.442956200000026],[-46.401984200000015,-11.442473799999959],[-46.418683699999917,-11.459513699999945],[-46.4658604,-11.455630799999938],[-46.4742003,-11.412860399999886],[-46.524054299999989,-11.392483199999958],[-46.5660921,-11.431253599999934],[-46.5802789,-11.409039699999937],[-46.55518549999988,-11.374323599999968],[-46.611134099999902,-11.355589899999984],[-46.602807199999972,-11.3417629],[-46.619381499999974,-11.294525799999917],[-46.608841199999972,-11.253724799999986],[-46.501326599999913,-11.171290799999895],[-46.4790875999999,-11.1392348],[-46.482365299999913,-11.114763499999924],[-46.436774,-11.07793479999998],[-46.389637799999889,-11.061317],[-46.357981100000018,-11.026598799999931],[-46.367526599999962,-11.0074457],[-46.350179299999922,-10.97203380000002],[-46.286534099999983,-10.9241864],[-46.299034,-10.876240100000018],[-46.2334682,-10.81845729999992],[-46.216737,-10.718269299999974],[-46.185412699999915,-10.7135118],[-46.173396299999979,-10.696803199999977],[-46.192876800000022,-10.651781500000027],[-46.1706496,-10.6221612],[-46.1506167,-10.628422],[-46.064536399999895,-10.604495],[-46.023053300000015,-10.55290530000002],[-45.978789799999959,-10.52951250000001],[-45.952659899999958,-10.537410799999975],[-45.8885578,-10.452380899999923],[-45.8265616,-10.436062799999945],[-45.840486299999952,-10.383528800000022],[-45.877282799999932,-10.401114099999859],[-45.9083526,-10.380845299999976],[-45.895392,-10.341689199999962],[-45.913659699999982,-10.323919499999988],[-45.9082077,-10.272019600000021],[-45.88044409999992,-10.248572799999977],[-45.825273,-10.266392600000017],[-45.794485,-10.249163300000021],[-45.7751983,-10.264546899999971],[-45.720914,-10.221489499999961],[-45.722209199999895,-10.190235599999937],[-45.707085,-10.182927899999981],[-45.682502899999861,-10.1990063],[-45.6370877,-10.169872599999962],[-45.612084599999946,-10.1829047],[-45.586711299999934,-10.228392699999972],[-45.550667099999885,-10.222212599999864],[-45.558576099999868,-10.264667700000018],[-45.540563500000019,-10.3065327],[-45.434876,-10.340301199999885],[-45.473338,-10.423120900000015],[-45.453842799999961,-10.450827699999934],[-45.408053399999972,-10.453712199999927],[-45.441620399999977,-10.483375499999909],[-45.432656599999916,-10.5248434],[-45.450224,-10.5426195],[-45.450371299999972,-10.602707899999984],[-45.403511499999922,-10.629132899999888],[-45.39580060000003,-10.659630199999924],[-45.355791499999953,-10.688594099999932],[-45.3434719,-10.7512501],[-45.274301699999967,-10.75973069999992],[-45.260696100000018,-10.8079103],[-45.219034299999919,-10.817361799999958],[-45.215628299999935,-10.8314476],[-45.110223099999985,-10.843069599999978],[-45.075139900000011,-10.8345771],[-45.0203454,-10.879361899999935],[-44.975408499999901,-10.888474299999928],[-44.932599899999957,-10.928410499999984],[-44.856853399999977,-10.877344900000026],[-44.8404051,-10.8901399],[-44.806903,-10.8698713],[-44.80086979999993,-10.823157799999933],[-44.751468699999862,-10.782162299999982],[-44.7189876,-10.7683515],[-44.706518500000016,-10.776248899999985],[-44.700127399999928,-10.76263419999998],[-44.681336,-10.7803422],[-44.663621700000022,-10.7359846],[-44.674016199999983,-10.666803499999958],[-44.66023169999994,-10.680835199999933],[-44.63284189999996,-10.675206],[-44.570598699999948,-10.622364100000027],[-44.51125,-10.654017099999919],[-44.479448599999955,-10.637342699999977],[-44.445964099999856,-10.593750499999942],[-44.424055899999928,-10.6228696],[-44.340694099999951,-10.538194499999975],[-44.320694099999912,-10.537639],[-44.281527499999868,-10.567639],[-44.292640099999971,-10.587072200000023],[-44.261247200000014,-10.62209329999996],[-44.213892299999941,-10.613032799999928],[-44.1801843,-10.6290143],[-44.161807699999883,-10.655705399999988],[-44.136678199999949,-10.641680099999917],[-44.105556399999955,-10.595385399999941],[-44.107244900000012,-10.577369299999987],[-44.077368,-10.572917800000027],[-44.0541776,-10.54010089999997],[-44.0665672,-10.505881699999918],[-44.0854273,-10.494584299999985],[-44.026805299999978,-10.456250099999977],[-44.0467961,-10.421710799999971],[-44.037718,-10.3970493],[-43.91903149999996,-10.4236477],[-43.915679,-10.383864299999971],[-43.895008599999983,-10.346132199999886],[-43.878486299999906,-10.342272099999889],[-43.878287100000023,-10.3224305],[-43.828479099999868,-10.3015363],[-43.835412,-10.277084299999956],[-43.86041640000002,-10.2656945],[-43.802717099999938,-10.219352800000024],[-43.7799498,-10.171031599999935],[-43.735683699999981,-10.151530499999978],[-43.774583,-10.087350099999981],[-43.750659199999973,-10.071932300000014],[-43.690417799999921,-10.077633100000014],[-43.687936900000011,-10.044801599999971],[-43.659405900000024,-10.005868299999975],[-43.703430399999945,-9.9670729],[-43.6872093,-9.93976159999994],[-43.71003879999995,-9.912983699999984],[-43.696086,-9.8897493],[-43.680263399999944,-9.8897197],[-43.6676347,-9.844038],[-43.650151799999946,-9.8368],[-43.675534599999935,-9.814446799999928],[-43.722886699999947,-9.801646600000026],[-43.722911499999952,-9.7837606],[-43.753490399999976,-9.7845936],[-43.788429899999983,-9.749639599999966],[-43.799477499999966,-9.727801699999929],[-43.787916799999891,-9.706520099999977],[-43.844781,-9.639235499999927],[-43.832458299999928,-9.6211495],[-43.8478771,-9.545852500000024],[-43.8253851,-9.503658799999982],[-43.769397399999946,-9.463643799999943],[-43.7590199,-9.4300154],[-43.69068679999998,-9.419582499999933],[-43.6275422,-9.378852600000016],[-43.596773499999983,-9.309804699999916],[-43.577544799999885,-9.298820299999932],[-43.542416800000012,-9.305637799999943],[-43.457360699999924,-9.2237381],[-43.433324499999969,-9.239836399999945],[-43.425162099999909,-9.277525099999934],[-43.3955014,-9.307334],[-43.39141989999996,-9.344474400000024],[-43.3610928,-9.3717345],[-43.3040315,-9.390568799999983],[-43.281267499999956,-9.429421399999967],[-43.21680520000001,-9.402361199999916],[-43.190138600000012,-9.432639],[-43.1614588,-9.372035399999959],[-43.145427499999983,-9.367639699999984],[-43.115903,-9.426333],[-43.1070691,-9.4214159],[-43.117916400000013,-9.370694499999956],[-43.0764254,-9.399157299999956],[-43.057720099999983,-9.389405599999918],[-43.057360799999969,-9.415138999999897],[-43.000358899999867,-9.401347499999986],[-42.981422299999963,-9.4206084],[-42.966748399999972,-9.4158506],[-42.9508882,-9.439271599999984],[-42.9607426,-9.456823199999974],[-42.9532969,-9.509126099999889],[-42.929605899999899,-9.527452799999935],[-42.896819199999982,-9.521259199999974],[-42.897788399999968,-9.5526827],[-42.879289299999925,-9.551449799999943],[-42.876571099999978,-9.5652035],[-42.836796,-9.536530799999923],[-42.822082499999965,-9.614591299999915],[-42.785945,-9.632998499999985],[-42.757345199999918,-9.6075209],[-42.745690599999989,-9.5706836],[-42.7143413,-9.554944999999861],[-42.717826499999887,-9.530647199999919],[-42.667122800000016,-9.550305400000013],[-42.635317499999928,-9.532503299999917],[-42.623460799999918,-9.542084499999987],[-42.589620299999922,-9.4977288],[-42.487484399999914,-9.493213899999944],[-42.486420299999963,-9.4603007],[-42.4536114,-9.465359099999944],[-42.433760899999982,-9.4529119],[-42.417461899999978,-9.408220399999948],[-42.35555,-9.375971499999935],[-42.3530402,-9.346543699999927],[-42.231974399999956,-9.2841285],[-42.142916300000024,-9.295416699999976],[-42.138188799999966,-9.281485299999872],[-42.097350300000016,-9.280967899999951],[-42.06014620000002,-9.25541729999992],[-42.02180519999996,-9.247639],[-41.9963957,-9.2618857],[-41.98180519999994,-9.249027899999987],[-41.953869600000019,-9.251954099999978],[-41.953282399999864,-9.245329700000013],[-41.9487722,-9.238040399999932],[-41.95291629999997,-9.252916699999957],[-41.927136799999971,-9.281338399999981],[-41.909920299999953,-9.280285299999946],[-41.9062002,-9.255187799999931],[-41.867729,-9.252462200000025],[-41.83485259999992,-9.2818057],[-41.824925499999949,-9.2550008],[-41.832492,-9.1955089],[-41.8011062,-9.167509699999982],[-41.78734959999997,-9.1262451],[-41.734359599999891,-9.09674339999998],[-41.725788500000021,-9.025056899999981],[-41.7414071,-9.001524699999948],[-41.723718,-9.0141805],[-41.68135129999996,-9.013248299999987],[-41.669325299999969,-8.985794599999963],[-41.629200799999978,-8.984273],[-41.603461,-8.95625],[-41.571443899999963,-8.954701600000021],[-41.564865199999929,-8.9695931],[-41.544015799999954,-8.962082399999929],[-41.545038299999987,-8.934404599999937],[-41.506526300000019,-8.889868],[-41.512864499999978,-8.875474399999973],[-41.451342699999941,-8.816711899999973],[-41.457162499999924,-8.79673809999997],[-41.4351532,-8.783727899999974],[-41.419290100000012,-8.796436700000015],[-41.3896552,-8.732810200000017],[-41.391260400000021,-8.705971799999929],[-41.3356217,-8.709001100000023],[-41.288473399999987,-8.6590165],[-41.265970399999958,-8.66373870000001],[-41.267241,-8.649002],[-41.249071299999969,-8.638079300000015],[-41.2557213,-8.621314900000016],[-41.214977799999929,-8.627245500000015],[-41.212353300000018,-8.600416699999982],[-41.166705499999921,-8.582049400000017],[-41.148724399999935,-8.533351499999981],[-41.09503159999997,-8.519001800000012],[-41.0834666,-8.473194099999944],[-41.050972600000023,-8.480145499999935],[-41.04236329999992,-8.433481599999936],[-41.007830399999932,-8.419393699999944],[-41.0033305,-8.402859799999987],[-40.976193899999942,-8.399005299999942],[-40.9262511,-8.448187599999926],[-40.901520199999936,-8.422917799999937],[-40.896249699999942,-8.354861199999959],[-40.870816399999967,-8.356546700000024],[-40.8564495,-8.379494499999964],[-40.825891899999988,-8.378296799999987],[-40.820138199999917,-8.322653099999968],[-40.790706600000021,-8.3201446],[-40.778482699999984,-8.30069409999993],[-40.782329,-8.25300390000001],[-40.709039299999915,-8.225688099999957],[-40.69573429999997,-8.186777499999948],[-40.675595,-8.185959500000024],[-40.664584600000012,-8.159867799999915],[-40.642349199999956,-8.156803699999955],[-40.643183,-8.13763739999996],[-40.601260599999932,-8.150139599999875],[-40.589509699999951,-8.133442600000024],[-40.600421099999949,-8.082071499999984],[-40.577241899999933,-8.041169599999989],[-40.57530909999997,-8.003021600000011],[-40.543205599999908,-7.965988400000015],[-40.535427799999923,-7.91457680000002],[-40.5593505,-7.902558499999941],[-40.566257,-7.880973199999914],[-40.51866,-7.832333299999959],[-40.522638599999937,-7.790694499999972],[-40.575122,-7.76750439999995],[-40.670970399999931,-7.782927699999959],[-40.6740314,-7.712567799999988],[-40.6437646,-7.6741723],[-40.637166200000024,-7.619315499999971],[-40.610929599999963,-7.598755499999982],[-40.617916299999933,-7.583472299999926],[-40.632871099999988,-7.596505900000011],[-40.672151299999939,-7.566987599999948],[-40.729822999999897,-7.495898499999953],[-40.673265500000014,-7.4146965],[-40.609862599999985,-7.433479799999986],[-40.564731,-7.404010899999946],[-40.516091800000027,-7.3137726],[-40.477532,-7.319465599999944],[-40.408366499999943,-7.405934],[-40.311468,-7.3201606],[-40.298668,-7.289650499999937],[-40.2313959,-7.3057078],[-40.211986099999933,-7.338313],[-40.174992599999939,-7.362912599999959],[-40.1149747,-7.361517399999968],[-40.06006560000003,-7.3265328],[-40.041843700000015,-7.331621],[-40.0226781,-7.372754799999939],[-39.985761699999898,-7.353373799999929],[-39.9728915,-7.3191761],[-39.921286899999984,-7.298978299999987],[-39.924476899999945,-7.285299599999917],[-39.9033389,-7.268592799999965],[-39.888583499999925,-7.279505],[-39.8533228,-7.27043],[-39.831268599999987,-7.2918191],[-39.8288771,-7.31493949999998],[-39.812036199999966,-7.31457690000002],[-39.797183500000017,-7.35760369999997],[-39.759691099999941,-7.369695299999989],[-39.721626599999865,-7.407755599999916],[-39.6931045,-7.4100568],[-39.635098199999902,-7.4794061],[-39.6116788,-7.4833178],[-39.581886699999927,-7.465764200000024],[-39.5622333,-7.491957099999979],[-39.488872299999969,-7.528053499999942],[-39.469872399999986,-7.57236219999993],[-39.434911799999952,-7.5731055],[-39.419577600000025,-7.6023596],[-39.371865800000023,-7.6112124],[-39.304945499999917,-7.6647896],[-39.269853599999976,-7.660416600000019],[-39.251255599999922,-7.68062070000002],[-39.250960299999917,-7.705695699999922],[-39.21033460000001,-7.686148],[-39.107029800000021,-7.742341099999919],[-39.086244799999974,-7.810429599999964],[-39.093700099999978,-7.858004199999982],[-39.055871799999977,-7.818711599999972],[-39.030538399999898,-7.8270579],[-39.014605599999925,-7.809758699999975],[-38.983471399999928,-7.859313499999985],[-38.94561010000001,-7.810644099999934],[-38.93930749999987,-7.7526322],[-38.912923099999944,-7.7401372],[-38.88013849999993,-7.7498612],[-38.871191699999883,-7.711572],[-38.8205865,-7.711898599999984],[-38.82013760000001,-7.664315],[-38.744920399999955,-7.656537800000024],[-38.720527100000027,-7.62522389999998],[-38.686497899999893,-7.634381099999928],[-38.657638500000019,-7.662916699999869],[-38.6579284,-7.683478200000025],[-38.596496599999966,-7.6857367],[-38.594417,-7.75290519999993],[-38.562123399999962,-7.733806],[-38.554312499999924,-7.752084199999956],[-38.492075600000021,-7.750970799999948],[-38.492071,-7.736274499999979],[-38.455095699999958,-7.71587749999992],[-38.419434,-7.731260099999929],[-38.3543052,-7.680416700000023],[-38.3469202,-7.695679599999949],[-38.320416,-7.696522300000026],[-38.303737800000022,-7.7487516],[-38.314571299999955,-7.766601799999989],[-38.300802899999951,-7.764285799999925],[-38.293473899999981,-7.820132199999932],[-38.276511299999981,-7.837235],[-38.235416199999975,-7.832646099999977],[-38.218480099999965,-7.807639100000017],[-38.1969095,-7.820869],[-38.178080699999953,-7.786910499999976],[-38.1548709,-7.780352599999958],[-38.118181999999877,-7.806529599999976],[-38.116803899999979,-7.825133100000016],[-38.074294299999906,-7.837639599999989],[-38.061805,-7.819036],[-38.075419,-7.786794499999985],[-38.047915900000021,-7.747927399999924],[-37.967349,-7.7784737],[-37.921535899999924,-7.712919],[-37.89319260000002,-7.712077399999941],[-37.900475099999937,-7.6920359],[-37.852058399999976,-7.647523200000023],[-37.81097189999997,-7.6443056],[-37.788893899999948,-7.625146399999949],[-37.760694100000023,-7.668750099999954],[-37.741388499999971,-7.657576800000015],[-37.738625799999909,-7.633990599999947],[-37.75493,-7.619313099999943],[-37.729794199999958,-7.580493499999932],[-37.683317199999976,-7.5591786],[-37.685322900000017,-7.539526],[-37.660423900000012,-7.5201396],[-37.622115099999974,-7.528023799999971],[-37.6095944,-7.506528099999912],[-37.532086400000026,-7.471516599999916],[-37.511798599999963,-7.436525500000016],[-37.518745500000023,-7.423466899999937],[-37.486578,-7.395033399999932],[-37.4939756,-7.363495599999965],[-37.426238899999873,-7.351527],[-37.413765799999908,-7.365835],[-37.3472721,-7.3465031],[-37.359581400000025,-7.320145499999967],[-37.3456941,-7.288194499999918],[-37.227086499999928,-7.273183699999947],[-37.173189700000023,-7.313461299999915],[-37.16927069999997,-7.334811099999968],[-37.086248899999987,-7.356813199999976],[-37.067359199999942,-7.383762],[-37.049122,-7.374320199999943],[-37.023750299999961,-7.384038499999974],[-37.0120822,-7.402927899999952],[-37.027567,-7.421874299999956],[-37.009307400000012,-7.422372399999972],[-37.022816499999976,-7.439211699999987],[-36.9818052,-7.482638899999927],[-37.08734329999993,-7.514734099999941],[-37.1729163,-7.575138900000013],[-37.197638499999925,-7.652083399999867],[-37.149584599999969,-7.702645],[-37.149582,-7.78153930000002],[-37.170782099999883,-7.802859399999932],[-37.1910848,-7.789924499999984],[-37.229860499999972,-7.8062607],[-37.221535899999878,-7.837362699999971],[-37.24953679999993,-7.854771599999935],[-37.244582700000024,-7.872909499999935],[-37.308758399999988,-7.908204],[-37.3087499,-7.93318720000002],[-37.3465268,-7.9473726],[-37.356118400000014,-7.972930099999985],[-37.321527399999979,-7.978194499999915],[-37.2975591,-7.9633187],[-37.225334299999986,-7.9740926],[-37.2080805,-7.951794300000017],[-37.191171,-7.957945299999949],[-37.185856,-7.988576299999863],[-37.149032,-8.012211],[-37.158519399999989,-8.050958400000013],[-37.14073789999992,-8.117980499999987],[-37.1636054,-8.16030619999998],[-37.149808600000028,-8.176895699999989],[-37.1187574,-8.179987099999948],[-37.145732299999906,-8.224791],[-37.12176809999994,-8.243389399999955],[-37.080695199999923,-8.220150299999887],[-37.066102299999955,-8.23224],[-37.081363399999873,-8.246929],[-37.078537400000016,-8.267579799999965],[-37.037360799999988,-8.257361199999934],[-37.02265060000002,-8.290978699999982],[-37.042083,-8.332361199999923],[-37.019834,-8.3630296],[-36.998188199999959,-8.3515635],[-36.9845727,-8.367079999999874],[-36.9587553,-8.3520843],[-36.914726299999984,-8.36093029999995],[-36.8870832,-8.337909299999978],[-36.869859899999938,-8.349313],[-36.846019,-8.332718600000021],[-36.76565329999994,-8.326984699999969],[-36.7360311,-8.310208],[-36.699298099999965,-8.3223605],[-36.6779444,-8.311466100000018],[-36.648035100000016,-8.326942699999961],[-36.649868700000013,-8.3623614],[-36.621298799999863,-8.37618909999992],[-36.618155799999954,-8.421131899999978],[-36.663466099999937,-8.430566399999975],[-36.676516399999969,-8.4604109],[-36.718956699999978,-8.471811],[-36.785138500000016,-8.598750100000018],[-36.728748599999903,-8.601515899999981],[-36.723876899999937,-8.653653099999872],[-36.697082599999987,-8.665131599999938],[-36.70299030000001,-8.736354399999982],[-36.66236,-8.745149700000013],[-36.732916499999874,-8.8220728],[-36.728193200000021,-8.8520762],[-36.710603100000014,-8.864605899999958],[-36.7093544,-8.920568600000024],[-36.694304599999953,-8.911797899999954],[-36.664304099999981,-8.935960799999975],[-36.6336205,-8.936537499999929],[-36.625820299999873,-8.9654827],[-36.6334776,-8.99931620000001],[-36.66613179999996,-8.991801],[-36.696838099999979,-9.017884199999969],[-36.741589799999929,-9.096323],[-36.736651199999983,-9.132555200000013],[-36.7519782,-9.183367],[-36.714685499999916,-9.203293199999962],[-36.705229,-9.2445277],[-36.683078099999932,-9.250536599999975],[-36.701597699999979,-9.302066399999944],[-36.690898599999969,-9.319512299999928],[-36.716518599999972,-9.340437899999927],[-36.727171499999884,-9.3765573],[-36.69125809999997,-9.475665],[-36.73385589999998,-9.524184900000023],[-36.7112472,-9.5951359],[-36.729383199999916,-9.610754199999974],[-36.7201225,-9.631137],[-36.731725099999949,-9.647704699999906],[-36.6760779,-9.718308],[-36.641288799999984,-9.726580799999965],[-36.645887099999925,-9.737166699999932],[-36.598457099999962,-9.773735499999987],[-36.5726421,-9.7522373],[-36.547681599999976,-9.75967270000001],[-36.53030259999997,-9.7842609],[-36.485636399999976,-9.794096399999944],[-36.473748499999942,-9.8145182],[-36.491449400000022,-9.845948799999974],[-36.490789599999971,-9.881017099999951],[-36.4770873,-9.907610599999941],[-36.425106199999959,-9.908440599999949],[-36.420508400000017,-9.9453203],[-36.3789362,-9.94378660000001],[-36.341137499999945,-9.995725900000025],[-36.303198499999951,-10.060396399999945],[-36.320404600000018,-10.087365699999964],[-36.302693199999965,-10.135232099999882],[-36.344731799999977,-10.206094600000029],[-36.3389029,-10.217881200000022],[-36.353742599999919,-10.225693299999989],[-36.354719699999919,-10.264576299999931],[-36.310126200000013,-10.2901415],[-36.336873899999887,-10.315388599999892],[-36.3129371,-10.353957799999989],[-36.378342,-10.429046299999925],[-36.394381399999929,-10.504056900000023],[-36.41790960000003,-10.4984738],[-36.439017400000012,-10.517757599999925],[-36.485305399999959,-10.519400299999973],[-36.4931027,-10.537038199999984],[-36.518844699999988,-10.54482239999993],[-36.565720899999974,-10.531503499999985],[-36.729755199999943,-10.641534],[-36.746449299999938,-10.6392462],[-36.747301799999946,-10.622912499999984],[-36.766228299999909,-10.627612099999908],[-36.758956,-10.639373299999932],[-36.856792,-10.617763299999922],[-36.883894899999916,-10.605537099999935],[-36.859314,-10.575130499999943],[-36.877483499999926,-10.5192384],[-36.8586464,-10.47571279999994],[-36.826239299999884,-10.4468109],[-36.844600699999944,-10.411647500000015],[-36.885778099999925,-10.380074599999944],[-36.903016400000013,-10.39472109999997],[-36.911889299999984,-10.376547800000026],[-36.971145599999943,-10.396840999999881],[-36.964872899999989,-10.365137100000027],[-36.990705699999921,-10.343748399999981],[-37.053792199999975,-10.3425206],[-37.071249599999987,-10.290972300000021],[-37.113135499999942,-10.2798113],[-37.1682063,-10.223465200000021],[-37.186805299999946,-10.217925],[-37.216320099999962,-10.242021499999964],[-37.292768099999989,-10.2369999],[-37.320973900000013,-10.2020943],[-37.3385437,-10.212318700000026],[-37.380893199999946,-10.198808299999939],[-37.4278473,-10.223956099999953],[-37.441753799999958,-10.212686099999985],[-37.4951926,-10.219929399999955],[-37.504640199999926,-10.23748809999995],[-37.511658899999873,-10.2104579],[-37.572406899999976,-10.193835700000022],[-37.610554899999954,-10.204526199999918],[-37.647253099999944,-10.191704499999901],[-37.6690274,-10.166805599999975],[-37.679625900000019,-10.17557069999998],[-37.698073399999942,-10.160541799999976],[-37.723477999999886,-10.164284],[-37.77452779999993,-10.1232582],[-37.791329799999971,-10.085673699999916],[-37.8242937,-10.0679161],[-37.8431941,-10.028194499999927],[-37.873028799999929,-10.01482169999997],[-37.884212199999865,-9.9835175],[-37.927634099999921,-9.9654071],[-37.961349499999869,-9.9698062],[-37.983881100000019,-9.917685800000015],[-38.025617099999977,-9.897673399999917],[-38.037487399999975,-9.897240099999976],[-38.049354,-9.927841099999966],[-38.076715,-9.90675490000001],[-38.109034899999926,-9.95874950000001],[-38.210701500000027,-9.9351398],[-38.213535,-9.8951849],[-38.265399199999933,-9.903072800000018],[-38.296467300000018,-9.936213099999975],[-38.34443269999997,-9.9088835],[-38.3629049,-9.88125],[-38.4143105,-9.927917799999989],[-38.442260200000021,-9.885809399999914],[-38.457901399999912,-9.892776500000025],[-38.4567169,-9.9079769],[-38.481256899999948,-9.899485599999934],[-38.480837299999962,-9.877092199999936],[-38.5206905,-9.811239499999942],[-38.555144700000028,-9.822907899999962],[-38.585594099999923,-9.744756],[-38.611204899999962,-9.763345],[-38.632071599999961,-9.810419599999989],[-38.650862299999972,-9.772499400000015],[-38.677789500000017,-9.783743],[-38.7387604,-9.77792089999997],[-38.729782699999987,-9.754774699999871],[-38.740969899999925,-9.710983399999975],[-38.780227199999956,-9.69318439999995],[-38.757778700000017,-9.64424369999989],[-38.7768079,-9.619297399999937],[-38.802609699999948,-9.6397111],[-38.8829283,-9.610134599999981],[-38.90157929999998,-9.630311099999972],[-38.9406937,-9.627921],[-38.944210099999964,-9.645674399999962],[-39.010138099999949,-9.668038200000012],[-39.090732099999968,-9.639751399999966],[-39.144316599999968,-9.653358],[-39.175137799999902,-9.636520599999983],[-39.2640164,-9.640695199999982],[-39.331801,-9.594310899999982],[-39.360374200000024,-9.61892],[-39.344511899999929,-9.636235499999941],[-39.35295960000002,-9.655656599999986],[-39.458306,-9.6602813],[-39.553449399999977,-9.734617899999989],[-39.6426391,-9.7292989],[-39.635140200000023,-9.80181239999996],[-39.6709343,-9.81827629999998],[-39.7160965,-9.8980745],[-39.742083299999933,-9.900146699999937],[-39.749468599999943,-9.954296299999953],[-39.765705,-9.967361399999959],[-39.7837374,-9.942081499999972],[-39.811796099999981,-9.941244900000015],[-39.798471899999981,-9.978472300000021],[-39.827136,-10.012689299999977],[-39.819916699999908,-10.039234099999931],[-39.842314099999896,-10.043694499999958],[-39.83902669999992,-10.0759799],[-39.86465039999996,-10.090732899999921],[-39.876262,-10.17430330000002],[-39.889316399999984,-10.169582499999876],[-39.889087599999982,-10.140490799999952],[-39.936593799999912,-10.1400395],[-39.987630700000011,-10.193488299999956],[-40.00597190000002,-10.1848612],[-40.026855099999921,-10.207099299999925],[-40.0821656,-10.2178422],[-40.105943700000012,-10.205423699999926],[-40.126949599999989,-10.237049399999989],[-40.139420899999948,-10.231499699999915],[-40.14654680000001,-10.18484049999995],[-40.163903399999981,-10.175261099999943],[-40.1874037,-10.192469399999936],[-40.20263940000001,-10.1787425],[-40.208215699999926,-10.210709699999882],[-40.2383506,-10.230801299999939],[-40.2462428,-10.261807],[-40.28257050000002,-10.2384386],[-40.312630300000023,-10.25291679999998],[-40.334902600000021,-10.228916200000015],[-40.360761199999956,-10.235640199999921],[-40.396977599999957,-10.214307299999916],[-40.418848299999979,-10.234487300000012],[-40.440949099999955,-10.282182299999988],[-40.427333699999963,-10.3543694],[-40.462195899999926,-10.401985700000012],[-40.4659696,-10.462927],[-40.49253189999996,-10.477128199999925],[-40.485772900000029,-10.498665],[-40.509679599999913,-10.54825459999995],[-40.5052129,-10.613139900000021],[-40.521250800000018,-10.6326378],[-40.558151,-10.639050499999883],[-40.555415899999957,-10.669034899999929],[-40.577425799999958,-10.667902599999934],[-40.584683699999971,-10.686030599999924],[-40.591177500000015,-10.7397985],[-40.567353499999967,-10.833471499999916],[-40.5897076,-10.876433399999939],[-40.5849172,-10.898687100000018],[-40.616524099999936,-10.9327773],[-40.610023399999989,-10.991744499999925],[-40.65424280000002,-11.041039800000021],[-40.6526346,-11.072371799999928],[-40.68335819999993,-11.109586299999933],[-40.680138600000021,-11.156805599999984],[-40.703731399999981,-11.179297599999984],[-40.708194099999901,-11.222639],[-40.697357399999987,-11.23816069999998],[-40.76354479999992,-11.268013399999916],[-40.788732599999946,-11.2588781],[-40.813502699999958,-11.270669399999917],[-40.7984381,-11.312677599999915],[-40.8129717,-11.319984099999942],[-40.812372699999969,-11.378748799999926],[-40.8484798,-11.338749899999925],[-40.870416299999988,-11.337639],[-40.896423200000015,-11.37586019999992],[-40.921803800000021,-11.3607015],[-40.956096300000013,-11.378886599999873],[-40.967836299999988,-11.423009899999954],[-40.946880199999953,-11.447128099999873],[-40.948482500000011,-11.455417899999986],[-40.977385699999957,-11.43104169999998],[-41.006658399999935,-11.4619477],[-41.064423499999975,-11.4583227],[-41.084108299999968,-11.433196899999984],[-41.124269700000013,-11.468330700000024],[-41.1623684,-11.397082699999942],[-41.2374362,-11.461933199999976],[-41.309589099999982,-11.589343499999984],[-41.289388499999916,-11.612874399999953],[-41.298462799999982,-11.6354167],[-41.269341,-11.65650799999986],[-41.290694499999972,-11.744572800000014],[-41.279799299999922,-11.758144099999981],[-41.243571,-11.747724],[-41.230464400000017,-11.808471199999929],[-41.248456899999951,-11.8269287],[-41.244052599999975,-11.869877299999985],[-41.25780420000001,-11.8779146],[-41.272626799999955,-11.939303699999925],[-41.358472300000017,-11.949313299999915],[-41.367925799999966,-11.912370899999871],[-41.404999399999951,-11.923760199999947],[-41.430703299999948,-11.915006899999923],[-41.428190299999926,-11.931241],[-41.441432599999985,-11.933940699999937],[-41.4530062,-11.907337900000016],[-41.467222199999981,-11.905487799999946],[-41.497563,-11.92411989999988],[-41.51166360000002,-11.910423599999945],[-41.5376382,-11.921538699999985],[-41.609970700000019,-11.885648299999957],[-41.674575499999946,-11.926805499999944],[-41.716478600000016,-11.908430800000019],[-41.714950900000019,-11.8962823],[-41.810971100000017,-12.0198489],[-41.798817499999984,-12.097850399999857],[-41.8229141999999,-12.114574],[-41.844303200000013,-12.09040490000001],[-41.89623969999991,-12.105133500000022],[-41.874714399999959,-12.121071299999926],[-41.867321199999935,-12.198393499999952],[-41.842648599999904,-12.219303199999956],[-41.858583599999974,-12.236643399999934],[-41.819581,-12.286522],[-41.846793400000024,-12.317440399999953],[-41.848678099999972,-12.351577599999985],[-41.881536499999982,-12.381667600000014],[-41.880701699999918,-12.452638900000011],[-41.902473199999974,-12.423749899999962],[-41.9401954,-12.4267997],[-41.9668355,-12.445521900000017],[-41.974583,-12.4334723],[-41.98897,-12.442985299999975],[-41.981306299999972,-12.484806],[-42.012016,-12.504617099999962],[-42.028863800000011,-12.483847700000013],[-42.041159799999889,-12.511887300000012],[-42.0223039,-12.589467599999921],[-42.031355,-12.68222819999994],[-42.0176386,-12.720972299999858],[-42.0331941,-12.762639],[-42.006291499999918,-12.765314499999931],[-41.967622300000016,-12.8486775],[-41.885258099999987,-12.9209118],[-41.8989542999999,-12.992836199999886],[-41.9141707,-13.003445899999861],[-41.927638600000023,-12.988472300000012],[-41.941242400000021,-13.011259100000018],[-41.966527499999927,-13.011527899999919],[-41.96791,-13.0369457],[-41.935978699999964,-13.066959],[-41.9201463,-13.105695],[-41.980838299999959,-13.149690299999975],[-41.910865099999967,-13.260275],[-41.907481799999971,-13.296510599999976],[-41.873287799999957,-13.315820699999961],[-41.888205699999958,-13.329862400000025],[-41.874292500000024,-13.389443299999925],[-41.892030299999988,-13.390219300000012],[-41.898534199999972,-13.440007699999967],[-41.968150799999933,-13.458903499999963],[-41.964027199999919,-13.526813899999922],[-41.9887218,-13.5413577],[-42.029604099999972,-13.503477399999952],[-42.049860799999919,-13.508194600000024],[-42.044584,-13.582095],[-42.073198099999956,-13.56793979999992],[-42.093475599999977,-13.5204061],[-42.1109657,-13.535414699999876],[-42.1371987,-13.486572299999921],[-42.1648722,-13.466522199999986],[-42.2034595,-13.499028],[-42.2379282,-13.467643099999918],[-42.25793950000002,-13.485636],[-42.272587699999974,-13.478925199999935],[-42.281694099999925,-13.515097499999968],[-42.298061599999983,-13.520054699999946],[-42.289813099999947,-13.5643986],[-42.312522,-13.59882239999996],[-42.311249700000019,-13.647083399999929],[-42.357815199999948,-13.674268699999914],[-42.337237199999947,-13.70930409999994],[-42.344583,-13.795694599999933],[-42.332151099999976,-13.861478499999919],[-42.305183600000021,-13.871303499999954],[-42.293748599999901,-13.907076],[-42.309861300000023,-13.9080568],[-42.3190275,-13.95069460000002],[-42.360138599999914,-13.978750100000013],[-42.432015699999965,-13.956169299999942],[-42.441495099999941,-13.941244399999903],[-42.472259800000018,-13.961436899999967],[-42.493746299999941,-13.951514499999917],[-42.509594600000014,-13.969021099999907],[-42.503016799999955,-13.995037599999932],[-42.5171719,-14.011663],[-42.521775,-14.0638381],[-42.506560900000011,-14.075379899999973],[-42.5054164,-14.104027899999949],[-42.477262699999983,-14.112393600000019],[-42.473554400000012,-14.133077],[-42.49292609999992,-14.186803099999906],[-42.5143036,-14.194853599999874],[-42.505981799999972,-14.238470199999881],[-42.544872099999907,-14.2737505],[-42.534575799999914,-14.339582],[-42.578484,-14.35958340000002],[-42.546065299999952,-14.424970200000018],[-42.561458799999969,-14.451187600000026],[-42.577908699999909,-14.4504174],[-42.587010299999974,-14.506668099999956],[-42.556884500000024,-14.5239714],[-42.581381799999861,-14.54861109999996],[-42.583737499999984,-14.58874830000002],[-42.5754164,-14.609583499999985],[-42.552722500000016,-14.613972699999977],[-42.580088699999976,-14.763832200000024],[-42.555144,-14.83154],[-42.4940282,-14.8354273],[-42.5252398,-14.8696337],[-42.494034699999986,-14.956249199999888],[-42.501789799999983,-14.981542799999943],[-42.561250799999982,-15.012076900000011],[-42.570428499999878,-15.047911100000022],[-42.598204299999963,-15.065150099999983],[-42.656683499999929,-15.0371318],[-42.68486409999997,-15.074295799999959],[-42.686519999999859,-15.107361099999878],[-42.7264639,-15.108702],[-42.734872099999905,-15.200971399999958],[-42.763006299999915,-15.22048999999987],[-42.777420199999881,-15.206734199999971],[-42.799858699999959,-15.262939599999925],[-42.7691989,-15.307398199999966],[-42.752642499999922,-15.39653809999993],[-42.765106499999945,-15.418960200000015],[-42.745263200000011,-15.450879400000019],[-42.744583700000021,-15.464039199999945],[-42.78230549999995,-15.485914],[-42.791301799999928,-15.523649099999943],[-42.779418599999929,-15.570627699999875],[-42.805389799999944,-15.5914401],[-42.798459599999944,-15.64679979999994],[-42.770415500000013,-15.673203100000023],[-42.786147200000016,-15.673499099999901],[-42.7640161,-15.810142],[-42.809023299999922,-15.846238699999958],[-42.800025099999971,-15.867399799999987],[-42.81485129999993,-15.872086399999944],[-42.827916399999935,-15.955694599999958],[-42.877297,-15.966312500000015],[-42.89735659999991,-16.014572],[-42.938470299999949,-16.007645499999967],[-42.962405099999955,-16.029404],[-43.0081634,-16.01237279999998],[-43.004860800000017,-16.074027899999976],[-43.051539600000012,-16.094292099999961],[-43.083751,-16.087349599999925],[-43.082932,-16.121776999999895],[-43.107044299999984,-16.15355239999991],[-43.095858099999987,-16.180658099999903],[-43.122536499999967,-16.20309],[-43.117072800000017,-16.250740199999939],[-43.157353799999896,-16.289027],[-43.1587912,-16.33898210000001],[-43.19077829999992,-16.388947299999984],[-43.2193155,-16.382358],[-43.272209299999929,-16.416682700000024],[-43.326805599999943,-16.4292946],[-43.382928600000014,-16.409025900000017],[-43.4190281,-16.491519899999957],[-43.405983900000024,-16.520693],[-43.424570599999981,-16.545970399999931],[-43.440408,-16.546527],[-43.435971399999971,-16.6434762],[-43.462907500000028,-16.65346820000002],[-43.466418499999918,-16.697640400000012],[-43.496516,-16.730284],[-43.469759099999919,-16.782931500000018],[-43.480405300000029,-16.811805699999866],[-43.436524199999951,-16.887350199999958],[-43.462425499999938,-16.909529],[-43.435428199999876,-16.929863],[-43.4337509,-16.9543127],[-43.5154334,-16.95654339999993],[-43.532367799999975,-16.9709737],[-43.5542115,-16.954620099999943],[-43.568421,-16.967982199999938],[-43.571931799999959,-17.011249099999986],[-43.650644,-17.008225799999934],[-43.675654399999985,-17.0542926],[-43.704134599999861,-17.069764199999895],[-43.722069799999929,-17.063934099999983],[-43.734313199999917,-17.078750800000023],[-43.71652,-17.123546199999964],[-43.741789299999937,-17.140270199999918],[-43.72070279999997,-17.202638099999945],[-43.746956399999988,-17.217338899999959],[-43.763016600000014,-17.2555385],[-43.790699199999892,-17.245406],[-43.810415299999988,-17.269298],[-43.803467099999978,-17.297373299999947],[-43.815666799999974,-17.334383099999968],[-43.773279600000023,-17.369738199999972],[-43.721875099999977,-17.370483299999989],[-43.717495900000017,-17.418435499999987],[-43.755790499999989,-17.473473899999931],[-43.742368199999987,-17.509515399999941],[-43.768183599999986,-17.5222324],[-43.78528,-17.551612899999952],[-43.765399399999922,-17.65077070000001],[-43.778477699999939,-17.6601377],[-43.776795599999957,-17.683746900000017],[-43.752368399999966,-17.714860599999952],[-43.772874499999887,-17.739937299999951],[-43.757840699999974,-17.748189500000024],[-43.752639199999919,-17.779315900000029],[-43.78508770000002,-17.793065300000023],[-43.756796299999962,-17.817087099999924],[-43.776105299999927,-17.8436044],[-43.752548100000013,-17.9023343],[-43.77517389999997,-17.947427399999981],[-43.794027499999913,-17.95708350000001],[-43.783817099999965,-17.978064499999959],[-43.8063383,-17.9978446],[-43.776533299999926,-18.038748799999951],[-43.794830599999955,-18.074933699999917],[-43.786527400000011,-18.092094399999894],[-43.747853,-18.079850299999976],[-43.739027499999963,-18.0881946],[-43.725057199999924,-18.136495099999934],[-43.732638599999916,-18.154027900000017],[-43.713466199999971,-18.176237599999922],[-43.7276503,-18.247083699999962],[-43.7152102,-18.266169699999978],[-43.689867899999911,-18.267638],[-43.678192799999977,-18.32929409999997],[-43.687918599999989,-18.347907699999894],[-43.662081699999987,-18.3598682],[-43.623203400000023,-18.4179208],[-43.642651699999874,-18.46680049999992],[-43.574312699999894,-18.567361600000027],[-43.521000499999957,-18.601541600000019],[-43.5035532,-18.6909273],[-43.486656299999936,-18.70687729999986],[-43.494584099999884,-18.746817299999975],[-43.536263899999938,-18.775424499999929],[-43.586527499999988,-18.744583499999976],[-43.598369799999887,-18.815846899999883],[-43.6329783,-18.84562429999994],[-43.661796,-18.844306800000027],[-43.648471899999947,-18.896805699999959],[-43.6890196,-18.93125],[-43.634019099999989,-19.0151391],[-43.640961299999901,-19.045695],[-43.61042109999994,-19.075706],[-43.620259200000021,-19.083563299999923],[-43.612579899999957,-19.101582300000018],[-43.565937499999961,-19.121496900000011],[-43.54987239999997,-19.164580699999988],[-43.515968,-19.159316399999966],[-43.507530700000018,-19.169513099999961],[-43.500964099999919,-19.220139],[-43.537083,-19.262638999999865],[-43.537072499999965,-19.284581599999967],[-43.51688379999996,-19.318721],[-43.521239,-19.34791759999996],[-43.492076299999951,-19.359771599999988],[-43.4781941,-19.415139],[-43.480699,-19.454019699999947],[-43.5440193,-19.541527799999983],[-43.526809899999932,-19.5582051],[-43.541535799999963,-19.572361199999932],[-43.549026399999889,-19.6637579],[-43.5270868,-19.729572299999916],[-43.540531499999986,-19.7848323],[-43.5190333,-19.914029399999947],[-43.530971799999975,-19.927906],[-43.580378499999938,-19.923088899999925],[-43.599583,-19.950139],[-43.636520499999904,-19.962372800000026],[-43.695026200000029,-20.070016099999975],[-43.6301388,-20.150701899999945],[-43.639873099999988,-20.163748399999918],[-43.626797,-20.1868058],[-43.571812099999931,-20.207359699999927],[-43.580410799999981,-20.221248299999957],[-43.544574899999986,-20.24513909999996],[-43.500964799999963,-20.325973499999975],[-43.460428499999921,-20.360692899999947],[-43.494030599999917,-20.377093600000023],[-43.562638599999957,-20.363472399999978],[-43.596074199999919,-20.399231499999928],[-43.586910299999943,-20.413019299999974],[-43.597083199999929,-20.427094599999975],[-43.6359622,-20.412346299999967],[-43.683196599999917,-20.4287597],[-43.689130499999976,-20.4468271],[-43.671129599999972,-20.46654030000002],[-43.702646099999981,-20.494860399999936],[-43.6502673,-20.507074],[-43.643635,-20.524688200000014],[-43.66204979999992,-20.5486507],[-43.636804400000017,-20.588182800000027],[-43.65457229999987,-20.594861700000024],[-43.648747699999944,-20.610704899999917],[-43.7136021,-20.728736799999979],[-43.739862300000027,-20.727909399999987],[-43.745696099999918,-20.751743799999929],[-43.762091699999985,-20.754851699999961],[-43.757701299999894,-20.783962],[-43.7734833,-20.8015289],[-43.763194099999964,-20.846527899999955],[-43.8004633,-20.8851886],[-43.817615400000022,-20.873122],[-43.844188,-20.891165299999898],[-43.884224,-20.89570829999991],[-43.896816399999977,-20.884038399999952],[-43.914899699999978,-20.904535299999907],[-43.924299599999927,-20.894391499999927],[-43.944548199999929,-20.910413800000015],[-43.9676498,-20.9027408],[-43.992803200000026,-20.930633699999873],[-44.051527499999963,-20.922639099999913],[-44.073775500000011,-20.906105200000013],[-44.085364700000014,-20.929251099999874],[-44.1331116,-20.898749399999986],[-44.167424899999958,-20.9031053],[-44.195140199999855,-20.867920699999956],[-44.2540189,-20.8612301],[-44.264871299999982,-20.8047067],[-44.290393399999971,-20.770465800000011],[-44.309172900000021,-20.7882828],[-44.388842999999895,-20.7906648],[-44.404730199999904,-20.776260299999933],[-44.42917419999992,-20.804519199999959]]]]}},
{"type":"Feature","properties":{"nome_bacia":"Bacia do Rio Doce"},"geometry":{"type":"MultiPolygon","coordinates":[[[[-43.50292589999998,-21.183196099999918],[-43.600225599999874,-21.16796290000002],[-43.603161399999863,-21.109676400000012],[-43.717696899999964,-21.0710269],[-43.7279939,-21.038783599999988],[-43.717375899999979,-21.021299699999986],[-43.745775400000014,-20.959552499999972],[-43.730980599999953,-20.937204],[-43.7755229,-20.942861599999958],[-43.8001468,-20.923660299999938],[-43.813727899999947,-20.9331459],[-43.820914799999969,-20.914140099999941],[-43.763194099999964,-20.846527899999955],[-43.7734833,-20.8015289],[-43.757701299999894,-20.783962],[-43.762091699999985,-20.754851699999961],[-43.745696099999918,-20.751743799999929],[-43.739862300000027,-20.727909399999987],[-43.7136021,-20.728736799999979],[-43.648747699999944,-20.610704899999917],[-43.65457229999987,-20.594861700000024],[-43.636804400000017,-20.588182800000027],[-43.66204979999992,-20.5486507],[-43.643635,-20.524688200000014],[-43.6502673,-20.507074],[-43.702646099999981,-20.494860399999936],[-43.671129599999972,-20.46654030000002],[-43.689130499999976,-20.4468271],[-43.683196599999917,-20.4287597],[-43.6359622,-20.412346299999967],[-43.597083199999929,-20.427094599999975],[-43.586910299999943,-20.413019299999974],[-43.596074199999919,-20.399231499999928],[-43.562638599999957,-20.363472399999978],[-43.494030599999917,-20.377093600000023],[-43.460428499999921,-20.360692899999947],[-43.500964799999963,-20.325973499999975],[-43.544574899999986,-20.24513909999996],[-43.580410799999981,-20.221248299999957],[-43.571812099999931,-20.207359699999927],[-43.626797,-20.1868058],[-43.639873099999988,-20.163748399999918],[-43.6301388,-20.150701899999945],[-43.695026200000029,-20.070016099999975],[-43.636520499999904,-19.962372800000026],[-43.599583,-19.950139],[-43.580378499999938,-19.923088899999925],[-43.530971799999975,-19.927906],[-43.5190333,-19.914029399999947],[-43.540531499999986,-19.7848323],[-43.5270868,-19.729572299999916],[-43.549026399999889,-19.6637579],[-43.541535799999963,-19.572361199999932],[-43.526809899999932,-19.5582051],[-43.5440193,-19.541527799999983],[-43.480699,-19.454019699999947],[-43.4781941,-19.415139],[-43.492076299999951,-19.359771599999988],[-43.521239,-19.34791759999996],[-43.51688379999996,-19.318721],[-43.537072499999965,-19.284581599999967],[-43.537083,-19.262638999999865],[-43.500964099999919,-19.220139],[-43.507530700000018,-19.169513099999961],[-43.515968,-19.159316399999966],[-43.54987239999997,-19.164580699999988],[-43.565937499999961,-19.121496900000011],[-43.612579899999957,-19.101582300000018],[-43.620259200000021,-19.083563299999923],[-43.61042109999994,-19.075706],[-43.640961299999901,-19.045695],[-43.634019099999989,-19.0151391],[-43.6890196,-18.93125],[-43.648471899999947,-18.896805699999959],[-43.661796,-18.844306800000027],[-43.6329783,-18.84562429999994],[-43.598369799999887,-18.815846899999883],[-43.586527499999988,-18.744583499999976],[-43.536263899999938,-18.775424499999929],[-43.494584099999884,-18.746817299999975],[-43.48683010000002,-18.705093699999964],[-43.5035532,-18.6909273],[-43.517233200000021,-18.6127095],[-43.484306,-18.602927599999987],[-43.4650332,-18.573016699999926],[-43.454860799999949,-18.579861299999948],[-43.435917399999937,-18.558953],[-43.423519899999917,-18.540652099999932],[-43.444570099999908,-18.514313099999981],[-43.439806299999987,-18.486025],[-43.4266685,-18.484172100000023],[-43.415595199999984,-18.454955199999858],[-43.369358299999988,-18.440513199999941],[-43.2840792,-18.320146799999861],[-43.264019299999973,-18.306250299999988],[-43.2490194,-18.329583699999944],[-43.2275002,-18.300422],[-43.2131862,-18.320138699999973],[-43.205131099999903,-18.312076599999955],[-43.220800899999972,-18.278503100000023],[-43.183642599999985,-18.176351899999986],[-43.1336329,-18.098301099999958],[-43.089570900000012,-18.0993029],[-43.078876799999989,-18.0707071],[-43.0609935,-18.070020699999873],[-42.9820901,-18.154029399999899],[-42.967083,-18.151527900000019],[-42.963187599999969,-18.124017499999979],[-42.917359599999941,-18.102651],[-42.9076399,-18.122077499999932],[-42.883644399999923,-18.128448699999979],[-42.872993,-18.116805399999976],[-42.866805199999931,-18.130139],[-42.839569599999948,-18.0928141],[-42.793479600000012,-18.106249600000012],[-42.7779271,-18.103750899999966],[-42.769848899999943,-18.0829223],[-42.757359199999939,-18.092091899999957],[-42.731094699999915,-18.080667800000015],[-42.70638329999997,-18.0942685],[-42.668488700000012,-18.0483127],[-42.6323691,-18.040695099999937],[-42.608761099999924,-17.989029],[-42.566810700000019,-17.985559099999932],[-42.5633818,-17.948131900000021],[-42.535793499999954,-17.945418699999948],[-42.519871500000022,-17.964379399999984],[-42.515686599999867,-17.9379298],[-42.484030699999948,-17.930149899999947],[-42.489311699999917,-17.88671],[-42.4651371,-17.837071700000024],[-42.468749699999933,-17.813750099999936],[-42.435133399999927,-17.815218799999968],[-42.407313199999976,-17.795864100000017],[-42.379009899999915,-17.8120437],[-42.389020199999948,-17.786804799999913],[-42.37324209999997,-17.7671446],[-42.352692,-17.784074399999952],[-42.29040980000002,-17.779314799999952],[-42.2745789,-17.7909515],[-42.238444,-17.767104499999959],[-42.198750899999936,-17.777909500000021],[-42.180999900000018,-17.764205699999934],[-42.151246799999967,-17.774293599999908],[-42.1235496,-17.759480399999916],[-42.107087400000012,-17.771537699999953],[-42.0617026,-17.770174399999974],[-42.049039699999867,-17.777363],[-42.061251299999867,-17.803739599999915],[-42.011812099999929,-17.844584099999963],[-41.975060599999949,-17.820618],[-41.945417099999929,-17.858464500000025],[-41.919262300000014,-17.853047800000013],[-41.90238909999988,-17.867166299999951],[-41.878479500000026,-17.848473],[-41.878470299999947,-17.893462100000022],[-41.817044,-17.939973],[-41.80628,-17.928191199999901],[-41.799583,-17.940139],[-41.764560899999935,-17.938275899999951],[-41.753194099999973,-17.932639],[-41.762650299999962,-17.91457859999997],[-41.716262,-17.917078300000014],[-41.661391900000012,-17.971255299999939],[-41.660419999999874,-17.9998733],[-41.637978699999962,-18.00521759999998],[-41.653193199999919,-18.043034700000021],[-41.635964100000024,-18.06643349999996],[-41.663117899999975,-18.1069971],[-41.6509643,-18.126520499999913],[-41.654027299999939,-18.180983399999946],[-41.638188099999979,-18.17985950000002],[-41.644297799999947,-18.203195299999948],[-41.59922789999996,-18.232665399999917],[-41.579864099999895,-18.275630599999943],[-41.610653399999933,-18.281443399999944],[-41.62533389999993,-18.307440299999939],[-41.645961100000022,-18.3029173],[-41.672389,-18.351779],[-41.692072400000029,-18.356806],[-41.678761899999927,-18.370058700000016],[-41.68793479999988,-18.387543400000027],[-41.6293354,-18.435189499999922],[-41.6300642,-18.525017],[-41.584599,-18.534598599999924],[-41.589040399999931,-18.5615335],[-41.571277599999974,-18.574756700000023],[-41.515799,-18.589683200000024],[-41.495966800000019,-18.636527899999976],[-41.4611279,-18.672523699999942],[-41.464583,-18.689583499999912],[-41.407627299999945,-18.699584399999935],[-41.3904096,-18.688748199999964],[-41.377915299999984,-18.7026272],[-41.375383699999929,-18.725031],[-41.397638599999937,-18.7368057],[-41.377909099999897,-18.760418],[-41.355825699999968,-18.756706800000018],[-41.345132199999966,-18.7690172],[-41.353768800000012,-18.7831605],[-41.341687299999933,-18.804824100000019],[-41.36005560000001,-18.8306162],[-41.303183399999853,-18.8276411],[-41.264583,-18.867916799999875],[-41.23292,-18.854872299999954],[-41.2165359,-18.878750299999979],[-41.208552599999962,-18.855945399999939],[-41.165190299999949,-18.857799499999942],[-41.153971500000011,-18.886475],[-41.13348,-18.8920837],[-41.126138199999957,-18.879655800000023],[-41.0840743,-18.881826],[-41.054035699999986,-18.862361099999987],[-41.044850999999881,-18.882219599999985],[-41.00570069999992,-18.876251299999979],[-40.939016999999865,-18.914832399999909],[-40.9113964,-18.8919616],[-40.8618052,-18.89652789999991],[-40.861759899999981,-18.86199629999993],[-40.828836799999863,-18.8596288],[-40.817450799999961,-18.84255289999993],[-40.7859785,-18.858746699999983],[-40.743182099999956,-18.842081800000017],[-40.7135773,-18.865674399999989],[-40.7382809,-18.879896499999973],[-40.733481399999903,-18.9429184],[-40.68013469999994,-18.932072099999914],[-40.66251369999992,-18.949412199999983],[-40.632923,-18.936530300000015],[-40.6231927,-18.953743599999939],[-40.595741299999986,-18.959959899999944],[-40.568194100000028,-18.935139],[-40.5629154,-18.9749984],[-40.524029199999973,-18.964186099999949],[-40.513397199999929,-18.979610900000011],[-40.450031200000012,-18.95215769999993],[-40.418200899999988,-18.959582099999977],[-40.405383699999959,-18.945032],[-40.3648708,-18.940968899999916],[-40.3677133,-19.002709700000025],[-40.344036299999914,-19.014182399999981],[-40.339482399999952,-19.042116699999951],[-40.312630500000012,-19.039305599999977],[-40.2902886,-19.0587256],[-40.2818052,-19.0493057],[-40.254782799999987,-19.086242500000026],[-40.221396199999958,-19.07904579999996],[-40.230264,-19.104686899999933],[-40.188793499999974,-19.1290927],[-40.193194199999937,-19.139572699999917],[-40.152361499999984,-19.18790649999994],[-40.07236469999998,-19.220516199999906],[-39.984457,-19.20568609999998],[-39.978071,-19.223598799999877],[-39.921535399999925,-19.257358799999963],[-39.9251461,-19.304027499999904],[-39.935416699999962,-19.302072899999985],[-39.957169,-19.348796499999935],[-39.95146520000003,-19.371636699999897],[-39.99014219999998,-19.402350500000011],[-39.922352599999954,-19.426807199999928],[-39.930666799999983,-19.446710100000018],[-39.894271600000025,-19.4610401],[-39.90483230000001,-19.489759299999889],[-39.877915700000017,-19.4995912],[-39.868366400000014,-19.535300599999971],[-39.778310099999942,-19.5703297],[-39.814647700000023,-19.654292199999929],[-39.859421399999974,-19.645334499999933],[-39.916613799999936,-19.674611599999935],[-39.92343470000003,-19.661706199999912],[-39.889697800000022,-19.651563099999976],[-39.885001699999862,-19.619594399999983],[-39.864763700000026,-19.618562699999984],[-39.837482499999965,-19.591091099999971],[-39.821888399999978,-19.5999066],[-39.812904499999945,-19.582361299999945],[-39.891102399999966,-19.544285100000025],[-39.9165812,-19.492856299999971],[-39.973738200000014,-19.444901],[-40.011788499999966,-19.433244899999863],[-40.0262138,-19.447247100000027],[-40.0623572,-19.429316700000015],[-40.085644099999968,-19.449357599999985],[-40.080889099999979,-19.461751899999967],[-40.121886799999857,-19.46593230000002],[-40.134851199999957,-19.4465242],[-40.231088100000022,-19.497808099999986],[-40.2322494,-19.527309599999967],[-40.259212799999887,-19.5388322],[-40.25016770000002,-19.556881700000019],[-40.271255600000018,-19.578739700000028],[-40.267638299999987,-19.617372],[-40.29015359999994,-19.624312700000019],[-40.311488,-19.658787],[-40.338190600000019,-19.6440167],[-40.342081399999984,-19.666257399999893],[-40.378471399999967,-19.680424500000015],[-40.392905799999937,-19.712613499999975],[-40.428744699999925,-19.711255199999869],[-40.440804299999968,-19.6967022],[-40.428417899999886,-19.7715872],[-40.447646599999985,-19.755695100000025],[-40.467648099999963,-19.788891799999988],[-40.489574599999969,-19.790416999999877],[-40.488459399999897,-19.810968199999934],[-40.5210894,-19.768196],[-40.5326321,-19.7976342],[-40.5449772,-19.7820595],[-40.554331100000013,-19.809688699999981],[-40.570450899999969,-19.798307299999976],[-40.5573162,-19.828633299999979],[-40.531507499999918,-19.838630199999955],[-40.536435699999913,-19.856582599999967],[-40.565900899999917,-19.8520378],[-40.5510046,-19.8612989],[-40.561774,-19.877282400000013],[-40.5515585,-19.885509699999943],[-40.570626199999936,-19.911314],[-40.590141099999983,-19.904035499999964],[-40.589854899999921,-19.918759099999988],[-40.603103899999951,-19.921201900000028],[-40.640982699999938,-19.90236079999994],[-40.652904599999943,-19.915973800000017],[-40.667431299999919,-19.9108599],[-40.6676415,-19.925939299999982],[-40.6845255,-19.928537600000027],[-40.693043099999954,-19.98106439999998],[-40.779292799999951,-19.992085499999973],[-40.774590699999919,-19.960689299999956],[-40.8265389,-19.987360199999955],[-40.849017699999933,-19.97986],[-40.876796699999943,-20.032636199999956],[-40.944590100000028,-20.062638399999969],[-40.94656829999991,-20.0846795],[-40.973723399999983,-20.111519899999962],[-40.9968005,-20.124975399999926],[-41.011197399999958,-20.109886099999983],[-41.034583,-20.126527899999985],[-41.020424699999978,-20.147083399999985],[-41.019305199999962,-20.1926391],[-40.999043399999948,-20.2113764],[-41.0249981,-20.212649499999941],[-41.026836,-20.230927099999917],[-41.049681499999963,-20.236150899999984],[-41.064426,-20.217348],[-41.070019099999968,-20.249695499999859],[-41.102337799999987,-20.275400499999932],[-41.125706,-20.265695],[-41.133088599999951,-20.284404600000016],[-41.156524599999898,-20.283805899999891],[-41.186423299999944,-20.25984939999995],[-41.2501924,-20.282038399999919],[-41.267352500000015,-20.240694699999949],[-41.301261899999929,-20.229304399999876],[-41.308742099999961,-20.242362],[-41.293885900000021,-20.2529187],[-41.3053754,-20.270889699999941],[-41.349828899999977,-20.239112499999976],[-41.338472599999989,-20.224853400000029],[-41.3481875,-20.198194100000023],[-41.372551199999975,-20.202147],[-41.379296300000021,-20.221593400000017],[-41.407205599999884,-20.2338853],[-41.423853799999961,-20.196626399999957],[-41.4831678,-20.175569899999971],[-41.506482600000027,-20.195928499999866],[-41.539039399999979,-20.199307199999907],[-41.5651398,-20.176914799999963],[-41.613188499999978,-20.234306799999956],[-41.69903290000002,-20.2701401],[-41.704103,-20.3009581],[-41.7187614,-20.304582200000027],[-41.714441399999941,-20.323178699999858],[-41.745983,-20.314857699999891],[-41.796257700000012,-20.340972299999862],[-41.788469299999974,-20.384870799999987],[-41.8023675,-20.422082100000011],[-41.874869199999978,-20.399027799999942],[-41.883736699999872,-20.433192500000018],[-41.904576099999986,-20.435415899999953],[-41.96153,-20.505427199999929],[-41.979311199999927,-20.50263769999998],[-42.005703599999947,-20.459302499999978],[-42.061797099999978,-20.48263919999988],[-42.059580199999971,-20.501613],[-42.083170299999949,-20.509172400000011],[-42.091934099999889,-20.4931699],[-42.1340384,-20.493751499999973],[-42.135694100000023,-20.469027899999958],[-42.207093899999961,-20.434028500000011],[-42.2148492,-20.468473599999925],[-42.259305199999915,-20.500139100000013],[-42.277361700000029,-20.548743599999966],[-42.290006800000015,-20.554936],[-42.307651099999987,-20.536390399999959],[-42.31874659999994,-20.5482053],[-42.349189500000023,-20.544640500000014],[-42.345428200000015,-20.562359800000024],[-42.389980700000024,-20.600992299999916],[-42.409316600000011,-20.655973300000028],[-42.470141099999864,-20.69068470000002],[-42.489594,-20.827913099999989],[-42.52541639999987,-20.893194600000015],[-42.5404077,-20.888181299999985],[-42.5658606,-20.913152200000013],[-42.617079499999932,-20.9045731],[-42.638752699999941,-20.884316300000023],[-42.6802581,-20.913186799999949],[-42.726310500000011,-20.890463099999977],[-42.730132200000014,-20.861248799999942],[-42.7642849,-20.881804400000021],[-42.83679339999992,-20.871528499999954],[-42.863923899999918,-20.887180899999919],[-42.8645937,-20.910693],[-42.88484,-20.9101584],[-42.944301399999972,-20.953762299999937],[-42.9449563,-20.987566499999957],[-42.95476089999994,-20.9679893],[-42.972626199999922,-21.010414899999944],[-43.026972600000022,-21.0169234],[-43.045426500000019,-21.066219100000012],[-43.039100299999973,-21.0882279],[-43.0565292,-21.109573099999977],[-43.136801100000014,-21.12207410000002],[-43.151805199999899,-21.069861300000014],[-43.175494800000024,-21.081478599999969],[-43.197923399999922,-21.072084599999869],[-43.253277499999967,-21.100959400000022],[-43.3265343,-21.109306399999923],[-43.332120799999927,-21.129391399999975],[-43.387744599999962,-21.16531909999992],[-43.404314299999953,-21.154304299999922],[-43.50292589999998,-21.183196099999918]]]]}},
{"type":"Feature","properties":{"nome_bacia":"Bacia do Canal das Tartarugas"},"geometry":{"type":"MultiPolygon","coordinates":[[[[-49.045230099999969,-0.53602],[-49.096157,-0.510092],[-49.1339041,-0.522593200000017],[-49.173512399999936,-0.464739099999917],[-49.183172599999864,-0.484272199999964],[-49.227464299999951,-0.459303],[-49.28344919999995,-0.469799099999989],[-49.27746830000001,-0.456659300000013],[-49.2905667,-0.44404320000001],[-49.265138900000011,-0.4165205],[-49.26958309999992,-0.3940278],[-49.246427799999935,-0.398146],[-49.1422862,-0.356307500000014],[-49.118471199999931,-0.383622099999968],[-49.089516599999911,-0.349635],[-49.07785169999994,-0.35738120000002],[-49.072428799999955,-0.336957199999972],[-49.035408599999926,-0.319028299999957],[-49.026657,-0.274341900000024],[-48.997488199999964,-0.260398899999927],[-48.98541640000002,-0.271527799999944],[-48.969860499999868,-0.249036099999898],[-48.97511419999995,-0.210729599999979],[-48.947391900000014,-0.181553199999939],[-48.865410199999928,-0.272359100000017],[-48.8772619,-0.291623],[-48.870780500000023,-0.3149699],[-48.88847,-0.327653899999916],[-48.865560299999913,-0.371855499999924],[-48.8687969,-0.405171499999938],[-48.891705499999944,-0.433868499999903],[-48.9088279,-0.421021399999972],[-48.916562699999986,-0.4559443],[-48.931155900000022,-0.4749655],[-48.953416299999958,-0.474527199999955],[-48.978094399999975,-0.533586899999989],[-48.9910413,-0.5327337],[-48.9902677,-0.519596799999988],[-48.999961699999915,-0.5404084],[-49.0237985,-0.549718699999971],[-49.0344915,-0.51963],[-49.045230099999969,-0.53602]]]]}},
{"type":"Feature","properties":{"nome_bacia":"Bacia do Rio Pacajá"},"geometry":{"type":"MultiPolygon","coordinates":[[[[-50.8561368,-5.1770206],[-50.931894299999954,-5.141502600000024],[-50.893866099999968,-5.113417499999969],[-50.902849899999978,-5.095763799999929],[-50.883884199999954,-5.0604707],[-50.889864399999965,-5.0417541],[-50.848608800000022,-4.973329499999977],[-50.850733899999966,-4.908685600000013],[-50.871772599999986,-4.8647393],[-50.891376899999955,-4.883666299999959],[-50.91289949999998,-4.868754],[-50.934527,-4.794777099999976],[-50.927890099999956,-4.773142],[-50.947336300000018,-4.75639689999997],[-50.9066297,-4.7310612],[-50.934860599999979,-4.7084643],[-50.929818199999886,-4.683487099999979],[-50.903353099999947,-4.670237900000018],[-50.921205799999939,-4.633154499999932],[-50.895433,-4.5966608],[-50.907352699999933,-4.520694399999968],[-50.889121900000021,-4.499148199999979],[-50.913449500000013,-4.49532169999992],[-50.878756199999884,-4.449839899999972],[-50.898706899999922,-4.435842200000025],[-50.895346099999927,-4.397018],[-50.946099,-4.372805599999936],[-50.973509299999989,-4.384775099999956],[-50.97384349999993,-4.3553154],[-50.9984773,-4.357201499999974],[-50.979844500000013,-4.314896699999906],[-50.996943699999917,-4.2645369],[-50.979755599999919,-4.2369663],[-50.993309799999963,-4.215121599999918],[-51.019279599999948,-4.212284099999977],[-51.051399,-4.239497899999947],[-51.065274,-4.224352300000021],[-51.076734,-4.238499499999932],[-51.1090474,-4.204451800000015],[-51.124620599999957,-4.213246599999934],[-51.146693,-4.165062599999942],[-51.169675299999938,-4.175975299999948],[-51.187603099999933,-4.149653499999886],[-51.216798999999867,-4.141527599999961],[-51.224300399999947,-4.091692199999954],[-51.2542985,-4.074335099999985],[-51.270133499999929,-4.024578099999985],[-51.304926299999977,-4.010671599999966],[-51.310984899999937,-3.969546099999945],[-51.330894699999988,-3.962707299999977],[-51.3342214,-3.896777399999905],[-51.3572436,-3.863548299999877],[-51.316333499999928,-3.8212997],[-51.42542,-3.757229399999972],[-51.409292199999982,-3.735824899999898],[-51.399307299999862,-3.745857199999989],[-51.390909,-3.733421599999986],[-51.360355299999981,-3.736452899999961],[-51.36231,-3.719765400000028],[-51.338844199999983,-3.692653300000018],[-51.346179600000028,-3.667934100000025],[-51.366203,-3.6727553],[-51.362905799999965,-3.635325599999931],[-51.3794595,-3.630846299999973],[-51.36010049999993,-3.614155],[-51.369787,-3.595897199999968],[-51.354583099999957,-3.587916699999937],[-51.356751399999951,-3.565626699999882],[-51.374238600000012,-3.5808798],[-51.4070807,-3.574608499999897],[-51.4272196,-3.538765],[-51.399516899999981,-3.462519599999894],[-51.423705899999959,-3.466947499999947],[-51.4388052,-3.3820498],[-51.461953600000015,-3.36440829999998],[-51.453620099999966,-3.338499500000012],[-51.4713322,-3.330051499999911],[-51.4569204,-3.307214199999919],[-51.467363399999954,-3.295845499999871],[-51.4387486,-3.273792799999967],[-51.468045299999972,-3.246550499999955],[-51.4699066,-3.211608599999977],[-51.47934,-3.215390800000023],[-51.49905,-3.175868400000013],[-51.542371300000013,-3.139298699999983],[-51.543241199999954,-3.085393099999976],[-51.5618124,-3.083999499999948],[-51.570817499999976,-3.06079879999993],[-51.585646699999927,-3.061339999999859],[-51.592498,-3.029493399999978],[-51.606290199999933,-3.029467],[-51.6027527,-3.015909099999988],[-51.630607399999974,-3.002891499999919],[-51.630210299999987,-2.963690599999893],[-51.663126,-2.959924],[-51.657969200000025,-2.947145200000023],[-51.701847900000018,-2.865319599999907],[-51.755018199999938,-2.839541299999951],[-51.745437799999934,-2.8243936],[-51.764532200000019,-2.7848267],[-51.758619399999986,-2.7533446],[-51.804894299999944,-2.74494569999996],[-51.808049,-2.720088899999894],[-51.826210699999933,-2.717234299999973],[-51.833361199999956,-2.6105945],[-51.854808400000024,-2.6113206],[-51.835767799999985,-2.600801600000011],[-51.8784018,-2.520351199999936],[-51.865112,-2.507636599999898],[-51.876952500000016,-2.4693158],[-51.896381199999951,-2.464773699999967],[-51.857317599999988,-2.358267],[-51.877937499999973,-2.361562],[-51.878470199999981,-2.338205800000026],[-51.905756199999985,-2.3403553],[-51.9285284,-2.316845599999908],[-51.923246100000028,-2.264566800000011],[-51.939697799999976,-2.229049899999893],[-51.925071899999978,-2.187350699999968],[-51.893178799999987,-2.206798299999889],[-51.9121543,-2.136644499999932],[-51.8945936,-2.1309675],[-51.913179,-2.1124365],[-51.909892599999921,-2.085205199999962],[-51.921968,-2.084061799999972],[-51.925357199999951,-2.0641743],[-51.882118,-2.0260657],[-51.903938900000014,-2.001141500000017],[-51.863175099999978,-1.969858699999918],[-51.860084,-1.927176799999984],[-51.872262199999966,-1.913213399999961],[-51.899238899999943,-1.928305099999989],[-51.913308,-1.918450399999927],[-51.910401599999943,-1.9012126],[-51.934208099999978,-1.908514599999933],[-51.929583099999945,-1.8915278],[-51.950318999999865,-1.88634339999993],[-51.9364195,-1.853541099999973],[-51.959427299999959,-1.859856799999989],[-51.974869299999966,-1.8245892],[-51.9512322,-1.786533799999859],[-51.93395629999992,-1.792371800000012],[-51.931577799999957,-1.76784],[-51.888584,-1.723531099999889],[-51.87048829999992,-1.731263800000022],[-51.881378599999948,-1.7518275],[-51.866817399999945,-1.759799699999974],[-51.802879099999927,-1.747460100000012],[-51.781843400000014,-1.728252699999928],[-51.752672299999972,-1.743432599999949],[-51.721838199999979,-1.704373],[-51.678753299999983,-1.713481399999978],[-51.555952,-1.693704],[-51.5333819,-1.686887499999955],[-51.51067089999998,-1.6436546],[-51.450878699999976,-1.639828],[-51.4491314,-1.619606799999872],[-51.437811899999929,-1.618763099999967],[-51.443864099999928,-1.586479399999973],[-51.424044099999946,-1.561268],[-51.433539699999926,-1.5371771],[-51.402614200000016,-1.4892946],[-51.350659499999949,-1.475329499999987],[-51.361403199999984,-1.396388399999921],[-51.298074199999917,-1.3790679],[-51.30507080000001,-1.3575497],[-51.2362493,-1.392072599999949],[-51.218793099999914,-1.377008199999921],[-51.228276,-1.353884899999912],[-51.167566499999964,-1.333056599999907],[-51.1347975,-1.370765300000016],[-51.15748659999997,-1.437437699999975],[-51.147905799999933,-1.457535699999937],[-51.084618,-1.42782039999986],[-51.0829819,-1.456263899999954],[-51.068621600000029,-1.420111799999916],[-51.016033599999957,-1.413799099999949],[-51.024155,-1.390559699999926],[-50.98928189999998,-1.3775233],[-50.973782799999981,-1.349245600000017],[-50.982209,-1.329027199999928],[-50.948514699999976,-1.2898022],[-50.911015499999962,-1.303108800000018],[-50.903165800000011,-1.3423699],[-50.868369099999938,-1.317632300000014],[-50.825652399999967,-1.328604400000017],[-50.854277700000011,-1.355155499999967],[-50.854964299999892,-1.37771429999998],[-50.822562,-1.383719199999973],[-50.785029799999961,-1.428291],[-50.753322700000012,-1.39611],[-50.760338,-1.3784968],[-50.726148899999885,-1.381365699999947],[-50.719480699999963,-1.3310631],[-50.700749700000017,-1.3516555],[-50.674250399999949,-1.3367108],[-50.629498499999954,-1.353078099999948],[-50.623817200000019,-1.336905499999943],[-50.5922038,-1.3371929],[-50.590498799999978,-1.321561599999939],[-50.53759,-1.296723199999974],[-50.515092899999956,-1.2790544],[-50.512246800000014,-1.257182699999987],[-50.480056,-1.236924699999975],[-50.440039899999988,-1.2548739],[-50.424127399999861,-1.282200299999943],[-50.4043441,-1.279293899999914],[-50.386155700000018,-1.304484100000025],[-50.3146592,-1.283131899999944],[-50.305318199999988,-1.3029527],[-50.2708844,-1.308794499999976],[-50.2428736,-1.344025699999861],[-50.22099350000002,-1.34972],[-50.229803399999923,-1.372272599999974],[-50.218440099999953,-1.391062799999986],[-50.1727535,-1.390844099999924],[-50.184506899999917,-1.400327100000027],[-50.1768121,-1.410373499999935],[-50.158831499999962,-1.412690199999929],[-50.159510599999919,-1.398543099999927],[-50.141018699999961,-1.399662299999989],[-50.120242500000018,-1.379599199999973],[-50.078324099999918,-1.3913945],[-50.065303,-1.3762259],[-50.070142799999985,-1.334640799999988],[-50.048618899999951,-1.327557800000022],[-50.034868299999971,-1.349861299999986],[-50.051323899999943,-1.38717029999998],[-50.03806469999995,-1.379429499999958],[-50.014432799999952,-1.400145599999917],[-49.984302899999932,-1.379719],[-49.9653379,-1.342423199999985],[-49.933086399999866,-1.334861100000012],[-49.929190599999913,-1.349887],[-49.883393299999966,-1.3606378],[-49.87797009999997,-1.305213099999946],[-49.83035430000001,-1.295393900000022],[-49.836572100000012,-1.226446800000019],[-49.8195976,-1.209290899999985],[-49.790449399999943,-1.225728299999957],[-49.7560016,-1.21032839999998],[-49.76124219999997,-1.1948602],[-49.715601399999912,-1.199968399999932],[-49.706447799999978,-1.217775099999983],[-49.692880699999989,-1.190304099999935],[-49.686257099999978,-1.2017689],[-49.649832799999899,-1.201425499999971],[-49.625923899999975,-1.181845199999941],[-49.624021200000016,-1.203673199999969],[-49.586847200000022,-1.243883499999981],[-49.601680599999952,-1.265146399999935],[-49.581307499999866,-1.2945133],[-49.5892321,-1.329642499999864],[-49.5530172,-1.34946309999998],[-49.532662800000026,-1.339038699999946],[-49.5137388,-1.385143699999901],[-49.497475299999962,-1.3699203],[-49.486750499999971,-1.3948572],[-49.423635799999886,-1.384864],[-49.410584699999959,-1.404925600000013],[-49.387442,-1.396772],[-49.354543299999989,-1.417250399999944],[-49.3361981,-1.448954799999967],[-49.313007299999981,-1.453274099999931],[-49.335422,-1.476814900000022],[-49.310483,-1.5272215],[-49.2668081,-1.544588200000021],[-49.27924889999997,-1.5811099],[-49.271182599999918,-1.619963499999983],[-49.247169,-1.618358699999987],[-49.250994,-1.603349200000025],[-49.235692,-1.597910199999944],[-49.206748800000014,-1.622844900000018],[-49.185583799999961,-1.603388399999972],[-49.182708199999979,-1.628199099999904],[-49.146526,-1.629590099999973],[-49.128474899999958,-1.6698503],[-49.230127699999969,-1.7315284],[-49.286524699999973,-1.734595299999967],[-49.344853600000022,-1.800139899999863],[-49.320386199999916,-1.829117],[-49.330443899999977,-1.838590399999987],[-49.3459613,-1.847087199999919],[-49.379927599999917,-1.835465599999907],[-49.415963200000022,-1.8567059],[-49.430262499999969,-1.844219599999974],[-49.4593157,-1.851247600000022],[-49.447358800000018,-1.862840100000028],[-49.4645893,-1.8889984],[-49.435262399999885,-1.909798699999953],[-49.45374379999987,-1.9165294],[-49.473921399999938,-1.956547],[-49.47161129999995,-1.9837167],[-49.454350099999942,-1.9889695],[-49.461527499999875,-2.012361100000021],[-49.496421,-2.012081399999943],[-49.5161513,-1.96895319999993],[-49.5346816,-1.966976799999941],[-49.535138599999982,-2.015138900000011],[-49.549582199999918,-2.013753599999859],[-49.551805300000012,-2.04875],[-49.5270878,-2.068476099999941],[-49.543207499999937,-2.089382600000022],[-49.58719119999995,-2.09880869999995],[-49.602072299999861,-2.1270831],[-49.522743900000023,-2.129425299999923],[-49.5381511,-2.17589],[-49.524871099999984,-2.198200499999928],[-49.5636821,-2.2224258],[-49.572740499999952,-2.244587299999978],[-49.565100799999982,-2.274145499999975],[-49.516619900000023,-2.2843638],[-49.511311700000022,-2.306651799999884],[-49.539273699999967,-2.305891499999859],[-49.526539299999968,-2.336807299999975],[-49.546948699999973,-2.333735099999956],[-49.562941599999931,-2.351339499999938],[-49.601252499999987,-2.344031399999949],[-49.598287499999969,-2.369121],[-49.586261299999933,-2.359864299999913],[-49.58035689999997,-2.381434899999988],[-49.600702399999932,-2.4079173],[-49.616063600000018,-2.3991196],[-49.627269699999886,-2.438694099999964],[-49.613461,-2.4634716],[-49.628472099999897,-2.5018134],[-49.611805300000015,-2.50875],[-49.620419899999945,-2.523484],[-49.638238299999955,-2.51715],[-49.682839,-2.543966199999943],[-49.711919599999931,-2.643785],[-49.690363,-2.660058900000024],[-49.722361,-2.656257499999924],[-49.744027500000016,-2.684861099999978],[-49.733393399999954,-2.689500699999883],[-49.743749699999967,-2.712638899999945],[-49.7611683,-2.714948900000024],[-49.750064099999975,-2.734039399999972],[-49.784295499999985,-2.7602953],[-49.767977299999927,-2.777636],[-49.78763959999992,-2.829016499999966],[-49.778903899999989,-2.881651],[-49.8113338,-2.890448899999967],[-49.812009599999953,-2.915095800000017],[-49.849589199999969,-2.923195299999861],[-49.8008676,-3.037683099999924],[-49.816962499999931,-3.0619557],[-49.8335502,-3.054889600000024],[-49.808316600000012,-3.086481100000015],[-49.841754,-3.1351886],[-49.8243053,-3.18459150000001],[-49.766127900000015,-3.233909599999947],[-49.776445099999876,-3.238243800000021],[-49.768283100000019,-3.280720799999983],[-49.795590800000014,-3.280868],[-49.796418300000028,-3.259332899999947],[-49.8071923,-3.2646729],[-49.801966299999947,-3.316391399999873],[-49.8296578,-3.316813],[-49.8343069,-3.341797499999927],[-49.812631199999942,-3.352639799999963],[-49.83347329999998,-3.3554057],[-49.848589799999957,-3.388535999999874],[-49.835405499999979,-3.405138299999976],[-49.8381875,-3.448470499999985],[-49.807706699999983,-3.478935200000024],[-49.805959,-3.499571499999945],[-49.822862199999975,-3.517712800000027],[-49.805127699999957,-3.534028499999977],[-49.8443628,-3.575405499999931],[-49.876132299999938,-3.5722108],[-49.877112199999942,-3.6017271],[-49.885914299999911,-3.586606099999869],[-49.903153399999951,-3.592286099999967],[-49.974026400000014,-3.6937608],[-49.989754,-3.69137969999997],[-49.98429,-3.7612168],[-49.955962,-3.79090960000002],[-49.972843099999977,-3.800096199999928],[-49.967152,-3.82866759999996],[-50.002684699999861,-3.851879199999985],[-50.012518699999873,-3.901795199999924],[-50.056040099999905,-3.9121106],[-50.071797899999865,-3.9601389],[-50.12496440000001,-3.982803599999954],[-50.130706299999986,-4.020569],[-50.0991651,-4.05819589999993],[-50.1174398,-4.070665],[-50.118415799999866,-4.135200499999883],[-50.1401366,-4.1367947],[-50.155140099999983,-4.161798799999985],[-50.143745,-4.189316599999984],[-50.1619609,-4.223881899999981],[-50.136249099999873,-4.262905799999942],[-50.165352200000029,-4.310214],[-50.129027299999905,-4.347075],[-50.151107700000011,-4.352922399999954],[-50.1753084,-4.4228539],[-50.208461,-4.46041369999989],[-50.195992199999978,-4.524034899999947],[-50.212095,-4.5268082],[-50.216244500000016,-4.562987],[-50.287372800000014,-4.588189899999975],[-50.305138599999964,-4.6426313],[-50.292653700000017,-4.698902799999985],[-50.254343300000016,-4.7176164],[-50.2612628,-4.744302399999981],[-50.2935422,-4.767970599999956],[-50.292360299999984,-4.820411400000012],[-50.320418199999949,-4.831795],[-50.284082399999988,-4.869105],[-50.324431799999957,-4.9153182],[-50.279575099999931,-4.939861399999984],[-50.298467599999981,-4.955704],[-50.357865199999935,-4.9325498],[-50.37893889999998,-4.94185520000002],[-50.378746799999988,-4.973184100000026],[-50.463181599999928,-4.947922099999971],[-50.48321459999994,-4.987992099999985],[-50.470697999999857,-5.107093],[-50.488196599999981,-5.09818249999995],[-50.510198099999968,-5.111009499999966],[-50.496249699999964,-5.161527799999931],[-50.556121,-5.198667100000023],[-50.70326110000002,-5.168270799999959],[-50.7368353,-5.177569799999958],[-50.744510399999967,-5.1525408],[-50.757373499999972,-5.172922200000016],[-50.813822599999924,-5.151918599999874],[-50.8561368,-5.1770206]]]]}},
{"type":"Feature","properties":{"nome_bacia":"Bacia do Rio Parnaíba"},"geometry":{"type":"MultiPolygon","coordinates":[[[[-44.930729999999869,-10.928829599999915],[-44.975408499999901,-10.888474299999928],[-45.0203454,-10.879361899999935],[-45.075139900000011,-10.8345771],[-45.159094,-10.839079699999957],[-45.244757899999968,-10.820205499999986],[-45.274301699999967,-10.75973069999992],[-45.3434719,-10.7512501],[-45.355791499999953,-10.688594099999932],[-45.39580060000003,-10.659630199999924],[-45.403511499999922,-10.629132899999888],[-45.450371299999972,-10.602707899999984],[-45.450224,-10.5426195],[-45.432656599999916,-10.5248434],[-45.441620399999977,-10.483375499999909],[-45.408053399999972,-10.453712199999927],[-45.453842799999961,-10.450827699999934],[-45.473338,-10.423120900000015],[-45.431339499999922,-10.346637899999962],[-45.466564100000028,-10.320855400000028],[-45.540563500000019,-10.3065327],[-45.558576099999868,-10.264667700000018],[-45.550667099999885,-10.222212599999864],[-45.586711299999934,-10.228392699999972],[-45.609629899999902,-10.18533050000002],[-45.634845199999972,-10.170996599999967],[-45.682502899999861,-10.1990063],[-45.698493299999882,-10.1843222],[-45.72072049999997,-10.189119299999959],[-45.720914,-10.221489499999961],[-45.7751983,-10.264546899999971],[-45.794485,-10.249163300000021],[-45.825273,-10.266392600000017],[-45.88044409999992,-10.248572799999977],[-45.915812299999857,-10.2876657],[-45.9129094,-10.326889900000026],[-45.895454200000017,-10.340528599999971],[-45.909329800000023,-10.375552099999936],[-45.96897319999988,-10.361820799999975],[-45.9992148,-10.296996700000022],[-46.026581599999986,-10.284568],[-46.018114699999956,-10.2556596],[-46.051094699999965,-10.239639],[-46.0386461,-10.208497],[-46.023713799999939,-10.207561100000021],[-46.0272096,-10.178827199999887],[-46.0591349,-10.1973916],[-46.085733799999957,-10.239239199999986],[-46.1297649,-10.253970899999956],[-46.185975799999937,-10.2359596],[-46.170553299999938,-10.1977233],[-46.206722399999876,-10.171507],[-46.27775389999988,-10.188837400000011],[-46.373781899999983,-10.168794199999923],[-46.380217099999982,-10.1226481],[-46.414335499999936,-10.0781912],[-46.4438194,-10.073524],[-46.456506,-10.048603899999989],[-46.450062699999989,-10.013960099999963],[-46.47700569999995,-9.988034],[-46.4637823,-9.929240699999866],[-46.47640530000001,-9.921400800000015],[-46.47771629999994,-9.878542200000027],[-46.510364299999935,-9.8462106],[-46.509757499999921,-9.799897399999963],[-46.573097099999984,-9.809015399999964],[-46.570989099999963,-9.759880299999963],[-46.608793100000014,-9.73620360000001],[-46.650559,-9.738720100000023],[-46.6503558,-9.693401],[-46.604872699999987,-9.65839179999989],[-46.592543,-9.5848421],[-46.535949899999935,-9.556587799999988],[-46.579234799999938,-9.510318200000029],[-46.557289200000014,-9.4885142],[-46.597010399999988,-9.480624599999942],[-46.6491395,-9.444821499999932],[-46.63271009999994,-9.412564599999939],[-46.639727900000025,-9.389424],[-46.696319,-9.411757200000011],[-46.702677899999969,-9.442494799999963],[-46.742404499999907,-9.425441899999953],[-46.7708321,-9.406045499999948],[-46.759212299999945,-9.381571099999974],[-46.7859724,-9.3738606],[-46.786090800000011,-9.349696600000016],[-46.8139286,-9.306005],[-46.836341300000015,-9.307135799999969],[-46.8472274,-9.286238500000024],[-46.885031,-9.2754112],[-46.877715199999898,-9.251346099999978],[-46.841676300000017,-9.25957509999995],[-46.818532800000014,-9.208234800000014],[-46.827547900000013,-9.194153],[-46.849404,-9.195092199999976],[-46.852325899999983,-9.1540051],[-46.8900526,-9.140944],[-46.88830779999995,-9.1255602],[-46.93256329999997,-9.128086],[-46.9301051,-9.084211200000027],[-46.912130099999899,-9.0820235],[-46.913099699999918,-9.065484099999935],[-46.939958600000011,-9.061830499999985],[-46.977872199999865,-9.080393499999957],[-47.058331899999985,-9.058617399999946],[-47.016981299999941,-8.985383899999931],[-47.011692,-8.950245900000027],[-46.969584600000019,-8.914424600000018],[-46.998769700000025,-8.878455299999928],[-46.917397600000015,-8.85747269999996],[-46.900457800000027,-8.836335399999939],[-46.897544199999913,-8.781271100000026],[-46.916751299999987,-8.734577800000011],[-46.884332500000028,-8.685703699999976],[-46.891913400000021,-8.5995067],[-46.840423,-8.523728600000027],[-46.847833700000024,-8.482444799999939],[-46.814662699999985,-8.4751903],[-46.793227499999944,-8.445446299999958],[-46.796209200000021,-8.4075638],[-46.774572799999987,-8.369534],[-46.6965004,-8.416529799999978],[-46.659821099999931,-8.391137599999979],[-46.637265500000012,-8.392483399999946],[-46.607185099999924,-8.423078799999985],[-46.597296299999982,-8.410494200000016],[-46.575741799999946,-8.414289899999915],[-46.568733399999871,-8.390420599999914],[-46.47853659999987,-8.422880499999962],[-46.407763099999897,-8.362982100000011],[-46.420006300000011,-8.338883],[-46.415039700000023,-8.2405202],[-46.3843781,-8.205053],[-46.408545,-8.169283300000018],[-46.394879100000026,-8.145856],[-46.406523900000025,-8.131820100000027],[-46.398068399999943,-8.103696799999966],[-46.4210526,-8.086594900000023],[-46.4008758,-8.050188],[-46.414216799999906,-8.001827900000023],[-46.4041403,-7.986063399999978],[-46.4189371,-7.949144199999978],[-46.449419,-7.926752099999987],[-46.420911199999921,-7.895163799999978],[-46.439918499999976,-7.838837399999989],[-46.458594800000014,-7.832019],[-46.440605800000014,-7.7953956],[-46.467850499999884,-7.767693899999927],[-46.483441199999959,-7.695653],[-46.502068099999974,-7.69375459999992],[-46.512351499999966,-7.666859699999975],[-46.545381799999973,-7.661750799999936],[-46.547782799999936,-7.603853099999924],[-46.564422299999933,-7.593178200000011],[-46.545476299999962,-7.57381659999993],[-46.548513599999922,-7.549787],[-46.5784602,-7.526718099999925],[-46.565549799999985,-7.509856499999955],[-46.588532900000018,-7.4835627],[-46.578189599999973,-7.4183751],[-46.617573599999957,-7.398209099999974],[-46.645749200000012,-7.4036623],[-46.653178200000013,-7.358182699999929],[-46.6252718,-7.325819599999988],[-46.6534893,-7.305738],[-46.6535402,-7.261151499999983],[-46.574032699999918,-7.194271800000024],[-46.5537723,-7.13229919999992],[-46.497464199999911,-7.095683800000018],[-46.488733599999989,-7.062092399999926],[-46.4991847,-7.040833799999859],[-46.443449799999939,-7.065636700000027],[-46.436298099999931,-6.998611700000026],[-46.401008599999955,-7.010245899999973],[-46.386114,-6.988624799999968],[-46.3678534,-7.000950799999941],[-46.355650299999979,-6.99226689999989],[-46.369428,-6.966298099999904],[-46.29991339999998,-6.9059593],[-46.294293,-6.853757700000017],[-46.185984399999938,-6.839860099999953],[-46.179525199999944,-6.764484399999958],[-46.130696899999919,-6.771517500000016],[-46.114668699999982,-6.735331499999972],[-46.061100599999918,-6.725852799999927],[-46.063899,-6.6986971],[-46.05095149999994,-6.69274710000002],[-46.009140799999955,-6.6881596],[-46.005010199999958,-6.703753399999925],[-45.9765349,-6.693025499999919],[-45.9651596,-6.71023219999995],[-45.938195299999961,-6.695681499999978],[-45.900974099999928,-6.747089800000026],[-45.859036899999978,-6.7262442],[-45.834890699999903,-6.767926499999987],[-45.80089959999998,-6.770204899999953],[-45.7148949,-6.846351399999946],[-45.66261819999994,-6.822355199999947],[-45.600926899999934,-6.822734199999957],[-45.574307699999963,-6.845259599999963],[-45.571983699999976,-6.87109769999995],[-45.544575899999927,-6.8715267],[-45.505528799999979,-6.819172499999979],[-45.4832685,-6.83095759999992],[-45.493359,-6.859858799999984],[-45.478761800000029,-6.869585499999971],[-45.4025148,-6.827937299999974],[-45.3702179,-6.860124199999916],[-45.376349,-6.889001599999972],[-45.34256339999996,-6.925222299999973],[-45.318765799999937,-6.928618299999926],[-45.31694490000001,-6.945427499999937],[-45.2979502,-6.948351799999955],[-45.252842900000019,-6.9121275],[-45.21351059999995,-6.940062099999921],[-45.190962300000024,-6.928192],[-45.179936299999952,-6.89941209999995],[-45.138750899999934,-6.919849499999941],[-45.13522260000002,-6.902465699999937],[-45.0778947,-6.899908700000026],[-45.060978699999964,-6.8670707],[-45.034095799999932,-6.8690135],[-45.009016899999949,-6.84680539999988],[-44.997819499999935,-6.871764],[-44.975150199999916,-6.857355199999972],[-44.9295715,-6.87486059999992],[-44.897184899999957,-6.814381500000025],[-44.872446799999864,-6.804227500000025],[-44.817097699999977,-6.8432783],[-44.817905699999926,-6.875418199999956],[-44.801076,-6.86913149999998],[-44.788193899999953,-6.888461799999959],[-44.716456299999891,-6.851217799999915],[-44.666391299999873,-6.851365499999986],[-44.648678799999914,-6.877858800000013],[-44.6209728,-6.8779058],[-44.597911300000021,-6.832975],[-44.5676795,-6.820729],[-44.529631900000027,-6.84540439999995],[-44.512006,-6.837710899999934],[-44.49312969999994,-6.854482399999938],[-44.4564871,-6.85419689999992],[-44.434019299999989,-6.842362900000012],[-44.433483199999955,-6.821255599999915],[-44.385396,-6.790652],[-44.3806947,-6.77013119999998],[-44.316529599999967,-6.757348900000011],[-44.3002897,-6.733656],[-44.277688699999942,-6.7322714],[-44.237101199999927,-6.6907645],[-44.200691899999924,-6.6861477],[-44.136528,-6.630132299999957],[-44.1104166,-6.6395728],[-44.085454799999923,-6.626632799999982],[-44.0970972,-6.610708699999918],[-44.0676386,-6.584583399999929],[-44.037905399999943,-6.603191700000025],[-44.016250099999979,-6.601519599999961],[-43.9999424,-6.579746100000023],[-43.963784699999962,-6.594871899999987],[-43.923483899999951,-6.587087699999927],[-43.920656300000019,-6.541730299999983],[-43.776869499999918,-6.552130700000021],[-43.766553699999861,-6.525805],[-43.788205800000014,-6.493603899999925],[-43.7582567,-6.4497917],[-43.744570699999883,-6.384033899999963],[-43.704887499999984,-6.389172700000017],[-43.6816475,-6.336151399999892],[-43.656061499999964,-6.329588699999988],[-43.6522448,-6.2942236],[-43.6159824,-6.3070796],[-43.604908099999989,-6.279011700000012],[-43.56818399999986,-6.274302099999943],[-43.539034499999957,-6.239028399999938],[-43.514811399999985,-6.23886090000002],[-43.4937569,-6.171249899999964],[-43.482285900000022,-6.179523599999925],[-43.431948,-6.161782099999982],[-43.437081499999977,-6.143739],[-43.458626400000014,-6.143686699999989],[-43.479398300000014,-6.1237281],[-43.4580709,-6.080501199999958],[-43.461424799999918,-6.0507475],[-43.368739,-6.0101386],[-43.343453,-5.957947399999966],[-43.26947610000002,-5.959820799999989],[-43.235970599999916,-5.939039499999978],[-43.248779,-5.922715499999981],[-43.2381206,-5.911973299999943],[-43.253228700000022,-5.903051600000026],[-43.2410294,-5.876102899999978],[-43.253458699999953,-5.866256199999953],[-43.2250373,-5.841478499999937],[-43.239046200000018,-5.804558399999962],[-43.204741299999966,-5.730631800000026],[-43.238472,-5.71930169999996],[-43.26157829999994,-5.679869],[-43.268897199999969,-5.690710700000011],[-43.301539799999887,-5.677358799999979],[-43.296019300000012,-5.6357314],[-43.284405100000015,-5.6248733],[-43.257412099999954,-5.638275299999975],[-43.244859799999915,-5.623483299999975],[-43.250757799999974,-5.607424700000024],[-43.230762499999969,-5.608146799999986],[-43.216592,-5.5889636],[-43.227037,-5.4944246],[-43.182908900000029,-5.465139599999986],[-43.1934713,-5.420131200000014],[-43.171519600000011,-5.382083],[-43.137362499999938,-5.375705400000015],[-43.109135099999946,-5.318216099999972],[-43.055252399999972,-5.317358899999931],[-43.026292799999965,-5.284110099999964],[-43.025242799999944,-5.270781600000021],[-43.043119199999978,-5.2725828],[-43.065139899999963,-5.248206200000027],[-43.08291429999997,-5.19360139999992],[-43.046606499999939,-5.145777599999974],[-43.0424913,-5.112212799999952],[-43.065595899999948,-5.094630100000018],[-43.077554099999929,-5.0505435],[-43.097947200000021,-5.05346609999998],[-43.115197799999919,-5.0370668],[-43.1126041,-5.017457799999931],[-43.169022999999868,-4.989595],[-43.16931360000001,-4.9658437],[-43.190763300000015,-4.953204700000015],[-43.1956975,-4.901947899999925],[-43.2106978,-4.899317699999926],[-43.197417,-4.877793399999973],[-43.198475,-4.830128],[-43.136804499999982,-4.80403889999991],[-43.1422528,-4.7794475],[-43.122917199999961,-4.767090699999983],[-43.119572899999923,-4.731639799999982],[-43.10110009999994,-4.709643099999937],[-43.136748799999964,-4.6477066],[-43.096593199999973,-4.62502969999997],[-43.089595700000018,-4.5754106],[-43.106221999999889,-4.5491103],[-43.0852888,-4.5382975],[-43.0801234,-4.488875399999984],[-43.094188699999961,-4.463385800000026],[-43.090816599999869,-4.4318141],[-43.114561699999967,-4.418656100000021],[-43.110445499999912,-4.393621100000018],[-43.129056199999866,-4.378630399999963],[-43.14254509999995,-4.323542],[-43.115744899999981,-4.323081599999966],[-43.106256199999962,-4.300026699999933],[-43.120638299999939,-4.255248400000028],[-43.0679237,-4.229862],[-43.075112600000011,-4.188341200000025],[-43.0492145,-4.138093499999968],[-43.061264400000027,-4.11345],[-43.040137500000014,-4.08607509999996],[-43.030238499999939,-4.089876600000025],[-43.024786899999981,-4.068822799999907],[-43.014297899999974,-4.07402739999992],[-43.020521,-4.04529249999996],[-42.992831199999898,-4.019341499999939],[-43.016798900000026,-3.95085749999987],[-42.974559199999987,-3.9221978],[-42.945979500000021,-3.934027800000024],[-42.9435618,-3.89555879999989],[-42.918000300000017,-3.8533961],[-42.932611800000018,-3.8353095],[-42.931840099999988,-3.785605499999917],[-42.944859099999917,-3.785965200000021],[-42.948177399999963,-3.768065799999874],[-42.9219005,-3.770588399999951],[-42.897991100000013,-3.722805799999946],[-42.9116254,-3.707345199999963],[-42.908879899999988,-3.675205300000016],[-42.897729499999969,-3.672288799999933],[-42.903508,-3.6349548],[-42.922009799999955,-3.617713899999956],[-42.91624719999993,-3.580426],[-42.939231100000029,-3.55312049999992],[-42.936302500000011,-3.510739300000012],[-42.959873,-3.493464899999879],[-42.952747099999954,-3.4734659],[-43.01597229999993,-3.479297200000019],[-43.012363,-3.4259806],[-42.968968500000017,-3.39477079999989],[-42.990886799999942,-3.369665899999973],[-42.980079499999988,-3.355472],[-42.9270909,-3.34430529999986],[-42.916254900000013,-3.319294500000012],[-42.895537499999875,-3.310839899999905],[-42.8968165,-3.276248799999962],[-42.875237200000015,-3.2878189],[-42.822706700000026,-3.275759600000015],[-42.7784595,-3.222076],[-42.785890199999983,-3.1868723],[-42.8214345,-3.174086699999918],[-42.78509889999998,-3.158887600000014],[-42.765821399999936,-3.16584569999992],[-42.749584099999936,-3.145423699999981],[-42.730703,-3.1573879],[-42.707471799999951,-3.145092299999988],[-42.710928499999966,-3.189105799999879],[-42.6829075,-3.1923749],[-42.702309300000024,-3.217685499999959],[-42.6603695,-3.221340199999929],[-42.670427,-3.2670842],[-42.607079599999963,-3.26556290000002],[-42.5697958,-3.3045108],[-42.548194099999876,-3.274305599999934],[-42.5278207,-3.29292659999993],[-42.545390199999872,-3.3339461],[-42.535736400000019,-3.341351499999973],[-42.505139999999869,-3.326539200000013],[-42.49362450000001,-3.346992299999954],[-42.4789793,-3.317714500000022],[-42.435757099999933,-3.302809599999989],[-42.424703299999976,-3.273805399999958],[-42.3646321,-3.271140699999933],[-42.3234632,-3.2306951],[-42.300257599999952,-3.236012199999948],[-42.27159469999998,-3.209385199999929],[-42.215412299999969,-3.203460800000016],[-42.176889599999981,-3.1755624],[-42.172361,-3.1945753],[-42.145413499999961,-3.190684899999951],[-42.141610199999889,-3.1761249],[-41.975146,-3.109583399999963],[-41.971261899999888,-3.089024699999982],[-41.947482400000013,-3.076537499999972],[-41.899898699999881,-3.085518200000024],[-41.849414199999956,-3.021699999999896],[-41.8268132,-3.017328],[-41.833891600000015,-2.997468500000025],[-41.80147340000002,-2.96115489999994],[-41.851400099999978,-2.910284099999956],[-41.881513299999938,-2.905817899999988],[-41.8640426,-2.850830200000019],[-41.899309099999925,-2.866539499999931],[-41.925313500000016,-2.81050879999998],[-41.909586199999922,-2.802078],[-41.901918299999977,-2.8187997],[-41.892047,-2.809469499999864],[-41.90208459999991,-2.7690159],[-41.883504,-2.750489500000015],[-41.794108699999924,-2.740322099999958],[-41.7955852,-2.768977399999983],[-41.825428,-2.813850199999933],[-41.813737899999865,-2.8337515],[-41.760874899999976,-2.8305388],[-41.78004569999996,-2.844659299999933],[-41.775418899999977,-2.860149499999977],[-41.811126800000011,-2.9265709],[-41.779870399999936,-2.951127799999938],[-41.774976,-2.9901289],[-41.760418,-2.98681670000002],[-41.789017599999966,-3.009302400000024],[-41.78053890000001,-3.0212484],[-41.739474200000018,-3.011232499999949],[-41.731674,-3.01635970000001],[-41.7851427,-3.039764400000024],[-41.797498500000017,-3.066036],[-41.7843881,-3.0690985],[-41.782575399999928,-3.125478499999986],[-41.764114300000017,-3.135920899999974],[-41.7637449,-3.152093199999968],[-41.7306941,-3.1526389],[-41.719021600000019,-3.177918700000021],[-41.684069099999931,-3.19386419999995],[-41.689386,-3.213392499999941],[-41.658483499999875,-3.2607064],[-41.660820699999988,-3.293177800000024],[-41.611379,-3.3059892],[-41.571805199999915,-3.34375],[-41.5383837,-3.3440109],[-41.518368399999986,-3.319798599999956],[-41.504597499999932,-3.33597],[-41.490050100000019,-3.325345799999923],[-41.4624407,-3.338879899999938],[-41.45612460000001,-3.364456799999914],[-41.413058700000022,-3.373902499999929],[-41.388951799999973,-3.409234099999935],[-41.339865899999893,-3.414848799999902],[-41.348972799999956,-3.450157599999955],[-41.3246327,-3.49196360000002],[-41.288715,-3.479746700000021],[-41.25304890000001,-3.488075900000013],[-41.226561099999913,-3.4649263],[-41.19485949999995,-3.480839699999933],[-41.170745499999953,-3.5052508],[-41.17746939999995,-3.5261473],[-41.132055099999945,-3.608095100000014],[-41.130413699999963,-3.6588686],[-41.152218699999935,-3.686948499999971],[-41.1043335,-3.746812200000022],[-41.106412499999976,-3.777471199999923],[-41.143194100000017,-3.81375],[-41.122366399999976,-3.8331852],[-41.090166300000021,-3.816936],[-41.041909699999962,-3.819914599999947],[-41.000778499999967,-3.797396899999967],[-40.978804799999978,-3.8064756],[-40.918050899999912,-3.770000700000026],[-40.904027400000018,-3.774305599999934],[-40.924832599999945,-3.835039199999926],[-40.899342199999865,-3.851157599999965],[-40.908213399999966,-3.889669],[-40.850277299999902,-3.925992399999984],[-40.842400600000019,-3.954321],[-40.852671899999962,-3.966674300000022],[-40.8372084,-3.984784099999956],[-40.8569154999999,-4.096483499999977],[-40.804445099999896,-4.136109200000021],[-40.719063899999981,-4.14031940000001],[-40.711248399999931,-4.164016199999878],[-40.742911699999979,-4.2117938],[-40.745686499999977,-4.244392],[-40.763206299999979,-4.245416199999966],[-40.752589199999932,-4.3232966],[-40.792359899999951,-4.4023499],[-40.7834719,-4.449583399999938],[-40.797708300000011,-4.53310190000002],[-40.818396199999938,-4.566519299999982],[-40.813076499999966,-4.628077299999973],[-40.768079,-4.639444599999933],[-40.733190900000011,-4.630705700000021],[-40.719860799999935,-4.682916699999964],[-40.656353599999989,-4.689040299999931],[-40.625510099999985,-4.8019],[-40.590236899999979,-4.826072],[-40.572626599999978,-4.824023299999965],[-40.562348099999952,-4.793478600000014],[-40.54097059999998,-4.7808276],[-40.5137578,-4.818749899999943],[-40.467638699999895,-4.810980299999926],[-40.46339839999996,-4.82992059999998],[-40.439244799999983,-4.827379599999972],[-40.415545099999974,-4.8531792],[-40.3679163,-4.85375],[-40.31735649999996,-4.883223799999939],[-40.310060899999939,-4.901754499999925],[-40.290138599999921,-4.8929167],[-40.220843699999989,-4.929871799999944],[-40.164311199999986,-4.935973499999989],[-40.165139,-4.9651467999999],[-40.100505099999964,-5.001750899999934],[-40.1055452,-5.023487400000022],[-40.1520415,-5.040968],[-40.139311,-5.06990309999992],[-40.154219300000022,-5.0811433],[-40.134318399999927,-5.0969280999999],[-40.135190499999965,-5.1313015],[-40.1665162,-5.165141899999981],[-40.1315636,-5.154449],[-40.081150499999978,-5.173086],[-40.073477499999967,-5.162363200000016],[-40.061329699999987,-5.1854975],[-40.0306728,-5.183848199999943],[-40.0217925,-5.2065333],[-40.046414200000015,-5.237787399999945],[-40.05540469999994,-5.28708469999998],[-40.026794900000027,-5.2962541],[-40.01686449999994,-5.31882319999994],[-40.025421199999982,-5.344419799999969],[-40.053475400000025,-5.359295699999961],[-40.0595126,-5.405070200000011],[-40.124579499999982,-5.458198099999947],[-40.106915599999979,-5.466232400000024],[-40.1148528,-5.543472399999985],[-40.1745578,-5.540613399999927],[-40.1735304,-5.556890899999985],[-40.227976899999987,-5.590636300000028],[-40.219496600000014,-5.605921199999955],[-40.237640399999862,-5.6134626],[-40.21430689999994,-5.6976505],[-40.245344699999976,-5.706007199999988],[-40.240467199999955,-5.718694],[-40.28625390000002,-5.7559733],[-40.365511700000013,-5.742654300000027],[-40.411243,-5.8134738],[-40.447333800000024,-5.828292399999953],[-40.490095600000018,-5.834213200000022],[-40.520826199999988,-5.813196],[-40.548858699999926,-5.842541399999959],[-40.661261299999978,-5.847084699999982],[-40.68292109999993,-5.8756889],[-40.673187499999983,-5.905973800000027],[-40.69513859999995,-5.912361199999907],[-40.71487929999995,-5.940927899999906],[-40.712140299999987,-5.965053099999921],[-40.746217899999976,-5.983584599999972],[-40.733440299999984,-6.02919849999995],[-40.7148593,-6.041817400000014],[-40.7370828,-6.057630899999936],[-40.732360699999901,-6.071536200000025],[-40.759871499999917,-6.093784199999959],[-40.7924236,-6.089098399999955],[-40.812359199999946,-6.095127],[-40.810623599999872,-6.107880200000011],[-40.850973300000021,-6.109039499999938],[-40.840126,-6.1684646],[-40.8480631,-6.222571499999958],[-40.783392199999867,-6.324819699999864],[-40.802908600000023,-6.377083299999981],[-40.788473399999987,-6.419016599999964],[-40.7961831,-6.507345900000018],[-40.783176699999956,-6.532131900000024],[-40.736245599999904,-6.537073],[-40.735089099999982,-6.581995599999971],[-40.7168163,-6.604027199999962],[-40.7359826,-6.620823099999939],[-40.740699299999903,-6.658485399999961],[-40.692633600000022,-6.681703799999923],[-40.644305199999962,-6.67847230000001],[-40.6415318,-6.698758199999986],[-40.624860799999965,-6.698750099999927],[-40.6123121,-6.717994099999942],[-40.559312399999953,-6.712651199999982],[-40.527566199999967,-6.739066199999968],[-40.465130400000021,-6.7281999],[-40.432986399999947,-6.812022099999922],[-40.4082912,-6.810039699999948],[-40.399849299999971,-6.789864099999988],[-40.361991900000021,-6.797776899999974],[-40.382249,-6.822825],[-40.376249700000017,-6.834575699999959],[-40.427083,-6.850972300000024],[-40.432298199999934,-6.9949527],[-40.40930329999992,-7.003206799999987],[-40.4413586,-7.014753499999983],[-40.428194099999928,-7.029583399999979],[-40.438030399999946,-7.052633499999956],[-40.500144299999988,-7.124591800000019],[-40.483471899999984,-7.1418056],[-40.51807980000001,-7.27521669999993],[-40.4971011,-7.3160689],[-40.526794599999903,-7.3240384],[-40.54013070000002,-7.375820499999918],[-40.564731,-7.404010899999946],[-40.609862599999985,-7.433479799999986],[-40.673265500000014,-7.4146965],[-40.682972099999972,-7.44279389999997],[-40.728312099999926,-7.481003499999986],[-40.701770599999975,-7.540981099999954],[-40.636091599999986,-7.5948361],[-40.617916299999933,-7.583472299999926],[-40.610929599999963,-7.598755499999982],[-40.637166200000024,-7.619315499999971],[-40.6437646,-7.6741723],[-40.6740314,-7.712567799999988],[-40.670970399999931,-7.782927699999959],[-40.575122,-7.76750439999995],[-40.522638599999937,-7.790694499999972],[-40.51866,-7.832333299999959],[-40.566257,-7.880973199999914],[-40.5593505,-7.902558499999941],[-40.535427799999923,-7.91457680000002],[-40.543205599999908,-7.965988400000015],[-40.57530909999997,-8.003021600000011],[-40.577241899999933,-8.041169599999989],[-40.600421099999949,-8.082071499999984],[-40.589509699999951,-8.133442600000024],[-40.601260599999932,-8.150139599999875],[-40.643183,-8.13763739999996],[-40.642349199999956,-8.156803699999955],[-40.664584600000012,-8.159867799999915],[-40.675595,-8.185959500000024],[-40.69573429999997,-8.186777499999948],[-40.709039299999915,-8.225688099999957],[-40.782329,-8.25300390000001],[-40.778482699999984,-8.30069409999993],[-40.790706600000021,-8.3201446],[-40.820138199999917,-8.322653099999968],[-40.825891899999988,-8.378296799999987],[-40.8564495,-8.379494499999964],[-40.870816399999967,-8.356546700000024],[-40.896249699999942,-8.354861199999959],[-40.901520199999936,-8.422917799999937],[-40.9262511,-8.448187599999926],[-40.976193899999942,-8.399005299999942],[-41.0033305,-8.402859799999987],[-41.007830399999932,-8.419393699999944],[-41.04236329999992,-8.433481599999936],[-41.050972600000023,-8.480145499999935],[-41.0834666,-8.473194099999944],[-41.09503159999997,-8.519001800000012],[-41.148724399999935,-8.533351499999981],[-41.166705499999921,-8.582049400000017],[-41.212353300000018,-8.600416699999982],[-41.214977799999929,-8.627245500000015],[-41.2557213,-8.621314900000016],[-41.249071299999969,-8.638079300000015],[-41.267241,-8.649002],[-41.265970399999958,-8.66373870000001],[-41.288473399999987,-8.6590165],[-41.3356217,-8.709001100000023],[-41.391260400000021,-8.705971799999929],[-41.3896552,-8.732810200000017],[-41.419290100000012,-8.796436700000015],[-41.4351532,-8.783727899999974],[-41.457162499999924,-8.79673809999997],[-41.451342699999941,-8.816711899999973],[-41.512864499999978,-8.875474399999973],[-41.506526300000019,-8.889868],[-41.545038299999987,-8.934404599999937],[-41.544015799999954,-8.962082399999929],[-41.564865199999929,-8.9695931],[-41.571443899999963,-8.954701600000021],[-41.603461,-8.95625],[-41.629200799999978,-8.984273],[-41.669325299999969,-8.985794599999963],[-41.68135129999996,-9.013248299999987],[-41.723718,-9.0141805],[-41.7414071,-9.001524699999948],[-41.725788500000021,-9.025056899999981],[-41.734359599999891,-9.09674339999998],[-41.78734959999997,-9.1262451],[-41.8011062,-9.167509699999982],[-41.832492,-9.1955089],[-41.824925499999949,-9.2550008],[-41.83485259999992,-9.2818057],[-41.867729,-9.252462200000025],[-41.9062002,-9.255187799999931],[-41.909920299999953,-9.280285299999946],[-41.927136799999971,-9.281338399999981],[-41.95291629999997,-9.252916699999957],[-41.9487722,-9.238040399999932],[-41.953869600000019,-9.251954099999978],[-41.98180519999994,-9.249027899999987],[-41.9963957,-9.2618857],[-42.02180519999996,-9.247639],[-42.06014620000002,-9.25541729999992],[-42.097350300000016,-9.280967899999951],[-42.138188799999966,-9.281485299999872],[-42.142916300000024,-9.295416699999976],[-42.231974399999956,-9.2841285],[-42.3530402,-9.346543699999927],[-42.35555,-9.375971499999935],[-42.417461899999978,-9.408220399999948],[-42.433760899999982,-9.4529119],[-42.4536114,-9.465359099999944],[-42.486420299999963,-9.4603007],[-42.487484399999914,-9.493213899999944],[-42.589620299999922,-9.4977288],[-42.623460799999918,-9.542084499999987],[-42.635317499999928,-9.532503299999917],[-42.667122800000016,-9.550305400000013],[-42.717826499999887,-9.530647199999919],[-42.7143413,-9.554944999999861],[-42.745690599999989,-9.5706836],[-42.757345199999918,-9.6075209],[-42.785945,-9.632998499999985],[-42.822082499999965,-9.614591299999915],[-42.836796,-9.536530799999923],[-42.876571099999978,-9.5652035],[-42.879289299999925,-9.551449799999943],[-42.897788399999968,-9.5526827],[-42.896819199999982,-9.521259199999974],[-42.929605899999899,-9.527452799999935],[-42.9532969,-9.509126099999889],[-42.9607426,-9.456823199999974],[-42.9508882,-9.439271599999984],[-42.9923238,-9.402789699999971],[-43.057360799999969,-9.415138999999897],[-43.057720099999983,-9.389405599999918],[-43.0764254,-9.399157299999956],[-43.117916400000013,-9.370694499999956],[-43.1070691,-9.4214159],[-43.115903,-9.426333],[-43.145427499999983,-9.367639699999984],[-43.1614588,-9.372035399999959],[-43.190138600000012,-9.432639],[-43.21680520000001,-9.402361199999916],[-43.281267499999956,-9.429421399999967],[-43.3040315,-9.390568799999983],[-43.3610928,-9.3717345],[-43.39141989999996,-9.344474400000024],[-43.395020399999964,-9.308215],[-43.455138599999941,-9.223750100000018],[-43.547521499999959,-9.308719399999916],[-43.59258410000001,-9.306203400000015],[-43.610761799999977,-9.324661799999944],[-43.618966,-9.371451],[-43.69068679999998,-9.419582499999933],[-43.75320169999992,-9.425417099999947],[-43.769397399999946,-9.463643799999943],[-43.8253851,-9.503658799999982],[-43.850423599999942,-9.551528299999973],[-43.832458299999928,-9.6211495],[-43.844781,-9.639235499999927],[-43.787916799999891,-9.706520099999977],[-43.799477499999966,-9.727801699999929],[-43.788429899999983,-9.749639599999966],[-43.753490399999976,-9.7845936],[-43.722911499999952,-9.7837606],[-43.722886699999947,-9.801646600000026],[-43.675534599999935,-9.814446799999928],[-43.650151799999946,-9.8368],[-43.6676347,-9.844038],[-43.680263399999944,-9.8897197],[-43.696086,-9.8897493],[-43.71003879999995,-9.912983699999984],[-43.6872093,-9.93976159999994],[-43.703430399999945,-9.9670729],[-43.659405900000024,-10.005868299999975],[-43.687936900000011,-10.044801599999971],[-43.690417799999921,-10.077633100000014],[-43.750659199999973,-10.071932300000014],[-43.774583,-10.087350099999981],[-43.735683699999981,-10.151530499999978],[-43.7799498,-10.171031599999935],[-43.802717099999938,-10.219352800000024],[-43.86041640000002,-10.2656945],[-43.835412,-10.277084299999956],[-43.828479099999868,-10.3015363],[-43.878287100000023,-10.3224305],[-43.878486299999906,-10.342272099999889],[-43.895008599999983,-10.346132199999886],[-43.915679,-10.383864299999971],[-43.916087799999957,-10.420370400000024],[-43.9429043,-10.4259707],[-44.035429,-10.394395799999984],[-44.0467961,-10.421710799999971],[-44.026805299999978,-10.456250099999977],[-44.0854273,-10.494584299999985],[-44.0665672,-10.505881699999918],[-44.0541776,-10.54010089999997],[-44.077368,-10.572917800000027],[-44.107244900000012,-10.577369299999987],[-44.127924399999984,-10.633917299999951],[-44.16006520000002,-10.655074599999921],[-44.213892299999941,-10.613032799999928],[-44.261247200000014,-10.62209329999996],[-44.292640099999971,-10.587072200000023],[-44.281527499999868,-10.567639],[-44.320694099999912,-10.537639],[-44.340694099999951,-10.538194499999975],[-44.424055899999928,-10.6228696],[-44.445964099999856,-10.593750499999942],[-44.479448599999955,-10.637342699999977],[-44.51125,-10.654017099999919],[-44.570598699999948,-10.622364100000027],[-44.63284189999996,-10.675206],[-44.66023169999994,-10.680835199999933],[-44.674016199999983,-10.666803499999958],[-44.663621700000022,-10.7359846],[-44.685192200000017,-10.783984799999985],[-44.700127399999928,-10.76263419999998],[-44.706518500000016,-10.776248899999985],[-44.7189876,-10.7683515],[-44.751468699999862,-10.782162299999982],[-44.80086979999993,-10.823157799999933],[-44.806903,-10.8698713],[-44.8404051,-10.8901399],[-44.856853399999977,-10.877344900000026],[-44.930729999999869,-10.928829599999915]]]]}},
{"type":"Feature","properties":{"nome_bacia":"Bacia do Rio das Mortes"},"geometry":{"type":"MultiPolygon","coordinates":[[[[-55.251656499999967,-15.815841700000021],[-55.25570179999994,-15.859469099999956],[-55.271973800000012,-15.851695],[-55.297598699999924,-15.868308300000024],[-55.3312282,-15.821261400000026],[-55.347371799999962,-15.833749599999919],[-55.371334499999989,-15.815704399999959],[-55.399099299999989,-15.82754970000002],[-55.41261750000001,-15.814089599999932],[-55.361542499999985,-15.755929700000024],[-55.3711449,-15.7301589],[-55.3462151,-15.68734139999998],[-55.352326599999969,-15.65178909999986],[-55.296352799999966,-15.611123299999917],[-55.290492500000028,-15.567278199999919],[-55.312179699999945,-15.550835199999938],[-55.313723,-15.529771799999935],[-55.252322699999866,-15.476089799999954],[-55.2112424,-15.40469029999997],[-55.2246376,-15.35215989999989],[-55.176852899999972,-15.310947799999951],[-55.152050399999951,-15.308854399999973],[-55.158920799999976,-15.267831399999977],[-55.139971699999933,-15.2352032],[-55.161403099999916,-15.205349800000022],[-55.145613,-15.182543799999962],[-55.0785553,-15.160775899999862],[-55.0373234,-15.170629599999984],[-54.9543435,-15.125501499999984],[-54.922909800000014,-15.125027400000022],[-54.9228569,-15.106025699999975],[-54.828100300000017,-15.057461400000022],[-54.779893499999957,-15.003757599999915],[-54.6605525,-14.919736499999942],[-54.52043759999998,-14.883326499999896],[-54.493236599999989,-14.854387499999916],[-54.46330619999992,-14.850256499999887],[-54.441487199999926,-14.8653615],[-54.411391699999911,-14.857160099999987],[-54.405322500000011,-14.807249499999955],[-54.37226349999986,-14.783749599999965],[-54.3486818,-14.792839799999967],[-54.318509499999948,-14.780830700000024],[-54.310693399999934,-14.802185899999927],[-54.2826675,-14.816725899999938],[-54.239577499999939,-14.7877497],[-54.215651,-14.805508],[-54.179472299999929,-14.777424199999984],[-54.1090898,-14.777697499999988],[-54.077817499999924,-14.848708199999919],[-54.0535476,-14.863527399999953],[-54.020488099999966,-14.843958900000018],[-54.00298609999993,-14.856149699999946],[-54.005895599999974,-14.88103],[-53.9732525,-14.907041399999912],[-53.939025500000014,-14.883188],[-53.92130370000001,-14.8341585],[-53.891030099999909,-14.870432799999946],[-53.874000499999966,-14.8622613],[-53.872450499999957,-14.836299699999984],[-53.840797099999918,-14.8155835],[-53.84791639999986,-14.785139],[-53.734778,-14.787464099999909],[-53.721201699999938,-14.8107556],[-53.7018053,-14.800416799999937],[-53.6641646,-14.813908099999935],[-53.686805699999979,-14.75846439999998],[-53.6458452,-14.7582193],[-53.642054399999893,-14.785486100000014],[-53.571194399999968,-14.792065599999944],[-53.546527500000025,-14.768194600000015],[-53.5016903,-14.76326279999995],[-53.485607800000025,-14.739389899999935],[-53.465983,-14.754581499999858],[-53.446744299999978,-14.734452],[-53.36777259999991,-14.730841100000021],[-53.350469099999941,-14.704461700000024],[-53.354206899999951,-14.684417899999971],[-53.308872899999983,-14.662463800000012],[-53.3171628,-14.634680800000012],[-53.304617699999937,-14.608389599999896],[-53.284817799999871,-14.622966299999916],[-53.206639299999949,-14.629278399999919],[-53.196535400000016,-14.644870699999956],[-53.159579199999939,-14.6468279],[-53.1368321,-14.6235792],[-53.120796,-14.64149279999998],[-53.095217199999979,-14.643546500000014],[-53.0504891,-14.630482700000016],[-53.043744299999958,-14.6092294],[-53.022618099999988,-14.610303199999976],[-52.999327199999982,-14.587278799999979],[-52.968720099999928,-14.516441599999951],[-52.922645699999975,-14.502638199999978],[-52.920106899999951,-14.486694199999874],[-52.85929040000002,-14.479402900000025],[-52.831964299999981,-14.450397399999929],[-52.817014500000028,-14.393924099999936],[-52.7938686,-14.384807499999965],[-52.789247199999977,-14.340761899999904],[-52.819028499999945,-14.313078399999881],[-52.804371099999912,-14.277188699999954],[-52.817880099999968,-14.267930299999989],[-52.8197108,-14.239482499999951],[-52.831784,-14.238255200000026],[-52.814470899999947,-14.212404699999979],[-52.758577100000025,-14.216972399999975],[-52.6608291,-14.164166799999975],[-52.60894849999994,-14.153444099999945],[-52.598433600000021,-14.136001699999952],[-52.481635900000015,-14.138862499999959],[-52.466126799999927,-14.1142377],[-52.431509299999959,-14.109453299999984],[-52.389966499999957,-14.0527475],[-52.365242,-14.084460700000022],[-52.321175699999969,-14.0443752],[-52.211158,-14.01715],[-52.15559380000002,-14.028171299999883],[-52.148182099999872,-13.994306399999914],[-52.1211133,-13.973328299999935],[-52.097134399999959,-13.990998],[-52.064766599999984,-13.936487899999975],[-52.093418899999961,-13.882924399999865],[-52.111810299999945,-13.881123399999979],[-52.114301599999919,-13.848646899999949],[-52.0974286,-13.839906799999937],[-52.132496300000014,-13.835688800000014],[-52.1365343,-13.799029899999937],[-52.092766200000028,-13.7598375],[-52.065703499999984,-13.7600885],[-52.058749299999931,-13.704854800000021],[-52.01784,-13.700981399999989],[-52.009969299999909,-13.675878299999965],[-51.9544869,-13.654124599999875],[-51.933469100000025,-13.675980900000013],[-51.9056137,-13.677399799999989],[-51.871575299999904,-13.6412985],[-51.866507399999989,-13.605809599999986],[-51.811210399999936,-13.518614599999978],[-51.84303639999996,-13.4894716],[-51.821191699999986,-13.45868],[-51.851256699999965,-13.443643599999916],[-51.830008599999928,-13.434140800000023],[-51.814872799999932,-13.404304099999933],[-51.828697499999919,-13.3601132],[-51.791307499999959,-13.327595799999983],[-51.833023299999979,-13.216593400000022],[-51.80978829999998,-13.201303600000017],[-51.808638,-13.171816799999931],[-51.797552799999949,-13.169011099999977],[-51.785043899999948,-13.062905],[-51.7465416,-13.027802699999938],[-51.767025399999909,-12.990828299999919],[-51.779577599999925,-13.0034822],[-51.796123,-12.988067099999967],[-51.821171,-12.86144749999994],[-51.816498599999989,-12.84934149999998],[-51.780156399999953,-12.852898599999946],[-51.784861599999886,-12.782568099999935],[-51.74757790000001,-12.777127599999915],[-51.749055100000021,-12.762157399999921],[-51.7861787,-12.743529299999977],[-51.771306499999923,-12.693968400000017],[-51.732504099999971,-12.6757622],[-51.783840599999962,-12.6547754],[-51.735464499999978,-12.655873199999974],[-51.7489842,-12.629144],[-51.687357399999939,-12.592523],[-51.68785209999993,-12.581786299999919],[-51.717642500000011,-12.578483399999868],[-51.714242599999977,-12.566319099999873],[-51.679869899999915,-12.54164789999993],[-51.678492899999924,-12.525125399999979],[-51.658829699999956,-12.528758499999981],[-51.642076499999973,-12.499581299999932],[-51.662918,-12.407904799999983],[-51.6474844,-12.396215899999902],[-51.656958699999961,-12.370230199999924],[-51.6388336,-12.335880799999927],[-51.661004699999978,-12.308193399999936],[-51.6307592,-12.271900199999948],[-51.632261200000016,-12.239768500000025],[-51.651365099999964,-12.2475824],[-51.67395590000001,-12.208533699999919],[-51.690983800000026,-12.209020399999929],[-51.691548899999987,-12.192975499999932],[-51.708874,-12.193202],[-51.729511099999968,-12.1630644],[-51.711033,-12.10919279999996],[-51.754168,-12.110796299999947],[-51.7720607,-12.07547569999997],[-51.770641099999921,-12.0464948],[-51.744382599999938,-12.042083],[-51.743007299999931,-11.8578822],[-51.716995,-11.8418509],[-51.687181399999929,-11.8466019],[-51.644575299999985,-11.881224299999928],[-51.607936299999949,-11.865994799999896],[-51.535427699999957,-11.8654156],[-51.4825057,-11.917645400000026],[-51.419799399999931,-11.91619],[-51.402075200000013,-11.965140099999985],[-51.4106878,-11.98458119999998],[-51.400378899999964,-12.02937929999996],[-51.313749799999925,-12.05791679999993],[-51.26152449999995,-12.030136700000014],[-51.2403885,-11.9786643999999],[-51.2100694,-11.960826699999984],[-51.170975599999963,-11.989310699999976],[-51.146854599999983,-11.978747699999928],[-51.125904100000014,-11.989509599999906],[-51.075711099999978,-11.977814],[-51.002642099999946,-11.927371100000016],[-50.995042500000011,-11.957747799999936],[-50.973225499999955,-11.96370439999987],[-50.949548399999969,-11.9409981],[-50.9563733,-11.9305655],[-50.930432099999962,-11.924698399999954],[-50.938190500000019,-11.915842699999985],[-50.917914699999983,-11.893205499999965],[-50.927571,-11.885601099999974],[-50.916383499999938,-11.838485600000013],[-50.888505099999975,-11.818347199999948],[-50.87035549999996,-11.838497],[-50.85765049999992,-11.821798699999988],[-50.814860899999928,-11.827361199999984],[-50.789732499999957,-11.774131899999986],[-50.761260900000025,-11.7568048],[-50.772908,-11.752917],[-50.717221699999925,-11.714142899999956],[-50.735324100000014,-11.740787299999965],[-50.717074299999979,-11.768463899999972],[-50.7469557,-11.7919298],[-50.805138600000021,-11.91458339999997],[-50.791029099999946,-11.9975938],[-50.815594799999928,-12.124969799999917],[-50.795524099999966,-12.141141600000026],[-50.81545849999992,-12.148279800000012],[-50.811410899999942,-12.163726599999904],[-50.844663099999934,-12.22992210000001],[-50.866242399999919,-12.247308699999962],[-50.863952,-12.274276499999928],[-50.889509299999986,-12.285381200000018],[-50.888160200000016,-12.299583499999983],[-50.9199956,-12.298716399999989],[-50.929527899999925,-12.318561199999976],[-50.89749159999991,-12.354178299999887],[-50.893849400000022,-12.338806399999953],[-50.872633299999961,-12.337902199999917],[-50.875456900000017,-12.3718467],[-50.890188,-12.370984099999873],[-50.867939700000022,-12.398078600000019],[-50.849708499999963,-12.404041800000016],[-50.823559,-12.3871494],[-50.844593699999962,-12.453333199999975],[-50.835809299999937,-12.463021200000014],[-50.855249299999912,-12.4702992],[-50.848602899999946,-12.485251699999935],[-50.892513399999871,-12.4842329],[-50.8914962,-12.465617399999928],[-50.916731599999935,-12.4631306],[-50.916975900000011,-12.448883699999897],[-50.940650199999936,-12.479945899999962],[-50.9222603,-12.52187049999992],[-50.940897199999938,-12.535585],[-50.905235299999902,-12.639403599999923],[-50.928054499999973,-12.723330899999951],[-50.920596199999977,-12.8120533],[-50.9528507,-12.877154499999961],[-50.941030599999976,-12.893425799999875],[-50.962942199999986,-12.899072399999966],[-50.966808899999933,-12.932044499999961],[-50.987839800000017,-12.9413204],[-51.000890700000014,-13.003963],[-51.047538199999963,-13.029284099999984],[-51.060606599999971,-13.0561199],[-51.077319499999987,-13.054954],[-51.083625900000015,-13.095538699999963],[-51.105594899999971,-13.096234099999947],[-51.107011300000011,-13.122014399999955],[-51.141774100000021,-13.1494899],[-51.146486799999934,-13.1804416],[-51.1739849,-13.191863099999978],[-51.205210299999976,-13.281059799999923],[-51.18550549999992,-13.29566549999987],[-51.204681,-13.330043799999942],[-51.21688,-13.328182799999979],[-51.241006500000026,-13.375382399999978],[-51.27847179999992,-13.375405999999884],[-51.311586299999988,-13.412683500000014],[-51.330898199999922,-13.4132401],[-51.313484899999935,-13.486954699999956],[-51.324771599999906,-13.534465999999895],[-51.371554800000013,-13.5487172],[-51.3907183,-13.569277899999975],[-51.381527600000027,-13.599576599999921],[-51.409813,-13.611165],[-51.437729599999955,-13.6936733],[-51.499757899999963,-13.788012199999969],[-51.466772499999934,-13.810796],[-51.4813292,-13.86411720000001],[-51.464998900000012,-13.8955856],[-51.4561438,-13.885232200000019],[-51.439991799999916,-13.895827199999928],[-51.4440697,-13.915020500000026],[-51.4870603,-13.948979599999973],[-51.496456099999989,-14.006035699999984],[-51.523872199999971,-14.009877199999949],[-51.55485189999996,-14.0442721],[-51.5290357,-14.06150839999998],[-51.544004200000018,-14.087831499999936],[-51.5638523,-14.083205099999986],[-51.559706399999982,-14.1005199],[-51.581746,-14.121721599999887],[-51.596323599999948,-14.118734199999949],[-51.680106200000012,-14.184655299999918],[-51.648765899999944,-14.211378799999977],[-51.662449,-14.239903499999969],[-51.646242200000017,-14.275973199999953],[-51.616537899999969,-14.296544],[-51.620025299999952,-14.34064009999986],[-51.661816499999986,-14.370695800000021],[-51.654043,-14.396553],[-51.665695699999901,-14.412349099999972],[-51.635980199999949,-14.4718059],[-51.665146099999902,-14.51791750000001],[-51.637167699999907,-14.5298206],[-51.653636399999982,-14.5414257],[-51.634104599999944,-14.582520299999885],[-51.6372407,-14.636535],[-51.620420299999978,-14.6740742],[-51.579693599999985,-14.704481899999905],[-51.5884835,-14.757924499999945],[-51.568581900000027,-14.766540099999986],[-51.563262,-14.7885614],[-51.644357099999922,-14.866066399999966],[-51.656610600000022,-14.868159299999945],[-51.6691763,-14.839753799999983],[-51.6870318,-14.847865599999921],[-51.669809699999917,-14.8910267],[-51.681749799999864,-14.91312569999991],[-51.673697899999979,-14.925465499999859],[-51.7195056999999,-14.960224700000026],[-51.7463957,-15.031372799999986],[-51.731278,-15.059165599999972],[-51.73551,-15.084719300000017],[-51.7158518,-15.093641],[-51.715272899999945,-15.1484446],[-51.686654799999985,-15.166255],[-51.716686900000013,-15.185411],[-51.71116319999993,-15.1973041],[-51.730722799999967,-15.2096196],[-51.74254069999995,-15.243583699999988],[-51.724765100000013,-15.278173799999934],[-51.737284,-15.304035099999908],[-51.72457449999996,-15.335572899999988],[-51.731101599999931,-15.371171100000026],[-51.7744621,-15.394224299999962],[-51.762797299999988,-15.428691699999888],[-51.770029099999988,-15.454825200000016],[-51.805848500000025,-15.471907499999929],[-51.816234800000018,-15.5309727],[-51.835810899999956,-15.538386],[-51.866452,-15.594682200000022],[-51.858761800000025,-15.6613597],[-51.9100446,-15.710229],[-51.901656099999968,-15.731516100000022],[-51.923346599999945,-15.770560699999976],[-51.974684599999989,-15.802703799999961],[-52.0325386,-15.79550729999994],[-52.076850900000011,-15.808881299999939],[-52.14485279999991,-15.783774100000016],[-52.211226599999918,-15.820354099999918],[-52.246539299999938,-15.8215305],[-52.236531300000024,-15.775406],[-52.286919300000022,-15.7404204],[-52.373418199999946,-15.748297099999888],[-52.413601799999981,-15.730119399999978],[-52.441132400000015,-15.694732899999963],[-52.497762699999953,-15.699440499999923],[-52.508843,-15.654277699999966],[-52.4972929,-15.626539],[-52.518479899999932,-15.575027200000022],[-52.448472,-15.5043164],[-52.459645299999977,-15.4912956],[-52.4443137,-15.4640278],[-52.462461599999983,-15.439961400000016],[-52.424571799999967,-15.435693799999967],[-52.416801099999986,-15.389317099999857],[-52.474954,-15.3630394],[-52.539777099999924,-15.382600299999922],[-52.561865599999919,-15.40529209999994],[-52.653033100000016,-15.402155899999968],[-52.662634299999979,-15.388212899999985],[-52.743194599999981,-15.363483200000019],[-52.766808399999945,-15.397350899999935],[-52.792928699999948,-15.391526100000021],[-52.8359319,-15.4258643],[-52.910885800000017,-15.451247599999931],[-52.9654349,-15.4583996],[-52.972630799999934,-15.443752500000016],[-53.044032699999946,-15.471257900000012],[-53.1077022,-15.477994599999988],[-53.118465599999922,-15.494863499999951],[-53.182893400000012,-15.47702670000001],[-53.196722500000021,-15.491809900000021],[-53.250972,-15.500972400000023],[-53.250973999999871,-15.514314899999988],[-53.291302500000029,-15.523481],[-53.31666389999998,-15.549588899999947],[-53.3217793,-15.582786499999941],[-53.349571200000014,-15.5894126],[-53.366655400000013,-15.5715224],[-53.412082600000019,-15.580408700000021],[-53.439591,-15.57013929999988],[-53.489999699999942,-15.5845314],[-53.498049299999934,-15.63540009999997],[-53.574240199999963,-15.6550565],[-53.571722,-15.686610299999984],[-53.626798499999893,-15.719026499999984],[-53.77183,-15.717352199999937],[-53.783585799999969,-15.7454449],[-53.760961300000019,-15.745417599999939],[-53.783760299999926,-15.815268100000026],[-53.754850200000021,-15.831806],[-53.749220399999956,-15.864360799999986],[-53.773597299999949,-15.89501580000001],[-53.829208,-15.85130479999998],[-53.866455799999926,-15.855896299999927],[-53.872975699999984,-15.843996100000027],[-53.915967,-15.8686348],[-53.967516900000021,-15.84421089999995],[-53.972058800000013,-15.823081699999989],[-53.993949399999906,-15.829027399999973],[-54.021955199999923,-15.780997099999922],[-54.0560314,-15.7964298],[-54.0783346,-15.78707009999988],[-54.082630900000026,-15.7550771],[-54.101075399999957,-15.796988399999918],[-54.119940900000017,-15.807573999999875],[-54.154065800000012,-15.777396299999964],[-54.180603,-15.7965623],[-54.188039,-15.7542848],[-54.164317499999925,-15.724859399999957],[-54.17106919999992,-15.6996206],[-54.1571025,-15.678672300000017],[-54.171663799999976,-15.64943820000002],[-54.2242693,-15.632388400000025],[-54.2229878,-15.60648649999996],[-54.198246499999982,-15.589071499999932],[-54.1932822,-15.543569299999888],[-54.2064403,-15.530317299999865],[-54.231307699999945,-15.5384805],[-54.2358941,-15.554807199999971],[-54.293796,-15.5517377],[-54.303087,-15.572422399999937],[-54.3606504,-15.5972681],[-54.410309,-15.581057399999963],[-54.432790599999976,-15.5890205],[-54.444861899999921,-15.552234],[-54.474192599999981,-15.5452431],[-54.495242799999971,-15.579948800000011],[-54.542787299999986,-15.589734899999939],[-54.566514900000016,-15.563950499999919],[-54.605642099999955,-15.5664703],[-54.610105200000021,-15.535371699999985],[-54.6421464,-15.507501499999989],[-54.658843199999978,-15.509897599999988],[-54.658449099999928,-15.4861325],[-54.696915100000012,-15.520262],[-54.713115699999946,-15.509328900000014],[-54.822679,-15.5505063],[-54.870317600000021,-15.546723699999916],[-54.8680048,-15.534133399999973],[-54.906607699999938,-15.523017700000025],[-54.909032899999886,-15.474849800000015],[-54.958509100000015,-15.475261499999988],[-55.034123299999976,-15.5263612],[-55.0546979,-15.488850800000023],[-55.093754599999954,-15.494367399999931],[-55.103261,-15.515626699999984],[-55.191397,-15.564895799999988],[-55.188424399999974,-15.644051799999943],[-55.258752,-15.707177],[-55.272866599999986,-15.74143209999994],[-55.251656499999967,-15.815841700000021]]]]}},
{"type":"Feature","properties":{"nome_bacia":"Bacia do Rio Araguari"},"geometry":{"type":"MultiPolygon","coordinates":[[[[-51.409867299999974,1.034872800000073],[-51.3913968,1.032909600000039],[-51.392814099999953,0.996092200000021],[-51.350855199999955,1.0136281],[-51.344032700000014,0.982364799999971],[-51.302859,0.993729200000075],[-51.281811499999947,0.967625699999928],[-51.253939699999989,0.973503300000061],[-51.241373799999963,1.0402497],[-51.209336499999949,1.060048100000131],[-51.1527691,1.068043499999987],[-51.14362060000002,1.084043700000109],[-51.116539100000011,1.0704159],[-51.1135099,1.139907300000061],[-51.088123399999972,1.148164500000064],[-51.058472299999949,1.137646300000029],[-51.051250399999958,1.164298300000041],[-51.022626899999977,1.162365599999987],[-51.0235295,1.184913600000073],[-50.989832799999988,1.210687300000131],[-50.997856099999979,1.237950700000113],[-50.967918,1.2631993],[-50.945704199999966,1.308589200000029],[-50.927688399999965,1.309644],[-50.928294499999936,1.331345600000134],[-50.901807799999972,1.341936400000122],[-50.91125059999996,1.369035099999962],[-50.895139099999938,1.359038400000088],[-50.888480099999924,1.375937099999987],[-50.8679095,1.35652790000006],[-50.827182699999923,1.356792600000119],[-50.8231872,1.372359700000061],[-50.787843899999928,1.367360599999984],[-50.753475499999865,1.334595200000024],[-50.730418,1.337972900000125],[-50.719302700000014,1.307368500000052],[-50.700130199999933,1.312030100000129],[-50.701279399999976,1.3268632],[-50.665666,1.358995300000117],[-50.6260628,1.374532100000067],[-50.611527500000022,1.360972200000049],[-50.628054799999973,1.345418200000097],[-50.592917599999907,1.313742600000069],[-50.592414800000029,1.294659200000126],[-50.558408199999974,1.286724400000139],[-50.535296,1.221809900000039],[-50.486965399999974,1.221428],[-50.500982799999974,1.254735600000117],[-50.470138599999927,1.292361],[-50.4745178,1.310467599999981],[-50.489476499999967,1.312750300000062],[-50.469299699999965,1.365982700000018],[-50.484209699999951,1.391037600000061],[-50.500789,1.381039],[-50.50474829999996,1.400344900000107],[-50.489584299999933,1.414760600000022],[-50.5031439,1.424334000000101],[-50.48770780000001,1.442492200000061],[-50.528194199999916,1.479861],[-50.523568800000021,1.502176600000098],[-50.49014649999998,1.514869200000078],[-50.500562099999911,1.538106],[-50.478575299999989,1.550778200000082],[-50.482632500000022,1.566379900000072],[-50.465144800000019,1.56514],[-50.466612899999973,1.603526],[-50.504769,1.616812300000049],[-50.48319570000001,1.635126599999978],[-50.504711699999973,1.663390699999979],[-50.480438600000014,1.681977700000061],[-50.491162499999973,1.729567],[-50.482996799999967,1.755771300000106],[-50.4451616,1.769680600000072],[-50.451186399999983,1.805568],[-50.412079,1.79028970000013],[-50.324353699999961,1.813524],[-50.290228599999978,1.803031400000123],[-50.168112300000018,1.811270100000058],[-50.146659899999975,1.800071600000024],[-50.133746799999926,1.778184100000033],[-50.161100599999941,1.762922],[-50.172143800000015,1.728668500000083],[-50.158746599999972,1.69596300000012],[-50.197820700000022,1.6612222],[-50.189583500000026,1.635683500000027],[-50.217050499999914,1.586116100000083],[-50.20499929999994,1.5751593],[-50.217235699999947,1.546922500000107],[-50.17624189999998,1.554308400000139],[-50.149067,1.542107599999952],[-50.096526900000015,1.566538600000058],[-50.077355,1.561251],[-50.073472,1.519027700000095],[-50.024860900000022,1.46319440000002],[-50.0661134,1.421099700000013],[-50.0580367,1.368540700000096],[-50.0754255,1.361584500000106],[-50.072465200000011,1.346990200000107],[-50.005183799999941,1.327898900000037],[-49.980420399999957,1.293990700000052],[-49.937570699999981,1.318920600000069],[-49.915693699999906,1.30653610000013],[-49.928912500000024,1.289107600000136],[-49.9258393,1.207353399999931],[-49.935146299999928,1.1954172],[-49.954320899999914,1.207113600000014],[-49.960894699999983,1.152171599999974],[-49.974301500000024,1.143461399999921],[-49.975120399999923,1.161192600000106],[-49.9820942,1.143751599999973],[-50.015130100000022,1.149361399999975],[-50.02201939999992,1.127480600000013],[-50.058483199999898,1.131526600000086],[-50.080694199999982,1.082638800000041],[-50.11014990000001,1.092361400000016],[-50.079021,1.1040299],[-50.065694199999939,1.132361],[-50.095136599999933,1.1115378],[-50.083195,1.152645700000107],[-50.061081699999875,1.148933600000078],[-50.073488399999917,1.173050400000136],[-50.060759099999984,1.184523599999977],[-50.077042799999958,1.189514600000109],[-50.093195199999968,1.157562499999983],[-50.129516599999988,1.151730400000019],[-50.142507299999977,1.13206],[-50.1772125,1.130137400000081],[-50.197790699999985,1.152682300000095],[-50.252638600000012,1.143194400000027],[-50.277270599999952,1.113756500000079],[-50.295643199999972,1.120398800000089],[-50.306507199999942,1.070160499999986],[-50.287547500000016,1.032277500000134],[-50.3008193,0.9960878],[-50.345672900000011,1.003448800000115],[-50.369808299999988,1.060873500000071],[-50.331447499999911,1.064372400000025],[-50.338571199999933,1.076244700000018],[-50.321375799999885,1.121600099999966],[-50.351260299999922,1.126251300000092],[-50.350974,1.142928700000084],[-50.367083099999945,1.1387499],[-50.36055,1.119492900000068],[-50.387913,1.093195],[-50.416951400000016,1.120404300000018],[-50.4381988,1.115127200000018],[-50.421638499999972,1.112177700000018],[-50.419591099999934,1.095702300000028],[-50.446634,1.074371],[-50.436528199999884,1.056522200000074],[-50.464172099999985,1.045416200000091],[-50.4940388,1.054006200000117],[-50.504292299999975,1.03958520000009],[-50.495603799999969,1.024909499999978],[-50.51164469999992,1.028956600000129],[-50.530256699999882,1.011628600000108],[-50.527323499999909,1.0358592],[-50.548763800000017,1.0381994],[-50.563478599999939,1.002921500000014],[-50.544735499999888,0.989319800000089],[-50.545025800000019,0.959627700000055],[-50.572517599999969,0.911076900000012],[-50.6002881,0.908318099999974],[-50.6076521,0.893465199999923],[-50.6242398,0.904773299999988],[-50.629586099999926,0.935981200000015],[-50.6638385,0.935852400000044],[-50.683983899999987,0.9175371],[-50.7120956,0.942360800000131],[-50.7042947,0.967646100000024],[-50.715601199999981,0.983654399999921],[-50.718203899999935,0.962712],[-50.744654899999944,0.955047399999955],[-50.7318052,0.9368139],[-50.768776300000013,0.924279500000125],[-50.789341,0.94301],[-50.805531299999927,0.92386190000002],[-50.836702499999944,0.918759400000056],[-50.836359099999981,0.873846600000093],[-50.9001872,0.889657199999988],[-50.9176673,0.845867300000066],[-50.967553299999963,0.86541040000003],[-50.9584228,0.830523200000016],[-50.969658399999958,0.799936500000058],[-50.993886499999917,0.788622100000055],[-51.000117399999965,0.759171200000083],[-51.119045799999924,0.78692500000011],[-51.202315199999987,0.731990699999983],[-51.2991278,0.765382800000111],[-51.402144699999951,0.70384410000014],[-51.404562099999964,0.666584],[-51.436891199999877,0.6731676],[-51.454134,0.699699],[-51.4946402,0.667535200000088],[-51.510297999999864,0.677048200000115],[-51.527773799999864,0.656943600000034],[-51.578965,0.654835800000058],[-51.592075799999975,0.6094473],[-51.623228,0.603602600000102],[-51.638681599999927,0.579663200000141],[-51.650724199999956,0.5908857],[-51.671831399999974,0.580055100000095],[-51.664407200000028,0.547737],[-51.6758474,0.5407141],[-51.693028299999924,0.57631],[-51.726161199999979,0.595474600000102],[-51.752722800000015,0.5151856],[-51.77713110000002,0.545098099999962],[-51.816438399999981,0.543388800000116],[-51.845890299999951,0.506794200000058],[-51.858634199999926,0.516800400000022],[-51.8598609,0.501805600000125],[-51.88757240000001,0.50160070000004],[-51.901063299999919,0.484416400000043],[-51.9136537,0.509069400000044],[-51.905693299999939,0.523614700000053],[-51.9840539,0.4937764],[-52.020416799999964,0.511082100000124],[-52.0323917,0.499259599999959],[-52.044916600000022,0.51623330000001],[-52.151167900000019,0.557289600000104],[-52.177117899999928,0.529227500000104],[-52.1943033,0.537844300000017],[-52.190629300000012,0.5203641],[-52.211058,0.535674700000129],[-52.231196300000022,0.520673400000021],[-52.2269387,0.48113450000011],[-52.248601,0.466298600000016],[-52.231551,0.440950800000053],[-52.251109399999905,0.416316700000039],[-52.239738,0.40946880000007],[-52.24989949999997,0.384831],[-52.2835129,0.390265300000124],[-52.295546699999932,0.407053200000064],[-52.303027899999961,0.395731899999987],[-52.336005199999988,0.42542519999995],[-52.386185899999987,0.394574700000021],[-52.41735970000002,0.424316500000089],[-52.426424600000018,0.4548372000001],[-52.456281,0.457039400000042],[-52.46929369999998,0.513341700000012],[-52.45112180000001,0.540160299999968],[-52.548629899999924,0.582688599999983],[-52.514245799999969,0.657090600000117],[-52.513916699999925,0.688027500000089],[-52.536530499999969,0.699392900000078],[-52.559356399999956,0.676725200000021],[-52.608482499999923,0.679664300000013],[-52.631101899999976,0.712860100000057],[-52.609742499999982,0.7342322],[-52.634427,0.7564741],[-52.622259699999972,0.7791949],[-52.659528699999953,0.773645900000076],[-52.6690377,0.751618400000041],[-52.674047700000017,0.769301499999983],[-52.7757605,0.831802800000048],[-52.7718092,0.899616700000024],[-52.753494900000021,0.923066400000096],[-52.785772599999916,0.925862199999983],[-52.838057600000013,0.967920600000014],[-52.902916699999935,0.973933699999975],[-52.9616749,0.949906100000021],[-52.992905499999949,0.962917300000129],[-52.973740500000019,0.989611],[-52.977112700000021,1.054100600000083],[-52.9369833,1.110419600000057],[-52.9698644,1.132025399999975],[-52.982288499999925,1.167294200000129],[-52.963339299999973,1.1803825],[-52.981551099999933,1.181294900000012],[-52.960013499999945,1.197721200000046],[-52.959698,1.254763],[-52.941924899999947,1.24995750000005],[-52.921694699999875,1.276470400000107],[-52.929712699999982,1.3873387000001],[-52.911825499999964,1.389111],[-52.906206399999917,1.43227400000012],[-52.887076699999966,1.442216700000017],[-52.899193299999979,1.479524500000082],[-52.8769077,1.492926000000125],[-52.8676046,1.532118000000139],[-52.907569199999955,1.558355199999937],[-52.917848699999979,1.538512700000069],[-52.971699599999965,1.550865900000076],[-52.97344320000002,1.568134900000018],[-52.953902200000016,1.5841469],[-52.986180600000012,1.59519419999998],[-53.000125099999934,1.675293700000054],[-52.987498399999936,1.684525600000029],[-53.032083100000023,1.729027799999983],[-53.0294503,1.756758900000079],[-53.042329,1.75513490000003],[-53.031699800000013,1.767227699999978],[-53.041218599999979,1.77531410000006],[-53.0109905,1.806212],[-53.026015299999983,1.851202300000011],[-53.05789939999994,1.860848299999986],[-53.0662701,1.965755500000057],[-53.031069399999922,1.942808000000127],[-53.004736499999922,1.945160300000111],[-52.977916799999946,1.913760599999989],[-52.968522899999869,1.954208700000038],[-52.9062533,1.966821099999947],[-52.859027299999923,2.04208929999993],[-52.824027600000022,2.041249900000139],[-52.838754900000026,2.077071900000021],[-52.8276952,2.099173099999916],[-52.801867300000026,2.079214500000035],[-52.7709246,2.084951900000078],[-52.7529214,2.070151100000089],[-52.72847969999998,2.081527200000096],[-52.704579099999933,2.063593600000047],[-52.669094799999925,2.072899300000131],[-52.664444099999969,2.054165699999942],[-52.64672349999995,2.054554100000132],[-52.61180509999997,2.012090600000136],[-52.533266899999944,2.018047900000113],[-52.531065599999977,1.993923200000097],[-52.486837199999968,1.978384900000037],[-52.4763906,2.03759720000005],[-52.436453399999948,2.04670729999998],[-52.413192699999968,2.095983900000022],[-52.3392574,2.14743970000012],[-52.325818099999935,2.173216600000046],[-52.269071899999915,2.168640900000128],[-52.265238699999941,2.181916800000124],[-52.241367399999945,2.181400099999962],[-52.233709499999975,2.164678700000024],[-52.222147800000016,2.168819499999984],[-52.212361799999883,2.20929360000008],[-52.24292429999997,2.237558499999977],[-52.238780399999939,2.254062500000032],[-52.207563,2.2529568],[-52.188202,2.27532130000003],[-52.167088,2.273456800000133],[-52.1403434,2.312324499999932],[-52.1520951,2.336803599999939],[-52.123204499999986,2.3393094],[-52.123372399999937,2.386989599999936],[-52.106803599999921,2.3907064],[-52.1144086,2.404282100000046],[-52.094038800000021,2.409584199999983],[-52.082082599999978,2.388482900000042],[-52.0606922,2.3923532],[-52.045770599999969,2.42718],[-52.025697199999968,2.417351900000028],[-52.004041,2.432171900000014],[-51.996627,2.408572599999957],[-51.985413,2.432371],[-51.9676344,2.425130200000012],[-51.9557178,2.380900500000109],[-51.935142199999916,2.3717947],[-51.915444,2.4155268],[-51.912360899999953,2.40347220000001],[-51.895654599999943,2.414055800000142],[-51.868471399999919,2.404034900000056],[-51.8537498,2.3737499],[-51.818105399999979,2.387518900000032],[-51.777451299999939,2.3194894],[-51.7212599,2.320192300000087],[-51.69632,2.289662900000053],[-51.681386700000019,2.300066],[-51.636153700000023,2.287735400000088],[-51.622509699999966,2.300983700000074],[-51.627040099999931,2.240385600000081],[-51.612453199999948,2.229152600000077],[-51.635982,2.218198200000018],[-51.634477,2.206032700000094],[-51.593012699999917,2.1634757],[-51.586527,2.126075400000047],[-51.551537600000017,2.117913100000067],[-51.552033799999947,2.089212600000053],[-51.511601299999938,2.057850299999984],[-51.520807900000023,2.040278400000034],[-51.49864980000001,1.995788900000093],[-51.468601199999966,1.997307499999977],[-51.443472,1.946527700000047],[-51.424486800000011,1.951881900000046],[-51.399020099999973,1.936176],[-51.391135800000029,1.9606998000001],[-51.371720599999946,1.962604100000078],[-51.36009759999996,1.943074099999933],[-51.3336617,1.93984729999994],[-51.346547,1.931396],[-51.349306,1.894016900000111],[-51.37197,1.900228299999981],[-51.397272099999952,1.862713499999984],[-51.35668789999994,1.840825200000097],[-51.3611874,1.824232900000027],[-51.3390124,1.816267900000014],[-51.34498659999997,1.797383900000057],[-51.315686599999935,1.785973],[-51.322533099999987,1.750546900000018],[-51.296972099999948,1.70326260000013],[-51.327185499999985,1.671739800000125],[-51.317514399999936,1.648915800000111],[-51.3399503,1.641748500000062],[-51.340144800000019,1.626515199999972],[-51.277250599999945,1.594555200000059],[-51.250882699999977,1.484679700000129],[-51.229128799999955,1.474034700000061],[-51.253609199999971,1.435688500000026],[-51.291242,1.425694900000053],[-51.293194299999925,1.370702300000062],[-51.304582899999957,1.3606926],[-51.297638600000028,1.327660500000036],[-51.316962,1.313339699999972],[-51.293112599999915,1.281270400000039],[-51.341479699999979,1.220520599999986],[-51.356803299999967,1.1276499],[-51.374508199999923,1.126027600000043],[-51.38542080000002,1.0811352],[-51.409295099999895,1.061799599999915],[-51.409867299999974,1.034872800000073]]]]}},
{"type":"Feature","properties":{"nome_bacia":"Bacia de nome não identificado"},"geometry":{"type":"MultiPolygon","coordinates":[[[[-49.327918399999987,-0.356794299999876],[-49.337680199999966,-0.374421299999938],[-49.370694199999946,-0.38125],[-49.371804299999894,-0.348761200000013],[-49.387075400000015,-0.335141099999987],[-49.382033,-0.298376800000028],[-49.39370109999993,-0.2920752],[-49.410391099999913,-0.308793400000013],[-49.425134599999978,-0.300359399999934],[-49.424594800000023,-0.316962499999931],[-49.472798300000022,-0.372243200000014],[-49.520327,-0.352688899999919],[-49.539146699999947,-0.283961799999986],[-49.453915599999959,-0.269082],[-49.426719400000025,-0.21245110000001],[-49.408477499999947,-0.203484699999933],[-49.371997599999986,-0.214936499999965],[-49.343196200000023,-0.1932],[-49.338612599999919,-0.216537099999982],[-49.312637299999949,-0.201639600000021],[-49.2690313,-0.219314600000018],[-49.256447699999967,-0.242908300000011],[-49.204342599999904,-0.258866399999931],[-49.153572,-0.316613500000017],[-49.163858299999958,-0.334581],[-49.193647,-0.346525699999972],[-49.204194299999983,-0.337400899999921],[-49.235681699999873,-0.3595899],[-49.260606600000017,-0.3540403],[-49.2748772,-0.314459399999976],[-49.30319419999995,-0.30625],[-49.302771099999916,-0.332913799999915],[-49.289213300000029,-0.34311219999995],[-49.316495599999882,-0.3630217],[-49.327918399999987,-0.356794299999876]]]]}},
{"type":"Feature","properties":{"nome_bacia":"Bacia do Rio Jacaré Grande"},"geometry":{"type":"MultiPolygon","coordinates":[[[[-50.1727535,-1.390844099999924],[-50.218440099999953,-1.391062799999986],[-50.229803399999923,-1.372272599999974],[-50.22099350000002,-1.34972],[-50.2428736,-1.344025699999861],[-50.2708844,-1.308794499999976],[-50.305318199999988,-1.3029527],[-50.315539299999955,-1.282643399999927],[-50.386155700000018,-1.304484100000025],[-50.4043441,-1.279293899999914],[-50.424127399999861,-1.282200299999943],[-50.440039899999988,-1.2548739],[-50.483776399999897,-1.236824300000023],[-50.512246800000014,-1.257182699999987],[-50.52228759999997,-1.284806600000024],[-50.554971500000022,-1.298155199999883],[-50.570667399999934,-1.321302600000024],[-50.590498799999978,-1.321561599999939],[-50.5922038,-1.3371929],[-50.623817200000019,-1.336905499999943],[-50.629498499999954,-1.353078099999948],[-50.674250399999949,-1.3367108],[-50.700749700000017,-1.3516555],[-50.719480699999963,-1.3310631],[-50.726148899999885,-1.381365699999947],[-50.760338,-1.3784968],[-50.753322700000012,-1.39611],[-50.785029799999961,-1.428291],[-50.822562,-1.383719199999973],[-50.854964299999892,-1.37771429999998],[-50.854277700000011,-1.355155499999967],[-50.825652399999967,-1.328604400000017],[-50.868369099999938,-1.317632300000014],[-50.903165800000011,-1.3423699],[-50.911015499999962,-1.303108800000018],[-50.948514699999976,-1.2898022],[-50.982209,-1.329027199999928],[-50.973782799999981,-1.349245600000017],[-50.98928189999998,-1.3775233],[-51.024155,-1.390559699999926],[-51.014921399999878,-1.411831399999926],[-51.026731699999971,-1.4225073],[-51.052002,-1.411229100000014],[-51.068621600000029,-1.420111799999916],[-51.0829819,-1.456263899999954],[-51.084618,-1.42782039999986],[-51.1470167,-1.457810699999982],[-51.15748659999997,-1.437437699999975],[-51.1347975,-1.370765300000016],[-51.1702661,-1.3308604],[-51.1314784,-1.329455799999948],[-51.141642699999977,-1.310199599999976],[-51.133156199999917,-1.30046729999998],[-51.0901065,-1.3000257],[-51.105031199999871,-1.2642472],[-51.0670993,-1.243461200000013],[-51.096620799999982,-1.215136099999938],[-51.093753699999979,-1.17961559999992],[-51.062935599999946,-1.15199130000002],[-51.080138199999965,-1.142342900000017],[-51.129233399999976,-1.1612356],[-51.134216399999957,-1.136308400000019],[-51.170573900000022,-1.118326099999877],[-51.156235199999969,-1.08279570000002],[-51.179591500000015,-1.0636053],[-51.1557201,-1.05290930000001],[-51.13811939999988,-1.069797],[-51.104951499999913,-1.045175699999959],[-51.121785599999953,-1.015461499999958],[-51.131502599999976,-1.036364699999979],[-51.137707099999943,-1.022699499999931],[-51.161496199999988,-1.041999299999873],[-51.170056400000021,-1.03554029999998],[-51.148017899999957,-0.991797899999938],[-51.159671399999979,-0.976630499999885],[-51.1402228,-0.9471967],[-51.147360599999956,-0.9316402],[-51.106698899999913,-0.912750199999948],[-51.135136099999954,-0.8946972],[-51.1100831,-0.840803900000026],[-51.089187700000025,-0.831751699999927],[-51.116452499999923,-0.788515299999972],[-51.107033099999967,-0.728159599999969],[-51.0562741,-0.674303899999927],[-51.072694899999988,-0.641166],[-51.103029600000013,-0.626589799999977],[-51.09832339999997,-0.602249299999983],[-51.0534288,-0.554628099999945],[-51.020146099999977,-0.542598899999916],[-51.0694744,-0.5380687],[-51.076359799999977,-0.555038599999989],[-51.140294399999959,-0.537515599999892],[-51.122360299999968,-0.519224899999983],[-51.119244799999933,-0.457749399999955],[-51.080498499999976,-0.427374499999928],[-51.1047385,-0.41314749999998],[-51.108317699999986,-0.3749156],[-51.058396899999934,-0.373896499999944],[-51.051526199999955,-0.3632799],[-51.02587049999994,-0.374111],[-51.007514300000025,-0.351276],[-50.969664599999874,-0.348482400000023],[-50.974363,-0.362906399999929],[-50.963154,-0.360695599999985],[-50.962877600000013,-0.287763599999948],[-50.917556099999956,-0.256478099999981],[-50.933135399999969,-0.2441733],[-50.921286099999861,-0.213879099999872],[-50.9328577,-0.209893],[-50.898991,-0.1611332],[-50.845891599999902,-0.186704599999928],[-50.82289320000001,-0.161656100000016],[-50.787777,-0.165941199999963],[-50.787199099999953,-0.125931799999989],[-50.765073799999925,-0.121731300000022],[-50.7649644,-0.109256499999901],[-50.748419399999932,-0.1192911],[-50.735840600000017,-0.110976900000026],[-50.7476236,-0.0865867],[-50.733748100000014,-0.090690600000016],[-50.710008099999925,-0.063073799999927],[-50.723455100000024,-0.019250499999941],[-50.699919,-0.008499200000017],[-50.724991400000022,0.029807600000083],[-50.747838699999932,0.028473099999928],[-50.766629799999976,0.047463400000026],[-50.718786,0.082569299999989],[-50.654313499999887,0.08736110000001],[-50.6651278,0.121052299999974],[-50.648367499999949,0.139744],[-50.6567632,0.147635900000012],[-50.640735800000016,0.1498148],[-50.651505299999883,0.170260800000108],[-50.601736299999914,0.15461230000011],[-50.597234799999967,0.17207680000007],[-50.557703799999956,0.151534500000025],[-50.549703799999918,0.17344],[-50.519854099999975,0.1569098],[-50.539398099999971,0.123099800000091],[-50.5084766,0.095067600000107],[-50.570415399999945,0.058460900000114],[-50.541857400000026,0.061169800000073],[-50.551812499999869,0.045535900000061],[-50.538702100000023,0.028852600000107],[-50.520428700000025,0.052084600000114],[-50.456722500000012,0.042795500000011],[-50.455523299999982,0.004364400000043],[-50.39464959999998,-0.025419],[-50.395546500000023,-0.049736399999972],[-50.418852500000014,-0.058023699999978],[-50.398285199999975,-0.0630028],[-50.389747600000021,-0.10246810000001],[-50.439516599999877,-0.110456299999953],[-50.448172799999952,-0.13389810000001],[-50.474562100000014,-0.144045899999981],[-50.500574799999981,-0.180543899999918],[-50.4953056,-0.2055173],[-50.525345399999935,-0.237985499999922],[-50.499820600000021,-0.296694699999932],[-50.4854704,-0.288521799999955],[-50.4519077,-0.308964599999968],[-50.459176099999979,-0.333388500000012],[-50.482815499999958,-0.3438693],[-50.4572614,-0.365091800000016],[-50.432778699999972,-0.368256599999938],[-50.420137899999986,-0.333744499999909],[-50.382071199999984,-0.3173635],[-50.3529529,-0.337186200000019],[-50.343472,-0.314305600000012],[-50.356110399999977,-0.288099400000021],[-50.322948199999871,-0.2618895],[-50.308186399999897,-0.222360699999967],[-50.282360900000015,-0.21625],[-50.25469929999997,-0.17791109999996],[-50.235018399999944,-0.182255],[-50.229078800000025,-0.203282099999967],[-50.2020177,-0.1711778],[-50.1816639,-0.199996199999873],[-50.117549399999859,-0.21694020000001],[-50.1271898,-0.2494312],[-50.098786300000029,-0.266010299999948],[-50.033512700000017,-0.273325899999975],[-49.9862819,-0.2587277],[-49.94309839999994,-0.205500799999868],[-49.913495699999942,-0.2112735],[-49.89106,-0.260449400000027],[-49.8537344,-0.253842599999928],[-49.809983699999918,-0.231965699999932],[-49.827491299999963,-0.2140384],[-49.803718800000013,-0.195549799999924],[-49.797067199999958,-0.218169899999964],[-49.77611,-0.2173644],[-49.764583300000027,-0.2643134],[-49.734807399999909,-0.27651359999993],[-49.729937,-0.307116899999926],[-49.767916399999933,-0.357361099999878],[-49.705606400000022,-0.352997],[-49.6704638,-0.333743700000014],[-49.667264199999977,-0.364036199999987],[-49.643403799999987,-0.381179799999927],[-49.593217599999946,-0.347483099999977],[-49.599272799999937,-0.309090099999878],[-49.594416299999921,-0.3057187],[-49.588088500000026,-0.318816],[-49.560154299999965,-0.309690099999955],[-49.551628100000016,-0.318804600000021],[-49.530232899999987,-0.304948599999932],[-49.520327,-0.352688899999919],[-49.471880699999929,-0.372314],[-49.424594800000023,-0.316962499999931],[-49.425134599999978,-0.300359399999934],[-49.411281200000019,-0.308947299999943],[-49.383472,-0.294583400000022],[-49.387075400000015,-0.335141099999987],[-49.371804299999894,-0.348761200000013],[-49.36922119999997,-0.381445699999915],[-49.290442,-0.344695499999943],[-49.30319419999995,-0.30625],[-49.2748772,-0.314459399999976],[-49.260606600000017,-0.3540403],[-49.235681699999873,-0.3595899],[-49.204194299999983,-0.337400899999921],[-49.193647,-0.346525699999972],[-49.163858299999958,-0.334581],[-49.153572,-0.316613500000017],[-49.175371099999893,-0.298485],[-49.174767299999928,-0.281838100000016],[-49.231755299999975,-0.252880399999924],[-49.2193421,-0.23316890000001],[-49.206179500000019,-0.244886099999974],[-49.1875485,-0.2317271],[-49.169100899999989,-0.238323400000013],[-49.158480399999974,-0.258038199999987],[-49.143720799999926,-0.242654],[-49.124233,-0.288677899999925],[-49.093758599999887,-0.248917099999915],[-49.0725162,-0.280682],[-49.045463899999959,-0.254131500000028],[-49.0284426,-0.275359400000013],[-49.035408599999926,-0.319028299999957],[-49.072428799999955,-0.336957199999972],[-49.07785169999994,-0.35738120000002],[-49.089516599999911,-0.349635],[-49.106743899999969,-0.3780501],[-49.125860199999977,-0.38199],[-49.1422862,-0.356307500000014],[-49.246427799999935,-0.398146],[-49.26958309999992,-0.3940278],[-49.265138900000011,-0.4165205],[-49.33436289999986,-0.49446219999993],[-49.329411100000016,-0.504090599999984],[-49.3723362,-0.51436],[-49.35530869999991,-0.540507900000023],[-49.330316,-0.535030800000015],[-49.298615700000028,-0.564476299999967],[-49.313300599999934,-0.611334599999964],[-49.405035799999951,-0.648377399999958],[-49.431202499999984,-0.611897299999896],[-49.44823729999996,-0.608658400000024],[-49.458959400000026,-0.618131100000028],[-49.4416036,-0.645336499999985],[-49.4621558,-0.65107260000002],[-49.449309,-0.65846229999994],[-49.445757599999979,-0.7042523],[-49.477102,-0.7159077],[-49.487577099999953,-0.769716599999924],[-49.501165699999945,-0.77614269999998],[-49.493739399999924,-0.76506749999993],[-49.514484799999934,-0.753619099999923],[-49.544835400000011,-0.78183729999995],[-49.519354299999975,-0.7890997],[-49.517872399999987,-0.806321500000024],[-49.486999099999935,-0.798183199999983],[-49.4481508,-0.809106399999962],[-49.440333099999862,-0.836589099999969],[-49.42322630000001,-0.824533],[-49.4122413,-0.841093],[-49.379467200000022,-0.800767099999973],[-49.3738697,-0.819449199999951],[-49.35183319999993,-0.818795],[-49.334972399999913,-0.79603179999998],[-49.318570699999896,-0.82498320000002],[-49.292061699999977,-0.818039699999986],[-49.277794799999981,-0.794915],[-49.282791,-0.774458],[-49.26184939999996,-0.814440599999898],[-49.26917549999996,-0.847934800000019],[-49.234014600000023,-0.845317499999908],[-49.21594639999995,-0.8631208],[-49.206355799999926,-0.8972298],[-49.228487399999949,-0.933725900000013],[-49.225019,-0.96097379999992],[-49.251726099999985,-0.979506],[-49.255448899999919,-0.955239099999915],[-49.290167399999916,-0.9392962],[-49.3120626,-0.966835399999979],[-49.247214699999859,-1.018381199999965],[-49.3302395,-1.013436899999874],[-49.318326399999933,-1.043531],[-49.346800099999939,-1.067966599999977],[-49.3408119,-1.103062599999873],[-49.355378,-1.110883699999931],[-49.337928,-1.151096399999972],[-49.350605500000029,-1.155453399999942],[-49.3650877,-1.201219900000012],[-49.382393799999988,-1.206197],[-49.40078079999995,-1.18785239999994],[-49.419852399999911,-1.197530599999936],[-49.432543099999975,-1.161152399999935],[-49.461428899999987,-1.170264],[-49.4789113,-1.1604582],[-49.513859200000013,-1.198085100000014],[-49.508249699999965,-1.2403706],[-49.5189327,-1.246157999999866],[-49.53853220000002,-1.226503],[-49.597131199999865,-1.271263199999964],[-49.6006023,-1.253829600000017],[-49.586847200000022,-1.243883499999981],[-49.624021200000016,-1.203673199999969],[-49.625923899999975,-1.181845199999941],[-49.649832799999899,-1.201425499999971],[-49.686257099999978,-1.2017689],[-49.692880699999989,-1.190304099999935],[-49.706447799999978,-1.217775099999983],[-49.715601399999912,-1.199968399999932],[-49.762177399999928,-1.1949],[-49.7560016,-1.21032839999998],[-49.790449399999943,-1.225728299999957],[-49.8195976,-1.209290899999985],[-49.8358389,-1.221271599999909],[-49.83035430000001,-1.295393900000022],[-49.87797009999997,-1.305213099999946],[-49.8849639,-1.361646899999982],[-49.929190599999913,-1.349887],[-49.933086399999866,-1.334861100000012],[-49.964353299999971,-1.3421265],[-49.984302899999932,-1.379719],[-50.02303419999987,-1.399861199999918],[-50.03806469999995,-1.379429499999958],[-50.051323899999943,-1.38717029999998],[-50.034868299999971,-1.349861299999986],[-50.048618899999951,-1.327557800000022],[-50.070142799999985,-1.334640799999988],[-50.065303,-1.3762259],[-50.087932899999942,-1.3964729],[-50.120242500000018,-1.379599199999973],[-50.1670631,-1.413286700000015],[-50.1840279,-1.406535299999973],[-50.1727535,-1.390844099999924]]]]}},
{"type":"Feature","properties":{"nome_bacia":"Bacia do Rio Xingu"},"geometry":{"type":"MultiPolygon","coordinates":[[[[-53.9712462,-14.905126399999915],[-54.005895599999974,-14.88103],[-54.00298609999993,-14.856149699999946],[-54.0240794,-14.8424187],[-54.056162799999925,-14.863189499999976],[-54.096161699999925,-14.82654169999995],[-54.096800899999948,-14.78777719999988],[-54.144014299999924,-14.7741934],[-54.179472299999929,-14.777424199999984],[-54.213606499999969,-14.8052285],[-54.247087399999941,-14.789889500000015],[-54.264132399999937,-14.8141847],[-54.2826675,-14.816725899999938],[-54.310693399999934,-14.802185899999927],[-54.318509499999948,-14.780830700000024],[-54.3486818,-14.792839799999967],[-54.37226349999986,-14.783749599999965],[-54.405322500000011,-14.807249499999955],[-54.411981299999866,-14.857510600000012],[-54.49717789999994,-14.8545087],[-54.515692899999976,-14.794071599999938],[-54.545234899999912,-14.7849342],[-54.53298089999987,-14.767235599999879],[-54.496754099999976,-14.765879400000017],[-54.437830899999938,-14.729796699999952],[-54.376935800000012,-14.733549599999947],[-54.320207699999969,-14.716569100000015],[-54.301680299999987,-14.671404699999982],[-54.337718199999983,-14.66761589999993],[-54.340083600000014,-14.6490933],[-54.30862819999993,-14.626084699999922],[-54.264297,-14.6337502],[-54.223639600000013,-14.611310800000012],[-54.180765199999939,-14.6149231],[-54.17552029999996,-14.638491199999976],[-54.143872699999974,-14.623631],[-54.142703200000028,-14.604029700000012],[-54.0821851,-14.5874771],[-54.066823399999862,-14.5975204],[-54.0594289,-14.575432],[-54.013219199999924,-14.559289699999965],[-53.982715399999961,-14.530898],[-53.892962099999977,-14.506060100000013],[-53.830304199999944,-14.4560477],[-53.84609660000001,-14.3911551],[-53.8684146,-14.380993499999875],[-53.875694199999941,-14.3593057],[-53.922675700000013,-14.3669145],[-53.9968983,-14.330612099999939],[-54.048193799999979,-14.3295726],[-54.070344,-14.34787619999986],[-54.116282399999989,-14.325358599999959],[-54.140414299999975,-14.329316499999948],[-54.1446097,-14.310498099999904],[-54.1752945,-14.293343999999877],[-54.179855700000019,-14.235006],[-54.202538299999901,-14.2183015],[-54.200116200000025,-14.176587400000017],[-54.182069099999921,-14.156145799999933],[-54.2196793,-14.142991699999925],[-54.257180399999982,-14.157050700000013],[-54.3270463,-14.141001399999936],[-54.362198199999966,-14.090932],[-54.36101919999993,-14.066127699999981],[-54.375167499999975,-14.060408600000017],[-54.416773,-14.092044],[-54.415478600000029,-14.163722300000018],[-54.429759399999909,-14.1598093],[-54.44613309999994,-14.181943399999966],[-54.464633299999946,-14.161306299999978],[-54.483470099999977,-14.184825599999954],[-54.541219,-14.1930853],[-54.549706799999967,-14.21069679999988],[-54.590557499999932,-14.198521299999925],[-54.617378499999916,-14.215645100000017],[-54.664400099999909,-14.206660399999862],[-54.641218699999911,-14.139011200000027],[-54.622932699999922,-14.131393800000012],[-54.6268971,-14.090432799999974],[-54.604598099999919,-14.026088],[-54.650786799999935,-13.908459400000027],[-54.662793699999952,-13.898131499999977],[-54.732235800000012,-13.938152599999967],[-54.7597361,-13.926477899999895],[-54.7897236,-13.878684499999963],[-54.797824299999945,-13.830332699999929],[-54.852208599999983,-13.793353599999989],[-54.856801099999984,-13.765646300000014],[-54.904526799999985,-13.762243899999987],[-54.914803899999981,-13.720070899999939],[-54.940207499999985,-13.69679229999997],[-54.930157299999962,-13.662269],[-55.041053,-13.611104],[-55.0629619,-13.578754899999922],[-55.1329652,-13.553543399999967],[-55.148107200000027,-13.559499099999982],[-55.181852899999967,-13.536503900000014],[-55.188597299999969,-13.463341599999922],[-55.226068899999916,-13.44487909999998],[-55.237335,-13.423622799999919],[-55.230028,-13.346482],[-55.251426,-13.282551599999977],[-55.270928,-13.264932],[-55.266568899999982,-13.212803799999961],[-55.28649230000002,-13.1885706],[-55.262653300000011,-13.065544499999987],[-55.291427899999974,-13.0589698],[-55.305253399999913,-13.033727099999965],[-55.307372499999929,-12.976036],[-55.356454699999915,-12.957683699999961],[-55.334101499999974,-12.922388599999977],[-55.40350449999994,-12.89714570000001],[-55.40903359999993,-12.878268599999956],[-55.392588699999976,-12.853634299999896],[-55.417209099999923,-12.831083899999953],[-55.412775899999929,-12.743023699999981],[-55.385707700000012,-12.72387909999992],[-55.376776899999982,-12.656135599999914],[-55.35093749999993,-12.621159799999987],[-55.3391954,-12.6265],[-55.314928899999984,-12.571942400000012],[-55.3219173,-12.510139],[-55.341014799999982,-12.500178299999959],[-55.3483405,-12.474487499999952],[-55.333174,-12.4636064],[-55.332742,-12.440749799999935],[-55.2872127,-12.4029145],[-55.3047408,-12.392828799999961],[-55.2740748,-12.369529699999987],[-55.2708,-12.348527499999875],[-55.293361600000026,-12.325950400000011],[-55.279220299999963,-12.275305],[-55.287843499999951,-12.242372799999885],[-55.311173,-12.229581499999881],[-55.307213600000011,-12.159855599999958],[-55.347085900000025,-12.133287499999881],[-55.360137,-12.145127199999934],[-55.3880686,-12.1011681],[-55.4259487,-12.11],[-55.431666799999959,-12.079812299999958],[-55.4504546,-12.07651850000002],[-55.423974299999941,-12.035967799999923],[-55.440405100000021,-12.036393799999985],[-55.445419500000014,-12.014699399999984],[-55.42446469999993,-11.967633699999908],[-55.436132399999963,-11.917451299999925],[-55.3943506,-11.8874525],[-55.401289500000019,-11.862081899999964],[-55.363321700000029,-11.8443873],[-55.3507452,-11.821622],[-55.3679247,-11.800858300000016],[-55.326023500000019,-11.748181499999987],[-55.3454117,-11.721996699999977],[-55.334525599999949,-11.695034],[-55.269764899999927,-11.663713499999972],[-55.2601146,-11.634061299999985],[-55.24312939999993,-11.63396],[-55.229548699999896,-11.6080263],[-55.192367900000022,-11.61418470000001],[-55.166166399999952,-11.590889299999958],[-55.199875099999986,-11.555129099999931],[-55.175138899999979,-11.522764199999926],[-55.179967799999872,-11.490129200000013],[-55.155983199999923,-11.434595899999977],[-55.1612508,-11.392866799999922],[-55.142634399999963,-11.381596399999978],[-55.139755799999989,-11.35690569999997],[-55.120517599999914,-11.363642],[-55.108362100000022,-11.348434899999972],[-55.133332600000017,-11.262783199999888],[-55.112734900000021,-11.247105799999986],[-55.100564500000019,-11.259021500000017],[-55.0782372,-11.254196900000011],[-55.054328799999951,-11.21170909999995],[-55.061810799999876,-11.19957340000002],[-55.031084299999975,-11.19099030000001],[-55.004519499999958,-11.163230299999896],[-54.978924,-11.1109735],[-54.9903314,-11.075797399999942],[-54.951523099999974,-11.02755819999993],[-54.886529699999926,-11.035608399999944],[-54.862488199999973,-11.000699899999972],[-54.843552499999987,-10.995678299999895],[-54.851411900000016,-10.972654],[-54.809410500000013,-10.955839799999922],[-54.798379,-10.92901779999994],[-54.7629023,-10.947267799999963],[-54.718269599999985,-10.939693399999953],[-54.7151177,-10.950407699999971],[-54.6780339,-10.93079089999992],[-54.656436899999903,-10.944492],[-54.626985199999865,-10.938055899999938],[-54.6191167,-10.953351199999986],[-54.598184,-10.932209299999954],[-54.550743899999986,-10.9371486],[-54.564840600000025,-10.896276100000023],[-54.544572,-10.872761499999967],[-54.501635299999975,-10.8745867],[-54.457322899999951,-10.8125379],[-54.426996599999939,-10.808298299999933],[-54.358002799999952,-10.765125299999966],[-54.34611910000001,-10.733989300000019],[-54.31796559999998,-10.739775499999951],[-54.311431199999959,-10.708850599999948],[-54.263554699999986,-10.694648599999937],[-54.2481636,-10.650107900000023],[-54.205948199999966,-10.672535699999969],[-54.14680409999994,-10.644627599999922],[-54.138608599999941,-10.619871399999909],[-54.03962759999996,-10.545100100000013],[-54.044306600000027,-10.525705799999969],[-54.01156,-10.477204599999936],[-54.0295701,-10.470812200000012],[-54.0315152,-10.446250099999986],[-53.990313,-10.440057500000023],[-53.993326799999977,-10.3980135],[-53.977900899999952,-10.370965499999954],[-53.995421599999929,-10.308610199999919],[-53.966838199999984,-10.283236599999896],[-54.006077300000015,-10.262469800000019],[-54.0178189,-10.223944099999926],[-54.099850199999935,-10.219302],[-54.127704299999948,-10.233331599999985],[-54.166977699999961,-10.218086099999937],[-54.1851294,-10.156881399999975],[-54.174416,-10.110086299999978],[-54.19319379999996,-10.078181399999949],[-54.211282399999959,-10.072959899999944],[-54.231345299999987,-10.106577499999958],[-54.279386,-10.10273559999996],[-54.319235,-10.1225743],[-54.3028807,-10.057323],[-54.237305699999922,-9.992498],[-54.248286499999949,-9.956342800000016],[-54.2256673,-9.93252659999996],[-54.202638699999966,-9.94069449999995],[-54.19496979999991,-9.909571700000015],[-54.2477381,-9.8718768],[-54.268924699999957,-9.880933200000015],[-54.3160825,-9.842959899999983],[-54.3597373,-9.849788600000011],[-54.393929899999932,-9.829456400000026],[-54.405303,-9.843092299999967],[-54.429277800000023,-9.839684200000022],[-54.455081,-9.798742800000014],[-54.510572499999967,-9.782974],[-54.5045723,-9.749807199999907],[-54.540643499999987,-9.6947543],[-54.5371442,-9.6681777],[-54.582831399999975,-9.6552532],[-54.597012499999948,-9.664028799999983],[-54.6356164,-9.643114799999921],[-54.631544599999984,-9.609517],[-54.64318609999998,-9.597356299999944],[-54.621853900000019,-9.574003299999958],[-54.6305926,-9.55848409999993],[-54.614415,-9.528462600000012],[-54.67617759999996,-9.484756],[-54.705511199999933,-9.392891799999973],[-54.697775299999989,-9.385773099999938],[-54.720289,-9.383490900000027],[-54.72745070000002,-9.31477069999994],[-54.754105200000026,-9.299786499999925],[-54.755658199999971,-9.2713339],[-54.7259783,-9.255383100000017],[-54.7291449,-9.239728500000012],[-54.707914899999935,-9.241449400000022],[-54.69965069999995,-9.223846299999934],[-54.717670699999985,-9.2094914],[-54.689528999999879,-9.202671899999984],[-54.6732561,-9.18206779999997],[-54.676986699999873,-9.162664],[-54.726740800000016,-9.15561809999997],[-54.7487562,-9.139387699999986],[-54.752446099999872,-9.107761900000014],[-54.795910299999946,-9.102507399999922],[-54.807565099999977,-9.0883751],[-54.8253396,-9.099235799999974],[-54.87193659999997,-9.0595174],[-54.889283499999976,-9.085533399999974],[-54.911123700000019,-9.045793999999887],[-54.953839500000015,-9.06215149999997],[-54.962416699999949,-9.051584900000023],[-54.998782800000015,-9.0561821],[-55.047440199999926,-9.02162340000001],[-55.056405,-9.044028199999957],[-55.084255199999916,-9.036010799999985],[-55.10412759999997,-9.049707899999987],[-55.119098899999983,-8.996327399999984],[-55.145754099999976,-8.976026499999989],[-55.169366499999967,-8.980730199999982],[-55.162823899999978,-8.9261775],[-55.182823199999973,-8.882468800000026],[-55.179955699999937,-8.837628900000027],[-55.2238458,-8.8500138],[-55.250883299999941,-8.820775699999956],[-55.232199199999968,-8.794792899999948],[-55.264532799999984,-8.729521799999986],[-55.2577516,-8.6944686],[-55.20995929999998,-8.733552699999905],[-55.184215499999937,-8.721813099999963],[-55.1786019,-8.694054599999959],[-55.155345800000021,-8.740663099999892],[-55.118209699999852,-8.772533899999985],[-55.094141199999967,-8.772597099999984],[-55.106304599999987,-8.745110599999975],[-55.08604859999997,-8.7439536],[-55.065471199999934,-8.7198674],[-55.11829640000002,-8.657497799999987],[-55.18232,-8.6185711],[-55.160502099999974,-8.596488099999988],[-55.167902,-8.532916599999965],[-55.19211580000001,-8.515864899999883],[-55.211901399999988,-8.4668282],[-55.193743299999937,-8.454146599999945],[-55.2064603,-8.440886699999908],[-55.193440599999974,-8.410023299999921],[-55.208987400000012,-8.356668099999922],[-55.190100299999983,-8.345489199999918],[-55.204709499999922,-8.329963499999963],[-55.19590089999997,-8.311151900000027],[-55.215034800000012,-8.303459499999917],[-55.206914899999958,-8.261914099999956],[-55.229965600000014,-8.253223399999968],[-55.237592300000017,-8.233163899999965],[-55.215674700000022,-8.218078],[-55.223741599999983,-8.2032041],[-55.203506599999969,-8.172538799999984],[-55.214188799999988,-8.14041229999998],[-55.146631099999979,-8.1145972],[-55.14848029999996,-8.089621500000021],[-55.124673299999984,-8.061908199999948],[-55.146823899999958,-8.004689900000017],[-55.125897800000018,-7.979918600000019],[-55.058760899999925,-7.96288850000002],[-55.088085,-7.883645899999976],[-55.068965699999978,-7.8535379],[-55.05530119999986,-7.856085300000018],[-55.044956799999966,-7.827396799999974],[-55.008667800000012,-7.8126224],[-55.019867299999987,-7.7986371],[-55.006843,-7.777154199999927],[-55.0240581,-7.760672600000021],[-55.0151055,-7.746271799999988],[-55.0890283,-7.715409099999988],[-55.1137005,-7.687531799999931],[-55.072604399999989,-7.634346199999982],[-55.070591400000012,-7.609105799999952],[-55.085597300000018,-7.59326870000001],[-55.068232799999919,-7.581576799999937],[-55.0798423,-7.565477699999974],[-55.066538499999979,-7.520539399999961],[-55.0945592,-7.51358369999997],[-55.1121736,-7.484818299999972],[-55.133580400000028,-7.494194100000016],[-55.161018500000011,-7.480318899999929],[-55.171390899999949,-7.4493632],[-55.144957099999942,-7.4369469],[-55.2069707,-7.399578299999916],[-55.1836662,-7.377095],[-55.2092207,-7.3260242],[-55.193525699999952,-7.273388399999988],[-55.209909199999913,-7.225525600000026],[-55.240263699999957,-7.210380199999918],[-55.233989099999917,-7.184583199999963],[-55.2537747,-7.157142299999919],[-55.2395641,-7.114392199999941],[-55.247407599999974,-7.0852377],[-55.218199799999866,-7.0442802],[-55.242916399999956,-7.02992619999992],[-55.254548600000021,-6.98076],[-55.228861,-6.972980600000028],[-55.227642699999933,-6.907946799999934],[-55.1944042,-6.888637099999983],[-55.220096,-6.848071399999981],[-55.202150500000016,-6.838800599999956],[-55.209693500000014,-6.775445199999922],[-55.1898602,-6.772902299999942],[-55.1673609,-6.7337501],[-55.166833299999894,-6.686886999999899],[-55.186654399999952,-6.661744],[-55.173304499999915,-6.616985399999919],[-55.197010099999886,-6.601171599999986],[-55.199138499999947,-6.577953599999944],[-55.183781799999963,-6.575202699999977],[-55.200734399999988,-6.531867099999943],[-55.215189,-6.525986400000022],[-55.208839399999874,-6.514030499999933],[-55.256509,-6.450441799999965],[-55.236532300000022,-6.42486],[-55.251545099999987,-6.388181699999961],[-55.241187299999979,-6.356917800000019],[-55.300972,-6.317369499999984],[-55.304145399999925,-6.288180999999895],[-55.331268500000022,-6.266210399999977],[-55.333937900000024,-6.2010654],[-55.291532699999948,-6.168945800000017],[-55.2933999,-6.1499349],[-55.322917199999949,-6.139576499999976],[-55.3400888,-6.088513700000021],[-55.320135600000015,-6.039616099999932],[-55.292813299999864,-6.019450899999981],[-55.284728099999938,-6.059593399999983],[-55.269779399999948,-6.070175799999902],[-55.166754500000025,-6.098315099999979],[-55.157454399999949,-6.0585259],[-55.131253300000026,-6.037470599999949],[-55.064336299999923,-6.008842799999968],[-55.045054199999981,-6.01952540000002],[-55.0259097,-5.999367599999971],[-55.037035300000014,-5.979037100000028],[-55.020285699999988,-5.931074700000011],[-55.0715068,-5.891586299999972],[-55.088746599999922,-5.839104199999952],[-55.079136299999959,-5.832616499999972],[-55.116113499999983,-5.825123799999972],[-55.139303699999971,-5.796109699999988],[-55.156882100000018,-5.794608599999947],[-55.17108079999997,-5.779438699999957],[-55.158098900000027,-5.776094799999953],[-55.163566599999967,-5.762150599999984],[-55.205915399999981,-5.759016700000018],[-55.208782299999939,-5.703032299999961],[-55.240139299999953,-5.6834639],[-55.2612843,-5.622534499999972],[-55.281237399999952,-5.606262],[-55.268479599999978,-5.598751400000026],[-55.289601799999957,-5.57123809999996],[-55.269859099999906,-5.5524962],[-55.2747099,-5.496623899999975],[-55.302225399999941,-5.480572299999949],[-55.318933599999923,-5.440041],[-55.308913199999949,-5.427500399999929],[-55.324228800000014,-5.426312399999972],[-55.358314599999972,-5.379315399999939],[-55.3897561,-5.389351799999986],[-55.398375699999974,-5.405984499999988],[-55.387092699999982,-5.426692399999979],[-55.4077916,-5.4313912],[-55.4837498,-5.3784723],[-55.480142600000022,-5.341816400000027],[-55.502286,-5.296443099999976],[-55.548470599999916,-5.2859654],[-55.601254700000027,-5.296804499999951],[-55.62430710000001,-5.252038200000015],[-55.614557199999979,-5.231434499999978],[-55.5802031,-5.227565899999945],[-55.596477199999981,-5.203622199999927],[-55.589382300000011,-5.192085199999951],[-55.563683700000013,-5.1904687],[-55.5459864,-5.206131199999959],[-55.500147200000015,-5.1784902],[-55.450972699999966,-5.179575099999965],[-55.456151700000021,-5.151535799999976],[-55.423823,-5.1407721],[-55.426856699999973,-5.1188704],[-55.388314199999968,-5.113174499999957],[-55.404083599999979,-5.0814254],[-55.393609399999946,-5.066150400000026],[-55.344720600000016,-5.045460099999957],[-55.393415899999923,-4.9878996],[-55.40515929999998,-4.94123849999994],[-55.434985400000016,-4.926213599999983],[-55.443951299999981,-4.840809299999933],[-55.5134311,-4.797508599999958],[-55.4881942,-4.759027799999956],[-55.5070816,-4.741804800000011],[-55.474311499999942,-4.731919600000026],[-55.474724199999969,-4.701526399999977],[-55.45986709999994,-4.69489539999995],[-55.474958799999968,-4.685554899999943],[-55.495393299999989,-4.626369899999929],[-55.467055899999934,-4.603070899999864],[-55.442398299999979,-4.6348329],[-55.427763,-4.616024900000014],[-55.4123515,-4.617547799999954],[-55.387087199999939,-4.654315599999961],[-55.3781942,-4.63625],[-55.357720799999981,-4.644527499999924],[-55.341655799999899,-4.629851599999881],[-55.294346399999881,-4.679925599999933],[-55.279124200000012,-4.666366499999981],[-55.259372399999961,-4.67317689999993],[-55.2479523,-4.653831499999967],[-55.201001500000018,-4.633020599999895],[-55.1569417,-4.642785499999945],[-55.133245799999941,-4.603353099999936],[-55.084419200000013,-4.610545599999966],[-55.0275873,-4.575092400000017],[-54.985194200000024,-4.5915167],[-54.95944679999991,-4.584953699999971],[-54.914874699999984,-4.533745499999952],[-54.931619199999943,-4.462602899999922],[-54.857221299999935,-4.442037499999969],[-54.84356159999993,-4.4245608],[-54.849785399999917,-4.4097706],[-54.8082437,-4.429975699999943],[-54.79366090000002,-4.465144199999941],[-54.775031499999955,-4.456300299999896],[-54.728750899999966,-4.46675590000001],[-54.749876499999971,-4.433946699999979],[-54.727213300000017,-4.419813499999975],[-54.750642,-4.3885376],[-54.7461242,-4.377640199999917],[-54.722384299999987,-4.38397],[-54.692746199999988,-4.3412821],[-54.680513,-4.349869300000023],[-54.7018754,-4.323950899999943],[-54.68113719999991,-4.325873300000012],[-54.6740074,-4.312087199999951],[-54.628086,-4.323412800000028],[-54.632542499999943,-4.335218699999928],[-54.5791365,-4.399516899999981],[-54.560629599999913,-4.40009189999995],[-54.554872099999955,-4.381806499999925],[-54.542475,-4.391563499999961],[-54.533857099999977,-4.367468],[-54.520586400000013,-4.374368899999979],[-54.49107639999994,-4.3454946],[-54.528022399999941,-4.321854],[-54.508459899999934,-4.267915500000015],[-54.4816566,-4.2482397],[-54.44284179999994,-4.246714399999917],[-54.435202899999922,-4.267775099999881],[-54.412943699999914,-4.265782399999921],[-54.397492399999976,-4.296798700000011],[-54.3642949,-4.2656124],[-54.336745299999961,-4.2675802],[-54.3186432,-4.28344119999997],[-54.299451699999963,-4.280507399999976],[-54.294013599999971,-4.311608200000023],[-54.226729699999908,-4.313820799999974],[-54.221257899999955,-4.302916499999867],[-54.239554999999882,-4.285421199999917],[-54.215343099999927,-4.277948199999969],[-54.197899,-4.204097199999978],[-54.1824125,-4.1964863],[-54.143082100000015,-4.198450200000025],[-54.1317411,-4.2318287],[-54.112174200000027,-4.221874199999945],[-54.0789135,-4.244476299999917],[-54.046599699999945,-4.219313899999975],[-54.05625809999998,-4.24458340000001],[-54.000049100000012,-4.260321799999929],[-53.9873907,-4.24498159999996],[-53.993299499999978,-4.222440300000017],[-53.942084899999941,-4.22473],[-53.939296399999989,-4.206810299999972],[-53.904856699999868,-4.1832389],[-53.87120079999994,-4.203737],[-53.852362500000027,-4.1984842],[-53.847122399999989,-4.153387599999917],[-53.827974799999936,-4.127923499999952],[-53.775348899999926,-4.136916799999938],[-53.767288399999927,-4.11997249999996],[-53.739470699999913,-4.121871100000021],[-53.7053103,-4.097183099999882],[-53.67356239999998,-4.1094991],[-53.646641,-4.093952899999863],[-53.634545399999979,-4.115754599999946],[-53.606824099999926,-4.10575510000001],[-53.5735307,-4.1199696],[-53.567026299999952,-4.079019499999902],[-53.504303199999924,-4.056243799999947],[-53.498875600000019,-4.0281981],[-53.5272038,-4.020133899999962],[-53.521820899999966,-3.964974900000016],[-53.491970699999968,-3.954861599999958],[-53.478572799999938,-3.973429],[-53.433749799999987,-3.974027799999931],[-53.419376299999954,-3.945662],[-53.427529699999923,-3.925548],[-53.4061815,-3.899245099999973],[-53.335388599999987,-3.8730061],[-53.334020799999962,-3.822085299999969],[-53.308195299999966,-3.817644499999972],[-53.295963499999971,-3.830136400000015],[-53.265840199999957,-3.819847900000013],[-53.23602969999996,-3.784857],[-53.25536749999992,-3.717967899999962],[-53.22091439999997,-3.686608199999966],[-53.203959899999973,-3.692859799999951],[-53.197131599999921,-3.669514399999969],[-53.149627099999861,-3.654972900000018],[-53.194305199999917,-3.6095914],[-53.1662275,-3.555906400000026],[-53.164747499999919,-3.5367943],[-53.185513500000013,-3.513160500000026],[-53.171616700000015,-3.4929525],[-53.2287811,-3.4347381],[-53.215138700000011,-3.417083399999967],[-53.22581630000002,-3.361078799999916],[-53.2088177,-3.3392457],[-53.2561227,-3.314904],[-53.277682499999969,-3.2310837],[-53.3336827,-3.230995399999983],[-53.38650279999996,-3.199324400000023],[-53.417335699999967,-3.213009100000022],[-53.439892900000018,-3.1846306],[-53.433676799999944,-3.171092],[-53.449067799999966,-3.160405299999979],[-53.456245199999955,-3.118172899999934],[-53.490555,-3.112809299999981],[-53.545871799999986,-3.129044199999896],[-53.574964,-3.099006399999951],[-53.558878799999945,-3.071242],[-53.596673899999928,-3.004023800000027],[-53.673618,-3.002402],[-53.688082899999984,-2.974467399999924],[-53.711754299999939,-2.974175099999968],[-53.726566,-2.92333450000001],[-53.773669700000028,-2.8900959],[-53.775049,-2.873739100000023],[-53.752778299999932,-2.8578162],[-53.704262200000016,-2.857834099999877],[-53.700563,-2.8364439],[-53.663467499999967,-2.800981299999989],[-53.6392874,-2.802380699999958],[-53.6081886,-2.768531100000018],[-53.578146899999922,-2.771892499999979],[-53.570084799999961,-2.742247799999973],[-53.554292799999928,-2.7508287],[-53.513206,-2.728928199999928],[-53.4851387,-2.73811529999989],[-53.437970399999926,-2.680408699999987],[-53.406841199999917,-2.716594499999871],[-53.350344899999982,-2.717566],[-53.324114799999961,-2.704018500000018],[-53.3068513,-2.716422],[-53.291891899999939,-2.708292399999948],[-53.278756099999953,-2.725248799999974],[-53.249680499999954,-2.684653799999921],[-53.2132588,-2.690353500000015],[-53.178848300000027,-2.676921600000014],[-53.164605,-2.647493399999973],[-53.173828599999979,-2.617948],[-53.137631399999975,-2.607903499999964],[-53.1285742,-2.584059500000023],[-53.10448359999998,-2.5754723],[-53.09825079999996,-2.546454400000016],[-53.059314799999981,-2.5228027],[-53.058509799999968,-2.509073100000023],[-53.084257900000011,-2.501603],[-53.087204700000029,-2.487042499999973],[-53.057602299999871,-2.466158399999983],[-53.070600699999943,-2.424076899999989],[-53.049098099999924,-2.4416862],[-53.023475299999973,-2.432864099999961],[-53.043987,-2.412732300000016],[-53.026586599999916,-2.36690689999989],[-53.041918800000019,-2.343234399999915],[-53.030708299999958,-2.312855899999931],[-53.072879199999988,-2.268959699999982],[-53.1226307,-2.2743112],[-53.120482199999969,-2.256650399999955],[-53.081144299999949,-2.2299668],[-53.07486,-2.205427399999962],[-53.016440199999977,-2.222892399999978],[-52.981227699999977,-2.1725189],[-52.906231599999956,-2.1389681],[-52.877937200000019,-2.093268599999931],[-52.8221484,-2.0888799],[-52.825137199999915,-2.066711],[-52.792963699999916,-2.025903799999924],[-52.775523,-2.033942700000011],[-52.77509329999998,-2.015337299999885],[-52.7063392,-2.005984299999966],[-52.714979899999946,-1.978686099999948],[-52.700798599999985,-1.965940900000021],[-52.717486099999917,-1.948444199999983],[-52.710928500000023,-1.919711099999972],[-52.724128299999904,-1.90684060000001],[-52.692932699999972,-1.8876426],[-52.726840199999913,-1.860612600000024],[-52.711160300000017,-1.834388400000023],[-52.6760172,-1.815868199999954],[-52.646415499999989,-1.8261137],[-52.60318529999995,-1.801890800000024],[-52.5599689,-1.803758699999946],[-52.559759699999972,-1.7721651],[-52.525180499999919,-1.783714499999974],[-52.479281599999922,-1.740136199999938],[-52.5136665,-1.73366139999996],[-52.5057304,-1.71522269999997],[-52.525704699999949,-1.691201400000011],[-52.480061,-1.7046795],[-52.468573299999946,-1.681529699999942],[-52.423318100000017,-1.683337799999947],[-52.422081699999922,-1.643582699999968],[-52.409447499999942,-1.6343309],[-52.346842,-1.615008499999988],[-52.292266299999937,-1.623554099999978],[-52.2731918,-1.602374600000019],[-52.285358799999983,-1.580209799999921],[-52.353032199999973,-1.59059149999996],[-52.37097030000001,-1.575930700000015],[-52.268504,-1.536500099999955],[-52.249460599999907,-1.498399399999983],[-52.227103699999986,-1.506125],[-52.236798599999929,-1.535565599999984],[-52.2213064,-1.55458549999986],[-52.177872899999954,-1.534415799999977],[-52.180269,-1.573893099999964],[-52.166934799999979,-1.585728099999983],[-52.180639900000017,-1.589466300000026],[-52.206813299999965,-1.682263299999988],[-52.230079900000021,-1.699435699999981],[-52.241093799999987,-1.731019800000013],[-52.218286499999977,-1.752482799999939],[-52.18732620000003,-1.740687400000013],[-52.179878299999984,-1.7749263],[-52.149087299999962,-1.760441499999956],[-52.146393699999976,-1.774955599999942],[-52.122106700000018,-1.767081599999926],[-52.108070399999974,-1.780755499999941],[-52.1065496,-1.7984384],[-52.129834099999982,-1.81532059999995],[-52.117442400000016,-1.837433],[-52.125693800000022,-1.8482019],[-52.108998400000019,-1.873716599999966],[-52.087089799999944,-1.8773486],[-52.083786799999984,-1.9367997],[-52.062449799999968,-1.931675199999916],[-52.070416500000022,-1.97793230000002],[-52.034575799999971,-2.075010799999973],[-52.037581900000021,-2.113497400000028],[-52.011454399999877,-2.101312399999983],[-51.989881299999979,-2.113446599999975],[-51.974018,-2.15325439999998],[-51.9766856,-2.133419899999922],[-51.953676799999869,-2.138508399999978],[-51.956987499999968,-2.166427699999872],[-51.9419909,-2.176525500000025],[-51.9393867,-2.1024008],[-51.959154,-2.063772],[-51.933330599999977,-2.0550384],[-51.909892599999921,-2.085205199999962],[-51.913179,-2.1124365],[-51.8945936,-2.1309675],[-51.9121543,-2.136644499999932],[-51.893178799999987,-2.206798299999889],[-51.925424599999928,-2.1877374],[-51.939697799999976,-2.229049899999893],[-51.923047,-2.266326100000015],[-51.934774300000015,-2.293829300000027],[-51.921136900000022,-2.2955432],[-51.9285284,-2.316845599999908],[-51.907983699999988,-2.338711400000022],[-51.878470199999981,-2.338205800000026],[-51.877937499999973,-2.361562],[-51.857317599999988,-2.358267],[-51.896381199999951,-2.464773699999967],[-51.876952500000016,-2.4693158],[-51.865112,-2.507636599999898],[-51.8784018,-2.520351199999936],[-51.835767799999985,-2.600801600000011],[-51.854808400000024,-2.6113206],[-51.833361199999956,-2.6105945],[-51.825825599999973,-2.718198200000018],[-51.808049,-2.720088899999894],[-51.804894299999944,-2.74494569999996],[-51.758619399999986,-2.7533446],[-51.764532200000019,-2.7848267],[-51.745437799999934,-2.8243936],[-51.755018199999938,-2.839541299999951],[-51.701847900000018,-2.865319599999907],[-51.657969200000025,-2.947145200000023],[-51.663126,-2.959924],[-51.630210299999987,-2.963690599999893],[-51.630607399999974,-3.002891499999919],[-51.6027527,-3.015909099999988],[-51.606290199999933,-3.029467],[-51.592498,-3.029493399999978],[-51.585646699999927,-3.061339999999859],[-51.570817499999976,-3.06079879999993],[-51.5618124,-3.083999499999948],[-51.543241199999954,-3.085393099999976],[-51.542371300000013,-3.139298699999983],[-51.49905,-3.175868400000013],[-51.47934,-3.215390800000023],[-51.4699066,-3.211608599999977],[-51.468045299999972,-3.246550499999955],[-51.4387486,-3.273792799999967],[-51.467363399999954,-3.295845499999871],[-51.4569204,-3.307214199999919],[-51.4713322,-3.330051499999911],[-51.453620099999966,-3.338499500000012],[-51.461953600000015,-3.36440829999998],[-51.4388052,-3.3820498],[-51.423705899999959,-3.466947499999947],[-51.399516899999981,-3.462519599999894],[-51.4272196,-3.538765],[-51.4070807,-3.574608499999897],[-51.374238600000012,-3.5808798],[-51.356751399999951,-3.565626699999882],[-51.354583099999957,-3.587916699999937],[-51.369787,-3.595897199999968],[-51.36010049999993,-3.614155],[-51.3794595,-3.630846299999973],[-51.362905799999965,-3.635325599999931],[-51.366203,-3.6727553],[-51.346179600000028,-3.667934100000025],[-51.338844199999983,-3.692653300000018],[-51.36231,-3.719765400000028],[-51.360355299999981,-3.736452899999961],[-51.390909,-3.733421599999986],[-51.399307299999862,-3.745857199999989],[-51.409292199999982,-3.735824899999898],[-51.42542,-3.757229399999972],[-51.316333499999928,-3.8212997],[-51.3572436,-3.863548299999877],[-51.3342214,-3.896777399999905],[-51.330894699999988,-3.962707299999977],[-51.310984899999937,-3.969546099999945],[-51.304926299999977,-4.010671599999966],[-51.270133499999929,-4.024578099999985],[-51.2542985,-4.074335099999985],[-51.224300399999947,-4.091692199999954],[-51.216798999999867,-4.141527599999961],[-51.187603099999933,-4.149653499999886],[-51.169675299999938,-4.175975299999948],[-51.146290799999974,-4.165346899999918],[-51.124620599999957,-4.213246599999934],[-51.1090474,-4.204451800000015],[-51.076734,-4.238499499999932],[-51.065274,-4.224352300000021],[-51.052349,-4.239307399999973],[-51.035691299999939,-4.234099399999934],[-51.019279599999948,-4.212284099999977],[-50.983138199999928,-4.2236638],[-50.996943699999917,-4.2645369],[-50.979844500000013,-4.314896699999906],[-50.9984773,-4.357201499999974],[-50.97384349999993,-4.3553154],[-50.973509299999989,-4.384775099999956],[-50.946099,-4.372805599999936],[-50.895346099999927,-4.397018],[-50.898706899999922,-4.435842200000025],[-50.878756199999884,-4.449839899999972],[-50.913449500000013,-4.49532169999992],[-50.889121900000021,-4.499148199999979],[-50.907352699999933,-4.520694399999968],[-50.895433,-4.5966608],[-50.921205799999939,-4.633154499999932],[-50.903353099999947,-4.670237900000018],[-50.929818199999886,-4.683487099999979],[-50.934860599999979,-4.7084643],[-50.9066297,-4.7310612],[-50.947336300000018,-4.75639689999997],[-50.927890099999956,-4.773142],[-50.934527,-4.794777099999976],[-50.91289949999998,-4.868754],[-50.891376899999955,-4.883666299999959],[-50.878843500000016,-4.8648814],[-50.864736,-4.87128569999993],[-50.848018799999977,-4.968902899999989],[-50.889864399999965,-5.0417541],[-50.883884199999954,-5.0604707],[-50.902849899999978,-5.095763799999929],[-50.894252599999959,-5.114297799999974],[-50.925066799999968,-5.128710699999885],[-50.9312572,-5.146250699999939],[-50.859029799999917,-5.177094],[-50.813822599999924,-5.151918599999874],[-50.759868499999982,-5.172916399999963],[-50.739209099999925,-5.153077399999916],[-50.738505499999974,-5.1767342],[-50.7202529,-5.174585799999988],[-50.7220044,-5.206314],[-50.771714899999893,-5.234239699999989],[-50.753091499999982,-5.3079649],[-50.79459559999998,-5.314708899999971],[-50.7869131,-5.397126],[-50.8009889,-5.412618],[-50.843848,-5.407451799999876],[-50.8874078,-5.4340247],[-50.872368199999983,-5.4889465],[-50.885126799999853,-5.494816599999922],[-50.881250699999953,-5.511260699999923],[-50.902463499999953,-5.505447899999922],[-50.9566519,-5.538998],[-50.943513199999984,-5.559812099999931],[-50.952028899999959,-5.6142519],[-50.870643700000016,-5.639893599999937],[-50.847368499999959,-5.7070827],[-50.896421,-5.706235299999946],[-50.921636099999944,-5.741279799999973],[-50.912851900000021,-5.7531052],[-50.928204199999925,-5.766849099999945],[-50.9281942,-5.796006199999965],[-50.942394400000012,-5.803567599999951],[-50.956374900000014,-5.785188099999971],[-51.0242831,-5.787077599999975],[-51.0549714,-5.7648893],[-51.113451299999952,-5.815475399999968],[-51.120920799999965,-5.9082917],[-51.1654198,-5.9273495],[-51.1587409,-5.951080399999967],[-51.176556599999969,-5.9664588],[-51.222089099999948,-5.964823799999976],[-51.243465500000013,-5.998072499999921],[-51.282915199999877,-5.991799300000025],[-51.327044199999989,-5.963194099999953],[-51.358270100000027,-5.967146],[-51.39919029999993,-6.018594699999937],[-51.402082299999961,-6.046102799999915],[-51.347000099999946,-6.055612],[-51.278240299999936,-6.10421249999996],[-51.2467615999999,-6.173770099999956],[-51.222690399999976,-6.168219299999976],[-51.214763399999924,-6.184764399999949],[-51.203555899999969,-6.172708499999942],[-51.146884899999918,-6.2023456],[-51.153968799999973,-6.261598799999945],[-51.193035800000018,-6.270618899999931],[-51.200547499999914,-6.288178799999969],[-51.168530700000019,-6.333028899999988],[-51.151262799999984,-6.336737200000016],[-51.148548300000016,-6.363372599999934],[-51.16146980000002,-6.3696971],[-51.13969830000002,-6.383138499999973],[-51.14773,-6.395064499999989],[-51.134167600000012,-6.422863600000028],[-51.184709699999985,-6.470436300000017],[-51.1671232,-6.48566],[-51.167637500000012,-6.506799300000011],[-51.1415177,-6.5223669],[-51.152036399999929,-6.548163499999987],[-51.136028099999862,-6.580162799999925],[-51.146508,-6.593000099999927],[-51.12124979999993,-6.627083399999947],[-51.1331111,-6.637611600000014],[-51.0798605,-6.666719799999953],[-51.087997899999891,-6.707997700000021],[-51.0238797,-6.699493],[-51.0055334,-6.719712500000014],[-50.958749399999931,-6.726166200000023],[-50.946090799999979,-6.749420499999928],[-50.922711899999967,-6.744378400000016],[-50.890452399999958,-6.831154299999866],[-50.9084762,-6.84980349999995],[-50.86739289999997,-6.937977699999919],[-50.845859,-6.9554137],[-50.797697299999925,-6.956785200000013],[-50.769595200000026,-7.006242799999939],[-50.749771199999941,-6.996308299999953],[-50.681418099999973,-7.017252599999892],[-50.650481299999967,-7.0399729],[-50.649002900000028,-7.059108699999967],[-50.556393,-7.078058899999917],[-50.535957499999938,-7.094588399999964],[-50.541478299999937,-7.1089867],[-50.508157499999982,-7.19310749999994],[-50.468275799999901,-7.200422600000024],[-50.416966499999944,-7.239636499999961],[-50.404504299999985,-7.22078329999988],[-50.384792399999981,-7.230039200000022],[-50.374397,-7.290022599999986],[-50.404031599999882,-7.314242099999944],[-50.379660199999989,-7.3645297],[-50.39122,-7.422843699999987],[-50.35685959999995,-7.455037399999981],[-50.36473559999996,-7.475453199999947],[-50.347266699999977,-7.49715040000001],[-50.385929299999987,-7.539983899999982],[-50.370291699999939,-7.544332399999973],[-50.368557599999917,-7.576512499999978],[-50.342268699999977,-7.599588599999947],[-50.344419399999936,-7.654888099999937],[-50.3898084,-7.645860299999924],[-50.3915404,-7.671573099999875],[-50.416095900000016,-7.696036900000024],[-50.4381507,-7.6960709],[-50.483518099999912,-7.74771370000002],[-50.509458100000018,-7.755260699999951],[-50.511387099999922,-7.776584599999978],[-50.5405255,-7.79683510000001],[-50.569577199999969,-7.8470797],[-50.56544619999994,-7.863034299999981],[-50.610109099999988,-7.8918832],[-50.544585900000015,-7.905428299999983],[-50.538886099999957,-7.960525],[-50.51299640000002,-7.970016900000019],[-50.527642999999898,-7.9859836],[-50.515765499999986,-7.995281399999953],[-50.532232899999883,-8.004867600000011],[-50.527360900000019,-8.0215278],[-50.501323699999944,-8.018651799999986],[-50.521800900000017,-8.052392399999974],[-50.524802399999942,-8.0987667],[-50.559035899999969,-8.109297599999934],[-50.551818199999957,-8.144053499999984],[-50.580682899999942,-8.1620782],[-50.5978126,-8.1970283],[-50.6254884,-8.19517],[-50.659922299999891,-8.24438379999998],[-50.7174058,-8.247519699999941],[-50.743799599999988,-8.276991899999985],[-50.73455389999998,-8.2952383],[-50.765270499999929,-8.3070303],[-50.758306,-8.3380879],[-50.780443699999921,-8.306906699999956],[-50.8170955,-8.296529],[-50.838131699999906,-8.30487],[-50.824763,-8.319278299999951],[-50.850338500000021,-8.350615800000014],[-50.860419799999988,-8.331260199999974],[-50.8854053,-8.348475],[-50.892376500000012,-8.39171],[-50.86565209999992,-8.41578329999993],[-50.916173099999924,-8.4499566],[-50.908167899999967,-8.472949],[-50.942023,-8.511480899999981],[-50.933805099999972,-8.574990699999887],[-51.048615400000017,-8.676702299999874],[-51.032119099999932,-8.690367699999967],[-51.023747899999989,-8.7335139],[-51.035097800000017,-8.855684599999961],[-51.069245,-8.9061747],[-51.101727200000028,-8.898055100000022],[-51.110210799999948,-8.929265199999975],[-51.083092500000021,-8.940329499999962],[-51.079817799999944,-8.961975299999949],[-51.045558,-8.990128500000026],[-51.085152699999924,-9.0062441],[-51.101119299999937,-9.035057600000016],[-51.093159899999932,-9.102299199999948],[-51.08044469999993,-9.114027],[-51.108091499999944,-9.142657899999961],[-51.045546099999967,-9.208960499999932],[-51.063724699999966,-9.221642200000019],[-51.066490399999907,-9.2515257],[-51.08700129999994,-9.2631965],[-51.069960399999957,-9.295344799999953],[-51.077994900000022,-9.337574199999949],[-51.060712799999976,-9.365084500000023],[-51.068065499999932,-9.460879299999931],[-51.089575500000024,-9.486471600000016],[-51.120980299999928,-9.494305699999927],[-51.139933900000017,-9.559955300000013],[-51.1829287,-9.5218036],[-51.262593199999912,-9.576468499999919],[-51.265397300000018,-9.656807599999979],[-51.2952712,-9.739183799999864],[-51.3096921,-9.7447489],[-51.310506799999928,-9.791083599999979],[-51.3263574,-9.820444499999894],[-51.31306,-9.835523],[-51.348996899999975,-9.85683640000002],[-51.352086499999984,-9.8953436],[-51.3813973,-9.90302],[-51.3723609,-9.917916799999944],[-51.342862499999967,-9.922446],[-51.33651169999996,-9.955170399999986],[-51.365701099999967,-9.971385599999962],[-51.3672535,-10.002578199999959],[-51.394800299999986,-9.994754199999988],[-51.408078,-10.017356399999983],[-51.353190199999972,-10.062211899999909],[-51.3367697,-10.053228499999932],[-51.323078800000019,-10.092027200000018],[-51.342893599999968,-10.117234699999983],[-51.340271499999915,-10.140872300000012],[-51.39596419999998,-10.193718399999909],[-51.400603,-10.230377],[-51.419305300000019,-10.229027899999949],[-51.4386498,-10.2758743],[-51.370617299999935,-10.318004],[-51.376253,-10.3747],[-51.345612800000026,-10.4019864],[-51.3461216,-10.423619],[-51.298795899999959,-10.450181199999975],[-51.300310499999966,-10.463281699999982],[-51.321539700000017,-10.473194799999987],[-51.366241399999922,-10.448106],[-51.382172899999944,-10.465344799999912],[-51.386271599999986,-10.4502293],[-51.464987399999927,-10.4254166],[-51.496569799999975,-10.444524399999921],[-51.513423,-10.398207199999945],[-51.53694059999998,-10.3971965],[-51.5518404,-10.360415699999976],[-51.574194699999907,-10.352243199999975],[-51.607906,-10.36338330000001],[-51.6556936,-10.348186699999985],[-51.6823523,-10.380698299999949],[-51.736862499999972,-10.362183399999935],[-51.7518364,-10.371159699999964],[-51.7607243,-10.357636],[-51.771064,-10.375067800000011],[-51.811756,-10.331857599999978],[-51.854638,-10.322047],[-51.86875040000001,-10.334317499999941],[-51.8758636,-10.3826009],[-51.897828800000013,-10.379690699999969],[-51.906524100000013,-10.396622499999921],[-51.879511499999978,-10.467369299999973],[-51.909883499999978,-10.529794900000013],[-51.913006399999915,-10.510635900000011],[-51.930236499999921,-10.505234500000029],[-51.953541599999937,-10.541609900000026],[-51.973749199999929,-10.5346192],[-51.979305300000021,-10.5562501],[-52.004333799999927,-10.567716299999972],[-52.005646,-10.546261899999934],[-52.032034699999883,-10.567339499999946],[-52.0434287,-10.551292599999954],[-52.053759099999979,-10.572323299999937],[-52.076057699999922,-10.5577219],[-52.079217299999982,-10.574874899999941],[-52.122370499999988,-10.589251600000011],[-52.078231500000015,-10.6216546],[-52.0964712,-10.663276199999984],[-52.133664599999861,-10.68553129999998],[-52.114434899999935,-10.719799899999884],[-52.1435009,-10.723831099999984],[-52.13970230000001,-10.754076],[-52.158746899999926,-10.777208499999915],[-52.167371899999921,-10.8319244],[-52.130093299999942,-10.829675199999883],[-52.14407929999993,-10.8894391],[-52.111664599999983,-10.909354899999926],[-52.110415099999955,-10.94102620000001],[-52.084318100000019,-10.94702609999996],[-52.0527035,-11.010940499999947],[-52.061719799999935,-11.069267],[-52.013566599999933,-11.112419099999954],[-52.045908099999963,-11.118579899999986],[-52.0660385,-11.145359299999882],[-52.068189099999927,-11.1599081],[-52.0348927,-11.170866899999965],[-52.075028399999951,-11.182212],[-52.081345499999941,-11.2341366],[-52.056633799999872,-11.2327335],[-52.0500475,-11.259231299999897],[-52.027379099999962,-11.246533699999986],[-52.016846699999974,-11.266446499999915],[-51.993207,-11.272651599999961],[-52.014594499999987,-11.320840899999951],[-51.997524399999975,-11.388364099999876],[-51.944685499999935,-11.401221599999928],[-51.9401939,-11.431463],[-51.898850699999969,-11.446613599999921],[-51.889853799999969,-11.491251099999943],[-51.8540653,-11.496784199999979],[-51.846119699999917,-11.521185100000025],[-51.777063399999918,-11.527138899999954],[-51.795357500000023,-11.571641899999918],[-51.773736199999973,-11.609285600000021],[-51.749206500000014,-11.582416399999943],[-51.673111099999971,-11.5795688],[-51.666241799999966,-11.592817599999989],[-51.6875394,-11.619322999999895],[-51.678779500000019,-11.64347349999997],[-51.6306447,-11.646214400000019],[-51.635118999999861,-11.696866099999909],[-51.599625399999979,-11.702462],[-51.615016399999945,-11.746811499999978],[-51.595637,-11.737952299999961],[-51.571649,-11.748931200000015],[-51.597038,-11.755789499999935],[-51.601269600000023,-11.7879474],[-51.627038499999969,-11.8058332],[-51.5990986999999,-11.8095366],[-51.589106799999968,-11.829983399999946],[-51.561817799999972,-11.840599199999986],[-51.574734099999944,-11.874415399999918],[-51.607936299999949,-11.865994799999896],[-51.644575299999985,-11.881224299999928],[-51.687181399999929,-11.8466019],[-51.716995,-11.8418509],[-51.745500399999969,-11.863451699999985],[-51.744382599999938,-12.042083],[-51.770641099999921,-12.0464948],[-51.7720607,-12.07547569999997],[-51.754168,-12.110796299999947],[-51.711033,-12.10919279999996],[-51.729511099999968,-12.1630644],[-51.708874,-12.193202],[-51.691548899999987,-12.192975499999932],[-51.690983800000026,-12.209020399999929],[-51.67395590000001,-12.208533699999919],[-51.651365099999964,-12.2475824],[-51.632261200000016,-12.239768500000025],[-51.6307592,-12.271900199999948],[-51.661004699999978,-12.308193399999936],[-51.6388336,-12.335880799999927],[-51.656958699999961,-12.370230199999924],[-51.6474844,-12.396215899999902],[-51.662918,-12.407904799999983],[-51.642076499999973,-12.499581299999932],[-51.658829699999956,-12.528758499999981],[-51.678492899999924,-12.525125399999979],[-51.679869899999915,-12.54164789999993],[-51.714242599999977,-12.566319099999873],[-51.717642500000011,-12.578483399999868],[-51.68785209999993,-12.581786299999919],[-51.687357399999939,-12.592523],[-51.7489842,-12.629144],[-51.735464499999978,-12.655873199999974],[-51.783840599999962,-12.6547754],[-51.732504099999971,-12.6757622],[-51.771306499999923,-12.693968400000017],[-51.7861787,-12.743529299999977],[-51.749055100000021,-12.762157399999921],[-51.74757790000001,-12.777127599999915],[-51.784861599999886,-12.782568099999935],[-51.780156399999953,-12.852898599999946],[-51.816498599999989,-12.84934149999998],[-51.821171,-12.86144749999994],[-51.796123,-12.988067099999967],[-51.779577599999925,-13.0034822],[-51.767025399999909,-12.990828299999919],[-51.7465416,-13.027802699999938],[-51.785043899999948,-13.062905],[-51.797552799999949,-13.169011099999977],[-51.808638,-13.171816799999931],[-51.80978829999998,-13.201303600000017],[-51.833023299999979,-13.216593400000022],[-51.791307499999959,-13.327595799999983],[-51.828697499999919,-13.3601132],[-51.814872799999932,-13.404304099999933],[-51.830008599999928,-13.434140800000023],[-51.851256699999965,-13.443643599999916],[-51.820823799999914,-13.459509799999978],[-51.84303639999996,-13.4894716],[-51.810394599999938,-13.508408299999985],[-51.818761099999961,-13.53819349999992],[-51.866507399999989,-13.605809599999986],[-51.871575299999904,-13.6412985],[-51.9056137,-13.677399799999989],[-51.933469100000025,-13.675980900000013],[-51.9544869,-13.654124599999875],[-52.009969299999909,-13.675878299999965],[-52.01784,-13.700981399999989],[-52.058749299999931,-13.704854800000021],[-52.065703499999984,-13.7600885],[-52.092766200000028,-13.7598375],[-52.1365343,-13.799029899999937],[-52.132496300000014,-13.835688800000014],[-52.0974286,-13.839906799999937],[-52.114301599999919,-13.848646899999949],[-52.111810299999945,-13.881123399999979],[-52.093418899999961,-13.882924399999865],[-52.064766599999984,-13.936487899999975],[-52.097134399999959,-13.990998],[-52.1211133,-13.973328299999935],[-52.148182099999872,-13.994306399999914],[-52.15559380000002,-14.028171299999883],[-52.211158,-14.01715],[-52.321175699999969,-14.0443752],[-52.365242,-14.084460700000022],[-52.389966499999957,-14.0527475],[-52.431509299999959,-14.109453299999984],[-52.466126799999927,-14.1142377],[-52.481635900000015,-14.138862499999959],[-52.598433600000021,-14.136001699999952],[-52.60894849999994,-14.153444099999945],[-52.6608291,-14.164166799999975],[-52.758577100000025,-14.216972399999975],[-52.8197806,-14.216593699999919],[-52.831784,-14.238255200000026],[-52.8197108,-14.239482499999951],[-52.817880099999968,-14.267930299999989],[-52.804371099999912,-14.277188699999954],[-52.819028499999945,-14.313078399999881],[-52.789247199999977,-14.340761899999904],[-52.7938686,-14.384807499999965],[-52.817014500000028,-14.393924099999936],[-52.831964299999981,-14.450397399999929],[-52.85929040000002,-14.479402900000025],[-52.920106899999951,-14.486694199999874],[-52.922645699999975,-14.502638199999978],[-52.968720099999928,-14.516441599999951],[-52.999327199999982,-14.587278799999979],[-53.022618099999988,-14.610303199999976],[-53.043744299999958,-14.6092294],[-53.0504891,-14.630482700000016],[-53.095217199999979,-14.643546500000014],[-53.120796,-14.64149279999998],[-53.1368321,-14.6235792],[-53.159579199999939,-14.6468279],[-53.196535400000016,-14.644870699999956],[-53.206639299999949,-14.629278399999919],[-53.284817799999871,-14.622966299999916],[-53.304617699999937,-14.608389599999896],[-53.3171628,-14.634680800000012],[-53.308872899999983,-14.662463800000012],[-53.354206899999951,-14.684417899999971],[-53.350469099999941,-14.704461700000024],[-53.36777259999991,-14.730841100000021],[-53.446744299999978,-14.734452],[-53.465983,-14.754581499999858],[-53.485607800000025,-14.739389899999935],[-53.5016903,-14.76326279999995],[-53.546527500000025,-14.768194600000015],[-53.571194399999968,-14.792065599999944],[-53.642054399999893,-14.785486100000014],[-53.6458452,-14.7582193],[-53.686805699999979,-14.75846439999998],[-53.6641646,-14.813908099999935],[-53.7018053,-14.800416799999937],[-53.721201699999938,-14.8107556],[-53.734778,-14.787464099999909],[-53.84791639999986,-14.785139],[-53.840797099999918,-14.8155835],[-53.872450499999957,-14.836299699999984],[-53.874000499999966,-14.8622613],[-53.891030099999909,-14.870432799999946],[-53.92130370000001,-14.8341585],[-53.939025500000014,-14.883188],[-53.9712462,-14.905126399999915]]]]}},
{"type":"Feature","properties":{"nome_bacia":"Bacia Capim-Ararandeua"},"geometry":{"type":"MultiPolygon","coordinates":[[[[-47.868761100000029,-5.01624240000001],[-47.930012899999895,-5.054303899999923],[-48.002647,-4.99358819999992],[-48.041531799999973,-5.0020725],[-48.0385379,-4.984011],[-48.061251200000015,-4.969316099999901],[-48.0661053,-4.946806900000013],[-48.11026750000002,-4.937365699999987],[-48.137803099999985,-4.950925599999891],[-48.165694200000019,-4.91125],[-48.26267,-4.9129759],[-48.271663299999943,-4.9290552],[-48.30344759999997,-4.910487900000021],[-48.325550899999939,-4.919426499999986],[-48.333017499999926,-4.889961899999946],[-48.361426899999969,-4.887446899999986],[-48.3728936,-4.899654699999985],[-48.425725199999931,-4.848696800000027],[-48.454768,-4.892294400000026],[-48.495695,-4.863739099999918],[-48.510302699999954,-4.8158853],[-48.543194200000016,-4.8315278],[-48.591793199999984,-4.8273532],[-48.5929013,-4.8105041],[-48.6543077,-4.802257699999984],[-48.674027500000022,-4.770972299999983],[-48.700799699999948,-4.7804046],[-48.706933100000015,-4.749330199999974],[-48.717804199999932,-4.760854399999971],[-48.743083,-4.742633399999931],[-48.771594399999913,-4.751957300000015],[-48.796634299999937,-4.707707899999946],[-48.846237500000029,-4.732641299999898],[-48.852760199999977,-4.6810934],[-48.906879,-4.675905300000011],[-48.940994199999864,-4.62780650000002],[-48.974011399999938,-4.63078749999994],[-48.997420699999964,-4.6079135],[-49.053720899999973,-4.608793499999933],[-49.0848021,-4.568215099999975],[-49.1006959,-4.5737423],[-49.1118303,-4.510228700000027],[-49.164583100000016,-4.3943056],[-49.26834359999998,-4.434168],[-49.3015287,-4.478201599999977],[-49.315573299999869,-4.402188099999933],[-49.353474999999889,-4.3973709],[-49.338518099999931,-4.370745],[-49.350446899999895,-4.358485299999984],[-49.334758099999874,-4.312997399999972],[-49.339583100000027,-4.265138899999897],[-49.3581962,-4.269049399999972],[-49.364201799999933,-4.232833799999923],[-49.3894434,-4.199585899999931],[-49.4482794,-4.211353700000018],[-49.449034599999948,-4.178465],[-49.469179099999963,-4.184861099999921],[-49.481241499999953,-4.146254399999918],[-49.511522099999922,-4.139862599999958],[-49.512626399999988,-4.122363299999961],[-49.497868399999959,-4.125470499999949],[-49.4931441,-4.109117699999956],[-49.512917899999934,-4.0848494],[-49.49747880000001,-4.070777799999917],[-49.5129152,-4.0367943],[-49.494583099999943,-4.017361199999982],[-49.515706500000022,-3.9984703],[-49.537352999999882,-4.006540500000028],[-49.523884299999963,-3.9555115],[-49.54869,-3.9487929],[-49.546375199999943,-3.926550299999974],[-49.530578599999956,-3.922263499999985],[-49.55478219999992,-3.885237399999937],[-49.522962399999983,-3.866701400000011],[-49.536459400000012,-3.853368400000022],[-49.521747800000014,-3.8323029],[-49.4958838,-3.8372223],[-49.50653,-3.816806199999974],[-49.491238899999985,-3.784028299999989],[-49.528592799999899,-3.739288],[-49.558176099999969,-3.755866700000013],[-49.568084799999951,-3.782087699999977],[-49.578532100000018,-3.765777],[-49.565331499999957,-3.747338099999922],[-49.5739881,-3.7332434],[-49.499747599999864,-3.664586499999984],[-49.488464599999929,-3.62430489999997],[-49.505628699999988,-3.6132381],[-49.49058139999994,-3.524594499999921],[-49.502463299999931,-3.481534300000021],[-49.476029499999925,-3.444451500000014],[-49.481458499999974,-3.4064707],[-49.4596484,-3.39785489999997],[-49.456808399999943,-3.378675299999941],[-49.4833064,-3.3500962],[-49.488187199999913,-3.3140206],[-49.505564600000014,-3.3078119],[-49.5266456,-3.260934599999928],[-49.519693599999982,-3.246811200000025],[-49.534659200000021,-3.246758600000021],[-49.5246146,-3.2365754],[-49.538160399999981,-3.225592399999982],[-49.537664399999983,-3.181259599999919],[-49.552853699999957,-3.179803900000024],[-49.550906399999974,-3.146055999999874],[-49.5661035,-3.145752800000025],[-49.569711399999903,-3.116364399999952],[-49.595685,-3.1143017],[-49.606558399999983,-3.076395199999922],[-49.618616599999882,-3.080972399999951],[-49.63807259999993,-3.059859099999983],[-49.5923788,-2.9597812],[-49.6425989,-2.935232099999951],[-49.651458100000013,-2.9047281],[-49.639437,-2.857658599999922],[-49.615690499999971,-2.8377875],[-49.627911299999937,-2.815127099999984],[-49.592084399999976,-2.812229199999933],[-49.592018100000018,-2.7877186],[-49.609701399999949,-2.786646899999937],[-49.617576,-2.75367540000002],[-49.598701399999925,-2.6961521],[-49.570319799999879,-2.682434099999966],[-49.557054099999959,-2.640889],[-49.500420800000029,-2.642622800000026],[-49.461139300000013,-2.613573199999962],[-49.456823499999928,-2.6029456],[-49.488501399999961,-2.5927036],[-49.4842433,-2.56648719999987],[-49.443752899999936,-2.523348599999963],[-49.4089654,-2.515964899999915],[-49.390116199999966,-2.4905713],[-49.3784473,-2.504599400000018],[-49.368636399999957,-2.490380699999946],[-49.38217869999994,-2.472039100000018],[-49.422919699999966,-2.475705399999981],[-49.4248043,-2.442250199999876],[-49.406574499999977,-2.431636599999933],[-49.37709469999993,-2.467636],[-49.374614599999973,-2.444594799999891],[-49.3565661,-2.447183699999869],[-49.337197599999911,-2.423469800000021],[-49.347795599999984,-2.4087581],[-49.326656699999944,-2.4079423],[-49.31609659999998,-2.390181499999983],[-49.307043599999929,-2.400527299999965],[-49.3008547,-2.3868114],[-49.2772473,-2.388411799999915],[-49.276257099999953,-2.445418199999892],[-49.257642799999985,-2.447352199999955],[-49.263707599999975,-2.4654825],[-49.230503299999953,-2.465956],[-49.243435299999987,-2.49559290000002],[-49.234027500000025,-2.505694499999947],[-49.208175599999947,-2.493363799999884],[-49.143252,-2.5119803],[-49.214964199999883,-2.465250500000025],[-49.221516799999904,-2.4424955],[-49.211740099999929,-2.420615099999964],[-49.183492300000012,-2.415651499999967],[-49.15296410000002,-2.384932099999958],[-49.1408813,-2.3903],[-49.122970099999861,-2.367046099999925],[-49.087361,-2.373193800000024],[-49.09167159999987,-2.335587899999894],[-49.1058933,-2.328368899999987],[-49.095177299999932,-2.311434099999985],[-49.049113399999953,-2.322320499999933],[-49.050409199999876,-2.297082400000022],[-49.067145699999969,-2.290508099999954],[-49.0684574,-2.2471506],[-49.040601199999969,-2.224649899999974],[-49.017917800000021,-2.224569],[-48.998744499999987,-2.203201],[-48.997205600000029,-2.165295800000024],[-48.961703100000022,-2.1503884],[-48.955587199999968,-2.121414799999968],[-48.975118499999951,-2.101840299999878],[-48.989681699999949,-2.124430299999972],[-49.044204799999989,-2.123366499999975],[-49.028155099999935,-2.110341800000015],[-49.015141500000027,-2.027636],[-48.9969757,-2.028464299999939],[-49.005322700000022,-2.037471200000027],[-48.992532199999971,-2.052326699999981],[-48.97762560000001,-2.0333339],[-48.948727399999939,-2.0517044],[-48.922701599999868,-2.010626],[-48.876343599999984,-1.991845999999896],[-48.865128799999923,-1.967643399999929],[-48.906536599999981,-1.91015589999995],[-48.888757399999974,-1.896528599999954],[-48.89066749999995,-1.86141809999998],[-48.832349499999964,-1.842035999999894],[-48.8251381,-1.854035599999918],[-48.7982867,-1.835401899999965],[-48.76012129999998,-1.756394199999988],[-48.6954288,-1.73596950000001],[-48.7025314,-1.685801499999968],[-48.664483799999971,-1.697989199999938],[-48.649756199999956,-1.6680513],[-48.620142199999918,-1.69429539999993],[-48.571146,-1.645525799999916],[-48.56953029999994,-1.613615400000015],[-48.534865599999989,-1.66264979999994],[-48.500470800000016,-1.644237299999986],[-48.507264599999928,-1.619393299999956],[-48.484036599999968,-1.612354599999946],[-48.496494199999972,-1.611149399999988],[-48.508031499999959,-1.566847600000017],[-48.528269099999875,-1.572689200000013],[-48.521110799999917,-1.527759899999921],[-48.534694599999966,-1.516391399999975],[-48.537355400000024,-1.480140399999925],[-48.567531699999961,-1.486133199999983],[-48.590946,-1.4364529],[-48.55476440000001,-1.400142799999969],[-48.536541600000021,-1.431893800000012],[-48.5187512,-1.421256799999981],[-48.5391459,-1.3794848],[-48.5287856,-1.339003299999888],[-48.543827699999952,-1.325958300000025],[-48.532436800000028,-1.323674200000028],[-48.53133559999992,-1.302051099999915],[-48.547911299999953,-1.2861608],[-48.534642800000029,-1.275878400000011],[-48.559872199999916,-1.24786139999992],[-48.571802,-1.172309799999937],[-48.53699429999989,-1.090566599999875],[-48.45653319999991,-1.100426199999958],[-48.424711800000011,-1.1277705],[-48.396852899999885,-1.116523799999982],[-48.361794199999906,-1.123753],[-48.355734900000016,-1.134600200000023],[-48.379035,-1.153597899999966],[-48.369860799999969,-1.170416699999976],[-48.346980700000017,-1.158940099999938],[-48.339633400000025,-1.173299499999928],[-48.370682499999987,-1.195693099999971],[-48.340534399999967,-1.238713500000017],[-48.336075699999924,-1.270784],[-48.304853299999934,-1.291805499999953],[-48.272637499999973,-1.288201500000014],[-48.2460613,-1.311580400000025],[-48.1984094,-1.30249479999992],[-48.165556099999947,-1.271061199999963],[-48.094295400000021,-1.282642499999952],[-48.07513240000003,-1.270417299999963],[-48.0575278,-1.289193399999988],[-48.042227899999943,-1.260923199999922],[-48.020138699999961,-1.254869399999961],[-48.0249301,-1.222394800000018],[-47.996397699999989,-1.234665699999937],[-47.946527499999945,-1.22625],[-47.9157032,-1.302053899999976],[-47.853607899999986,-1.274174199999948],[-47.824556899999891,-1.2823436],[-47.815989799999898,-1.303449100000023],[-47.7895797,-1.2984098],[-47.7852848,-1.3135585],[-47.740197099999932,-1.2965484],[-47.711832399999935,-1.326615],[-47.710357199999919,-1.379096499999946],[-47.695707899999945,-1.3987272],[-47.705947499999922,-1.435184100000015],[-47.6380651,-1.484905699999956],[-47.618871099999922,-1.478064699999948],[-47.6136151,-1.488053700000023],[-47.5776386,-1.454305599999941],[-47.550531799999987,-1.489235399999984],[-47.533158,-1.476607799999954],[-47.479478499999971,-1.4983214],[-47.4682712,-1.488876100000027],[-47.400693199999864,-1.496812799999987],[-47.4025413,-1.454565899999977],[-47.383070499999974,-1.426859899999954],[-47.341365499999938,-1.4243849],[-47.3144471,-1.403898699999957],[-47.2901549,-1.431628900000021],[-47.310228399999971,-1.470161099999984],[-47.290783,-1.484022200000027],[-47.266919299999927,-1.468807499999969],[-47.230292399999939,-1.476709799999867],[-47.215264499999989,-1.458918599999947],[-47.181081100000029,-1.470871],[-47.175671299999976,-1.459051199999919],[-47.157259299999964,-1.4872871],[-47.079917599999931,-1.451750800000013],[-47.053692899999987,-1.461135899999931],[-47.018849199999977,-1.430141599999956],[-47.002376799999922,-1.445501399999955],[-47.016245499999911,-1.457073],[-46.989080199999876,-1.505211700000018],[-46.9961283,-1.522763399999974],[-46.934318800000028,-1.519447499999956],[-46.88637,-1.548896300000024],[-46.891413699999987,-1.566029300000025],[-46.870135,-1.5748036],[-46.865846899999951,-1.595429699999897],[-46.884264,-1.608096399999965],[-46.8828365,-1.62494670000001],[-46.849805199999878,-1.654339499999878],[-46.852051899999879,-1.683394599999986],[-46.81904969999988,-1.701753099999905],[-46.8106535,-1.686156],[-46.797226299999977,-1.692869499999915],[-46.801374800000019,-1.777555799999959],[-46.834159499999942,-1.771404599999926],[-46.837498799999935,-1.800899299999969],[-46.868722100000014,-1.826348100000018],[-46.8532935,-1.878426600000012],[-46.871784600000012,-1.890357900000026],[-46.854687499999898,-1.936350499999946],[-46.872293099999979,-1.965476700000011],[-46.842505299999914,-1.987383200000011],[-46.856080799999972,-2.011837500000013],[-46.8423464,-2.047091599999931],[-46.862354400000015,-2.078601699999922],[-46.856735299999968,-2.1233507],[-46.877074,-2.142357300000015],[-46.866568700000016,-2.1566813],[-46.877167399999962,-2.200392799999975],[-46.895726799999977,-2.219970699999976],[-46.9115529,-2.208674599999881],[-46.928950699999973,-2.215778799999953],[-46.983664699999963,-2.269252199999926],[-47.036162600000011,-2.288557699999956],[-47.035677599999929,-2.305349499999863],[-47.082019099999911,-2.330514499999936],[-47.082164200000022,-2.351243899999929],[-47.098860599999909,-2.341298199999926],[-47.118946100000016,-2.3564336],[-47.09874880000001,-2.375683699999911],[-47.130096499999979,-2.408626200000015],[-47.110427699999889,-2.4172158],[-47.115416400000015,-2.439027799999963],[-47.0951387,-2.46637249999992],[-47.090566699999954,-2.4994203],[-47.106781800000022,-2.51984010000001],[-47.0931048,-2.542045200000018],[-47.104764199999977,-2.552180199999952],[-47.139048800000012,-2.553227999999876],[-47.170476300000018,-2.588398199999915],[-47.214188,-2.595332999999869],[-47.2369658,-2.588799399999971],[-47.254958099999953,-2.558304499999963],[-47.291852300000016,-2.562578799999869],[-47.299864,-2.5760176],[-47.33157970000002,-2.567739899999935],[-47.329795600000011,-2.626483499999949],[-47.3543838,-2.6335507],[-47.336457099999961,-2.645458899999937],[-47.345971899999938,-2.681813799999986],[-47.370434699999862,-2.678801699999951],[-47.367500299999961,-2.719731599999989],[-47.413348900000017,-2.7454689],[-47.3936253,-2.761083400000018],[-47.405250700000011,-2.7793704],[-47.380892,-2.791235799999924],[-47.378645300000017,-2.811992299999986],[-47.405378499999927,-2.821449399999949],[-47.38019659999992,-2.92257189999998],[-47.48502,-2.925274600000023],[-47.496375699999987,-2.964727499999981],[-47.525285600000018,-2.979936],[-47.524554,-3.0138157],[-47.492762399999947,-3.0438072],[-47.5395479,-3.088500799999963],[-47.494615,-3.135799499999905],[-47.512352599999929,-3.1719893],[-47.50094839999997,-3.197662700000024],[-47.52139029999995,-3.230586500000015],[-47.516800199999977,-3.2442514],[-47.484772299999918,-3.237417599999958],[-47.489836199999957,-3.3286304],[-47.467179699999974,-3.3354091],[-47.477587700000015,-3.352919400000019],[-47.531713699999955,-3.353421199999957],[-47.5461067,-3.315464899999938],[-47.5930917,-3.359562499999981],[-47.613106899999934,-3.355216999999868],[-47.586353299999871,-3.412726799999916],[-47.612445599999944,-3.419787],[-47.622726899999918,-3.492278899999974],[-47.665296599999976,-3.499429799999916],[-47.657824099999971,-3.531547499999931],[-47.637565499999937,-3.5494415],[-47.669944299999884,-3.58293279999998],[-47.636986799999931,-3.6248936],[-47.718890599999895,-3.639729099999954],[-47.732691100000011,-3.660763799999984],[-47.7185258,-3.668519299999957],[-47.723661199999981,-3.706300399999975],[-47.697461700000019,-3.721611600000017],[-47.726560399999983,-3.750244299999963],[-47.750416399999949,-3.747638900000027],[-47.755679499999928,-3.773739700000021],[-47.74010219999991,-3.791800200000012],[-47.706282199999919,-3.795141300000012],[-47.718269899999939,-3.826161399999989],[-47.675147399999958,-3.8426379],[-47.690726299999881,-3.884863099999905],[-47.673653099999967,-3.910352400000022],[-47.623226100000011,-3.926723900000013],[-47.61139780000002,-3.945857],[-47.626443499999937,-3.95331010000001],[-47.628908499999966,-3.97927349999992],[-47.6547382,-3.985978799999941],[-47.648471899999947,-4.001258299999961],[-47.629952899999978,-3.999959599999954],[-47.643329600000015,-4.054845],[-47.609495400000014,-4.0835654],[-47.6342146,-4.110570199999984],[-47.655416399999979,-4.095138899999938],[-47.686971799999981,-4.1030265],[-47.723991399999875,-4.1534643],[-47.727888600000028,-4.183539099999962],[-47.748211799999979,-4.185766499999943],[-47.757271100000025,-4.203515899999957],[-47.745081200000016,-4.22406239999998],[-47.754675599999928,-4.254451099999926],[-47.738561,-4.291622800000027],[-47.742881,-4.322941500000013],[-47.788941799999975,-4.34104119999995],[-47.80628280000002,-4.3792171],[-47.813232500000026,-4.526439399999958],[-47.864777300000014,-4.525612500000022],[-47.872327499999983,-4.562785499999961],[-47.853564899999981,-4.572340100000019],[-47.852553299999954,-4.643305199999986],[-47.8284721,-4.665850899999953],[-47.819579499999975,-4.748054799999977],[-47.779101,-4.753996499999971],[-47.731568499999923,-4.800596700000028],[-47.70968229999994,-4.847914799999955],[-47.683683299999984,-4.858127],[-47.683565499999986,-4.888205500000026],[-47.663001,-4.894586599999968],[-47.684009399999923,-4.903768],[-47.66852039999992,-4.915652899999941],[-47.664647599999967,-4.959444],[-47.633844399999987,-4.995789599999966],[-47.6678096,-5.033240199999966],[-47.664489800000013,-5.062858499999948],[-47.708058699999981,-5.07945380000001],[-47.742836699999941,-5.040323599999965],[-47.786816199999976,-5.054861099999926],[-47.868761100000029,-5.01624240000001]]]]}},
{"type":"Feature","properties":{"nome_bacia":"Bacia do Rio Tocantins"},"geometry":{"type":"MultiPolygon","coordinates":[[[[-49.7795911,-16.190268299999957],[-49.818749799999978,-16.251816299999916],[-49.901316599999973,-16.231553599999984],[-49.9136287,-16.2155712],[-49.948700700000018,-16.223941200000013],[-49.975915399999963,-16.25164460000002],[-49.9910901,-16.234062600000016],[-50.018743,-16.236782800000015],[-50.050135999999895,-16.215129299999944],[-50.040016900000012,-16.174596599999916],[-50.062920499999962,-16.1415384],[-50.059220699999969,-16.113852300000019],[-50.08541839999998,-16.10736739999993],[-50.084426899999926,-16.077995699999917],[-50.120416799999873,-16.044316399999957],[-50.0529487,-15.999551900000029],[-50.042640899999981,-15.983760599999925],[-50.059751300000016,-15.960892399999977],[-50.037322599999925,-15.9554359],[-50.0320026,-15.921049799999878],[-49.995415200000025,-15.8998494],[-50.051580300000012,-15.872821699999974],[-50.0476769,-15.8310424],[-50.087363099999948,-15.769870199999957],[-50.0615694,-15.72607469999997],[-50.078508,-15.688925499999982],[-50.1256942,-15.652361199999859],[-50.1323433,-15.578296699999896],[-50.15791639999992,-15.558194599999922],[-50.157137599999885,-15.531315599999971],[-50.1690261,-15.527095299999985],[-50.154036799999915,-15.487081],[-50.168477100000018,-15.447360800000013],[-50.155192599999964,-15.409944],[-50.131356499999981,-15.39403209999989],[-50.121128599999963,-15.3598882],[-50.134295300000019,-15.342717599999958],[-50.10251089999997,-15.3159298],[-50.086816699999986,-15.24847079999995],[-50.0380503,-15.199692],[-50.056513,-15.181710399999929],[-50.03626220000001,-15.147339699999975],[-50.05985359999994,-15.118473399999971],[-50.042328599999962,-15.055023399999925],[-49.964873799999964,-15.009857299999965],[-49.910963899999956,-15.030416899999921],[-49.906539,-15.019577],[-49.864850199999864,-15.024583800000016],[-49.834325299999932,-14.991562599999952],[-49.825428899999963,-14.955694],[-49.805696,-14.952632499999936],[-49.786813100000018,-14.9273617],[-49.766808200000014,-14.9348721],[-49.769584099999918,-14.9177525],[-49.752982,-14.9071543],[-49.72892760000002,-14.906909400000018],[-49.674860899999942,-14.8345835],[-49.64545819999995,-14.8402375],[-49.637922399999866,-14.820971499999871],[-49.60459359999993,-14.802489199999968],[-49.613403300000016,-14.769701199999929],[-49.57624949999996,-14.756239299999891],[-49.5593053,-14.764583500000015],[-49.554689600000017,-14.730752399999972],[-49.51320579999998,-14.720137],[-49.51027879999998,-14.695061599999917],[-49.494921200000022,-14.696359200000018],[-49.485127200000022,-14.66846959999998],[-49.460979800000018,-14.661528299999929],[-49.4626389,-14.635983300000021],[-49.4320871,-14.6129077],[-49.454961,-14.583415899999977],[-49.447038500000019,-14.556156399999963],[-49.415613399999927,-14.535833599999876],[-49.397650499999941,-14.5401314],[-49.389303299999938,-14.502262200000018],[-49.367350199999976,-14.517917099999977],[-49.347216,-14.510836199999972],[-49.346254899999963,-14.477905599999929],[-49.325127099999975,-14.473753400000021],[-49.334594400000015,-14.457912699999952],[-49.296839399999953,-14.436360400000012],[-49.307044099999985,-14.408722899999873],[-49.332069,-14.40323119999988],[-49.329538500000012,-14.388467799999944],[-49.280667,-14.415517500000021],[-49.261524099999974,-14.3962613],[-49.218041299999925,-14.39509019999997],[-49.209859600000016,-14.376538400000015],[-49.192127399999947,-14.380797199999961],[-49.1847902,-14.32882330000001],[-49.167638599999862,-14.321527899999978],[-49.160612500000013,-14.214435699999967],[-49.187917299999867,-14.170709],[-49.165138599999864,-14.102361200000018],[-49.200415699999951,-14.055966500000011],[-49.1803041,-14.035107400000015],[-49.180416399999899,-14.002639],[-49.356527499999856,-13.889861199999984],[-49.341801799999928,-13.869316399999946],[-49.324861799999951,-13.875702100000012],[-49.2770734,-13.798608099999967],[-49.281528199999912,-13.746813199999963],[-49.31159839999998,-13.7365438],[-49.3201992,-13.7189732],[-49.304569799999967,-13.6948645],[-49.310422799999969,-13.6276396],[-49.357918,-13.619851499999982],[-49.354034500000012,-13.577359999999885],[-49.366673600000013,-13.56705489999996],[-49.3506987,-13.5429135],[-49.382083099999932,-13.55236119999995],[-49.407208399999945,-13.52445],[-49.450147500000014,-13.517632799999944],[-49.484026700000015,-13.5392905],[-49.494037099999957,-13.487231300000019],[-49.5398545,-13.5040262],[-49.552628299999981,-13.502921],[-49.554306900000029,-13.4830685],[-49.4452478,-13.346699499999943],[-49.3598445,-13.262932700000022],[-49.3336013,-13.253925599999889],[-49.239217899999971,-13.107863],[-49.1984685,-13.081795199999874],[-49.182071899999983,-13.0248545],[-49.150690199999985,-12.991247199999862],[-49.152638599999989,-12.937916799999925],[-49.103232400000024,-12.873838699999965],[-49.1112551,-12.830138099999942],[-49.088472,-12.8029168],[-49.09344440000001,-12.777578799999958],[-49.117124900000022,-12.76214989999994],[-49.0981246,-12.761669200000028],[-49.1002469,-12.741087900000025],[-49.087639299999921,-12.743205799999942],[-49.064305900000022,-12.697909299999935],[-49.080986699999983,-12.690189799999928],[-49.075968900000021,-12.653204399999879],[-49.0952714,-12.6480277],[-49.114037699999926,-12.590691699999923],[-49.091249699999935,-12.54875009999995],[-49.129254800000012,-12.476182],[-49.11736169999989,-12.446535400000016],[-49.131966299999988,-12.4349451],[-49.128215399999988,-12.397761299999956],[-49.1507047,-12.385692499999948],[-49.155106199999977,-12.359663799999964],[-49.109123099999977,-12.261001499999963],[-49.158904299999961,-12.239144300000021],[-49.211643899999956,-12.184279899999979],[-49.274027299999943,-12.168461799999989],[-49.302036399999963,-12.176817899999946],[-49.324038,-12.160173099999952],[-49.3445241,-12.1683241],[-49.3811394,-12.148938499999986],[-49.344650899999863,-12.124178099999938],[-49.322359799999958,-12.0372663],[-49.26846379999995,-11.9993058],[-49.248634,-11.9408171],[-49.23060879999997,-11.9288143],[-49.2054523,-11.9374755],[-49.1987921,-11.922959400000025],[-49.164492199999927,-11.928843700000016],[-49.147084599999971,-11.841242099999988],[-49.113479,-11.789861499999915],[-49.11151940000002,-11.751806499999986],[-49.178553,-11.731163400000014],[-49.163749699999983,-11.67208340000002],[-49.112904599999979,-11.656715299999973],[-49.0965187,-11.599582199999986],[-49.047207800000024,-11.604719899999907],[-49.039510599999971,-11.582692499999894],[-48.969016099999976,-11.595140199999889],[-48.951528899999914,-11.56097920000002],[-48.8922344,-11.55543849999998],[-48.8712504,-11.493187299999988],[-48.903065799999922,-11.455424199999982],[-48.937083299999927,-11.445702200000028],[-48.921870399999932,-11.3711851],[-48.929027499999961,-11.3418057],[-48.951976099999968,-11.327740600000027],[-48.944145600000013,-11.3037701],[-48.9565053,-11.280485599999963],[-48.994039499999985,-11.27264],[-49.012136299999952,-11.245687499999974],[-49.037916399999972,-11.252916799999923],[-49.059297499999957,-11.2415282],[-49.084032899999954,-11.253203299999939],[-49.085517699999968,-11.2394059],[-49.150832199999911,-11.2307839],[-49.193867599999976,-11.167588],[-49.1612381,-11.161529200000018],[-49.153183899999988,-11.136526],[-49.175673599999982,-11.1139953],[-49.186429399999952,-11.068470900000023],[-49.140181699999914,-11.024094499999876],[-49.11222279999987,-11.017755200000011],[-49.1275966,-10.9874314],[-49.090605400000015,-10.995382399999926],[-49.070970399999965,-10.9732017],[-49.0787497,-10.9370834],[-49.0668053,-10.9412501],[-49.027082800000017,-10.895682099999988],[-49.00041779999998,-10.906262],[-48.9837599,-10.889579099999935],[-48.977543700000012,-10.844367799999986],[-49.00095570000002,-10.826502299999902],[-49.013751500000012,-10.77292749999998],[-48.959617200000025,-10.752179199999944],[-48.960960599999964,-10.66319249999998],[-49.009056299999941,-10.608769299999949],[-48.999590399999988,-10.581527100000017],[-49.0386294,-10.543470800000023],[-49.0547987,-10.546423800000014],[-49.0349754,-10.487157799999864],[-49.0676386,-10.446805599999948],[-49.017917899999873,-10.3895774],[-49.001875699999914,-10.39246019999996],[-48.973749199999986,-10.367094499999951],[-48.969027499999868,-10.269583399999988],[-48.90014020000001,-10.263756],[-48.894024399999978,-10.238761599999918],[-48.8758052,-10.236362699999916],[-48.855643499999985,-10.209387],[-48.853202599999918,-10.1148614],[-48.879484,-10.089608],[-48.904306799999858,-10.025150699999983],[-48.883208499999967,-10.013732100000027],[-48.869574599999964,-9.9586056],[-48.837804499999947,-9.953567599999985],[-48.820341199999916,-9.868726],[-48.8929116,-9.793461499999921],[-48.861522399999956,-9.754043599999932],[-48.870118499999933,-9.686390499999959],[-48.853192199999967,-9.655148799999949],[-48.858124299999986,-9.6042215],[-48.875938899999881,-9.582413499999916],[-48.829860799999949,-9.536805599999923],[-48.801204999999868,-9.419967699999916],[-48.785066599999936,-9.406170199999963],[-48.749977899999976,-9.407519399999956],[-48.772084,-9.264576200000022],[-48.752917700000012,-9.244299],[-48.7492782,-9.195499],[-48.687403799999913,-9.152942799999948],[-48.6596439,-9.112405599999931],[-48.654673199999934,-9.081924199999946],[-48.67498849999987,-9.075883],[-48.664194299999906,-9.060353599999985],[-48.679867899999977,-9.053751299999931],[-48.675138599999855,-9.026805599999989],[-48.651813599999855,-9.018472200000019],[-48.664025199999855,-9.001795299999969],[-48.626792599999931,-8.940967699999931],[-48.6376277,-8.917080599999963],[-48.618473599999959,-8.909571799999981],[-48.632642,-8.887903699999924],[-48.590405499999918,-8.821804099999952],[-48.6204113,-8.746239499999945],[-48.652986699999929,-8.7702448],[-48.6601468,-8.749861299999964],[-48.708202,-8.721249599999965],[-48.648482999999885,-8.656811599999969],[-48.629582,-8.602367500000014],[-48.64947449999994,-8.5482245],[-48.6650249,-8.540142399999979],[-48.641609499999959,-8.519833299999959],[-48.675418,-8.467075499999964],[-48.658191499999987,-8.448262399999976],[-48.659515399999918,-8.40076149999993],[-48.627786300000025,-8.400411799999972],[-48.620147099999883,-8.386805400000014],[-48.631869899999856,-8.361493],[-48.617368099999965,-8.329027399999973],[-48.62819769999993,-8.308171500000014],[-48.6151494,-8.294582900000023],[-48.636249599999928,-8.273460300000011],[-48.612814099999866,-8.2673534],[-48.639021599999978,-8.235973799999954],[-48.616286300000013,-8.2042022],[-48.629863999999884,-8.175732],[-48.6174327,-8.132688499999972],[-48.65341549999988,-8.118972],[-48.627355599999987,-8.066805399999964],[-48.631168,-8.0539458],[-48.662084599999957,-8.046517699999924],[-48.646928599999967,-8.021124400000019],[-48.6315338,-8.02236],[-48.6204085,-7.983762800000022],[-48.6345844,-7.9681827],[-48.613676100000021,-7.9395123],[-48.572984799999972,-7.9252209],[-48.52625,-7.8807026],[-48.51265049999995,-7.887636499999985],[-48.49484990000002,-7.853472899999986],[-48.53514,-7.701516199999958],[-48.512626099999977,-7.669313699999975],[-48.530203499999971,-7.595352400000024],[-48.471537099999978,-7.568746799999928],[-48.444670899999949,-7.499496299999919],[-48.420427599999925,-7.4920836],[-48.392637799999989,-7.5040348],[-48.369533199999921,-7.459635099999957],[-48.358005,-7.467083799999955],[-48.333181599999989,-7.4448615],[-48.294015899999863,-7.451347],[-48.252638600000012,-7.495972299999949],[-48.194026800000017,-7.4637424],[-48.156805299999974,-7.414861200000018],[-48.102965499999982,-7.411022799999955],[-48.056249699999967,-7.344305599999984],[-48.080967699999917,-7.308677100000011],[-48.0737497,-7.22708339999997],[-48.092624,-7.20778660000002],[-48.039022799999941,-7.061522599999932],[-48.019852599999922,-7.054305600000021],[-47.995971600000018,-7.010131100000024],[-47.876248,-7.0167935],[-47.846539600000028,-6.990695800000026],[-47.865701800000011,-6.932638599999962],[-47.8541214,-6.895803600000022],[-47.880959599999983,-6.890973699999961],[-47.8845804,-6.8684629],[-47.844584399999974,-6.862922700000013],[-47.858415599999944,-6.839361600000018],[-47.817110899999932,-6.820555500000012],[-47.839305299999978,-6.801250099999947],[-47.833506,-6.784742],[-47.857896,-6.78445679999993],[-47.842990099999952,-6.764644299999929],[-47.850310899999954,-6.751637399999879],[-47.829645299999981,-6.734552399999984],[-47.8495719,-6.726243799999963],[-47.835137599999939,-6.699576099999945],[-47.880628499999943,-6.702443099999869],[-47.8991911,-6.6687493],[-47.883547799999917,-6.656705599999952],[-47.894946299999958,-6.64276719999998],[-47.89429789999997,-6.618471599999964],[-47.875254400000017,-6.6081785],[-47.883474,-6.587626600000021],[-47.843193199999973,-6.556520399999954],[-47.878271499999983,-6.51819809999995],[-47.868275099999948,-6.493048900000019],[-47.8206692,-6.467709499999899],[-47.814027499999895,-6.4531945],[-47.830127300000015,-6.426251],[-47.785218900000018,-6.3871213],[-47.7881875,-6.351527099999942],[-47.736557199999936,-6.314776499999937],[-47.710728299999914,-6.253667800000017],[-47.725145899999916,-6.235140299999955],[-47.724583199999984,-6.1620881],[-47.768303100000026,-6.148595699999987],[-47.737797699999987,-6.126638500000013],[-47.712639699999954,-6.034855400000026],[-47.691811200000018,-6.017637799999989],[-47.709028100000012,-6.005700899999965],[-47.6979164,-5.985694500000022],[-47.700967099999957,-5.9265393],[-47.7337142,-5.9073419],[-47.7137391,-5.88097190000002],[-47.739330099999961,-5.853345199999922],[-47.734035799999958,-5.827361100000019],[-47.752916599999935,-5.807647299999928],[-47.754780699999912,-5.7576747],[-47.766795199999933,-5.756248299999925],[-47.773566399999936,-5.714840099999947],[-47.807090799999969,-5.6654168],[-47.8191706,-5.670872699999961],[-47.836590399999977,-5.647666800000025],[-47.843468299999984,-5.667349300000012],[-47.874583499999915,-5.674317],[-47.88625,-5.6101471],[-47.908730399999968,-5.615757499999972],[-47.9147592,-5.586018200000012],[-47.927298399999984,-5.591800400000011],[-47.942087099999981,-5.564593800000011],[-47.971539599999971,-5.561808400000018],[-47.978106200000013,-5.528383299999916],[-47.999186599999916,-5.515227900000014],[-48.026192700000024,-5.464086800000018],[-48.048746299999948,-5.444316199999946],[-48.121071299999983,-5.430548399999964],[-48.138873499999988,-5.402066499999989],[-48.186803899999973,-5.38651619999996],[-48.1936604,-5.362411099999974],[-48.236509099999978,-5.347620600000027],[-48.231428400000027,-5.322134600000027],[-48.272959,-5.301828599999965],[-48.321662300000014,-5.3038929],[-48.32766909999998,-5.28441220000002],[-48.3451119,-5.279590599999949],[-48.387969799999951,-5.281136199999935],[-48.4015326,-5.297072599999922],[-48.502945599999975,-5.328609299999982],[-48.515135900000018,-5.314069299999971],[-48.562111800000025,-5.320787799999948],[-48.6113322,-5.363894599999981],[-48.663798499999928,-5.311765],[-48.704571499999929,-5.367085],[-48.7237581,-5.3737501],[-48.736095299999988,-5.351536],[-48.723273199999937,-5.333581099999947],[-48.7278202,-5.304197499999987],[-48.711011400000018,-5.289469499999939],[-48.596633900000029,-5.309733399999971],[-48.597336,-5.270843199999945],[-48.58383049999992,-5.262031700000023],[-48.5766395,-5.218959199999972],[-48.6256942,-5.185694500000011],[-48.605299,-5.1474986],[-48.64567489999996,-5.106004400000018],[-48.630642099999875,-5.047364],[-48.553893399999936,-4.971238799999981],[-48.555139,-4.944294500000012],[-48.527138199999911,-4.9197979],[-48.505773199999908,-4.86867129999996],[-48.487743499999908,-4.8634427],[-48.448194199999989,-4.89375],[-48.425725199999931,-4.848696800000027],[-48.3728936,-4.899654699999985],[-48.361426899999969,-4.887446899999986],[-48.333017499999926,-4.889961899999946],[-48.325550899999939,-4.919426499999986],[-48.30344759999997,-4.910487900000021],[-48.271663299999943,-4.9290552],[-48.26267,-4.9129759],[-48.213234499999942,-4.906078599999944],[-48.1615203,-4.913472300000024],[-48.1331917,-4.952373499999965],[-48.11026750000002,-4.937365699999987],[-48.0713,-4.943350299999963],[-48.0385379,-4.984011],[-48.041531799999973,-5.0020725],[-48.002647,-4.99358819999992],[-47.931094799999983,-5.054003399999942],[-47.893748099999925,-5.04234989999992],[-47.868761100000029,-5.01624240000001],[-47.786816199999976,-5.054861099999926],[-47.742836699999941,-5.040323599999965],[-47.709001499999943,-5.0794426],[-47.669435299999975,-5.062900099999922],[-47.644521,-5.080746799999986],[-47.618543499999987,-5.0721512],[-47.600975699999935,-5.087072799999987],[-47.578502899999933,-5.084664],[-47.552205399999934,-5.122036499999922],[-47.515002199999969,-5.128480799999977],[-47.490952,-5.18231609999998],[-47.4155685,-5.22558429999998],[-47.396057199999973,-5.2611966],[-47.354901199999972,-5.254209399999979],[-47.316967,-5.303781899999933],[-47.281433699999923,-5.3083792],[-47.269887499999925,-5.325316699999973],[-47.275068200000021,-5.366323799999975],[-47.2311818,-5.351323499999978],[-47.184135099999878,-5.371567700000014],[-47.170115899999985,-5.420744599999978],[-47.123537399999918,-5.435388299999943],[-47.156958399999951,-5.480921799999919],[-47.098243799999977,-5.508509399999923],[-47.117794899999978,-5.537004399999944],[-47.103341,-5.53957],[-47.110706,-5.560137499999939],[-47.08836459999992,-5.599110100000019],[-47.110642900000016,-5.6156143],[-47.104516199999978,-5.664794599999937],[-47.082630299999948,-5.66851609999992],[-47.0573159,-5.707710199999951],[-47.008307699999932,-5.697163899999964],[-46.9936257,-5.7314116],[-46.961982400000011,-5.745764800000018],[-46.958933,-5.76870550000001],[-46.9223965,-5.780691900000022],[-46.902725099999941,-5.816342],[-46.900964199999976,-5.848417599999891],[-46.915624,-5.869659500000012],[-46.9004286,-5.9123376],[-46.834099,-5.890505599999983],[-46.8168688,-5.897554899999989],[-46.817777200000023,-5.8817818],[-46.784802299999967,-5.895080899999982],[-46.775248699999963,-5.915777400000024],[-46.790146899999968,-5.924525299999971],[-46.786286699999948,-5.9595104],[-46.778586599999926,-5.979842499999961],[-46.760738,-5.976240099999984],[-46.736875699999928,-6.0077212],[-46.7423551,-6.035971500000016],[-46.717170199999941,-6.070774500000027],[-46.725589099999922,-6.088892699999917],[-46.684864699999935,-6.120128500000021],[-46.6477076,-6.099652],[-46.647048699999914,-6.119957199999988],[-46.621372099999917,-6.1291673],[-46.5905894,-6.1992565],[-46.5880593,-6.227431299999978],[-46.613059699999951,-6.228675599999917],[-46.6463177,-6.278345300000012],[-46.690716399999985,-6.303543400000024],[-46.668183299999953,-6.3376424],[-46.693311199999982,-6.346796400000017],[-46.680295599999909,-6.375196599999924],[-46.717197599999963,-6.4181539],[-46.708654200000012,-6.440623899999878],[-46.729753099999925,-6.4570233],[-46.721252199999981,-6.503595099999984],[-46.732755699999927,-6.550218799999925],[-46.761103,-6.562273600000026],[-46.754998099999966,-6.6242868],[-46.727245499999924,-6.659683299999983],[-46.741188500000021,-6.675517399999933],[-46.648472899999888,-6.725701399999934],[-46.615634600000021,-6.703944799999931],[-46.594233499999973,-6.715406099999939],[-46.5765303,-6.70820539999994],[-46.544811599999946,-6.741110699999922],[-46.521459,-6.743766400000027],[-46.496155099999953,-6.809767299999976],[-46.463275599999974,-6.813449099999957],[-46.448929,-6.790358],[-46.4078318,-6.8300805],[-46.373428,-6.841901300000018],[-46.360889199999917,-6.9011324],[-46.336138799999958,-6.9272674],[-46.320235200000013,-6.922538799999984],[-46.369428,-6.966298099999904],[-46.35499440000001,-6.988478],[-46.362737,-6.997904300000016],[-46.386114,-6.988624799999968],[-46.401008599999955,-7.010245899999973],[-46.436298099999931,-6.998611700000026],[-46.443449799999939,-7.065636700000027],[-46.4991847,-7.040833799999859],[-46.488733599999989,-7.062092399999926],[-46.497464199999911,-7.095683800000018],[-46.5537723,-7.13229919999992],[-46.574032699999918,-7.194271800000024],[-46.639192400000013,-7.238568299999883],[-46.655269,-7.268216],[-46.652227899999957,-7.308482],[-46.6252718,-7.325819599999988],[-46.653178200000013,-7.358182699999929],[-46.645749200000012,-7.4036623],[-46.617573599999957,-7.398209099999974],[-46.578189599999973,-7.4183751],[-46.588532900000018,-7.4835627],[-46.565549799999985,-7.509856499999955],[-46.5784602,-7.526718099999925],[-46.548513599999922,-7.549787],[-46.545476299999962,-7.57381659999993],[-46.564422299999933,-7.593178200000011],[-46.547782799999936,-7.603853099999924],[-46.545381799999973,-7.661750799999936],[-46.512351499999966,-7.666859699999975],[-46.502068099999974,-7.69375459999992],[-46.483441199999959,-7.695653],[-46.467850499999884,-7.767693899999927],[-46.440605800000014,-7.7953956],[-46.458594800000014,-7.832019],[-46.439918499999976,-7.838837399999989],[-46.420911199999921,-7.895163799999978],[-46.449419,-7.926752099999987],[-46.4189371,-7.949144199999978],[-46.4041403,-7.986063399999978],[-46.414216799999906,-8.001827900000023],[-46.4008758,-8.050188],[-46.4210526,-8.086594900000023],[-46.398068399999943,-8.103696799999966],[-46.406523900000025,-8.131820100000027],[-46.394879100000026,-8.145856],[-46.408545,-8.169283300000018],[-46.3843781,-8.205053],[-46.415039700000023,-8.2405202],[-46.420006300000011,-8.338883],[-46.407763099999897,-8.362982100000011],[-46.47853659999987,-8.422880499999962],[-46.568733399999871,-8.390420599999914],[-46.575741799999946,-8.414289899999915],[-46.597296299999982,-8.410494200000016],[-46.607185099999924,-8.423078799999985],[-46.637265500000012,-8.392483399999946],[-46.659821099999931,-8.391137599999979],[-46.6965004,-8.416529799999978],[-46.774572799999987,-8.369534],[-46.796209200000021,-8.4075638],[-46.793227499999944,-8.445446299999958],[-46.814662699999985,-8.4751903],[-46.847833700000024,-8.482444799999939],[-46.840423,-8.523728600000027],[-46.891913400000021,-8.5995067],[-46.884332500000028,-8.685703699999976],[-46.916751299999987,-8.734577800000011],[-46.897544199999913,-8.781271100000026],[-46.900457800000027,-8.836335399999939],[-46.917397600000015,-8.85747269999996],[-46.998769700000025,-8.878455299999928],[-46.969584600000019,-8.914424600000018],[-47.011692,-8.950245900000027],[-47.016981299999941,-8.985383899999931],[-47.059024,-9.056898699999977],[-47.051538199999982,-9.068646599999965],[-46.977872199999865,-9.080393499999957],[-46.939958600000011,-9.061830499999985],[-46.913099699999918,-9.065484099999935],[-46.912130099999899,-9.0820235],[-46.9301051,-9.084211200000027],[-46.93256329999997,-9.128086],[-46.88830779999995,-9.1255602],[-46.8900526,-9.140944],[-46.852325899999983,-9.1540051],[-46.849404,-9.195092199999976],[-46.827547900000013,-9.194153],[-46.818532800000014,-9.208234800000014],[-46.841676300000017,-9.25957509999995],[-46.877715199999898,-9.251346099999978],[-46.885031,-9.2754112],[-46.8472274,-9.286238500000024],[-46.836341300000015,-9.307135799999969],[-46.8139286,-9.306005],[-46.786090800000011,-9.349696600000016],[-46.7859724,-9.3738606],[-46.759212299999945,-9.381571099999974],[-46.7708321,-9.406045499999948],[-46.742404499999907,-9.425441899999953],[-46.702677899999969,-9.442494799999963],[-46.696319,-9.411757200000011],[-46.639727900000025,-9.389424],[-46.63271009999994,-9.412564599999939],[-46.6491395,-9.444821499999932],[-46.597010399999988,-9.480624599999942],[-46.557289200000014,-9.4885142],[-46.579234799999938,-9.510318200000029],[-46.535949899999935,-9.556587799999988],[-46.592543,-9.5848421],[-46.604872699999987,-9.65839179999989],[-46.6503558,-9.693401],[-46.650559,-9.738720100000023],[-46.608793100000014,-9.73620360000001],[-46.570989099999963,-9.759880299999963],[-46.573097099999984,-9.809015399999964],[-46.509757499999921,-9.799897399999963],[-46.510364299999935,-9.8462106],[-46.47771629999994,-9.878542200000027],[-46.47640530000001,-9.921400800000015],[-46.4637823,-9.929240699999866],[-46.47700569999995,-9.988034],[-46.450062699999989,-10.013960099999963],[-46.456506,-10.048603899999989],[-46.4438194,-10.073524],[-46.414335499999936,-10.0781912],[-46.380217099999982,-10.1226481],[-46.373781899999983,-10.168794199999923],[-46.27775389999988,-10.188837400000011],[-46.206722399999876,-10.171507],[-46.170553299999938,-10.1977233],[-46.185975799999937,-10.2359596],[-46.1297649,-10.253970899999956],[-46.085733799999957,-10.239239199999986],[-46.0591349,-10.1973916],[-46.0272096,-10.178827199999887],[-46.023713799999939,-10.207561100000021],[-46.0386461,-10.208497],[-46.051084699999876,-10.24054510000002],[-46.01904989999997,-10.253970700000025],[-46.026581599999986,-10.284568],[-45.9992148,-10.296996700000022],[-45.978844599999945,-10.3519076],[-45.9106066,-10.374099699999931],[-45.877282799999932,-10.401114099999859],[-45.8414745,-10.383003799999926],[-45.823517900000013,-10.428284],[-45.8885578,-10.452380899999923],[-45.952659899999958,-10.537410799999975],[-45.978789799999959,-10.52951250000001],[-46.023053300000015,-10.55290530000002],[-46.064536399999895,-10.604495],[-46.1506167,-10.628422],[-46.1706496,-10.6221612],[-46.192876800000022,-10.651781500000027],[-46.173396299999979,-10.696803199999977],[-46.185412699999915,-10.7135118],[-46.216737,-10.718269299999974],[-46.2334682,-10.81845729999992],[-46.299034,-10.876240100000018],[-46.286534099999983,-10.9241864],[-46.350179299999922,-10.97203380000002],[-46.367526599999962,-11.0074457],[-46.357981100000018,-11.026598799999931],[-46.389637799999889,-11.061317],[-46.436774,-11.07793479999998],[-46.482365299999913,-11.114763499999924],[-46.4790875999999,-11.1392348],[-46.501326599999913,-11.171290799999895],[-46.587009599999988,-11.229132499999878],[-46.619381499999974,-11.294525799999917],[-46.602807199999972,-11.3417629],[-46.609583,-11.358194500000025],[-46.55518549999988,-11.374323599999968],[-46.5802789,-11.409039699999937],[-46.564770199999941,-11.432175299999983],[-46.524054299999989,-11.392483199999958],[-46.4742003,-11.412860399999886],[-46.4658604,-11.455630799999938],[-46.418683699999917,-11.459513699999945],[-46.401984200000015,-11.442473799999959],[-46.364230299999974,-11.442956200000026],[-46.345290499999976,-11.503346099999987],[-46.3105986,-11.500247399999921],[-46.294861499999968,-11.518276],[-46.2315125,-11.536883],[-46.207146399999942,-11.551894399999924],[-46.200415299999918,-11.5839982],[-46.1803911,-11.572880399999917],[-46.167913999999882,-11.540813300000025],[-46.148441599999956,-11.5360814],[-46.10139149999992,-11.58207440000001],[-46.087957099999983,-11.620346400000017],[-46.105342399999984,-11.6335365],[-46.103414,-11.653912899999966],[-46.131097300000022,-11.653505],[-46.1351072,-11.6776944],[-46.1756077,-11.679487399999857],[-46.254950399999871,-11.66230059999998],[-46.278691499999923,-11.641112],[-46.272589299999936,-11.63095770000001],[-46.316925199999957,-11.615993300000014],[-46.332730299999923,-11.633686399999931],[-46.305708699999968,-11.674739199999919],[-46.311639899999989,-11.725432199999943],[-46.3605859,-11.751514499999985],[-46.314883,-11.783601899999951],[-46.32597729999992,-11.850697],[-46.286738,-11.827526499999976],[-46.275932399999988,-11.846145399999955],[-46.225515200000018,-11.826391600000022],[-46.156846299999927,-11.874637299999904],[-46.1397,-11.9323794],[-46.194380099999989,-12.003121399999941],[-46.235994800000014,-12.026747899999918],[-46.241324899999938,-12.062576199999967],[-46.263530599999967,-12.040952299999958],[-46.2816575,-12.0549213],[-46.327227900000025,-12.035968099999934],[-46.354245399999911,-12.0376756],[-46.37040479999996,-12.066781699999979],[-46.358950400000026,-12.117054],[-46.38253149999997,-12.163607399999989],[-46.359755899999982,-12.235558099999935],[-46.377140899999972,-12.244403899999895],[-46.362488499999927,-12.263454399999887],[-46.372521099999915,-12.284600099999977],[-46.337972900000011,-12.299034300000017],[-46.330967999999871,-12.352883299999917],[-46.291883599999949,-12.36146569999994],[-46.289522,-12.395064199999979],[-46.249387699999943,-12.418526],[-46.25272769999998,-12.489167099999975],[-46.1571993,-12.471571899999958],[-46.148917900000015,-12.513903200000016],[-46.243810199999984,-12.5466515],[-46.2770028,-12.587122699999952],[-46.284740399999919,-12.633135799999934],[-46.254763,-12.6551058],[-46.264902899999981,-12.680365799999947],[-46.2911651,-12.69405740000002],[-46.2631455,-12.719789299999945],[-46.281227,-12.7546792],[-46.27313620000001,-12.779415],[-46.2847845,-12.7834638],[-46.2638349,-12.833499499999959],[-46.296192599999983,-12.862896199999909],[-46.282968499999924,-12.879785099999935],[-46.29410079999991,-12.9134095],[-46.282695600000011,-12.930164400000024],[-46.243064299999958,-12.937358299999971],[-46.225570100000027,-12.922195199999919],[-46.141712199999972,-12.90882339999996],[-46.117970899999989,-12.909771200000023],[-46.1041581,-12.928001699999982],[-46.125498100000016,-12.960614299999975],[-46.192660699999919,-13.000254],[-46.275971899999945,-13.019583399999988],[-46.283139899999924,-13.053469899999925],[-46.328383199999962,-13.097752299999968],[-46.294938099999911,-13.143641],[-46.3119309,-13.179736999999875],[-46.30264360000001,-13.203448900000012],[-46.324261700000022,-13.246239],[-46.299770499999966,-13.253793200000018],[-46.297419699999978,-13.281180399999982],[-46.316793599999983,-13.303471499999944],[-46.2926751,-13.316744799999924],[-46.140538799999945,-13.267689],[-46.1029737,-13.276195200000018],[-46.0704778,-13.259579200000019],[-46.0452077,-13.274398299999973],[-46.05956029999993,-13.30835639999998],[-46.138512399999968,-13.37882929999995],[-46.247776699999974,-13.429856299999926],[-46.201981900000021,-13.460970799999984],[-46.231686200000013,-13.481402899999978],[-46.223082299999987,-13.4939769],[-46.243630600000017,-13.525330899999972],[-46.2408759,-13.576204699999948],[-46.200765100000012,-13.568775599999981],[-46.1647764,-13.5923922],[-46.251773,-13.682123900000022],[-46.234629700000028,-13.709791],[-46.261653,-13.734417599999972],[-46.2232755,-13.765776099999925],[-46.2804961,-13.794648199999983],[-46.264306499999861,-13.8058062],[-46.2727274,-13.8279288],[-46.245339,-13.8288862],[-46.232376400000021,-13.846954700000026],[-46.268854,-13.938156],[-46.2493111,-13.967009800000028],[-46.218173899999954,-13.973108599999989],[-46.2230361,-14.004765],[-46.20893860000001,-14.016272899999933],[-46.225628099999881,-14.045640699999979],[-46.2279514,-14.0918327],[-46.184432099999867,-14.142272100000014],[-46.187524899999971,-14.154484799999977],[-46.156284099999937,-14.160113200000012],[-46.129993599999978,-14.1458854],[-46.0981946,-14.203629999999862],[-46.057442400000014,-14.193655599999943],[-46.060511799999972,-14.233350500000029],[-46.026343600000018,-14.261095],[-46.005081,-14.24864639999987],[-45.991256899999939,-14.255833100000018],[-45.995908299999883,-14.275951],[-45.963843600000018,-14.281352],[-45.956864799999892,-14.322037499999965],[-45.941444299999944,-14.3436451],[-45.914537699999983,-14.344942399999923],[-45.907192399999929,-14.366840500000023],[-45.933008700000016,-14.411285599999985],[-45.9754024,-14.4353269],[-46.008313799999939,-14.426972799999987],[-45.999783399999956,-14.446549899999923],[-46.018438599999854,-14.473743599999921],[-45.992581399999949,-14.493286499999897],[-46.0040467,-14.517110800000012],[-45.975380399999949,-14.53782990000002],[-45.991698099999951,-14.554863599999862],[-45.978879299999903,-14.6240168],[-45.990034399999956,-14.662742],[-46.019868,-14.666409900000019],[-46.023934399999916,-14.680429600000025],[-46.000618799999984,-14.706405899999936],[-45.999401199999966,-14.7858604],[-46.018414800000016,-14.819152799999927],[-46.040112,-14.826263299999937],[-46.022698599999899,-14.857144600000026],[-46.086596400000019,-14.936044599999946],[-46.164267,-14.912985],[-46.178302599999938,-14.949734],[-46.223370899999964,-14.9429313],[-46.2330513,-14.92190770000002],[-46.2841755,-14.92815209999992],[-46.290678199999945,-14.905687],[-46.31850819999994,-14.9020842],[-46.302120699999989,-14.863865499999974],[-46.323315299999933,-14.846122699999967],[-46.319546899999978,-14.816691499999934],[-46.398623900000018,-14.762584199999935],[-46.435976200000027,-14.75455809999994],[-46.471629,-14.700755],[-46.489343,-14.7181592],[-46.501592800000026,-14.708852599999943],[-46.514332199999956,-14.742692399999896],[-46.5393803,-14.746280999999897],[-46.545945299999971,-14.779610100000014],[-46.571282199999985,-14.793336499999953],[-46.564047699999946,-14.822225199999934],[-46.535729899999922,-14.831790899999987],[-46.526035599999943,-14.859884099999931],[-46.532918799999948,-14.886784],[-46.552891100000011,-14.898869600000012],[-46.5529209,-14.930374699999959],[-46.517304399999944,-14.979989699999976],[-46.532437599999923,-14.997809599999925],[-46.509089099999926,-15.033177599999931],[-46.515525200000013,-15.049867299999903],[-46.572628,-15.082847300000026],[-46.6278671,-15.089220899999987],[-46.734207799999922,-15.030709699999989],[-46.84931389999997,-15.008489],[-46.923274399999968,-15.050256400000023],[-46.919806600000015,-15.079311299999915],[-46.8833093,-15.11268489999992],[-46.936535799999945,-15.199840399999971],[-46.938953999999853,-15.2285799],[-46.9267843,-15.2530863],[-46.88813279999988,-15.235634199999936],[-46.890076899999883,-15.2785278],[-46.87006909999991,-15.2930743],[-46.948972899999944,-15.3232471],[-46.9645706,-15.3771074],[-46.9587965,-15.436428],[-47.014274099999966,-15.493108899999925],[-47.048524699999973,-15.476416499999971],[-47.08335,-15.492902899999933],[-47.126114299999983,-15.479769],[-47.172284099999956,-15.486996099999942],[-47.146707699999922,-15.531315499999948],[-47.1861697,-15.526072099999965],[-47.193024900000012,-15.545305400000018],[-47.210429200000021,-15.549551],[-47.246006,-15.5390491],[-47.23944809999989,-15.570685399999945],[-47.282086299999946,-15.53832890000001],[-47.331242299999985,-15.524343400000021],[-47.37430779999994,-15.548345199999972],[-47.401995399999976,-15.521456600000022],[-47.464084800000023,-15.506813299999976],[-47.466545100000019,-15.459804499999962],[-47.490202299999964,-15.45602150000002],[-47.5277198,-15.496017299999949],[-47.524366199999974,-15.528946500000018],[-47.543944899999985,-15.560399299999915],[-47.577999799999986,-15.593186599999967],[-47.6147145,-15.5722321],[-47.60358610000003,-15.539354899999978],[-47.641322499999944,-15.565985800000021],[-47.7003992,-15.553333899999927],[-47.7180773,-15.575637399999948],[-47.836962200000016,-15.624835500000017],[-47.85193409999988,-15.661959499999966],[-47.881132,-15.6700839],[-47.907372,-15.652904400000011],[-47.900322800000026,-15.643939099999955],[-47.917370099999914,-15.624453699999947],[-48.00962949999996,-15.571852299999932],[-48.050487099999941,-15.61887280000002],[-48.107638599999916,-15.584305699999959],[-48.1293197,-15.607734699999867],[-48.255518499999937,-15.605008],[-48.245490300000029,-15.658135300000026],[-48.288044399999933,-15.722215800000015],[-48.300673299999914,-15.701034400000026],[-48.343669799999986,-15.717790900000011],[-48.362181199999952,-15.705249499999979],[-48.359558900000025,-15.7235412],[-48.385277599999938,-15.739451799999983],[-48.4158587,-15.717818599999987],[-48.4521423,-15.747037],[-48.481158599999958,-15.741340400000013],[-48.4914994,-15.782026799999926],[-48.5065439,-15.772520499999985],[-48.530015199999923,-15.784443499999895],[-48.648417299999949,-15.733996699999977],[-48.716658199999983,-15.7680181],[-48.803167,-15.7456267],[-48.894731,-15.749156899999889],[-48.909601399999985,-15.7567714],[-48.8958346,-15.775664499999948],[-48.832439,-15.796948900000018],[-48.862070299999914,-15.806620899999984],[-48.844033699999954,-15.840843199999938],[-48.870632199999989,-15.850218],[-48.8723938,-15.8780231],[-48.901524599999959,-15.885443399999986],[-48.905213,-15.944151599999884],[-48.8893948,-15.95913209999992],[-48.925656899999979,-16.016695399999946],[-48.9179115,-16.073602199999925],[-48.958178399999895,-16.111321699999905],[-48.958959400000026,-16.128253299999983],[-49.0091903,-16.134701199999881],[-49.030409599999928,-16.187918200000013],[-49.049318200000016,-16.188516400000026],[-49.0654447,-16.245675899999981],[-49.097920299999885,-16.242627],[-49.106824599999982,-16.221145099999944],[-49.124675,-16.229634799999928],[-49.189734899999962,-16.208717700000022],[-49.190953199999967,-16.179479800000024],[-49.204206899999974,-16.171355],[-49.244210399999986,-16.2085798],[-49.265504199999953,-16.201137599999981],[-49.2745109,-16.219964199999936],[-49.311235099999919,-16.230546],[-49.320931,-16.213198499999976],[-49.3401644,-16.218755899999962],[-49.3849851,-16.1873996],[-49.4039416,-16.1942972],[-49.427067099999931,-16.166233599999941],[-49.4512497,-16.170416799999941],[-49.487568099999919,-16.130874199999937],[-49.510964100000024,-16.122639400000025],[-49.516473499999961,-16.137201299999958],[-49.540898799999979,-16.137296899999967],[-49.5543422,-16.106149099999925],[-49.570706999999857,-16.102359799999931],[-49.61779150000001,-16.15838709999997],[-49.663021899999933,-16.176210399999945],[-49.668915499999969,-16.200147499999957],[-49.71762,-16.1822237],[-49.766728899999919,-16.198665899999867],[-49.7795911,-16.190268299999957]]]]}},
{"type":"Feature","properties":{"nome_bacia":"Bacia do Rio Negro"},"geometry":{"type":"MultiPolygon","coordinates":[[[[-63.601017399999932,-2.73708119999992],[-63.593313699999896,-2.777817599999935],[-63.610923099999923,-2.796181399999966],[-63.627915099999939,-2.785991099999876],[-63.655430299999978,-2.8061487],[-63.701536200000021,-2.804669099999956],[-63.7087583,-2.794990099999893],[-63.691559199999972,-2.781724299999951],[-63.711941,-2.763813699999957],[-63.6990609,-2.745210699999973],[-63.719309800000019,-2.72714979999995],[-63.7422115,-2.738149499999963],[-63.7519486,-2.72523579999995],[-63.753342599999939,-2.709725499999934],[-63.721863299999939,-2.696605799999872],[-63.7193595,-2.676897699999984],[-63.750116,-2.691365099999928],[-63.770687199999941,-2.6722527],[-63.755332599999861,-2.654830199999935],[-63.7731417,-2.6383004],[-63.748097599999937,-2.630897100000027],[-63.807786199999896,-2.58666919999996],[-63.7853384,-2.553753],[-63.795735299999933,-2.5400358],[-63.8134243,-2.541404],[-63.81591370000001,-2.576414399999862],[-63.838280599999962,-2.564593899999977],[-63.864025799999922,-2.581450299999972],[-63.875883,-2.57286670000002],[-63.892579800000021,-2.583449],[-63.894577599999934,-2.568019],[-63.909790599999951,-2.567267],[-63.932537599999989,-2.58204790000002],[-63.964684499999919,-2.549936699999932],[-64.0037825,-2.556564900000012],[-63.993737899999871,-2.529458200000022],[-63.910149900000022,-2.485918799999922],[-63.928552599999875,-2.459665299999983],[-63.967449499999987,-2.473648299999923],[-64.0119785,-2.45669190000001],[-64.012162399999852,-2.4411748],[-63.985250599999972,-2.434023299999978],[-63.9775854,-2.409075399999892],[-63.957904799999937,-2.410053],[-63.932635,-2.352225099999941],[-63.981461599999932,-2.330649400000027],[-64.0059508,-2.299553699999933],[-63.9936773,-2.254917799999987],[-64.023447199999907,-2.249465499999928],[-64.025814500000024,-2.2340749],[-64.001900499999977,-2.221485799999925],[-64.019978199999912,-2.211667200000022],[-64.019575,-2.170814899999982],[-64.053649599999972,-2.175397],[-64.056746299999929,-2.187557],[-64.093843099999901,-2.1739402],[-64.129237799999885,-2.197033499999918],[-64.13648319999993,-2.1785612],[-64.179613500000016,-2.171345299999984],[-64.164038699999935,-2.156793599999958],[-64.18304859999995,-2.10178],[-64.159917299999904,-2.099130600000024],[-64.171006799999873,-2.0835459],[-64.215243799999939,-2.087245699999983],[-64.224791099999948,-2.066863299999909],[-64.229763899999909,-2.091200299999969],[-64.253055,-2.110019200000011],[-64.262990300000013,-2.097620399999869],[-64.302196400000014,-2.115560199999891],[-64.316402899999957,-2.104212699999948],[-64.331123799999943,-2.140961299999958],[-64.362639899999976,-2.126516799999877],[-64.368719599999963,-2.143400499999984],[-64.4216078,-2.171771],[-64.411159799999893,-2.176734599999918],[-64.425365699999986,-2.188884699999903],[-64.422374600000012,-2.176310300000011],[-64.441057099999853,-2.165621],[-64.46891,-2.181904499999916],[-64.481872599999974,-2.1718191],[-64.4995854,-2.1958515],[-64.496668699999987,-2.21530619999993],[-64.54014,-2.247335299999975],[-64.549999500000013,-2.235539500000016],[-64.574516099999926,-2.2464678],[-64.602832700000022,-2.228591100000017],[-64.607714699999917,-2.243201099999965],[-64.627349699999968,-2.239864699999941],[-64.620936899999947,-2.2326021],[-64.649723399999857,-2.2031917],[-64.646969099999978,-2.237303499999939],[-64.662358199999971,-2.199438599999951],[-64.705146299999967,-2.161789699999986],[-64.688206799999932,-2.122796199999982],[-64.703834,-2.084808899999985],[-64.688993400000015,-2.061970199999962],[-64.691124,-2.038189],[-64.710692699999981,-2.038315],[-64.7098287,-2.026209900000026],[-64.739446199999975,-2.0171067],[-64.7672488,-2.032648100000017],[-64.769680699999867,-2.049936899999977],[-64.785594399999923,-2.042172900000025],[-64.787259,-2.0862176],[-64.806341499999974,-2.077241],[-64.857808,-2.091486299999985],[-64.876407299999926,-2.078330400000027],[-64.906697800000018,-2.115953],[-64.931043299999942,-2.1157387],[-64.93773010000001,-2.093716799999982],[-64.922921599999881,-2.0763399],[-64.9389754,-2.071720799999923],[-64.9289619,-2.035283600000014],[-64.9506576,-2.023471500000028],[-64.939724199999944,-1.976114299999949],[-64.95785920000003,-1.9484938],[-64.9043555,-1.9324373],[-64.9259644,-1.9172231],[-64.903922099999932,-1.895820199999889],[-64.918902499999945,-1.8897298],[-64.921479299999987,-1.8634674],[-64.943911399999934,-1.854508299999964],[-64.9992603,-1.865754199999913],[-65.017679299999941,-1.916065899999921],[-65.069717,-1.916586199999983],[-65.047011099999906,-1.948631799999987],[-65.059090899999944,-1.972544199999959],[-65.021808299999975,-1.9793371],[-65.029788399999973,-2.006186899999932],[-65.066695,-2.001685299999963],[-65.080681799999979,-1.9773902],[-65.1486847,-1.987489499999924],[-65.130769199999918,-1.934499500000015],[-65.172962400000017,-1.949702800000011],[-65.184052099999974,-1.899179899999979],[-65.139936400000011,-1.876388099999929],[-65.143344399999989,-1.839620399999944],[-65.161370799999986,-1.835553899999923],[-65.1526096,-1.814750899999979],[-65.1722335,-1.804804399999966],[-65.1796607,-1.817255699999919],[-65.222737099999904,-1.817321400000026],[-65.207445,-1.8036884],[-65.229879,-1.766326199999867],[-65.255074199999854,-1.785362099999986],[-65.291950700000029,-1.759431099999915],[-65.296733500000016,-1.785707],[-65.333740399999954,-1.775440899999978],[-65.35430249999996,-1.786349799999982],[-65.351345400000014,-1.746027799999979],[-65.366804499999944,-1.739695],[-65.365197699999953,-1.724634299999934],[-65.388903,-1.740420599999936],[-65.393580499999928,-1.7199235],[-65.422871200000031,-1.727187],[-65.475220199999967,-1.706643],[-65.493737799999906,-1.725977],[-65.475879299999974,-1.764778],[-65.480959499999926,-1.791776],[-65.497605499999906,-1.803137],[-65.522334699999931,-1.7963241],[-65.540024799999969,-1.813137599999891],[-65.557035199999916,-1.785288499999922],[-65.523320399999932,-1.777571599999931],[-65.5369346,-1.746704299999919],[-65.520900499999925,-1.736942799999952],[-65.532028200000013,-1.727587200000016],[-65.529568999999867,-1.687129],[-65.5500937,-1.683277299999929],[-65.5583272,-1.663048299999957],[-65.585065399999962,-1.660422400000016],[-65.594574,-1.689486100000011],[-65.59910450000001,-1.675349999999867],[-65.652475900000013,-1.651316699999882],[-65.6508225,-1.610551],[-65.687084299999981,-1.580160699999965],[-65.680503899999962,-1.560424500000011],[-65.709849199999894,-1.535437299999955],[-65.6887334,-1.5240541],[-65.7020228,-1.515889099999981],[-65.693212500000016,-1.492079400000023],[-65.7468945,-1.473246599999925],[-65.7913709,-1.4934852],[-65.791324299999985,-1.506677200000013],[-65.823472499999923,-1.4857414],[-65.826136500000018,-1.504160199999944],[-65.86533019999996,-1.502931],[-65.855365,-1.486977699999954],[-65.884419099999946,-1.500076299999989],[-65.884432299999958,-1.472215899999981],[-65.91092429999992,-1.488714399999878],[-65.920665900000017,-1.4656397],[-65.9508783,-1.461244299999919],[-65.926277699999901,-1.436079799999959],[-65.9060874,-1.441111700000022],[-65.916670099999976,-1.42169789999997],[-65.936709800000017,-1.418718799999965],[-65.954143,-1.443222],[-65.9913077,-1.4472862],[-65.987374700000032,-1.480860800000016],[-66.005035699999894,-1.498370899999941],[-66.0426703,-1.487153499999977],[-66.026208199999871,-1.461767799999905],[-66.082729299999983,-1.460902399999952],[-66.098050699999988,-1.4330481],[-66.125690799999973,-1.4310853],[-66.1335992,-1.4495306],[-66.1097504,-1.4658675],[-66.114649,-1.4867377],[-66.1400281,-1.454012700000021],[-66.1538387,-1.457959],[-66.170416799999941,-1.4774327],[-66.160632,-1.488581899999929],[-66.170287,-1.507239899999945],[-66.187418099999945,-1.510302799999977],[-66.202035799999976,-1.493937599999924],[-66.2159072,-1.504096799999957],[-66.224773,-1.489397099999962],[-66.251185599999872,-1.503327199999944],[-66.282392500000014,-1.553587199999924],[-66.316265700000031,-1.5428157],[-66.32097739999989,-1.562880299999961],[-66.3400638,-1.569745800000021],[-66.373490300000014,-1.545191699999862],[-66.349533800000017,-1.53702809999993],[-66.34251,-1.504085],[-66.360537499999907,-1.4833516],[-66.387984599999982,-1.492253399999868],[-66.380062299999963,-1.476116199999865],[-66.39511490000001,-1.460267],[-66.403125499999987,-1.4924838],[-66.43680489999997,-1.496798499999954],[-66.446318699999949,-1.486037299999964],[-66.48254,-1.5399162],[-66.4885726,-1.528344800000013],[-66.5052392,-1.540515599999935],[-66.51339310000003,-1.52672519999993],[-66.517915799999969,-1.53873939999994],[-66.537523,-1.5205072],[-66.557075499999939,-1.522640299999921],[-66.569430299999908,-1.555569900000023],[-66.584606099999917,-1.559632199999896],[-66.5813652,-1.581701099999975],[-66.642105300000026,-1.582481399999949],[-66.654117499999927,-1.6074643],[-66.687980499999924,-1.619190499999888],[-66.693541900000014,-1.6096887],[-66.726420299999972,-1.612648799999988],[-66.739478399999939,-1.628591299999925],[-66.805553700000019,-1.610659899999973],[-66.822240500000021,-1.620082700000012],[-66.849513300000012,-1.596154199999887],[-66.874357199999963,-1.5972734],[-66.891438799999946,-1.573075500000016],[-66.923447,-1.593650299999922],[-66.923692500000016,-1.572049400000026],[-66.937319299999956,-1.572916],[-66.969946100000016,-1.60665640000002],[-66.990011200000026,-1.6023396],[-67.001523799999973,-1.637414399999955],[-67.029029900000012,-1.6534651],[-67.048718799999961,-1.640213699999947],[-67.050447299999973,-1.626019199999917],[-67.035176699999909,-1.627714200000014],[-67.049028199999896,-1.6021907],[-67.080193300000019,-1.620697499999949],[-67.091975899999966,-1.591478199999983],[-67.1227589,-1.581869499999868],[-67.158247,-1.607040499999925],[-67.210593,-1.595825599999955],[-67.2373945,-1.615209799999946],[-67.264660899999967,-1.5816046],[-67.2903225,-1.591949100000022],[-67.299429499999917,-1.623340699999972],[-67.332921,-1.643090599999937],[-67.3418385,-1.613329],[-67.3690436,-1.61750909999995],[-67.365310099999988,-1.647884599999941],[-67.3848152,-1.673853099999974],[-67.4075805,-1.673921199999938],[-67.430724099999964,-1.642650100000026],[-67.478432899999973,-1.664485799999966],[-67.533229099999971,-1.6545332],[-67.550997,-1.665032399999973],[-67.554632599999877,-1.641928099999973],[-67.580564400000014,-1.642458699999963],[-67.582072,-1.624300800000015],[-67.643043199999966,-1.612517599999933],[-67.629516,-1.564338599999928],[-67.648191199999928,-1.570534099999975],[-67.640597299999911,-1.550890899999956],[-67.665560799999923,-1.556496399999958],[-67.6758921,-1.53515040000002],[-67.680188899999962,-1.567009799999937],[-67.710718400000019,-1.584715499999959],[-67.7367916,-1.58114269999993],[-67.749079,-1.548578099999986],[-67.768110799999931,-1.5489442],[-67.750980599999934,-1.523313200000018],[-67.801844599999981,-1.5178722],[-67.801612499999976,-1.501097],[-67.819138899999984,-1.493762600000025],[-67.851012699999956,-1.537651499999924],[-67.88469659999987,-1.516809599999931],[-67.919314200000031,-1.555334800000026],[-67.920806399999947,-1.577689],[-67.944454899999982,-1.5836888],[-67.95570349999997,-1.5538891],[-67.92165,-1.524457799999936],[-67.956882,-1.488046399999917],[-68.0098648,-1.490549099999896],[-68.028472399999941,-1.474871399999984],[-68.043054900000016,-1.489132400000017],[-68.111033799999916,-1.485506799999939],[-68.126538499999924,-1.504371899999967],[-68.168759199999897,-1.475723199999948],[-68.190783399999987,-1.484253599999988],[-68.209128399999884,-1.462846],[-68.224936299999968,-1.472043699999972],[-68.2531361,-1.4616307],[-68.279922699999986,-1.4804866],[-68.2697928,-1.4495865],[-68.297380799999928,-1.4299183],[-68.298028499999987,-1.468208299999958],[-68.318718399999966,-1.465494799999988],[-68.340831399999956,-1.48613569999992],[-68.334054199999912,-1.5034392],[-68.3508395,-1.498304299999916],[-68.3700857,-1.523228],[-68.382526499999983,-1.517120199999965],[-68.391851299999871,-1.560068999999885],[-68.438911,-1.582902600000011],[-68.452044099999966,-1.564344199999937],[-68.4554379,-1.592727399999944],[-68.477154900000016,-1.57718049999994],[-68.496212599999978,-1.583571899999924],[-68.502452299999959,-1.5635663],[-68.507483499999864,-1.577093199999979],[-68.514639,-1.557392499999935],[-68.543512899999939,-1.59198959999992],[-68.5665464,-1.570038399999987],[-68.56320559999989,-1.5517342],[-68.587538599999959,-1.546097599999939],[-68.629576,-1.592641300000025],[-68.636537399999952,-1.544091699999967],[-68.6535649,-1.549733100000026],[-68.664413899999886,-1.536801599999933],[-68.700032800000031,-1.572272899999973],[-68.710399100000018,-1.56235190000001],[-68.693487,-1.520161499999972],[-68.7093941,-1.517389799999989],[-68.72354,-1.536828899999989],[-68.771473499999956,-1.529406899999969],[-68.77951899999988,-1.5439836],[-68.850960499999985,-1.51346609999996],[-68.875296,-1.56989470000002],[-68.946866399999919,-1.501181200000019],[-69.01735450000001,-1.522628699999927],[-69.051105499999949,-1.4934189],[-69.1074,-1.489951799999858],[-69.1226979,-1.454418499999974],[-69.14451280000003,-1.4519393],[-69.167387799999915,-1.4793952],[-69.191091399999948,-1.4720471],[-69.188898900000027,-1.456170400000019],[-69.201932399999976,-1.467040299999951],[-69.22603179999993,-1.425040799999977],[-69.258925799999929,-1.432274099999916],[-69.2324787,-1.4016173],[-69.23652,-1.374316399999941],[-69.206594199999984,-1.3639624],[-69.207695100000024,-1.347137299999986],[-69.172628,-1.3420021],[-69.1834306,-1.296126800000025],[-69.209053,-1.2853179],[-69.219310599999972,-1.239021499999922],[-69.287597300000016,-1.248304800000028],[-69.29975589999998,-1.218124699999919],[-69.313178900000025,-1.222477],[-69.28439069999996,-1.192011199999968],[-69.265249499999925,-1.183446699999934],[-69.24802619999997,-1.197234900000012],[-69.236806,-1.1807068],[-69.23609979999992,-1.146951600000023],[-69.276472099999921,-1.071211],[-69.267382899999973,-0.98843839999995],[-69.28740229999994,-0.979850100000021],[-69.289584600000012,-0.925409199999933],[-69.329573900000014,-0.906525499999987],[-69.340499499999851,-0.891483199999982],[-69.330799299999967,-0.879878199999894],[-69.348714700000016,-0.86621580000002],[-69.3825976,-0.863292399999978],[-69.416515,-0.799303499999951],[-69.388453299999981,-0.791249199999925],[-69.4225912,-0.735103400000014],[-69.401230599999963,-0.700455899999952],[-69.425112499999955,-0.680008199999918],[-69.420621200000028,-0.611570799999981],[-69.459899899999982,-0.5654],[-69.4641277,-0.540131699999904],[-69.451753,-0.495473100000027],[-69.421466899999928,-0.478082],[-69.403578499999981,-0.446667199999979],[-69.419861799999921,-0.402180899999962],[-69.453787799999986,-0.380843],[-69.478747,-0.390392399999882],[-69.491512899999861,-0.362562799999921],[-69.55477459999986,-0.339219399999934],[-69.57859609999997,-0.232344399999931],[-69.64675579999988,-0.170683199999928],[-69.652426399999911,-0.131780199999923],[-69.681591099999935,-0.135627499999941],[-69.700012299999912,-0.1576725],[-69.739864300000022,-0.138044700000023],[-69.740314099999921,-0.107594],[-69.764222699999891,-0.090481799999964],[-69.790491699999848,-0.0936509],[-69.806951700000013,-0.113184799999942],[-69.821261899999911,-0.100353499999983],[-69.880470399999979,-0.133477299999925],[-69.909479499999918,-0.105660399999977],[-69.917657799999972,-0.059953399999927],[-69.933413599999938,-0.05550959999988],[-69.946721299999979,-0.0209398],[-69.98701949999986,0.000823299999979],[-69.981127,0.027478600000109],[-70.039082299999961,0.118555599999979],[-70.0946533,0.14617520000013],[-70.120382,0.13578050000001],[-70.128098799999918,0.148332100000061],[-70.1624554,0.14287510000014],[-70.182476299999962,0.118232600000113],[-70.200572099999931,0.133060100000023],[-70.225584899999944,0.122979200000088],[-70.238950299999942,0.141718200000128],[-70.256795799999907,0.141366800000014],[-70.23819,0.1580884],[-70.24137410000003,0.180623500000081],[-70.3065709,0.202719900000091],[-70.318041100000016,0.1929328],[-70.310629399999982,0.223396200000082],[-70.321682499999952,0.240117000000112],[-70.3406,0.238602],[-70.3544713,0.300650300000029],[-70.38541929999991,0.321812400000056],[-70.369945499999915,0.3466065],[-70.3879,0.3518022],[-70.390868099999921,0.369415],[-70.3512993,0.404939000000127],[-70.360683199999983,0.431530200000054],[-70.399374699999953,0.394675399999983],[-70.436685499999953,0.39462],[-70.4434508,0.429433300000142],[-70.473731,0.441841500000066],[-70.488632600000017,0.470537200000081],[-70.521722899999986,0.470105100000012],[-70.514651,0.522667099999978],[-70.496851699999979,0.524675700000046],[-70.477333899999962,0.581345700000099],[-70.451025500000014,0.586422],[-70.4690162,0.601284200000123],[-70.47852869999997,0.641050900000096],[-70.4995806,0.639982299999929],[-70.510190199999954,0.654461499999968],[-70.531590699999981,0.648285800000053],[-70.544931,0.601685],[-70.610616099999959,0.643250900000055],[-70.6218308,0.622804900000119],[-70.684606,0.621090200000026],[-70.711273899999981,0.606093400000134],[-70.762069699999984,0.625386500000047],[-70.786525199999971,0.61568840000001],[-70.8641017,0.6744711],[-70.88889180000001,0.660420400000078],[-70.949454899999978,0.667072099999984],[-70.9574629,0.710397],[-70.995630099999971,0.680472400000099],[-71.031304399999897,0.700199400000031],[-71.035749,0.72010250000011],[-71.116468400000031,0.730546300000015],[-71.1428386,0.716806100000042],[-71.1928332,0.729048400000067],[-71.220409899999936,0.757076100000063],[-71.222587299999986,0.781096300000115],[-71.284621999999899,0.79412],[-71.3536911,0.86313169999994],[-71.451417,0.861729300000093],[-71.463909,0.8440741],[-71.502713799999924,0.836334599999986],[-71.506871,0.81381],[-71.528400799999986,0.800881800000127],[-71.539826499999947,0.823561],[-71.568384199999912,0.833720800000094],[-71.5912454,0.819437300000061],[-71.620212199999969,0.8315017],[-71.63187819999996,0.817685600000118],[-71.660012199999869,0.82420460000003],[-71.681244099999958,0.8592054],[-71.754106599999943,0.884994300000017],[-71.79676239999992,0.853727100000015],[-71.820296099999894,0.885789900000134],[-71.802322699999934,0.8908780000001],[-71.823507599999971,0.908862600000134],[-71.814779399999964,0.948812700000133],[-71.838573099999905,0.994225600000107],[-71.825756299999853,1.023125499999935],[-71.838225200000011,1.044575099999975],[-71.899224600000025,1.049777900000038],[-71.895405499999981,1.069559600000048],[-71.932101900000021,1.131355199999973],[-71.929998,1.1538531],[-71.959692,1.18160910000006],[-71.998914599999921,1.172992399999941],[-72.0111111,1.155444500000044],[-72.039291,1.1820186],[-72.06229929999995,1.164573200000063],[-72.136553699999979,1.290364099999977],[-72.178301,1.296126500000014],[-72.1937292,1.32313570000008],[-72.2169222,1.296748],[-72.271041799999978,1.304824300000064],[-72.271637400000031,1.283266500000025],[-72.319156599999985,1.262660099999948],[-72.534948899999961,1.284497800000111],[-72.5558269,1.314316100000099],[-72.561487999999883,1.369403700000134],[-72.637083500000017,1.4329161],[-72.6287003,1.44889790000002],[-72.642870599999981,1.462996299999986],[-72.648381699999959,1.510776800000087],[-72.672695,1.521061799999984],[-72.695671,1.568397100000027],[-72.717322899999942,1.565049100000124],[-72.7162492,1.589038],[-72.780472700000018,1.716091600000027],[-72.812897599999928,1.730296200000112],[-72.8185707,1.765115200000139],[-72.856040699999937,1.759645299999988],[-72.8524832,1.775022900000124],[-72.875063799999964,1.7892726],[-72.884264299999984,1.821141099999977],[-72.914619300000027,1.834461],[-72.913034,1.867294300000083],[-73.017836199999977,1.912386200000128],[-73.043213499999979,1.952577900000108],[-73.087513399999921,1.959385800000121],[-73.114699799999926,1.937298300000066],[-73.128298500000028,1.956932599999959],[-73.1735969,1.954600300000095],[-73.192962299999976,1.995446900000047],[-73.154971,1.98019940000006],[-73.151451699999939,2.0413858],[-73.123293,2.042481500000065],[-73.109294799999986,2.02217150000007],[-73.034104599999978,2.056328600000029],[-73.0457,2.069949599999973],[-73.011381799999981,2.092683599999987],[-73.020128099999965,2.119722900000056],[-72.987905800000021,2.149011],[-72.983068899999921,2.19219570000007],[-72.964916099999982,2.199790000000121],[-72.945491699999934,2.259133600000041],[-72.90655019999997,2.254029300000127],[-72.87161679999997,2.292853500000092],[-72.820429699999977,2.267073200000027],[-72.800564099999974,2.281844500000091],[-72.7951498,2.259836],[-72.732031199999938,2.215579800000057],[-72.728349899999898,2.165979400000026],[-72.698597599999857,2.1629155],[-72.688938300000018,2.1323547],[-72.640558299999952,2.109984899999915],[-72.607697899999948,2.1287112],[-72.590779299999951,2.096541800000011],[-72.548176299999966,2.072658300000057],[-72.475057799999945,2.074038800000096],[-72.47953769999998,2.062710900000013],[-72.448954399999934,2.042569600000093],[-72.433603299999959,2.002378900000053],[-72.406072399999971,1.989198400000134],[-72.373277499999972,1.995301900000129],[-72.353039599999988,1.893634700000121],[-72.313071599999944,1.870398300000033],[-72.288794899999971,1.833143],[-72.24854629999993,1.835120400000051],[-72.184269099999938,1.72673860000009],[-72.157099899999935,1.731668100000093],[-72.135702899999956,1.7086908],[-72.105560699999955,1.7102491],[-72.082047299999942,1.679332],[-72.058573700000011,1.674928900000054],[-71.9951287,1.693481],[-71.968905099999915,1.649020500000063],[-71.910767299999918,1.61666670000011],[-71.862659099999917,1.638258800000131],[-71.845496399999888,1.669128200000046],[-71.8575095,1.675082],[-71.84744749999993,1.708175700000027],[-71.815278699999965,1.7485026],[-71.7345095,1.714029400000129],[-71.631466899999964,1.779346799999928],[-71.599115200000028,1.764236300000107],[-71.59815,1.7402993],[-71.566191099999912,1.748690100000033],[-71.451548799999955,1.7060904],[-71.439371599999959,1.684288100000117],[-71.456970500000011,1.662579400000027],[-71.4573656,1.625395900000058],[-71.421419199999946,1.60855400000014],[-71.398617800000011,1.624421200000086],[-71.375646099999869,1.595074900000043],[-71.375550200000021,1.563346600000102],[-71.336059399999954,1.517633500000045],[-71.241914100000031,1.50407250000012],[-71.223519999999894,1.521974800000066],[-71.242920700000013,1.537458300000026],[-71.197316199999989,1.552731200000039],[-71.177424500000029,1.587146700000062],[-71.1111833,1.604654400000072],[-71.094022399999915,1.624483600000076],[-71.0541189,1.612711200000035],[-71.036889799999983,1.627639600000066],[-71.021960700000022,1.622294000000124],[-70.9927065,1.649122099999943],[-71.006424700000025,1.659967700000095],[-70.996576799999957,1.670720600000038],[-70.942680099999961,1.656769000000111],[-70.922708299999954,1.669206299999928],[-70.875380300000018,1.66419280000008],[-70.86420279999993,1.692688700000076],[-70.846794799999941,1.686166600000092],[-70.811284199999989,1.7036258],[-70.8214466,1.722553],[-70.793643,1.739887900000042],[-70.7329934,1.7247175],[-70.727093599999989,1.740186],[-70.705139499999916,1.7410119],[-70.6949826,1.725850900000012],[-70.660146,1.722469099999955],[-70.607301299999961,1.739442199999928],[-70.585528599999975,1.708052399999929],[-70.5778805,1.72500220000012],[-70.5730003,1.711938499999974],[-70.554627499999924,1.722906700000124],[-70.55883979999993,1.737659200000053],[-70.519612099999961,1.72007],[-70.497871799999984,1.738192500000082],[-70.4953673,1.761582900000121],[-70.459229899999912,1.763729800000078],[-70.453990500000032,1.796896300000014],[-70.435214799999926,1.816344599999979],[-70.377759500000025,1.816671],[-70.366063199999871,1.848810900000046],[-70.377848,1.857046400000058],[-70.3769355,1.8956152],[-70.336478799999952,1.895313600000122],[-70.324749199999872,1.908969900000102],[-70.30077579999994,1.896560500000078],[-70.286392699999965,1.9329947],[-70.24738149999996,1.937038100000052],[-70.2496835,1.9541633],[-70.2181314,1.9744773],[-70.195141400000011,1.955544300000042],[-70.167005399999937,1.956253899999979],[-70.147981799999968,1.933012800000085],[-70.105778399999906,1.934759100000122],[-70.0848115,1.919481400000109],[-70.046400599999913,1.960289500000101],[-70.0416416,1.998493400000086],[-70.055086800000026,2.011819200000048],[-69.998450400000024,2.032310000000109],[-69.97146609999993,2.025979099999972],[-69.977322500000014,2.050255700000093],[-69.946943,2.0575323],[-69.933077299999923,2.100600100000065],[-69.904152299999964,2.124255400000095],[-69.861918,2.12735280000004],[-69.872725800000012,2.145861600000103],[-69.798239599999988,2.189703800000132],[-69.7884282,2.212545099999943],[-69.77344359999995,2.2106564],[-69.767236200000013,2.251662600000031],[-69.686822199999938,2.30590930000011],[-69.694222299999922,2.321753],[-69.667777,2.35407570000001],[-69.673084,2.364242500000103],[-69.652015899999981,2.37510780000008],[-69.603315,2.362037500000099],[-69.581528199999923,2.385163800000043],[-69.588590699999941,2.414260600000034],[-69.536014299999977,2.433171200000118],[-69.544363299999929,2.442283200000134],[-69.53164529999998,2.434978500000057],[-69.5126047,2.447441700000127],[-69.485489599999937,2.425571600000126],[-69.456713899999954,2.436343],[-69.441150099999959,2.463075300000071],[-69.410616,2.425747399999921],[-69.381805200000031,2.455492400000082],[-69.355882299999962,2.4413133],[-69.289308899999867,2.4505008000001],[-69.271481199999982,2.426827899999978],[-69.259527299999888,2.4538253],[-69.244147399999918,2.440413100000114],[-69.225719899999945,2.450776499999961],[-69.213301299999898,2.479389900000115],[-69.170270599999981,2.452253100000121],[-69.163350099999946,2.467234],[-69.145761899999968,2.460754200000054],[-69.130141499999922,2.4845666],[-69.0984616,2.4898313],[-68.998377300000016,2.410329100000013],[-68.98307410000001,2.448007],[-68.92947659999993,2.491430200000138],[-68.9290125,2.510575900000106],[-68.872485900000015,2.550680699999987],[-68.8594723,2.587408],[-68.839476699999977,2.5846211],[-68.834454099999959,2.644265900000107],[-68.798872,2.670697300000029],[-68.7759881,2.645266000000106],[-68.726956200000018,2.6464006],[-68.687802799999929,2.6806479],[-68.701089199999956,2.695253199999968],[-68.6960287,2.733950100000072],[-68.653229399999873,2.720266],[-68.628409299999987,2.745198399999936],[-68.567859799999951,2.758740900000134],[-68.551505899999938,2.816340200000127],[-68.504843199999982,2.827746600000125],[-68.481325,2.8722123],[-68.443716100000017,2.85395],[-68.400967700000024,2.883729400000107],[-68.3933846,2.918663800000104],[-68.342678,2.941757600000074],[-68.330558399999973,2.935454900000138],[-68.3125847,2.977469],[-68.300137099999915,2.971133800000075],[-68.304013399999917,2.945262500000013],[-68.289828100000022,2.9210905],[-68.267166699999962,2.932509700000139],[-68.262352,2.951862],[-68.2305637,2.946191799999951],[-68.205109399999969,2.962936100000036],[-68.157839699999954,2.947547],[-68.129594299999894,2.917921499999977],[-68.106168700000012,2.9287099],[-68.069092099999978,2.913258900000017],[-68.035893499999986,2.9466946],[-68.004166699999985,2.933333300000072],[-67.972194399999921,2.968285499999979],[-67.984958399999982,2.983670800000027],[-67.971387599999957,2.984290200000089],[-67.956952,3.03431970000014],[-67.924833,3.006948400000056],[-67.918096,3.020828699999925],[-67.8238025,3.047197],[-67.8160016,3.013356900000076],[-67.786510499999906,3.0242063],[-67.758855499999925,3.012188],[-67.715681,3.029137900000023],[-67.7009766,3.001568600000098],[-67.675393699999972,2.993761800000073],[-67.646681399999977,3.004487400000016],[-67.5466609,2.975964200000078],[-67.51856250000003,3.001176199999975],[-67.488824599999873,2.950356899999974],[-67.498527500000023,2.940690900000106],[-67.482686199999932,2.892731],[-67.498868,2.856557],[-67.4857273,2.84800180000002],[-67.4840858,2.816577700000039],[-67.412312199999974,2.787932800000135],[-67.414500199999907,2.771078],[-67.370576299999982,2.79104070000011],[-67.3671754,2.776717499999961],[-67.34762,2.779543100000012],[-67.33999110000002,2.759596900000076],[-67.320127299999967,2.756250500000135],[-67.298561100000029,2.767594],[-67.279891,2.757060099999933],[-67.262174699999946,2.78221520000011],[-67.2527417,2.75672650000007],[-67.2639087,2.747828],[-67.240925,2.739424],[-67.2166016,2.75200389999992],[-67.172309599999949,2.745813900000087],[-67.143295,2.769792],[-67.11641069999996,2.758406700000023],[-67.065612399999907,2.8051016],[-67.03799719999995,2.808236099999988],[-67.042741,2.877610899999979],[-67.009591899999975,2.904844699999956],[-66.971653199999935,2.900947100000053],[-66.972410099999934,2.8826803],[-66.9101334,2.8900205],[-66.90754789999994,2.867772099999968],[-66.879690899999957,2.856367699999964],[-66.873148299999968,2.885645800000077],[-66.846395799999982,2.911302499999977],[-66.860921799999971,2.915776600000129],[-66.857237199999929,2.940219800000023],[-66.820143499999972,2.925532200000134],[-66.8032776,2.9484033],[-66.768981699999983,2.946613500000069],[-66.746229699999958,2.967297],[-66.700702799999988,2.953299],[-66.692871500000024,2.973437300000057],[-66.613858399999913,2.958344300000078],[-66.5867237,2.971813199999985],[-66.566666699999928,2.954166700000087],[-66.503495699999917,2.976636699999915],[-66.482327899999973,2.963221900000065],[-66.428355300000021,2.962551299999973],[-66.434918400000015,2.9154593],[-66.419254299999977,2.915220200000135],[-66.416879399999971,2.893655800000033],[-66.400843800000018,2.89861419999994],[-66.397591699999964,2.873529100000098],[-66.379789399999936,2.864820700000053],[-66.385385900000017,2.849117700000022],[-66.361547199999961,2.8363263],[-66.3316701,2.856687499999964],[-66.308708699999954,2.845332],[-66.305383199999881,2.799202],[-66.294383,2.779885500000091],[-66.2808154,2.781232700000032],[-66.2868987,2.811057300000016],[-66.269507799999985,2.814654300000086],[-66.248255499999971,2.8587093000001],[-66.154779099999985,2.840267100000062],[-66.129213,2.864001200000075],[-66.1331427,2.902295400000071],[-66.0749025,2.8885282],[-66.0271146,2.9202773],[-65.99708320000002,2.920848600000056],[-65.9860243,2.9481308],[-66.004409499999952,2.985416200000031],[-65.9612371,3.042295599999932],[-65.927424500000029,3.00452],[-65.825774599999988,2.961760799999922],[-65.791666699999894,2.904166700000019],[-65.7708333,2.916666700000064],[-65.753003400000011,2.899634099999957],[-65.7383185,2.907356100000129],[-65.703315699999962,2.863350800000092],[-65.66887719999994,2.895266],[-65.631515899999954,2.8997217000001],[-65.620097699999974,2.881704],[-65.598765599999922,2.883344500000078],[-65.579193699999962,2.936995200000013],[-65.5659422,2.9090956],[-65.533333299999924,2.925],[-65.522361400000023,2.893447],[-65.505017599999917,2.894982600000048],[-65.472335899999962,2.852798300000075],[-65.458316500000024,2.85246490000003],[-65.45798,2.818408900000065],[-65.419982399999867,2.75085080000008],[-65.374999,2.762468800000022],[-65.364602,2.708863200000053],[-65.380800599999986,2.702122100000054],[-65.376902200000018,2.642360199999985],[-65.393339,2.6254229],[-65.4190911,2.624646700000085],[-65.433012500000018,2.594615700000077],[-65.368867499999908,2.499093500000072],[-65.3789319,2.4729949],[-65.3675063,2.455771500000083],[-65.3688661,2.266623],[-65.3776044,2.248789700000032],[-65.4181314,2.240832800000135],[-65.422476199999949,2.1907071],[-65.4392881,2.185611700000095],[-65.44637089999992,2.146243600000105],[-65.422646899999961,2.116911199999947],[-65.392769599999951,2.10879460000001],[-65.375824099999988,2.068313],[-65.391526399999975,2.04869],[-65.41008290000002,2.048957],[-65.413279799999941,1.986086600000078],[-65.450975399999891,1.982362699999953],[-65.4427991,1.967026100000055],[-65.453635,1.933887],[-65.4349439,1.915923600000099],[-65.429807400000016,1.875288800000021],[-65.478591899999969,1.859563700000137],[-65.493990799999892,1.783712300000047],[-65.554533699999979,1.753974200000073],[-65.588436399999978,1.757794600000011],[-65.588857,1.740695600000095],[-65.563029499999857,1.714752100000055],[-65.569420799999932,1.689574100000129],[-65.5395378,1.632777200000078],[-65.5220458,1.639983700000016],[-65.502187499999877,1.610528900000077],[-65.483430099999964,1.623409500000037],[-65.471496399999978,1.61416370000012],[-65.477228799999978,1.597363],[-65.423602499999902,1.57666990000007],[-65.3890697,1.582540699999981],[-65.376815599999929,1.598188300000061],[-65.355356,1.590926299999978],[-65.3902612,1.559009200000048],[-65.393798599999855,1.53679870000002],[-65.38044919999993,1.525888400000042],[-65.371469499999989,1.540601],[-65.346699,1.540275800000131],[-65.309861800000022,1.519090100000085],[-65.245306,1.572490100000095],[-65.23094530000003,1.617556499999978],[-65.1907569,1.61502489999998],[-65.156912299999931,1.652412],[-65.150324099999978,1.679768200000069],[-65.162008599999979,1.693867899999987],[-65.126165300000025,1.74257990000001],[-65.101229100000012,1.721830200000056],[-65.0465964,1.741603500000053],[-65.04898860000003,1.769599600000106],[-64.985694,1.777162300000043],[-64.972009899999989,1.820681900000011],[-64.9065991,1.844921100000079],[-64.940486399999941,1.893529600000079],[-64.901913199999967,1.913927899999976],[-64.879735699999969,1.90227550000003],[-64.862183099999925,1.941215700000043],[-64.825229499999921,1.9458808],[-64.813065599999959,1.927658200000053],[-64.78797869999994,1.929755],[-64.770771599999989,1.995619799999986],[-64.73252089999994,2.0236456],[-64.636444799999936,2.008686900000043],[-64.623214399999938,1.987320600000032],[-64.640371,1.963872300000048],[-64.626535099999955,1.947964700000114],[-64.574758899999949,1.931709600000033],[-64.571888899999976,1.918187199999977],[-64.533321499999943,1.9284417],[-64.517706099999941,1.913765700000056],[-64.506672499999979,1.952360700000042],[-64.453788499999973,1.957948099999953],[-64.443140899999946,1.996628699999974],[-64.393946499999856,2.0066165],[-64.378586899999959,1.98801370000001],[-64.336450300000024,2.026202899999987],[-64.271107,2.008767700000021],[-64.258486,2.024206400000025],[-64.21800449999995,2.019232100000011],[-64.209496,2.04424680000011],[-64.1806863999999,2.036424700000055],[-64.145255499999962,2.056071400000064],[-64.133014600000024,2.009463400000016],[-64.11701690000001,2.024789699999985],[-64.077782899999988,2.006272200000126],[-64.09429080000001,1.935921400000041],[-64.075821,1.937258399999962],[-64.07368479999991,1.924909599999978],[-64.03063759999992,1.936850699999979],[-63.9715488,1.991772100000105],[-63.92227859999997,1.98185100000012],[-63.9031991,1.992973],[-63.836223799999971,1.967000400000074],[-63.817498300000011,1.990719800000079],[-63.78987,1.980815500000062],[-63.762989499999946,2.005205499999931],[-63.74168880000002,2.000471],[-63.740015500000027,2.01812220000005],[-63.70001979999995,2.049203100000057],[-63.687736499999971,2.026707800000054],[-63.668395299999986,2.0246292],[-63.661948600000017,2.067601900000057],[-63.632429800000011,2.072434],[-63.611687500000016,2.112390600000026],[-63.5481279,2.134304],[-63.493852499999946,2.114355],[-63.475673499999914,2.1236037],[-63.473597799999879,2.141467200000136],[-63.434774,2.124357900000064],[-63.393587299999979,2.150203499999975],[-63.3983199,2.196136599999988],[-63.371592099999987,2.212098],[-63.385950699999967,2.232733700000097],[-63.426069,2.222785900000133],[-63.430807299999913,2.242529199999979],[-63.445675899999856,2.2322307],[-63.467646599999966,2.258610300000043],[-63.489743499999975,2.253587699999969],[-63.499889199999984,2.265601499999946],[-63.528710899999965,2.262745300000063],[-63.536518299999955,2.24763930000006],[-63.5768385,2.263478599999985],[-63.620507199999963,2.2447727],[-63.650963099999956,2.264558099999988],[-63.691680399999882,2.253392800000029],[-63.69918389999998,2.2931767],[-63.752910199999974,2.326571899999976],[-63.7686208,2.389568100000133],[-63.79427290000001,2.4025747],[-63.812388099999964,2.393110900000011],[-63.857430500000021,2.401522399999976],[-63.9271422,2.464840899999956],[-63.936262099999965,2.45659530000006],[-64.008761099999958,2.480969400000049],[-64.0231263,2.464752799999985],[-64.052367,2.497456499999942],[-64.044919899999854,2.577484299999924],[-64.027385299999935,2.577234],[-63.986508099999924,2.6478735],[-63.987096099999917,2.687279000000103],[-64.007469599999979,2.708876100000055],[-63.9821594,2.726273499999934],[-64.0035403,2.738205200000095],[-63.9973698,2.767493200000047],[-64.01707829999998,2.776461899999958],[-64.015135699999917,2.811415000000125],[-64.080046,2.874962900000071],[-64.066853499999922,2.891498400000046],[-64.077918599999919,2.902620000000127],[-64.0718893,2.924477200000069],[-64.0948596,2.935293300000069],[-64.119336499999974,2.986358000000109],[-64.161196799999971,2.985188600000015],[-64.143265199999917,3.0328328],[-64.219004799999936,3.090717],[-64.230368199999987,3.13793940000005],[-64.200322899999946,3.1652262],[-64.2269129,3.270473800000048],[-64.1968925,3.31829769999996],[-64.125990799999897,3.338967100000048],[-64.157783399999914,3.382785900000101],[-64.147663099999932,3.403885800000126],[-64.168420500000025,3.46650580000005],[-64.152152799999953,3.48379460000001],[-64.18882450000001,3.52681240000004],[-64.170203599999923,3.549385200000074],[-64.1860216,3.580226400000129],[-64.1995662,3.581046200000117],[-64.195390099999941,3.599187600000107],[-64.220847299999946,3.600438600000075],[-64.224147799999855,3.629559900000118],[-64.248008599999935,3.620188],[-64.233915699999898,3.645783],[-64.244472899999948,3.660666699999979],[-64.294005799999923,3.654044],[-64.317825,3.712903199999971],[-64.334183899999914,3.707468400000096],[-64.411805399999935,3.777361100000121],[-64.454820799999936,3.763570500000014],[-64.472817099999986,3.774643],[-64.488039199999946,3.792404400000123],[-64.486004499999922,3.819961900000067],[-64.518947700000012,3.836038200000132],[-64.521297300000015,3.861111400000084],[-64.5657905,3.8996348],[-64.5511669,3.925265900000113],[-64.588367399999981,3.939559500000087],[-64.595491700000025,3.961729900000023],[-64.640377099999967,3.9777196],[-64.646957900000018,3.995365600000014],[-64.671199,3.990887600000065],[-64.680430499999943,4.0127486],[-64.700742100000014,4.007073699999921],[-64.715265199999862,4.032868],[-64.733510899999942,4.02284620000006],[-64.742285699999911,4.041894],[-64.772478799999988,4.053212400000064],[-64.762205299999948,4.060888],[-64.7774207,4.141611200000114],[-64.804745299999979,4.171114899999964],[-64.792643399999974,4.182760600000051],[-64.825663,4.206774699999983],[-64.8159308,4.272895000000119],[-64.786494399999981,4.249886500000116],[-64.778214100000014,4.281911800000103],[-64.734575599999971,4.277912000000129],[-64.708228099999985,4.225509200000033],[-64.692135,4.223550400000136],[-64.6942401,4.240572200000031],[-64.676672199999928,4.251659400000108],[-64.668288599999926,4.231850399999928],[-64.632416399999954,4.216683600000067],[-64.593119199999933,4.220125700000096],[-64.556210800000031,4.197829],[-64.549783099999956,4.206425800000034],[-64.497012700000028,4.148943499999973],[-64.44349219999998,4.116547800000035],[-64.4207601,4.143941499999983],[-64.379726,4.133761500000048],[-64.3387237,4.146538300000088],[-64.3146061,4.125786],[-64.295490699999959,4.161739800000021],[-64.2621004,4.149303400000065],[-64.275377199999923,4.136134799999923],[-64.24843,4.119004300000086],[-64.220403499999918,4.122056800000053],[-64.176507599999979,4.094310300000075],[-64.136115099999927,4.10721060000003],[-64.046853499999941,3.9683847],[-64.019226800000013,3.971616800000049],[-63.996327399999984,3.9040594],[-63.976303700000017,3.898279699999989],[-63.965960900000027,3.8714094],[-63.929446599999949,3.924585599999943],[-63.8814706,3.929141800000025],[-63.8533825,3.94981290000004],[-63.7911608,3.933526800000095],[-63.76136079999992,3.942638799999941],[-63.7401994,3.934008900000038],[-63.732778199999927,3.912889800000016],[-63.6808585,3.908453400000099],[-63.669108099999903,3.916690900000106],[-63.700424899999973,3.948230200000012],[-63.689393099999904,4.0160055],[-63.678699,4.0199803000001],[-63.596400599999868,3.9397105],[-63.586802700000021,3.904955500000085],[-63.554938100000015,3.890895300000068],[-63.551191099999869,3.865475400000037],[-63.511820399999976,3.847390600000097],[-63.480877299999918,3.885471],[-63.458333299999879,3.8625],[-63.437425299999916,3.866688],[-63.412456299999974,3.912443400000029],[-63.420022,3.937542099999973],[-63.436343799999975,3.9350435],[-63.452349299999923,3.955071799999985],[-63.429735299999948,3.975722599999983],[-63.3928381,3.9796882],[-63.347372599999971,3.955560800000114],[-63.31797,3.963031300000068],[-63.309816099999978,3.98163940000012],[-63.277951699999903,3.95359940000003],[-63.253437,3.965851100000123],[-63.251253399999939,3.9512484],[-63.207743899999912,3.9422439],[-63.234392299999911,3.878960600000028],[-63.228867599999944,3.8319813],[-63.205744599999946,3.80722],[-63.1238085,3.804416899999978],[-63.094724400000018,3.784789500000102],[-63.062181800000019,3.735142699999983],[-63.075206900000012,3.687015299999928],[-63.0288463,3.664884],[-62.993286699999942,3.612407500000074],[-62.953337099999942,3.611554299999966],[-62.929583400000013,3.635525400000063],[-62.921404299999949,3.674030700000117],[-62.856228900000019,3.708555300000114],[-62.840057,3.735274300000015],[-62.80030469999997,3.726640100000054],[-62.752353,3.6698599],[-62.737347099999965,3.688024900000016],[-62.732703,3.7366606],[-62.749227699999949,3.76386320000006],[-62.730464899999959,3.803475400000025],[-62.772322299999985,3.83463990000007],[-62.756256999999891,3.857419600000128],[-62.788894700000014,3.893092699999954],[-62.784003699999971,3.93366],[-62.762620799999922,3.941509899999971],[-62.744096,3.973543100000086],[-62.768757299999891,4.006689699999981],[-62.7514289,4.032817399999942],[-62.608732199999963,4.044629699999973],[-62.5625,4.016666699999973],[-62.561791700000015,4.040779300000054],[-62.532148399999983,4.0479707],[-62.540305600000011,4.079149499999914],[-62.5570935,4.080303099999981],[-62.5437996,4.098593600000072],[-62.55236919999993,4.108935799999927],[-62.526159399999983,4.112392699999987],[-62.531098399999905,4.135997499999974],[-62.509142699999984,4.129854700000067],[-62.502918,4.144143099999951],[-62.477708099999973,4.1310411],[-62.460973399999943,4.141991700000119],[-62.463908199999935,4.178143400000124],[-62.389751099999955,4.178338400000086],[-62.354293,4.165577],[-62.3296939,4.134889300000111],[-62.293102,4.141841399999976],[-62.241949499999862,4.1162486],[-62.1984013,4.114192700000046],[-62.190930899999898,4.097263299999952],[-62.144855099999972,4.074860699999988],[-62.111861399999952,4.089743199999987],[-62.116631599999948,4.117705600000079],[-62.070168799999976,4.124680400000045],[-62.075192799999911,4.153918299999987],[-62.025106199999982,4.150789],[-61.982640599999911,4.180688500000031],[-61.9717033,4.145783100000131],[-61.932034499999986,4.117776900000138],[-61.9221708,4.156604700000059],[-61.874982699999975,4.153038500000036],[-61.866027899999949,4.176673700000038],[-61.839995199999919,4.159647200000052],[-61.8163533,4.163784],[-61.821391399999868,4.199713],[-61.810043099999973,4.200219800000127],[-61.801716100000021,4.227882900000111],[-61.76973229999993,4.2273404],[-61.774183,4.249188200000106],[-61.728045,4.267486300000087],[-61.7241029,4.244022900000118],[-61.654695800000013,4.262544200000093],[-61.641527600000018,4.238186199999973],[-61.608329,4.2604028],[-61.593295399999931,4.246301599999981],[-61.552355699999907,4.255740600000081],[-61.506051099999979,4.319528099999957],[-61.525842800000021,4.340110400000128],[-61.513333,4.406099],[-61.4502695,4.4390381],[-61.434782499999983,4.432269],[-61.44011519999998,4.423944],[-61.420873399999948,4.433194800000081],[-61.3456086,4.417145100000084],[-61.320645399999989,4.430331600000102],[-61.312574999999867,4.456433100000083],[-61.277074299999981,4.468422200000134],[-61.324355199999957,4.50498250000004],[-61.31909109999998,4.537146699999937],[-61.258760699999868,4.537217699999985],[-61.2234042,4.521116399999983],[-61.21833909999998,4.533231],[-61.1545428,4.494465],[-61.083565299999918,4.510512199999937],[-61.058333299999958,4.5416667],[-61.0385101,4.541070900000079],[-61.041691499999956,4.523495500000024],[-61.015757399999984,4.514048199999934],[-60.993827,4.519800500000031],[-60.9851405,4.542375100000015],[-60.9579273,4.5450583],[-60.956004499999892,4.581608300000084],[-60.934069499999964,4.585676400000068],[-60.94790839999996,4.654162],[-60.917401799999936,4.66746930000005],[-60.903690400000016,4.714521200000092],[-60.851962800000024,4.703046799999981],[-60.807089500000018,4.747645600000055],[-60.750925699999982,4.753728400000114],[-60.659026499999982,4.848271400000101],[-60.654223599999966,4.8811993],[-60.6290406,4.887170600000047],[-60.583771699999943,4.957974499999978],[-60.596974399999965,4.995386699999983],[-60.616976,5.008715],[-60.6123776,5.036891900000114],[-60.6451348,5.0523356],[-60.642422099999976,5.11056520000011],[-60.6576245,5.112063600000113],[-60.674663800000019,5.187548],[-60.7353488,5.189469900000063],[-60.744238600000017,5.203229700000065],[-60.731143,5.21622270000006],[-60.649333800000022,5.23069890000005],[-60.627786300000025,5.212478700000077],[-60.5941032,5.216070899999977],[-60.574005499999942,5.196115500000133],[-60.546259599999928,5.2289032],[-60.522758,5.228959900000063],[-60.4905066,5.221223],[-60.466106699999898,5.193182500000091],[-60.454065,5.203639400000043],[-60.442290699999944,5.177351600000122],[-60.421159899999964,5.186415300000078],[-60.4130088,5.210952500000133],[-60.383074299999919,5.218460499999935],[-60.364067200000022,5.201397499999985],[-60.315586600000017,5.2029478],[-60.29869,5.226976300000047],[-60.215168799999958,5.269757200000015],[-60.193832799999882,5.258793500000081],[-60.190983699999947,5.232918],[-60.168857699999933,5.22418180000011],[-60.129409399999929,5.249435],[-60.0895375,5.238531700000124],[-60.071345800000017,5.28178320000012],[-60.066305,5.26916580000011],[-60.036893299999974,5.278980800000056],[-59.9916667,5.233333300000083],[-59.952530599999989,5.257896100000039],[-59.92467309999995,5.257595900000069],[-59.887909699999966,5.227855200000135],[-59.884700800000019,5.168692],[-59.9014376,5.164070300000105],[-59.903042799999923,5.13501930000001],[-59.836516299999971,5.0947756],[-59.908022899999878,4.981296699999973],[-59.91197360000001,4.916673400000036],[-59.856917099999976,4.931224400000019],[-59.854515199999923,4.884512200000017],[-59.811442399999976,4.866861600000107],[-59.7775196,4.875418200000013],[-59.7553421,4.834650099999976],[-59.694350699999916,4.849533],[-59.7180854,4.759128700000019],[-59.650326300000017,4.7484647],[-59.588373400000023,4.780641900000091],[-59.571298899999931,4.7581945],[-59.58929019999988,4.710327800000016],[-59.559734,4.702931500000034],[-59.544894299999953,4.7165339],[-59.523948099999984,4.6931818],[-59.495037899999943,4.7013746],[-59.481000100000017,4.691641600000082],[-59.4754648,4.665357700000129],[-59.487064499999974,4.664197200000046],[-59.482798699999989,4.648066400000118],[-59.498747499999922,4.630386200000089],[-59.4749155,4.58744310000003],[-59.497065500000019,4.5774831],[-59.4936439,4.561227300000041],[-59.524048699999923,4.527495600000066],[-59.50625,4.517193599999985],[-59.4876241,4.528441900000018],[-59.4579731,4.503497800000105],[-59.503293400000018,4.467054599999983],[-59.53464589999993,4.460920200000089],[-59.5248694,4.435578600000099],[-59.489474799999925,4.454540599999973],[-59.437714799999981,4.439224299999978],[-59.463822899999968,4.39264780000002],[-59.453779399999917,4.361486400000103],[-59.475000799999975,4.343764200000123],[-59.46411,4.337905799999987],[-59.47695520000002,4.315221099999974],[-59.46925920000001,4.293657200000098],[-59.442361099999914,4.288395499999922],[-59.490562300000022,4.26151],[-59.5082931,4.226225399999919],[-59.4291667,4.225],[-59.42659139999995,4.248257200000126],[-59.385240799999963,4.2737265],[-59.337499999999864,4.2583333],[-59.32963639999997,4.246775300000081],[-59.352663499999949,4.194749600000137],[-59.41675859999998,4.137830400000098],[-59.4170992,4.090324399999986],[-59.370682799999884,4.103193299999987],[-59.331562599999927,4.146025100000088],[-59.280414699999938,4.132768300000123],[-59.278047599999923,4.086265],[-59.301864599999931,4.026214200000027],[-59.362499999999898,3.990698700000053],[-59.362007099999971,3.967638900000111],[-59.4116204,3.990235400000131],[-59.435506,3.9827282],[-59.440881900000022,3.967443500000059],[-59.4268571,3.967299100000048],[-59.427291,3.953907100000094],[-59.443602100000021,3.93213760000009],[-59.4697759,3.928797400000121],[-59.467838,3.905020499999921],[-59.48471289999992,3.881522800000141],[-59.476975700000025,3.870459200000084],[-59.500508599999989,3.856195700000114],[-59.5003456,3.803741300000013],[-59.482940799999938,3.783147699999972],[-59.495577200000014,3.757335000000126],[-59.438429299999939,3.732630400000119],[-59.42048,3.70587960000006],[-59.438067299999943,3.6436228],[-59.49596739999987,3.595371500000056],[-59.482690600000012,3.558967100000075],[-59.499357299999929,3.535365],[-59.482074699999941,3.513690800000063],[-59.44979369999993,3.519878700000106],[-59.453116199999954,3.495162700000037],[-59.490524699999924,3.452208900000016],[-59.483396199999959,3.401612499999942],[-59.45999519999998,3.363660800000048],[-59.5069507,3.322973499999989],[-59.543195700000012,3.323483700000054],[-59.554839300000026,3.295515400000056],[-59.573582599999895,3.28713440000007],[-59.5789777,3.263236399999982],[-59.545580399999949,3.24060280000009],[-59.552285799999936,3.18813590000002],[-59.515986100000021,3.165853],[-59.571452500000021,3.124125600000013],[-59.59051519999997,3.068294499999922],[-59.636236599999961,3.005970700000034],[-59.61693809999997,2.99311780000005],[-59.624575400000026,2.941646400000138],[-59.6130966,2.911222500000122],[-59.555813100000023,2.8472863],[-59.578157699999963,2.812319699999989],[-59.568,2.799189500000011],[-59.582614199999966,2.7693858],[-59.57336209999994,2.7349322],[-59.6285026,2.625497900000141],[-59.646412,2.606284],[-59.670845699999973,2.610032400000023],[-59.6904085,2.584031800000105],[-59.66798289999997,2.559763],[-59.666528299999982,2.479313400000024],[-59.614710499999944,2.442234],[-59.584952599999895,2.440324300000043],[-59.590433799999971,2.4018635],[-59.56253449999997,2.343383100000096],[-59.570977799999923,2.305696500000067],[-59.549432700000011,2.288437200000089],[-59.560989099999915,2.250681500000042],[-59.507139600000016,2.2302277],[-59.488918500000011,2.199338800000078],[-59.4458325,2.175576900000067],[-59.407000700000026,2.177820400000087],[-59.351476400000024,2.212419700000055],[-59.325993,2.203280600000085],[-59.336592699999926,2.193786],[-59.310474099999965,2.1477284],[-59.328430699999956,2.140908800000091],[-59.3290877,2.117141600000025],[-59.38344619999998,2.081481199999985],[-59.415741700000012,2.090326000000118],[-59.454752399999961,2.061398799999949],[-59.453927899999883,2.046096500000033],[-59.495978799999989,2.04557310000007],[-59.513130499999932,2.000853100000086],[-59.535919,1.991338499999927],[-59.532059600000025,1.9791962],[-59.5661725,1.98615280000007],[-59.596808799999963,1.961422],[-59.58968040000002,1.920977700000094],[-59.6116836,1.883763300000112],[-59.641314899999941,1.863824500000078],[-59.662084399999969,1.869328100000132],[-59.6507921,1.813031799999976],[-59.6783853,1.80378480000013],[-59.683333299999958,1.769987300000025],[-59.6333333,1.745833300000129],[-59.617038899999955,1.715950700000121],[-59.573129100000017,1.734389800000088],[-59.549306099999967,1.729698],[-59.5244768,1.707936299999915],[-59.512862900000016,1.671963900000037],[-59.4913674,1.673823200000015],[-59.485327,1.630228300000056],[-59.438405699999976,1.616029],[-59.432482,1.565124699999956],[-59.396822699999973,1.554427400000066],[-59.379387499999893,1.507236200000023],[-59.328045199999963,1.513135299999988],[-59.318510099999912,1.4788067],[-59.328584700000022,1.4654569],[-59.311831699999971,1.452204199999983],[-59.3470178,1.452015800000027],[-59.338337799999977,1.4251675000001],[-59.347577300000012,1.407292499999926],[-59.32893660000002,1.412577200000044],[-59.340726899999936,1.385365],[-59.367233499999941,1.393158800000094],[-59.374521299999969,1.375235700000019],[-59.312947,1.3332355],[-59.320698599999957,1.320010099999934],[-59.37529289999992,1.319098600000018],[-59.379844,1.297498700000062],[-59.3986693,1.2946255],[-59.388214399999981,1.28094700000014],[-59.395521700000018,1.25685610000005],[-59.381900700000017,1.252000799999962],[-59.3873893,1.222597900000096],[-59.363029099999949,1.220272900000055],[-59.375956299999928,1.191197400000078],[-59.3966853,1.202311300000019],[-59.429418,1.183366799999988],[-59.443575099999919,1.220588400000054],[-59.49856,1.252105899999947],[-59.495158099999969,1.234596400000044],[-59.536085099999923,1.235776000000101],[-59.54322639999998,1.201476200000059],[-59.523009899999977,1.206647499999974],[-59.511958799999888,1.176534],[-59.5386772,1.174862800000028],[-59.528911399999913,1.120173500000078],[-59.500504199999966,1.096319100000073],[-59.461407,1.093524600000137],[-59.4323852,1.037166000000127],[-59.463716899999895,0.9871569],[-59.465979599999969,0.909849400000041],[-59.483338,0.901954400000136],[-59.507247499999892,0.847026],[-59.500722399999916,0.795572],[-59.520154199999922,0.7713951],[-59.518540899999948,0.740124200000082],[-59.5264325,0.7249746],[-59.571098399999983,0.725534200000141],[-59.593956400000025,0.689649700000018],[-59.587502200000017,0.655871699999977],[-59.609037299999954,0.627634600000079],[-59.65060440000002,0.588937899999962],[-59.707451699999979,0.582942800000069],[-59.688397699999939,0.563409400000012],[-59.695611,0.5372961],[-59.713372400000026,0.540668600000117],[-59.7793054,0.499027799999965],[-59.774075,0.451436300000069],[-59.825132199999985,0.4452713],[-59.826805399999955,0.427083300000049],[-59.851588399999969,0.413175099999989],[-59.839167499999974,0.403199900000118],[-59.853919599999927,0.393819],[-59.848538599999983,0.365923300000134],[-59.8724757,0.348019700000066],[-59.902315299999941,0.3408374],[-59.9213297,0.357649200000139],[-59.951084199999968,0.333361200000127],[-60.002217099999939,0.326988],[-60.065646199999946,0.362823600000127],[-60.068323299999918,0.399442500000077],[-60.107053999999891,0.414855],[-60.136688899999967,0.363504499999976],[-60.16287920000002,0.350063700000078],[-60.1665557,0.318128100000024],[-60.1534155,0.320306099999925],[-60.161691299999973,0.2946983],[-60.150300799999854,0.278198700000132],[-60.071222299999988,0.263195500000052],[-60.054811299999983,0.277319500000033],[-60.028646499999923,0.263446300000055],[-60.009301999999877,0.23933169999998],[-60.014252899999974,0.213461100000131],[-59.993295699999976,0.210633600000108],[-60.001660500000014,0.195046200000036],[-59.986500700000022,0.188402399999973],[-59.9664843,0.139936700000021],[-59.954419599999937,0.141315],[-59.930416499999978,0.09625],[-59.893194299999948,0.080972200000019],[-59.9040377,0.038750100000129],[-59.92496890000001,0.039071600000057],[-59.87004079999997,-0.023903099999984],[-59.8812795,-0.038619799999935],[-59.864611399999944,-0.0535863],[-59.877867,-0.062451399999929],[-59.868256599999938,-0.066989799999931],[-59.876516499999923,-0.11715049999998],[-59.896685399999967,-0.096787099999972],[-59.918702100000019,-0.138916400000028],[-59.860292500000014,-0.16868310000001],[-59.80426,-0.243842099999938],[-59.840442799999892,-0.269925599999908],[-59.850944199999958,-0.301067],[-59.843351599999949,-0.334568299999944],[-59.857851799999935,-0.353228800000011],[-59.843786299999977,-0.367088200000012],[-59.860520899999983,-0.366475400000013],[-59.857602199999917,-0.38834959999997],[-59.836416399999905,-0.388632599999937],[-59.827099399999952,-0.408334899999943],[-59.859296299999926,-0.451811199999895],[-59.855588099999977,-0.4673176],[-59.873431699999855,-0.474613099999942],[-59.899862399999961,-0.457172800000023],[-59.95475620000002,-0.523194599999954],[-59.959312899999986,-0.562639599999954],[-60.033750899999973,-0.5829789],[-60.041753699999958,-0.602286400000025],[-60.020469,-0.612899399999947],[-60.037575100000026,-0.638279499999896],[-60.0259967,-0.662058699999989],[-60.0546632,-0.6476874],[-60.07090009999996,-0.659279399999889],[-60.0580455999999,-0.683006299999988],[-60.097598599999856,-0.6994924],[-60.074869,-0.7225621],[-60.113195199999893,-0.74045579999995],[-60.0881842,-0.76042080000002],[-60.1028991,-0.779769099999896],[-60.081268499999965,-0.828433699999948],[-60.0975274,-0.839310199999886],[-60.121302,-0.825145899999882],[-60.127515799999969,-0.855015400000013],[-60.144483199999968,-0.855592100000024],[-60.1501374,-0.836050199999988],[-60.177649200000019,-0.832365799999934],[-60.202540499999941,-0.7994246],[-60.221975399999963,-0.811441800000011],[-60.299707599999977,-0.786379099999976],[-60.326164,-0.811218099999962],[-60.352714399999968,-0.803764799999954],[-60.357017,-0.818298399999946],[-60.345178499999918,-0.8236915],[-60.364805799999942,-0.861134100000015],[-60.383670100000018,-0.853206899999975],[-60.4011719,-0.867116300000021],[-60.429086699999914,-0.846548399999961],[-60.440401099999917,-0.866059099999916],[-60.434976399999982,-0.906989399999986],[-60.464046,-0.9254017],[-60.481403899999918,-0.915140099999974],[-60.497346,-0.923624399999881],[-60.543476699999985,-0.987928199999942],[-60.5783194,-0.9834505],[-60.5768433,-1.022245100000021],[-60.627154599999983,-1.099941699999931],[-60.624220499999979,-1.121205099999941],[-60.701546499999949,-1.1024299],[-60.711060799999984,-1.079556099999934],[-60.724124299999914,-1.086207800000011],[-60.741391199999953,-1.064581],[-60.757962500000019,-1.065777299999979],[-60.772388299999989,-1.088131299999986],[-60.827579300000025,-1.091083700000013],[-60.821862599999974,-1.122651899999937],[-60.8350481,-1.145090699999969],[-60.8662296,-1.140197899999976],[-60.839408600000013,-1.205475200000024],[-60.85514239999992,-1.219341099999951],[-60.8508946,-1.238137399999971],[-60.888813599999935,-1.265071699999908],[-60.909343499999977,-1.255256200000019],[-60.9295808,-1.2638265],[-60.930779799999925,-1.2787161],[-60.947073299999886,-1.2740503],[-60.965187799999967,-1.30539239999996],[-60.92625629999992,-1.319105400000012],[-60.902118799999926,-1.303642500000024],[-60.881509799999947,-1.320216500000015],[-60.885694299999955,-1.332083399999931],[-60.860667,-1.334079],[-60.84557639999997,-1.373076500000025],[-60.784894,-1.364477599999987],[-60.761665100000016,-1.39844329999994],[-60.695217699999944,-1.360526900000025],[-60.659336599999961,-1.385126199999945],[-60.63935319999996,-1.365865900000017],[-60.597923799999933,-1.3959709],[-60.5759481,-1.369467799999882],[-60.529499399999963,-1.372784699999954],[-60.511949499999957,-1.3468057],[-60.466431199999988,-1.348336],[-60.465695499999981,-1.364058199999931],[-60.439344800000015,-1.38314209999993],[-60.418897500000014,-1.375170899999944],[-60.348097,-1.414766],[-60.326564099999985,-1.467368],[-60.343075699999929,-1.492263799999989],[-60.332660499999974,-1.53197229999995],[-60.36054159999992,-1.547612399999934],[-60.324818799999889,-1.5663232],[-60.297471099999939,-1.60685],[-60.273011599999961,-1.609549799999968],[-60.267327500000022,-1.630977],[-60.2823553,-1.639305],[-60.289466899999979,-1.671645699999942],[-60.309052999999892,-1.678796],[-60.300715499999967,-1.689882399999931],[-60.2483123,-1.713452099999927],[-60.202916499999958,-1.7054167],[-60.171827699999938,-1.751193300000011],[-60.173936499999968,-1.784613499999864],[-60.141040399999952,-1.813141299999927],[-60.106562,-1.760439099999928],[-60.095618,-1.79040950000001],[-60.078812,-1.783651500000019],[-60.066005899999936,-1.796379600000023],[-60.042420600000014,-1.773589199999947],[-60.00985229999992,-1.807591600000023],[-60.041705699999909,-1.847035800000015],[-60.06845,-1.847025099999939],[-60.072441099999935,-1.88036870000002],[-60.109044099999949,-1.8656393],[-60.123418,-1.873643399999935],[-60.118313199999875,-1.904208499999982],[-60.190415299999984,-1.873756],[-60.210651299999938,-1.896757399999956],[-60.2047427,-1.9220075],[-60.229484099999866,-1.939550599999961],[-60.257883399999969,-1.909912499999962],[-60.297999499999946,-1.9431341],[-60.322628999999893,-1.946670499999868],[-60.308964399999923,-1.982123800000011],[-60.280239,-1.9970437],[-60.287849399999914,-2.04293969999992],[-60.268678899999941,-2.107725],[-60.2426777,-2.117262499999981],[-60.232563299999981,-2.095005300000025],[-60.206921299999976,-2.113695099999916],[-60.219717899999978,-2.1527082],[-60.189569,-2.226354],[-60.161236799999983,-2.200425099999961],[-60.155173199999922,-2.220738700000027],[-60.126321599999983,-2.223709299999939],[-60.124208499999952,-2.268936600000018],[-60.082692599999916,-2.2620053],[-60.064359599999989,-2.279491199999939],[-60.056754500000011,-2.318681799999865],[-60.07109289999994,-2.333180700000014],[-60.026759,-2.353420500000027],[-59.996312299999886,-2.386668099999952],[-60.021496599999978,-2.438130899999919],[-59.99716159999997,-2.473054799999943],[-59.986119299999928,-2.553853],[-59.9385352,-2.570685],[-59.949140599999964,-2.610388100000023],[-59.9414549,-2.619504600000027],[-59.916060799999968,-2.6106527],[-59.9064778,-2.655384700000013],[-59.872090299999968,-2.686406199999965],[-59.878263899999979,-2.719515699999988],[-59.831389399999978,-2.736203699999976],[-59.834230299999945,-2.765102300000024],[-59.813978299999917,-2.787376699999925],[-59.813004199999966,-2.817737799999975],[-59.75206270000001,-2.825545599999941],[-59.7348359,-2.8472966],[-59.738927499999988,-2.863365400000021],[-59.708010699999932,-2.883044199999972],[-59.698839,-2.922080600000015],[-59.671996299999932,-2.930885499999931],[-59.6576243,-2.979894100000024],[-59.641249799999969,-2.980416699999921],[-59.625855099999967,-3.008805100000018],[-59.56030329999993,-3.058917799999904],[-59.5573609,-3.0826389],[-59.536841399999958,-3.069459699999868],[-59.526591699999926,-3.103714299999922],[-59.423307399999942,-3.127852],[-59.4131691,-3.115610099999913],[-59.392107799999962,-3.12656549999997],[-59.388006799999914,-3.153562399999942],[-59.3526276,-3.1552213],[-59.369486699999925,-3.1742092],[-59.449259900000015,-3.191084199999977],[-59.48816,-3.1832796],[-59.490551499999924,-3.162913],[-59.506906,-3.15459],[-59.5760216,-3.170893],[-59.5677478,-3.145457199999953],[-59.62546969999994,-3.1863366],[-59.624006899999983,-3.20672849999994],[-59.679098599999975,-3.225896700000021],[-59.701555699999915,-3.178783499999952],[-59.719037499999956,-3.181280800000025],[-59.740046300000017,-3.223445200000015],[-59.7529586,-3.207650899999976],[-59.778568099999973,-3.213624299999935],[-59.8677841,-3.179037],[-59.858830899999987,-3.150631499999974],[-59.871083599999906,-3.145297],[-59.9037073,-3.163555299999928],[-59.911175299999854,-3.194073799999956],[-59.9200932,-3.17227429999997],[-59.939510900000016,-3.207565799999941],[-59.944231699999989,-3.196178599999939],[-60.005574299999978,-3.233659199999863],[-60.075772799999982,-3.232989799999984],[-60.09543989999986,-3.254987899999946],[-60.131221200000027,-3.257286500000021],[-60.134885299999951,-3.236942399999975],[-60.161161699999923,-3.252836899999977],[-60.183332199999938,-3.246923700000025],[-60.16847660000002,-3.229312600000014],[-60.206323899999916,-3.1951467],[-60.239376099999959,-3.199668499999973],[-60.246241399999917,-3.2151354],[-60.267855099999963,-3.209311],[-60.271400299999868,-3.221801500000026],[-60.389356799999973,-3.177255999999886],[-60.41471839999997,-3.186818599999981],[-60.4130432,-3.208123600000022],[-60.420410499999946,-3.197169],[-60.432846599999948,-3.2082158],[-60.43923569999987,-3.176255399999945],[-60.4537343,-3.225871299999937],[-60.51491649999997,-3.225256299999955],[-60.532265,-3.242722099999924],[-60.560766300000012,-3.2445189],[-60.567688799999985,-3.224339499999928],[-60.591471799999965,-3.234043199999917],[-60.6191455,-3.192023899999981],[-60.609604,-3.155671199999972],[-60.679860899999881,-3.171527799999865],[-60.689399,-3.131683799999962],[-60.735219499999914,-3.1125075],[-60.74367,-3.092182799999989],[-60.776407,-3.107233199999939],[-60.8157926,-3.103645500000027],[-60.8513216,-3.070771299999933],[-60.848236699999916,-3.054169300000012],[-60.906851899999936,-3.049326399999984],[-60.94941510000001,-3.00360059999997],[-60.989743,-3.005773499999918],[-60.961267499999963,-2.918513099999984],[-60.9821799,-2.886446],[-61.020112899999958,-2.882410499999935],[-61.021325600000011,-2.845969499999967],[-61.039932299999975,-2.815827899999988],[-61.073448599999949,-2.817302199999915],[-61.115513899999939,-2.794713600000023],[-61.144202099999973,-2.815289300000018],[-61.154390799999931,-2.786619],[-61.167697699999962,-2.782618499999955],[-61.1727136,-2.801911099999927],[-61.199912400000017,-2.761874499999919],[-61.249142799999959,-2.769492],[-61.251012199999934,-2.740593599999954],[-61.3243718,-2.736389799999927],[-61.391579799999931,-2.754566800000021],[-61.408897599999989,-2.745142900000019],[-61.413512899999944,-2.765334499999938],[-61.4496251999999,-2.7464852],[-61.471552299999985,-2.780113500000027],[-61.491805199999988,-2.7827641],[-61.506616599999973,-2.751398199999983],[-61.497918200000015,-2.7827767],[-61.511583299999927,-2.78248480000002],[-61.520790200000022,-2.761643099999958],[-61.547684799999956,-2.77614],[-61.546965199999931,-2.793602299999975],[-61.572710099999938,-2.791268],[-61.605939199999966,-2.829887699999972],[-61.644099099999949,-2.8203583],[-61.639356699999894,-2.840842499999951],[-61.656611,-2.841717],[-61.681453499999918,-2.870153800000026],[-61.711679599999968,-2.833469799999932],[-61.707481099999882,-2.7988431],[-61.726480700000025,-2.774531500000023],[-61.6861682,-2.761429599999985],[-61.714535599999863,-2.712845],[-61.687962499999969,-2.714172599999927],[-61.682433099999969,-2.6850763],[-61.709250099999963,-2.685461099999941],[-61.693706499999962,-2.661500199999921],[-61.7136066,-2.686746],[-61.73796619999996,-2.689883099999975],[-61.738773,-2.65698],[-61.768311900000015,-2.6305461],[-61.758384999999862,-2.620470800000021],[-61.8295491,-2.612243299999989],[-61.8635453,-2.630151499999954],[-61.8706085,-2.599468800000011],[-61.910647,-2.6131064],[-61.938047799999936,-2.590472799999986],[-61.975567399999989,-2.636502299999961],[-61.963373799999943,-2.648604799999987],[-62.0531987,-2.64520779999998],[-62.057751699999983,-2.678936],[-62.04345,-2.688835499999982],[-62.064021799999978,-2.719553099999985],[-62.093979899999965,-2.722367799999972],[-62.111498200000028,-2.7510767],[-62.107969700000012,-2.771892900000012],[-62.121197699999925,-2.757904599999904],[-62.178748900000016,-2.755976699999906],[-62.1816278,-2.7398],[-62.20445,-2.740237499999978],[-62.2349643,-2.769701699999985],[-62.237292,-2.8159981],[-62.2699278,-2.780353199999865],[-62.289944,-2.8150273],[-62.296132699999987,-2.780898],[-62.330512100000021,-2.761441],[-62.3484745,-2.785794799999962],[-62.329958799999872,-2.807240099999945],[-62.347081499999945,-2.8072515],[-62.347755499999948,-2.82230629999998],[-62.3685013,-2.817539300000021],[-62.381602899999962,-2.837297799999874],[-62.398132299999929,-2.818069900000012],[-62.440887,-2.8456026],[-62.416251100000011,-2.880342699999915],[-62.393316299999981,-2.874693899999954],[-62.400427700000023,-2.903862600000025],[-62.385215599999924,-2.910017799999878],[-62.3877465,-2.9312359],[-62.436871499999882,-2.924146099999916],[-62.41140269999994,-2.957394599999873],[-62.439753499999938,-2.980302900000027],[-62.45854879999996,-2.960910500000011],[-62.48450129999992,-2.962259399999937],[-62.486558599999967,-2.973312799999974],[-62.5340385,-2.958495700000014],[-62.528427599999986,-2.972367599999984],[-62.558908199999962,-2.980346199999985],[-62.569186599999966,-2.997551199999862],[-62.560427800000014,-3.02750629999997],[-62.573470599999894,-3.045011899999963],[-62.584498,-3.04982229999996],[-62.592674599999953,-3.028356199999962],[-62.611886700000014,-3.034720100000015],[-62.592223399999966,-3.051348599999983],[-62.609416599999918,-3.063514199999986],[-62.596376599999928,-3.10267349999998],[-62.6399002,-3.083946499999911],[-62.642083199999945,-3.09819449999992],[-62.6754588,-3.0998864],[-62.682949099999917,-3.122469],[-62.703151600000012,-3.130809099999908],[-62.733087799999907,-3.096044600000027],[-62.719101,-3.073565200000019],[-62.74583819999998,-3.075840699999901],[-62.7704056,-3.0491912],[-62.764557699999955,-3.030441699999926],[-62.796755,-3.037046299999986],[-62.760037,-3.010361499999988],[-62.7699116,-2.980820499999936],[-62.79429829999998,-2.99882539999993],[-62.797997800000019,-3.0302256],[-62.811373800000013,-3.0097836999999],[-62.855851599999937,-3.010026],[-62.841563299999905,-2.995860100000016],[-62.851692199999889,-2.981370799999922],[-62.869242900000017,-2.982295699999895],[-62.873629299999891,-3.003053799999975],[-62.893918199999916,-3.014524099999903],[-62.92170729999998,-3.023106499999983],[-62.93752429999995,-3.013747200000012],[-62.93306739999997,-3.0005643],[-62.951318599999979,-2.9861732],[-62.937250799999902,-2.968144600000016],[-62.942728100000011,-2.950851199999988],[-62.91708159999996,-2.946450299999924],[-62.908865699999978,-2.923237099999938],[-62.9399957,-2.919888099999866],[-62.949185399999976,-2.885881699999914],[-62.981032,-2.871279299999969],[-63.022476099999949,-2.895889099999977],[-63.041625099999919,-2.861888499999964],[-63.0202827,-2.7953594],[-63.06473010000002,-2.768614099999979],[-63.079529999999863,-2.735658699999931],[-63.090691,-2.76188309999992],[-63.081381599999929,-2.8044681],[-63.129467700000021,-2.837027099999943],[-63.1544136,-2.832447600000023],[-63.165151199999968,-2.843830700000012],[-63.178181100000018,-2.826511799999878],[-63.187264,-2.8415235],[-63.233953699999972,-2.829574099999945],[-63.2780419,-2.797334099999944],[-63.277471,-2.778104399999961],[-63.294953699999951,-2.771572699999979],[-63.275474899999949,-2.762161100000014],[-63.293201599999918,-2.742361799999969],[-63.279503,-2.702901],[-63.28866690000001,-2.694848200000024],[-63.319627799999921,-2.727230299999974],[-63.35875249999998,-2.683041600000024],[-63.399305099999935,-2.736135400000023],[-63.4236419,-2.7283344],[-63.431238800000017,-2.7386333],[-63.4626424,-2.7216507],[-63.464157499999942,-2.697229899999911],[-63.478541800000016,-2.724360499999989],[-63.506899699999963,-2.713764500000025],[-63.518302899999981,-2.746941699999923],[-63.544520899999952,-2.755347799999981],[-63.585868600000026,-2.6922644],[-63.601017399999932,-2.73708119999992]]]]}},
{"type":"Feature","properties":{"nome_bacia":"Bacia do Rio Madeira"},"geometry":{"type":"MultiPolygon","coordinates":[[[[-63.649697799999956,-20.463617499999941],[-63.74948459999996,-20.447167700000023],[-63.76683509999998,-20.498234799999921],[-63.788034599999889,-20.455779399999983],[-63.8035949,-20.4527013],[-63.808251199999972,-20.423451399999976],[-63.82400269999988,-20.410468799999876],[-63.835631299999875,-20.419279099999983],[-63.85541829999994,-20.37877629999997],[-63.879254199999934,-20.385753299999919],[-63.888576299999954,-20.3738957],[-63.91058419999996,-20.3882992],[-63.930812,-20.490706399999965],[-63.979520499999978,-20.465657499999907],[-64.070650600000022,-20.4779317],[-64.077217899999937,-20.449915799999928],[-64.098026600000026,-20.4354358],[-64.106894,-20.3805104],[-64.136662799999954,-20.383193300000016],[-64.1415571,-20.396961799999985],[-64.163389799999891,-20.3828206],[-64.1908684,-20.402656700000023],[-64.193923700000028,-20.3854672],[-64.222261,-20.399432899999965],[-64.21716749999996,-20.373142799999982],[-64.2336027,-20.350257699999929],[-64.273859799999968,-20.3456263],[-64.271315499999957,-20.316236099999969],[-64.369090599999936,-20.308488],[-64.380473799999947,-20.2189333],[-64.422173699999917,-20.221239799999978],[-64.4346193,-20.238304799999923],[-64.452050399999962,-20.209375],[-64.459581699999944,-20.1005227],[-64.474603799999954,-20.095956099999967],[-64.470839599999977,-20.022208699999965],[-64.498659799999871,-20.010881899999902],[-64.504028299999959,-19.974418599999979],[-64.5426218,-19.971095399999967],[-64.5579429,-19.884206300000017],[-64.580967899999962,-19.875259799999981],[-64.569031699999925,-19.7927492],[-64.590636300000028,-19.763977],[-64.573951899999884,-19.716862999999876],[-64.5855669,-19.706683399999974],[-64.580297099999882,-19.651130599999988],[-64.619687099999965,-19.603307],[-64.6314827,-19.557713799999931],[-64.6594389,-19.541710500000022],[-64.647355799999957,-19.537961100000018],[-64.656424500000014,-19.4835369],[-64.646398499999975,-19.457694299999901],[-64.6600934,-19.447412299999939],[-64.663078599999892,-19.3954577],[-64.680832799999905,-19.386665],[-64.691471200000024,-19.355447599999934],[-64.689476699999943,-19.313505299999917],[-64.720714,-19.26966],[-64.807356899999945,-19.247912900000017],[-64.836210600000015,-19.184933399999977],[-64.8515299,-19.180728299999942],[-64.839722199999926,-19.161664500000029],[-64.863054700000021,-19.145155399999965],[-64.894707799999935,-19.148215100000016],[-64.923847099999989,-19.171784899999921],[-64.942124199999853,-19.148371900000029],[-64.959680799999944,-19.157173399999863],[-64.9700927,-19.143829900000014],[-64.982477399999937,-19.176131399999917],[-65.007373299999983,-19.167094599999984],[-65.057469899999944,-19.1858062],[-65.066449799999987,-19.171083800000019],[-65.11481189999995,-19.181252700000016],[-65.1375792,-19.171645099999978],[-65.1498843,-19.198442499999885],[-65.167850399999907,-19.203971200000012],[-65.180286499999909,-19.1615332],[-65.207697499999938,-19.130328599999871],[-65.213743199999954,-19.0895883],[-65.239985499999989,-19.079085499999962],[-65.251641399999926,-19.016032199999984],[-65.273564099999987,-18.99127429999993],[-65.3432378,-18.981641200000013],[-65.369123699999989,-18.952971100000013],[-65.383816200000012,-18.984638799999971],[-65.405139800000029,-18.989861799999858],[-65.440299799999877,-18.925302299999942],[-65.4329394,-18.906494099999918],[-65.450586599999951,-18.866565],[-65.53777,-18.7284532],[-65.569976900000029,-18.702144699999963],[-65.585701799999924,-18.714027199999919],[-65.593819699999983,-18.774779099999989],[-65.61451459999995,-18.784067199999868],[-65.702630199999987,-18.7414043],[-65.735382299999969,-18.750025],[-65.7434538,-18.770522200000016],[-65.800887100000011,-18.7752094],[-65.809135,-18.79005189999998],[-65.749786299999926,-18.862605799999983],[-65.7856544,-18.869924799999922],[-65.832690499999956,-18.920517],[-65.8598366,-18.907270199999914],[-65.85796160000001,-18.9823343],[-65.946721199999956,-18.9181097],[-66.021162299999901,-18.963433699999882],[-66.0343952,-18.949425199999951],[-66.078790799999922,-18.946437100000026],[-66.033209299999953,-19.017263800000023],[-66.061440800000014,-19.017854599999964],[-66.085591399999942,-19.036621399999945],[-66.082258299999921,-19.0724553],[-66.1141447,-19.093666900000017],[-66.151610299999959,-19.096049699999924],[-66.236990399999968,-19.061797099999922],[-66.268944799999872,-19.073859599999935],[-66.284740799999952,-19.061545],[-66.322035599999936,-19.0643996],[-66.3407027,-19.0174773],[-66.376507599999911,-19.001949599999989],[-66.366454799999929,-18.9742321],[-66.4030388,-18.946149999999875],[-66.432520899999986,-18.962959099999978],[-66.438168,-18.935390199999915],[-66.52048,-18.823257800000022],[-66.538162299999954,-18.709579499999961],[-66.574322799999948,-18.6990022],[-66.583750999999893,-18.649029],[-66.603446499999961,-18.645103799999902],[-66.597177499999873,-18.597740499999929],[-66.651322199999925,-18.463817799999958],[-66.725,-18.3375],[-66.752529599999946,-18.3293306],[-66.758950799999923,-18.297839899999985],[-66.792479099999923,-18.254834699999947],[-66.808333299999958,-18.254166699999985],[-66.8038133,-18.23162039999994],[-66.828812,-18.206618799999887],[-66.780173399999967,-18.186689099999967],[-66.786505399999953,-18.169428700000026],[-66.775,-18.158333299999924],[-66.8375,-18.054166699999939],[-66.796367699999905,-18.012103799999977],[-66.733865199999912,-17.9770729],[-66.716666699999962,-17.9],[-66.804153399999961,-17.819337599999983],[-66.791797299999928,-17.781603300000029],[-66.891313299999979,-17.66492449999987],[-66.872693499999912,-17.622864400000026],[-66.92146479999991,-17.543135899999868],[-67.010043,-17.467024700000024],[-67.033333299999981,-17.504166699999985],[-67.0425995,-17.500241800000026],[-67.1374596,-17.419303],[-67.139319399999977,-17.355509],[-67.2125,-17.241666699999882],[-67.222492,-17.253516],[-67.2352239,-17.246609199999909],[-67.328910499999893,-17.135293199999978],[-67.3463628,-17.1551073],[-67.329166699999973,-17.279166699999962],[-67.443622799999957,-17.2505673],[-67.5267129,-17.262853299999961],[-67.561731899999984,-17.239801199999988],[-67.583333299999936,-17.195833299999947],[-67.627180299999907,-17.21464],[-67.6454976,-17.25411779999996],[-67.685757799999919,-17.25798],[-67.775355,-17.177783099999942],[-67.825,-17.175],[-67.909184299999879,-17.013350799999955],[-67.946793099999979,-16.97565579999997],[-67.972609700000021,-16.9710829],[-67.98522209999993,-16.938381999999876],[-68.024658,-16.919655],[-68.091099399999905,-16.818877199999918],[-68.091666700000019,-16.775],[-68.065079,-16.742074100000025],[-68.111705899999947,-16.715872499999875],[-68.111643,-16.6805079],[-68.140613199999962,-16.652952],[-68.129421499999978,-16.622026699999935],[-68.185826599999928,-16.573921299999938],[-68.158333299999924,-16.5208333],[-68.175,-16.495833299999902],[-68.157739799999945,-16.400735099999963],[-68.141313299999979,-16.355908899999974],[-68.108687699999962,-16.331617399999971],[-68.10417259999997,-16.3001784],[-68.154166699999962,-16.275],[-68.151268899999934,-16.263204],[-68.174262799999894,-16.261762699999963],[-68.183429600000011,-16.221879399999978],[-68.211453899999981,-16.22073690000002],[-68.220731,-16.171814899999958],[-68.24548,-16.1524245],[-68.2413133,-16.1316177],[-68.25,-16.120833299999958],[-68.2821184,-16.1255673],[-68.298025399999972,-16.095120799999961],[-68.29583329999997,-16.0541667],[-68.3391431,-16.04275679999995],[-68.362853299999983,-15.997575499999982],[-68.407727399999942,-15.964861499999927],[-68.4145681,-15.932484],[-68.457574799999975,-15.924053800000024],[-68.478536,-15.895865399999934],[-68.470833299999924,-15.870833300000015],[-68.48112279999998,-15.863067299999955],[-68.545833300000027,-15.858333300000027],[-68.557736799999986,-15.882030799999939],[-68.550756,-15.918135199999938],[-68.60216029999998,-15.928549199999964],[-68.675635199999931,-15.872380599999985],[-68.781591100000014,-15.866313299999945],[-68.799646699999983,-15.844091100000014],[-68.8,-15.816666699999985],[-68.882645599999989,-15.7610135],[-68.903315899999939,-15.7783157],[-68.951605499999971,-15.737964199999965],[-68.9757467,-15.750567299999943],[-69.016666699999917,-15.725],[-69.024432699999977,-15.6325867],[-69.049382899999955,-15.5574226],[-69.041554299999973,-15.523164699999938],[-69.0920446,-15.485410199999933],[-69.079734,-15.420086699999956],[-69.058900600000015,-15.39387720000002],[-69.0630673,-15.372048300000017],[-69.008900599999947,-15.3019562],[-69.041073900000015,-15.274082799999917],[-69.0575533,-15.227382200000022],[-69.095352199999979,-15.212803099999974],[-69.121400599999959,-15.151956199999915],[-69.14107260000003,-15.140793899999949],[-69.137141899999961,-15.101709699999901],[-69.09988420000002,-15.081173499999977],[-69.095475299999919,-15.043376299999977],[-69.054434199999946,-15.005209200000024],[-69.082287800000017,-14.968024899999989],[-69.10641279999993,-14.978705],[-69.124646699999971,-14.956591100000026],[-69.12414919999992,-14.925850799999921],[-69.097687899999926,-14.890606199999922],[-69.154166699999962,-14.85],[-69.178461,-14.811693],[-69.188117599999941,-14.778697500000021],[-69.1628533,-14.7559089],[-69.208644899999911,-14.67253740000001],[-69.229299899999887,-14.6583675],[-69.252424500000018,-14.674646699999926],[-69.291811199999984,-14.6414158],[-69.303291,-14.65361669999993],[-69.345833299999924,-14.654166699999962],[-69.350609399999939,-14.62158009999996],[-69.4450587,-14.611760800000013],[-69.460075500000016,-14.58368669999993],[-69.515864099999931,-14.599264899999866],[-69.562801400000012,-14.548975899999959],[-69.5875,-14.55],[-69.586911,-14.521751399999971],[-69.566698699999961,-14.513201400000014],[-69.580017600000019,-14.492517599999871],[-69.5968911,-14.481013299999859],[-69.6301039,-14.496400599999959],[-69.641666699999973,-14.4875],[-69.634918899999889,-14.470674],[-69.6791667,-14.441666699999928],[-69.687286899999947,-14.421663700000011],[-69.7160988,-14.423046199999987],[-69.72908769999998,-14.347343099999989],[-69.778559200000018,-14.311586700000021],[-69.783729199999868,-14.275967700000024],[-69.8506241,-14.262660200000028],[-69.872575499999925,-14.287146699999937],[-69.930879599999969,-14.27952],[-70.046859199999972,-14.184092499999963],[-70.070288099999914,-14.192530499999862],[-70.10343,-14.1741075],[-70.113067300000012,-14.1352895],[-70.157663099999866,-14.10836919999997],[-70.184232899999927,-14.063161200000025],[-70.213379199999906,-14.057729600000016],[-70.232355399999904,-14.096117],[-70.2583333,-14.0875],[-70.30337320000001,-14.1257195],[-70.300604899999939,-14.148006],[-70.3300041,-14.174955099999977],[-70.356138,-14.17022129999998],[-70.36380209999993,-14.186888899999985],[-70.392855599999962,-14.1946714],[-70.425335599999926,-14.1768232],[-70.482155,-14.222846899999922],[-70.540815899999984,-14.186649099999954],[-70.555908899999963,-14.1503533],[-70.620026699999926,-14.159445399999925],[-70.640443,-14.125436899999954],[-70.6917092,-14.1242069],[-70.7,-14.0875],[-70.7185417,-14.0760302],[-70.830669300000011,-14.076242],[-70.861461499999962,-14.023455300000023],[-70.835390299999858,-14.008790899999951],[-70.852089199999966,-14.000696100000027],[-70.846801399999947,-13.967907200000013],[-70.808757899999932,-13.91545659999997],[-70.83098769999998,-13.892666799999915],[-70.83294920000003,-13.8549413],[-70.881432500000017,-13.832525700000019],[-70.863276499999927,-13.792750800000022],[-70.887919600000032,-13.777661500000022],[-70.913873299999921,-13.814290299999982],[-70.934215799999947,-13.800167899999963],[-70.9573931,-13.80462],[-70.988633,-13.762747499999989],[-71.081516599999929,-13.726311399999986],[-71.066143099999977,-13.675653300000022],[-71.118797500000028,-13.6006003],[-71.1415065,-13.593174099999885],[-71.16844489999994,-13.521894499999974],[-71.218430799999965,-13.518421600000011],[-71.248425099999963,-13.483075399999962],[-71.265750299999866,-13.481470499999944],[-71.266183099999978,-13.466464899999892],[-71.296721699999978,-13.45448319999997],[-71.332602099999974,-13.459021099999916],[-71.3427433,-13.391355799999985],[-71.360600899999895,-13.379763899999944],[-71.363897899999927,-13.356698699999924],[-71.419194599999912,-13.370665799999983],[-71.492866600000013,-13.351525400000014],[-71.500725699999919,-13.324255],[-71.517112099999963,-13.3297086],[-71.5142146,-13.300703599999963],[-71.531282199999907,-13.2730666],[-71.555129599999987,-13.266100499999936],[-71.549512,-13.245584699999938],[-71.618827399999986,-13.214401],[-71.636301999999887,-13.151717800000029],[-71.7137444,-13.087492600000019],[-71.707452599999954,-13.078382599999941],[-71.736689,-13.039761099999964],[-71.7764489,-13.0065705],[-71.766433599999971,-12.979322399999944],[-71.865948499999945,-12.888027299999862],[-71.876696099999947,-12.8414682],[-71.896228,-12.8198764],[-71.8787643,-12.795697399999938],[-71.920747899999981,-12.754191599999956],[-71.900470400000017,-12.736187699999959],[-71.918404599999917,-12.722976099999983],[-71.918030699999974,-12.699307899999951],[-71.968222,-12.696784699999967],[-71.978610399999923,-12.6838831],[-71.9569229,-12.655236100000025],[-71.965972800000031,-12.615648599999986],[-71.984495399999957,-12.604350499999953],[-71.979999599999928,-12.580798699999946],[-72.028285699999969,-12.527050799999927],[-72.0795759,-12.49902830000002],[-72.048856399999977,-12.4216634],[-71.975164,-12.398922899999945],[-71.968018499999914,-12.348346099999958],[-71.945894599999917,-12.330251799999928],[-72.031489299999976,-12.286596599999939],[-72.042835299999865,-12.255040899999983],[-72.105003,-12.236465799999962],[-72.0875,-12.143035199999929],[-72.091561299999853,-12.086077199999977],[-72.174079800000015,-12.059795399999928],[-72.269522799999947,-12.054737899999907],[-72.263067199999966,-12.0058636],[-72.282316099999946,-11.997730199999978],[-72.283095199999934,-11.977212300000019],[-72.339507399999945,-11.963798899999972],[-72.34792920000001,-11.89230149999986],[-72.332613,-11.854642799999965],[-72.39132949999987,-11.828154199999972],[-72.391510899999957,-11.8048877],[-72.362434899999982,-11.775521500000025],[-72.417773099999977,-11.74306660000002],[-72.400897499999985,-11.724364],[-72.408581899999945,-11.67408660000001],[-72.3869277,-11.670054900000025],[-72.37224029999993,-11.65525539999993],[-72.374235900000031,-11.62987320000002],[-72.349999299999922,-11.631313299999988],[-72.308750700000019,-11.587099699999953],[-72.319821899999965,-11.55551939999998],[-72.292073599999924,-11.481676399999969],[-72.2900196,-11.424220899999966],[-72.274339199999929,-11.3939853],[-72.2479545,-11.383841500000017],[-72.236246199999982,-11.338302399999861],[-72.204262799999981,-11.344093199999975],[-72.218414499999938,-11.318865699999947],[-72.216794199999981,-11.2619444],[-72.20006369999993,-11.211729799999887],[-72.1763133,-11.196534499999927],[-72.176314699999921,-11.147261199999946],[-72.145966199999975,-11.141275300000018],[-72.11780349999998,-11.115978499999926],[-72.120586899999978,-11.101288699999884],[-72.131234899999924,-11.105567199999939],[-72.194192699999917,-11.0490873],[-72.1752396,-11.022374699999943],[-72.180980299999987,-11.0033302],[-72.155352100000016,-11.0116921],[-72.138686800000016,-10.976800499999968],[-72.1191574,-10.996903799999927],[-72.102476699999897,-10.989580600000011],[-72.074201099999982,-11.0049917],[-72.01100189999994,-10.981826199999944],[-72.005554399999937,-10.994012099999964],[-71.965133599999945,-10.986275899999953],[-71.943454499999973,-11.008246499999984],[-71.904389700000024,-10.990590600000019],[-71.866034799999966,-11.004248399999938],[-71.847663499999953,-10.993284800000026],[-71.829300799999942,-11.014239799999928],[-71.797096899999985,-10.986175899999978],[-71.751657599999987,-10.993461499999967],[-71.682246799999973,-10.970712600000013],[-71.665941799999928,-10.98347339999998],[-71.567376599999875,-10.9543777],[-71.5549269,-10.96404119999994],[-71.538126199999965,-10.9444181],[-71.515111199999978,-10.9712586],[-71.473231699999985,-10.953469099999893],[-71.357477500000016,-10.95204659999996],[-71.343472799999972,-10.921286999999893],[-71.31569919999987,-10.907809899999904],[-71.308072900000013,-10.879324499999882],[-71.27870809999996,-10.862660099999971],[-71.2761496,-10.79746560000001],[-71.245573499999921,-10.776819399999965],[-71.104959199999882,-10.7867043],[-71.051377499999944,-10.848464400000012],[-71.024278699999968,-10.834464700000012],[-71.011399499999982,-10.849580100000026],[-70.939416,-10.869293899999946],[-70.930456400000025,-10.9095299],[-70.898736399999905,-10.887164099999893],[-70.849015899999984,-10.91791539999997],[-70.836809599999981,-10.8959701],[-70.798880399999973,-10.883731399999988],[-70.802354499999922,-10.851964499999895],[-70.758023,-10.853300400000023],[-70.720136199999956,-10.8747186],[-70.6963917,-10.928331500000013],[-70.705371300000024,-10.969122299999981],[-70.682441400000016,-10.981203499999936],[-70.666978799999981,-10.962452299999939],[-70.6396618,-10.9649748],[-70.574723399999982,-11.01127189999994],[-70.522892,-11.084054499999979],[-70.455989499999873,-11.105263200000024],[-70.445915,-11.139605499999959],[-70.352123099999915,-11.15984119999996],[-70.3434052,-11.175843699999916],[-70.315173099999981,-11.166318499999988],[-70.254212699999982,-11.202288499999952],[-70.0950363,-11.169993899999952],[-70.004326799999944,-11.099042999999881],[-69.9775598,-11.192549399999962],[-69.9150214,-11.1998633],[-69.895899,-11.188381399999969],[-69.86180760000002,-11.204283099999941],[-69.822740099999976,-11.168842799999936],[-69.761798399999918,-11.180266099999983],[-69.745203100000026,-11.201042399999949],[-69.6879328,-11.2108756],[-69.669903,-11.234214099999974],[-69.646357,-11.229614399999946],[-69.634606,-11.241790499999865],[-69.625214299999925,-11.2239492],[-69.565209699999969,-11.209254199999975],[-69.5349529,-11.227507599999967],[-69.506235300000014,-11.2185551],[-69.493428,-11.197947],[-69.453173799999888,-11.2051371],[-69.427637599999969,-11.194317800000022],[-69.4153786,-11.162553499999945],[-69.3766852,-11.148214499999938],[-69.326312299999984,-11.156769600000018],[-69.266766299999858,-11.147069699999918],[-69.239463199999875,-11.1687586],[-69.22268889999998,-11.1658744],[-69.188413099999877,-11.205339900000013],[-69.1365657,-11.225168199999871],[-69.071496799999863,-11.2262902],[-69.042822999999885,-11.204760799999974],[-69.015323799999919,-11.221150499999965],[-68.968331400000011,-11.147282099999984],[-68.9200763,-11.167871],[-68.805009199999972,-11.171537300000011],[-68.776958700000023,-11.186547799999971],[-68.763839,-11.213142599999969],[-68.6892904,-11.147832199999925],[-68.656417699999963,-11.135738899999978],[-68.623659499999974,-11.14559579999991],[-68.628487300000018,-11.16827539999997],[-68.609812499999975,-11.177358799999979],[-68.5596109,-11.118284599999981],[-68.552930299999957,-11.068874199999925],[-68.537799899999925,-11.0555577],[-68.571511899999962,-10.999102400000027],[-68.547392599999966,-10.904931499999861],[-68.48933349999993,-10.864307099999962],[-68.453759199999922,-10.811803899999916],[-68.430966399999988,-10.726251900000022],[-68.4088511,-10.7048987],[-68.272792400000014,-10.665239699999972],[-68.2040106,-10.7107042],[-68.172896900000012,-10.715670099999954],[-68.08623,-10.653968499999905],[-68.0793165,-10.618470699999989],[-68.041089399999976,-10.623734300000024],[-68.019042499999955,-10.600501799999961],[-67.9720051,-10.587387499999977],[-67.9147087,-10.604789999999866],[-67.845335499999976,-10.582766900000024],[-67.819439599999896,-10.6006964],[-67.824775899999906,-10.61588],[-67.8124924,-10.626350199999933],[-67.788585399999988,-10.606812299999945],[-67.7714843,-10.619328099999962],[-67.750425399999983,-10.6045787],[-67.686987,-10.605511599999886],[-67.6798751,-10.545522399999925],[-67.662927,-10.539301899999941],[-67.659437299999979,-10.519923099999971],[-67.671898799999951,-10.514740099999926],[-67.675152,-10.484471699999915],[-67.690787299999954,-10.480061200000023],[-67.693079099999977,-10.4449502],[-67.659191599999986,-10.438339299999939],[-67.650772199999949,-10.455818599999986],[-67.6186545,-10.454728799999941],[-67.604888199999948,-10.421381099999962],[-67.613567199999977,-10.39465],[-67.581274899999983,-10.365327900000011],[-67.588060799999937,-10.34407490000001],[-67.49988419999994,-10.331685400000026],[-67.501001700000018,-10.305452199999934],[-67.5219745,-10.295044],[-67.53693149999998,-10.2535454],[-67.477729599999975,-10.224877600000013],[-67.4601404,-10.180218099999934],[-67.435139299999889,-10.1778847],[-67.435146,-10.156067399999927],[-67.3904657,-10.163979799999936],[-67.3531987,-10.087799],[-67.295863,-10.084162599999956],[-67.256921499999976,-10.058385899999962],[-67.255636,-10.020359400000018],[-67.269523799999888,-10.0038171],[-67.228368899999964,-10.00362610000002],[-67.196503599999915,-9.98398880000002],[-67.165069599999981,-10.015358699999979],[-67.123806699999932,-10.007825199999957],[-67.086043500000017,-10.07022],[-67.075057599999923,-10.062371699999971],[-67.047697,-10.074968499999954],[-67.031066899999871,-10.065891499999964],[-67.024214299999983,-10.038646],[-66.991099,-10.045692199999962],[-66.985238699999911,-10.030885099999978],[-66.93792830000001,-10.014726699999983],[-66.9219832,-9.9674228],[-66.8658699,-9.9281411],[-66.879291699999953,-9.908349299999941],[-66.838948099999982,-9.858205199999986],[-66.840114899999946,-9.834089800000015],[-66.81762029999993,-9.835728],[-66.782260399999984,-9.7958175],[-66.776416700000027,-9.757544],[-66.730771899999979,-9.76392489999995],[-66.691619099999969,-9.737672499999974],[-66.683399899999984,-9.711673399999938],[-66.608408,-9.662832299999934],[-66.5951311,-9.674197299999889],[-66.565615699999967,-9.663300100000015],[-66.548554399999944,-9.671903900000018],[-66.53819429999993,-9.638623099999961],[-66.493954299999871,-9.629291399999943],[-66.485291099999984,-9.615232],[-66.494838299999913,-9.593402599999933],[-66.461853799999972,-9.584042],[-66.458719299999871,-9.560025600000017],[-66.43427939999998,-9.559602499999926],[-66.426021999999875,-9.5192824],[-66.392092699999978,-9.499713199999974],[-66.390659299999982,-9.4475003],[-66.414694599999848,-9.425487499999917],[-66.4000752,-9.4011671],[-66.3674186,-9.423744699999986],[-66.334624199999894,-9.40599629999997],[-66.30406249999993,-9.4458085],[-66.268218,-9.400751499999956],[-66.235338599999977,-9.435901499999943],[-66.217865299999914,-9.421323899999948],[-66.172290699999905,-9.43506949999994],[-66.120427199999938,-9.410449500000027],[-66.060510799999975,-9.421694299999956],[-66.039787199999921,-9.399583499999949],[-65.970103199999983,-9.4108776],[-65.927436599999965,-9.448005],[-65.918653399999926,-9.481604],[-65.879500300000018,-9.488517899999977],[-65.847257899999988,-9.511846900000023],[-65.846187699999916,-9.533548699999926],[-65.822223199999939,-9.5326478],[-65.818254699999954,-9.561552],[-65.792292499999974,-9.58472],[-65.7459869,-9.551058099999977],[-65.71880550000003,-9.558978299999978],[-65.703573899999981,-9.519344499999988],[-65.6846928,-9.51992109999992],[-65.687925899999982,-9.501961199999982],[-65.666945199999873,-9.481230399999959],[-65.6795085,-9.47108929999996],[-65.671981800000026,-9.452853800000014],[-65.639606,-9.447056299999986],[-65.6289013,-9.422090099999934],[-65.5407773,-9.424344799999972],[-65.504026599999975,-9.449797399999966],[-65.497586599999977,-9.474258899999938],[-65.432071899999983,-9.46485610000002],[-65.453114,-9.397726700000021],[-65.44598029999986,-9.313950499999919],[-65.385715300000015,-9.339431399999967],[-65.376958499999944,-9.3229212],[-65.3459661,-9.321420400000022],[-65.282994899999949,-9.2669846],[-65.246310799999947,-9.255434899999955],[-65.218612499999949,-9.282199299999945],[-65.2131523,-9.312089399999934],[-65.188395899999875,-9.326145900000029],[-65.1964084,-9.376129100000014],[-65.17446439999992,-9.3932881],[-65.186353099999963,-9.427342099999976],[-65.134053199999926,-9.445265],[-65.093826799999931,-9.4330435],[-65.086250399999869,-9.404020099999968],[-65.0661268,-9.416188200000022],[-65.0392286,-9.40010929999994],[-65.039809599999955,-9.357573300000013],[-65.009757900000011,-9.3290035],[-64.995975899999905,-9.2884257],[-64.955877699999974,-9.2818153],[-64.920167699999922,-9.225483299999951],[-64.940786600000024,-9.126162599999986],[-64.9022996,-9.094444300000021],[-64.8887431,-9.031673500000011],[-64.865973899999972,-9.010862],[-64.844716800000015,-9.019730900000013],[-64.837183400000015,-8.999774800000012],[-64.784939099999974,-9.025343799999973],[-64.752977399999907,-9.004947099999981],[-64.728144,-9.0071385],[-64.7010919,-9.035144],[-64.691118800000027,-9.025198599999953],[-64.65193,-9.039318599999945],[-64.662332299999946,-9.05999079999998],[-64.6484757,-9.074651499999959],[-64.612093500000015,-9.052249599999982],[-64.6208087,-9.040472200000011],[-64.603421700000013,-9.021605299999919],[-64.569838399999981,-9.0317245],[-64.572921599999972,-9.0110942],[-64.551265699999988,-8.99082820000001],[-64.47916129999993,-9.008452499999919],[-64.46653809999998,-9.042733100000021],[-64.445376799999963,-9.022638499999971],[-64.452571199999966,-9.009090499999957],[-64.4257533,-8.991993699999966],[-64.386753899999974,-9.020173199999988],[-64.374243,-8.94740639999992],[-64.397076700000014,-8.937508200000025],[-64.375581,-8.914341799999931],[-64.332800099999986,-8.940969600000017],[-64.312998,-8.93153860000001],[-64.307911599999954,-8.9680419],[-64.326376099999948,-8.9879085],[-64.31126519999998,-9.016470399999946],[-64.293525299999942,-9.016692200000023],[-64.279010799999924,-8.9916675],[-64.244374699999923,-8.999319599999922],[-64.187791399999981,-8.982300800000019],[-64.179121399999985,-8.967520199999967],[-64.162084,-8.980025799999964],[-64.125176799999963,-8.929713900000024],[-64.156998099999953,-8.8844757],[-64.1481139,-8.868635199999915],[-64.158563399999878,-8.837980099999982],[-64.1219491,-8.8091852],[-64.16165490000003,-8.793588899999918],[-64.151946599999974,-8.764933700000029],[-64.137065399999983,-8.764673500000015],[-64.127019500000017,-8.7357642],[-64.105480599999908,-8.7271326],[-64.073079399999983,-8.735081700000023],[-64.0709809,-8.709154399999989],[-64.043104899999946,-8.728953199999921],[-64.0254127,-8.721250799999893],[-64.045349200000032,-8.698603799999944],[-64.02579,-8.677138199999945],[-64.038259900000014,-8.665042],[-63.984985600000016,-8.6766394],[-63.969134,-8.6631344],[-63.96839719999997,-8.64682259999995],[-64.003954499999907,-8.624782400000015],[-63.991091499999925,-8.609569399999941],[-64.000423499999954,-8.588958199999865],[-63.962074799999982,-8.568791],[-63.970338200000015,-8.59350859999995],[-63.9532115,-8.611648399999979],[-63.925885099999959,-8.58756649999998],[-63.926044,-8.5579434],[-63.950690800000018,-8.543862],[-63.9559261,-8.498057300000028],[-63.9708427,-8.492060799999933],[-63.9402816,-8.482892400000026],[-63.9417472,-8.4412175],[-63.960079599999915,-8.414577299999962],[-63.981119799999988,-8.4102249],[-63.947048699999982,-8.382355800000028],[-63.945780099999922,-8.354919],[-63.9236864,-8.332150500000012],[-63.89339990000002,-8.332569799999987],[-63.896181,-8.302809299999979],[-63.81228,-8.308290299999953],[-63.790725899999984,-8.3552469],[-63.768586899999889,-8.327381699999989],[-63.752444299999979,-8.331601499999977],[-63.7443935,-8.285169399999972],[-63.72348820000002,-8.286443499999962],[-63.7126975,-8.263724299999922],[-63.6965454,-8.28019519999998],[-63.642276700000025,-8.284694100000024],[-63.665150799999935,-8.225189199999988],[-63.680564499999946,-8.246820500000013],[-63.691393099999914,-8.243571],[-63.67471159999991,-8.202479099999948],[-63.687348199999974,-8.2131592],[-63.711748499999942,-8.184019199999966],[-63.733916199999953,-8.191560899999956],[-63.697739399999989,-8.169924399999957],[-63.690429,-8.1882776],[-63.664463,-8.195837],[-63.6393405,-8.145132],[-63.639497899999981,-8.182964299999924],[-63.622322699999984,-8.1686444],[-63.618879699999866,-8.198188399999935],[-63.600891400000023,-8.195005400000014],[-63.5944045,-8.248144599999932],[-63.56650529999996,-8.243358399999977],[-63.5660674,-8.179457999999897],[-63.553482499999916,-8.19609689999993],[-63.5293426,-8.178876300000013],[-63.537391,-8.156070899999975],[-63.5270691,-8.128249499999924],[-63.5394877,-8.113838199999918],[-63.530492,-8.0880141],[-63.55052029999996,-8.0816132],[-63.521469699999898,-8.0588859],[-63.47916529999992,-8.069606299999975],[-63.4624968,-8.044963899999971],[-63.4766209,-8.0231066],[-63.446376900000018,-8.0187861],[-63.448486,-7.993045],[-63.422735699999976,-7.9571024],[-63.399360300000012,-7.961982299999988],[-63.381763799999931,-7.998631100000011],[-63.361806800000011,-7.986842299999921],[-63.357585699999959,-8.008507299999962],[-63.295901799999967,-8.001630299999931],[-63.2869713,-8.0184736],[-63.2798679,-8.008870699999989],[-63.2800578,-8.049885099999983],[-63.3014852,-8.049324899999931],[-63.314959,-8.07681580000002],[-63.289028499999972,-8.0912267],[-63.278849599999944,-8.065635499999985],[-63.271673599999929,-8.109483599999976],[-63.211819600000013,-8.087759599999913],[-63.2450548,-8.037336799999935],[-63.203065900000013,-8.0401369],[-63.205859099999941,-8.020241899999917],[-63.180416699999967,-7.995768199999929],[-63.19341489999988,-7.980794699999933],[-63.165495799999974,-7.966765299999963],[-63.181464599999913,-7.916848399999878],[-63.1540185,-7.894512299999974],[-63.174952099999928,-7.884592600000019],[-63.170792300000016,-7.865034799999933],[-63.182750699999985,-7.871046299999875],[-63.195217899999932,-7.8534024],[-63.226359,-7.90154339999998],[-63.214284899999939,-7.909842199999957],[-63.213462599999957,-7.918559300000027],[-63.236093499999981,-7.9002562],[-63.230907099999854,-7.885971299999937],[-63.260645,-7.888706399999933],[-63.255251199999975,-7.840400100000011],[-63.298964800000022,-7.780776],[-63.280344199999945,-7.7222246],[-63.286396700000012,-7.687397899999951],[-63.243842799999982,-7.678639499999974],[-63.256852699999968,-7.66649289999998],[-63.2581927,-7.629735499999981],[-63.241167599999983,-7.617316],[-63.257502,-7.599783099999968],[-63.2516665,-7.55422829999992],[-63.18868759999998,-7.516487099999949],[-63.197466799999916,-7.4831216],[-63.2195552,-7.5105855],[-63.230707499999937,-7.5119403],[-63.236303099999986,-7.491583900000023],[-63.241436899999883,-7.512472],[-63.258627399999966,-7.508286],[-63.238113399999975,-7.469458999999858],[-63.242887299999893,-7.417137700000012],[-63.218582700000013,-7.414178599999957],[-63.230635099999972,-7.398284199999978],[-63.208681799999965,-7.3631416],[-63.218474599999979,-7.350300399999924],[-63.210344399999883,-7.310756],[-63.186227,-7.3053129],[-63.179093599999931,-7.285398899999961],[-63.151962399999945,-7.289587399999959],[-63.149445599999979,-7.263219799999945],[-63.12863909999993,-7.267428],[-63.120895099999984,-7.230453699999941],[-63.103084200000012,-7.23322909999996],[-63.108269599999971,-7.267829899999981],[-63.0918077,-7.258909299999971],[-63.102875299999937,-7.2037244],[-63.085362799999984,-7.17363690000002],[-63.0968239,-7.1310600999999],[-63.082048499999985,-7.16090429999997],[-63.0877951,-7.1305686],[-63.054724,-7.0945843],[-63.043842900000016,-7.128305499999954],[-63.011997199999882,-7.1204601],[-62.99024350000002,-7.089949799999943],[-62.9876076,-7.057735],[-62.96714379999986,-7.065616200000022],[-62.973675899999932,-7.037057100000027],[-62.963793999999893,-7.050227099999972],[-62.951943299999982,-7.040657],[-62.945158499999934,-7.0144469],[-62.96604,-6.9802431],[-62.9237771,-6.941916299999946],[-62.968792600000029,-6.9285117],[-62.980603199999962,-6.943932599999982],[-63.009502699999985,-6.921325],[-62.969810199999927,-6.885980099999983],[-62.998604600000021,-6.895866199999944],[-62.955889500000012,-6.845483799999954],[-62.933703700000024,-6.851706799999988],[-62.946215099999961,-6.8296049],[-62.913725499999941,-6.78527159999993],[-62.937755999999865,-6.751203899999894],[-62.93347209999996,-6.726250100000016],[-62.95084769999994,-6.699319399999979],[-62.94122950000002,-6.684556900000018],[-62.958592099999976,-6.67783019999996],[-62.9255728,-6.66056559999987],[-62.9564547,-6.628816299999983],[-62.971582699999942,-6.631152499999985],[-62.966126699999904,-6.602259899999865],[-62.989531600000021,-6.599192500000015],[-63.000104599999986,-6.6139397],[-63.007778200000018,-6.569169899999963],[-63.035629700000015,-6.5811928],[-63.03694859999996,-6.568234699999948],[-63.048318299999949,-6.578833700000018],[-63.0557083,-6.567156],[-63.057708199999979,-6.524868399999946],[-63.048082499999964,-6.529726799999935],[-63.032116,-6.4983664],[-63.048476199999868,-6.473909599999956],[-63.0374289,-6.466567299999895],[-63.044184200000018,-6.440836199999922],[-63.015266799999949,-6.428268199999934],[-63.010036099999979,-6.4012128],[-62.995663499999978,-6.402539400000023],[-63.004035900000019,-6.389842499999986],[-62.9765547,-6.325494099999958],[-62.946184500000015,-6.312364799999955],[-62.940331199999946,-6.3369601],[-62.872675500000014,-6.289195399999983],[-62.839399,-6.302692400000012],[-62.8171853,-6.2751872],[-62.772215,-6.305126299999984],[-62.7366118,-6.246552399999985],[-62.708792,-6.269095600000014],[-62.644731599999943,-6.213585499999965],[-62.609848499999941,-6.223450799999966],[-62.603421799999978,-6.199247099999923],[-62.6190011,-6.186378899999966],[-62.609217399999977,-6.157620899999927],[-62.592542399999957,-6.151050199999929],[-62.605331499999977,-6.129810199999952],[-62.584288300000026,-6.1365937],[-62.571509399999968,-6.125149499999907],[-62.568188599999928,-6.134708399999965],[-62.533121299999948,-6.111287499999946],[-62.535037699999975,-6.05676909999994],[-62.525426,-6.033394799999883],[-62.50970639999997,-6.0375545],[-62.500669299999913,-5.997420099999943],[-62.506809199999964,-5.965376499999877],[-62.4651657,-5.925169099999948],[-62.461263,-5.9413639],[-62.439134700000011,-5.947720299999958],[-62.431975200000011,-5.931851],[-62.415818300000012,-5.938423],[-62.376281499999948,-5.914918899999975],[-62.37173580000001,-5.883298199999956],[-62.306243900000027,-5.892551799999978],[-62.303913500000021,-5.874093599999981],[-62.290532199999973,-5.883239600000024],[-62.267856299999949,-5.8419968],[-62.222708399999988,-5.8504165],[-62.217469199999925,-5.776047300000016],[-62.22964,-5.77615469999995],[-62.232901799999979,-5.748682199999962],[-62.268969599999878,-5.7397868],[-62.2715291,-5.669868],[-62.2848765,-5.683722099999954],[-62.306493,-5.676963],[-62.326179700000012,-5.6986561],[-62.338276299999904,-5.692997],[-62.350424199999964,-5.731408699999918],[-62.399588900000026,-5.728321199999982],[-62.408121899999912,-5.716309299999921],[-62.378931,-5.687845700000025],[-62.3807258,-5.675058999999862],[-62.416476499999931,-5.661740899999984],[-62.4156754,-5.637351799999919],[-62.390309499999887,-5.6409205],[-62.41051159999995,-5.630715899999984],[-62.379876099999933,-5.606909199999961],[-62.371759299999894,-5.564808099999937],[-62.382856199999935,-5.56022459999997],[-62.3781606,-5.5459462],[-62.404306099999872,-5.542317799999921],[-62.392270199999928,-5.5273636],[-62.400522299999977,-5.507074400000022],[-62.3818372,-5.498967799999946],[-62.397786900000028,-5.488005699999974],[-62.388028499999962,-5.433300799999984],[-62.40735410000002,-5.4258577],[-62.4125699,-5.380396799999971],[-62.333007499999951,-5.3154523],[-62.358492899999931,-5.298107699999946],[-62.384213399999965,-5.3171898],[-62.423373200000015,-5.271667699999966],[-62.39604659999992,-5.2306279],[-62.399204099999963,-5.212247199999922],[-62.3844163,-5.217240800000013],[-62.353292300000021,-5.190203900000029],[-62.357229699999948,-5.175477199999989],[-62.335584799999879,-5.177897],[-62.3291499,-5.1545855],[-62.34880979999997,-5.1428214],[-62.337908899999945,-5.097510199999988],[-62.295627799999977,-5.073845399999982],[-62.284841200000017,-5.031119699999977],[-62.257200199999943,-5.040655800000025],[-62.2405152,-5.020167199999946],[-62.222650499999986,-5.024050499999987],[-62.221469,-5.009934900000019],[-62.208610499999963,-5.0178843],[-62.188329799999963,-4.983127799999977],[-62.176237199999946,-4.989672700000028],[-62.159627899999975,-4.937349900000015],[-62.132247599999914,-4.941019499999868],[-62.0981625,-4.931143099999986],[-62.1010124,-4.914683699999955],[-62.076049099999977,-4.915377299999989],[-62.078865,-4.881351499999937],[-62.065686299999925,-4.868335800000011],[-62.049703099999988,-4.875679599999955],[-62.051828599999965,-4.856195799999909],[-62.0240372,-4.813380699999982],[-61.994908099999918,-4.8252405],[-61.975999,-4.80833530000001],[-61.97478689999997,-4.788937799999928],[-62.011735499999986,-4.751004099999989],[-61.995791,-4.736567599999944],[-62.020335,-4.711566399999981],[-62.017338900000027,-4.68504710000002],[-61.969488099999978,-4.6738527],[-61.943600099999969,-4.624064],[-61.93061849999998,-4.6384081],[-61.886721699999953,-4.619772699999942],[-61.9101324,-4.584979299999986],[-61.901863499999934,-4.552613300000019],[-61.8917601,-4.5610479],[-61.865333199999952,-4.544657799999925],[-61.827972100000011,-4.563694699999985],[-61.832850099999916,-4.538813600000026],[-61.803348200000016,-4.514404800000023],[-61.816881599999931,-4.493167299999925],[-61.804064,-4.4884518],[-61.8206262,-4.481020300000012],[-61.814486199999976,-4.4599394],[-61.7812955,-4.458637],[-61.773690400000021,-4.443235099999981],[-61.709415399999955,-4.431657799999869],[-61.684807599999942,-4.412252199999955],[-61.666385900000023,-4.429432],[-61.671620899999937,-4.458624699999916],[-61.65402180000001,-4.452229400000022],[-61.6438576,-4.4230655],[-61.616096799999866,-4.4280958],[-61.589883399999962,-4.3777849],[-61.596102500000029,-4.3512536],[-61.576595,-4.343384500000013],[-61.580725399999949,-4.317595400000016],[-61.52828269999992,-4.315388999999868],[-61.537064099999952,-4.3054211],[-61.512551899999892,-4.257188599999949],[-61.461865400000022,-4.2492588],[-61.479836700000021,-4.226699699999983],[-61.476224300000013,-4.2040877],[-61.455314199999975,-4.198537599999895],[-61.436748799999975,-4.225141399999927],[-61.418749399999967,-4.182350499999927],[-61.36980339999991,-4.1524473],[-61.3729356,-4.131587],[-61.358749699999976,-4.1509196],[-61.315867299999979,-4.13945769999998],[-61.341097600000012,-4.120836899999972],[-61.297954099999913,-4.084274600000015],[-61.321206,-4.075477400000011],[-61.308650799999896,-3.9843295],[-61.293091600000025,-3.979046699999969],[-61.2933084,-3.9960901],[-61.276369,-3.998480499999971],[-61.268256099999917,-3.98307079999995],[-61.230371900000023,-3.975478299999963],[-61.232609799999977,-3.955194099999858],[-61.209868700000015,-3.956574499999931],[-61.182528599999955,-4.000198300000022],[-61.151020300000027,-4.015178],[-61.14315309999995,-3.992990299999917],[-61.166719799999953,-3.988289599999916],[-61.128618399999937,-3.98292379999998],[-61.118726499999923,-3.911892499999965],[-61.0862821,-3.914963899999975],[-61.063043499999935,-3.898914499999989],[-61.04089179999994,-3.845341099999928],[-61.071004599999981,-3.8349141],[-61.0272152,-3.811407699999961],[-61.080179,-3.7504265],[-61.070292699999982,-3.717574],[-61.047930899999983,-3.7273285],[-61.032169,-3.703017899999963],[-60.994648,-3.70406609999992],[-60.97520819999994,-3.712220199999933],[-60.965654699999959,-3.737803099999951],[-60.9547657,-3.721348400000011],[-60.906974599999899,-3.730528299999946],[-60.903870899999959,-3.7141863],[-60.883397099999968,-3.7102],[-60.859420499999885,-3.741437399999938],[-60.7961601,-3.724159199999917],[-60.776605699999948,-3.739376499999935],[-60.749386299999969,-3.7293843],[-60.746855699999912,-3.712036899999873],[-60.685421599999984,-3.704018],[-60.679016900000022,-3.691799599999911],[-60.662484300000017,-3.712268400000028],[-60.644355,-3.686882500000024],[-60.572306799999922,-3.692044800000019],[-60.563944099999958,-3.674678599999936],[-60.528699599999982,-3.697644299999979],[-60.504461,-3.658087200000011],[-60.51233609999997,-3.640580399999976],[-60.484866599999918,-3.633183700000018],[-60.491527899999937,-3.611919899999918],[-60.479425899999967,-3.595968500000026],[-60.444853199999955,-3.610973599999966],[-60.443557899999973,-3.591552200000024],[-60.4038701,-3.567379],[-60.371198399999969,-3.5745303],[-60.370727799999941,-3.632404699999938],[-60.353853499999957,-3.653586],[-60.338482599999963,-3.6513766],[-60.324587599999859,-3.681817499999909],[-60.304344599999979,-3.67250839999997],[-60.280891799999949,-3.612551599999961],[-60.2504634,-3.6032032],[-60.225995799999964,-3.633096599999988],[-60.198671199999978,-3.606956299999922],[-60.21567239999996,-3.5933101],[-60.213155599999936,-3.56663020000002],[-60.1571272,-3.524262299999975],[-60.1503262,-3.48131410000002],[-60.1596824,-3.477244700000028],[-60.129991,-3.4574589],[-60.13356449999992,-3.443092999999863],[-60.113043499999947,-3.447745899999973],[-60.111435,-3.461222],[-60.054181199999903,-3.460269200000027],[-60.046782499999949,-3.4265997],[-60.0267318,-3.41173809999998],[-60.033823899999959,-3.3975355],[-60.013403499999924,-3.341478900000027],[-59.964696399999923,-3.3513198],[-59.914099799999974,-3.305840599999954],[-59.89737759999997,-3.264671499999963],[-59.864032899999984,-3.263758699999926],[-59.878436,-3.230949],[-59.8520173,-3.218201599999873],[-59.83334450000001,-3.2237644],[-59.8550239,-3.2443528],[-59.84752809999992,-3.268456099999923],[-59.812497300000018,-3.275202799999931],[-59.7903053,-3.310356],[-59.756132200000025,-3.3291628],[-59.71771409999991,-3.308645300000023],[-59.717679299999872,-3.325652699999921],[-59.663389299999949,-3.320836499999871],[-59.606921199999931,-3.256527],[-59.5977957,-3.280086499999982],[-59.551414,-3.270815599999935],[-59.536443800000029,-3.248697199999924],[-59.562833699999942,-3.23561380000001],[-59.532050799999979,-3.203885500000013],[-59.5107448,-3.2052921],[-59.492044799999917,-3.2538687],[-59.476338699999985,-3.228086199999893],[-59.451262,-3.2377022],[-59.395987199999979,-3.206106099999886],[-59.348803799999985,-3.2229706],[-59.348074600000018,-3.246357499999988],[-59.294541299999935,-3.250800099999935],[-59.24430789999991,-3.312188600000013],[-59.213266799999985,-3.285533799999939],[-59.197563899999977,-3.297199099999943],[-59.192169599999943,-3.279141900000013],[-59.150126099999966,-3.308755599999927],[-59.114551799999958,-3.285504],[-59.094384199999922,-3.295808199999897],[-59.065005199999973,-3.286835900000028],[-59.052818199999933,-3.300296600000024],[-59.03104309999992,-3.284889899999939],[-58.973254699999984,-3.305712899999889],[-58.968464599999891,-3.325928099999885],[-58.9435277,-3.3158671],[-58.861009399999944,-3.367455899999982],[-58.753335600000014,-3.355566],[-58.763370899999984,-3.389284299999986],[-58.737480800000014,-3.394303],[-58.740458799999942,-3.4039409],[-58.772706699999901,-3.415393699999868],[-58.804178400000012,-3.481118099999946],[-58.82071,-3.482780100000014],[-58.872130699999957,-3.545702199999937],[-58.896072300000014,-3.552140099999974],[-58.880713899999932,-3.5656978],[-58.896700899999985,-3.606225599999959],[-58.941050799999971,-3.614773],[-58.913503499999933,-3.6495701],[-58.933512699999937,-3.6543145],[-58.939753499999938,-3.675328199999967],[-58.9643054,-3.667638899999872],[-58.975512599999945,-3.693899699999861],[-58.9660121,-3.7083874],[-58.9916361,-3.7361608],[-59.019300199999975,-3.731120700000019],[-58.99248579999994,-3.763249299999984],[-58.9995007,-3.782622699999934],[-59.0228426,-3.787451],[-59.016665699999976,-3.818133799999941],[-58.977206799999976,-3.8303515],[-58.980509699999971,-3.859330199999988],[-59.035932300000013,-3.834835699999985],[-59.058149099999866,-3.859114],[-59.038652899999931,-3.875073799999939],[-59.0424051,-3.891377399999953],[-59.097269799999935,-3.89532209999993],[-59.061071,-3.9270811],[-59.06853,-3.954409699999985],[-59.091329200000018,-3.958809599999938],[-59.089092299999947,-3.977426],[-59.1593636,-3.949140600000021],[-59.148518699999954,-4.0013864],[-59.20654849999994,-3.998809400000027],[-59.2144154,-4.023737],[-59.22833449999996,-4.023956299999952],[-59.219162400000016,-4.037980800000014],[-59.2457473,-4.047328599999958],[-59.236906799999929,-4.075111600000014],[-59.254050099999972,-4.070196300000021],[-59.2666648,-4.0941219],[-59.2917223,-4.090523599999983],[-59.2819809,-4.1085354],[-59.297738399999957,-4.115059799999983],[-59.299139299999979,-4.1362327],[-59.280682899999988,-4.14236],[-59.299625100000014,-4.153323300000011],[-59.326959,-4.141386899999986],[-59.315232499999979,-4.157942599999956],[-59.324729600000012,-4.1705862],[-59.339299399999959,-4.1651693],[-59.329879699999879,-4.1839668],[-59.3458627,-4.1905951],[-59.3391034,-4.207856900000024],[-59.375052499999924,-4.236618099999987],[-59.377978499999926,-4.258656499999915],[-59.398455800000022,-4.2607711],[-59.3844234,-4.284629100000018],[-59.401496800000018,-4.282716900000025],[-59.410229699999945,-4.3063846],[-59.415696699999955,-4.294015899999977],[-59.4605785,-4.309884300000022],[-59.45753830000001,-4.3271871],[-59.505359299999895,-4.340111],[-59.5274169,-4.362246200000016],[-59.515862299999924,-4.378526199999953],[-59.5262272,-4.3955676],[-59.504310299999872,-4.434337],[-59.5690121,-4.47497519999996],[-59.633548699999949,-4.4360201],[-59.6389249,-4.452580799999964],[-59.652838799999984,-4.438155699999982],[-59.660829499999977,-4.451500499999952],[-59.6786095,-4.445237599999984],[-59.682998299999952,-4.476624500000014],[-59.718344999999886,-4.482802299999946],[-59.72395389999997,-4.498408900000015],[-59.7883761,-4.5097993],[-59.8092345,-4.496250299999929],[-59.842957599999977,-4.498653099999956],[-59.857151699999918,-4.534807199999989],[-59.830804299999897,-4.5632923],[-59.797419399999853,-4.573242199999981],[-59.802878499999963,-4.59963579999993],[-59.78828249999998,-4.61096909999992],[-59.8052626,-4.645380099999954],[-59.801897099999962,-4.671861799999931],[-59.841470500000014,-4.659108100000026],[-59.857737,-4.6801079],[-59.843137299999967,-4.682067299999972],[-59.8391471999999,-4.7013452],[-59.809762099999944,-4.705746299999987],[-59.811880099999939,-4.723725699999932],[-59.843176299999925,-4.714533800000027],[-59.856947199999979,-4.731671600000027],[-59.850689699999975,-4.7468022],[-59.869306400000028,-4.746797599999866],[-59.8844833,-4.765765599999952],[-59.87018089999998,-4.7935028],[-59.838056399999971,-4.7967547],[-59.863338699999986,-4.83374],[-59.856309399999986,-4.852108799999939],[-59.828183299999921,-4.855465599999889],[-59.850269700000013,-4.885178399999859],[-59.836511399999949,-4.912536699999976],[-59.867980799999941,-4.922264900000016],[-59.851462799999979,-4.971336299999962],[-59.8952172,-4.988117499999987],[-59.925753699999916,-4.97367509999998],[-59.931533599999966,-4.986262399999987],[-59.95490309999991,-4.964568],[-59.9500342,-4.952795900000012],[-59.965431700000011,-4.9509688],[-59.988673100000028,-4.9984167],[-60.004054199999985,-5.004246599999931],[-60.005669399999874,-5.0342056],[-59.986181099999953,-5.042484899999977],[-60.0061809,-5.080764],[-60.040115799999967,-5.02486829999998],[-60.023442,-4.996163599999932],[-60.064912299999946,-5.022273599999949],[-60.094687599999872,-5.021834300000023],[-60.092932599999983,-5.040353499999924],[-60.116658299999983,-5.042523],[-60.12432519999993,-5.066110799999933],[-60.164810199999977,-5.050433199999929],[-60.1877594,-5.058943399999919],[-60.173772199999974,-5.065921100000025],[-60.174502800000027,-5.092042400000025],[-60.123370399999885,-5.080961299999956],[-60.164196899999979,-5.1491289],[-60.157624,-5.168608600000027],[-60.144146899999953,-5.168392199999971],[-60.154794399999957,-5.211162399999978],[-60.138348899999926,-5.220967200000018],[-60.1442783,-5.256356799999935],[-60.1310277,-5.254143699999986],[-60.148895400000015,-5.290848099999948],[-60.138762499999984,-5.29623909999998],[-60.15731,-5.29560639999994],[-60.166817399999957,-5.312499799999955],[-60.149037699999951,-5.324198500000023],[-60.154716,-5.354711800000018],[-60.180520899999976,-5.37928740000001],[-60.166387699999973,-5.403747299999964],[-60.179775899999981,-5.398268799999983],[-60.1877821,-5.4100305],[-60.1773169,-5.443643099999974],[-60.160709900000029,-5.428677099999959],[-60.167364599999871,-5.455669699999987],[-60.152508399999988,-5.483407600000021],[-60.183596299999977,-5.482217699999978],[-60.201662499999941,-5.512085300000024],[-60.2136696,-5.493271699999923],[-60.230667700000026,-5.4931833],[-60.230914399999904,-5.505580899999984],[-60.251788799999986,-5.493459],[-60.274777799999981,-5.548357399999873],[-60.260581299999956,-5.585123],[-60.247119199999986,-5.596073199999921],[-60.246493900000019,-5.579001899999923],[-60.218007799999953,-5.614631299999985],[-60.187010899999962,-5.587491199999874],[-60.183932499999969,-5.606771200000026],[-60.202457,-5.616537199999982],[-60.195352,-5.630892099999983],[-60.232843299999956,-5.623817700000018],[-60.201255499999945,-5.658647799999926],[-60.210004499999968,-5.708609599999932],[-60.196039599999949,-5.718729899999914],[-60.22057940000002,-5.7617773],[-60.2124918,-5.7798214],[-60.200400100000024,-5.762944600000026],[-60.180423299999973,-5.781821],[-60.188087399999858,-5.809703199999944],[-60.174461199999939,-5.812431099999969],[-60.168835699999988,-5.787163099999987],[-60.12446609999995,-5.822815100000014],[-60.128099500000019,-5.83844160000001],[-60.153353499999923,-5.839582099999973],[-60.155040900000017,-5.8555768],[-60.139872,-5.88177810000002],[-60.148100699999986,-5.927573699999868],[-60.134766500000012,-5.956692099999941],[-60.114050499999962,-5.945301599999937],[-60.077696699999933,-5.964206100000013],[-60.064633,-5.944880299999966],[-60.050725399999976,-5.9563458],[-60.0817108,-5.983192599999938],[-60.126329699999872,-5.980322899999919],[-60.112094899999988,-6.004480100000023],[-60.11360789999992,-6.05196119999988],[-60.099183299999879,-6.061054800000022],[-60.114884299999915,-6.107103699999982],[-60.084772499999985,-6.158090299999969],[-60.056695900000022,-6.1735021],[-60.0222291,-6.245138899999972],[-60.027737800000011,-6.259535],[-59.989758100000017,-6.2871204],[-59.996071699999959,-6.301385099999948],[-59.980544899999927,-6.315377799999965],[-60.001225499999975,-6.360028099999965],[-59.9920985,-6.375331500000016],[-59.973689900000011,-6.373823599999923],[-59.9478669,-6.422438699999987],[-59.960274799999922,-6.422728],[-59.958749800000021,-6.4515278],[-59.940343299999938,-6.45812119999988],[-59.926634099999944,-6.490342099999964],[-59.940416499999969,-6.511748799999964],[-59.92413190000002,-6.53859719999997],[-59.936255599999868,-6.556914099999972],[-59.928354,-6.570509099999924],[-59.954436199999918,-6.612716299999931],[-59.924051299999917,-6.654456699999969],[-59.944185199999936,-6.681508300000019],[-59.916814299999942,-6.6936283],[-59.943086699999924,-6.726795599999946],[-59.92235740000001,-6.746776799999964],[-59.90349550000002,-6.74581360000002],[-59.90382459999995,-6.797994599999981],[-59.8792752,-6.781596099999945],[-59.883778600000028,-6.830018600000017],[-59.8690623,-6.826938700000028],[-59.841223,-6.8499885],[-59.867903,-6.9111229],[-59.851371099999938,-6.929263699999979],[-59.861076,-6.972914799999899],[-59.852571599999976,-7.015469699999983],[-59.8372281,-7.0167783],[-59.881532600000014,-7.0635026],[-59.87396519999993,-7.087233899999944],[-59.9009196,-7.134336],[-59.855764,-7.156414499999926],[-59.827075400000012,-7.144600499999967],[-59.834848799999975,-7.1745436],[-59.8576387,-7.178194500000018],[-59.865847199999962,-7.199800200000027],[-59.839649299999962,-7.207403399999919],[-59.8372579,-7.288647899999944],[-59.806306899999981,-7.308158900000024],[-59.828134499999976,-7.338392699999929],[-59.849638599999935,-7.344382199999984],[-59.8485521,-7.359203400000013],[-59.86629089999991,-7.359585499999923],[-59.8642954,-7.387538399999926],[-59.885806899999977,-7.397055599999931],[-59.894939299999919,-7.4397581],[-59.922187599999916,-7.437810799999966],[-59.925371799999937,-7.4551588],[-59.965285199999983,-7.46691770000001],[-59.967350300000021,-7.487668],[-59.984734699999933,-7.486097200000017],[-59.9942256,-7.5029715],[-59.97769529999988,-7.524927499999933],[-59.9825186,-7.541436099999942],[-59.961691799999926,-7.536208699999975],[-59.938745700000027,-7.552371100000016],[-59.9198826,-7.536586199999931],[-59.88148289999998,-7.538809499999957],[-59.88414130000001,-7.567529899999954],[-59.8692307,-7.590981599999964],[-59.825218300000017,-7.618458899999894],[-59.814860899999928,-7.703750099999979],[-59.825479200000018,-7.720478899999989],[-59.7962589,-7.733259799999928],[-59.789259199999947,-7.764166900000021],[-59.809445400000016,-7.786961099999985],[-59.7948546,-7.810967399999981],[-59.803672499999948,-7.840965499999982],[-59.785715,-7.8645793],[-59.7939978,-7.954851699999949],[-59.777641199999948,-8.011139899999989],[-59.806956599999978,-8.022386499999925],[-59.812884,-8.049302699999942],[-59.7840276,-8.0429044],[-59.752986299999975,-8.062508900000012],[-59.734961699999928,-8.035085499999923],[-59.7025246,-8.0420262],[-59.6785956,-8.0190791],[-59.66943079999993,-8.029255299999988],[-59.653530400000022,-8.02099],[-59.6464618,-8.03461],[-59.634063599999934,-8.024588199999926],[-59.6158552,-8.049032399999987],[-59.578665299999955,-8.059808699999962],[-59.57636559999986,-8.019308199999955],[-59.562676199999885,-8.015849300000013],[-59.5506292,-8.0351683],[-59.532242599999961,-8.0099773],[-59.492761199999961,-7.994768099999874],[-59.484469100000013,-7.95869289999996],[-59.45171,-7.929742899999894],[-59.403648499999974,-7.92604979999993],[-59.389485799999989,-7.895993499999975],[-59.400934799999959,-7.829246099999978],[-59.382799200000022,-7.821791800000028],[-59.385174800000016,-7.801497199999972],[-59.338670499999978,-7.8037524],[-59.251734399999975,-7.755041099999914],[-59.242617799999948,-7.770981099999972],[-59.27136059999998,-7.82441369999998],[-59.267177599999911,-7.840908500000012],[-59.2439407,-7.87013509999997],[-59.230961,-7.858529200000021],[-59.190967199999932,-7.87851280000001],[-59.189638199999933,-7.899665],[-59.221627799999908,-7.9515116],[-59.190685299999984,-7.9842951],[-59.192748699999981,-8.006859],[-59.158731100000011,-8.018058499999938],[-59.160966799999983,-8.037919699999975],[-59.1380499,-8.037407899999948],[-59.1424278,-8.064649599999939],[-59.12653779999988,-8.059298899999987],[-59.116321899999889,-8.072192500000028],[-59.1256378,-8.1077874],[-59.103697099999977,-8.134073699999988],[-59.125855299999898,-8.185491699999943],[-59.104042599999957,-8.204758899999945],[-59.1150106,-8.228116699999987],[-59.092960299999959,-8.2412969],[-59.098640799999941,-8.298426899999924],[-59.137085,-8.33181929999995],[-59.138661099999922,-8.349943699999983],[-59.171901400000024,-8.362561200000016],[-59.1599066,-8.396228300000018],[-59.182978899999966,-8.408497399999987],[-59.1692941,-8.43097130000001],[-59.21562229999995,-8.408749899999918],[-59.232071,-8.421890099999928],[-59.2336623,-8.436630700000023],[-59.210876599999949,-8.447936599999935],[-59.21182,-8.4683705],[-59.190840499999922,-8.480998399999976],[-59.200376800000015,-8.5066155],[-59.1583137,-8.51010969999993],[-59.150971599999934,-8.522679499999981],[-59.158028199999933,-8.564494099999933],[-59.212826,-8.546840699999905],[-59.214314899999863,-8.569586800000025],[-59.179058199999929,-8.582618599999989],[-59.147303099999988,-8.620575899999949],[-59.121991499999922,-8.6928375],[-59.109892799999955,-8.6961311],[-59.118649899999866,-8.720624699999973],[-59.085730499999954,-8.730134599999985],[-59.079685199999972,-8.776324099999954],[-59.113382499999943,-8.813517499999989],[-59.092734699999937,-8.833926299999916],[-59.067905099999905,-8.828349899999978],[-59.017917399999988,-8.867089699999951],[-59.0161733,-8.914025200000026],[-58.973894899999948,-8.919367199999897],[-58.9223609,-8.955416699999944],[-58.898272099999929,-8.955542799999989],[-58.895298,-8.9711979],[-58.838473500000021,-8.950132600000018],[-58.809775399999921,-8.961250599999914],[-58.7760707,-8.936451],[-58.726633099999901,-8.982081],[-58.730087099999935,-9.016729899999916],[-58.758146,-9.026436699999977],[-58.78847159999998,-9.067050900000027],[-58.781249800000012,-9.105694500000027],[-58.827600299999915,-9.117411599999969],[-58.818119,-9.1426715],[-58.847782699999982,-9.179018700000029],[-58.872898,-9.181867099999977],[-58.870070799999951,-9.204315699999938],[-58.88476419999995,-9.206726300000014],[-58.873306,-9.236206700000025],[-58.888081399999976,-9.257805800000028],[-58.874395400000026,-9.279527],[-58.8988956,-9.314922399999944],[-58.877705900000024,-9.389951699999983],[-58.893439499999943,-9.421251099999949],[-58.87332199999986,-9.462774599999989],[-58.857745,-9.467143599999986],[-58.861507500000016,-9.501828899999964],[-58.84140809999991,-9.533197],[-58.894532,-9.6140886],[-58.876765299999988,-9.626901499999917],[-58.877018,-9.645226599999944],[-58.860990199999947,-9.636683],[-58.85751,-9.650630799999988],[-58.825773599999877,-9.658238900000015],[-58.8325036,-9.667000299999927],[-58.79270269999995,-9.686720700000023],[-58.781182199999932,-9.7120622],[-58.744363799999917,-9.707028200000025],[-58.75724769999988,-9.7493361],[-58.7264098,-9.750069899999971],[-58.713692499999979,-9.777883499999916],[-58.695454699999971,-9.763513400000022],[-58.6727773,-9.786720100000025],[-58.657887299999913,-9.8158568],[-58.6802773,-9.8799912],[-58.662036300000011,-9.878703899999948],[-58.602356400000019,-9.923329],[-58.606529699999953,-9.944316399999877],[-58.575212,-9.966601799999921],[-58.5585458,-9.998014],[-58.567802399999948,-10.010749700000019],[-58.544522299999926,-10.041380800000013],[-58.552093699999944,-10.098906599999964],[-58.533668199999966,-10.102479699999947],[-58.577679599999954,-10.106418499999961],[-58.546129300000018,-10.112101699999982],[-58.5461118,-10.127517199999943],[-58.558482799999865,-10.164860399999952],[-58.587992900000017,-10.1776797],[-58.592233299999975,-10.239033300000017],[-58.6133049,-10.261988799999983],[-58.58467,-10.3393934],[-58.598143600000014,-10.345046899999943],[-58.599587299999939,-10.3662362],[-58.582057099999986,-10.421366499999976],[-58.5933374,-10.437554],[-58.582544,-10.449766799999907],[-58.593373199999974,-10.52814989999996],[-58.640850199999988,-10.5570543],[-58.652240399999982,-10.530906499999958],[-58.702290899999923,-10.535486099999957],[-58.71143189999998,-10.5493851],[-58.7345219,-10.5429727],[-58.739761,-10.5619802],[-58.766393699999981,-10.5443639],[-58.815749699999969,-10.547768299999973],[-58.8366934,-10.584107500000016],[-58.830762799999945,-10.601288899999986],[-58.8437288,-10.614245799999935],[-58.87129659999988,-10.610481299999947],[-58.887450899999976,-10.63668819999998],[-58.857559,-10.677602900000011],[-58.8789933,-10.714407899999969],[-58.865731,-10.726563499999941],[-58.8927114,-10.742984499999977],[-58.909115,-10.791622199999949],[-58.8384398,-10.780326],[-58.818490900000029,-10.791064],[-58.809229599999981,-10.81399319999997],[-58.840624,-10.857152399999961],[-58.830847599999856,-10.866044799999941],[-58.846234200000026,-10.871473],[-58.8430801,-10.887637],[-58.817281900000012,-10.9169503],[-58.7858038,-10.915986099999941],[-58.7785434,-10.942535799999973],[-58.8114577,-10.97672469999992],[-58.870387699999981,-10.985607500000015],[-58.8985768,-10.9731405],[-58.906574699999965,-10.9899648],[-58.947330099999931,-10.990223],[-58.9160228,-11.03077049999996],[-58.918952100000013,-11.047303699999986],[-58.941027599999927,-11.061635099999933],[-58.952063899999928,-11.05237],[-58.989084699999978,-11.092382099999952],[-59.040290799999923,-11.112139800000023],[-59.038633899999979,-11.158235199999979],[-59.071525799999904,-11.191554600000018],[-59.056004499999972,-11.2190597],[-59.042916499999933,-11.217361199999971],[-59.02774740000001,-11.257546799999943],[-59.04513889999987,-11.294482899999934],[-59.037799799999959,-11.3346386],[-59.016735199999857,-11.350897699999962],[-59.009105699999907,-11.341672599999981],[-58.985725699999989,-11.377342899999974],[-58.998405899999852,-11.390922499999988],[-58.985433699999987,-11.412037600000019],[-58.994026399999939,-11.435127500000021],[-58.930197,-11.435227899999973],[-58.903376699999967,-11.458367599999974],[-58.952039899999988,-11.524286],[-58.974438799999916,-11.511831699999959],[-59.001946799999985,-11.5348727],[-58.989109099999951,-11.5859582],[-59.01583,-11.589587],[-59.0083373,-11.64142389999995],[-59.017803599999979,-11.6667443],[-59.036614199999917,-11.672063],[-59.0257441,-11.707627099999968],[-58.981772099999887,-11.742917599999942],[-59.037087499999984,-11.796378299999901],[-59.0286802,-11.813965899999914],[-59.052300899999864,-11.825908699999957],[-59.047721,-11.849608499999988],[-59.086793599999908,-11.862819100000024],[-59.145371899999986,-11.831400799999983],[-59.155207,-11.8597992],[-59.165868399999908,-11.852914699999985],[-59.175621799999988,-11.872135399999934],[-59.1921618,-11.862398400000018],[-59.2234474,-11.871661],[-59.233156599999973,-11.859768200000019],[-59.278547199999878,-11.876152899999965],[-59.310926499999937,-11.892988300000013],[-59.37245230000002,-12.012008899999955],[-59.397868299999914,-12.020789899999897],[-59.42556959999996,-12.010706299999924],[-59.468318,-12.039303300000029],[-59.523472399999946,-12.048186399999963],[-59.568664500000011,-12.10136209999996],[-59.6305112,-12.085645899999975],[-59.671816499999977,-12.118201399999975],[-59.677390899999978,-12.13793869999995],[-59.715503599999977,-12.1435057],[-59.714082,-12.163697800000023],[-59.7400753,-12.175923300000022],[-59.7438783,-12.205381699999975],[-59.7964124,-12.2523792],[-59.795007699999985,-12.286831600000028],[-59.831702300000018,-12.306047799999988],[-59.864991399999951,-12.360615699999983],[-59.8951181,-12.442719599999975],[-59.928534399999876,-12.4451191],[-59.943315199999915,-12.463474699999949],[-59.95251959999996,-12.450830100000019],[-59.98996,-12.4873778],[-60.00810180000002,-12.48497],[-60.018341699999951,-12.506971299999975],[-60.054689799999949,-12.508649199999979],[-60.083132400000011,-12.540822599999956],[-60.11838849999998,-12.642137699999921],[-60.097494499999925,-12.6783461],[-60.096429199999989,-12.731384099999957],[-60.07172879999996,-12.734085499999935],[-60.069304799999941,-12.791003100000012],[-60.08439,-12.8234981],[-60.079061700000011,-12.844903],[-60.065566,-12.8449473],[-60.0828674,-12.877833899999871],[-60.064731699999925,-12.935996400000022],[-60.078665299999955,-12.991282099999978],[-60.05381,-13.041466999999898],[-60.083463499999937,-13.0975441],[-60.0574595,-13.109569699999952],[-60.0235409,-13.089048299999945],[-60.013872499999934,-13.115807099999927],[-59.981802799999912,-13.0892938],[-59.940982199999951,-13.084732199999962],[-59.919690100000025,-13.235131699999897],[-59.885035500000015,-13.233537899999988],[-59.855977199999927,-13.2656811],[-59.86922,-13.330631099999948],[-59.844647299999963,-13.389930100000015],[-59.836391299999946,-13.5451372],[-59.762025499999936,-13.584825099999989],[-59.770016,-13.601022199999989],[-59.746895199999926,-13.633759699999928],[-59.750381299999901,-13.658699699999943],[-59.7274825,-13.6670851],[-59.700786899999912,-13.711255799999947],[-59.7030143,-13.740233100000012],[-59.67361219999998,-13.766765899999939],[-59.688598899999988,-13.784585],[-59.6791536,-13.808490800000015],[-59.618864200000019,-13.812644499999976],[-59.600059900000019,-13.834256699999969],[-59.575605099999905,-13.832759300000021],[-59.540292299999862,-13.8914299],[-59.5494064,-13.918466699999954],[-59.490436799999941,-13.929047699999956],[-59.4883709,-13.9717104],[-59.435075799999936,-13.991482500000018],[-59.451632,-14.058478199999968],[-59.444493499999965,-14.0924101],[-59.422686399999975,-14.107904099999985],[-59.448378,-14.123267],[-59.431611799999871,-14.192022099999974],[-59.468967099999986,-14.244282999999882],[-59.462386699999968,-14.277030599999932],[-59.480407399999933,-14.316741899999954],[-59.472337400000015,-14.326655399999879],[-59.437157099999922,-14.313783499999943],[-59.41505479999995,-14.359000299999934],[-59.347829799999943,-14.370429600000023],[-59.337847699999941,-14.472832],[-59.348666399999956,-14.491830100000016],[-59.319138799999962,-14.532477],[-59.279939,-14.544446900000025],[-59.2859578,-14.606510599999922],[-59.26099279999994,-14.609066400000017],[-59.239816799999858,-14.6405196],[-59.224536399999977,-14.623642099999984],[-59.197378,-14.622143699999981],[-59.206824599999948,-14.667505499999947],[-59.232769,-14.699016399999948],[-59.177991399999939,-14.754455399999983],[-59.1371858,-14.747505599999954],[-59.116392,-14.75854320000002],[-59.0864363,-14.745844799999929],[-59.0650392,-14.694431699999939],[-59.041715300000021,-14.6931204],[-59.036727699999972,-14.658707199999924],[-59.0069297,-14.6479774],[-58.981928700000026,-14.667264099999954],[-58.979229099999884,-14.617319499999951],[-58.9584668,-14.588898500000028],[-58.902624399999979,-14.599808899999914],[-58.8515774,-14.643106],[-58.804244299999937,-14.600887],[-58.7610611,-14.623014500000011],[-58.766426299999921,-14.746924299999989],[-58.802000099999987,-14.7784474],[-58.781983700000012,-14.803027199999917],[-58.7936039,-14.819588099999976],[-58.785847199999921,-14.8499597],[-58.8238108,-14.870314599999915],[-58.819461,-14.905916600000012],[-58.887724699999978,-15.04939209999992],[-58.87424679999998,-15.069547199999988],[-58.8769797,-15.148372100000017],[-58.84014,-15.213206500000013],[-58.875507599999935,-15.2232608],[-58.867244399999947,-15.249116899999876],[-58.91828670000001,-15.283443599999941],[-58.913013400000011,-15.2939222],[-58.960602199999926,-15.35702109999994],[-58.985188399999913,-15.348463400000014],[-59.015123099999983,-15.37126],[-59.01441449999993,-15.413187899999969],[-59.031578599999989,-15.439688499999988],[-59.064220899999896,-15.460888499999953],[-59.097668299999953,-15.448152399999969],[-59.087621800000022,-15.46493369999996],[-59.1141594,-15.614687199999935],[-59.169770799999924,-15.633952899999883],[-59.155164399999933,-15.664562600000011],[-59.155628900000011,-15.7346149],[-59.228422199999955,-15.794760699999983],[-59.22999609999988,-15.824168199999917],[-59.287641799999903,-15.883529599999974],[-59.307383499999958,-15.9503949],[-59.358874399999934,-15.9712988],[-59.3602062,-15.993639499999915],[-59.392808100000025,-16.003465899999924],[-59.410140799999965,-16.068166599999984],[-59.464039999999898,-16.063793999999859],[-59.49703889999995,-16.045777],[-59.530661099999918,-16.067533199999957],[-59.5193033,-16.110267],[-59.486982,-16.120948199999987],[-59.4793692,-16.145960699999989],[-59.463465399999961,-16.140971199999967],[-59.490379,-16.163908199999923],[-59.491830899999911,-16.190325199999961],[-59.542534799999942,-16.1874606],[-59.5868054,-16.216527900000017],[-59.597232799999972,-16.195601599999975],[-59.6391183,-16.173233899999957],[-59.673952199999974,-16.180130099999985],[-59.683002,-16.191794599999923],[-59.655867099999966,-16.2351802],[-59.685146,-16.27184219999998],[-59.706758,-16.267979599999933],[-59.773026499999958,-16.2998794],[-59.78681169999993,-16.276654199999939],[-59.801064399999973,-16.278700799999967],[-59.816559200000029,-16.314822299999889],[-59.851358499999947,-16.283447399999886],[-59.902944100000013,-16.292599399999972],[-59.9189384,-16.318450599999892],[-59.91071089999997,-16.3295202],[-59.9696103,-16.3757486],[-59.9855586,-16.35304119999995],[-60.043069499999945,-16.368598299999917],[-60.099150800000018,-16.339633600000013],[-60.110637099999963,-16.357430699999952],[-60.1571854,-16.3511183],[-60.212664099999927,-16.397206200000028],[-60.279747599999951,-16.401103700000021],[-60.284433499999977,-16.418720199999939],[-60.418694199999948,-16.398523799999964],[-60.448369799999966,-16.400364399999944],[-60.455325399999936,-16.421185099999946],[-60.485710400000016,-16.421005899999955],[-60.4978122,-16.441705199999944],[-60.597783,-16.432336599999985],[-60.6208825,-16.445511],[-60.6144999,-16.4577890999999],[-60.674352699999929,-16.553279299999986],[-60.711664,-16.5248684],[-60.761823199999981,-16.5750693],[-60.74196569999998,-16.596974699999976],[-60.7057087,-16.6065481],[-60.692953100000011,-16.631835],[-60.660007099999859,-16.635871299999963],[-60.608392399999957,-16.706741299999919],[-60.562693099999933,-16.68825720000001],[-60.538070599999969,-16.702821],[-60.511259900000027,-16.6976532],[-60.454934699999853,-16.733031400000016],[-60.4224676,-16.799442999999883],[-60.396766599999864,-16.799655799999982],[-60.4030717,-16.8270738],[-60.3754571,-16.822659299999941],[-60.355525799999953,-16.8647102],[-60.33902,-16.8641212],[-60.327997099999948,-16.907535100000018],[-60.227405099999885,-16.920797499999935],[-60.168067599999972,-16.979954500000019],[-60.134496499999955,-16.987002800000027],[-60.11778419999996,-17.040981499999987],[-60.130518199999926,-17.0495277],[-60.081881599999974,-17.085521099999937],[-60.043771,-17.095336],[-60.0342374,-17.1423],[-60.003662800000029,-17.156439599999942],[-59.9965489,-17.1830938],[-60.009590300000013,-17.212278699999956],[-59.98412,-17.242948],[-59.992987699999958,-17.258417799999961],[-59.983282,-17.275111700000025],[-60.00038619999998,-17.302712700000029],[-59.977996099999984,-17.342847],[-60.050335699999948,-17.376813499999969],[-60.065356599999973,-17.421547499999974],[-60.1043297,-17.41458],[-60.153132899999946,-17.435387299999888],[-60.149048900000025,-17.481007299999987],[-60.1724729,-17.5168592],[-60.154149199999949,-17.540000099999929],[-60.1702914,-17.550529499999925],[-60.155751,-17.600552499999935],[-60.2012777,-17.620003],[-60.1922348,-17.657477500000027],[-60.209573400000011,-17.66916829999991],[-60.218168,-17.705238],[-60.188823299999967,-17.806616800000029],[-60.196037699999977,-17.823107199999924],[-60.2102794,-17.798929499999986],[-60.226371399999891,-17.802134499999966],[-60.2168608,-17.835994799999924],[-60.23027559999997,-17.866877599999953],[-60.282515799999942,-17.9094885],[-60.260749799999985,-17.9364572],[-60.29201809999995,-17.955483499999957],[-60.314736199999913,-18.03097989999992],[-60.306877199999974,-18.043976499999928],[-60.238294,-18.033860499999946],[-60.2550084,-18.07193030000002],[-60.242774499999939,-18.095677199999955],[-60.2766168,-18.099034800000027],[-60.305205599999965,-18.120044899999982],[-60.344876099999965,-18.119584399999894],[-60.362443699999915,-18.156533200000013],[-60.390796599999987,-18.174647999999877],[-60.381360399999949,-18.227888099999973],[-60.355709599999898,-18.2657911],[-60.376793099999986,-18.274634],[-60.4052249,-18.318592500000022],[-60.389042599999982,-18.341279499999985],[-60.390549599999986,-18.3844214],[-60.411698300000012,-18.423585699999933],[-60.4685728,-18.440600500000016],[-60.458800100000019,-18.511251],[-60.508199199999922,-18.55465449999997],[-60.496134499999982,-18.598588099999915],[-60.527857199999914,-18.6145072],[-60.5366778,-18.6377111],[-60.526496699999939,-18.65754759999993],[-60.551630299999943,-18.717548399999941],[-60.6244446,-18.728745999999887],[-60.641473599999983,-18.768116299999917],[-60.662264100000016,-18.757999299999938],[-60.676918300000011,-18.823227499999916],[-60.72679039999997,-18.841748199999984],[-60.718089799999973,-18.881217900000024],[-60.742071799999962,-18.871963499999936],[-60.773539899999946,-18.885409899999956],[-60.780372299999954,-18.960154699999975],[-60.83212420000001,-18.96089360000002],[-60.849775299999862,-18.98115619999993],[-60.862459499999886,-18.965556099999958],[-60.87914109999997,-18.976732299999924],[-60.88841960000002,-18.967148799999961],[-60.903394699999978,-18.997775],[-60.932092,-18.990915099999938],[-60.9347158,-18.948529899999983],[-60.971680699999922,-18.97143369999992],[-60.982780400000024,-18.963603200000023],[-60.9943902,-18.992576199999917],[-61.0087787,-18.985110500000019],[-61.017245300000013,-19.001045399999953],[-61.026049699999987,-18.9648659],[-61.04073,-18.965936799999952],[-61.0496407,-18.946906500000011],[-61.082396699999947,-18.9719263],[-61.098344299999894,-18.955301099999872],[-61.12963359999992,-18.966992],[-61.1410424,-18.946223],[-61.203140299999916,-18.964129199999945],[-61.220852599999944,-18.9427892],[-61.2441265,-18.9491873],[-61.270764099999951,-18.8961531],[-61.295400700000016,-18.896937200000025],[-61.2970244,-18.913740099999927],[-61.3442356,-18.951889],[-61.3793736,-18.944285299999933],[-61.389438599999949,-18.9584696],[-61.429222799999934,-18.937837800000011],[-61.453205599999933,-18.975695899999891],[-61.496344500000021,-18.99581280000001],[-61.525638199999946,-18.99330139999995],[-61.522230099999888,-19.033744399999932],[-61.546427499999936,-19.045972499999948],[-61.5689845,-19.02474],[-61.591511500000024,-19.042007099999978],[-61.625531200000012,-19.028425],[-61.6621399,-18.9557158],[-61.6765853,-18.964883499999928],[-61.675162300000011,-18.9878711],[-61.6965032,-18.998098499999969],[-61.6955393,-19.016813099999865],[-61.726949199999979,-19.00386379999992],[-61.7349208,-19.019471399999986],[-61.749780599999895,-19.010867499999961],[-61.755215499999963,-19.039907],[-61.844142499999975,-18.9733132],[-61.912427599999944,-19.004677699999945],[-61.942119899999909,-18.9808167],[-61.957742,-19.003666799999962],[-61.986074299999984,-19.0119636],[-61.994679299999973,-19.0010777],[-62.0378437,-19.0063412],[-62.0545846,-19.046237799999972],[-62.031253199999924,-19.0991573],[-62.06608319999998,-19.1371067],[-62.063900599999954,-19.171783800000014],[-62.131796399999985,-19.222506],[-62.156979599999886,-19.25830869999993],[-62.147788399999968,-19.3032106],[-62.185773,-19.342040299999951],[-62.197434699999974,-19.40684779999998],[-62.2333089,-19.447298100000012],[-62.268299599999864,-19.45293879999997],[-62.325628599999959,-19.502590600000019],[-62.330703899999946,-19.525260299999957],[-62.31280959999998,-19.551424699999984],[-62.3342404,-19.60014259999997],[-62.418791399999975,-19.728134199999943],[-62.476526400000012,-19.76111619999989],[-62.475796399999979,-19.7858402],[-62.49831219999993,-19.794627],[-62.4921056,-19.802072599999974],[-62.540605,-19.8247816],[-62.560044,-19.853503899999964],[-62.617738799999984,-19.862200499999915],[-62.66369519999995,-19.890271899999959],[-62.904158399999972,-19.939597699999922],[-62.9518574,-19.972599],[-63.0294217,-19.983611],[-63.035123899999974,-20.005297599999949],[-63.080925,-20.018022099999939],[-63.084364099999959,-20.0462705],[-63.138618899999983,-20.09442289999987],[-63.157706399999938,-20.135437799999977],[-63.206166899999914,-20.142599399999938],[-63.2034276,-20.199778],[-63.257270299999959,-20.199643],[-63.2706672,-20.234727599999985],[-63.317110699999944,-20.231308699999886],[-63.352839099999983,-20.2488085],[-63.41042189999996,-20.31623739999992],[-63.521243799999922,-20.322081699999956],[-63.524249499999939,-20.353941500000019],[-63.54473280000002,-20.3848514],[-63.569537,-20.389483700000028],[-63.579318799999953,-20.415429199999949],[-63.596181600000023,-20.413028600000018],[-63.609635700000013,-20.380548399999952],[-63.626618899999983,-20.390491199999985],[-63.6455676,-20.380319199999974],[-63.647563,-20.397011099999986],[-63.632454,-20.407459099999983],[-63.6367267,-20.445297699999912],[-63.649697799999956,-20.463617499999941]]]]}},
{"type":"Feature","properties":{"nome_bacia":"Bacia do Rio Cajari"},"geometry":{"type":"MultiPolygon","coordinates":[[[[-50.420137899999986,-0.333744499999909],[-50.432778699999972,-0.368256599999938],[-50.47924660000001,-0.357300399999986],[-50.481805,-0.339853100000028],[-50.469297200000028,-0.3443074],[-50.4519077,-0.308964599999968],[-50.4854704,-0.288521799999955],[-50.499820600000021,-0.296694699999932],[-50.525345399999935,-0.237985499999922],[-50.4953056,-0.2055173],[-50.500574799999981,-0.180543899999918],[-50.474562100000014,-0.144045899999981],[-50.448172799999952,-0.13389810000001],[-50.439516599999877,-0.110456299999953],[-50.391828599999883,-0.104882199999963],[-50.400417599999912,-0.061797699999943],[-50.367006800000013,-0.0574186],[-50.359217299999898,-0.0803808],[-50.370179599999915,-0.106741899999918],[-50.3447218,-0.094339],[-50.337464899999986,-0.120096799999942],[-50.33054340000001,-0.103713799999923],[-50.3052338,-0.104385799999932],[-50.2998675,-0.129858899999931],[-50.288513199999954,-0.12556079999996],[-50.275041900000019,-0.151605099999983],[-50.292974800000025,-0.165309599999944],[-50.2863835,-0.189333699999963],[-50.302070799999967,-0.198196900000028],[-50.3150298,-0.250750399999902],[-50.356110399999977,-0.288099400000021],[-50.343472,-0.314305600000012],[-50.3529529,-0.337186200000019],[-50.382071199999984,-0.3173635],[-50.420137899999986,-0.333744499999909]]]]}},
{"type":"Feature","properties":{"nome_bacia":"Bacia do Rio Uruguai"},"geometry":{"type":"MultiPolygon","coordinates":[[[[-58.3668171,-33.980141],[-58.385416500000019,-33.995139199999983],[-58.4273536,-33.96458389999998],[-58.4765124,-33.955037799999957],[-58.470988,-33.975531399999909],[-58.528361699999948,-34.010756199999946],[-58.623794499999917,-33.989601899999968],[-58.608017599999982,-33.965524599999981],[-58.6338558,-33.937261699999908],[-58.606066199999987,-33.939202499999908],[-58.572802,-33.9210033],[-58.64917650000001,-33.89675840000001],[-58.667608199999961,-33.874862399999927],[-58.621303499999954,-33.873712500000011],[-58.62049519999988,-33.849261],[-58.577051399999959,-33.843103699999972],[-58.550580799999921,-33.815389099999948],[-58.558044199999983,-33.787211],[-58.592841899999939,-33.769104799999923],[-58.615159599999913,-33.778456399999982],[-58.619359699999961,-33.7649682],[-58.593265700000018,-33.7085371],[-58.5992984,-33.643494],[-58.584877,-33.6299401],[-58.550416499999926,-33.642916899999989],[-58.546015899999986,-33.615661100000011],[-58.729375099999913,-33.457044],[-58.654191599999933,-33.354102599999919],[-58.680394700000022,-33.322456],[-58.6636636,-33.306624599999907],[-58.709814600000016,-33.266351199999917],[-58.7153553,-33.215557600000011],[-58.779336899999919,-33.186852899999963],[-58.80988,-33.1536663],[-58.894712299999981,-33.1534385],[-58.9386227,-33.092804399999977],[-58.9510307,-33.050282599999946],[-58.990081499999974,-33.044120599999985],[-59.0115295,-33.010405600000013],[-58.992905899999982,-32.999305599999957],[-59.0016913,-32.971458799999937],[-58.987764500000026,-32.911246699999936],[-58.969285799999966,-32.900553800000012],[-58.965516599999944,-32.860147299999937],[-58.938680200000022,-32.836824499999977],[-58.9165208,-32.7815261],[-58.931748499999912,-32.769228],[-58.923359099999971,-32.726207499999987],[-58.886527600000022,-32.671805800000016],[-58.92130979999996,-32.6314749],[-58.924841599999979,-32.584601899999939],[-58.911344499999927,-32.575032199999953],[-58.93022609999997,-32.5317025],[-58.880145199999959,-32.492362299999968],[-58.8949356,-32.4007661],[-58.861123499999962,-32.312395899999956],[-58.894956299999933,-32.2865746],[-58.9155520999999,-32.237353199999973],[-58.853620499999977,-32.191760199999976],[-58.85647629999994,-32.1406007],[-58.832213199999956,-32.132182699999987],[-58.844883900000013,-32.127695599999981],[-58.8276452,-32.097084399999915],[-58.836923699999886,-32.0810962],[-58.817786800000022,-32.069279299999948],[-58.835421499999939,-32.0422137],[-58.832551799999976,-32.018780199999981],[-58.819215699999859,-32.0186261],[-58.823857799999985,-32.000742],[-58.7871027999999,-31.968196499999863],[-58.79804189999993,-31.954726699999924],[-58.787660399999936,-31.9229166],[-58.754542799999967,-31.911836],[-58.729334199999926,-31.880661199999963],[-58.735982699999965,-31.871802300000013],[-58.710796199999947,-31.854047700000024],[-58.672296399999937,-31.8357246],[-58.657384200000024,-31.846808899999985],[-58.615334800000028,-31.772962599999971],[-58.62139830000001,-31.7543172],[-58.5907747,-31.744979899999976],[-58.595306699999981,-31.723032199999977],[-58.574442899999951,-31.693671],[-58.519455199999925,-31.6976464],[-58.485686599999951,-31.674306699999931],[-58.509954,-31.614826399999913],[-58.543332299999975,-31.590041400000018],[-58.514625,-31.532138599999939],[-58.534415700000011,-31.509475899999927],[-58.500307099999873,-31.4642293],[-58.49956549999996,-31.4409774],[-58.450454400000012,-31.434268299999985],[-58.4595569,-31.385581800000011],[-58.430931900000019,-31.3641763],[-58.414957599999923,-31.3704535],[-58.410701,-31.352084199999922],[-58.427238499999987,-31.329330200000015],[-58.418312399999934,-31.317205799999954],[-58.4734133,-31.263259599999969],[-58.404670099999976,-31.240238199999965],[-58.381690899999967,-31.2217753],[-58.377862600000014,-31.1996216],[-58.364786699999911,-31.2088766],[-58.341054799999938,-31.185478099999955],[-58.332221899999979,-31.14641869999997],[-58.343670199999963,-31.095370800000012],[-58.297631299999921,-31.100625],[-58.250636699999916,-31.083857799999976],[-58.273838500000011,-31.039221],[-58.269212499999981,-31.025760299999945],[-58.23871459999998,-31.025461099999973],[-58.247536,-30.974498899999958],[-58.237630299999978,-30.940699399999914],[-58.276383399999986,-30.916669799999966],[-58.2789573,-30.881449299999929],[-58.254732499999989,-30.866522199999963],[-58.254218499999979,-30.842583600000012],[-58.1823609,-30.8006947],[-58.1683951,-30.77337689999996],[-58.184389899999928,-30.763542899999891],[-58.173183599999902,-30.749583299999927],[-58.181048499999974,-30.726839299999881],[-58.236935799999969,-30.705673600000011],[-58.260217699999941,-30.641867900000022],[-58.280879200000015,-30.632196099999931],[-58.316499599999929,-30.646457],[-58.358295699999928,-30.618782],[-58.367372199999977,-30.63679929999995],[-58.387222800000018,-30.618873599999972],[-58.4140815,-30.618844399999944],[-58.468184299999962,-30.560961799999973],[-58.456614499999944,-30.5332371],[-58.43912679999994,-30.5335187],[-58.446021599999938,-30.517264699999942],[-58.397188099999937,-30.452541199999985],[-58.4087485,-30.416297799999938],[-58.336986699999954,-30.362478399999986],[-58.3269055,-30.337646099999972],[-58.308895799999959,-30.339036],[-58.268896899999902,-30.2477394],[-58.247534799999869,-30.2330761],[-58.243184900000017,-30.179863799999964],[-58.266524899999922,-30.146721899999932],[-58.253199,-30.139931900000022],[-58.2628492,-30.112833099999875],[-58.249476699999946,-30.082107699999938],[-58.2619742,-30.07832209999998],[-58.296281599999986,-29.97559339999998],[-58.33290820000002,-29.937156899999934],[-58.30345959999994,-29.899585299999956],[-58.319444799999985,-29.851091099999962],[-58.282783699999925,-29.793266799999913],[-58.291513800000018,-29.780156499999975],[-58.281870700000013,-29.760912699999892],[-58.2597778,-29.754235199999925],[-58.263426900000013,-29.740134099999977],[-58.234597699999881,-29.711051600000019],[-58.1999386,-29.7031687],[-58.18953729999987,-29.664058299999965],[-58.15001929999994,-29.645208599999989],[-58.1858272,-29.531994899999972],[-58.17569809999992,-29.502929],[-58.193267100000014,-29.482420699999977],[-58.183941099999913,-29.461322799999948],[-58.204945799999962,-29.443573800000024],[-58.199545299999954,-29.411204],[-58.215365299999917,-29.388268499999924],[-58.1540625,-29.34943329999993],[-58.150663099999917,-29.3158608],[-58.100971099999981,-29.292052599999977],[-58.108835399999975,-29.276423299999919],[-58.092878699999972,-29.265233599999988],[-58.008732899999984,-29.272190599999988],[-57.986792199999968,-29.260693899999978],[-57.9917155,-29.215908599999921],[-57.974174399999924,-29.189941199999964],[-57.9588703,-29.190914500000019],[-57.965298599999983,-29.140793299999984],[-57.945138699999916,-29.084583599999917],[-57.967365500000028,-29.065348799999981],[-57.9588731,-29.042093599999987],[-57.98471689999991,-29.027115200000026],[-57.994402799999932,-28.9933335],[-57.983749799999941,-28.969028],[-58.0119072,-28.949704499999939],[-58.022214199999951,-28.9031506],[-57.981668699999943,-28.861771],[-57.879273399999988,-28.8379018],[-57.833974599999976,-28.796809199999927],[-57.777121299999976,-28.8285823],[-57.759176200000013,-28.784313399999974],[-57.7262316,-28.791699],[-57.691469599999891,-28.757866499999921],[-57.620458399999961,-28.787197699999922],[-57.6063706999999,-28.786378500000012],[-57.5863905,-28.754610500000013],[-57.54100870000002,-28.7497565],[-57.5326387,-28.7676391],[-57.430991,-28.718440900000019],[-57.404324199999962,-28.6527236],[-57.350110299999926,-28.655347799999959],[-57.274493099999859,-28.600260199999923],[-57.246315699999911,-28.605414399999972],[-57.22177269999986,-28.5628084],[-57.191533199999924,-28.566355],[-57.181500099999937,-28.5924076],[-57.116933199999949,-28.593351199999915],[-57.094374499999958,-28.616549599999985],[-57.075447299999951,-28.616434],[-57.042299299999968,-28.67008809999993],[-57.018844299999955,-28.681938299999956],[-56.987823899999967,-28.672969399999943],[-56.971813699999927,-28.687789699999939],[-56.94885139999991,-28.665896299999929],[-56.96103729999993,-28.636908399999982],[-56.880408299999942,-28.563194800000019],[-56.859287900000027,-28.517928400000017],[-56.787020299999938,-28.511898999999858],[-56.781227399999977,-28.4938732],[-56.804420099999959,-28.490279499999929],[-56.81867410000001,-28.455172],[-56.819280600000013,-28.405907699999943],[-56.793586699999878,-28.360438199999976],[-56.717053099999987,-28.359083699999985],[-56.6796852,-28.308877899999914],[-56.622568899999976,-28.321529699999928],[-56.593633399999931,-28.34335939999994],[-56.583973500000013,-28.333782],[-56.6024731,-28.30924529999993],[-56.585153100000014,-28.263465699999927],[-56.543228499999941,-28.2859924],[-56.529342699999972,-28.32195],[-56.509402099999988,-28.334873099999982],[-56.515176199999985,-28.346634799999947],[-56.462991,-28.3870862],[-56.455701499999975,-28.430695399999934],[-56.4019283,-28.410449200000016],[-56.364751399999989,-28.4171963],[-56.349753599999929,-28.386287700000025],[-56.3251924,-28.3970994],[-56.3125637,-28.360482599999898],[-56.279514,-28.358686799999987],[-56.253002299999935,-28.327987399999927],[-56.267081800000028,-28.3111288],[-56.2661885,-28.2674209],[-56.23880429999997,-28.258825599999966],[-56.224063,-28.269305299999928],[-56.199937,-28.240091599999971],[-56.1373256,-28.23321889999994],[-56.128838,-28.1979778],[-56.046434799999929,-28.1367785],[-56.0373156,-28.102530799999954],[-56.02271369999994,-28.103253399999971],[-56.027596099999982,-28.0915829],[-55.9970831,-28.072361299999955],[-56.031339699999933,-27.994390599999917],[-55.9426947,-27.919817799999919],[-55.945303500000023,-27.909379899999919],[-55.927652899999941,-27.90668340000002],[-55.91229519999996,-27.847592499999962],[-55.861207599999943,-27.800161100000025],[-55.83403409999994,-27.787926399999947],[-55.79721,-27.81259649999987],[-55.763500599999929,-27.798738599999979],[-55.661614199999974,-27.812414399999966],[-55.6106833,-27.804862],[-55.564034699999922,-27.775695699999972],[-55.4998536,-27.770972799999981],[-55.4934293,-27.733543],[-55.471108399999935,-27.705606899999964],[-55.478456299999948,-27.663889099999949],[-55.426238800000021,-27.669021199999975],[-55.3991545,-27.641146900000024],[-55.35098279999994,-27.650478],[-55.3320915,-27.612083699999914],[-55.289553800000022,-27.615875],[-55.230193699999973,-27.5518166],[-55.179824199999985,-27.522104800000022],[-55.124315299999921,-27.520977499999901],[-55.105857799999967,-27.492455],[-55.077977199999964,-27.480194400000016],[-55.0959752,-27.4327045],[-55.146180500000014,-27.367409299999963],[-55.134748100000024,-27.3152624],[-55.068804699999987,-27.284558600000025],[-55.09396,-27.213931199999877],[-55.087981399999933,-27.188604299999952],[-55.074793899999918,-27.192904100000021],[-55.068826999999885,-27.176527],[-55.0350257,-27.166275499999983],[-54.986527599999988,-27.184028],[-54.937206,-27.179860099999985],[-54.90823690000002,-27.144506899999953],[-54.896509400000014,-27.09499459999995],[-54.807767499999954,-27.069766399999935],[-54.790415600000017,-27.027371300000027],[-54.754866,-27.052497899999878],[-54.72791380000001,-27.045426],[-54.704583099999979,-27.015694699999983],[-54.614231300000029,-27.009927300000015],[-54.577542900000026,-27.026311899999939],[-54.480965299999923,-26.994860099999983],[-54.480248599999868,-26.969889],[-54.451756499999988,-26.9559132],[-54.453194199999928,-26.936528],[-54.418387799999948,-26.914205999999865],[-54.39898,-26.871979899999985],[-54.378482099999928,-26.869333899999958],[-54.368528799999922,-26.844112699999926],[-54.346155199999941,-26.840651099999945],[-54.3387919,-26.818655299999989],[-54.3159013,-26.8097919],[-54.322360899999865,-26.762083599999926],[-54.306357699999921,-26.741276099999936],[-54.261238799999887,-26.7476398],[-54.246277099999986,-26.732032799999956],[-54.2499992,-26.7130661],[-54.221963800000026,-26.710830899999962],[-54.196530099999961,-26.664665299999967],[-54.145424199999979,-26.643466499999988],[-54.127701599999909,-26.6026144],[-54.088759200000027,-26.6055483],[-54.043808399999932,-26.5945317],[-54.036376299999972,-26.5766443],[-53.953394600000024,-26.563445999999885],[-53.933367499999861,-26.512454600000012],[-53.880134699999985,-26.49707259999991],[-53.8861435,-26.483863599999893],[-53.87295249999994,-26.4802305],[-53.853259099999946,-26.429922099999942],[-53.823194199999989,-26.418750199999977],[-53.80254739999998,-26.385887],[-53.761556,-26.377681400000029],[-53.763038699999981,-26.358447300000023],[-53.734728300000029,-26.3190227],[-53.736795700000016,-26.29236759999992],[-53.712820399999941,-26.263404799999989],[-53.672916099999952,-26.280130799999881],[-53.646947800000021,-26.261714299999937],[-53.64660379999998,-26.24640369999986],[-53.62784419999997,-26.262097599999947],[-53.5872627,-26.2556328],[-53.56716549999993,-26.284241800000018],[-53.499872699999912,-26.30430709999996],[-53.429038900000023,-26.284304399999883],[-53.375136199999986,-26.2406934],[-53.305688,-26.261537399999952],[-53.28074,-26.250561599999969],[-53.2643053,-26.289305799999966],[-53.228556,-26.318432299999927],[-53.167361499999913,-26.34985039999998],[-53.144301899999959,-26.344594200000017],[-53.125608,-26.373672899999917],[-53.091817100000014,-26.381525599999861],[-53.092189299999973,-26.3942348],[-53.0373573,-26.378074],[-52.993337600000018,-26.345147499999939],[-52.936523799999975,-26.366660500000023],[-52.864798300000018,-26.35823309999995],[-52.851250499999878,-26.345421199999976],[-52.762632499999938,-26.353471],[-52.7373526,-26.3423613],[-52.719305299999974,-26.356250199999977],[-52.677647499999978,-26.352951499999961],[-52.594855100000018,-26.417370799999901],[-52.522447499999942,-26.397523599999886],[-52.458963400000016,-26.4398577],[-52.402924399999961,-26.427627799999982],[-52.380036099999984,-26.4422611],[-52.363147299999866,-26.432126],[-52.305697099999918,-26.439018299999987],[-52.28374980000001,-26.459583599999917],[-52.248749799999985,-26.4537502],[-52.23556480000002,-26.464870099999985],[-52.187352699999963,-26.445138899999904],[-52.193075099999987,-26.4557375],[-52.1682015,-26.455973299999982],[-52.156263599999988,-26.4792984],[-52.1343382,-26.469639899999947],[-52.0988597,-26.4813486],[-52.078471999999863,-26.525416899999982],[-52.030843800000014,-26.540760299999931],[-52.0110214,-26.5666483],[-51.950730299999975,-26.568946],[-51.930416399999956,-26.584861299999943],[-51.8980565,-26.577746400000024],[-51.8731942,-26.600694699999963],[-51.815644500000019,-26.578916899999911],[-51.785682899999983,-26.591529200000025],[-51.74940620000001,-26.577453900000023],[-51.725578199999973,-26.594772],[-51.662371699999937,-26.555138699999986],[-51.632832300000018,-26.5929299],[-51.5983367,-26.582202199999927],[-51.521764099999984,-26.593174499999975],[-51.5112532,-26.577351],[-51.490761599999985,-26.5978604],[-51.491817,-26.6192982],[-51.450324299999977,-26.6399973],[-51.458477099999925,-26.6490928],[-51.43764589999995,-26.6856952],[-51.410579400000017,-26.699337099999923],[-51.418188199999918,-26.718193],[-51.391839199999936,-26.7364581],[-51.346249799999953,-26.709305799999981],[-51.296113100000014,-26.72890510000002],[-51.25014989999994,-26.7206956],[-51.245100599999944,-26.675476499999945],[-51.2295717,-26.684306699999922],[-51.211353,-26.663547599999958],[-51.200740699999983,-26.675651500000015],[-51.159579699999938,-26.60634639999995],[-51.109313699999973,-26.602361200000018],[-51.0606823,-26.636807299999987],[-50.92596420000001,-26.670972199999937],[-50.929027500000018,-26.691805799999941],[-50.90435789999998,-26.7015836],[-50.9107702,-26.712788199999977],[-50.8629199,-26.728504099999952],[-50.8595889,-26.749027699999885],[-50.775328800000011,-26.769121],[-50.73375,-26.754300199999932],[-50.759016599999939,-26.7784732],[-50.715426900000011,-26.777623899999924],[-50.717928499999971,-26.794619599999976],[-50.656227199999933,-26.802392600000019],[-50.644454600000017,-26.827326199999959],[-50.617102499999987,-26.835742499999981],[-50.593632299999967,-26.814574799999946],[-50.530413499999952,-26.79653780000001],[-50.5208268,-26.813733],[-50.46652610000001,-26.837076499999966],[-50.390131900000029,-26.818473599999948],[-50.3624365,-26.833121899999981],[-50.278977199999929,-26.837747699999909],[-50.253858899999955,-26.8625328],[-50.279897799999901,-26.878115499999979],[-50.261253,-26.883954500000016],[-50.27163539999998,-26.9305127],[-50.289664,-26.953829399999961],[-50.293056899999954,-26.9907106],[-50.319797499999936,-27.012374799999975],[-50.333529,-27.0773241],[-50.356145200000014,-27.101173599999981],[-50.321140799999966,-27.145338],[-50.3294515,-27.173472399999923],[-50.292490699999917,-27.200900199999921],[-50.297692499999982,-27.220853799999873],[-50.274844499999858,-27.210667600000022],[-50.261235100000022,-27.239511100000016],[-50.217219699999987,-27.250864299999932],[-50.19796029999992,-27.241646100000025],[-50.16980209999997,-27.274997],[-50.129244299999982,-27.27415],[-50.077140499999871,-27.30533],[-50.054425399999957,-27.3541598],[-50.01777409999994,-27.379680899999983],[-50.003071,-27.434569300000021],[-49.976970899999912,-27.422652299999982],[-49.958357799999987,-27.432078499999989],[-49.953761099999952,-27.417919499999982],[-49.93960119999997,-27.4342211],[-49.918205599999908,-27.428101199999958],[-49.892716,-27.467444],[-49.909949200000028,-27.533551100000011],[-49.885337600000014,-27.552063099999941],[-49.881172900000024,-27.583123599999965],[-49.846820499999865,-27.575855100000012],[-49.80295069999994,-27.596254199999976],[-49.735534599999937,-27.568006700000012],[-49.7403367,-27.593516299999919],[-49.716676599999971,-27.6002929],[-49.694997399999977,-27.581642399999964],[-49.650320799999974,-27.585012300000017],[-49.644521299999894,-27.613414699999907],[-49.6211743,-27.618964099999971],[-49.639800199999968,-27.647941099999969],[-49.620176799999911,-27.69412049999994],[-49.516998600000022,-27.731505200000015],[-49.4729352,-27.730569799999955],[-49.464205600000014,-27.751730099999975],[-49.4250596,-27.765377300000011],[-49.423550400000011,-27.785907499999951],[-49.381965499999978,-27.815079399999945],[-49.356263399999932,-27.811552899999924],[-49.3388807,-27.8368044],[-49.31499580000002,-27.8319624],[-49.295234199999925,-27.874921700000016],[-49.280693,-27.8734776],[-49.305678599999965,-27.916343499999869],[-49.30890549999998,-27.970679699999948],[-49.348503400000027,-27.995511599999929],[-49.367602399999953,-28.061949899999945],[-49.403407499999958,-28.0811845],[-49.394305499999916,-28.11012820000002],[-49.432381899999939,-28.114376100000015],[-49.453381700000023,-28.138831],[-49.486730799999918,-28.127912499999979],[-49.516547599999967,-28.17650679999997],[-49.537083100000018,-28.184305600000016],[-49.536529,-28.224013899999989],[-49.5962356,-28.240498],[-49.593692,-28.255676],[-49.549872799999889,-28.247793899999976],[-49.555243799999914,-28.2726247],[-49.524445899999989,-28.2971298],[-49.546670899999981,-28.343746199999941],[-49.5639205,-28.351890499999968],[-49.551031200000011,-28.3665186],[-49.552642900000023,-28.4039467],[-49.56823,-28.4167832],[-49.5474845,-28.444030199999986],[-49.563403899999912,-28.467508599999974],[-49.556527599999924,-28.494861199999946],[-49.590342799999974,-28.499643400000025],[-49.617242499999975,-28.5307987],[-49.634414299999946,-28.52645050000001],[-49.656490800000029,-28.565528],[-49.652631900000017,-28.598498599999914],[-49.67687339999992,-28.619578199999978],[-49.754893699999968,-28.627602399999944],[-49.755395799999974,-28.615365600000018],[-49.7878981,-28.607366599999978],[-49.825138099999947,-28.658475099999976],[-49.841246,-28.658607599999925],[-49.8378161,-28.696894899999961],[-49.953869,-28.718242399999951],[-49.9681273,-28.729219100000023],[-49.959817199999918,-28.749948199999892],[-50.020356,-28.770435500000019],[-50.054117199999951,-28.733838899999967],[-50.088186399999984,-28.721385699999985],[-50.111465299999963,-28.739555099999961],[-50.15358649999996,-28.707725699999969],[-50.183578399999931,-28.726441399999942],[-50.224591099999941,-28.723745800000017],[-50.26687720000001,-28.694681100000025],[-50.304288299999939,-28.715952099999981],[-50.3373729,-28.682372900000018],[-50.340712,-28.657246],[-50.4003007,-28.65580060000002],[-50.447320100000013,-28.610244699999953],[-50.4803483,-28.615476499999943],[-50.511926399999879,-28.642133699999988],[-50.509776199999976,-28.656819599999949],[-50.52578589999996,-28.64991329999998],[-50.5670518,-28.670501399999921],[-50.5883162,-28.663103799999988],[-50.596773900000017,-28.6415695],[-50.646264299999928,-28.6498095],[-50.674922199999912,-28.633487699999932],[-50.728997199999924,-28.638803],[-50.754467200000022,-28.593471799999975],[-50.783474199999944,-28.573051799999973],[-50.789175499999942,-28.534020399999918],[-50.827678,-28.518398499999989],[-50.83682019999992,-28.497948599999972],[-50.861125599999866,-28.492792599999916],[-50.871984399999917,-28.512358100000029],[-50.925231100000019,-28.5226404],[-50.952899099999911,-28.513583],[-50.969609699999921,-28.445069600000011],[-51.0213951,-28.386782799999935],[-51.012378099999921,-28.333154699999966],[-50.986827099999971,-28.2961805],[-50.991386199999965,-28.268601199999978],[-51.023991099999989,-28.283023599999979],[-51.083492200000023,-28.234831199999917],[-51.086853599999984,-28.1993736],[-51.111417199999948,-28.2091992],[-51.1301388,-28.1913118],[-51.162938399999916,-28.187259199999971],[-51.225344399999926,-28.2038144],[-51.2724958,-28.179913799999952],[-51.338324199999988,-28.2401572],[-51.3557813,-28.231253499999923],[-51.38856370000002,-28.2411697],[-51.39701969999993,-28.2741974],[-51.470363099999986,-28.3091758],[-51.482136799999921,-28.29559009999997],[-51.53312509999995,-28.309813299999973],[-51.613752,-28.295416],[-51.6531536,-28.311584399999958],[-51.722578399999918,-28.290650700000015],[-51.7624063,-28.261041],[-51.773892499999988,-28.287035600000024],[-51.8388256,-28.304504],[-51.855371399999967,-28.291254299999935],[-51.896477600000026,-28.305997499999989],[-51.918437499999868,-28.296526],[-51.940539199999989,-28.3084872],[-51.941153699999916,-28.32362569999998],[-51.9618676,-28.287501],[-52.014099199999862,-28.2878045],[-52.0410693,-28.315398399999935],[-52.067777699999965,-28.2908061],[-52.0937897,-28.310410099999956],[-52.116249799999935,-28.2906946],[-52.13558009999997,-28.3034586],[-52.17117449999995,-28.29994210000001],[-52.2025754,-28.263588799999923],[-52.268607299999928,-28.244394399999919],[-52.343445799999984,-28.2987453],[-52.465801799999952,-28.227303800000016],[-52.488471399999924,-28.261632099999929],[-52.539937899999984,-28.262380600000029],[-52.559627899999953,-28.29300360000002],[-52.577051199999971,-28.28268],[-52.61620419999997,-28.311671900000022],[-52.6534881,-28.304465],[-52.687006799999949,-28.2762146],[-52.739476299999978,-28.281014499999969],[-52.771077,-28.306970599999943],[-52.783286199999964,-28.282094299999926],[-52.803109599999971,-28.3029727],[-52.831268299999977,-28.279447300000015],[-52.865092099999913,-28.273671399999955],[-52.902678599999945,-28.300911199999973],[-52.946031899999866,-28.2733187],[-53.008110699999975,-28.291750700000023],[-53.02286620000001,-28.254997499999945],[-53.0113093,-28.246821299999908],[-53.043342899999971,-28.2001904],[-53.054341499999964,-28.155593],[-53.0835892,-28.162563699999964],[-53.099080499999957,-28.1456966],[-53.153461599999957,-28.138850199999979],[-53.2136218,-28.165166499999941],[-53.245829800000024,-28.213865099999964],[-53.240921599999979,-28.24795610000001],[-53.28901929999995,-28.326250099999982],[-53.242978699999924,-28.382862],[-53.266264799999988,-28.3969371],[-53.279623499999957,-28.429857799999979],[-53.318789699999968,-28.426329399999986],[-53.321591299999966,-28.4431624],[-53.364059600000019,-28.44856649999997],[-53.3761852,-28.47265010000001],[-53.394913299999985,-28.469300699999906],[-53.410920799999985,-28.4846392],[-53.4374674,-28.468778499999928],[-53.4645691,-28.488555099999985],[-53.449225699999943,-28.509940099999938],[-53.467571099999986,-28.535554899999966],[-53.455442599999913,-28.5521723],[-53.522030699999959,-28.57542380000001],[-53.540666499999929,-28.616161599999884],[-53.590687499999888,-28.626891300000011],[-53.6296873,-28.6984099],[-53.619101199999989,-28.710509699999989],[-53.650023699999963,-28.742271699999947],[-53.643351699999926,-28.7489794],[-53.69458579999997,-28.7876837],[-53.7338368,-28.885067699999979],[-53.759300799999949,-28.909586499999989],[-53.7547434,-28.964858699999979],[-53.785110700000018,-28.965637699999945],[-53.797916399999963,-28.987638899999922],[-53.787884099999985,-28.997706600000015],[-53.849225900000022,-29.070962399999928],[-53.790719500000023,-29.1070431],[-53.7750845,-29.1564924],[-53.744219499999986,-29.151861399999973],[-53.725961200000029,-29.177479],[-53.690782499999955,-29.192499399999974],[-53.683692899999983,-29.228214099999889],[-53.6582851,-29.241062099999965],[-53.68680849999987,-29.315863699999966],[-53.668811800000015,-29.337294199999974],[-53.689753099999962,-29.365903300000014],[-53.668307299999924,-29.3792555],[-53.673446,-29.4266786],[-53.696734399999912,-29.4559992],[-53.6809761,-29.491980499999954],[-53.782267299999944,-29.5622816],[-53.821381899999949,-29.623277599999938],[-53.926051199999961,-29.630178099999966],[-53.9703313,-29.668308899999943],[-53.967644099999973,-29.685694399999932],[-54.047313699999961,-29.699351199999967],[-54.033227,-29.722299499999963],[-54.056994700000018,-29.736088199999983],[-54.0943438,-29.752138299999956],[-54.143596600000023,-29.737912400000027],[-54.156728599999951,-29.751464399999975],[-54.18888219999991,-29.734597399999984],[-54.240967499999954,-29.749030800000014],[-54.227069799999981,-29.781504299999938],[-54.239872499999933,-29.794212099999982],[-54.223843,-29.809636300000022],[-54.253431499999976,-29.851637599999947],[-54.245857299999955,-29.86412259999986],[-54.2891103,-29.892795],[-54.289532300000019,-29.915311799999984],[-54.307095,-29.906526499999984],[-54.326797499999941,-29.924027799999976],[-54.319952299999954,-29.939034499999934],[-54.333685899999978,-29.958150199999977],[-54.309168699999987,-29.993292399999973],[-54.28905889999993,-29.993359699999928],[-54.297320799999966,-30.014308],[-54.284700399999906,-30.035480800000016],[-54.289834499999984,-30.064066],[-54.335413799999912,-30.072062199999948],[-54.337089799999944,-30.1403932],[-54.361804099999972,-30.189719299999979],[-54.32753550000001,-30.216672300000027],[-54.3468039,-30.2417951],[-54.385195300000021,-30.257936899999947],[-54.393196900000021,-30.242181500000015],[-54.4528967,-30.238098699999966],[-54.4677479,-30.256619699999931],[-54.4396974,-30.3019713],[-54.4391584,-30.351722699999982],[-54.455921399999966,-30.352100899999925],[-54.444896,-30.371179499999926],[-54.471571799999936,-30.374424],[-54.46653079999993,-30.394329500000026],[-54.4851496,-30.397082099999977],[-54.478398799999923,-30.422774599999968],[-54.513209800000027,-30.417792499999962],[-54.528120800000011,-30.443909399999939],[-54.5504017,-30.439097100000026],[-54.535508899999968,-30.452916699999946],[-54.550229299999955,-30.486092],[-54.530192100000022,-30.496846],[-54.528541599999983,-30.522795799999983],[-54.49791190000002,-30.528057699999977],[-54.477601100000015,-30.555583800000022],[-54.443472,-30.570416899999941],[-54.411116,-30.55824819999998],[-54.3004386,-30.604697299999941],[-54.27992329999995,-30.6957483],[-54.142972399999962,-30.761260599999957],[-54.161999900000012,-30.790060499999981],[-54.133538499999929,-30.8058509],[-54.092847099999972,-30.916014299999915],[-54.1336121,-30.989413500000012],[-54.191939100000013,-31.029439599999989],[-54.19891889999991,-31.093007600000021],[-54.166432599999951,-31.128742699999918],[-54.158986700000014,-31.1967411],[-54.082072900000014,-31.205331199999989],[-54.077001600000017,-31.225780099999895],[-54.033811799999967,-31.253537199999982],[-53.882499099999961,-31.2530901],[-53.874736,-31.281273399999975],[-53.841204800000014,-31.303866],[-53.786624699999948,-31.301846599999919],[-53.769989199999941,-31.3324968],[-53.8079042,-31.3411678],[-53.808958699999948,-31.398752],[-53.842802699999879,-31.410971099999983],[-53.849531899999931,-31.437556500000028],[-53.904349700000012,-31.443276499999968],[-53.948318799999981,-31.485933499999987],[-53.994678599999929,-31.475071],[-54.025417399999981,-31.4891927],[-54.047892,-31.546139],[-54.071177,-31.5588426],[-54.108008700000028,-31.6228567],[-54.118649699999935,-31.6190259],[-54.114164,-31.630096400000014],[-54.155686299999957,-31.6426394],[-54.179887099999974,-31.6991319],[-54.19016629999993,-31.6954864],[-54.2323427,-31.758657699999958],[-54.2133682,-31.797620699999868],[-54.227484800000013,-31.805452600000024],[-54.21844539999995,-31.853369],[-54.19487190000001,-31.844863399999952],[-54.161047099999962,-31.8704098],[-54.172122300000012,-31.88136419999995],[-54.150365199999953,-31.896356899999944],[-54.152989100000013,-31.936816],[-54.127066599999921,-31.9627382],[-54.1032462,-31.962457700000016],[-54.082892299999969,-31.9994107],[-54.0791815,-32.017060299999969],[-54.10663310000001,-32.034938599999975],[-54.088253,-32.1256115],[-54.111590799999874,-32.134111500000017],[-54.118457699999965,-32.1198761],[-54.13507420000002,-32.122020499999962],[-54.160792099999924,-32.134412199999986],[-54.1676789,-32.173368899999957],[-54.199030699999923,-32.1809318],[-54.2186168,-32.170155799999861],[-54.221812600000021,-32.182998399999917],[-54.248135499999989,-32.17949440000001],[-54.276662099999953,-32.206126],[-54.2942028,-32.200454900000011],[-54.312211199999922,-32.220167],[-54.308177599999965,-32.23613469999998],[-54.35806980000001,-32.2523344],[-54.4079233,-32.3074982],[-54.413557199999957,-32.339771900000017],[-54.441167199999938,-32.364505799999961],[-54.432143199999985,-32.391729199999929],[-54.459926299999893,-32.3890743],[-54.485102899999958,-32.416122200000018],[-54.462958699999945,-32.470353699999976],[-54.4827181,-32.468619400000023],[-54.470347199999878,-32.4975617],[-54.477516899999955,-32.520603899999969],[-54.4615822,-32.5290989],[-54.446825100000012,-32.580405],[-54.459633899999858,-32.603400199999953],[-54.419026299999928,-32.66387659999998],[-54.4470336,-32.729273499999977],[-54.429952199999946,-32.755444299999965],[-54.438565599999947,-32.778850299999931],[-54.474942599999963,-32.79457119999995],[-54.5054118,-32.780718200000024],[-54.5189613,-32.799010599999917],[-54.574859199999935,-32.799058100000025],[-54.624845400000027,-32.844286],[-54.68105259999993,-32.795025399999872],[-54.726623899999936,-32.8152574],[-54.739595099999974,-32.842554599999971],[-54.850751099999968,-32.851955700000019],[-54.904667500000016,-32.907915299999956],[-54.902227799999935,-32.920757199999912],[-54.97263,-32.918078],[-55.007999899999959,-32.933840299999986],[-55.0336034,-32.969753200000014],[-55.006377799999882,-32.999594199999933],[-55.014832800000022,-33.035068200000012],[-55.0492122,-33.066249499999969],[-55.101951,-33.076017799999988],[-55.1313515,-33.10142559999997],[-55.138597600000026,-33.1300228],[-55.11808689999998,-33.14212],[-55.129799199999979,-33.179169899999977],[-55.115180899999984,-33.193744900000013],[-55.140995499999974,-33.232809299999872],[-55.090713400000027,-33.281899099999919],[-55.143741099999886,-33.31652459999998],[-55.12984419999998,-33.339732499999968],[-55.1597865,-33.375062299999968],[-55.153558,-33.425496599999974],[-55.1279963,-33.444423499999971],[-55.1527367999999,-33.4775636],[-55.142676600000016,-33.50951189999995],[-55.213389300000017,-33.5118728],[-55.240004199999987,-33.589749],[-55.3324801,-33.609126899999922],[-55.358363699999927,-33.644656899999973],[-55.338941700000021,-33.679024499999969],[-55.342796099999987,-33.6997058],[-55.302734,-33.712523499999975],[-55.3203135,-33.733018],[-55.299700200000018,-33.76228969999994],[-55.3573609,-33.875972499999932],[-55.42458309999995,-33.88791689999988],[-55.4925311,-33.848758699999962],[-55.52597609999998,-33.854473399999961],[-55.582544400000018,-33.877363099999911],[-55.608653199999878,-33.946834799999976],[-55.647710299999915,-33.97592],[-55.711259900000016,-33.9751556],[-55.726688899999942,-33.993293],[-55.747878799999967,-33.987007199999937],[-55.800841,-34.006916499999932],[-55.8250284,-33.999347600000021],[-55.883406199999911,-34.037862899999936],[-55.886162599999921,-33.9514499],[-55.748304599999926,-33.902263300000016],[-55.681062399999917,-33.895765899999958],[-55.650287699999922,-33.8644155],[-55.680660900000021,-33.819833799999913],[-55.717822599999977,-33.796828699999935],[-55.769187699999918,-33.80166829999996],[-55.890972,-33.730416899999966],[-55.958008,-33.751293399999952],[-55.968185499999947,-33.7705805],[-56.00136,-33.75559579999998],[-56.0931832,-33.7606953],[-56.101699899999971,-33.748237799999913],[-56.146929399999976,-33.7589314],[-56.186259,-33.737908800000014],[-56.232349599999964,-33.779750299999932],[-56.315034,-33.793281699999909],[-56.338095399999986,-33.846772899999905],[-56.376449699999966,-33.852147],[-56.397132199999987,-33.885964699999988],[-56.425019500000019,-33.882453699999928],[-56.455817499999966,-33.902699599999892],[-56.5147685,-33.862524199999939],[-56.5312207,-33.869034099999965],[-56.587083099999916,-33.8487503],[-56.644029399999965,-33.784447999999884],[-56.718203799999969,-33.764882299999897],[-56.72281,-33.722804600000018],[-56.736797599999932,-33.714305499999966],[-56.819305400000019,-33.740139199999987],[-56.82845279999998,-33.7205447],[-56.886396900000022,-33.697254],[-56.9140167,-33.702360099999964],[-56.944857499999955,-33.758733],[-57.0083902,-33.782348299999967],[-57.016678299999967,-33.8507687],[-57.048579699999948,-33.880449099999964],[-57.0326387,-33.9281947],[-57.08104830000002,-33.959668],[-57.143201399999953,-33.95300020000002],[-57.227945700000021,-33.91402949999997],[-57.245700600000021,-33.9276372],[-57.3026453,-33.930415799999935],[-57.358760399999937,-33.870416699999964],[-57.4284515,-33.881371300000012],[-57.47586050000001,-33.915251599999976],[-57.5175011,-33.910521399999936],[-57.581418099999951,-33.9291187],[-57.615612099999964,-33.9514982],[-57.7532526,-33.913513399999943],[-57.777404100000012,-33.925099099999954],[-57.792457399999932,-33.8979941],[-57.829674,-33.876609099999939],[-57.9176377,-33.859235199999944],[-57.959466499999962,-33.88332639999993],[-57.978472,-33.878750299999922],[-58.030417499999885,-33.942544600000019],[-58.057204499999955,-33.932921599999986],[-58.084710200000018,-33.947475],[-58.118486500000017,-33.934275099999979],[-58.168122099999948,-33.940938500000016],[-58.193706500000019,-33.92370440000002],[-58.235187900000028,-33.9531073],[-58.258654799999874,-33.943805399999974],[-58.303137699999979,-33.971489799999972],[-58.3668171,-33.980141]]]]}}
]
}
