{
"type": "FeatureCollection",
"name": "TKU-2023-cabotagem",
"features": [
{"type":"Feature","properties":{"idhidrovia":200000346,"nome":"Acesso ao Porto de Imbituba","navegacao":"Navegação de Cabotagem","tipo":"Marítimo/oceânico","vel_cional":15.0,"extensao":1.0,"tempo":"0d 0h 4min","cla_icacao":"Acesso simples","nome_rio":null,"nom_eclusa":null,"jurisdicao":null,"reg_rafica":null,"pro_de_min":null,"pro_de_max":null,"dominio":null,"observacao":null,"snv":null,"fonte":null,"idm_origem":"BR420730","mun_origem":"Imbituba","est_origem":"SC","idm_estino":null,"mun_estino":null,"est_estino":null,"idantaq":null,"camada sim":"1","Fluxo":925627.0},"geometry":{"type":"MultiLineString","coordinates":[[[-48.650515,-28.229283],[-48.65059,-28.229267],[-48.650666,-28.229256],[-48.650743,-28.229251],[-48.650821,-28.229251],[-48.650901,-28.229256],[-48.650983,-28.229267],[-48.651067,-28.229284],[-48.651153,-28.229306],[-48.651227,-28.229329],[-48.651303,-28.229356],[-48.651382,-28.229387],[-48.651466,-28.229423],[-48.651622,-28.229495],[-48.651972,-28.229668],[-48.65206,-28.229708],[-48.652138,-28.229742],[-48.652219,-28.229773],[-48.652295,-28.229799],[-48.652367,-28.229819],[-48.652435,-28.229834],[-48.652509,-28.229844],[-48.65258,-28.229848],[-48.652649,-28.229846],[-48.652715,-28.229836],[-48.652779,-28.22982],[-48.652841,-28.229798],[-48.652901,-28.229768],[-48.65296,-28.229732],[-48.653044,-28.229672],[-48.653128,-28.229607],[-48.653212,-28.229538],[-48.653297,-28.229464],[-48.653381,-28.229386],[-48.653465,-28.229302],[-48.653549,-28.229215],[-48.653634,-28.229122],[-48.653717,-28.229026],[-48.653801,-28.228925],[-48.653885,-28.228819],[-48.653968,-28.22871],[-48.65405,-28.228596],[-48.654132,-28.228478],[-48.654214,-28.228357],[-48.654295,-28.228231],[-48.654376,-28.228101],[-48.654456,-28.227968],[-48.654535,-28.22783],[-48.654613,-28.22769],[-48.65469,-28.227546],[-48.654767,-28.227399],[-48.654842,-28.227249],[-48.654915,-28.227096],[-48.654988,-28.22694],[-48.655059,-28.226782],[-48.655129,-28.226622],[-48.655197,-28.22646],[-48.655264,-28.226296],[-48.655328,-28.22613],[-48.655391,-28.225962],[-48.655452,-28.225794],[-48.655512,-28.225622],[-48.65557,-28.22545],[-48.655625,-28.225277],[-48.655678,-28.225104],[-48.655729,-28.224931],[-48.655777,-28.224758],[-48.655823,-28.224585],[-48.655866,-28.224414],[-48.655907,-28.224243],[-48.655945,-28.224074],[-48.65598,-28.223906],[-48.656012,-28.22374],[-48.656042,-28.223576],[-48.656068,-28.223414],[-48.656092,-28.223254],[-48.656113,-28.223097],[-48.656131,-28.222943],[-48.656145,-28.222792],[-48.656157,-28.222644],[-48.656166,-28.2225],[-48.656171,-28.222359],[-48.656174,-28.222222],[-48.656174,-28.222088],[-48.656171,-28.221958],[-48.656164,-28.221832],[-48.656155,-28.221711],[-48.656142,-28.221593],[-48.656127,-28.22148],[-48.656109,-28.221371],[-48.656088,-28.221267],[-48.656063,-28.221167],[-48.656036,-28.221072],[-48.656005,-28.220979],[-48.65597,-28.220885],[-48.655931,-28.220791],[-48.655887,-28.220695],[-48.655839,-28.220599],[-48.655786,-28.220503],[-48.655729,-28.220405],[-48.655667,-28.220306],[-48.655601,-28.220207],[-48.65553,-28.220106],[-48.655455,-28.220005],[-48.655375,-28.219902],[-48.65529,-28.219798],[-48.655201,-28.219692],[-48.655107,-28.219586],[-48.655007,-28.219478],[-48.654912,-28.219377],[-48.654812,-28.219274],[-48.654707,-28.21917],[-48.654598,-28.219064],[-48.654483,-28.218955],[-48.654363,-28.218844],[-48.654105,-28.218613],[-48.653866,-28.218407],[-48.653598,-28.21818],[-48.653337,-28.217964],[-48.652746,-28.217478],[-48.652472,-28.21725],[-48.652312,-28.217117],[-48.652149,-28.216989],[-48.651983,-28.216865],[-48.651815,-28.216744],[-48.651643,-28.216628],[-48.651469,-28.216515],[-48.651292,-28.216406],[-48.651112,-28.2163],[-48.650929,-28.216199],[-48.650743,-28.216101],[-48.650554,-28.216007],[-48.650362,-28.215917],[-48.650167,-28.21583],[-48.649969,-28.215748],[-48.649768,-28.215668],[-48.649564,-28.215593],[-48.649356,-28.215521],[-48.649146,-28.215453],[-48.648932,-28.215389],[-48.648715,-28.215328],[-48.648494,-28.21527],[-48.64827,-28.215217],[-48.648042,-28.215166],[-48.647811,-28.21512],[-48.647576,-28.215076],[-48.647337,-28.215037],[-48.647094,-28.215],[-48.646848,-28.214968],[-48.646597,-28.214938],[-48.646342,-28.214912],[-48.646083,-28.21489],[-48.645819,-28.214871],[-48.645601,-28.214858],[-48.645381,-28.214847],[-48.645157,-28.214838],[-48.64493,-28.214832],[-48.644699,-28.214828],[-48.644465,-28.214826],[-48.644227,-28.214826],[-48.643985,-28.214828],[-48.643739,-28.214833],[-48.643488,-28.21484],[-48.643233,-28.214849],[-48.642973,-28.21486],[-48.642708,-28.214873],[-48.642437,-28.214889],[-48.642159,-28.214907],[-48.641875,-28.214928],[-48.641394,-28.214966],[-48.640888,-28.215011],[-48.640354,-28.215063],[-48.639781,-28.215123],[-48.638694,-28.215247],[-48.636703,-28.215484],[-48.635922,-28.215575],[-48.63513,-28.215663],[-48.634418,-28.215736],[-48.634019,-28.215774],[-48.633635,-28.215808],[-48.633265,-28.215838],[-48.632906,-28.215864],[-48.632556,-28.215887],[-48.632216,-28.215907],[-48.631884,-28.215923],[-48.63156,-28.215936],[-48.631185,-28.215947],[-48.630819,-28.215953],[-48.630461,-28.215954],[-48.630112,-28.215951],[-48.629769,-28.215943],[-48.629434,-28.21593],[-48.629105,-28.215913],[-48.628783,-28.215891],[-48.628466,-28.215864],[-48.628155,-28.215833],[-48.62785,-28.215796],[-48.62755,-28.215755],[-48.627256,-28.215709],[-48.626966,-28.215659],[-48.626682,-28.215603],[-48.626402,-28.215542],[-48.62611,-28.215474],[-48.625816,-28.215404],[-48.625522,-28.21533],[-48.625228,-28.215254],[-48.624932,-28.215176],[-48.624635,-28.215094],[-48.624338,-28.21501],[-48.62404,-28.214923],[-48.62374,-28.214833],[-48.62344,-28.214741],[-48.623138,-28.214645],[-48.622836,-28.214547],[-48.622532,-28.214446],[-48.622227,-28.214342],[-48.62192,-28.214236],[-48.621612,-28.214126],[-48.621303,-28.214014],[-48.620993,-28.213898],[-48.620681,-28.21378],[-48.620367,-28.213659],[-48.620052,-28.213534],[-48.619735,-28.213407],[-48.619415,-28.213276],[-48.619094,-28.213143],[-48.618771,-28.213006],[-48.618445,-28.212866],[-48.618117,-28.212722],[-48.617787,-28.212576],[-48.617453,-28.212426],[-48.617117,-28.212272],[-48.616778,-28.212115],[-48.616436,-28.211954],[-48.615877,-28.211687],[-48.615309,-28.21141],[-48.614729,-28.211121],[-48.614136,-28.210821],[-48.61353,-28.210509],[-48.612907,-28.210184],[-48.612263,-28.209842],[-48.611596,-28.209484],[-48.610443,-28.208854],[-48.609163,-28.208144],[-48.607924,-28.207449],[-48.604844,-28.205711],[-48.603978,-28.205226],[-48.603198,-28.204792],[-48.602344,-28.204323],[-48.601543,-28.203887],[-48.600779,-28.203477],[-48.600045,-28.20309],[-48.599223,-28.202664],[-48.598427,-28.202261],[-48.598037,-28.202067],[-48.597653,-28.201878],[-48.597273,-28.201693],[-48.596898,-28.201514],[-48.596527,-28.201338],[-48.596159,-28.201167],[-48.595794,-28.200999],[-48.595433,-28.200836],[-48.595075,-28.200677],[-48.59472,-28.200521],[-48.594368,-28.20037],[-48.594018,-28.200222],[-48.592017,-28.199389],[-48.590017,-28.198569],[-48.588019,-28.197762],[-48.586022,-28.196968],[-48.584027,-28.196187],[-48.582034,-28.195419],[-48.580043,-28.194664],[-48.578054,-28.193922],[-48.576068,-28.193193],[-48.574084,-28.192477],[-48.572103,-28.191775],[-48.570124,-28.191086],[-48.568148,-28.19041],[-48.566176,-28.189748],[-48.564206,-28.189099],[-48.56224,-28.188464],[-48.560107,-28.187788],[-48.557979,-28.187127],[-48.555856,-28.18648],[-48.553739,-28.185849],[-48.551628,-28.185232],[-48.549523,-28.18463],[-48.547423,-28.184042],[-48.545329,-28.18347],[-48.543241,-28.182912],[-48.541159,-28.18237],[-48.539083,-28.181842],[-48.537013,-28.18133],[-48.53495,-28.180832],[-48.532893,-28.180349],[-48.530842,-28.179881],[-48.528798,-28.179429],[-48.526573,-28.178949],[-48.524391,-28.178491],[-48.522247,-28.178052],[-48.520139,-28.177633],[-48.518064,-28.177233],[-48.516019,-28.176851],[-48.514002,-28.176488],[-48.512011,-28.176142],[-48.510043,-28.175813],[-48.509068,-28.175655],[-48.508099,-28.175501],[-48.507135,-28.175352],[-48.506176,-28.175207],[-48.505223,-28.175066],[-48.504275,-28.174929],[-48.503332,-28.174797],[-48.502394,-28.174669],[-48.501461,-28.174544],[-48.500533,-28.174424],[-48.499609,-28.174308],[-48.498689,-28.174197],[-48.497774,-28.174089],[-48.496864,-28.173985],[-48.495939,-28.173884],[-48.495009,-28.173786],[-48.494073,-28.173691],[-48.49313,-28.173599],[-48.492181,-28.173511],[-48.491225,-28.173425],[-48.490262,-28.173343],[-48.489292,-28.173264],[-48.488315,-28.173188],[-48.487331,-28.173115],[-48.486338,-28.173045],[-48.485338,-28.172978],[-48.48433,-28.172914],[-48.483313,-28.172853],[-48.482288,-28.172796],[-48.481253,-28.172741],[-48.479162,-28.17264],[-48.47703,-28.172552],[-48.474854,-28.172474],[-48.472628,-28.172408],[-48.470351,-28.172353],[-48.468012,-28.172309],[-48.465603,-28.172276],[-48.463113,-28.172253],[-48.462186,-28.172249],[-48.461251,-28.172248],[-48.460308,-28.17225],[-48.459355,-28.172256],[-48.458393,-28.172265],[-48.457422,-28.172278],[-48.455446,-28.172313],[-48.453425,-28.172363],[-48.451352,-28.172427],[-48.449218,-28.172505],[-48.447015,-28.172598],[-48.444859,-28.172699],[-48.442614,-28.172815],[-48.440259,-28.172946],[-48.437758,-28.173094],[-48.435267,-28.173249],[-48.432501,-28.173429],[-48.424021,-28.174],[-48.422065,-28.174135],[-48.420093,-28.174277],[-48.418106,-28.174426],[-48.416102,-28.174584],[-48.414081,-28.174748],[-48.412042,-28.174921],[-48.409984,-28.175101],[-48.407906,-28.175289],[-48.405808,-28.175484],[-48.403688,-28.175688],[-48.401545,-28.1759],[-48.399377,-28.17612],[-48.397184,-28.176348],[-48.394962,-28.176585],[-48.39271,-28.17683],[-48.390427,-28.177085],[-48.385869,-28.177609],[-48.381156,-28.178171],[-48.376261,-28.178774],[-48.371137,-28.179424],[-48.365818,-28.180117],[-48.360109,-28.180876],[-48.353868,-28.181722],[-48.346501,-28.182734],[-48.338725,-28.183818],[-48.335192,-28.18432],[-48.331823,-28.184804],[-48.328569,-28.185279],[-48.325426,-28.185744],[-48.322378,-28.186202],[-48.319412,-28.186656],[-48.316486,-28.187111],[-48.313627,-28.187564],[-48.310828,-28.188016],[-48.308083,-28.188468],[-48.305386,-28.18892],[-48.302736,-28.189373],[-48.300128,-28.189827],[-48.297559,-28.190284],[-48.294149,-28.190902],[-48.290756,-28.191529],[-48.287378,-28.192165],[-48.284017,-28.192809],[-48.280672,-28.193461],[-48.277343,-28.194122],[-48.274029,-28.194792],[-48.270732,-28.19547],[-48.267449,-28.196157],[-48.264183,-28.196853],[-48.260931,-28.197557],[-48.257695,-28.19827],[-48.254474,-28.198992],[-48.251268,-28.199723],[-48.248077,-28.200462],[-48.244901,-28.20121],[-48.241426,-28.202042],[-48.237973,-28.202882],[-48.234544,-28.203728],[-48.231136,-28.204583],[-48.22775,-28.205445],[-48.224386,-28.206315],[-48.221042,-28.207193],[-48.21772,-28.208078],[-48.214418,-28.208972],[-48.211136,-28.209874],[-48.207875,-28.210784],[-48.204633,-28.211702],[-48.201412,-28.212628],[-48.198209,-28.213563],[-48.195026,-28.214506],[-48.191862,-28.215457],[-48.188677,-28.216428],[-48.185518,-28.217404],[-48.182384,-28.218384],[-48.179274,-28.219368],[-48.176188,-28.220358],[-48.173125,-28.221353],[-48.170085,-28.222353],[-48.167068,-28.223358],[-48.164073,-28.224369],[-48.161099,-28.225385],[-48.158147,-28.226408],[-48.155216,-28.227436],[-48.152306,-28.22847],[-48.149417,-28.22951],[-48.146548,-28.230556],[-48.143699,-28.231608],[-48.140532,-28.232793],[-48.137393,-28.233981],[-48.134281,-28.235173],[-48.131196,-28.236369],[-48.128138,-28.237569],[-48.125105,-28.238774],[-48.122097,-28.239983],[-48.119115,-28.241197],[-48.116156,-28.242416],[-48.113222,-28.243641],[-48.110311,-28.244871],[-48.107424,-28.246106],[-48.104559,-28.247347],[-48.101718,-28.248593],[-48.098898,-28.249846],[-48.096101,-28.251104],[-48.093413,-28.252328],[-48.090725,-28.253566],[-48.088037,-28.254818],[-48.08535,-28.256083],[-48.082663,-28.257362],[-48.079976,-28.258655],[-48.07729,-28.259962],[-48.074605,-28.261282],[-48.071921,-28.262615],[-48.069239,-28.263962],[-48.066557,-28.265322],[-48.063878,-28.266695],[-48.0612,-28.268081],[-48.058523,-28.269481],[-48.055849,-28.270893],[-48.053177,-28.272318],[-48.050406,-28.273811],[-48.04763,-28.275325],[-48.044847,-28.276857],[-48.042059,-28.27841],[-48.039264,-28.279983],[-48.036464,-28.281575],[-48.033657,-28.283187],[-48.030844,-28.28482],[-48.028024,-28.286472],[-48.025198,-28.288145],[-48.022365,-28.289838],[-48.019525,-28.291551],[-48.016678,-28.293285],[-48.013824,-28.295039],[-48.010962,-28.296814],[-48.008093,-28.29861],[-48.005484,-28.300257],[-48.002876,-28.301919],[-48.000269,-28.303595],[-47.997664,-28.305285],[-47.99506,-28.306988],[-47.992458,-28.308705],[-47.989857,-28.310436],[-47.987259,-28.312181],[-47.984662,-28.313939],[-47.982067,-28.31571],[-47.979475,-28.317495],[-47.976884,-28.319294],[-47.974297,-28.321105],[-47.971711,-28.32293],[-47.969129,-28.324767],[-47.966549,-28.326618],[-47.963854,-28.328567],[-47.961167,-28.330528],[-47.958488,-28.332499],[-47.955817,-28.334482],[-47.953154,-28.336476],[-47.950499,-28.338481],[-47.947852,-28.340497],[-47.945213,-28.342525],[-47.942583,-28.344563],[-47.93996,-28.346612],[-47.937345,-28.348673],[-47.934738,-28.350745],[-47.932139,-28.352827],[-47.929548,-28.354921],[-47.926966,-28.357026],[-47.924391,-28.359142]]]}},
{"type":"Feature","properties":{"idhidrovia":200000347,"nome":"Porto de São Francisco do Sul - Porto de Paranaguá","navegacao":"Navegação de Cabotagem","tipo":"Marítimo/oceânico","vel_cional":25.0,"extensao":93.24,"tempo":"0d 3h 43min","cla_icacao":"Percurso externo","nome_rio":null,"nom_eclusa":null,"jurisdicao":null,"reg_rafica":null,"pro_de_min":null,"pro_de_max":null,"dominio":null,"observacao":null,"snv":null,"fonte":null,"idm_origem":null,"mun_origem":null,"est_origem":null,"idm_estino":null,"mun_estino":null,"est_estino":null,"idantaq":null,"camada sim":"2","Fluxo":27490761.0},"geometry":{"type":"MultiLineString","coordinates":[[[-47.960161,-26.345604],[-47.959926,-26.343962],[-47.959419,-26.34048],[-47.958906,-26.33701],[-47.958388,-26.333552],[-47.957864,-26.330105],[-47.957333,-26.326671],[-47.956797,-26.323248],[-47.956255,-26.319837],[-47.955707,-26.316437],[-47.955152,-26.313049],[-47.954592,-26.309672],[-47.953459,-26.302958],[-47.952315,-26.296325],[-47.951738,-26.293038],[-47.951159,-26.28977],[-47.950577,-26.28652],[-47.949992,-26.283289],[-47.949403,-26.280074],[-47.948812,-26.276878],[-47.948217,-26.273698],[-47.947619,-26.270535],[-47.947018,-26.267388],[-47.946413,-26.264257],[-47.945804,-26.261142],[-47.945193,-26.258042],[-47.944577,-26.254957],[-47.943957,-26.251886],[-47.943334,-26.248831],[-47.942708,-26.245789],[-47.942077,-26.242762],[-47.941443,-26.239749],[-47.940804,-26.23675],[-47.940162,-26.233765],[-47.939516,-26.230792],[-47.938866,-26.227833],[-47.938212,-26.224888],[-47.937553,-26.221955],[-47.936891,-26.219034],[-47.936225,-26.216127],[-47.935554,-26.213231],[-47.934879,-26.210348],[-47.934122,-26.207144],[-47.933364,-26.203966],[-47.932606,-26.200812],[-47.931847,-26.197681],[-47.931087,-26.194574],[-47.930326,-26.19149],[-47.929564,-26.188427],[-47.9288,-26.185386],[-47.928035,-26.182364],[-47.927268,-26.179363],[-47.9265,-26.176382],[-47.925729,-26.17342],[-47.924957,-26.170477],[-47.924182,-26.167552],[-47.923405,-26.164645],[-47.922626,-26.161755],[-47.921844,-26.158881],[-47.921059,-26.156024],[-47.920272,-26.153184],[-47.919482,-26.150359],[-47.918689,-26.147551],[-47.917894,-26.144758],[-47.917095,-26.141981],[-47.916294,-26.139219],[-47.915489,-26.136471],[-47.914681,-26.133738],[-47.91387,-26.13102],[-47.913056,-26.128316],[-47.912238,-26.125626],[-47.911417,-26.122949],[-47.910592,-26.120287],[-47.909764,-26.117637],[-47.908768,-26.114476],[-47.907782,-26.111368],[-47.906805,-26.10831],[-47.905835,-26.105297],[-47.904873,-26.102326],[-47.903916,-26.099397],[-47.902965,-26.096505],[-47.902019,-26.093649],[-47.901075,-26.090826],[-47.900135,-26.088035],[-47.899199,-26.085275],[-47.898264,-26.082545],[-47.897332,-26.079844],[-47.896401,-26.07717],[-47.895472,-26.074523],[-47.894544,-26.071901],[-47.893614,-26.069296],[-47.892684,-26.066715],[-47.891754,-26.064157],[-47.890824,-26.061622],[-47.889894,-26.059108],[-47.888963,-26.056616],[-47.888032,-26.054144],[-47.887099,-26.051692],[-47.886165,-26.04926],[-47.88523,-26.046846],[-47.884293,-26.044451],[-47.883354,-26.042074],[-47.882413,-26.039715],[-47.881471,-26.037373],[-47.880526,-26.035049],[-47.879578,-26.032741],[-47.878609,-26.0304],[-47.877632,-26.028059],[-47.876647,-26.025719],[-47.875655,-26.02338],[-47.874655,-26.021041],[-47.873647,-26.018702],[-47.872632,-26.016365],[-47.87161,-26.014028],[-47.870579,-26.011692],[-47.869542,-26.009356],[-47.868496,-26.007022],[-47.867444,-26.004688],[-47.866384,-26.002356],[-47.865317,-26.000025],[-47.864242,-25.997695],[-47.86316,-25.995366],[-47.862071,-25.993039],[-47.860974,-25.990713],[-47.859871,-25.988388],[-47.85876,-25.986065],[-47.857642,-25.983744],[-47.856517,-25.981424],[-47.855384,-25.979106],[-47.854245,-25.97679],[-47.853099,-25.974476],[-47.851946,-25.972163],[-47.850786,-25.969853],[-47.849619,-25.967545],[-47.848445,-25.965239],[-47.847264,-25.962936],[-47.846077,-25.960634],[-47.844883,-25.958336],[-47.843727,-25.956126],[-47.842558,-25.95391],[-47.841378,-25.951687],[-47.840186,-25.949458],[-47.839927,-25.948979]]]}},
{"type":"Feature","properties":{"idhidrovia":200000348,"nome":"Acesso ao Porto de São Francisco do Sul","navegacao":"Navegação de Cabotagem","tipo":"Marítimo/oceânico","vel_cional":15.0,"extensao":1.0,"tempo":"0d 0h 4min","cla_icacao":"Acesso simples","nome_rio":null,"nom_eclusa":null,"jurisdicao":null,"reg_rafica":null,"pro_de_min":null,"pro_de_max":null,"dominio":null,"observacao":null,"snv":null,"fonte":null,"idm_origem":"BR421620","mun_origem":"São Francisco do Sul","est_origem":"SC","idm_estino":null,"mun_estino":null,"est_estino":null,"idantaq":null,"camada sim":"3","Fluxo":15007441.0},"geometry":{"type":"MultiLineString","coordinates":[[[-48.635264,-26.235505],[-48.634328,-26.234162],[-48.633387,-26.232824],[-48.632441,-26.231494],[-48.631489,-26.230169],[-48.630532,-26.228852],[-48.629571,-26.22754],[-48.628604,-26.226236],[-48.627632,-26.224938],[-48.626655,-26.223646],[-48.625673,-26.222361],[-48.624686,-26.221082],[-48.623694,-26.21981],[-48.623196,-26.219177],[-48.622697,-26.218545],[-48.621694,-26.217286],[-48.620687,-26.216034],[-48.619675,-26.214788],[-48.619166,-26.214167],[-48.618657,-26.213548],[-48.618146,-26.212931],[-48.617634,-26.212315],[-48.616607,-26.211089],[-48.615574,-26.209869],[-48.614536,-26.208656],[-48.613493,-26.207449],[-48.612445,-26.206249],[-48.611392,-26.205055],[-48.610333,-26.203868],[-48.60927,-26.202688],[-48.608736,-26.2021],[-48.608201,-26.201514],[-48.607128,-26.200346],[-48.606049,-26.199185],[-48.604966,-26.19803],[-48.603877,-26.196883],[-48.602783,-26.195741],[-48.601684,-26.194606],[-48.60058,-26.193478],[-48.599471,-26.192356],[-48.598357,-26.191241],[-48.597798,-26.190685],[-48.597238,-26.190132],[-48.596113,-26.189029],[-48.594984,-26.187934],[-48.593849,-26.186845],[-48.59271,-26.185762],[-48.591565,-26.184686],[-48.590415,-26.183616],[-48.589261,-26.182553],[-48.588101,-26.181496],[-48.587519,-26.180971],[-48.586936,-26.180446],[-48.585765,-26.179403],[-48.58459,-26.178366],[-48.584001,-26.17785],[-48.58341,-26.177335],[-48.582225,-26.176311],[-48.581034,-26.175294],[-48.579839,-26.174283],[-48.578638,-26.173279],[-48.577432,-26.172281],[-48.576222,-26.17129],[-48.575006,-26.170305],[-48.573785,-26.169327],[-48.572559,-26.168355],[-48.571328,-26.16739],[-48.570092,-26.166431],[-48.569472,-26.165954],[-48.56885,-26.165479],[-48.567604,-26.164533],[-48.566353,-26.163594],[-48.565096,-26.162662],[-48.564002,-26.161857],[-48.562916,-26.161062],[-48.561839,-26.160279],[-48.560769,-26.159506],[-48.559707,-26.158744],[-48.558652,-26.157991],[-48.557603,-26.157248],[-48.556561,-26.156515],[-48.555525,-26.15579],[-48.554495,-26.155075],[-48.55347,-26.154369],[-48.55245,-26.153672],[-48.551436,-26.152983],[-48.550427,-26.152303],[-48.549422,-26.151631],[-48.548422,-26.150967],[-48.547426,-26.150311],[-48.546434,-26.149663],[-48.545446,-26.149023],[-48.544462,-26.148391],[-48.543482,-26.147767],[-48.542506,-26.147151],[-48.541534,-26.146543],[-48.540566,-26.145942],[-48.539601,-26.145349],[-48.538639,-26.144763],[-48.537681,-26.144185],[-48.536726,-26.143614],[-48.535775,-26.143051],[-48.534827,-26.142495],[-48.533881,-26.141947],[-48.532939,-26.141406],[-48.531997,-26.14087],[-48.531058,-26.140342],[-48.530122,-26.139821],[-48.529188,-26.139307],[-48.528258,-26.138801],[-48.52733,-26.138301],[-48.526404,-26.137809],[-48.525482,-26.137324],[-48.524562,-26.136846],[-48.523645,-26.136375],[-48.52273,-26.135912],[-48.521817,-26.135455],[-48.520908,-26.135005],[-48.52,-26.134563],[-48.519095,-26.134127],[-48.518192,-26.133698],[-48.517292,-26.133276],[-48.516394,-26.132862],[-48.515498,-26.132454],[-48.514604,-26.132053],[-48.513713,-26.131659],[-48.512824,-26.131272],[-48.511937,-26.130892],[-48.511052,-26.130518],[-48.510169,-26.130152],[-48.509289,-26.129793],[-48.50841,-26.12944],[-48.507534,-26.129094],[-48.506659,-26.128755],[-48.505787,-26.128423],[-48.504917,-26.128098],[-48.504048,-26.127779],[-48.503112,-26.127443],[-48.502168,-26.127112],[-48.501217,-26.126786],[-48.500259,-26.126466],[-48.499294,-26.12615],[-48.498321,-26.12584],[-48.497342,-26.125535],[-48.496355,-26.125235],[-48.49536,-26.12494],[-48.494358,-26.12465],[-48.493348,-26.124365],[-48.49233,-26.124085],[-48.491305,-26.12381],[-48.490272,-26.12354],[-48.489231,-26.123275],[-48.488182,-26.123015],[-48.487125,-26.12276],[-48.48606,-26.12251],[-48.484987,-26.122265],[-48.483905,-26.122025],[-48.482814,-26.121789],[-48.481715,-26.121558],[-48.480607,-26.121332],[-48.479489,-26.121111],[-48.478363,-26.120894],[-48.477227,-26.120682],[-48.476082,-26.120474],[-48.474927,-26.120271],[-48.473762,-26.120073],[-48.472587,-26.119879],[-48.471401,-26.119689],[-48.470205,-26.119504],[-48.469023,-26.119327],[-48.46783,-26.119154],[-48.466625,-26.118986],[-48.46541,-26.118821],[-48.464183,-26.11866],[-48.462943,-26.118503],[-48.461692,-26.118351],[-48.460427,-26.118202],[-48.45915,-26.118057],[-48.457859,-26.117916],[-48.456553,-26.117778],[-48.455233,-26.117644],[-48.453897,-26.117514],[-48.452544,-26.117387],[-48.451174,-26.117263],[-48.449786,-26.117143],[-48.4484,-26.117028],[-48.446993,-26.116916],[-48.445565,-26.116807],[-48.444115,-26.1167],[-48.44264,-26.116597],[-48.441139,-26.116496],[-48.43961,-26.116397],[-48.438048,-26.1163],[-48.434842,-26.116114],[-48.431458,-26.115934],[-48.427842,-26.115756],[-48.423852,-26.115574],[-48.422418,-26.115515],[-48.420978,-26.115465],[-48.41953,-26.115422],[-48.418076,-26.115388],[-48.416614,-26.115362],[-48.415145,-26.115344],[-48.413668,-26.115334],[-48.412184,-26.115332],[-48.410692,-26.115339],[-48.409192,-26.115354],[-48.407684,-26.115377],[-48.406167,-26.115408],[-48.404643,-26.115448],[-48.403109,-26.115496],[-48.401566,-26.115552],[-48.400015,-26.115616],[-48.398455,-26.115688],[-48.396886,-26.115769],[-48.395307,-26.115858],[-48.393718,-26.115955],[-48.392118,-26.11606],[-48.390508,-26.116174],[-48.388887,-26.116296],[-48.387255,-26.116427],[-48.385611,-26.116566],[-48.383955,-26.116713],[-48.382287,-26.116868],[-48.380606,-26.117033],[-48.378912,-26.117205],[-48.377203,-26.117387],[-48.375481,-26.117576],[-48.373743,-26.117775],[-48.37207,-26.117973],[-48.370382,-26.118179],[-48.368679,-26.118393],[-48.36696,-26.118615],[-48.365224,-26.118845],[-48.36347,-26.119084],[-48.361698,-26.119332],[-48.359906,-26.119588],[-48.358095,-26.119853],[-48.356262,-26.120126],[-48.354406,-26.120409],[-48.352525,-26.120702],[-48.350618,-26.121004],[-48.348682,-26.121316],[-48.346716,-26.121639],[-48.344716,-26.121972],[-48.34083,-26.122635],[-48.336787,-26.123342],[-48.332552,-26.124101],[-48.328059,-26.124922],[-48.323571,-26.125757],[-48.3186,-26.126695],[-48.313442,-26.127677],[-48.30361,-26.12956],[-48.30022,-26.130214],[-48.296841,-26.130881],[-48.293472,-26.131559],[-48.290114,-26.132248],[-48.286768,-26.132949],[-48.283432,-26.133661],[-48.280108,-26.134384],[-48.276796,-26.135118],[-48.273495,-26.135864],[-48.270206,-26.136621],[-48.266929,-26.137389],[-48.263665,-26.138168],[-48.260412,-26.138959],[-48.257172,-26.13976],[-48.253945,-26.140573],[-48.25073,-26.141396],[-48.247529,-26.142231],[-48.24434,-26.143076],[-48.241165,-26.143932],[-48.238002,-26.144799],[-48.234853,-26.145677],[-48.231717,-26.146566],[-48.228595,-26.147465],[-48.225486,-26.148376],[-48.222392,-26.149297],[-48.219311,-26.150228],[-48.216243,-26.151171],[-48.21319,-26.152124],[-48.210151,-26.153087],[-48.207126,-26.154062],[-48.204116,-26.155046],[-48.20112,-26.156042],[-48.190691,-26.159532],[-48.184175,-26.161725],[-48.178157,-26.163767],[-48.1727,-26.165641],[-48.169971,-26.166587],[-48.16733,-26.16751],[-48.164764,-26.168413],[-48.162265,-26.1693],[-48.159822,-26.170175],[-48.157434,-26.171038],[-48.155095,-26.171891],[-48.152801,-26.172735],[-48.15044,-26.173613],[-48.148122,-26.174485],[-48.145843,-26.17535],[-48.143602,-26.176211],[-48.141395,-26.177069],[-48.139222,-26.177923],[-48.137079,-26.178775],[-48.134967,-26.179625],[-48.132882,-26.180475],[-48.130824,-26.181324],[-48.128793,-26.182172],[-48.126787,-26.183021],[-48.124805,-26.18387],[-48.122847,-26.18472],[-48.120913,-26.185571],[-48.119,-26.186423],[-48.117029,-26.187314],[-48.11508,-26.188207],[-48.113154,-26.189102],[-48.111249,-26.19],[-48.109366,-26.190901],[-48.107503,-26.191805],[-48.105661,-26.192713],[-48.103838,-26.193624],[-48.102035,-26.194539],[-48.10025,-26.195458],[-48.098485,-26.196381],[-48.096738,-26.197308],[-48.095871,-26.197774],[-48.095009,-26.19824],[-48.094152,-26.198708],[-48.093298,-26.199177],[-48.092449,-26.199647],[-48.091605,-26.200118],[-48.090765,-26.200591],[-48.089929,-26.201065],[-48.089097,-26.20154],[-48.088269,-26.202017],[-48.087445,-26.202495],[-48.086625,-26.202974],[-48.08581,-26.203454],[-48.084999,-26.203936],[-48.084192,-26.20442],[-48.083389,-26.204904],[-48.08259,-26.20539],[-48.081795,-26.205878],[-48.081004,-26.206367],[-48.080217,-26.206857],[-48.079435,-26.207349],[-48.078656,-26.207842],[-48.077881,-26.208337],[-48.07711,-26.208833],[-48.076343,-26.20933],[-48.075579,-26.209829],[-48.07482,-26.21033],[-48.074065,-26.210832],[-48.073313,-26.211336],[-48.072565,-26.211841],[-48.071821,-26.212348],[-48.071081,-26.212857],[-48.070344,-26.213367],[-48.069612,-26.213878],[-48.068883,-26.214391],[-48.068157,-26.214906],[-48.067436,-26.215423],[-48.066718,-26.215941],[-48.066004,-26.21646],[-48.065294,-26.216982],[-48.064276,-26.217734],[-48.063262,-26.21849],[-48.062249,-26.21925],[-48.061239,-26.220013],[-48.060232,-26.22078],[-48.059227,-26.22155],[-48.058226,-26.222324],[-48.057226,-26.223101],[-48.05623,-26.223881],[-48.055237,-26.224665],[-48.054247,-26.225451],[-48.05326,-26.226241],[-48.052276,-26.227034],[-48.051295,-26.22783],[-48.050317,-26.22863],[-48.049343,-26.229432],[-48.048373,-26.230236],[-48.047405,-26.231044],[-48.046442,-26.231855],[-48.045482,-26.232668],[-48.044525,-26.233484],[-48.043572,-26.234302],[-48.042624,-26.235123],[-48.041679,-26.235947],[-48.040737,-26.236773],[-48.0398,-26.237601],[-48.038867,-26.238432],[-48.037938,-26.239265],[-48.037013,-26.240101],[-48.036092,-26.240938],[-48.035175,-26.241778],[-48.034263,-26.24262],[-48.033355,-26.243464],[-48.032452,-26.24431],[-48.031553,-26.245157],[-48.030659,-26.246007],[-48.029769,-26.246858],[-48.028884,-26.247711],[-48.028004,-26.248567],[-48.027128,-26.249423],[-48.026257,-26.250282],[-48.02539,-26.251142],[-48.024529,-26.252004],[-48.023672,-26.252868],[-48.02282,-26.253733],[-48.021973,-26.254599],[-48.021131,-26.255467],[-48.020294,-26.256336],[-48.019462,-26.257207],[-48.018635,-26.258079],[-48.017813,-26.258953],[-48.016997,-26.259827],[-48.016185,-26.260703],[-48.015379,-26.26158],[-48.014578,-26.262458],[-48.013783,-26.263337],[-48.012992,-26.264218],[-48.012207,-26.265099],[-48.011428,-26.265981],[-48.010654,-26.266864],[-48.009885,-26.267749],[-48.009122,-26.268634],[-48.008364,-26.269519],[-48.007612,-26.270406],[-48.006726,-26.271461],[-48.005843,-26.272519],[-48.004966,-26.273582],[-48.004093,-26.274648],[-48.003224,-26.275718],[-48.00236,-26.276792],[-48.001501,-26.277869],[-48.000646,-26.278951],[-47.999796,-26.280036],[-47.998951,-26.281125],[-47.99811,-26.282218],[-47.997274,-26.283315],[-47.996443,-26.284416],[-47.995616,-26.285521],[-47.994793,-26.286629],[-47.993976,-26.287741],[-47.993162,-26.288857],[-47.992354,-26.289977],[-47.99155,-26.291101],[-47.990751,-26.292228],[-47.989956,-26.293359],[-47.989166,-26.294494],[-47.988381,-26.295633],[-47.9876,-26.296776],[-47.986824,-26.297923],[-47.986052,-26.299073],[-47.985285,-26.300228],[-47.984523,-26.301386],[-47.983765,-26.302548],[-47.983012,-26.303714],[-47.982263,-26.304883],[-47.981519,-26.306057],[-47.98078,-26.307234],[-47.980045,-26.308415],[-47.979315,-26.3096],[-47.97859,-26.310789],[-47.977869,-26.311982],[-47.977153,-26.313178],[-47.976441,-26.314378],[-47.975734,-26.315583],[-47.975031,-26.316791],[-47.974334,-26.318002],[-47.97364,-26.319218],[-47.972952,-26.320437],[-47.972268,-26.321661],[-47.971589,-26.322888],[-47.970914,-26.324119],[-47.970244,-26.325354],[-47.969578,-26.326592],[-47.968917,-26.327835],[-47.968261,-26.329081],[-47.967609,-26.330331],[-47.966962,-26.331585],[-47.96632,-26.332843],[-47.965682,-26.334104],[-47.965049,-26.33537],[-47.96442,-26.336639],[-47.963796,-26.337912],[-47.963176,-26.339189],[-47.962562,-26.34047],[-47.961951,-26.341754],[-47.961346,-26.343043],[-47.960745,-26.344335],[-47.960161,-26.345604]]]}},
{"type":"Feature","properties":{"idhidrovia":200000349,"nome":"Porto de Paranaguá - Porto de Santos","navegacao":"Navegação de Cabotagem","tipo":"Marítimo/oceânico","vel_cional":25.0,"extensao":261.24,"tempo":"0d 10h 26min","cla_icacao":"Percurso externo","nome_rio":null,"nom_eclusa":null,"jurisdicao":null,"reg_rafica":null,"pro_de_min":null,"pro_de_max":null,"dominio":null,"observacao":null,"snv":null,"fonte":null,"idm_origem":null,"mun_origem":null,"est_origem":null,"idm_estino":null,"mun_estino":null,"est_estino":null,"idantaq":null,"camada sim":"4","Fluxo":29519005.0},"geometry":{"type":"MultiLineString","coordinates":[[[-47.839927,-25.948979],[-47.838981,-25.947223],[-47.837763,-25.94498],[-47.836534,-25.94273],[-47.835291,-25.940473],[-47.834036,-25.938209],[-47.832768,-25.935937],[-47.831487,-25.933657],[-47.830193,-25.931369],[-47.828886,-25.929072],[-47.827565,-25.926767],[-47.826231,-25.924453],[-47.824883,-25.922129],[-47.823522,-25.919798],[-47.822148,-25.917457],[-47.820759,-25.915106],[-47.819355,-25.912745],[-47.817937,-25.910372],[-47.816504,-25.907989],[-47.815056,-25.905594],[-47.813592,-25.903186],[-47.812114,-25.900767],[-47.810619,-25.898335],[-47.809108,-25.895889],[-47.80758,-25.893429],[-47.806036,-25.890955],[-47.804474,-25.888465],[-47.802894,-25.88596],[-47.801296,-25.883438],[-47.799842,-25.881155],[-47.798373,-25.878865],[-47.796891,-25.876567],[-47.795394,-25.874261],[-47.793883,-25.871947],[-47.792357,-25.869626],[-47.790816,-25.867295],[-47.789261,-25.864956],[-47.78769,-25.862607],[-47.786104,-25.860249],[-47.784502,-25.857882],[-47.782885,-25.855503],[-47.781251,-25.853115],[-47.7796,-25.850715],[-47.777933,-25.848303],[-47.776249,-25.84588],[-47.77455,-25.843448],[-47.772833,-25.841002],[-47.771098,-25.838543],[-47.769344,-25.83607],[-47.767572,-25.833583],[-47.765779,-25.83108],[-47.763967,-25.82856],[-47.762135,-25.826024],[-47.760281,-25.823471],[-47.758406,-25.820899],[-47.756509,-25.818308],[-47.754588,-25.815696],[-47.752643,-25.813062],[-47.750673,-25.810405],[-47.748677,-25.807724],[-47.746654,-25.805017],[-47.744956,-25.802754],[-47.743242,-25.800484],[-47.741513,-25.798204],[-47.739768,-25.795915],[-47.738007,-25.793616],[-47.736229,-25.791307],[-47.734435,-25.788987],[-47.732623,-25.786657],[-47.730794,-25.784315],[-47.728948,-25.781962],[-47.727083,-25.779596],[-47.725199,-25.777217],[-47.723297,-25.774824],[-47.721374,-25.772417],[-47.719431,-25.769995],[-47.717468,-25.767558],[-47.715488,-25.765111],[-47.713487,-25.762647],[-47.711463,-25.760165],[-47.709415,-25.757663],[-47.707343,-25.755142],[-47.705246,-25.752599],[-47.703122,-25.750034],[-47.700971,-25.747445],[-47.698793,-25.744832],[-47.696584,-25.742193],[-47.694344,-25.739524],[-47.69207,-25.736824],[-47.687415,-25.731323],[-47.682598,-25.725665],[-47.68059,-25.723318],[-47.678563,-25.72096],[-47.676516,-25.718589],[-47.67445,-25.716205],[-47.672362,-25.713807],[-47.670253,-25.711395],[-47.668123,-25.708968],[-47.66597,-25.706525],[-47.663794,-25.704067],[-47.661594,-25.701591],[-47.65937,-25.699096],[-47.657119,-25.696582],[-47.654842,-25.694048],[-47.652537,-25.691491],[-47.650202,-25.688911],[-47.647837,-25.686307],[-47.645462,-25.683699],[-47.643053,-25.681064],[-47.64061,-25.6784],[-47.638129,-25.675703],[-47.633049,-25.670204],[-47.627788,-25.664544],[-47.62234,-25.658711],[-47.616641,-25.65264],[-47.610637,-25.646274],[-47.604225,-25.6395],[-47.601696,-25.63684],[-47.599138,-25.63416],[-47.59655,-25.63146],[-47.59393,-25.628738],[-47.591276,-25.625993],[-47.588588,-25.623222],[-47.585863,-25.620425],[-47.5831,-25.6176],[-47.5803,-25.614747],[-47.577458,-25.611861],[-47.57457,-25.60894],[-47.571634,-25.60598],[-47.568647,-25.602978],[-47.565604,-25.599931],[-47.562501,-25.596832],[-47.559333,-25.593678],[-47.553504,-25.587898],[-47.547397,-25.58187],[-47.540947,-25.57553],[-47.534026,-25.568753],[-47.52827,-25.563133],[-47.521888,-25.556915],[-47.515387,-25.55059],[-47.497772,-25.533465],[-47.487668,-25.523623],[-47.480249,-25.516395],[-47.472812,-25.509167],[-47.465358,-25.50194],[-47.457886,-25.494714],[-47.450395,-25.487488],[-47.442887,-25.480262],[-47.435361,-25.473037],[-47.427817,-25.465812],[-47.420255,-25.458588],[-47.412675,-25.451364],[-47.405077,-25.44414],[-47.39746,-25.436917],[-47.389826,-25.429694],[-47.382173,-25.422471],[-47.374503,-25.415249],[-47.366814,-25.408027],[-47.359107,-25.400805],[-47.351382,-25.393583],[-47.343638,-25.386361],[-47.335876,-25.379139],[-47.328096,-25.371918],[-47.320298,-25.364696],[-47.312481,-25.357475],[-47.304646,-25.350253],[-47.296792,-25.343032],[-47.28892,-25.33581],[-47.281029,-25.328589],[-47.27312,-25.321367],[-47.265193,-25.314145],[-47.257246,-25.306923],[-47.249281,-25.299701],[-47.241298,-25.292479],[-47.217667,-25.27114],[-47.208696,-25.263057],[-47.20049,-25.255677],[-47.192497,-25.248508],[-47.184914,-25.241725],[-47.177645,-25.235242],[-47.170634,-25.229011],[-47.163571,-25.222756],[-47.156704,-25.216699],[-47.150005,-25.210816],[-47.143454,-25.205087],[-47.137027,-25.199494],[-47.130717,-25.194028],[-47.12451,-25.18868],[-47.118397,-25.183439],[-47.11093,-25.177068],[-47.103512,-25.170764],[-47.096141,-25.164526],[-47.088815,-25.15835],[-47.081531,-25.152237],[-47.074287,-25.146183],[-47.067083,-25.140188],[-47.059915,-25.13425],[-47.052782,-25.128368],[-47.045684,-25.12254],[-47.038618,-25.116766],[-47.031584,-25.111044],[-47.02458,-25.105374],[-47.017606,-25.099755],[-47.010659,-25.094185],[-47.003739,-25.088665],[-46.999283,-25.085123],[-46.994842,-25.081602],[-46.990414,-25.078101],[-46.986,-25.074621],[-46.9816,-25.07116],[-46.977212,-25.067718],[-46.972838,-25.064296],[-46.968475,-25.060893],[-46.964125,-25.057509],[-46.959786,-25.054144],[-46.955459,-25.050796],[-46.951144,-25.047467],[-46.946839,-25.044156],[-46.942545,-25.040863],[-46.938262,-25.037587],[-46.933989,-25.034329],[-46.929726,-25.031088],[-46.925472,-25.027864],[-46.921228,-25.024656],[-46.916994,-25.021466],[-46.912768,-25.018292],[-46.908552,-25.015134],[-46.904345,-25.011993],[-46.900147,-25.008869],[-46.895957,-25.00576],[-46.891775,-25.002667],[-46.887601,-24.99959],[-46.883436,-24.996529],[-46.879278,-24.993483],[-46.875129,-24.990453],[-46.870986,-24.987439],[-46.866851,-24.984439],[-46.858466,-24.978383],[-46.850138,-24.972401],[-46.841864,-24.966491],[-46.837747,-24.963562],[-46.833642,-24.960651],[-46.82955,-24.957756],[-46.82547,-24.954879],[-46.821401,-24.952019],[-46.817344,-24.949175],[-46.813299,-24.946347],[-46.809264,-24.943536],[-46.80524,-24.94074],[-46.801227,-24.937961],[-46.797223,-24.935196],[-46.793229,-24.932448],[-46.789246,-24.929714],[-46.785271,-24.926996],[-46.781307,-24.924293],[-46.777352,-24.921605],[-46.773406,-24.918932],[-46.769468,-24.916274],[-46.76554,-24.91363],[-46.76162,-24.911001],[-46.757708,-24.908387],[-46.753805,-24.905786],[-46.74991,-24.9032],[-46.746023,-24.900628],[-46.742143,-24.89807],[-46.738272,-24.895525],[-46.733983,-24.892717],[-46.729709,-24.889926],[-46.725449,-24.887153],[-46.721201,-24.884398],[-46.716967,-24.881659],[-46.712745,-24.878938],[-46.708536,-24.876234],[-46.704339,-24.873546],[-46.700153,-24.870875],[-46.695979,-24.86822],[-46.691816,-24.865581],[-46.687665,-24.862958],[-46.683524,-24.860352],[-46.679394,-24.85776],[-46.675275,-24.855185],[-46.671166,-24.852625],[-46.667066,-24.85008],[-46.662976,-24.847551],[-46.658895,-24.845036],[-46.654824,-24.842536],[-46.650762,-24.840052],[-46.64671,-24.837582],[-46.642666,-24.835127],[-46.638631,-24.832686],[-46.634604,-24.83026],[-46.630586,-24.827848],[-46.626576,-24.825451],[-46.622575,-24.823068],[-46.618581,-24.820699],[-46.614595,-24.818344],[-46.610617,-24.816003],[-46.606647,-24.813676],[-46.602534,-24.811274],[-46.598432,-24.808888],[-46.594341,-24.806515],[-46.59026,-24.804157],[-46.586189,-24.801814],[-46.582128,-24.799484],[-46.578077,-24.797169],[-46.574036,-24.794867],[-46.570004,-24.792579],[-46.565981,-24.790305],[-46.561967,-24.788045],[-46.557963,-24.785798],[-46.553967,-24.783565],[-46.549979,-24.781345],[-46.546001,-24.779138],[-46.54203,-24.776944],[-46.538068,-24.774764],[-46.534113,-24.772596],[-46.530167,-24.770442],[-46.526228,-24.7683],[-46.522297,-24.766172],[-46.518373,-24.764056],[-46.514457,-24.761953],[-46.510549,-24.759862],[-46.506647,-24.757784],[-46.502753,-24.755719],[-46.498865,-24.753666],[-46.494985,-24.751626],[-46.491111,-24.749598],[-46.487244,-24.747582],[-46.483384,-24.745579],[-46.47953,-24.743588],[-46.474115,-24.740804],[-46.468709,-24.73804],[-46.463313,-24.735297],[-46.457926,-24.732574],[-46.452548,-24.72987],[-46.447179,-24.727187],[-46.441819,-24.724524],[-46.436468,-24.721881],[-46.431126,-24.719257],[-46.425793,-24.716654],[-46.420468,-24.71407],[-46.415152,-24.711507],[-46.409844,-24.708963],[-46.404545,-24.706439],[-46.399254,-24.703934],[-46.393972,-24.701449],[-46.389258,-24.699247],[-46.38447,-24.697026],[-46.379601,-24.694783],[-46.374646,-24.692516],[-46.369599,-24.690222],[-46.36445,-24.687897],[-46.35919,-24.685535],[-46.353806,-24.683133],[-46.348345,-24.68071],[-46.34273,-24.678232],[-46.336942,-24.67569],[-46.33095,-24.673071],[-46.324746,-24.670372],[-46.318245,-24.667555],[-46.311371,-24.664588],[-46.303971,-24.661404],[-46.297166,-24.658486],[-46.290415,-24.655606],[-46.283715,-24.652762],[-46.277065,-24.649953],[-46.270462,-24.647178],[-46.263904,-24.644436],[-46.257389,-24.641727],[-46.250917,-24.639049],[-46.244484,-24.636403],[-46.238089,-24.633787],[-46.231733,-24.631201],[-46.225412,-24.628645],[-46.219126,-24.626117],[-46.212874,-24.623619],[-46.206655,-24.621148],[-46.200468,-24.618705],[-46.193355,-24.615913],[-46.186441,-24.613211],[-46.1797,-24.610591],[-46.173111,-24.608044],[-46.166653,-24.605562],[-46.160318,-24.603142],[-46.154093,-24.600778],[-46.147969,-24.598469],[-46.141922,-24.596203],[-46.135961,-24.593986],[-46.130079,-24.591814],[-46.124271,-24.589686],[-46.118531,-24.587599],[-46.112856,-24.585552],[-46.107242,-24.583544],[-46.101684,-24.581574],[-46.095801,-24.579503],[-46.090029,-24.577484],[-46.084359,-24.575512],[-46.078781,-24.573586],[-46.073286,-24.571702],[-46.067869,-24.569858],[-46.062525,-24.568052],[-46.057249,-24.566283],[-46.052029,-24.564547],[-46.046868,-24.562844],[-46.041763,-24.561174],[-46.036711,-24.559536],[-46.031707,-24.557928],[-46.026751,-24.55635],[-46.021839,-24.554801],[-46.01697,-24.55328],[-46.01172,-24.551655],[-46.006546,-24.550066],[-46.001444,-24.548511],[-45.996408,-24.54699],[-45.991434,-24.545499],[-45.986517,-24.544039],[-45.981655,-24.542609],[-45.976845,-24.541206],[-45.972079,-24.539831],[-45.967359,-24.538482],[-45.962683,-24.53716],[-45.958049,-24.535863],[-45.953454,-24.534591],[-45.948896,-24.533344],[-45.944375,-24.532121],[-45.939888,-24.530921],[-45.934494,-24.529495],[-45.929205,-24.528111],[-45.92401,-24.526766],[-45.918901,-24.525459],[-45.91387,-24.524186],[-45.908913,-24.522947],[-45.904023,-24.521741],[-45.899196,-24.520566],[-45.894422,-24.51942],[-45.889704,-24.518303],[-45.885037,-24.517215],[-45.88042,-24.516155],[-45.875849,-24.515123],[-45.871322,-24.514117],[-45.866837,-24.513138],[-45.862391,-24.512185],[-45.853575,-24.510312],[-45.847925,-24.50912],[-45.844541,-24.508413]]]}},
{"type":"Feature","properties":{"idhidrovia":200000350,"nome":"Acesso ao Porto de Paranaguá","navegacao":"Navegação de Cabotagem","tipo":"Marítimo/oceânico","vel_cional":15.0,"extensao":1.0,"tempo":"0d 0h 4min","cla_icacao":"Acesso simples","nome_rio":null,"nom_eclusa":null,"jurisdicao":null,"reg_rafica":null,"pro_de_min":null,"pro_de_max":null,"dominio":null,"observacao":null,"snv":null,"fonte":null,"idm_origem":"BR411820","mun_origem":"Paranaguá","est_origem":"PR","idm_estino":"BR411820","mun_estino":"Paranaguá","est_estino":"PR","idantaq":null,"camada sim":"5","Fluxo":3960001.0},"geometry":{"type":"MultiLineString","coordinates":[[[-48.505409,-25.50245],[-48.48824,-25.489201]]]}},
{"type":"Feature","properties":{"idhidrovia":200000351,"nome":"Acesso aos Porto de Paranaguá e Antonina","navegacao":"Navegação de Cabotagem","tipo":"Marítimo/oceânico","vel_cional":15.0,"extensao":1.0,"tempo":"0d 0h 4min","cla_icacao":"Acesso duplo","nome_rio":null,"nom_eclusa":null,"jurisdicao":null,"reg_rafica":null,"pro_de_min":null,"pro_de_max":null,"dominio":null,"observacao":null,"snv":null,"fonte":null,"idm_origem":"BR411820","mun_origem":"Paranaguá","est_origem":"PR","idm_estino":null,"mun_estino":null,"est_estino":null,"idantaq":null,"camada sim":"6","Fluxo":4032130.0},"geometry":{"type":"MultiLineString","coordinates":[[[-48.48824,-25.489201],[-48.486743,-25.488864],[-48.485244,-25.488532],[-48.483745,-25.488204],[-48.482244,-25.48788],[-48.480743,-25.487562],[-48.479241,-25.487248],[-48.477737,-25.486938],[-48.476233,-25.486633],[-48.475722,-25.486529],[-48.475189,-25.486418],[-48.474027,-25.486167],[-48.472905,-25.485917],[-48.470135,-25.485292],[-48.469364,-25.485121],[-48.468668,-25.48497],[-48.467914,-25.48481],[-48.467206,-25.484665],[-48.466532,-25.484533],[-48.465885,-25.484411],[-48.46548,-25.484338],[-48.465083,-25.484268],[-48.464694,-25.484203],[-48.464311,-25.484141],[-48.463935,-25.484083],[-48.463564,-25.484028],[-48.463198,-25.483977],[-48.462838,-25.483929],[-48.462481,-25.483884],[-48.462128,-25.483843],[-48.46178,-25.483805],[-48.461435,-25.483771],[-48.461093,-25.483739],[-48.460755,-25.483711],[-48.46042,-25.483686],[-48.460088,-25.483664],[-48.459672,-25.483637],[-48.458782,-25.48357],[-48.458393,-25.483543],[-48.457983,-25.48352],[-48.457616,-25.483504],[-48.457411,-25.483499],[-48.457214,-25.483497],[-48.457024,-25.483497],[-48.456839,-25.4835],[-48.45666,-25.483506],[-48.456485,-25.483514],[-48.456314,-25.483525],[-48.456147,-25.483539],[-48.45593,-25.483562],[-48.455711,-25.483588],[-48.455489,-25.483619],[-48.455263,-25.483654],[-48.455034,-25.483693],[-48.454801,-25.483737],[-48.454564,-25.483785],[-48.454323,-25.483838],[-48.454079,-25.483895],[-48.453829,-25.483956],[-48.453575,-25.484022],[-48.453315,-25.484093],[-48.453048,-25.484169],[-48.452774,-25.48425],[-48.452491,-25.484337],[-48.452198,-25.48443],[-48.451957,-25.484511],[-48.451713,-25.484599],[-48.451466,-25.484695],[-48.451214,-25.484799],[-48.450958,-25.48491],[-48.450696,-25.48503],[-48.450427,-25.485159],[-48.450149,-25.485298],[-48.449919,-25.485418],[-48.44968,-25.485545],[-48.449429,-25.485682],[-48.449161,-25.485831],[-48.448667,-25.486112],[-48.447483,-25.486796],[-48.447165,-25.486977],[-48.446876,-25.487138],[-48.446573,-25.487302],[-48.446287,-25.487453],[-48.446013,-25.487593],[-48.445748,-25.487723],[-48.444801,-25.488178],[-48.44404,-25.488539],[-48.443348,-25.488864],[-48.442707,-25.48916],[-48.442086,-25.48944],[-48.441493,-25.489703],[-48.440922,-25.48995],[-48.440369,-25.490183],[-48.439422,-25.490575],[-48.438769,-25.490842],[-48.438173,-25.49108],[-48.437629,-25.49129],[-48.437358,-25.491392],[-48.437095,-25.491489],[-48.436839,-25.491582],[-48.436588,-25.49167],[-48.436342,-25.491754],[-48.4361,-25.491834],[-48.435863,-25.491911],[-48.435629,-25.491985],[-48.434566,-25.492316],[-48.434048,-25.492473],[-48.433784,-25.49255],[-48.433536,-25.492619],[-48.4333,-25.492682],[-48.433074,-25.49274],[-48.432837,-25.492797],[-48.432608,-25.492848],[-48.432385,-25.492894],[-48.432168,-25.492935],[-48.431956,-25.49297],[-48.431749,-25.493001],[-48.431545,-25.493026],[-48.431345,-25.493047],[-48.431148,-25.493063],[-48.430946,-25.493074],[-48.430739,-25.493081],[-48.430526,-25.493084],[-48.430308,-25.493082],[-48.430083,-25.493075],[-48.429849,-25.493065],[-48.429607,-25.493049],[-48.429399,-25.493033],[-48.429181,-25.493014],[-48.428952,-25.492992],[-48.428706,-25.492965],[-48.428251,-25.492911],[-48.427161,-25.492775],[-48.426871,-25.492741],[-48.426609,-25.492713],[-48.426388,-25.492691],[-48.426143,-25.492668],[-48.425248,-25.492593],[-48.424881,-25.492561],[-48.424502,-25.492522],[-48.424163,-25.492481],[-48.423969,-25.492455],[-48.423782,-25.492426],[-48.423602,-25.492396],[-48.423429,-25.492364],[-48.423261,-25.49233],[-48.423097,-25.492294],[-48.422938,-25.492255],[-48.422783,-25.492214],[-48.422511,-25.492135],[-48.422239,-25.492051],[-48.421967,-25.49196],[-48.421697,-25.491864],[-48.421427,-25.491762],[-48.42116,-25.491654],[-48.420896,-25.491541],[-48.420634,-25.491423],[-48.420375,-25.4913],[-48.42012,-25.491173],[-48.419869,-25.49104],[-48.419623,-25.490903],[-48.419381,-25.490763],[-48.419144,-25.490618],[-48.418913,-25.490469],[-48.418687,-25.490317],[-48.418518,-25.490197],[-48.418348,-25.490072],[-48.418178,-25.489941],[-48.418008,-25.489804],[-48.417837,-25.489662],[-48.417665,-25.489514],[-48.417492,-25.489361],[-48.417319,-25.489201],[-48.417145,-25.489036],[-48.416969,-25.488864],[-48.416792,-25.488686],[-48.416613,-25.4885],[-48.416432,-25.488308],[-48.416248,-25.488108],[-48.41606,-25.487899],[-48.415868,-25.487681],[-48.415742,-25.487532],[-48.415614,-25.487374],[-48.415482,-25.487205],[-48.415345,-25.487022],[-48.415223,-25.486853],[-48.415089,-25.486664],[-48.414621,-25.48599],[-48.414433,-25.485723],[-48.414234,-25.485451],[-48.414141,-25.485328],[-48.414051,-25.485211],[-48.413609,-25.484651],[-48.413273,-25.484231],[-48.412966,-25.483855],[-48.41268,-25.483515],[-48.412398,-25.483189],[-48.412261,-25.483034],[-48.412126,-25.482885],[-48.411992,-25.48274],[-48.411859,-25.482599],[-48.411728,-25.482462],[-48.411597,-25.482329],[-48.41109,-25.481813],[-48.410889,-25.481612],[-48.410674,-25.481402],[-48.410477,-25.481218],[-48.410372,-25.481125],[-48.41027,-25.481037],[-48.41017,-25.480954],[-48.410072,-25.480875],[-48.409974,-25.480801],[-48.409878,-25.48073],[-48.409782,-25.480663],[-48.409687,-25.480599],[-48.409531,-25.480501],[-48.409368,-25.480406],[-48.4092,-25.480313],[-48.409026,-25.480224],[-48.408846,-25.480137],[-48.408661,-25.480054],[-48.40847,-25.479973],[-48.408273,-25.479896],[-48.40807,-25.479821],[-48.407862,-25.47975],[-48.407649,-25.479682],[-48.40743,-25.479617],[-48.407206,-25.479555],[-48.406977,-25.479496],[-48.406742,-25.47944],[-48.406503,-25.479388],[-48.406344,-25.479357],[-48.40618,-25.47933],[-48.406012,-25.479307],[-48.405839,-25.479288],[-48.405661,-25.479273],[-48.405476,-25.479261],[-48.405285,-25.479254],[-48.405084,-25.47925],[-48.404783,-25.47925],[-48.404452,-25.479258],[-48.404073,-25.479273],[-48.403276,-25.479314],[-48.402932,-25.479329],[-48.40257,-25.47934],[-48.402404,-25.479342],[-48.402246,-25.479342],[-48.400899,-25.479338],[-48.39957,-25.479339],[-48.398258,-25.479345],[-48.396962,-25.479355],[-48.395681,-25.479371],[-48.394414,-25.479391],[-48.393161,-25.479416],[-48.391921,-25.479445],[-48.390615,-25.479482],[-48.38933,-25.479523],[-48.388064,-25.479568],[-48.386817,-25.479617],[-48.385586,-25.479671],[-48.384371,-25.479729],[-48.38317,-25.479792],[-48.381985,-25.479859],[-48.380854,-25.479928],[-48.379741,-25.48],[-48.378643,-25.480075],[-48.37756,-25.480153],[-48.376491,-25.480234],[-48.375436,-25.480319],[-48.374393,-25.480407],[-48.373362,-25.480499],[-48.37207,-25.480619],[-48.37083,-25.480739],[-48.369634,-25.480861],[-48.368475,-25.480984],[-48.367346,-25.48111],[-48.366246,-25.481239],[-48.365172,-25.481371],[-48.364121,-25.481506],[-48.363166,-25.481634],[-48.362242,-25.481761],[-48.361343,-25.481889],[-48.360467,-25.482018],[-48.35961,-25.482148],[-48.358772,-25.48228],[-48.35795,-25.482413],[-48.357144,-25.482548],[-48.356295,-25.482695],[-48.355435,-25.48285],[-48.354561,-25.483011],[-48.353673,-25.483179],[-48.352771,-25.483356],[-48.351852,-25.48354],[-48.350914,-25.483732],[-48.349955,-25.483933],[-48.349083,-25.48412],[-48.348196,-25.484315],[-48.347291,-25.484519],[-48.346367,-25.484731],[-48.345423,-25.484953],[-48.344455,-25.485184],[-48.343459,-25.485426],[-48.34243,-25.485681],[-48.341428,-25.485934],[-48.3404,-25.486199],[-48.339343,-25.486476],[-48.338252,-25.486768],[-48.337125,-25.487075],[-48.335949,-25.4874],[-48.334711,-25.487747],[-48.333387,-25.488123],[-48.332109,-25.488492],[-48.330779,-25.488885],[-48.329383,-25.489306],[-48.327897,-25.489762],[-48.326468,-25.490207],[-48.324876,-25.490708],[-48.323446,-25.491162],[-48.319345,-25.492467],[-48.317429,-25.49308],[-48.315437,-25.493727],[-48.313352,-25.494415],[-48.311142,-25.495153],[-48.308952,-25.495893],[-48.306532,-25.496718],[-48.304046,-25.49757],[-48.297231,-25.499914],[-48.293285,-25.501261],[-48.291138,-25.501985],[-48.289131,-25.502655],[-48.287224,-25.503284],[-48.285397,-25.503878],[-48.283417,-25.504514],[-48.28135,-25.505172],[-48.279174,-25.505858],[-48.276851,-25.506584],[-48.272366,-25.507971],[-48.263967,-25.510551],[-48.260597,-25.51159],[-48.257122,-25.512669],[-48.254003,-25.513649],[-48.246862,-25.51591],[-48.241424,-25.517641],[-48.236511,-25.519218],[-48.232004,-25.520679],[-48.227288,-25.522221],[-48.22284,-25.523685],[-48.218595,-25.525093],[-48.214517,-25.526455],[-48.210568,-25.527787],[-48.20674,-25.529089],[-48.203016,-25.530368],[-48.199385,-25.531627],[-48.194083,-25.533486],[-48.188842,-25.535346],[-48.18366,-25.537207],[-48.178534,-25.539071],[-48.176039,-25.539987],[-48.173463,-25.54094],[-48.170792,-25.541935],[-48.168003,-25.542981],[-48.16201,-25.545245],[-48.154749,-25.548013],[-48.14731,-25.550865],[-48.140888,-25.553349],[-48.137883,-25.554521],[-48.134994,-25.555655],[-48.132201,-25.556757],[-48.129492,-25.557834],[-48.124207,-25.55995],[-48.119485,-25.561858],[-48.115101,-25.56365],[-48.11301,-25.564512],[-48.110976,-25.565357],[-48.108107,-25.566556],[-48.105357,-25.567713],[-48.102705,-25.568836],[-48.100138,-25.569932],[-48.097639,-25.571006],[-48.095206,-25.572061],[-48.09283,-25.5731],[-48.090507,-25.574125],[-48.087912,-25.575279],[-48.085397,-25.576406],[-48.082951,-25.57751],[-48.080566,-25.578596],[-48.078235,-25.579666],[-48.075954,-25.580722],[-48.07372,-25.581767],[-48.071528,-25.582801],[-48.070145,-25.58346],[-48.068707,-25.58415],[-48.067199,-25.584878],[-48.065597,-25.585657],[-48.062262,-25.587291],[-48.056686,-25.59004],[-48.051227,-25.592737],[-48.04603,-25.595321],[-48.041042,-25.597817],[-48.036229,-25.600243],[-48.031559,-25.602615],[-48.02702,-25.604939],[-48.022599,-25.607221],[-48.018284,-25.609469],[-48.012645,-25.612418],[-48.009243,-25.614211],[-48.00762,-25.615074],[-48.006095,-25.615891],[-48.004645,-25.616675],[-48.003257,-25.617433],[-48.001189,-25.618571],[-47.999284,-25.619627],[-47.99749,-25.620629],[-47.995785,-25.621589],[-47.994142,-25.622524],[-47.992561,-25.623433],[-47.991032,-25.624321],[-47.989549,-25.625193],[-47.987698,-25.626293],[-47.985938,-25.627348],[-47.984251,-25.628371],[-47.982627,-25.629366],[-47.981053,-25.630342],[-47.979527,-25.6313],[-47.978044,-25.632244],[-47.9766,-25.633176],[-47.975141,-25.634128],[-47.973731,-25.635058],[-47.972363,-25.63597],[-47.971032,-25.636867],[-47.969736,-25.637752],[-47.96847,-25.638626],[-47.967234,-25.63949],[-47.966026,-25.640347],[-47.96504,-25.641053],[-47.964077,-25.641749],[-47.963135,-25.642436],[-47.962213,-25.643115],[-47.961309,-25.643787],[-47.960423,-25.644452],[-47.959552,-25.645112],[-47.958697,-25.645768],[-47.957791,-25.646469],[-47.9569,-25.647165],[-47.956023,-25.647856],[-47.955161,-25.648543],[-47.954312,-25.649227],[-47.953476,-25.649906],[-47.952652,-25.650583],[-47.951841,-25.651257],[-47.951075,-25.6519],[-47.950293,-25.652565],[-47.949491,-25.653253],[-47.948666,-25.653969],[-47.947816,-25.654714],[-47.946931,-25.655496],[-47.946,-25.656325],[-47.945005,-25.657217],[-47.94417,-25.657972],[-47.943321,-25.658746],[-47.942456,-25.659541],[-47.941573,-25.660358],[-47.940672,-25.6612],[-47.939746,-25.662071],[-47.938792,-25.662974],[-47.937804,-25.663915],[-47.936913,-25.664769],[-47.936027,-25.665624],[-47.935145,-25.666481],[-47.934267,-25.66734],[-47.933394,-25.6682],[-47.932525,-25.669061],[-47.931661,-25.669924],[-47.930801,-25.670788],[-47.929761,-25.67184],[-47.92873,-25.672893],[-47.927706,-25.673947],[-47.926689,-25.675001],[-47.925681,-25.676056],[-47.92468,-25.677111],[-47.923687,-25.678167],[-47.922702,-25.679224],[-47.921704,-25.680302],[-47.920716,-25.681379],[-47.919737,-25.682455],[-47.918767,-25.68353],[-47.917806,-25.684604],[-47.916854,-25.685677],[-47.915911,-25.68675],[-47.914977,-25.687821],[-47.914184,-25.688737],[-47.9134,-25.68965],[-47.912623,-25.69056],[-47.911854,-25.691469],[-47.911092,-25.692375],[-47.910337,-25.693279],[-47.90959,-25.694181],[-47.90885,-25.695081],[-47.908095,-25.696006],[-47.907348,-25.696928],[-47.906609,-25.697847],[-47.905877,-25.698763],[-47.905154,-25.699677],[-47.904438,-25.700588],[-47.90373,-25.701496],[-47.903029,-25.702401],[-47.902312,-25.703334],[-47.901604,-25.704263],[-47.900905,-25.705187],[-47.900215,-25.706108],[-47.899532,-25.707024],[-47.898858,-25.707938],[-47.898191,-25.708847],[-47.897533,-25.709754],[-47.896789,-25.710787],[-47.896056,-25.711814],[-47.895333,-25.712835],[-47.894621,-25.713852],[-47.893918,-25.714864],[-47.893225,-25.715871],[-47.892542,-25.716874],[-47.891869,-25.717872],[-47.891175,-25.71891],[-47.890493,-25.719941],[-47.889821,-25.720966],[-47.88916,-25.721984],[-47.888509,-25.722997],[-47.887869,-25.724004],[-47.887238,-25.725005],[-47.886617,-25.726002],[-47.885977,-25.72704],[-47.885349,-25.728071],[-47.88473,-25.729095],[-47.884122,-25.730113],[-47.883525,-25.731124],[-47.882937,-25.73213],[-47.882359,-25.73313],[-47.881791,-25.734124],[-47.881257,-25.735069],[-47.880733,-25.736006],[-47.880219,-25.736936],[-47.879714,-25.737859],[-47.879217,-25.738775],[-47.87873,-25.739686],[-47.878251,-25.74059],[-47.877781,-25.741489],[-47.877229,-25.742554],[-47.876702,-25.743584],[-47.876197,-25.744584],[-47.87571,-25.745559],[-47.875241,-25.746513],[-47.874788,-25.747448],[-47.87435,-25.748365],[-47.873926,-25.749268],[-47.873505,-25.750179],[-47.873091,-25.75109],[-47.872682,-25.752001],[-47.872279,-25.752912],[-47.871882,-25.753823],[-47.871492,-25.754734],[-47.871107,-25.755645],[-47.870729,-25.756556],[-47.870419,-25.757314],[-47.87011,-25.758082],[-47.8698,-25.758861],[-47.86949,-25.759651],[-47.86918,-25.760454],[-47.868869,-25.761269],[-47.868557,-25.762097],[-47.868244,-25.76294],[-47.867895,-25.763894],[-47.867547,-25.764862],[-47.8672,-25.765845],[-47.866854,-25.766842],[-47.866508,-25.767855],[-47.866161,-25.768886],[-47.865815,-25.769934],[-47.865468,-25.771001],[-47.865201,-25.771834],[-47.864934,-25.772679],[-47.864667,-25.773538],[-47.8644,-25.774412],[-47.864131,-25.775302],[-47.863861,-25.77621],[-47.863589,-25.777136],[-47.863314,-25.778083],[-47.863013,-25.779136],[-47.862713,-25.780207],[-47.862413,-25.781296],[-47.862113,-25.782405],[-47.861813,-25.783536],[-47.861511,-25.78469],[-47.861208,-25.78587],[-47.860903,-25.787078],[-47.86068,-25.787973],[-47.860456,-25.788884],[-47.860006,-25.790763],[-47.859547,-25.792727],[-47.859076,-25.794801],[-47.858844,-25.795847],[-47.858609,-25.796921],[-47.858372,-25.798025],[-47.85813,-25.799166],[-47.857632,-25.801573],[-47.857095,-25.80424],[-47.856718,-25.806167],[-47.856337,-25.808178],[-47.855949,-25.81029],[-47.855549,-25.812537],[-47.855161,-25.814767],[-47.854738,-25.817248],[-47.854317,-25.819755],[-47.853442,-25.825003],[-47.853012,-25.827592],[-47.852585,-25.830204],[-47.85216,-25.83284],[-47.851738,-25.835501],[-47.851318,-25.838187],[-47.8509,-25.8409],[-47.850483,-25.843642],[-47.850069,-25.846413],[-47.849655,-25.849213],[-47.849243,-25.852047],[-47.848832,-25.854915],[-47.848421,-25.85782],[-47.8476,-25.86375],[-47.846776,-25.86986],[-47.84582,-25.877092],[-47.845462,-25.879855],[-47.845141,-25.882384],[-47.844836,-25.884843],[-47.844555,-25.887174],[-47.844294,-25.889407],[-47.844051,-25.89156],[-47.843683,-25.894956],[-47.843331,-25.898357],[-47.842993,-25.901763],[-47.842671,-25.905174],[-47.842365,-25.90858],[-47.842075,-25.911992],[-47.8418,-25.915408],[-47.84154,-25.918829],[-47.841296,-25.922244],[-47.841068,-25.925665],[-47.840855,-25.929092],[-47.840657,-25.932524],[-47.840546,-25.93458],[-47.840441,-25.936636],[-47.840341,-25.938692],[-47.840247,-25.940749],[-47.840159,-25.942806],[-47.840076,-25.944863],[-47.839999,-25.946921],[-47.839927,-25.948979]]]}},
{"type":"Feature","properties":{"idhidrovia":200000352,"nome":"Acesso ao Porto de Antonina","navegacao":"Navegação de Cabotagem","tipo":"Marítimo/oceânico","vel_cional":15.0,"extensao":24.0,"tempo":"0d 1h 36min","cla_icacao":"Acesso simples","nome_rio":null,"nom_eclusa":null,"jurisdicao":null,"reg_rafica":null,"pro_de_min":null,"pro_de_max":null,"dominio":null,"observacao":null,"snv":null,"fonte":null,"idm_origem":"BR410120","mun_origem":"Antonina","est_origem":"PR","idm_estino":"BR411820","mun_estino":"Paranaguá","est_estino":"PR","idantaq":null,"camada sim":"7","Fluxo":72130.0},"geometry":{"type":"MultiLineString","coordinates":[[[-48.676332,-25.457292],[-48.676233,-25.457182],[-48.676133,-25.457078],[-48.676032,-25.45698],[-48.675929,-25.456888],[-48.675825,-25.456802],[-48.675719,-25.456722],[-48.675612,-25.456648],[-48.675504,-25.45658],[-48.675395,-25.456518],[-48.675284,-25.456462],[-48.675171,-25.456412],[-48.675058,-25.456368],[-48.674943,-25.456329],[-48.674826,-25.456297],[-48.674709,-25.456271],[-48.674589,-25.456251],[-48.674489,-25.45624],[-48.674381,-25.456236],[-48.674267,-25.456238],[-48.674143,-25.456247],[-48.674027,-25.45626],[-48.673898,-25.456278],[-48.673499,-25.456344],[-48.673375,-25.456364],[-48.673126,-25.456402],[-48.672895,-25.456441],[-48.672677,-25.456482],[-48.67247,-25.456526],[-48.672272,-25.456572],[-48.672082,-25.456621],[-48.6719,-25.456673],[-48.671724,-25.456729],[-48.671596,-25.456774],[-48.671464,-25.456823],[-48.671327,-25.456877],[-48.671183,-25.456937],[-48.671036,-25.457002],[-48.670876,-25.457074],[-48.670479,-25.457263],[-48.670156,-25.457422],[-48.669885,-25.457561],[-48.66976,-25.457629],[-48.669642,-25.457695],[-48.669528,-25.45776],[-48.66942,-25.457826],[-48.669291,-25.457907],[-48.669159,-25.457995],[-48.669022,-25.458091],[-48.668877,-25.458196],[-48.668745,-25.458295],[-48.668599,-25.458408],[-48.668018,-25.458866],[-48.667454,-25.459305],[-48.667103,-25.459582],[-48.666782,-25.459841],[-48.666495,-25.46008],[-48.666353,-25.460201],[-48.666217,-25.46032],[-48.666086,-25.460436],[-48.66596,-25.460551],[-48.665838,-25.460665],[-48.66572,-25.460778],[-48.665607,-25.460891],[-48.665496,-25.461002],[-48.665291,-25.461217],[-48.665088,-25.461438],[-48.664886,-25.461665],[-48.664686,-25.461898],[-48.664488,-25.462136],[-48.664293,-25.462381],[-48.664099,-25.462631],[-48.663908,-25.462886],[-48.663729,-25.463131],[-48.663569,-25.46336],[-48.663421,-25.463577],[-48.663285,-25.463786],[-48.663229,-25.463875],[-48.663174,-25.463967],[-48.663119,-25.464061],[-48.663065,-25.464159],[-48.662957,-25.464364],[-48.662848,-25.464586],[-48.66275,-25.464798],[-48.662644,-25.465036],[-48.662541,-25.465277],[-48.662269,-25.465924],[-48.662186,-25.466116],[-48.662109,-25.466289],[-48.662019,-25.466483],[-48.661931,-25.466663],[-48.661845,-25.466832],[-48.661758,-25.466992],[-48.661403,-25.467636],[-48.661303,-25.46781],[-48.661212,-25.467964],[-48.661113,-25.468125],[-48.661016,-25.468272],[-48.66092,-25.46841],[-48.660824,-25.468538],[-48.660714,-25.468677],[-48.660601,-25.468813],[-48.660486,-25.468945],[-48.66037,-25.469073],[-48.660253,-25.469197],[-48.660134,-25.469317],[-48.660015,-25.469431],[-48.659896,-25.469539],[-48.659818,-25.469606],[-48.659738,-25.469671],[-48.659655,-25.469735],[-48.65957,-25.469796],[-48.659482,-25.469856],[-48.659392,-25.469914],[-48.659298,-25.46997],[-48.659203,-25.470025],[-48.659104,-25.470078],[-48.659002,-25.47013],[-48.658898,-25.470179],[-48.65879,-25.470228],[-48.658679,-25.470275],[-48.658564,-25.470321],[-48.658446,-25.470366],[-48.658323,-25.470409],[-48.658138,-25.470471],[-48.657943,-25.47053],[-48.657735,-25.470589],[-48.657513,-25.470647],[-48.657286,-25.470703],[-48.657034,-25.470761],[-48.656048,-25.470976],[-48.655828,-25.471025],[-48.655632,-25.471071],[-48.655408,-25.471127],[-48.655201,-25.471182],[-48.655006,-25.471237],[-48.654823,-25.471294],[-48.654012,-25.471549],[-48.653175,-25.471805],[-48.652311,-25.472061],[-48.651414,-25.472319],[-48.650483,-25.472579],[-48.649505,-25.472846],[-48.648468,-25.473122],[-48.647347,-25.473415],[-48.64657,-25.473614],[-48.645826,-25.473801],[-48.645109,-25.473978],[-48.644415,-25.474147],[-48.643739,-25.474307],[-48.64308,-25.47446],[-48.642436,-25.474605],[-48.641805,-25.474744],[-48.641058,-25.474903],[-48.640299,-25.47506],[-48.639525,-25.475214],[-48.638736,-25.475366],[-48.637931,-25.475517],[-48.637107,-25.475666],[-48.636264,-25.475815],[-48.635398,-25.475962],[-48.634622,-25.47609],[-48.633826,-25.476216],[-48.633007,-25.476341],[-48.632163,-25.476465],[-48.631291,-25.476588],[-48.630384,-25.476712],[-48.629434,-25.476837],[-48.628428,-25.476966],[-48.627512,-25.477079],[-48.626565,-25.477189],[-48.62558,-25.477299],[-48.62455,-25.477409],[-48.623479,-25.477517],[-48.622332,-25.477629],[-48.619623,-25.477881],[-48.618348,-25.477993],[-48.617031,-25.478102],[-48.615665,-25.478209],[-48.614236,-25.478315],[-48.612751,-25.478419],[-48.611164,-25.478525],[-48.607454,-25.478757],[-48.604148,-25.478965],[-48.603165,-25.479025],[-48.601995,-25.479093],[-48.600946,-25.47915],[-48.59984,-25.479202],[-48.598802,-25.479244],[-48.597816,-25.479275],[-48.59687,-25.479296],[-48.596331,-25.479304],[-48.595782,-25.479309],[-48.595223,-25.479312],[-48.594652,-25.479312],[-48.593471,-25.479305],[-48.592224,-25.479288],[-48.590942,-25.479261],[-48.58954,-25.479224],[-48.587991,-25.479176],[-48.585843,-25.479102],[-48.585182,-25.479078],[-48.584508,-25.47905],[-48.583819,-25.479018],[-48.583114,-25.478982],[-48.581649,-25.478899],[-48.580085,-25.478799],[-48.578672,-25.478701],[-48.577103,-25.478585],[-48.57556,-25.478466],[-48.571601,-25.478155],[-48.569422,-25.477991],[-48.568267,-25.47791],[-48.567187,-25.477837],[-48.566159,-25.477773],[-48.565176,-25.477716],[-48.564189,-25.47766],[-48.561322,-25.477495],[-48.559613,-25.477403],[-48.558717,-25.477361],[-48.557879,-25.477325],[-48.557082,-25.477295],[-48.556319,-25.477272],[-48.555028,-25.477239],[-48.553871,-25.477215],[-48.552795,-25.477199],[-48.55178,-25.477189],[-48.550802,-25.477187],[-48.549864,-25.477192],[-48.548957,-25.477204],[-48.548078,-25.477224],[-48.547167,-25.477252],[-48.546247,-25.477287],[-48.545318,-25.477329],[-48.544381,-25.477379],[-48.543435,-25.477436],[-48.542479,-25.477501],[-48.541514,-25.477572],[-48.540539,-25.477651],[-48.539873,-25.47771],[-48.539196,-25.477774],[-48.538509,-25.477843],[-48.537809,-25.477919],[-48.537096,-25.477999],[-48.536369,-25.478086],[-48.535624,-25.478179],[-48.534861,-25.478278],[-48.534091,-25.478382],[-48.533297,-25.478493],[-48.532475,-25.478612],[-48.531618,-25.478739],[-48.529783,-25.479021],[-48.527609,-25.479367],[-48.526038,-25.479626],[-48.524463,-25.479897],[-48.522885,-25.48018],[-48.521302,-25.480475],[-48.519715,-25.480781],[-48.518125,-25.4811],[-48.516532,-25.48143],[-48.514936,-25.481772],[-48.513365,-25.48212],[-48.511793,-25.482479],[-48.510219,-25.48285],[-48.508644,-25.483232],[-48.507068,-25.483626],[-48.50549,-25.484031],[-48.503912,-25.484448],[-48.502333,-25.484875],[-48.501358,-25.485145],[-48.500381,-25.48542],[-48.499403,-25.4857],[-48.498423,-25.485984],[-48.497443,-25.486274],[-48.496461,-25.486568],[-48.495477,-25.486866],[-48.494493,-25.48717],[-48.492925,-25.487662],[-48.49136,-25.488165],[-48.489799,-25.488678],[-48.48824,-25.489201]]]}},
{"type":"Feature","properties":{"idhidrovia":200000353,"nome":"Porto de Santos - Porto de São Sebastião","navegacao":"Navegação de Cabotagem","tipo":"Marítimo/oceânico","vel_cional":25.0,"extensao":109.2,"tempo":"0d 4h 22min","cla_icacao":"Percurso externo","nome_rio":null,"nom_eclusa":null,"jurisdicao":null,"reg_rafica":null,"pro_de_min":null,"pro_de_max":null,"dominio":null,"observacao":null,"snv":null,"fonte":null,"idm_origem":null,"mun_origem":null,"est_origem":null,"idm_estino":null,"mun_estino":null,"est_estino":null,"idantaq":null,"camada sim":"8","Fluxo":133619821.0},"geometry":{"type":"MultiLineString","coordinates":[[[-45.844541,-24.508413],[-45.842736,-24.508036],[-45.838024,-24.507066],[-45.833391,-24.506129],[-45.829011,-24.505261],[-45.826894,-24.504849],[-45.824822,-24.50445],[-45.822788,-24.504064],[-45.82079,-24.50369],[-45.818732,-24.50331],[-45.816707,-24.502942],[-45.814712,-24.502585],[-45.812745,-24.50224],[-45.810804,-24.501905],[-45.808888,-24.501581],[-45.806994,-24.501267],[-45.805121,-24.500963],[-45.803267,-24.500668],[-45.801433,-24.500383],[-45.799616,-24.500108],[-45.797817,-24.499841],[-45.796034,-24.499584],[-45.794266,-24.499336],[-45.792513,-24.499097],[-45.790775,-24.498866],[-45.788104,-24.498522],[-45.785453,-24.498191],[-45.782821,-24.497872],[-45.780209,-24.497565],[-45.777614,-24.49727],[-45.775038,-24.496987],[-45.772478,-24.496717],[-45.769936,-24.496458],[-45.76741,-24.496211],[-45.764899,-24.495976],[-45.762405,-24.495753],[-45.759925,-24.495541],[-45.757461,-24.495342],[-45.755012,-24.495154],[-45.752576,-24.494978],[-45.750155,-24.494813],[-45.747672,-24.494656],[-45.745165,-24.494509],[-45.742634,-24.494373],[-45.740078,-24.494247],[-45.737497,-24.494132],[-45.734888,-24.494027],[-45.732251,-24.493932],[-45.729584,-24.493847],[-45.726888,-24.493772],[-45.724159,-24.493707],[-45.721395,-24.493653],[-45.718595,-24.493608],[-45.715755,-24.493573],[-45.712874,-24.493548],[-45.709947,-24.493534],[-45.706972,-24.493528],[-45.704345,-24.493534],[-45.701692,-24.493551],[-45.699011,-24.493579],[-45.696301,-24.493618],[-45.69356,-24.493669],[-45.690787,-24.493731],[-45.68798,-24.493805],[-45.685137,-24.49389],[-45.682259,-24.493986],[-45.67934,-24.494094],[-45.676377,-24.494214],[-45.673366,-24.494345],[-45.670304,-24.494489],[-45.667186,-24.494645],[-45.664006,-24.494813],[-45.660758,-24.494994],[-45.658152,-24.495148],[-45.655512,-24.495313],[-45.652835,-24.49549],[-45.650118,-24.495679],[-45.64736,-24.495881],[-45.644555,-24.496094],[-45.6417,-24.496321],[-45.63879,-24.49656],[-45.635838,-24.496812],[-45.632818,-24.497077],[-45.629723,-24.497358],[-45.626542,-24.497654],[-45.623269,-24.497966],[-45.619878,-24.498297],[-45.616347,-24.498649],[-45.612638,-24.499025],[-45.610516,-24.499245],[-45.608375,-24.499473],[-45.606213,-24.499709],[-45.60403,-24.499954],[-45.601824,-24.500206],[-45.599594,-24.500467],[-45.597339,-24.500736],[-45.595057,-24.501015],[-45.592749,-24.501301],[-45.59041,-24.501597],[-45.585631,-24.502218],[-45.580699,-24.50288],[-45.575584,-24.503586],[-45.570937,-24.504244],[-45.56608,-24.504945],[-45.560961,-24.505698],[-45.555476,-24.506518],[-45.54664,-24.50786],[-45.541427,-24.508659],[-45.525853,-24.511056],[-45.516462,-24.512485],[-45.513461,-24.512942],[-45.510431,-24.513409],[-45.507371,-24.513889],[-45.50428,-24.51438],[-45.501157,-24.514883],[-45.497998,-24.515399],[-45.494801,-24.515927],[-45.491565,-24.516469],[-45.488292,-24.517023],[-45.484973,-24.517591],[-45.478184,-24.518773],[-45.471166,-24.520019],[-45.463871,-24.521338],[-45.457784,-24.522455],[-45.451426,-24.523636],[-45.444731,-24.524894],[-45.437569,-24.526251],[-45.424293,-24.528794],[-45.400949,-24.533299],[-45.392204,-24.534982],[-45.383521,-24.536642],[-45.375686,-24.538127],[-45.367406,-24.539679],[-45.359624,-24.541117],[-45.35221,-24.542465],[-45.345094,-24.543737],[-45.341347,-24.544396],[-45.337666,-24.545037],[-45.334044,-24.545661],[-45.330478,-24.546267],[-45.326961,-24.546857],[-45.323492,-24.547432],[-45.320068,-24.547992],[-45.316684,-24.548538],[-45.313336,-24.549069],[-45.310025,-24.549587],[-45.306748,-24.550092],[-45.303505,-24.550583],[-45.300292,-24.551061],[-45.297108,-24.551527],[-45.293953,-24.55198],[-45.290824,-24.55242],[-45.274816,-24.554666],[-45.267835,-24.555636],[-45.26415,-24.55614],[-45.260703,-24.556606],[-45.257429,-24.557042],[-45.254294,-24.557451],[-45.250977,-24.557877],[-45.247774,-24.558278],[-45.244666,-24.558657],[-45.241641,-24.559017],[-45.238685,-24.559358],[-45.235794,-24.559681],[-45.232961,-24.559987],[-45.230181,-24.560276],[-45.226049,-24.560692],[-45.222105,-24.56108],[-45.218311,-24.561443],[-45.214644,-24.561784],[-45.211076,-24.562104],[-45.207603,-24.562405],[-45.204212,-24.562686],[-45.200894,-24.56295],[-45.197624,-24.563198],[-45.194414,-24.563429],[-45.19126,-24.563643],[-45.188157,-24.56384],[-45.185101,-24.564022],[-45.182088,-24.564187],[-45.179117,-24.564336],[-45.176184,-24.56447],[-45.172141,-24.564637],[-45.168226,-24.564785],[-45.164419,-24.564913],[-45.160709,-24.565023],[-45.15708,-24.565114],[-45.153528,-24.565187],[-45.150045,-24.565242],[-45.146626,-24.565278],[-45.144933,-24.56529],[-45.143254,-24.565297],[-45.141589,-24.5653],[-45.139937,-24.565298],[-45.138297,-24.565291],[-45.13667,-24.56528],[-45.135055,-24.565265],[-45.133451,-24.565245],[-45.131858,-24.56522],[-45.130275,-24.565191],[-45.128703,-24.565157],[-45.127142,-24.565119],[-45.12559,-24.565076],[-45.124048,-24.565029],[-45.122515,-24.564977],[-45.120991,-24.564921],[-45.117386,-24.564773],[-45.113864,-24.564612],[-45.110417,-24.564437],[-45.10872,-24.564344],[-45.107038,-24.564248],[-45.105372,-24.564148],[-45.103721,-24.564044],[-45.102085,-24.563937],[-45.100462,-24.563825],[-45.098853,-24.563711],[-45.097257,-24.563592],[-45.095674,-24.563469],[-45.094102,-24.563343],[-45.09254,-24.563213],[-45.09099,-24.563078],[-45.08945,-24.56294],[-45.087922,-24.562798],[-45.086404,-24.562651],[-45.084897,-24.562501],[-45.083399,-24.562346],[-45.081912,-24.562188],[-45.080434,-24.562025],[-45.078965,-24.561859],[-45.077505,-24.561688],[-45.076055,-24.561512],[-45.074613,-24.561333],[-45.07318,-24.56115],[-45.071756,-24.560962],[-45.070339,-24.56077],[-45.068725,-24.560545],[-45.067123,-24.560318],[-45.065534,-24.560088],[-45.063958,-24.559854],[-45.062392,-24.559618],[-45.060839,-24.559378],[-45.059296,-24.559135],[-45.057765,-24.558889],[-45.056244,-24.55864],[-45.054734,-24.558387],[-45.053234,-24.558131],[-45.051743,-24.557871],[-45.050263,-24.557609],[-45.048792,-24.557342],[-45.047331,-24.557072],[-45.045879,-24.556799],[-45.044436,-24.556522],[-45.043001,-24.556241],[-45.041575,-24.555957],[-45.040158,-24.555669],[-45.038749,-24.555377],[-45.037349,-24.555082],[-45.035958,-24.554783],[-45.034574,-24.55448],[-45.033198,-24.554174],[-45.031831,-24.553863],[-45.030471,-24.553549],[-45.02912,-24.553231],[-45.027776,-24.552909],[-45.026439,-24.552584],[-45.02511,-24.552254],[-45.023789,-24.55192],[-45.022361,-24.551554],[-45.020939,-24.551184],[-45.019522,-24.55081],[-45.018111,-24.550432],[-45.016704,-24.55005],[-45.015304,-24.549664],[-45.013908,-24.549274],[-45.012519,-24.548881],[-45.011135,-24.548483],[-45.009756,-24.548082],[-45.008383,-24.547676],[-45.007015,-24.547267],[-45.005654,-24.546854],[-45.004297,-24.546437],[-45.002947,-24.546016],[-45.001602,-24.545592],[-45.000263,-24.545163],[-44.998929,-24.544731],[-44.997602,-24.544295],[-44.99628,-24.543855],[-44.994963,-24.543411],[-44.993653,-24.542963],[-44.992348,-24.542512],[-44.991049,-24.542056],[-44.989756,-24.541597],[-44.988469,-24.541134],[-44.987188,-24.540668],[-44.985913,-24.540197],[-44.984643,-24.539723],[-44.983379,-24.539245],[-44.982122,-24.538763],[-44.98087,-24.538278],[-44.979623,-24.537788],[-44.978375,-24.537292],[-44.977125,-24.536789],[-44.975873,-24.53628],[-44.97462,-24.535763],[-44.973366,-24.535241],[-44.97211,-24.534711],[-44.970852,-24.534175],[-44.969593,-24.533633],[-44.968332,-24.533084],[-44.96707,-24.532528],[-44.965806,-24.531966],[-44.964542,-24.531397],[-44.963275,-24.530822],[-44.962008,-24.53024],[-44.960739,-24.529651],[-44.959469,-24.529057],[-44.958197,-24.528455],[-44.956925,-24.527847],[-44.955651,-24.527233],[-44.954376,-24.526612],[-44.9531,-24.525985],[-44.951822,-24.525351],[-44.950544,-24.524712],[-44.949265,-24.524065],[-44.947984,-24.523412],[-44.946703,-24.522753],[-44.945421,-24.522088],[-44.944137,-24.521416],[-44.942853,-24.520738],[-44.941568,-24.520054],[-44.940282,-24.519363],[-44.939059,-24.5187],[-44.937832,-24.518028],[-44.936602,-24.517348],[-44.935369,-24.516659],[-44.934133,-24.515962],[-44.932893,-24.515256],[-44.93165,-24.514541],[-44.930404,-24.513818],[-44.929154,-24.513087],[-44.9279,-24.512346],[-44.926643,-24.511597],[-44.925382,-24.510838],[-44.924117,-24.510071],[-44.922847,-24.509295],[-44.921573,-24.508509],[-44.920295,-24.507714],[-44.919013,-24.506911],[-44.917727,-24.506098],[-44.916435,-24.505276],[-44.915139,-24.504443],[-44.913837,-24.503602],[-44.91253,-24.50275],[-44.911217,-24.501888],[-44.909898,-24.501017],[-44.908573,-24.500135],[-44.907243,-24.499242],[-44.905905,-24.49834],[-44.904561,-24.497426],[-44.90321,-24.496501],[-44.901851,-24.495565],[-44.900484,-24.494618],[-44.899109,-24.493659],[-44.897948,-24.492843],[-44.896784,-24.492018],[-44.895615,-24.491185],[-44.894444,-24.490342],[-44.893268,-24.48949],[-44.892089,-24.488629],[-44.890905,-24.487758],[-44.889718,-24.486878],[-44.888525,-24.485989],[-44.887329,-24.485089],[-44.886127,-24.48418],[-44.88492,-24.48326],[-44.883708,-24.482331],[-44.88249,-24.48139],[-44.881267,-24.480439],[-44.880037,-24.479477],[-44.878803,-24.478506],[-44.877563,-24.477524],[-44.876315,-24.476529],[-44.875061,-24.475523],[-44.873798,-24.474505],[-44.872527,-24.473474],[-44.871247,-24.47243],[-44.869959,-24.471373],[-44.868661,-24.470302],[-44.867352,-24.469218],[-44.866033,-24.468118],[-44.864702,-24.467003],[-44.863359,-24.465872],[-44.862003,-24.464725],[-44.860632,-24.463559],[-44.859246,-24.462376],[-44.858065,-24.461362],[-44.856881,-24.460337],[-44.855692,-24.459303],[-44.854499,-24.458259],[-44.853302,-24.457204],[-44.852101,-24.456138],[-44.850894,-24.455062],[-44.849683,-24.453975],[-44.848467,-24.452876],[-44.847245,-24.451766],[-44.846017,-24.450644],[-44.844783,-24.44951],[-44.843542,-24.448364],[-44.842295,-24.447205],[-44.84104,-24.446033],[-44.839778,-24.444847],[-44.838512,-24.443651],[-44.837237,-24.442442],[-44.835954,-24.441217],[-44.834661,-24.439978],[-44.833357,-24.438722],[-44.832043,-24.43745],[-44.830717,-24.436161],[-44.829379,-24.434854],[-44.828029,-24.433529],[-44.826664,-24.432184],[-44.825284,-24.430819],[-44.823887,-24.429431],[-44.821039,-24.426584],[-44.818104,-24.423629],[-44.816102,-24.421597],[-44.814083,-24.419528],[-44.812044,-24.417422],[-44.809984,-24.415274],[-44.8079,-24.413085],[-44.80579,-24.41085],[-44.803651,-24.408566],[-44.801478,-24.40623],[-44.799281,-24.403851],[-44.797042,-24.401409],[-44.794756,-24.398899],[-44.792413,-24.396312],[-44.790009,-24.393643],[-44.787527,-24.390871],[-44.78495,-24.387978],[-44.78225,-24.384933],[-44.780456,-24.382899],[-44.778636,-24.380819],[-44.776785,-24.378689],[-44.7749,-24.376504],[-44.772977,-24.374261],[-44.771008,-24.37195],[-44.768985,-24.369562],[-44.766897,-24.367083],[-44.764921,-24.364726],[-44.762862,-24.36226],[-44.7607,-24.359659],[-44.758394,-24.356876],[-44.753975,-24.351523],[-44.744225,-24.33968],[-44.74232,-24.337363],[-44.740403,-24.33502],[-44.738474,-24.332651],[-44.736532,-24.330254],[-44.734575,-24.327828],[-44.732603,-24.325372],[-44.730615,-24.322884],[-44.728609,-24.320362],[-44.726586,-24.317809],[-44.724542,-24.315218],[-44.722476,-24.312588],[-44.720386,-24.309916],[-44.718269,-24.307201],[-44.716124,-24.304437],[-44.713946,-24.301622],[-44.711733,-24.298751],[-44.707636,-24.293412],[-44.70338,-24.287833],[-44.698924,-24.281961],[-44.694192,-24.275697],[-44.689766,-24.269815],[-44.684866,-24.263285],[-44.679961,-24.256734],[-44.666964,-24.239358],[-44.6596,-24.229537],[-44.65563,-24.22426],[-44.651912,-24.219334],[-44.648375,-24.214662],[-44.64498,-24.210197],[-44.640915,-24.204874],[-44.636992,-24.199766],[-44.633185,-24.194837],[-44.629475,-24.190065],[-44.625842,-24.185423],[-44.624052,-24.183149],[-44.62228,-24.180905],[-44.620522,-24.178687],[-44.618779,-24.176496],[-44.617049,-24.174331],[-44.615332,-24.172189],[-44.61016,-24.165734],[-44.607158,-24.161975],[-44.598293,-24.150866],[-44.59296,-24.144205],[-44.590029,-24.140559],[-44.587288,-24.137163],[-44.58468,-24.133948],[-44.582178,-24.130879],[-44.57935,-24.12743],[-44.576615,-24.124119],[-44.573956,-24.120923],[-44.571361,-24.117829],[-44.570082,-24.116315],[-44.568816,-24.114821],[-44.567562,-24.113348],[-44.566318,-24.111895],[-44.565085,-24.110459],[-44.563861,-24.109041],[-44.562645,-24.10764],[-44.561438,-24.106256],[-44.557006,-24.1012],[-44.554889,-24.098796],[-44.552826,-24.09646],[-44.550806,-24.094182],[-44.548827,-24.091959],[-44.546884,-24.089784],[-44.544974,-24.087655],[-44.543086,-24.085559],[-44.541224,-24.083501],[-44.539388,-24.08148],[-44.537573,-24.079492],[-44.535778,-24.077536],[-44.534003,-24.075609],[-44.532245,-24.073711],[-44.530503,-24.07184],[-44.528761,-24.069979],[-44.527033,-24.068143],[-44.525319,-24.066331],[-44.523617,-24.064542],[-44.521926,-24.062775],[-44.520246,-24.06103],[-44.518576,-24.059306],[-44.516916,-24.057601],[-44.515264,-24.055916],[-44.513621,-24.05425],[-44.511985,-24.052602],[-44.510356,-24.050972],[-44.510284,-24.050899]]]}},
{"type":"Feature","properties":{"idhidrovia":200000354,"nome":"Porto de São Sebastião - Porto de Angra dos Reis","navegacao":"Navegação de Cabotagem","tipo":"Marítimo/oceânico","vel_cional":25.0,"extensao":133.56,"tempo":"0d 5h 20min","cla_icacao":"Percurso externo","nome_rio":null,"nom_eclusa":null,"jurisdicao":null,"reg_rafica":null,"pro_de_min":null,"pro_de_max":null,"dominio":null,"observacao":null,"snv":null,"fonte":null,"idm_origem":null,"mun_origem":null,"est_origem":null,"idm_estino":null,"mun_estino":null,"est_estino":null,"idantaq":null,"camada sim":"9","Fluxo":110224081.0},"geometry":{"type":"MultiLineString","coordinates":[[[-44.510284,-24.050899],[-44.508735,-24.049359],[-44.50712,-24.047764],[-44.505511,-24.046185],[-44.503907,-24.044623],[-44.501844,-24.042624],[-44.499829,-24.040682],[-44.497858,-24.038792],[-44.495925,-24.03695],[-44.494024,-24.035148],[-44.492154,-24.033386],[-44.49031,-24.031661],[-44.488492,-24.029969],[-44.486691,-24.028306],[-44.484911,-24.026674],[-44.48315,-24.02507],[-44.481406,-24.023493],[-44.479678,-24.021943],[-44.477964,-24.020417],[-44.476264,-24.018916],[-44.474577,-24.017438],[-44.472778,-24.015874],[-44.470998,-24.014335],[-44.469237,-24.012823],[-44.467492,-24.011334],[-44.465763,-24.009869],[-44.464048,-24.008425],[-44.462347,-24.007004],[-44.460659,-24.005603],[-44.458982,-24.004221],[-44.457316,-24.002859],[-44.45566,-24.001516],[-44.454015,-24.000192],[-44.452379,-23.998885],[-44.450751,-23.997597],[-44.449132,-23.996325],[-44.447521,-23.99507],[-44.445798,-23.99374],[-44.444051,-23.992405],[-44.442279,-23.991062],[-44.44048,-23.989712],[-44.438654,-23.988354],[-44.4368,-23.986986],[-44.434916,-23.985609],[-44.433,-23.984219],[-44.431054,-23.98282],[-44.429073,-23.981406],[-44.427054,-23.979977],[-44.424996,-23.97853],[-44.422894,-23.977064],[-44.420746,-23.975575],[-44.418546,-23.974061],[-44.416289,-23.972517],[-44.415099,-23.971708],[-44.413897,-23.970895],[-44.412682,-23.97008],[-44.411455,-23.96926],[-44.410214,-23.968437],[-44.40896,-23.96761],[-44.407691,-23.966777],[-44.406408,-23.96594],[-44.40511,-23.965098],[-44.403795,-23.96425],[-44.401115,-23.962534],[-44.398359,-23.960788],[-44.395518,-23.959006],[-44.392657,-23.957226],[-44.389689,-23.955396],[-44.386597,-23.953504],[-44.38335,-23.951532],[-44.379973,-23.949494],[-44.376335,-23.947311],[-44.372344,-23.944928],[-44.367579,-23.942092],[-44.364583,-23.940317],[-44.361563,-23.93854],[-44.358518,-23.936761],[-44.355446,-23.934977],[-44.352349,-23.933191],[-44.349224,-23.9314],[-44.346071,-23.929605],[-44.34289,-23.927804],[-44.339679,-23.925999],[-44.336439,-23.924188],[-44.333167,-23.92237],[-44.329863,-23.920546],[-44.326525,-23.918714],[-44.323152,-23.916873],[-44.319744,-23.915024],[-44.316298,-23.913164],[-44.313106,-23.911452],[-44.309888,-23.909738],[-44.306643,-23.90802],[-44.303371,-23.906299],[-44.300071,-23.904575],[-44.296743,-23.902846],[-44.293385,-23.901113],[-44.289996,-23.899374],[-44.286577,-23.897631],[-44.283126,-23.895881],[-44.279641,-23.894125],[-44.276121,-23.892361],[-44.272565,-23.89059],[-44.268972,-23.88881],[-44.26534,-23.887021],[-44.261667,-23.885221],[-44.258545,-23.883701],[-44.255397,-23.882176],[-44.252222,-23.880647],[-44.249019,-23.879114],[-44.245788,-23.877576],[-44.242527,-23.876032],[-44.239235,-23.874482],[-44.235911,-23.872926],[-44.232555,-23.871364],[-44.229164,-23.869793],[-44.225738,-23.868214],[-44.222274,-23.866627],[-44.218771,-23.865029],[-44.215227,-23.86342],[-44.21164,-23.8618],[-44.208007,-23.860167],[-44.204512,-23.858605],[-44.200978,-23.857035],[-44.197404,-23.855457],[-44.193786,-23.853869],[-44.190124,-23.852272],[-44.186414,-23.850663],[-44.182654,-23.849041],[-44.17884,-23.847406],[-44.174976,-23.845758],[-44.171052,-23.844093],[-44.167063,-23.842409],[-44.163004,-23.840704],[-44.15887,-23.838977],[-44.154653,-23.837223],[-44.150346,-23.835439],[-44.145937,-23.833621],[-44.142404,-23.832172],[-44.138845,-23.830721],[-44.135259,-23.829266],[-44.131643,-23.827809],[-44.127999,-23.826347],[-44.124324,-23.824882],[-44.120617,-23.823413],[-44.116878,-23.821938],[-44.113107,-23.820459],[-44.1093,-23.818974],[-44.105457,-23.817483],[-44.101576,-23.815984],[-44.097655,-23.814478],[-44.093693,-23.812964],[-44.089688,-23.811441],[-44.085637,-23.809908],[-44.077454,-23.806833],[-44.069059,-23.803707],[-44.060428,-23.80052],[-44.051523,-23.79726],[-44.042329,-23.79392],[-44.032755,-23.790467],[-44.022722,-23.786872],[-44.012081,-23.783083],[-44.004453,-23.780389],[-43.996689,-23.777673],[-43.988777,-23.774932],[-43.980703,-23.772161],[-43.972456,-23.769358],[-43.964013,-23.766512],[-43.95535,-23.763617],[-43.946437,-23.760663],[-43.937483,-23.757717],[-43.928209,-23.754687],[-43.918557,-23.751555]]]}},
{"type":"Feature","properties":{"idhidrovia":200000355,"nome":"Acesso ao Porto de Santos","navegacao":"Navegação de Cabotagem","tipo":"Marítimo/oceânico","vel_cional":15.0,"extensao":1.0,"tempo":"0d 0h 4min","cla_icacao":"Acesso simples","nome_rio":null,"nom_eclusa":null,"jurisdicao":null,"reg_rafica":null,"pro_de_min":null,"pro_de_max":null,"dominio":null,"observacao":null,"snv":null,"fonte":null,"idm_origem":"BR354850","mun_origem":"Santos","est_origem":"SP","idm_estino":null,"mun_estino":null,"est_estino":null,"idantaq":null,"camada sim":"10","Fluxo":18369774.0},"geometry":{"type":"MultiLineString","coordinates":[[[-46.285655,-23.972229],[-46.285859,-23.972411],[-46.286056,-23.972597],[-46.286246,-23.972785],[-46.28643,-23.972976],[-46.286607,-23.973171],[-46.286776,-23.973368],[-46.286939,-23.973568],[-46.287018,-23.973669],[-46.287095,-23.973771],[-46.287171,-23.973873],[-46.287245,-23.973977],[-46.287317,-23.974081],[-46.287387,-23.974185],[-46.287456,-23.974291],[-46.287522,-23.974397],[-46.287588,-23.974504],[-46.287651,-23.974612],[-46.287713,-23.97472],[-46.287773,-23.974829],[-46.287831,-23.974939],[-46.287888,-23.975049],[-46.287943,-23.975161],[-46.287996,-23.975273],[-46.288047,-23.975386],[-46.288097,-23.975499],[-46.288162,-23.975658],[-46.288223,-23.975824],[-46.288279,-23.975995],[-46.288331,-23.976174],[-46.288379,-23.976359],[-46.288423,-23.976552],[-46.288464,-23.976754],[-46.288501,-23.976965],[-46.288529,-23.977148],[-46.288556,-23.97734],[-46.288581,-23.977543],[-46.288605,-23.977762],[-46.288643,-23.97817],[-46.288727,-23.979154],[-46.288752,-23.979416],[-46.288778,-23.979651],[-46.288802,-23.979874],[-46.288823,-23.980122],[-46.288841,-23.980365],[-46.288882,-23.980981],[-46.288909,-23.981315],[-46.288926,-23.98149],[-46.288945,-23.981654],[-46.288966,-23.981809],[-46.288988,-23.981958],[-46.28907,-23.982458],[-46.289123,-23.98276],[-46.289178,-23.983039],[-46.289205,-23.983166],[-46.289233,-23.983288],[-46.289264,-23.983413],[-46.289296,-23.983532],[-46.289328,-23.983647],[-46.289363,-23.983758],[-46.289398,-23.983866],[-46.289435,-23.98397],[-46.289474,-23.984071],[-46.289514,-23.984169],[-46.289557,-23.984266],[-46.289603,-23.984364],[-46.289652,-23.984463],[-46.289705,-23.984563],[-46.289761,-23.984665],[-46.28982,-23.984768],[-46.289883,-23.984873],[-46.289949,-23.98498],[-46.290018,-23.985087],[-46.290091,-23.985196],[-46.290252,-23.985428],[-46.290435,-23.98568],[-46.290673,-23.985997],[-46.290832,-23.986201],[-46.291,-23.986407],[-46.291178,-23.986616],[-46.291367,-23.986828],[-46.291567,-23.987043],[-46.29178,-23.987264],[-46.292008,-23.987492],[-46.292253,-23.987731],[-46.292451,-23.987917],[-46.292662,-23.988107],[-46.292885,-23.988301],[-46.293124,-23.988501],[-46.293375,-23.988704],[-46.29365,-23.988921],[-46.293958,-23.989159],[-46.29436,-23.989465],[-46.294699,-23.989724],[-46.295646,-23.990456],[-46.295939,-23.990678],[-46.296204,-23.990875],[-46.296504,-23.991092],[-46.296786,-23.991289],[-46.297056,-23.991471],[-46.297317,-23.991639],[-46.297457,-23.991726],[-46.297596,-23.991809],[-46.297732,-23.991889],[-46.297868,-23.991965],[-46.298001,-23.992038],[-46.298134,-23.992108],[-46.298265,-23.992175],[-46.298396,-23.992238],[-46.298526,-23.992299],[-46.298654,-23.992356],[-46.298782,-23.992411],[-46.29891,-23.992462],[-46.299037,-23.992511],[-46.299163,-23.992557],[-46.299289,-23.992599],[-46.299414,-23.992639],[-46.299618,-23.992699],[-46.299828,-23.992754],[-46.300043,-23.992806],[-46.300265,-23.992853],[-46.300493,-23.992896],[-46.300727,-23.992935],[-46.300968,-23.992971],[-46.301216,-23.993002],[-46.30147,-23.993029],[-46.301731,-23.993053],[-46.302001,-23.993073],[-46.302281,-23.993089],[-46.30257,-23.993102],[-46.302871,-23.993111],[-46.303186,-23.993117],[-46.30352,-23.99312],[-46.303714,-23.993117],[-46.303915,-23.993109],[-46.304124,-23.993095],[-46.304346,-23.993075],[-46.304585,-23.993048],[-46.304848,-23.993013],[-46.305126,-23.992973],[-46.305914,-23.992855],[-46.306159,-23.992821],[-46.306378,-23.992794],[-46.306632,-23.992768],[-46.306869,-23.992749],[-46.307093,-23.992737],[-46.307308,-23.992732],[-46.307437,-23.992732],[-46.307568,-23.992735],[-46.307702,-23.992739],[-46.307839,-23.992745],[-46.308125,-23.992763],[-46.308429,-23.992789],[-46.308704,-23.992817],[-46.309009,-23.992853],[-46.309308,-23.992892],[-46.310073,-23.992992],[-46.310493,-23.993044],[-46.310715,-23.993068],[-46.310923,-23.993088],[-46.31112,-23.993104],[-46.31131,-23.993117],[-46.311827,-23.993145],[-46.31235,-23.993168],[-46.31288,-23.993186],[-46.313415,-23.993198],[-46.313958,-23.993205],[-46.314507,-23.993207],[-46.315063,-23.993203],[-46.315627,-23.993194],[-46.316199,-23.993179],[-46.316779,-23.993159],[-46.317368,-23.993134],[-46.317966,-23.993103],[-46.318575,-23.993067],[-46.319195,-23.993025],[-46.319827,-23.992978],[-46.320473,-23.992925],[-46.320716,-23.992902],[-46.320985,-23.992873],[-46.321253,-23.99284],[-46.321954,-23.992751],[-46.322346,-23.992706],[-46.322556,-23.992686],[-46.322752,-23.99267],[-46.322938,-23.992658],[-46.323117,-23.99265],[-46.323293,-23.992646],[-46.323472,-23.992644],[-46.323652,-23.992645],[-46.323834,-23.992649],[-46.324018,-23.992655],[-46.324204,-23.992665],[-46.324392,-23.992677],[-46.324582,-23.992692],[-46.324775,-23.99271],[-46.32497,-23.99273],[-46.325168,-23.992753],[-46.325368,-23.99278],[-46.325572,-23.992809],[-46.325779,-23.992841],[-46.32599,-23.992876],[-46.326205,-23.992914],[-46.326598,-23.992989],[-46.327009,-23.993074],[-46.327441,-23.993171],[-46.327903,-23.993281],[-46.32828,-23.993375],[-46.328696,-23.993482],[-46.330328,-23.993912],[-46.331025,-23.99409],[-46.331766,-23.994279],[-46.332076,-23.99436],[-46.332364,-23.994437],[-46.332641,-23.994513],[-46.332905,-23.994588],[-46.333158,-23.994662],[-46.333401,-23.994736],[-46.333791,-23.994858],[-46.334161,-23.994978],[-46.334515,-23.995096],[-46.334855,-23.995214],[-46.335183,-23.995331],[-46.335501,-23.99545],[-46.33581,-23.995569],[-46.336109,-23.99569],[-46.33641,-23.995816],[-46.336699,-23.995939],[-46.336977,-23.996062],[-46.337245,-23.996184],[-46.337505,-23.996306],[-46.337757,-23.996428],[-46.338002,-23.996551],[-46.33824,-23.996674],[-46.338468,-23.996796],[-46.338698,-23.996923],[-46.33893,-23.997055],[-46.339165,-23.997192],[-46.339402,-23.997335],[-46.339643,-23.997483],[-46.339888,-23.997637],[-46.340137,-23.997797],[-46.340371,-23.997952],[-46.340609,-23.998114],[-46.340853,-23.998284],[-46.341104,-23.998464],[-46.341362,-23.998652],[-46.34163,-23.998853],[-46.341913,-23.999068],[-46.342216,-23.999302],[-46.342466,-23.999498],[-46.342716,-23.999698],[-46.342966,-23.999902],[-46.343217,-24.00011],[-46.343468,-24.000322],[-46.34372,-24.000538],[-46.343972,-24.000758],[-46.344225,-24.000982],[-46.344504,-24.001234],[-46.344785,-24.001493],[-46.345066,-24.001757],[-46.345347,-24.002026],[-46.345629,-24.002302],[-46.345911,-24.002583],[-46.346194,-24.00287],[-46.346478,-24.003163],[-46.346745,-24.003443],[-46.347013,-24.00373],[-46.347281,-24.004023],[-46.34755,-24.004322],[-46.34782,-24.004627],[-46.348091,-24.004939],[-46.348363,-24.005258],[-46.348637,-24.005584],[-46.348892,-24.005893],[-46.349147,-24.006208],[-46.349404,-24.00653],[-46.349661,-24.006859],[-46.349919,-24.007194],[-46.350178,-24.007537],[-46.35044,-24.007888],[-46.350702,-24.008247],[-46.350946,-24.008584],[-46.351189,-24.008928],[-46.351434,-24.009279],[-46.351679,-24.009637],[-46.351926,-24.010003],[-46.352174,-24.010377],[-46.352423,-24.01076],[-46.352675,-24.011152],[-46.352907,-24.011518],[-46.35314,-24.011891],[-46.353373,-24.012272],[-46.353607,-24.012661],[-46.353842,-24.013058],[-46.354079,-24.013463],[-46.354318,-24.013878],[-46.354559,-24.014303],[-46.354779,-24.014698],[-46.355,-24.0151],[-46.355222,-24.01551],[-46.355444,-24.015929],[-46.355669,-24.016357],[-46.355895,-24.016795],[-46.356123,-24.017244],[-46.356354,-24.017705],[-46.35659,-24.018182],[-46.356826,-24.018669],[-46.357064,-24.01917],[-46.357305,-24.019683],[-46.357548,-24.020211],[-46.357794,-24.020756],[-46.358046,-24.02132],[-46.358304,-24.021906],[-46.358506,-24.022372],[-46.358707,-24.022846],[-46.358908,-24.023326],[-46.359109,-24.023813],[-46.35931,-24.024309],[-46.359511,-24.024812],[-46.359712,-24.025324],[-46.359914,-24.025845],[-46.360116,-24.026375],[-46.360319,-24.026915],[-46.360523,-24.027466],[-46.36073,-24.02803],[-46.361149,-24.029199],[-46.361582,-24.030438],[-46.361759,-24.030953],[-46.361936,-24.031477],[-46.362112,-24.03201],[-46.362289,-24.032551],[-46.362466,-24.033103],[-46.362643,-24.033665],[-46.362822,-24.034239],[-46.363002,-24.034826],[-46.363364,-24.036034],[-46.363737,-24.037313],[-46.364128,-24.038682],[-46.364549,-24.040192],[-46.364727,-24.040842],[-46.364905,-24.041504],[-46.365083,-24.04218],[-46.365262,-24.04287],[-46.365442,-24.043576],[-46.365623,-24.0443],[-46.365992,-24.045812],[-46.36636,-24.04737],[-46.366754,-24.049076],[-46.367181,-24.050963],[-46.367759,-24.053559],[-46.36812,-24.055191],[-46.368458,-24.05674],[-46.368777,-24.058226],[-46.369081,-24.059658],[-46.369371,-24.061049],[-46.369648,-24.062402],[-46.369913,-24.063721],[-46.370167,-24.065011],[-46.370411,-24.066284],[-46.370646,-24.067532],[-46.37087,-24.068758],[-46.371086,-24.069965],[-46.371292,-24.071154],[-46.371489,-24.072325],[-46.371677,-24.073481],[-46.371857,-24.074623],[-46.372103,-24.076219],[-46.372286,-24.077432],[-46.372447,-24.07853],[-46.37259,-24.079538],[-46.372723,-24.080516],[-46.372842,-24.081444],[-46.37295,-24.082335],[-46.373047,-24.083194],[-46.373108,-24.083767],[-46.373166,-24.084343],[-46.373277,-24.085509],[-46.373379,-24.086693],[-46.373473,-24.087896],[-46.373559,-24.089118],[-46.373636,-24.090361],[-46.373706,-24.091626],[-46.373767,-24.092916],[-46.373794,-24.093559],[-46.373818,-24.094207],[-46.37384,-24.094861],[-46.373859,-24.095519],[-46.373875,-24.096183],[-46.373889,-24.096852],[-46.373909,-24.098208],[-46.373918,-24.099589],[-46.373916,-24.100996],[-46.373904,-24.102432],[-46.373882,-24.103901],[-46.373867,-24.104622],[-46.373849,-24.10535],[-46.373827,-24.106083],[-46.373802,-24.106823],[-46.373774,-24.107568],[-46.373743,-24.108321],[-46.373708,-24.10908],[-46.37367,-24.109847],[-46.373584,-24.111401],[-46.373485,-24.112989],[-46.373372,-24.114613],[-46.373245,-24.116278],[-46.373183,-24.117035],[-46.373118,-24.117798],[-46.372977,-24.119343],[-46.372822,-24.120915],[-46.372652,-24.122517],[-46.372468,-24.124149],[-46.372269,-24.125818],[-46.372055,-24.127526],[-46.371824,-24.12928],[-46.371619,-24.130767],[-46.3714,-24.132279],[-46.371168,-24.133817],[-46.370923,-24.135385],[-46.370663,-24.136983],[-46.370388,-24.138618],[-46.370098,-24.140293],[-46.36979,-24.142015],[-46.369504,-24.143568],[-46.369204,-24.145149],[-46.36889,-24.14676],[-46.368559,-24.148404],[-46.368213,-24.150084],[-46.367849,-24.151806],[-46.367467,-24.153577],[-46.367064,-24.155404],[-46.366641,-24.157278],[-46.366199,-24.159187],[-46.365737,-24.161134],[-46.365254,-24.163123],[-46.364748,-24.165158],[-46.364218,-24.167248],[-46.363662,-24.169401],[-46.363077,-24.17163],[-46.362429,-24.174059],[-46.361814,-24.176325],[-46.361221,-24.178472],[-46.360643,-24.180524],[-46.360073,-24.182505],[-46.35951,-24.184419],[-46.358951,-24.186275],[-46.358673,-24.187183],[-46.358395,-24.188079],[-46.357818,-24.18991],[-46.357242,-24.191707],[-46.356665,-24.193472],[-46.356088,-24.195207],[-46.355508,-24.196914],[-46.354927,-24.198595],[-46.354344,-24.20025],[-46.353757,-24.20188],[-46.353132,-24.203584],[-46.352491,-24.205297],[-46.351835,-24.207019],[-46.351163,-24.20875],[-46.350476,-24.21049],[-46.349772,-24.21224],[-46.349053,-24.214],[-46.348317,-24.215771],[-46.347684,-24.217272],[-46.347039,-24.218777],[-46.346383,-24.220288],[-46.345715,-24.221804],[-46.345036,-24.223325],[-46.344346,-24.224851],[-46.343643,-24.226383],[-46.342929,-24.22792],[-46.342223,-24.229422],[-46.341505,-24.230927],[-46.340778,-24.232432],[-46.340041,-24.23394],[-46.339293,-24.23545],[-46.338536,-24.236961],[-46.337768,-24.238473],[-46.33699,-24.239987],[-46.336213,-24.241482],[-46.335428,-24.242975],[-46.334633,-24.244468],[-46.33383,-24.245958],[-46.333018,-24.247448],[-46.332198,-24.248936],[-46.331369,-24.250422],[-46.330532,-24.251906],[-46.32969,-24.253382],[-46.32884,-24.254854],[-46.327984,-24.256321],[-46.327121,-24.257783],[-46.326252,-24.259241],[-46.325375,-24.260694],[-46.324492,-24.262142],[-46.323602,-24.263585],[-46.3227,-24.265032],[-46.321793,-24.266472],[-46.320881,-24.267904],[-46.319964,-24.269328],[-46.319042,-24.270744],[-46.318116,-24.272152],[-46.317185,-24.273551],[-46.31625,-24.274943],[-46.315268,-24.276389],[-46.314291,-24.277811],[-46.313321,-24.279211],[-46.312355,-24.280589],[-46.311393,-24.281946],[-46.310435,-24.283282],[-46.30948,-24.284599],[-46.308528,-24.285897],[-46.307321,-24.287525],[-46.30618,-24.289049],[-46.305086,-24.290493],[-46.304552,-24.29119],[-46.304027,-24.291872],[-46.303507,-24.292542],[-46.302994,-24.293199],[-46.302486,-24.293845],[-46.301983,-24.294478],[-46.301485,-24.295102],[-46.300991,-24.295715],[-46.300501,-24.296318],[-46.300014,-24.296912],[-46.299139,-24.297969],[-46.298253,-24.299026],[-46.297356,-24.300083],[-46.296448,-24.301139],[-46.295529,-24.302195],[-46.2946,-24.303251],[-46.293659,-24.304307],[-46.292708,-24.305362],[-46.291857,-24.306296],[-46.290989,-24.307237],[-46.290105,-24.308185],[-46.289204,-24.30914],[-46.288285,-24.310104],[-46.287348,-24.311078],[-46.286391,-24.312062],[-46.285413,-24.313058],[-46.284409,-24.31407],[-46.283386,-24.315089],[-46.282342,-24.316118],[-46.281277,-24.317155],[-46.280189,-24.318204],[-46.279077,-24.319264],[-46.27794,-24.320338],[-46.276776,-24.321428],[-46.27569,-24.322434],[-46.274582,-24.323449],[-46.27345,-24.324475],[-46.272293,-24.325513],[-46.271111,-24.326564],[-46.269899,-24.327631],[-46.268657,-24.328715],[-46.267381,-24.329819],[-46.266214,-24.330819],[-46.265022,-24.331831],[-46.263804,-24.332855],[-46.262557,-24.333893],[-46.261281,-24.334947],[-46.25997,-24.33602],[-46.258623,-24.337114],[-46.257234,-24.338233],[-46.25602,-24.339203],[-46.25478,-24.340186],[-46.25351,-24.341184],[-46.252207,-24.3422],[-46.25087,-24.343234],[-46.249493,-24.344292],[-46.248071,-24.345377],[-46.246595,-24.346495],[-46.245285,-24.347482],[-46.243941,-24.348485],[-46.242561,-24.349508],[-46.24114,-24.350554],[-46.239677,-24.351624],[-46.23816,-24.352726],[-46.23658,-24.353867],[-46.234924,-24.355057],[-46.233555,-24.356034],[-46.232143,-24.357035],[-46.230684,-24.358063],[-46.229169,-24.359125],[-46.227595,-24.360222],[-46.225938,-24.361371],[-46.222253,-24.36391],[-46.220662,-24.364998],[-46.219004,-24.366125],[-46.217265,-24.367301],[-46.21542,-24.368541],[-46.211474,-24.371178],[-46.205625,-24.375064],[-46.201283,-24.377944],[-46.19749,-24.38045],[-46.19399,-24.382754],[-46.190705,-24.384905],[-46.187539,-24.386968],[-46.184501,-24.388934],[-46.181566,-24.390821],[-46.178718,-24.392638],[-46.174258,-24.395468],[-46.170687,-24.397717],[-46.169028,-24.398755],[-46.167442,-24.399741],[-46.165915,-24.400684],[-46.164436,-24.401592],[-46.161435,-24.403417],[-46.158419,-24.405233],[-46.155389,-24.407039],[-46.152344,-24.408834],[-46.150519,-24.409901],[-46.148689,-24.410964],[-46.146856,-24.412022],[-46.145019,-24.413076],[-46.143177,-24.414125],[-46.141332,-24.41517],[-46.139483,-24.41621],[-46.13763,-24.417246],[-46.135468,-24.418446],[-46.133301,-24.41964],[-46.13113,-24.420827],[-46.128956,-24.422007],[-46.126777,-24.42318],[-46.124595,-24.424345],[-46.12241,-24.425504],[-46.120221,-24.426656],[-46.118338,-24.427639],[-46.116455,-24.428616],[-46.114569,-24.429588],[-46.112683,-24.430553],[-46.110795,-24.431513],[-46.108905,-24.432467],[-46.107014,-24.433415],[-46.105122,-24.434357],[-46.102903,-24.435454],[-46.100684,-24.436542],[-46.098463,-24.437622],[-46.096241,-24.438693],[-46.094018,-24.439756],[-46.091795,-24.440811],[-46.08957,-24.441857],[-46.087345,-24.442895],[-46.084144,-24.444372],[-46.080947,-24.44583],[-46.077753,-24.447269],[-46.074564,-24.448687],[-46.072632,-24.449538],[-46.070703,-24.450381],[-46.068775,-24.451217],[-46.066848,-24.452046],[-46.064923,-24.452868],[-46.063,-24.453682],[-46.061079,-24.45449],[-46.059159,-24.45529],[-46.057217,-24.456093],[-46.055279,-24.456889],[-46.053343,-24.457677],[-46.051411,-24.458457],[-46.049481,-24.45923],[-46.047554,-24.459995],[-46.04563,-24.460752],[-46.043709,-24.461502],[-46.041772,-24.462252],[-46.039836,-24.462995],[-46.0379,-24.463731],[-46.035966,-24.464461],[-46.034033,-24.465184],[-46.032101,-24.4659],[-46.03017,-24.466609],[-46.02824,-24.467312],[-46.026283,-24.468018],[-46.024317,-24.46872],[-46.022344,-24.469419],[-46.020362,-24.470114],[-46.018373,-24.470805],[-46.016375,-24.471493],[-46.014369,-24.472177],[-46.012355,-24.472857],[-46.008995,-24.473978],[-46.005626,-24.475083],[-46.002248,-24.476174],[-45.998862,-24.477249],[-45.997001,-24.477831],[-45.995138,-24.47841],[-45.993272,-24.478983],[-45.991405,-24.479552],[-45.989535,-24.480116],[-45.987663,-24.480675],[-45.985789,-24.48123],[-45.983914,-24.481779],[-45.98204,-24.482323],[-45.980164,-24.482861],[-45.978285,-24.483396],[-45.976404,-24.483925],[-45.97452,-24.48445],[-45.972634,-24.48497],[-45.970745,-24.485485],[-45.968855,-24.485996],[-45.966796,-24.486546],[-45.964734,-24.48709],[-45.96267,-24.487628],[-45.960602,-24.488162],[-45.958531,-24.488689],[-45.956457,-24.489211],[-45.954381,-24.489727],[-45.952301,-24.490238],[-45.948842,-24.491073],[-45.945373,-24.491893],[-45.941894,-24.492698],[-45.938406,-24.493487],[-45.936493,-24.493913],[-45.934576,-24.494334],[-45.932657,-24.49475],[-45.930735,-24.495162],[-45.928809,-24.495569],[-45.926881,-24.495971],[-45.92495,-24.496369],[-45.923016,-24.496762],[-45.921089,-24.497148],[-45.91916,-24.49753],[-45.917227,-24.497907],[-45.915291,-24.498279],[-45.913351,-24.498647],[-45.911409,-24.49901],[-45.909463,-24.499369],[-45.907515,-24.499723],[-45.903987,-24.50035],[-45.900446,-24.500963],[-45.896893,-24.50156],[-45.893327,-24.502142],[-45.891198,-24.502481],[-45.889065,-24.502815],[-45.886928,-24.503144],[-45.884786,-24.503467],[-45.882641,-24.503784],[-45.880492,-24.504096],[-45.878339,-24.504402],[-45.876182,-24.504703],[-45.872605,-24.505187],[-45.869015,-24.505657],[-45.865411,-24.506112],[-45.861793,-24.506551],[-45.859639,-24.506805],[-45.857484,-24.507052],[-45.855329,-24.507294],[-45.853173,-24.50753],[-45.851016,-24.507759],[-45.848858,-24.507983],[-45.8467,-24.508201],[-45.844541,-24.508413]]]}},
{"type":"Feature","properties":{"idhidrovia":200000356,"nome":"Acesso ao Porto de São Sebastião","navegacao":"Navegação de Cabotagem","tipo":"Marítimo/oceânico","vel_cional":15.0,"extensao":1.0,"tempo":"0d 0h 4min","cla_icacao":"Acesso simples","nome_rio":null,"nom_eclusa":null,"jurisdicao":null,"reg_rafica":null,"pro_de_min":null,"pro_de_max":null,"dominio":null,"observacao":null,"snv":null,"fonte":null,"idm_origem":"BR355070","mun_origem":"São Sebastião","est_origem":"SP","idm_estino":null,"mun_estino":null,"est_estino":null,"idantaq":null,"camada sim":"11","Fluxo":51088405.0},"geometry":{"type":"MultiLineString","coordinates":[[[-45.386111,-23.803888],[-45.386675,-23.783347],[-45.386593,-23.783025],[-45.386513,-23.7827],[-45.386436,-23.782371],[-45.386361,-23.782039],[-45.38629,-23.781703],[-45.386221,-23.781363],[-45.386154,-23.781019],[-45.38609,-23.78067],[-45.386029,-23.780318],[-45.38597,-23.779961],[-45.385913,-23.7796],[-45.385859,-23.779233],[-45.385808,-23.778862],[-45.385768,-23.778557],[-45.385729,-23.778248],[-45.385692,-23.777935],[-45.385657,-23.777619],[-45.38559,-23.776974],[-45.38553,-23.77631],[-45.385474,-23.775628],[-45.385425,-23.774922],[-45.38538,-23.774191],[-45.385341,-23.773429],[-45.385312,-23.772778],[-45.385285,-23.772097],[-45.385261,-23.771379],[-45.38524,-23.77061],[-45.385206,-23.769159],[-45.385157,-23.766526],[-45.385135,-23.765503],[-45.38511,-23.764465],[-45.385082,-23.763533],[-45.385045,-23.762508],[-45.385001,-23.761549],[-45.384977,-23.76109],[-45.384951,-23.760641],[-45.384923,-23.760203],[-45.384893,-23.759773],[-45.384855,-23.759277],[-45.384815,-23.758791],[-45.384772,-23.758316],[-45.384725,-23.757849],[-45.384676,-23.757391],[-45.384624,-23.756941],[-45.384569,-23.756498],[-45.38451,-23.756063],[-45.384448,-23.755633],[-45.384383,-23.75521],[-45.384315,-23.754793],[-45.384243,-23.754382],[-45.384168,-23.753976],[-45.38409,-23.753576],[-45.384008,-23.753181],[-45.383922,-23.752791],[-45.383786,-23.752177],[-45.383647,-23.751535],[-45.383504,-23.750861],[-45.383356,-23.750144],[-45.383043,-23.74859],[-45.382403,-23.745336],[-45.382123,-23.74393],[-45.381967,-23.743166],[-45.381818,-23.742453],[-45.381675,-23.741778],[-45.381534,-23.741133],[-45.381361,-23.740357],[-45.381189,-23.739615],[-45.381017,-23.738899],[-45.380845,-23.738208],[-45.380672,-23.737537],[-45.380497,-23.736885],[-45.38032,-23.736251],[-45.38014,-23.735632],[-45.380034,-23.735277],[-45.379926,-23.734927],[-45.379818,-23.734582],[-45.379708,-23.734241],[-45.379597,-23.733905],[-45.379485,-23.733573],[-45.379372,-23.733245],[-45.379257,-23.732921],[-45.379141,-23.732601],[-45.379024,-23.732285],[-45.378905,-23.731973],[-45.378785,-23.731664],[-45.378663,-23.731359],[-45.37854,-23.731057],[-45.378415,-23.730759],[-45.378288,-23.730464],[-45.37816,-23.730172],[-45.37803,-23.729884],[-45.377899,-23.729598],[-45.377766,-23.729316],[-45.377631,-23.729037],[-45.377495,-23.728761],[-45.377357,-23.728488],[-45.377217,-23.728218],[-45.377075,-23.727951],[-45.376932,-23.727687],[-45.376786,-23.727426],[-45.376639,-23.727167],[-45.37649,-23.726912],[-45.376339,-23.726659],[-45.376187,-23.726409],[-45.376032,-23.726162],[-45.375793,-23.725789],[-45.37555,-23.725416],[-45.3753,-23.725043],[-45.375046,-23.724671],[-45.374786,-23.724298],[-45.374521,-23.723926],[-45.374251,-23.723554],[-45.373976,-23.723182],[-45.373696,-23.722811],[-45.373412,-23.722441],[-45.373122,-23.722072],[-45.372828,-23.721703],[-45.372529,-23.721336],[-45.372226,-23.720969],[-45.371919,-23.720604],[-45.371607,-23.720241],[-45.37129,-23.719878],[-45.37097,-23.719517],[-45.370646,-23.719158],[-45.370317,-23.718801],[-45.369986,-23.718446],[-45.36965,-23.718093],[-45.369311,-23.717743],[-45.368969,-23.717394],[-45.368623,-23.717049],[-45.368275,-23.716706],[-45.367923,-23.716366],[-45.367569,-23.716029],[-45.367212,-23.715695],[-45.366853,-23.715364],[-45.366491,-23.715037],[-45.366127,-23.714713],[-45.365805,-23.714431],[-45.365476,-23.714151],[-45.365142,-23.713871],[-45.364802,-23.713592],[-45.364455,-23.713314],[-45.364103,-23.713036],[-45.363745,-23.71276],[-45.363381,-23.712484],[-45.363011,-23.712208],[-45.362634,-23.711933],[-45.362251,-23.711659],[-45.361861,-23.711385],[-45.361465,-23.711111],[-45.361061,-23.710837],[-45.360651,-23.710564],[-45.360234,-23.71029],[-45.359812,-23.710018],[-45.359383,-23.709746],[-45.358947,-23.709473],[-45.358502,-23.709199],[-45.358049,-23.708925],[-45.357587,-23.708649],[-45.357116,-23.708373],[-45.356636,-23.708094],[-45.356147,-23.707815],[-45.355647,-23.707533],[-45.355135,-23.707248],[-45.354611,-23.70696],[-45.354074,-23.706669],[-45.353522,-23.706372],[-45.352952,-23.706069],[-45.352362,-23.70576],[-45.352043,-23.705594],[-45.351721,-23.70543],[-45.351396,-23.705266],[-45.35107,-23.705104],[-45.35074,-23.704944],[-45.350408,-23.704784],[-45.350074,-23.704626],[-45.349737,-23.704469],[-45.349398,-23.704313],[-45.349055,-23.704158],[-45.348711,-23.704004],[-45.348363,-23.703852],[-45.348013,-23.7037],[-45.34766,-23.70355],[-45.347304,-23.7034],[-45.346946,-23.703252],[-45.346584,-23.703105],[-45.34622,-23.702959],[-45.345483,-23.70267],[-45.344733,-23.702385],[-45.343971,-23.702104],[-45.343196,-23.701826],[-45.342407,-23.701552],[-45.341605,-23.701281],[-45.340787,-23.701013],[-45.339972,-23.700753],[-45.339142,-23.700496],[-45.338295,-23.700241],[-45.33743,-23.699988],[-45.336546,-23.699736],[-45.335641,-23.699484],[-45.334713,-23.699233],[-45.33376,-23.698981],[-45.332795,-23.698733],[-45.331798,-23.698482],[-45.330765,-23.698228],[-45.329688,-23.697968],[-45.328569,-23.697703],[-45.32738,-23.697427],[-45.326099,-23.697134],[-45.32466,-23.696809],[-45.323753,-23.696609],[-45.322837,-23.696416],[-45.321911,-23.696228],[-45.320976,-23.696046],[-45.320029,-23.69587],[-45.319072,-23.6957],[-45.318104,-23.695535],[-45.317125,-23.695376],[-45.316134,-23.695223],[-45.315131,-23.695075],[-45.314114,-23.694932],[-45.313084,-23.694795],[-45.31204,-23.694663],[-45.310981,-23.694536],[-45.309906,-23.694414],[-45.308814,-23.694296],[-45.30773,-23.694187],[-45.306628,-23.694081],[-45.305506,-23.69398],[-45.304363,-23.693883],[-45.303197,-23.69379],[-45.302006,-23.693701],[-45.300786,-23.693615],[-45.299536,-23.693533],[-45.298272,-23.693455],[-45.296968,-23.69338],[-45.295618,-23.693307],[-45.294213,-23.693236],[-45.292754,-23.693166],[-45.291206,-23.693097],[-45.287677,-23.692951],[-45.286164,-23.692896],[-45.284651,-23.692848],[-45.283137,-23.692808],[-45.281623,-23.692775],[-45.280108,-23.692751],[-45.278594,-23.692734],[-45.277079,-23.692726],[-45.275565,-23.692725],[-45.274052,-23.692732],[-45.272539,-23.692747],[-45.271026,-23.69277],[-45.269515,-23.692801],[-45.268005,-23.692839],[-45.266496,-23.692886],[-45.264988,-23.69294],[-45.263481,-23.693002],[-45.261977,-23.693072],[-45.260474,-23.69315],[-45.258973,-23.693235],[-45.257474,-23.693329],[-45.255977,-23.69343],[-45.254483,-23.693539],[-45.252991,-23.693656],[-45.251501,-23.69378],[-45.250015,-23.693913],[-45.248531,-23.694053],[-45.24705,-23.694201],[-45.245572,-23.694356],[-45.244097,-23.69452],[-45.242626,-23.694691],[-45.241159,-23.694869],[-45.239695,-23.695056],[-45.238485,-23.695215],[-45.237282,-23.695379],[-45.236087,-23.695546],[-45.234898,-23.695716],[-45.233716,-23.69589],[-45.232541,-23.696068],[-45.231373,-23.69625],[-45.230211,-23.696436],[-45.229056,-23.696625],[-45.227908,-23.696817],[-45.226765,-23.697014],[-45.22563,-23.697214],[-45.2245,-23.697418],[-45.223377,-23.697626],[-45.222261,-23.697838],[-45.22115,-23.698053],[-45.220046,-23.698272],[-45.218948,-23.698495],[-45.217856,-23.698722],[-45.21677,-23.698953],[-45.21569,-23.699187],[-45.214616,-23.699425],[-45.213549,-23.699667],[-45.212487,-23.699913],[-45.211431,-23.700163],[-45.210382,-23.700416],[-45.209338,-23.700673],[-45.2083,-23.700935],[-45.207268,-23.7012],[-45.206242,-23.701469],[-45.205222,-23.701741],[-45.204207,-23.702018],[-45.203233,-23.702289],[-45.202257,-23.702565],[-45.201278,-23.702847],[-45.200297,-23.703135],[-45.199313,-23.703428],[-45.198327,-23.703727],[-45.197338,-23.704032],[-45.196347,-23.704342],[-45.195353,-23.704658],[-45.194357,-23.704979],[-45.193359,-23.705306],[-45.192358,-23.705639],[-45.191354,-23.705977],[-45.190348,-23.706321],[-45.18934,-23.706671],[-45.188329,-23.707026],[-45.187315,-23.707387],[-45.186299,-23.707754],[-45.185281,-23.708126],[-45.18426,-23.708504],[-45.183237,-23.708887],[-45.182211,-23.709276],[-45.181182,-23.709671],[-45.180151,-23.710072],[-45.179118,-23.710478],[-45.178082,-23.71089],[-45.177043,-23.711307],[-45.176002,-23.71173],[-45.174958,-23.712159],[-45.173912,-23.712594],[-45.172863,-23.713034],[-45.171812,-23.71348],[-45.170747,-23.713936],[-45.169685,-23.714396],[-45.168626,-23.71486],[-45.167571,-23.715328],[-45.166518,-23.715799],[-45.16547,-23.716274],[-45.164424,-23.716753],[-45.163383,-23.717235],[-45.162345,-23.717721],[-45.16131,-23.71821],[-45.160279,-23.718703],[-45.159252,-23.719199],[-45.158229,-23.719698],[-45.15721,-23.720201],[-45.156195,-23.720708],[-45.155183,-23.721218],[-45.154176,-23.721731],[-45.153173,-23.722247],[-45.152174,-23.722766],[-45.151179,-23.723289],[-45.150189,-23.723815],[-45.149203,-23.724345],[-45.148221,-23.724877],[-45.147244,-23.725412],[-45.146271,-23.725951],[-45.145302,-23.726493],[-45.144339,-23.727038],[-45.143379,-23.727585],[-45.142425,-23.728136],[-45.141475,-23.72869],[-45.140529,-23.729247],[-45.139589,-23.729806],[-45.138558,-23.730426],[-45.137539,-23.731043],[-45.136532,-23.731658],[-45.135536,-23.732272],[-45.13455,-23.732884],[-45.133575,-23.733496],[-45.132611,-23.734106],[-45.131656,-23.734716],[-45.130711,-23.735324],[-45.129776,-23.735933],[-45.12885,-23.73654],[-45.127934,-23.737148],[-45.127027,-23.737755],[-45.126129,-23.738362],[-45.125239,-23.738968],[-45.124359,-23.739575],[-45.123486,-23.740182],[-45.122622,-23.74079],[-45.121767,-23.741398],[-45.120919,-23.742006],[-45.12008,-23.742614],[-45.11925,-23.743223],[-45.118427,-23.743832],[-45.117612,-23.744442],[-45.116805,-23.745052],[-45.116006,-23.745663],[-45.115215,-23.746275],[-45.114432,-23.746887],[-45.113656,-23.747501],[-45.112888,-23.748115],[-45.112127,-23.74873],[-45.111374,-23.749346],[-45.110438,-23.750119],[-45.109527,-23.750876],[-45.10864,-23.75162],[-45.107774,-23.752352],[-45.106926,-23.753073],[-45.106097,-23.753786],[-45.105285,-23.75449],[-45.104489,-23.755187],[-45.103706,-23.755879],[-45.102938,-23.756564],[-45.102183,-23.757245],[-45.101442,-23.75792],[-45.100713,-23.75859],[-45.099997,-23.759257],[-45.099292,-23.75992],[-45.098599,-23.76058],[-45.097913,-23.76124],[-45.097239,-23.761897],[-45.096575,-23.762552],[-45.095921,-23.763205],[-45.095278,-23.763855],[-45.094645,-23.764504],[-45.094022,-23.76515],[-45.093408,-23.765796],[-45.092804,-23.76644],[-45.092209,-23.767083],[-45.091624,-23.767725],[-45.091047,-23.768366],[-45.09048,-23.769007],[-45.089922,-23.769646],[-45.089372,-23.770286],[-45.088831,-23.770924],[-45.087809,-23.772146],[-45.086902,-23.773241],[-45.086065,-23.774265],[-45.085669,-23.774755],[-45.085284,-23.775234],[-45.084907,-23.775708],[-45.084539,-23.776174],[-45.084182,-23.776631],[-45.083833,-23.777081],[-45.083492,-23.777525],[-45.083159,-23.777964],[-45.082834,-23.778397],[-45.082516,-23.778825],[-45.082199,-23.779256],[-45.081889,-23.779683],[-45.081585,-23.780106],[-45.081288,-23.780526],[-45.080997,-23.780942],[-45.080712,-23.781355],[-45.080432,-23.781766],[-45.080158,-23.782174],[-45.07989,-23.782579],[-45.079627,-23.782982],[-45.07937,-23.783383],[-45.079118,-23.783782],[-45.078871,-23.78418],[-45.078629,-23.784575],[-45.078392,-23.784969],[-45.07816,-23.785361],[-45.077907,-23.785797],[-45.077656,-23.786238],[-45.077406,-23.786684],[-45.077158,-23.787136],[-45.076911,-23.787594],[-45.076665,-23.788057],[-45.076421,-23.788526],[-45.076177,-23.789001],[-45.075935,-23.789482],[-45.075695,-23.78997],[-45.075455,-23.790463],[-45.075216,-23.790963],[-45.074978,-23.79147],[-45.074741,-23.791984],[-45.074504,-23.792505],[-45.074268,-23.793033],[-45.074034,-23.793565],[-45.073801,-23.794105],[-45.073567,-23.794653],[-45.073334,-23.79521],[-45.0731,-23.795775],[-45.072867,-23.79635],[-45.072632,-23.796934],[-45.072397,-23.797529],[-45.072161,-23.798133],[-45.071924,-23.79875],[-45.071686,-23.799379],[-45.071445,-23.800022],[-45.071201,-23.80068],[-45.070955,-23.801354],[-45.070448,-23.802764],[-45.070301,-23.803182],[-45.070155,-23.803604],[-45.070011,-23.804032],[-45.069867,-23.804465],[-45.069724,-23.804903],[-45.069583,-23.805348],[-45.069442,-23.805798],[-45.069301,-23.806256],[-45.069161,-23.806719],[-45.069022,-23.80719],[-45.068883,-23.807669],[-45.068744,-23.808156],[-45.068466,-23.809157],[-45.068186,-23.8102],[-45.067951,-23.811102],[-45.067711,-23.812046],[-45.067464,-23.813043],[-45.067204,-23.814112],[-45.066735,-23.816084],[-45.065937,-23.819502],[-45.065643,-23.820751],[-45.065354,-23.821968],[-45.065087,-23.823066],[-45.064907,-23.823808],[-45.064729,-23.824559],[-45.064553,-23.825318],[-45.064379,-23.826087],[-45.064207,-23.826864],[-45.064036,-23.827651],[-45.063867,-23.828449],[-45.063699,-23.829258],[-45.063533,-23.830077],[-45.063367,-23.830908],[-45.063203,-23.831752],[-45.063039,-23.832611],[-45.062876,-23.833485],[-45.062714,-23.834375],[-45.062388,-23.836212],[-45.062122,-23.837764],[-45.061852,-23.839386],[-45.061575,-23.841097],[-45.061286,-23.842927],[-45.060761,-23.846352],[-45.059842,-23.852473],[-45.059488,-23.85481],[-45.059125,-23.85716],[-45.05879,-23.859275],[-45.058414,-23.861565],[-45.058231,-23.862653],[-45.058049,-23.86371],[-45.057867,-23.864741],[-45.057686,-23.865747],[-45.057505,-23.866731],[-45.057324,-23.867696],[-45.057114,-23.868782],[-45.056903,-23.869846],[-45.05669,-23.870891],[-45.056475,-23.871916],[-45.056257,-23.872925],[-45.056037,-23.873917],[-45.055813,-23.874894],[-45.055587,-23.875857],[-45.055357,-23.876808],[-45.055124,-23.877745],[-45.054887,-23.878671],[-45.054647,-23.879585],[-45.054402,-23.880488],[-45.054154,-23.88138],[-45.053901,-23.882263],[-45.053644,-23.883135],[-45.053311,-23.884257],[-45.0523,-23.887673],[-45.051973,-23.888765],[-45.051677,-23.889744],[-45.051347,-23.890816],[-45.051033,-23.891818],[-45.050729,-23.892767],[-45.050431,-23.893674],[-45.050111,-23.894625],[-45.049794,-23.895541],[-45.049636,-23.895987],[-45.049478,-23.896426],[-45.04932,-23.896857],[-45.049162,-23.897283],[-45.049004,-23.897702],[-45.048846,-23.898116],[-45.048687,-23.898524],[-45.048527,-23.898927],[-45.048367,-23.899325],[-45.048206,-23.899718],[-45.048044,-23.900106],[-45.047882,-23.900489],[-45.047542,-23.901273],[-45.04719,-23.902065],[-45.046826,-23.902863],[-45.04645,-23.903669],[-45.046062,-23.904483],[-45.04566,-23.905306],[-45.045245,-23.906138],[-45.044817,-23.906981],[-45.044376,-23.907832],[-45.04392,-23.908696],[-45.04345,-23.909572],[-45.042963,-23.910464],[-45.04246,-23.911371],[-45.041939,-23.912297],[-45.041398,-23.913245],[-45.040836,-23.914217],[-45.04042,-23.914925],[-45.039994,-23.915636],[-45.039559,-23.916349],[-45.039115,-23.917066],[-45.03866,-23.917786],[-45.038196,-23.918509],[-45.037721,-23.919236],[-45.037236,-23.919968],[-45.036741,-23.920703],[-45.036235,-23.921444],[-45.035718,-23.92219],[-45.035189,-23.922942],[-45.034648,-23.9237],[-45.034095,-23.924465],[-45.033529,-23.925238],[-45.03295,-23.92602],[-45.032373,-23.926788],[-45.031782,-23.927567],[-45.031177,-23.928357],[-45.030555,-23.929158],[-45.029918,-23.929973],[-45.029262,-23.930803],[-45.028586,-23.93165],[-45.027888,-23.932517],[-45.027182,-23.933388],[-45.026449,-23.934285],[-45.025685,-23.935213],[-45.024883,-23.936182],[-45.023149,-23.938258],[-45.021024,-23.940781],[-45.020327,-23.941601],[-45.019624,-23.942422],[-45.018914,-23.943244],[-45.018198,-23.944065],[-45.017474,-23.944888],[-45.016743,-23.945711],[-45.016006,-23.946535],[-45.015262,-23.947359],[-45.01451,-23.948184],[-45.013752,-23.949009],[-45.012986,-23.949836],[-45.012214,-23.950663],[-45.011434,-23.951491],[-45.010647,-23.95232],[-45.009853,-23.95315],[-45.009051,-23.953981],[-45.008242,-23.954813],[-45.007426,-23.955646],[-45.006603,-23.95648],[-45.005772,-23.957315],[-45.004933,-23.958152],[-45.004087,-23.95899],[-45.003232,-23.95983],[-45.002371,-23.960671],[-45.001501,-23.961513],[-45.000623,-23.962358],[-44.999737,-23.963204],[-44.998843,-23.964052],[-44.997941,-23.964902],[-44.99703,-23.965754],[-44.996111,-23.966608],[-44.995183,-23.967465],[-44.994146,-23.968416],[-44.993125,-23.969347],[-44.992119,-23.970259],[-44.991126,-23.971154],[-44.990144,-23.972032],[-44.989174,-23.972894],[-44.988213,-23.973741],[-44.987262,-23.974574],[-44.986319,-23.975395],[-44.985384,-23.976202],[-44.984456,-23.976996],[-44.983535,-23.977778],[-44.98262,-23.978549],[-44.981712,-23.979308],[-44.980809,-23.980056],[-44.979912,-23.980792],[-44.979017,-23.981521],[-44.978126,-23.982239],[-44.97724,-23.982947],[-44.976359,-23.983645],[-44.975481,-23.984334],[-44.974607,-23.985012],[-44.973736,-23.985681],[-44.972869,-23.986341],[-44.972005,-23.986992],[-44.971144,-23.987634],[-44.970286,-23.988266],[-44.96943,-23.98889],[-44.968577,-23.989505],[-44.967727,-23.990112],[-44.966878,-23.99071],[-44.966032,-23.991299],[-44.965235,-23.991849],[-44.964437,-23.992395],[-44.96364,-23.992936],[-44.962842,-23.993473],[-44.962045,-23.994006],[-44.961247,-23.994533],[-44.96045,-23.995057],[-44.959652,-23.995576],[-44.958855,-23.99609],[-44.958058,-23.9966],[-44.957261,-23.997106],[-44.956465,-23.997606],[-44.955668,-23.998103],[-44.954872,-23.998594],[-44.954076,-23.999081],[-44.953281,-23.999563],[-44.952486,-24.000041],[-44.951691,-24.000514],[-44.950897,-24.000982],[-44.950103,-24.001446],[-44.94931,-24.001904],[-44.948517,-24.002358],[-44.947725,-24.002808],[-44.946933,-24.003252],[-44.946142,-24.003692],[-44.945351,-24.004127],[-44.944561,-24.004557],[-44.943772,-24.004982],[-44.942983,-24.005402],[-44.942195,-24.005818],[-44.941408,-24.006229],[-44.940621,-24.006635],[-44.939703,-24.007102],[-44.938776,-24.007567],[-44.937839,-24.00803],[-44.936893,-24.00849],[-44.935937,-24.008948],[-44.934971,-24.009404],[-44.933995,-24.009858],[-44.933008,-24.01031],[-44.932011,-24.01076],[-44.931003,-24.011208],[-44.929985,-24.011655],[-44.928954,-24.0121],[-44.927912,-24.012544],[-44.926858,-24.012986],[-44.925791,-24.013428],[-44.924712,-24.013869],[-44.923624,-24.014307],[-44.922523,-24.014745],[-44.921408,-24.015182],[-44.920277,-24.01562],[-44.919131,-24.016057],[-44.917969,-24.016495],[-44.91679,-24.016935],[-44.915592,-24.017375],[-44.914378,-24.017816],[-44.913143,-24.01826],[-44.911886,-24.018705],[-44.910606,-24.019155],[-44.909301,-24.019607],[-44.907968,-24.020065],[-44.906605,-24.020528],[-44.905208,-24.020998],[-44.904105,-24.021364],[-44.902992,-24.021727],[-44.901868,-24.022087],[-44.900733,-24.022444],[-44.899586,-24.022798],[-44.898427,-24.023151],[-44.897256,-24.0235],[-44.896072,-24.023848],[-44.894876,-24.024193],[-44.893666,-24.024536],[-44.892441,-24.024878],[-44.891201,-24.025217],[-44.889946,-24.025556],[-44.888674,-24.025893],[-44.887385,-24.026229],[-44.886077,-24.026564],[-44.884771,-24.026894],[-44.883445,-24.027224],[-44.882097,-24.027554],[-44.880727,-24.027884],[-44.879332,-24.028216],[-44.87791,-24.028549],[-44.876459,-24.028883],[-44.874976,-24.029221],[-44.87347,-24.02956],[-44.871926,-24.029902],[-44.868695,-24.030606],[-44.865229,-24.031345],[-44.861385,-24.03215],[-44.85947,-24.032541],[-44.857515,-24.032927],[-44.855515,-24.03331],[-44.853465,-24.03369],[-44.851363,-24.034068],[-44.849196,-24.034445],[-44.846956,-24.034824],[-44.84463,-24.035207],[-44.842532,-24.035544],[-44.840337,-24.035888],[-44.838021,-24.036245],[-44.835537,-24.03662],[-44.83168,-24.037192],[-44.821876,-24.038625],[-44.817361,-24.039294],[-44.810671,-24.040285],[-44.804015,-24.041248],[-44.797395,-24.042182],[-44.790807,-24.043088],[-44.784253,-24.043966],[-44.777731,-24.044815],[-44.771241,-24.045637],[-44.764782,-24.046431],[-44.758352,-24.047197],[-44.755149,-24.04757],[-44.751953,-24.047936],[-44.748764,-24.048295],[-44.745582,-24.048647],[-44.742408,-24.048992],[-44.73924,-24.04933],[-44.73608,-24.049661],[-44.732927,-24.049986],[-44.72978,-24.050303],[-44.726641,-24.050614],[-44.723508,-24.050917],[-44.720382,-24.051214],[-44.717263,-24.051504],[-44.71415,-24.051788],[-44.705407,-24.052566],[-44.698224,-24.053185],[-44.694884,-24.053463],[-44.691689,-24.053722],[-44.688611,-24.053964],[-44.685632,-24.054192],[-44.682674,-24.054409],[-44.679792,-24.054613],[-44.676978,-24.054803],[-44.674225,-24.05498],[-44.671525,-24.055145],[-44.668874,-24.055298],[-44.666269,-24.055439],[-44.663705,-24.055568],[-44.66056,-24.055715],[-44.65741,-24.055852],[-44.654256,-24.055978],[-44.651098,-24.056094],[-44.647935,-24.0562],[-44.644769,-24.056295],[-44.641598,-24.05638],[-44.638424,-24.056455],[-44.635246,-24.056519],[-44.632065,-24.056573],[-44.62888,-24.056617],[-44.625691,-24.05665],[-44.6225,-24.056673],[-44.619305,-24.056685],[-44.616108,-24.056687],[-44.612908,-24.056679],[-44.609748,-24.056661],[-44.606583,-24.056632],[-44.603413,-24.056592],[-44.600237,-24.056542],[-44.597056,-24.056482],[-44.593871,-24.056411],[-44.59068,-24.056329],[-44.587484,-24.056237],[-44.584284,-24.056134],[-44.581079,-24.056021],[-44.57787,-24.055898],[-44.574656,-24.055763],[-44.571437,-24.055619],[-44.568215,-24.055464],[-44.564988,-24.055298],[-44.561757,-24.055122],[-44.558535,-24.054936],[-44.556925,-24.054839],[-44.555314,-24.05474],[-44.552094,-24.054533],[-44.548874,-24.054316],[-44.545655,-24.054089],[-44.542437,-24.053851],[-44.539219,-24.053602],[-44.536002,-24.053344],[-44.532785,-24.053075],[-44.529569,-24.052795],[-44.526353,-24.052505],[-44.523138,-24.052205],[-44.519924,-24.051894],[-44.51671,-24.051573],[-44.513496,-24.051241],[-44.510284,-24.050899]]]}},
{"type":"Feature","properties":{"idhidrovia":200000357,"nome":"Porto do Rio de Janeiro - Porto de Forno","navegacao":"Navegação de Cabotagem","tipo":"Marítimo/oceânico","vel_cional":25.0,"extensao":137.7712,"tempo":"0d 5h 30min","cla_icacao":"Percurso externo","nome_rio":null,"nom_eclusa":null,"jurisdicao":null,"reg_rafica":null,"pro_de_min":null,"pro_de_max":null,"dominio":null,"observacao":null,"snv":null,"fonte":null,"idm_origem":null,"mun_origem":null,"est_origem":null,"idm_estino":null,"mun_estino":null,"est_estino":null,"idantaq":null,"camada sim":"12","Fluxo":85944913.0},"geometry":{"type":"MultiLineString","coordinates":[[[-42.771037,-23.692544],[-42.76329,-23.6935],[-42.744708,-23.695758],[-42.733849,-23.697058],[-42.723406,-23.698292],[-42.713306,-23.699468],[-42.7035,-23.700592],[-42.693937,-23.701671],[-42.684599,-23.702706],[-42.675461,-23.703699],[-42.666504,-23.704653],[-42.653859,-23.705995],[-42.623507,-23.709245],[-42.609714,-23.710711],[-42.595089,-23.71224],[-42.588393,-23.712928],[-42.581988,-23.713577],[-42.574817,-23.714292],[-42.567909,-23.714967],[-42.561219,-23.715608],[-42.554719,-23.716216],[-42.548375,-23.716796],[-42.542177,-23.717347],[-42.536109,-23.717871],[-42.530158,-23.718369],[-42.51789,-23.719372],[-42.506692,-23.720268],[-42.49619,-23.721088],[-42.486226,-23.721843],[-42.476617,-23.722548],[-42.467358,-23.723203],[-42.458392,-23.723812],[-42.449679,-23.724376],[-42.445347,-23.724647],[-42.441069,-23.724907],[-42.436841,-23.725157],[-42.43266,-23.725396],[-42.428523,-23.725626],[-42.424429,-23.725846],[-42.420375,-23.726056],[-42.41636,-23.726256],[-42.412379,-23.726447],[-42.408434,-23.726629],[-42.404522,-23.726801],[-42.400643,-23.726964],[-42.396794,-23.727118],[-42.392975,-23.727262],[-42.389185,-23.727397],[-42.385422,-23.727524],[-42.376172,-23.727812],[-42.367298,-23.728064],[-42.35873,-23.728284],[-42.350425,-23.728471],[-42.346353,-23.728552],[-42.342333,-23.728626],[-42.338364,-23.728692],[-42.334441,-23.72875],[-42.330563,-23.728801],[-42.326726,-23.728844],[-42.32293,-23.728879],[-42.319171,-23.728907],[-42.315431,-23.728927],[-42.311725,-23.72894],[-42.308052,-23.728945],[-42.304412,-23.728942],[-42.300802,-23.728931],[-42.297222,-23.728913],[-42.293669,-23.728887],[-42.290145,-23.728854],[-42.286645,-23.728813],[-42.283171,-23.728764],[-42.279722,-23.728707],[-42.276297,-23.728642],[-42.272894,-23.72857],[-42.269514,-23.72849],[-42.266155,-23.728403],[-42.262818,-23.728307],[-42.257911,-23.728155],[-42.253118,-23.727996],[-42.248426,-23.727829],[-42.243827,-23.727653],[-42.239309,-23.72747],[-42.234869,-23.727277],[-42.2305,-23.727076],[-42.226197,-23.726865],[-42.221948,-23.726645],[-42.217756,-23.726415],[-42.213619,-23.726175],[-42.209534,-23.725925],[-42.205496,-23.725665],[-42.201505,-23.725394],[-42.197557,-23.725113],[-42.193651,-23.724822],[-42.188955,-23.724456],[-42.184331,-23.724082],[-42.179772,-23.723699],[-42.175274,-23.723307],[-42.170835,-23.722905],[-42.16645,-23.722494],[-42.162117,-23.722073],[-42.157834,-23.721642],[-42.153595,-23.7212],[-42.149402,-23.720747],[-42.145251,-23.720283],[-42.141142,-23.719809],[-42.137072,-23.719323],[-42.133041,-23.718825],[-42.129046,-23.718316],[-42.125087,-23.717795],[-42.120717,-23.717204],[-42.116404,-23.716605],[-42.112146,-23.715999],[-42.107939,-23.715385],[-42.103782,-23.714763],[-42.099671,-23.714132],[-42.095604,-23.713492],[-42.091581,-23.712842],[-42.087597,-23.712183],[-42.083653,-23.711515],[-42.079748,-23.710836],[-42.075879,-23.710147],[-42.072046,-23.709447],[-42.068248,-23.708737],[-42.064483,-23.708016],[-42.060751,-23.707284],[-42.056681,-23.706468],[-42.052656,-23.705645],[-42.048674,-23.704815],[-42.044735,-23.703977],[-42.040835,-23.703131],[-42.036975,-23.702277],[-42.033152,-23.701414],[-42.029366,-23.700543],[-42.025614,-23.699662],[-42.021897,-23.698772],[-42.018213,-23.697873],[-42.014562,-23.696963],[-42.010943,-23.696044],[-42.007355,-23.695115],[-42.003797,-23.694175],[-42.002029,-23.693702],[-42.000269,-23.693225],[-41.996474,-23.692185],[-41.992713,-23.691137],[-41.988988,-23.690081],[-41.985295,-23.689017],[-41.981635,-23.687944],[-41.978007,-23.686864],[-41.974411,-23.685774],[-41.970845,-23.684676],[-41.967309,-23.683569],[-41.963802,-23.682452],[-41.96206,-23.68189],[-41.960325,-23.681326],[-41.958597,-23.68076],[-41.956876,-23.680191],[-41.955162,-23.679619],[-41.953455,-23.679046],[-41.951756,-23.678469],[-41.950063,-23.677891],[-41.948376,-23.677309],[-41.946697,-23.676726],[-41.945025,-23.67614],[-41.943359,-23.675551],[-41.939819,-23.674286],[-41.936305,-23.673011],[-41.932818,-23.671728],[-41.931085,-23.671082],[-41.929357,-23.670435],[-41.927636,-23.669785],[-41.925922,-23.669133],[-41.924214,-23.668479],[-41.922513,-23.667822],[-41.920817,-23.667163],[-41.919129,-23.666501],[-41.917446,-23.665837],[-41.91577,-23.665171],[-41.9141,-23.664502],[-41.912436,-23.663831],[-41.910779,-23.663158],[-41.909128,-23.662482],[-41.907483,-23.661804],[-41.905844,-23.661123],[-41.904211,-23.66044],[-41.902585,-23.659754],[-41.900964,-23.659066],[-41.89935,-23.658376],[-41.897742,-23.657683],[-41.89614,-23.656987],[-41.894544,-23.65629],[-41.892954,-23.655589],[-41.89137,-23.654886],[-41.889792,-23.654181],[-41.888142,-23.653438],[-41.886497,-23.652693],[-41.884857,-23.651944],[-41.883221,-23.651193],[-41.88159,-23.650439],[-41.879965,-23.649682],[-41.878344,-23.648923],[-41.876728,-23.648161],[-41.875117,-23.647396],[-41.87351,-23.646628],[-41.871909,-23.645858],[-41.870313,-23.645085],[-41.868722,-23.644309],[-41.867136,-23.643531],[-41.865555,-23.642749],[-41.863979,-23.641966],[-41.862408,-23.641179],[-41.860842,-23.64039],[-41.859281,-23.639598],[-41.857726,-23.638804],[-41.856175,-23.638006],[-41.85463,-23.637207],[-41.85309,-23.636404],[-41.851555,-23.635599],[-41.850025,-23.634792],[-41.8485,-23.633981],[-41.846981,-23.633169],[-41.845466,-23.632353],[-41.843957,-23.631535],[-41.842454,-23.630715],[-41.840955,-23.629892],[-41.839462,-23.629066],[-41.83797,-23.628235],[-41.836481,-23.627402],[-41.834996,-23.626566],[-41.833515,-23.625726],[-41.832037,-23.624884],[-41.830564,-23.624039],[-41.829094,-23.623191],[-41.827627,-23.62234],[-41.826165,-23.621486],[-41.824707,-23.620629],[-41.823252,-23.61977],[-41.821802,-23.618908],[-41.820355,-23.618042],[-41.818913,-23.617175],[-41.817474,-23.616304],[-41.81604,-23.615431],[-41.81461,-23.614555],[-41.813184,-23.613676],[-41.811762,-23.612795],[-41.810344,-23.611911],[-41.808931,-23.611024],[-41.807521,-23.610135],[-41.806116,-23.609244],[-41.804716,-23.608349],[-41.80332,-23.607452],[-41.801928,-23.606553],[-41.80054,-23.605651],[-41.799157,-23.604746],[-41.797779,-23.603839],[-41.796405,-23.60293],[-41.795035,-23.602018],[-41.79367,-23.601104],[-41.792146,-23.600077],[-41.790627,-23.599047],[-41.789113,-23.598014],[-41.787605,-23.596979],[-41.786102,-23.595941],[-41.784604,-23.594901],[-41.783112,-23.593858],[-41.781626,-23.592812],[-41.780145,-23.591764],[-41.778669,-23.590714],[-41.7772,-23.589661],[-41.775735,-23.588605],[-41.774277,-23.587547],[-41.772824,-23.586487],[-41.771377,-23.585424],[-41.769936,-23.584359],[-41.7685,-23.583292],[-41.76707,-23.582222],[-41.765646,-23.58115],[-41.764228,-23.580076],[-41.762816,-23.578999],[-41.761409,-23.57792],[-41.760009,-23.576839],[-41.758614,-23.575756],[-41.757226,-23.57467],[-41.755843,-23.573583],[-41.754467,-23.572493],[-41.753096,-23.571401],[-41.751732,-23.570307],[-41.750373,-23.56921],[-41.749021,-23.568112],[-41.747675,-23.567011],[-41.746394,-23.565958],[-41.745112,-23.564896],[-41.743828,-23.563826],[-41.742543,-23.562748],[-41.741257,-23.561662],[-41.739969,-23.560568],[-41.738679,-23.559465],[-41.737387,-23.558354],[-41.736094,-23.557235],[-41.734799,-23.556107],[-41.733502,-23.554971],[-41.732203,-23.553826],[-41.730902,-23.552673],[-41.729599,-23.551511],[-41.728294,-23.550341],[-41.726986,-23.549161],[-41.725677,-23.547973],[-41.724365,-23.546776],[-41.72305,-23.545571],[-41.721733,-23.544356],[-41.720414,-23.543132],[-41.719091,-23.541898],[-41.717766,-23.540656],[-41.716438,-23.539404],[-41.715106,-23.538142],[-41.713772,-23.536871],[-41.712434,-23.53559],[-41.711093,-23.534299],[-41.709748,-23.532998],[-41.7084,-23.531687],[-41.707048,-23.530366],[-41.705691,-23.529034],[-41.704474,-23.527832],[-41.703253,-23.52662],[-41.702031,-23.525398],[-41.700805,-23.524165],[-41.699576,-23.522923],[-41.698344,-23.521669],[-41.697109,-23.520405],[-41.69587,-23.519131],[-41.694627,-23.517845],[-41.693381,-23.516548],[-41.692131,-23.51524],[-41.690876,-23.51392],[-41.689617,-23.512589],[-41.688354,-23.511245],[-41.687085,-23.509889],[-41.685811,-23.50852],[-41.684534,-23.507141],[-41.683251,-23.505748],[-41.681962,-23.504342],[-41.680666,-23.502921],[-41.679364,-23.501487],[-41.678055,-23.500038],[-41.676738,-23.498574],[-41.675413,-23.497094],[-41.67408,-23.495599],[-41.672739,-23.494087],[-41.671388,-23.492557],[-41.670027,-23.49101],[-41.668655,-23.489444],[-41.667272,-23.487859],[-41.664468,-23.484625],[-41.663238,-23.483198],[-41.662006,-23.481759],[-41.66077,-23.480309],[-41.659531,-23.478846],[-41.658288,-23.477372],[-41.657041,-23.475885],[-41.655791,-23.474386],[-41.654536,-23.472873],[-41.653276,-23.471348],[-41.652012,-23.469809],[-41.650743,-23.468256],[-41.649469,-23.466689],[-41.648189,-23.465108],[-41.646902,-23.463511],[-41.64561,-23.461899],[-41.644311,-23.460271],[-41.643008,-23.458632],[-41.641698,-23.456975],[-41.64038,-23.455301],[-41.639053,-23.453609],[-41.637718,-23.451898],[-41.636373,-23.450168],[-41.633651,-23.446645],[-41.630884,-23.443036],[-41.628064,-23.439329],[-41.625181,-23.435512],[-41.622224,-23.43157],[-41.620114,-23.428737],[-41.617988,-23.425858],[-41.615844,-23.422931],[-41.61368,-23.419954],[-41.611495,-23.416925],[-41.609285,-23.413839],[-41.607048,-23.410691],[-41.604779,-23.407478],[-41.602488,-23.40421],[-41.600157,-23.400864],[-41.597781,-23.397433],[-41.595353,-23.393905],[-41.592869,-23.390276],[-41.590312,-23.386521],[-41.587669,-23.38262],[-41.584917,-23.37854],[-41.583053,-23.375759],[-41.581162,-23.372919],[-41.579241,-23.370014],[-41.577286,-23.367037],[-41.575293,-23.363983],[-41.573253,-23.360838],[-41.571159,-23.35759],[-41.568998,-23.354222],[-41.566959,-23.351026],[-41.564835,-23.347685],[-41.562605,-23.344162],[-41.560226,-23.340393],[-41.555701,-23.333196],[-41.54553,-23.316974],[-41.543515,-23.313757],[-41.54149,-23.310506],[-41.539454,-23.307221],[-41.537406,-23.3039],[-41.535344,-23.300541],[-41.533269,-23.297143],[-41.531179,-23.293704],[-41.529071,-23.290221],[-41.526949,-23.286696],[-41.524806,-23.283122],[-41.522643,-23.279498],[-41.520456,-23.275819],[-41.518244,-23.272082],[-41.516005,-23.268284],[-41.513735,-23.264418],[-41.511431,-23.26048],[-41.507023,-23.252906],[-41.502451,-23.244999],[-41.497671,-23.236685],[-41.492604,-23.227827],[-41.487803,-23.219396],[-41.482495,-23.210044],[-41.477148,-23.2006],[-41.462845,-23.175308],[-41.454678,-23.16091],[-41.450257,-23.153146],[-41.446114,-23.145897],[-41.442168,-23.139023],[-41.43838,-23.132452],[-41.433818,-23.124582],[-41.431597,-23.12077],[-41.429411,-23.11703],[-41.427255,-23.113355],[-41.425127,-23.109741],[-41.423025,-23.106185],[-41.420946,-23.102681],[-41.418886,-23.099223],[-41.416846,-23.095812],[-41.414824,-23.092446],[-41.412819,-23.089122],[-41.410829,-23.085839],[-41.408854,-23.082593],[-41.406892,-23.079384],[-41.404943,-23.076211],[-41.398841,-23.066273],[-41.38871,-23.049721],[-41.385288,-23.044136],[-41.379411,-23.034574],[-41.375783,-23.028699],[-41.372385,-23.023224],[-41.36915,-23.018038],[-41.366043,-23.013088],[-41.364314,-23.010347],[-41.362615,-23.007663],[-41.360941,-23.00503],[-41.359291,-23.002446],[-41.357663,-22.999905],[-41.356053,-22.997406],[-41.354462,-22.994945],[-41.352886,-22.992521],[-41.351324,-22.990127],[-41.349775,-22.987766],[-41.348238,-22.985436],[-41.346714,-22.983135],[-41.3452,-22.980862],[-41.343695,-22.978615],[-41.3422,-22.976394],[-41.340714,-22.974198],[-41.337911,-22.970075],[-41.335235,-22.966155],[-41.332657,-22.962395],[-41.330161,-22.958772],[-41.327727,-22.955256],[-41.325351,-22.951841],[-41.323024,-22.948516],[-41.320741,-22.945272],[-41.318482,-22.942082],[-41.316256,-22.938959],[-41.314061,-22.935898],[-41.311892,-22.932895],[-41.309747,-22.929946],[-41.307624,-22.927047],[-41.30552,-22.924196],[-41.303434,-22.92139],[-41.300993,-22.918128],[-41.298595,-22.914942],[-41.296235,-22.911824],[-41.293909,-22.908769],[-41.291613,-22.905771]]]}},
{"type":"Feature","properties":{"idhidrovia":200000359,"nome":"Acesso ao Porto de Itaguaí","navegacao":"Navegação de Cabotagem","tipo":"Marítimo/oceânico","vel_cional":15.0,"extensao":1.0,"tempo":"0d 0h 4min","cla_icacao":"Acesso simples","nome_rio":null,"nom_eclusa":null,"jurisdicao":null,"reg_rafica":null,"pro_de_min":null,"pro_de_max":null,"dominio":null,"observacao":null,"snv":null,"fonte":null,"idm_origem":"BR330200","mun_origem":"Itaguaí","est_origem":"RJ","idm_estino":null,"mun_estino":null,"est_estino":null,"idantaq":null,"camada sim":"13","Fluxo":523914.0},"geometry":{"type":"MultiLineString","coordinates":[[[-43.837833,-22.934667],[-43.83814,-22.935273],[-43.838452,-22.935876],[-43.838768,-22.936475],[-43.839089,-22.937071],[-43.839415,-22.937663],[-43.839745,-22.938252],[-43.84008,-22.938838],[-43.840419,-22.939421],[-43.840763,-22.94],[-43.841112,-22.940576],[-43.841465,-22.941148],[-43.841823,-22.941718],[-43.842186,-22.942283],[-43.842553,-22.942846],[-43.842924,-22.943405],[-43.843301,-22.943961],[-43.843682,-22.944513],[-43.844068,-22.945062],[-43.844458,-22.945608],[-43.844853,-22.946151],[-43.845252,-22.94669],[-43.845656,-22.947226],[-43.846065,-22.947758],[-43.846725,-22.948607],[-43.84728,-22.949314],[-43.847792,-22.949957],[-43.848272,-22.950551],[-43.848739,-22.951118],[-43.848966,-22.95139],[-43.84919,-22.951654],[-43.849411,-22.951913],[-43.849629,-22.952165],[-43.849845,-22.952411],[-43.850058,-22.952652],[-43.850275,-22.952894],[-43.850491,-22.953131],[-43.850705,-22.953363],[-43.850917,-22.95359],[-43.851129,-22.953813],[-43.851339,-22.954031],[-43.851548,-22.954245],[-43.851757,-22.954455],[-43.851965,-22.95466],[-43.852172,-22.954862],[-43.852379,-22.95506],[-43.852585,-22.955254],[-43.852791,-22.955444],[-43.852997,-22.955631],[-43.853202,-22.955814],[-43.853408,-22.955994],[-43.853663,-22.956213],[-43.853921,-22.956431],[-43.854183,-22.956648],[-43.854447,-22.956863],[-43.854713,-22.957077],[-43.854983,-22.957289],[-43.855255,-22.9575],[-43.85553,-22.957709],[-43.855807,-22.957917],[-43.856087,-22.958123],[-43.856369,-22.958327],[-43.856654,-22.958529],[-43.85694,-22.95873],[-43.85723,-22.958929],[-43.857521,-22.959126],[-43.857814,-22.959321],[-43.85811,-22.959514],[-43.858407,-22.959706],[-43.858706,-22.959895],[-43.859007,-22.960082],[-43.85931,-22.960267],[-43.859615,-22.960449],[-43.859921,-22.96063],[-43.860229,-22.960808],[-43.860538,-22.960984],[-43.860848,-22.961157],[-43.86116,-22.961328],[-43.861473,-22.961497],[-43.861787,-22.961663],[-43.862102,-22.961826],[-43.862418,-22.961987],[-43.862735,-22.962146],[-43.86302,-22.962285],[-43.863308,-22.962423],[-43.863599,-22.96256],[-43.863893,-22.962695],[-43.86419,-22.962828],[-43.86449,-22.962959],[-43.864792,-22.96309],[-43.865097,-22.963218],[-43.865405,-22.963345],[-43.865716,-22.96347],[-43.86603,-22.963594],[-43.866346,-22.963716],[-43.866666,-22.963837],[-43.866988,-22.963956],[-43.867313,-22.964073],[-43.86764,-22.964189],[-43.867971,-22.964303],[-43.868304,-22.964415],[-43.86864,-22.964526],[-43.868979,-22.964635],[-43.86932,-22.964743],[-43.869664,-22.964848],[-43.870011,-22.964953],[-43.870361,-22.965055],[-43.870713,-22.965156],[-43.871068,-22.965256],[-43.871425,-22.965353],[-43.871786,-22.965449],[-43.872148,-22.965544],[-43.872514,-22.965636],[-43.872882,-22.965728],[-43.873253,-22.965817],[-43.87372,-22.965925],[-43.874199,-22.966028],[-43.874689,-22.966127],[-43.875192,-22.966221],[-43.875709,-22.966312],[-43.876243,-22.966399],[-43.876794,-22.966483],[-43.877367,-22.966565],[-43.877906,-22.966636],[-43.87847,-22.966707],[-43.879065,-22.966777],[-43.879703,-22.966848],[-43.880881,-22.966971],[-43.882983,-22.967179],[-43.883785,-22.967261],[-43.884162,-22.967298],[-43.884543,-22.967333],[-43.884928,-22.967366],[-43.885318,-22.967396],[-43.885712,-22.967423],[-43.886111,-22.967448],[-43.886514,-22.967471],[-43.886924,-22.967491],[-43.887338,-22.967509],[-43.887759,-22.967524],[-43.888186,-22.967537],[-43.88862,-22.967548],[-43.889062,-22.967556],[-43.889512,-22.967562],[-43.889971,-22.967566],[-43.890441,-22.967568],[-43.891214,-22.967565],[-43.892023,-22.967557],[-43.892875,-22.967542],[-43.893788,-22.967522],[-43.895476,-22.967474],[-43.898428,-22.967375],[-43.899523,-22.967341],[-43.900603,-22.967311],[-43.901577,-22.967289],[-43.902592,-22.967272],[-43.903546,-22.967265],[-43.904454,-22.967265],[-43.905324,-22.967274],[-43.905766,-22.967282],[-43.9062,-22.967292],[-43.906627,-22.967305],[-43.907048,-22.96732],[-43.907462,-22.967338],[-43.907871,-22.967357],[-43.908274,-22.96738],[-43.908672,-22.967404],[-43.909066,-22.967431],[-43.909454,-22.967461],[-43.909839,-22.967493],[-43.910219,-22.967528],[-43.910596,-22.967565],[-43.910969,-22.967604],[-43.911338,-22.967647],[-43.911703,-22.967691],[-43.912547,-22.967802],[-43.913401,-22.96792],[-43.914263,-22.968047],[-43.915135,-22.968182],[-43.916018,-22.968325],[-43.916911,-22.968477],[-43.917815,-22.968637],[-43.918731,-22.968806],[-43.919658,-22.968983],[-43.920599,-22.969169],[-43.921554,-22.969365],[-43.922525,-22.969569],[-43.923512,-22.969783],[-43.924518,-22.970008],[-43.925544,-22.970242],[-43.926593,-22.970487],[-43.927355,-22.97067],[-43.928117,-22.970856],[-43.928879,-22.971046],[-43.929641,-22.97124],[-43.930403,-22.971439],[-43.931164,-22.971641],[-43.931925,-22.971847],[-43.932686,-22.972057],[-43.933447,-22.97227],[-43.934207,-22.972488],[-43.934966,-22.97271],[-43.935725,-22.972935],[-43.936484,-22.973164],[-43.937241,-22.973397],[-43.937998,-22.973634],[-43.938754,-22.973875],[-43.939509,-22.974119],[-43.940264,-22.974367],[-43.941017,-22.974618],[-43.941769,-22.974874],[-43.94252,-22.975133],[-43.94327,-22.975395],[-43.944018,-22.975662],[-43.944766,-22.975932],[-43.945512,-22.976205],[-43.946256,-22.976482],[-43.946999,-22.976762],[-43.94774,-22.977046],[-43.94848,-22.977334],[-43.949218,-22.977625],[-43.949954,-22.977919],[-43.950689,-22.978217],[-43.951384,-22.978502],[-43.952078,-22.978792],[-43.952772,-22.979084],[-43.953465,-22.97938],[-43.954157,-22.97968],[-43.954848,-22.979982],[-43.955538,-22.980289],[-43.956227,-22.980598],[-43.956915,-22.980911],[-43.957601,-22.981227],[-43.958287,-22.981546],[-43.958971,-22.981869],[-43.959654,-22.982195],[-43.960336,-22.982524],[-43.961016,-22.982856],[-43.961695,-22.983191],[-43.962372,-22.98353],[-43.963047,-22.983871],[-43.963721,-22.984215],[-43.964393,-22.984563],[-43.965063,-22.984913],[-43.965732,-22.985267],[-43.966398,-22.985623],[-43.967063,-22.985982],[-43.967726,-22.986344],[-43.968386,-22.986709],[-43.969045,-22.987077],[-43.969701,-22.987448],[-43.970355,-22.987821],[-43.971007,-22.988197],[-43.971657,-22.988576],[-43.972304,-22.988957],[-43.972868,-22.989293],[-43.973431,-22.98963],[-43.973992,-22.98997],[-43.974552,-22.990312],[-43.97511,-22.990656],[-43.975667,-22.991003],[-43.976221,-22.991351],[-43.976774,-22.991701],[-43.977326,-22.992053],[-43.977875,-22.992407],[-43.978423,-22.992762],[-43.978969,-22.99312],[-43.979513,-22.99348],[-43.980055,-22.993841],[-43.980595,-22.994204],[-43.981133,-22.994569],[-43.981669,-22.994936],[-43.982204,-22.995305],[-43.982736,-22.995675],[-43.983265,-22.996047],[-43.983793,-22.99642],[-43.984319,-22.996796],[-43.984842,-22.997173],[-43.985363,-22.997551],[-43.985882,-22.997931],[-43.986398,-22.998313],[-43.986913,-22.998697],[-43.987424,-22.999081],[-43.987934,-22.999468],[-43.988441,-22.999856],[-43.988946,-23.000245],[-43.989448,-23.000636],[-43.990526,-23.001484],[-43.99158,-23.002326],[-43.992099,-23.002745],[-43.992611,-23.003162],[-43.993118,-23.003578],[-43.99362,-23.003993],[-43.994117,-23.004406],[-43.994608,-23.004819],[-43.995094,-23.00523],[-43.995575,-23.005641],[-43.996051,-23.006051],[-43.996523,-23.00646],[-43.996989,-23.006869],[-43.997451,-23.007276],[-43.997908,-23.007684],[-43.998361,-23.008091],[-43.998809,-23.008497],[-43.999252,-23.008903],[-43.999691,-23.009309],[-44.000126,-23.009714],[-44.000556,-23.010119],[-44.000982,-23.010523],[-44.001403,-23.010928],[-44.001821,-23.011332],[-44.002234,-23.011736],[-44.002642,-23.012139],[-44.003047,-23.012543],[-44.003447,-23.012947],[-44.003843,-23.01335],[-44.004235,-23.013753],[-44.005092,-23.014645],[-44.00551,-23.015086],[-44.005921,-23.015523],[-44.006327,-23.015957],[-44.006727,-23.016387],[-44.00712,-23.016816],[-44.007509,-23.017241],[-44.007892,-23.017664],[-44.008269,-23.018085],[-44.008642,-23.018504],[-44.009009,-23.018921],[-44.009371,-23.019336],[-44.009729,-23.019749],[-44.010081,-23.02016],[-44.010429,-23.02057],[-44.010773,-23.020979],[-44.011112,-23.021387],[-44.011447,-23.021793],[-44.011777,-23.022198],[-44.012103,-23.022601],[-44.012424,-23.023004],[-44.012741,-23.023405],[-44.013053,-23.023805],[-44.013362,-23.024204],[-44.013666,-23.024603],[-44.013966,-23.025],[-44.014262,-23.025397],[-44.014553,-23.025792],[-44.014841,-23.026187],[-44.015125,-23.026582],[-44.015404,-23.026975],[-44.01563,-23.027297],[-44.015856,-23.027624],[-44.016082,-23.027956],[-44.016309,-23.028292],[-44.016535,-23.028633],[-44.016763,-23.028979],[-44.01699,-23.029331],[-44.017219,-23.029688],[-44.017448,-23.030051],[-44.017679,-23.03042],[-44.017911,-23.030795],[-44.018144,-23.031178],[-44.018379,-23.031567],[-44.018616,-23.031964],[-44.019099,-23.032784],[-44.019548,-23.033562],[-44.020012,-23.034379],[-44.020495,-23.035242],[-44.021007,-23.036169],[-44.021459,-23.036997],[-44.02196,-23.037922],[-44.02358,-23.040933],[-44.024163,-23.042013],[-44.024744,-23.043094],[-44.025323,-23.044189],[-44.0259,-23.045298],[-44.026475,-23.046422],[-44.027049,-23.047561],[-44.027621,-23.048716],[-44.028193,-23.049888],[-44.028764,-23.051077],[-44.029334,-23.052283],[-44.029905,-23.053507],[-44.030477,-23.054752],[-44.03105,-23.056018],[-44.031625,-23.057306],[-44.032202,-23.058618],[-44.032783,-23.059956],[-44.033368,-23.061322],[-44.033914,-23.062612],[-44.034466,-23.06393],[-44.035024,-23.065279],[-44.03559,-23.066662],[-44.036166,-23.068082],[-44.036753,-23.069545],[-44.037354,-23.071057],[-44.037973,-23.072629],[-44.039112,-23.075551],[-44.040371,-23.078818],[-44.041405,-23.081524],[-44.043867,-23.08799],[-44.044986,-23.09092],[-44.045653,-23.092653],[-44.046405,-23.094586],[-44.048772,-23.100622],[-44.049546,-23.102604],[-44.050206,-23.104305],[-44.050804,-23.10586],[-44.05159,-23.10793],[-44.052312,-23.109865],[-44.052654,-23.110795],[-44.052984,-23.111704],[-44.053303,-23.112593],[-44.053612,-23.113465],[-44.053957,-23.11445],[-44.05429,-23.115417],[-44.054612,-23.116367],[-44.054924,-23.117302],[-44.055225,-23.118223],[-44.055517,-23.119132],[-44.055799,-23.120029],[-44.056072,-23.120915],[-44.056337,-23.121791],[-44.056592,-23.122659],[-44.056839,-23.123517],[-44.057078,-23.124367],[-44.057308,-23.12521],[-44.057531,-23.126044],[-44.057745,-23.126872],[-44.057951,-23.127694],[-44.05811,-23.128345],[-44.058267,-23.129],[-44.05842,-23.129658],[-44.058572,-23.130321],[-44.05872,-23.130987],[-44.058866,-23.131658],[-44.05901,-23.132332],[-44.05915,-23.133011],[-44.059289,-23.133693],[-44.059424,-23.13438],[-44.059558,-23.135072],[-44.059688,-23.135768],[-44.059816,-23.136468],[-44.059942,-23.137173],[-44.060065,-23.137883],[-44.060186,-23.138597],[-44.060304,-23.139316],[-44.06042,-23.14004],[-44.060533,-23.140768],[-44.060644,-23.141503],[-44.060753,-23.142242],[-44.060859,-23.142987],[-44.060963,-23.143738],[-44.061065,-23.144495],[-44.061165,-23.145258],[-44.061262,-23.146026],[-44.061357,-23.146802],[-44.06145,-23.147584],[-44.061629,-23.149168],[-44.0618,-23.150782],[-44.061955,-23.152347],[-44.062103,-23.153944],[-44.062244,-23.155575],[-44.062378,-23.157242],[-44.062506,-23.15895],[-44.062628,-23.160704],[-44.062745,-23.16251],[-44.062856,-23.164377],[-44.062957,-23.166199],[-44.063056,-23.168099],[-44.063152,-23.170092],[-44.063247,-23.172211],[-44.063429,-23.176635],[-44.063711,-23.183982],[-44.063809,-23.18673],[-44.063892,-23.189441],[-44.063959,-23.192117],[-44.064011,-23.19476],[-44.064047,-23.197372],[-44.064068,-23.199955],[-44.064073,-23.201235],[-44.064074,-23.202508],[-44.064071,-23.203775],[-44.064064,-23.205034],[-44.064053,-23.206288],[-44.064038,-23.207535],[-44.06402,-23.208776],[-44.063998,-23.21001],[-44.063971,-23.211238],[-44.063941,-23.21246],[-44.063907,-23.213676],[-44.06387,-23.214886],[-44.063828,-23.216091],[-44.063782,-23.217289],[-44.063733,-23.218482],[-44.06368,-23.219669],[-44.063622,-23.220851],[-44.063561,-23.222027],[-44.063496,-23.223198],[-44.063427,-23.224364],[-44.063343,-23.225711],[-44.063255,-23.227052],[-44.063163,-23.228387],[-44.063067,-23.229716],[-44.062968,-23.231038],[-44.062864,-23.232355],[-44.062756,-23.233666],[-44.062645,-23.234971],[-44.062529,-23.23627],[-44.06241,-23.237564],[-44.062286,-23.238851],[-44.062159,-23.240133],[-44.062028,-23.24141],[-44.061893,-23.242681],[-44.061754,-23.243946],[-44.061611,-23.245206],[-44.061464,-23.24646],[-44.061313,-23.247709],[-44.061158,-23.248952],[-44.060999,-23.25019],[-44.060836,-23.251423],[-44.060669,-23.25265],[-44.060498,-23.253872],[-44.060324,-23.255089],[-44.060145,-23.2563],[-44.059962,-23.257506],[-44.059775,-23.258707],[-44.059584,-23.259903],[-44.05939,-23.261093],[-44.059191,-23.262278],[-44.058988,-23.263458],[-44.058781,-23.264633],[-44.058556,-23.265887],[-44.058326,-23.267137],[-44.058093,-23.268382],[-44.057856,-23.269624],[-44.057615,-23.270861],[-44.05737,-23.272094],[-44.057122,-23.273323],[-44.056869,-23.274548],[-44.056613,-23.275768],[-44.056353,-23.276985],[-44.056089,-23.278196],[-44.055821,-23.279404],[-44.055549,-23.280607],[-44.055274,-23.281806],[-44.054995,-23.283001],[-44.054712,-23.284191],[-44.054425,-23.285376],[-44.054135,-23.286557],[-44.053841,-23.287734],[-44.053543,-23.288906],[-44.053241,-23.290073],[-44.052935,-23.291236],[-44.052626,-23.292394],[-44.052313,-23.293548],[-44.051996,-23.294697],[-44.051676,-23.295841],[-44.051352,-23.296981],[-44.051024,-23.298116],[-44.050692,-23.299246],[-44.050357,-23.300372],[-44.050018,-23.301493],[-44.049675,-23.302609],[-44.049323,-23.30374],[-44.048967,-23.304869],[-44.048606,-23.305996],[-44.048242,-23.307121],[-44.047873,-23.308243],[-44.047501,-23.309363],[-44.047125,-23.31048],[-44.046745,-23.311594],[-44.046361,-23.312706],[-44.045973,-23.313816],[-44.045581,-23.314922],[-44.045186,-23.316026],[-44.044786,-23.317127],[-44.044383,-23.318225],[-44.043976,-23.319319],[-44.043566,-23.320411],[-44.043151,-23.3215],[-44.042733,-23.322586],[-44.042311,-23.323668],[-44.041886,-23.324747],[-44.041457,-23.325823],[-44.041024,-23.326895],[-44.040588,-23.327965],[-44.040148,-23.32903],[-44.039705,-23.330092],[-44.039258,-23.331151],[-44.038808,-23.332206],[-44.038354,-23.333257],[-44.037896,-23.334305],[-44.037435,-23.335349],[-44.036971,-23.336389],[-44.036503,-23.337425],[-44.03578,-23.339007],[-44.035048,-23.340582],[-44.034308,-23.342152],[-44.033559,-23.343715],[-44.032802,-23.345271],[-44.032036,-23.346821],[-44.031263,-23.348364],[-44.030482,-23.3499],[-44.029693,-23.351428],[-44.028896,-23.352949],[-44.028092,-23.354462],[-44.02728,-23.355966],[-44.026461,-23.357463],[-44.025635,-23.358951],[-44.024801,-23.36043],[-44.02396,-23.3619],[-44.023015,-23.363532],[-44.022079,-23.365128],[-44.021149,-23.366692],[-44.020227,-23.368224],[-44.019308,-23.369728],[-44.018395,-23.371204],[-44.017484,-23.372654],[-44.016577,-23.374079],[-44.016124,-23.374783],[-44.015671,-23.37548],[-44.015218,-23.376172],[-44.014766,-23.376858],[-44.014314,-23.377539],[-44.013863,-23.378214],[-44.013411,-23.378883],[-44.01296,-23.379547],[-44.012509,-23.380205],[-44.012057,-23.380859],[-44.011606,-23.381507],[-44.011154,-23.38215],[-44.010703,-23.382787],[-44.010251,-23.38342],[-44.009799,-23.384048],[-44.009347,-23.384671],[-44.00892,-23.385254],[-44.008487,-23.38584],[-44.00805,-23.386428],[-44.007608,-23.387017],[-44.00716,-23.387609],[-44.006708,-23.388203],[-44.00625,-23.388799],[-44.005787,-23.389397],[-44.005318,-23.389998],[-44.004844,-23.390602],[-44.004364,-23.391208],[-44.003879,-23.391818],[-44.003388,-23.39243],[-44.00289,-23.393046],[-44.001877,-23.394288],[-44.000841,-23.395541],[-43.999778,-23.396811],[-43.998686,-23.398101],[-43.997563,-23.399412],[-43.996407,-23.400746],[-43.995214,-23.402109],[-43.99398,-23.403505],[-43.9927,-23.404941],[-43.992237,-23.405455],[-43.991768,-23.405973],[-43.990812,-23.407018],[-43.989829,-23.408078],[-43.988817,-23.409155],[-43.987775,-23.41025],[-43.986698,-23.41137],[-43.985582,-23.412517],[-43.984422,-23.413697],[-43.983296,-23.414832],[-43.982116,-23.416011],[-43.980871,-23.417246],[-43.97954,-23.418558],[-43.978255,-23.419817],[-43.976819,-23.421219],[-43.97181,-23.426088],[-43.970615,-23.427247],[-43.969407,-23.428412],[-43.968185,-23.429583],[-43.966948,-23.430761],[-43.965698,-23.431945],[-43.964432,-23.433136],[-43.963151,-23.434335],[-43.961853,-23.435542],[-43.96054,-23.436757],[-43.959209,-23.437982],[-43.95786,-23.439217],[-43.956491,-23.440463],[-43.955103,-23.441721],[-43.953694,-23.442992],[-43.952262,-23.444276],[-43.950806,-23.445576],[-43.949362,-23.446861],[-43.947891,-23.448162],[-43.944865,-23.450825],[-43.941709,-23.45358],[-43.938394,-23.456453],[-43.934942,-23.459426],[-43.931225,-23.46261],[-43.927151,-23.466081],[-43.922327,-23.470179],[-43.916707,-23.474933],[-43.914221,-23.477027],[-43.911868,-23.479],[-43.909598,-23.480896],[-43.907412,-23.482713],[-43.905294,-23.484465],[-43.903235,-23.48616],[-43.901193,-23.48783],[-43.899196,-23.489453],[-43.897238,-23.491035],[-43.895315,-23.492578],[-43.893422,-23.494086],[-43.891558,-23.495561],[-43.889719,-23.497005],[-43.887902,-23.49842],[-43.885432,-23.50033],[-43.882982,-23.502212],[-43.88055,-23.504067],[-43.878134,-23.505895],[-43.875736,-23.507698],[-43.873352,-23.509476],[-43.870983,-23.511229],[-43.868627,-23.512959],[-43.866284,-23.514665],[-43.863954,-23.516349],[-43.861635,-23.518011],[-43.859328,-23.51965],[-43.857031,-23.521268],[-43.854744,-23.522864],[-43.852467,-23.52444],[-43.850199,-23.525995],[-43.847806,-23.527621],[-43.845408,-23.529237],[-43.843005,-23.530842],[-43.840596,-23.532437],[-43.838183,-23.534021],[-43.835765,-23.535595],[-43.833342,-23.537158],[-43.830914,-23.538709],[-43.828482,-23.54025],[-43.826046,-23.54178],[-43.823606,-23.543299],[-43.821161,-23.544806],[-43.818713,-23.546302],[-43.816262,-23.547787],[-43.813806,-23.54926],[-43.811348,-23.550722],[-43.809202,-23.551986],[-43.807048,-23.553245],[-43.804888,-23.554498],[-43.80272,-23.555744],[-43.800546,-23.556984],[-43.798364,-23.558218],[-43.796176,-23.559445],[-43.793981,-23.560666],[-43.79178,-23.561881],[-43.789572,-23.563089],[-43.787358,-23.56429],[-43.785137,-23.565485],[-43.782911,-23.566673],[-43.780678,-23.567855],[-43.778439,-23.56903],[-43.776195,-23.570197],[-43.774041,-23.571309],[-43.771881,-23.572414],[-43.769717,-23.573512],[-43.767548,-23.574603],[-43.765374,-23.575688],[-43.763196,-23.576766],[-43.761013,-23.577837],[-43.758825,-23.578901],[-43.756633,-23.579958],[-43.754437,-23.581008],[-43.752237,-23.582051],[-43.750033,-23.583087],[-43.747824,-23.584115],[-43.745612,-23.585137],[-43.743396,-23.586151],[-43.741177,-23.587158],[-43.738967,-23.588151],[-43.736752,-23.589138],[-43.734531,-23.590118],[-43.732304,-23.591092],[-43.730072,-23.59206],[-43.727834,-23.593021],[-43.725591,-23.593975],[-43.723342,-23.594923],[-43.721089,-23.595864],[-43.71883,-23.596798],[-43.716566,-23.597726],[-43.714298,-23.598647],[-43.712024,-23.599561],[-43.709746,-23.600468],[-43.707463,-23.601368],[-43.705176,-23.602262],[-43.702912,-23.603137],[-43.700641,-23.604007],[-43.698363,-23.60487],[-43.696079,-23.605727],[-43.693789,-23.606577],[-43.691492,-23.607422],[-43.689189,-23.608259],[-43.68688,-23.609091],[-43.684564,-23.609916],[-43.682243,-23.610735],[-43.679916,-23.611547],[-43.677582,-23.612352],[-43.675243,-23.613152],[-43.672898,-23.613944],[-43.670548,-23.61473],[-43.668192,-23.61551],[-43.665717,-23.616319],[-43.663234,-23.617121],[-43.660743,-23.617916],[-43.658244,-23.618704],[-43.655737,-23.619485],[-43.653223,-23.620259],[-43.6507,-23.621025],[-43.64817,-23.621784],[-43.645632,-23.622536],[-43.643087,-23.623281],[-43.640534,-23.624018],[-43.637974,-23.624748],[-43.635406,-23.625471],[-43.632831,-23.626186],[-43.630249,-23.626894],[-43.627659,-23.627595],[-43.625297,-23.628226],[-43.622924,-23.628851],[-43.620542,-23.62947],[-43.61815,-23.630083],[-43.615747,-23.630691],[-43.613334,-23.631294],[-43.610911,-23.63189],[-43.608478,-23.632481],[-43.606035,-23.633067],[-43.603581,-23.633646],[-43.601117,-23.634221],[-43.598643,-23.634789],[-43.596159,-23.635352],[-43.593664,-23.635909],[-43.591159,-23.636461],[-43.588644,-23.637007],[-43.586137,-23.637543],[-43.583629,-23.638071],[-43.582375,-23.638332],[-43.58112,-23.638591],[-43.578608,-23.639104],[-43.576095,-23.639609],[-43.573581,-23.640105],[-43.571065,-23.640594],[-43.568547,-23.641075],[-43.566028,-23.641549],[-43.563507,-23.642014],[-43.560984,-23.642471],[-43.55846,-23.642921],[-43.555935,-23.643363],[-43.553407,-23.643797],[-43.550879,-23.644223],[-43.548348,-23.644641],[-43.545816,-23.645051],[-43.543283,-23.645454],[-43.540747,-23.645849],[-43.538211,-23.646235],[-43.535672,-23.646614],[-43.533132,-23.646985],[-43.530591,-23.647349],[-43.528048,-23.647704],[-43.525503,-23.648052],[-43.522957,-23.648391],[-43.520409,-23.648723],[-43.517859,-23.649047],[-43.515308,-23.649363],[-43.512756,-23.649671],[-43.510202,-23.649972],[-43.507646,-23.650264]]]}},
{"type":"Feature","properties":{"idhidrovia":200000360,"nome":"Porto de Forno - Porto de Vitória","navegacao":"Navegação de Cabotagem","tipo":"Marítimo/oceânico","vel_cional":25.0,"extensao":142.7,"tempo":"0d 5h 42min","cla_icacao":"Percurso externo","nome_rio":null,"nom_eclusa":null,"jurisdicao":null,"reg_rafica":null,"pro_de_min":null,"pro_de_max":null,"dominio":null,"observacao":null,"snv":null,"fonte":null,"idm_origem":null,"mun_origem":null,"est_origem":null,"idm_estino":null,"mun_estino":null,"est_estino":null,"idantaq":null,"camada sim":"14","Fluxo":66666798.0},"geometry":{"type":"MultiLineString","coordinates":[[[-41.291613,-22.905771],[-41.289344,-22.902828],[-41.2871,-22.899936],[-41.284878,-22.897093],[-41.282673,-22.89429],[-41.280487,-22.891531],[-41.278318,-22.888814],[-41.276165,-22.886135],[-41.274025,-22.883495],[-41.271899,-22.880891],[-41.269785,-22.878322],[-41.267681,-22.875786],[-41.265295,-22.872931],[-41.262937,-22.870128],[-41.260605,-22.867373],[-41.258295,-22.864664],[-41.256006,-22.861997],[-41.253736,-22.859373],[-41.251484,-22.856787],[-41.249248,-22.85424],[-41.247025,-22.851728],[-41.244816,-22.84925],[-41.24262,-22.846807],[-41.240435,-22.844396],[-41.238261,-22.842018],[-41.236098,-22.83967],[-41.233943,-22.837352],[-41.231797,-22.835064],[-41.229463,-22.832595],[-41.227154,-22.83017],[-41.22487,-22.827788],[-41.222607,-22.825446],[-41.220363,-22.823141],[-41.218138,-22.820873],[-41.21593,-22.81864],[-41.213737,-22.816441],[-41.211557,-22.814274],[-41.209391,-22.812138],[-41.207237,-22.810032],[-41.205094,-22.807957],[-41.202962,-22.80591],[-41.20084,-22.803891],[-41.199783,-22.802893],[-41.198727,-22.801901],[-41.197674,-22.800916],[-41.196623,-22.799937],[-41.194413,-22.797893],[-41.192225,-22.795883],[-41.190057,-22.793908],[-41.187907,-22.791964],[-41.185774,-22.790052],[-41.183657,-22.788169],[-41.181554,-22.786316],[-41.179465,-22.78449],[-41.177388,-22.782691],[-41.175323,-22.780919],[-41.173269,-22.779172],[-41.171226,-22.777451],[-41.169192,-22.775755],[-41.167168,-22.774083],[-41.165152,-22.772435],[-41.163145,-22.77081],[-41.161093,-22.769167],[-41.159017,-22.767521],[-41.156915,-22.765872],[-41.154786,-22.764219],[-41.152631,-22.762563],[-41.150449,-22.760901],[-41.148238,-22.759235],[-41.145998,-22.757562],[-41.14373,-22.755884],[-41.141431,-22.754199],[-41.1391,-22.752506],[-41.136736,-22.750805],[-41.134337,-22.749093],[-41.131903,-22.747371],[-41.129432,-22.745637],[-41.126922,-22.74389],[-41.12467,-22.742338],[-41.122387,-22.74078],[-41.120072,-22.739215],[-41.117724,-22.737643],[-41.115341,-22.736064],[-41.112921,-22.734475],[-41.110463,-22.732876],[-41.107964,-22.731265],[-41.105428,-22.729644],[-41.102846,-22.728007],[-41.100217,-22.726355],[-41.097535,-22.724683],[-41.0948,-22.722991],[-41.092004,-22.721275],[-41.089143,-22.719531],[-41.086208,-22.717755],[-41.083625,-22.716205],[-41.081,-22.714645],[-41.078331,-22.713074],[-41.075613,-22.711491],[-41.072846,-22.709894],[-41.070025,-22.708279],[-41.067145,-22.706646],[-41.064202,-22.704991],[-41.06121,-22.703322],[-41.058141,-22.701624],[-41.054988,-22.699892],[-41.051738,-22.698119],[-41.048386,-22.696303],[-41.044904,-22.694428],[-41.041266,-22.69248],[-41.03743,-22.690438],[-41.035485,-22.689408],[-41.033518,-22.688375],[-41.031529,-22.687336],[-41.029516,-22.686293],[-41.02748,-22.685245],[-41.025417,-22.68419],[-41.023328,-22.683128],[-41.02121,-22.682059],[-41.019065,-22.680983],[-41.016888,-22.679897],[-41.014678,-22.678801],[-41.01243,-22.677694],[-41.010145,-22.676574],[-41.007817,-22.675439],[-41.005444,-22.674289],[-41.003021,-22.67312],[-40.998652,-22.671027],[-40.994078,-22.668852],[-40.989248,-22.666573],[-40.984066,-22.664144],[-40.9757,-22.660246],[-40.970762,-22.657956],[-40.956016,-22.651125],[-40.947136,-22.646992],[-40.944118,-22.645587],[-40.941066,-22.644176],[-40.93798,-22.642758],[-40.934857,-22.641333],[-40.931697,-22.639899],[-40.928497,-22.638457],[-40.925254,-22.637004],[-40.921967,-22.635539],[-40.918638,-22.634064],[-40.915257,-22.632575],[-40.911823,-22.631071],[-40.908331,-22.629549],[-40.904777,-22.628009],[-40.901155,-22.626447],[-40.897458,-22.62486],[-40.893678,-22.623245],[-40.887439,-22.620596],[-40.880913,-22.617842],[-40.874032,-22.614956],[-40.866662,-22.611882],[-40.853002,-22.606218],[-40.829035,-22.596322],[-40.8201,-22.592627],[-40.811261,-22.588959],[-40.803292,-22.585634],[-40.794937,-22.582128],[-40.787094,-22.57881],[-40.779633,-22.575628],[-40.776023,-22.574078],[-40.772485,-22.572551],[-40.76879,-22.570949],[-40.765163,-22.569367],[-40.761598,-22.567804],[-40.758091,-22.566257],[-40.754638,-22.564725],[-40.751234,-22.563206],[-40.747878,-22.561698],[-40.744567,-22.560202],[-40.741295,-22.558713],[-40.738063,-22.557233],[-40.734869,-22.555761],[-40.731712,-22.554296],[-40.72859,-22.552837],[-40.725501,-22.551383],[-40.722444,-22.549934],[-40.719418,-22.54849],[-40.715352,-22.546544],[-40.704366,-22.541294],[-40.698075,-22.538277],[-40.694707,-22.536653],[-40.691562,-22.53513],[-40.688579,-22.533677],[-40.685726,-22.532281],[-40.682702,-22.530791],[-40.679786,-22.529344],[-40.676963,-22.527932],[-40.674222,-22.52655],[-40.67155,-22.52519],[-40.668942,-22.523852],[-40.666392,-22.522532],[-40.663897,-22.521227],[-40.660305,-22.519334],[-40.656878,-22.517518],[-40.653586,-22.515763],[-40.650408,-22.514057],[-40.647321,-22.512388],[-40.644321,-22.510754],[-40.641397,-22.509148],[-40.638543,-22.507568],[-40.635736,-22.506001],[-40.632987,-22.504453],[-40.630292,-22.502921],[-40.627648,-22.501404],[-40.625049,-22.499899],[-40.622495,-22.498404],[-40.619983,-22.496919],[-40.61751,-22.495442],[-40.614007,-22.49333],[-40.610623,-22.491273],[-40.607341,-22.48926],[-40.604152,-22.487286],[-40.601043,-22.485342],[-40.599517,-22.48438],[-40.598009,-22.483425],[-40.596518,-22.482475],[-40.595043,-22.481531],[-40.593585,-22.480592],[-40.592141,-22.479658],[-40.590709,-22.478725],[-40.58929,-22.477796],[-40.587886,-22.476871],[-40.586495,-22.47595],[-40.585117,-22.475032],[-40.584959,-22.474925],[-40.583753,-22.474116],[-40.5824,-22.473204],[-40.58106,-22.472294],[-40.579732,-22.471386],[-40.578415,-22.470481],[-40.57711,-22.469577],[-40.575816,-22.468675],[-40.574533,-22.467775],[-40.57326,-22.466877],[-40.571998,-22.465979],[-40.570746,-22.465084],[-40.569265,-22.464018],[-40.567806,-22.462962],[-40.566367,-22.461916],[-40.564946,-22.460878],[-40.563544,-22.459848],[-40.56216,-22.458826],[-40.560792,-22.457811],[-40.55944,-22.456802],[-40.558104,-22.455798],[-40.556782,-22.4548],[-40.555474,-22.453808],[-40.554181,-22.45282],[-40.552902,-22.451837],[-40.551635,-22.450858],[-40.550382,-22.449883],[-40.549141,-22.448912],[-40.54791,-22.447942],[-40.546691,-22.446976],[-40.545484,-22.446012],[-40.544288,-22.445052],[-40.543104,-22.444094],[-40.541931,-22.443139],[-40.540768,-22.442186],[-40.539616,-22.441235],[-40.538474,-22.440286],[-40.537343,-22.439339],[-40.536221,-22.438394],[-40.53511,-22.43745],[-40.534008,-22.436507],[-40.532916,-22.435566],[-40.531834,-22.434626],[-40.530761,-22.433688],[-40.529535,-22.432608],[-40.528322,-22.431534],[-40.527121,-22.430464],[-40.525933,-22.429399],[-40.524757,-22.428338],[-40.523593,-22.427282],[-40.52244,-22.426229],[-40.521299,-22.42518],[-40.520168,-22.424135],[-40.519048,-22.423093],[-40.517939,-22.422054],[-40.516841,-22.421017],[-40.515753,-22.419984],[-40.514675,-22.418954],[-40.513607,-22.417925],[-40.512549,-22.4169],[-40.5115,-22.415876],[-40.510461,-22.414854],[-40.509432,-22.413834],[-40.508412,-22.412816],[-40.507401,-22.411799],[-40.506399,-22.410785],[-40.505407,-22.409772],[-40.504423,-22.408761],[-40.503449,-22.407751],[-40.502483,-22.406742],[-40.501527,-22.405735],[-40.500579,-22.404729],[-40.499639,-22.403724],[-40.498709,-22.40272],[-40.497787,-22.401717],[-40.496873,-22.400715],[-40.495888,-22.399627],[-40.494912,-22.398542],[-40.493946,-22.39746],[-40.492989,-22.396381],[-40.49204,-22.395305],[-40.491101,-22.394231],[-40.49017,-22.39316],[-40.489248,-22.392091],[-40.488335,-22.391025],[-40.48743,-22.389961],[-40.486533,-22.388899],[-40.485645,-22.387839],[-40.484766,-22.386782],[-40.483894,-22.385726],[-40.483031,-22.384673],[-40.482177,-22.383621],[-40.48133,-22.382571],[-40.480491,-22.381522],[-40.47966,-22.380476],[-40.478838,-22.379431],[-40.478023,-22.378387],[-40.477216,-22.377345],[-40.476418,-22.376305],[-40.475627,-22.375266],[-40.474844,-22.374228],[-40.474069,-22.373192],[-40.473301,-22.372157],[-40.472542,-22.371124],[-40.47179,-22.370092],[-40.471045,-22.369061],[-40.470309,-22.368031],[-40.46958,-22.367002],[-40.468814,-22.365911],[-40.468051,-22.364816],[-40.467293,-22.363717],[-40.466539,-22.362614],[-40.465789,-22.361507],[-40.465043,-22.360397],[-40.464301,-22.359283],[-40.463563,-22.358166],[-40.46283,-22.357045],[-40.462101,-22.355921],[-40.461376,-22.354793],[-40.460656,-22.353663],[-40.45994,-22.352529],[-40.459229,-22.351392],[-40.458523,-22.350252],[-40.457821,-22.34911],[-40.457124,-22.347964],[-40.456431,-22.346816],[-40.455743,-22.345666],[-40.455061,-22.344512],[-40.454383,-22.343356],[-40.453709,-22.342198],[-40.453041,-22.341038],[-40.452378,-22.339875],[-40.45172,-22.33871],[-40.451067,-22.337543],[-40.450419,-22.336373],[-40.449777,-22.335202],[-40.449139,-22.334029],[-40.448507,-22.332855],[-40.44788,-22.331678],[-40.447259,-22.3305],[-40.446648,-22.32933],[-40.44604,-22.328151],[-40.445434,-22.326963],[-40.444831,-22.325768],[-40.444231,-22.324563],[-40.443633,-22.32335],[-40.443038,-22.322129],[-40.442445,-22.320899],[-40.441855,-22.31966],[-40.441267,-22.318412],[-40.440681,-22.317155],[-40.440098,-22.31589],[-40.439517,-22.314615],[-40.438938,-22.31333],[-40.438362,-22.312037],[-40.437787,-22.310734],[-40.437216,-22.309422],[-40.436646,-22.308101],[-40.436078,-22.30677],[-40.435512,-22.305429],[-40.434948,-22.304078],[-40.434386,-22.302717],[-40.433825,-22.301345],[-40.433266,-22.299963],[-40.432709,-22.298571],[-40.432154,-22.297167],[-40.4316,-22.295753],[-40.431047,-22.294327],[-40.430496,-22.29289],[-40.429946,-22.291441],[-40.429397,-22.289981],[-40.428849,-22.288508],[-40.428387,-22.287251],[-40.427927,-22.285985],[-40.42747,-22.28471],[-40.427016,-22.283426],[-40.426564,-22.282133],[-40.426115,-22.28083],[-40.425668,-22.279518],[-40.425224,-22.278196],[-40.424781,-22.276864],[-40.424342,-22.275522],[-40.423904,-22.27417],[-40.423468,-22.272807],[-40.423035,-22.271433],[-40.422603,-22.270049],[-40.422173,-22.268653],[-40.421746,-22.267245],[-40.42132,-22.265828],[-40.420896,-22.264399],[-40.420474,-22.262957],[-40.420052,-22.261502],[-40.419633,-22.260034],[-40.419214,-22.258552],[-40.418796,-22.257056],[-40.418379,-22.255545],[-40.417963,-22.254019],[-40.417548,-22.252478],[-40.417133,-22.25092],[-40.416718,-22.249345],[-40.416303,-22.247751],[-40.415888,-22.246139],[-40.415472,-22.244507],[-40.415055,-22.242854],[-40.414697,-22.241413],[-40.414342,-22.239962],[-40.41399,-22.2385],[-40.413641,-22.237029],[-40.413295,-22.235546],[-40.412953,-22.234053],[-40.412613,-22.232549],[-40.412276,-22.231033],[-40.411942,-22.229505],[-40.41161,-22.227966],[-40.411281,-22.226414],[-40.410955,-22.224849],[-40.410631,-22.223271],[-40.41031,-22.221679],[-40.409991,-22.220073],[-40.409674,-22.218452],[-40.40936,-22.216821],[-40.409049,-22.215175],[-40.408739,-22.213512],[-40.408431,-22.211832],[-40.408124,-22.210135],[-40.407819,-22.208419],[-40.407515,-22.206683],[-40.407212,-22.204927],[-40.406609,-22.201351],[-40.406008,-22.197679],[-40.405407,-22.193897],[-40.404802,-22.189987],[-40.404581,-22.188522],[-40.404363,-22.187047],[-40.404147,-22.185562],[-40.403934,-22.184065],[-40.403515,-22.181038],[-40.403107,-22.177963],[-40.402708,-22.174836],[-40.402318,-22.171654],[-40.401937,-22.168412],[-40.401563,-22.165104],[-40.401199,-22.161744],[-40.400841,-22.158306],[-40.400487,-22.154778],[-40.400138,-22.151149],[-40.399792,-22.147413],[-40.399447,-22.14354],[-40.399099,-22.139503],[-40.398746,-22.135259],[-40.398507,-22.132246],[-40.398278,-22.129172],[-40.39806,-22.126033],[-40.397851,-22.122821]]]}},
{"type":"Feature","properties":{"idhidrovia":200000361,"nome":"Acesso ao Porto do Rio de Janeiro","navegacao":"Navegação de Cabotagem","tipo":"Marítimo/oceânico","vel_cional":15.0,"extensao":1.0,"tempo":"0d 0h 4min","cla_icacao":"Acesso simples","nome_rio":null,"nom_eclusa":null,"jurisdicao":null,"reg_rafica":null,"pro_de_min":null,"pro_de_max":null,"dominio":null,"observacao":null,"snv":null,"fonte":null,"idm_origem":"BR330455","mun_origem":"Rio de Janeiro","est_origem":"RJ","idm_estino":null,"mun_estino":null,"est_estino":null,"idantaq":null,"camada sim":"15","Fluxo":5677255.0},"geometry":{"type":"MultiLineString","coordinates":[[[-43.199838,-22.894244],[-43.199538,-22.893736],[-43.199239,-22.893237],[-43.198938,-22.892744],[-43.198637,-22.892259],[-43.198336,-22.891782],[-43.198034,-22.891311],[-43.197731,-22.890849],[-43.197427,-22.890393],[-43.197123,-22.889945],[-43.196818,-22.889505],[-43.196513,-22.889071],[-43.196207,-22.888645],[-43.1959,-22.888227],[-43.195592,-22.887816],[-43.195284,-22.887412],[-43.194976,-22.887016],[-43.194667,-22.886627],[-43.194357,-22.886246],[-43.194046,-22.885872],[-43.193735,-22.885505],[-43.193423,-22.885146],[-43.193111,-22.884794],[-43.192797,-22.884449],[-43.192484,-22.884112],[-43.192169,-22.883782],[-43.191854,-22.88346],[-43.191539,-22.883145],[-43.191222,-22.882837],[-43.190905,-22.882537],[-43.190588,-22.882244],[-43.19027,-22.881959],[-43.189951,-22.881681],[-43.189631,-22.88141],[-43.189311,-22.881147],[-43.18899,-22.880891],[-43.188669,-22.880643],[-43.188347,-22.880402],[-43.188024,-22.880168],[-43.187701,-22.879942],[-43.187377,-22.879723],[-43.187052,-22.879511],[-43.186727,-22.879307],[-43.186401,-22.879111],[-43.186075,-22.878921],[-43.185747,-22.878739],[-43.18542,-22.878565],[-43.185091,-22.878398],[-43.184762,-22.878238],[-43.184433,-22.878086],[-43.184102,-22.877941],[-43.183771,-22.877803],[-43.18344,-22.877673],[-43.183107,-22.87755],[-43.182941,-22.877492],[-43.182774,-22.877435],[-43.182608,-22.87738],[-43.182441,-22.877327],[-43.182274,-22.877276],[-43.182107,-22.877226],[-43.181939,-22.877179],[-43.181772,-22.877133],[-43.181604,-22.877089],[-43.181436,-22.877047],[-43.181268,-22.877007],[-43.1811,-22.876969],[-43.180932,-22.876932],[-43.180764,-22.876898],[-43.180595,-22.876865],[-43.180426,-22.876834],[-43.180257,-22.876805],[-43.180088,-22.876778],[-43.179919,-22.876753],[-43.17975,-22.876729],[-43.17958,-22.876707],[-43.17941,-22.876688],[-43.179228,-22.876668],[-43.179046,-22.876651],[-43.178864,-22.876636],[-43.178682,-22.876624],[-43.178499,-22.876613],[-43.178316,-22.876604],[-43.178133,-22.876598],[-43.17795,-22.876594],[-43.177766,-22.876591],[-43.177583,-22.876591],[-43.177399,-22.876593],[-43.177215,-22.876598],[-43.177031,-22.876604],[-43.176847,-22.876612],[-43.176662,-22.876623],[-43.176478,-22.876635],[-43.176293,-22.87665],[-43.176108,-22.876667],[-43.175922,-22.876686],[-43.175737,-22.876707],[-43.175551,-22.87673],[-43.175366,-22.876756],[-43.17518,-22.876783],[-43.174994,-22.876813],[-43.174807,-22.876844],[-43.174621,-22.876878],[-43.174434,-22.876914],[-43.174247,-22.876952],[-43.17406,-22.876992],[-43.173873,-22.877035],[-43.173685,-22.877079],[-43.173498,-22.877126],[-43.17331,-22.877174],[-43.173122,-22.877225],[-43.172934,-22.877278],[-43.172746,-22.877333],[-43.172557,-22.87739],[-43.172368,-22.877449],[-43.17218,-22.877511],[-43.17199,-22.877574],[-43.171801,-22.87764],[-43.171612,-22.877708],[-43.171422,-22.877777],[-43.171232,-22.877849],[-43.171042,-22.877923],[-43.170852,-22.878],[-43.170662,-22.878078],[-43.170471,-22.878158],[-43.170281,-22.878241],[-43.17009,-22.878326],[-43.169899,-22.878413],[-43.169707,-22.878501],[-43.169516,-22.878593],[-43.169324,-22.878686],[-43.169133,-22.878781],[-43.168941,-22.878878],[-43.168556,-22.87908],[-43.168171,-22.879289],[-43.167785,-22.879507],[-43.167398,-22.879734],[-43.167011,-22.879969],[-43.166622,-22.880213],[-43.166233,-22.880465],[-43.165844,-22.880725],[-43.165453,-22.880994],[-43.165062,-22.881272],[-43.16467,-22.881557],[-43.164278,-22.881852],[-43.163884,-22.882155],[-43.16349,-22.882466],[-43.163096,-22.882786],[-43.1627,-22.883114],[-43.162304,-22.883451],[-43.161907,-22.883796],[-43.161509,-22.88415],[-43.161111,-22.884512],[-43.160712,-22.884883],[-43.160312,-22.885262],[-43.159911,-22.88565],[-43.15951,-22.886046],[-43.159108,-22.886451],[-43.158705,-22.886864],[-43.158301,-22.887285],[-43.157897,-22.887716],[-43.157492,-22.888154],[-43.157086,-22.888601],[-43.15668,-22.889057],[-43.156272,-22.889521],[-43.155864,-22.889993],[-43.155456,-22.890474],[-43.155046,-22.890963],[-43.154636,-22.891461]]]}},
{"type":"Feature","properties":{"idhidrovia":200000362,"nome":"Acesso aos Portos do Rio de Janeiro e Niterói","navegacao":"Navegação de Cabotagem","tipo":"Marítimo/oceânico","vel_cional":15.0,"extensao":1.0,"tempo":"0d 0h 4min","cla_icacao":"Acesso duplo","nome_rio":null,"nom_eclusa":null,"jurisdicao":null,"reg_rafica":null,"pro_de_min":null,"pro_de_max":null,"dominio":null,"observacao":null,"snv":null,"fonte":null,"idm_origem":null,"mun_origem":null,"est_origem":null,"idm_estino":null,"mun_estino":null,"est_estino":null,"idantaq":null,"camada sim":"16","Fluxo":16619836.0},"geometry":{"type":"MultiLineString","coordinates":[[[-43.154636,-22.891461],[-43.154617,-22.892085],[-43.154595,-22.892708],[-43.154545,-22.893953],[-43.154486,-22.895195],[-43.154418,-22.896435],[-43.154341,-22.897673],[-43.154298,-22.898292],[-43.154254,-22.898909],[-43.154158,-22.900143],[-43.154053,-22.901375],[-43.153939,-22.902604],[-43.153815,-22.903831],[-43.153682,-22.905056],[-43.153541,-22.906279],[-43.153389,-22.907499],[-43.153229,-22.908718],[-43.15306,-22.909934],[-43.152881,-22.911148],[-43.152693,-22.91236],[-43.152496,-22.91357],[-43.15229,-22.914777],[-43.152075,-22.915982],[-43.151964,-22.916584],[-43.15185,-22.917186],[-43.151616,-22.918387],[-43.151496,-22.918986],[-43.151373,-22.919585],[-43.151121,-22.920782],[-43.15086,-22.921976],[-43.150726,-22.922573],[-43.150589,-22.923168],[-43.15031,-22.924359],[-43.150021,-22.925546],[-43.149723,-22.926732],[-43.149415,-22.927916],[-43.149099,-22.929097],[-43.148773,-22.930276],[-43.148476,-22.931347],[-43.147741,-22.934031],[-43.147531,-22.934786],[-43.147339,-22.935464],[-43.147108,-22.936257],[-43.146887,-22.936995],[-43.146671,-22.937693],[-43.146457,-22.938357],[-43.146339,-22.938715],[-43.14622,-22.939065],[-43.146102,-22.939407],[-43.145983,-22.939743],[-43.145864,-22.940073],[-43.145744,-22.940396],[-43.145623,-22.940714],[-43.145501,-22.941026],[-43.145379,-22.941334],[-43.145255,-22.941637],[-43.14513,-22.941935],[-43.145004,-22.942228],[-43.144877,-22.942517],[-43.144748,-22.942802],[-43.144618,-22.943083],[-43.144487,-22.943359],[-43.135089,-22.957828],[-43.132145,-22.96186],[-43.129421,-22.965606],[-43.126868,-22.969134],[-43.124458,-22.972482],[-43.122161,-22.975691],[-43.119971,-22.978773],[-43.117875,-22.981744],[-43.115863,-22.984618],[-43.113908,-22.987433],[-43.112025,-22.99017],[-43.110206,-22.992839],[-43.108448,-22.995445],[-43.10759,-22.996727],[-43.106746,-22.997996],[-43.105915,-22.999252],[-43.105096,-23.000496],[-43.10429,-23.001729],[-43.103496,-23.00295],[-43.102714,-23.004162],[-43.101943,-23.005363],[-43.101168,-23.006579],[-43.100404,-23.007785],[-43.099652,-23.008982],[-43.09891,-23.01017],[-43.098178,-23.011351],[-43.097456,-23.012524],[-43.096744,-23.013691],[-43.096042,-23.01485],[-43.095349,-23.016003],[-43.094665,-23.01715],[-43.093991,-23.018291],[-43.093325,-23.019427],[-43.092667,-23.020558],[-43.092018,-23.021684],[-43.091378,-23.022805],[-43.090745,-23.023922],[-43.09012,-23.025036],[-43.089503,-23.026146],[-43.088893,-23.027253],[-43.088291,-23.028357],[-43.087696,-23.029458],[-43.087109,-23.030556],[-43.086529,-23.031651],[-43.085955,-23.032745],[-43.085389,-23.033836],[-43.084829,-23.034926],[-43.084276,-23.036014],[-43.08373,-23.037101],[-43.08319,-23.038187],[-43.082656,-23.039272],[-43.082128,-23.040356],[-43.081607,-23.04144],[-43.081076,-23.042556],[-43.080552,-23.043672],[-43.080034,-23.044788],[-43.079522,-23.045904],[-43.079016,-23.04702],[-43.078516,-23.048138],[-43.078022,-23.049256],[-43.077533,-23.050375],[-43.07705,-23.051496],[-43.076573,-23.052618],[-43.076102,-23.053741],[-43.075636,-23.054867],[-43.075175,-23.055994],[-43.07472,-23.057124],[-43.07427,-23.058256],[-43.073825,-23.05939],[-43.073385,-23.060527],[-43.07295,-23.061668],[-43.07252,-23.062811],[-43.072095,-23.063957],[-43.071675,-23.065107],[-43.07126,-23.06626],[-43.070849,-23.067417],[-43.070443,-23.068578],[-43.070042,-23.069743],[-43.069645,-23.070913],[-43.069252,-23.072086],[-43.068865,-23.073264],[-43.068481,-23.074447],[-43.068102,-23.075635],[-43.067727,-23.076828],[-43.067356,-23.078025],[-43.06699,-23.07923],[-43.066627,-23.080439],[-43.066269,-23.081655],[-43.065914,-23.082876],[-43.065564,-23.084103],[-43.065217,-23.085337],[-43.064875,-23.086576],[-43.064536,-23.087823],[-43.064201,-23.089076],[-43.06387,-23.090335],[-43.063542,-23.091602],[-43.063219,-23.092876],[-43.062898,-23.094157],[-43.062582,-23.095446],[-43.062269,-23.096742],[-43.061959,-23.098047],[-43.061653,-23.099359],[-43.061351,-23.100679],[-43.061052,-23.102008],[-43.060756,-23.103345],[-43.060464,-23.104691],[-43.060174,-23.106046],[-43.059888,-23.10741],[-43.059606,-23.108783],[-43.059326,-23.110165],[-43.05905,-23.111557],[-43.058777,-23.112958],[-43.058506,-23.11437],[-43.058239,-23.115791],[-43.057975,-23.117223],[-43.057714,-23.118665],[-43.057456,-23.120118],[-43.057275,-23.121165],[-43.057101,-23.122217],[-43.056934,-23.123275],[-43.056774,-23.124339],[-43.05662,-23.125409],[-43.056473,-23.126485],[-43.056333,-23.127567],[-43.056199,-23.128656],[-43.056072,-23.129751],[-43.055952,-23.130853],[-43.055838,-23.131961],[-43.055731,-23.133076],[-43.05563,-23.134198],[-43.055535,-23.135328],[-43.055448,-23.136464],[-43.055367,-23.137608],[-43.055292,-23.138759],[-43.055224,-23.139917],[-43.055162,-23.141084],[-43.055107,-23.142258],[-43.055058,-23.143441],[-43.055016,-23.144633],[-43.05498,-23.145834],[-43.05495,-23.147043],[-43.054927,-23.148262],[-43.054911,-23.149491],[-43.054901,-23.150729],[-43.054897,-23.151978],[-43.054899,-23.153238],[-43.054908,-23.154508],[-43.054924,-23.15579],[-43.054945,-23.157084],[-43.054974,-23.158406],[-43.055009,-23.15974],[-43.055051,-23.161088],[-43.055099,-23.16245],[-43.055154,-23.163828],[-43.055216,-23.165221],[-43.055284,-23.16663],[-43.055359,-23.168058],[-43.055441,-23.169502],[-43.05553,-23.170965],[-43.055625,-23.17245],[-43.055728,-23.173956],[-43.055837,-23.175486],[-43.055954,-23.177042],[-43.056079,-23.178625],[-43.05621,-23.180239],[-43.05647,-23.183252],[-43.056757,-23.186397],[-43.057075,-23.189703],[-43.057428,-23.193227],[-43.057772,-23.196542],[-43.058163,-23.200221],[-43.058564,-23.203917],[-43.059638,-23.213752],[-43.060234,-23.219328],[-43.060546,-23.222328],[-43.06083,-23.225132],[-43.06109,-23.227793],[-43.06133,-23.230339],[-43.061604,-23.23338],[-43.061853,-23.236301],[-43.061968,-23.237724],[-43.062077,-23.239123],[-43.06218,-23.240502],[-43.062278,-23.241861],[-43.06237,-23.243203],[-43.062457,-23.244528],[-43.062539,-23.245836],[-43.062615,-23.247129],[-43.062685,-23.248407],[-43.062751,-23.249671],[-43.062811,-23.250921],[-43.062866,-23.252159],[-43.062928,-23.253696],[-43.062982,-23.255214],[-43.063027,-23.256716],[-43.063065,-23.258201],[-43.063094,-23.25967],[-43.063115,-23.261124],[-43.063129,-23.262563],[-43.063134,-23.263989],[-43.063131,-23.265402],[-43.06312,-23.266802],[-43.063101,-23.26819],[-43.063074,-23.269566],[-43.063039,-23.27093],[-43.062996,-23.272283],[-43.062945,-23.273625],[-43.062886,-23.274957],[-43.062819,-23.27628],[-43.062743,-23.277594],[-43.062659,-23.278897],[-43.062567,-23.280192],[-43.062467,-23.281477],[-43.062359,-23.282753],[-43.062242,-23.284021],[-43.062118,-23.285279],[-43.061985,-23.28653],[-43.061843,-23.287773],[-43.061694,-23.289007],[-43.061536,-23.290234],[-43.061369,-23.291453],[-43.061195,-23.292665],[-43.061012,-23.293869],[-43.06082,-23.295066],[-43.060547,-23.296709],[-43.060266,-23.298358],[-43.059977,-23.30001],[-43.059679,-23.301667],[-43.059374,-23.303329],[-43.059061,-23.304994],[-43.05874,-23.306665],[-43.058411,-23.30834],[-43.058074,-23.310019],[-43.057729,-23.311702],[-43.057376,-23.313391],[-43.057015,-23.315083],[-43.056646,-23.31678],[-43.056269,-23.318482],[-43.055884,-23.320188],[-43.055491,-23.321899],[-43.05509,-23.323614],[-43.054681,-23.325333],[-43.054264,-23.327057],[-43.053839,-23.328786],[-43.053406,-23.330519],[-43.052965,-23.332256],[-43.052516,-23.333999],[-43.052059,-23.335745],[-43.051593,-23.337496],[-43.05112,-23.339252],[-43.050639,-23.341013],[-43.05015,-23.342777],[-43.049653,-23.344547],[-43.049148,-23.346321],[-43.048635,-23.3481],[-43.048114,-23.349883],[-43.047585,-23.35167],[-43.047048,-23.353462],[-43.046503,-23.355259],[-43.045949,-23.35706],[-43.045388,-23.358866],[-43.044819,-23.360677],[-43.044242,-23.362492],[-43.043657,-23.364312],[-43.043063,-23.366137],[-43.042462,-23.367967],[-43.041852,-23.369801],[-43.041235,-23.37164],[-43.040609,-23.373484],[-43.039975,-23.375332],[-43.039333,-23.377186],[-43.038683,-23.379044],[-43.038025,-23.380907],[-43.037359,-23.382775],[-43.036685,-23.384648],[-43.036003,-23.386526],[-43.035312,-23.388408],[-43.034614,-23.390296],[-43.033907,-23.392189],[-43.033192,-23.394087],[-43.032469,-23.39599],[-43.031737,-23.397898],[-43.030998,-23.399811],[-43.03025,-23.401729],[-43.029494,-23.403652],[-43.02873,-23.405581],[-43.027957,-23.407515],[-43.027176,-23.409455],[-43.026434,-23.411282],[-43.025688,-23.413106],[-43.024937,-23.414926],[-43.024181,-23.416742],[-43.02342,-23.418554],[-43.022655,-23.420362],[-43.021885,-23.422166],[-43.02111,-23.423965],[-43.020331,-23.42576],[-43.019548,-23.427551],[-43.01876,-23.429337],[-43.017968,-23.431118],[-43.017171,-23.432895],[-43.01637,-23.434667],[-43.015565,-23.436434],[-43.014756,-23.438196],[-43.013942,-23.439952],[-43.013125,-23.441704],[-43.012303,-23.44345],[-43.011477,-23.445191],[-43.010647,-23.446926],[-43.009813,-23.448656],[-43.008976,-23.45038],[-43.008134,-23.452099],[-43.007289,-23.453812],[-43.006439,-23.455519],[-43.005586,-23.45722],[-43.004729,-23.458915],[-43.003868,-23.460604],[-43.003004,-23.462287],[-43.002136,-23.463964],[-43.001264,-23.465635],[-43.00039,-23.467298],[-42.999511,-23.468955],[-42.998629,-23.470606],[-42.997744,-23.47225],[-42.996855,-23.473888],[-42.995963,-23.475519],[-42.995067,-23.477143],[-42.994168,-23.478761],[-42.993266,-23.480372],[-42.99236,-23.481976],[-42.991452,-23.483573],[-42.990539,-23.485163],[-42.989624,-23.486747],[-42.988706,-23.488323],[-42.987784,-23.489892],[-42.986859,-23.491454],[-42.985932,-23.493008],[-42.985001,-23.494556],[-42.984067,-23.496096],[-42.98313,-23.497629],[-42.98219,-23.499154],[-42.981247,-23.500672],[-42.980302,-23.502182],[-42.979353,-23.503685],[-42.978402,-23.505181],[-42.977448,-23.506668],[-42.97649,-23.508148],[-42.975531,-23.509621],[-42.974568,-23.511085],[-42.973603,-23.512542],[-42.972635,-23.513992],[-42.971664,-23.515433],[-42.971087,-23.516285],[-42.970508,-23.517135],[-42.969345,-23.518833],[-42.968175,-23.520526],[-42.967588,-23.52137],[-42.967,-23.522213],[-42.966409,-23.523055],[-42.965818,-23.523896],[-42.964629,-23.525573],[-42.964032,-23.52641],[-42.963434,-23.527245],[-42.962233,-23.528913],[-42.961025,-23.530575],[-42.95981,-23.532232],[-42.95859,-23.533884],[-42.957363,-23.535532],[-42.956129,-23.537174],[-42.95551,-23.537993],[-42.954889,-23.538811],[-42.953642,-23.540443],[-42.95239,-23.54207],[-42.95113,-23.543692],[-42.949864,-23.545309],[-42.948592,-23.54692],[-42.947314,-23.548527],[-42.946028,-23.550129],[-42.945384,-23.550928],[-42.944737,-23.551726],[-42.943439,-23.553317],[-42.942788,-23.554111],[-42.942135,-23.554904],[-42.940824,-23.556486],[-42.939507,-23.558062],[-42.938183,-23.559634],[-42.936853,-23.5612],[-42.935516,-23.562761],[-42.934173,-23.564318],[-42.933499,-23.565094],[-42.932824,-23.565869],[-42.931468,-23.567415],[-42.930106,-23.568957],[-42.928737,-23.570493],[-42.927362,-23.572024],[-42.926672,-23.572788],[-42.92598,-23.57355],[-42.924592,-23.575071],[-42.923198,-23.576587],[-42.921797,-23.578098],[-42.92039,-23.579604],[-42.918976,-23.581105],[-42.917556,-23.582601],[-42.916129,-23.584092],[-42.914696,-23.585577],[-42.913257,-23.587058],[-42.911811,-23.588534],[-42.910358,-23.590004],[-42.9089,-23.59147],[-42.907434,-23.59293],[-42.905963,-23.594386],[-42.904485,-23.595836],[-42.903743,-23.59656],[-42.903,-23.597282],[-42.901509,-23.598722],[-42.900012,-23.600157],[-42.898508,-23.601588],[-42.896998,-23.603013],[-42.895481,-23.604433],[-42.893958,-23.605848],[-42.892428,-23.607258],[-42.890892,-23.608663],[-42.88935,-23.610063],[-42.888576,-23.610762],[-42.887801,-23.611458],[-42.887024,-23.612154],[-42.886246,-23.612848],[-42.884684,-23.614233],[-42.883116,-23.615613],[-42.882329,-23.616301],[-42.881541,-23.616988],[-42.87996,-23.618358],[-42.878373,-23.619722],[-42.877577,-23.620403],[-42.876779,-23.621082],[-42.875179,-23.622437],[-42.873572,-23.623786],[-42.871959,-23.625131],[-42.870339,-23.62647],[-42.868713,-23.627805],[-42.867081,-23.629134],[-42.865442,-23.630458],[-42.863796,-23.631778],[-42.862144,-23.633092],[-42.860486,-23.634401],[-42.858822,-23.635705],[-42.857151,-23.637004],[-42.855473,-23.638299],[-42.853789,-23.639588],[-42.852099,-23.640872],[-42.850402,-23.64215],[-42.848699,-23.643424],[-42.846989,-23.644693],[-42.845273,-23.645957],[-42.84355,-23.647216],[-42.841821,-23.64847],[-42.840954,-23.649095],[-42.840086,-23.649718],[-42.838344,-23.650962],[-42.836596,-23.652201],[-42.834841,-23.653434],[-42.83308,-23.654663],[-42.831312,-23.655886],[-42.829538,-23.657105],[-42.827758,-23.658318],[-42.825971,-23.659526],[-42.825075,-23.660129],[-42.824177,-23.66073],[-42.823278,-23.661329],[-42.822378,-23.661928],[-42.820571,-23.663121],[-42.818759,-23.664309],[-42.81694,-23.665492],[-42.815114,-23.66667],[-42.813282,-23.667843],[-42.811444,-23.669011],[-42.809599,-23.670174],[-42.807748,-23.671332],[-42.80589,-23.672485],[-42.804026,-23.673633],[-42.802155,-23.674776],[-42.800278,-23.675913],[-42.799338,-23.67648],[-42.798395,-23.677046],[-42.796505,-23.678174],[-42.794609,-23.679296],[-42.793658,-23.679856],[-42.792706,-23.680414],[-42.790797,-23.681526],[-42.788882,-23.682634],[-42.78696,-23.683736],[-42.785031,-23.684834],[-42.783096,-23.685926],[-42.781155,-23.687013],[-42.779207,-23.688096],[-42.777253,-23.689173],[-42.775292,-23.690245],[-42.773325,-23.691312],[-42.771352,-23.692374],[-42.771037,-23.692544]]]}},
{"type":"Feature","properties":{"idhidrovia":200000363,"nome":"Porto de Vitória - Porto de Barra do Riacho","navegacao":"Navegação de Cabotagem","tipo":"Marítimo/oceânico","vel_cional":25.0,"extensao":55.5072,"tempo":"0d 2h 13min","cla_icacao":"Percurso externo","nome_rio":null,"nom_eclusa":null,"jurisdicao":null,"reg_rafica":null,"pro_de_min":null,"pro_de_max":null,"dominio":null,"observacao":null,"snv":null,"fonte":null,"idm_origem":null,"mun_origem":null,"est_origem":null,"idm_estino":null,"mun_estino":null,"est_estino":null,"idantaq":null,"camada sim":"17","Fluxo":36991163.0},"geometry":{"type":"MultiLineString","coordinates":[[[-39.555659,-20.562775],[-39.551694,-20.556741],[-39.547761,-20.550737],[-39.54386,-20.544763],[-39.539991,-20.538816],[-39.536152,-20.532897],[-39.532344,-20.527004],[-39.528565,-20.521137],[-39.524816,-20.515295],[-39.521095,-20.509477],[-39.517403,-20.503683],[-39.513738,-20.497911],[-39.509621,-20.491403],[-39.505542,-20.484931],[-39.501499,-20.478495],[-39.497492,-20.472093],[-39.493521,-20.465725],[-39.489584,-20.459388],[-39.485682,-20.453082],[-39.481813,-20.446806],[-39.477976,-20.440558],[-39.474171,-20.434338],[-39.470398,-20.428146],[-39.466656,-20.421979],[-39.462945,-20.415839],[-39.459264,-20.409723],[-39.455613,-20.403631],[-39.451992,-20.397562],[-39.448181,-20.39115],[-39.444405,-20.384773],[-39.440664,-20.37843],[-39.436957,-20.37212],[-39.433283,-20.36584],[-39.429642,-20.359591],[-39.426033,-20.353372],[-39.422456,-20.347181],[-39.418909,-20.341017],[-39.415393,-20.33488],[-39.411907,-20.328769],[-39.408451,-20.322683],[-39.405024,-20.316621],[-39.401626,-20.310583],[-39.398256,-20.304568],[-39.394915,-20.298576],[-39.391652,-20.2927],[-39.388419,-20.286854],[-39.385216,-20.28104],[-39.382042,-20.275254],[-39.378897,-20.269497],[-39.37578,-20.263767],[-39.37269,-20.258064],[-39.369627,-20.252387],[-39.366591,-20.246734],[-39.363581,-20.241106],[-39.360597,-20.235501],[-39.357639,-20.22992],[-39.354706,-20.22436],[-39.351798,-20.218823],[-39.348915,-20.213306],[-39.346056,-20.207811],[-39.342828,-20.201575],[-39.33963,-20.19537],[-39.336463,-20.189194],[-39.333325,-20.183048],[-39.330218,-20.176929],[-39.327139,-20.170837],[-39.324089,-20.164772],[-39.321067,-20.158732],[-39.318073,-20.152716],[-39.315107,-20.146725],[-39.312167,-20.140757],[-39.309255,-20.134812],[-39.30637,-20.128889],[-39.303511,-20.122988],[-39.300678,-20.117108],[-39.297871,-20.111249],[-39.295125,-20.105487],[-39.292408,-20.09976],[-39.289721,-20.094066],[-39.287062,-20.088404],[-39.284431,-20.082773],[-39.281827,-20.077172],[-39.27925,-20.0716],[-39.2767,-20.066056],[-39.274176,-20.060539],[-39.271678,-20.055049],[-39.269205,-20.049584],[-39.266757,-20.044144],[-39.264334,-20.038729],[-39.261935,-20.033337],[-39.259561,-20.027967],[-39.257211,-20.022621],[-39.255315,-20.018285],[-39.253431,-20.013959],[-39.251559,-20.009643],[-39.249699,-20.005336],[-39.247851,-20.00104],[-39.246015,-19.996752],[-39.244192,-19.992474],[-39.24238,-19.988205],[-39.24058,-19.983946],[-39.238791,-19.979695],[-39.237015,-19.975452],[-39.23525,-19.971219],[-39.233496,-19.966994],[-39.231755,-19.962777],[-39.230024,-19.958569],[-39.228306,-19.954369],[-39.226598,-19.950177],[-39.224902,-19.945993],[-39.223217,-19.941816],[-39.22227,-19.939456]]]}},
{"type":"Feature","properties":{"idhidrovia":200000364,"nome":"Acesso ao Porto de Vitória","navegacao":"Navegação de Cabotagem","tipo":"Marítimo/oceânico","vel_cional":15.0,"extensao":1.0,"tempo":"0d 0h 4min","cla_icacao":"Acesso simples","nome_rio":null,"nom_eclusa":null,"jurisdicao":null,"reg_rafica":null,"pro_de_min":null,"pro_de_max":null,"dominio":null,"observacao":null,"snv":null,"fonte":null,"idm_origem":"BR320530","mun_origem":"Vitória","est_origem":"ES","idm_estino":null,"mun_estino":null,"est_estino":null,"idantaq":null,"camada sim":"18","Fluxo":11317197.0},"geometry":{"type":"MultiLineString","coordinates":[[[-40.339876,-20.322099],[-40.339846,-20.322174],[-40.339814,-20.322247],[-40.339782,-20.322317],[-40.339748,-20.322386],[-40.339713,-20.322452],[-40.339677,-20.322516],[-40.339639,-20.322578],[-40.339601,-20.322637],[-40.339561,-20.322694],[-40.33952,-20.32275],[-40.339478,-20.322803],[-40.339434,-20.322853],[-40.33939,-20.322902],[-40.339344,-20.322948],[-40.339297,-20.322993],[-40.339249,-20.323035],[-40.339214,-20.323062],[-40.339178,-20.323088],[-40.33914,-20.323112],[-40.339101,-20.323134],[-40.339061,-20.323154],[-40.339018,-20.323173],[-40.338974,-20.32319],[-40.338929,-20.323205],[-40.338882,-20.323219],[-40.338833,-20.323231],[-40.338782,-20.323241],[-40.33873,-20.323249],[-40.338676,-20.323256],[-40.338619,-20.323262],[-40.3385,-20.323267],[-40.338409,-20.323267],[-40.338313,-20.323264],[-40.33821,-20.323258],[-40.338099,-20.323248],[-40.337984,-20.323235],[-40.337855,-20.323218],[-40.337345,-20.323142],[-40.337129,-20.323114],[-40.337014,-20.323101],[-40.336907,-20.323092],[-40.336808,-20.323087],[-40.336715,-20.323085],[-40.336356,-20.323081],[-40.33599,-20.323073],[-40.335617,-20.32306],[-40.335235,-20.323044],[-40.334844,-20.323023],[-40.334442,-20.322997],[-40.334027,-20.322968],[-40.333597,-20.322933],[-40.333197,-20.322898],[-40.33278,-20.322859],[-40.33234,-20.322816],[-40.331869,-20.322766],[-40.331033,-20.322675],[-40.329422,-20.322491],[-40.328759,-20.322417],[-40.328509,-20.322389],[-40.328255,-20.322357],[-40.327996,-20.322324],[-40.327731,-20.322287],[-40.327459,-20.322248],[-40.32718,-20.322206],[-40.326592,-20.322111],[-40.326061,-20.32202],[-40.325472,-20.321915],[-40.324893,-20.321808],[-40.32341,-20.321531],[-40.322593,-20.321383],[-40.322161,-20.321308],[-40.321756,-20.321241],[-40.321371,-20.32118],[-40.321002,-20.321124],[-40.32057,-20.321064],[-40.320155,-20.321011],[-40.319752,-20.320964],[-40.31936,-20.320925],[-40.318978,-20.320892],[-40.318604,-20.320865],[-40.318237,-20.320845],[-40.317878,-20.32083],[-40.317647,-20.320822],[-40.317035,-20.320794],[-40.316853,-20.320788],[-40.31669,-20.320785],[-40.316505,-20.320785],[-40.316332,-20.320789],[-40.316169,-20.320797],[-40.316013,-20.32081],[-40.31591,-20.320821],[-40.315806,-20.320836],[-40.315699,-20.320854],[-40.315591,-20.320876],[-40.315481,-20.320901],[-40.315368,-20.320929],[-40.315252,-20.320962],[-40.315133,-20.320998],[-40.315022,-20.321033],[-40.314908,-20.321073],[-40.31466,-20.321163],[-40.314409,-20.321261],[-40.31393,-20.321455],[-40.313733,-20.321533],[-40.313528,-20.321611],[-40.313343,-20.321677],[-40.313131,-20.321747],[-40.31303,-20.321778],[-40.312931,-20.321806],[-40.312835,-20.321832],[-40.31274,-20.321854],[-40.312648,-20.321875],[-40.312556,-20.321893],[-40.312312,-20.321935],[-40.312056,-20.321972],[-40.311785,-20.322005],[-40.311497,-20.322035],[-40.31121,-20.32206],[-40.310891,-20.322083],[-40.310571,-20.322103],[-40.309884,-20.322143],[-40.309498,-20.322163],[-40.309095,-20.322179],[-40.308672,-20.322189],[-40.308219,-20.322195],[-40.307789,-20.322196],[-40.307307,-20.322194],[-40.30557,-20.322176],[-40.305223,-20.322171],[-40.304869,-20.322163],[-40.304507,-20.322152],[-40.304137,-20.322138],[-40.303757,-20.32212],[-40.303365,-20.322098],[-40.302961,-20.322073],[-40.30254,-20.322045],[-40.301817,-20.32199],[-40.301013,-20.321922],[-40.300238,-20.321852],[-40.29834,-20.321677],[-40.297346,-20.32159],[-40.296839,-20.321549],[-40.296364,-20.321513],[-40.295911,-20.321482],[-40.295477,-20.321455],[-40.295005,-20.32143],[-40.294549,-20.32141],[-40.294108,-20.321394],[-40.293677,-20.321384],[-40.293257,-20.321379],[-40.292847,-20.321378],[-40.292444,-20.321382],[-40.292049,-20.321392],[-40.291801,-20.321401],[-40.291541,-20.321417],[-40.291268,-20.321438],[-40.290977,-20.321464],[-40.290707,-20.321492],[-40.290408,-20.321526],[-40.289327,-20.321659],[-40.288888,-20.32171],[-40.288653,-20.321735],[-40.288433,-20.321756],[-40.288225,-20.321774],[-40.288025,-20.321789],[-40.287788,-20.321803],[-40.28756,-20.321812],[-40.28734,-20.321817],[-40.287126,-20.321817],[-40.286918,-20.321814],[-40.286715,-20.321805],[-40.286517,-20.321792],[-40.286322,-20.321775],[-40.286002,-20.321741],[-40.285718,-20.321707],[-40.285455,-20.321672],[-40.28521,-20.321635],[-40.284974,-20.321594],[-40.284751,-20.321551],[-40.284537,-20.321504],[-40.284332,-20.321453],[-40.284207,-20.321419],[-40.284081,-20.321381],[-40.283953,-20.321339],[-40.283823,-20.321293],[-40.283691,-20.321242],[-40.283555,-20.321187],[-40.283416,-20.321127],[-40.283272,-20.321063],[-40.283027,-20.320945],[-40.282756,-20.320808],[-40.282495,-20.320671],[-40.281856,-20.320329],[-40.281678,-20.320236],[-40.281517,-20.320154],[-40.281342,-20.320067],[-40.281177,-20.319989],[-40.28102,-20.319918],[-40.280867,-20.319853],[-40.280476,-20.319693],[-40.280075,-20.319536],[-40.279664,-20.319381],[-40.279242,-20.319228],[-40.278809,-20.319076],[-40.278363,-20.318924],[-40.277903,-20.318774],[-40.277426,-20.318623],[-40.276955,-20.318478],[-40.276463,-20.318331],[-40.275947,-20.318182],[-40.275398,-20.318026],[-40.274843,-20.317872],[-40.274228,-20.317705],[-40.272459,-20.317233],[-40.27188,-20.31708],[-40.271294,-20.31693],[-40.270702,-20.316781],[-40.270104,-20.316635],[-40.269768,-20.316555],[-40.269424,-20.316475],[-40.269073,-20.316397],[-40.268712,-20.316319],[-40.268343,-20.316242],[-40.267962,-20.316164],[-40.267569,-20.316087],[-40.26716,-20.316008],[-40.266424,-20.315872],[-40.265606,-20.315727],[-40.264796,-20.315587],[-40.262688,-20.315228],[-40.261517,-20.315021],[-40.260893,-20.314907],[-40.26031,-20.314796],[-40.259757,-20.314687],[-40.259229,-20.314577],[-40.258469,-20.314415],[-40.257676,-20.314242],[-40.256844,-20.314057],[-40.255957,-20.313856],[-40.254173,-20.313444],[-40.250766,-20.312645],[-40.24963,-20.312377],[-40.248471,-20.312099],[-40.247288,-20.31181],[-40.246076,-20.31151],[-40.244835,-20.311198],[-40.243557,-20.310872],[-40.242235,-20.31053],[-40.240862,-20.310171],[-40.238529,-20.309554],[-40.235932,-20.308856],[-40.233454,-20.308183],[-40.227538,-20.306571],[-40.224548,-20.305763],[-40.221696,-20.305002],[-40.219111,-20.304326],[-40.217861,-20.304004],[-40.216648,-20.303696],[-40.215468,-20.3034],[-40.214316,-20.303115],[-40.213188,-20.30284],[-40.212083,-20.302575],[-40.210998,-20.30232],[-40.209931,-20.302073],[-40.207329,-20.301476],[-40.205821,-20.301134],[-40.204406,-20.300821],[-40.203125,-20.300546],[-40.202077,-20.300327],[-40.20107,-20.30012],[-40.200097,-20.299924],[-40.199152,-20.299737],[-40.198231,-20.299559],[-40.197332,-20.29939],[-40.196452,-20.299228],[-40.19559,-20.299073],[-40.194683,-20.298915],[-40.193783,-20.298762],[-40.19289,-20.298614],[-40.192002,-20.298471],[-40.191121,-20.298333],[-40.190246,-20.2982],[-40.189376,-20.298071],[-40.188511,-20.297948],[-40.187849,-20.297856],[-40.187162,-20.297765],[-40.185697,-20.297578],[-40.184077,-20.297383],[-40.18203,-20.297146],[-40.180278,-20.296951],[-40.178489,-20.296762],[-40.176658,-20.29658],[-40.17478,-20.296402],[-40.172852,-20.29623],[-40.170863,-20.296061],[-40.168803,-20.295896],[-40.166657,-20.295733],[-40.164545,-20.295583],[-40.162376,-20.295441],[-40.160143,-20.295308],[-40.157835,-20.295182],[-40.155449,-20.295063],[-40.152954,-20.29495],[-40.150325,-20.294842],[-40.147511,-20.294736],[-40.145322,-20.294662],[-40.143055,-20.294597],[-40.140694,-20.294539],[-40.138215,-20.294489],[-40.135645,-20.294447],[-40.132868,-20.294409],[-40.12981,-20.294376],[-40.12606,-20.294342],[-40.122658,-20.29432],[-40.119231,-20.294308],[-40.115778,-20.294308],[-40.112298,-20.294318],[-40.10879,-20.29434],[-40.105252,-20.294374],[-40.101685,-20.294418],[-40.098086,-20.294473],[-40.093726,-20.294553],[-40.089813,-20.294638],[-40.08617,-20.294731],[-40.082732,-20.294836],[-40.078902,-20.29497],[-40.075031,-20.295125],[-40.071117,-20.295299],[-40.067158,-20.295493],[-40.063274,-20.2957],[-40.059348,-20.295928],[-40.055378,-20.296176],[-40.051362,-20.296444],[-40.047423,-20.296725],[-40.043441,-20.297026],[-40.039414,-20.297348],[-40.035338,-20.297691],[-40.031344,-20.298044],[-40.027306,-20.298419],[-40.02322,-20.298815],[-40.019084,-20.299233],[-40.015052,-20.299658],[-40.010962,-20.300105],[-40.006811,-20.300576],[-40.002593,-20.301071],[-39.999118,-20.301492],[-39.995592,-20.301933],[-39.992014,-20.302392],[-39.988378,-20.302871],[-39.98468,-20.303371],[-39.980913,-20.303892],[-39.977071,-20.304435],[-39.973143,-20.305002],[-39.968668,-20.305662],[-39.964343,-20.306315],[-39.960147,-20.306965],[-39.956063,-20.307614],[-39.951813,-20.308305],[-39.948011,-20.308937],[-39.944479,-20.309539],[-39.941151,-20.310122],[-39.937412,-20.310796],[-39.933922,-20.31144],[-39.932247,-20.311756],[-39.930613,-20.312068],[-39.929015,-20.312378],[-39.92745,-20.312687],[-39.924598,-20.31326],[-39.921779,-20.31384],[-39.91899,-20.314427],[-39.916231,-20.315021],[-39.914455,-20.315411],[-39.912656,-20.315812],[-39.910834,-20.316225],[-39.908986,-20.316649],[-39.907111,-20.317085],[-39.905207,-20.317534],[-39.90327,-20.317996],[-39.901297,-20.318473],[-39.897964,-20.319291],[-39.894625,-20.320129],[-39.891278,-20.320986],[-39.887925,-20.321863],[-39.884591,-20.322752],[-39.881256,-20.32366],[-39.877919,-20.324586],[-39.874579,-20.32553],[-39.871444,-20.326433],[-39.868199,-20.327385],[-39.864824,-20.328393],[-39.861282,-20.329466],[-39.857948,-20.33049],[-39.854704,-20.331502],[-39.851538,-20.332503],[-39.848445,-20.333497],[-39.845254,-20.334535],[-39.842391,-20.33548],[-39.839729,-20.336372],[-39.838458,-20.336804],[-39.837221,-20.337228],[-39.834405,-20.338204],[-39.831783,-20.339128],[-39.830527,-20.339577],[-39.829302,-20.340019],[-39.828105,-20.340454],[-39.826934,-20.340884],[-39.82573,-20.341332],[-39.824528,-20.341782],[-39.823329,-20.342234],[-39.822133,-20.34269],[-39.82094,-20.343149],[-39.81975,-20.34361],[-39.818563,-20.344074],[-39.81738,-20.344541],[-39.816156,-20.345029],[-39.814919,-20.345526],[-39.813668,-20.346033],[-39.812402,-20.346551],[-39.811121,-20.34708],[-39.809822,-20.347621],[-39.808504,-20.348173],[-39.807166,-20.348739],[-39.805893,-20.349281],[-39.804624,-20.349826],[-39.803357,-20.350374],[-39.802094,-20.350925],[-39.800834,-20.351478],[-39.799577,-20.352035],[-39.798324,-20.352594],[-39.797073,-20.353156],[-39.795815,-20.353726],[-39.79456,-20.354299],[-39.793311,-20.354874],[-39.792065,-20.355451],[-39.790824,-20.35603],[-39.789588,-20.356612],[-39.788356,-20.357195],[-39.787129,-20.357781],[-39.785703,-20.358468],[-39.784293,-20.359151],[-39.782901,-20.359832],[-39.781525,-20.360511],[-39.780164,-20.361188],[-39.778818,-20.361863],[-39.777487,-20.362537],[-39.776169,-20.363209],[-39.774968,-20.363827],[-39.773769,-20.364449],[-39.772573,-20.365074],[-39.771379,-20.365702],[-39.770188,-20.366334],[-39.769,-20.366969],[-39.767814,-20.367608],[-39.766631,-20.368249],[-39.765454,-20.368892],[-39.764271,-20.369543],[-39.763083,-20.370202],[-39.761888,-20.37087],[-39.760688,-20.371545],[-39.759481,-20.372229],[-39.758267,-20.372922],[-39.757046,-20.373624],[-39.755864,-20.374308],[-39.754676,-20.375],[-39.753482,-20.375701],[-39.752282,-20.376409],[-39.751075,-20.377127],[-39.749862,-20.377853],[-39.748642,-20.378588],[-39.747415,-20.379333],[-39.746227,-20.380058],[-39.745034,-20.380791],[-39.743834,-20.381533],[-39.742628,-20.382284],[-39.741416,-20.383043],[-39.740197,-20.383811],[-39.738971,-20.384589],[-39.737738,-20.385376],[-39.736544,-20.386142],[-39.735345,-20.386917],[-39.73414,-20.3877],[-39.732928,-20.388493],[-39.73171,-20.389294],[-39.730485,-20.390104],[-39.729253,-20.390925],[-39.728014,-20.391754],[-39.726815,-20.392562],[-39.72561,-20.393378],[-39.724399,-20.394203],[-39.723181,-20.395037],[-39.721957,-20.39588],[-39.720726,-20.396733],[-39.719488,-20.397596],[-39.718242,-20.398468],[-39.717035,-20.399318],[-39.715823,-20.400176],[-39.714605,-20.401043],[-39.713381,-20.40192],[-39.712151,-20.402805],[-39.710914,-20.4037],[-39.709671,-20.404604],[-39.70842,-20.405519],[-39.705784,-20.407459],[-39.704531,-20.408389],[-39.703314,-20.409297],[-39.702127,-20.410188],[-39.700969,-20.411062],[-39.699837,-20.411922],[-39.698729,-20.412769],[-39.697623,-20.41362],[-39.696531,-20.414464],[-39.695452,-20.415303],[-39.694387,-20.416137],[-39.693333,-20.416965],[-39.692292,-20.417789],[-39.691263,-20.418608],[-39.690245,-20.419423],[-39.689206,-20.420261],[-39.688159,-20.42111],[-39.687102,-20.421971],[-39.686037,-20.422846],[-39.684961,-20.423734],[-39.683874,-20.424636],[-39.682776,-20.425553],[-39.681665,-20.426486],[-39.680617,-20.42737],[-39.679559,-20.428268],[-39.678491,-20.42918],[-39.677411,-20.430107],[-39.67632,-20.43105],[-39.675214,-20.432009],[-39.674094,-20.432986],[-39.672958,-20.433982],[-39.671762,-20.435036],[-39.670554,-20.436108],[-39.669331,-20.437198],[-39.668095,-20.438307],[-39.666842,-20.439438],[-39.665571,-20.44059],[-39.664281,-20.441766],[-39.662969,-20.442969],[-39.661891,-20.443961],[-39.660799,-20.444972],[-39.659693,-20.446001],[-39.65857,-20.44705],[-39.65627,-20.449214],[-39.653881,-20.45148],[-39.651667,-20.453598],[-39.649377,-20.455809],[-39.646991,-20.458129],[-39.64448,-20.460591],[-39.643023,-20.462027],[-39.641544,-20.463492],[-39.640043,-20.464986],[-39.638517,-20.466513],[-39.636963,-20.468075],[-39.635376,-20.469676],[-39.633753,-20.471321],[-39.632088,-20.473015],[-39.629304,-20.475862],[-39.62674,-20.478501],[-39.624331,-20.481],[-39.623175,-20.482207],[-39.622047,-20.48339],[-39.619622,-20.48595],[-39.617241,-20.488484],[-39.614903,-20.490995],[-39.613749,-20.492242],[-39.612605,-20.493484],[-39.611438,-20.494756],[-39.610273,-20.496032],[-39.607951,-20.498591],[-39.605639,-20.501163],[-39.603338,-20.503745],[-39.601337,-20.506009],[-39.599343,-20.508282],[-39.597357,-20.510564],[-39.595378,-20.512856],[-39.593407,-20.515156],[-39.591444,-20.517464],[-39.589489,-20.519782],[-39.587541,-20.522108],[-39.585715,-20.524307],[-39.58387,-20.526545],[-39.582005,-20.528827],[-39.580117,-20.531153],[-39.578205,-20.533528],[-39.576264,-20.535955],[-39.57429,-20.538438],[-39.57228,-20.540985],[-39.570167,-20.543681],[-39.569115,-20.545032],[-39.568065,-20.546385],[-39.565972,-20.549097],[-39.564929,-20.550456],[-39.563889,-20.551817],[-39.561817,-20.554544],[-39.560784,-20.555911],[-39.559754,-20.55728],[-39.557701,-20.560023],[-39.555659,-20.562775]]]}},
{"type":"Feature","properties":{"idhidrovia":200000366,"nome":"Acesso ao Porto de Barra do Riacho","navegacao":"Navegação de Cabotagem","tipo":"Marítimo/oceânico","vel_cional":15.0,"extensao":1.0,"tempo":"0d 0h 4min","cla_icacao":"Acesso simples","nome_rio":null,"nom_eclusa":null,"jurisdicao":null,"reg_rafica":null,"pro_de_min":null,"pro_de_max":null,"dominio":null,"observacao":null,"snv":null,"fonte":null,"idm_origem":"BR320060","mun_origem":"Aracruz","est_origem":"ES","idm_estino":null,"mun_estino":null,"est_estino":null,"idantaq":null,"camada sim":"19","Fluxo":1196279.0},"geometry":{"type":"MultiLineString","coordinates":[[[-40.060051,-19.837492],[-40.060033,-19.837689],[-40.060009,-19.837884],[-40.059979,-19.838077],[-40.059943,-19.838268],[-40.059901,-19.838457],[-40.059852,-19.838644],[-40.059798,-19.838829],[-40.059737,-19.839012],[-40.059698,-19.83912],[-40.059653,-19.839232],[-40.059603,-19.839348],[-40.059547,-19.83947],[-40.059488,-19.839594],[-40.05942,-19.839729],[-40.059224,-19.840104],[-40.0591,-19.840337],[-40.058976,-19.840561],[-40.058851,-19.840778],[-40.058726,-19.840988],[-40.058601,-19.841191],[-40.058474,-19.841388],[-40.058347,-19.841578],[-40.058219,-19.841762],[-40.058089,-19.84194],[-40.057958,-19.842112],[-40.057826,-19.842279],[-40.057693,-19.842439],[-40.057558,-19.842594],[-40.057422,-19.842743],[-40.057284,-19.842887],[-40.057145,-19.843025],[-40.056961,-19.843202],[-40.056821,-19.843333],[-40.056693,-19.843449],[-40.056573,-19.843552],[-40.056455,-19.843649],[-40.056341,-19.843737],[-40.056229,-19.843816],[-40.056119,-19.843889],[-40.056016,-19.843951],[-40.055905,-19.844012],[-40.055788,-19.844073],[-40.05566,-19.844133],[-40.05553,-19.844191],[-40.055383,-19.844253],[-40.054958,-19.844422],[-40.05486,-19.844459],[-40.054759,-19.844494],[-40.054654,-19.844526],[-40.054547,-19.844557],[-40.054435,-19.844585],[-40.054319,-19.844611],[-40.054198,-19.844636],[-40.054072,-19.844659],[-40.053853,-19.844693],[-40.053608,-19.844725],[-40.053372,-19.844752],[-40.052798,-19.844812],[-40.052504,-19.844847],[-40.052358,-19.844867],[-40.052221,-19.844889],[-40.052092,-19.844911],[-40.051969,-19.844936],[-40.051841,-19.844964],[-40.051718,-19.844995],[-40.051599,-19.845028],[-40.051486,-19.845064],[-40.051376,-19.845103],[-40.05127,-19.845144],[-40.051167,-19.845189],[-40.051068,-19.845236],[-40.050979,-19.845282],[-40.050886,-19.845332],[-40.05079,-19.845387],[-40.050687,-19.845448],[-40.050507,-19.845559],[-40.050159,-19.845781],[-40.050015,-19.845871],[-40.049702,-19.846067],[-40.049389,-19.846269],[-40.049075,-19.846476],[-40.048761,-19.84669],[-40.048446,-19.846909],[-40.048131,-19.847135],[-40.047814,-19.847367],[-40.047496,-19.847606],[-40.047177,-19.847851],[-40.046855,-19.848104],[-40.046532,-19.848363],[-40.046206,-19.84863],[-40.045876,-19.848905],[-40.045543,-19.849188],[-40.045206,-19.849481],[-40.044864,-19.849782],[-40.044588,-19.85003],[-40.044307,-19.850284],[-40.044022,-19.850546],[-40.043731,-19.850816],[-40.043433,-19.851095],[-40.043129,-19.851384],[-40.042815,-19.851684],[-40.042489,-19.851999],[-40.041935,-19.85254],[-40.04132,-19.853146],[-40.040732,-19.853732],[-40.039301,-19.85516],[-40.038555,-19.855899],[-40.037821,-19.856618],[-40.03748,-19.856948],[-40.037152,-19.857262],[-40.036801,-19.857595],[-40.036461,-19.857915],[-40.036128,-19.858223],[-40.035802,-19.85852],[-40.035483,-19.858808],[-40.035168,-19.859088],[-40.034857,-19.859359],[-40.034551,-19.859623],[-40.032683,-19.861208],[-40.030825,-19.86277],[-40.028976,-19.864309],[-40.027136,-19.865826],[-40.025303,-19.867322],[-40.023478,-19.868796],[-40.02166,-19.870249],[-40.019848,-19.871682],[-40.017973,-19.873149],[-40.016096,-19.874603],[-40.014218,-19.876042],[-40.012338,-19.877468],[-40.010456,-19.878879],[-40.008573,-19.880277],[-40.006689,-19.88166],[-40.004804,-19.883029],[-40.002891,-19.884403],[-40.000975,-19.885765],[-39.999056,-19.887114],[-39.997133,-19.88845],[-39.995209,-19.889773],[-39.993281,-19.891083],[-39.991351,-19.89238],[-39.989419,-19.893664],[-39.988353,-19.894366],[-39.987288,-19.895064],[-39.986221,-19.895758],[-39.985154,-19.896447],[-39.984087,-19.897133],[-39.983019,-19.897815],[-39.981951,-19.898492],[-39.980883,-19.899166],[-39.97975,-19.899876],[-39.978634,-19.90057],[-39.977536,-19.901249],[-39.976452,-19.901915],[-39.975382,-19.902568],[-39.974325,-19.903209],[-39.97328,-19.903838],[-39.972245,-19.904455],[-39.969986,-19.905791],[-39.96895,-19.906398],[-39.967958,-19.906975],[-39.966996,-19.907529],[-39.966064,-19.908061],[-39.965157,-19.908575],[-39.964271,-19.909071],[-39.963309,-19.909605],[-39.962343,-19.910136],[-39.961372,-19.910664],[-39.960398,-19.91119],[-39.959419,-19.911713],[-39.958436,-19.912233],[-39.957449,-19.912751],[-39.956457,-19.913266],[-39.955477,-19.91377],[-39.954489,-19.914274],[-39.953493,-19.914776],[-39.95249,-19.915278],[-39.951478,-19.915779],[-39.950457,-19.916279],[-39.949429,-19.916779],[-39.948392,-19.917278],[-39.947381,-19.917759],[-39.946363,-19.91824],[-39.945335,-19.91872],[-39.9443,-19.919199],[-39.943255,-19.919678],[-39.942202,-19.920156],[-39.941139,-19.920633],[-39.940067,-19.92111],[-39.939025,-19.92157],[-39.937975,-19.922028],[-39.936915,-19.922486],[-39.935847,-19.922943],[-39.934768,-19.923399],[-39.93368,-19.923856],[-39.932582,-19.924312],[-39.931474,-19.924768],[-39.930401,-19.925205],[-39.929318,-19.925641],[-39.928225,-19.926077],[-39.927123,-19.926513],[-39.92601,-19.926948],[-39.924886,-19.927383],[-39.923752,-19.927818],[-39.922606,-19.928253],[-39.921498,-19.928669],[-39.92038,-19.929085],[-39.919253,-19.9295],[-39.918115,-19.929914],[-39.916966,-19.930329],[-39.915807,-19.930742],[-39.914636,-19.931156],[-39.913454,-19.93157],[-39.911544,-19.932229],[-39.909599,-19.932888],[-39.907617,-19.933548],[-39.905595,-19.934211],[-39.904422,-19.93459],[-39.903237,-19.934969],[-39.902041,-19.935347],[-39.900834,-19.935725],[-39.899613,-19.936103],[-39.89838,-19.936481],[-39.895872,-19.937238],[-39.894663,-19.937597],[-39.893441,-19.937956],[-39.890957,-19.938674],[-39.888416,-19.939393],[-39.885811,-19.940115],[-39.883295,-19.940797],[-39.880723,-19.941479],[-39.878088,-19.942163],[-39.875383,-19.942851],[-39.872918,-19.943464],[-39.870395,-19.944078],[-39.867807,-19.944695],[-39.865146,-19.945317],[-39.862628,-19.945894],[-39.860043,-19.946473],[-39.857383,-19.947057],[-39.854637,-19.947648],[-39.85163,-19.94828],[-39.848509,-19.948921],[-39.845254,-19.949573],[-39.841826,-19.950245],[-39.839164,-19.950755],[-39.836439,-19.951266],[-39.833643,-19.951779],[-39.830767,-19.952296],[-39.827804,-19.952818],[-39.824733,-19.953349],[-39.821532,-19.953892],[-39.818167,-19.954454],[-39.815538,-19.954885],[-39.81283,-19.955319],[-39.81003,-19.95576],[-39.80712,-19.956209],[-39.804101,-19.956667],[-39.800913,-19.957143],[-39.797505,-19.957645],[-39.793757,-19.958189],[-39.789813,-19.958751],[-39.785438,-19.959358],[-39.780862,-19.95998],[-39.772301,-19.961132],[-39.760423,-19.962731],[-39.751948,-19.963863],[-39.744269,-19.964875],[-39.737256,-19.965784],[-39.730424,-19.966652],[-39.72395,-19.967455],[-39.717751,-19.968204],[-39.71178,-19.968903],[-39.702727,-19.969943],[-39.699463,-19.970311],[-39.696499,-19.970639],[-39.693589,-19.970954],[-39.690838,-19.971244],[-39.688207,-19.971514],[-39.685677,-19.971764],[-39.682418,-19.972076],[-39.679097,-19.972382],[-39.675711,-19.972685],[-39.67225,-19.972984],[-39.667812,-19.973352],[-39.663286,-19.973709],[-39.658663,-19.974056],[-39.653932,-19.974394],[-39.650554,-19.974624],[-39.647133,-19.974847],[-39.643666,-19.975063],[-39.640149,-19.975273],[-39.636579,-19.975476],[-39.632953,-19.975673],[-39.629264,-19.975864],[-39.625509,-19.976049],[-39.621396,-19.976241],[-39.617224,-19.976422],[-39.61299,-19.976592],[-39.608688,-19.976753],[-39.604315,-19.976904],[-39.599862,-19.977045],[-39.595322,-19.977176],[-39.590687,-19.977298],[-39.586561,-19.977397],[-39.582486,-19.977485],[-39.578458,-19.977562],[-39.574475,-19.977628],[-39.570534,-19.977684],[-39.566634,-19.977728],[-39.562772,-19.977762],[-39.558948,-19.977786],[-39.555127,-19.977799],[-39.551329,-19.977802],[-39.547555,-19.977797],[-39.543803,-19.977781],[-39.540073,-19.977756],[-39.536365,-19.977722],[-39.532677,-19.977678],[-39.52901,-19.977625],[-39.525269,-19.97756],[-39.521529,-19.977486],[-39.517788,-19.977402],[-39.514047,-19.977308],[-39.510306,-19.977204],[-39.506566,-19.97709],[-39.502826,-19.976967],[-39.499086,-19.976833],[-39.495009,-19.976677],[-39.490932,-19.976508],[-39.486854,-19.976328],[-39.482775,-19.976136],[-39.478696,-19.975932],[-39.474617,-19.975717],[-39.470537,-19.97549],[-39.466458,-19.975251],[-39.462385,-19.975],[-39.45831,-19.974738],[-39.454235,-19.974464],[-39.450158,-19.974178],[-39.446081,-19.973881],[-39.442003,-19.973572],[-39.437925,-19.97325],[-39.433846,-19.972917],[-39.430455,-19.972632],[-39.427063,-19.972338],[-39.423669,-19.972035],[-39.420274,-19.971725],[-39.416877,-19.971406],[-39.41348,-19.971079],[-39.410082,-19.970743],[-39.406682,-19.9704],[-39.402615,-19.969978],[-39.398547,-19.969544],[-39.394476,-19.969098],[-39.390404,-19.96864],[-39.38633,-19.968171],[-39.382255,-19.967689],[-39.378179,-19.967196],[-39.374101,-19.96669],[-39.370716,-19.966262],[-39.367329,-19.965825],[-39.363939,-19.965379],[-39.360548,-19.964925],[-39.357154,-19.964463],[-39.353759,-19.963992],[-39.350361,-19.963513],[-39.346962,-19.963026],[-39.342902,-19.962432],[-39.338839,-19.961827],[-39.334773,-19.961209],[-39.330705,-19.96058],[-39.326635,-19.959938],[-39.322563,-19.959284],[-39.318488,-19.958618],[-39.314411,-19.95794],[-39.311032,-19.957369],[-39.30765,-19.956789],[-39.304265,-19.956201],[-39.300877,-19.955604],[-39.297486,-19.954998],[-39.294093,-19.954383],[-39.290697,-19.95376],[-39.287298,-19.953129],[-39.28325,-19.952366],[-39.279197,-19.95159],[-39.275139,-19.950801],[-39.271077,-19.95],[-39.267009,-19.949186],[-39.262936,-19.948359],[-39.258859,-19.947519],[-39.254777,-19.946667],[-39.250706,-19.945805],[-39.248671,-19.94537],[-39.246636,-19.944932],[-39.242569,-19.944048],[-39.240537,-19.943601],[-39.238505,-19.943152],[-39.234442,-19.942245],[-39.230382,-19.941327],[-39.226325,-19.940397],[-39.22227,-19.939456]]]}},
{"type":"Feature","properties":{"idhidrovia":200000368,"nome":"Porto de Ilhéus - Porto de Salvador","navegacao":"Navegação de Cabotagem","tipo":"Marítimo/oceânico","vel_cional":25.0,"extensao":204.1536,"tempo":"0d 8h 9min","cla_icacao":"Percurso externo","nome_rio":null,"nom_eclusa":null,"jurisdicao":null,"reg_rafica":null,"pro_de_min":null,"pro_de_max":null,"dominio":null,"observacao":null,"snv":null,"fonte":null,"idm_origem":null,"mun_origem":null,"est_origem":null,"idm_estino":null,"mun_estino":null,"est_estino":null,"idantaq":null,"camada sim":"20","Fluxo":37039446.0},"geometry":{"type":"MultiLineString","coordinates":[[[-38.411023,-14.685694],[-38.411068,-14.683441],[-38.411116,-14.680732],[-38.411159,-14.677942],[-38.411196,-14.675058],[-38.411228,-14.672061],[-38.41127,-14.666792],[-38.411301,-14.660918],[-38.41132,-14.655316],[-38.411353,-14.642004],[-38.411379,-14.635329],[-38.411418,-14.626417],[-38.411443,-14.617467],[-38.411455,-14.608479],[-38.411452,-14.599453],[-38.411435,-14.590388],[-38.411405,-14.581282],[-38.41136,-14.572135],[-38.411302,-14.562946],[-38.41123,-14.553714],[-38.411143,-14.544439],[-38.411043,-14.535118],[-38.410929,-14.525752],[-38.410801,-14.516338],[-38.410659,-14.506876],[-38.410503,-14.497364],[-38.410333,-14.487801],[-38.410149,-14.478193],[-38.40995,-14.468532],[-38.409738,-14.458815],[-38.409512,-14.449042],[-38.409272,-14.439211],[-38.409017,-14.429319],[-38.408748,-14.419365],[-38.408465,-14.409348],[-38.408167,-14.399266],[-38.407856,-14.389116],[-38.407529,-14.378895],[-38.407188,-14.368601],[-38.406832,-14.358231],[-38.406462,-14.347783],[-38.406077,-14.337254],[-38.405677,-14.326639],[-38.404671,-14.300345],[-38.404037,-14.284265],[-38.403723,-14.276596],[-38.403418,-14.269379],[-38.403118,-14.262501],[-38.40282,-14.255899],[-38.402503,-14.249141],[-38.402184,-14.2426],[-38.401862,-14.236244],[-38.401534,-14.230051],[-38.4012,-14.223995],[-38.40086,-14.218069],[-38.400512,-14.212258],[-38.400156,-14.206554],[-38.399604,-14.197989],[-38.399061,-14.189788],[-38.398524,-14.181884],[-38.397988,-14.174232],[-38.397451,-14.166783],[-38.396911,-14.159524],[-38.396368,-14.152434],[-38.395819,-14.145495],[-38.39526,-14.138657],[-38.394694,-14.131945],[-38.394119,-14.125348],[-38.393535,-14.118858],[-38.392942,-14.112466],[-38.392337,-14.106166],[-38.391721,-14.099952],[-38.391094,-14.093819],[-38.390288,-14.086146],[-38.389488,-14.078702],[-38.388691,-14.071455],[-38.387895,-14.064383],[-38.387096,-14.057463],[-38.386294,-14.050683],[-38.385487,-14.044033],[-38.384674,-14.037501],[-38.383851,-14.031059],[-38.383019,-14.02472],[-38.382179,-14.018475],[-38.381328,-14.012319],[-38.380466,-14.006245],[-38.379593,-14.00025],[-38.378708,-13.994329],[-38.37826,-13.991395],[-38.377809,-13.988479],[-38.376748,-13.981717],[-38.375692,-13.975117],[-38.37464,-13.968663],[-38.373588,-13.96234],[-38.372535,-13.956134],[-38.371479,-13.950039],[-38.37042,-13.944045],[-38.369355,-13.938147],[-38.368281,-13.932327],[-38.367742,-13.929449],[-38.3672,-13.926591],[-38.366657,-13.923753],[-38.366111,-13.920934],[-38.365563,-13.918134],[-38.365012,-13.915351],[-38.364459,-13.912586],[-38.363904,-13.909839],[-38.363345,-13.907108],[-38.362784,-13.904393],[-38.36222,-13.901695],[-38.361653,-13.899012],[-38.361084,-13.896345],[-38.360511,-13.893693],[-38.359127,-13.887375],[-38.357748,-13.881184],[-38.357059,-13.878132],[-38.356371,-13.875108],[-38.355682,-13.87211],[-38.354993,-13.869139],[-38.354303,-13.866191],[-38.353613,-13.863267],[-38.352922,-13.860367],[-38.352229,-13.857489],[-38.351536,-13.854633],[-38.350841,-13.851798],[-38.350145,-13.848983],[-38.349447,-13.846189],[-38.348746,-13.84341],[-38.348044,-13.840651],[-38.347339,-13.83791],[-38.346633,-13.835188],[-38.345924,-13.832483],[-38.345212,-13.829795],[-38.344499,-13.827124],[-38.343782,-13.824469],[-38.343063,-13.821831],[-38.342341,-13.819208],[-38.341617,-13.816601],[-38.340889,-13.814009],[-38.340159,-13.811432],[-38.339425,-13.80887],[-38.338688,-13.806322],[-38.337948,-13.803788],[-38.337144,-13.801058],[-38.33634,-13.798347],[-38.335535,-13.795657],[-38.33473,-13.792985],[-38.333924,-13.790331],[-38.333117,-13.787696],[-38.33231,-13.785078],[-38.331501,-13.782477],[-38.330692,-13.779893],[-38.329881,-13.777325],[-38.329068,-13.774773],[-38.328255,-13.772237],[-38.327439,-13.769716],[-38.326622,-13.76721],[-38.325803,-13.764719],[-38.324983,-13.762243],[-38.32416,-13.759779],[-38.323335,-13.75733],[-38.322508,-13.754894],[-38.321678,-13.752472],[-38.320847,-13.750064],[-38.320013,-13.747668],[-38.319177,-13.745286],[-38.318338,-13.742916],[-38.317497,-13.740559],[-38.316653,-13.738214],[-38.315807,-13.735881],[-38.314958,-13.733561],[-38.314106,-13.731252],[-38.313251,-13.728955],[-38.312393,-13.72667],[-38.311533,-13.724396],[-38.310484,-13.721647],[-38.309437,-13.718924],[-38.308391,-13.716227],[-38.307347,-13.713556],[-38.306304,-13.710909],[-38.305262,-13.708285],[-38.30422,-13.705685],[-38.303178,-13.703107],[-38.302136,-13.70055],[-38.301094,-13.698015],[-38.300051,-13.6955],[-38.299008,-13.693006],[-38.297964,-13.690531],[-38.296919,-13.688076],[-38.295872,-13.68564],[-38.294825,-13.683222],[-38.2937,-13.680649],[-38.292575,-13.678094],[-38.291448,-13.675557],[-38.29032,-13.673038],[-38.28919,-13.670535],[-38.288059,-13.66805],[-38.286926,-13.665581],[-38.285792,-13.663128],[-38.284655,-13.660692],[-38.283516,-13.658272],[-38.282376,-13.655867],[-38.281233,-13.653478],[-38.280087,-13.651104],[-38.27894,-13.648746],[-38.277789,-13.646402],[-38.276637,-13.644074],[-38.275328,-13.64145],[-38.274036,-13.63888],[-38.27276,-13.63636],[-38.271498,-13.633886],[-38.270246,-13.631454],[-38.269006,-13.629061],[-38.267775,-13.626707],[-38.266551,-13.624388],[-38.265334,-13.6221],[-38.264123,-13.619844],[-38.262917,-13.617619],[-38.261717,-13.615423],[-38.26052,-13.613255],[-38.259327,-13.611114],[-38.258137,-13.608999],[-38.256949,-13.606909],[-38.255766,-13.604845],[-38.254585,-13.602801],[-38.253407,-13.600776],[-38.25223,-13.598771],[-38.251056,-13.596784],[-38.249883,-13.594815],[-38.248711,-13.592864],[-38.24754,-13.59093],[-38.24637,-13.589013],[-38.245201,-13.587113],[-38.244032,-13.58523],[-38.242864,-13.583363],[-38.241695,-13.581511],[-38.240527,-13.579676],[-38.239359,-13.577856],[-38.23819,-13.576051],[-38.236974,-13.574189],[-38.235744,-13.572322],[-38.2345,-13.57045],[-38.233242,-13.568574],[-38.23197,-13.566692],[-38.230683,-13.564805],[-38.229383,-13.562913],[-38.228068,-13.561015],[-38.226739,-13.559112],[-38.225394,-13.557202],[-38.224035,-13.555287],[-38.222662,-13.553365],[-38.221272,-13.551436],[-38.219868,-13.5495],[-38.218448,-13.547558],[-38.217012,-13.545607],[-38.215581,-13.543678],[-38.214133,-13.541743],[-38.212669,-13.539802],[-38.211188,-13.537856],[-38.209691,-13.535902],[-38.208176,-13.533942],[-38.206644,-13.531975],[-38.205094,-13.530001],[-38.203527,-13.528019],[-38.201942,-13.52603],[-38.200338,-13.524032],[-38.199815,-13.523385]]]}},
{"type":"Feature","properties":{"idhidrovia":200000370,"nome":"Porto de Maceió - Porto de Suape","navegacao":"Navegação de Cabotagem","tipo":"Marítimo/oceânico","vel_cional":25.0,"extensao":182.9296,"tempo":"0d 7h 19min","cla_icacao":"Percurso externo","nome_rio":null,"nom_eclusa":null,"jurisdicao":null,"reg_rafica":null,"pro_de_min":null,"pro_de_max":null,"dominio":null,"observacao":null,"snv":null,"fonte":null,"idm_origem":null,"mun_origem":null,"est_origem":null,"idm_estino":null,"mun_estino":null,"est_estino":null,"idantaq":null,"camada sim":"21","Fluxo":27605691.0},"geometry":{"type":"MultiLineString","coordinates":[[[-35.027153,-9.948873],[-35.026868,-9.948433],[-35.020184,-9.938076],[-35.014853,-9.929785],[-35.009484,-9.921405],[-35.004076,-9.912932],[-34.998625,-9.904361],[-34.99313,-9.89569],[-34.987586,-9.886912],[-34.98199,-9.87802],[-34.976338,-9.86901],[-34.970633,-9.859885],[-34.964862,-9.850626],[-34.95902,-9.841225],[-34.9531,-9.831669],[-34.947096,-9.821951],[-34.940999,-9.812053],[-34.934799,-9.80196],[-34.928483,-9.791651],[-34.922272,-9.781485],[-34.916038,-9.771244],[-34.90978,-9.760927],[-34.903496,-9.750531],[-34.897185,-9.740055],[-34.890845,-9.729496],[-34.884475,-9.718852],[-34.878073,-9.708119],[-34.871639,-9.697298],[-34.86517,-9.686382],[-34.858664,-9.675368],[-34.852118,-9.664254],[-34.84553,-9.653034],[-34.838898,-9.641704],[-34.832218,-9.630261],[-34.825489,-9.618698],[-34.817227,-9.60446],[-34.809225,-9.590631],[-34.801452,-9.577154],[-34.793883,-9.563987],[-34.786493,-9.551086],[-34.77927,-9.538432],[-34.772202,-9.526],[-34.765277,-9.513772],[-34.758466,-9.501696],[-34.75178,-9.489792],[-34.745212,-9.478047],[-34.738757,-9.466449],[-34.732406,-9.454987],[-34.726156,-9.443653],[-34.720003,-9.432438],[-34.713942,-9.421337],[-34.706815,-9.40822],[-34.699792,-9.39524],[-34.69287,-9.382387],[-34.686043,-9.369655],[-34.679309,-9.357037],[-34.672664,-9.344526],[-34.666107,-9.332119],[-34.659633,-9.31981],[-34.653238,-9.307589],[-34.646923,-9.295458],[-34.640686,-9.283412],[-34.634523,-9.271447],[-34.628435,-9.25956],[-34.622418,-9.247747],[-34.616472,-9.236007],[-34.610596,-9.224335],[-34.604309,-9.211781],[-34.598097,-9.199314],[-34.591959,-9.186929],[-34.585893,-9.174624],[-34.579896,-9.162395],[-34.573968,-9.15024],[-34.568108,-9.138156],[-34.562314,-9.12614],[-34.556584,-9.114187],[-34.550918,-9.102298],[-34.545315,-9.090471],[-34.539773,-9.078702],[-34.534293,-9.066991],[-34.528873,-9.055335],[-34.523511,-9.043733],[-34.518209,-9.032183],[-34.512382,-9.019409],[-34.506651,-9.006768],[-34.501013,-8.994253],[-34.498229,-8.988039],[-34.495466,-8.981855],[-34.492725,-8.975698],[-34.490005,-8.969568],[-34.487307,-8.963465],[-34.484629,-8.957388],[-34.481972,-8.951336],[-34.479335,-8.945308],[-34.476718,-8.939305],[-34.474121,-8.933324],[-34.469205,-8.921948],[-34.464356,-8.910654],[-34.459572,-8.899441],[-34.454852,-8.888304],[-34.450195,-8.877241],[-34.445599,-8.866248],[-34.441063,-8.855323],[-34.436586,-8.844463],[-34.434049,-8.838276],[-34.431531,-8.832111],[-34.42903,-8.825966],[-34.426548,-8.819843],[-34.424083,-8.81374],[-34.421636,-8.807656],[-34.419206,-8.801592],[-34.416794,-8.795547],[-34.414399,-8.789521],[-34.41202,-8.783513],[-34.409658,-8.777523],[-34.407314,-8.771551],[-34.404985,-8.765596],[-34.402673,-8.759659],[-34.400378,-8.753738],[-34.398098,-8.747834],[-34.393801,-8.736636],[-34.389576,-8.725547],[-34.385422,-8.714559],[-34.381337,-8.703669],[-34.377318,-8.69287],[-34.373365,-8.682159],[-34.371413,-8.676835],[-34.369476,-8.671532],[-34.367555,-8.666249],[-34.36565,-8.660986],[-34.361694,-8.64999],[-34.357786,-8.639042],[-34.353927,-8.628139],[-34.350116,-8.61728],[-34.346352,-8.606465],[-34.342635,-8.595692],[-34.338965,-8.58496],[-34.335342,-8.574269],[-34.333547,-8.568938],[-34.331764,-8.563617],[-34.329993,-8.558306],[-34.328233,-8.553004],[-34.326484,-8.547711],[-34.324746,-8.542428],[-34.32302,-8.537154],[-34.321306,-8.531889],[-34.319602,-8.526634],[-34.31791,-8.521387],[-34.316229,-8.516149],[-34.314559,-8.51092],[-34.3129,-8.505699],[-34.311252,-8.500487],[-34.309616,-8.495284],[-34.30799,-8.490089],[-34.306187,-8.484295],[-34.3044,-8.478529],[-34.302632,-8.472788],[-34.30088,-8.467074],[-34.299146,-8.461385],[-34.297428,-8.45572]]]}},
{"type":"Feature","properties":{"idhidrovia":200000371,"nome":"Acesso ao Porto de Maceió","navegacao":"Navegação de Cabotagem","tipo":"Marítimo/oceânico","vel_cional":15.0,"extensao":1.0,"tempo":"0d 0h 4min","cla_icacao":"Acesso simples","nome_rio":null,"nom_eclusa":null,"jurisdicao":null,"reg_rafica":null,"pro_de_min":null,"pro_de_max":null,"dominio":null,"observacao":null,"snv":null,"fonte":null,"idm_origem":"BR270430","mun_origem":"Maceió","est_origem":"AL","idm_estino":null,"mun_estino":null,"est_estino":null,"idantaq":null,"camada sim":"22","Fluxo":1954581.0},"geometry":{"type":"MultiLineString","coordinates":[[[-35.723082,-9.678728],[-35.723435,-9.68002],[-35.723779,-9.681309],[-35.724113,-9.682596],[-35.724437,-9.68388],[-35.724751,-9.685161],[-35.725055,-9.686441],[-35.725349,-9.687717],[-35.725634,-9.688991],[-35.725772,-9.689627],[-35.725909,-9.690263],[-35.726174,-9.691532],[-35.726429,-9.692799],[-35.726674,-9.694063],[-35.726909,-9.695324],[-35.727135,-9.696583],[-35.72735,-9.69784],[-35.727556,-9.699094],[-35.727752,-9.700345],[-35.727939,-9.701594],[-35.728115,-9.702841],[-35.728282,-9.704085],[-35.728438,-9.705326],[-35.728585,-9.706565],[-35.728722,-9.707802],[-35.728849,-9.709036],[-35.728967,-9.710267],[-35.729022,-9.710882],[-35.729074,-9.711496],[-35.729172,-9.712722],[-35.72926,-9.713946],[-35.729338,-9.715167],[-35.729406,-9.716386],[-35.729464,-9.717603],[-35.729513,-9.718816],[-35.729552,-9.720028],[-35.729581,-9.721236],[-35.7296,-9.722443],[-35.729605,-9.723045],[-35.729609,-9.723646],[-35.729608,-9.724848],[-35.729598,-9.726046],[-35.729589,-9.726645],[-35.729577,-9.727243],[-35.729547,-9.728436],[-35.729507,-9.729627],[-35.729457,-9.730816],[-35.729398,-9.732002],[-35.729328,-9.733186],[-35.729249,-9.734367],[-35.72916,-9.735546],[-35.729061,-9.736722],[-35.728952,-9.737895],[-35.728833,-9.739066],[-35.72877,-9.739651],[-35.728705,-9.740235],[-35.728566,-9.741401],[-35.728418,-9.742565],[-35.72826,-9.743726],[-35.728092,-9.744884],[-35.727915,-9.74604],[-35.727727,-9.747194],[-35.72753,-9.748344],[-35.727323,-9.749493],[-35.727106,-9.750639],[-35.726879,-9.751782],[-35.726762,-9.752353],[-35.726642,-9.752923],[-35.72652,-9.753493],[-35.726396,-9.754062],[-35.726269,-9.75463],[-35.726139,-9.755197],[-35.726008,-9.755764],[-35.725873,-9.756331],[-35.725755,-9.756817],[-35.725634,-9.757304],[-35.72551,-9.757791],[-35.725382,-9.758279],[-35.725252,-9.758768],[-35.725118,-9.759258],[-35.724981,-9.759749],[-35.72484,-9.760241],[-35.724697,-9.760733],[-35.72455,-9.761226],[-35.7244,-9.76172],[-35.724246,-9.762215],[-35.72409,-9.76271],[-35.72393,-9.763207],[-35.723767,-9.763704],[-35.723601,-9.764202],[-35.723432,-9.764701],[-35.723259,-9.765201],[-35.723083,-9.765701],[-35.722904,-9.766203],[-35.722721,-9.766706],[-35.722536,-9.767209],[-35.722347,-9.767713],[-35.722155,-9.768219],[-35.721959,-9.768725],[-35.721761,-9.769232],[-35.721559,-9.76974],[-35.721353,-9.770249],[-35.721145,-9.770759],[-35.720933,-9.77127],[-35.720718,-9.771782],[-35.7205,-9.772295],[-35.720278,-9.772808],[-35.720053,-9.773323],[-35.719825,-9.773839],[-35.719594,-9.774356],[-35.719359,-9.774874],[-35.719121,-9.775393],[-35.718879,-9.775913],[-35.718635,-9.776434],[-35.718387,-9.776956],[-35.718135,-9.777479],[-35.71788,-9.778004],[-35.717622,-9.778529],[-35.717361,-9.779056],[-35.717096,-9.779584],[-35.716828,-9.780114],[-35.716556,-9.780644],[-35.716003,-9.781709],[-35.715436,-9.782778],[-35.714855,-9.783853],[-35.71426,-9.784934],[-35.713651,-9.78602],[-35.713029,-9.787111],[-35.712392,-9.788209],[-35.711741,-9.789313],[-35.711092,-9.790396],[-35.710429,-9.791485],[-35.709752,-9.792581],[-35.709062,-9.793684],[-35.708356,-9.794793],[-35.707636,-9.795911],[-35.706902,-9.797036],[-35.706152,-9.79817],[-35.705387,-9.799312],[-35.704606,-9.800463],[-35.70381,-9.801624],[-35.702997,-9.802796],[-35.702167,-9.803978],[-35.70132,-9.805172],[-35.700454,-9.806379],[-35.69957,-9.807599],[-35.698687,-9.808806],[-35.697785,-9.810028],[-35.696862,-9.811267],[-35.695917,-9.812524],[-35.69495,-9.8138],[-35.693958,-9.815098],[-35.692939,-9.816421],[-35.69189,-9.817773],[-35.690828,-9.819133],[-35.689731,-9.820529],[-35.688592,-9.821969],[-35.687405,-9.823462],[-35.686171,-9.825005],[-35.684861,-9.826637],[-35.681863,-9.830348],[-35.681261,-9.831087],[-35.680654,-9.831825],[-35.680041,-9.832562],[-35.679423,-9.833298],[-35.6788,-9.834033],[-35.678172,-9.834766],[-35.677538,-9.835499],[-35.676899,-9.836231],[-35.676254,-9.836961],[-35.675604,-9.83769],[-35.674949,-9.838419],[-35.674289,-9.839146],[-35.673623,-9.839873],[-35.672951,-9.840598],[-35.672274,-9.841322],[-35.671592,-9.842045],[-35.670905,-9.842768],[-35.670212,-9.843489],[-35.669513,-9.844209],[-35.668809,-9.844929],[-35.6681,-9.845647],[-35.667385,-9.846365],[-35.666665,-9.847082],[-35.665939,-9.847797],[-35.665208,-9.848512],[-35.664471,-9.849226],[-35.663729,-9.849939],[-35.662981,-9.850651],[-35.662227,-9.851363],[-35.661468,-9.852073],[-35.660704,-9.852783],[-35.659934,-9.853492],[-35.659158,-9.8542],[-35.658377,-9.854907],[-35.65759,-9.855613],[-35.656798,-9.856319],[-35.656,-9.857024],[-35.655196,-9.857728],[-35.654387,-9.858431],[-35.653571,-9.859134],[-35.65275,-9.859836],[-35.651924,-9.860538],[-35.651091,-9.861239],[-35.650253,-9.861939],[-35.649409,-9.862639],[-35.648558,-9.863338],[-35.647703,-9.864036],[-35.646841,-9.864734],[-35.645973,-9.865432],[-35.645099,-9.866129],[-35.644219,-9.866825],[-35.643334,-9.867521],[-35.642442,-9.868217],[-35.641544,-9.868912],[-35.64064,-9.869607],[-35.63973,-9.870302],[-35.638814,-9.870996],[-35.637891,-9.87169],[-35.636962,-9.872384],[-35.636027,-9.873077],[-35.635086,-9.87377],[-35.634138,-9.874463],[-35.633184,-9.875156],[-35.632223,-9.875849],[-35.631275,-9.876529],[-35.63032,-9.877208],[-35.629358,-9.877888],[-35.628391,-9.878567],[-35.627416,-9.879247],[-35.626436,-9.879927],[-35.625449,-9.880606],[-35.624455,-9.881286],[-35.623454,-9.881967],[-35.622447,-9.882647],[-35.621433,-9.883328],[-35.620412,-9.884009],[-35.619384,-9.884691],[-35.618349,-9.885373],[-35.617307,-9.886056],[-35.616257,-9.886739],[-35.614138,-9.888107],[-35.611988,-9.889477],[-35.609808,-9.890852],[-35.607595,-9.89223],[-35.605351,-9.893613],[-35.603072,-9.895002],[-35.600759,-9.896397],[-35.598408,-9.897799],[-35.596055,-9.899189],[-35.593662,-9.900587],[-35.591228,-9.901996],[-35.58875,-9.903417],[-35.586227,-9.904851],[-35.583654,-9.906299],[-35.581028,-9.907765],[-35.578343,-9.909251],[-35.575618,-9.910747],[-35.572823,-9.91227],[-35.56995,-9.913824],[-35.566985,-9.915416],[-35.563926,-9.917048],[-35.560738,-9.918738],[-35.557393,-9.920502],[-35.553834,-9.922369],[-35.552802,-9.922907],[-35.551767,-9.923443],[-35.550729,-9.923976],[-35.549688,-9.924507],[-35.548644,-9.925035],[-35.547598,-9.925561],[-35.546548,-9.926084],[-35.545496,-9.926605],[-35.54444,-9.927124],[-35.543382,-9.92764],[-35.542321,-9.928153],[-35.541257,-9.928664],[-35.54019,-9.929173],[-35.53912,-9.929679],[-35.536972,-9.930684],[-35.534812,-9.931679],[-35.532641,-9.932664],[-35.530457,-9.933639],[-35.528263,-9.934605],[-35.526057,-9.93556],[-35.523839,-9.936506],[-35.52161,-9.937441],[-35.519369,-9.938367],[-35.517117,-9.939283],[-35.514853,-9.940189],[-35.512578,-9.941085],[-35.510291,-9.941971],[-35.507993,-9.942847],[-35.505683,-9.943713],[-35.503362,-9.94457],[-35.50103,-9.945416],[-35.498686,-9.946252],[-35.496331,-9.947079],[-35.493964,-9.947895],[-35.491586,-9.948702],[-35.489197,-9.949499],[-35.486796,-9.950285],[-35.484384,-9.951062],[-35.481961,-9.951829],[-35.479526,-9.952585],[-35.47708,-9.953332],[-35.474622,-9.954069],[-35.472154,-9.954796],[-35.469674,-9.955512],[-35.467183,-9.956219],[-35.46468,-9.956916],[-35.462167,-9.957603],[-35.459642,-9.958279],[-35.457106,-9.958946],[-35.454559,-9.959603],[-35.452001,-9.960249],[-35.449431,-9.960886],[-35.446851,-9.961513],[-35.444259,-9.962129],[-35.441657,-9.962736],[-35.439043,-9.963332],[-35.436418,-9.963919],[-35.433783,-9.964495],[-35.431136,-9.965061],[-35.428478,-9.965617],[-35.425809,-9.966164],[-35.42313,-9.9667],[-35.420439,-9.967226],[-35.417738,-9.967742],[-35.415026,-9.968247],[-35.412303,-9.968743],[-35.409569,-9.969229],[-35.406824,-9.969704],[-35.404068,-9.97017],[-35.401302,-9.970625],[-35.398525,-9.97107],[-35.395734,-9.971506],[-35.392933,-9.971931],[-35.390121,-9.972347],[-35.387298,-9.972752],[-35.384464,-9.973147],[-35.38162,-9.973531],[-35.378766,-9.973906],[-35.375901,-9.974271],[-35.373025,-9.974625],[-35.370139,-9.974969],[-35.367242,-9.975303],[-35.364335,-9.975627],[-35.361417,-9.97594],[-35.35849,-9.976244],[-35.355551,-9.976537],[-35.352603,-9.97682],[-35.349644,-9.977093],[-35.346675,-9.977356],[-35.343696,-9.977608],[-35.340706,-9.977851],[-35.337706,-9.978083],[-35.334697,-9.978304],[-35.331677,-9.978516],[-35.328647,-9.978718],[-35.325607,-9.978909],[-35.322557,-9.97909],[-35.319497,-9.979261],[-35.316428,-9.979421],[-35.313348,-9.979571],[-35.310259,-9.979712],[-35.30716,-9.979841],[-35.304052,-9.979961],[-35.300932,-9.98007],[-35.297804,-9.98017],[-35.294665,-9.980259],[-35.291517,-9.980337],[-35.28836,-9.980406],[-35.285193,-9.980464],[-35.282017,-9.980512],[-35.278832,-9.98055],[-35.275637,-9.980577],[-35.272433,-9.980594],[-35.26922,-9.980601],[-35.265998,-9.980598],[-35.262767,-9.980585],[-35.259527,-9.980561],[-35.256278,-9.980527],[-35.25302,-9.980482],[-35.249754,-9.980428],[-35.246478,-9.980363],[-35.243194,-9.980288],[-35.239902,-9.980203],[-35.236601,-9.980107],[-35.233291,-9.980002],[-35.229973,-9.979886],[-35.226647,-9.979759],[-35.223313,-9.979623],[-35.219971,-9.979476],[-35.216621,-9.979319],[-35.213262,-9.979152],[-35.209896,-9.978975],[-35.206523,-9.978787],[-35.203141,-9.97859],[-35.199752,-9.978382],[-35.198403,-9.978296],[-35.197054,-9.978208],[-35.195704,-9.978117],[-35.194355,-9.978025],[-35.191656,-9.977832],[-35.188957,-9.977631],[-35.186259,-9.97742],[-35.18356,-9.977201],[-35.180862,-9.976972],[-35.178163,-9.976734],[-35.175465,-9.976487],[-35.172767,-9.976231],[-35.170068,-9.975966],[-35.16737,-9.975692],[-35.164672,-9.975408],[-35.161974,-9.975116],[-35.160625,-9.974966],[-35.159276,-9.974814],[-35.156578,-9.974503],[-35.155229,-9.974345],[-35.15388,-9.974184],[-35.151182,-9.973855],[-35.148484,-9.973516],[-35.147135,-9.973344],[-35.145786,-9.973169],[-35.144437,-9.972992],[-35.143089,-9.972813],[-35.140391,-9.972447],[-35.139042,-9.972261],[-35.137693,-9.972073],[-35.134996,-9.971689],[-35.132298,-9.971297],[-35.129601,-9.970895],[-35.126903,-9.970484],[-35.124206,-9.970064],[-35.122857,-9.96985],[-35.121509,-9.969634],[-35.118812,-9.969196],[-35.116114,-9.968748],[-35.113417,-9.968292],[-35.11072,-9.967826],[-35.108023,-9.967351],[-35.105326,-9.966868],[-35.10263,-9.966375],[-35.101281,-9.966125],[-35.099933,-9.965872],[-35.097236,-9.965361],[-35.094539,-9.964841],[-35.091843,-9.964311],[-35.089146,-9.963773],[-35.08645,-9.963225],[-35.083753,-9.962668],[-35.081057,-9.962102],[-35.07836,-9.961527],[-35.075664,-9.960943],[-35.072968,-9.96035],[-35.07162,-9.96005],[-35.070272,-9.959747],[-35.067576,-9.959136],[-35.064879,-9.958515],[-35.062183,-9.957886],[-35.059487,-9.957247],[-35.056792,-9.956599],[-35.054096,-9.955942],[-35.0514,-9.955275],[-35.050052,-9.954939],[-35.048704,-9.9546],[-35.047356,-9.954259],[-35.046009,-9.953916],[-35.043313,-9.953222],[-35.040617,-9.95252],[-35.037922,-9.951808],[-35.035226,-9.951087],[-35.033879,-9.950723],[-35.032531,-9.950357],[-35.029836,-9.949618],[-35.028488,-9.949245],[-35.027153,-9.948873]]]}},
{"type":"Feature","properties":{"idhidrovia":200000372,"nome":"Acesso ao Porto de Suape","navegacao":"Navegação de Cabotagem","tipo":"Marítimo/oceânico","vel_cional":15.0,"extensao":1.0,"tempo":"0d 0h 4min","cla_icacao":"Acesso simples","nome_rio":null,"nom_eclusa":null,"jurisdicao":null,"reg_rafica":null,"pro_de_min":null,"pro_de_max":null,"dominio":null,"observacao":null,"snv":null,"fonte":null,"idm_origem":null,"mun_origem":null,"est_origem":null,"idm_estino":"BR260720","mun_estino":"Ipojuca","est_estino":"PE","idantaq":null,"camada sim":"23","Fluxo":16669394.0},"geometry":{"type":"MultiLineString","coordinates":[[[-34.297428,-8.45572],[-34.301474,-8.456986],[-34.303498,-8.457613],[-34.305523,-8.458236],[-34.309572,-8.459471],[-34.313623,-8.46069],[-34.315648,-8.461294],[-34.317675,-8.461894],[-34.319701,-8.46249],[-34.321728,-8.463083],[-34.325783,-8.464256],[-34.329839,-8.465413],[-34.333896,-8.466555],[-34.337955,-8.467682],[-34.339984,-8.468239],[-34.342015,-8.468793],[-34.346076,-8.469889],[-34.350139,-8.470969],[-34.35217,-8.471503],[-34.354203,-8.472034],[-34.356235,-8.472561],[-34.358268,-8.473083],[-34.362335,-8.474117],[-34.364368,-8.474628],[-34.366403,-8.475136],[-34.368437,-8.475639],[-34.370472,-8.476139],[-34.374542,-8.477126],[-34.376578,-8.477614],[-34.378614,-8.478098],[-34.382688,-8.479055],[-34.386762,-8.479996],[-34.390838,-8.480922],[-34.394916,-8.481832],[-34.398994,-8.482727],[-34.403074,-8.483606],[-34.405115,-8.48404],[-34.407155,-8.48447],[-34.411238,-8.485319],[-34.415322,-8.486152],[-34.417364,-8.486562],[-34.419407,-8.486969],[-34.42145,-8.487372],[-34.423494,-8.487771],[-34.427582,-8.488558],[-34.431671,-8.489329],[-34.435762,-8.490085],[-34.439854,-8.490825],[-34.443947,-8.49155],[-34.448041,-8.49226],[-34.452137,-8.492954],[-34.456235,-8.493632],[-34.460333,-8.494295],[-34.464433,-8.494943],[-34.468534,-8.495575],[-34.470585,-8.495885],[-34.472637,-8.496192],[-34.474689,-8.496494],[-34.476741,-8.496793],[-34.478793,-8.497088],[-34.480846,-8.497379],[-34.482899,-8.497666],[-34.484952,-8.497949],[-34.48906,-8.498504],[-34.49317,-8.499043],[-34.49728,-8.499567],[-34.501392,-8.500076],[-34.505505,-8.500569],[-34.50962,-8.501046],[-34.513736,-8.501508],[-34.517853,-8.501955],[-34.521971,-8.502386],[-34.526091,-8.502802],[-34.530212,-8.503203],[-34.534335,-8.503587],[-34.538459,-8.503957],[-34.542584,-8.504311],[-34.54671,-8.504649],[-34.550838,-8.504973],[-34.552903,-8.505128],[-34.554967,-8.50528],[-34.559098,-8.505572],[-34.567471,-8.506136],[-34.571479,-8.506396],[-34.575389,-8.506642],[-34.579214,-8.506876],[-34.582961,-8.507098],[-34.586638,-8.507308],[-34.59025,-8.507507],[-34.593813,-8.507696],[-34.597322,-8.507873],[-34.60078,-8.50804],[-34.60419,-8.508197],[-34.607556,-8.508343],[-34.610881,-8.508479],[-34.614166,-8.508605],[-34.617413,-8.508721],[-34.62065,-8.508828],[-34.623852,-8.508924],[-34.627021,-8.509011],[-34.63016,-8.509088],[-34.633269,-8.509154],[-34.636349,-8.509211],[-34.639402,-8.509258],[-34.642428,-8.509295],[-34.64543,-8.509322],[-34.648407,-8.509339],[-34.65136,-8.509347],[-34.654291,-8.509344],[-34.657199,-8.509332],[-34.660085,-8.50931],[-34.662951,-8.509278],[-34.665796,-8.509236],[-34.66866,-8.509183],[-34.671504,-8.50912],[-34.674328,-8.509047],[-34.677134,-8.508964],[-34.679921,-8.508871],[-34.68269,-8.508767],[-34.685441,-8.508653],[-34.688175,-8.508529],[-34.690893,-8.508395],[-34.693594,-8.508251],[-34.696279,-8.508096],[-34.698947,-8.50793],[-34.701601,-8.507755],[-34.704239,-8.507569],[-34.706861,-8.507373],[-34.709469,-8.507166],[-34.712064,-8.506949],[-34.714644,-8.506721],[-34.71721,-8.506483],[-34.719762,-8.506234],[-34.722301,-8.505975],[-34.724826,-8.505706],[-34.727337,-8.505426],[-34.729836,-8.505135],[-34.732321,-8.504834],[-34.734794,-8.504522],[-34.737254,-8.504199],[-34.739702,-8.503866],[-34.742138,-8.503522],[-34.744561,-8.503167],[-34.746972,-8.502802],[-34.749371,-8.502426],[-34.761773,-8.500462],[-34.766333,-8.499735],[-34.771318,-8.498931],[-34.775795,-8.498195],[-34.780421,-8.497416],[-34.782623,-8.497038],[-34.784764,-8.496665],[-34.786854,-8.496296],[-34.788896,-8.495929],[-34.790895,-8.495565],[-34.792854,-8.495202],[-34.794912,-8.494813],[-34.796933,-8.494425],[-34.798917,-8.494037],[-34.800869,-8.493648],[-34.80279,-8.493258],[-34.804683,-8.492866],[-34.806547,-8.492472],[-34.808386,-8.492076],[-34.810202,-8.491677],[-34.811994,-8.491275],[-34.813763,-8.490871],[-34.815511,-8.490463],[-34.817238,-8.490051],[-34.818944,-8.489637],[-34.820632,-8.489218],[-34.8223,-8.488796],[-34.824038,-8.488346],[-34.825755,-8.487892],[-34.827454,-8.487434],[-34.829135,-8.48697],[-34.830797,-8.486501],[-34.832442,-8.486027],[-34.83407,-8.485548],[-34.835681,-8.485063],[-34.837277,-8.484573],[-34.838856,-8.484077],[-34.840419,-8.483575],[-34.841967,-8.483067],[-34.8435,-8.482554],[-34.845018,-8.482034],[-34.846522,-8.481508],[-34.848011,-8.480976],[-34.849487,-8.480437],[-34.85095,-8.479892],[-34.852398,-8.479341],[-34.853833,-8.478783],[-34.855255,-8.478218],[-34.856663,-8.477647],[-34.858059,-8.477069],[-34.858752,-8.476777],[-34.859441,-8.476484],[-34.860128,-8.476189],[-34.860811,-8.475892],[-34.861491,-8.475594],[-34.862168,-8.475294],[-34.862842,-8.474992],[-34.863513,-8.474688],[-34.86418,-8.474383],[-34.864845,-8.474076],[-34.865506,-8.473767],[-34.866165,-8.473456],[-34.86682,-8.473144],[-34.867472,-8.47283],[-34.868122,-8.472514],[-34.868768,-8.472196],[-34.869411,-8.471876],[-34.870052,-8.471555],[-34.870894,-8.471128],[-34.871735,-8.470698],[-34.872574,-8.470266],[-34.873412,-8.469831],[-34.874248,-8.469392],[-34.875083,-8.468951],[-34.875917,-8.468507],[-34.876749,-8.46806],[-34.877579,-8.467611],[-34.878408,-8.467158],[-34.879236,-8.466702],[-34.880062,-8.466244],[-34.880887,-8.465783],[-34.88171,-8.465318],[-34.882532,-8.464851],[-34.883352,-8.464381],[-34.884171,-8.463909],[-34.884989,-8.463433],[-34.885805,-8.462954],[-34.88662,-8.462473],[-34.887433,-8.461988],[-34.888244,-8.461501],[-34.889055,-8.461011],[-34.889863,-8.460518],[-34.890671,-8.460022],[-34.891477,-8.459523],[-34.892281,-8.459022],[-34.893084,-8.458517],[-34.893886,-8.45801],[-34.894686,-8.4575],[-34.895484,-8.456986],[-34.896282,-8.45647],[-34.897077,-8.455951],[-34.897872,-8.45543],[-34.898664,-8.454905],[-34.899456,-8.454377],[-34.900246,-8.453847],[-34.901034,-8.453313],[-34.901821,-8.452777],[-34.902607,-8.452238],[-34.903391,-8.451696],[-34.904174,-8.451151],[-34.904955,-8.450603],[-34.905734,-8.450053],[-34.906513,-8.449499],[-34.90729,-8.448943],[-34.908065,-8.448384],[-34.908839,-8.447821],[-34.909612,-8.447256],[-34.910383,-8.446688],[-34.911152,-8.446118],[-34.91192,-8.445544],[-34.912687,-8.444967],[-34.913452,-8.444388],[-34.914216,-8.443805],[-34.914978,-8.44322],[-34.915739,-8.442632],[-34.916499,-8.442041],[-34.917257,-8.441447],[-34.918013,-8.44085],[-34.918768,-8.440251],[-34.919522,-8.439648],[-34.920274,-8.439043],[-34.921025,-8.438435],[-34.921774,-8.437823],[-34.922522,-8.437209],[-34.923268,-8.436592],[-34.924013,-8.435973],[-34.924757,-8.43535],[-34.925499,-8.434724],[-34.926239,-8.434096],[-34.926979,-8.433464],[-34.927716,-8.43283],[-34.928452,-8.432193],[-34.929187,-8.431553],[-34.929921,-8.43091],[-34.930652,-8.430264],[-34.931383,-8.429616],[-34.932112,-8.428964],[-34.932839,-8.42831],[-34.933565,-8.427653],[-34.93429,-8.426992],[-34.935013,-8.426329],[-34.935735,-8.425663],[-34.936455,-8.424995],[-34.937174,-8.424323],[-34.937891,-8.423648],[-34.938607,-8.422971],[-34.939322,-8.42229],[-34.940035,-8.421607],[-34.940746,-8.420921],[-34.941456,-8.420232],[-34.942165,-8.41954],[-34.942872,-8.418845],[-34.943578,-8.418148],[-34.944282,-8.417447],[-34.944985,-8.416744],[-34.945686,-8.416038],[-34.946386,-8.415328],[-34.947085,-8.414616],[-34.947782,-8.413901],[-34.948477,-8.413184],[-34.949171,-8.412463],[-34.949864,-8.411739],[-34.950555,-8.411013],[-34.951245,-8.410284],[-34.951933,-8.409551],[-34.95262,-8.408816],[-34.953306,-8.408078],[-34.95399,-8.407337],[-34.954672,-8.406594],[-34.955353,-8.405847],[-34.956033,-8.405097],[-34.956711,-8.404345],[-34.957388,-8.40359],[-34.958063,-8.402832],[-34.958737,-8.40207],[-34.959409,-8.401307],[-34.96008,-8.40054],[-34.960749,-8.39977],[-34.961417,-8.398997],[-34.962084,-8.398222],[-34.962749,-8.397444],[-34.963413,-8.396662],[-34.964736,-8.395091],[-34.966053,-8.393509]]]}},
{"type":"Feature","properties":{"idhidrovia":200000373,"nome":"Porto de Recife - Porto de Cabedelo","navegacao":"Navegação de Cabotagem","tipo":"Marítimo/oceânico","vel_cional":25.0,"extensao":146.7648,"tempo":"0d 5h 52min","cla_icacao":"Percurso externo","nome_rio":null,"nom_eclusa":null,"jurisdicao":null,"reg_rafica":null,"pro_de_min":null,"pro_de_max":null,"dominio":null,"observacao":null,"snv":null,"fonte":null,"idm_origem":null,"mun_origem":null,"est_origem":null,"idm_estino":null,"mun_estino":null,"est_estino":null,"idantaq":null,"camada sim":"24","Fluxo":20202791.0},"geometry":{"type":"MultiLineString","coordinates":[[[-34.285186,-8.414387],[-34.28427,-8.411223],[-34.282696,-8.405756],[-34.281138,-8.400309],[-34.27961,-8.394938],[-34.278096,-8.389586],[-34.276595,-8.384251],[-34.275108,-8.378933],[-34.273634,-8.373633],[-34.272173,-8.368349],[-34.270726,-8.363082],[-34.269291,-8.357832],[-34.267869,-8.352597],[-34.26646,-8.347378],[-34.265064,-8.342174],[-34.263681,-8.336986],[-34.26231,-8.331812],[-34.260952,-8.326653],[-34.259607,-8.321509],[-34.258274,-8.316379],[-34.256791,-8.310635],[-34.255323,-8.304908],[-34.25387,-8.299199],[-34.252431,-8.293508],[-34.251006,-8.287835],[-34.249596,-8.282178],[-34.2482,-8.276539],[-34.246819,-8.270916],[-34.245452,-8.265309],[-34.244098,-8.259718],[-34.242759,-8.254143],[-34.241434,-8.248584],[-34.240123,-8.24304],[-34.238826,-8.237511],[-34.237543,-8.231998],[-34.236273,-8.226499],[-34.235072,-8.221254],[-34.233883,-8.216027],[-34.232707,-8.210816],[-34.231543,-8.205622],[-34.230391,-8.200444],[-34.229251,-8.195282],[-34.228124,-8.190136],[-34.227009,-8.185005],[-34.225906,-8.179889],[-34.224815,-8.174789],[-34.223736,-8.169703],[-34.222669,-8.164632],[-34.221614,-8.159575],[-34.22057,-8.154533],[-34.219539,-8.149504],[-34.218519,-8.144489],[-34.217389,-8.138882],[-34.216273,-8.133291],[-34.21517,-8.127718],[-34.214081,-8.12216],[-34.213005,-8.116619],[-34.211943,-8.111094],[-34.210894,-8.105585],[-34.209858,-8.100091],[-34.208836,-8.094613],[-34.207827,-8.08915],[-34.206832,-8.083702],[-34.205849,-8.078268],[-34.20488,-8.07285],[-34.203924,-8.067445],[-34.202981,-8.062055],[-34.202052,-8.05668],[-34.201257,-8.052031],[-34.200464,-8.047344],[-34.199673,-8.042617],[-34.198883,-8.037848],[-34.198095,-8.033036],[-34.197308,-8.028178],[-34.196521,-8.023274],[-34.195735,-8.018319],[-34.194949,-8.013315],[-34.194162,-8.008257],[-34.193375,-8.003142],[-34.192586,-7.997965],[-34.191001,-7.987417],[-34.189403,-7.976576],[-34.188553,-7.970712],[-34.187707,-7.964797],[-34.186864,-7.958828],[-34.186026,-7.952805],[-34.185191,-7.946724],[-34.184358,-7.940582],[-34.183528,-7.934377],[-34.182701,-7.928105],[-34.181875,-7.921769],[-34.181051,-7.915358],[-34.180228,-7.90887],[-34.179404,-7.902298],[-34.17858,-7.89564],[-34.177754,-7.888887],[-34.176926,-7.882034],[-34.176095,-7.875072],[-34.175289,-7.868231],[-34.174496,-7.861401],[-34.173714,-7.854581],[-34.172945,-7.847772],[-34.172189,-7.840972],[-34.171444,-7.834184],[-34.170713,-7.827405],[-34.169993,-7.820637],[-34.169286,-7.813879],[-34.168591,-7.807131],[-34.167909,-7.800393],[-34.167239,-7.793666],[-34.166581,-7.786948],[-34.165936,-7.780241],[-34.165303,-7.773544],[-34.164682,-7.766857],[-34.164144,-7.760952],[-34.163614,-7.755059],[-34.163095,-7.749179],[-34.162585,-7.743312],[-34.162084,-7.737456],[-34.161593,-7.731613],[-34.161111,-7.725781],[-34.160639,-7.719962],[-34.160177,-7.714154],[-34.159724,-7.708358],[-34.15928,-7.702574],[-34.158846,-7.696802],[-34.158421,-7.691041],[-34.158006,-7.685291],[-34.157601,-7.679553],[-34.157204,-7.673826],[-34.156777,-7.667515],[-34.156361,-7.661221],[-34.155956,-7.654942],[-34.155562,-7.648679],[-34.155179,-7.642431],[-34.154806,-7.636199],[-34.154445,-7.629982],[-34.154094,-7.62378],[-34.153754,-7.617593],[-34.153425,-7.611421],[-34.153107,-7.605264],[-34.152799,-7.599121],[-34.152503,-7.592993],[-34.152217,-7.586879],[-34.151942,-7.580779],[-34.151678,-7.574693],[-34.151418,-7.568447],[-34.151167,-7.562221],[-34.150928,-7.556013],[-34.150699,-7.549823],[-34.150481,-7.543652],[-34.150274,-7.537499],[-34.150077,-7.531364],[-34.149892,-7.525247],[-34.149716,-7.519147],[-34.149552,-7.513065],[-34.149398,-7.507],[-34.149254,-7.500951],[-34.149122,-7.49492],[-34.149,-7.488905],[-34.148888,-7.482907],[-34.148787,-7.476925],[-34.148694,-7.470767],[-34.148611,-7.464631],[-34.148538,-7.458515],[-34.148476,-7.452419],[-34.148424,-7.446343],[-34.148383,-7.440286],[-34.148351,-7.434249],[-34.14833,-7.428231],[-34.14832,-7.422232],[-34.14832,-7.416252],[-34.14833,-7.41029],[-34.14835,-7.404346],[-34.148381,-7.398421],[-34.148422,-7.392513],[-34.148474,-7.386623],[-34.148536,-7.38075],[-34.148604,-7.375123],[-34.148682,-7.369517],[-34.148767,-7.36393],[-34.148862,-7.358363],[-34.148965,-7.352816],[-34.149076,-7.347288],[-34.149196,-7.341779],[-34.149325,-7.336288],[-34.149462,-7.330816],[-34.149608,-7.325362],[-34.149763,-7.319926],[-34.149926,-7.314508],[-34.150097,-7.309108],[-34.150278,-7.303725],[-34.150466,-7.298359],[-34.150664,-7.293009],[-34.150878,-7.287477],[-34.151099,-7.281966],[-34.151329,-7.276477],[-34.151567,-7.271008],[-34.151813,-7.26556],[-34.152068,-7.260133],[-34.15233,-7.254726],[-34.152601,-7.249338],[-34.15288,-7.24397],[-34.153167,-7.238622],[-34.153462,-7.233292],[-34.153766,-7.227981],[-34.154078,-7.222689],[-34.154398,-7.217414],[-34.154727,-7.212158],[-34.155064,-7.20692],[-34.155468,-7.200798],[-34.155878,-7.194751],[-34.156294,-7.188776],[-34.156716,-7.182867],[-34.157144,-7.177023],[-34.157579,-7.171239],[-34.158021,-7.165512],[-34.15847,-7.159841],[-34.158926,-7.154221],[-34.159389,-7.148651],[-34.15986,-7.143129],[-34.160339,-7.137655],[-34.160826,-7.132225],[-34.16132,-7.126839],[-34.161823,-7.121494],[-34.162334,-7.11619],[-34.162863,-7.110805],[-34.163387,-7.105557],[-34.163908,-7.10043],[-34.164426,-7.095411],[-34.164944,-7.090488],[-34.165461,-7.085654],[-34.165979,-7.080903],[-34.166497,-7.076227],[-34.167019,-7.071612],[-34.167543,-7.067063],[-34.16807,-7.062576],[-34.1686,-7.058147],[-34.169134,-7.053772],[-34.169672,-7.049449],[-34.170215,-7.045174],[-34.170762,-7.040946],[-34.171332,-7.036622],[-34.171916,-7.032273],[-34.172513,-7.027899],[-34.173124,-7.023499],[-34.173749,-7.019072],[-34.174387,-7.014618],[-34.17504,-7.010134],[-34.175707,-7.005622],[-34.176388,-7.001079],[-34.177084,-6.996505],[-34.177794,-6.991898],[-34.178519,-6.987257],[-34.179259,-6.982581],[-34.180015,-6.977868],[-34.180786,-6.973117],[-34.181572,-6.968326],[-34.182352,-6.963637],[-34.18315,-6.958913],[-34.183964,-6.954153],[-34.184797,-6.949354],[-34.185647,-6.944516],[-34.186515,-6.939636],[-34.187403,-6.934712],[-34.188309,-6.929743],[-34.189234,-6.924729],[-34.190178,-6.919664],[-34.191143,-6.914547],[-34.19213,-6.909373],[-34.193137,-6.90414],[-34.194167,-6.898843],[-34.19522,-6.89348],[-34.196297,-6.888044],[-34.197215,-6.883451],[-34.198152,-6.878817],[-34.199107,-6.87414],[-34.200081,-6.869417],[-34.201074,-6.864646],[-34.202087,-6.859824],[-34.203121,-6.854948],[-34.204176,-6.850015],[-34.205252,-6.845027],[-34.20635,-6.839974],[-34.207472,-6.834852],[-34.20862,-6.829655],[-34.209793,-6.824378],[-34.210222,-6.82248]]]}},
{"type":"Feature","properties":{"idhidrovia":200000374,"nome":"Acesso ao Porto de Cabedelo","navegacao":"Navegação de Cabotagem","tipo":"Marítimo/oceânico","vel_cional":15.0,"extensao":1.0,"tempo":"0d 0h 4min","cla_icacao":"Acesso simples","nome_rio":null,"nom_eclusa":null,"jurisdicao":null,"reg_rafica":null,"pro_de_min":null,"pro_de_max":null,"dominio":null,"observacao":null,"snv":null,"fonte":null,"idm_origem":"BR250320","mun_origem":"Cabedelo","est_origem":"PB","idm_estino":null,"mun_estino":null,"est_estino":null,"idantaq":null,"camada sim":"25","Fluxo":492919.0},"geometry":{"type":"MultiLineString","coordinates":[[[-34.838769,-6.972968],[-34.838912,-6.973081],[-34.839054,-6.973185],[-34.839196,-6.97328],[-34.839337,-6.973367],[-34.839477,-6.973446],[-34.839547,-6.973482],[-34.839617,-6.973516],[-34.839686,-6.973547],[-34.839756,-6.973577],[-34.839825,-6.973604],[-34.839894,-6.97363],[-34.839963,-6.973653],[-34.840032,-6.973674],[-34.840101,-6.973693],[-34.84017,-6.97371],[-34.840238,-6.973724],[-34.840306,-6.973737],[-34.840374,-6.973747],[-34.840442,-6.973755],[-34.84051,-6.973761],[-34.840578,-6.973765],[-34.840645,-6.973767],[-34.840713,-6.973767],[-34.84078,-6.973764],[-34.840847,-6.97376],[-34.840914,-6.973753],[-34.840981,-6.973744],[-34.841052,-6.973732],[-34.841124,-6.973715],[-34.841198,-6.973694],[-34.841274,-6.973669],[-34.841352,-6.973639],[-34.841432,-6.973606],[-34.841514,-6.973568],[-34.841599,-6.973525],[-34.841683,-6.97348],[-34.84177,-6.97343],[-34.84186,-6.973375],[-34.841955,-6.973315],[-34.842157,-6.97318],[-34.842437,-6.972983],[-34.842555,-6.972897],[-34.842671,-6.972805],[-34.842787,-6.972708],[-34.842903,-6.972604],[-34.843018,-6.972494],[-34.843133,-6.972377],[-34.843248,-6.972255],[-34.843363,-6.972125],[-34.843478,-6.971991],[-34.843593,-6.971849],[-34.843709,-6.971699],[-34.843828,-6.97154],[-34.843949,-6.971373],[-34.844075,-6.971193],[-34.844207,-6.970998],[-34.844354,-6.970777],[-34.844465,-6.970606],[-34.844571,-6.970437],[-34.844672,-6.970271],[-34.844768,-6.970107],[-34.84486,-6.969945],[-34.844948,-6.969784],[-34.845031,-6.969626],[-34.845109,-6.969469],[-34.845183,-6.969313],[-34.845253,-6.969159],[-34.845319,-6.969007],[-34.84538,-6.968855],[-34.845436,-6.968706],[-34.845489,-6.968558],[-34.845537,-6.968411],[-34.845581,-6.968265],[-34.845622,-6.968116],[-34.845661,-6.967964],[-34.845696,-6.967809],[-34.845729,-6.967653],[-34.845759,-6.967494],[-34.845786,-6.967334],[-34.84581,-6.967172],[-34.845831,-6.967008],[-34.845849,-6.966843],[-34.845864,-6.966678],[-34.845875,-6.966511],[-34.845884,-6.966345],[-34.84589,-6.966178],[-34.845892,-6.966011],[-34.845891,-6.965844],[-34.845887,-6.965678],[-34.845883,-6.965571],[-34.845876,-6.965462],[-34.845867,-6.965351],[-34.845856,-6.965238],[-34.845843,-6.965121],[-34.845827,-6.965002],[-34.845788,-6.964752],[-34.845743,-6.964501],[-34.845688,-6.964223],[-34.845625,-6.963933],[-34.845504,-6.963395],[-34.845461,-6.963193],[-34.845357,-6.962686],[-34.845307,-6.962454],[-34.84525,-6.96221],[-34.845194,-6.961994],[-34.84516,-6.961878],[-34.845126,-6.961767],[-34.84509,-6.961661],[-34.845054,-6.96156],[-34.845015,-6.961462],[-34.844975,-6.961367],[-34.844934,-6.961276],[-34.844891,-6.961188],[-34.844848,-6.961107],[-34.844801,-6.961025],[-34.844752,-6.960943],[-34.844698,-6.960859],[-34.844641,-6.960775],[-34.84458,-6.960689],[-34.844515,-6.960601],[-34.844446,-6.960511],[-34.84432,-6.960356],[-34.844175,-6.960186],[-34.844032,-6.960024],[-34.843685,-6.959638],[-34.843511,-6.959438],[-34.843286,-6.959178],[-34.843054,-6.958918],[-34.842815,-6.958657],[-34.842567,-6.958395],[-34.842312,-6.958132],[-34.842049,-6.957868],[-34.841777,-6.957602],[-34.841496,-6.957333],[-34.841208,-6.957064],[-34.840909,-6.956791],[-34.840599,-6.956515],[-34.840278,-6.956233],[-34.839943,-6.955945],[-34.839593,-6.955649],[-34.839225,-6.955343],[-34.838834,-6.955023],[-34.838392,-6.954668],[-34.83795,-6.954321],[-34.837508,-6.953984],[-34.837067,-6.953655],[-34.836626,-6.953337],[-34.836406,-6.953181],[-34.836186,-6.953027],[-34.835966,-6.952876],[-34.835746,-6.952727],[-34.835527,-6.95258],[-34.835308,-6.952436],[-34.834956,-6.95221],[-34.834588,-6.95198],[-34.834202,-6.951746],[-34.833794,-6.951506],[-34.833368,-6.951261],[-34.832907,-6.951],[-34.832397,-6.950718],[-34.831781,-6.950381],[-34.831549,-6.950257],[-34.831305,-6.950131],[-34.831047,-6.950002],[-34.830769,-6.949866],[-34.830521,-6.949749],[-34.830245,-6.94962],[-34.829307,-6.94919],[-34.82895,-6.949024],[-34.828592,-6.948855],[-34.828272,-6.948699],[-34.827929,-6.948525],[-34.827767,-6.94844],[-34.82761,-6.948355],[-34.827458,-6.948272],[-34.827311,-6.948188],[-34.827167,-6.948105],[-34.827027,-6.948021],[-34.826744,-6.947848],[-34.826479,-6.947684],[-34.826228,-6.947527],[-34.825989,-6.947374],[-34.825759,-6.947224],[-34.825538,-6.947077],[-34.825324,-6.946933],[-34.825117,-6.94679],[-34.824915,-6.946647],[-34.824719,-6.946505],[-34.824529,-6.946364],[-34.824344,-6.946223],[-34.824164,-6.946082],[-34.82399,-6.945942],[-34.823819,-6.945802],[-34.823654,-6.945661],[-34.823456,-6.945487],[-34.823253,-6.945302],[-34.823043,-6.945103],[-34.822822,-6.944887],[-34.822612,-6.944675],[-34.82238,-6.944437],[-34.821584,-6.943606],[-34.82138,-6.943393],[-34.821177,-6.943175],[-34.820974,-6.942954],[-34.820771,-6.942729],[-34.820568,-6.942499],[-34.820365,-6.942265],[-34.820161,-6.942026],[-34.819957,-6.941782],[-34.819752,-6.941534],[-34.819546,-6.94128],[-34.81934,-6.941021],[-34.819131,-6.940757],[-34.818922,-6.940486],[-34.81871,-6.940208],[-34.818496,-6.939924],[-34.818279,-6.939631],[-34.817925,-6.939147],[-34.81756,-6.938637],[-34.817179,-6.938096],[-34.816776,-6.937514],[-34.816425,-6.937002],[-34.816037,-6.93643],[-34.814754,-6.934523],[-34.814275,-6.933815],[-34.813799,-6.933118],[-34.813365,-6.932491],[-34.812907,-6.931841],[-34.812687,-6.931534],[-34.81247,-6.931235],[-34.812258,-6.930945],[-34.812048,-6.930663],[-34.811841,-6.930388],[-34.811636,-6.930119],[-34.810459,-6.928591],[-34.809403,-6.927229],[-34.808417,-6.925966],[-34.807483,-6.924779],[-34.806578,-6.923641],[-34.805703,-6.922552],[-34.804853,-6.921505],[-34.804022,-6.920495],[-34.80311,-6.919398],[-34.802195,-6.918309],[-34.801277,-6.917228],[-34.800357,-6.916155],[-34.799435,-6.91509],[-34.79851,-6.914034],[-34.797584,-6.912987],[-34.796655,-6.911948],[-34.795635,-6.910819],[-34.794611,-6.909699],[-34.793584,-6.908587],[-34.792553,-6.907484],[-34.79152,-6.906391],[-34.790483,-6.905306],[-34.789443,-6.90423],[-34.7884,-6.903163],[-34.787795,-6.902549],[-34.787188,-6.901938],[-34.786581,-6.90133],[-34.785971,-6.900724],[-34.785361,-6.90012],[-34.784749,-6.89952],[-34.784135,-6.898921],[-34.783521,-6.898325],[-34.782905,-6.897732],[-34.782288,-6.897142],[-34.781669,-6.896554],[-34.78105,-6.895969],[-34.780429,-6.895387],[-34.779807,-6.894807],[-34.779184,-6.89423],[-34.77856,-6.893656],[-34.777238,-6.89245],[-34.775965,-6.891303],[-34.77473,-6.890203],[-34.774125,-6.88967],[-34.773528,-6.889146],[-34.772936,-6.888631],[-34.77235,-6.888126],[-34.77177,-6.887628],[-34.771195,-6.887139],[-34.770625,-6.886658],[-34.770059,-6.886184],[-34.769497,-6.885718],[-34.76894,-6.885259],[-34.767913,-6.884422],[-34.766909,-6.883613],[-34.765925,-6.882829],[-34.764958,-6.882069],[-34.764006,-6.88133],[-34.763067,-6.880612],[-34.76214,-6.879913],[-34.761223,-6.879232],[-34.76069,-6.878841],[-34.760152,-6.87845],[-34.759609,-6.878058],[-34.759062,-6.877667],[-34.75851,-6.877276],[-34.757954,-6.876885],[-34.757393,-6.876494],[-34.756827,-6.876102],[-34.756257,-6.875711],[-34.755681,-6.875319],[-34.7551,-6.874927],[-34.754515,-6.874534],[-34.753328,-6.873748],[-34.752119,-6.87296],[-34.751447,-6.872527],[-34.750766,-6.872093],[-34.750075,-6.871657],[-34.749375,-6.871218],[-34.748664,-6.870778],[-34.747943,-6.870334],[-34.74721,-6.869888],[-34.746466,-6.869438],[-34.745656,-6.868954],[-34.744837,-6.86847],[-34.744007,-6.867984],[-34.743166,-6.867497],[-34.742314,-6.867008],[-34.74145,-6.866518],[-34.740575,-6.866026],[-34.739686,-6.865531],[-34.738945,-6.865122],[-34.738194,-6.864712],[-34.737433,-6.8643],[-34.736661,-6.863886],[-34.735879,-6.86347],[-34.735085,-6.863052],[-34.734279,-6.862631],[-34.733461,-6.862206],[-34.732573,-6.86175],[-34.731673,-6.861293],[-34.73076,-6.860833],[-34.729835,-6.860373],[-34.728896,-6.85991],[-34.727944,-6.859444],[-34.726976,-6.858976],[-34.725992,-6.858504],[-34.725178,-6.858117],[-34.724353,-6.857728],[-34.722666,-6.856944],[-34.720926,-6.856149],[-34.719125,-6.855339],[-34.718178,-6.854918],[-34.717217,-6.854495],[-34.716242,-6.85407],[-34.715251,-6.853642],[-34.714243,-6.85321],[-34.713218,-6.852775],[-34.711107,-6.851891],[-34.710142,-6.851492],[-34.709161,-6.85109],[-34.70715,-6.850276],[-34.705062,-6.849446],[-34.702883,-6.848593],[-34.700877,-6.84782],[-34.698775,-6.847024],[-34.696553,-6.846196],[-34.694167,-6.845319],[-34.69216,-6.844592],[-34.690087,-6.843853],[-34.687937,-6.843099],[-34.685696,-6.842324],[-34.683364,-6.841529],[-34.680887,-6.840694],[-34.678221,-6.839804],[-34.675235,-6.838818],[-34.672831,-6.838033],[-34.67032,-6.837227],[-34.66768,-6.836391],[-34.664865,-6.835513],[-34.662119,-6.834666],[-34.659057,-6.833731],[-34.656169,-6.832854],[-34.648822,-6.830629],[-34.64141,-6.828378],[-34.637514,-6.827199],[-34.633767,-6.826073],[-34.630386,-6.825067],[-34.627003,-6.824072],[-34.623812,-6.823148],[-34.620766,-6.82228],[-34.617836,-6.82146],[-34.614462,-6.820529],[-34.61175,-6.81979],[-34.609288,-6.81913],[-34.607011,-6.818533],[-34.604316,-6.817842],[-34.601574,-6.817154],[-34.598781,-6.816469],[-34.595934,-6.815785],[-34.593532,-6.815221],[-34.591103,-6.814661],[-34.588647,-6.814107],[-34.586163,-6.813558],[-34.58365,-6.813014],[-34.581105,-6.812474],[-34.578528,-6.811938],[-34.575917,-6.811406],[-34.573433,-6.81091],[-34.570918,-6.81042],[-34.568369,-6.809934],[-34.565785,-6.809452],[-34.563163,-6.808974],[-34.560501,-6.8085],[-34.557795,-6.808028],[-34.555044,-6.807559],[-34.55244,-6.807125],[-34.549804,-6.806697],[-34.547136,-6.806274],[-34.544433,-6.805856],[-34.541694,-6.805444],[-34.538916,-6.805035],[-34.536096,-6.804631],[-34.533232,-6.80423],[-34.530135,-6.803809],[-34.526968,-6.803392],[-34.523724,-6.802978],[-34.520395,-6.802565],[-34.517228,-6.802185],[-34.513979,-6.801808],[-34.510639,-6.801433],[-34.507192,-6.801058],[-34.503959,-6.800718],[-34.500674,-6.800385],[-34.497331,-6.800058],[-34.493925,-6.799737],[-34.490452,-6.799422],[-34.486903,-6.799111],[-34.48327,-6.798804],[-34.479542,-6.7985],[-34.476178,-6.798237],[-34.47274,-6.79798],[-34.469221,-6.797728],[-34.465608,-6.797482],[-34.461898,-6.797239],[-34.458064,-6.797],[-34.454088,-6.796762],[-34.449934,-6.796523],[-34.443781,-6.796181],[-34.438857,-6.795918],[-34.434392,-6.795694],[-34.430269,-6.795504],[-34.428251,-6.795417],[-34.426288,-6.795337],[-34.424373,-6.795265],[-34.4225,-6.795198],[-34.420664,-6.795139],[-34.418862,-6.795085],[-34.417093,-6.795038],[-34.415352,-6.794997],[-34.412389,-6.794933],[-34.410353,-6.794895],[-34.408503,-6.79487],[-34.406817,-6.794856],[-34.404707,-6.794854],[-34.40255,-6.794864],[-34.400342,-6.794888],[-34.398074,-6.794926],[-34.396195,-6.794967],[-34.39429,-6.795018],[-34.392358,-6.795081],[-34.390396,-6.795153],[-34.388404,-6.795237],[-34.386377,-6.795331],[-34.384314,-6.795437],[-34.38221,-6.795553],[-34.380268,-6.79567],[-34.378292,-6.795798],[-34.37628,-6.795938],[-34.374228,-6.796091],[-34.372133,-6.796255],[-34.369989,-6.796433],[-34.367789,-6.796624],[-34.365525,-6.796829],[-34.363481,-6.797022],[-34.361397,-6.797228],[-34.359271,-6.797448],[-34.357097,-6.797682],[-34.354871,-6.797929],[-34.352584,-6.798192],[-34.350226,-6.798472],[-34.347784,-6.798769],[-34.345912,-6.799003],[-34.344002,-6.799248],[-34.342049,-6.799505],[-34.340047,-6.799775],[-34.337993,-6.800058],[-34.335874,-6.800355],[-34.33368,-6.800669],[-34.331394,-6.801001],[-34.328176,-6.80148],[-34.324786,-6.802001],[-34.321172,-6.80257],[-34.317211,-6.803206],[-34.313883,-6.803755],[-34.310213,-6.804374],[-34.306243,-6.805057],[-34.299809,-6.806176],[-34.296373,-6.80678],[-34.292801,-6.807418],[-34.289064,-6.808098],[-34.285108,-6.808828],[-34.281047,-6.809587],[-34.276561,-6.810434],[-34.271891,-6.811323],[-34.258888,-6.813805],[-34.251294,-6.815239],[-34.247153,-6.816011],[-34.243286,-6.816722],[-34.239614,-6.817387],[-34.236099,-6.818013],[-34.229633,-6.819147],[-34.223165,-6.82027],[-34.216695,-6.821381],[-34.210222,-6.82248]]]}},
{"type":"Feature","properties":{"idhidrovia":200000375,"nome":"Porto de Cabedelo - Porto de Natal","navegacao":"Navegação de Cabotagem","tipo":"Marítimo/oceânico","vel_cional":25.0,"extensao":138.6,"tempo":"0d 5h 32min","cla_icacao":"Percurso externo","nome_rio":null,"nom_eclusa":null,"jurisdicao":null,"reg_rafica":null,"pro_de_min":null,"pro_de_max":null,"dominio":null,"observacao":null,"snv":null,"fonte":null,"idm_origem":null,"mun_origem":null,"est_origem":null,"idm_estino":null,"mun_estino":null,"est_estino":null,"idantaq":null,"camada sim":"26","Fluxo":19865253.0},"geometry":{"type":"MultiLineString","coordinates":[[[-34.210222,-6.82248],[-34.212456,-6.811286],[-34.213107,-6.807991],[-34.214661,-6.800135],[-34.216837,-6.789024],[-34.218985,-6.777949],[-34.221106,-6.766908],[-34.223202,-6.755894],[-34.225272,-6.744904],[-34.227317,-6.733931],[-34.229338,-6.722982],[-34.231337,-6.712037],[-34.233315,-6.701092],[-34.235274,-6.690136],[-34.237215,-6.679162],[-34.239142,-6.668158],[-34.241054,-6.657111],[-34.242957,-6.646006],[-34.244619,-6.636205],[-34.246277,-6.626332],[-34.247935,-6.61637],[-34.249596,-6.606297],[-34.251262,-6.596099],[-34.252941,-6.585733],[-34.254639,-6.575158],[-34.256365,-6.564315],[-34.259349,-6.545376],[-34.26256,-6.524754],[-34.265592,-6.505107],[-34.268667,-6.485097],[-34.272546,-6.459863],[-34.276014,-6.437474],[-34.277823,-6.425918],[-34.279526,-6.415138],[-34.281156,-6.404923],[-34.282732,-6.395162],[-34.284635,-6.383535],[-34.286495,-6.372358],[-34.287413,-6.366908],[-34.288325,-6.361542],[-34.289232,-6.356251],[-34.290136,-6.351029],[-34.291039,-6.345861],[-34.29194,-6.340752],[-34.292841,-6.335695],[-34.293741,-6.330687],[-34.294642,-6.325724],[-34.295544,-6.320802],[-34.296448,-6.315918],[-34.297355,-6.311068],[-34.298594,-6.30452],[-34.29984,-6.298024],[-34.301094,-6.291575],[-34.302357,-6.285167],[-34.30363,-6.278795],[-34.304914,-6.272455],[-34.30621,-6.266141],[-34.307518,-6.259851],[-34.308841,-6.253577],[-34.310178,-6.247319],[-34.31153,-6.241074],[-34.312898,-6.234838],[-34.314282,-6.228609],[-34.315683,-6.222383],[-34.317101,-6.216158],[-34.318537,-6.209931],[-34.319996,-6.203687],[-34.321473,-6.197437],[-34.322971,-6.191178],[-34.324489,-6.184908],[-34.326027,-6.178626],[-34.327587,-6.172328],[-34.329169,-6.166014],[-34.330773,-6.159682],[-34.332399,-6.153329],[-34.334049,-6.146953],[-34.335723,-6.140554],[-34.33742,-6.13413],[-34.339142,-6.127678],[-34.340889,-6.121198],[-34.342661,-6.114689],[-34.344459,-6.108148],[-34.345886,-6.102998],[-34.347329,-6.097824],[-34.34879,-6.092623],[-34.350268,-6.087395],[-34.351764,-6.082141],[-34.353277,-6.076858],[-34.354808,-6.071547],[-34.356356,-6.066207],[-34.357924,-6.060836],[-34.359509,-6.055435],[-34.361113,-6.050003],[-34.362736,-6.04454],[-34.364377,-6.039044],[-34.366038,-6.033516],[-34.367718,-6.027954],[-34.369417,-6.022358],[-34.371136,-6.016727],[-34.372875,-6.01106],[-34.374634,-6.005358],[-34.376413,-5.999619],[-34.378212,-5.993844],[-34.380031,-5.988032],[-34.381871,-5.982182],[-34.383732,-5.976293],[-34.387517,-5.964399],[-34.391387,-5.952345],[-34.395343,-5.940127],[-34.399386,-5.927741],[-34.40151,-5.921293],[-34.403735,-5.914594],[-34.406056,-5.907661],[-34.408466,-5.900512],[-34.41096,-5.893166],[-34.413532,-5.885642],[-34.416173,-5.87796],[-34.418877,-5.870141],[-34.421637,-5.862208],[-34.424444,-5.854181],[-34.427291,-5.846084],[-34.430171,-5.837937],[-34.433075,-5.829763],[-34.435996,-5.821583],[-34.438927,-5.813418],[-34.44186,-5.805288],[-34.444761,-5.797287],[-34.447651,-5.789358],[-34.450524,-5.781518],[-34.453373,-5.773783],[-34.456192,-5.766171],[-34.458977,-5.758694],[-34.461723,-5.751365],[-34.464424,-5.744198]]]}},
{"type":"Feature","properties":{"idhidrovia":200000376,"nome":"Acesso ao Porto de Natal","navegacao":"Navegação de Cabotagem","tipo":"Marítimo/oceânico","vel_cional":15.0,"extensao":1.0,"tempo":"0d 0h 4min","cla_icacao":"Acesso simples","nome_rio":null,"nom_eclusa":null,"jurisdicao":null,"reg_rafica":null,"pro_de_min":null,"pro_de_max":null,"dominio":null,"observacao":null,"snv":null,"fonte":null,"idm_origem":"BR240810","mun_origem":"Natal","est_origem":"RN","idm_estino":null,"mun_estino":null,"est_estino":null,"idantaq":null,"camada sim":"27","Fluxo":59451.0},"geometry":{"type":"MultiLineString","coordinates":[[[-35.205051,-5.773126],[-35.20517,-5.773014],[-35.205284,-5.772901],[-35.205393,-5.772787],[-35.205498,-5.772672],[-35.205597,-5.772555],[-35.205692,-5.772437],[-35.205783,-5.772319],[-35.205868,-5.772199],[-35.205949,-5.772077],[-35.206025,-5.771955],[-35.206096,-5.771832],[-35.206163,-5.771707],[-35.206225,-5.771581],[-35.206282,-5.771454],[-35.206334,-5.771326],[-35.206382,-5.771196],[-35.2064,-5.77114],[-35.206417,-5.771083],[-35.206432,-5.771025],[-35.206445,-5.770966],[-35.206456,-5.770906],[-35.206466,-5.770845],[-35.206473,-5.770783],[-35.206479,-5.770719],[-35.206483,-5.770655],[-35.206486,-5.770589],[-35.206486,-5.770453],[-35.206478,-5.770311],[-35.206464,-5.770162],[-35.206447,-5.770034],[-35.206425,-5.769899],[-35.206398,-5.769757],[-35.206365,-5.769603],[-35.206333,-5.769466],[-35.206295,-5.769312],[-35.206156,-5.768774],[-35.206103,-5.768561],[-35.206053,-5.768345],[-35.206013,-5.768151],[-35.205994,-5.768042],[-35.205977,-5.767938],[-35.205963,-5.767837],[-35.205952,-5.767739],[-35.205943,-5.767644],[-35.205938,-5.767552],[-35.205935,-5.767462],[-35.205934,-5.767374],[-35.205937,-5.767257],[-35.205942,-5.767135],[-35.205949,-5.767007],[-35.205959,-5.766872],[-35.205987,-5.766582],[-35.206053,-5.765987],[-35.206078,-5.765732],[-35.20609,-5.765593],[-35.2061,-5.765463],[-35.206106,-5.76534],[-35.206111,-5.765222],[-35.206118,-5.764928],[-35.206121,-5.764652],[-35.206121,-5.764388],[-35.206117,-5.764135],[-35.20611,-5.763891],[-35.206099,-5.763654],[-35.206085,-5.763425],[-35.206067,-5.763202],[-35.206039,-5.762914],[-35.206012,-5.762663],[-35.205984,-5.762431],[-35.205953,-5.762214],[-35.20592,-5.762008],[-35.205884,-5.761812],[-35.205844,-5.761625],[-35.205802,-5.761446],[-35.205767,-5.761313],[-35.205729,-5.76118],[-35.205687,-5.761047],[-35.205643,-5.760913],[-35.205596,-5.760779],[-35.205545,-5.760645],[-35.205491,-5.76051],[-35.205435,-5.760374],[-35.205375,-5.760238],[-35.205312,-5.760102],[-35.205246,-5.759966],[-35.205177,-5.759829],[-35.205105,-5.759691],[-35.20503,-5.759553],[-35.204952,-5.759415],[-35.20487,-5.759276],[-35.204786,-5.759137],[-35.204699,-5.758998],[-35.204608,-5.758858],[-35.204514,-5.758718],[-35.204418,-5.758578],[-35.204318,-5.758437],[-35.204215,-5.758296],[-35.20411,-5.758154],[-35.204001,-5.758012],[-35.203889,-5.75787],[-35.203774,-5.757727],[-35.203656,-5.757584],[-35.203535,-5.757441],[-35.203411,-5.757297],[-35.203283,-5.757153],[-35.203153,-5.757008],[-35.202988,-5.756831],[-35.202817,-5.756654],[-35.202639,-5.756478],[-35.202454,-5.756302],[-35.202263,-5.756126],[-35.202065,-5.755951],[-35.201862,-5.755776],[-35.201652,-5.755603],[-35.201517,-5.755496],[-35.201373,-5.755388],[-35.201219,-5.755278],[-35.201052,-5.755164],[-35.200897,-5.755061],[-35.200723,-5.75495],[-35.200093,-5.754557],[-35.199841,-5.754396],[-35.199707,-5.754308],[-35.199583,-5.754225],[-35.199467,-5.754144],[-35.199356,-5.754065],[-35.19902,-5.753819],[-35.198723,-5.753598],[-35.198449,-5.753392],[-35.198193,-5.753197],[-35.197949,-5.753006],[-35.197716,-5.752821],[-35.197493,-5.75264],[-35.197279,-5.752463],[-35.19707,-5.752285],[-35.196868,-5.752109],[-35.196673,-5.751935],[-35.196485,-5.751762],[-35.196303,-5.751589],[-35.196128,-5.751418],[-35.195958,-5.751246],[-35.195793,-5.751075],[-35.195691,-5.750961],[-35.195581,-5.750829],[-35.195474,-5.750692],[-35.195193,-5.750325],[-35.195107,-5.750217],[-35.195028,-5.750123],[-35.194935,-5.75002],[-35.194845,-5.749928],[-35.194756,-5.749845],[-35.194666,-5.749772],[-35.194598,-5.74972],[-35.194525,-5.74967],[-35.19445,-5.749621],[-35.19437,-5.749574],[-35.194287,-5.749528],[-35.194199,-5.749482],[-35.194107,-5.749438],[-35.194009,-5.749394],[-35.193849,-5.749327],[-35.193669,-5.749258],[-35.19348,-5.74919],[-35.192954,-5.749006],[-35.192796,-5.748947],[-35.192655,-5.748892],[-35.192307,-5.748752],[-35.191965,-5.748617],[-35.19163,-5.748488],[-35.191301,-5.748365],[-35.190977,-5.748246],[-35.190659,-5.748133],[-35.190345,-5.748025],[-35.190036,-5.747922],[-35.189725,-5.747823],[-35.18941,-5.747728],[-35.18909,-5.747636],[-35.188766,-5.747548],[-35.188437,-5.747464],[-35.188104,-5.747384],[-35.187765,-5.747307],[-35.187421,-5.747234],[-35.187071,-5.747165],[-35.186716,-5.747099],[-35.186355,-5.747036],[-35.185987,-5.746977],[-35.185612,-5.746921],[-35.185229,-5.746868],[-35.184839,-5.746819],[-35.184439,-5.746772],[-35.184084,-5.746734],[-35.183721,-5.746698],[-35.183349,-5.746664],[-35.182968,-5.746632],[-35.182575,-5.746601],[-35.182171,-5.746573],[-35.181751,-5.746546],[-35.181314,-5.746521],[-35.180667,-5.746487],[-35.179958,-5.746455],[-35.179133,-5.746421],[-35.177387,-5.746356],[-35.176631,-5.746326],[-35.175834,-5.746291],[-35.175121,-5.746255],[-35.174451,-5.74622],[-35.173783,-5.746189],[-35.173117,-5.746161],[-35.172453,-5.746136],[-35.171792,-5.746115],[-35.171133,-5.746098],[-35.170476,-5.746083],[-35.169822,-5.746073],[-35.168756,-5.746061],[-35.167791,-5.746055],[-35.166889,-5.746056],[-35.166036,-5.746064],[-35.165214,-5.746078],[-35.164424,-5.7461],[-35.163661,-5.746128],[-35.163288,-5.746145],[-35.16292,-5.746164],[-35.16271,-5.746176],[-35.162492,-5.746193],[-35.162262,-5.746213],[-35.162018,-5.746238],[-35.16154,-5.746292],[-35.160633,-5.746405],[-35.160264,-5.746449],[-35.159883,-5.74649],[-35.15954,-5.746521],[-35.159341,-5.746536],[-35.159149,-5.746548],[-35.158964,-5.746557],[-35.158785,-5.746563],[-35.158609,-5.746566],[-35.158438,-5.746566],[-35.158271,-5.746563],[-35.158108,-5.746557],[-35.157876,-5.746545],[-35.157644,-5.74653],[-35.157413,-5.746513],[-35.157182,-5.746493],[-35.156951,-5.74647],[-35.156721,-5.746444],[-35.156491,-5.746416],[-35.156263,-5.746385],[-35.156036,-5.746351],[-35.155809,-5.746314],[-35.155584,-5.746275],[-35.155361,-5.746234],[-35.155139,-5.746189],[-35.154918,-5.746143],[-35.1547,-5.746093],[-35.154483,-5.746041],[-35.15423,-5.745976],[-35.153967,-5.745901],[-35.153692,-5.745815],[-35.153398,-5.745719],[-35.153145,-5.745631],[-35.152864,-5.74553],[-35.151898,-5.745173],[-35.151522,-5.745036],[-35.151159,-5.744906],[-35.150794,-5.744771],[-35.150427,-5.744633],[-35.150056,-5.74449],[-35.149682,-5.744344],[-35.149305,-5.744193],[-35.148925,-5.744037],[-35.148541,-5.743878],[-35.148153,-5.743713],[-35.14776,-5.743544],[-35.147363,-5.74337],[-35.14696,-5.743191],[-35.146551,-5.743007],[-35.146136,-5.742817],[-35.145713,-5.742621],[-35.145282,-5.742418],[-35.144576,-5.742081],[-35.143841,-5.741724],[-35.143068,-5.741342],[-35.142243,-5.740929],[-35.140726,-5.740158],[-35.138098,-5.738807],[-35.137132,-5.738313],[-35.136187,-5.737833],[-35.13533,-5.737404],[-35.134454,-5.736971],[-35.133626,-5.736569],[-35.132834,-5.736192],[-35.132071,-5.735838],[-35.129621,-5.734717],[-35.127175,-5.733606],[-35.124731,-5.732504],[-35.12229,-5.731413],[-35.119852,-5.73033],[-35.117417,-5.729257],[-35.114984,-5.728194],[-35.112555,-5.72714],[-35.110476,-5.726245],[-35.1084,-5.725357],[-35.106326,-5.724475],[-35.104254,-5.723601],[-35.102185,-5.722733],[-35.100118,-5.721873],[-35.098054,-5.721019],[-35.095991,-5.720172],[-35.093908,-5.719322],[-35.091827,-5.71848],[-35.089748,-5.717643],[-35.08767,-5.716814],[-35.085595,-5.715991],[-35.083522,-5.715175],[-35.081451,-5.714365],[-35.079381,-5.713563],[-35.077103,-5.712686],[-35.074827,-5.711816],[-35.072553,-5.710955],[-35.07028,-5.710101],[-35.068009,-5.709254],[-35.065741,-5.708416],[-35.063474,-5.707585],[-35.061209,-5.706762],[-35.058924,-5.705939],[-35.056642,-5.705123],[-35.054361,-5.704315],[-35.052081,-5.703514],[-35.049804,-5.702721],[-35.047528,-5.701936],[-35.045254,-5.701158],[-35.042982,-5.700388],[-35.040691,-5.699619],[-35.038402,-5.698857],[-35.036115,-5.698102],[-35.033828,-5.697355],[-35.031544,-5.696616],[-35.029261,-5.695883],[-35.026979,-5.695159],[-35.024699,-5.694441],[-35.022402,-5.693726],[-35.020106,-5.693017],[-35.017811,-5.692316],[-35.015518,-5.691622],[-35.013227,-5.690936],[-35.010937,-5.690257],[-35.008649,-5.689586],[-35.006362,-5.688922],[-35.003292,-5.688041],[-35.000222,-5.687172],[-34.997153,-5.686316],[-34.994085,-5.685473],[-34.991019,-5.684642],[-34.987953,-5.683824],[-34.98489,-5.683019],[-34.981827,-5.682226],[-34.978747,-5.681441],[-34.975666,-5.680668],[-34.972586,-5.679908],[-34.969506,-5.679159],[-34.966427,-5.678423],[-34.963349,-5.6777],[-34.960271,-5.676989],[-34.957195,-5.67629],[-34.953332,-5.67543],[-34.949469,-5.674589],[-34.945609,-5.673768],[-34.943679,-5.673364],[-34.94175,-5.672966],[-34.938653,-5.672336],[-34.935557,-5.671718],[-34.932461,-5.671112],[-34.929367,-5.670519],[-34.926265,-5.669937],[-34.923162,-5.669367],[-34.920058,-5.668809],[-34.916954,-5.668262],[-34.913848,-5.667728],[-34.910741,-5.667205],[-34.907634,-5.666695],[-34.904527,-5.666197],[-34.901414,-5.665709],[-34.8983,-5.665234],[-34.895185,-5.664771],[-34.892068,-5.664319],[-34.888949,-5.66388],[-34.88583,-5.663452],[-34.88271,-5.663037],[-34.879589,-5.662633],[-34.876467,-5.662241],[-34.873343,-5.661861],[-34.870216,-5.661493],[-34.867087,-5.661136],[-34.863956,-5.660791],[-34.860824,-5.660458],[-34.85769,-5.660137],[-34.854554,-5.659828],[-34.851486,-5.659538],[-34.848398,-5.659257],[-34.845289,-5.658987],[-34.84216,-5.658726],[-34.839009,-5.658475],[-34.835836,-5.658235],[-34.83264,-5.658004],[-34.829421,-5.657783],[-34.826464,-5.657591],[-34.823424,-5.657407],[-34.820288,-5.657229],[-34.81704,-5.657057],[-34.813675,-5.65689],[-34.810143,-5.656725],[-34.806399,-5.656561],[-34.802346,-5.656393],[-34.798445,-5.65624],[-34.794723,-5.656103],[-34.791145,-5.655982],[-34.787686,-5.655875],[-34.784324,-5.655782],[-34.78105,-5.655703],[-34.777855,-5.655637],[-34.77473,-5.655584],[-34.771544,-5.65554],[-34.768506,-5.655506],[-34.765586,-5.655482],[-34.762765,-5.655468],[-34.760023,-5.655464],[-34.757354,-5.655469],[-34.75475,-5.655484],[-34.752203,-5.655508],[-34.748834,-5.655554],[-34.745616,-5.655612],[-34.742521,-5.655681],[-34.739528,-5.655763],[-34.736826,-5.65585],[-34.734228,-5.655943],[-34.731716,-5.656044],[-34.729278,-5.656153],[-34.726685,-5.656281],[-34.72414,-5.656417],[-34.721639,-5.656562],[-34.719178,-5.656716],[-34.716755,-5.656879],[-34.714368,-5.657051],[-34.712014,-5.657233],[-34.709691,-5.657423],[-34.706761,-5.65768],[-34.705332,-5.657811],[-34.703924,-5.657945],[-34.702535,-5.65808],[-34.701166,-5.658219],[-34.699814,-5.65836],[-34.698478,-5.658503],[-34.696141,-5.658764],[-34.693854,-5.659032],[-34.691614,-5.659306],[-34.689416,-5.659588],[-34.687202,-5.659884],[-34.684994,-5.660192],[-34.682792,-5.660511],[-34.680596,-5.660842],[-34.678446,-5.661178],[-34.6762,-5.661543],[-34.673835,-5.661941],[-34.671304,-5.662378],[-34.668782,-5.662826],[-34.666246,-5.66329],[-34.663697,-5.663769],[-34.661134,-5.664265],[-34.658598,-5.664768],[-34.656065,-5.665284],[-34.653533,-5.665813],[-34.651003,-5.666355],[-34.648478,-5.666908],[-34.645954,-5.667475],[-34.643431,-5.668055],[-34.640911,-5.668647],[-34.638396,-5.669252],[-34.635882,-5.669869],[-34.633369,-5.6705],[-34.630857,-5.671143],[-34.629426,-5.671516],[-34.627995,-5.671892],[-34.626564,-5.672274],[-34.625134,-5.672659],[-34.623703,-5.673049],[-34.622273,-5.673443],[-34.620844,-5.673841],[-34.619414,-5.674244],[-34.616922,-5.674956],[-34.614429,-5.675682],[-34.611936,-5.676422],[-34.609443,-5.677174],[-34.606961,-5.677937],[-34.604478,-5.678714],[-34.601995,-5.679504],[-34.599511,-5.680308],[-34.597039,-5.681121],[-34.594567,-5.681949],[-34.592092,-5.68279],[-34.589617,-5.683645],[-34.588211,-5.684137],[-34.586804,-5.684633],[-34.585397,-5.685134],[-34.58399,-5.685639],[-34.582582,-5.686149],[-34.581174,-5.686664],[-34.579766,-5.687183],[-34.578358,-5.687707],[-34.575908,-5.688628],[-34.573457,-5.689564],[-34.571003,-5.690514],[-34.568547,-5.691478],[-34.566107,-5.69245],[-34.563665,-5.693436],[-34.561221,-5.694437],[-34.558775,-5.695453],[-34.556349,-5.696473],[-34.553918,-5.69751],[-34.551482,-5.698562],[-34.549041,-5.69963],[-34.546801,-5.700623],[-34.544559,-5.701628],[-34.542315,-5.702646],[-34.540069,-5.703677],[-34.537821,-5.704721],[-34.535571,-5.705777],[-34.53332,-5.706846],[-34.531067,-5.707927],[-34.528847,-5.709005],[-34.526624,-5.710096],[-34.524398,-5.711201],[-34.522169,-5.712319],[-34.519937,-5.71345],[-34.517703,-5.714595],[-34.515466,-5.715753],[-34.513227,-5.716924],[-34.511957,-5.717595],[-34.510636,-5.718299],[-34.509253,-5.719042],[-34.507783,-5.719837],[-34.504728,-5.721503],[-34.499594,-5.724321],[-34.495171,-5.726758],[-34.490756,-5.729208],[-34.486348,-5.731672],[-34.481948,-5.73415],[-34.477555,-5.736641],[-34.47317,-5.739146],[-34.468793,-5.741665],[-34.464424,-5.744198]]]}},
{"type":"Feature","properties":{"idhidrovia":200000378,"nome":"Acesso ao Porto de Areia Branca","navegacao":"Navegação de Cabotagem","tipo":"Marítimo/oceânico","vel_cional":15.0,"extensao":1.0,"tempo":"0d 0h 4min","cla_icacao":"Acesso simples","nome_rio":null,"nom_eclusa":null,"jurisdicao":null,"reg_rafica":null,"pro_de_min":null,"pro_de_max":null,"dominio":null,"observacao":null,"snv":null,"fonte":null,"idm_origem":null,"mun_origem":null,"est_origem":null,"idm_estino":null,"mun_estino":null,"est_estino":null,"idantaq":null,"camada sim":"28","Fluxo":884804.0},"geometry":{"type":"MultiLineString","coordinates":[[[-36.967898,-4.23425],[-36.965645,-4.239722],[-36.963567,-4.24566],[-36.961934,-4.251007],[-36.961311,-4.25649],[-36.960707,-4.261973],[-36.960123,-4.267456],[-36.959557,-4.272939],[-36.959012,-4.278423],[-36.958485,-4.283907],[-36.957978,-4.289391],[-36.95749,-4.294876],[-36.957021,-4.30036],[-36.956572,-4.305845],[-36.956142,-4.31133],[-36.955731,-4.316815],[-36.95534,-4.322301],[-36.955151,-4.325044],[-36.954968,-4.327787],[-36.954615,-4.333273],[-36.954446,-4.336016],[-36.954281,-4.338759],[-36.953967,-4.344245],[-36.953673,-4.349732],[-36.953532,-4.352475],[-36.953397,-4.355218],[-36.953267,-4.357962],[-36.953141,-4.360705],[-36.95302,-4.363449],[-36.952904,-4.366193],[-36.952687,-4.37168],[-36.952488,-4.377168],[-36.952397,-4.379911],[-36.95231,-4.382655],[-36.952227,-4.385399],[-36.95215,-4.388144],[-36.95201,-4.393632],[-36.951889,-4.39912],[-36.951836,-4.401865],[-36.951787,-4.404609],[-36.951744,-4.407353],[-36.951705,-4.410098],[-36.951589,-4.419453],[-36.9515,-4.427861],[-36.951435,-4.435697],[-36.951394,-4.443096],[-36.951374,-4.450226],[-36.951378,-4.457078],[-36.951403,-4.463703],[-36.951425,-4.466939],[-36.951452,-4.47013],[-36.951485,-4.47333],[-36.951524,-4.476488],[-36.95157,-4.479607],[-36.951621,-4.482689],[-36.951678,-4.485736],[-36.951742,-4.488751],[-36.951811,-4.491734],[-36.951887,-4.494687],[-36.951969,-4.497613],[-36.952057,-4.500512],[-36.952151,-4.503384],[-36.952252,-4.506231],[-36.952359,-4.509054],[-36.952472,-4.511853],[-36.952592,-4.51463],[-36.952718,-4.517385],[-36.952854,-4.520181],[-36.952997,-4.522956],[-36.953146,-4.525711],[-36.953302,-4.528445],[-36.953465,-4.53116],[-36.953635,-4.533856],[-36.953812,-4.536534],[-36.953996,-4.539194],[-36.954187,-4.541837],[-36.954385,-4.544463],[-36.95459,-4.547073],[-36.954803,-4.549666],[-36.955022,-4.552244],[-36.955249,-4.554806],[-36.955483,-4.557354],[-36.955724,-4.559886],[-36.955972,-4.562406],[-36.956228,-4.564912],[-36.956491,-4.567404],[-36.956762,-4.569882],[-36.95704,-4.572348],[-36.957325,-4.5748],[-36.957618,-4.577239],[-36.957919,-4.579666],[-36.958226,-4.58208],[-36.958542,-4.584483],[-36.958865,-4.586873],[-36.959195,-4.589252],[-36.959533,-4.591619],[-36.959879,-4.593975],[-36.960233,-4.596319],[-36.960594,-4.598653],[-36.962239,-4.609166],[-36.963109,-4.614687],[-36.963957,-4.620005],[-36.964734,-4.624804],[-36.965526,-4.629602],[-36.96629,-4.634121],[-36.967035,-4.638429],[-36.967404,-4.640516],[-36.96777,-4.642563],[-36.968155,-4.644688],[-36.96854,-4.646775],[-36.968923,-4.648828],[-36.969307,-4.650849],[-36.969691,-4.652839],[-36.970076,-4.654802],[-36.970461,-4.656738],[-36.970848,-4.658649],[-36.971237,-4.660537],[-36.971627,-4.662402],[-36.972019,-4.664246],[-36.972413,-4.666069],[-36.97281,-4.667872],[-36.973209,-4.669656],[-36.973611,-4.671421],[-36.974015,-4.673168],[-36.974442,-4.67498],[-36.974872,-4.676774],[-36.975306,-4.67855],[-36.975744,-4.680308],[-36.976185,-4.682051],[-36.97663,-4.683777],[-36.977079,-4.685487],[-36.977533,-4.687182],[-36.97799,-4.688863],[-36.978452,-4.690529],[-36.978918,-4.692181],[-36.979389,-4.693819],[-36.979865,-4.695443],[-36.980345,-4.697054],[-36.98083,-4.698653],[-36.98132,-4.700238],[-36.981815,-4.701812],[-36.982315,-4.703374],[-36.98282,-4.704923],[-36.98333,-4.706461],[-36.983846,-4.707987],[-36.984366,-4.709502],[-36.984892,-4.711005],[-36.985424,-4.712497],[-36.985961,-4.713978],[-36.986503,-4.715448],[-36.987051,-4.716908],[-36.987604,-4.718357],[-36.988163,-4.719795],[-36.988728,-4.721223],[-36.989299,-4.722641],[-36.989875,-4.724049],[-36.99052,-4.725602],[-36.991172,-4.727152],[-36.991831,-4.728699],[-36.992496,-4.730244],[-36.993168,-4.731786],[-36.993847,-4.733326],[-36.994532,-4.734862],[-36.995225,-4.736396],[-36.995573,-4.737163],[-36.995924,-4.737928],[-36.99663,-4.739457],[-36.997342,-4.740983],[-36.997701,-4.741745],[-36.998061,-4.742506],[-36.998787,-4.744027],[-36.99952,-4.745545],[-37.00026,-4.74706],[-37.001006,-4.748573],[-37.001759,-4.750083],[-37.002518,-4.75159],[-37.003285,-4.753094],[-37.004058,-4.754596],[-37.004447,-4.755346],[-37.004838,-4.756095],[-37.005624,-4.757592],[-37.006418,-4.759086],[-37.007218,-4.760577],[-37.008025,-4.762065],[-37.008431,-4.762809],[-37.008838,-4.763551],[-37.009248,-4.764293],[-37.009659,-4.765034],[-37.010486,-4.766515],[-37.01132,-4.767993],[-37.01216,-4.769468],[-37.013007,-4.77094],[-37.013861,-4.77241],[-37.014722,-4.773877],[-37.01559,-4.775341],[-37.016464,-4.776803],[-37.017345,-4.778262],[-37.018232,-4.779718],[-37.019127,-4.781171],[-37.020028,-4.782622],[-37.020936,-4.784071],[-37.021851,-4.785516],[-37.022772,-4.786959],[-37.0237,-4.788399],[-37.024635,-4.789837],[-37.025577,-4.791272],[-37.026525,-4.792704],[-37.02748,-4.794133],[-37.028442,-4.79556],[-37.02941,-4.796984],[-37.030386,-4.798405],[-37.031368,-4.799824],[-37.032356,-4.80124],[-37.033352,-4.802653],[-37.034354,-4.804064],[-37.035363,-4.805472],[-37.036379,-4.806877],[-37.037401,-4.80828],[-37.03843,-4.80968],[-37.039466,-4.811077],[-37.040509,-4.812472],[-37.041558,-4.813864],[-37.042614,-4.815253],[-37.043677,-4.816639],[-37.044747,-4.818023]]]}},
{"type":"Feature","properties":{"idhidrovia":200000379,"nome":"Porto de Areia Branca - Porto de Fortaleza","navegacao":"Navegação de Cabotagem","tipo":"Marítimo/oceânico","vel_cional":25.0,"extensao":217.56,"tempo":"0d 8h 42min","cla_icacao":"Percurso externo","nome_rio":null,"nom_eclusa":null,"jurisdicao":null,"reg_rafica":null,"pro_de_min":null,"pro_de_max":null,"dominio":null,"observacao":null,"snv":null,"fonte":null,"idm_origem":null,"mun_origem":null,"est_origem":null,"idm_estino":null,"mun_estino":null,"est_estino":null,"idantaq":null,"camada sim":"29","Fluxo":18273634.0},"geometry":{"type":"MultiLineString","coordinates":[[[-36.967898,-4.23425],[-36.972643,-4.231576],[-36.977405,-4.228873],[-36.982186,-4.226142],[-36.986986,-4.223382],[-36.991805,-4.220593],[-36.996644,-4.217775],[-37.001505,-4.214927],[-37.006387,-4.212048],[-37.011291,-4.209138],[-37.01622,-4.206197],[-37.021172,-4.203224],[-37.02615,-4.200219],[-37.031154,-4.19718],[-37.036107,-4.194156],[-37.041087,-4.191098],[-37.046096,-4.188007],[-37.051135,-4.18488],[-37.056205,-4.181718],[-37.061308,-4.17852],[-37.066446,-4.175283],[-37.071619,-4.172008],[-37.076828,-4.168695],[-37.082077,-4.165341],[-37.087368,-4.161944],[-37.092702,-4.158504],[-37.098082,-4.155019],[-37.103512,-4.151488],[-37.108992,-4.147907],[-37.114528,-4.144276],[-37.120071,-4.140626],[-37.125674,-4.136921],[-37.131343,-4.133159],[-37.137082,-4.129336],[-37.142895,-4.12545],[-37.148791,-4.121496],[-37.154774,-4.117468],[-37.160855,-4.113363],[-37.167015,-4.10919],[-37.173292,-4.104926],[-37.179698,-4.100561],[-37.186249,-4.096086],[-37.192957,-4.091491],[-37.199854,-4.086755],[-37.214355,-4.076765],[-37.220079,-4.072805],[-37.225783,-4.068844],[-37.231468,-4.064881],[-37.237133,-4.060917],[-37.242777,-4.056952],[-37.248403,-4.052986],[-37.254008,-4.049017],[-37.259594,-4.045048],[-37.26516,-4.041076],[-37.270707,-4.037103],[-37.276235,-4.033129],[-37.281743,-4.029153],[-37.287231,-4.025175],[-37.292701,-4.021195],[-37.298151,-4.017213],[-37.303581,-4.01323],[-37.308993,-4.009245],[-37.314386,-4.005258],[-37.319759,-4.001268],[-37.325114,-3.997277],[-37.330449,-3.993284],[-37.335766,-3.989289],[-37.341064,-3.985292],[-37.346342,-3.981293],[-37.351602,-3.977292],[-37.356843,-3.973289],[-37.362066,-3.969283],[-37.367269,-3.965275],[-37.372454,-3.961266],[-37.37762,-3.957253],[-37.382768,-3.953239],[-37.387897,-3.949222],[-37.393007,-3.945203],[-37.3981,-3.941181],[-37.403173,-3.937157],[-37.408229,-3.933131],[-37.413265,-3.929102],[-37.418284,-3.925071],[-37.423284,-3.921037],[-37.428265,-3.917001],[-37.433228,-3.912963],[-37.438173,-3.908922],[-37.4431,-3.904878],[-37.448008,-3.900832],[-37.452898,-3.896783],[-37.457769,-3.892732],[-37.462623,-3.888678],[-37.467458,-3.884622],[-37.472275,-3.880563],[-37.477074,-3.876501],[-37.481855,-3.872436],[-37.486618,-3.868369],[-37.491362,-3.864299],[-37.496089,-3.860227],[-37.500797,-3.856151],[-37.505488,-3.852073],[-37.51016,-3.847992],[-37.514815,-3.843909],[-37.519451,-3.839822],[-37.524069,-3.835733],[-37.52867,-3.831641],[-37.533253,-3.827546],[-37.537817,-3.823448],[-37.542364,-3.819348],[-37.547349,-3.814829],[-37.552352,-3.810267],[-37.557375,-3.805662],[-37.562417,-3.801013],[-37.567481,-3.796319],[-37.572566,-3.791579],[-37.577675,-3.786793],[-37.582808,-3.781958],[-37.587965,-3.777076],[-37.593149,-3.772143],[-37.598361,-3.767159],[-37.603602,-3.762121],[-37.608875,-3.75703],[-37.61418,-3.751882],[-37.61952,-3.746677],[-37.624897,-3.741411],[-37.63029,-3.736106],[-37.635723,-3.730737],[-37.6412,-3.725303],[-37.646722,-3.719799],[-37.652293,-3.714225],[-37.657916,-3.708575],[-37.663595,-3.702847],[-37.669333,-3.697037],[-37.675128,-3.691147],[-37.680991,-3.685165],[-37.68693,-3.679085],[-37.692949,-3.672901],[-37.699055,-3.666607],[-37.705259,-3.660192],[-37.711569,-3.653647],[-37.717999,-3.646957],[-37.720536,-3.644305],[-37.723079,-3.641633],[-37.725626,-3.63894],[-37.728177,-3.636227],[-37.730734,-3.633492],[-37.733297,-3.630736],[-37.735866,-3.627959],[-37.738441,-3.625159],[-37.741022,-3.622337],[-37.743611,-3.619491],[-37.746207,-3.616623],[-37.748811,-3.61373],[-37.751423,-3.610813],[-37.754044,-3.60787],[-37.756675,-3.604902],[-37.759316,-3.601908],[-37.761963,-3.598892],[-37.764622,-3.595848],[-37.767292,-3.592775],[-37.769975,-3.589674],[-37.77267,-3.586543],[-37.77538,-3.583381],[-37.778105,-3.580187],[-37.780845,-3.576961],[-37.783601,-3.573702],[-37.786374,-3.570408],[-37.789166,-3.567077],[-37.791979,-3.563708],[-37.794812,-3.560301],[-37.797668,-3.556852],[-37.800548,-3.55336],[-37.803454,-3.549823],[-37.808156,-3.544072],[-37.812939,-3.53819],[-37.817811,-3.532163],[-37.822787,-3.525975],[-37.827874,-3.519616],[-37.833101,-3.513052],[-37.838491,-3.506252],[-37.844082,-3.499169],[-37.84877,-3.49321],[-37.853659,-3.486978],[-37.858799,-3.480408],[-37.864289,-3.473374],[-37.874505,-3.460253],[-37.892625,-3.436936],[-37.899504,-3.428092],[-37.906398,-3.419241],[-37.91262,-3.411272],[-37.919322,-3.402714],[-37.925624,-3.394696],[-37.931635,-3.387078],[-37.937413,-3.379789],[-37.940589,-3.375797],[-37.943711,-3.371885],[-37.946784,-3.368045],[-37.949813,-3.364272],[-37.952801,-3.36056],[-37.955752,-3.356907],[-37.958669,-3.353309],[-37.961553,-3.349763],[-37.964411,-3.346261],[-37.967241,-3.342806],[-37.970045,-3.339394],[-37.972825,-3.336025],[-37.975583,-3.332696],[-37.97832,-3.329405],[-37.981036,-3.326151],[-37.983734,-3.322932],[-37.98656,-3.319575],[-37.989368,-3.316254],[-37.992159,-3.312969],[-37.994933,-3.309718],[-37.997691,-3.306499],[-38.000436,-3.303313],[-38.003166,-3.300158],[-38.005884,-3.297033],[-38.00859,-3.293937],[-38.011284,-3.290869],[-38.013967,-3.287829],[-38.01664,-3.284816],[-38.019304,-3.28183],[-38.021958,-3.27887],[-38.024604,-3.275935],[-38.027241,-3.273025],[-38.029873,-3.270137],[-38.032498,-3.267272],[-38.035116,-3.264431],[-38.037728,-3.261612],[-38.040333,-3.258817],[-38.042933,-3.256043],[-38.045527,-3.253292],[-38.048116,-3.250562],[-38.050701,-3.247852],[-38.053281,-3.245164],[-38.055857,-3.242496],[-38.058429,-3.239848],[-38.060998,-3.23722],[-38.063563,-3.234612],[-38.066126,-3.232023],[-38.068685,-3.229454],[-38.073244,-3.224903],[-38.077827,-3.220351],[-38.082434,-3.215796],[-38.087066,-3.211241],[-38.091723,-3.206683],[-38.096404,-3.202123],[-38.101111,-3.197562],[-38.105842,-3.192998],[-38.110599,-3.188431],[-38.115381,-3.183863],[-38.120189,-3.179291],[-38.125022,-3.174717],[-38.12988,-3.17014],[-38.134765,-3.16556],[-38.139675,-3.160977],[-38.144612,-3.156391],[-38.149575,-3.151802],[-38.154564,-3.147209],[-38.15958,-3.142612],[-38.164623,-3.138011],[-38.169692,-3.133407],[-38.174789,-3.128798],[-38.179914,-3.124184],[-38.185066,-3.119567],[-38.190246,-3.114944],[-38.195453,-3.110316],[-38.200689,-3.105683],[-38.205954,-3.101045],[-38.211247,-3.096401],[-38.21657,-3.091752],[-38.221921,-3.087096],[-38.227302,-3.082434],[-38.232704,-3.077773],[-38.238136,-3.073105],[-38.243599,-3.06843],[-38.249092,-3.063748],[-38.254615,-3.059059],[-38.26017,-3.054362],[-38.265757,-3.049657],[-38.271375,-3.044943],[-38.277025,-3.040221],[-38.282708,-3.03549],[-38.288424,-3.030749],[-38.294174,-3.025999],[-38.294236,-3.025948]]]}},
{"type":"Feature","properties":{"idhidrovia":200000380,"nome":"Acesso ao Porto de Fortaleza","navegacao":"Navegação de Cabotagem","tipo":"Marítimo/oceânico","vel_cional":15.0,"extensao":1.0,"tempo":"0d 0h 4min","cla_icacao":"Acesso simples","nome_rio":null,"nom_eclusa":null,"jurisdicao":null,"reg_rafica":null,"pro_de_min":null,"pro_de_max":null,"dominio":null,"observacao":null,"snv":null,"fonte":null,"idm_origem":null,"mun_origem":null,"est_origem":null,"idm_estino":"BR230440","mun_estino":"Fortaleza","est_estino":"CE","idantaq":null,"camada sim":"30","Fluxo":2741629.0},"geometry":{"type":"MultiLineString","coordinates":[[[-38.294236,-3.025948],[-38.295769,-3.026886],[-38.297122,-3.027612],[-38.298471,-3.028342],[-38.299817,-3.029075],[-38.301159,-3.02981],[-38.302499,-3.030548],[-38.303834,-3.03129],[-38.305166,-3.032034],[-38.306495,-3.032781],[-38.30782,-3.033531],[-38.309142,-3.034284],[-38.31046,-3.035039],[-38.311775,-3.035798],[-38.313086,-3.03656],[-38.314394,-3.037324],[-38.315698,-3.038092],[-38.316999,-3.038862],[-38.318297,-3.039635],[-38.319591,-3.040411],[-38.320882,-3.04119],[-38.322169,-3.041972],[-38.323452,-3.042757],[-38.324733,-3.043545],[-38.326009,-3.044335],[-38.327283,-3.045129],[-38.328553,-3.045925],[-38.329819,-3.046725],[-38.331082,-3.047527],[-38.332341,-3.048332],[-38.333597,-3.04914],[-38.33485,-3.049951],[-38.336099,-3.050765],[-38.337345,-3.051582],[-38.338587,-3.052402],[-38.339826,-3.053224],[-38.341061,-3.05405],[-38.342293,-3.054878],[-38.343521,-3.055709],[-38.344746,-3.056544],[-38.345967,-3.057381],[-38.347185,-3.058221],[-38.3484,-3.059064],[-38.349611,-3.05991],[-38.350819,-3.060758],[-38.352023,-3.06161],[-38.353223,-3.062465],[-38.354421,-3.063322],[-38.355614,-3.064182],[-38.356805,-3.065046],[-38.357992,-3.065912],[-38.359175,-3.066781],[-38.360355,-3.067653],[-38.361531,-3.068528],[-38.362704,-3.069406],[-38.363874,-3.070286],[-38.36504,-3.07117],[-38.366203,-3.072056],[-38.367362,-3.072946],[-38.368518,-3.073838],[-38.36967,-3.074733],[-38.370819,-3.075631],[-38.371964,-3.076532],[-38.373106,-3.077436],[-38.374245,-3.078343],[-38.375379,-3.079253],[-38.376511,-3.080166],[-38.377639,-3.081081],[-38.378764,-3.082],[-38.379885,-3.082921],[-38.381003,-3.083845],[-38.382117,-3.084772],[-38.383228,-3.085702],[-38.384335,-3.086635],[-38.385439,-3.087571],[-38.386539,-3.08851],[-38.387636,-3.089452],[-38.38873,-3.090396],[-38.38982,-3.091344],[-38.390906,-3.092294],[-38.391989,-3.093248],[-38.393069,-3.094204],[-38.394145,-3.095163],[-38.395218,-3.096125],[-38.396287,-3.09709],[-38.397353,-3.098058],[-38.398415,-3.099029],[-38.399474,-3.100002],[-38.40053,-3.100979],[-38.401582,-3.101958],[-38.40263,-3.102941],[-38.403675,-3.103926],[-38.404717,-3.104914],[-38.405755,-3.105905],[-38.40679,-3.106899],[-38.407821,-3.107896],[-38.408849,-3.108896],[-38.409873,-3.109899],[-38.410894,-3.110904],[-38.411911,-3.111913],[-38.412925,-3.112924],[-38.413936,-3.113938],[-38.414943,-3.114956],[-38.415946,-3.115976],[-38.416946,-3.116999],[-38.417943,-3.118025],[-38.418936,-3.119054],[-38.419926,-3.120085],[-38.420912,-3.12112],[-38.421895,-3.122157],[-38.422874,-3.123198],[-38.42385,-3.124241],[-38.424823,-3.125288],[-38.425792,-3.126337],[-38.426757,-3.127389],[-38.427719,-3.128444],[-38.428678,-3.129502],[-38.429633,-3.130563],[-38.430585,-3.131626],[-38.431533,-3.132693],[-38.432478,-3.133762],[-38.433419,-3.134835],[-38.434357,-3.13591],[-38.435291,-3.136988],[-38.436222,-3.138069],[-38.43715,-3.139154],[-38.438074,-3.14024],[-38.438994,-3.14133],[-38.439912,-3.142423],[-38.440763,-3.143445],[-38.441613,-3.144471],[-38.442462,-3.145503],[-38.443308,-3.14654],[-38.444153,-3.147581],[-38.444996,-3.148628],[-38.445837,-3.149679],[-38.446677,-3.150736],[-38.447514,-3.151797],[-38.44835,-3.152863],[-38.449184,-3.153934],[-38.450016,-3.155009],[-38.450846,-3.156089],[-38.451674,-3.157174],[-38.4525,-3.158264],[-38.453324,-3.159358],[-38.454146,-3.160457],[-38.454966,-3.161561],[-38.455784,-3.162669],[-38.4566,-3.163782],[-38.457414,-3.164899],[-38.458226,-3.166021],[-38.459035,-3.167147],[-38.459843,-3.168278],[-38.460648,-3.169413],[-38.461451,-3.170552],[-38.462252,-3.171696],[-38.46305,-3.172844],[-38.463847,-3.173996],[-38.464641,-3.175153],[-38.465432,-3.176313],[-38.466222,-3.177478],[-38.467009,-3.178648],[-38.467794,-3.179821],[-38.468576,-3.180998],[-38.469356,-3.18218],[-38.470133,-3.183365],[-38.470908,-3.184555],[-38.471681,-3.185748],[-38.47245,-3.186945],[-38.473218,-3.188146],[-38.473983,-3.189351],[-38.474745,-3.19056],[-38.475504,-3.191772],[-38.476261,-3.192988],[-38.477016,-3.194208],[-38.477767,-3.195431],[-38.478516,-3.196658],[-38.479262,-3.197889],[-38.480006,-3.199123],[-38.480746,-3.200361],[-38.481484,-3.201602],[-38.482219,-3.202846],[-38.482951,-3.204094],[-38.48368,-3.205345],[-38.484407,-3.206599],[-38.48513,-3.207857],[-38.48585,-3.209117],[-38.486568,-3.210381],[-38.487282,-3.211648],[-38.487994,-3.212918],[-38.488702,-3.214191],[-38.489407,-3.215467],[-38.490109,-3.216746],[-38.490809,-3.21803],[-38.491506,-3.219316],[-38.4922,-3.220605],[-38.49289,-3.221897],[-38.493577,-3.223192],[-38.494261,-3.224489],[-38.494942,-3.225789],[-38.495619,-3.227091],[-38.496293,-3.228396],[-38.496964,-3.229704],[-38.497631,-3.231013],[-38.498295,-3.232326],[-38.498955,-3.23364],[-38.499612,-3.234957],[-38.500266,-3.236276],[-38.500916,-3.237597],[-38.501562,-3.238921],[-38.502205,-3.240246],[-38.502845,-3.241574],[-38.50348,-3.242903],[-38.504113,-3.244235],[-38.504741,-3.245568],[-38.505366,-3.246903],[-38.505987,-3.24824],[-38.506604,-3.249579],[-38.507218,-3.250919],[-38.507828,-3.252261],[-38.508434,-3.253605],[-38.509036,-3.25495],[-38.509635,-3.256296],[-38.51023,-3.257644],[-38.51082,-3.258993],[-38.511407,-3.260344],[-38.51199,-3.261696],[-38.512569,-3.263049],[-38.513144,-3.264403],[-38.513715,-3.265759],[-38.514282,-3.267115],[-38.514845,-3.268473],[-38.515404,-3.269831],[-38.515959,-3.27119],[-38.516509,-3.27255],[-38.517056,-3.273911],[-38.517598,-3.275273],[-38.518136,-3.276635],[-38.51867,-3.277998],[-38.5192,-3.279361],[-38.519726,-3.280725],[-38.520247,-3.282089],[-38.520764,-3.283453],[-38.521277,-3.284818],[-38.521785,-3.286184],[-38.522289,-3.287549],[-38.522788,-3.288914],[-38.523283,-3.29028],[-38.523774,-3.291646],[-38.524261,-3.293011],[-38.524742,-3.294377],[-38.52522,-3.295742],[-38.525693,-3.297107],[-38.526161,-3.298472],[-38.526625,-3.299837],[-38.527084,-3.301201],[-38.527539,-3.302564],[-38.528164,-3.304463],[-38.528783,-3.306367],[-38.529395,-3.308277],[-38.529999,-3.310193],[-38.530597,-3.312114],[-38.531188,-3.31404],[-38.531772,-3.315972],[-38.532348,-3.317908],[-38.532918,-3.31985],[-38.53348,-3.321797],[-38.534035,-3.323748],[-38.534583,-3.325705],[-38.535124,-3.327665],[-38.535657,-3.329631],[-38.536183,-3.3316],[-38.536702,-3.333574],[-38.537213,-3.335553],[-38.537718,-3.337535],[-38.538214,-3.339521],[-38.538703,-3.341511],[-38.539185,-3.343505],[-38.539659,-3.345503],[-38.540126,-3.347504],[-38.540585,-3.349508],[-38.541037,-3.351516],[-38.541481,-3.353527],[-38.541918,-3.355541],[-38.542346,-3.357558],[-38.542768,-3.359578],[-38.543181,-3.361601],[-38.543587,-3.363627],[-38.543985,-3.365655],[-38.544375,-3.367685],[-38.544758,-3.369718],[-38.545132,-3.371753],[-38.545499,-3.37379],[-38.545858,-3.375829],[-38.54621,-3.37787],[-38.546553,-3.379912],[-38.546889,-3.381957],[-38.547216,-3.384003],[-38.547536,-3.386051],[-38.547848,-3.3881],[-38.548152,-3.39015],[-38.548447,-3.392201],[-38.548735,-3.394254],[-38.549015,-3.396308],[-38.549287,-3.398362],[-38.549551,-3.400417],[-38.549807,-3.402473],[-38.550055,-3.404529],[-38.550294,-3.406586],[-38.550526,-3.408643],[-38.55075,-3.4107],[-38.550965,-3.412758],[-38.551173,-3.414816],[-38.551372,-3.416873],[-38.551563,-3.41893],[-38.551746,-3.420987],[-38.551921,-3.423044],[-38.552088,-3.4251],[-38.552246,-3.427156],[-38.552397,-3.429211],[-38.552539,-3.431265],[-38.552673,-3.433315],[-38.552799,-3.435364],[-38.552916,-3.437412],[-38.553026,-3.439459],[-38.553127,-3.441505],[-38.55322,-3.443549],[-38.553305,-3.445592],[-38.553381,-3.447633],[-38.55345,-3.449673],[-38.55351,-3.451711],[-38.553562,-3.453747],[-38.553606,-3.455782],[-38.553642,-3.457814],[-38.553669,-3.459845],[-38.553688,-3.461873],[-38.553699,-3.463899],[-38.553702,-3.465923],[-38.553697,-3.467944],[-38.553683,-3.469962],[-38.553662,-3.471979],[-38.553632,-3.473992],[-38.553594,-3.476003],[-38.553547,-3.478011],[-38.553493,-3.480016],[-38.55343,-3.482018],[-38.553359,-3.484017],[-38.55328,-3.486013],[-38.553193,-3.488005],[-38.553097,-3.489994],[-38.552994,-3.49198],[-38.552882,-3.493963],[-38.552762,-3.495942],[-38.552634,-3.497916],[-38.552497,-3.499887],[-38.552353,-3.501854],[-38.5522,-3.503818],[-38.55204,-3.505777],[-38.551871,-3.507733],[-38.551694,-3.509684],[-38.551509,-3.511631],[-38.551315,-3.513574],[-38.551114,-3.515513],[-38.550905,-3.517447],[-38.550687,-3.519377],[-38.550462,-3.521303],[-38.550228,-3.523224],[-38.549986,-3.52514],[-38.549736,-3.527052],[-38.549479,-3.528958],[-38.549213,-3.53086],[-38.548939,-3.532757],[-38.548657,-3.53465],[-38.548367,-3.536537],[-38.548069,-3.538419],[-38.547763,-3.540295],[-38.547449,-3.542167],[-38.547127,-3.544034],[-38.546797,-3.545895],[-38.546459,-3.54775],[-38.546114,-3.549601],[-38.54576,-3.551445],[-38.545398,-3.553285],[-38.545029,-3.555118],[-38.544651,-3.556946],[-38.543984,-3.56011],[-38.543322,-3.563183],[-38.542664,-3.566178],[-38.542008,-3.569102],[-38.541352,-3.571965],[-38.540695,-3.574768],[-38.540035,-3.577518],[-38.539373,-3.580218],[-38.538705,-3.582878],[-38.53837,-3.584191],[-38.538033,-3.585493],[-38.537695,-3.586785],[-38.537356,-3.588066],[-38.537015,-3.589338],[-38.536673,-3.590599],[-38.536329,-3.591852],[-38.535984,-3.593094],[-38.535637,-3.594328],[-38.535288,-3.595553],[-38.534938,-3.596769],[-38.534586,-3.597976],[-38.534232,-3.599175],[-38.533876,-3.600365],[-38.533516,-3.601555],[-38.533154,-3.602736],[-38.53279,-3.603909],[-38.532424,-3.605074],[-38.532056,-3.606231],[-38.531686,-3.607381],[-38.531314,-3.608523],[-38.53094,-3.609657],[-38.530563,-3.610784],[-38.530184,-3.611903],[-38.529803,-3.613016],[-38.52942,-3.61412],[-38.529034,-3.615218],[-38.528646,-3.616309],[-38.528256,-3.617393],[-38.527863,-3.618469],[-38.527468,-3.61954],[-38.52707,-3.620603],[-38.52667,-3.621659],[-38.526267,-3.622709],[-38.525862,-3.623752],[-38.525455,-3.624789],[-38.525045,-3.625819],[-38.524632,-3.626843],[-38.524217,-3.62786],[-38.523799,-3.62887],[-38.523378,-3.629874],[-38.522955,-3.630872],[-38.52253,-3.631864],[-38.522101,-3.632849],[-38.521671,-3.633828],[-38.521237,-3.634801],[-38.520672,-3.636052],[-38.520103,-3.6373],[-38.519527,-3.638546],[-38.518946,-3.639789],[-38.51836,-3.64103],[-38.517767,-3.642268],[-38.51717,-3.643504],[-38.516567,-3.644737],[-38.515958,-3.645967],[-38.515344,-3.647196],[-38.514724,-3.648421],[-38.514098,-3.649644],[-38.513468,-3.650865],[-38.512831,-3.652082],[-38.512189,-3.653298],[-38.511542,-3.654511],[-38.510888,-3.655721],[-38.51023,-3.656929],[-38.509566,-3.658134],[-38.508896,-3.659337],[-38.508221,-3.660537],[-38.50754,-3.661735],[-38.506853,-3.66293],[-38.506162,-3.664123],[-38.505464,-3.665313],[-38.504761,-3.666501],[-38.504053,-3.667686],[-38.503339,-3.668869],[-38.502619,-3.670049],[-38.501894,-3.671226],[-38.501163,-3.672401],[-38.500427,-3.673574],[-38.499685,-3.674744],[-38.498938,-3.675911],[-38.498185,-3.677076],[-38.497426,-3.678238],[-38.496662,-3.679398],[-38.495893,-3.680556],[-38.495118,-3.68171],[-38.494337,-3.682863],[-38.493551,-3.684012],[-38.492759,-3.68516],[-38.491962,-3.686304],[-38.491159,-3.687446],[-38.490351,-3.688586],[-38.489537,-3.689723],[-38.488718,-3.690858],[-38.487893,-3.69199],[-38.487062,-3.693119],[-38.486226,-3.694246],[-38.485384,-3.695371],[-38.484537,-3.696493],[-38.483684,-3.697612],[-38.482826,-3.698729],[-38.481962,-3.699844],[-38.481093,-3.700955],[-38.480218,-3.702065],[-38.479338,-3.703172],[-38.478452,-3.704276],[-38.47756,-3.705378],[-38.476663,-3.706477],[-38.475761,-3.707574],[-38.474853,-3.708668],[-38.473939,-3.709759]]]}},
{"type":"Feature","properties":{"idhidrovia":200000381,"nome":"Porto de Pecém - Porto de Luís Correia","navegacao":"Navegação de Cabotagem","tipo":"Marítimo/oceânico","vel_cional":25.0,"extensao":340.2,"tempo":"0d 13h 36min","cla_icacao":"Percurso externo","nome_rio":null,"nom_eclusa":null,"jurisdicao":null,"reg_rafica":null,"pro_de_min":null,"pro_de_max":null,"dominio":null,"observacao":null,"snv":null,"fonte":null,"idm_origem":null,"mun_origem":null,"est_origem":null,"idm_estino":null,"mun_estino":null,"est_estino":null,"idantaq":null,"camada sim":"31","Fluxo":15504551.0},"geometry":{"type":"MultiLineString","coordinates":[[[-38.335386,-2.992454],[-38.341417,-2.987615],[-38.347486,-2.982763],[-38.353594,-2.977896],[-38.359741,-2.973016],[-38.365928,-2.96812],[-38.372155,-2.963209],[-38.378424,-2.958282],[-38.384735,-2.953338],[-38.391089,-2.948377],[-38.397488,-2.943398],[-38.403931,-2.938399],[-38.410421,-2.933381],[-38.416957,-2.928342],[-38.42364,-2.92321],[-38.430334,-2.918091],[-38.437037,-2.912987],[-38.443751,-2.907896],[-38.450475,-2.902819],[-38.457209,-2.897757],[-38.463953,-2.892709],[-38.470707,-2.887675],[-38.477471,-2.882655],[-38.484244,-2.87765],[-38.491026,-2.87266],[-38.497818,-2.867684],[-38.504619,-2.862723],[-38.511429,-2.857777],[-38.518248,-2.852846],[-38.525076,-2.84793],[-38.531913,-2.843029],[-38.538758,-2.838143],[-38.545612,-2.833272],[-38.552474,-2.828417],[-38.559344,-2.823577],[-38.566223,-2.818753],[-38.57311,-2.813944],[-38.580005,-2.809151],[-38.586907,-2.804373],[-38.593817,-2.799612],[-38.600735,-2.794866],[-38.607661,-2.790136],[-38.614593,-2.785422],[-38.621534,-2.780725],[-38.628481,-2.776043],[-38.635435,-2.771378],[-38.642396,-2.76673],[-38.649364,-2.762098],[-38.656338,-2.757482],[-38.663319,-2.752883],[-38.670307,-2.7483],[-38.677301,-2.743735],[-38.684301,-2.739186],[-38.691308,-2.734653],[-38.69832,-2.730138],[-38.705339,-2.72564],[-38.712363,-2.721159],[-38.719393,-2.716695],[-38.726429,-2.712248],[-38.73347,-2.707819],[-38.740517,-2.703406],[-38.747568,-2.699012],[-38.754625,-2.694634],[-38.761688,-2.690275],[-38.768755,-2.685933],[-38.775827,-2.681608],[-38.782903,-2.677301],[-38.789985,-2.673012],[-38.797071,-2.668741],[-38.804161,-2.664488],[-38.811256,-2.660253],[-38.818355,-2.656036],[-38.825458,-2.651837],[-38.832565,-2.647656],[-38.839676,-2.643494],[-38.846791,-2.63935],[-38.853909,-2.635224],[-38.861031,-2.631116],[-38.868488,-2.626836],[-38.875942,-2.622578],[-38.883392,-2.618341],[-38.890838,-2.614126],[-38.898281,-2.609932],[-38.90572,-2.60576],[-38.913155,-2.601609],[-38.920586,-2.59748],[-38.928014,-2.593373],[-38.935438,-2.589288],[-38.942858,-2.585224],[-38.950275,-2.581182],[-38.957687,-2.577162],[-38.965096,-2.573163],[-38.9725,-2.569186],[-38.979901,-2.565231],[-38.987298,-2.561298],[-38.994691,-2.557386],[-39.00208,-2.553496],[-39.009464,-2.549628],[-39.016845,-2.545782],[-39.024222,-2.541958],[-39.031594,-2.538156],[-39.038963,-2.534375],[-39.046327,-2.530617],[-39.053687,-2.52688],[-39.061043,-2.523165],[-39.068395,-2.519472],[-39.075742,-2.515801],[-39.083085,-2.512152],[-39.090424,-2.508525],[-39.097759,-2.504919],[-39.105089,-2.501336],[-39.112415,-2.497775],[-39.119736,-2.494236],[-39.127053,-2.490718],[-39.134366,-2.487223],[-39.141674,-2.48375],[-39.148978,-2.480299],[-39.156277,-2.476869],[-39.163572,-2.473462],[-39.170862,-2.470077],[-39.178148,-2.466714],[-39.18543,-2.463373],[-39.192706,-2.460054],[-39.199978,-2.456757],[-39.207246,-2.453482],[-39.214509,-2.45023],[-39.221767,-2.446999],[-39.229021,-2.443791],[-39.23627,-2.440604],[-39.243514,-2.43744],[-39.250754,-2.434298],[-39.257989,-2.431178],[-39.265219,-2.428081],[-39.272444,-2.425005],[-39.279665,-2.421952],[-39.286881,-2.41892],[-39.294092,-2.415911],[-39.301298,-2.412924],[-39.308499,-2.40996],[-39.315696,-2.407017],[-39.322888,-2.404097],[-39.330074,-2.401199],[-39.338135,-2.39797],[-39.346178,-2.394769],[-39.354204,-2.391597],[-39.362212,-2.388451],[-39.370204,-2.385334],[-39.378179,-2.382244],[-39.386137,-2.379182],[-39.394078,-2.376148],[-39.402004,-2.373141],[-39.409912,-2.370161],[-39.417805,-2.367209],[-39.425681,-2.364284],[-39.433541,-2.361387],[-39.441386,-2.358516],[-39.449215,-2.355674],[-39.457027,-2.352858],[-39.464825,-2.350069],[-39.472607,-2.347308],[-39.480374,-2.344574],[-39.488125,-2.341867],[-39.495861,-2.339187],[-39.503582,-2.336533],[-39.511288,-2.333907],[-39.518979,-2.331308],[-39.526655,-2.328736],[-39.534316,-2.326191],[-39.541962,-2.323673],[-39.549594,-2.321181],[-39.557211,-2.318717],[-39.564813,-2.316279],[-39.572401,-2.313868],[-39.579975,-2.311484],[-39.587441,-2.309156],[-39.594937,-2.306841],[-39.602464,-2.304537],[-39.610022,-2.302246],[-39.617611,-2.299968],[-39.625232,-2.297701],[-39.632885,-2.295447],[-39.640569,-2.293205],[-39.648286,-2.290975],[-39.656035,-2.288757],[-39.663817,-2.28655],[-39.671631,-2.284355],[-39.67948,-2.282172],[-39.687362,-2.280001],[-39.695278,-2.277841],[-39.703229,-2.275692],[-39.711213,-2.273555],[-39.719232,-2.271429],[-39.727287,-2.269314],[-39.735377,-2.26721],[-39.743504,-2.265117],[-39.751667,-2.263035],[-39.759868,-2.260963],[-39.768106,-2.258902],[-39.776383,-2.256852],[-39.784697,-2.254811],[-39.793051,-2.252781],[-39.801445,-2.250761],[-39.809878,-2.248751],[-39.818352,-2.24675],[-39.826868,-2.24476],[-39.835426,-2.242778],[-39.844032,-2.240806],[-39.852624,-2.238857],[-39.861202,-2.236931],[-39.869766,-2.23503],[-39.878316,-2.233152],[-39.886852,-2.231298],[-39.895374,-2.229468],[-39.903882,-2.227662],[-39.912376,-2.225879],[-39.920856,-2.22412],[-39.929321,-2.222385],[-39.937773,-2.220674],[-39.94621,-2.218986],[-39.954634,-2.217323],[-39.963043,-2.215683],[-39.971439,-2.214066],[-39.97982,-2.212474],[-39.988187,-2.210905],[-39.99654,-2.20936],[-40.004879,-2.207839],[-40.013204,-2.206342],[-40.021515,-2.204868],[-40.029812,-2.203418],[-40.038094,-2.201992],[-40.046363,-2.20059],[-40.054617,-2.199212],[-40.062857,-2.197857],[-40.071083,-2.196526],[-40.079295,-2.195219],[-40.087493,-2.193935],[-40.095677,-2.192676],[-40.103846,-2.19144],[-40.114361,-2.189873],[-40.124568,-2.18837],[-40.13451,-2.186927],[-40.144218,-2.185537],[-40.153724,-2.184197],[-40.163043,-2.182905],[-40.172192,-2.181658],[-40.181184,-2.180454],[-40.190059,-2.179288],[-40.1988,-2.178163],[-40.207417,-2.177076],[-40.21592,-2.176028],[-40.224315,-2.175017],[-40.232609,-2.174042],[-40.240807,-2.173103],[-40.248915,-2.172199],[-40.256994,-2.171324],[-40.26499,-2.170483],[-40.272907,-2.169676],[-40.28075,-2.168903],[-40.284645,-2.168529],[-40.288522,-2.168164],[-40.292381,-2.167807],[-40.296224,-2.167458],[-40.300051,-2.167117],[-40.303862,-2.166784],[-40.307656,-2.16646],[-40.311436,-2.166144],[-40.315201,-2.165836],[-40.318951,-2.165535],[-40.322687,-2.165243],[-40.326408,-2.164959],[-40.330116,-2.164684],[-40.333809,-2.164416],[-40.337489,-2.164156],[-40.341155,-2.163904],[-40.344809,-2.16366],[-40.348449,-2.163424],[-40.352077,-2.163196],[-40.355692,-2.162976],[-40.359295,-2.162764],[-40.362886,-2.16256],[-40.366465,-2.162363],[-40.370032,-2.162175],[-40.374075,-2.16197],[-40.378133,-2.161773],[-40.382203,-2.161585],[-40.386288,-2.161405],[-40.390386,-2.161234],[-40.394499,-2.16107],[-40.398625,-2.160916],[-40.402766,-2.160769],[-40.406922,-2.160631],[-40.411092,-2.160501],[-40.415277,-2.16038],[-40.419478,-2.160267],[-40.423693,-2.160162],[-40.427925,-2.160065],[-40.432172,-2.159977],[-40.436436,-2.159897],[-40.440715,-2.159826],[-40.44501,-2.159762],[-40.449322,-2.159707],[-40.453652,-2.15966],[-40.457999,-2.159622],[-40.462363,-2.159591],[-40.466746,-2.159569],[-40.471146,-2.159556],[-40.475566,-2.15955],[-40.480004,-2.159553],[-40.484461,-2.159564],[-40.488938,-2.159583],[-40.493435,-2.159611],[-40.497953,-2.159647],[-40.502491,-2.159691],[-40.507051,-2.159743],[-40.511613,-2.159804],[-40.516198,-2.159872],[-40.520805,-2.159949],[-40.525435,-2.160034],[-40.530088,-2.160128],[-40.534765,-2.160229],[-40.539467,-2.160339],[-40.544194,-2.160457],[-40.548947,-2.160583],[-40.553726,-2.160718],[-40.558532,-2.160861],[-40.563366,-2.161013],[-40.568229,-2.161172],[-40.573121,-2.161341],[-40.582998,-2.161702],[-40.59299,-2.162098],[-40.603119,-2.162527],[-40.613395,-2.162991],[-40.623829,-2.16349],[-40.63443,-2.164025],[-40.645216,-2.164597],[-40.656204,-2.165205],[-40.667416,-2.165853],[-40.671603,-2.166109],[-40.675809,-2.166384],[-40.680034,-2.16668],[-40.684279,-2.166996],[-40.688544,-2.167332],[-40.692829,-2.167687],[-40.697136,-2.168063],[-40.701465,-2.168459],[-40.705817,-2.168875],[-40.710191,-2.169312],[-40.714589,-2.169768],[-40.719012,-2.170246],[-40.72346,-2.170743],[-40.727935,-2.171262],[-40.732437,-2.171801],[-40.736967,-2.17236],[-40.741519,-2.17294],[-40.746101,-2.173541],[-40.750715,-2.174163],[-40.75536,-2.174806],[-40.760039,-2.175471],[-40.764753,-2.176157],[-40.769504,-2.176865],[-40.774292,-2.177596],[-40.779118,-2.178348],[-40.783986,-2.179123],[-40.788896,-2.179921],[-40.793852,-2.180742],[-40.798856,-2.181587],[-40.803909,-2.182456],[-40.809015,-2.183349],[-40.814178,-2.184268],[-40.818353,-2.185022],[-40.822568,-2.185792],[-40.826825,-2.18658],[-40.831126,-2.187385],[-40.835474,-2.188208],[-40.83987,-2.18905],[-40.844319,-2.189911],[-40.848824,-2.190792],[-40.853381,-2.191692],[-40.858002,-2.192613],[-40.862691,-2.193556],[-40.867453,-2.194523],[-40.872294,-2.195514],[-40.877223,-2.196531],[-40.882247,-2.197576],[-40.887377,-2.19865],[-40.89592,-2.200457],[-40.904844,-2.202363],[-40.914238,-2.204389],[-40.924283,-2.206573],[-40.943023,-2.210684],[-40.962658,-2.215019],[-40.976374,-2.218049],[-40.989067,-2.220844],[-41.001804,-2.223633],[-41.013283,-2.226126],[-41.025675,-2.228788],[-41.031571,-2.230042],[-41.037304,-2.231253],[-41.042901,-2.232426],[-41.048371,-2.233564],[-41.053728,-2.234668],[-41.058983,-2.235742],[-41.064853,-2.23693],[-41.070614,-2.238082],[-41.076275,-2.239201],[-41.081844,-2.240289],[-41.08733,-2.241347],[-41.092738,-2.242376],[-41.098073,-2.243376],[-41.10334,-2.24435],[-41.108548,-2.245299],[-41.113697,-2.246222],[-41.118788,-2.247119],[-41.123826,-2.247993],[-41.128814,-2.248842],[-41.133753,-2.249668],[-41.138646,-2.250471],[-41.143495,-2.25125],[-41.148673,-2.252065],[-41.153805,-2.252855],[-41.158893,-2.253619],[-41.163938,-2.254357],[-41.168944,-2.255071],[-41.17391,-2.25576],[-41.178839,-2.256425],[-41.183732,-2.257065],[-41.188592,-2.257682],[-41.193419,-2.258274],[-41.198213,-2.258843],[-41.202977,-2.259388],[-41.207711,-2.25991],[-41.212416,-2.260408],[-41.217093,-2.260883],[-41.219421,-2.261111],[-41.221743,-2.261334],[-41.22406,-2.261552],[-41.226371,-2.261763],[-41.228676,-2.261969],[-41.230974,-2.262169],[-41.233267,-2.262363],[-41.235553,-2.262552],[-41.237833,-2.262735],[-41.240107,-2.262912],[-41.242376,-2.263083],[-41.244638,-2.263248],[-41.246895,-2.263408],[-41.249147,-2.263562],[-41.251393,-2.263711],[-41.253633,-2.263853],[-41.255868,-2.26399],[-41.258098,-2.264121],[-41.260323,-2.264247],[-41.262543,-2.264367],[-41.264758,-2.264481],[-41.266967,-2.26459],[-41.269172,-2.264692],[-41.271372,-2.26479],[-41.273567,-2.264881],[-41.275757,-2.264967],[-41.277942,-2.265047],[-41.280123,-2.265121],[-41.282299,-2.26519],[-41.284471,-2.265253],[-41.286638,-2.265311],[-41.288801,-2.265363],[-41.29096,-2.265409],[-41.293114,-2.265449],[-41.306459,-2.26567],[-41.318698,-2.265847],[-41.330206,-2.265985],[-41.335739,-2.26604],[-41.341146,-2.266086],[-41.346476,-2.266123],[-41.351704,-2.266151],[-41.356839,-2.26617],[-41.361887,-2.26618],[-41.366857,-2.266181],[-41.371755,-2.266173],[-41.376583,-2.266156],[-41.381348,-2.26613],[-41.386113,-2.266095],[-41.390821,-2.26605],[-41.395474,-2.265996],[-41.400075,-2.265933],[-41.404627,-2.26586],[-41.409131,-2.265778],[-41.413591,-2.265686],[-41.418009,-2.265585],[-41.422387,-2.265475],[-41.426726,-2.265354],[-41.431026,-2.265224],[-41.435291,-2.265085],[-41.439521,-2.264936]]]}},
{"type":"Feature","properties":{"idhidrovia":200000382,"nome":"Porto do Itaqui - Porto de Belém","navegacao":"Navegação de Cabotagem","tipo":"Marítimo/oceânico","vel_cional":25.0,"extensao":637.56,"tempo":"1d 1h 30min","cla_icacao":"Percurso externo","nome_rio":null,"nom_eclusa":null,"jurisdicao":null,"reg_rafica":null,"pro_de_min":null,"pro_de_max":null,"dominio":null,"observacao":null,"snv":null,"fonte":null,"idm_origem":null,"mun_origem":null,"est_origem":null,"idm_estino":null,"mun_estino":null,"est_estino":null,"idantaq":null,"camada sim":"32","Fluxo":18444441.0},"geometry":{"type":"MultiLineString","coordinates":[[[-43.946671,-1.659947],[-43.948121,-1.659505],[-43.949568,-1.659057],[-43.951014,-1.658597],[-43.952455,-1.658128],[-43.953896,-1.65765],[-43.955333,-1.657162],[-43.956766,-1.656665],[-43.958198,-1.656158],[-43.959626,-1.655642],[-43.961053,-1.655116],[-43.962476,-1.654581],[-43.963898,-1.654036],[-43.965316,-1.653481],[-43.966732,-1.652918],[-43.968145,-1.652344],[-43.969557,-1.651761],[-43.970964,-1.651167],[-43.972371,-1.650565],[-43.973773,-1.649953],[-43.975175,-1.649332],[-43.976573,-1.648701],[-43.977969,-1.648061],[-43.979362,-1.647412],[-43.980752,-1.646751],[-43.98214,-1.646082],[-43.983525,-1.645404],[-43.984909,-1.644716],[-43.986289,-1.644017],[-43.987667,-1.64331],[-43.989043,-1.642592],[-43.990417,-1.641866],[-43.991788,-1.641129],[-43.993156,-1.640384],[-43.994523,-1.639629],[-43.995887,-1.638862],[-43.997248,-1.638088],[-43.998607,-1.637304],[-43.999965,-1.636509],[-44.001319,-1.635706],[-44.00267,-1.634892],[-44.004021,-1.634068],[-44.005367,-1.633237],[-44.006714,-1.632393],[-44.008056,-1.631542],[-44.009396,-1.630679],[-44.010734,-1.629807],[-44.01207,-1.628927],[-44.013404,-1.628036],[-44.014736,-1.627134],[-44.016066,-1.626225],[-44.017392,-1.625304],[-44.018717,-1.624374],[-44.02004,-1.623434],[-44.021362,-1.622484],[-44.02268,-1.621526],[-44.023997,-1.620557],[-44.025311,-1.619577],[-44.026623,-1.618589],[-44.027932,-1.617591],[-44.02924,-1.616583],[-44.030546,-1.615564],[-44.031849,-1.614537],[-44.03315,-1.613499],[-44.034449,-1.612452],[-44.035746,-1.611396],[-44.037039,-1.61033],[-44.038333,-1.609253],[-44.039622,-1.608168],[-44.040911,-1.60707],[-44.042197,-1.605965],[-44.043483,-1.604848],[-44.044766,-1.603723],[-44.046045,-1.602587],[-44.047325,-1.601442],[-44.048602,-1.600286],[-44.049877,-1.59912],[-44.051149,-1.597944],[-44.052421,-1.596759],[-44.053691,-1.595563],[-44.054958,-1.594357],[-44.056224,-1.59314],[-44.057488,-1.591914],[-44.058751,-1.590678],[-44.060012,-1.589433],[-44.06127,-1.588176],[-44.062528,-1.58691],[-44.063783,-1.585633],[-44.065036,-1.584346],[-44.066288,-1.58305],[-44.067538,-1.581742],[-44.068787,-1.580426],[-44.070034,-1.579097],[-44.07128,-1.57776],[-44.072524,-1.576411],[-44.073766,-1.575053],[-44.075006,-1.573685],[-44.076245,-1.572306],[-44.077483,-1.570918],[-44.078719,-1.569517],[-44.079954,-1.568108],[-44.081187,-1.566688],[-44.082419,-1.565256],[-44.083649,-1.563816],[-44.084879,-1.562365],[-44.086106,-1.560902],[-44.087332,-1.55943],[-44.088557,-1.557946],[-44.089779,-1.556451],[-44.091003,-1.554947],[-44.092224,-1.553433],[-44.093443,-1.551906],[-44.094661,-1.55037],[-44.095878,-1.548823],[-44.097095,-1.547266],[-44.098309,-1.545697],[-44.099524,-1.544116],[-44.100735,-1.542526],[-44.101948,-1.540926],[-44.103158,-1.539314],[-44.104368,-1.53769],[-44.105575,-1.536057],[-44.106783,-1.534412],[-44.10799,-1.532756],[-44.109195,-1.531088],[-44.110401,-1.529409],[-44.111603,-1.527721],[-44.112828,-1.525989],[-44.114052,-1.524246],[-44.115274,-1.522493],[-44.116497,-1.520726],[-44.117718,-1.518949],[-44.118937,-1.51716],[-44.120158,-1.515357],[-44.121377,-1.513544],[-44.122596,-1.511719],[-44.123812,-1.509881],[-44.12503,-1.508032],[-44.126247,-1.50617],[-44.127464,-1.504296],[-44.12868,-1.50241],[-44.129894,-1.500512],[-44.131109,-1.498602],[-44.132325,-1.49668],[-44.133538,-1.494744],[-44.134753,-1.492796],[-44.135967,-1.490836],[-44.13718,-1.488863],[-44.138393,-1.486877],[-44.139608,-1.484877],[-44.140821,-1.482866],[-44.142034,-1.480841],[-44.143247,-1.478804],[-44.144461,-1.476752],[-44.145676,-1.474688],[-44.146889,-1.472612],[-44.148103,-1.470522],[-44.149318,-1.468417],[-44.150534,-1.466299],[-44.151747,-1.46417],[-44.152962,-1.462028],[-44.154176,-1.45987],[-44.155392,-1.4577],[-44.156609,-1.455516],[-44.157826,-1.453316],[-44.159044,-1.451103],[-44.160263,-1.448876],[-44.161481,-1.446634],[-44.162703,-1.444377],[-44.163924,-1.442107],[-44.165146,-1.43982],[-44.16637,-1.437518],[-44.167596,-1.435202],[-44.168823,-1.43287],[-44.170051,-1.430522],[-44.17128,-1.42816],[-44.172511,-1.425782],[-44.173743,-1.423386],[-44.174978,-1.420976],[-44.176214,-1.418549],[-44.177452,-1.416106],[-44.178693,-1.413645],[-44.179935,-1.411168],[-44.181179,-1.408673],[-44.182426,-1.406161],[-44.183677,-1.403632],[-44.18493,-1.401084],[-44.186185,-1.398519],[-44.187443,-1.395936],[-44.189968,-1.390711],[-44.192289,-1.385868],[-44.194622,-1.380957],[-44.196967,-1.375979],[-44.199328,-1.370927],[-44.201703,-1.365804],[-44.204095,-1.360603],[-44.206507,-1.355323],[-44.208938,-1.349958],[-44.211387,-1.344513],[-44.213861,-1.338977],[-44.216361,-1.333342],[-44.21889,-1.327606],[-44.221449,-1.321763],[-44.224043,-1.315801],[-44.226677,-1.309716],[-44.229353,-1.303493],[-44.231735,-1.297925],[-44.234158,-1.292235],[-44.236628,-1.286408],[-44.23915,-1.280434],[-44.241728,-1.274299],[-44.244374,-1.267978],[-44.247101,-1.261439],[-44.249924,-1.254647],[-44.255054,-1.242258],[-44.260733,-1.228472],[-44.266392,-1.214695],[-44.272512,-1.199767],[-44.281306,-1.178325],[-44.289729,-1.157861],[-44.294258,-1.146913],[-44.298506,-1.136694],[-44.302551,-1.127007],[-44.306438,-1.117755],[-44.308776,-1.112219],[-44.31107,-1.106805],[-44.313326,-1.101507],[-44.315547,-1.096309],[-44.317737,-1.091207],[-44.319898,-1.086195],[-44.322034,-1.081266],[-44.324147,-1.076414],[-44.326239,-1.071631],[-44.328313,-1.066918],[-44.330367,-1.06227],[-44.332403,-1.057687],[-44.334425,-1.053164],[-44.33643,-1.048699],[-44.338424,-1.044291],[-44.340403,-1.039935],[-44.342849,-1.034588],[-44.34528,-1.029319],[-44.347693,-1.024121],[-44.350093,-1.018996],[-44.35248,-1.01394],[-44.354855,-1.008949],[-44.357219,-1.004021],[-44.359572,-0.999157],[-44.361918,-0.994352],[-44.364254,-0.989605],[-44.366582,-0.984917],[-44.368904,-0.980284],[-44.37122,-0.975705],[-44.373528,-0.97118],[-44.375833,-0.966708],[-44.378132,-0.962287],[-44.380431,-0.95791],[-44.381579,-0.95574],[-44.382725,-0.953582],[-44.383871,-0.951436],[-44.385018,-0.949303],[-44.386161,-0.947181],[-44.387306,-0.945072],[-44.388449,-0.942975],[-44.389592,-0.940888],[-44.390734,-0.938814],[-44.391877,-0.936751],[-44.393019,-0.934699],[-44.394159,-0.932659],[-44.395301,-0.93063],[-44.396441,-0.928613],[-44.397581,-0.926606],[-44.398721,-0.92461],[-44.399861,-0.922625],[-44.401001,-0.920652],[-44.402141,-0.918688],[-44.403281,-0.916737],[-44.404421,-0.914795],[-44.405562,-0.912864],[-44.406702,-0.910943],[-44.407842,-0.909034],[-44.408982,-0.907135],[-44.410122,-0.905245],[-44.411264,-0.903367],[-44.412404,-0.901499],[-44.413545,-0.899641],[-44.414687,-0.897792],[-44.416114,-0.895496],[-44.417543,-0.893217],[-44.418973,-0.890951],[-44.420402,-0.888703],[-44.421832,-0.886469],[-44.423264,-0.884252],[-44.424695,-0.882048],[-44.426129,-0.879862],[-44.427562,-0.877689],[-44.428997,-0.875531],[-44.430433,-0.873389],[-44.431871,-0.871263],[-44.433309,-0.869151],[-44.43475,-0.867052],[-44.43619,-0.864971],[-44.437632,-0.862902],[-44.439076,-0.86085],[-44.44052,-0.85881],[-44.441966,-0.856786],[-44.443415,-0.854777],[-44.444864,-0.852781],[-44.446314,-0.850801],[-44.447766,-0.848833],[-44.449221,-0.846882],[-44.450676,-0.844942],[-44.452134,-0.843018],[-44.453592,-0.84111],[-44.455053,-0.839214],[-44.456516,-0.837331],[-44.45798,-0.835463],[-44.459446,-0.833609],[-44.460915,-0.831771],[-44.462386,-0.829944],[-44.463858,-0.82813],[-44.465333,-0.826331],[-44.46681,-0.824547],[-44.468288,-0.822775],[-44.469768,-0.821016],[-44.471251,-0.819273],[-44.472737,-0.817541],[-44.474223,-0.815825],[-44.475712,-0.814122],[-44.477204,-0.812432],[-44.478698,-0.810755],[-44.480193,-0.809092],[-44.481692,-0.807443],[-44.483192,-0.805806],[-44.484695,-0.804182],[-44.486201,-0.802574],[-44.487709,-0.800977],[-44.489218,-0.799394],[-44.490732,-0.797825],[-44.492246,-0.796269],[-44.493765,-0.794725],[-44.495285,-0.793194],[-44.496808,-0.791679],[-44.498333,-0.790174],[-44.499861,-0.788684],[-44.50139,-0.787206],[-44.502924,-0.785742],[-44.50446,-0.78429],[-44.505999,-0.782853],[-44.507539,-0.781426],[-44.509084,-0.780015],[-44.510632,-0.778614],[-44.512185,-0.777225],[-44.513739,-0.77585],[-44.515296,-0.774487],[-44.516857,-0.773137],[-44.518419,-0.771801],[-44.519986,-0.770477],[-44.521554,-0.769167],[-44.523125,-0.767869],[-44.524701,-0.766584],[-44.526277,-0.765311],[-44.527858,-0.764052],[-44.529442,-0.762805],[-44.530234,-0.762187],[-44.531028,-0.761573],[-44.531823,-0.76096],[-44.532618,-0.760352],[-44.533414,-0.759746],[-44.53421,-0.759144],[-44.535009,-0.758543],[-44.535806,-0.757947],[-44.536605,-0.757355],[-44.537405,-0.756766],[-44.538206,-0.756179],[-44.539006,-0.755596]]]}},
{"type":"Feature","properties":{"idhidrovia":200000384,"nome":"Porto de Luís Correia - Porto do Itaqui","navegacao":"Navegação de Cabotagem","tipo":"Marítimo/oceânico","vel_cional":25.0,"extensao":320.88,"tempo":"0d 12h 50min","cla_icacao":"Percurso externo","nome_rio":null,"nom_eclusa":null,"jurisdicao":null,"reg_rafica":null,"pro_de_min":null,"pro_de_max":null,"dominio":null,"observacao":null,"snv":null,"fonte":null,"idm_origem":null,"mun_origem":null,"est_origem":null,"idm_estino":null,"mun_estino":null,"est_estino":null,"idantaq":null,"camada sim":"33","Fluxo":15504551.0},"geometry":{"type":"MultiLineString","coordinates":[[[-41.439521,-2.264936],[-41.443716,-2.264777],[-41.447879,-2.264608],[-41.452011,-2.264429],[-41.456192,-2.264237],[-41.460343,-2.264034],[-41.464464,-2.263821],[-41.468556,-2.263597],[-41.472619,-2.263363],[-41.476655,-2.263119],[-41.480665,-2.262864],[-41.484648,-2.262598],[-41.488606,-2.262322],[-41.49254,-2.262035],[-41.496449,-2.261737],[-41.500335,-2.261429],[-41.504197,-2.261109],[-41.508037,-2.260779],[-41.511855,-2.260438],[-41.515651,-2.260086],[-41.519428,-2.259723],[-41.523184,-2.259349],[-41.526919,-2.258964],[-41.530635,-2.258567],[-41.53433,-2.25816],[-41.538007,-2.257741],[-41.541664,-2.257311],[-41.545302,-2.25687],[-41.548923,-2.256417],[-41.552525,-2.255953],[-41.556109,-2.255478],[-41.559676,-2.254991],[-41.563225,-2.254493],[-41.566758,-2.253984],[-41.570273,-2.253463],[-41.573772,-2.25293],[-41.576246,-2.252545],[-41.578728,-2.252153],[-41.581216,-2.251753],[-41.583712,-2.251346],[-41.586216,-2.250932],[-41.588727,-2.250509],[-41.591247,-2.25008],[-41.593774,-2.249642],[-41.596309,-2.249198],[-41.598852,-2.248745],[-41.601403,-2.248285],[-41.603963,-2.247818],[-41.606531,-2.247342],[-41.609108,-2.246859],[-41.611693,-2.246369],[-41.614288,-2.24587],[-41.616891,-2.245364],[-41.619503,-2.24485],[-41.622125,-2.244329],[-41.624756,-2.243799],[-41.627397,-2.243262],[-41.630048,-2.242716],[-41.632708,-2.242163],[-41.63538,-2.241602],[-41.638061,-2.241033],[-41.640753,-2.240455],[-41.643456,-2.23987],[-41.64617,-2.239276],[-41.648896,-2.238674],[-41.651633,-2.238064],[-41.657143,-2.236818],[-41.662678,-2.235544],[-41.668265,-2.234236],[-41.673905,-2.232893],[-41.679603,-2.231515],[-41.685359,-2.230102],[-41.691178,-2.228651],[-41.697064,-2.227162],[-41.703021,-2.225635],[-41.709045,-2.224069],[-41.715149,-2.222463],[-41.72134,-2.220813],[-41.727625,-2.219119],[-41.734009,-2.217378],[-41.740503,-2.215588],[-41.74712,-2.213746],[-41.753871,-2.211847],[-41.756152,-2.2112],[-41.758443,-2.210545],[-41.763053,-2.20921],[-41.767701,-2.207844],[-41.772391,-2.206444],[-41.777125,-2.205011],[-41.781904,-2.203543],[-41.786733,-2.20204],[-41.791614,-2.2005],[-41.796545,-2.198925],[-41.801536,-2.197312],[-41.806592,-2.195658],[-41.811716,-2.193962],[-41.816913,-2.192224],[-41.822192,-2.190439],[-41.82756,-2.188607],[-41.833026,-2.186723],[-41.83808,-2.184965],[-41.843234,-2.183159],[-41.848497,-2.1813],[-41.853883,-2.179384],[-41.859402,-2.177408],[-41.865082,-2.175361],[-41.870949,-2.173233],[-41.877044,-2.171011],[-41.887677,-2.167109],[-41.899515,-2.162735],[-41.910843,-2.158529],[-41.938096,-2.148388],[-41.952037,-2.143221],[-41.957365,-2.141244],[-41.962708,-2.139241],[-41.968069,-2.137213],[-41.973447,-2.13516],[-41.978842,-2.133081],[-41.984255,-2.130976],[-41.989688,-2.128846],[-41.99514,-2.126689],[-42.000611,-2.124506],[-42.006104,-2.122296],[-42.011618,-2.12006],[-42.017154,-2.117796],[-42.022712,-2.115504],[-42.028295,-2.113185],[-42.033902,-2.110837],[-42.039535,-2.108461],[-42.045188,-2.106058],[-42.050869,-2.103625],[-42.056578,-2.101163],[-42.062316,-2.09867],[-42.068085,-2.096147],[-42.073885,-2.093593],[-42.079718,-2.091006],[-42.085585,-2.088388],[-42.091487,-2.085736],[-42.097426,-2.083052],[-42.103403,-2.080332],[-42.109421,-2.077578],[-42.115481,-2.074787],[-42.121586,-2.071959],[-42.127737,-2.069094],[-42.133936,-2.066189],[-42.139974,-2.063345],[-42.146062,-2.060462],[-42.152203,-2.05754],[-42.1584,-2.054576],[-42.164655,-2.051569],[-42.170972,-2.048518],[-42.177355,-2.045421],[-42.183809,-2.042275],[-42.19033,-2.039083],[-42.19693,-2.035838],[-42.203616,-2.032537],[-42.210394,-2.029177],[-42.21727,-2.025756],[-42.224254,-2.022267],[-42.231355,-2.018707],[-42.238585,-2.01507],[-42.251844,-2.008368],[-42.265659,-2.001347],[-42.280161,-1.99394],[-42.295598,-1.98602],[-42.309989,-1.97861],[-42.325945,-1.970371],[-42.341895,-1.962119],[-42.359174,-1.95317],[-42.384014,-1.940307],[-42.407782,-1.928027],[-42.420556,-1.921447],[-42.432504,-1.915311],[-42.443857,-1.909499],[-42.454729,-1.903953],[-42.467699,-1.897365],[-42.480184,-1.891057],[-42.49227,-1.884986],[-42.498181,-1.882029],[-42.504013,-1.879121],[-42.50978,-1.876256],[-42.515478,-1.873433],[-42.521111,-1.870653],[-42.526683,-1.867912],[-42.532198,-1.865209],[-42.537658,-1.862542],[-42.543068,-1.85991],[-42.548428,-1.857312],[-42.555083,-1.854101],[-42.56167,-1.850938],[-42.568192,-1.847823],[-42.574654,-1.844754],[-42.581058,-1.841728],[-42.587407,-1.838744],[-42.593704,-1.835802],[-42.599952,-1.832899],[-42.606156,-1.830035],[-42.612314,-1.827208],[-42.618429,-1.824419],[-42.624503,-1.821666],[-42.630538,-1.818948],[-42.636536,-1.816264],[-42.642497,-1.813615],[-42.648424,-1.810999],[-42.654327,-1.808411],[-42.660197,-1.805856],[-42.666036,-1.803333],[-42.671846,-1.80084],[-42.677627,-1.798379],[-42.68338,-1.795948],[-42.689107,-1.793546],[-42.694809,-1.791174],[-42.700486,-1.788831],[-42.706139,-1.786517],[-42.711768,-1.784231],[-42.717376,-1.781974],[-42.722962,-1.779744],[-42.728527,-1.777541],[-42.734071,-1.775366],[-42.739596,-1.773218],[-42.747487,-1.770156],[-42.755733,-1.766939],[-42.764422,-1.763532],[-42.773729,-1.759869],[-42.790781,-1.753125],[-42.819918,-1.741566],[-42.830337,-1.737437],[-42.840295,-1.7335],[-42.849315,-1.729945],[-42.85796,-1.726551],[-42.866135,-1.723356],[-42.873953,-1.720315],[-42.881477,-1.717404],[-42.88663,-1.71542],[-42.891675,-1.713486],[-42.896623,-1.711598],[-42.901482,-1.709752],[-42.906264,-1.707945],[-42.910971,-1.706175],[-42.91561,-1.704439],[-42.920186,-1.702736],[-42.92471,-1.701062],[-42.929179,-1.699418],[-42.933597,-1.697803],[-42.937965,-1.696215],[-42.942289,-1.694653],[-42.946569,-1.693117],[-42.950808,-1.691606],[-42.955009,-1.690119],[-42.959775,-1.688444],[-42.964495,-1.686799],[-42.969172,-1.685182],[-42.973808,-1.683594],[-42.978405,-1.682033],[-42.982964,-1.680499],[-42.987488,-1.67899],[-42.991978,-1.677508],[-42.996437,-1.67605],[-43.000865,-1.674617],[-43.005263,-1.673208],[-43.009633,-1.671823],[-43.013975,-1.670462],[-43.018291,-1.669124],[-43.022581,-1.667808],[-43.026846,-1.666516],[-43.031094,-1.665244],[-43.035319,-1.663994],[-43.039521,-1.662766],[-43.043703,-1.66156],[-43.047863,-1.660376],[-43.052004,-1.659212],[-43.056126,-1.65807],[-43.060229,-1.656949],[-43.064314,-1.655848],[-43.068382,-1.654769],[-43.072433,-1.653709],[-43.076467,-1.65267],[-43.080485,-1.651652],[-43.084488,-1.650653],[-43.088476,-1.649675],[-43.092449,-1.648716],[-43.098915,-1.647177],[-43.105234,-1.645688],[-43.111422,-1.644247],[-43.117491,-1.642849],[-43.123456,-1.641493],[-43.129323,-1.640175],[-43.1351,-1.638895],[-43.140793,-1.637651],[-43.146418,-1.63644],[-43.151971,-1.635262],[-43.157456,-1.634118],[-43.162877,-1.633005],[-43.168239,-1.631923],[-43.173543,-1.630872],[-43.178793,-1.62985],[-43.183991,-1.628859],[-43.189167,-1.627891],[-43.194296,-1.626952],[-43.19938,-1.626041],[-43.20442,-1.625159],[-43.20942,-1.624304],[-43.214379,-1.623477],[-43.2193,-1.622677],[-43.224184,-1.621904],[-43.226613,-1.621528],[-43.229033,-1.621158],[-43.231445,-1.620795],[-43.233848,-1.620439],[-43.236243,-1.620089],[-43.23863,-1.619746],[-43.241009,-1.619409],[-43.24338,-1.619079],[-43.245743,-1.618756],[-43.248098,-1.618439],[-43.250446,-1.618128],[-43.252786,-1.617824],[-43.255119,-1.617527],[-43.257444,-1.617236],[-43.259763,-1.616952],[-43.262074,-1.616673],[-43.266941,-1.616104],[-43.27182,-1.615553],[-43.27671,-1.615021],[-43.281613,-1.614507],[-43.286527,-1.614013],[-43.291451,-1.613537],[-43.296386,-1.613079],[-43.301332,-1.612641],[-43.306287,-1.612222],[-43.311253,-1.611821],[-43.316227,-1.611439],[-43.32121,-1.611076],[-43.326202,-1.610732],[-43.331202,-1.610408],[-43.33621,-1.610102],[-43.341225,-1.609815],[-43.346248,-1.609547],[-43.351277,-1.609298],[-43.356313,-1.609069],[-43.361354,-1.608858],[-43.366401,-1.608667],[-43.371454,-1.608495],[-43.376511,-1.608342],[-43.381572,-1.608208],[-43.386638,-1.608093],[-43.391707,-1.607998],[-43.396779,-1.607921],[-43.401854,-1.607864],[-43.406931,-1.607826],[-43.41201,-1.607808],[-43.41709,-1.607808],[-43.422172,-1.607828],[-43.423531,-1.607838],[-43.424892,-1.607852],[-43.426257,-1.607871],[-43.427625,-1.607894],[-43.428996,-1.607921],[-43.430371,-1.607953],[-43.431748,-1.607988],[-43.433129,-1.608029],[-43.434513,-1.608073],[-43.4359,-1.608122],[-43.437291,-1.608175],[-43.438685,-1.608233],[-43.440083,-1.608294],[-43.441484,-1.608361],[-43.442889,-1.608431],[-43.444297,-1.608506],[-43.44571,-1.608585],[-43.447125,-1.608668],[-43.448545,-1.608756],[-43.449968,-1.608848],[-43.451396,-1.608945],[-43.452827,-1.609045],[-43.454262,-1.609151],[-43.455702,-1.60926],[-43.458593,-1.609492],[-43.461502,-1.609742],[-43.464429,-1.610009],[-43.467374,-1.610294],[-43.470333,-1.610596],[-43.473312,-1.610916],[-43.476312,-1.611253],[-43.479333,-1.611609],[-43.482376,-1.611982],[-43.485441,-1.612373],[-43.488531,-1.612783],[-43.491645,-1.61321],[-43.494785,-1.613657],[-43.497951,-1.614121],[-43.501146,-1.614605],[-43.504371,-1.615107],[-43.507626,-1.615629],[-43.510915,-1.61617],[-43.514239,-1.616732],[-43.517599,-1.617313],[-43.5203,-1.61779],[-43.523027,-1.61828],[-43.525781,-1.618784],[-43.528564,-1.619301],[-43.531376,-1.619833],[-43.534221,-1.620378],[-43.5371,-1.620939],[-43.540016,-1.621514],[-43.542965,-1.622105],[-43.545956,-1.622711],[-43.548992,-1.623335],[-43.552075,-1.623975],[-43.55521,-1.624634],[-43.558401,-1.625313],[-43.561655,-1.626012],[-43.564979,-1.626733],[-43.570481,-1.627941],[-43.576229,-1.62922],[-43.582281,-1.630584],[-43.588756,-1.632059],[-43.594447,-1.633367],[-43.600782,-1.634831],[-43.62201,-1.639766],[-43.630003,-1.641618],[-43.637966,-1.643449],[-43.645149,-1.645084],[-43.652793,-1.646802],[-43.656433,-1.64761],[-43.659973,-1.648388],[-43.663431,-1.649142],[-43.666811,-1.649871],[-43.670122,-1.650578],[-43.67337,-1.651264],[-43.676884,-1.651997],[-43.680335,-1.652707],[-43.683728,-1.653396],[-43.687068,-1.654064],[-43.69036,-1.654712],[-43.693606,-1.65534],[-43.69681,-1.655951],[-43.699973,-1.656543],[-43.703103,-1.657117],[-43.706197,-1.657675],[-43.709258,-1.658215],[-43.712288,-1.658739],[-43.715287,-1.659247],[-43.718258,-1.659738],[-43.721202,-1.660213],[-43.72412,-1.660673],[-43.726964,-1.66111],[-43.729784,-1.661532],[-43.732583,-1.661939],[-43.73536,-1.662331],[-43.738117,-1.662709],[-43.740855,-1.663073],[-43.743574,-1.663422],[-43.746275,-1.663757],[-43.748959,-1.664078],[-43.751626,-1.664385],[-43.754276,-1.664679],[-43.756911,-1.664958],[-43.75953,-1.665223],[-43.762135,-1.665475],[-43.764725,-1.665712],[-43.767301,-1.665936],[-43.769865,-1.666147],[-43.772417,-1.666343],[-43.774955,-1.666527],[-43.777481,-1.666696],[-43.779995,-1.666852],[-43.782497,-1.666994],[-43.784987,-1.667123],[-43.787466,-1.667238],[-43.789935,-1.667339],[-43.792392,-1.667427],[-43.794839,-1.667502],[-43.797276,-1.667563],[-43.799703,-1.66761],[-43.80212,-1.667644],[-43.804528,-1.667664],[-43.806926,-1.667671],[-43.809103,-1.667669],[-43.811281,-1.667664],[-43.813459,-1.667654],[-43.815637,-1.667641],[-43.819994,-1.667604],[-43.824352,-1.667551],[-43.828711,-1.667483],[-43.83089,-1.667444],[-43.83307,-1.6674],[-43.83743,-1.667302],[-43.83961,-1.667248],[-43.84179,-1.667189],[-43.846152,-1.667061],[-43.850514,-1.666918],[-43.854877,-1.666759],[-43.859241,-1.666586],[-43.863605,-1.666397],[-43.86797,-1.666194],[-43.872336,-1.665975],[-43.876703,-1.665741],[-43.88107,-1.665492],[-43.885439,-1.665228],[-43.889808,-1.664949],[-43.894177,-1.664655],[-43.898548,-1.664346],[-43.902919,-1.664021],[-43.907291,-1.663682],[-43.911663,-1.663327],[-43.916037,-1.662957],[-43.920411,-1.662572],[-43.922598,-1.662374],[-43.924786,-1.662173],[-43.926974,-1.661967],[-43.929162,-1.661758],[-43.933538,-1.661327],[-43.937915,-1.660882],[-43.940104,-1.660654],[-43.942293,-1.660422],[-43.944482,-1.660186],[-43.946672,-1.659947]]]}},
{"type":"Feature","properties":{"idhidrovia":200000385,"nome":"Acesso ao Porto de Pecém","navegacao":"Navegação de Cabotagem","tipo":"Marítimo/oceânico","vel_cional":15.0,"extensao":1.0,"tempo":"0d 0h 4min","cla_icacao":"Acesso simples","nome_rio":null,"nom_eclusa":null,"jurisdicao":null,"reg_rafica":null,"pro_de_min":null,"pro_de_max":null,"dominio":null,"observacao":null,"snv":null,"fonte":null,"idm_origem":null,"mun_origem":null,"est_origem":null,"idm_estino":"BR231240","mun_estino":"São Gonçalo do Amarante","est_estino":"CE","idantaq":null,"camada sim":"34","Fluxo":10205292.0},"geometry":{"type":"MultiLineString","coordinates":[[[-38.335386,-2.992454],[-38.336868,-2.992708],[-38.338348,-2.992967],[-38.339825,-2.993229],[-38.341299,-2.993496],[-38.34277,-2.993767],[-38.344239,-2.994042],[-38.345704,-2.99432],[-38.347167,-2.994603],[-38.348627,-2.99489],[-38.350084,-2.995181],[-38.351538,-2.995477],[-38.352989,-2.995776],[-38.354438,-2.996079],[-38.355884,-2.996387],[-38.357327,-2.996698],[-38.358767,-2.997014],[-38.360205,-2.997334],[-38.361639,-2.997657],[-38.363072,-2.997985],[-38.364501,-2.998317],[-38.365928,-2.998654],[-38.367351,-2.998994],[-38.368773,-2.999338],[-38.370191,-2.999687],[-38.371607,-3.000039],[-38.37302,-3.000396],[-38.374431,-3.000757],[-38.375839,-3.001122],[-38.377244,-3.001491],[-38.378647,-3.001864],[-38.380047,-3.002242],[-38.381444,-3.002623],[-38.382839,-3.003009],[-38.384231,-3.003398],[-38.385621,-3.003792],[-38.387008,-3.00419],[-38.388393,-3.004593],[-38.389774,-3.004999],[-38.391154,-3.005409],[-38.392531,-3.005824],[-38.393905,-3.006243],[-38.395277,-3.006666],[-38.396647,-3.007093],[-38.398014,-3.007524],[-38.399378,-3.00796],[-38.40074,-3.008399],[-38.4021,-3.008843],[-38.403457,-3.009291],[-38.404812,-3.009744],[-38.406164,-3.0102],[-38.407514,-3.010661],[-38.408862,-3.011125],[-38.410207,-3.011595],[-38.41155,-3.012068],[-38.41289,-3.012545],[-38.414228,-3.013027],[-38.415564,-3.013513],[-38.416898,-3.014003],[-38.418229,-3.014497],[-38.419558,-3.014996],[-38.420885,-3.015499],[-38.422209,-3.016006],[-38.423532,-3.016517],[-38.424852,-3.017033],[-38.426168,-3.017552],[-38.427483,-3.018076],[-38.428795,-3.018604],[-38.430105,-3.019136],[-38.431413,-3.019673],[-38.432719,-3.020213],[-38.434023,-3.020759],[-38.435324,-3.021308],[-38.436624,-3.021862],[-38.437921,-3.02242],[-38.439216,-3.022982],[-38.44051,-3.023549],[-38.441801,-3.02412],[-38.44309,-3.024695],[-38.444377,-3.025274],[-38.445662,-3.025858],[-38.446946,-3.026447],[-38.448227,-3.027039],[-38.449506,-3.027637],[-38.450784,-3.028238],[-38.452059,-3.028844],[-38.453333,-3.029454],[-38.454605,-3.030069],[-38.455874,-3.030688],[-38.457142,-3.031311],[-38.458409,-3.031939],[-38.459673,-3.032571],[-38.460936,-3.033208],[-38.462196,-3.033849],[-38.463455,-3.034495],[-38.464713,-3.035145],[-38.465968,-3.0358],[-38.467222,-3.036459],[-38.468474,-3.037122],[-38.469724,-3.03779],[-38.470973,-3.038463],[-38.47222,-3.03914],[-38.473466,-3.039821],[-38.47471,-3.040508],[-38.475952,-3.041198],[-38.477193,-3.041894],[-38.478432,-3.042593],[-38.47967,-3.043298],[-38.480906,-3.044007],[-38.482141,-3.044721],[-38.483374,-3.045439],[-38.484606,-3.046162],[-38.485837,-3.04689],[-38.487066,-3.047622],[-38.488294,-3.048359],[-38.48952,-3.049101],[-38.490746,-3.049847],[-38.49197,-3.050598],[-38.493192,-3.051354],[-38.494414,-3.052115],[-38.495634,-3.05288],[-38.496853,-3.053651],[-38.498071,-3.054426],[-38.499288,-3.055206],[-38.500504,-3.05599],[-38.501719,-3.05678],[-38.502933,-3.057574],[-38.504145,-3.058374],[-38.505357,-3.059178],[-38.506518,-3.059954],[-38.507678,-3.060734],[-38.508838,-3.061519],[-38.509996,-3.062309],[-38.511154,-3.063103],[-38.512311,-3.063902],[-38.513467,-3.064706],[-38.514623,-3.065514],[-38.515778,-3.066327],[-38.516933,-3.067144],[-38.518086,-3.067966],[-38.51924,-3.068794],[-38.520392,-3.069625],[-38.521545,-3.070462],[-38.522696,-3.071303],[-38.523848,-3.07215],[-38.524998,-3.073001],[-38.526149,-3.073857],[-38.527299,-3.074718],[-38.528449,-3.075584],[-38.529599,-3.076455],[-38.530748,-3.077331],[-38.531897,-3.078211],[-38.533046,-3.079097],[-38.534195,-3.079988],[-38.535344,-3.080885],[-38.536493,-3.081786],[-38.537642,-3.082693],[-38.53879,-3.083604],[-38.539939,-3.084521],[-38.541089,-3.085444],[-38.542238,-3.086371],[-38.543386,-3.087303],[-38.544535,-3.088241],[-38.545684,-3.089184],[-38.546834,-3.090132],[-38.547984,-3.091086],[-38.549134,-3.092046],[-38.550285,-3.093011],[-38.551437,-3.093982],[-38.552589,-3.094958],[-38.553742,-3.095941],[-38.554896,-3.096929],[-38.55605,-3.097922],[-38.557206,-3.098922],[-38.558362,-3.099928],[-38.559519,-3.100939],[-38.560678,-3.101957],[-38.561837,-3.102981],[-38.562997,-3.104011],[-38.564159,-3.105047],[-38.565322,-3.106089],[-38.566487,-3.107138],[-38.567653,-3.108193],[-38.568821,-3.109255],[-38.56999,-3.110323],[-38.571161,-3.111399],[-38.572334,-3.11248],[-38.573509,-3.113569],[-38.574686,-3.114665],[-38.575865,-3.115767],[-38.577046,-3.116877],[-38.579416,-3.119118],[-38.581694,-3.121291],[-38.583981,-3.123491],[-38.58628,-3.125721],[-38.588591,-3.12798],[-38.590915,-3.130271],[-38.593254,-3.132593],[-38.595608,-3.134948],[-38.597979,-3.137338],[-38.600366,-3.139762],[-38.602773,-3.142223],[-38.605202,-3.144724],[-38.607655,-3.147267],[-38.610133,-3.149853],[-38.61264,-3.152486],[-38.615179,-3.155168],[-38.617752,-3.157904],[-38.620241,-3.160564],[-38.622768,-3.16328],[-38.625339,-3.166057],[-38.627959,-3.168901],[-38.630633,-3.171817],[-38.63337,-3.174815],[-38.63618,-3.177907],[-38.639077,-3.181106],[-38.641908,-3.184245],[-38.644853,-3.18752],[-38.647937,-3.19096],[-38.651209,-3.194619],[-38.658094,-3.202345],[-38.669104,-3.21473],[-38.66999,-3.21573],[-38.670873,-3.216732],[-38.671754,-3.217736],[-38.672632,-3.218742],[-38.673508,-3.219751],[-38.674381,-3.220763],[-38.675251,-3.221777],[-38.676119,-3.222793],[-38.676984,-3.223812],[-38.677847,-3.224833],[-38.678707,-3.225857],[-38.679564,-3.226883],[-38.680419,-3.227912],[-38.681271,-3.228942],[-38.682121,-3.229976],[-38.682968,-3.231012],[-38.683812,-3.23205],[-38.684654,-3.233091],[-38.685494,-3.234134],[-38.68633,-3.235179],[-38.687164,-3.236227],[-38.687996,-3.237278],[-38.688825,-3.23833],[-38.689651,-3.239386],[-38.690475,-3.240443],[-38.691296,-3.241503],[-38.692114,-3.242566],[-38.69293,-3.243631],[-38.693744,-3.244698],[-38.694554,-3.245768],[-38.695362,-3.24684],[-38.696168,-3.247915],[-38.696971,-3.248992],[-38.697771,-3.250072],[-38.698569,-3.251154],[-38.699364,-3.252238],[-38.700157,-3.253325],[-38.700947,-3.254414],[-38.701734,-3.255506],[-38.702519,-3.2566],[-38.703301,-3.257696],[-38.704081,-3.258795],[-38.705632,-3.261001],[-38.707173,-3.263216],[-38.708704,-3.26544],[-38.710224,-3.267675],[-38.711734,-3.269919],[-38.713234,-3.272172],[-38.714723,-3.274436],[-38.716202,-3.276709],[-38.71767,-3.278992],[-38.719128,-3.281285],[-38.720576,-3.283587],[-38.722013,-3.2859],[-38.72344,-3.288221],[-38.724857,-3.290553],[-38.726263,-3.292894],[-38.727659,-3.295245],[-38.729044,-3.297606],[-38.730419,-3.299976],[-38.731784,-3.302357],[-38.733138,-3.304746],[-38.734482,-3.307146],[-38.73515,-3.308349],[-38.735816,-3.309555],[-38.737139,-3.311974],[-38.738452,-3.314403],[-38.739754,-3.316842],[-38.741046,-3.31929],[-38.742328,-3.321748],[-38.743599,-3.324215],[-38.74486,-3.326693],[-38.746111,-3.32918],[-38.747351,-3.331676],[-38.747967,-3.332929],[-38.748581,-3.334183],[-38.749192,-3.33544],[-38.7498,-3.336699],[-38.751009,-3.339225],[-38.752208,-3.341761],[-38.753396,-3.344306],[-38.754574,-3.346861],[-38.755159,-3.348142],[-38.755741,-3.349426],[-38.756899,-3.352001],[-38.758045,-3.354585],[-38.759182,-3.357179],[-38.760308,-3.359782],[-38.761424,-3.362396],[-38.762529,-3.365019],[-38.763078,-3.366334],[-38.763624,-3.367652],[-38.764708,-3.370294],[-38.765247,-3.371619],[-38.765782,-3.372947],[-38.766846,-3.375609],[-38.7679,-3.37828],[-38.768943,-3.380962],[-38.769975,-3.383653],[-38.770998,-3.386354],[-38.77201,-3.389064],[-38.773011,-3.391785],[-38.774002,-3.394515],[-38.774983,-3.397254],[-38.775953,-3.400004],[-38.776914,-3.402763],[-38.77739,-3.404146],[-38.777863,-3.405532],[-38.778802,-3.40831],[-38.779731,-3.411099],[-38.78065,-3.413897],[-38.781558,-3.416705],[-38.782456,-3.419522],[-38.783343,-3.422349],[-38.78422,-3.425186],[-38.785087,-3.428033],[-38.785516,-3.42946],[-38.785943,-3.430889],[-38.786789,-3.433755],[-38.787625,-3.436631],[-38.78845,-3.439516],[-38.788859,-3.440963],[-38.789265,-3.442412],[-38.790069,-3.445317],[-38.790863,-3.448231],[-38.791647,-3.451156],[-38.79242,-3.45409],[-38.793183,-3.457034],[-38.793935,-3.459987],[-38.794678,-3.46295],[-38.795409,-3.465923],[-38.796131,-3.468906],[-38.796842,-3.471898],[-38.797542,-3.474901],[-38.797889,-3.476405],[-38.798233,-3.477912],[-38.798913,-3.480934],[-38.799582,-3.483965],[-38.799913,-3.485484],[-38.800241,-3.487006],[-38.80089,-3.490057],[-38.801529,-3.493117],[-38.801844,-3.494651],[-38.802157,-3.496187],[-38.802467,-3.497726],[-38.802774,-3.499267],[-38.803382,-3.502357],[-38.803681,-3.503905],[-38.803978,-3.505456],[-38.804565,-3.508565],[-38.805141,-3.511684],[-38.805707,-3.514812],[-38.806262,-3.517951],[-38.806536,-3.519523],[-38.806807,-3.521099],[-38.807342,-3.524256],[-38.807605,-3.525839],[-38.807866,-3.527423],[-38.80838,-3.530601],[-38.808884,-3.533787],[-38.809377,-3.536984],[-38.80986,-3.54019],[-38.810097,-3.541797],[-38.810332,-3.543406],[-38.810564,-3.545017],[-38.810794,-3.546632],[-38.811246,-3.549867]]]}},
{"type":"Feature","properties":{"idhidrovia":200000386,"nome":"Porto de Itajaí - Porto de São Francisco do Sul","navegacao":"Navegação de Cabotagem","tipo":"Marítimo/oceânico","vel_cional":25.0,"extensao":98.28,"tempo":"0d 3h 55min","cla_icacao":"Percurso externo","nome_rio":null,"nom_eclusa":null,"jurisdicao":null,"reg_rafica":null,"pro_de_min":null,"pro_de_max":null,"dominio":null,"observacao":null,"snv":null,"fonte":null,"idm_origem":null,"mun_origem":null,"est_origem":null,"idm_estino":null,"mun_estino":null,"est_estino":null,"idantaq":null,"camada sim":"35","Fluxo":12599734.0},"geometry":{"type":"MultiLineString","coordinates":[[[-47.974713,-26.680818],[-47.974849,-26.679629],[-47.975115,-26.677228],[-47.975367,-26.674865],[-47.975612,-26.672487],[-47.97585,-26.670092],[-47.97608,-26.66768],[-47.976304,-26.665252],[-47.97652,-26.662806],[-47.976729,-26.660343],[-47.976931,-26.657861],[-47.977126,-26.655361],[-47.977314,-26.652842],[-47.977495,-26.650304],[-47.977669,-26.647745],[-47.977837,-26.645165],[-47.977997,-26.642563],[-47.978151,-26.63994],[-47.978298,-26.637293],[-47.978415,-26.635031],[-47.978523,-26.63275],[-47.978623,-26.630447],[-47.978713,-26.628122],[-47.978795,-26.625773],[-47.978867,-26.6234],[-47.978931,-26.621002],[-47.978986,-26.618576],[-47.979033,-26.616125],[-47.979071,-26.613642],[-47.9791,-26.611128],[-47.97912,-26.60858],[-47.979132,-26.605995],[-47.979136,-26.603371],[-47.979131,-26.600705],[-47.979117,-26.597993],[-47.979096,-26.595376],[-47.979067,-26.59271],[-47.979031,-26.58999],[-47.978986,-26.58721],[-47.978934,-26.584366],[-47.978873,-26.581446],[-47.978804,-26.578439],[-47.978727,-26.57533],[-47.978557,-26.569184],[-47.978348,-26.562377],[-47.978112,-26.555193],[-47.977671,-26.542239],[-47.977545,-26.538644],[-47.977412,-26.535041],[-47.97727,-26.531432],[-47.97712,-26.527817],[-47.976962,-26.524195],[-47.976795,-26.520567],[-47.976621,-26.516932],[-47.976439,-26.51329],[-47.976248,-26.509642],[-47.97605,-26.505988],[-47.975843,-26.502326],[-47.975628,-26.498659],[-47.975405,-26.494984],[-47.975174,-26.491303],[-47.974935,-26.487616],[-47.974688,-26.483921],[-47.974432,-26.480221],[-47.974169,-26.476513],[-47.973897,-26.472799],[-47.973618,-26.469078],[-47.97333,-26.465351],[-47.973034,-26.461617],[-47.97273,-26.457876],[-47.972418,-26.454129],[-47.972098,-26.450374],[-47.971769,-26.446613],[-47.971433,-26.442846],[-47.971088,-26.439071],[-47.970736,-26.43529],[-47.970375,-26.431502],[-47.970006,-26.427708],[-47.969629,-26.423906],[-47.969246,-26.42012],[-47.968858,-26.416351],[-47.968465,-26.412596],[-47.968066,-26.408858],[-47.967661,-26.405134],[-47.967252,-26.401425],[-47.966836,-26.397731],[-47.966415,-26.394051],[-47.965988,-26.390386],[-47.965556,-26.386735],[-47.965118,-26.383098],[-47.964675,-26.379474],[-47.964226,-26.375864],[-47.963771,-26.372268],[-47.963311,-26.368685],[-47.962844,-26.365115],[-47.962372,-26.361558],[-47.961895,-26.358013],[-47.961411,-26.354482],[-47.960922,-26.350963],[-47.960427,-26.347456],[-47.960161,-26.345604]]]}},
{"type":"Feature","properties":{"idhidrovia":200000387,"nome":"Acesso ao Porto de Itajaí","navegacao":"Navegação de Cabotagem","tipo":"Marítimo/oceânico","vel_cional":15.0,"extensao":1.0,"tempo":"0d 0h 4min","cla_icacao":"Acesso simples","nome_rio":null,"nom_eclusa":null,"jurisdicao":null,"reg_rafica":null,"pro_de_min":null,"pro_de_max":null,"dominio":null,"observacao":null,"snv":null,"fonte":null,"idm_origem":"BR420820","mun_origem":"Itajaí","est_origem":"SC","idm_estino":null,"mun_estino":null,"est_estino":null,"idantaq":null,"camada sim":"36","Fluxo":1728322.0},"geometry":{"type":"MultiLineString","coordinates":[[[-48.666364,-26.901005],[-48.666216,-26.90094],[-48.666068,-26.900876],[-48.66592,-26.900815],[-48.665772,-26.900756],[-48.665625,-26.900699],[-48.665477,-26.900645],[-48.66533,-26.900593],[-48.665182,-26.900543],[-48.665035,-26.900496],[-48.664888,-26.900451],[-48.664741,-26.900408],[-48.664594,-26.900368],[-48.664447,-26.90033],[-48.664301,-26.900294],[-48.664154,-26.900261],[-48.664008,-26.90023],[-48.663862,-26.900201],[-48.663716,-26.900175],[-48.66357,-26.900151],[-48.663424,-26.900129],[-48.663278,-26.90011],[-48.663132,-26.900093],[-48.662987,-26.900078],[-48.662842,-26.900066],[-48.662696,-26.900056],[-48.662551,-26.900048],[-48.662406,-26.900043],[-48.662261,-26.90004],[-48.662117,-26.900039],[-48.661972,-26.900041],[-48.661827,-26.900045],[-48.661683,-26.900051],[-48.661567,-26.900058],[-48.661451,-26.900068],[-48.661333,-26.90008],[-48.661213,-26.900094],[-48.661093,-26.90011],[-48.660971,-26.900129],[-48.660847,-26.90015],[-48.660723,-26.900174],[-48.660596,-26.900199],[-48.660469,-26.900228],[-48.66034,-26.900258],[-48.660209,-26.900291],[-48.660077,-26.900326],[-48.659943,-26.900364],[-48.659807,-26.900404],[-48.659669,-26.900447],[-48.659393,-26.900538],[-48.659109,-26.900639],[-48.658815,-26.90075],[-48.658509,-26.900872],[-48.658194,-26.901005],[-48.657861,-26.901151],[-48.657504,-26.901313],[-48.657103,-26.9015],[-48.656955,-26.901573],[-48.656807,-26.901649],[-48.65666,-26.90173],[-48.656513,-26.901815],[-48.656367,-26.901904],[-48.656222,-26.901998],[-48.656077,-26.902095],[-48.655932,-26.902197],[-48.655788,-26.902304],[-48.655644,-26.902415],[-48.655499,-26.902531],[-48.655355,-26.902651],[-48.65521,-26.902776],[-48.655064,-26.902907],[-48.654918,-26.903042],[-48.654771,-26.903183],[-48.654641,-26.903312],[-48.65451,-26.903445],[-48.654377,-26.903583],[-48.654242,-26.903726],[-48.654105,-26.903875],[-48.653966,-26.90403],[-48.653823,-26.904192],[-48.653676,-26.904361],[-48.653411,-26.904674],[-48.65312,-26.905027],[-48.652831,-26.905382],[-48.652071,-26.906326],[-48.651844,-26.906604],[-48.651639,-26.906852],[-48.651404,-26.907131],[-48.651182,-26.907387],[-48.650969,-26.907627],[-48.650762,-26.907853],[-48.650636,-26.907986],[-48.650512,-26.908115],[-48.650389,-26.908239],[-48.650267,-26.90836],[-48.650146,-26.908477],[-48.650026,-26.908591],[-48.649906,-26.908701],[-48.649787,-26.908807],[-48.649668,-26.908911],[-48.649549,-26.909011],[-48.64943,-26.909108],[-48.649311,-26.909202],[-48.649193,-26.909293],[-48.649074,-26.909381],[-48.648955,-26.909467],[-48.648835,-26.909549],[-48.64849,-26.90978],[-48.648142,-26.910007],[-48.647789,-26.910231],[-48.647434,-26.91045],[-48.647076,-26.910665],[-48.646715,-26.910875],[-48.646353,-26.91108],[-48.645988,-26.91128],[-48.645623,-26.911475],[-48.645257,-26.911665],[-48.64489,-26.911849],[-48.644523,-26.912027],[-48.644157,-26.912199],[-48.64379,-26.912365],[-48.643425,-26.912525],[-48.64306,-26.912678],[-48.642819,-26.912775],[-48.642574,-26.912867],[-48.642325,-26.912956],[-48.642072,-26.91304],[-48.641814,-26.91312],[-48.641553,-26.913196],[-48.641287,-26.913268],[-48.641016,-26.913337],[-48.64074,-26.913401],[-48.64046,-26.913461],[-48.640174,-26.913518],[-48.639882,-26.913571],[-48.639585,-26.913621],[-48.639281,-26.913666],[-48.63897,-26.913709],[-48.638651,-26.913748],[-48.638375,-26.913778],[-48.638093,-26.913806],[-48.637803,-26.913832],[-48.637506,-26.913856],[-48.637201,-26.913877],[-48.636886,-26.913896],[-48.63656,-26.913914],[-48.636221,-26.913929],[-48.635613,-26.913952],[-48.634935,-26.91397],[-48.634264,-26.913984],[-48.632523,-26.914013],[-48.632014,-26.914025],[-48.631557,-26.914037],[-48.631045,-26.914055],[-48.630566,-26.914076],[-48.630113,-26.9141],[-48.62968,-26.914128],[-48.629424,-26.914147],[-48.629174,-26.914168],[-48.628928,-26.91419],[-48.628688,-26.914214],[-48.628452,-26.91424],[-48.628221,-26.914267],[-48.627993,-26.914296],[-48.627769,-26.914327],[-48.627549,-26.91436],[-48.627331,-26.914394],[-48.627117,-26.91443],[-48.626906,-26.914469],[-48.626697,-26.914509],[-48.626492,-26.914551],[-48.626289,-26.914595],[-48.626089,-26.91464],[-48.625641,-26.914749],[-48.625186,-26.914867],[-48.624722,-26.914994],[-48.624249,-26.91513],[-48.623765,-26.915275],[-48.623269,-26.915431],[-48.622757,-26.915597],[-48.622228,-26.915776],[-48.621769,-26.915934],[-48.621292,-26.916104],[-48.62079,-26.916285],[-48.620255,-26.916483],[-48.619239,-26.916865],[-48.617373,-26.917578],[-48.616635,-26.917857],[-48.61588,-26.918139],[-48.615199,-26.918388],[-48.614811,-26.918528],[-48.614436,-26.91866],[-48.614073,-26.918785],[-48.61372,-26.918905],[-48.613375,-26.919019],[-48.613037,-26.919128],[-48.612706,-26.919233],[-48.612381,-26.919333],[-48.611562,-26.919578],[-48.610733,-26.91982],[-48.609895,-26.92006],[-48.609047,-26.920296],[-48.608189,-26.920529],[-48.607321,-26.920759],[-48.606442,-26.920987],[-48.605551,-26.921213],[-48.604649,-26.921435],[-48.603734,-26.921656],[-48.602805,-26.921874],[-48.601863,-26.922091],[-48.600905,-26.922306],[-48.599931,-26.92252],[-48.598939,-26.922733],[-48.597929,-26.922945],[-48.596965,-26.923142],[-48.595981,-26.92334],[-48.594976,-26.923538],[-48.593947,-26.923737],[-48.592892,-26.923937],[-48.591807,-26.924139],[-48.589525,-26.924553],[-48.587299,-26.924945],[-48.584817,-26.925371],[-48.582474,-26.925767],[-48.576534,-26.926763],[-48.575014,-26.927017],[-48.573487,-26.927267],[-48.571954,-26.927511],[-48.570414,-26.927752],[-48.568867,-26.927988],[-48.567313,-26.92822],[-48.565752,-26.928447],[-48.564184,-26.92867],[-48.562609,-26.928889],[-48.561026,-26.929103],[-48.559437,-26.929313],[-48.55784,-26.929518],[-48.556236,-26.929719],[-48.554624,-26.929916],[-48.553004,-26.930109],[-48.551377,-26.930297],[-48.549743,-26.930481],[-48.5481,-26.930661],[-48.54645,-26.930837],[-48.544791,-26.931008],[-48.543124,-26.931175],[-48.541449,-26.931338],[-48.539765,-26.931497],[-48.538073,-26.931651],[-48.536372,-26.931801],[-48.534662,-26.931947],[-48.532943,-26.932089],[-48.531214,-26.932227],[-48.529477,-26.932361],[-48.527729,-26.93249],[-48.525972,-26.932616],[-48.524205,-26.932737],[-48.522577,-26.932845],[-48.520943,-26.932947],[-48.519304,-26.933044],[-48.517659,-26.933137],[-48.516009,-26.933225],[-48.514354,-26.933308],[-48.512693,-26.933386],[-48.511026,-26.933459],[-48.509355,-26.933528],[-48.507677,-26.933592],[-48.505994,-26.93365],[-48.504305,-26.933705],[-48.502611,-26.933754],[-48.500911,-26.933798],[-48.499206,-26.933838],[-48.497494,-26.933873],[-48.495777,-26.933903],[-48.494054,-26.933928],[-48.492325,-26.933948],[-48.490591,-26.933964],[-48.48885,-26.933975],[-48.487104,-26.933981],[-48.485351,-26.933982],[-48.483592,-26.933978],[-48.481828,-26.93397],[-48.480057,-26.933956],[-48.47828,-26.933938],[-48.476496,-26.933915],[-48.474707,-26.933888],[-48.47291,-26.933855],[-48.471108,-26.933818],[-48.469299,-26.933776],[-48.467635,-26.933732],[-48.465961,-26.933683],[-48.464278,-26.933628],[-48.462585,-26.933567],[-48.460883,-26.933501],[-48.45917,-26.933429],[-48.457446,-26.933351],[-48.455712,-26.933268],[-48.453967,-26.933179],[-48.452211,-26.933084],[-48.450443,-26.932984],[-48.448662,-26.932877],[-48.446869,-26.932765],[-48.445063,-26.932647],[-48.443244,-26.932524],[-48.441411,-26.932394],[-48.439567,-26.932259],[-48.437709,-26.932118],[-48.435835,-26.93197],[-48.433945,-26.931817],[-48.430114,-26.931492],[-48.426208,-26.931143],[-48.422224,-26.930768],[-48.418148,-26.930366],[-48.41397,-26.929938],[-48.409676,-26.92948],[-48.407849,-26.929279],[-48.406016,-26.929073],[-48.404176,-26.928862],[-48.402331,-26.928645],[-48.39862,-26.928196],[-48.394883,-26.927725],[-48.39112,-26.927233],[-48.387328,-26.926719],[-48.383507,-26.926183],[-48.379657,-26.925625],[-48.375776,-26.925046],[-48.371863,-26.924444],[-48.367917,-26.923819],[-48.363936,-26.923172],[-48.359919,-26.922502],[-48.355863,-26.921808],[-48.351767,-26.921091],[-48.34763,-26.92035],[-48.343784,-26.919646],[-48.339925,-26.918921],[-48.336052,-26.918176],[-48.332167,-26.917412],[-48.328269,-26.916628],[-48.324357,-26.915824],[-48.320432,-26.915],[-48.316493,-26.914156],[-48.312541,-26.913293],[-48.308575,-26.912409],[-48.304595,-26.911506],[-48.300601,-26.910583],[-48.296594,-26.909639],[-48.292572,-26.908676],[-48.288536,-26.907692],[-48.284485,-26.906689],[-48.280553,-26.905698],[-48.276619,-26.904689],[-48.27268,-26.903663],[-48.268739,-26.902619],[-48.264795,-26.901557],[-48.260848,-26.900477],[-48.256899,-26.899379],[-48.252947,-26.898264],[-48.248993,-26.897131],[-48.245037,-26.895981],[-48.241079,-26.894813],[-48.237119,-26.893627],[-48.233159,-26.892425],[-48.229196,-26.891204],[-48.225233,-26.889967],[-48.221269,-26.888713],[-48.218275,-26.887752],[-48.21525,-26.88677],[-48.212191,-26.885765],[-48.209098,-26.884737],[-48.205968,-26.883685],[-48.202798,-26.882607],[-48.199585,-26.881504],[-48.196324,-26.880373],[-48.193023,-26.879216],[-48.189666,-26.87803],[-48.186248,-26.876811],[-48.182764,-26.875558],[-48.179208,-26.874268],[-48.175567,-26.872938],[-48.171831,-26.871563],[-48.167984,-26.870138],[-48.157678,-26.866312],[-48.152509,-26.864386],[-48.147475,-26.862498],[-48.142946,-26.860784],[-48.140637,-26.859903],[-48.138407,-26.859047],[-48.136244,-26.858211],[-48.134141,-26.857392],[-48.132088,-26.856587],[-48.130083,-26.855795],[-48.12812,-26.855013],[-48.126196,-26.85424],[-48.124196,-26.85343],[-48.122233,-26.852627],[-48.120305,-26.851831],[-48.118409,-26.85104],[-48.116542,-26.850254],[-48.114703,-26.849472],[-48.112891,-26.848693],[-48.111104,-26.847917],[-48.109339,-26.847142],[-48.107597,-26.846369],[-48.105877,-26.845597],[-48.104178,-26.844826],[-48.102499,-26.844055],[-48.100839,-26.843284],[-48.099198,-26.842513],[-48.097575,-26.841741],[-48.091974,-26.839068],[-48.089818,-26.838036],[-48.087514,-26.836927],[-48.08545,-26.835925],[-48.083333,-26.834886],[-48.081349,-26.833899],[-48.079468,-26.83295],[-48.078559,-26.832486],[-48.077669,-26.832028],[-48.076736,-26.831544],[-48.075822,-26.831065],[-48.074925,-26.83059],[-48.074044,-26.830119],[-48.073177,-26.829651],[-48.072325,-26.829187],[-48.071486,-26.828724],[-48.07066,-26.828264],[-48.069845,-26.827805],[-48.069042,-26.827347],[-48.06825,-26.826891],[-48.067469,-26.826435],[-48.066698,-26.82598],[-48.065937,-26.825525],[-48.065185,-26.825071],[-48.064443,-26.824617],[-48.063523,-26.824048],[-48.06261,-26.823479],[-48.061704,-26.82291],[-48.060806,-26.82234],[-48.059914,-26.82177],[-48.05903,-26.8212],[-48.058153,-26.820629],[-48.057282,-26.820058],[-48.056419,-26.819487],[-48.055562,-26.818915],[-48.054712,-26.818342],[-48.053869,-26.817769],[-48.053032,-26.817195],[-48.052202,-26.816621],[-48.051379,-26.816046],[-48.050562,-26.815471],[-48.049752,-26.814895],[-48.048948,-26.814318],[-48.048151,-26.81374],[-48.047361,-26.813162],[-48.046577,-26.812583],[-48.045799,-26.812003],[-48.045027,-26.811422],[-48.044263,-26.810841],[-48.043504,-26.810258],[-48.042752,-26.809675],[-48.042006,-26.809092],[-48.041266,-26.808507],[-48.040533,-26.807921],[-48.039806,-26.807335],[-48.039085,-26.806747],[-48.038371,-26.806159],[-48.037314,-26.80528],[-48.036266,-26.804397],[-48.035228,-26.803512],[-48.034198,-26.802624],[-48.033177,-26.801733],[-48.032166,-26.80084],[-48.031163,-26.799944],[-48.03017,-26.799045],[-48.029187,-26.798145],[-48.028213,-26.797242],[-48.027249,-26.796336],[-48.026294,-26.795429],[-48.025349,-26.794519],[-48.024413,-26.793608],[-48.023488,-26.792694],[-48.022572,-26.791778],[-48.021667,-26.790861],[-48.020771,-26.789942],[-48.019886,-26.789021],[-48.01901,-26.788098],[-48.018145,-26.787173],[-48.01729,-26.786247],[-48.016444,-26.785319],[-48.01561,-26.78439],[-48.014785,-26.783459],[-48.013971,-26.782526],[-48.013167,-26.781592],[-48.012374,-26.780657],[-48.011591,-26.779721],[-48.010818,-26.778783],[-48.010056,-26.777843],[-48.009305,-26.776903],[-48.008604,-26.776016],[-48.007918,-26.775138],[-48.007243,-26.774267],[-48.006581,-26.773404],[-48.005931,-26.772548],[-48.005292,-26.771698],[-48.004664,-26.770854],[-48.004047,-26.770016],[-48.00344,-26.769182],[-48.002844,-26.768354],[-48.002258,-26.76753],[-48.001682,-26.766711],[-48.001116,-26.765896],[-48.00056,-26.765084],[-48.000013,-26.764277],[-47.999476,-26.763473],[-47.998947,-26.762672],[-47.998428,-26.761873],[-47.997917,-26.761078],[-47.997416,-26.760285],[-47.996923,-26.759496],[-47.99644,-26.758709],[-47.995965,-26.757925],[-47.9955,-26.757144],[-47.995043,-26.756364],[-47.994594,-26.755587],[-47.994154,-26.754813],[-47.993723,-26.75404],[-47.993301,-26.75327],[-47.992886,-26.752501],[-47.992481,-26.751735],[-47.992084,-26.75097],[-47.991604,-26.750028],[-47.991128,-26.749077],[-47.990658,-26.748115],[-47.990193,-26.747144],[-47.989732,-26.746164],[-47.989276,-26.745174],[-47.988825,-26.744175],[-47.98838,-26.743167],[-47.987939,-26.74215],[-47.987504,-26.741124],[-47.987073,-26.740089],[-47.986648,-26.739045],[-47.986229,-26.737993],[-47.985815,-26.736933],[-47.985406,-26.735865],[-47.985002,-26.734788],[-47.984636,-26.733788],[-47.984275,-26.732778],[-47.983919,-26.731759],[-47.983568,-26.73073],[-47.983222,-26.729691],[-47.982881,-26.728643],[-47.982545,-26.727585],[-47.982215,-26.726517],[-47.98189,-26.72544],[-47.981569,-26.724352],[-47.981254,-26.723255],[-47.980944,-26.722149],[-47.980639,-26.721032],[-47.98034,-26.719906],[-47.980045,-26.71877],[-47.979755,-26.717624],[-47.979479,-26.7165],[-47.97921,-26.715375],[-47.978949,-26.714247],[-47.978696,-26.713118],[-47.97845,-26.711987],[-47.978212,-26.710855],[-47.977982,-26.70972],[-47.977759,-26.708584],[-47.977544,-26.707447],[-47.977337,-26.706308],[-47.977137,-26.705167],[-47.976945,-26.704024],[-47.976761,-26.70288],[-47.976584,-26.701734],[-47.976415,-26.700586],[-47.976253,-26.699437],[-47.976176,-26.698861],[-47.9761,-26.698286],[-47.975954,-26.697133],[-47.975815,-26.695978],[-47.975684,-26.694822],[-47.975561,-26.693665],[-47.975446,-26.692505],[-47.975391,-26.691925],[-47.975338,-26.691344],[-47.975238,-26.690181],[-47.975146,-26.689017],[-47.975102,-26.688434],[-47.975061,-26.68785],[-47.974984,-26.686682],[-47.974914,-26.685513],[-47.974852,-26.684342],[-47.974798,-26.683169],[-47.974752,-26.681994],[-47.974713,-26.680818]]]}},
{"type":"Feature","properties":{"idhidrovia":200000388,"nome":"Porto de Imbituba - Porto de Itajaí","navegacao":"Navegação de Cabotagem","tipo":"Marítimo/oceânico","vel_cional":25.0,"extensao":144.48,"tempo":"0d 5h 46min","cla_icacao":"Percurso externo","nome_rio":null,"nom_eclusa":null,"jurisdicao":null,"reg_rafica":null,"pro_de_min":null,"pro_de_max":null,"dominio":null,"observacao":null,"snv":null,"fonte":null,"idm_origem":null,"mun_origem":null,"est_origem":null,"idm_estino":null,"mun_estino":null,"est_estino":null,"idantaq":null,"camada sim":"37","Fluxo":11041334.0},"geometry":{"type":"MultiLineString","coordinates":[[[-47.924391,-28.359142],[-47.922623,-28.355175],[-47.92063,-28.350682],[-47.918649,-28.346194],[-47.91668,-28.341711],[-47.914722,-28.337232],[-47.912777,-28.332758],[-47.910842,-28.328289],[-47.90892,-28.323824],[-47.90701,-28.319364],[-47.905111,-28.314909],[-47.903329,-28.310708],[-47.901559,-28.306516],[-47.8998,-28.30233],[-47.898052,-28.298151],[-47.896315,-28.29398],[-47.894589,-28.289815],[-47.892875,-28.285658],[-47.891171,-28.281507],[-47.889478,-28.277363],[-47.887797,-28.273226],[-47.886126,-28.269095],[-47.884466,-28.264971],[-47.882817,-28.260854],[-47.881179,-28.256743],[-47.879552,-28.252639],[-47.877936,-28.24854],[-47.87615,-28.24399],[-47.874378,-28.239448],[-47.872619,-28.234916],[-47.870873,-28.230393],[-47.86914,-28.225879],[-47.86742,-28.221374],[-47.865713,-28.216877],[-47.864019,-28.21239],[-47.862338,-28.207911],[-47.86067,-28.203441],[-47.859015,-28.198979],[-47.857373,-28.194526],[-47.855743,-28.190081],[-47.854126,-28.185644],[-47.852522,-28.181215],[-47.850931,-28.176794],[-47.849438,-28.172624],[-47.847958,-28.168466],[-47.846489,-28.164318],[-47.845033,-28.16018],[-47.843588,-28.156054],[-47.842154,-28.151938],[-47.840733,-28.147832],[-47.839323,-28.143736],[-47.837925,-28.13965],[-47.836538,-28.135574],[-47.835163,-28.131507],[-47.833799,-28.12745],[-47.832447,-28.123403],[-47.831106,-28.119365],[-47.829776,-28.115336],[-47.828458,-28.111317],[-47.826993,-28.106824],[-47.825543,-28.102344],[-47.824106,-28.097877],[-47.822683,-28.093423],[-47.821273,-28.088981],[-47.819877,-28.084551],[-47.818493,-28.080132],[-47.817124,-28.075726],[-47.815767,-28.071331],[-47.814424,-28.066948],[-47.813094,-28.062576],[-47.811776,-28.058215],[-47.810472,-28.053865],[-47.809181,-28.049526],[-47.807903,-28.045198],[-47.806638,-28.04088],[-47.805439,-28.036757],[-47.804252,-28.032648],[-47.803077,-28.028552],[-47.801914,-28.02447],[-47.800762,-28.020401],[-47.799623,-28.016346],[-47.798496,-28.012303],[-47.79738,-28.008272],[-47.796276,-28.004254],[-47.795184,-28.000249],[-47.794103,-27.996255],[-47.793034,-27.992273],[-47.791977,-27.988302],[-47.790931,-27.984344],[-47.789896,-27.980396],[-47.788873,-27.97646],[-47.787733,-27.972039],[-47.786607,-27.967633],[-47.785494,-27.963243],[-47.784395,-27.958868],[-47.78331,-27.954508],[-47.782238,-27.950163],[-47.781179,-27.945831],[-47.780133,-27.941514],[-47.7791,-27.937211],[-47.778081,-27.932921],[-47.777075,-27.928644],[-47.776081,-27.924381],[-47.775101,-27.920131],[-47.774134,-27.915894],[-47.773179,-27.911669],[-47.772238,-27.907457],[-47.771344,-27.903417],[-47.770462,-27.899394],[-47.769591,-27.895386],[-47.768733,-27.891394],[-47.767885,-27.887417],[-47.76705,-27.883455],[-47.766226,-27.879507],[-47.765413,-27.875574],[-47.764612,-27.871655],[-47.763822,-27.86775],[-47.763044,-27.863858],[-47.762276,-27.85998],[-47.76152,-27.856114],[-47.760775,-27.852262],[-47.760042,-27.848423],[-47.759319,-27.844596],[-47.758514,-27.840281],[-47.757722,-27.835985],[-47.756944,-27.831706],[-47.756178,-27.827444],[-47.755425,-27.823199],[-47.754686,-27.818971],[-47.753959,-27.814759],[-47.753245,-27.810563],[-47.752544,-27.806383],[-47.751855,-27.802218],[-47.75118,-27.798069],[-47.750517,-27.793935],[-47.749866,-27.789815],[-47.749229,-27.78571],[-47.748603,-27.781619],[-47.747991,-27.777543],[-47.747362,-27.773293],[-47.746747,-27.769063],[-47.746144,-27.764852],[-47.745554,-27.760659],[-47.744977,-27.756483],[-47.744412,-27.752326],[-47.743859,-27.748186],[-47.74332,-27.744063],[-47.742792,-27.739956],[-47.742277,-27.735866],[-47.741775,-27.731792],[-47.741285,-27.727734],[-47.740807,-27.723691],[-47.740341,-27.719664],[-47.739888,-27.715652],[-47.739447,-27.711655],[-47.738995,-27.707467],[-47.738556,-27.703301],[-47.73813,-27.699156],[-47.737716,-27.695032],[-47.737314,-27.690928],[-47.736924,-27.686844],[-47.736547,-27.68278],[-47.736182,-27.678736],[-47.73583,-27.674709],[-47.735489,-27.670702],[-47.735161,-27.666712],[-47.734844,-27.662741],[-47.73454,-27.658786],[-47.734248,-27.654849],[-47.733968,-27.650929],[-47.7337,-27.647026],[-47.733332,-27.641425],[-47.732986,-27.635901],[-47.732663,-27.630448],[-47.732362,-27.625062],[-47.732083,-27.619738],[-47.731825,-27.614474],[-47.731589,-27.609267],[-47.731374,-27.604114],[-47.73118,-27.59901],[-47.731008,-27.593954],[-47.730857,-27.588946],[-47.730727,-27.583984],[-47.730617,-27.579064],[-47.730529,-27.574187],[-47.730462,-27.569349],[-47.730416,-27.564551],[-47.730368,-27.557422],[-47.730341,-27.551329],[-47.730332,-27.545743],[-47.730342,-27.540533],[-47.73037,-27.535517],[-47.730391,-27.533096],[-47.730417,-27.530724],[-47.730448,-27.528397],[-47.730484,-27.526111],[-47.730525,-27.523862],[-47.730571,-27.521649],[-47.730624,-27.519417],[-47.730682,-27.517217],[-47.730745,-27.515047],[-47.730814,-27.512905],[-47.730888,-27.510788],[-47.730968,-27.508697],[-47.731054,-27.506629],[-47.731146,-27.504583],[-47.731243,-27.502558],[-47.731346,-27.500553],[-47.731456,-27.498567],[-47.731571,-27.4966],[-47.731692,-27.49465],[-47.731819,-27.492718],[-47.731952,-27.490802],[-47.732091,-27.488902],[-47.732242,-27.486925],[-47.7324,-27.484944],[-47.732564,-27.482959],[-47.732735,-27.480969],[-47.732911,-27.478975],[-47.733094,-27.476977],[-47.733283,-27.474974],[-47.733478,-27.472967],[-47.73368,-27.470956],[-47.733888,-27.468941],[-47.734102,-27.466921],[-47.734322,-27.464897],[-47.734549,-27.462869],[-47.734782,-27.460837],[-47.735021,-27.4588],[-47.735266,-27.45676],[-47.735518,-27.454715],[-47.735776,-27.452666],[-47.73604,-27.450612],[-47.73631,-27.448555],[-47.736587,-27.446493],[-47.73687,-27.444427],[-47.737159,-27.442357],[-47.737454,-27.440283],[-47.737755,-27.438205],[-47.738063,-27.436123],[-47.738377,-27.434036],[-47.738697,-27.431946],[-47.739024,-27.429851],[-47.739357,-27.427753],[-47.739696,-27.42565],[-47.740041,-27.423543],[-47.740368,-27.421582],[-47.740703,-27.419611],[-47.741046,-27.41763],[-47.741397,-27.415639],[-47.741757,-27.413637],[-47.742124,-27.411623],[-47.7425,-27.409599],[-47.742884,-27.407562],[-47.743277,-27.405514],[-47.743678,-27.403453],[-47.744088,-27.40138],[-47.744506,-27.399293],[-47.744933,-27.397192],[-47.745369,-27.395077],[-47.745814,-27.392947],[-47.746268,-27.390802],[-47.74673,-27.388646],[-47.747201,-27.386474],[-47.747682,-27.384284],[-47.748172,-27.382076],[-47.748672,-27.37985],[-47.749182,-27.377604],[-47.749703,-27.375337],[-47.750234,-27.373049],[-47.750775,-27.370739],[-47.751327,-27.368405],[-47.752465,-27.36366],[-47.753652,-27.358801],[-47.754891,-27.353811],[-47.755806,-27.35019],[-47.75675,-27.346528],[-47.757723,-27.342819],[-47.758727,-27.339062],[-47.759762,-27.335253],[-47.76083,-27.331387],[-47.761932,-27.32746],[-47.763069,-27.323464],[-47.764238,-27.319414],[-47.765447,-27.315281],[-47.766698,-27.311057],[-47.767995,-27.306729],[-47.769341,-27.302289],[-47.770743,-27.297711],[-47.772208,-27.292971],[-47.773749,-27.28803],[-47.774783,-27.284751],[-47.775849,-27.281414],[-47.776949,-27.278012],[-47.778087,-27.274537],[-47.779263,-27.270983],[-47.780483,-27.267336],[-47.781752,-27.263581],[-47.783076,-27.259697],[-47.784349,-27.255995],[-47.785686,-27.252133],[-47.787101,-27.248072],[-47.78862,-27.243737],[-47.79161,-27.23526],[-47.797888,-27.217539],[-47.799171,-27.213926],[-47.800475,-27.210283],[-47.801801,-27.20661],[-47.803149,-27.202903],[-47.80452,-27.199161],[-47.805914,-27.195382],[-47.807334,-27.191564],[-47.808779,-27.187704],[-47.810248,-27.183803],[-47.811746,-27.179855],[-47.813273,-27.175856],[-47.81483,-27.171802],[-47.816419,-27.167689],[-47.818042,-27.163511],[-47.819702,-27.159263],[-47.821401,-27.154937],[-47.824512,-27.14707],[-47.827781,-27.138874],[-47.831238,-27.130269],[-47.834942,-27.121108],[-47.838401,-27.112601],[-47.842252,-27.103168],[-47.846105,-27.093756],[-47.856264,-27.068979],[-47.861964,-27.055028],[-47.86501,-27.04754],[-47.867848,-27.040534],[-47.870532,-27.033877],[-47.87309,-27.027501],[-47.876117,-27.019906],[-47.879009,-27.012594],[-47.881786,-27.005515],[-47.884461,-26.998636],[-47.887049,-26.991918],[-47.889552,-26.985353],[-47.890775,-26.982121],[-47.891979,-26.97892],[-47.893166,-26.97575],[-47.894335,-26.972607],[-47.897496,-26.964118],[-47.904624,-26.945069],[-47.907785,-26.936589],[-47.909509,-26.93194],[-47.911111,-26.927599],[-47.912622,-26.923478],[-47.91406,-26.919534],[-47.915675,-26.915069],[-47.917218,-26.910765],[-47.918699,-26.906594],[-47.920123,-26.902539],[-47.9215,-26.898578],[-47.92283,-26.894704],[-47.924117,-26.890908],[-47.925365,-26.887182],[-47.927702,-26.880124],[-47.92987,-26.87352],[-47.931911,-26.867241],[-47.933844,-26.861225],[-47.935695,-26.855398],[-47.936589,-26.852553],[-47.937464,-26.849751],[-47.938322,-26.846986],[-47.939162,-26.844256],[-47.939985,-26.841561],[-47.940793,-26.838896],[-47.941592,-26.836236],[-47.942377,-26.833604],[-47.943147,-26.830998],[-47.943903,-26.828418],[-47.944645,-26.825861],[-47.945373,-26.823328],[-47.946089,-26.820816],[-47.946791,-26.818324],[-47.947481,-26.815852],[-47.948159,-26.813398],[-47.948824,-26.810963],[-47.949477,-26.808544],[-47.950119,-26.806143],[-47.950749,-26.803757],[-47.951367,-26.801387],[-47.951975,-26.799032],[-47.952717,-26.796121],[-47.953443,-26.793252],[-47.954153,-26.790423],[-47.954847,-26.787629],[-47.955527,-26.78487],[-47.956192,-26.782142],[-47.956844,-26.779444],[-47.957482,-26.776774],[-47.958108,-26.774129],[-47.958721,-26.77151],[-47.959321,-26.768915],[-47.959909,-26.766344],[-47.960485,-26.763794],[-47.96105,-26.761265],[-47.961603,-26.758756],[-47.962144,-26.756267],[-47.962676,-26.75379],[-47.963197,-26.751331],[-47.963706,-26.748889],[-47.964205,-26.746464],[-47.964694,-26.744054],[-47.965171,-26.741661],[-47.965638,-26.739282],[-47.966095,-26.736918],[-47.966542,-26.734567],[-47.966978,-26.73223],[-47.967404,-26.729906],[-47.96782,-26.727595],[-47.968227,-26.725297],[-47.968623,-26.72301],[-47.969009,-26.720736],[-47.969386,-26.718472],[-47.969843,-26.715669],[-47.970286,-26.712905],[-47.970714,-26.710177],[-47.971129,-26.707484],[-47.97153,-26.704822],[-47.971918,-26.70219],[-47.972293,-26.699587],[-47.972656,-26.697011],[-47.973006,-26.694459],[-47.973343,-26.691932],[-47.973669,-26.689429],[-47.973982,-26.686947],[-47.974283,-26.684487],[-47.974572,-26.682048],[-47.974713,-26.680818]]]}},
{"type":"Feature","properties":{"idhidrovia":200000389,"nome":"Porto de Fortaleza - Porto de Pecém","navegacao":"Navegação de Cabotagem","tipo":"Marítimo/oceânico","vel_cional":25.0,"extensao":41.16,"tempo":"0d 1h 38min","cla_icacao":"Percurso externo","nome_rio":null,"nom_eclusa":null,"jurisdicao":null,"reg_rafica":null,"pro_de_min":null,"pro_de_max":null,"dominio":null,"observacao":null,"snv":null,"fonte":null,"idm_origem":null,"mun_origem":null,"est_origem":null,"idm_estino":null,"mun_estino":null,"est_estino":null,"idantaq":null,"camada sim":"38","Fluxo":17393829.0},"geometry":{"type":"MultiLineString","coordinates":[[[-38.294236,-3.025948],[-38.299957,-3.021239],[-38.305774,-3.016469],[-38.311627,-3.011688],[-38.317514,-3.006896],[-38.323435,-3.002094],[-38.329392,-2.99728],[-38.335386,-2.992454]]]}},
{"type":"Feature","properties":{"idhidrovia":200000390,"nome":"Porto de Suape - Porto de Recife","navegacao":"Navegação de Cabotagem","tipo":"Marítimo/oceânico","vel_cional":25.0,"extensao":50.2768,"tempo":"0d 2h 0min","cla_icacao":"Percurso externo","nome_rio":null,"nom_eclusa":null,"jurisdicao":null,"reg_rafica":null,"pro_de_min":null,"pro_de_max":null,"dominio":null,"observacao":null,"snv":null,"fonte":null,"idm_origem":null,"mun_origem":null,"est_origem":null,"idm_estino":null,"mun_estino":null,"est_estino":null,"idantaq":null,"camada sim":"39","Fluxo":20214601.0},"geometry":{"type":"MultiLineString","coordinates":[[[-34.297428,-8.45572],[-34.295727,-8.45008],[-34.294042,-8.444463],[-34.292373,-8.438868],[-34.290721,-8.433296],[-34.289084,-8.427746],[-34.287464,-8.422217],[-34.285859,-8.41671],[-34.285186,-8.414387]]]}},
{"type":"Feature","properties":{"idhidrovia":200000391,"nome":"Porto de Laguna - Porto de Imbituba","navegacao":"Navegação de Cabotagem","tipo":"Marítimo/oceânico","vel_cional":25.0,"extensao":38.64,"tempo":"0d 1h 32min","cla_icacao":"Percurso externo","nome_rio":null,"nom_eclusa":null,"jurisdicao":null,"reg_rafica":null,"pro_de_min":null,"pro_de_max":null,"dominio":null,"observacao":null,"snv":null,"fonte":null,"idm_origem":null,"mun_origem":null,"est_origem":null,"idm_estino":null,"mun_estino":null,"est_estino":null,"idantaq":null,"camada sim":"40","Fluxo":10122824.0},"geometry":{"type":"MultiLineString","coordinates":[[[-47.95428,-28.423844],[-47.952311,-28.419712],[-47.950351,-28.415584],[-47.948401,-28.411458],[-47.946461,-28.407335],[-47.94453,-28.403214],[-47.942609,-28.399096],[-47.940697,-28.394981],[-47.938794,-28.390868],[-47.936902,-28.386759],[-47.934826,-28.382232],[-47.932763,-28.37771],[-47.930711,-28.373194],[-47.928671,-28.368682],[-47.926643,-28.364175],[-47.924627,-28.359672],[-47.924391,-28.359142]]]}},
{"type":"Feature","properties":{"idhidrovia":200000392,"nome":"Acesso ao Porto de Angra dos Reis","navegacao":"Navegação de Cabotagem","tipo":"Marítimo/oceânico","vel_cional":15.0,"extensao":1.0,"tempo":"0d 0h 4min","cla_icacao":"Acesso simples","nome_rio":null,"nom_eclusa":null,"jurisdicao":null,"reg_rafica":null,"pro_de_min":null,"pro_de_max":null,"dominio":null,"observacao":null,"snv":null,"fonte":null,"idm_origem":"BR330010","mun_origem":"Angra dos Reis","est_origem":"RJ","idm_estino":null,"mun_estino":null,"est_estino":null,"idantaq":null,"camada sim":"41","Fluxo":34482121.0},"geometry":{"type":"MultiLineString","coordinates":[[[-44.316499,-23.011995],[-44.316372,-23.011954],[-44.316246,-23.011918],[-44.316122,-23.011888],[-44.315999,-23.011862],[-44.315877,-23.011842],[-44.315756,-23.011827],[-44.315637,-23.011817],[-44.315519,-23.011812],[-44.315402,-23.011813],[-44.315286,-23.011818],[-44.315172,-23.011829],[-44.315059,-23.011845],[-44.314947,-23.011865],[-44.314837,-23.011891],[-44.314728,-23.011923],[-44.31462,-23.011959],[-44.31453,-23.011994],[-44.314439,-23.012033],[-44.314348,-23.012076],[-44.314258,-23.012124],[-44.314169,-23.012175],[-44.314082,-23.012229],[-44.313997,-23.012286],[-44.313916,-23.012345],[-44.313825,-23.012418],[-44.313735,-23.012499],[-44.313645,-23.012588],[-44.313556,-23.012686],[-44.313466,-23.012792],[-44.313377,-23.012906],[-44.313287,-23.013031],[-44.313194,-23.013167],[-44.313143,-23.013246],[-44.313093,-23.013326],[-44.313046,-23.013407],[-44.313,-23.013488],[-44.312957,-23.01357],[-44.312916,-23.013651],[-44.312877,-23.013733],[-44.312841,-23.013814],[-44.312807,-23.013895],[-44.312775,-23.013976],[-44.312746,-23.014056],[-44.31272,-23.014136],[-44.312695,-23.014215],[-44.312674,-23.014293],[-44.312655,-23.014371],[-44.312639,-23.014447],[-44.312616,-23.014581],[-44.312598,-23.014718],[-44.312587,-23.014859],[-44.312581,-23.015002],[-44.312581,-23.015148],[-44.312587,-23.015294],[-44.312599,-23.01544],[-44.312616,-23.015585],[-44.312636,-23.015714],[-44.31266,-23.01584],[-44.312688,-23.015963],[-44.312719,-23.016081],[-44.312753,-23.016194],[-44.312791,-23.016303],[-44.312832,-23.016408],[-44.312876,-23.016507],[-44.312911,-23.016578],[-44.31295,-23.016651],[-44.312994,-23.016725],[-44.313042,-23.016802],[-44.313094,-23.01688],[-44.313152,-23.016963],[-44.313217,-23.017051],[-44.313291,-23.017149],[-44.31335,-23.017223],[-44.313411,-23.017296],[-44.313476,-23.01737],[-44.313544,-23.017442],[-44.313616,-23.017515],[-44.313691,-23.017588],[-44.313769,-23.017661],[-44.313852,-23.017734],[-44.313937,-23.017807],[-44.314026,-23.01788],[-44.31412,-23.017955],[-44.31422,-23.018031],[-44.314436,-23.01819],[-44.314695,-23.018372],[-44.314753,-23.018411],[-44.314816,-23.01845],[-44.314884,-23.018488],[-44.314958,-23.018528],[-44.315099,-23.018599],[-44.315451,-23.018767],[-44.315548,-23.018817],[-44.315633,-23.018863],[-44.315723,-23.018917],[-44.315805,-23.018971],[-44.31588,-23.019026],[-44.315949,-23.019082],[-44.316032,-23.019158],[-44.31612,-23.019246],[-44.316211,-23.019344],[-44.316365,-23.019513],[-44.31648,-23.019645],[-44.316592,-23.019783],[-44.3167,-23.019929],[-44.316806,-23.020081],[-44.316908,-23.020242],[-44.317008,-23.02041],[-44.317107,-23.020588],[-44.317204,-23.020776],[-44.317284,-23.020942],[-44.317365,-23.021117],[-44.317447,-23.021303],[-44.317532,-23.021504],[-44.317606,-23.021686],[-44.317686,-23.021891],[-44.317963,-23.02261],[-44.318075,-23.022893],[-44.318192,-23.023181],[-44.318302,-23.023438],[-44.318367,-23.023582],[-44.318432,-23.02372],[-44.318497,-23.023852],[-44.318562,-23.023979],[-44.318627,-23.024101],[-44.318693,-23.024219],[-44.31876,-23.024333],[-44.318828,-23.024444],[-44.318984,-23.02469],[-44.319132,-23.024919],[-44.319275,-23.025136],[-44.319413,-23.025342],[-44.31955,-23.02554],[-44.319684,-23.02573],[-44.319816,-23.025912],[-44.319948,-23.026089],[-44.32009,-23.026274],[-44.320238,-23.026462],[-44.320394,-23.026655],[-44.320558,-23.026852],[-44.320731,-23.027055],[-44.320914,-23.027266],[-44.321111,-23.027488],[-44.321325,-23.027726],[-44.32147,-23.027884],[-44.321618,-23.028042],[-44.321772,-23.028203],[-44.321931,-23.028365],[-44.322096,-23.02853],[-44.322267,-23.028697],[-44.322444,-23.028868],[-44.32263,-23.029044],[-44.322995,-23.029382],[-44.323405,-23.029754],[-44.323819,-23.030122],[-44.324713,-23.030911],[-44.324908,-23.031082],[-44.325109,-23.031256],[-44.325315,-23.031431],[-44.325528,-23.031608],[-44.325746,-23.031788],[-44.325972,-23.031971],[-44.326206,-23.032158],[-44.326449,-23.03235],[-44.326925,-23.032719],[-44.327455,-23.033124],[-44.328003,-23.033535],[-44.329506,-23.034658],[-44.329962,-23.035003],[-44.33037,-23.035314],[-44.330834,-23.035676],[-44.331264,-23.036019],[-44.331668,-23.036348],[-44.33205,-23.036669],[-44.333385,-23.037794],[-44.333722,-23.038083],[-44.334021,-23.038344],[-44.334339,-23.038629],[-44.334633,-23.038901],[-44.334908,-23.039164],[-44.335039,-23.039293],[-44.335166,-23.03942],[-44.3354,-23.039658],[-44.335614,-23.039879],[-44.335815,-23.04009],[-44.336005,-23.040292],[-44.336187,-23.040488],[-44.33636,-23.040679],[-44.336527,-23.040866],[-44.336686,-23.04105],[-44.336842,-23.041232],[-44.336992,-23.041412],[-44.337136,-23.04159],[-44.337276,-23.041766],[-44.33741,-23.041941],[-44.337539,-23.042114],[-44.337664,-23.042286],[-44.337785,-23.042458],[-44.337944,-23.042691],[-44.338094,-23.042915],[-44.338235,-23.043133],[-44.338368,-23.043345],[-44.338494,-23.043553],[-44.338613,-23.043757],[-44.338726,-23.043958],[-44.338833,-23.044156],[-44.338933,-23.04435],[-44.339029,-23.044543],[-44.339122,-23.044734],[-44.33921,-23.044924],[-44.339294,-23.045113],[-44.339375,-23.0453],[-44.339451,-23.045487],[-44.339523,-23.045672],[-44.339586,-23.04584],[-44.339647,-23.046013],[-44.339707,-23.046193],[-44.339767,-23.04638],[-44.339826,-23.046574],[-44.339886,-23.046778],[-44.339946,-23.046994],[-44.340009,-23.047226],[-44.34007,-23.047465],[-44.340128,-23.047712],[-44.340185,-23.047968],[-44.34024,-23.048234],[-44.340293,-23.048511],[-44.340345,-23.048802],[-44.340397,-23.049111],[-44.34045,-23.049446],[-44.340546,-23.050085],[-44.340583,-23.050351],[-44.340616,-23.050598],[-44.340646,-23.050837],[-44.340671,-23.051065],[-44.340694,-23.051284],[-44.340713,-23.051495],[-44.340729,-23.051706],[-44.340742,-23.05191],[-44.340752,-23.05211],[-44.340759,-23.052305],[-44.340762,-23.052496],[-44.340762,-23.052683],[-44.340759,-23.052866],[-44.340752,-23.053046],[-44.340739,-23.053278],[-44.340719,-23.05352],[-44.340691,-23.053774],[-44.340656,-23.054045],[-44.340619,-23.054302],[-44.340573,-23.054589],[-44.340395,-23.055635],[-44.340363,-23.055821],[-44.340327,-23.056011],[-44.340288,-23.056204],[-44.340246,-23.056402],[-44.3402,-23.056604],[-44.34015,-23.056812],[-44.340096,-23.057026],[-44.340038,-23.057248],[-44.339933,-23.05763],[-44.339811,-23.058054],[-44.339689,-23.058461],[-44.339388,-23.05946],[-44.339234,-23.059983],[-44.339158,-23.060251],[-44.339089,-23.060502],[-44.339026,-23.060742],[-44.338968,-23.060972],[-44.338909,-23.061224],[-44.338854,-23.061467],[-44.338805,-23.061704],[-44.338762,-23.061934],[-44.338723,-23.062161],[-44.338688,-23.062382],[-44.338659,-23.0626],[-44.338635,-23.062815],[-44.338602,-23.063132],[-44.338577,-23.063399],[-44.338556,-23.063643],[-44.338538,-23.06387],[-44.338525,-23.064088],[-44.338514,-23.064297],[-44.338507,-23.064497],[-44.338504,-23.06469],[-44.338504,-23.06496],[-44.338511,-23.06524],[-44.338525,-23.065531],[-44.338545,-23.065838],[-44.338571,-23.066155],[-44.338605,-23.066499],[-44.338647,-23.066879],[-44.338703,-23.067354],[-44.33873,-23.067566],[-44.338758,-23.06778],[-44.338822,-23.068213],[-44.338894,-23.068654],[-44.338974,-23.069104],[-44.339063,-23.069563],[-44.339161,-23.070032],[-44.339268,-23.070514],[-44.339384,-23.071008],[-44.339496,-23.071457],[-44.339616,-23.071912],[-44.339745,-23.072374],[-44.339884,-23.072843],[-44.340031,-23.07332],[-44.340187,-23.073806],[-44.340354,-23.074302],[-44.34053,-23.074808],[-44.3407,-23.075279],[-44.340878,-23.075752],[-44.341064,-23.076229],[-44.341258,-23.076709],[-44.34146,-23.077192],[-44.34167,-23.077679],[-44.341889,-23.078169],[-44.342115,-23.078663],[-44.342377,-23.079219],[-44.342629,-23.079741],[-44.342876,-23.080237],[-44.343119,-23.08071],[-44.34324,-23.08094],[-44.343361,-23.081165],[-44.343482,-23.081386],[-44.343602,-23.081602],[-44.343722,-23.081815],[-44.343843,-23.082024],[-44.343963,-23.082229],[-44.344084,-23.082431],[-44.344246,-23.082697],[-44.344412,-23.082963],[-44.344582,-23.08323],[-44.344756,-23.083497],[-44.344934,-23.083765],[-44.345115,-23.084034],[-44.345301,-23.084304],[-44.34549,-23.084574],[-44.345667,-23.084821],[-44.345855,-23.085076],[-44.346054,-23.085341],[-44.346268,-23.08562],[-44.346486,-23.085899],[-44.34673,-23.086207],[-44.34745,-23.087103],[-44.347863,-23.087613],[-44.348275,-23.088115],[-44.348687,-23.088609],[-44.349098,-23.089097],[-44.349509,-23.089577],[-44.349919,-23.09005],[-44.35033,-23.090516],[-44.350741,-23.090976],[-44.351151,-23.091428],[-44.351562,-23.091874],[-44.351973,-23.092313],[-44.352384,-23.092746],[-44.352796,-23.093172],[-44.353207,-23.093591],[-44.353619,-23.094004],[-44.354032,-23.094411],[-44.35427,-23.094643],[-44.354514,-23.094877],[-44.354763,-23.095113],[-44.355019,-23.095353],[-44.355281,-23.095597],[-44.355551,-23.095845],[-44.356115,-23.096355],[-44.356705,-23.09688],[-44.357347,-23.097443],[-44.358059,-23.09806],[-44.358948,-23.098823],[-44.359246,-23.099076],[-44.359552,-23.099332],[-44.359866,-23.099591],[-44.360189,-23.099854],[-44.36052,-23.100122],[-44.360863,-23.100394],[-44.361217,-23.100673],[-44.361585,-23.100959],[-44.362297,-23.101505],[-44.363089,-23.102104],[-44.363902,-23.102712],[-44.365474,-23.103879],[-44.36612,-23.10436],[-44.36679,-23.104863],[-44.36739,-23.105318],[-44.368074,-23.105844],[-44.368708,-23.10634],[-44.369011,-23.106581],[-44.369306,-23.106817],[-44.369593,-23.10705],[-44.369873,-23.10728],[-44.371113,-23.108302],[-44.371759,-23.108837],[-44.372379,-23.109355],[-44.372935,-23.109825],[-44.373487,-23.110299],[-44.374003,-23.11075],[-44.374491,-23.111184],[-44.374955,-23.111606],[-44.37537,-23.111991],[-44.375788,-23.112384],[-44.376207,-23.112784],[-44.376628,-23.113194],[-44.377052,-23.113611],[-44.37748,-23.114038],[-44.37791,-23.114474],[-44.378344,-23.11492],[-44.378782,-23.115375],[-44.379224,-23.115841],[-44.379672,-23.116319],[-44.380126,-23.116809],[-44.380588,-23.117312],[-44.381057,-23.11783],[-44.381537,-23.118363],[-44.382028,-23.118915],[-44.382864,-23.119865],[-44.383582,-23.120692],[-44.383916,-23.121081],[-44.384236,-23.121457],[-44.384543,-23.121823],[-44.38484,-23.122179],[-44.385131,-23.122533],[-44.385413,-23.12288],[-44.385686,-23.123221],[-44.385952,-23.123557],[-44.38621,-23.123888],[-44.386462,-23.124216],[-44.386707,-23.12454],[-44.386946,-23.12486],[-44.387275,-23.12531],[-44.387606,-23.125771],[-44.387939,-23.126244],[-44.388277,-23.126731],[-44.388618,-23.127232],[-44.388964,-23.127749],[-44.389317,-23.128284],[-44.389678,-23.128838],[-44.389993,-23.129332],[-44.390316,-23.129849],[-44.39065,-23.130393],[-44.390997,-23.130971],[-44.391349,-23.131563],[-44.391731,-23.132217],[-44.392148,-23.132936],[-44.392767,-23.134012],[-44.393161,-23.134704],[-44.393558,-23.13541],[-44.393959,-23.136133],[-44.394364,-23.136875],[-44.394774,-23.137635],[-44.39519,-23.138418],[-44.395614,-23.139226],[-44.396048,-23.140063],[-44.396469,-23.140882],[-44.396903,-23.141737],[-44.397356,-23.142636],[-44.397835,-23.143593],[-44.39883,-23.145603],[-44.400448,-23.148897],[-44.401395,-23.150834],[-44.402234,-23.152563],[-44.403007,-23.154171],[-44.403727,-23.155689],[-44.404413,-23.157154],[-44.405063,-23.158564],[-44.405682,-23.15993],[-44.406273,-23.161258],[-44.406862,-23.162603],[-44.407454,-23.16398],[-44.408051,-23.16539],[-44.408654,-23.166838],[-44.409264,-23.168325],[-44.409884,-23.169858],[-44.410517,-23.171445],[-44.411167,-23.173094],[-44.411942,-23.17509],[-44.41269,-23.177049],[-44.413412,-23.178975],[-44.41411,-23.180871],[-44.414784,-23.18274],[-44.415112,-23.183665],[-44.415435,-23.184584],[-44.415753,-23.185497],[-44.416064,-23.186404],[-44.416371,-23.187306],[-44.416672,-23.188203],[-44.417338,-23.1902],[-44.417749,-23.191453],[-44.41794,-23.192049],[-44.418117,-23.192611],[-44.418282,-23.193148],[-44.418437,-23.193664],[-44.41862,-23.19429],[-44.418793,-23.194889],[-44.418957,-23.195466],[-44.419112,-23.196025],[-44.41926,-23.19657],[-44.419401,-23.197101],[-44.419535,-23.19762],[-44.419662,-23.198128],[-44.419819,-23.198775],[-44.419974,-23.199441],[-44.420129,-23.200128],[-44.420283,-23.200839],[-44.420437,-23.201577],[-44.420593,-23.20235],[-44.420752,-23.203167],[-44.420919,-23.204045],[-44.421053,-23.204768],[-44.42118,-23.205477],[-44.421301,-23.206173],[-44.421416,-23.206858],[-44.421526,-23.207532],[-44.421629,-23.208197],[-44.421727,-23.208853],[-44.42182,-23.2095],[-44.421929,-23.2103],[-44.42203,-23.211074],[-44.422123,-23.211827],[-44.422208,-23.212559],[-44.422286,-23.213276],[-44.422357,-23.213977],[-44.422421,-23.214664],[-44.422478,-23.215339],[-44.422528,-23.215992],[-44.422573,-23.216627],[-44.422613,-23.217246],[-44.422647,-23.217852],[-44.422677,-23.218445],[-44.422701,-23.219027],[-44.422721,-23.219599],[-44.422735,-23.22016],[-44.422746,-23.220767],[-44.422751,-23.221381],[-44.422751,-23.222003],[-44.422747,-23.222632],[-44.422737,-23.223271],[-44.422722,-23.223918],[-44.422701,-23.224575],[-44.422676,-23.225241],[-44.422644,-23.225939],[-44.422607,-23.226637],[-44.422563,-23.227335],[-44.422514,-23.228032],[-44.422459,-23.22873],[-44.422399,-23.229427],[-44.422333,-23.230123],[-44.422261,-23.230819],[-44.42219,-23.231458],[-44.422116,-23.232083],[-44.42204,-23.232696],[-44.42196,-23.233297],[-44.421877,-23.233887],[-44.421791,-23.234468],[-44.421702,-23.235038],[-44.421609,-23.2356],[-44.421493,-23.236269],[-44.421373,-23.236924],[-44.42125,-23.237566],[-44.421124,-23.238195],[-44.420994,-23.238813],[-44.420861,-23.23942],[-44.420724,-23.240016],[-44.420582,-23.240601],[-44.420434,-23.24119],[-44.420278,-23.241783],[-44.420116,-23.242378],[-44.419946,-23.242977],[-44.41977,-23.243579],[-44.419586,-23.244185],[-44.419395,-23.244793],[-44.419198,-23.245405],[-44.419023,-23.24593],[-44.41884,-23.246463],[-44.418649,-23.247005],[-44.41845,-23.247556],[-44.418242,-23.248117],[-44.418024,-23.24869],[-44.417796,-23.249277],[-44.417558,-23.249879],[-44.417339,-23.250421],[-44.417111,-23.250972],[-44.416875,-23.251531],[-44.416629,-23.252101],[-44.416373,-23.252683],[-44.416107,-23.253277],[-44.415829,-23.253887],[-44.415539,-23.254516],[-44.415226,-23.25518],[-44.414907,-23.255846],[-44.414581,-23.256512],[-44.414249,-23.257179],[-44.41391,-23.257847],[-44.413565,-23.258515],[-44.413214,-23.259184],[-44.412856,-23.259854],[-44.412585,-23.260352],[-44.412315,-23.260845],[-44.412046,-23.261331],[-44.411776,-23.261811],[-44.411507,-23.262285],[-44.411237,-23.262753],[-44.410968,-23.263216],[-44.410698,-23.263674],[-44.410428,-23.264126],[-44.410158,-23.264573],[-44.409888,-23.265015],[-44.409617,-23.265452],[-44.409345,-23.265885],[-44.409073,-23.266312],[-44.408801,-23.266735],[-44.408528,-23.267153],[-44.408211,-23.267631],[-44.407898,-23.268098],[-44.407587,-23.268555],[-44.40728,-23.269003],[-44.406974,-23.269441],[-44.40667,-23.269871],[-44.406368,-23.270292],[-44.406066,-23.270706],[-44.405745,-23.271142],[-44.405424,-23.27157],[-44.405104,-23.271992],[-44.404785,-23.272407],[-44.404466,-23.272816],[-44.404148,-23.273218],[-44.40383,-23.273614],[-44.403512,-23.274004],[-44.403236,-23.274338],[-44.402954,-23.274673],[-44.402666,-23.275012],[-44.402372,-23.275352],[-44.402071,-23.275696],[-44.401763,-23.276043],[-44.401448,-23.276393],[-44.401126,-23.276748],[-44.400796,-23.277106],[-44.400458,-23.277468],[-44.400111,-23.277837],[-44.399754,-23.278213],[-44.399387,-23.278595],[-44.399007,-23.278987],[-44.398614,-23.279389],[-44.398204,-23.279804],[-44.397818,-23.280191],[-44.397426,-23.280579],[-44.397029,-23.280968],[-44.396626,-23.281359],[-44.396216,-23.28175],[-44.395801,-23.282142],[-44.395379,-23.282536],[-44.394952,-23.282931],[-44.394517,-23.283328],[-44.394077,-23.283726],[-44.393629,-23.284127],[-44.393174,-23.284529],[-44.392711,-23.284934],[-44.392242,-23.285342],[-44.391764,-23.285753],[-44.391277,-23.286167],[-44.390758,-23.286604],[-44.390239,-23.287037],[-44.38972,-23.287464],[-44.389202,-23.287886],[-44.388683,-23.288302],[-44.388166,-23.288714],[-44.387648,-23.28912],[-44.387131,-23.289521],[-44.38668,-23.289867],[-44.386224,-23.290212],[-44.385764,-23.290557],[-44.3853,-23.290901],[-44.384833,-23.291245],[-44.384361,-23.291588],[-44.383885,-23.29193],[-44.383404,-23.292272],[-44.382942,-23.292597],[-44.382477,-23.292922],[-44.382007,-23.293245],[-44.381533,-23.293568],[-44.381056,-23.29389],[-44.380575,-23.294211],[-44.38009,-23.294531],[-44.379601,-23.29485],[-44.379108,-23.295169],[-44.378611,-23.295487],[-44.37811,-23.295804],[-44.377605,-23.29612],[-44.377097,-23.296435],[-44.376584,-23.29675],[-44.376067,-23.297064],[-44.375546,-23.297377],[-44.374941,-23.297737],[-44.37434,-23.29809],[-44.373743,-23.298438],[-44.373149,-23.298779],[-44.372558,-23.299114],[-44.37197,-23.299444],[-44.371385,-23.299768],[-44.370803,-23.300086],[-44.370223,-23.300398],[-44.369646,-23.300705],[-44.369072,-23.301007],[-44.3685,-23.301302],[-44.36793,-23.301593],[-44.367362,-23.301878],[-44.366797,-23.302157],[-44.366233,-23.302432],[-44.365596,-23.302738],[-44.365016,-23.303013],[-44.364473,-23.303268],[-44.363958,-23.303506],[-44.36346,-23.303732],[-44.36298,-23.303946],[-44.362513,-23.304149],[-44.362059,-23.304343],[-44.361604,-23.304533],[-44.361153,-23.304718],[-44.360704,-23.304899],[-44.360259,-23.305076],[-44.359816,-23.305247],[-44.359375,-23.305415],[-44.358938,-23.305578],[-44.358503,-23.305736],[-44.358111,-23.305876],[-44.357713,-23.306015],[-44.357308,-23.306152],[-44.356896,-23.306289],[-44.356477,-23.306425],[-44.35605,-23.30656],[-44.355615,-23.306695],[-44.355171,-23.30683],[-44.354719,-23.306964],[-44.354256,-23.307098],[-44.353782,-23.307233],[-44.353295,-23.307369],[-44.352793,-23.307507],[-44.352274,-23.307646],[-44.351171,-23.307936],[-44.350633,-23.308073],[-44.350094,-23.308207],[-44.349553,-23.308339],[-44.349011,-23.308467],[-44.348468,-23.308593],[-44.347924,-23.308715],[-44.347378,-23.308835],[-44.346831,-23.308952],[-44.346284,-23.309065],[-44.345735,-23.309176],[-44.345186,-23.309284],[-44.344635,-23.309388],[-44.344084,-23.30949],[-44.343532,-23.309588],[-44.34298,-23.309684],[-44.342427,-23.309776],[-44.341715,-23.309889],[-44.340972,-23.309999],[-44.340191,-23.310107],[-44.339362,-23.310214],[-44.338529,-23.310315],[-44.337605,-23.310422],[-44.336633,-23.310531],[-44.334851,-23.310725],[-44.333928,-23.310824],[-44.333011,-23.31092],[-44.332098,-23.311012],[-44.331191,-23.3111],[-44.330288,-23.311184],[-44.329391,-23.311265],[-44.328497,-23.311341],[-44.327609,-23.311414],[-44.326724,-23.311484],[-44.325845,-23.311549],[-44.324969,-23.311611],[-44.324098,-23.311669],[-44.32323,-23.311724],[-44.322367,-23.311775],[-44.321508,-23.311822],[-44.320653,-23.311865],[-44.319584,-23.311915],[-44.318512,-23.311959],[-44.317438,-23.311999],[-44.316361,-23.312033],[-44.315283,-23.312062],[-44.314202,-23.312087],[-44.31312,-23.312106],[-44.312035,-23.31212],[-44.311228,-23.312127],[-44.310388,-23.312129],[-44.309505,-23.312127],[-44.308568,-23.312122],[-44.306601,-23.3121],[-44.303395,-23.312051],[-44.301704,-23.312019],[-44.299944,-23.311974],[-44.298098,-23.311915],[-44.296138,-23.311842],[-44.29422,-23.311762],[-44.292097,-23.311665],[-44.289926,-23.311559],[-44.284013,-23.311265],[-44.280605,-23.311108],[-44.278755,-23.311031],[-44.277028,-23.310967],[-44.275388,-23.310914],[-44.273819,-23.310872],[-44.269704,-23.310768],[-44.267662,-23.310723],[-44.266631,-23.310706],[-44.265665,-23.310694],[-44.264747,-23.310687],[-44.263868,-23.310686],[-44.262372,-23.31069],[-44.260981,-23.3107],[-44.259665,-23.310716],[-44.258409,-23.310738],[-44.257194,-23.310767],[-44.256021,-23.310802],[-44.254883,-23.310845],[-44.253775,-23.310894],[-44.252862,-23.310942],[-44.251915,-23.310997],[-44.250927,-23.311062],[-44.249885,-23.311136],[-44.248812,-23.311218],[-44.247642,-23.311312],[-44.244625,-23.311568],[-44.242666,-23.311745],[-44.240664,-23.311938],[-44.238617,-23.312148],[-44.236516,-23.312375],[-44.23436,-23.312621],[-44.232133,-23.312886],[-44.229824,-23.313173],[-44.227413,-23.313483],[-44.225225,-23.313773],[-44.223101,-23.314065],[-44.221032,-23.314358],[-44.219013,-23.314653],[-44.217038,-23.314953],[-44.215103,-23.315256],[-44.213206,-23.315564],[-44.211343,-23.315877],[-44.209308,-23.31623],[-44.207322,-23.316585],[-44.205381,-23.316941],[-44.203481,-23.317301],[-44.201617,-23.317664],[-44.199788,-23.318031],[-44.197991,-23.318403],[-44.196225,-23.31878],[-44.194385,-23.319184],[-44.192541,-23.319601],[-44.190693,-23.32003],[-44.18884,-23.320472],[-44.186982,-23.320926],[-44.18512,-23.321393],[-44.183254,-23.321871],[-44.181384,-23.322363],[-44.179425,-23.32289],[-44.177444,-23.323436],[-44.175437,-23.324002],[-44.173404,-23.324589],[-44.17226,-23.324924],[-44.171127,-23.32526],[-44.170005,-23.325597],[-44.168894,-23.325935],[-44.167792,-23.326274],[-44.1667,-23.326614],[-44.165618,-23.326955],[-44.164544,-23.327298],[-44.162609,-23.327925],[-44.160713,-23.328553],[-44.158852,-23.329181],[-44.157025,-23.329811],[-44.156028,-23.330161],[-44.155019,-23.330519],[-44.154,-23.330885],[-44.152968,-23.331259],[-44.151924,-23.331642],[-44.150865,-23.332034],[-44.149792,-23.332435],[-44.148702,-23.332846],[-44.147436,-23.333329],[-44.146179,-23.333814],[-44.144931,-23.334301],[-44.143691,-23.33479],[-44.142459,-23.335282],[-44.141236,-23.335776],[-44.140021,-23.336272],[-44.138814,-23.336771],[-44.137698,-23.337236],[-44.13663,-23.337686],[-44.135599,-23.338123],[-44.134601,-23.338551],[-44.133631,-23.338971],[-44.132686,-23.339385],[-44.131765,-23.339793],[-44.130863,-23.340196],[-44.12986,-23.34065],[-44.128885,-23.341096],[-44.127936,-23.341534],[-44.12701,-23.341966],[-44.126105,-23.342393],[-44.125219,-23.342815],[-44.124351,-23.343234],[-44.123499,-23.34365],[-44.122673,-23.344059],[-44.121836,-23.344478],[-44.120986,-23.344907],[-44.120122,-23.345349],[-44.119243,-23.345803],[-44.118348,-23.346269],[-44.117432,-23.346751],[-44.116495,-23.347248],[-44.115564,-23.347747],[-44.114639,-23.348247],[-44.11372,-23.348748],[-44.112809,-23.34925],[-44.111904,-23.349753],[-44.111006,-23.350257],[-44.110115,-23.350762],[-44.10923,-23.351269],[-44.108308,-23.351801],[-44.107427,-23.352314],[-44.106579,-23.352812],[-44.105759,-23.353298],[-44.104963,-23.353775],[-44.104189,-23.354243],[-44.103434,-23.354704],[-44.102698,-23.355159],[-44.101874,-23.355674],[-44.101078,-23.356176],[-44.100305,-23.356668],[-44.099554,-23.357151],[-44.098822,-23.357628],[-44.098108,-23.358098],[-44.09741,-23.358563],[-44.096727,-23.359023],[-44.096001,-23.359517],[-44.09529,-23.360007],[-44.094592,-23.360493],[-44.093907,-23.360976],[-44.093233,-23.361455],[-44.092572,-23.361932],[-44.091921,-23.362407],[-44.091281,-23.362879],[-44.090673,-23.363333],[-44.090059,-23.363798],[-44.089438,-23.364272],[-44.08881,-23.364758],[-44.088174,-23.365255],[-44.087529,-23.365764],[-44.086874,-23.366286],[-44.086207,-23.366823],[-44.0856,-23.367316],[-44.084983,-23.367823],[-44.084353,-23.368346],[-44.08371,-23.368886],[-44.083051,-23.369444],[-44.082372,-23.370024],[-44.081669,-23.370628],[-44.080937,-23.371264],[-44.080313,-23.371809],[-44.079675,-23.372373],[-44.079021,-23.372956],[-44.078347,-23.373561],[-44.077652,-23.37419],[-44.076928,-23.37485],[-44.076166,-23.375549],[-44.075351,-23.3763],[-44.074332,-23.377246],[-44.073391,-23.378125],[-44.072506,-23.378959],[-44.071665,-23.379757],[-44.070857,-23.380532],[-44.070081,-23.381284],[-44.069332,-23.382018],[-44.068607,-23.382737],[-44.067853,-23.383493],[-44.067098,-23.384259],[-44.06634,-23.385035],[-44.065579,-23.385822],[-44.064816,-23.38662],[-44.064049,-23.387429],[-44.06328,-23.38825],[-44.062507,-23.389082],[-44.061951,-23.389687],[-44.061374,-23.390322],[-44.060771,-23.390993],[-44.060129,-23.391714],[-44.058897,-23.393112],[-44.056229,-23.396164],[-44.054584,-23.398045],[-44.05292,-23.399961],[-44.051235,-23.401914],[-44.049528,-23.403907],[-44.047795,-23.405942],[-44.046034,-23.408024],[-44.044239,-23.410158],[-44.042407,-23.412349],[-44.04056,-23.41457],[-44.038663,-23.416862],[-44.036708,-23.419235],[-44.034682,-23.421705],[-44.032585,-23.424273],[-44.030374,-23.426988],[-44.02542,-23.433105],[-44.022005,-23.437338],[-44.019261,-23.44076],[-44.017992,-23.442352],[-44.016783,-23.443875],[-44.015624,-23.445343],[-44.014508,-23.446765],[-44.012258,-23.449647],[-44.010114,-23.452416],[-44.008058,-23.455093],[-44.00608,-23.457693],[-44.003992,-23.460461],[-44.001985,-23.463146],[-44.000047,-23.465763],[-43.999102,-23.467049],[-43.998172,-23.46832],[-43.996329,-23.470859],[-43.994477,-23.473435],[-43.992615,-23.47605],[-43.990741,-23.478705],[-43.989738,-23.480138],[-43.98871,-23.481616],[-43.987651,-23.483146],[-43.986557,-23.484738],[-43.985425,-23.486392],[-43.984235,-23.488139],[-43.981581,-23.492059],[-43.978769,-23.496229],[-43.97772,-23.497795],[-43.976765,-23.499227],[-43.975839,-23.500624],[-43.974966,-23.50195],[-43.974135,-23.503223],[-43.97334,-23.50445],[-43.971704,-23.506998],[-43.970989,-23.508121],[-43.970317,-23.509182],[-43.969673,-23.510206],[-43.969058,-23.511192],[-43.968467,-23.512147],[-43.967898,-23.513076],[-43.967269,-23.51411],[-43.966651,-23.515134],[-43.966044,-23.516149],[-43.965446,-23.517155],[-43.964858,-23.518152],[-43.96428,-23.519142],[-43.963711,-23.520124],[-43.963151,-23.5211],[-43.962437,-23.522356],[-43.961716,-23.52364],[-43.960987,-23.524954],[-43.960248,-23.526301],[-43.959498,-23.527683],[-43.958733,-23.529106],[-43.957952,-23.530576],[-43.957149,-23.532099],[-43.956474,-23.533391],[-43.955809,-23.534676],[-43.955154,-23.535953],[-43.954509,-23.537223],[-43.953873,-23.538486],[-43.953246,-23.539742],[-43.952629,-23.540992],[-43.952022,-23.542235],[-43.951397,-23.543526],[-43.950784,-23.544806],[-43.950181,-23.546076],[-43.949589,-23.547336],[-43.949007,-23.548588],[-43.948435,-23.54983],[-43.947874,-23.551064],[-43.947322,-23.552291],[-43.946723,-23.553636],[-43.946133,-23.554979],[-43.945551,-23.556319],[-43.944976,-23.557656],[-43.94441,-23.558991],[-43.943852,-23.560324],[-43.943302,-23.561654],[-43.942759,-23.562981],[-43.942221,-23.564316],[-43.941685,-23.565665],[-43.94115,-23.567028],[-43.940616,-23.568406],[-43.940084,-23.569798],[-43.939553,-23.571206],[-43.939023,-23.572629],[-43.938493,-23.574069],[-43.937991,-23.575454],[-43.93749,-23.576855],[-43.93699,-23.578271],[-43.936491,-23.579705],[-43.935993,-23.581155],[-43.935495,-23.582624],[-43.934998,-23.584111],[-43.9345,-23.585619],[-43.93403,-23.587063],[-43.933562,-23.588522],[-43.933096,-23.589996],[-43.932631,-23.591487],[-43.932167,-23.592995],[-43.931704,-23.594521],[-43.931242,-23.596065],[-43.930781,-23.597628],[-43.930334,-23.599163],[-43.929893,-23.600701],[-43.929458,-23.60224],[-43.929029,-23.603781],[-43.928606,-23.605324],[-43.928189,-23.606868],[-43.927778,-23.608413],[-43.927373,-23.60996],[-43.926972,-23.611515],[-43.92658,-23.61306],[-43.926197,-23.614595],[-43.925822,-23.616121],[-43.925456,-23.617637],[-43.925098,-23.619145],[-43.924748,-23.620644],[-43.924407,-23.622134],[-43.924061,-23.623674],[-43.923724,-23.625203],[-43.923395,-23.626721],[-43.923075,-23.628229],[-43.922763,-23.629728],[-43.92246,-23.631217],[-43.922165,-23.632697],[-43.921878,-23.634169],[-43.921588,-23.635687],[-43.921307,-23.637196],[-43.921034,-23.638693],[-43.920769,-23.640181],[-43.920512,-23.641658],[-43.920263,-23.643126],[-43.920023,-23.644585],[-43.919791,-23.646035],[-43.919589,-23.647324],[-43.919393,-23.648613],[-43.919202,-23.649903],[-43.919015,-23.651193],[-43.918833,-23.652484],[-43.918657,-23.653774],[-43.918485,-23.655065],[-43.918318,-23.656356],[-43.918131,-23.657846],[-43.917951,-23.659344],[-43.917776,-23.66085],[-43.917607,-23.662364],[-43.917444,-23.663887],[-43.917286,-23.665418],[-43.917134,-23.666958],[-43.916988,-23.668506],[-43.916868,-23.669834],[-43.916752,-23.671168],[-43.916642,-23.672508],[-43.916535,-23.673854],[-43.916433,-23.675206],[-43.916336,-23.676564],[-43.916243,-23.677928],[-43.916155,-23.679298],[-43.916062,-23.680839],[-43.915975,-23.682386],[-43.915894,-23.683938],[-43.91582,-23.685495],[-43.915751,-23.687057],[-43.915689,-23.688624],[-43.915633,-23.690197],[-43.915584,-23.691774],[-43.915541,-23.693343],[-43.915504,-23.694912],[-43.915474,-23.69648],[-43.915451,-23.698046],[-43.915434,-23.699612],[-43.915423,-23.701176],[-43.915419,-23.702739],[-43.915421,-23.7043],[-43.91543,-23.705831],[-43.915444,-23.70736],[-43.915465,-23.708887],[-43.915492,-23.710413],[-43.915525,-23.711936],[-43.915564,-23.713458],[-43.915609,-23.714977],[-43.91566,-23.716494],[-43.91571,-23.717826],[-43.915765,-23.719158],[-43.915825,-23.720491],[-43.915889,-23.721825],[-43.915958,-23.723159],[-43.916032,-23.724494],[-43.916111,-23.725829],[-43.916195,-23.727164],[-43.916296,-23.728685],[-43.916403,-23.730207],[-43.916516,-23.73173],[-43.916636,-23.733254],[-43.916762,-23.734779],[-43.916894,-23.736305],[-43.917033,-23.737832],[-43.917177,-23.739359],[-43.917328,-23.740886],[-43.917485,-23.742412],[-43.917648,-23.743937],[-43.917818,-23.745462],[-43.917993,-23.746986],[-43.918175,-23.748509],[-43.918363,-23.750032],[-43.918557,-23.751555]]]}},
{"type":"Feature","properties":{"idhidrovia":200000393,"nome":"Porto de Angra dos Reis - Porto de Itaguaí","navegacao":"Navegação de Cabotagem","tipo":"Marítimo/oceânico","vel_cional":25.0,"extensao":65.856,"tempo":"0d 2h 38min","cla_icacao":"Percurso externo","nome_rio":null,"nom_eclusa":null,"jurisdicao":null,"reg_rafica":null,"pro_de_min":null,"pro_de_max":null,"dominio":null,"observacao":null,"snv":null,"fonte":null,"idm_origem":null,"mun_origem":null,"est_origem":null,"idm_estino":null,"mun_estino":null,"est_estino":null,"idantaq":null,"camada sim":"42","Fluxo":82171554.0},"geometry":{"type":"MultiLineString","coordinates":[[[-43.918557,-23.751555],[-43.908428,-23.748287],[-43.897912,-23.744913],[-43.886574,-23.741293],[-43.874124,-23.737333],[-43.859112,-23.732573],[-43.851474,-23.730144],[-43.843094,-23.727464],[-43.833622,-23.724419],[-43.813818,-23.718033],[-43.805262,-23.71528],[-43.796233,-23.712386],[-43.788135,-23.709806],[-43.778734,-23.706836],[-43.774279,-23.70544],[-43.769954,-23.704093],[-43.765737,-23.702787],[-43.761619,-23.701521],[-43.757589,-23.70029],[-43.753638,-23.699092],[-43.749112,-23.697731],[-43.744673,-23.696409],[-43.740314,-23.695123],[-43.736027,-23.693871],[-43.731805,-23.692652],[-43.727643,-23.691463],[-43.723538,-23.690304],[-43.719485,-23.689174],[-43.715475,-23.688069],[-43.711511,-23.686992],[-43.707589,-23.68594],[-43.703708,-23.684913],[-43.699864,-23.683911],[-43.696056,-23.682934],[-43.692282,-23.681979],[-43.68854,-23.681048],[-43.681284,-23.679266],[-43.674916,-23.67772],[-43.669031,-23.676313],[-43.66623,-23.675652],[-43.663506,-23.675015],[-43.660814,-23.674392],[-43.658183,-23.67379],[-43.655607,-23.673207],[-43.653078,-23.672641],[-43.650594,-23.672093],[-43.64815,-23.67156],[-43.645743,-23.671043],[-43.64337,-23.67054],[-43.640382,-23.669917],[-43.637378,-23.669299],[-43.634356,-23.668687],[-43.631316,-23.668082],[-43.628259,-23.667481],[-43.625183,-23.666887],[-43.622089,-23.666298],[-43.618975,-23.665715],[-43.615843,-23.665137],[-43.612691,-23.664564],[-43.609518,-23.663997],[-43.606325,-23.663435],[-43.603111,-23.662878],[-43.599875,-23.662326],[-43.596617,-23.661779],[-43.593336,-23.661237],[-43.590239,-23.660734],[-43.587123,-23.660237],[-43.583989,-23.659746],[-43.580834,-23.659261],[-43.57766,-23.658782],[-43.574465,-23.658309],[-43.571249,-23.657842],[-43.568012,-23.65738],[-43.564753,-23.656923],[-43.561472,-23.656473],[-43.558167,-23.656028],[-43.554838,-23.655588],[-43.551485,-23.655153],[-43.548106,-23.654723],[-43.544701,-23.654299],[-43.541269,-23.653879],[-43.538067,-23.653496],[-43.534844,-23.653119],[-43.531599,-23.652748],[-43.528332,-23.652383],[-43.525041,-23.652024],[-43.521727,-23.651671],[-43.518387,-23.651324],[-43.515023,-23.650983],[-43.511633,-23.650648],[-43.508216,-23.650318],[-43.507646,-23.650264]]]}},
{"type":"Feature","properties":{"idhidrovia":200000394,"nome":"Acesso ao Porto de Recife","navegacao":"Navegação de Cabotagem","tipo":"Marítimo/oceânico","vel_cional":15.0,"extensao":1.0,"tempo":"0d 0h 4min","cla_icacao":"Acesso simples","nome_rio":null,"nom_eclusa":null,"jurisdicao":null,"reg_rafica":null,"pro_de_min":null,"pro_de_max":null,"dominio":null,"observacao":null,"snv":null,"fonte":null,"idm_origem":null,"mun_origem":null,"est_origem":null,"idm_estino":"BR261160","mun_estino":"Recife","est_estino":"PE","idantaq":null,"camada sim":"43","Fluxo":117638.0},"geometry":{"type":"MultiLineString","coordinates":[[[-34.285186,-8.414387],[-34.288001,-8.413944],[-34.289407,-8.41372],[-34.290814,-8.413494],[-34.293625,-8.413037],[-34.296436,-8.412572],[-34.29784,-8.412337],[-34.299245,-8.4121],[-34.302052,-8.41162],[-34.303456,-8.411378],[-34.304859,-8.411133],[-34.306261,-8.410887],[-34.307664,-8.410639],[-34.310873,-8.410063],[-34.314072,-8.40948],[-34.31726,-8.408889],[-34.320437,-8.40829],[-34.323603,-8.407683],[-34.326759,-8.407068],[-34.329903,-8.406444],[-34.333037,-8.405813],[-34.336009,-8.405206],[-34.33897,-8.404592],[-34.341921,-8.403971],[-34.344862,-8.403343],[-34.347792,-8.402709],[-34.350712,-8.402068],[-34.353621,-8.40142],[-34.356521,-8.400765],[-34.359453,-8.400095],[-34.362375,-8.399417],[-34.365288,-8.398733],[-34.368191,-8.398042],[-34.371085,-8.397344],[-34.373969,-8.396639],[-34.376844,-8.395928],[-34.379709,-8.39521],[-34.382411,-8.394525],[-34.385104,-8.393834],[-34.387789,-8.393137],[-34.390466,-8.392434],[-34.393134,-8.391726],[-34.395793,-8.391012],[-34.398444,-8.390293],[-34.401086,-8.389567],[-34.404135,-8.388721],[-34.407173,-8.387866],[-34.410203,-8.387004],[-34.413222,-8.386134],[-34.416232,-8.385256],[-34.419232,-8.384371],[-34.422222,-8.383478],[-34.425202,-8.382577],[-34.428208,-8.381658],[-34.431205,-8.380731],[-34.434192,-8.379797],[-34.437169,-8.378855],[-34.440137,-8.377905],[-34.443096,-8.376948],[-34.446044,-8.375982],[-34.448984,-8.37501],[-34.451945,-8.374019],[-34.454897,-8.37302],[-34.457841,-8.372014],[-34.460777,-8.371],[-34.463703,-8.369978],[-34.466621,-8.368948],[-34.46953,-8.36791],[-34.472429,-8.366865],[-34.474983,-8.365936],[-34.47753,-8.365],[-34.480071,-8.364059],[-34.482604,-8.363112],[-34.485131,-8.362159],[-34.487651,-8.3612],[-34.490164,-8.360235],[-34.49267,-8.359265],[-34.495548,-8.35814],[-34.49842,-8.357007],[-34.501284,-8.355865],[-34.50414,-8.354716],[-34.506988,-8.353558],[-34.509829,-8.352393],[-34.512662,-8.351219],[-34.515487,-8.350038],[-34.518146,-8.348916],[-34.520798,-8.347787],[-34.523444,-8.346651],[-34.526083,-8.345507],[-34.528716,-8.344357],[-34.531342,-8.343199],[-34.533961,-8.342035],[-34.536574,-8.340863],[-34.539194,-8.339679],[-34.541808,-8.338486],[-34.544416,-8.337287],[-34.547018,-8.33608],[-34.549615,-8.334866],[-34.552205,-8.333645],[-34.554788,-8.332417],[-34.557366,-8.331181],[-34.559947,-8.329934],[-34.562524,-8.328679],[-34.565095,-8.327416],[-34.56766,-8.326146],[-34.57022,-8.324868],[-34.572773,-8.323583],[-34.575321,-8.322291],[-34.577863,-8.320992],[-34.580576,-8.319594],[-34.583283,-8.318187],[-34.585984,-8.316772],[-34.58868,-8.315347],[-34.59137,-8.313914],[-34.594053,-8.312473],[-34.596731,-8.311023],[-34.599402,-8.309564],[-34.602071,-8.308095],[-34.604735,-8.306616],[-34.607394,-8.305129],[-34.610048,-8.303633],[-34.612696,-8.302127],[-34.615338,-8.300613],[-34.617975,-8.29909],[-34.620606,-8.297559],[-34.623068,-8.296115],[-34.625526,-8.294662],[-34.62798,-8.293202],[-34.630429,-8.291733],[-34.632874,-8.290257],[-34.635314,-8.288772],[-34.63775,-8.28728],[-34.64018,-8.28578],[-34.642414,-8.28439],[-34.644808,-8.28289],[-34.64742,-8.281242],[-34.650499,-8.27929],[-34.652275,-8.27816],[-34.654123,-8.276977],[-34.65812,-8.274402],[-34.662379,-8.271639],[-34.669711,-8.266865],[-34.679441,-8.260531],[-34.685659,-8.256462],[-34.688593,-8.254532],[-34.691353,-8.252707],[-34.693982,-8.250958],[-34.696502,-8.249272],[-34.702412,-8.245296],[-34.704928,-8.243593],[-34.707278,-8.241995],[-34.709536,-8.240452],[-34.711692,-8.238969],[-34.713766,-8.237534],[-34.715768,-8.236139],[-34.718339,-8.234337],[-34.720754,-8.232636],[-34.723051,-8.231007],[-34.725251,-8.229438],[-34.727378,-8.22791],[-34.729435,-8.226422],[-34.73143,-8.224967],[-34.733371,-8.22354],[-34.735802,-8.221739],[-34.738129,-8.220002],[-34.740371,-8.218316],[-34.742537,-8.216673],[-34.744642,-8.215063],[-34.746687,-8.213484],[-34.748679,-8.21193],[-34.750623,-8.2104],[-34.752645,-8.208793],[-34.754597,-8.207229],[-34.75649,-8.205701],[-34.758328,-8.204203],[-34.76012,-8.20273],[-34.761867,-8.20128],[-34.763573,-8.199849],[-34.765241,-8.198436],[-34.767102,-8.196843],[-34.768918,-8.195274],[-34.770693,-8.193726],[-34.772429,-8.192197],[-34.774129,-8.190684],[-34.775795,-8.189186],[-34.776615,-8.188441],[-34.777428,-8.1877],[-34.778232,-8.186962],[-34.77903,-8.186226],[-34.780714,-8.184659],[-34.781537,-8.183888],[-34.782346,-8.183125],[-34.783144,-8.182369],[-34.783931,-8.181619],[-34.784706,-8.180876],[-34.785471,-8.180138],[-34.786277,-8.179356],[-34.787072,-8.17858],[-34.787856,-8.177811],[-34.78863,-8.177048],[-34.789393,-8.17629],[-34.790146,-8.175537],[-34.790891,-8.17479],[-34.791626,-8.174046],[-34.792902,-8.172745],[-34.794157,-8.171453],[-34.795391,-8.17017],[-34.796605,-8.168895],[-34.797799,-8.167627],[-34.798975,-8.166366],[-34.800132,-8.165111],[-34.801271,-8.163861],[-34.802337,-8.16268],[-34.803385,-8.161507],[-34.804415,-8.160344],[-34.805428,-8.159189],[-34.806424,-8.158041],[-34.807404,-8.1569],[-34.808368,-8.155766],[-34.809317,-8.154638],[-34.810303,-8.153453],[-34.811273,-8.152276],[-34.812228,-8.151105],[-34.813167,-8.149941],[-34.814091,-8.148783],[-34.815001,-8.147631],[-34.815897,-8.146484],[-34.816778,-8.145342],[-34.8176,-8.144265],[-34.81843,-8.143165],[-34.819269,-8.142039],[-34.820119,-8.140887],[-34.820981,-8.139707],[-34.821858,-8.138494],[-34.822752,-8.137247],[-34.823666,-8.135959],[-34.824611,-8.134614],[-34.825568,-8.133235],[-34.826539,-8.131818],[-34.827527,-8.130361],[-34.828534,-8.12886],[-34.829565,-8.127306],[-34.830626,-8.125692],[-34.831725,-8.124006],[-34.8327,-8.122495],[-34.83367,-8.120978],[-34.834636,-8.119453],[-34.835596,-8.117922],[-34.836552,-8.116383],[-34.837502,-8.114838],[-34.838447,-8.113285],[-34.839387,-8.111727],[-34.840404,-8.110022],[-34.841416,-8.108308],[-34.842421,-8.106586],[-34.843421,-8.104855],[-34.844414,-8.103115],[-34.845401,-8.101366],[-34.846383,-8.099609],[-34.847358,-8.097844],[-34.848137,-8.096417],[-34.848929,-8.09495],[-34.849737,-8.093438],[-34.850565,-8.091874],[-34.851415,-8.090255],[-34.852294,-8.088563],[-34.853213,-8.086782],[-34.854187,-8.084881],[-34.854335,-8.084597],[-34.854493,-8.084301],[-34.854664,-8.08399],[-34.85485,-8.083659],[-34.855014,-8.083372],[-34.855199,-8.083053],[-34.856019,-8.081653],[-34.856222,-8.0813],[-34.856403,-8.08098],[-34.856574,-8.080673],[-34.856731,-8.080381],[-34.856879,-8.080101],[-34.857017,-8.07983],[-34.857109,-8.079644],[-34.857197,-8.079461],[-34.857281,-8.079281],[-34.857362,-8.079104],[-34.85744,-8.078929],[-34.857514,-8.078756],[-34.857585,-8.078585],[-34.857652,-8.078416],[-34.857717,-8.078248],[-34.857778,-8.078081],[-34.857837,-8.077916],[-34.857892,-8.077751],[-34.857945,-8.077588],[-34.857994,-8.077426],[-34.858041,-8.077265],[-34.858085,-8.077104],[-34.858129,-8.076931],[-34.858173,-8.076753],[-34.858215,-8.076572],[-34.858255,-8.076385],[-34.858295,-8.076194],[-34.858333,-8.075997],[-34.858371,-8.075793],[-34.858408,-8.075582],[-34.858477,-8.075159],[-34.858547,-8.07469],[-34.858617,-8.074178],[-34.858722,-8.073378],[-34.858767,-8.073019],[-34.85881,-8.072656],[-34.858849,-8.072289],[-34.858887,-8.071917],[-34.858921,-8.071541],[-34.858953,-8.071159],[-34.858982,-8.070773],[-34.859008,-8.070381],[-34.859032,-8.069984],[-34.859053,-8.069581],[-34.859072,-8.069172],[-34.859088,-8.068756],[-34.859102,-8.068333],[-34.859113,-8.067902],[-34.859121,-8.067463],[-34.859127,-8.067015],[-34.85914,-8.065874],[-34.859145,-8.065201],[-34.859146,-8.064572],[-34.859143,-8.064003],[-34.859134,-8.063441],[-34.859119,-8.062911],[-34.859099,-8.062405],[-34.859073,-8.061921],[-34.859057,-8.061673],[-34.859039,-8.06143],[-34.85902,-8.061191],[-34.858998,-8.060956],[-34.858975,-8.060725],[-34.85895,-8.060497],[-34.858924,-8.060272],[-34.858895,-8.06005],[-34.858865,-8.059831],[-34.858832,-8.059615],[-34.858798,-8.059402],[-34.858762,-8.059192],[-34.858724,-8.058983],[-34.858684,-8.058778],[-34.858642,-8.058574],[-34.858598,-8.058373],[-34.858532,-8.058084],[-34.858459,-8.057789],[-34.858382,-8.057488],[-34.858299,-8.057179],[-34.858209,-8.056862],[-34.858114,-8.056536],[-34.858012,-8.056198],[-34.857903,-8.055848],[-34.857857,-8.055709],[-34.857809,-8.055568],[-34.857757,-8.055424],[-34.857701,-8.055278],[-34.857642,-8.055129],[-34.857579,-8.054976],[-34.857512,-8.054818],[-34.85744,-8.054655],[-34.85731,-8.054374],[-34.857162,-8.054063],[-34.857015,-8.053762],[-34.856645,-8.053017],[-34.856453,-8.052619],[-34.856356,-8.052413],[-34.856268,-8.052218],[-34.856186,-8.052033],[-34.856111,-8.051854],[-34.85603,-8.051652],[-34.855955,-8.051457],[-34.855887,-8.051266],[-34.855826,-8.05108],[-34.855769,-8.050896],[-34.855719,-8.050716],[-34.855674,-8.050538],[-34.855635,-8.050362],[-34.855534,-8.049889],[-34.855486,-8.049649],[-34.855442,-8.049415],[-34.855409,-8.049204],[-34.855381,-8.048993],[-34.855371,-8.048892],[-34.855363,-8.048794],[-34.855357,-8.048698],[-34.855353,-8.048604],[-34.855351,-8.048513],[-34.855351,-8.048423],[-34.855357,-8.048146],[-34.855365,-8.047947],[-34.855377,-8.047766],[-34.855395,-8.047604],[-34.855406,-8.047524],[-34.855419,-8.047448],[-34.855434,-8.047375],[-34.85545,-8.047304],[-34.855468,-8.047236],[-34.855487,-8.04717],[-34.855509,-8.047107],[-34.855532,-8.047045],[-34.855587,-8.046917],[-34.855649,-8.046789],[-34.855718,-8.046663],[-34.855792,-8.046542],[-34.855871,-8.046426],[-34.855953,-8.046318],[-34.855995,-8.046267],[-34.856038,-8.046218],[-34.856081,-8.046171],[-34.856125,-8.046127],[-34.856196,-8.046061],[-34.856273,-8.045999],[-34.856356,-8.045939],[-34.856445,-8.045882],[-34.856541,-8.045828],[-34.856642,-8.045777],[-34.856749,-8.045728],[-34.856863,-8.045682],[-34.856982,-8.04564],[-34.857108,-8.0456],[-34.85724,-8.045562],[-34.857378,-8.045527],[-34.857523,-8.045495],[-34.857675,-8.045466],[-34.857836,-8.045438],[-34.858006,-8.045413],[-34.858133,-8.045398],[-34.858263,-8.045388],[-34.858397,-8.045384],[-34.858535,-8.045385],[-34.858677,-8.045391],[-34.858822,-8.045402],[-34.858973,-8.045419],[-34.859128,-8.045441],[-34.859285,-8.045468],[-34.859448,-8.0455],[-34.859616,-8.045538],[-34.859792,-8.045581],[-34.859975,-8.04563],[-34.860168,-8.045685],[-34.860375,-8.045747],[-34.860608,-8.045821],[-34.860767,-8.045874],[-34.860925,-8.04593],[-34.861084,-8.045991],[-34.861243,-8.046055],[-34.861402,-8.046123],[-34.86156,-8.046194],[-34.861717,-8.046268],[-34.861874,-8.046346],[-34.862029,-8.046427],[-34.862182,-8.046512],[-34.862334,-8.046599],[-34.862484,-8.046688],[-34.862631,-8.046781],[-34.862776,-8.046875],[-34.862918,-8.046972],[-34.863056,-8.047071],[-34.863181,-8.047166],[-34.863306,-8.047266],[-34.86343,-8.047373],[-34.863555,-8.047486],[-34.863679,-8.047606],[-34.863805,-8.047733],[-34.863932,-8.047868],[-34.864062,-8.048012],[-34.864171,-8.048137],[-34.864283,-8.04827],[-34.8644,-8.048413],[-34.864523,-8.048567],[-34.864748,-8.048857],[-34.865281,-8.049555],[-34.865425,-8.049739],[-34.865556,-8.049903],[-34.865745,-8.050139],[-34.865933,-8.050376],[-34.866119,-8.050615],[-34.866303,-8.050854],[-34.866486,-8.051095],[-34.866667,-8.051338],[-34.866847,-8.051581],[-34.867025,-8.051826],[-34.867201,-8.052072],[-34.867376,-8.05232],[-34.867549,-8.052569],[-34.867721,-8.052819],[-34.86789,-8.05307],[-34.868059,-8.053323],[-34.868225,-8.053577],[-34.86839,-8.053832]]]}},
{"type":"Feature","properties":{"idhidrovia":200000395,"nome":"Acesso ao Porto de Niterói","navegacao":"Navegação de Cabotagem","tipo":"Marítimo/oceânico","vel_cional":15.0,"extensao":1.0,"tempo":"0d 0h 4min","cla_icacao":"Acesso simples","nome_rio":null,"nom_eclusa":null,"jurisdicao":null,"reg_rafica":null,"pro_de_min":null,"pro_de_max":null,"dominio":null,"observacao":null,"snv":null,"fonte":null,"idm_origem":null,"mun_origem":null,"est_origem":null,"idm_estino":"BR330330","mun_estino":"Niterói","est_estino":"RJ","idantaq":null,"camada sim":"44","Fluxo":25848.0},"geometry":{"type":"MultiLineString","coordinates":[[[-43.154636,-22.891461],[-43.154352,-22.891127],[-43.154067,-22.890795],[-43.153779,-22.890467],[-43.153489,-22.890141],[-43.153197,-22.889818],[-43.152904,-22.889498],[-43.152608,-22.889181],[-43.15231,-22.888867],[-43.15201,-22.888556],[-43.151708,-22.888248],[-43.151404,-22.887943],[-43.151098,-22.887641],[-43.15079,-22.887341],[-43.15048,-22.887045],[-43.150168,-22.886751],[-43.149854,-22.886461],[-43.149538,-22.886173],[-43.14922,-22.885888],[-43.148899,-22.885606],[-43.148577,-22.885327],[-43.148253,-22.885051],[-43.147927,-22.884778],[-43.147598,-22.884508],[-43.147268,-22.884241],[-43.146936,-22.883976],[-43.146601,-22.883715],[-43.146265,-22.883457],[-43.145926,-22.883201],[-43.145586,-22.882948],[-43.145243,-22.882699],[-43.144899,-22.882452],[-43.144552,-22.882208],[-43.14289,-22.881045],[-43.142417,-22.880717],[-43.141991,-22.880424],[-43.141543,-22.880119],[-43.14112,-22.879836],[-43.140716,-22.87957],[-43.140326,-22.879318],[-43.139921,-22.879061],[-43.139528,-22.878817],[-43.139144,-22.878585],[-43.138769,-22.878364],[-43.138401,-22.878153],[-43.138039,-22.877952],[-43.137684,-22.877761],[-43.137334,-22.87758],[-43.136971,-22.877398],[-43.136613,-22.877227],[-43.136259,-22.877065],[-43.13591,-22.876913],[-43.135565,-22.87677],[-43.135394,-22.876702],[-43.135223,-22.876636],[-43.135054,-22.876573],[-43.134885,-22.876512],[-43.134717,-22.876453],[-43.13455,-22.876396],[-43.134384,-22.876342],[-43.134218,-22.87629],[-43.134054,-22.87624],[-43.133889,-22.876192],[-43.133726,-22.876147],[-43.133563,-22.876104],[-43.133401,-22.876063],[-43.13324,-22.876025],[-43.133079,-22.875988],[-43.132919,-22.875954],[-43.132759,-22.875922],[-43.1326,-22.875893],[-43.132442,-22.875865],[-43.132284,-22.87584],[-43.132127,-22.875817],[-43.13197,-22.875796],[-43.131727,-22.875767],[-43.131499,-22.875745],[-43.131284,-22.875728],[-43.131079,-22.875716],[-43.130882,-22.87571]]]}},
{"type":"Feature","properties":{"idhidrovia":200000396,"nome":"Acesso ao Porto de Aratu","navegacao":"Navegação de Cabotagem","tipo":"Marítimo/oceânico","vel_cional":15.0,"extensao":7.0,"tempo":"0d 0h 27min","cla_icacao":"Acesso simples","nome_rio":null,"nom_eclusa":null,"jurisdicao":null,"reg_rafica":null,"pro_de_min":null,"pro_de_max":null,"dominio":null,"observacao":null,"snv":null,"fonte":null,"idm_origem":null,"mun_origem":null,"est_origem":null,"idm_estino":"BR290650","mun_estino":"Candeias","est_estino":"BA","idantaq":null,"camada sim":"45","Fluxo":3152547.0},"geometry":{"type":"MultiLineString","coordinates":[[[-38.545396,-12.883184],[-38.545168,-12.882466],[-38.544526,-12.880474],[-38.543889,-12.878511],[-38.543254,-12.876577],[-38.542623,-12.87467],[-38.541994,-12.872788],[-38.541368,-12.870929],[-38.540743,-12.869094],[-38.540119,-12.86728],[-38.539496,-12.865486],[-38.538873,-12.863712],[-38.538251,-12.861957],[-38.537629,-12.86022],[-38.537007,-12.858501],[-38.536384,-12.8568],[-38.535761,-12.855115],[-38.535138,-12.853446],[-38.534512,-12.851788],[-38.533885,-12.850146],[-38.533256,-12.848519],[-38.532627,-12.846906],[-38.531995,-12.845307],[-38.531362,-12.843722],[-38.530728,-12.84215],[-38.530091,-12.840592],[-38.529453,-12.839046],[-38.528812,-12.837512],[-38.528169,-12.835991],[-38.527523,-12.834482],[-38.526875,-12.832985],[-38.526225,-12.831499],[-38.525572,-12.830025],[-38.524916,-12.828562],[-38.52257,-12.823332],[-38.521909,-12.821865],[-38.521098,-12.820072],[-38.520365,-12.818469],[-38.51958,-12.816773],[-38.518835,-12.815188],[-38.518117,-12.813686],[-38.517766,-12.812962],[-38.517419,-12.812253],[-38.517048,-12.811502],[-38.51668,-12.810767],[-38.516316,-12.810045],[-38.515954,-12.809337],[-38.515594,-12.808642],[-38.515236,-12.807958],[-38.514879,-12.807286],[-38.514523,-12.806624],[-38.514168,-12.805971],[-38.513814,-12.805328],[-38.51346,-12.804695],[-38.513106,-12.80407],[-38.512752,-12.803454],[-38.512398,-12.802846],[-38.512043,-12.802246],[-38.511688,-12.801654],[-38.511282,-12.800985],[-38.510873,-12.800318],[-38.510461,-12.799653],[-38.510046,-12.798989],[-38.509628,-12.798328],[-38.509207,-12.797668],[-38.508782,-12.79701],[-38.508355,-12.796353],[-38.507925,-12.795699],[-38.507491,-12.795046],[-38.507055,-12.794395],[-38.506615,-12.793746],[-38.506173,-12.793099],[-38.505727,-12.792454],[-38.505279,-12.79181],[-38.504827,-12.791169],[-38.504372,-12.790529],[-38.503915,-12.78989],[-38.503454,-12.789254],[-38.50299,-12.78862],[-38.502523,-12.787987],[-38.502053,-12.787356],[-38.50158,-12.786727],[-38.501104,-12.7861],[-38.500625,-12.785474],[-38.500143,-12.78485],[-38.499658,-12.784229],[-38.49917,-12.783608],[-38.498679,-12.78299],[-38.498184,-12.782374],[-38.497687,-12.781759],[-38.497187,-12.781146]]]}},
{"type":"Feature","properties":{"idhidrovia":200000397,"nome":"Acesso ao Porto de Salvador","navegacao":"Navegação de Cabotagem","tipo":"Marítimo/oceânico","vel_cional":15.0,"extensao":1.0,"tempo":"0d 0h 4min","cla_icacao":"Acesso simples","nome_rio":null,"nom_eclusa":null,"jurisdicao":null,"reg_rafica":null,"pro_de_min":null,"pro_de_max":null,"dominio":null,"observacao":null,"snv":null,"fonte":null,"idm_origem":null,"mun_origem":null,"est_origem":null,"idm_estino":"BR292740","mun_estino":"Salvador","est_estino":"BA","idantaq":null,"camada sim":"46","Fluxo":4492512.0},"geometry":{"type":"MultiLineString","coordinates":[[[-38.58629,-12.988115],[-38.585796,-12.987621],[-38.585299,-12.987132],[-38.5848,-12.986647],[-38.584297,-12.986167],[-38.583792,-12.985691],[-38.583284,-12.98522],[-38.582773,-12.984754],[-38.582259,-12.984292],[-38.581743,-12.983835],[-38.581223,-12.983383],[-38.580701,-12.982935],[-38.580177,-12.982492],[-38.579649,-12.982053],[-38.579119,-12.981619],[-38.578586,-12.981189],[-38.57805,-12.980764],[-38.577511,-12.980344],[-38.57697,-12.979928],[-38.576426,-12.979517],[-38.575879,-12.97911],[-38.575329,-12.978708],[-38.574776,-12.978311],[-38.574221,-12.977918],[-38.573663,-12.97753],[-38.573102,-12.977147],[-38.572538,-12.976768],[-38.571972,-12.976393],[-38.571402,-12.976023],[-38.57083,-12.975658],[-38.570256,-12.975298],[-38.569678,-12.974942],[-38.569098,-12.97459],[-38.568532,-12.974254],[-38.567964,-12.973921],[-38.567392,-12.973593],[-38.566818,-12.973268],[-38.566241,-12.972948],[-38.565661,-12.972632],[-38.565079,-12.97232],[-38.564495,-12.972012],[-38.563909,-12.971709],[-38.563321,-12.971411],[-38.562731,-12.971117],[-38.56214,-12.970828],[-38.561547,-12.970543],[-38.560953,-12.970264],[-38.560357,-12.969989],[-38.55976,-12.969719],[-38.559163,-12.969454],[-38.558565,-12.969194],[-38.557966,-12.96894],[-38.557366,-12.96869],[-38.556766,-12.968446],[-38.556166,-12.968207],[-38.555566,-12.967973],[-38.554965,-12.967745],[-38.554365,-12.967522],[-38.553764,-12.967305],[-38.553164,-12.967093],[-38.552565,-12.966886],[-38.551966,-12.966686],[-38.551367,-12.96649],[-38.55077,-12.966301],[-38.550173,-12.966117],[-38.549531,-12.965925],[-38.548887,-12.965738],[-38.54824,-12.965556],[-38.547591,-12.965379],[-38.546941,-12.965207],[-38.546289,-12.96504],[-38.545635,-12.964878],[-38.544981,-12.964722],[-38.544325,-12.964571],[-38.543668,-12.964425],[-38.543011,-12.964284],[-38.542352,-12.964149],[-38.541694,-12.96402],[-38.541035,-12.963895],[-38.540377,-12.963777],[-38.539718,-12.963664],[-38.53906,-12.963556],[-38.538403,-12.963454],[-38.537746,-12.963358],[-38.53709,-12.963267],[-38.536435,-12.963182],[-38.535781,-12.963103],[-38.535128,-12.963029],[-38.534477,-12.962961],[-38.533827,-12.962899],[-38.533179,-12.962842],[-38.532533,-12.962792],[-38.531889,-12.962747],[-38.531247,-12.962707],[-38.530607,-12.962674],[-38.529969,-12.962646],[-38.529335,-12.962624],[-38.528688,-12.962608],[-38.528041,-12.962597],[-38.527395,-12.962591],[-38.526748,-12.962591],[-38.526101,-12.962596],[-38.525453,-12.962607],[-38.524806,-12.962623],[-38.524158,-12.962645],[-38.52351,-12.962672],[-38.522862,-12.962704],[-38.522214,-12.962743],[-38.521566,-12.962786],[-38.520917,-12.962835],[-38.520269,-12.96289],[-38.51962,-12.96295],[-38.518971,-12.963015],[-38.518322,-12.963086],[-38.517673,-12.963162],[-38.517023,-12.963244],[-38.516373,-12.963331],[-38.515724,-12.963424],[-38.515074,-12.963522],[-38.514423,-12.963626],[-38.513773,-12.963735],[-38.513123,-12.96385],[-38.512472,-12.96397],[-38.511821,-12.964096],[-38.51117,-12.964227],[-38.510519,-12.964363],[-38.509868,-12.964505],[-38.509216,-12.964653],[-38.508564,-12.964805]]]}},
{"type":"Feature","properties":{"idhidrovia":200000398,"nome":"Acesso aos Portos de Salvador e Aratu","navegacao":"Navegação de Cabotagem","tipo":"Marítimo/oceânico","vel_cional":15.0,"extensao":1.0,"tempo":"0d 0h 4min","cla_icacao":"Acesso duplo","nome_rio":null,"nom_eclusa":null,"jurisdicao":null,"reg_rafica":null,"pro_de_min":null,"pro_de_max":null,"dominio":null,"observacao":null,"snv":null,"fonte":null,"idm_origem":null,"mun_origem":null,"est_origem":null,"idm_estino":null,"mun_estino":null,"est_estino":null,"idantaq":null,"camada sim":"47","Fluxo":15005272.0},"geometry":{"type":"MultiLineString","coordinates":[[[-38.199815,-13.523385],[-38.201765,-13.523293],[-38.203715,-13.523196],[-38.205664,-13.523095],[-38.207612,-13.522987],[-38.20956,-13.522875],[-38.211507,-13.522757],[-38.213453,-13.522634],[-38.215399,-13.522505],[-38.217343,-13.522372],[-38.219287,-13.522233],[-38.221231,-13.522088],[-38.223173,-13.521939],[-38.225115,-13.521784],[-38.227057,-13.521624],[-38.228997,-13.521458],[-38.230937,-13.521288],[-38.232876,-13.521112],[-38.234815,-13.52093],[-38.236752,-13.520744],[-38.238689,-13.520552],[-38.240626,-13.520355],[-38.242561,-13.520152],[-38.244496,-13.519944],[-38.24643,-13.519731],[-38.248364,-13.519513],[-38.250296,-13.519289],[-38.252228,-13.51906],[-38.25416,-13.518826],[-38.25609,-13.518587],[-38.25802,-13.518342],[-38.25995,-13.518092],[-38.261878,-13.517836],[-38.263861,-13.517568],[-38.26584,-13.517295],[-38.267815,-13.517018],[-38.269786,-13.516735],[-38.271754,-13.516447],[-38.273718,-13.516154],[-38.275679,-13.515857],[-38.277635,-13.515554],[-38.279587,-13.515247],[-38.281536,-13.514935],[-38.283481,-13.514618],[-38.285421,-13.514296],[-38.287358,-13.513969],[-38.28929,-13.513637],[-38.291218,-13.513301],[-38.293142,-13.51296],[-38.295062,-13.512613],[-38.296978,-13.512262],[-38.298889,-13.511906],[-38.300796,-13.511546],[-38.302699,-13.51118],[-38.304598,-13.51081],[-38.306492,-13.510435],[-38.308381,-13.510055],[-38.310266,-13.50967],[-38.312147,-13.509281],[-38.314023,-13.508886],[-38.315895,-13.508487],[-38.317762,-13.508083],[-38.319624,-13.507675],[-38.321482,-13.507262],[-38.323335,-13.506843],[-38.325169,-13.506424],[-38.327006,-13.505998],[-38.328846,-13.505565],[-38.33069,-13.505126],[-38.332536,-13.504681],[-38.334385,-13.504229],[-38.336238,-13.50377],[-38.338093,-13.503305],[-38.339952,-13.502834],[-38.341813,-13.502356],[-38.343678,-13.501871],[-38.345545,-13.50138],[-38.347416,-13.500883],[-38.349289,-13.500379],[-38.351166,-13.499869],[-38.353045,-13.499352],[-38.354928,-13.498828],[-38.356813,-13.498298],[-38.358702,-13.497762],[-38.360593,-13.497219],[-38.362488,-13.49667],[-38.364385,-13.496114],[-38.366286,-13.495552],[-38.368189,-13.494984],[-38.370095,-13.494408],[-38.372004,-13.493827],[-38.373916,-13.493239],[-38.375831,-13.492644],[-38.377749,-13.492043],[-38.37967,-13.491436],[-38.381593,-13.490822],[-38.38352,-13.490202],[-38.385079,-13.489695],[-38.386648,-13.48918],[-38.388226,-13.488656],[-38.389815,-13.488124],[-38.391415,-13.487584],[-38.393025,-13.487034],[-38.394648,-13.486475],[-38.396282,-13.485908],[-38.397929,-13.485331],[-38.399589,-13.484744],[-38.401263,-13.484148],[-38.402951,-13.483542],[-38.404656,-13.482925],[-38.406376,-13.482297],[-38.40987,-13.481009],[-38.413408,-13.479687],[-38.417032,-13.478314],[-38.420757,-13.476886],[-38.424598,-13.475396],[-38.428563,-13.473842],[-38.4327,-13.472205],[-38.437049,-13.470469],[-38.441695,-13.468601],[-38.448533,-13.46584],[-38.452944,-13.464053],[-38.456984,-13.462404],[-38.460648,-13.460897],[-38.46424,-13.459404],[-38.467628,-13.457978],[-38.469262,-13.457285],[-38.470859,-13.456602],[-38.472424,-13.455928],[-38.473959,-13.455262],[-38.475536,-13.454572],[-38.477086,-13.453889],[-38.47861,-13.453212],[-38.480109,-13.45254],[-38.481585,-13.451873],[-38.48304,-13.451209],[-38.484475,-13.450548],[-38.48589,-13.449891],[-38.487288,-13.449235],[-38.488668,-13.448582],[-38.490032,-13.44793],[-38.491379,-13.447279],[-38.492711,-13.44663],[-38.494027,-13.445981],[-38.49533,-13.445333],[-38.496618,-13.444685],[-38.50109,-13.442417],[-38.504784,-13.440527],[-38.506501,-13.439642],[-38.508142,-13.438791],[-38.509721,-13.437966],[-38.511247,-13.437163],[-38.51276,-13.436361],[-38.51423,-13.435575],[-38.515663,-13.434802],[-38.517061,-13.434041],[-38.51843,-13.43329],[-38.51977,-13.432547],[-38.521084,-13.431811],[-38.522373,-13.431082],[-38.523673,-13.430338],[-38.52495,-13.4296],[-38.526206,-13.428866],[-38.527441,-13.428136],[-38.528657,-13.427408],[-38.529853,-13.426683],[-38.531032,-13.425961],[-38.532193,-13.42524],[-38.533339,-13.424519],[-38.534468,-13.4238],[-38.535582,-13.423081],[-38.536681,-13.422363],[-38.537765,-13.421644],[-38.538835,-13.420925],[-38.539891,-13.420206],[-38.540933,-13.419486],[-38.542182,-13.418613],[-38.543419,-13.417739],[-38.544645,-13.416866],[-38.545859,-13.415992],[-38.547062,-13.415117],[-38.548253,-13.414242],[-38.549432,-13.413367],[-38.550601,-13.412491],[-38.551758,-13.411615],[-38.552904,-13.410738],[-38.554039,-13.40986],[-38.555163,-13.408982],[-38.556276,-13.408102],[-38.557378,-13.407222],[-38.55847,-13.406341],[-38.55955,-13.40546],[-38.560619,-13.404577],[-38.561678,-13.403693],[-38.562726,-13.402809],[-38.563764,-13.401923],[-38.56479,-13.401036],[-38.565806,-13.400149],[-38.566811,-13.39926],[-38.567806,-13.39837],[-38.56879,-13.39748],[-38.569763,-13.396588],[-38.570726,-13.395695],[-38.571678,-13.394801],[-38.57262,-13.393905],[-38.573551,-13.393009],[-38.574472,-13.392111],[-38.575382,-13.391213],[-38.576226,-13.390368],[-38.577071,-13.389512],[-38.577915,-13.388645],[-38.57876,-13.387767],[-38.579606,-13.386877],[-38.580452,-13.385976],[-38.581299,-13.385063],[-38.582147,-13.384138],[-38.582995,-13.383201],[-38.583845,-13.382252],[-38.584697,-13.38129],[-38.58555,-13.380316],[-38.586405,-13.379329],[-38.587261,-13.378328],[-38.58812,-13.377315],[-38.588982,-13.376287],[-38.589843,-13.375249],[-38.590708,-13.374197],[-38.591576,-13.37313],[-38.592447,-13.372047],[-38.593323,-13.37095],[-38.594203,-13.369836],[-38.595088,-13.368706],[-38.595979,-13.367558],[-38.596874,-13.366394],[-38.597776,-13.365211],[-38.598685,-13.364008],[-38.599602,-13.362785],[-38.600528,-13.36154],[-38.601463,-13.360273],[-38.60241,-13.358981],[-38.603368,-13.357662],[-38.60404,-13.356732],[-38.604708,-13.355799],[-38.605372,-13.354865],[-38.606034,-13.353927],[-38.606691,-13.352988],[-38.607346,-13.352047],[-38.607997,-13.351103],[-38.608644,-13.350157],[-38.609288,-13.34921],[-38.609928,-13.34826],[-38.610565,-13.347309],[-38.611198,-13.346355],[-38.611827,-13.3454],[-38.612453,-13.344443],[-38.613074,-13.343485],[-38.613692,-13.342524],[-38.614306,-13.341562],[-38.614917,-13.340599],[-38.615523,-13.339634],[-38.616126,-13.338668],[-38.616724,-13.3377],[-38.617319,-13.336731],[-38.617909,-13.33576],[-38.618495,-13.334789],[-38.619078,-13.333816],[-38.619656,-13.332842],[-38.62023,-13.331866],[-38.6208,-13.33089],[-38.621366,-13.329913],[-38.621928,-13.328935],[-38.622485,-13.327955],[-38.623038,-13.326975],[-38.62357,-13.326024],[-38.6241,-13.325069],[-38.624628,-13.32411],[-38.625152,-13.323147],[-38.625675,-13.322181],[-38.626195,-13.321211],[-38.626712,-13.320237],[-38.627227,-13.319259],[-38.627739,-13.318278],[-38.628249,-13.317293],[-38.628756,-13.316305],[-38.62926,-13.315314],[-38.629762,-13.314318],[-38.630261,-13.31332],[-38.630758,-13.312318],[-38.631252,-13.311312],[-38.631743,-13.310303],[-38.632232,-13.309291],[-38.632717,-13.308276],[-38.6332,-13.307257],[-38.633681,-13.306236],[-38.634158,-13.305211],[-38.634633,-13.304183],[-38.635104,-13.303151],[-38.635573,-13.302117],[-38.63604,-13.30108],[-38.636503,-13.30004],[-38.636963,-13.298997],[-38.637421,-13.297951],[-38.637875,-13.296902],[-38.638327,-13.295851],[-38.638775,-13.294797],[-38.639187,-13.29382],[-38.639596,-13.292838],[-38.640004,-13.291849],[-38.640411,-13.290853],[-38.640815,-13.289851],[-38.641219,-13.288842],[-38.64162,-13.287827],[-38.64202,-13.286805],[-38.642419,-13.285776],[-38.642816,-13.28474],[-38.643212,-13.283697],[-38.643606,-13.282647],[-38.644,-13.28159],[-38.644392,-13.280525],[-38.644782,-13.279452],[-38.645172,-13.278372],[-38.64556,-13.277285],[-38.645947,-13.276189],[-38.646333,-13.275086],[-38.646719,-13.273974],[-38.647103,-13.272853],[-38.647487,-13.271724],[-38.648252,-13.269437],[-38.649016,-13.267114],[-38.649777,-13.26475],[-38.650539,-13.262343],[-38.651301,-13.25989],[-38.651934,-13.257839],[-38.653435,-13.253],[-38.654171,-13.250611],[-38.654983,-13.247939],[-38.655351,-13.246714],[-38.655698,-13.24554],[-38.656069,-13.24427],[-38.656422,-13.243045],[-38.656759,-13.241856],[-38.657081,-13.240699],[-38.65739,-13.23957],[-38.657685,-13.238465],[-38.657969,-13.237382],[-38.658241,-13.23632],[-38.658521,-13.235199],[-38.658788,-13.234097],[-38.659043,-13.233014],[-38.659287,-13.231946],[-38.659519,-13.230893],[-38.65974,-13.229855],[-38.659951,-13.228829],[-38.66015,-13.227816],[-38.660339,-13.226813],[-38.660517,-13.225822],[-38.660685,-13.22484],[-38.660843,-13.223869],[-38.66099,-13.222906],[-38.661127,-13.221953],[-38.661254,-13.221008],[-38.661371,-13.220071],[-38.661463,-13.219285],[-38.66155,-13.218495],[-38.661633,-13.217702],[-38.661711,-13.216905],[-38.661785,-13.216105],[-38.661855,-13.215303],[-38.66192,-13.214497],[-38.66198,-13.213688],[-38.662036,-13.212875],[-38.662087,-13.21206],[-38.662134,-13.211241],[-38.662177,-13.21042],[-38.662215,-13.209595],[-38.662248,-13.208767],[-38.662277,-13.207936],[-38.662301,-13.207103],[-38.662321,-13.206266],[-38.662337,-13.205426],[-38.662348,-13.204583],[-38.662354,-13.203737],[-38.662356,-13.202889],[-38.662353,-13.202037],[-38.662346,-13.201183],[-38.662335,-13.200326],[-38.662318,-13.199466],[-38.662298,-13.198603],[-38.662273,-13.197738],[-38.662243,-13.196869],[-38.662209,-13.195998],[-38.66217,-13.195125],[-38.662127,-13.194249],[-38.66208,-13.19337],[-38.662027,-13.192488],[-38.661971,-13.191603],[-38.66191,-13.190716],[-38.661844,-13.189826],[-38.661774,-13.188934],[-38.661699,-13.188039],[-38.66162,-13.187142],[-38.661536,-13.186243],[-38.661448,-13.185341],[-38.661356,-13.184437],[-38.661259,-13.183531],[-38.661157,-13.182623],[-38.661051,-13.181712],[-38.660941,-13.180799],[-38.660826,-13.179885],[-38.660707,-13.178968],[-38.660583,-13.178049],[-38.660454,-13.177128],[-38.660322,-13.176205],[-38.660185,-13.17528],[-38.660043,-13.174354],[-38.659897,-13.173425],[-38.659747,-13.172495],[-38.659592,-13.171563],[-38.659433,-13.17063],[-38.659269,-13.169695],[-38.659102,-13.168759],[-38.658929,-13.167821],[-38.658753,-13.166881],[-38.658572,-13.165941],[-38.658387,-13.164999],[-38.658197,-13.164056],[-38.658064,-13.163411],[-38.657926,-13.162761],[-38.657783,-13.162105],[-38.657635,-13.161443],[-38.657482,-13.160774],[-38.657324,-13.160099],[-38.65716,-13.159416],[-38.656991,-13.158725],[-38.656816,-13.158027],[-38.656636,-13.15732],[-38.656449,-13.156603],[-38.656257,-13.155876],[-38.656058,-13.155139],[-38.655853,-13.154389],[-38.65564,-13.153625],[-38.655421,-13.152847],[-38.655015,-13.151435],[-38.654581,-13.14996],[-38.654115,-13.148407],[-38.653607,-13.146744],[-38.652743,-13.143961],[-38.652252,-13.142398],[-38.650844,-13.137929],[-38.650019,-13.135284],[-38.64934,-13.133105],[-38.648647,-13.130916],[-38.64794,-13.128717],[-38.64722,-13.126507],[-38.646485,-13.124286],[-38.645737,-13.122054],[-38.644974,-13.11981],[-38.644196,-13.117554],[-38.643405,-13.115285],[-38.642598,-13.113003],[-38.641777,-13.110708],[-38.64094,-13.108398],[-38.640088,-13.106073],[-38.639221,-13.103733],[-38.638338,-13.101376],[-38.637438,-13.099002],[-38.636526,-13.096619],[-38.635596,-13.094217],[-38.63465,-13.091795],[-38.633686,-13.089353],[-38.632705,-13.08689],[-38.631705,-13.084404],[-38.630686,-13.081893],[-38.629648,-13.079358],[-38.628591,-13.076797],[-38.627514,-13.074208],[-38.626414,-13.071588],[-38.625293,-13.068936],[-38.624147,-13.066247],[-38.622977,-13.063521],[-38.621781,-13.060753],[-38.620557,-13.057938],[-38.619582,-13.055715],[-38.618602,-13.053493],[-38.617615,-13.051275],[-38.616622,-13.049059],[-38.615623,-13.046846],[-38.614617,-13.044635],[-38.613606,-13.042428],[-38.612588,-13.040223],[-38.611564,-13.038021],[-38.610533,-13.035821],[-38.609497,-13.033624],[-38.608454,-13.03143],[-38.607405,-13.029238],[-38.60635,-13.02705],[-38.605288,-13.024864],[-38.604221,-13.02268],[-38.603147,-13.0205],[-38.602066,-13.018322],[-38.60098,-13.016147],[-38.599887,-13.013974],[-38.598789,-13.011804],[-38.597683,-13.009637],[-38.596572,-13.007473],[-38.595455,-13.005311],[-38.594331,-13.003152],[-38.593201,-13.000996],[-38.592065,-12.998842],[-38.590922,-12.996691],[-38.589774,-12.994543],[-38.588619,-12.992398],[-38.587458,-12.990255],[-38.58629,-12.988115]]]}},
{"type":"Feature","properties":{"idhidrovia":200000400,"nome":"Acesso aos Portos de Belém e Vila do Conde","navegacao":"Navegação de Cabotagem","tipo":"Marítimo/oceânico","vel_cional":25.0,"extensao":1.0,"tempo":"0d 0h 2min","cla_icacao":"Acesso duplo","nome_rio":null,"nom_eclusa":null,"jurisdicao":null,"reg_rafica":null,"pro_de_min":null,"pro_de_max":null,"dominio":null,"observacao":null,"snv":null,"fonte":null,"idm_origem":"BR150140","mun_origem":"Belém","est_origem":"PA","idm_estino":null,"mun_estino":null,"est_estino":null,"idantaq":null,"camada sim":"48","Fluxo":2917291.0},"geometry":{"type":"MultiLineString","coordinates":[[[-48.500187,-1.084504],[-48.482027,-1.038021],[-48.458221,-0.991521],[-48.375388,-0.875034],[-48.348446,-0.82602],[-48.273503,-0.672162],[-48.244696,-0.613091],[-48.174402,-0.455254],[-48.124539,-0.352204],[-47.897796,0.090268]]]}},
{"type":"Feature","properties":{"idhidrovia":200000401,"nome":"Acesso ao Porto de Belém","navegacao":"Navegação Interior","tipo":"Canal","vel_cional":15.0,"extensao":1.0,"tempo":"0d 0h 4min","cla_icacao":"Acesso simples","nome_rio":null,"nom_eclusa":null,"jurisdicao":null,"reg_rafica":null,"pro_de_min":null,"pro_de_max":null,"dominio":null,"observacao":null,"snv":null,"fonte":null,"idm_origem":"BR150140","mun_origem":"Belém","est_origem":"PA","idm_estino":"BR150140","mun_estino":"Belém","est_estino":"PA","idantaq":null,"camada sim":"49","Fluxo":1435700.0},"geometry":{"type":"MultiLineString","coordinates":[[[-48.504393,-1.445494],[-48.501708,-1.441894],[-48.4989,-1.43109],[-48.499084,-1.422789],[-48.499206,-1.407103],[-48.498291,-1.391723],[-48.496093,-1.381286],[-48.490904,-1.367186],[-48.490904,-1.355528],[-48.49127,-1.344908],[-48.4942,-1.33087]]]}},
{"type":"Feature","properties":{"idhidrovia":200000402,"nome":"Hidrovia do Tocantins","navegacao":"Navegação Interior","tipo":"Marítimo/oceânico","vel_cional":25.0,"extensao":31.0,"tempo":"0d 1h 14min","cla_icacao":"Acesso simples","nome_rio":"Rio Tocantins","nom_eclusa":null,"jurisdicao":null,"reg_rafica":"Região Hidrográfica do Tocantins","pro_de_min":null,"pro_de_max":null,"dominio":null,"observacao":null,"snv":null,"fonte":null,"idm_origem":"BR150130","mun_origem":"Barcarena","est_origem":"PA","idm_estino":"BR150140","mun_estino":"Belém","est_estino":"PA","idantaq":null,"camada sim":"50","Fluxo":2917291.0},"geometry":{"type":"MultiLineString","coordinates":[[[-48.676889,-1.376872],[-48.667318,-1.346819],[-48.662158,-1.327899],[-48.661829,-1.326276],[-48.661494,-1.324657],[-48.661152,-1.323039],[-48.660803,-1.321425],[-48.660447,-1.319812],[-48.660085,-1.318202],[-48.659716,-1.316595],[-48.659341,-1.31499],[-48.658959,-1.313387],[-48.65857,-1.311787],[-48.658174,-1.310189],[-48.657772,-1.308594],[-48.657364,-1.307002],[-48.656948,-1.305411],[-48.656526,-1.303823],[-48.656097,-1.302238],[-48.655662,-1.300655],[-48.65522,-1.299075],[-48.654771,-1.297497],[-48.654316,-1.295921],[-48.653854,-1.294348],[-48.653385,-1.292777],[-48.65291,-1.291209],[-48.652428,-1.289643],[-48.651939,-1.28808],[-48.651444,-1.286519],[-48.650942,-1.284961],[-48.650434,-1.283405],[-48.649918,-1.281851],[-48.649396,-1.2803],[-48.648868,-1.278751],[-48.648333,-1.277205],[-48.64802,-1.276315],[-48.647703,-1.275421],[-48.647381,-1.274525],[-48.647054,-1.273626],[-48.646722,-1.272724],[-48.646386,-1.271819],[-48.646044,-1.270911],[-48.645698,-1.269999],[-48.645346,-1.269085],[-48.644989,-1.268166],[-48.644628,-1.267245],[-48.644261,-1.266319],[-48.643889,-1.26539],[-48.643511,-1.264457],[-48.643129,-1.26352],[-48.642741,-1.262579],[-48.642347,-1.261634],[-48.641949,-1.260685],[-48.641545,-1.259731],[-48.641135,-1.258773],[-48.640299,-1.256841],[-48.639439,-1.254887],[-48.638555,-1.25291],[-48.637646,-1.250909],[-48.636711,-1.24888],[-48.635748,-1.246821],[-48.634805,-1.24483],[-48.633835,-1.242806],[-48.632836,-1.240746],[-48.631805,-1.238645],[-48.630742,-1.2365],[-48.629642,-1.234303],[-48.628501,-1.232046],[-48.627314,-1.229718],[-48.626147,-1.227448],[-48.624925,-1.225088],[-48.623637,-1.222614],[-48.622261,-1.219989],[-48.619368,-1.214506],[-48.61458,-1.205482],[-48.614041,-1.204461],[-48.613494,-1.203417],[-48.612371,-1.201253],[-48.611202,-1.198969],[-48.609967,-1.196529],[-48.608777,-1.194154],[-48.607465,-1.191513],[-48.60613,-1.188813],[-48.602493,-1.181433],[-48.601383,-1.179193],[-48.600383,-1.177183],[-48.599232,-1.174888],[-48.59815,-1.172749],[-48.597116,-1.170725],[-48.596118,-1.168794],[-48.595509,-1.167626],[-48.59491,-1.166486],[-48.594319,-1.16537],[-48.593735,-1.164278],[-48.593158,-1.163207],[-48.592586,-1.162156],[-48.59202,-1.161124],[-48.591458,-1.16011],[-48.590899,-1.159111],[-48.590344,-1.158127],[-48.589792,-1.15716],[-48.589242,-1.156207],[-48.588695,-1.155267],[-48.58815,-1.154342],[-48.587607,-1.153429],[-48.587065,-1.152529],[-48.586421,-1.151472],[-48.585779,-1.150433],[-48.585138,-1.149409],[-48.584497,-1.148401],[-48.583857,-1.147408],[-48.583218,-1.14643],[-48.582578,-1.145466],[-48.581938,-1.144516],[-48.581297,-1.14358],[-48.580656,-1.142656],[-48.580014,-1.141746],[-48.579371,-1.140849],[-48.578726,-1.139965],[-48.57808,-1.139093],[-48.577433,-1.138233],[-48.576784,-1.137385],[-48.576458,-1.136965],[-48.576132,-1.136548],[-48.575805,-1.136133],[-48.575478,-1.135722],[-48.575151,-1.135314],[-48.574822,-1.134908],[-48.574494,-1.134505],[-48.574165,-1.134106],[-48.573835,-1.133708],[-48.573504,-1.133314],[-48.573173,-1.132923],[-48.572842,-1.132534],[-48.572509,-1.132148],[-48.572176,-1.131765],[-48.571843,-1.131384],[-48.571509,-1.131007],[-48.571174,-1.130631],[-48.570838,-1.130259],[-48.570502,-1.129889],[-48.570165,-1.129522],[-48.569827,-1.129158],[-48.569489,-1.128796],[-48.569149,-1.128437],[-48.568809,-1.12808],[-48.568469,-1.127726],[-48.568127,-1.127375],[-48.567785,-1.127026],[-48.567442,-1.126679],[-48.567098,-1.126336],[-48.566753,-1.125995],[-48.566408,-1.125656],[-48.566062,-1.12532],[-48.565212,-1.124505],[-48.564356,-1.123695],[-48.563494,-1.122891],[-48.562627,-1.122093],[-48.561755,-1.121301],[-48.560876,-1.120514],[-48.560435,-1.120122],[-48.559992,-1.119732],[-48.559102,-1.118957],[-48.558207,-1.118186],[-48.557305,-1.117422],[-48.556398,-1.116663],[-48.555486,-1.11591],[-48.554567,-1.115162],[-48.553643,-1.11442],[-48.552714,-1.113684],[-48.551778,-1.112953],[-48.551309,-1.11259],[-48.550837,-1.112228],[-48.54989,-1.111509],[-48.549415,-1.111151],[-48.548938,-1.110795],[-48.54798,-1.110087],[-48.547016,-1.109385],[-48.546047,-1.108688],[-48.545071,-1.107996],[-48.54409,-1.107311],[-48.543104,-1.106631],[-48.542111,-1.105957],[-48.541613,-1.105621],[-48.541114,-1.105288],[-48.54011,-1.104625],[-48.5391,-1.103967],[-48.538085,-1.103315],[-48.537065,-1.102669],[-48.536552,-1.102348],[-48.536038,-1.102029],[-48.535006,-1.101394],[-48.533968,-1.100764],[-48.533447,-1.100452],[-48.532925,-1.100141],[-48.531876,-1.099523],[-48.530821,-1.09891],[-48.52976,-1.098304],[-48.528694,-1.097702],[-48.527622,-1.097107],[-48.526544,-1.096517],[-48.525461,-1.095933],[-48.524372,-1.095354],[-48.523277,-1.094781],[-48.522177,-1.094214],[-48.521071,-1.093652],[-48.519959,-1.093096],[-48.518841,-1.092546],[-48.517718,-1.092001],[-48.516589,-1.091462],[-48.515455,-1.090928],[-48.514885,-1.090663],[-48.514314,-1.0904],[-48.513168,-1.089878],[-48.512017,-1.089361],[-48.510859,-1.08885],[-48.509696,-1.088345],[-48.508528,-1.087845],[-48.507353,-1.087351],[-48.506764,-1.087106],[-48.506173,-1.086862],[-48.504987,-1.086379],[-48.503796,-1.085902],[-48.502599,-1.085431],[-48.501396,-1.084965],[-48.500187,-1.084504]]]}},
{"type":"Feature","properties":{"idhidrovia":200000403,"nome":"Acesso ao Porto do Itaqui","navegacao":"Navegação de Cabotagem","tipo":"Marítimo/oceânico","vel_cional":15.0,"extensao":1.0,"tempo":"0d 0h 4min","cla_icacao":"Acesso simples","nome_rio":null,"nom_eclusa":null,"jurisdicao":null,"reg_rafica":null,"pro_de_min":null,"pro_de_max":null,"dominio":null,"observacao":null,"snv":null,"fonte":null,"idm_origem":"BR211130","mun_origem":"São Luís","est_origem":"MA","idm_estino":null,"mun_estino":null,"est_estino":null,"idantaq":null,"camada sim":"51","Fluxo":18354592.0},"geometry":{"type":"MultiLineString","coordinates":[[[-44.37077,-2.581965],[-44.375252,-2.577721],[-44.382241,-2.573099],[-44.384675,-2.564606],[-44.385443,-2.554139],[-44.38203,-2.547538],[-44.381118,-2.544528],[-44.37892,-2.533909],[-44.379075,-2.526932],[-44.379309,-2.518059],[-44.376583,-2.509258],[-44.359066,-2.465898],[-44.353067,-2.446962],[-44.339682,-2.415553],[-44.318906,-2.380906],[-44.30275,-2.354568],[-44.203803,-2.233015],[-44.132185,-2.159959],[-44.091508,-2.115365],[-44.073226,-2.095324],[-44.014282,-2.018016],[-43.968898,-1.961129],[-43.968232,-1.959399],[-43.967572,-1.957668],[-43.966916,-1.955936],[-43.966267,-1.954202],[-43.965622,-1.952466],[-43.964982,-1.950729],[-43.964348,-1.948991],[-43.963719,-1.947251],[-43.963096,-1.94551],[-43.962477,-1.943767],[-43.961864,-1.942023],[-43.961256,-1.940278],[-43.960654,-1.938531],[-43.960056,-1.936782],[-43.959464,-1.935033],[-43.958877,-1.933281],[-43.958295,-1.931529],[-43.957719,-1.929775],[-43.957148,-1.928019],[-43.956582,-1.926262],[-43.956021,-1.924504],[-43.955466,-1.922744],[-43.954916,-1.920982],[-43.954371,-1.91922],[-43.953831,-1.917455],[-43.953297,-1.91569],[-43.952768,-1.913923],[-43.952244,-1.912154],[-43.951725,-1.910384],[-43.951212,-1.908613],[-43.950703,-1.90684],[-43.950201,-1.905066],[-43.948026,-1.897315],[-43.947142,-1.894128],[-43.946329,-1.891172],[-43.945554,-1.888318],[-43.944823,-1.885596],[-43.944131,-1.882978],[-43.943471,-1.880446],[-43.942823,-1.87792],[-43.942205,-1.875461],[-43.941613,-1.873061],[-43.941045,-1.870713],[-43.940501,-1.86841],[-43.93998,-1.86615],[-43.93948,-1.863927],[-43.939001,-1.86174],[-43.938529,-1.859518],[-43.9383,-1.858419],[-43.938077,-1.857328],[-43.937859,-1.856244],[-43.937646,-1.855167],[-43.937438,-1.854097],[-43.937235,-1.853034],[-43.937037,-1.851977],[-43.936844,-1.850926],[-43.936656,-1.849882],[-43.936473,-1.848843],[-43.936295,-1.84781],[-43.936121,-1.846783],[-43.935952,-1.845761],[-43.935788,-1.844744],[-43.935629,-1.843732],[-43.935474,-1.842725],[-43.935324,-1.841722],[-43.935179,-1.840725],[-43.935038,-1.839732],[-43.934902,-1.838743],[-43.934771,-1.837759],[-43.934644,-1.836779],[-43.934522,-1.835804],[-43.934405,-1.834832],[-43.934292,-1.833865],[-43.934183,-1.832902],[-43.93408,-1.831942],[-43.93398,-1.830986],[-43.933886,-1.830034],[-43.933796,-1.829086],[-43.933655,-1.827535],[-43.933522,-1.825986],[-43.933397,-1.824438],[-43.933278,-1.822891],[-43.933167,-1.821346],[-43.933063,-1.819802],[-43.932966,-1.81826],[-43.932877,-1.816721],[-43.932795,-1.815183],[-43.93272,-1.813648],[-43.932653,-1.812116],[-43.932592,-1.810586],[-43.93254,-1.809058],[-43.932494,-1.807534],[-43.932456,-1.806013],[-43.932425,-1.804494],[-43.932402,-1.80298],[-43.932386,-1.801468],[-43.932377,-1.799961],[-43.932376,-1.798456],[-43.932382,-1.796956],[-43.932395,-1.79546],[-43.932416,-1.793967],[-43.932444,-1.792479],[-43.932479,-1.790995],[-43.932522,-1.789515],[-43.932572,-1.78804],[-43.932629,-1.786569],[-43.932694,-1.785103],[-43.932766,-1.783642],[-43.932846,-1.782186],[-43.932932,-1.780734],[-43.93299,-1.779858],[-43.933054,-1.778973],[-43.933125,-1.77808],[-43.933203,-1.777179],[-43.933287,-1.776268],[-43.933378,-1.775347],[-43.933476,-1.774417],[-43.933581,-1.773475],[-43.933692,-1.772522],[-43.93381,-1.771557],[-43.933936,-1.770579],[-43.934069,-1.769586],[-43.934209,-1.768577],[-43.934357,-1.767552],[-43.934513,-1.766507],[-43.934677,-1.765442],[-43.934821,-1.764532],[-43.934971,-1.763603],[-43.935292,-1.761685],[-43.935642,-1.759668],[-43.936027,-1.757516],[-43.936385,-1.755571],[-43.93679,-1.753409],[-43.937193,-1.751284],[-43.938234,-1.745827],[-43.938801,-1.742819],[-43.939095,-1.741225],[-43.939367,-1.739732],[-43.939619,-1.738314],[-43.939856,-1.736955],[-43.940126,-1.735367],[-43.940377,-1.733837],[-43.940612,-1.732356],[-43.940831,-1.730917],[-43.941036,-1.729512],[-43.941226,-1.728139],[-43.941403,-1.726795],[-43.941566,-1.725476],[-43.941808,-1.723438],[-43.942045,-1.721399],[-43.942276,-1.71936],[-43.942503,-1.71732],[-43.942723,-1.715279],[-43.942939,-1.713238],[-43.943149,-1.711196],[-43.943354,-1.709153],[-43.943553,-1.70711],[-43.943747,-1.705066],[-43.943936,-1.703022],[-43.944119,-1.700977],[-43.944298,-1.698931],[-43.94447,-1.696885],[-43.944638,-1.694838],[-43.9448,-1.692791],[-43.944957,-1.690743],[-43.945109,-1.688694],[-43.945255,-1.686645],[-43.945396,-1.684595],[-43.945531,-1.682544],[-43.945662,-1.680493],[-43.945787,-1.678441],[-43.945906,-1.676389],[-43.946021,-1.674336],[-43.94613,-1.672282],[-43.946233,-1.670228],[-43.946332,-1.668173],[-43.946425,-1.666117],[-43.946512,-1.664061],[-43.946595,-1.662004],[-43.946672,-1.659947]]]}},
{"type":"Feature","properties":{"idhidrovia":200000404,"nome":"Porto de Itaguaí - Porto do Rio de Janeiro","navegacao":"Navegação de Cabotagem","tipo":"Marítimo/oceânico","vel_cional":25.0,"extensao":157.1136,"tempo":"0d 6h 17min","cla_icacao":"Percurso externo","nome_rio":null,"nom_eclusa":null,"jurisdicao":null,"reg_rafica":null,"pro_de_min":null,"pro_de_max":null,"dominio":null,"observacao":null,"snv":null,"fonte":null,"idm_origem":null,"mun_origem":null,"est_origem":null,"idm_estino":null,"mun_estino":null,"est_estino":null,"idantaq":null,"camada sim":"52","Fluxo":82533327.0},"geometry":{"type":"MultiLineString","coordinates":[[[-43.507646,-23.650264],[-43.50477,-23.649993],[-43.501296,-23.649674],[-43.497791,-23.64936],[-43.494255,-23.649052],[-43.490685,-23.648748],[-43.487082,-23.64845],[-43.483135,-23.648133],[-43.479158,-23.647825],[-43.47515,-23.647527],[-43.471111,-23.647239],[-43.467038,-23.646959],[-43.462932,-23.646689],[-43.458789,-23.646428],[-43.45461,-23.646175],[-43.450394,-23.645932],[-43.446138,-23.645698],[-43.44184,-23.645472],[-43.437498,-23.645254],[-43.43311,-23.645046],[-43.428674,-23.644845],[-43.424187,-23.644653],[-43.419646,-23.644469],[-43.415298,-23.644304],[-43.410913,-23.64415],[-43.40649,-23.644007],[-43.402027,-23.643876],[-43.397522,-23.643755],[-43.392975,-23.643645],[-43.388381,-23.643547],[-43.38374,-23.643459],[-43.379053,-23.643382],[-43.374312,-23.643316],[-43.369516,-23.643261],[-43.364661,-23.643216],[-43.359745,-23.643182],[-43.354761,-23.643159],[-43.349706,-23.643146],[-43.344575,-23.643144],[-43.340181,-23.643153],[-43.335746,-23.643172],[-43.331268,-23.643202],[-43.326745,-23.643244],[-43.322175,-23.643297],[-43.317555,-23.64336],[-43.312883,-23.643435],[-43.308155,-23.643522],[-43.303374,-23.643619],[-43.29853,-23.643728],[-43.293619,-23.643848],[-43.288637,-23.643979],[-43.283578,-23.644123],[-43.278436,-23.644278],[-43.273203,-23.644445],[-43.26787,-23.644625],[-43.263252,-23.64479],[-43.258575,-23.644967],[-43.253837,-23.645158],[-43.249031,-23.645362],[-43.244155,-23.645579],[-43.239202,-23.645809],[-43.234165,-23.646053],[-43.229037,-23.646312],[-43.223835,-23.646584],[-43.218523,-23.64687],[-43.213089,-23.647173],[-43.207516,-23.647492],[-43.201796,-23.647829],[-43.195894,-23.648184],[-43.1834,-23.648962],[-43.179354,-23.649222],[-43.175272,-23.649492],[-43.171152,-23.649772],[-43.166991,-23.650062],[-43.16279,-23.650362],[-43.158543,-23.650673],[-43.149909,-23.651325],[-43.141074,-23.652021],[-43.132,-23.652763],[-43.122654,-23.653553],[-43.112985,-23.654397],[-43.103713,-23.655228],[-43.094037,-23.656115],[-43.083863,-23.657068],[-43.073007,-23.658103],[-43.062785,-23.659092],[-43.051373,-23.660208],[-43.042075,-23.661124],[-43.029738,-23.662344],[-43.008651,-23.664426],[-42.998897,-23.665399],[-42.988961,-23.666417],[-42.978825,-23.667482],[-42.968464,-23.668597],[-42.957863,-23.669764],[-42.946975,-23.670988],[-42.935761,-23.672273],[-42.924158,-23.673625],[-42.913273,-23.674914],[-42.901925,-23.676276],[-42.890007,-23.677724],[-42.877318,-23.679281],[-42.852212,-23.6824],[-42.824599,-23.685863],[-42.803858,-23.688465],[-42.783983,-23.690945],[-42.771037,-23.692544]]]}},
{"type":"Feature","properties":{"idhidrovia":200000422,"nome":"Porto de Belém - Porto de Macapá","navegacao":"Navegação de Cabotagem","tipo":"Marítimo/oceânico","vel_cional":25.0,"extensao":509.04,"tempo":"0d 20h 21min","cla_icacao":"Percurso externo","nome_rio":null,"nom_eclusa":null,"jurisdicao":null,"reg_rafica":null,"pro_de_min":null,"pro_de_max":null,"dominio":null,"observacao":null,"snv":null,"fonte":null,"idm_origem":"BR160060","mun_origem":"Santana","est_origem":"AP","idm_estino":null,"mun_estino":null,"est_estino":null,"idantaq":null,"camada sim":"53","Fluxo":15527150.0},"geometry":{"type":"MultiLineString","coordinates":[[[-51.166964,-0.062677],[-51.162864,-0.063095],[-51.158773,-0.062756],[-51.155507,-0.061441],[-51.150409,-0.059575],[-51.144059,-0.058287],[-51.138175,-0.058741],[-51.13161,-0.059377],[-51.125075,-0.060532],[-51.120067,-0.061414],[-51.107038,-0.062656],[-51.101084,-0.062438],[-51.096474,-0.061274],[-51.081276,-0.055858],[-51.074988,-0.053105],[-51.058182,-0.037641],[-51.036603,-0.01713],[-51.01059,0.015028],[-50.995349,0.030522],[-50.977532,0.046251],[-50.939789,0.070202],[-50.912824,0.078667],[-50.802992,0.10687],[-50.753281,0.123325],[-50.712724,0.149859],[-50.671075,0.18489],[-50.655364,0.200625],[-50.642942,0.218699],[-50.627005,0.236069],[-50.605442,0.25649],[-50.569585,0.294278],[-50.541291,0.340106],[-50.528635,0.360298],[-50.514118,0.398314],[-50.500069,0.430456],[-50.487655,0.453449],[-50.475164,0.482115],[-50.470021,0.509101],[-50.465114,0.534672],[-50.451303,0.571973],[-50.430218,0.607405],[-50.406537,0.62713],[-50.369675,0.653992],[-50.349042,0.668548],[-50.31504,0.680533],[-50.268368,0.690653],[-50.194686,0.701619],[-50.150122,0.705872],[-50.091149,0.705827],[-50.062869,0.71628],[-50.039218,0.722932],[-50.020371,0.725519],[-50.001266,0.725434],[-49.998214,0.725435],[-49.992022,0.725419],[-49.985704,0.72538],[-49.979246,0.725318],[-49.972636,0.725233],[-49.965847,0.725123],[-49.958853,0.724989],[-49.951616,0.724831],[-49.944804,0.724665],[-49.937701,0.724476],[-49.930241,0.724263],[-49.922297,0.724021],[-49.906557,0.723511],[-49.889226,0.722922],[-49.876193,0.722478],[-49.8637,0.722063],[-49.850689,0.721656],[-49.84472,0.72148],[-49.839008,0.721321],[-49.83218,0.721143],[-49.825614,0.720985],[-49.819265,0.720848],[-49.813102,0.72073],[-49.807093,0.720631],[-49.801226,0.72055],[-49.795487,0.720487],[-49.789862,0.720443],[-49.781893,0.720385],[-49.763047,0.720221],[-49.75452,0.720157],[-49.74548,0.72011],[-49.741342,0.720099],[-49.737384,0.720097],[-49.732944,0.720104],[-49.728669,0.720122],[-49.72453,0.720152],[-49.720509,0.720193],[-49.716586,0.720245],[-49.712754,0.720309],[-49.709004,0.720385],[-49.705328,0.720473],[-49.698452,0.720659],[-49.691994,0.720849],[-49.685846,0.721047],[-49.679949,0.721255],[-49.674239,0.721475],[-49.668707,0.721708],[-49.663328,0.721955],[-49.658084,0.722216],[-49.655485,0.722354],[-49.652915,0.722495],[-49.650373,0.722641],[-49.647857,0.722791],[-49.645365,0.722944],[-49.642897,0.723103],[-49.640452,0.723265],[-49.638029,0.723432],[-49.635626,0.723604],[-49.633243,0.72378],[-49.63088,0.72396],[-49.628535,0.724145],[-49.626209,0.724335],[-49.6239,0.72453],[-49.621607,0.724729],[-49.619331,0.724933],[-49.613861,0.725442],[-49.608526,0.725959],[-49.603311,0.726485],[-49.600746,0.726752],[-49.598207,0.727022],[-49.595691,0.727295],[-49.59448,0.727426],[-49.592646,0.727232],[-49.588912,0.726825],[-49.585191,0.726407],[-49.581482,0.725978],[-49.577785,0.725538],[-49.5741,0.725087],[-49.570427,0.724626],[-49.566766,0.724153],[-49.563117,0.72367],[-49.559479,0.723176],[-49.555853,0.722671],[-49.552239,0.722156],[-49.548636,0.721629],[-49.545044,0.721091],[-49.541464,0.720543],[-49.537895,0.719983],[-49.534337,0.719413],[-49.530791,0.718832],[-49.527255,0.718239],[-49.524974,0.717851],[-49.522693,0.71746],[-49.520413,0.717065],[-49.518133,0.716667],[-49.513576,0.71586],[-49.509021,0.715039],[-49.504469,0.714205],[-49.499919,0.713358],[-49.495371,0.712496],[-49.490826,0.711621],[-49.486283,0.710733],[-49.481742,0.70983],[-49.479473,0.709374],[-49.477204,0.708915],[-49.472668,0.707985],[-49.470401,0.707515],[-49.468135,0.707042],[-49.465869,0.706565],[-49.463604,0.706085],[-49.459075,0.705115],[-49.456811,0.704625],[-49.454549,0.704131],[-49.452286,0.703634],[-49.450025,0.703133],[-49.447764,0.702629],[-49.445503,0.702122],[-49.440984,0.701097],[-49.436467,0.700058],[-49.43421,0.699534],[-49.431953,0.699006],[-49.427441,0.69794],[-49.422931,0.696861],[-49.420677,0.696316],[-49.418424,0.695768],[-49.413919,0.694661],[-49.411668,0.694103],[-49.409417,0.693541],[-49.404917,0.692407],[-49.400419,0.691259],[-49.395924,0.690098],[-49.391431,0.688923],[-49.38694,0.687735],[-49.384696,0.687135],[-49.382452,0.686533],[-49.377966,0.685317],[-49.373483,0.684088],[-49.369002,0.682845],[-49.364523,0.681588],[-49.360047,0.680318],[-49.355573,0.679034],[-49.353337,0.678387],[-49.351101,0.677736],[-49.346632,0.676425],[-49.344398,0.675764],[-49.342165,0.6751],[-49.337701,0.673762],[-49.33547,0.673087],[-49.333239,0.67241],[-49.331009,0.671729],[-49.328779,0.671044],[-49.324322,0.669665],[-49.319867,0.668272],[-49.315415,0.666865],[-49.313189,0.666157],[-49.310964,0.665445],[-49.306517,0.664011],[-49.302071,0.662564],[-49.297628,0.661103],[-49.293188,0.659628],[-49.28875,0.658139],[-49.286531,0.65739],[-49.284314,0.656637],[-49.27988,0.655122],[-49.277665,0.654359],[-49.275449,0.653592],[-49.273235,0.652823],[-49.271021,0.65205],[-49.266594,0.650493],[-49.26217,0.648923],[-49.257749,0.647339],[-49.25333,0.645742],[-49.248913,0.644131],[-49.246705,0.64332],[-49.244498,0.642506],[-49.242292,0.641688],[-49.240086,0.640868],[-49.235677,0.639216],[-49.233473,0.638385],[-49.23127,0.63755],[-49.226865,0.635871],[-49.222462,0.634178],[-49.218062,0.632471],[-49.213664,0.630751],[-49.211466,0.629886],[-49.209269,0.629018],[-49.204876,0.62727],[-49.200485,0.625509],[-49.198291,0.624624],[-49.196097,0.623735],[-49.191711,0.621946],[-49.187328,0.620144],[-49.182947,0.618329],[-49.178568,0.6165],[-49.17638,0.61558],[-49.174192,0.614657],[-49.169818,0.612801],[-49.165446,0.61093],[-49.161077,0.609047],[-49.158893,0.6081],[-49.15671,0.607149],[-49.154528,0.606196],[-49.152346,0.605238],[-49.147984,0.603314],[-49.145804,0.602347],[-49.143624,0.601376],[-49.139267,0.599424],[-49.137089,0.598443],[-49.134912,0.597458],[-49.130559,0.595479],[-49.126209,0.593487],[-49.124035,0.592485],[-49.121862,0.59148],[-49.119689,0.590472],[-49.117516,0.58946],[-49.115344,0.588445],[-49.113173,0.587427],[-49.108833,0.585379],[-49.106663,0.58435],[-49.104494,0.583318],[-49.100159,0.581244],[-49.097991,0.580201],[-49.095825,0.579156],[-49.091494,0.577054],[-49.089329,0.575998],[-49.087165,0.574938],[-49.082839,0.572809],[-49.078515,0.570667],[-49.074193,0.56851],[-49.069874,0.56634],[-49.065557,0.564157],[-49.061243,0.56196],[-49.056931,0.559749],[-49.052621,0.557524],[-49.048314,0.555286],[-49.044009,0.553034],[-49.039707,0.550769],[-49.037556,0.549631],[-49.035406,0.54849],[-49.031109,0.546197],[-49.028961,0.545046],[-49.026813,0.543891],[-49.02252,0.541571],[-49.01823,0.539238],[-49.016085,0.538066],[-49.013941,0.536891],[-49.009655,0.53453],[-49.005372,0.532155],[-49.001091,0.529767],[-48.996812,0.527366],[-48.992536,0.52495],[-48.990399,0.523738],[-48.988262,0.522521],[-48.98399,0.520079],[-48.979721,0.517623],[-48.975454,0.515153],[-48.97119,0.512669],[-48.969059,0.511422],[-48.966928,0.510172],[-48.962668,0.507661],[-48.961681,0.506869],[-48.96069,0.506081],[-48.959695,0.505296],[-48.958697,0.504516],[-48.957695,0.503739],[-48.95747,0.503566],[-48.956688,0.502966],[-48.955678,0.502198],[-48.954664,0.501433],[-48.953646,0.500672],[-48.952625,0.499915],[-48.951599,0.499161],[-48.95057,0.498412],[-48.949536,0.497667],[-48.948499,0.496925],[-48.947458,0.496188],[-48.946412,0.495454],[-48.945363,0.494724],[-48.94431,0.493998],[-48.943253,0.493276],[-48.942193,0.492557],[-48.941128,0.491843],[-48.940059,0.491132],[-48.938986,0.490425],[-48.937909,0.489722],[-48.936828,0.489023],[-48.935744,0.488328],[-48.934655,0.487636],[-48.933562,0.486948],[-48.932465,0.486264],[-48.931364,0.485584],[-48.930259,0.484908],[-48.92915,0.484235],[-48.928037,0.483566],[-48.92692,0.482901],[-48.925799,0.48224],[-48.924674,0.481583],[-48.923544,0.480929],[-48.922411,0.480279],[-48.921273,0.479633],[-48.920132,0.47899],[-48.918986,0.478351],[-48.917836,0.477716],[-48.916682,0.477085],[-48.915523,0.476457],[-48.914361,0.475834],[-48.913194,0.475213],[-48.912023,0.474597],[-48.910848,0.473984],[-48.909668,0.473375],[-48.908485,0.472769],[-48.907297,0.472168],[-48.906105,0.471569],[-48.904908,0.470975],[-48.903708,0.470384],[-48.902503,0.469797],[-48.901293,0.469213],[-48.90008,0.468633],[-48.898862,0.468057],[-48.897639,0.467484],[-48.896412,0.466915],[-48.895181,0.46635],[-48.893946,0.465788],[-48.892706,0.46523],[-48.891461,0.464675],[-48.890214,0.464125],[-48.888962,0.463578],[-48.887706,0.463035],[-48.886445,0.462495],[-48.88518,0.461959],[-48.88391,0.461426],[-48.882636,0.460897],[-48.881357,0.460371],[-48.880074,0.459849],[-48.878786,0.45933],[-48.877493,0.458815],[-48.876196,0.458304],[-48.874894,0.457796],[-48.873588,0.457291],[-48.872276,0.45679],[-48.870961,0.456292],[-48.86964,0.455798],[-48.868315,0.455307],[-48.866985,0.45482],[-48.86565,0.454336],[-48.864311,0.453855],[-48.862966,0.453378],[-48.861617,0.452905],[-48.860263,0.452435],[-48.858904,0.451968],[-48.857541,0.451505],[-48.856172,0.451045],[-48.854798,0.450588],[-48.85342,0.450135],[-48.852036,0.449685],[-48.850648,0.449238],[-48.849254,0.448795],[-48.847856,0.448355],[-48.846453,0.447919],[-48.845044,0.447486],[-48.843631,0.447056],[-48.842212,0.44663],[-48.840788,0.446206],[-48.839359,0.445787],[-48.837924,0.44537],[-48.836485,0.444957],[-48.83504,0.444547],[-48.833589,0.44414],[-48.832134,0.443736],[-48.830672,0.443336],[-48.829206,0.442939],[-48.827734,0.442545],[-48.826256,0.442154],[-48.824773,0.441767],[-48.823285,0.441382],[-48.821791,0.441001],[-48.820291,0.440623],[-48.818785,0.440249],[-48.817274,0.439877],[-48.815757,0.439509],[-48.814235,0.439143],[-48.812706,0.438781],[-48.811171,0.438422],[-48.809631,0.438066],[-48.808085,0.437713],[-48.806532,0.437363],[-48.804974,0.437017],[-48.803409,0.436673],[-48.801839,0.436332],[-48.799014,0.435731],[-48.796169,0.435139],[-48.793304,0.434556],[-48.790418,0.433983],[-48.78751,0.43342],[-48.784582,0.432866],[-48.781631,0.432321],[-48.778659,0.431786],[-48.775664,0.43126],[-48.772646,0.430743],[-48.769604,0.430235],[-48.766539,0.429736],[-48.763449,0.429246],[-48.760334,0.428764],[-48.757194,0.428292],[-48.754028,0.427828],[-48.750839,0.427373],[-48.747623,0.426926],[-48.744378,0.426488],[-48.741105,0.426058],[-48.737803,0.425636],[-48.73447,0.425222],[-48.731107,0.424816],[-48.727711,0.424418],[-48.724283,0.424028],[-48.72082,0.423645],[-48.717323,0.42327],[-48.713789,0.422902],[-48.710216,0.422541],[-48.706605,0.422187],[-48.702952,0.42184],[-48.699256,0.421499],[-48.696015,0.421209],[-48.692739,0.420924],[-48.689427,0.420643],[-48.686076,0.420367],[-48.682685,0.420095],[-48.679252,0.419828],[-48.675775,0.419564],[-48.672252,0.419304],[-48.668683,0.419048],[-48.665063,0.418796],[-48.661386,0.418546],[-48.65765,0.4183],[-48.653851,0.418056],[-48.649983,0.417814],[-48.642013,0.417336],[-48.634936,0.416932],[-48.627538,0.416527],[-48.619748,0.416118],[-48.611426,0.415697],[-48.603815,0.415324],[-48.595356,0.414919],[-48.577973,0.414106],[-48.565196,0.41351],[-48.553067,0.412934],[-48.540565,0.412317],[-48.529339,0.411736],[-48.522879,0.411385],[-48.516667,0.411036],[-48.510662,0.410686],[-48.504837,0.410333],[-48.499162,0.409975],[-48.493626,0.409611],[-48.488215,0.409241],[-48.482918,0.408864],[-48.476528,0.408388],[-48.473388,0.408145],[-48.470281,0.407899],[-48.467208,0.407649],[-48.464165,0.407396],[-48.461152,0.407139],[-48.458169,0.406878],[-48.455212,0.406613],[-48.452282,0.406344],[-48.449377,0.406071],[-48.446498,0.405794],[-48.443643,0.405513],[-48.440812,0.405227],[-48.438003,0.404937],[-48.435216,0.404642],[-48.432448,0.404343],[-48.4297,0.404038],[-48.426972,0.403729],[-48.424265,0.403416],[-48.421576,0.403097],[-48.418907,0.402774],[-48.416257,0.402446],[-48.415623,0.402366],[-48.413624,0.402113],[-48.411009,0.401775],[-48.408412,0.401432],[-48.405831,0.401084],[-48.403267,0.40073],[-48.40072,0.400372],[-48.398188,0.400008],[-48.395672,0.399639],[-48.393172,0.399265],[-48.390091,0.398793],[-48.387034,0.398313],[-48.383999,0.397824],[-48.380986,0.397327],[-48.377994,0.396822],[-48.375024,0.396308],[-48.372074,0.395785],[-48.369145,0.395254],[-48.366235,0.394714],[-48.363346,0.394165],[-48.360475,0.393607],[-48.357624,0.39304],[-48.354791,0.392464],[-48.351977,0.391879],[-48.349182,0.391285],[-48.346404,0.390681],[-48.343643,0.390069],[-48.3409,0.389446],[-48.338174,0.388815],[-48.335465,0.388174],[-48.332772,0.387524],[-48.330097,0.386864],[-48.327438,0.386195],[-48.324795,0.385516],[-48.322168,0.384827],[-48.319558,0.384129],[-48.316963,0.383421],[-48.314383,0.382703],[-48.311819,0.381975],[-48.309271,0.381238],[-48.306737,0.38049],[-48.304219,0.379733],[-48.301711,0.378964],[-48.299219,0.378186],[-48.296741,0.377397],[-48.294278,0.376598],[-48.291829,0.375789],[-48.289394,0.37497],[-48.286974,0.374141],[-48.284567,0.373301],[-48.282175,0.372451],[-48.279796,0.37159],[-48.277431,0.37072],[-48.276254,0.37028],[-48.27508,0.369838],[-48.27391,0.369394],[-48.272742,0.368946],[-48.271579,0.368497],[-48.270418,0.368044],[-48.269261,0.367589],[-48.268107,0.367131],[-48.266957,0.366671],[-48.26581,0.366208],[-48.264666,0.365742],[-48.263525,0.365274],[-48.262388,0.364803],[-48.261254,0.364329],[-48.260123,0.363852],[-48.258995,0.363373],[-48.257871,0.362892],[-48.25675,0.362407],[-48.255632,0.36192],[-48.254517,0.36143],[-48.253406,0.360938],[-48.252297,0.360442],[-48.251192,0.359944],[-48.25009,0.359444],[-48.248992,0.35894],[-48.247896,0.358434],[-48.246804,0.357926],[-48.245714,0.357414],[-48.244628,0.3569],[-48.243545,0.356383],[-48.242465,0.355863],[-48.241388,0.355341],[-48.240314,0.354815],[-48.239244,0.354287],[-48.238176,0.353757],[-48.237112,0.353223],[-48.23605,0.352687],[-48.234992,0.352148],[-48.233937,0.351606],[-48.232884,0.351062],[-48.231835,0.350515],[-48.230789,0.349965],[-48.229605,0.349337],[-48.22842,0.348704],[-48.227235,0.348066],[-48.226048,0.347422],[-48.224861,0.346772],[-48.223673,0.346117],[-48.222484,0.345457],[-48.221294,0.344791],[-48.220103,0.34412],[-48.218912,0.343443],[-48.217719,0.34276],[-48.216525,0.342072],[-48.21533,0.341378],[-48.214134,0.340679],[-48.212937,0.339973],[-48.212476,0.3397],[-48.212084,0.33946],[-48.210239,0.338322],[-48.20841,0.337189],[-48.206598,0.336059],[-48.204801,0.334933],[-48.20302,0.33381],[-48.201252,0.332689],[-48.199498,0.33157],[-48.197758,0.330453],[-48.196032,0.329339],[-48.19432,0.328227],[-48.192621,0.327117],[-48.190936,0.326008],[-48.189263,0.324901],[-48.187603,0.323796],[-48.185954,0.322691],[-48.184319,0.321588],[-48.182694,0.320485],[-48.181082,0.319383],[-48.179481,0.318282],[-48.177891,0.317181],[-48.176313,0.316081],[-48.171735,0.312872],[-48.167165,0.309653],[-48.162602,0.306424],[-48.158046,0.303184],[-48.153498,0.299935],[-48.151226,0.298306],[-48.148956,0.296675],[-48.146688,0.295042],[-48.144422,0.293405],[-48.142157,0.291767],[-48.139895,0.290126],[-48.135375,0.286836],[-48.133117,0.285187],[-48.130862,0.283535],[-48.128608,0.281881],[-48.126356,0.280225],[-48.124106,0.278566],[-48.121858,0.276905],[-48.117366,0.273574],[-48.112882,0.270233],[-48.108405,0.266882],[-48.103935,0.263521],[-48.099472,0.26015],[-48.097243,0.258461],[-48.095017,0.256769],[-48.092791,0.255074],[-48.090568,0.253377],[-48.088347,0.251678],[-48.086127,0.249976],[-48.083909,0.248271],[-48.081693,0.246564],[-48.079478,0.244854],[-48.077266,0.243142],[-48.075055,0.241427],[-48.072846,0.23971],[-48.068433,0.236268],[-48.064028,0.232816],[-48.061828,0.231086],[-48.059629,0.229353],[-48.057433,0.227618],[-48.055238,0.225881],[-48.050854,0.222398],[-48.048665,0.220653],[-48.046477,0.218905],[-48.042108,0.215402],[-48.037745,0.211889],[-48.03339,0.208366],[-48.031215,0.2066],[-48.029041,0.204832],[-48.0247,0.201289],[-48.022532,0.199513],[-48.020366,0.197735],[-48.01604,0.194171],[-48.013879,0.192386],[-48.01172,0.190597],[-48.007407,0.187013],[-48.003102,0.183419],[-47.998804,0.179815],[-47.994676,0.176337],[-47.994513,0.1762],[-47.99237,0.174389],[-47.990229,0.172575],[-47.985953,0.168941],[-47.983817,0.167119],[-47.981683,0.165296],[-47.979551,0.163469],[-47.977421,0.161641],[-47.975292,0.159809],[-47.973166,0.157975],[-47.968917,0.1543],[-47.966796,0.152459],[-47.964677,0.150615],[-47.962559,0.148768],[-47.960443,0.146919],[-47.958329,0.145067],[-47.956216,0.143213],[-47.951997,0.139497],[-47.94989,0.137635],[-47.947785,0.135771],[-47.945681,0.133904],[-47.94358,0.132035],[-47.939382,0.128289],[-47.935191,0.124532],[-47.931007,0.120766],[-47.926831,0.116989],[-47.922661,0.113202],[-47.92058,0.111305],[-47.918499,0.109405],[-47.914344,0.105598],[-47.910197,0.10178],[-47.908125,0.099868],[-47.906056,0.097953],[-47.903988,0.096035],[-47.901922,0.094115],[-47.897888,0.090353],[-47.897796,0.090268]]]}},
{"type":"Feature","properties":{"idhidrovia":200000425,"nome":"Porto de Rio Grande - Porto de Laguna","navegacao":"Navegação de Cabotagem","tipo":"Marítimo/oceânico","vel_cional":25.0,"extensao":213.92,"tempo":"0d 8h 33min","cla_icacao":"Percurso externo","nome_rio":null,"nom_eclusa":null,"jurisdicao":null,"reg_rafica":null,"pro_de_min":null,"pro_de_max":null,"dominio":null,"observacao":null,"snv":null,"fonte":null,"idm_origem":null,"mun_origem":null,"est_origem":null,"idm_estino":null,"mun_estino":null,"est_estino":null,"idantaq":null,"camada sim":"54","Fluxo":10122824.0},"geometry":{"type":"MultiLineString","coordinates":[[[-49.573079,-30.257334],[-49.572268,-30.255755],[-49.568849,-30.249122],[-49.565501,-30.242647],[-49.562221,-30.236319],[-49.558996,-30.230124],[-49.555826,-30.22405],[-49.552688,-30.218066],[-49.549595,-30.212183],[-49.546538,-30.206397],[-49.543519,-30.200699],[-49.540529,-30.195083],[-49.53757,-30.189546],[-49.534635,-30.184083],[-49.531727,-30.178689],[-49.527434,-30.170759],[-49.52323,-30.163024],[-49.519101,-30.155463],[-49.515041,-30.14806],[-49.51104,-30.140799],[-49.507094,-30.133669],[-49.503197,-30.126662],[-49.499344,-30.119771],[-49.495523,-30.112973],[-49.491739,-30.106275],[-49.487989,-30.099673],[-49.484269,-30.093161],[-49.480576,-30.086732],[-49.476909,-30.080385],[-49.473264,-30.074116],[-49.469642,-30.06792],[-49.465649,-30.061128],[-49.461717,-30.054467],[-49.457834,-30.047926],[-49.454001,-30.041495],[-49.450209,-30.035167],[-49.446456,-30.028935],[-49.44274,-30.022795],[-49.439054,-30.016743],[-49.435395,-30.010763],[-49.431763,-30.004863],[-49.428157,-29.999037],[-49.424574,-29.993284],[-49.42101,-29.987595],[-49.417467,-29.981973],[-49.413942,-29.976414],[-49.410433,-29.970916],[-49.406511,-29.964802],[-49.402624,-29.958777],[-49.398771,-29.952837],[-49.39495,-29.946978],[-49.391158,-29.941193],[-49.387393,-29.935482],[-49.383653,-29.929842],[-49.379935,-29.924267],[-49.376236,-29.918755],[-49.372558,-29.913304],[-49.368896,-29.907914],[-49.365251,-29.902581],[-49.361621,-29.897305],[-49.358006,-29.892083],[-49.354404,-29.886913],[-49.350815,-29.881796],[-49.34688,-29.876221],[-49.342971,-29.870715],[-49.339085,-29.86527],[-49.33522,-29.859889],[-49.331375,-29.854566],[-49.327549,-29.849301],[-49.323739,-29.844091],[-49.319947,-29.838936],[-49.316168,-29.833832],[-49.312401,-29.828779],[-49.308648,-29.823777],[-49.304908,-29.818822],[-49.301177,-29.813914],[-49.297458,-29.809055],[-49.293747,-29.804239],[-49.290046,-29.799469],[-49.286203,-29.794548],[-49.282379,-29.789679],[-49.278572,-29.784861],[-49.274781,-29.780093],[-49.271005,-29.775372],[-49.267244,-29.770696],[-49.263495,-29.766067],[-49.259759,-29.761483],[-49.256034,-29.756941],[-49.25232,-29.752442],[-49.248618,-29.747986],[-49.244922,-29.743569],[-49.241238,-29.739193],[-49.23756,-29.734857],[-49.233891,-29.730561],[-49.23023,-29.726301],[-49.226067,-29.721492],[-49.221962,-29.716775],[-49.217906,-29.712146],[-49.213896,-29.707597],[-49.209928,-29.703125],[-49.20796,-29.700917],[-49.206,-29.698726],[-49.204048,-29.696553],[-49.202104,-29.694397],[-49.20017,-29.692257],[-49.198242,-29.690134],[-49.196321,-29.688024],[-49.194407,-29.68593],[-49.192499,-29.683851],[-49.190599,-29.681787],[-49.188704,-29.679738],[-49.186816,-29.677704],[-49.184933,-29.675682],[-49.183057,-29.673676],[-49.181186,-29.671683],[-49.179319,-29.669702],[-49.177458,-29.667736],[-49.175602,-29.665782],[-49.173749,-29.663841],[-49.171902,-29.661913],[-49.170059,-29.659998],[-49.168221,-29.658096],[-49.166459,-29.656279],[-49.16469,-29.654462],[-49.162911,-29.652642],[-49.161124,-29.65082],[-49.159329,-29.648997],[-49.157526,-29.647172],[-49.155712,-29.645345],[-49.153891,-29.643515],[-49.152062,-29.641683],[-49.150223,-29.639851],[-49.148376,-29.638014],[-49.146521,-29.636176],[-49.144655,-29.634336],[-49.142781,-29.632493],[-49.139005,-29.628801],[-49.135194,-29.625096],[-49.131343,-29.621382],[-49.127456,-29.617657],[-49.12353,-29.613918],[-49.119563,-29.610167],[-49.115557,-29.606403],[-49.111511,-29.602622],[-49.107421,-29.598829],[-49.105439,-29.596998],[-49.103443,-29.595163],[-49.101433,-29.593322],[-49.099408,-29.591473],[-49.09737,-29.589621],[-49.095315,-29.58776],[-49.093244,-29.585893],[-49.091159,-29.584019],[-49.089058,-29.582138],[-49.086941,-29.580249],[-49.084806,-29.578353],[-49.082654,-29.576447],[-49.080485,-29.574533],[-49.078298,-29.57261],[-49.073866,-29.568734],[-49.069366,-29.564823],[-49.064782,-29.560865],[-49.06011,-29.556857],[-49.055341,-29.552792],[-49.050471,-29.548663],[-49.045489,-29.544464],[-49.040384,-29.540184],[-49.035141,-29.535811],[-49.031579,-29.532854],[-49.027964,-29.529872],[-49.024294,-29.526862],[-49.020567,-29.52382],[-49.016779,-29.520745],[-49.012926,-29.517632],[-49.009004,-29.514478],[-49.005005,-29.511279],[-49.000942,-29.508043],[-48.996792,-29.504752],[-48.992544,-29.501398],[-48.988187,-29.497972],[-48.983718,-29.494471],[-48.979111,-29.490876],[-48.974348,-29.487169],[-48.969397,-29.483331],[-48.965864,-29.480601],[-48.962256,-29.47783],[-48.958571,-29.475011],[-48.954795,-29.472138],[-48.950926,-29.469206],[-48.946948,-29.466203],[-48.942842,-29.463117],[-48.93859,-29.459932],[-48.934491,-29.456873],[-48.93021,-29.453687],[-48.920897,-29.446783],[-48.911185,-29.439613],[-48.892752,-29.426032],[-48.888992,-29.423265],[-48.885193,-29.420478],[-48.881353,-29.417671],[-48.877471,-29.414842],[-48.873543,-29.411991],[-48.86957,-29.409113],[-48.865545,-29.40621],[-48.86147,-29.403278],[-48.857344,-29.40032],[-48.853161,-29.397327],[-48.844605,-29.391232],[-48.835764,-29.38497],[-48.826592,-29.378505],[-48.818196,-29.372611],[-48.809426,-29.36648],[-48.800199,-29.36005],[-48.790355,-29.353213],[-48.781222,-29.346884],[-48.77108,-29.339871],[-48.750034,-29.32534],[-48.73438,-29.314537],[-48.719448,-29.304215],[-48.703976,-29.293486],[-48.696883,-29.288553],[-48.690097,-29.283822],[-48.682039,-29.278188],[-48.674298,-29.272757],[-48.666821,-29.26749],[-48.659572,-29.262364],[-48.652511,-29.257352],[-48.645629,-29.252444],[-48.638907,-29.247626],[-48.632328,-29.24289],[-48.622693,-29.235949],[-48.601317,-29.220583],[-48.591857,-29.213772],[-48.581852,-29.206542],[-48.577276,-29.203222],[-48.572904,-29.200041],[-48.567952,-29.196428],[-48.563193,-29.192937],[-48.558591,-29.189551],[-48.554129,-29.186252],[-48.549783,-29.183022],[-48.545547,-29.179858],[-48.541408,-29.176752],[-48.537359,-29.173695],[-48.530087,-29.168182],[-48.523275,-29.162998],[-48.516805,-29.158055],[-48.510613,-29.153305],[-48.50463,-29.148692],[-48.498845,-29.14421],[-48.493229,-29.139838],[-48.487768,-29.135561],[-48.482393,-29.131328],[-48.477146,-29.127168],[-48.472013,-29.123073],[-48.469487,-29.121048],[-48.466986,-29.119037],[-48.464508,-29.117037],[-48.462054,-29.11505],[-48.459625,-29.113074],[-48.457215,-29.111109],[-48.45483,-29.109155],[-48.452463,-29.107211],[-48.450117,-29.105276],[-48.447791,-29.103349],[-48.442212,-29.09871],[-48.436833,-29.094216],[-48.431625,-29.089838],[-48.426567,-29.085564],[-48.421638,-29.081375],[-48.41683,-29.077264],[-48.412131,-29.073219],[-48.40982,-29.07122],[-48.407534,-29.069236],[-48.405263,-29.067258],[-48.403016,-29.065293],[-48.40079,-29.06334],[-48.398585,-29.061399],[-48.396402,-29.059469],[-48.394237,-29.057549],[-48.392093,-29.05564],[-48.389969,-29.05374],[-48.38786,-29.051849],[-48.385771,-29.049966],[-48.383699,-29.048091],[-48.381644,-29.046225],[-48.379607,-29.044367],[-48.377584,-29.042514],[-48.375579,-29.040668],[-48.373589,-29.03883],[-48.371057,-29.036481],[-48.368556,-29.034154],[-48.366086,-29.031848],[-48.363647,-29.029561],[-48.361235,-29.027293],[-48.35885,-29.025043],[-48.356493,-29.022809],[-48.354159,-29.02059],[-48.35185,-29.018385],[-48.349565,-29.016195],[-48.347303,-29.014017],[-48.345063,-29.011852],[-48.342844,-29.0097],[-48.340646,-29.007558],[-48.33847,-29.005427],[-48.336312,-29.003307],[-48.334172,-29.001193],[-48.332049,-28.99909],[-48.329947,-28.996994],[-48.327861,-28.994908],[-48.325794,-28.99283],[-48.323744,-28.99076],[-48.321712,-28.988697],[-48.319696,-28.986641],[-48.317697,-28.984592],[-48.315715,-28.98255],[-48.313747,-28.980513],[-48.311796,-28.978483],[-48.30986,-28.976459],[-48.30794,-28.974441],[-48.306033,-28.972428],[-48.304144,-28.97042],[-48.302102,-28.968243],[-48.300074,-28.966068],[-48.298056,-28.963896],[-48.296049,-28.961727],[-48.294055,-28.95956],[-48.29207,-28.957395],[-48.290096,-28.955233],[-48.288134,-28.953072],[-48.286181,-28.950912],[-48.28424,-28.948757],[-48.282309,-28.946602],[-48.280391,-28.94445],[-48.278481,-28.942299],[-48.276583,-28.940151],[-48.274696,-28.938003],[-48.272819,-28.935858],[-48.270953,-28.933715],[-48.269096,-28.931575],[-48.26725,-28.929435],[-48.265416,-28.927296],[-48.26359,-28.92516],[-48.261776,-28.923024],[-48.259972,-28.920891],[-48.258179,-28.918759],[-48.256395,-28.916628],[-48.254622,-28.914499],[-48.25286,-28.912373],[-48.251107,-28.910247],[-48.249366,-28.908121],[-48.247633,-28.905999],[-48.245911,-28.903876],[-48.244199,-28.901754],[-48.242686,-28.89987],[-48.241167,-28.897964],[-48.239639,-28.896036],[-48.238104,-28.894088],[-48.236561,-28.892115],[-48.235008,-28.89012],[-48.233445,-28.888099],[-48.231872,-28.886054],[-48.230287,-28.883981],[-48.22869,-28.881883],[-48.22708,-28.879753],[-48.225454,-28.877592],[-48.223811,-28.8754],[-48.222152,-28.873173],[-48.220474,-28.870908],[-48.218773,-28.868604],[-48.21711,-28.86634],[-48.215423,-28.864034],[-48.213709,-28.861681],[-48.211966,-28.859279],[-48.210189,-28.856821],[-48.208375,-28.854302],[-48.204608,-28.849044],[-48.200739,-28.843611],[-48.196535,-28.837676],[-48.191898,-28.831104],[-48.185754,-28.822371],[-48.183773,-28.819547],[-48.181787,-28.816707],[-48.179797,-28.813847],[-48.177801,-28.81097],[-48.175801,-28.808076],[-48.173794,-28.805161],[-48.171784,-28.802228],[-48.169765,-28.799275],[-48.167741,-28.796304],[-48.16571,-28.79331],[-48.163673,-28.790298],[-48.161628,-28.787261],[-48.159576,-28.784204],[-48.157515,-28.781125],[-48.153368,-28.774897],[-48.149191,-28.768578],[-48.144973,-28.762158],[-48.14071,-28.755628],[-48.136396,-28.748981],[-48.132028,-28.742208],[-48.127597,-28.7353],[-48.123097,-28.728244],[-48.118515,-28.721023],[-48.116078,-28.717165],[-48.113646,-28.713298],[-48.111216,-28.709424],[-48.108789,-28.705538],[-48.106365,-28.701645],[-48.103945,-28.697744],[-48.101528,-28.693831],[-48.099114,-28.689911],[-48.096703,-28.685981],[-48.094296,-28.682044],[-48.091892,-28.678096],[-48.089491,-28.674141],[-48.087093,-28.670176],[-48.084699,-28.666201],[-48.082309,-28.662218],[-48.07992,-28.658228],[-48.077363,-28.653935],[-48.074814,-28.649638],[-48.07227,-28.645335],[-48.069732,-28.641027],[-48.067202,-28.636712],[-48.064677,-28.632391],[-48.062161,-28.628065],[-48.059651,-28.623734],[-48.057146,-28.619395],[-48.054649,-28.615052],[-48.05216,-28.610704],[-48.049676,-28.606349],[-48.0472,-28.60199],[-48.044731,-28.597625],[-48.042269,-28.593254],[-48.039813,-28.58888],[-48.037554,-28.584836],[-48.035302,-28.58079],[-48.033055,-28.576742],[-48.030817,-28.572693],[-48.028586,-28.56864],[-48.026361,-28.564584],[-48.024144,-28.560526],[-48.021934,-28.556466],[-48.019732,-28.552406],[-48.017537,-28.54834],[-48.015349,-28.544274],[-48.013168,-28.540206],[-48.010994,-28.536135],[-48.008828,-28.532063],[-48.006669,-28.527988],[-48.004518,-28.523912],[-48.002183,-28.519471],[-47.999859,-28.51503],[-47.997543,-28.510588],[-47.995237,-28.506146],[-47.992941,-28.501704],[-47.990655,-28.497261],[-47.988379,-28.492819],[-47.986112,-28.488377],[-47.983856,-28.483934],[-47.981607,-28.479491],[-47.979371,-28.475049],[-47.977143,-28.470606],[-47.974924,-28.466163],[-47.972716,-28.461722],[-47.970518,-28.457278],[-47.968329,-28.452836],[-47.966294,-28.448687],[-47.964268,-28.44454],[-47.962251,-28.440396],[-47.960243,-28.436253],[-47.958247,-28.432114],[-47.956258,-28.427977],[-47.954279,-28.423843]]]}},
{"type":"Feature","properties":{"idhidrovia":200000426,"nome":"Porto de Rio Grande - Porto de Laguna","navegacao":"Navegação de Cabotagem","tipo":"Marítimo/oceânico","vel_cional":25.0,"extensao":193.0,"tempo":"0d 7h 43min","cla_icacao":"Percurso externo","nome_rio":null,"nom_eclusa":null,"jurisdicao":null,"reg_rafica":null,"pro_de_min":null,"pro_de_max":null,"dominio":null,"observacao":null,"snv":null,"fonte":null,"idm_origem":"BR431560","mun_origem":"Rio Grande","est_origem":"RS","idm_estino":null,"mun_estino":null,"est_estino":null,"idantaq":null,"camada sim":"55","Fluxo":3038418.0},"geometry":{"type":"MultiLineString","coordinates":[[[-51.627855,-32.337192],[-51.621375,-32.336866],[-51.618407,-32.336709],[-51.61557,-32.336553],[-51.612347,-32.336367],[-51.609245,-32.33618],[-51.606244,-32.335989],[-51.60333,-32.335794],[-51.600489,-32.335593],[-51.597717,-32.335387],[-51.595005,-32.335174],[-51.592349,-32.334957],[-51.589506,-32.334709],[-51.586719,-32.334453],[-51.583982,-32.334188],[-51.581292,-32.333914],[-51.578644,-32.333629],[-51.576037,-32.333336],[-51.573469,-32.333031],[-51.570936,-32.332714],[-51.569681,-32.332552],[-51.568435,-32.332387],[-51.567197,-32.332219],[-51.565966,-32.332049],[-51.564744,-32.331876],[-51.563529,-32.3317],[-51.56232,-32.33152],[-51.56112,-32.331338],[-51.559926,-32.331152],[-51.558739,-32.330964],[-51.557995,-32.33077],[-51.557233,-32.330579],[-51.556456,-32.330389],[-51.555656,-32.330202],[-51.554838,-32.330017],[-51.553993,-32.329833],[-51.553122,-32.329647],[-51.552215,-32.329462],[-51.551382,-32.329296],[-51.550512,-32.329126],[-51.549595,-32.328954],[-51.548616,-32.328771],[-51.546695,-32.328423],[-51.543019,-32.327771],[-51.541518,-32.327502],[-51.539962,-32.327217],[-51.538565,-32.326954],[-51.537755,-32.326796],[-51.536975,-32.32664],[-51.536223,-32.326486],[-51.535493,-32.326334],[-51.534782,-32.326181],[-51.53409,-32.326028],[-51.533414,-32.325874],[-51.532754,-32.325719],[-51.531543,-32.325427],[-51.530311,-32.325124],[-51.529053,-32.324806],[-51.527766,-32.324474],[-51.526448,-32.324128],[-51.525092,-32.323765],[-51.523691,-32.323383],[-51.522237,-32.32298],[-51.519742,-32.322277],[-51.51697,-32.321481],[-51.514286,-32.320701],[-51.507624,-32.318752],[-51.504072,-32.317724],[-51.495359,-32.315225],[-51.487823,-32.313056],[-51.480896,-32.31105],[-51.47442,-32.309163],[-51.468191,-32.307335],[-51.462233,-32.305572],[-51.456498,-32.303861],[-51.450948,-32.302192],[-51.445445,-32.30052],[-51.440091,-32.298877],[-51.434867,-32.297257],[-51.429762,-32.295655],[-51.42476,-32.294069],[-51.419857,-32.292496],[-51.415043,-32.290933],[-51.410314,-32.289379],[-51.405534,-32.287787],[-51.400831,-32.286201],[-51.396201,-32.284618],[-51.393911,-32.283827],[-51.391638,-32.283037],[-51.38938,-32.282247],[-51.387138,-32.281456],[-51.384912,-32.280666],[-51.3827,-32.279876],[-51.380503,-32.279084],[-51.378321,-32.278292],[-51.376151,-32.2775],[-51.373995,-32.276707],[-51.371852,-32.275912],[-51.369721,-32.275116],[-51.367603,-32.27432],[-51.365498,-32.273523],[-51.363405,-32.272723],[-51.361322,-32.271924],[-51.359254,-32.271121],[-51.357195,-32.270318],[-51.355148,-32.269514],[-51.353112,-32.268706],[-51.351088,-32.267898],[-51.349073,-32.267088],[-51.34707,-32.266277],[-51.345078,-32.265462],[-51.343095,-32.264646],[-51.341122,-32.263828],[-51.336221,-32.261782],[-51.331878,-32.259959],[-51.327858,-32.258259],[-51.324081,-32.256649],[-51.320451,-32.255087],[-51.316976,-32.253576],[-51.313625,-32.252104],[-51.310384,-32.250664],[-51.307183,-32.249222],[-51.305614,-32.248509],[-51.304068,-32.247802],[-51.30254,-32.247099],[-51.301032,-32.246399],[-51.299541,-32.245703],[-51.298068,-32.245011],[-51.296609,-32.244321],[-51.295167,-32.243632],[-51.293741,-32.242948],[-51.292328,-32.242263],[-51.290929,-32.241581],[-51.289545,-32.240901],[-51.288173,-32.24022],[-51.286815,-32.239543],[-51.285137,-32.238697],[-51.283452,-32.23784],[-51.281756,-32.236971],[-51.280052,-32.236089],[-51.278339,-32.235195],[-51.276615,-32.234289],[-51.274881,-32.233369],[-51.273136,-32.232436],[-51.271381,-32.231491],[-51.269613,-32.23053],[-51.267832,-32.229556],[-51.266039,-32.228567],[-51.264231,-32.227564],[-51.262409,-32.226545],[-51.260571,-32.22551],[-51.258716,-32.22446],[-51.256857,-32.223398],[-51.25498,-32.222322],[-51.253084,-32.221225],[-51.251166,-32.22011],[-51.249226,-32.218976],[-51.24726,-32.217822],[-51.245269,-32.216644],[-51.243249,-32.215444],[-51.241204,-32.214223],[-51.239125,-32.212976],[-51.237009,-32.2117],[-51.234852,-32.210392],[-51.230395,-32.207675],[-51.225697,-32.204789],[-51.223031,-32.203139],[-51.220376,-32.201485],[-51.217736,-32.199828],[-51.215105,-32.198168],[-51.212489,-32.196504],[-51.209884,-32.194836],[-51.207292,-32.193164],[-51.204713,-32.191489],[-51.202146,-32.189812],[-51.199592,-32.18813],[-51.19705,-32.186445],[-51.194522,-32.184757],[-51.192004,-32.183065],[-51.189501,-32.18137],[-51.18701,-32.179671],[-51.184531,-32.17797],[-51.182993,-32.176903],[-51.181429,-32.17581],[-51.179838,-32.174686],[-51.178215,-32.173527],[-51.176557,-32.172335],[-51.174857,-32.171103],[-51.173109,-32.169824],[-51.1713,-32.168493],[-51.169674,-32.167288],[-51.167981,-32.166027],[-51.166204,-32.164696],[-51.164312,-32.163274],[-51.160643,-32.160502],[-51.153728,-32.155257],[-51.15093,-32.153138],[-51.148029,-32.150953],[-51.145419,-32.148996],[-51.143903,-32.147867],[-51.142443,-32.146784],[-51.141028,-32.145739],[-51.139652,-32.144729],[-51.138307,-32.143748],[-51.136992,-32.142793],[-51.135702,-32.141863],[-51.134434,-32.140956],[-51.131174,-32.138638],[-51.127839,-32.136286],[-51.124423,-32.133894],[-51.120915,-32.131456],[-51.117313,-32.128967],[-51.113592,-32.126416],[-51.10974,-32.123788],[-51.105729,-32.121067],[-51.102296,-32.11875],[-51.098705,-32.116336],[-51.094917,-32.113798],[-51.090861,-32.111088],[-51.083342,-32.106086],[-51.070164,-32.097337],[-51.065261,-32.094078],[-51.060414,-32.090851],[-51.056046,-32.087935],[-51.051882,-32.085153],[-51.047678,-32.082355],[-51.04343,-32.079537],[-51.03914,-32.0767],[-51.034805,-32.073842],[-51.03042,-32.07096],[-51.025987,-32.068055],[-51.0215,-32.065123],[-51.012366,-32.059181],[-51.002983,-32.053111],[-50.993321,-32.046894],[-50.983337,-32.0405],[-50.973211,-32.034045],[-50.962649,-32.027341],[-50.951555,-32.020327],[-50.939751,-32.012888],[-50.928336,-32.005717],[-50.915686,-31.997786],[-50.902821,-31.989733],[-50.868018,-31.96797],[-50.848068,-31.955468],[-50.837275,-31.948686],[-50.827199,-31.942337],[-50.817643,-31.9363],[-50.808507,-31.930509],[-50.797527,-31.92352],[-50.786988,-31.91678],[-50.776812,-31.910242],[-50.766955,-31.903872],[-50.762126,-31.900738],[-50.75736,-31.897638],[-50.752657,-31.894567],[-50.748013,-31.891526],[-50.743424,-31.888511],[-50.738885,-31.885522],[-50.734398,-31.882556],[-50.72996,-31.879612],[-50.716969,-31.870994],[-50.687176,-31.851269],[-50.673255,-31.842028],[-50.665018,-31.836539],[-50.657337,-31.831402],[-50.65006,-31.826517],[-50.64311,-31.82183],[-50.635558,-31.816712],[-50.628289,-31.811758],[-50.624747,-31.809332],[-50.621262,-31.806938],[-50.617829,-31.804572],[-50.614444,-31.802231],[-50.611103,-31.799914],[-50.607804,-31.797616],[-50.604548,-31.795341],[-50.601332,-31.793084],[-50.598153,-31.790846],[-50.595009,-31.788624],[-50.591902,-31.786418],[-50.588826,-31.784227],[-50.583126,-31.780153],[-50.577679,-31.776247],[-50.572436,-31.772476],[-50.567367,-31.768818],[-50.56244,-31.765248],[-50.557646,-31.76176],[-50.55297,-31.758345],[-50.548399,-31.754994],[-50.543901,-31.75168],[-50.539492,-31.748418],[-50.535167,-31.745201],[-50.530918,-31.742026],[-50.526741,-31.738886],[-50.522628,-31.735783],[-50.51858,-31.732709],[-50.514592,-31.729665],[-50.509698,-31.725909],[-50.504904,-31.722215],[-50.500202,-31.718575],[-50.495586,-31.714985],[-50.491049,-31.71144],[-50.486588,-31.707937],[-50.482196,-31.70447],[-50.477872,-31.701037],[-50.473605,-31.697632],[-50.469398,-31.694257],[-50.465249,-31.690909],[-50.461154,-31.687585],[-50.457112,-31.684285],[-50.45312,-31.681006],[-50.449178,-31.677748],[-50.445281,-31.674509],[-50.440937,-31.670874],[-50.43666,-31.66728],[-50.432449,-31.663721],[-50.428299,-31.660195],[-50.424207,-31.6567],[-50.420172,-31.653233],[-50.416191,-31.649792],[-50.41226,-31.646377],[-50.408377,-31.642981],[-50.404542,-31.639607],[-50.400753,-31.636254],[-50.397009,-31.632919],[-50.393308,-31.629599],[-50.38965,-31.626298],[-50.386032,-31.623011],[-50.382454,-31.619737],[-50.378884,-31.616451],[-50.375345,-31.613176],[-50.371837,-31.609909],[-50.368357,-31.606652],[-50.364907,-31.603405],[-50.361486,-31.600166],[-50.358093,-31.596933],[-50.354729,-31.59371],[-50.351391,-31.590493],[-50.348081,-31.587283],[-50.344799,-31.584079],[-50.341541,-31.580882],[-50.338311,-31.577692],[-50.335107,-31.574506],[-50.331929,-31.571326],[-50.328776,-31.568151],[-50.326277,-31.565621],[-50.323768,-31.563067],[-50.321251,-31.560492],[-50.318727,-31.557894],[-50.316192,-31.555273],[-50.313647,-31.55263],[-50.311091,-31.549961],[-50.308525,-31.547269],[-50.305948,-31.544552],[-50.303358,-31.54181],[-50.300755,-31.539041],[-50.298139,-31.536247],[-50.29551,-31.533424],[-50.292867,-31.530572],[-50.290207,-31.52769],[-50.28753,-31.524779],[-50.285005,-31.52202],[-50.282475,-31.519243],[-50.279943,-31.51645],[-50.277407,-31.513641],[-50.274868,-31.510813],[-50.272325,-31.50797],[-50.269778,-31.505107],[-50.267227,-31.502228],[-50.264673,-31.499331],[-50.262112,-31.496415],[-50.259548,-31.493483],[-50.256979,-31.49053],[-50.254404,-31.487559],[-50.251825,-31.48457],[-50.24924,-31.48156],[-50.246649,-31.478531],[-50.244311,-31.475787],[-50.241968,-31.473025],[-50.239623,-31.470248],[-50.237275,-31.467453],[-50.234922,-31.464645],[-50.232567,-31.461818],[-50.230205,-31.458975],[-50.227841,-31.456117],[-50.225474,-31.45324],[-50.2231,-31.450347],[-50.220723,-31.447437],[-50.218341,-31.444509],[-50.215954,-31.441563],[-50.213561,-31.438599],[-50.211163,-31.435617],[-50.20876,-31.432616],[-50.206361,-31.429607],[-50.203954,-31.426576],[-50.20154,-31.423521],[-50.199117,-31.420444],[-50.196687,-31.417344],[-50.19425,-31.41422],[-50.191802,-31.411069],[-50.189346,-31.407895],[-50.186881,-31.404695],[-50.184406,-31.40147],[-50.18192,-31.398216],[-50.179423,-31.394937],[-50.176915,-31.391626],[-50.174392,-31.388288],[-50.171858,-31.384919],[-50.16931,-31.38152],[-50.167034,-31.37847],[-50.164756,-31.375405],[-50.162473,-31.372321],[-50.160188,-31.369222],[-50.157901,-31.366106],[-50.155611,-31.362971],[-50.153316,-31.35982],[-50.151018,-31.35665],[-50.148715,-31.353461],[-50.14641,-31.350255],[-50.1441,-31.34703],[-50.141785,-31.343786],[-50.139466,-31.340522],[-50.137142,-31.33724],[-50.134814,-31.333936],[-50.132479,-31.330612],[-50.13014,-31.32727],[-50.127796,-31.323907],[-50.125446,-31.320522],[-50.123088,-31.317116],[-50.120724,-31.313688],[-50.118354,-31.310235],[-50.115975,-31.306761],[-50.113589,-31.303263],[-50.111196,-31.29974],[-50.108793,-31.296194],[-50.106382,-31.29262],[-50.103962,-31.289021],[-50.101532,-31.285396],[-50.099091,-31.281743],[-50.09664,-31.278062],[-50.094177,-31.274353],[-50.091918,-31.270935],[-50.089653,-31.267495],[-50.087384,-31.264034],[-50.08511,-31.260551],[-50.08283,-31.257045],[-50.080546,-31.253516],[-50.078255,-31.249963],[-50.075958,-31.246387],[-50.073653,-31.242786],[-50.071343,-31.239159],[-50.069024,-31.235507],[-50.066699,-31.23183],[-50.064365,-31.228123],[-50.062023,-31.224391],[-50.059671,-31.220628],[-50.057311,-31.216837],[-50.054943,-31.213023],[-50.052566,-31.209177],[-50.050177,-31.205299],[-50.047775,-31.201389],[-50.045363,-31.197444],[-50.042935,-31.193463],[-50.040495,-31.189447],[-50.03804,-31.185393],[-50.035571,-31.181302],[-50.033084,-31.177169],[-50.028057,-31.168776],[-50.022951,-31.160197],[-50.017754,-31.151414],[-50.01404,-31.145097],[-50.010297,-31.138692],[-50.006529,-31.132198],[-50.002726,-31.125609],[-49.998891,-31.11892],[-49.995016,-31.112121],[-49.991099,-31.105208],[-49.987135,-31.098171],[-49.983131,-31.091025],[-49.979066,-31.083734],[-49.974936,-31.076286],[-49.970728,-31.068664],[-49.966438,-31.060855],[-49.962048,-31.052824],[-49.957539,-31.044546],[-49.952891,-31.035974],[-49.948959,-31.02869],[-49.944992,-31.021296],[-49.940985,-31.01378],[-49.936932,-31.006137],[-49.93283,-30.998356],[-49.92867,-30.990425],[-49.924447,-30.982331],[-49.920153,-30.974056],[-49.915814,-30.965656],[-49.911379,-30.957035],[-49.906838,-30.948165],[-49.90217,-30.939007],[-49.897363,-30.929545],[-49.892371,-30.919678],[-49.887143,-30.909315],[-49.881597,-30.898289],[-49.878575,-30.892259],[-49.875503,-30.886101],[-49.872377,-30.879805],[-49.869185,-30.873353],[-49.865923,-30.866734],[-49.862574,-30.859915],[-49.859126,-30.852864],[-49.855552,-30.845534],[-49.849152,-30.832353],[-49.842033,-30.81763],[-49.83532,-30.803705],[-49.820066,-30.772026],[-49.813046,-30.757473],[-49.808477,-30.747997],[-49.803831,-30.738321],[-49.799096,-30.728427],[-49.794259,-30.718283],[-49.789313,-30.707877],[-49.784232,-30.697152],[-49.778992,-30.686057],[-49.773557,-30.674516],[-49.764219,-30.654623],[-49.753852,-30.632461],[-49.743867,-30.611063],[-49.733402,-30.588608],[-49.719282,-30.558315],[-49.706283,-30.530492],[-49.699599,-30.516227],[-49.693316,-30.50285],[-49.687325,-30.490129],[-49.681567,-30.477942],[-49.675205,-30.464525],[-49.669043,-30.451587],[-49.663049,-30.439052],[-49.657194,-30.426869],[-49.651455,-30.414984],[-49.645822,-30.403375],[-49.64028,-30.392017],[-49.634817,-30.380885],[-49.622771,-30.356394],[-49.616208,-30.343072],[-49.609943,-30.330398],[-49.604274,-30.318971],[-49.598599,-30.307591],[-49.593227,-30.296882],[-49.590626,-30.291722],[-49.588076,-30.286678],[-49.585567,-30.281738],[-49.583099,-30.276891],[-49.575772,-30.262574],[-49.573079,-30.257334]]]}},
{"type":"Feature","properties":{"idhidrovia":200000427,"nome":"Acesso ao TUP Almirante Soares Dutra","navegacao":"Navegação de Cabotagem","tipo":"Marítimo/oceânico","vel_cional":25.0,"extensao":1.0,"tempo":"0d 0h 2min","cla_icacao":"Acesso simples","nome_rio":null,"nom_eclusa":null,"jurisdicao":null,"reg_rafica":null,"pro_de_min":null,"pro_de_max":null,"dominio":null,"observacao":null,"snv":null,"fonte":null,"idm_origem":"BR432160","mun_origem":"Tramandaí","est_origem":"RS","idm_estino":null,"mun_estino":null,"est_estino":null,"idantaq":null,"camada sim":"56","Fluxo":7116479.0},"geometry":{"type":"MultiLineString","coordinates":[[[-49.573079,-30.257334],[-49.592996,-30.220366],[-49.615346,-30.185398],[-49.638994,-30.153831],[-49.669503,-30.118354],[-49.695446,-30.092243],[-49.720668,-30.071028],[-49.745649,-30.054244],[-49.774275,-30.039152],[-49.811666,-30.023918],[-49.853451,-30.011121],[-49.891095,-30.003048],[-49.930927,-29.998001],[-49.973782,-29.996077],[-50.015374,-29.997615],[-50.057272,-30.002662],[-50.095193,-30.011903]]]}},
{"type":"Feature","properties":{"idhidrovia":200000428,"nome":"Porto de Barra do Riacho - Porto de Ilhéus","navegacao":"Navegação de Cabotagem","tipo":"Marítimo/oceânico","vel_cional":25.0,"extensao":60.22,"tempo":"0d 2h 24min","cla_icacao":"Percurso externo","nome_rio":null,"nom_eclusa":null,"jurisdicao":null,"reg_rafica":null,"pro_de_min":null,"pro_de_max":null,"dominio":null,"observacao":null,"snv":null,"fonte":null,"idm_origem":null,"mun_origem":null,"est_origem":null,"idm_estino":null,"mun_estino":null,"est_estino":null,"idantaq":null,"camada sim":"57","Fluxo":37995751.0},"geometry":{"type":"MultiLineString","coordinates":[[[-39.22227,-19.939455],[-39.221544,-19.937647],[-39.219881,-19.933486],[-39.218231,-19.929334],[-39.216591,-19.925187],[-39.214962,-19.92105],[-39.213344,-19.916919],[-39.211739,-19.912794],[-39.210143,-19.908677],[-39.208559,-19.904568],[-39.206986,-19.900466],[-39.205424,-19.89637],[-39.203871,-19.892281],[-39.202331,-19.888199],[-39.200724,-19.883918],[-39.199133,-19.879657],[-39.197555,-19.875415],[-39.195993,-19.871193],[-39.194448,-19.866987],[-39.192915,-19.862801],[-39.191397,-19.858633],[-39.189894,-19.854482],[-39.188406,-19.850346],[-39.186931,-19.846229],[-39.18547,-19.842127],[-39.184023,-19.838039],[-39.182589,-19.833968],[-39.18117,-19.829912],[-39.179763,-19.82587],[-39.17837,-19.821843],[-39.176926,-19.817641],[-39.175494,-19.813452],[-39.174075,-19.809277],[-39.172668,-19.805113],[-39.171272,-19.800961],[-39.16989,-19.796822],[-39.16852,-19.792694],[-39.167161,-19.788578],[-39.165815,-19.784473],[-39.164481,-19.78038],[-39.163159,-19.776299],[-39.161848,-19.772227],[-39.16055,-19.768166],[-39.159264,-19.764116],[-39.157989,-19.760076],[-39.156726,-19.756046],[-39.153505,-19.745689],[-39.152056,-19.740995],[-39.150683,-19.736522],[-39.149366,-19.732199],[-39.148103,-19.728023],[-39.146886,-19.72397],[-39.145713,-19.720024],[-39.144564,-19.716128],[-39.14345,-19.712316],[-39.142369,-19.708579],[-39.141319,-19.70491],[-39.140298,-19.701304],[-39.139305,-19.697752],[-39.138337,-19.694254],[-39.137396,-19.690805],[-39.135416,-19.683481],[-39.133783,-19.677362],[-39.133031,-19.674512],[-39.132316,-19.671779],[-39.131632,-19.669142],[-39.130977,-19.666585],[-39.130333,-19.664049],[-39.129713,-19.661577],[-39.129116,-19.659159],[-39.128537,-19.656793],[-39.127979,-19.654468],[-39.127437,-19.652184],[-39.126913,-19.649938],[-39.126406,-19.647725],[-39.125794,-19.645015],[-39.125188,-19.642285],[-39.124589,-19.639534],[-39.123995,-19.636765],[-39.123407,-19.633974],[-39.122824,-19.631164],[-39.122247,-19.628333],[-39.121676,-19.625478],[-39.121108,-19.622603],[-39.120547,-19.619704],[-39.119992,-19.616783],[-39.119441,-19.613835],[-39.118893,-19.610863],[-39.118352,-19.607865],[-39.117814,-19.604839],[-39.11728,-19.601787],[-39.116762,-19.59877],[-39.116253,-19.595725],[-39.115749,-19.592651],[-39.115251,-19.589545],[-39.114759,-19.586407],[-39.114274,-19.583235],[-39.113793,-19.58003],[-39.113318,-19.576785],[-39.11285,-19.573505],[-39.112385,-19.570185],[-39.111924,-19.566821],[-39.111468,-19.563411],[-39.111015,-19.559954],[-39.110565,-19.556443],[-39.110118,-19.552877],[-39.109675,-19.549251],[-39.109371,-19.546714],[-39.109071,-19.54416],[-39.108778,-19.541591],[-39.108488,-19.539004],[-39.108204,-19.536401],[-39.107926,-19.533782],[-39.107652,-19.531144],[-39.107384,-19.52849],[-39.10712,-19.525815],[-39.106861,-19.523122],[-39.106608,-19.520409],[-39.106358,-19.517675],[-39.106113,-19.51492],[-39.105873,-19.512142],[-39.105637,-19.509342],[-39.105406,-19.506517],[-39.105179,-19.503679],[-39.104958,-19.500813],[-39.10474,-19.497921],[-39.104526,-19.495],[-39.104317,-19.492051],[-39.104111,-19.48907],[-39.103909,-19.486059],[-39.10371,-19.483012]]]}},
{"type":"Feature","properties":{"idhidrovia":200000429,"nome":"Porto de Barra do Riacho - Porto de Ilhéus","navegacao":"Navegação de Cabotagem","tipo":"Marítimo/oceânico","vel_cional":25.0,"extensao":159.764,"tempo":"0d 6h 23min","cla_icacao":"Percurso externo","nome_rio":null,"nom_eclusa":null,"jurisdicao":null,"reg_rafica":null,"pro_de_min":null,"pro_de_max":null,"dominio":null,"observacao":null,"snv":null,"fonte":null,"idm_origem":null,"mun_origem":null,"est_origem":null,"idm_estino":null,"mun_estino":null,"est_estino":null,"idantaq":null,"camada sim":"58","Fluxo":38154716.0},"geometry":{"type":"MultiLineString","coordinates":[[[-39.118665,-18.882522],[-39.118665,-18.881273],[-39.118658,-18.877911],[-39.118644,-18.874596],[-39.118622,-18.871316],[-39.118594,-18.868072],[-39.118558,-18.864867],[-39.118515,-18.861695],[-39.118465,-18.858554],[-39.118408,-18.855443],[-39.118344,-18.852364],[-39.118271,-18.849312],[-39.118135,-18.843976],[-39.117995,-18.838882],[-39.117851,-18.833981],[-39.117702,-18.829246],[-39.117544,-18.824639],[-39.117381,-18.820153],[-39.11721,-18.815778],[-39.117032,-18.811496],[-39.116844,-18.807278],[-39.116647,-18.803139],[-39.116441,-18.799071],[-39.116225,-18.795072],[-39.115999,-18.791135],[-39.115766,-18.787254],[-39.115521,-18.783428],[-39.115265,-18.779651],[-39.114961,-18.775345],[-39.114651,-18.771128],[-39.114336,-18.766994],[-39.114018,-18.762933],[-39.113691,-18.758939],[-39.113357,-18.755009],[-39.113016,-18.751138],[-39.11267,-18.747322],[-39.112315,-18.743552],[-39.11195,-18.73983],[-39.111578,-18.736155],[-39.111198,-18.732524],[-39.11081,-18.728933],[-39.11041,-18.725383],[-39.110004,-18.721869],[-39.109588,-18.718392],[-39.109073,-18.714227],[-39.108553,-18.710128],[-39.108026,-18.706088],[-39.107495,-18.702109],[-39.106954,-18.698181],[-39.106408,-18.694303],[-39.105853,-18.690477],[-39.105288,-18.686693],[-39.104716,-18.682953],[-39.104134,-18.679252],[-39.103543,-18.675592],[-39.102944,-18.671972],[-39.102333,-18.668386],[-39.101714,-18.664839],[-39.101084,-18.661324],[-39.100444,-18.657841],[-39.099747,-18.654136],[-39.099046,-18.650483],[-39.09834,-18.646878],[-39.097628,-18.643315],[-39.096912,-18.639797],[-39.096189,-18.63632],[-39.095458,-18.632881],[-39.094723,-18.629483],[-39.09398,-18.626117],[-39.093229,-18.622786],[-39.092469,-18.619491],[-39.091703,-18.616226],[-39.090927,-18.612995],[-39.090144,-18.609794],[-39.089354,-18.606624],[-39.088551,-18.603483],[-39.087999,-18.60134],[-39.08744,-18.599208],[-39.08688,-18.597089],[-39.086317,-18.594981],[-39.085751,-18.592884],[-39.085183,-18.590796],[-39.084611,-18.588723],[-39.084037,-18.586656],[-39.083458,-18.584603],[-39.082878,-18.58256],[-39.082292,-18.580528],[-39.081707,-18.578506],[-39.081116,-18.576491],[-39.080522,-18.57449],[-39.079925,-18.572496],[-39.079323,-18.570516],[-39.078721,-18.568542],[-39.078113,-18.566579],[-39.077503,-18.564623],[-39.076889,-18.56268],[-39.07627,-18.560742],[-39.07565,-18.558817],[-39.075026,-18.556899],[-39.074398,-18.554994],[-39.073765,-18.553094],[-39.073129,-18.551203],[-39.07249,-18.549323],[-39.071849,-18.547453],[-39.071204,-18.54559],[-39.070554,-18.543735],[-39.069901,-18.541889],[-39.069243,-18.540053],[-39.068486,-18.537953],[-39.067734,-18.535885],[-39.066985,-18.533846],[-39.066243,-18.531832],[-39.065502,-18.529848],[-39.064768,-18.527885],[-39.064033,-18.525949],[-39.063302,-18.524034],[-39.062572,-18.522138],[-39.061844,-18.520264],[-39.061117,-18.518408],[-39.060391,-18.516573],[-39.059665,-18.514759],[-39.058939,-18.512958],[-39.058216,-18.511178],[-39.057492,-18.509412],[-39.056764,-18.50766],[-39.056038,-18.505925],[-39.055312,-18.504204],[-39.054583,-18.502499],[-39.053856,-18.500806],[-39.053125,-18.49913],[-39.052393,-18.497468],[-39.051662,-18.495819],[-39.05093,-18.494184],[-39.050195,-18.49256],[-39.049458,-18.490953],[-39.04872,-18.489356],[-39.04798,-18.48777],[-39.047238,-18.4862],[-39.046494,-18.484639],[-39.045748,-18.483091],[-39.045034,-18.481625],[-39.044316,-18.48016],[-39.043596,-18.478701],[-39.04287,-18.477246],[-39.042141,-18.475791],[-39.041406,-18.474343],[-39.040672,-18.472898],[-39.039931,-18.471454],[-39.039186,-18.470016],[-39.038437,-18.468582],[-39.037686,-18.467151],[-39.036931,-18.465726],[-39.036172,-18.464303],[-39.035409,-18.462883],[-39.034643,-18.461469],[-39.033872,-18.460059],[-39.033098,-18.458652],[-39.032322,-18.457249],[-39.031542,-18.455852],[-39.030759,-18.454457],[-39.029972,-18.453067],[-39.029181,-18.451684],[-39.028387,-18.450303],[-39.027588,-18.448927],[-39.026789,-18.447555],[-39.025984,-18.446189],[-39.025176,-18.444827],[-39.024366,-18.44347],[-39.023552,-18.442115],[-39.022736,-18.440767],[-39.021914,-18.439426],[-39.021093,-18.438085],[-39.020277,-18.436772],[-39.019452,-18.435452],[-39.018616,-18.434128],[-39.017772,-18.4328],[-39.016916,-18.431467],[-39.016052,-18.430126],[-39.015177,-18.428784],[-39.014291,-18.427434],[-39.013393,-18.426079],[-39.012486,-18.424717],[-39.011566,-18.423349],[-39.010638,-18.421973],[-39.009697,-18.420594],[-39.008744,-18.419205],[-39.007778,-18.417808],[-39.006802,-18.416402],[-39.005814,-18.414995],[-39.004815,-18.413577],[-39.003802,-18.41215],[-39.002777,-18.410713],[-39.001738,-18.409265],[-39.000683,-18.407806],[-38.999616,-18.406338],[-38.998533,-18.404855],[-38.997435,-18.403362],[-38.996318,-18.401855],[-38.995189,-18.400334],[-38.994041,-18.398796],[-38.992874,-18.397244],[-38.991686,-18.395672],[-38.990479,-18.394079],[-38.989252,-18.392468],[-38.988289,-18.391213],[-38.987315,-18.389949],[-38.986333,-18.388684],[-38.985339,-18.387412],[-38.984335,-18.386133],[-38.983319,-18.384848],[-38.982292,-18.383559],[-38.981253,-18.382259],[-38.980204,-18.380956],[-38.979143,-18.379645],[-38.978068,-18.378326],[-38.976981,-18.376998],[-38.975883,-18.375661],[-38.974769,-18.374313],[-38.973643,-18.372959],[-38.972501,-18.371594],[-38.97135,-18.370224],[-38.970185,-18.368842],[-38.969003,-18.36745],[-38.967806,-18.366043],[-38.966588,-18.364623],[-38.965355,-18.363185],[-38.962828,-18.360267],[-38.960222,-18.357275],[-38.957517,-18.354198],[-38.954698,-18.351012],[-38.95174,-18.347691],[-38.950543,-18.346356],[-38.949333,-18.345013],[-38.948109,-18.343661],[-38.946874,-18.342303],[-38.945624,-18.340938],[-38.944364,-18.339566],[-38.943088,-18.338183],[-38.941797,-18.336794],[-38.940491,-18.335394],[-38.939171,-18.333984],[-38.937834,-18.332564],[-38.936483,-18.331133],[-38.935113,-18.329691],[-38.933723,-18.328233],[-38.932316,-18.326765],[-38.930889,-18.325281],[-38.928006,-18.322296],[-38.925029,-18.319244],[-38.921953,-18.316106],[-38.918753,-18.312868],[-38.915435,-18.309526],[-38.911942,-18.306031],[-38.908234,-18.302337],[-38.90422,-18.298359],[-38.902078,-18.296246],[-38.899884,-18.294098],[-38.897637,-18.29191],[-38.895327,-18.289681],[-38.892952,-18.2874],[-38.890503,-18.28506],[-38.887962,-18.28265],[-38.88532,-18.280152],[-38.882984,-18.277954],[-38.880538,-18.275662],[-38.875182,-18.270665],[-38.870114,-18.265961],[-38.858659,-18.255344],[-38.853498,-18.250551],[-38.849901,-18.247209],[-38.846218,-18.243811],[-38.842444,-18.240352],[-38.838568,-18.236816],[-38.834586,-18.233204],[-38.830474,-18.229489],[-38.826211,-18.225663],[-38.821772,-18.221692],[-38.818032,-18.21836],[-38.814121,-18.214884],[-38.809997,-18.211231],[-38.805582,-18.207329],[-38.797338,-18.200061],[-38.782665,-18.187155],[-38.777087,-18.182245],[-38.771503,-18.17732],[-38.766474,-18.172874],[-38.761063,-18.168075],[-38.755996,-18.163561],[-38.751182,-18.159258],[-38.746577,-18.155121],[-38.741562,-18.15059],[-38.73913,-18.148382],[-38.736738,-18.146204],[-38.734386,-18.144055],[-38.732072,-18.141932],[-38.729793,-18.139835],[-38.727547,-18.137761],[-38.725329,-18.135705],[-38.723143,-18.133669],[-38.720984,-18.131651],[-38.718853,-18.129653],[-38.716746,-18.127669],[-38.714666,-18.125699],[-38.712609,-18.123746],[-38.710574,-18.121804],[-38.699823,-18.111533],[-38.694794,-18.106718],[-38.692211,-18.104234],[-38.689796,-18.101904],[-38.687505,-18.099689],[-38.685316,-18.09756],[-38.683022,-18.09532],[-38.680813,-18.093153],[-38.678674,-18.091044],[-38.676599,-18.088985],[-38.674576,-18.086967],[-38.672606,-18.084987],[-38.670684,-18.083041],[-38.668804,-18.081126],[-38.666071,-18.078327],[-38.663479,-18.075662],[-38.661003,-18.073101],[-38.658616,-18.070626],[-38.656309,-18.068214],[-38.654068,-18.065864],[-38.651893,-18.063566],[-38.649774,-18.061315],[-38.647691,-18.059089],[-38.645659,-18.056899],[-38.64367,-18.054742],[-38.641724,-18.052613],[-38.639814,-18.050511],[-38.637942,-18.048431],[-38.636104,-18.046375],[-38.6343,-18.044339],[-38.631618,-18.041291],[-38.629041,-18.03834],[-38.62655,-18.03547],[-38.624141,-18.032667],[-38.6218,-18.029921],[-38.620651,-18.028566],[-38.619522,-18.027225],[-38.618406,-18.025898],[-38.617302,-18.024578],[-38.616216,-18.023271],[-38.615141,-18.021971],[-38.614074,-18.020676],[-38.613021,-18.01939],[-38.61198,-18.018111],[-38.61095,-18.016843],[-38.609932,-18.015578],[-38.608924,-18.014323],[-38.60793,-18.013075],[-38.606943,-18.011831],[-38.605969,-18.010594],[-38.605004,-18.009364],[-38.60405,-18.00814],[-38.603104,-18.00692],[-38.60217,-18.005704],[-38.601244,-18.004494]]]}},
{"type":"Feature","properties":{"idhidrovia":200000430,"nome":"Acesso ao TUP Norte Capixaba","navegacao":"Navegação de Cabotagem","tipo":"Marítimo/oceânico","vel_cional":25.0,"extensao":1.0,"tempo":"0d 0h 2min","cla_icacao":"Acesso simples","nome_rio":null,"nom_eclusa":null,"jurisdicao":null,"reg_rafica":null,"pro_de_min":null,"pro_de_max":null,"dominio":null,"observacao":null,"snv":null,"fonte":null,"idm_origem":"BR320490","mun_origem":"São Mateus","est_origem":"ES","idm_estino":null,"mun_estino":null,"est_estino":null,"idantaq":null,"camada sim":"59","Fluxo":158965.0},"geometry":{"type":"MultiLineString","coordinates":[[[-39.118665,-18.882522],[-39.146858,-18.909955],[-39.176505,-18.934503],[-39.207702,-18.956228],[-39.239983,-18.97481],[-39.271579,-18.989105],[-39.306576,-19.001375],[-39.344998,-19.011629],[-39.386947,-19.019894],[-39.434729,-19.02644],[-39.476284,-19.029535],[-39.519633,-19.029831],[-39.563198,-19.027155],[-39.607395,-19.021439],[-39.651812,-19.012695],[-39.695841,-18.998721],[-39.736111,-18.978332]]]}},
{"type":"Feature","properties":{"idhidrovia":200000431,"nome":"Porto de Salvador - Porto de Maceió","navegacao":"Navegação de Cabotagem","tipo":"Marítimo/oceânico","vel_cional":25.0,"extensao":196.0,"tempo":"0d 7h 50min","cla_icacao":"Percurso externo","nome_rio":null,"nom_eclusa":null,"jurisdicao":null,"reg_rafica":null,"pro_de_min":null,"pro_de_max":null,"dominio":null,"observacao":null,"snv":null,"fonte":null,"idm_origem":null,"mun_origem":null,"est_origem":null,"idm_estino":null,"mun_estino":null,"est_estino":null,"idantaq":null,"camada sim":"60","Fluxo":29025988.0},"geometry":{"type":"MultiLineString","coordinates":[[[-36.203815,-11.10459],[-36.194774,-11.100196],[-36.183126,-11.094519],[-36.176901,-11.091473],[-36.171081,-11.088618],[-36.165559,-11.085898],[-36.160277,-11.083285],[-36.154021,-11.080177],[-36.148012,-11.077173],[-36.142206,-11.074253],[-36.136577,-11.071403],[-36.131095,-11.068609],[-36.125751,-11.065865],[-36.12053,-11.063164],[-36.115422,-11.060499],[-36.107723,-11.05648],[-36.090854,-11.047705],[-36.083423,-11.043829],[-36.07936,-11.041702],[-36.075569,-11.039709],[-36.071978,-11.037813],[-36.068547,-11.035994],[-36.06465,-11.033917],[-36.060906,-11.031907],[-36.057287,-11.029951],[-36.053776,-11.02804],[-36.050359,-11.026165],[-36.047029,-11.024323],[-36.043774,-11.022508],[-36.040591,-11.020716],[-36.035778,-11.017989],[-36.031091,-11.015314],[-36.026513,-11.012688],[-36.022038,-11.010103],[-36.017653,-11.007552],[-36.013353,-11.005032],[-36.009132,-11.002542],[-36.004986,-11.000076],[-36.0009,-10.997628],[-35.996879,-10.995202],[-35.992922,-10.992791],[-35.989021,-10.990398],[-35.985177,-10.988018],[-35.981388,-10.985649],[-35.977648,-10.983294],[-35.973958,-10.980947],[-35.972154,-10.979794],[-35.970339,-10.978626],[-35.968513,-10.977444],[-35.966675,-10.97625],[-35.964824,-10.975042],[-35.96296,-10.973819],[-35.961081,-10.972581],[-35.959189,-10.97133],[-35.955357,-10.968776],[-35.951458,-10.966155],[-35.947479,-10.963461],[-35.943412,-10.960686],[-35.939309,-10.957864],[-35.93509,-10.954943],[-35.930737,-10.951912],[-35.926217,-10.948745],[-35.921534,-10.945446],[-35.916589,-10.941945],[-35.911295,-10.938183],[-35.905434,-10.934003],[-35.900703,-10.930612],[-35.895952,-10.927186],[-35.891182,-10.923723],[-35.886389,-10.920223],[-35.881574,-10.916686],[-35.876738,-10.913111],[-35.871876,-10.909497],[-35.86699,-10.905843],[-35.862079,-10.902148],[-35.85714,-10.898412],[-35.852172,-10.894634],[-35.847174,-10.890812],[-35.842143,-10.886946],[-35.83708,-10.883032],[-35.83198,-10.879072],[-35.826844,-10.875061],[-35.82206,-10.871306],[-35.817267,-10.867523],[-35.812465,-10.863713],[-35.807653,-10.859873],[-35.802832,-10.856006],[-35.798001,-10.852109],[-35.79316,-10.848185],[-35.788308,-10.844231],[-35.783447,-10.840248],[-35.778574,-10.836235],[-35.77369,-10.832191],[-35.768793,-10.828117],[-35.763885,-10.824014],[-35.758965,-10.819879],[-35.75403,-10.815715],[-35.749084,-10.811517],[-35.744356,-10.807484],[-35.739618,-10.803423],[-35.73487,-10.799333],[-35.730113,-10.795213],[-35.725344,-10.791062],[-35.720567,-10.786882],[-35.715777,-10.782669],[-35.710974,-10.778427],[-35.706161,-10.774153],[-35.701337,-10.769849],[-35.696499,-10.765511],[-35.691648,-10.761141],[-35.686784,-10.756738],[-35.681905,-10.752302],[-35.677011,-10.747832],[-35.672102,-10.743328],[-35.667442,-10.739032],[-35.66277,-10.734704],[-35.658085,-10.730342],[-35.653388,-10.725946],[-35.648679,-10.721519],[-35.643954,-10.717057],[-35.639217,-10.712559],[-35.634464,-10.708028],[-35.629696,-10.703461],[-35.624912,-10.698857],[-35.620111,-10.694217],[-35.615293,-10.689539],[-35.610458,-10.684824],[-35.605603,-10.68007],[-35.600729,-10.675276],[-35.595835,-10.670441],[-35.592871,-10.667502],[-35.589905,-10.664552],[-35.586934,-10.66159],[-35.583959,-10.658614],[-35.580981,-10.655625],[-35.578,-10.652625],[-35.575012,-10.649611],[-35.572023,-10.646582],[-35.569028,-10.643542],[-35.566029,-10.640489],[-35.563026,-10.637422],[-35.560017,-10.634342],[-35.557004,-10.631247],[-35.553986,-10.62814],[-35.550964,-10.625018],[-35.547936,-10.621881],[-35.544904,-10.618733],[-35.541867,-10.615569],[-35.538823,-10.612391],[-35.535775,-10.609199],[-35.529659,-10.602769],[-35.523521,-10.59628],[-35.517356,-10.589731],[-35.511166,-10.583118],[-35.504947,-10.576441],[-35.498697,-10.569698],[-35.495784,-10.566542],[-35.492868,-10.563371],[-35.489946,-10.560188],[-35.487018,-10.556991],[-35.484087,-10.553779],[-35.481152,-10.550553],[-35.475264,-10.544057],[-35.469355,-10.537501],[-35.463425,-10.530886],[-35.45747,-10.524209],[-35.451492,-10.517469],[-35.445489,-10.510664],[-35.439458,-10.503795],[-35.433396,-10.496855],[-35.427306,-10.489848],[-35.421182,-10.482768],[-35.415024,-10.475612],[-35.408828,-10.468381],[-35.402594,-10.461069],[-35.396824,-10.454268],[-35.391033,-10.447404],[-35.385221,-10.440481],[-35.379387,-10.433495],[-35.37353,-10.426446],[-35.367649,-10.41933],[-35.361741,-10.412148],[-35.355804,-10.404894],[-35.349842,-10.397574],[-35.343848,-10.390178],[-35.33782,-10.382707],[-35.331758,-10.375159],[-35.325659,-10.367528],[-35.319521,-10.359816],[-35.313339,-10.352014],[-35.307115,-10.344124],[-35.301383,-10.336824],[-35.295628,-10.329459],[-35.289852,-10.322029],[-35.28405,-10.314529],[-35.278222,-10.306962],[-35.272368,-10.299322],[-35.266483,-10.291608],[-35.260568,-10.283818],[-35.254623,-10.275952],[-35.248643,-10.268003],[-35.242624,-10.259971],[-35.236567,-10.251851],[-35.230468,-10.243639],[-35.224325,-10.235333],[-35.218133,-10.226929],[-35.211889,-10.21842],[-35.206401,-10.210908],[-35.200888,-10.203329],[-35.195349,-10.195679],[-35.189782,-10.187957],[-35.184184,-10.180158],[-35.178553,-10.172283],[-35.17289,-10.164326],[-35.167189,-10.156285],[-35.161453,-10.14816],[-35.155676,-10.139946],[-35.149855,-10.131636],[-35.143987,-10.123226],[-35.138069,-10.114713],[-35.132097,-10.106092],[-35.126066,-10.097355],[-35.119973,-10.088495],[-35.114057,-10.079859],[-35.10811,-10.071137],[-35.10213,-10.062329],[-35.096116,-10.053432],[-35.090065,-10.044442],[-35.083973,-10.035354],[-35.07784,-10.026165],[-35.071663,-10.016871],[-35.06544,-10.007474],[-35.059167,-9.997961],[-35.052836,-9.988326],[-35.046447,-9.978564],[-35.039993,-9.968666],[-35.033468,-9.958626],[-35.027152,-9.948873]]]}},
{"type":"Feature","properties":{"idhidrovia":200000432,"nome":"Porto de Salvador - Porto de Maceió","navegacao":"Navegação de Cabotagem","tipo":"Marítimo/oceânico","vel_cional":25.0,"extensao":305.8608,"tempo":"0d 12h 14min","cla_icacao":"Percurso externo","nome_rio":null,"nom_eclusa":null,"jurisdicao":null,"reg_rafica":null,"pro_de_min":null,"pro_de_max":null,"dominio":null,"observacao":null,"snv":null,"fonte":null,"idm_origem":null,"mun_origem":null,"est_origem":null,"idm_estino":null,"mun_estino":null,"est_estino":null,"idantaq":null,"camada sim":"61","Fluxo":28797582.0},"geometry":{"type":"MultiLineString","coordinates":[[[-38.199815,-13.523384],[-38.198714,-13.522024],[-38.197074,-13.520008],[-38.195413,-13.517982],[-38.193731,-13.515947],[-38.192031,-13.513901],[-38.19052,-13.512097],[-38.188994,-13.510286],[-38.187452,-13.50847],[-38.18589,-13.506645],[-38.184313,-13.504813],[-38.182716,-13.502971],[-38.181102,-13.501122],[-38.179468,-13.499264],[-38.177815,-13.497396],[-38.176144,-13.495518],[-38.174452,-13.493629],[-38.172739,-13.491728],[-38.171005,-13.489817],[-38.169249,-13.487892],[-38.16747,-13.485953],[-38.165667,-13.483999],[-38.163947,-13.482148],[-38.162205,-13.480285],[-38.16044,-13.478412],[-38.158653,-13.476527],[-38.15684,-13.474629],[-38.155003,-13.472716],[-38.153139,-13.470788],[-38.151248,-13.468845],[-38.14933,-13.466888],[-38.147384,-13.464911],[-38.145406,-13.462915],[-38.143394,-13.460895],[-38.14135,-13.458854],[-38.139268,-13.456789],[-38.137148,-13.454693],[-38.134985,-13.452569],[-38.133377,-13.450995],[-38.131754,-13.449419],[-38.130119,-13.447836],[-38.128469,-13.446249],[-38.126804,-13.444658],[-38.125124,-13.443059],[-38.12343,-13.441456],[-38.12172,-13.439845],[-38.119995,-13.438228],[-38.118253,-13.436605],[-38.116495,-13.434974],[-38.114719,-13.433334],[-38.112926,-13.431687],[-38.111116,-13.430032],[-38.109287,-13.428368],[-38.107438,-13.426693],[-38.105575,-13.425013],[-38.103692,-13.423323],[-38.10179,-13.421623],[-38.099863,-13.419909],[-38.097915,-13.418181],[-38.095945,-13.416441],[-38.093947,-13.414687],[-38.091926,-13.412915],[-38.089879,-13.41113],[-38.087803,-13.409326],[-38.085697,-13.407503],[-38.083559,-13.405658],[-38.079182,-13.401901],[-38.074648,-13.398035],[-38.072792,-13.396463],[-38.07092,-13.394883],[-38.069029,-13.393297],[-38.067121,-13.391702],[-38.065193,-13.390098],[-38.063246,-13.388488],[-38.061281,-13.386867],[-38.059292,-13.385237],[-38.057285,-13.383597],[-38.055253,-13.381947],[-38.053201,-13.380283],[-38.051122,-13.378609],[-38.049019,-13.37692],[-38.046889,-13.375218],[-38.044733,-13.3735],[-38.042546,-13.371767],[-38.040356,-13.370034],[-38.038133,-13.368283],[-38.033583,-13.36472],[-38.028883,-13.361062],[-38.024002,-13.35729],[-38.018937,-13.353396],[-38.013613,-13.349325],[-38.007962,-13.345026],[-38.001843,-13.340389],[-37.998387,-13.337785],[-37.994853,-13.335143],[-37.991233,-13.332452],[-37.987518,-13.32971],[-37.983701,-13.326912],[-37.979761,-13.32404],[-37.975682,-13.321085],[-37.971437,-13.318025],[-37.967722,-13.315357],[-37.963833,-13.312576],[-37.959729,-13.309651],[-37.955328,-13.306525],[-37.947262,-13.300815],[-37.928704,-13.287703],[-37.919969,-13.281511],[-37.914569,-13.277684],[-37.909047,-13.273796],[-37.903393,-13.269835],[-37.897592,-13.265793],[-37.891634,-13.261665],[-37.885486,-13.257424],[-37.879122,-13.253054],[-37.872495,-13.248523],[-37.866906,-13.244716],[-37.861061,-13.240745],[-37.848311,-13.232117],[-37.83599,-13.223812],[-37.814003,-13.209016],[-37.805616,-13.203369],[-37.797193,-13.197687],[-37.78961,-13.192558],[-37.78141,-13.186998],[-37.773729,-13.181767],[-37.76643,-13.176776],[-37.759444,-13.171977],[-37.755566,-13.169302],[-37.751764,-13.166672],[-37.748033,-13.164082],[-37.744368,-13.16153],[-37.740761,-13.15901],[-37.737212,-13.156522],[-37.733716,-13.154061],[-37.730268,-13.151628],[-37.726863,-13.149214],[-37.723503,-13.146824],[-37.720185,-13.144455],[-37.716907,-13.142105],[-37.713667,-13.139772],[-37.710464,-13.137456],[-37.707296,-13.135156],[-37.704163,-13.132872],[-37.689731,-13.122332],[-37.682077,-13.11673],[-37.674754,-13.111342],[-37.671387,-13.108855],[-37.668165,-13.106465],[-37.664825,-13.103979],[-37.6616,-13.101568],[-37.658476,-13.099221],[-37.655439,-13.096928],[-37.652478,-13.094678],[-37.649585,-13.092472],[-37.646757,-13.090301],[-37.643988,-13.088162],[-37.63998,-13.085053],[-37.63613,-13.082055],[-37.632412,-13.079147],[-37.628807,-13.076316],[-37.625298,-13.073546],[-37.621878,-13.070833],[-37.61854,-13.068172],[-37.615273,-13.065554],[-37.61206,-13.062965],[-37.60891,-13.060411],[-37.605818,-13.05789],[-37.602781,-13.055398],[-37.599795,-13.052932],[-37.596857,-13.05049],[-37.593966,-13.048071],[-37.591118,-13.045671],[-37.58709,-13.042256],[-37.583171,-13.038913],[-37.579348,-13.035631],[-37.575614,-13.032405],[-37.571961,-13.029227],[-37.568382,-13.02609],[-37.564875,-13.022994],[-37.563146,-13.021459],[-37.561433,-13.019932],[-37.559731,-13.018411],[-37.558047,-13.016897],[-37.556376,-13.01539],[-37.55472,-13.01389],[-37.553077,-13.012397],[-37.55145,-13.010911],[-37.549835,-13.00943],[-37.548233,-13.007953],[-37.546644,-13.006484],[-37.545067,-13.005019],[-37.543503,-13.00356],[-37.54195,-13.002105],[-37.54041,-13.000654],[-37.538882,-12.999207],[-37.537365,-12.997766],[-37.535859,-12.996328],[-37.534387,-12.994915],[-37.532915,-12.993496],[-37.531441,-12.992072],[-37.529967,-12.990641],[-37.528494,-12.989205],[-37.52702,-12.987762],[-37.525545,-12.986311],[-37.524068,-12.984856],[-37.522593,-12.983394],[-37.521116,-12.981925],[-37.518161,-12.97897],[-37.515205,-12.975987],[-37.512245,-12.972982],[-37.509284,-12.969948],[-37.506318,-12.966891],[-37.503351,-12.963805],[-37.500379,-12.960694],[-37.497405,-12.957558],[-37.494427,-12.954394],[-37.491446,-12.951202],[-37.48846,-12.947984],[-37.486947,-12.946345],[-37.485432,-12.944696],[-37.483915,-12.943035],[-37.482394,-12.941366],[-37.480871,-12.939686],[-37.479346,-12.937996],[-37.477818,-12.936296],[-37.476287,-12.934587],[-37.474753,-12.932864],[-37.473216,-12.931134],[-37.471676,-12.929391],[-37.470132,-12.927637],[-37.468586,-12.925872],[-37.467035,-12.924096],[-37.465479,-12.922309],[-37.46392,-12.92051],[-37.462358,-12.918699],[-37.460791,-12.916878],[-37.457645,-12.913197],[-37.454479,-12.909465],[-37.451292,-12.90568],[-37.448082,-12.90184],[-37.444848,-12.897944],[-37.441586,-12.89399],[-37.438294,-12.88997],[-37.436748,-12.888071],[-37.4352,-12.886164],[-37.43365,-12.884247],[-37.432099,-12.882319],[-37.430548,-12.880383],[-37.428994,-12.878436],[-37.427439,-12.876481],[-37.425882,-12.874515],[-37.424325,-12.872541],[-37.422764,-12.870556],[-37.421204,-12.868562],[-37.41964,-12.866555],[-37.416508,-12.862515],[-37.413367,-12.858432],[-37.410218,-12.854309],[-37.407058,-12.850141],[-37.403888,-12.845928],[-37.400706,-12.84167],[-37.397512,-12.837365],[-37.394306,-12.833009],[-37.391083,-12.828606],[-37.387846,-12.824151],[-37.384993,-12.820197],[-37.382133,-12.816204],[-37.379266,-12.81217],[-37.37639,-12.808094],[-37.373505,-12.803976],[-37.37061,-12.799815],[-37.367705,-12.795609],[-37.364786,-12.791354],[-37.361857,-12.787055],[-37.358913,-12.782705],[-37.355955,-12.778304],[-37.35298,-12.773849],[-37.349986,-12.769339],[-37.346974,-12.764772],[-37.34394,-12.760142],[-37.340882,-12.755451],[-37.338118,-12.751179],[-37.335343,-12.746864],[-37.33256,-12.742502],[-37.329766,-12.738094],[-37.326962,-12.733637],[-37.324142,-12.729129],[-37.321311,-12.72457],[-37.318463,-12.719955],[-37.315601,-12.715287],[-37.312722,-12.710559],[-37.309821,-12.705771],[-37.306901,-12.700915],[-37.303955,-12.695994],[-37.300984,-12.690998],[-37.297984,-12.685928],[-37.294953,-12.680773],[-37.292375,-12.676365],[-37.289785,-12.671906],[-37.287182,-12.667396],[-37.284565,-12.662834],[-37.281931,-12.658215],[-37.279282,-12.653537],[-37.276612,-12.648799],[-37.273923,-12.643995],[-37.271214,-12.639131],[-37.268479,-12.634194],[-37.265718,-12.629181],[-37.262928,-12.624086],[-37.260103,-12.618904],[-37.257243,-12.613628],[-37.254339,-12.60825],[-37.25139,-12.602762],[-37.248641,-12.597616],[-37.245877,-12.592408],[-37.243096,-12.587134],[-37.240296,-12.581794],[-37.237476,-12.576382],[-37.234634,-12.570895],[-37.231768,-12.565326],[-37.228873,-12.559673],[-37.225955,-12.553941],[-37.223004,-12.548111],[-37.220014,-12.542177],[-37.216983,-12.53613],[-37.213906,-12.529963],[-37.210777,-12.523657],[-37.207588,-12.517203],[-37.204329,-12.510578],[-37.202171,-12.506176],[-37.199997,-12.501716],[-37.1978,-12.497192],[-37.195583,-12.492603],[-37.193342,-12.487942],[-37.191073,-12.483207],[-37.188774,-12.478391],[-37.186442,-12.473485],[-37.184085,-12.468505],[-37.181685,-12.463421],[-37.176743,-12.452887],[-37.171562,-12.441777],[-37.16604,-12.429869],[-37.164122,-12.425712],[-37.162174,-12.421469],[-37.160189,-12.41713],[-37.158163,-12.412686],[-37.153972,-12.403434],[-37.149521,-12.393544],[-37.145397,-12.384325],[-37.140807,-12.374024],[-37.136488,-12.364304],[-37.127003,-12.342924],[-37.12306,-12.334051],[-37.118555,-12.323892],[-37.113984,-12.313518],[-37.109335,-12.302903],[-37.104598,-12.29202],[-37.099763,-12.280849],[-37.094804,-12.269334],[-37.089697,-12.257419],[-37.084411,-12.24502],[-37.079977,-12.234583],[-37.075358,-12.223675],[-37.070506,-12.212184],[-37.06533,-12.199889],[-37.055695,-12.176942],[-37.038575,-12.136084],[-37.032055,-12.120537],[-37.025505,-12.104943],[-37.019587,-12.090896],[-37.013185,-12.075748],[-37.007156,-12.061545],[-37.001398,-12.04804],[-36.995852,-12.035102],[-36.992778,-12.02796],[-36.989753,-12.020956],[-36.986772,-12.014077],[-36.983832,-12.007315],[-36.980927,-12.000659],[-36.978056,-11.994101],[-36.975214,-11.987638],[-36.9724,-11.981261],[-36.969608,-11.974961],[-36.966841,-11.968738],[-36.964094,-11.96259],[-36.961367,-11.956512],[-36.958658,-11.950499],[-36.955967,-11.944551],[-36.953291,-11.938663],[-36.950629,-11.932833],[-36.938917,-11.907211],[-36.933368,-11.895101],[-36.927838,-11.883084],[-36.925286,-11.877567],[-36.922837,-11.872286],[-36.920257,-11.866747],[-36.917757,-11.861402],[-36.915323,-11.85622],[-36.912944,-11.851181],[-36.910609,-11.846263],[-36.908316,-11.841459],[-36.906059,-11.836757],[-36.903835,-11.832148],[-36.900457,-11.825181],[-36.897184,-11.818459],[-36.893996,-11.81194],[-36.890883,-11.805602],[-36.88783,-11.799417],[-36.884833,-11.793374],[-36.881884,-11.787459],[-36.878979,-11.781662],[-36.8761,-11.775952],[-36.873257,-11.770343],[-36.870444,-11.764825],[-36.86766,-11.759396],[-36.864899,-11.754047],[-36.862161,-11.748775],[-36.859444,-11.743575],[-36.856743,-11.738445],[-36.853409,-11.732146],[-36.850141,-11.726003],[-36.846932,-11.720001],[-36.843772,-11.714128],[-36.840656,-11.708368],[-36.83758,-11.702714],[-36.834538,-11.69716],[-36.83153,-11.6917],[-36.828544,-11.686315],[-36.825583,-11.681013],[-36.822645,-11.675788],[-36.819729,-11.670636],[-36.816831,-11.665552],[-36.813951,-11.660536],[-36.811084,-11.655583],[-36.808233,-11.650691],[-36.804825,-11.644885],[-36.801465,-11.639193],[-36.798146,-11.633606],[-36.794862,-11.628118],[-36.791612,-11.622719],[-36.788389,-11.617407],[-36.785195,-11.612175],[-36.782024,-11.60702],[-36.778872,-11.601933],[-36.77574,-11.596916],[-36.772626,-11.591965],[-36.769526,-11.587077],[-36.767983,-11.584657],[-36.766443,-11.582252],[-36.764904,-11.579862],[-36.76337,-11.577486],[-36.761839,-11.575124],[-36.760311,-11.572775],[-36.758785,-11.570441],[-36.757261,-11.568122],[-36.753824,-11.562915],[-36.750419,-11.557791],[-36.747041,-11.552747],[-36.743687,-11.547774],[-36.740358,-11.542871],[-36.73705,-11.538038],[-36.735402,-11.535645],[-36.733759,-11.533267],[-36.732121,-11.530905],[-36.730486,-11.52856],[-36.728856,-11.526227],[-36.727229,-11.523908],[-36.725605,-11.521604],[-36.723984,-11.519315],[-36.722366,-11.517039],[-36.720753,-11.514779],[-36.719141,-11.512529],[-36.717534,-11.510296],[-36.715927,-11.508074],[-36.714325,-11.505865],[-36.712724,-11.503669],[-36.711125,-11.501485],[-36.709529,-11.499314],[-36.707934,-11.497156],[-36.706341,-11.49501],[-36.704751,-11.492876],[-36.701413,-11.488424],[-36.698095,-11.484028],[-36.694794,-11.479687],[-36.691509,-11.4754],[-36.689872,-11.473274],[-36.688237,-11.471163],[-36.686607,-11.469063],[-36.68498,-11.466976],[-36.683356,-11.4649],[-36.681735,-11.462837],[-36.680117,-11.460786],[-36.678502,-11.458745],[-36.676887,-11.456716],[-36.675277,-11.4547],[-36.673668,-11.452693],[-36.672063,-11.450697],[-36.670459,-11.448714],[-36.668857,-11.44674],[-36.667257,-11.444779],[-36.66566,-11.442826],[-36.664064,-11.440884],[-36.662469,-11.438954],[-36.660876,-11.437034],[-36.659286,-11.435124],[-36.657696,-11.433223],[-36.656109,-11.431333],[-36.654522,-11.429453],[-36.652937,-11.427583],[-36.649678,-11.423761],[-36.646428,-11.41998],[-36.644807,-11.418103],[-36.643188,-11.416237],[-36.641573,-11.414379],[-36.639958,-11.412532],[-36.638345,-11.410695],[-36.636735,-11.408865],[-36.635126,-11.407047],[-36.633521,-11.405236],[-36.631915,-11.403437],[-36.630313,-11.401645],[-36.628711,-11.399862],[-36.627111,-11.398089],[-36.625512,-11.396323],[-36.623916,-11.394567],[-36.62232,-11.39282],[-36.620727,-11.391082],[-36.619134,-11.389352],[-36.617542,-11.387631],[-36.615952,-11.385918],[-36.614364,-11.384214],[-36.612775,-11.382519],[-36.611189,-11.380831],[-36.609603,-11.379151],[-36.608018,-11.377482],[-36.606434,-11.375819],[-36.604852,-11.374166],[-36.60327,-11.372519],[-36.601689,-11.370881],[-36.600012,-11.369151],[-36.598336,-11.36743],[-36.596659,-11.365714],[-36.594985,-11.364008],[-36.593311,-11.362308],[-36.591639,-11.360616],[-36.589965,-11.358933],[-36.588295,-11.357257],[-36.586624,-11.355589],[-36.584954,-11.353927],[-36.583283,-11.352275],[-36.581615,-11.350628],[-36.579946,-11.34899],[-36.578279,-11.34736],[-36.576613,-11.345738],[-36.574947,-11.344122],[-36.573281,-11.342513],[-36.571615,-11.340913],[-36.569952,-11.33932],[-36.568288,-11.337733],[-36.566623,-11.336156],[-36.56496,-11.334585],[-36.563298,-11.333021],[-36.561636,-11.331464],[-36.559975,-11.329917],[-36.558312,-11.328374],[-36.556652,-11.32684],[-36.554991,-11.325314],[-36.553331,-11.323795],[-36.551673,-11.322281],[-36.550012,-11.320778],[-36.548355,-11.319279],[-36.546616,-11.317717],[-36.544879,-11.316162],[-36.543142,-11.314614],[-36.541403,-11.313072],[-36.539667,-11.311538],[-36.537928,-11.310009],[-36.536191,-11.308486],[-36.534452,-11.306972],[-36.532716,-11.305462],[-36.530977,-11.30396],[-36.52924,-11.302466],[-36.527501,-11.300976],[-36.525764,-11.299495],[-36.524025,-11.298019],[-36.522288,-11.296549],[-36.52055,-11.295087],[-36.518811,-11.293632],[-36.517074,-11.292184],[-36.515335,-11.290741],[-36.513598,-11.289305],[-36.511859,-11.287876],[-36.510122,-11.286455],[-36.508383,-11.28504],[-36.506647,-11.28363],[-36.504908,-11.282228],[-36.503171,-11.280832],[-36.501432,-11.279443],[-36.499696,-11.278062],[-36.497957,-11.276687],[-36.49622,-11.275318],[-36.494483,-11.273956],[-36.492745,-11.2726],[-36.490948,-11.271205],[-36.489144,-11.269812],[-36.487335,-11.268423],[-36.485522,-11.267035],[-36.483702,-11.265651],[-36.481876,-11.264269],[-36.480046,-11.26289],[-36.478211,-11.261514],[-36.47637,-11.260141],[-36.474524,-11.25877],[-36.472672,-11.257402],[-36.470815,-11.256036],[-36.468953,-11.254675],[-36.467086,-11.253315],[-36.465215,-11.25196],[-36.463337,-11.250605],[-36.461455,-11.249256],[-36.459566,-11.247908],[-36.457675,-11.246563],[-36.455776,-11.245222],[-36.453874,-11.243885],[-36.451967,-11.242549],[-36.450054,-11.241217],[-36.448138,-11.239888],[-36.446215,-11.238562],[-36.444288,-11.237239],[-36.442357,-11.23592],[-36.440421,-11.234603],[-36.438479,-11.23329],[-36.436534,-11.23198],[-36.434584,-11.230674],[-36.432628,-11.229371],[-36.429777,-11.227484],[-36.426884,-11.225585],[-36.423945,-11.223675],[-36.42096,-11.22175],[-36.417926,-11.21981],[-36.414841,-11.217854],[-36.411698,-11.215878],[-36.408498,-11.213879],[-36.405245,-11.211864],[-36.401922,-11.209822],[-36.398524,-11.207746],[-36.395046,-11.205636],[-36.391477,-11.203485],[-36.387807,-11.201285],[-36.384017,-11.19903],[-36.380093,-11.196704],[-36.37735,-11.195092],[-36.374552,-11.193459],[-36.37169,-11.191801],[-36.368757,-11.190117],[-36.365752,-11.188402],[-36.362661,-11.186652],[-36.35947,-11.184856],[-36.356166,-11.183009],[-36.35298,-11.181238],[-36.349654,-11.179396],[-36.346151,-11.177467],[-36.342413,-11.175418],[-36.334879,-11.171302],[-36.320475,-11.163465],[-36.317469,-11.161832],[-36.31443,-11.160192],[-36.31136,-11.158545],[-36.308255,-11.156886],[-36.305112,-11.155219],[-36.301932,-11.153541],[-36.298712,-11.151849],[-36.29545,-11.150145],[-36.292147,-11.148429],[-36.288797,-11.146696],[-36.285398,-11.144947],[-36.281942,-11.143178],[-36.278432,-11.141389],[-36.274858,-11.139575],[-36.271217,-11.137736],[-36.267504,-11.135866],[-36.260846,-11.132535],[-36.253894,-11.129079],[-36.246575,-11.125462],[-36.238765,-11.121622],[-36.231557,-11.118095],[-36.223554,-11.11419],[-36.215595,-11.110317],[-36.203815,-11.10459]]]}},
{"type":"Feature","properties":{"idhidrovia":200000433,"nome":"Acesso ao TUP Carmópolis","navegacao":"Navegação de Cabotagem","tipo":"Marítimo/oceânico","vel_cional":25.0,"extensao":1.0,"tempo":"0d 0h 2min","cla_icacao":"Acesso simples","nome_rio":null,"nom_eclusa":null,"jurisdicao":null,"reg_rafica":null,"pro_de_min":null,"pro_de_max":null,"dominio":null,"observacao":null,"snv":null,"fonte":null,"idm_origem":"BR280030","mun_origem":"Aracaju","est_origem":"SE","idm_estino":null,"mun_estino":null,"est_estino":null,"idantaq":null,"camada sim":"62","Fluxo":229958.0},"geometry":{"type":"MultiLineString","coordinates":[[[-36.203815,-11.10459],[-36.30348,-11.099239],[-36.457239,-11.074439],[-36.651919,-11.038479],[-36.813119,-10.99756],[-36.93216,-10.966559],[-36.99416,-10.931839]]]}},
{"type":"Feature","properties":{"idhidrovia":200000434,"nome":"Porto de Natal - Porto de Areia Branca","navegacao":"Navegação de Cabotagem","tipo":"Marítimo/oceânico","vel_cional":25.0,"extensao":56.0,"tempo":"0d 2h 14min","cla_icacao":"Percurso externo","nome_rio":null,"nom_eclusa":null,"jurisdicao":null,"reg_rafica":null,"pro_de_min":null,"pro_de_max":null,"dominio":null,"observacao":null,"snv":null,"fonte":null,"idm_origem":null,"mun_origem":null,"est_origem":null,"idm_estino":null,"mun_estino":null,"est_estino":null,"idantaq":null,"camada sim":"63","Fluxo":19121077.0},"geometry":{"type":"MultiLineString","coordinates":[[[-36.545277,-4.392378],[-36.54925,-4.391682],[-36.555987,-4.390488],[-36.562376,-4.389343],[-36.568483,-4.388232],[-36.575285,-4.386976],[-36.581834,-4.385747],[-36.588169,-4.384534],[-36.594318,-4.383334],[-36.597335,-4.382736],[-36.600312,-4.38214],[-36.603253,-4.381546],[-36.606161,-4.380951],[-36.609036,-4.380358],[-36.611879,-4.379763],[-36.614693,-4.37917],[-36.617477,-4.378575],[-36.620468,-4.37793],[-36.623429,-4.377282],[-36.626361,-4.376634],[-36.629263,-4.375982],[-36.632139,-4.375329],[-36.634988,-4.374676],[-36.637813,-4.374018],[-36.640613,-4.373358],[-36.643388,-4.372696],[-36.646143,-4.372029],[-36.648874,-4.371361],[-36.651584,-4.370688],[-36.654274,-4.370013],[-36.656942,-4.369334],[-36.659592,-4.368649],[-36.662221,-4.367962],[-36.664836,-4.367271],[-36.667431,-4.366575],[-36.670008,-4.365874],[-36.672567,-4.365171],[-36.675111,-4.364461],[-36.677636,-4.363748],[-36.680146,-4.363029],[-36.682639,-4.362306],[-36.685118,-4.361577],[-36.687579,-4.360845],[-36.690027,-4.360107],[-36.692459,-4.359363],[-36.694876,-4.358615],[-36.697279,-4.35786],[-36.699669,-4.357102],[-36.702044,-4.356336],[-36.704312,-4.355597],[-36.706589,-4.354847],[-36.708871,-4.354086],[-36.711162,-4.353316],[-36.713461,-4.352533],[-36.715769,-4.35174],[-36.718083,-4.350935],[-36.720407,-4.35012],[-36.722738,-4.349294],[-36.725079,-4.348456],[-36.727431,-4.347608],[-36.72979,-4.346746],[-36.73216,-4.345875],[-36.734538,-4.344992],[-36.736927,-4.344096],[-36.739328,-4.343189],[-36.741737,-4.342272],[-36.744157,-4.341342],[-36.746589,-4.340398],[-36.749034,-4.339445],[-36.751489,-4.338477],[-36.753957,-4.337496],[-36.756439,-4.336504],[-36.758935,-4.335499],[-36.761443,-4.334481],[-36.763967,-4.333448],[-36.766505,-4.332403],[-36.76906,-4.331343],[-36.77163,-4.330269],[-36.774217,-4.329182],[-36.776822,-4.328079],[-36.779443,-4.326963],[-36.782007,-4.325864],[-36.78459,-4.324749],[-36.787191,-4.323622],[-36.789814,-4.322477],[-36.792458,-4.321316],[-36.795124,-4.32014],[-36.797814,-4.318947],[-36.800527,-4.317738],[-36.803266,-4.31651],[-36.806032,-4.315263],[-36.811655,-4.312712],[-36.817408,-4.310076],[-36.823312,-4.307349],[-36.829236,-4.304588],[-36.835357,-4.301715],[-36.841712,-4.298713],[-36.848362,-4.29555],[-36.855255,-4.292252],[-36.862662,-4.288692],[-36.870769,-4.284779],[-36.880434,-4.280101],[-36.884932,-4.277911],[-36.88944,-4.275698],[-36.893957,-4.273461],[-36.898485,-4.2712],[-36.903024,-4.268913],[-36.907575,-4.266602],[-36.912135,-4.264268],[-36.916708,-4.261908],[-36.921295,-4.259522],[-36.925891,-4.257113],[-36.930503,-4.254677],[-36.935127,-4.252215],[-36.939765,-4.249728],[-36.944417,-4.247214],[-36.949083,-4.244674],[-36.953764,-4.242107],[-36.95846,-4.239516],[-36.963171,-4.236896],[-36.963661,-4.236621],[-36.967897,-4.23425]]]}},
{"type":"Feature","properties":{"idhidrovia":200000435,"nome":"Porto de Natal - Porto de Areia Branca","navegacao":"Navegação de Cabotagem","tipo":"Marítimo/oceânico","vel_cional":25.0,"extensao":223.72,"tempo":"0d 8h 56min","cla_icacao":"Percurso externo","nome_rio":null,"nom_eclusa":null,"jurisdicao":null,"reg_rafica":null,"pro_de_min":null,"pro_de_max":null,"dominio":null,"observacao":null,"snv":null,"fonte":null,"idm_origem":null,"mun_origem":null,"est_origem":null,"idm_estino":null,"mun_estino":null,"est_estino":null,"idantaq":null,"camada sim":"64","Fluxo":19835166.0},"geometry":{"type":"MultiLineString","coordinates":[[[-34.464424,-5.744197],[-34.464436,-5.744162],[-34.467072,-5.737212],[-34.469669,-5.730411],[-34.472208,-5.7238],[-34.47469,-5.717393],[-34.477108,-5.711195],[-34.47946,-5.705213],[-34.481743,-5.699456],[-34.483956,-5.693929],[-34.484557,-5.692432],[-34.485176,-5.690877],[-34.486468,-5.687593],[-34.487838,-5.684072],[-34.489288,-5.680303],[-34.490822,-5.67628],[-34.492449,-5.67198],[-34.494173,-5.667386],[-34.496006,-5.662472],[-34.497807,-5.657617],[-34.499726,-5.652417],[-34.504012,-5.640741],[-34.508831,-5.627534],[-34.51992,-5.597052],[-34.52503,-5.583038],[-34.530391,-5.568397],[-34.535231,-5.555259],[-34.53799,-5.547807],[-34.540644,-5.540678],[-34.543205,-5.533834],[-34.545681,-5.52725],[-34.548087,-5.520895],[-34.550421,-5.514766],[-34.552689,-5.50885],[-34.554896,-5.503137],[-34.557423,-5.496652],[-34.559871,-5.490428],[-34.561067,-5.487413],[-34.562244,-5.48446],[-34.563403,-5.481569],[-34.564545,-5.478739],[-34.565668,-5.475969],[-34.566774,-5.473258],[-34.567864,-5.470608],[-34.568936,-5.468017],[-34.569991,-5.465486],[-34.57103,-5.463011],[-34.572052,-5.460595],[-34.573059,-5.458236],[-34.574049,-5.455934],[-34.575023,-5.453687],[-34.575983,-5.451499],[-34.576925,-5.449366],[-34.577852,-5.447289],[-34.578761,-5.445269],[-34.579658,-5.443306],[-34.580536,-5.441398],[-34.5814,-5.439545],[-34.58225,-5.43775],[-34.583083,-5.436009],[-34.5839,-5.434323],[-34.584704,-5.432693],[-34.58549,-5.431117],[-34.586263,-5.429597],[-34.586643,-5.428857],[-34.58702,-5.428131],[-34.588295,-5.424896],[-34.589578,-5.421663],[-34.590868,-5.418429],[-34.592168,-5.415197],[-34.593477,-5.411963],[-34.594796,-5.40873],[-34.596122,-5.405495],[-34.597456,-5.40226],[-34.598801,-5.399023],[-34.600155,-5.395786],[-34.601519,-5.392547],[-34.60289,-5.389306],[-34.604272,-5.386061],[-34.605665,-5.382816],[-34.607067,-5.379567],[-34.608477,-5.376316],[-34.6099,-5.37306],[-34.61133,-5.369803],[-34.612772,-5.36654],[-34.614224,-5.363273],[-34.615687,-5.360002],[-34.617162,-5.356726],[-34.618647,-5.353443],[-34.620142,-5.350157],[-34.62165,-5.346862],[-34.623168,-5.343562],[-34.624698,-5.340253],[-34.626241,-5.336939],[-34.627795,-5.333616],[-34.629362,-5.330284],[-34.630941,-5.326944],[-34.632534,-5.323595],[-34.63413,-5.320253],[-34.635741,-5.3169],[-34.637365,-5.313537],[-34.639001,-5.310163],[-34.640653,-5.306776],[-34.642318,-5.303378],[-34.643996,-5.299966],[-34.645691,-5.29654],[-34.647401,-5.293099],[-34.649126,-5.289646],[-34.650866,-5.286175],[-34.652624,-5.282688],[-34.654397,-5.279183],[-34.656188,-5.275661],[-34.657995,-5.272119],[-34.659821,-5.268557],[-34.661664,-5.26498],[-34.663524,-5.261382],[-34.665404,-5.25776],[-34.667304,-5.254114],[-34.669224,-5.250442],[-34.671166,-5.246744],[-34.675119,-5.239264],[-34.679163,-5.231662],[-34.683309,-5.223921],[-34.687567,-5.216028],[-34.691944,-5.207963],[-34.694194,-5.203844],[-34.69646,-5.199721],[-34.698743,-5.195594],[-34.701045,-5.191466],[-34.703361,-5.187331],[-34.705696,-5.183195],[-34.708047,-5.179053],[-34.710414,-5.174909],[-34.7128,-5.170759],[-34.715201,-5.166606],[-34.717619,-5.162449],[-34.720055,-5.158288],[-34.722509,-5.154124],[-34.72498,-5.149955],[-34.727466,-5.145781],[-34.729971,-5.141604],[-34.732494,-5.137421],[-34.735033,-5.133236],[-34.737588,-5.129044],[-34.740163,-5.12485],[-34.742753,-5.12065],[-34.745362,-5.116444],[-34.747987,-5.112236],[-34.75063,-5.108022],[-34.753292,-5.103803],[-34.755971,-5.099579],[-34.758667,-5.09535],[-34.76138,-5.091117],[-34.764111,-5.086878],[-34.76686,-5.082634],[-34.769627,-5.078386],[-34.772413,-5.074131],[-34.775213,-5.069873],[-34.778033,-5.06561],[-34.78087,-5.06134],[-34.783726,-5.057065],[-34.7866,-5.052785],[-34.789493,-5.048498],[-34.792403,-5.044205],[-34.79533,-5.039907],[-34.798278,-5.035603],[-34.801242,-5.031292],[-34.804226,-5.026975],[-34.807228,-5.022651],[-34.810251,-5.018322],[-34.81329,-5.013984],[-34.816349,-5.009641],[-34.819426,-5.00529],[-34.822522,-5.000932],[-34.825637,-4.996569],[-34.828772,-4.992196],[-34.831927,-4.987817],[-34.835099,-4.983431],[-34.838293,-4.979036],[-34.841504,-4.974635],[-34.844737,-4.970225],[-34.847988,-4.965805],[-34.851261,-4.96138],[-34.854553,-4.956944],[-34.857864,-4.952499],[-34.861196,-4.948048],[-34.86455,-4.943585],[-34.867922,-4.939115],[-34.871318,-4.934633],[-34.878151,-4.925654],[-34.881484,-4.921292],[-34.884768,-4.917005],[-34.888008,-4.912787],[-34.891209,-4.908636],[-34.89437,-4.904545],[-34.897497,-4.900514],[-34.900595,-4.896531],[-34.903661,-4.8926],[-34.906702,-4.888719],[-34.909714,-4.884884],[-34.912703,-4.881095],[-34.915666,-4.877347],[-34.91861,-4.873642],[-34.921532,-4.869976],[-34.924446,-4.866334],[-34.92734,-4.862729],[-34.930219,-4.859161],[-34.933079,-4.855627],[-34.935924,-4.852126],[-34.938755,-4.848658],[-34.941571,-4.845221],[-34.944374,-4.841815],[-34.947164,-4.83844],[-34.949942,-4.835092],[-34.952708,-4.831774],[-34.955463,-4.828484],[-34.958208,-4.825219],[-34.960943,-4.821983],[-34.963669,-4.818773],[-34.966385,-4.815587],[-34.969115,-4.812401],[-34.971839,-4.809237],[-34.974553,-4.8061],[-34.97726,-4.802986],[-34.979959,-4.799896],[-34.98265,-4.796831],[-34.985337,-4.793788],[-34.988016,-4.790766],[-34.99069,-4.787767],[-34.993358,-4.784791],[-34.99602,-4.781836],[-34.998677,-4.778902],[-35.00133,-4.775989],[-35.003976,-4.773096],[-35.006619,-4.770226],[-35.009259,-4.767375],[-35.011893,-4.764542],[-35.014525,-4.761731],[-35.017153,-4.758937],[-35.019778,-4.756165],[-35.022401,-4.753411],[-35.025019,-4.750676],[-35.027634,-4.747961],[-35.030247,-4.745263],[-35.032857,-4.742585],[-35.035465,-4.739924],[-35.038071,-4.737282],[-35.040675,-4.734657],[-35.043277,-4.732051],[-35.045876,-4.729462],[-35.048476,-4.726892],[-35.051073,-4.724338],[-35.060917,-4.714698],[-35.068722,-4.707079],[-35.07235,-4.703549],[-35.075816,-4.700187],[-35.079151,-4.69696],[-35.082379,-4.693848],[-35.085602,-4.69075],[-35.088743,-4.68774],[-35.091813,-4.68481],[-35.094821,-4.681953],[-35.097774,-4.679157],[-35.100676,-4.676421],[-35.103534,-4.673739],[-35.106349,-4.671109],[-35.109216,-4.668446],[-35.112045,-4.665829],[-35.11484,-4.663257],[-35.117604,-4.660727],[-35.120339,-4.658239],[-35.123049,-4.655788],[-35.125732,-4.653374],[-35.128393,-4.650994],[-35.131033,-4.648647],[-35.133653,-4.646334],[-35.136254,-4.644052],[-35.138835,-4.641799],[-35.141401,-4.639578],[-35.143951,-4.637385],[-35.146484,-4.63522],[-35.149005,-4.633081],[-35.151595,-4.630899],[-35.154173,-4.628745],[-35.156737,-4.626617],[-35.159289,-4.624518],[-35.16183,-4.622442],[-35.16436,-4.620395],[-35.166879,-4.61837],[-35.169389,-4.616373],[-35.171889,-4.614398],[-35.174379,-4.612447],[-35.176862,-4.610521],[-35.179338,-4.608616],[-35.181804,-4.606735],[-35.184265,-4.604878],[-35.186717,-4.603043],[-35.189163,-4.601229],[-35.191606,-4.599435],[-35.194042,-4.597665],[-35.196472,-4.595915],[-35.198897,-4.594186],[-35.201318,-4.59248],[-35.203733,-4.590792],[-35.206144,-4.589127],[-35.208551,-4.587481],[-35.210954,-4.585857],[-35.212155,-4.585053],[-35.213354,-4.584253],[-35.214551,-4.583458],[-35.215749,-4.582667],[-35.216946,-4.581883],[-35.218142,-4.581102],[-35.219337,-4.580327],[-35.220531,-4.579557],[-35.221724,-4.578793],[-35.222917,-4.578032],[-35.22411,-4.577277],[-35.225301,-4.576526],[-35.226492,-4.575782],[-35.227682,-4.57504],[-35.229717,-4.573782],[-35.231762,-4.572529],[-35.233814,-4.571278],[-35.235875,-4.570033],[-35.237945,-4.568792],[-35.240023,-4.567554],[-35.242109,-4.566322],[-35.244204,-4.565095],[-35.246307,-4.56387],[-35.248418,-4.562651],[-35.250537,-4.561436],[-35.252665,-4.560226],[-35.254801,-4.559021],[-35.256945,-4.557819],[-35.259095,-4.556623],[-35.261254,-4.55543],[-35.263423,-4.554242],[-35.265597,-4.55306],[-35.26778,-4.551883],[-35.26997,-4.550709],[-35.272168,-4.54954],[-35.274374,-4.548377],[-35.276586,-4.547219],[-35.278807,-4.546064],[-35.281035,-4.544915],[-35.28327,-4.543771],[-35.285511,-4.542633],[-35.287762,-4.5415],[-35.290018,-4.540371],[-35.292281,-4.539246],[-35.294552,-4.538128],[-35.296829,-4.537015],[-35.299112,-4.535905],[-35.301405,-4.534803],[-35.303702,-4.533705],[-35.306007,-4.532612],[-35.308318,-4.531525],[-35.310636,-4.530442],[-35.312959,-4.529365],[-35.315289,-4.528294],[-35.317625,-4.527229],[-35.319969,-4.526169],[-35.322316,-4.525114],[-35.324671,-4.524065],[-35.327032,-4.523022],[-35.329397,-4.521983],[-35.331769,-4.520952],[-35.334145,-4.519925],[-35.336528,-4.518906],[-35.338917,-4.51789],[-35.34131,-4.516881],[-35.34371,-4.515878],[-35.346114,-4.514883],[-35.348523,-4.513892],[-35.350937,-4.512907],[-35.353355,-4.511928],[-35.355778,-4.510955],[-35.358207,-4.509989],[-35.360639,-4.509027],[-35.363076,-4.508073],[-35.365518,-4.507126],[-35.367964,-4.506185],[-35.370415,-4.505249],[-35.372869,-4.504321],[-35.37509,-4.503487],[-35.377322,-4.50266],[-35.379567,-4.501839],[-35.381824,-4.501021],[-35.384093,-4.50021],[-35.386375,-4.499403],[-35.388669,-4.4986],[-35.390976,-4.497804],[-35.393295,-4.49701],[-35.395628,-4.496222],[-35.397973,-4.49544],[-35.400331,-4.494661],[-35.402704,-4.493888],[-35.40509,-4.493117],[-35.407491,-4.492352],[-35.409905,-4.491592],[-35.412332,-4.490836],[-35.414774,-4.490084],[-35.417231,-4.489336],[-35.419704,-4.488593],[-35.42219,-4.487853],[-35.424694,-4.487118],[-35.427213,-4.486386],[-35.429747,-4.485659],[-35.432299,-4.484935],[-35.434865,-4.484213],[-35.437451,-4.483495],[-35.440052,-4.482783],[-35.442673,-4.482071],[-35.445312,-4.481364],[-35.447969,-4.48066],[-35.450645,-4.479959],[-35.45331,-4.479268],[-35.455993,-4.47858],[-35.458697,-4.477894],[-35.461423,-4.47721],[-35.464168,-4.47653],[-35.466937,-4.47585],[-35.469726,-4.475173],[-35.47254,-4.474498],[-35.475377,-4.473824],[-35.478239,-4.473152],[-35.481127,-4.472482],[-35.484042,-4.47181],[-35.486984,-4.471142],[-35.489955,-4.470472],[-35.492956,-4.469802],[-35.495989,-4.469134],[-35.499037,-4.468467],[-35.502119,-4.4678],[-35.505235,-4.467132],[-35.508391,-4.466463],[-35.511586,-4.465792],[-35.514822,-4.465118],[-35.521434,-4.463758],[-35.528238,-4.462385],[-35.535282,-4.460986],[-35.542611,-4.459553],[-35.550299,-4.458072],[-35.552512,-4.457652],[-35.554737,-4.457238],[-35.556972,-4.456826],[-35.559223,-4.456419],[-35.561484,-4.456017],[-35.563758,-4.455619],[-35.566046,-4.455225],[-35.568347,-4.454835],[-35.570661,-4.454449],[-35.572991,-4.454067],[-35.575333,-4.453688],[-35.577692,-4.453316],[-35.580066,-4.452944],[-35.582455,-4.452579],[-35.58486,-4.452215],[-35.587282,-4.451857],[-35.589719,-4.451502],[-35.592171,-4.451151],[-35.594644,-4.450802],[-35.597135,-4.450458],[-35.599645,-4.450116],[-35.602175,-4.449778],[-35.604725,-4.449442],[-35.607298,-4.44911],[-35.609893,-4.44878],[-35.612512,-4.448452],[-35.615155,-4.448128],[-35.617823,-4.447807],[-35.623243,-4.447169],[-35.628779,-4.446539],[-35.6334,-4.44603],[-35.638115,-4.445523],[-35.642938,-4.44502],[-35.64788,-4.444517],[-35.652951,-4.444012],[-35.658174,-4.443507],[-35.663578,-4.442995],[-35.669196,-4.442476],[-35.678885,-4.441602],[-35.689675,-4.44066],[-35.700091,-4.439767],[-35.725751,-4.437592],[-35.739279,-4.436423],[-35.746215,-4.43581],[-35.752721,-4.435221],[-35.758906,-4.434648],[-35.764831,-4.434084],[-35.769128,-4.433677],[-35.773445,-4.433281],[-35.777785,-4.432892],[-35.782147,-4.432515],[-35.786534,-4.432146],[-35.790942,-4.431788],[-35.795375,-4.43144],[-35.799833,-4.431099],[-35.804316,-4.430771],[-35.808824,-4.43045],[-35.813361,-4.430139],[-35.817923,-4.429839],[-35.822516,-4.429547],[-35.827137,-4.429263],[-35.831786,-4.42899],[-35.836469,-4.428726],[-35.841175,-4.428472],[-35.845914,-4.428226],[-35.850689,-4.427989],[-35.855496,-4.427761],[-35.860342,-4.427541],[-35.865225,-4.427331],[-35.870147,-4.427131],[-35.875109,-4.426937],[-35.880111,-4.426753],[-35.885157,-4.426579],[-35.89025,-4.426412],[-35.895392,-4.426252],[-35.900581,-4.426103],[-35.905825,-4.425961],[-35.911124,-4.425828],[-35.91648,-4.425702],[-35.925396,-4.425513],[-35.934494,-4.425347],[-35.943793,-4.4252],[-35.953316,-4.425074],[-35.963081,-4.42497],[-35.973137,-4.424883],[-35.98353,-4.424818],[-35.994326,-4.42477],[-36.003574,-4.424745],[-36.013232,-4.424732],[-36.023398,-4.424731],[-36.034261,-4.424743],[-36.054772,-4.42479],[-36.092019,-4.424911],[-36.106529,-4.424953],[-36.121287,-4.424981],[-36.134566,-4.424991],[-36.149254,-4.424977],[-36.163009,-4.424934],[-36.176079,-4.424864],[-36.1824,-4.424819],[-36.188595,-4.424764],[-36.195849,-4.424691],[-36.202956,-4.424605],[-36.209929,-4.424509],[-36.216783,-4.424402],[-36.223526,-4.424285],[-36.230167,-4.424154],[-36.23671,-4.424013],[-36.243166,-4.42386],[-36.249544,-4.423694],[-36.255842,-4.423517],[-36.262067,-4.423326],[-36.26822,-4.423124],[-36.274307,-4.422909],[-36.280329,-4.422683],[-36.286293,-4.422443],[-36.292197,-4.422189],[-36.299134,-4.421873],[-36.305998,-4.421539],[-36.312792,-4.421185],[-36.319518,-4.420811],[-36.326179,-4.420421],[-36.332779,-4.42001],[-36.33932,-4.41958],[-36.345802,-4.419132],[-36.352234,-4.418663],[-36.358612,-4.418174],[-36.364938,-4.417666],[-36.368085,-4.417405],[-36.371217,-4.417138],[-36.374338,-4.416868],[-36.377448,-4.416591],[-36.380546,-4.416309],[-36.383633,-4.416023],[-36.386709,-4.415731],[-36.389774,-4.415434],[-36.392828,-4.415131],[-36.39587,-4.414825],[-36.398907,-4.414512],[-36.401933,-4.414194],[-36.40495,-4.413871],[-36.407957,-4.413542],[-36.410953,-4.413209],[-36.413939,-4.412869],[-36.416916,-4.412525],[-36.419885,-4.412176],[-36.422843,-4.411821],[-36.425792,-4.411462],[-36.428731,-4.411096],[-36.431663,-4.410726],[-36.434584,-4.41035],[-36.437497,-4.409969],[-36.440401,-4.409582],[-36.443297,-4.409189],[-36.446185,-4.408793],[-36.449064,-4.408389],[-36.451937,-4.407981],[-36.454799,-4.407567],[-36.457653,-4.407148],[-36.460501,-4.406723],[-36.46334,-4.406292],[-36.466172,-4.405857],[-36.468994,-4.405415],[-36.471811,-4.404969],[-36.47462,-4.404516],[-36.47742,-4.404059],[-36.480213,-4.403595],[-36.482999,-4.403126],[-36.485779,-4.40265],[-36.488551,-4.402171],[-36.500121,-4.400165],[-36.507187,-4.398948],[-36.528846,-4.395229],[-36.542028,-4.392947],[-36.545277,-4.392378]]]}},
{"type":"Feature","properties":{"idhidrovia":200000436,"nome":"Acesso ao TUP Guamaré _Transpetro_","navegacao":"Navegação de Cabotagem","tipo":"Marítimo/oceânico","vel_cional":25.0,"extensao":1.0,"tempo":"0d 0h 2min","cla_icacao":"Acesso simples","nome_rio":null,"nom_eclusa":null,"jurisdicao":null,"reg_rafica":null,"pro_de_min":null,"pro_de_max":null,"dominio":null,"observacao":null,"snv":null,"fonte":null,"idm_origem":"BR240450","mun_origem":"Guamaré","est_origem":"RN","idm_estino":null,"mun_estino":null,"est_estino":null,"idantaq":null,"camada sim":"65","Fluxo":1198242.0},"geometry":{"type":"MultiLineString","coordinates":[[[-36.545277,-4.392378],[-36.518311,-4.411159],[-36.493369,-4.43156],[-36.470451,-4.45358],[-36.449556,-4.47722],[-36.428935,-4.50467],[-36.411099,-4.532857],[-36.396455,-4.561132],[-36.385214,-4.589084],[-36.377936,-4.61469],[-36.372932,-4.64407],[-36.36822,-4.695926],[-36.366461,-4.73657],[-36.366954,-4.77078],[-36.36945,-4.802954],[-36.370384,-4.838857],[-36.374166,-4.873611]]]}},
{"type":"Feature","properties":{"idhidrovia":200002074,"nome":"Hidrovia do Solimões","navegacao":"Navegação Interior","tipo":"Rio","vel_cional":10.0,"extensao":106.46992799100001,"tempo":"0d 10h 38min","cla_icacao":"Navegável","nome_rio":"Rio Solimões","nom_eclusa":null,"jurisdicao":"AHIMOC","reg_rafica":"Região Hidrográfica Amazônica","pro_de_min":6.0,"pro_de_max":10.0,"dominio":"União","observacao":"Confluência com o rio Negro _AM_ até Tabatinga _AM_.","snv":"Sim","fonte":"LabTrans/Antaq","idm_origem":"BR130250","mun_origem":"Manacapuru","est_origem":"AM","idm_estino":"BR130008","mun_estino":"Anamã","est_estino":"AM","idantaq":2,"camada sim":"66","Fluxo":1900.0},"geometry":{"type":"MultiLineString","coordinates":[[[-61.390924,-3.604004],[-61.390318,-3.603575],[-61.378111,-3.594969],[-61.366393,-3.593321],[-61.346617,-3.595213],[-61.328185,-3.598875],[-61.317015,-3.599974],[-61.306578,-3.597899],[-61.297789,-3.596495],[-61.287474,-3.5968],[-61.253111,-3.595702],[-61.234679,-3.593687],[-61.212584,-3.590697],[-61.187376,-3.588316],[-61.167601,-3.587401],[-61.144408,-3.58557],[-61.123778,-3.585692],[-61.098692,-3.585387],[-61.073424,-3.586668],[-61.047606,-3.592223],[-61.02838,-3.593993],[-61.007811,-3.600401],[-60.984373,-3.609618],[-60.96649,-3.615782],[-60.944579,-3.620787],[-60.92639,-3.619627],[-60.913695,-3.619872],[-60.905882,-3.62329],[-60.898375,-3.629027],[-60.894286,-3.632323],[-60.888609,-3.633482],[-60.885374,-3.633788],[-60.88098,-3.632628],[-60.872374,-3.62921],[-60.865782,-3.625914],[-60.857481,-3.621397],[-60.852477,-3.618224],[-60.848204,-3.615294],[-60.836607,-3.608824],[-60.828368,-3.602415],[-60.822508,-3.597411],[-60.81848,-3.591978],[-60.816771,-3.587096],[-60.8161,-3.582213],[-60.815794,-3.57672],[-60.8161,-3.572081],[-60.816222,-3.565672],[-60.814207,-3.557311],[-60.811888,-3.551573],[-60.810728,-3.5437],[-60.809874,-3.536986],[-60.808104,-3.532896],[-60.803587,-3.525572],[-60.799498,-3.5213],[-60.793211,-3.514708],[-60.782225,-3.499815],[-60.773192,-3.489073],[-60.761717,-3.477171],[-60.74951,-3.46002],[-60.735594,-3.440306],[-60.72357,-3.41992],[-60.708922,-3.39691],[-60.701598,-3.377196],[-60.695494,-3.360411],[-60.687682,-3.347411],[-60.672789,-3.341002],[-60.65399,-3.337889],[-60.632689,-3.336424],[-60.612615,-3.333185]]]}},
{"type":"Feature","properties":{"idhidrovia":200002075,"nome":"Hidrovia do Amazonas","navegacao":"Navegação Interior","tipo":"Rio","vel_cional":25.0,"extensao":98.979075297500003,"tempo":"0d 3h 57min","cla_icacao":"Navegável","nome_rio":"Rio Amazonas","nom_eclusa":null,"jurisdicao":"AHIMOC","reg_rafica":"Região Hidrográfica Amazônica","pro_de_min":5.0,"pro_de_max":7.5,"dominio":"União","observacao":"Foz no oceano Atlântico _PA_ até a confluência dos rios Negro e Solimões.","snv":"Sim","fonte":"LabTrans/Antaq","idm_origem":"BR130430","mun_origem":"Urucará","est_origem":"AM","idm_estino":"BR130440","mun_estino":"Urucurituba","est_estino":"AM","idantaq":1,"camada sim":"67","Fluxo":6573801.0},"geometry":{"type":"MultiLineString","coordinates":[[[-58.13872,-2.971408],[-58.137389,-2.960875],[-58.134093,-2.937926],[-58.127806,-2.913207],[-58.120421,-2.901976],[-58.110106,-2.884703],[-58.103697,-2.871397],[-58.097105,-2.858275],[-58.082396,-2.84619],[-58.066588,-2.834105],[-58.044005,-2.82141],[-58.025511,-2.816405],[-58.004698,-2.813292],[-57.978697,-2.8114],[-57.952208,-2.801268],[-57.937193,-2.791869],[-57.929076,-2.784911],[-57.923705,-2.778014],[-57.918028,-2.768797],[-57.914,-2.764525],[-57.909911,-2.761595],[-57.906187,-2.759581],[-57.900511,-2.757079],[-57.892394,-2.75421],[-57.881407,-2.751891],[-57.872984,-2.752074],[-57.866087,-2.753783],[-57.857176,-2.756895],[-57.848998,-2.759398],[-57.842589,-2.760191],[-57.837889,-2.759703],[-57.834227,-2.757994],[-57.830199,-2.756224],[-57.823668,-2.752501],[-57.819212,-2.750487],[-57.806578,-2.7442],[-57.797484,-2.739378],[-57.788573,-2.735777],[-57.783507,-2.734373],[-57.776427,-2.734496],[-57.771605,-2.734496],[-57.76599,-2.734007],[-57.759703,-2.733275],[-57.752013,-2.731078],[-57.744078,-2.729491],[-57.73712,-2.725096],[-57.73297,-2.720396],[-57.726073,-2.712279],[-57.722289,-2.705321],[-57.718382,-2.694273],[-57.711913,-2.682494],[-57.699706,-2.663207],[-57.693785,-2.654906],[-57.683104,-2.638976],[-57.670775,-2.620177],[-57.664488,-2.610411],[-57.655394,-2.597105],[-57.647826,-2.586607],[-57.633299,-2.565001],[-57.615904,-2.53961],[-57.610106,-2.530821],[-57.602599,-2.519103],[-57.595274,-2.508421],[-57.591673,-2.501097],[-57.586424,-2.489684],[-57.583922,-2.476378],[-57.581114,-2.464476],[-57.580077,-2.454588],[-57.574828,-2.438475],[-57.570372,-2.428282],[-57.559019,-2.415282],[-57.553282,-2.410277]]]}},
{"type":"Feature","properties":{"idhidrovia":200002077,"nome":"Hidrovia do Amazonas","navegacao":"Navegação Interior","tipo":"Rio","vel_cional":25.0,"extensao":75.029085178399995,"tempo":"0d 3h 0min","cla_icacao":"Navegável","nome_rio":"Rio Amazonas","nom_eclusa":null,"jurisdicao":"AHIMOC","reg_rafica":"Região Hidrográfica Amazônica","pro_de_min":5.0,"pro_de_max":7.5,"dominio":"União","observacao":"Foz no oceano Atlântico _PA_ até a confluência dos rios Negro e Solimões.","snv":"Sim","fonte":"LabTrans/Antaq","idm_origem":"BR130190","mun_origem":"Itacoatiara","est_origem":"AM","idm_estino":"BR130260","mun_estino":"Manaus","est_estino":"AM","idantaq":1,"camada sim":"68","Fluxo":5409404.0},"geometry":{"type":"MultiLineString","coordinates":[[[-59.850531,-3.093378],[-59.846983,-3.091307],[-59.827879,-3.082091],[-59.79608,-3.072508],[-59.762206,-3.067503],[-59.736998,-3.063902],[-59.697325,-3.06378],[-59.669005,-3.069395],[-59.646605,-3.073973],[-59.621886,-3.082701],[-59.595702,-3.094908],[-59.569884,-3.107909],[-59.535582,-3.120177],[-59.50482,-3.12451],[-59.482909,-3.128111],[-59.466185,-3.133299],[-59.449583,-3.140807],[-59.434874,-3.147276],[-59.414305,-3.155028],[-59.401305,-3.159117],[-59.384276,-3.165892],[-59.371275,-3.170897],[-59.356017,-3.178221],[-59.346007,-3.184508],[-59.334593,-3.190489],[-59.317686,-3.200011],[-59.293211,-3.209898],[-59.280089,-3.214598],[-59.262877,-3.221312],[-59.236815,-3.231017],[-59.214965,-3.241686]]]}},
{"type":"Feature","properties":{"idhidrovia":200002081,"nome":"Hidrovia do Amazonas","navegacao":"Navegação Interior","tipo":"Rio","vel_cional":25.0,"extensao":42.9995550577,"tempo":"0d 1h 43min","cla_icacao":"Navegável","nome_rio":"Rio Amazonas","nom_eclusa":null,"jurisdicao":"AHIMOC","reg_rafica":"Região Hidrográfica Amazônica","pro_de_min":5.0,"pro_de_max":7.5,"dominio":"União","observacao":"Foz no oceano Atlântico _PA_ até a confluência dos rios Negro e Solimões.","snv":"Sim","fonte":"LabTrans/Antaq","idm_origem":"BR150390","mun_origem":"Juruti","est_origem":"PA","idm_estino":"BR130340","mun_estino":"Parintins","est_estino":"AM","idantaq":1,"camada sim":"69","Fluxo":6573801.0},"geometry":{"type":"MultiLineString","coordinates":[[[-56.418088,-2.338289],[-56.40631,-2.303587],[-56.383788,-2.2713],[-56.367491,-2.261473],[-56.353026,-2.256468],[-56.329527,-2.250609],[-56.286986,-2.233885],[-56.247008,-2.207884],[-56.168578,-2.17108],[-56.138182,-2.160277],[-56.117796,-2.156676],[-56.103209,-2.150877],[-56.100263,-2.148049]]]}},
{"type":"Feature","properties":{"idhidrovia":200002082,"nome":"Hidrovia do Amazonas","navegacao":"Navegação Interior","tipo":"Rio","vel_cional":25.0,"extensao":110.95942691,"tempo":"0d 4h 26min","cla_icacao":"Navegável","nome_rio":"Rio Amazonas","nom_eclusa":null,"jurisdicao":"AHIMOR","reg_rafica":"Região Hidrográfica Amazônica","pro_de_min":5.0,"pro_de_max":7.5,"dominio":"União","observacao":"Foz no oceano Atlântico _PA_ até a confluência dos rios Negro e Solimões.","snv":"Sim","fonte":"LabTrans/Antaq","idm_origem":"BR150050","mun_origem":"Almeirim","est_origem":"PA","idm_estino":"BR150600","mun_estino":"Prainha","est_estino":"PA","idantaq":1,"camada sim":"70","Fluxo":19334296.0},"geometry":{"type":"MultiLineString","coordinates":[[[-53.475707,-1.817381],[-53.458311,-1.814085],[-53.443114,-1.811827],[-53.420714,-1.806578],[-53.403075,-1.803099],[-53.394408,-1.800291],[-53.380309,-1.796873],[-53.359496,-1.791808],[-53.343626,-1.788207],[-53.331297,-1.7843],[-53.325072,-1.781676],[-53.317809,-1.778807],[-53.304381,-1.77252],[-53.296202,-1.770018],[-53.291686,-1.76898],[-53.286192,-1.767577],[-53.28131,-1.766112],[-53.274901,-1.764769],[-53.26837,-1.763487],[-53.258604,-1.76068],[-53.249693,-1.758727],[-53.242125,-1.757628],[-53.233885,-1.757079],[-53.225707,-1.758177],[-53.212218,-1.759703],[-53.202879,-1.761412],[-53.190428,-1.765196],[-53.179503,-1.768492],[-53.159178,-1.772398],[-53.145811,-1.774474],[-53.136595,-1.775023],[-53.125182,-1.77722],[-53.116515,-1.778502],[-53.106322,-1.778502],[-53.099608,-1.777708],[-53.095213,-1.776122],[-53.088683,-1.773375],[-53.083311,-1.772582],[-53.070677,-1.772276],[-53.062621,-1.770689],[-53.051695,-1.768492],[-53.044127,-1.766295],[-53.0343,-1.7619],[-53.023375,-1.758177],[-53.01599,-1.752074],[-53.007689,-1.7489],[-53.001585,-1.745604],[-52.994627,-1.738585],[-52.989073,-1.731993],[-52.983092,-1.72058],[-52.978209,-1.712523],[-52.969603,-1.696715],[-52.966795,-1.691222],[-52.960326,-1.679808],[-52.955382,-1.672789],[-52.945128,-1.661375],[-52.933104,-1.654295],[-52.928221,-1.653197],[-52.922789,-1.652098],[-52.913023,-1.649901],[-52.898802,-1.647826],[-52.872069,-1.64337],[-52.850279,-1.6416],[-52.836302,-1.64099],[-52.82141,-1.637022],[-52.800291,-1.630797],[-52.777769,-1.624205],[-52.757384,-1.617979],[-52.744688,-1.61328],[-52.736815,-1.605406],[-52.727782,-1.600096],[-52.697691,-1.587706],[-52.676573,-1.581786],[-52.646474,-1.577476],[-52.630323,-1.57633],[-52.606819,-1.56933],[-52.578606,-1.553367],[-52.575253,-1.547558],[-52.574455,-1.541838],[-52.574339,-1.537693],[-52.573721,-1.537286]]]}},
{"type":"Feature","properties":{"idhidrovia":200002083,"nome":"Hidrovia do Amazonas","navegacao":"Navegação Interior","tipo":"Rio","vel_cional":25.0,"extensao":110.63821000299998,"tempo":"0d 4h 25min","cla_icacao":"Navegável","nome_rio":"Rio Amazonas","nom_eclusa":null,"jurisdicao":"AHIMOC","reg_rafica":"Região Hidrográfica Amazônica","pro_de_min":5.0,"pro_de_max":7.5,"dominio":"União","observacao":"Foz no oceano Atlântico _PA_ até a confluência dos rios Negro e Solimões.","snv":"Sim","fonte":"LabTrans/Antaq","idm_origem":"BR130340","mun_origem":"Parintins","est_origem":"AM","idm_estino":"BR130430","mun_estino":"Urucará","est_estino":"AM","idantaq":1,"camada sim":"71","Fluxo":6573801.0},"geometry":{"type":"MultiLineString","coordinates":[[[-57.553282,-2.410277],[-57.53131,-2.390196],[-57.5036,-2.379515],[-57.475707,-2.380309],[-57.438414,-2.385191],[-57.396483,-2.401976],[-57.37329,-2.418883],[-57.353819,-2.433775],[-57.337584,-2.455687],[-57.325682,-2.470885],[-57.306883,-2.504515],[-57.283202,-2.549925],[-57.269103,-2.583006],[-57.247008,-2.614684],[-57.221983,-2.627806],[-57.200926,-2.631468],[-57.16931,-2.630614],[-57.147276,-2.625975],[-57.135069,-2.622313],[-57.125792,-2.616698],[-57.11627,-2.609373],[-57.103087,-2.595396],[-57.087889,-2.577696],[-57.069701,-2.556273],[-57.043517,-2.542296],[-57.024779,-2.540587],[-56.991087,-2.541197],[-56.9588,-2.547972],[-56.900206,-2.568785],[-56.85681,-2.587828],[-56.81909,-2.600584],[-56.787374,-2.609906],[-56.758092,-2.619839],[-56.742473,-2.622556],[-56.734423,-2.621308],[-56.734381,-2.621291]]]}},
{"type":"Feature","properties":{"idhidrovia":200002084,"nome":"Hidrovia do Amazonas","navegacao":"Navegação Interior","tipo":"Rio","vel_cional":25.0,"extensao":122.678066293,"tempo":"0d 4h 54min","cla_icacao":"Navegável","nome_rio":"Rio Amazonas","nom_eclusa":null,"jurisdicao":"AHIMOR","reg_rafica":"Região Hidrográfica Amazônica","pro_de_min":5.0,"pro_de_max":7.5,"dominio":"União","observacao":"Foz no oceano Atlântico _PA_ até a confluência dos rios Negro e Solimões.","snv":"Sim","fonte":"LabTrans/Antaq","idm_origem":"BR150680","mun_origem":"Santarém","est_origem":"PA","idm_estino":"BR150510","mun_estino":"Óbidos","est_estino":"PA","idantaq":1,"camada sim":"72","Fluxo":19334296.0},"geometry":{"type":"MultiLineString","coordinates":[[[-55.517628,-1.920063],[-55.511083,-1.927404],[-55.502328,-1.936287],[-55.495697,-1.944127],[-55.487914,-1.952785],[-55.480101,-1.960875],[-55.470885,-1.96881],[-55.465208,-1.973998],[-55.460692,-1.978392],[-55.44171,-1.996092],[-55.424315,-2.014525],[-55.400877,-2.037779],[-55.377623,-2.059691],[-55.360106,-2.075926],[-55.344603,-2.089293],[-55.327208,-2.105894],[-55.30609,-2.122801],[-55.278685,-2.132384],[-55.25891,-2.137022],[-55.232298,-2.144286],[-55.19879,-2.150694],[-55.173582,-2.156798],[-55.143004,-2.162108],[-55.113097,-2.165892],[-55.094908,-2.167906],[-55.083128,-2.170226],[-55.06909,-2.170897],[-55.045103,-2.168883],[-55.026488,-2.164305],[-55.009886,-2.1593],[-54.991209,-2.150084],[-54.980711,-2.146178],[-54.973082,-2.141478],[-54.963927,-2.137511],[-54.952025,-2.133299],[-54.940978,-2.130492],[-54.934386,-2.129088],[-54.926085,-2.127623],[-54.9187,-2.127623],[-54.910399,-2.126707],[-54.902098,-2.127196],[-54.891478,-2.128722],[-54.866209,-2.137999],[-54.849913,-2.146727],[-54.836913,-2.156493],[-54.827879,-2.16931],[-54.822081,-2.178282],[-54.815489,-2.190978],[-54.805418,-2.208311],[-54.795226,-2.220702],[-54.779784,-2.233214],[-54.770995,-2.244017],[-54.760802,-2.258727],[-54.754027,-2.268675],[-54.742125,-2.283995],[-54.731993,-2.297606],[-54.724303,-2.312193],[-54.719298,-2.327696],[-54.713499,-2.343993],[-54.705504,-2.361082],[-54.699706,-2.3739],[-54.690489,-2.389098],[-54.680296,-2.407286],[-54.674803,-2.419798],[-54.670592,-2.428709]]]}},
{"type":"Feature","properties":{"idhidrovia":200002085,"nome":"Hidrovia do Tocantins","navegacao":"Navegação Interior","tipo":"Rio","vel_cional":25.0,"extensao":29.579211784799998,"tempo":"0d 1h 10min","cla_icacao":"Navegável","nome_rio":"Rio Pará","nom_eclusa":null,"jurisdicao":"AHIMOR","reg_rafica":"Região Hidrográfica do Tocantins","pro_de_min":1.8,"pro_de_max":2.0,"dominio":null,"observacao":null,"snv":"Não","fonte":"ANA/Antaq","idm_origem":"BR150110","mun_origem":"Bagre","est_origem":"PA","idm_estino":"BR150280","mun_estino":"Curralinho","est_estino":"PA","idantaq":1,"camada sim":"73","Fluxo":3812081.0},"geometry":{"type":"MultiLineString","coordinates":[[[-50.018515,-1.784257],[-50.035398,-1.782286],[-50.051695,-1.782896],[-50.07141,-1.791319],[-50.087279,-1.798094],[-50.105893,-1.805296],[-50.125791,-1.810605],[-50.139586,-1.815123],[-50.158202,-1.816893],[-50.179991,-1.817198],[-50.194884,-1.816893],[-50.220274,-1.813291],[-50.243712,-1.810912],[-50.268369,-1.809568],[-50.278013,-1.809812]]]}},
{"type":"Feature","properties":{"idhidrovia":200002086,"nome":"Hidrovia do Tocantins","navegacao":"Navegação Interior","tipo":"Rio","vel_cional":25.0,"extensao":36.0933413343,"tempo":"0d 1h 26min","cla_icacao":"Navegável","nome_rio":"Rio Tocantins","nom_eclusa":null,"jurisdicao":"AHIMOR","reg_rafica":"Região Hidrográfica do Tocantins","pro_de_min":1.5,"pro_de_max":4.0,"dominio":"União","observacao":"Foz no oceano Atlântico _PA_ até o Lago da Barragem de Serra da Mesa _GO_, na confluência com o rio Tocantizinho _GO_.","snv":"Sim","fonte":"ANA/Antaq","idm_origem":"BR150130","mun_origem":"Barcarena","est_origem":"PA","idm_estino":"BR150490","mun_estino":"Muaná","est_estino":"PA","idantaq":9,"camada sim":"74","Fluxo":3812081.0},"geometry":{"type":"MultiLineString","coordinates":[[[-49.052615,-1.602501],[-49.052,-1.601927],[-49.042174,-1.59088],[-49.028075,-1.579771],[-49.007201,-1.568968],[-48.973387,-1.557494],[-48.943175,-1.547972],[-48.92401,-1.541624],[-48.891905,-1.531493],[-48.859007,-1.527892],[-48.797158,-1.550362],[-48.770821,-1.545719],[-48.752081,-1.537208]]]}},
{"type":"Feature","properties":{"idhidrovia":200002090,"nome":"Hidrovia do Amazonas","navegacao":"Navegação Interior","tipo":"Rio","vel_cional":25.0,"extensao":28.0260688728,"tempo":"0d 1h 7min","cla_icacao":"Navegável","nome_rio":"Rio Amazonas","nom_eclusa":null,"jurisdicao":"AHIMOR","reg_rafica":"Região Hidrográfica Amazônica","pro_de_min":5.0,"pro_de_max":7.5,"dominio":"União","observacao":"Foz no oceano Atlântico _PA_ até a confluência dos rios Negro e Solimões.","snv":"Sim","fonte":"LabTrans/Antaq","idm_origem":"BR150310","mun_origem":"Gurupá","est_origem":"PA","idm_estino":"BR150310","mun_estino":"Gurupá","est_estino":"PA","idantaq":1,"camada sim":"75","Fluxo":19339231.0},"geometry":{"type":"MultiLineString","coordinates":[[[-52.249083,-1.505797],[-52.236876,-1.497374],[-52.227599,-1.491087],[-52.213988,-1.487669],[-52.192381,-1.485716],[-52.175597,-1.485411],[-52.162108,-1.485228],[-52.148192,-1.485106],[-52.138426,-1.48419],[-52.125487,-1.479979],[-52.115172,-1.474608],[-52.104613,-1.468993],[-52.085204,-1.461974],[-52.074095,-1.458983],[-52.063902,-1.45648],[-52.047179,-1.451292],[-52.032286,-1.446776],[-52.009825,-1.440306]]]}},
{"type":"Feature","properties":{"idhidrovia":200002091,"nome":"Hidrovia do Amazonas","navegacao":"Navegação Interior","tipo":"Rio","vel_cional":15.0,"extensao":77.481557403400004,"tempo":"0d 5h 9min","cla_icacao":"Navegável","nome_rio":"Rio Trombetas","nom_eclusa":null,"jurisdicao":"AHIMOR","reg_rafica":"Região Hidrográfica Amazônica","pro_de_min":1.5,"pro_de_max":4.0,"dominio":"Estados ou Distrito Federal","observacao":"Foz no rio Amazonas _PA_ até o sopé Cachoeira Porteira _Oriximiná-PA_.","snv":"Sim","fonte":"LabTrans/ANA/Antaq","idm_origem":"BR150530","mun_origem":"Oriximiná","est_origem":"PA","idm_estino":"BR150530","mun_estino":"Oriximiná","est_estino":"PA","idantaq":1,"camada sim":"76","Fluxo":7536853.0},"geometry":{"type":"MultiLineString","coordinates":[[[-56.378073,-1.459878],[-56.369535,-1.459158],[-56.360777,-1.458922],[-56.351805,-1.459898],[-56.341612,-1.462706],[-56.328001,-1.471373],[-56.32318,-1.477782],[-56.319579,-1.484007],[-56.317076,-1.48828],[-56.313292,-1.491026],[-56.307005,-1.492125],[-56.303404,-1.494017],[-56.298216,-1.499388],[-56.29608,-1.507018],[-56.295287,-1.510497],[-56.29289,-1.515715],[-56.28961,-1.520079],[-56.28607,-1.523314],[-56.283385,-1.524779],[-56.279417,-1.527281],[-56.274596,-1.528197],[-56.272093,-1.527892],[-56.270079,-1.526793],[-56.267516,-1.52307],[-56.265074,-1.520079],[-56.260374,-1.518187],[-56.25659,-1.518187],[-56.252074,-1.518675],[-56.248106,-1.520689],[-56.245909,-1.523192],[-56.239806,-1.529906],[-56.234984,-1.534911],[-56.232115,-1.536986],[-56.228575,-1.537596],[-56.225218,-1.537779],[-56.221373,-1.537108],[-56.217589,-1.534972],[-56.212279,-1.527769],[-56.209288,-1.522582],[-56.206297,-1.517699],[-56.203185,-1.514098],[-56.199217,-1.510985],[-56.194395,-1.509703],[-56.189391,-1.509093],[-56.183897,-1.509093],[-56.179869,-1.509581],[-56.176024,-1.510802],[-56.155089,-1.520201],[-56.149474,-1.522215],[-56.144286,-1.523009],[-56.139769,-1.523497],[-56.1369,-1.523375],[-56.129515,-1.520873],[-56.121397,-1.518919],[-56.116576,-1.517821],[-56.111815,-1.51721],[-56.105589,-1.517821],[-56.100768,-1.51898],[-56.096617,-1.520506],[-56.093077,-1.521483],[-56.081786,-1.52368],[-56.078307,-1.523375],[-56.074095,-1.522704],[-56.070921,-1.521422],[-56.06848,-1.520689],[-56.052794,-1.519591],[-56.048399,-1.519896],[-56.044798,-1.520384],[-56.042174,-1.521483],[-56.039977,-1.522704],[-56.035094,-1.525389],[-56.029173,-1.531371],[-56.024901,-1.536681],[-56.020995,-1.542113],[-56.016783,-1.549315],[-56.00891,-1.56378],[-56.005003,-1.57318],[-55.989684,-1.610411],[-55.973387,-1.6416],[-55.959715,-1.658873],[-55.946471,-1.673827],[-55.943968,-1.676695],[-55.922484,-1.70172],[-55.913695,-1.714598],[-55.90808,-1.725279],[-55.899107,-1.740477],[-55.890196,-1.7536],[-55.884215,-1.761107],[-55.876593,-1.768451]]]}},
{"type":"Feature","properties":{"idhidrovia":200002093,"nome":"Hidrovia do Amazonas","navegacao":"Navegação Interior","tipo":"Rio","vel_cional":25.0,"extensao":44.974871185799998,"tempo":"0d 1h 47min","cla_icacao":"Navegável","nome_rio":"Rio Amazonas","nom_eclusa":null,"jurisdicao":"AHIMOR","reg_rafica":"Região Hidrográfica Amazônica","pro_de_min":5.0,"pro_de_max":7.5,"dominio":"União","observacao":"Foz no oceano Atlântico _PA_ até a confluência dos rios Negro e Solimões.","snv":"Sim","fonte":"LabTrans/Antaq","idm_origem":"BR150050","mun_origem":"Almeirim","est_origem":"PA","idm_estino":"BR150310","mun_estino":"Gurupá","est_estino":"PA","idantaq":1,"camada sim":"77","Fluxo":19339231.0},"geometry":{"type":"MultiLineString","coordinates":[[[-52.009825,-1.440306],[-51.992674,-1.432188],[-51.977477,-1.422179],[-51.965392,-1.413084],[-51.951292,-1.399107],[-51.935179,-1.381895],[-51.919981,-1.364684],[-51.907408,-1.346678],[-51.898802,-1.332396],[-51.89398,-1.317076],[-51.891295,-1.300108],[-51.891478,-1.281981],[-51.887206,-1.273985],[-51.88098,-1.270628],[-51.872374,-1.264586],[-51.869017,-1.258788],[-51.867308,-1.253905],[-51.866393,-1.250121],[-51.865294,-1.247008],[-51.86328,-1.244383],[-51.860228,-1.241698],[-51.854491,-1.239684],[-51.849974,-1.238707],[-51.846373,-1.238402],[-51.841307,-1.235411],[-51.838683,-1.233885],[-51.835326,-1.232176],[-51.830382,-1.229186],[-51.8244,-1.225584],[-51.821776,-1.223998],[-51.815611,-1.220396],[-51.812376,-1.218199],[-51.809386,-1.216185],[-51.801207,-1.210814],[-51.794676,-1.206175],[-51.790709,-1.202513],[-51.785887,-1.197691],[-51.783385,-1.193175],[-51.78192,-1.187498],[-51.781493,-1.181517],[-51.781126,-1.17578],[-51.779906,-1.170409],[-51.778807,-1.166624],[-51.778685,-1.161009],[-51.779173,-1.154478],[-51.779295,-1.142394]]]}},
{"type":"Feature","properties":{"idhidrovia":200002102,"nome":"Hidrovia do Negro","navegacao":"Navegação Interior","tipo":"Rio","vel_cional":25.0,"extensao":3.6176875504699999,"tempo":"0d 0h 8min","cla_icacao":"Navegável","nome_rio":"Rio Negro","nom_eclusa":null,"jurisdicao":"AHIMOC","reg_rafica":"Região Hidrográfica Amazônica","pro_de_min":1.8,"pro_de_max":4.0,"dominio":"União","observacao":"Confluência com o rio Solimões_AM_ até Cucuí _AM_.","snv":"Sim","fonte":"LabTrans/Antaq","idm_origem":"BR130260","mun_origem":"Manaus","est_origem":"AM","idm_estino":"BR130260","mun_estino":"Manaus","est_estino":"AM","idantaq":20,"camada sim":"78","Fluxo":1524016.0},"geometry":{"type":"MultiLineString","coordinates":[[[-60.0291,-3.140692],[-60.027482,-3.141851],[-60.017423,-3.147575],[-60.010323,-3.152333],[-60.000475,-3.155807]]]}},
{"type":"Feature","properties":{"idhidrovia":200002103,"nome":"Hidrovia do Negro","navegacao":"Navegação Interior","tipo":"Rio","vel_cional":25.0,"extensao":0.98211161338399999,"tempo":"0d 0h 2min","cla_icacao":"Navegável","nome_rio":"Rio Negro","nom_eclusa":null,"jurisdicao":"AHIMOC","reg_rafica":"Região Hidrográfica Amazônica","pro_de_min":1.8,"pro_de_max":4.0,"dominio":"União","observacao":"Confluência com o rio Solimões_AM_ até Cucuí _AM_.","snv":"Sim","fonte":"LabTrans/Antaq","idm_origem":"BR130260","mun_origem":"Manaus","est_origem":"AM","idm_estino":"BR130260","mun_estino":"Manaus","est_estino":"AM","idantaq":20,"camada sim":"79","Fluxo":1542633.0},"geometry":{"type":"MultiLineString","coordinates":[[[-60.000475,-3.155807],[-59.992361,-3.159301]]]}},
{"type":"Feature","properties":{"idhidrovia":200002104,"nome":"Hidrovia do Negro","navegacao":"Navegação Interior","tipo":"Rio","vel_cional":25.0,"extensao":5.6248942882000001,"tempo":"0d 0h 13min","cla_icacao":"Navegável","nome_rio":"Rio Negro","nom_eclusa":null,"jurisdicao":"AHIMOC","reg_rafica":"Região Hidrográfica Amazônica","pro_de_min":1.8,"pro_de_max":4.0,"dominio":"União","observacao":"Confluência com o rio Solimões_AM_ até Cucuí _AM_.","snv":"Sim","fonte":"LabTrans/Antaq","idm_origem":"BR130260","mun_origem":"Manaus","est_origem":"AM","idm_estino":"BR130260","mun_estino":"Manaus","est_estino":"AM","idantaq":20,"camada sim":"80","Fluxo":4733756.0},"geometry":{"type":"MultiLineString","coordinates":[[[-59.992361,-3.159301],[-59.990063,-3.160291],[-59.980353,-3.165406],[-59.971617,-3.168756],[-59.961233,-3.167088],[-59.955503,-3.161122],[-59.951527,-3.153029]]]}},
{"type":"Feature","properties":{"idhidrovia":200002105,"nome":"Hidrovia do Amazonas","navegacao":"Navegação Interior","tipo":"Rio","vel_cional":25.0,"extensao":3.14727818792,"tempo":"0d 0h 7min","cla_icacao":"Navegável","nome_rio":"Rio Negro","nom_eclusa":null,"jurisdicao":"AHIMOC","reg_rafica":"Região Hidrográfica Amazônica","pro_de_min":1.8,"pro_de_max":4.0,"dominio":"União","observacao":"Confluência com o rio Solimões_AM_ até Cucuí _AM_.","snv":"Sim","fonte":"LabTrans/Antaq","idm_origem":"BR130260","mun_origem":"Manaus","est_origem":"AM","idm_estino":"BR130260","mun_estino":"Manaus","est_estino":"AM","idantaq":1,"camada sim":"81","Fluxo":5407503.0},"geometry":{"type":"MultiLineString","coordinates":[[[-59.923233,-3.126621],[-59.912496,-3.12176],[-59.8963,-3.124998]]]}},
{"type":"Feature","properties":{"idhidrovia":200002106,"nome":"Hidrovia do Negro","navegacao":"Navegação Interior","tipo":"Rio","vel_cional":25.0,"extensao":4.3028227297,"tempo":"0d 0h 10min","cla_icacao":"Navegável","nome_rio":"Rio Negro","nom_eclusa":null,"jurisdicao":"AHIMOC","reg_rafica":"Região Hidrográfica Amazônica","pro_de_min":1.8,"pro_de_max":4.0,"dominio":"União","observacao":"Confluência com o rio Solimões_AM_ até Cucuí _AM_.","snv":"Sim","fonte":"LabTrans/Antaq","idm_origem":"BR130260","mun_origem":"Manaus","est_origem":"AM","idm_estino":"BR130260","mun_estino":"Manaus","est_estino":"AM","idantaq":20,"camada sim":"82","Fluxo":5179097.0},"geometry":{"type":"MultiLineString","coordinates":[[[-59.951527,-3.153029],[-59.944177,-3.146666],[-59.932565,-3.136802],[-59.923233,-3.126621]]]}},
{"type":"Feature","properties":{"idhidrovia":200002107,"nome":"Hidrovia do Solimões","navegacao":"Navegação Interior","tipo":"Rio","vel_cional":10.0,"extensao":65.581122769000004,"tempo":"0d 6h 33min","cla_icacao":"Navegável","nome_rio":"Rio Solimões","nom_eclusa":null,"jurisdicao":"AHIMOC","reg_rafica":"Região Hidrográfica Amazônica","pro_de_min":6.0,"pro_de_max":10.0,"dominio":"União","observacao":"Confluência com o rio Negro _AM_ até Tabatinga _AM_.","snv":"Sim","fonte":"LabTrans/Antaq","idm_origem":"BR130010","mun_origem":"Anori","est_origem":"AM","idm_estino":"BR130130","mun_estino":"Codajás","est_estino":"AM","idantaq":2,"camada sim":"83","Fluxo":1900.0},"geometry":{"type":"MultiLineString","coordinates":[[[-62.061443,-3.846502],[-62.058313,-3.847594],[-62.042296,-3.858841],[-62.031656,-3.867958],[-62.017707,-3.880091],[-62.007506,-3.891173],[-61.99182,-3.905028],[-61.974303,-3.917296],[-61.957701,-3.930724],[-61.94171,-3.94232],[-61.925902,-3.9494],[-61.910277,-3.956297],[-61.882506,-3.964903],[-61.85742,-3.972899],[-61.834288,-3.97711],[-61.811583,-3.975279],[-61.798888,-3.965575],[-61.783507,-3.950072],[-61.775572,-3.93701],[-61.769408,-3.922484],[-61.764891,-3.904173],[-61.757689,-3.889098],[-61.74829,-3.879271],[-61.729308,-3.869505],[-61.707518,-3.864317],[-61.689513,-3.860411],[-61.667601,-3.856078],[-61.648985,-3.846007],[-61.636473,-3.8338],[-61.630309,-3.810484],[-61.625487,-3.79138],[-61.618009,-3.776553]]]}},
{"type":"Feature","properties":{"idhidrovia":200002108,"nome":"Hidrovia do Solimões","navegacao":"Navegação Interior","tipo":"Rio","vel_cional":10.0,"extensao":131.98778344600001,"tempo":"0d 13h 11min","cla_icacao":"Navegável","nome_rio":"Rio Solimões","nom_eclusa":null,"jurisdicao":"AHIMOC","reg_rafica":"Região Hidrográfica Amazônica","pro_de_min":6.0,"pro_de_max":10.0,"dominio":"União","observacao":"Confluência com o rio Negro _AM_ até Tabatinga _AM_.","snv":"Sim","fonte":"LabTrans/Antaq","idm_origem":"BR130130","mun_origem":"Codajás","est_origem":"AM","idm_estino":"BR130120","mun_estino":"Coari","est_estino":"AM","idantaq":2,"camada sim":"84","Fluxo":1900.0},"geometry":{"type":"MultiLineString","coordinates":[[[-63.128468,-4.068692],[-63.126402,-4.071471],[-63.110411,-4.079894],[-63.09442,-4.081603],[-63.084288,-4.078795],[-63.065306,-4.072386],[-63.048094,-4.063292],[-63.035887,-4.056395],[-63.02191,-4.048094],[-63.007689,-4.037474],[-62.991026,-4.025328],[-62.979613,-4.015196],[-62.970702,-4.000304],[-62.960875,-3.983275],[-62.946715,-3.966307],[-62.929381,-3.955626],[-62.913878,-3.946898],[-62.903075,-3.939574],[-62.895811,-3.932494],[-62.888487,-3.921996],[-62.879881,-3.914977],[-62.871214,-3.911803],[-62.855528,-3.906676],[-62.839598,-3.900206],[-62.810912,-3.889098],[-62.789122,-3.885924],[-62.767882,-3.888487],[-62.757811,-3.889891],[-62.742308,-3.894103],[-62.719176,-3.896788],[-62.692076,-3.898497],[-62.670775,-3.90161],[-62.648802,-3.901915],[-62.632079,-3.897887],[-62.619688,-3.893492],[-62.602904,-3.885497],[-62.589476,-3.877318],[-62.565306,-3.860472],[-62.542601,-3.850279],[-62.51837,-3.844908],[-62.48651,-3.844603],[-62.457823,-3.837889],[-62.435973,-3.829588],[-62.399718,-3.805296],[-62.376097,-3.796568],[-62.351622,-3.789488],[-62.326598,-3.781126],[-62.310484,-3.774779],[-62.293883,-3.767516],[-62.28369,-3.763609],[-62.267394,-3.761107],[-62.254393,-3.764098],[-62.24182,-3.770811],[-62.222594,-3.784789],[-62.202818,-3.79608],[-62.187193,-3.803099],[-62.172484,-3.809996],[-62.152403,-3.817381],[-62.13391,-3.823912],[-62.116698,-3.829894],[-62.105284,-3.834105],[-62.077734,-3.840818],[-62.061443,-3.846502]]]}},
{"type":"Feature","properties":{"idhidrovia":200002119,"nome":"Hidrovia do Madeira","navegacao":"Navegação Interior","tipo":"Rio","vel_cional":22.0,"extensao":99.667744131500001,"tempo":"0d 4h 31min","cla_icacao":"Navegável","nome_rio":"Rio Madeira","nom_eclusa":null,"jurisdicao":"AHIMOC","reg_rafica":"Região Hidrográfica Amazônica","pro_de_min":2.0,"pro_de_max":7.0,"dominio":"União","observacao":"Foz no rio Amazonas _AM_ até a confluência dos rios Beni _rio boliviano_ e Mamoré _RO_.","snv":"Sim","fonte":"LabTrans/Antaq","idm_origem":"BR110020","mun_origem":"Porto Velho","est_origem":"RO","idm_estino":"BR110020","mun_estino":"Porto Velho","est_estino":"RO","idantaq":5,"camada sim":"85","Fluxo":1896.0},"geometry":{"type":"MultiLineString","coordinates":[[[-63.502329,-8.446312],[-63.497679,-8.443297],[-63.48419,-8.433592],[-63.472289,-8.425475],[-63.459105,-8.415587],[-63.444823,-8.405089],[-63.433104,-8.394103],[-63.425475,-8.386168],[-63.419615,-8.3786],[-63.415709,-8.367918],[-63.411803,-8.356322],[-63.408995,-8.345396],[-63.404784,-8.334593],[-63.398375,-8.323607],[-63.391295,-8.308287],[-63.38568,-8.294493],[-63.378783,-8.277586],[-63.367491,-8.261107],[-63.361876,-8.248106],[-63.359373,-8.23419],[-63.357481,-8.22119],[-63.353819,-8.21002],[-63.348814,-8.198302],[-63.343321,-8.187498],[-63.328368,-8.176817],[-63.318419,-8.171202],[-63.304015,-8.173094],[-63.297118,-8.179076],[-63.290282,-8.190978],[-63.284178,-8.20117],[-63.275389,-8.213622],[-63.267699,-8.219969],[-63.258299,-8.228392],[-63.242979,-8.234068],[-63.229369,-8.231688],[-63.218687,-8.227293],[-63.202269,-8.223021],[-63.179503,-8.213988],[-63.129881,-8.196898],[-63.099608,-8.188109],[-63.065306,-8.180907],[-63.046385,-8.177184],[-63.029784,-8.171996],[-63.02191,-8.168822],[-63.007018,-8.161803],[-62.990172,-8.154601],[-62.976805,-8.14691],[-62.969786,-8.137083],[-62.964476,-8.12921],[-62.959898,-8.116087],[-62.954588,-8.101378],[-62.950499,-8.088011],[-62.945677,-8.074522],[-62.938719,-8.065184],[-62.927977,-8.054991],[-62.916319,-8.049498],[-62.901976,-8.043211],[-62.890196,-8.037108],[-62.882384,-8.030699],[-62.877806,-8.02368],[-62.877351,-8.015659]]]}},
{"type":"Feature","properties":{"idhidrovia":200002123,"nome":"Hidrovia do Amazonas","navegacao":"Navegação Interior","tipo":"Rio","vel_cional":25.0,"extensao":38.120778032099999,"tempo":"0d 1h 31min","cla_icacao":"Navegável","nome_rio":"Rio Amazonas","nom_eclusa":null,"jurisdicao":"AHIMOR","reg_rafica":"Região Hidrográfica Amazônica","pro_de_min":5.0,"pro_de_max":7.5,"dominio":"União","observacao":"Foz no oceano Atlântico _PA_ até a confluência dos rios Negro e Solimões.","snv":"Sim","fonte":"LabTrans/Antaq","idm_origem":"BR150310","mun_origem":"Gurupá","est_origem":"PA","idm_estino":"BR150050","mun_estino":"Almeirim","est_estino":"PA","idantaq":1,"camada sim":"86","Fluxo":19334296.0},"geometry":{"type":"MultiLineString","coordinates":[[[-52.573721,-1.537286],[-52.571088,-1.535551],[-52.567283,-1.536454],[-52.561188,-1.541091],[-52.548182,-1.549748],[-52.535165,-1.558088],[-52.521709,-1.562293],[-52.499205,-1.565489],[-52.477171,-1.565489],[-52.457091,-1.564574],[-52.427,-1.562987],[-52.39398,-1.558104],[-52.372008,-1.552],[-52.352293,-1.544798],[-52.340208,-1.539488],[-52.333678,-1.535887],[-52.32617,-1.532713],[-52.318419,-1.529784],[-52.2937,-1.523924],[-52.287108,-1.521178],[-52.276488,-1.517699],[-52.269225,-1.515379],[-52.249083,-1.505797]]]}},
{"type":"Feature","properties":{"idhidrovia":200002124,"nome":"Hidrovia do Amazonas","navegacao":"Navegação Interior","tipo":"Rio","vel_cional":25.0,"extensao":45.397908967799999,"tempo":"0d 1h 48min","cla_icacao":"Navegável","nome_rio":"Rio Amazonas","nom_eclusa":null,"jurisdicao":"AHIMOC","reg_rafica":"Região Hidrográfica Amazônica","pro_de_min":5.0,"pro_de_max":7.5,"dominio":"União","observacao":"Foz no oceano Atlântico _PA_ até a confluência dos rios Negro e Solimões.","snv":"Sim","fonte":"LabTrans/Antaq","idm_origem":"BR130190","mun_origem":"Itacoatiara","est_origem":"AM","idm_estino":"BR130190","mun_estino":"Itacoatiara","est_estino":"AM","idantaq":1,"camada sim":"87","Fluxo":5411300.0},"geometry":{"type":"MultiLineString","coordinates":[[[-58.746703,-3.352171],[-58.72711,-3.35858],[-58.68579,-3.368102],[-58.64752,-3.371275],[-58.627318,-3.369383],[-58.609984,-3.361327],[-58.600523,-3.356505],[-58.593687,-3.349181],[-58.585204,-3.33557],[-58.57971,-3.322691],[-58.572386,-3.30609],[-58.570128,-3.292784],[-58.568785,-3.27838],[-58.566588,-3.259886],[-58.562682,-3.243712],[-58.554076,-3.216795],[-58.541502,-3.198424],[-58.525023,-3.179991],[-58.512848,-3.159381],[-58.49937,-3.144454],[-58.491806,-3.139998],[-58.483642,-3.137599],[-58.483587,-3.137599]]]}},
{"type":"Feature","properties":{"idhidrovia":200002126,"nome":"Hidrovia do Amazonas","navegacao":"Navegação Interior","tipo":"Rio","vel_cional":25.0,"extensao":7.9933585580899997,"tempo":"0d 0h 19min","cla_icacao":"Navegável","nome_rio":"Rio Amazonas","nom_eclusa":null,"jurisdicao":"AHIMOC","reg_rafica":"Região Hidrográfica Amazônica","pro_de_min":5.0,"pro_de_max":7.5,"dominio":"União","observacao":"Foz no oceano Atlântico _PA_ até a confluência dos rios Negro e Solimões.","snv":"Sim","fonte":"LabTrans/Antaq","idm_origem":"BR130340","mun_origem":"Parintins","est_origem":"AM","idm_estino":"BR130340","mun_estino":"Parintins","est_estino":"AM","idantaq":1,"camada sim":"88","Fluxo":6573801.0},"geometry":{"type":"MultiLineString","coordinates":[[[-56.734381,-2.621291],[-56.724148,-2.61714],[-56.715694,-2.61313],[-56.694275,-2.605055],[-56.682799,-2.600218],[-56.673094,-2.596617],[-56.667784,-2.594115]]]}},
{"type":"Feature","properties":{"idhidrovia":200002127,"nome":"Hidrovia do Amazonas","navegacao":"Navegação Interior","tipo":"Rio","vel_cional":25.0,"extensao":65.080701383700003,"tempo":"0d 2h 36min","cla_icacao":"Navegável","nome_rio":"Rio Amazonas","nom_eclusa":null,"jurisdicao":"AHIMOC","reg_rafica":"Região Hidrográfica Amazônica","pro_de_min":5.0,"pro_de_max":7.5,"dominio":"União","observacao":"Foz no oceano Atlântico _PA_ até a confluência dos rios Negro e Solimões.","snv":"Sim","fonte":"LabTrans/Antaq","idm_origem":"BR150510","mun_origem":"Óbidos","est_origem":"PA","idm_estino":"BR150390","mun_estino":"Juruti","est_estino":"PA","idantaq":1,"camada sim":"89","Fluxo":11797443.0},"geometry":{"type":"MultiLineString","coordinates":[[[-56.092106,-2.005402],[-56.086668,-1.979674],[-56.081725,-1.967711],[-56.068968,-1.953795],[-56.051207,-1.944884],[-56.039793,-1.94171],[-56.022887,-1.942076],[-56.012389,-1.946104],[-55.986998,-1.958189],[-55.957823,-1.968993],[-55.919676,-1.991209],[-55.902586,-1.99951],[-55.865111,-2.005492],[-55.832884,-2.005003],[-55.806578,-2.005186],[-55.787718,-2.00421],[-55.762694,-1.998595],[-55.744078,-1.99127],[-55.725523,-1.980772],[-55.701292,-1.963805],[-55.676207,-1.948485],[-55.625182,-1.915709],[-55.614378,-1.906676],[-55.603697,-1.902403],[-55.595885,-1.89929],[-55.586974,-1.895811]]]}},
{"type":"Feature","properties":{"idhidrovia":200002128,"nome":"Hidrovia do Amazonas","navegacao":"Navegação Interior","tipo":"Rio","vel_cional":25.0,"extensao":8.2436309001100003,"tempo":"0d 0h 19min","cla_icacao":"Navegável","nome_rio":"Rio Amazonas","nom_eclusa":null,"jurisdicao":"AHIMOR","reg_rafica":"Região Hidrográfica Amazônica","pro_de_min":5.0,"pro_de_max":7.5,"dominio":"União","observacao":"Foz no oceano Atlântico _PA_ até a confluência dos rios Negro e Solimões.","snv":"Sim","fonte":"LabTrans/Antaq","idm_origem":"BR150510","mun_origem":"Óbidos","est_origem":"PA","idm_estino":"BR150510","mun_estino":"Óbidos","est_estino":"PA","idantaq":1,"camada sim":"90","Fluxo":19334296.0},"geometry":{"type":"MultiLineString","coordinates":[[[-55.586974,-1.895811],[-55.579894,-1.897215],[-55.568724,-1.900023],[-55.561583,-1.901488],[-55.551085,-1.905516],[-55.545103,-1.907103],[-55.538512,-1.910399],[-55.526176,-1.91402],[-55.517725,-1.919955],[-55.517628,-1.920063]]]}},
{"type":"Feature","properties":{"idhidrovia":200002129,"nome":"Hidrovia do Solimões","navegacao":"Navegação Interior","tipo":"Rio","vel_cional":25.0,"extensao":7.8077646531299996,"tempo":"0d 0h 18min","cla_icacao":"Navegável","nome_rio":"Rio Solimões","nom_eclusa":null,"jurisdicao":"AHIMOC","reg_rafica":"Região Hidrográfica Amazônica","pro_de_min":6.0,"pro_de_max":10.0,"dominio":"União","observacao":"Confluência com o rio Negro _AM_ até Tabatinga _AM_.","snv":"Sim","fonte":"LabTrans/Antaq","idm_origem":"BR130260","mun_origem":"Manaus","est_origem":"AM","idm_estino":"BR130115","mun_estino":"Careiro da Várzea","est_estino":"AM","idantaq":2,"camada sim":"91","Fluxo":1900.0},"geometry":{"type":"MultiLineString","coordinates":[[[-59.875485,-3.188275],[-59.877945,-3.181596],[-59.883726,-3.175425],[-59.894774,-3.159789],[-59.898924,-3.146422],[-59.899107,-3.136595],[-59.897398,-3.130125],[-59.8963,-3.124998]]]}},
{"type":"Feature","properties":{"idhidrovia":200002130,"nome":"Hidrovia do Amazonas","navegacao":"Navegação Interior","tipo":"Rio","vel_cional":25.0,"extensao":134.8270867,"tempo":"0d 5h 23min","cla_icacao":"Navegável","nome_rio":"Rio Amazonas","nom_eclusa":null,"jurisdicao":"AHIMOR","reg_rafica":"Região Hidrográfica Amazônica","pro_de_min":5.0,"pro_de_max":7.5,"dominio":"União","observacao":"Foz no oceano Atlântico _PA_ até a confluência dos rios Negro e Solimões.","snv":"Sim","fonte":"LabTrans/Antaq","idm_origem":"BR160040","mun_origem":"Mazagão","est_origem":"AP","idm_estino":"BR150050","mun_estino":"Almeirim","est_estino":"PA","idantaq":1,"camada sim":"92","Fluxo":19339231.0},"geometry":{"type":"MultiLineString","coordinates":[[[-51.779295,-1.142394],[-51.753111,-1.137389],[-51.726378,-1.129698],[-51.706969,-1.119994],[-51.690001,-1.108275],[-51.671812,-1.095519],[-51.661986,-1.084288],[-51.656798,-1.067809],[-51.658873,-1.053282],[-51.663573,-1.042296],[-51.672179,-1.032774],[-51.679808,-1.017821],[-51.684203,-1.000609],[-51.687804,-0.956725],[-51.690611,-0.917784],[-51.690001,-0.875975],[-51.689085,-0.855406],[-51.687071,-0.832091],[-51.682494,-0.804076],[-51.675902,-0.784483],[-51.658385,-0.753478],[-51.635619,-0.712523],[-51.59857,-0.65808],[-51.582823,-0.638304],[-51.561095,-0.615599],[-51.52368,-0.575194],[-51.504881,-0.558409],[-51.451292,-0.499571],[-51.433104,-0.473387],[-51.428282,-0.457884],[-51.425902,-0.445006],[-51.423094,-0.433287],[-51.419493,-0.423521],[-51.402892,-0.403685],[-51.381224,-0.382201],[-51.367674,-0.365782],[-51.364317,-0.352171],[-51.360472,-0.337889],[-51.357603,-0.32971],[-51.353575,-0.313292],[-51.347105,-0.296812],[-51.341307,-0.283507],[-51.332274,-0.270811],[-51.319273,-0.258421],[-51.301695,-0.242186],[-51.285582,-0.222777],[-51.248473,-0.166014],[-51.241824,-0.1576]]]}},
{"type":"Feature","properties":{"idhidrovia":200002152,"nome":"Hidrovia do Sul","navegacao":"Navegação Interior","tipo":"Laguna","vel_cional":25.0,"extensao":33.5058110656,"tempo":"0d 1h 20min","cla_icacao":"Navegável","nome_rio":"Lagoa dos Patos","nom_eclusa":null,"jurisdicao":"SPH","reg_rafica":"Região Hidrográfica Atlântico Sul","pro_de_min":5.4,"pro_de_max":5.4,"dominio":"Estados ou Distrito Federal","observacao":"Confluência com o oceano Atlântico até a confluência com o Lago Guaíba _RS_.","snv":"Sim","fonte":"LabTrans/Antaq","idm_origem":"BR431560","mun_origem":"Rio Grande","est_origem":"RS","idm_estino":"BR431440","mun_estino":"Pelotas","est_estino":"RS","idantaq":18,"camada sim":"93","Fluxo":92107.0},"geometry":{"type":"MultiLineString","coordinates":[[[-52.21918,-31.788054],[-52.216853,-31.789046],[-52.190673,-31.800209],[-52.168315,-31.813202],[-52.146449,-31.831576],[-52.125003,-31.851154],[-52.101452,-31.873122],[-52.08876,-31.892276],[-52.08267,-31.915671],[-52.081096,-31.949547],[-52.081239,-31.958407],[-52.08182,-31.968155],[-52.081362,-31.98038],[-52.080636,-31.992057],[-52.079729,-32.006122],[-52.077681,-32.017659],[-52.076122,-32.031303],[-52.075164,-32.038542]]]}},
{"type":"Feature","properties":{"idhidrovia":200002153,"nome":"Hidrovia do Sul","navegacao":"Navegação Interior","tipo":"Laguna","vel_cional":25.0,"extensao":80.434418708300001,"tempo":"0d 3h 13min","cla_icacao":"Navegável","nome_rio":"Lagoa dos Patos","nom_eclusa":null,"jurisdicao":"SPH","reg_rafica":"Região Hidrográfica Atlântico Sul","pro_de_min":5.4,"pro_de_max":5.4,"dominio":"Estados ou Distrito Federal","observacao":"Confluência com o oceano Atlântico até a confluência com o Lago Guaíba _RS_.","snv":"Sim","fonte":"LabTrans/Antaq","idm_origem":"BR431250","mun_origem":"Mostardas","est_origem":"RS","idm_estino":"BR430190","mun_estino":"Barra do Ribeiro","est_estino":"RS","idantaq":18,"camada sim":"94","Fluxo":92107.0},"geometry":{"type":"MultiLineString","coordinates":[[[-51.086764,-30.363611],[-51.081424,-30.377324],[-51.077356,-30.397095],[-51.074098,-30.408427],[-51.067488,-30.420182],[-51.045257,-30.443986],[-51.014893,-30.476771],[-50.99212,-30.492506],[-50.974477,-30.506112],[-50.953422,-30.534689],[-50.942831,-30.580678],[-50.958624,-30.62812],[-50.979141,-30.680713],[-50.996787,-30.710523],[-51.02117,-30.732393],[-51.087091,-30.785697],[-51.166385,-30.860249],[-51.225856,-30.928023],[-51.246557,-30.957512]]]}},
{"type":"Feature","properties":{"idhidrovia":200002154,"nome":"Hidrovia do Sul","navegacao":"Navegação Interior","tipo":"Rio","vel_cional":10.0,"extensao":6.7657705263799999,"tempo":"0d 0h 40min","cla_icacao":"Navegável","nome_rio":"Rio Jacuí","nom_eclusa":null,"jurisdicao":"SPH","reg_rafica":"Região Hidrográfica Atlântico Sul","pro_de_min":1.0,"pro_de_max":1.2,"dominio":"Estados ou Distrito Federal","observacao":"Foz na Lagoa Guaíba _RS_ até Dona Francisca _RS_.","snv":"Sim","fonte":"LabTrans/ANA/Antaq","idm_origem":"BR431490","mun_origem":"Porto Alegre","est_origem":"RS","idm_estino":"BR431337","mun_estino":"Nova Santa Rita","est_estino":"RS","idantaq":18,"camada sim":"95","Fluxo":5203.0},"geometry":{"type":"MultiLineString","coordinates":[[[-51.23573,-29.936126],[-51.235685,-29.936139],[-51.233755,-29.938175],[-51.231326,-29.941734],[-51.230385,-29.944516],[-51.228936,-29.949592],[-51.228366,-29.953806],[-51.227565,-29.958556],[-51.226291,-29.965132],[-51.224842,-29.969238],[-51.22237,-29.974078],[-51.218707,-29.979156],[-51.215914,-29.983256],[-51.211315,-29.988383],[-51.209111,-29.991349]]]}},
{"type":"Feature","properties":{"idhidrovia":200002155,"nome":"Hidrovia do Sul","navegacao":"Navegação Interior","tipo":"Rio","vel_cional":10.0,"extensao":2.1887115701300002,"tempo":"0d 0h 13min","cla_icacao":"Navegável","nome_rio":"Rio Gravataí","nom_eclusa":null,"jurisdicao":"SPH","reg_rafica":"Região Hidrográfica Atlântico Sul","pro_de_min":1.0,"pro_de_max":1.6,"dominio":"Estados ou Distrito Federal","observacao":"Foz no Delta do rio Jacuí _RS_ até Gravataí _RS_.","snv":"Sim","fonte":"LabTrans/ANA/Antaq","idm_origem":"BR431490","mun_origem":"Porto Alegre","est_origem":"RS","idm_estino":"BR431490","mun_estino":"Porto Alegre","est_estino":"RS","idantaq":18,"camada sim":"96","Fluxo":7497.0},"geometry":{"type":"MultiLineString","coordinates":[[[-51.202024,-29.972752],[-51.202269,-29.973015],[-51.202642,-29.973575],[-51.203344,-29.974923],[-51.203656,-29.975757],[-51.204081,-29.976964],[-51.204426,-29.977949],[-51.204922,-29.979895],[-51.205094,-29.980869],[-51.205673,-29.983959],[-51.206193,-29.985848],[-51.206742,-29.987141],[-51.20735,-29.988249],[-51.209111,-29.991349]]]}},
{"type":"Feature","properties":{"idhidrovia":200002156,"nome":"Hidrovia do Sul","navegacao":"Navegação Interior","tipo":"Rio","vel_cional":10.0,"extensao":0.66871111779699999,"tempo":"0d 0h 4min","cla_icacao":"Navegável","nome_rio":"Rio Gravataí _acesso_","nom_eclusa":null,"jurisdicao":"SPH","reg_rafica":"Região Hidrográfica Atlântico Sul","pro_de_min":1.0,"pro_de_max":1.6,"dominio":"Estados ou Distrito Federal","observacao":"Foz no Delta do rio Jacuí _RS_ até Gravataí _RS_.","snv":"Sim","fonte":"LabTrans/ANA/Antaq","idm_origem":"BR431490","mun_origem":"Porto Alegre","est_origem":"RS","idm_estino":"BR431490","mun_estino":"Porto Alegre","est_estino":"RS","idantaq":18,"camada sim":"97","Fluxo":7497.0},"geometry":{"type":"MultiLineString","coordinates":[[[-51.204421,-29.967418],[-51.204179,-29.968331],[-51.203791,-29.969036],[-51.203153,-29.969676],[-51.202314,-29.970381],[-51.201961,-29.971006],[-51.20188,-29.971657],[-51.202024,-29.972752]]]}},
{"type":"Feature","properties":{"idhidrovia":200002160,"nome":"Hidrovia do Sul","navegacao":"Navegação Interior","tipo":"Rio","vel_cional":10.0,"extensao":2.99,"tempo":"0d 0h 17min","cla_icacao":"Navegável","nome_rio":"Rio Jacuí","nom_eclusa":null,"jurisdicao":"SPH","reg_rafica":"Região Hidrográfica Atlântico Sul","pro_de_min":1.0,"pro_de_max":1.2,"dominio":"Estados ou Distrito Federal","observacao":"Foz na Lagoa Guaíba _RS_ até Dona Francisca _RS_.","snv":"Sim","fonte":"LabTrans/ANA/Antaq","idm_origem":"BR431337","mun_origem":"Nova Santa Rita","est_origem":"RS","idm_estino":"BR432200","mun_estino":"Triunfo","est_estino":"RS","idantaq":18,"camada sim":"98","Fluxo":5203.0},"geometry":{"type":"MultiLineString","coordinates":[[[-51.266069,-29.93463],[-51.261944,-29.933762],[-51.254817,-29.933025],[-51.24407,-29.933685],[-51.23573,-29.936126]]]}},
{"type":"Feature","properties":{"idhidrovia":200002162,"nome":"Hidrovia do Sul","navegacao":"Navegação Interior","tipo":"Canal","vel_cional":10.0,"extensao":7.5348920449600003,"tempo":"0d 0h 45min","cla_icacao":"Navegável","nome_rio":"Canal Santa Clara","nom_eclusa":null,"jurisdicao":"SPH","reg_rafica":"Região Hidrográfica Atlântico Sul","pro_de_min":2.5,"pro_de_max":3.0,"dominio":null,"observacao":null,"snv":"Não","fonte":"LabTrans/Antaq","idm_origem":"BR432200","mun_origem":"Triunfo","est_origem":"RS","idm_estino":"BR432200","mun_estino":"Triunfo","est_estino":"RS","idantaq":18,"camada sim":"99","Fluxo":5203.0},"geometry":{"type":"MultiLineString","coordinates":[[[-51.373363,-29.901741],[-51.343341,-29.923873],[-51.327019,-29.935937],[-51.317712,-29.943037],[-51.314435,-29.946275]]]}},
{"type":"Feature","properties":{"idhidrovia":200002173,"nome":"Hidrovia do Sul","navegacao":"Navegação Interior","tipo":"Lago","vel_cional":25.0,"extensao":17.934133030800002,"tempo":"0d 0h 43min","cla_icacao":"Navegável","nome_rio":"Lago Guaíba","nom_eclusa":null,"jurisdicao":"SPH","reg_rafica":"Região Hidrográfica Atlântico Sul","pro_de_min":2.0,"pro_de_max":12.0,"dominio":"Estados ou Distrito Federal","observacao":"Confluência com a Lagoa dos Patos _RS_ até o Delta do rio Jacuí.","snv":"Sim","fonte":"LabTrans/Antaq","idm_origem":"BR430930","mun_origem":"Guaíba","est_origem":"RS","idm_estino":"BR431490","mun_estino":"Porto Alegre","est_estino":"RS","idantaq":18,"camada sim":"100","Fluxo":92107.0},"geometry":{"type":"MultiLineString","coordinates":[[[-51.21088,-30.005884],[-51.212215,-30.007935],[-51.214436,-30.010651],[-51.216022,-30.012663],[-51.218141,-30.014896],[-51.219563,-30.016236],[-51.222491,-30.018612],[-51.22653,-30.021083],[-51.230075,-30.023113],[-51.233749,-30.025014],[-51.238211,-30.027201],[-51.240309,-30.028873],[-51.242272,-30.031144],[-51.244276,-30.033835],[-51.2462,-30.036578],[-51.248001,-30.040699],[-51.249853,-30.04819],[-51.252144,-30.052621],[-51.255363,-30.057762],[-51.260111,-30.063692],[-51.26525,-30.067619],[-51.273901,-30.075326],[-51.28277,-30.086056],[-51.288045,-30.09558],[-51.298159,-30.11898],[-51.299007,-30.122781],[-51.299351,-30.125441],[-51.300779,-30.130785],[-51.302546,-30.134776],[-51.30485,-30.137181],[-51.307583,-30.138361]]]}},
{"type":"Feature","properties":{"idhidrovia":200002185,"nome":"Hidrovia do Sul","navegacao":"Navegação Interior","tipo":"Lago","vel_cional":10.0,"extensao":1.63712669418,"tempo":"0d 0h 9min","cla_icacao":"Navegável","nome_rio":"Lago Guaíba","nom_eclusa":null,"jurisdicao":"SPH","reg_rafica":"Região Hidrográfica Atlântico Sul","pro_de_min":2.0,"pro_de_max":12.0,"dominio":"Estados ou Distrito Federal","observacao":"Confluência com a Lagoa dos Patos _RS_ até o Delta do rio Jacuí.","snv":"Sim","fonte":"LabTrans/Antaq","idm_origem":"BR431490","mun_origem":"Porto Alegre","est_origem":"RS","idm_estino":"BR431490","mun_estino":"Porto Alegre","est_estino":"RS","idantaq":18,"camada sim":"101","Fluxo":12700.0},"geometry":{"type":"MultiLineString","coordinates":[[[-51.209111,-29.991349],[-51.208733,-29.992598],[-51.208605,-29.994046],[-51.208674,-29.995962],[-51.209018,-29.997281],[-51.209524,-29.999962],[-51.209971,-30.002358],[-51.210345,-30.003915],[-51.210843,-30.005827],[-51.21088,-30.005884]]]}},
{"type":"Feature","properties":{"idhidrovia":200002195,"nome":"Hidrovia do Mearim-Pindaré","navegacao":"Navegação Interior","tipo":"Baía","vel_cional":10.0,"extensao":5.9687809144499999,"tempo":"0d 0h 35min","cla_icacao":"Navegável","nome_rio":"Baía de São Marcos","nom_eclusa":null,"jurisdicao":"AHINOR","reg_rafica":"Região Hidrográfica Atlântica Nordeste Ocidental","pro_de_min":5.0,"pro_de_max":10.0,"dominio":null,"observacao":null,"snv":"Não","fonte":"LabTrans/Antaq","idm_origem":"BR211130","mun_origem":"São Luís","est_origem":"MA","idm_estino":"BR211130","mun_estino":"São Luís","est_estino":"MA","idantaq":null,"camada sim":"102","Fluxo":9260937.0},"geometry":{"type":"MultiLineString","coordinates":[[[-44.365052,-2.678987],[-44.365186,-2.677519],[-44.364924,-2.676851],[-44.363725,-2.675493],[-44.361947,-2.674248],[-44.361898,-2.674218],[-44.360525,-2.672406],[-44.35962,-2.670239],[-44.359116,-2.667039],[-44.358995,-2.6641],[-44.358974,-2.660131],[-44.359157,-2.657291],[-44.359116,-2.653959],[-44.359129,-2.649888],[-44.359311,-2.647412],[-44.359644,-2.644997],[-44.360632,-2.641439],[-44.361349,-2.639806],[-44.362787,-2.637551],[-44.365307,-2.634343],[-44.367113,-2.632374],[-44.369055,-2.63026]]]}},
{"type":"Feature","properties":{"idhidrovia":200002202,"nome":"Hidrovia do Mearim-Pindaré","navegacao":"Navegação Interior","tipo":"Baía","vel_cional":10.0,"extensao":5.4580489938900003,"tempo":"0d 0h 32min","cla_icacao":"Navegável","nome_rio":"Baía de São Marcos","nom_eclusa":null,"jurisdicao":"AHINOR","reg_rafica":"Região Hidrográfica Atlântica Nordeste Ocidental","pro_de_min":5.0,"pro_de_max":10.0,"dominio":null,"observacao":null,"snv":"Não","fonte":"LabTrans","idm_origem":"BR211130","mun_origem":"São Luís","est_origem":"MA","idm_estino":"BR211130","mun_estino":"São Luís","est_estino":"MA","idantaq":null,"camada sim":"103","Fluxo":9453674.0},"geometry":{"type":"MultiLineString","coordinates":[[[-44.369055,-2.63026],[-44.367293,-2.625529],[-44.365719,-2.61376],[-44.36534,-2.606688],[-44.36664,-2.597689],[-44.368614,-2.588226],[-44.370738,-2.581976],[-44.370769,-2.581964]]]}},
{"type":"Feature","properties":{"idhidrovia":200002240,"nome":"Hidrovia do Solimões","navegacao":"Navegação Interior","tipo":"Rio","vel_cional":10.0,"extensao":19.251837735700001,"tempo":"0d 1h 55min","cla_icacao":"Navegável","nome_rio":"Rio Solimões","nom_eclusa":null,"jurisdicao":"AHIMOC","reg_rafica":"Região Hidrográfica Amazônica","pro_de_min":6.0,"pro_de_max":10.0,"dominio":"União","observacao":"Confluência com o rio Negro _AM_ até Tabatinga _AM_.","snv":"Sim","fonte":"LabTrans/Antaq","idm_origem":"BR130008","mun_origem":"Anamã","est_origem":"AM","idm_estino":"BR130010","mun_estino":"Anori","est_estino":"AM","idantaq":2,"camada sim":"104","Fluxo":1900.0},"geometry":{"type":"MultiLineString","coordinates":[[[-61.618009,-3.776553],[-61.614806,-3.770201],[-61.600584,-3.759886],[-61.581297,-3.750914],[-61.565794,-3.73712],[-61.548888,-3.722228],[-61.529417,-3.705626],[-61.505186,-3.691222],[-61.490294,-3.683409],[-61.477904,-3.677428]]]}},
{"type":"Feature","properties":{"idhidrovia":200002241,"nome":"Hidrovia do Amazonas","navegacao":"Navegação Interior","tipo":"Rio","vel_cional":25.0,"extensao":5.2316735343799996,"tempo":"0d 0h 12min","cla_icacao":"Navegável","nome_rio":"Rio Amazonas","nom_eclusa":null,"jurisdicao":"AHIMOC","reg_rafica":"Região Hidrográfica Amazônica","pro_de_min":5.0,"pro_de_max":7.5,"dominio":"União","observacao":"Foz no oceano Atlântico _PA_ até a confluência dos rios Negro e Solimões.","snv":"Sim","fonte":"LabTrans/Antaq","idm_origem":"BR130190","mun_origem":"Itacoatiara","est_origem":"AM","idm_estino":"BR130190","mun_estino":"Itacoatiara","est_estino":"AM","idantaq":1,"camada sim":"105","Fluxo":5411300.0},"geometry":{"type":"MultiLineString","coordinates":[[[-58.483587,-3.137599],[-58.475648,-3.137679],[-58.463812,-3.141822],[-58.454918,-3.147963],[-58.444556,-3.155215],[-58.44147,-3.155995]]]}},
{"type":"Feature","properties":{"idhidrovia":200002242,"nome":"Hidrovia do Amazonas","navegacao":"Navegação Interior","tipo":"Rio","vel_cional":25.0,"extensao":27.233979832100001,"tempo":"0d 1h 5min","cla_icacao":"Navegável","nome_rio":"Rio Amazonas","nom_eclusa":null,"jurisdicao":"AHIMOC","reg_rafica":"Região Hidrográfica Amazônica","pro_de_min":5.0,"pro_de_max":7.5,"dominio":"União","observacao":"Foz no oceano Atlântico _PA_ até a confluência dos rios Negro e Solimões.","snv":"Sim","fonte":"LabTrans/Antaq","idm_origem":"BR130190","mun_origem":"Itacoatiara","est_origem":"AM","idm_estino":"BR130190","mun_estino":"Itacoatiara","est_estino":"AM","idantaq":1,"camada sim":"106","Fluxo":6573801.0},"geometry":{"type":"MultiLineString","coordinates":[[[-58.44147,-3.155995],[-58.427953,-3.159414],[-58.414687,-3.159465],[-58.395443,-3.152893],[-58.382506,-3.145873],[-58.36389,-3.1369],[-58.348692,-3.124388],[-58.326415,-3.112486],[-58.301878,-3.103392],[-58.278075,-3.09381],[-58.249693,-3.086607],[-58.231688,-3.077513],[-58.219821,-3.066611]]]}},
{"type":"Feature","properties":{"idhidrovia":200002247,"nome":"Hidrovia do Solimões","navegacao":"Navegação Interior","tipo":"Rio","vel_cional":10.0,"extensao":12.7120304495,"tempo":"0d 1h 16min","cla_icacao":"Navegável","nome_rio":"Rio Solimões","nom_eclusa":null,"jurisdicao":"AHIMOC","reg_rafica":"Região Hidrográfica Amazônica","pro_de_min":6.0,"pro_de_max":10.0,"dominio":"União","observacao":"Confluência com o rio Negro _AM_ até Tabatinga _AM_.","snv":"Sim","fonte":"LabTrans/Antaq","idm_origem":"BR130008","mun_origem":"Anamã","est_origem":"AM","idm_estino":"BR130008","mun_estino":"Anamã","est_estino":"AM","idantaq":2,"camada sim":"107","Fluxo":1900.0},"geometry":{"type":"MultiLineString","coordinates":[[[-61.477904,-3.677428],[-61.467284,-3.669676],[-61.456297,-3.656981],[-61.448912,-3.647704],[-61.440184,-3.638792],[-61.43109,-3.63098],[-61.422789,-3.62567],[-61.410704,-3.617674],[-61.403075,-3.612608],[-61.390924,-3.604004]]]}},
{"type":"Feature","properties":{"idhidrovia":200002248,"nome":"Hidrovia do Solimões","navegacao":"Navegação Interior","tipo":"Rio","vel_cional":10.0,"extensao":16.659285508,"tempo":"0d 1h 39min","cla_icacao":"Navegável","nome_rio":"Rio Solimões","nom_eclusa":null,"jurisdicao":"AHIMOC","reg_rafica":"Região Hidrográfica Amazônica","pro_de_min":6.0,"pro_de_max":10.0,"dominio":"União","observacao":"Confluência com o rio Negro _AM_ até Tabatinga _AM_.","snv":"Sim","fonte":"LabTrans/Antaq","idm_origem":"BR130250","mun_origem":"Manacapuru","est_origem":"AM","idm_estino":"BR130250","mun_estino":"Manacapuru","est_estino":"AM","idantaq":2,"camada sim":"108","Fluxo":1900.0},"geometry":{"type":"MultiLineString","coordinates":[[[-60.612615,-3.333185],[-60.61151,-3.333006],[-60.584898,-3.326903],[-60.56848,-3.325804],[-60.540892,-3.327025],[-60.50659,-3.332701],[-60.478087,-3.33618],[-60.464226,-3.335853]]]}},
{"type":"Feature","properties":{"idhidrovia":200002249,"nome":"Hidrovia do Solimões","navegacao":"Navegação Interior","tipo":"Rio","vel_cional":10.0,"extensao":42.112584563299997,"tempo":"0d 4h 12min","cla_icacao":"Navegável","nome_rio":"Rio Solimões","nom_eclusa":null,"jurisdicao":"AHIMOC","reg_rafica":"Região Hidrográfica Amazônica","pro_de_min":6.0,"pro_de_max":10.0,"dominio":"União","observacao":"Confluência com o rio Negro _AM_ até Tabatinga _AM_.","snv":"Sim","fonte":"LabTrans/Antaq","idm_origem":"BR130115","mun_origem":"Careiro da Várzea","est_origem":"AM","idm_estino":"BR130185","mun_estino":"Iranduba","est_estino":"AM","idantaq":2,"camada sim":"109","Fluxo":1900.0},"geometry":{"type":"MultiLineString","coordinates":[[[-60.194724,-3.298156],[-60.173277,-3.312376],[-60.15399,-3.323607],[-60.136107,-3.324889],[-60.108702,-3.323607],[-60.075011,-3.316588],[-60.047484,-3.304503],[-60.025206,-3.290404],[-59.9989,-3.285277],[-59.978697,-3.281676],[-59.952391,-3.274107],[-59.940184,-3.267577],[-59.924803,-3.25659],[-59.915587,-3.251097],[-59.903197,-3.242369],[-59.898802,-3.237669],[-59.893614,-3.229369],[-59.885027,-3.214341],[-59.878661,-3.196826],[-59.876028,-3.192173],[-59.875485,-3.188275]]]}},
{"type":"Feature","properties":{"idhidrovia":200002250,"nome":"Hidrovia do Madeira","navegacao":"Navegação Interior","tipo":"Rio","vel_cional":22.0,"extensao":48.925898289199999,"tempo":"0d 2h 13min","cla_icacao":"Navegável","nome_rio":"Rio Madeira","nom_eclusa":null,"jurisdicao":"AHIMOC","reg_rafica":"Região Hidrográfica Amazônica","pro_de_min":2.0,"pro_de_max":7.0,"dominio":"União","observacao":"Foz no rio Amazonas _AM_ até a confluência dos rios Beni _rio boliviano_ e Mamoré _RO_.","snv":"Sim","fonte":"LabTrans/Antaq","idm_origem":"BR130190","mun_origem":"Itacoatiara","est_origem":"AM","idm_estino":"BR130310","mun_estino":"Nova Olinda do Norte","est_estino":"AM","idantaq":5,"camada sim":"110","Fluxo":1896.0},"geometry":{"type":"MultiLineString","coordinates":[[[-59.043298,-3.645903],[-59.039488,-3.64221],[-59.031676,-3.634825],[-59.016783,-3.619078],[-59.010619,-3.612914],[-59.005675,-3.60919],[-58.998473,-3.606688],[-58.989195,-3.608275],[-58.976927,-3.606017],[-58.969115,-3.600279],[-58.958189,-3.588927],[-58.946715,-3.576598],[-58.939085,-3.566222],[-58.932616,-3.558104],[-58.925291,-3.552306],[-58.918578,-3.547423],[-58.912779,-3.540099],[-58.900389,-3.520689],[-58.885313,-3.500914],[-58.871092,-3.486205],[-58.860289,-3.475707],[-58.851378,-3.466185],[-58.835692,-3.460692],[-58.826903,-3.460509],[-58.81732,-3.459105],[-58.805602,-3.455077],[-58.79901,-3.449889],[-58.796202,-3.440794],[-58.794981,-3.431883],[-58.788268,-3.415892],[-58.784178,-3.407591],[-58.780516,-3.389281],[-58.775694,-3.380675],[-58.768004,-3.37329],[-58.760985,-3.367003],[-58.746703,-3.352171]]]}},
{"type":"Feature","properties":{"idhidrovia":200002251,"nome":"Hidrovia do Madeira","navegacao":"Navegação Interior","tipo":"Rio","vel_cional":22.0,"extensao":31.939240037899999,"tempo":"0d 1h 27min","cla_icacao":"Navegável","nome_rio":"Rio Madeira","nom_eclusa":null,"jurisdicao":"AHIMOC","reg_rafica":"Região Hidrográfica Amazônica","pro_de_min":2.0,"pro_de_max":7.0,"dominio":"União","observacao":"Foz no rio Amazonas _AM_ até a confluência dos rios Beni _rio boliviano_ e Mamoré _RO_.","snv":"Sim","fonte":"LabTrans/Antaq","idm_origem":"BR130310","mun_origem":"Nova Olinda do Norte","est_origem":"AM","idm_estino":"BR130310","mun_estino":"Nova Olinda do Norte","est_estino":"AM","idantaq":5,"camada sim":"111","Fluxo":1896.0},"geometry":{"type":"MultiLineString","coordinates":[[[-59.103275,-3.873363],[-59.092406,-3.866576],[-59.087279,-3.860777],[-59.083495,-3.852782],[-59.079894,-3.845274],[-59.072691,-3.835326],[-59.065306,-3.82318],[-59.057677,-3.811827],[-59.051085,-3.797728],[-59.050291,-3.783873],[-59.051817,-3.768126],[-59.061705,-3.751891],[-59.072386,-3.737181],[-59.082396,-3.723998],[-59.089903,-3.715575],[-59.096007,-3.708006],[-59.098875,-3.700194],[-59.099791,-3.691405],[-59.0968,-3.68579],[-59.088805,-3.679808],[-59.07379,-3.669005],[-59.059508,-3.659911],[-59.049376,-3.651793],[-59.043298,-3.645903]]]}},
{"type":"Feature","properties":{"idhidrovia":200002252,"nome":"Hidrovia do Madeira","navegacao":"Navegação Interior","tipo":"Rio","vel_cional":22.0,"extensao":89.936933288299997,"tempo":"0d 4h 5min","cla_icacao":"Navegável","nome_rio":"Rio Madeira","nom_eclusa":null,"jurisdicao":"AHIMOC","reg_rafica":"Região Hidrográfica Amazônica","pro_de_min":2.0,"pro_de_max":7.0,"dominio":"União","observacao":"Foz no rio Amazonas _AM_ até a confluência dos rios Beni _rio boliviano_ e Mamoré _RO_.","snv":"Sim","fonte":"LabTrans/Antaq","idm_origem":"BR130310","mun_origem":"Nova Olinda do Norte","est_origem":"AM","idm_estino":"BR130080","mun_estino":"Borba","est_estino":"AM","idantaq":5,"camada sim":"112","Fluxo":1896.0},"geometry":{"type":"MultiLineString","coordinates":[[[-59.59558,-4.38098],[-59.583495,-4.372008],[-59.572325,-4.365111],[-59.563597,-4.353209],[-59.557127,-4.341185],[-59.556883,-4.328307],[-59.556578,-4.31317],[-59.551512,-4.301817],[-59.535826,-4.285887],[-59.529906,-4.264891],[-59.52191,-4.251402],[-59.514525,-4.247191],[-59.500609,-4.248717],[-59.491209,-4.250975],[-59.477782,-4.260191],[-59.466795,-4.271117],[-59.458189,-4.274779],[-59.443419,-4.2666],[-59.429381,-4.25659],[-59.414305,-4.245482],[-59.403014,-4.234801],[-59.394591,-4.223082],[-59.387022,-4.21118],[-59.376402,-4.187498],[-59.369627,-4.166686],[-59.362975,-4.144896],[-59.355711,-4.121581],[-59.352293,-4.096678],[-59.348387,-4.081969],[-59.338988,-4.060728],[-59.327696,-4.034483],[-59.321898,-4.006102],[-59.314574,-3.989623],[-59.305174,-3.974486],[-59.289427,-3.964171],[-59.271788,-3.955321],[-59.25659,-3.94879],[-59.234801,-3.937987],[-59.208678,-3.927184],[-59.188292,-3.910826],[-59.18109,-3.899107],[-59.175597,-3.891417],[-59.169981,-3.888915],[-59.15692,-3.888304],[-59.150389,-3.887877],[-59.134581,-3.884093],[-59.120177,-3.880186],[-59.106871,-3.875609],[-59.103275,-3.873363]]]}},
{"type":"Feature","properties":{"idhidrovia":200002260,"nome":"Hidrovia do Amazonas","navegacao":"Navegação Interior","tipo":"Rio","vel_cional":15.0,"extensao":36.459890277900001,"tempo":"0d 2h 25min","cla_icacao":"Navegável","nome_rio":"Rio Trombetas","nom_eclusa":null,"jurisdicao":"AHIMOR","reg_rafica":"Região Hidrográfica Amazônica","pro_de_min":2.0,"pro_de_max":4.0,"dominio":"Estados ou Distrito Federal","observacao":"Foz no rio Amazonas _PA_ até o sopé Cachoeira Porteira _Oriximiná-PA_.","snv":"Sim","fonte":"LabTrans/ANA/Antaq","idm_origem":"BR150510","mun_origem":"Óbidos","est_origem":"PA","idm_estino":"BR150530","mun_estino":"Oriximiná","est_estino":"PA","idantaq":1,"camada sim":"113","Fluxo":7536853.0},"geometry":{"type":"MultiLineString","coordinates":[[[-55.876593,-1.768451],[-55.872496,-1.772398],[-55.857176,-1.792906],[-55.846007,-1.803587],[-55.834715,-1.813719],[-55.828307,-1.820799],[-55.816405,-1.830687],[-55.803221,-1.840208],[-55.792296,-1.845091],[-55.781187,-1.849608],[-55.7713,-1.853575],[-55.759093,-1.856383],[-55.747801,-1.856871],[-55.720091,-1.85858],[-55.710997,-1.859801],[-55.699889,-1.861876],[-55.687376,-1.865599],[-55.673521,-1.869688],[-55.659605,-1.873473],[-55.642271,-1.878111],[-55.632201,-1.883177],[-55.615721,-1.889891],[-55.59619,-1.89398],[-55.586974,-1.895811]]]}},
{"type":"Feature","properties":{"idhidrovia":200002265,"nome":"Hidrovia do Amazonas","navegacao":"Navegação Interior","tipo":"Rio","vel_cional":15.0,"extensao":100.32165233199999,"tempo":"0d 6h 41min","cla_icacao":"Navegável","nome_rio":"Rio Xingu","nom_eclusa":null,"jurisdicao":"AHIMOR","reg_rafica":"Região Hidrográfica Amazônica","pro_de_min":2.3,"pro_de_max":6.0,"dominio":"União","observacao":"Foz no rio Amazonas _AM_ até PK 1522.","snv":"Sim","fonte":"LabTrans/ANA/Antaq","idm_origem":"BR150590","mun_origem":"Porto de Moz","est_origem":"PA","idm_estino":"BR150590","mun_estino":"Porto de Moz","est_estino":"PA","idantaq":1,"camada sim":"114","Fluxo":4936.0},"geometry":{"type":"MultiLineString","coordinates":[[[-51.993788,-2.596371],[-51.9942,-2.587523],[-51.997679,-2.548582],[-52.002196,-2.528502],[-52.021788,-2.492003],[-52.042418,-2.461119],[-52.062682,-2.411803],[-52.072874,-2.373778],[-52.08618,-2.33911],[-52.1062,-2.301695],[-52.123595,-2.281798],[-52.139586,-2.263121],[-52.152892,-2.251097],[-52.169493,-2.223387],[-52.176878,-2.215086],[-52.192381,-2.18579],[-52.208128,-2.148802],[-52.21411,-2.126524],[-52.218321,-2.098998],[-52.227293,-2.049071],[-52.234801,-2.009215],[-52.237425,-1.992003],[-52.241026,-1.952269],[-52.246703,-1.921873],[-52.247984,-1.888609],[-52.238402,-1.83911],[-52.23419,-1.809386],[-52.236205,-1.785277],[-52.238097,-1.775816],[-52.244383,-1.768187],[-52.247679,-1.765501],[-52.25415,-1.758549]]]}},
{"type":"Feature","properties":{"idhidrovia":200002281,"nome":"Hidrovia do Amazonas","navegacao":"Navegação Interior","tipo":"Rio","vel_cional":25.0,"extensao":6.391209,"tempo":"0d 0h 15min","cla_icacao":"Navegável","nome_rio":"Rio Amazonas","nom_eclusa":null,"jurisdicao":"AHIMOR","reg_rafica":"Região Hidrográfica Amazônica","pro_de_min":5.0,"pro_de_max":7.5,"dominio":"União","observacao":null,"snv":"Sim","fonte":"LabTrans/Antaq","idm_origem":"BR150480","mun_origem":"Monte Alegre","est_origem":"PA","idm_estino":"BR150680","mun_estino":"Santarém","est_estino":"PA","idantaq":1,"camada sim":"115","Fluxo":19334296.0},"geometry":{"type":"MultiLineString","coordinates":[[[-54.670591,-2.428709],[-54.641782,-2.440306],[-54.619992,-2.448561]]]}},
{"type":"Feature","properties":{"idhidrovia":200002289,"nome":"Hidrovia do Tocantins","navegacao":"Navegação Interior","tipo":"Rio","vel_cional":25.0,"extensao":46.729849979199997,"tempo":"0d 1h 52min","cla_icacao":"Navegável","nome_rio":"Rio Pará","nom_eclusa":null,"jurisdicao":"AHIMOR","reg_rafica":"Região Hidrográfica do Tocantins","pro_de_min":1.4,"pro_de_max":2.8,"dominio":"União","observacao":"Foz no rio Tocantins _TO_ até Portel _PA_.","snv":"Sim","fonte":"ANA/Antaq","idm_origem":"BR150010","mun_origem":"Abaetetuba","est_origem":"PA","idm_estino":"BR150770","mun_estino":"São Sebastião da Boa Vista","est_estino":"PA","idantaq":null,"camada sim":"116","Fluxo":3812081.0},"geometry":{"type":"MultiLineString","coordinates":[[[-49.525206,-1.750182],[-49.498717,-1.750182],[-49.484373,-1.744505],[-49.456114,-1.731688],[-49.433592,-1.722899],[-49.401976,-1.717101],[-49.351378,-1.712889],[-49.314513,-1.702696],[-49.288207,-1.689574],[-49.271483,-1.679198],[-49.253722,-1.670775],[-49.236205,-1.669005],[-49.215208,-1.667601],[-49.190672,-1.674193],[-49.121703,-1.677977]]]}},
{"type":"Feature","properties":{"idhidrovia":200002290,"nome":"Hidrovia do Tocantins","navegacao":"Navegação Interior","tipo":"Rio","vel_cional":25.0,"extensao":38.146375751500003,"tempo":"0d 1h 31min","cla_icacao":"Navegável","nome_rio":"Rio Pará","nom_eclusa":null,"jurisdicao":"AHIMOR","reg_rafica":"Região Hidrográfica do Tocantins","pro_de_min":1.4,"pro_de_max":2.8,"dominio":"União","observacao":null,"snv":"Sim","fonte":"LabTrans/Antaq","idm_origem":"BR150770","mun_origem":"São Sebastião da Boa Vista","est_origem":"PA","idm_estino":"BR150520","mun_estino":"Oeiras do Pará","est_estino":"PA","idantaq":null,"camada sim":"117","Fluxo":3812081.0},"geometry":{"type":"MultiLineString","coordinates":[[[-49.837842,-1.853339],[-49.824705,-1.854795],[-49.814207,-1.853086],[-49.806821,-1.850707],[-49.799802,-1.846373],[-49.7937,-1.840086],[-49.785581,-1.83447],[-49.778319,-1.830503],[-49.766599,-1.826902],[-49.751524,-1.820799],[-49.741393,-1.818785],[-49.728513,-1.822508],[-49.715207,-1.822386],[-49.691588,-1.815793],[-49.642882,-1.779417],[-49.622801,-1.768979],[-49.610106,-1.7619],[-49.595274,-1.754515],[-49.57739,-1.748105],[-49.558408,-1.745115],[-49.541196,-1.746825],[-49.525205,-1.750181]]]}},
{"type":"Feature","properties":{"idhidrovia":200002315,"nome":"Hidrovia do Tocantins","navegacao":"Navegação Interior","tipo":"Rio","vel_cional":25.0,"extensao":21.619658519600002,"tempo":"0d 0h 51min","cla_icacao":"Navegável","nome_rio":"Rio Pará","nom_eclusa":null,"jurisdicao":"AHIMOR","reg_rafica":"Região Hidrográfica do Tocantins","pro_de_min":1.4,"pro_de_max":2.8,"dominio":"União","observacao":"Foz no rio Tocantins _TO_ até Portel _PA_.","snv":"Sim","fonte":"ANA/Antaq","idm_origem":"BR150520","mun_origem":"Oeiras do Pará","est_origem":"PA","idm_estino":"BR150280","mun_estino":"Curralinho","est_estino":"PA","idantaq":null,"camada sim":"118","Fluxo":3812081.0},"geometry":{"type":"MultiLineString","coordinates":[[[-50.018515,-1.784258],[-50.013976,-1.784789],[-49.998717,-1.789183],[-49.979491,-1.794798],[-49.947081,-1.80377],[-49.925902,-1.814391],[-49.893004,-1.830382],[-49.84619,-1.852415],[-49.837843,-1.85334]]]}},
{"type":"Feature","properties":{"idhidrovia":200002323,"nome":"Hidrovia do Sul","navegacao":"Navegação Interior","tipo":"Rio","vel_cional":10.0,"extensao":3.01,"tempo":"0d 0h 18min","cla_icacao":"Navegação inexpressiva","nome_rio":"Rio Jacuí","nom_eclusa":null,"jurisdicao":"SPH","reg_rafica":"Região Hidrográfica Atlântico Sul","pro_de_min":1.0,"pro_de_max":1.2,"dominio":"Estados ou Distrito Federal","observacao":"Foz na Lagoa Guaíba _RS_ até Dona Francisca _RS_.","snv":"Sim","fonte":"LabTrans/ANA/Antaq","idm_origem":"BR432200","mun_origem":"Triunfo","est_origem":"RS","idm_estino":"BR432200","mun_estino":"Triunfo","est_estino":"RS","idantaq":18,"camada sim":"119","Fluxo":5203.0},"geometry":{"type":"MultiLineString","coordinates":[[[-51.314435,-29.946274],[-51.303556,-29.947067],[-51.296852,-29.947082],[-51.287967,-29.945992],[-51.285291,-29.942696]]]}},
{"type":"Feature","properties":{"idhidrovia":200002350,"nome":"Hidrovia do Tocantins","navegacao":"Navegação Interior","tipo":"Rio","vel_cional":25.0,"extensao":6.2357368535699997,"tempo":"0d 0h 14min","cla_icacao":"Navegável","nome_rio":"Rio Tocantins","nom_eclusa":null,"jurisdicao":"AHIMOR","reg_rafica":"Região Hidrográfica do Tocantins","pro_de_min":1.5,"pro_de_max":4.0,"dominio":"União","observacao":"Foz no oceano Atlântico _PA_ até o Lago da Barragem de Serra da Mesa _GO_, na confluência com o rio Tocantizinho _GO_.","snv":"Sim","fonte":"ANA/Antaq","idm_origem":"BR150490","mun_origem":"Muaná","est_origem":"PA","idm_estino":"BR150010","mun_estino":"Abaetetuba","est_estino":"PA","idantaq":9,"camada sim":"120","Fluxo":3812081.0},"geometry":{"type":"MultiLineString","coordinates":[[[-49.121703,-1.677977],[-49.101378,-1.65222],[-49.086529,-1.63409]]]}},
{"type":"Feature","properties":{"idhidrovia":200002369,"nome":"Hidrovia do Madeira","navegacao":"Navegação Interior","tipo":"Rio","vel_cional":22.0,"extensao":61.492063569000003,"tempo":"0d 2h 47min","cla_icacao":"Navegável","nome_rio":"Rio Madeira","nom_eclusa":null,"jurisdicao":"AHIMOC","reg_rafica":"Região Hidrográfica Amazônica","pro_de_min":2.0,"pro_de_max":7.0,"dominio":"União","observacao":"Foz no rio Amazonas _AM_ até a confluência dos rios Beni _rio boliviano_ e Mamoré _RO_.","snv":"Sim","fonte":"LabTrans/Antaq","idm_origem":"BR130170","mun_origem":"Humaitá","est_origem":"AM","idm_estino":"BR110020","mun_estino":"Porto Velho","est_estino":"RO","idantaq":5,"camada sim":"121","Fluxo":1896.0},"geometry":{"type":"MultiLineString","coordinates":[[[-62.877351,-8.015659],[-62.877074,-8.010802],[-62.874815,-7.992796],[-62.871275,-7.968077],[-62.869627,-7.951781],[-62.871092,-7.934813],[-62.87329,-7.921873],[-62.876769,-7.91107],[-62.880186,-7.903075],[-62.883971,-7.894774],[-62.891112,-7.88098],[-62.895201,-7.868468],[-62.900023,-7.85797],[-62.908873,-7.846373],[-62.915587,-7.829405],[-62.920409,-7.813902],[-62.923094,-7.802428],[-62.928587,-7.785094],[-62.930602,-7.776915],[-62.934508,-7.765868],[-62.940794,-7.756224],[-62.947813,-7.7489],[-62.948607,-7.742308],[-62.945311,-7.729186],[-62.934996,-7.716307],[-62.928099,-7.702208],[-62.92462,-7.687376],[-62.920409,-7.673399],[-62.917784,-7.665587],[-62.917784,-7.657896],[-62.921385,-7.650206],[-62.928221,-7.642394],[-62.93817,-7.629881],[-62.943297,-7.624205],[-62.94641,-7.611693],[-62.950987,-7.596068],[-62.955992,-7.581908],[-62.96588,-7.565672],[-62.9718,-7.556212],[-62.978087,-7.548705],[-62.989317,-7.544676],[-62.999998,-7.535277],[-63.005309,-7.526976],[-63.007506,-7.520689],[-63.008983,-7.516709]]]}},
{"type":"Feature","properties":{"idhidrovia":200002373,"nome":"Hidrovia do Amazonas","navegacao":"Navegação Interior","tipo":"Rio","vel_cional":15.0,"extensao":16.321770037299999,"tempo":"0d 1h 5min","cla_icacao":"Navegável","nome_rio":"Rio Xingu","nom_eclusa":null,"jurisdicao":"AHIMOR","reg_rafica":"Região Hidrográfica Amazônica","pro_de_min":4.2,"pro_de_max":7.2,"dominio":"União","observacao":"Foz no rio Amazonas _AM_ até PK 1522.","snv":"Sim","fonte":"LabTrans/ANA/Antaq","idm_origem":"BR150310","mun_origem":"Gurupá","est_origem":"PA","idm_estino":"BR150590","mun_estino":"Porto de Moz","est_estino":"PA","idantaq":1,"camada sim":"122","Fluxo":4936.0},"geometry":{"type":"MultiLineString","coordinates":[[[-52.211579,-1.641155],[-52.21118,-1.636595],[-52.212584,-1.628294],[-52.212828,-1.625304],[-52.21118,-1.621397],[-52.209776,-1.617003],[-52.207396,-1.611571],[-52.206297,-1.608397],[-52.206786,-1.60388],[-52.206908,-1.599181],[-52.208128,-1.593993],[-52.209288,-1.58972],[-52.210692,-1.585326],[-52.213316,-1.57971],[-52.215208,-1.576598],[-52.219786,-1.57141],[-52.224181,-1.566222],[-52.228392,-1.559691],[-52.231383,-1.555296],[-52.235289,-1.549803],[-52.237791,-1.545592],[-52.239684,-1.541502],[-52.242003,-1.53369],[-52.243468,-1.527769],[-52.244811,-1.520995],[-52.246581,-1.513976],[-52.249083,-1.505797]]]}},
{"type":"Feature","properties":{"idhidrovia":200002376,"nome":"Hidrovia do Amazonas","navegacao":"Navegação Interior","tipo":"Rio","vel_cional":25.0,"extensao":40.947335888200001,"tempo":"0d 1h 38min","cla_icacao":"Navegável","nome_rio":"Rio Amazonas","nom_eclusa":null,"jurisdicao":"AHIMOC","reg_rafica":"Região Hidrográfica Amazônica","pro_de_min":5.0,"pro_de_max":7.5,"dominio":"União","observacao":"Foz no oceano Atlântico _PA_ até a confluência dos rios Negro e Solimões.","snv":"Sim","fonte":"LabTrans/Antaq","idm_origem":"BR130340","mun_origem":"Parintins","est_origem":"AM","idm_estino":"BR130340","mun_estino":"Parintins","est_estino":"AM","idantaq":1,"camada sim":"123","Fluxo":6573801.0},"geometry":{"type":"MultiLineString","coordinates":[[[-56.667784,-2.594115],[-56.659789,-2.590086],[-56.6463,-2.581175],[-56.63629,-2.576109],[-56.608353,-2.56327],[-56.59079,-2.553418],[-56.577746,-2.543819],[-56.563292,-2.531004],[-56.54077,-2.513915],[-56.523985,-2.503172],[-56.503478,-2.485777],[-56.494166,-2.473045],[-56.477171,-2.448607],[-56.455809,-2.417479],[-56.442992,-2.397398],[-56.427672,-2.3692],[-56.41992,-2.343687],[-56.418088,-2.338289]]]}},
{"type":"Feature","properties":{"idhidrovia":200002394,"nome":"Hidrovia do Sul","navegacao":"Navegação Interior","tipo":"Laguna","vel_cional":25.0,"extensao":65.014495504300001,"tempo":"0d 2h 36min","cla_icacao":"Navegável","nome_rio":"Lagoa dos Patos","nom_eclusa":null,"jurisdicao":"SPH","reg_rafica":"Região Hidrográfica Atlântico Sul","pro_de_min":5.4,"pro_de_max":5.4,"dominio":"Estados ou Distrito Federal","observacao":"Confluência com o oceano Atlântico até a confluência com o Lago Guaíba _RS_.","snv":"Sim","fonte":"LabTrans/Antaq","idm_origem":"BR431440","mun_origem":"Pelotas","est_origem":"RS","idm_estino":"BR430350","mun_estino":"Camaquã","est_estino":"RS","idantaq":18,"camada sim":"124","Fluxo":92107.0},"geometry":{"type":"MultiLineString","coordinates":[[[-51.687525,-31.473246],[-51.728107,-31.519353],[-51.845876,-31.654469],[-51.892107,-31.700381],[-51.938267,-31.732238],[-51.982462,-31.748671],[-52.033869,-31.764802],[-52.075596,-31.776895],[-52.13261,-31.783339],[-52.176417,-31.787016],[-52.21918,-31.788054]]]}},
{"type":"Feature","properties":{"idhidrovia":200002396,"nome":"Hidrovia do Sul","navegacao":"Navegação Interior","tipo":"Lago","vel_cional":25.0,"extensao":19.692815221299998,"tempo":"0d 0h 47min","cla_icacao":"Navegável","nome_rio":"Lago Guaíba","nom_eclusa":null,"jurisdicao":"SPH","reg_rafica":"Região Hidrográfica Atlântico Sul","pro_de_min":2.0,"pro_de_max":12.0,"dominio":"Estados ou Distrito Federal","observacao":"Confluência com a Lagoa dos Patos _RS_ até o Delta do rio Jacuí.","snv":"Sim","fonte":"LabTrans/Antaq","idm_origem":"BR430190","mun_origem":"Barra do Ribeiro","est_origem":"RS","idm_estino":"BR430190","mun_estino":"Barra do Ribeiro","est_estino":"RS","idantaq":18,"camada sim":"125","Fluxo":92107.0},"geometry":{"type":"MultiLineString","coordinates":[[[-51.233398,-30.247404],[-51.216643,-30.260374],[-51.15751,-30.29248],[-51.133004,-30.30547],[-51.112975,-30.318537],[-51.103399,-30.328435],[-51.097303,-30.338411],[-51.090392,-30.354291],[-51.086764,-30.363611]]]}},
{"type":"Feature","properties":{"idhidrovia":200002462,"nome":"Hidrovia da Baía de Santos","navegacao":"Navegação Interior","tipo":"Canal","vel_cional":10.0,"extensao":4.7060243320700001,"tempo":"0d 0h 28min","cla_icacao":"Navegação inexpressiva","nome_rio":"Canal de Piaçaguera","nom_eclusa":null,"jurisdicao":"AHRANA","reg_rafica":"Região Hidrográfica Atlântica Sudeste","pro_de_min":8.0,"pro_de_max":14.0,"dominio":"Estados ou Distrito Federal","observacao":"Foz  na baia de Santos _SP_  até o PK 20","snv":"Sim","fonte":"LabTrans/Antaq","idm_origem":"BR351870","mun_origem":"Guarujá","est_origem":"SP","idm_estino":"BR354850","mun_estino":"Santos","est_estino":"SP","idantaq":null,"camada sim":"126","Fluxo":1.0},"geometry":{"type":"MultiLineString","coordinates":[[[-46.285654,-23.972228],[-46.285858,-23.97241],[-46.286055,-23.972596],[-46.286245,-23.972784],[-46.286429,-23.972975],[-46.286606,-23.97317],[-46.286775,-23.973367],[-46.286938,-23.973567],[-46.287017,-23.973668],[-46.287094,-23.97377],[-46.28717,-23.973872],[-46.287244,-23.973976],[-46.287316,-23.97408],[-46.287386,-23.974184],[-46.287455,-23.97429],[-46.287521,-23.974396],[-46.287587,-23.974503],[-46.28765,-23.974611],[-46.287712,-23.974719],[-46.287772,-23.974828],[-46.28783,-23.974938],[-46.287887,-23.975048],[-46.287942,-23.97516],[-46.287995,-23.975272],[-46.288046,-23.975385],[-46.288096,-23.975498],[-46.288161,-23.975657],[-46.288222,-23.975823],[-46.288278,-23.975994],[-46.28833,-23.976173],[-46.288378,-23.976358],[-46.288422,-23.976551],[-46.288463,-23.976753],[-46.2885,-23.976964],[-46.288528,-23.977147],[-46.288555,-23.977339],[-46.28858,-23.977542],[-46.288604,-23.977761],[-46.288642,-23.978169],[-46.288726,-23.979153],[-46.288751,-23.979415],[-46.288777,-23.97965],[-46.288801,-23.979873],[-46.288822,-23.980121],[-46.28884,-23.980364],[-46.288881,-23.98098],[-46.288908,-23.981314],[-46.288925,-23.981489],[-46.288944,-23.981653],[-46.288965,-23.981808],[-46.288987,-23.981957],[-46.289069,-23.982457],[-46.289122,-23.982759],[-46.289177,-23.983038],[-46.289204,-23.983165],[-46.289232,-23.983287],[-46.289263,-23.983412],[-46.289295,-23.983531],[-46.289327,-23.983646],[-46.289362,-23.983757],[-46.289397,-23.983865],[-46.289434,-23.983969],[-46.289473,-23.98407],[-46.289513,-23.984168],[-46.289556,-23.984265],[-46.289602,-23.984363],[-46.289651,-23.984462],[-46.289704,-23.984562],[-46.28976,-23.984664],[-46.289819,-23.984767],[-46.289882,-23.984872],[-46.289948,-23.984979],[-46.290017,-23.985086],[-46.29009,-23.985195],[-46.290251,-23.985427],[-46.290434,-23.985679],[-46.290672,-23.985996],[-46.290831,-23.9862],[-46.290999,-23.986406],[-46.291177,-23.986615],[-46.291366,-23.986827],[-46.291566,-23.987042],[-46.291779,-23.987263],[-46.292007,-23.987491],[-46.292252,-23.98773],[-46.29245,-23.987916],[-46.292661,-23.988106],[-46.292884,-23.9883],[-46.293123,-23.9885],[-46.293374,-23.988703],[-46.293649,-23.98892],[-46.293957,-23.989158],[-46.294359,-23.989464],[-46.294698,-23.989723],[-46.295645,-23.990455],[-46.295938,-23.990677],[-46.296203,-23.990874],[-46.296503,-23.991091],[-46.296785,-23.991288],[-46.297055,-23.99147],[-46.297316,-23.991638],[-46.297456,-23.991725],[-46.297595,-23.991808],[-46.297731,-23.991888],[-46.297867,-23.991964],[-46.298,-23.992037],[-46.298133,-23.992107],[-46.298264,-23.992174],[-46.298395,-23.992237],[-46.298525,-23.992298],[-46.298653,-23.992355],[-46.298781,-23.99241],[-46.298909,-23.992461],[-46.299036,-23.99251],[-46.299162,-23.992556],[-46.299288,-23.992598],[-46.299413,-23.992638],[-46.299617,-23.992698],[-46.299827,-23.992753],[-46.300042,-23.992805],[-46.300264,-23.992852],[-46.300492,-23.992895],[-46.300726,-23.992934],[-46.300967,-23.99297],[-46.301215,-23.993001],[-46.301469,-23.993028],[-46.30173,-23.993052],[-46.302,-23.993072],[-46.30228,-23.993088],[-46.302569,-23.993101],[-46.30287,-23.99311],[-46.303185,-23.993116],[-46.303519,-23.993119],[-46.303713,-23.993116],[-46.303914,-23.993108],[-46.304123,-23.993094],[-46.304345,-23.993074],[-46.304584,-23.993047],[-46.304847,-23.993012],[-46.305125,-23.992972],[-46.305644,-23.992895]]]}},
{"type":"Feature","properties":{"idhidrovia":200002463,"nome":"Hidrovia da Baía de Santos","navegacao":"Navegação Interior","tipo":"Canal","vel_cional":10.0,"extensao":1.5312244829,"tempo":"0d 0h 9min","cla_icacao":"Navegação inexpressiva","nome_rio":"Canal de Piaçaguera","nom_eclusa":null,"jurisdicao":"AHRANA","reg_rafica":"Região Hidrográfica Atlântica Sudeste","pro_de_min":3.0,"pro_de_max":12.0,"dominio":"Estados ou Distrito Federal","observacao":"Foz  na baia de Santos _SP_  até o PK 20","snv":"Sim","fonte":"LabTrans/Antaq","idm_origem":"BR354850","mun_origem":"Santos","est_origem":"SP","idm_estino":"BR354850","mun_estino":"Santos","est_estino":"SP","idantaq":null,"camada sim":"127","Fluxo":647263.0},"geometry":{"type":"MultiLineString","coordinates":[[[-46.376084,-23.89883],[-46.376078,-23.898868],[-46.373767,-23.909298],[-46.372881,-23.911337],[-46.372252,-23.912089]]]}},
{"type":"Feature","properties":{"idhidrovia":200002464,"nome":"Hidrovia da Baía de Santos","navegacao":"Navegação Interior","tipo":"Canal","vel_cional":10.0,"extensao":1.5075604703400001,"tempo":"0d 0h 9min","cla_icacao":"Navegação inexpressiva","nome_rio":"Canal de Piaçaguera","nom_eclusa":null,"jurisdicao":"AHRANA","reg_rafica":"Região Hidrográfica Atlântica Sudeste","pro_de_min":3.0,"pro_de_max":12.0,"dominio":"Estados ou Distrito Federal","observacao":"Foz  na baia de Santos _SP_  até o PK 20","snv":"Sim","fonte":"LabTrans/Antaq","idm_origem":"BR354850","mun_origem":"Santos","est_origem":"SP","idm_estino":"BR351350","mun_estino":"Cubatão","est_estino":"SP","idantaq":null,"camada sim":"128","Fluxo":647263.0},"geometry":{"type":"MultiLineString","coordinates":[[[-46.376069,-23.885264],[-46.376602,-23.892499],[-46.376555,-23.895821],[-46.376084,-23.89883]]]}},
{"type":"Feature","properties":{"idhidrovia":200002465,"nome":"Hidrovia da Baía de Santos","navegacao":"Navegação Interior","tipo":"Canal","vel_cional":10.0,"extensao":1.4746767483600001,"tempo":"0d 0h 8min","cla_icacao":"Navegação inexpressiva","nome_rio":"Canal de Piaçaguera","nom_eclusa":null,"jurisdicao":"AHRANA","reg_rafica":"Região Hidrográfica Atlântica Sudeste","pro_de_min":3.0,"pro_de_max":12.0,"dominio":"Estados ou Distrito Federal","observacao":"Foz  na baia de Santos _SP_  até o PK 20","snv":"Sim","fonte":"LabTrans/Antaq","idm_origem":"BR351350","mun_origem":"Cubatão","est_origem":"SP","idm_estino":"BR351350","mun_estino":"Cubatão","est_estino":"SP","idantaq":null,"camada sim":"129","Fluxo":647263.0},"geometry":{"type":"MultiLineString","coordinates":[[[-46.375388,-23.871967],[-46.375482,-23.877305],[-46.376069,-23.885264]]]}},
{"type":"Feature","properties":{"idhidrovia":200002466,"nome":"Hidrovia da Baía de Santos","navegacao":"Navegação Interior","tipo":"Canal","vel_cional":10.0,"extensao":3.40476978933,"tempo":"0d 0h 20min","cla_icacao":"Navegação inexpressiva","nome_rio":"Canal de Piaçaguera","nom_eclusa":null,"jurisdicao":"AHRANA","reg_rafica":"Região Hidrográfica Atlântica Sudeste","pro_de_min":3.0,"pro_de_max":12.0,"dominio":"Estados ou Distrito Federal","observacao":"Foz  na baia de Santos _SP_  até o PK 20","snv":"Sim","fonte":"LabTrans/Antaq","idm_origem":"BR354850","mun_origem":"Santos","est_origem":"SP","idm_estino":"BR354850","mun_estino":"Santos","est_estino":"SP","idantaq":null,"camada sim":"130","Fluxo":647263.0},"geometry":{"type":"MultiLineString","coordinates":[[[-46.372252,-23.912089],[-46.371356,-23.913159],[-46.369762,-23.914511],[-46.367857,-23.915819],[-46.366268,-23.916584],[-46.364424,-23.91718],[-46.361103,-23.917799],[-46.347489,-23.919429],[-46.344338,-23.920187],[-46.34137,-23.921529]]]}},
{"type":"Feature","properties":{"idhidrovia":200002467,"nome":"Hidrovia da Baía de Santos","navegacao":"Navegação Interior","tipo":"Canal","vel_cional":10.0,"extensao":3.1591801689,"tempo":"0d 0h 18min","cla_icacao":"Navegação inexpressiva","nome_rio":"Canal de Piaçaguera","nom_eclusa":null,"jurisdicao":"AHRANA","reg_rafica":"Região Hidrográfica Atlântica Sudeste","pro_de_min":3.0,"pro_de_max":12.0,"dominio":"Estados ou Distrito Federal","observacao":"Foz  na baia de Santos _SP_  até o PK 20","snv":"Sim","fonte":"LabTrans/Antaq","idm_origem":"BR354850","mun_origem":"Santos","est_origem":"SP","idm_estino":"BR354850","mun_estino":"Santos","est_estino":"SP","idantaq":null,"camada sim":"131","Fluxo":647263.0},"geometry":{"type":"MultiLineString","coordinates":[[[-46.34137,-23.921529],[-46.340665,-23.921847],[-46.332572,-23.926669],[-46.329666,-23.927947],[-46.32779,-23.92817],[-46.324602,-23.927896],[-46.319275,-23.927736],[-46.317653,-23.92785],[-46.31633,-23.928146],[-46.315042,-23.928762],[-46.313648,-23.929857],[-46.313207,-23.930342]]]}},
{"type":"Feature","properties":{"idhidrovia":200002572,"nome":"Via navegável do Rio Santa Maria","navegacao":"Navegação Interior","tipo":"Rio","vel_cional":10.0,"extensao":5.34836934384,"tempo":"0d 0h 32min","cla_icacao":"Navegação inexpressiva","nome_rio":"Rio Santa Maria","nom_eclusa":null,"jurisdicao":"AHSFRA","reg_rafica":"Região Hidrográfica Atlântica Sudeste","pro_de_min":4.0,"pro_de_max":11.0,"dominio":"União","observacao":"Porto de Vitória _ES_ até a BR-101","snv":"Sim","fonte":"LabTrans","idm_origem":"BR320530","mun_origem":"Vitória","est_origem":"ES","idm_estino":"BR320530","mun_estino":"Vitória","est_estino":"ES","idantaq":null,"camada sim":"132","Fluxo":1862408.0},"geometry":{"type":"MultiLineString","coordinates":[[[-40.339875,-20.322098],[-40.339845,-20.322173],[-40.339813,-20.322246],[-40.339781,-20.322316],[-40.339747,-20.322385],[-40.339712,-20.322451],[-40.339676,-20.322515],[-40.339638,-20.322577],[-40.3396,-20.322636],[-40.33956,-20.322693],[-40.339519,-20.322749],[-40.339477,-20.322802],[-40.339433,-20.322852],[-40.339389,-20.322901],[-40.339343,-20.322947],[-40.339296,-20.322992],[-40.339248,-20.323034],[-40.339213,-20.323061],[-40.339177,-20.323087],[-40.339139,-20.323111],[-40.3391,-20.323133],[-40.33906,-20.323153],[-40.339017,-20.323172],[-40.338973,-20.323189],[-40.338928,-20.323204],[-40.338881,-20.323218],[-40.338832,-20.32323],[-40.338781,-20.32324],[-40.338729,-20.323248],[-40.338675,-20.323255],[-40.338618,-20.323261],[-40.338499,-20.323266],[-40.338408,-20.323266],[-40.338312,-20.323263],[-40.338209,-20.323257],[-40.338098,-20.323247],[-40.337983,-20.323234],[-40.337854,-20.323217],[-40.337344,-20.323141],[-40.337128,-20.323113],[-40.337013,-20.3231],[-40.336906,-20.323091],[-40.336807,-20.323086],[-40.336714,-20.323084],[-40.336355,-20.32308],[-40.335989,-20.323072],[-40.335616,-20.323059],[-40.335234,-20.323043],[-40.334843,-20.323022],[-40.334441,-20.322996],[-40.334026,-20.322967],[-40.333596,-20.322932],[-40.333196,-20.322897],[-40.332779,-20.322858],[-40.332339,-20.322815],[-40.331868,-20.322765],[-40.331032,-20.322674],[-40.329421,-20.32249],[-40.328758,-20.322416],[-40.328508,-20.322388],[-40.328254,-20.322356],[-40.327995,-20.322323],[-40.32773,-20.322286],[-40.327458,-20.322247],[-40.327179,-20.322205],[-40.326591,-20.32211],[-40.32606,-20.322019],[-40.325471,-20.321914],[-40.324892,-20.321807],[-40.323409,-20.32153],[-40.322592,-20.321382],[-40.32216,-20.321307],[-40.321755,-20.32124],[-40.32137,-20.321179],[-40.321001,-20.321123],[-40.320569,-20.321063],[-40.320154,-20.32101],[-40.319751,-20.320963],[-40.319359,-20.320924],[-40.318977,-20.320891],[-40.318603,-20.320864],[-40.318236,-20.320844],[-40.317877,-20.320829],[-40.317646,-20.320821],[-40.317034,-20.320793],[-40.316852,-20.320787],[-40.316689,-20.320784],[-40.316504,-20.320784],[-40.316331,-20.320788],[-40.316168,-20.320796],[-40.316012,-20.320809],[-40.315909,-20.32082],[-40.315805,-20.320835],[-40.315698,-20.320853],[-40.31559,-20.320875],[-40.31548,-20.3209],[-40.315367,-20.320928],[-40.315251,-20.320961],[-40.315132,-20.320997],[-40.315021,-20.321032],[-40.314907,-20.321072],[-40.314659,-20.321162],[-40.314408,-20.32126],[-40.313929,-20.321454],[-40.313732,-20.321532],[-40.313527,-20.32161],[-40.313342,-20.321676],[-40.31313,-20.321746],[-40.313029,-20.321777],[-40.31293,-20.321805],[-40.312834,-20.321831],[-40.312739,-20.321853],[-40.312647,-20.321874],[-40.312555,-20.321892],[-40.312311,-20.321934],[-40.312055,-20.321971],[-40.311784,-20.322004],[-40.311496,-20.322034],[-40.311209,-20.322059],[-40.31089,-20.322082],[-40.31057,-20.322102],[-40.309883,-20.322142],[-40.309497,-20.322162],[-40.309094,-20.322178],[-40.308671,-20.322188],[-40.308218,-20.322194],[-40.307788,-20.322195],[-40.307306,-20.322193],[-40.305569,-20.322175],[-40.305222,-20.32217],[-40.304868,-20.322162],[-40.304506,-20.322151],[-40.304136,-20.322137],[-40.303756,-20.322119],[-40.303364,-20.322097],[-40.30296,-20.322072],[-40.302539,-20.322044],[-40.301816,-20.321989],[-40.301012,-20.321921],[-40.300237,-20.321851],[-40.298339,-20.321676],[-40.297345,-20.321589],[-40.296838,-20.321548],[-40.296363,-20.321512],[-40.29591,-20.321481],[-40.295476,-20.321454],[-40.295004,-20.321429],[-40.294548,-20.321409],[-40.294107,-20.321393],[-40.293676,-20.321383],[-40.293256,-20.321378],[-40.292846,-20.321377],[-40.292443,-20.321381],[-40.292048,-20.321391],[-40.2918,-20.3214],[-40.29154,-20.321416],[-40.291267,-20.321437],[-40.290976,-20.321463],[-40.290706,-20.321491],[-40.290407,-20.321525],[-40.289326,-20.321658],[-40.289274,-20.321665]]]}},
{"type":"Feature","properties":{"idhidrovia":200002575,"nome":"Hidrovia do Itajaí-açu","navegacao":"Navegação Interior","tipo":"Rio","vel_cional":10.0,"extensao":10.114383263800001,"tempo":"0d 1h 0min","cla_icacao":"Navegação inexpressiva","nome_rio":"Rio Itajaí-açu","nom_eclusa":null,"jurisdicao":"AHSUL","reg_rafica":"Região Hidrográfica Atlântico Sul","pro_de_min":5.0,"pro_de_max":12.0,"dominio":"União","observacao":"Foz no oceano Atlântico _SP_ até o PK 76","snv":"Sim","fonte":"LabTrans","idm_origem":"BR420820","mun_origem":"Itajaí","est_origem":"SC","idm_estino":"BR420820","mun_estino":"Itajaí","est_estino":"SC","idantaq":null,"camada sim":"133","Fluxo":75215.0},"geometry":{"type":"MultiLineString","coordinates":[[[-48.712973,-26.876067],[-48.711758,-26.875475],[-48.709636,-26.873414],[-48.708027,-26.871063],[-48.706784,-26.86921],[-48.704445,-26.86677],[-48.701808,-26.864994],[-48.698697,-26.863542],[-48.69509,-26.863418],[-48.692195,-26.864563],[-48.68957,-26.866417],[-48.688164,-26.869524],[-48.688327,-26.872076],[-48.689724,-26.874957],[-48.691235,-26.878356],[-48.691438,-26.880775],[-48.690678,-26.883418],[-48.688948,-26.885372],[-48.687301,-26.886279],[-48.684756,-26.886797],[-48.682652,-26.886598],[-48.680645,-26.885612],[-48.678041,-26.883658],[-48.675636,-26.882564],[-48.673762,-26.881403],[-48.671397,-26.880912],[-48.669147,-26.881499],[-48.666117,-26.882823],[-48.664781,-26.884798],[-48.664288,-26.886994],[-48.665375,-26.888805],[-48.668597,-26.891364],[-48.67034,-26.894353],[-48.670602,-26.896248],[-48.670371,-26.898956],[-48.66945,-26.900281],[-48.668413,-26.901145],[-48.667318,-26.901376],[-48.666363,-26.901004]]]}},
{"type":"Feature","properties":{"idhidrovia":200002602,"nome":"Hidrovia do Amazonas","navegacao":"Navegação Interior","tipo":"Rio","vel_cional":25.0,"extensao":86.330913628199994,"tempo":"0d 3h 27min","cla_icacao":"Navegável","nome_rio":"Rio Amazonas","nom_eclusa":null,"jurisdicao":"AHIMOR","reg_rafica":"Região Hidrográfica Amazônica","pro_de_min":5.0,"pro_de_max":7.5,"dominio":"União","observacao":"Foz no oceano Atlântico _PA_ até a confluência dos rios Negro e Solimões.","snv":"Sim","fonte":"LabTrans/Antaq","idm_origem":"BR160060","mun_origem":"Santana","est_origem":"AP","idm_estino":"BR150030","mun_estino":"Afuá","est_estino":"PA","idantaq":1,"camada sim":"134","Fluxo":3812081.0},"geometry":{"type":"MultiLineString","coordinates":[[[-50.723873,-0.533095],[-50.724252,-0.532837],[-50.72463,-0.532576],[-50.725006,-0.532313],[-50.725379,-0.532048],[-50.72575,-0.531781],[-50.72612,-0.531512],[-50.726487,-0.531241],[-50.726851,-0.530968],[-50.727214,-0.530693],[-50.727575,-0.530416],[-50.727933,-0.530136],[-50.728289,-0.529855],[-50.728643,-0.529572],[-50.728995,-0.529286],[-50.729345,-0.528999],[-50.729693,-0.528709],[-50.730038,-0.528418],[-50.730382,-0.528124],[-50.730723,-0.527828],[-50.731062,-0.527531],[-50.731399,-0.527231],[-50.731734,-0.526929],[-50.732066,-0.526625],[-50.732397,-0.526319],[-50.732725,-0.526011],[-50.733051,-0.525701],[-50.733375,-0.525389],[-50.733697,-0.525075],[-50.734017,-0.524759],[-50.734334,-0.524441],[-50.73465,-0.52412],[-50.734963,-0.523798],[-50.735535,-0.523198],[-50.735802,-0.522912],[-50.736068,-0.522623],[-50.736339,-0.522324],[-50.73661,-0.522021],[-50.736882,-0.521714],[-50.737153,-0.521402],[-50.737425,-0.521085],[-50.737697,-0.520764],[-50.73797,-0.520438],[-50.738242,-0.520107],[-50.738515,-0.519772],[-50.738788,-0.519433],[-50.739062,-0.519088],[-50.739335,-0.518739],[-50.739609,-0.518386],[-50.739884,-0.518027],[-50.740159,-0.517664],[-50.740434,-0.517296],[-50.74071,-0.516922],[-50.740987,-0.516543],[-50.741265,-0.516159],[-50.741544,-0.515769],[-50.741824,-0.515373],[-50.742105,-0.514972],[-50.742388,-0.514565],[-50.742672,-0.514151],[-50.742958,-0.51373],[-50.743246,-0.513303],[-50.743828,-0.512425],[-50.744001,-0.512162],[-50.744338,-0.511642],[-50.744585,-0.511256],[-50.744831,-0.510868],[-50.745076,-0.510475],[-50.745319,-0.51008],[-50.745561,-0.509682],[-50.745801,-0.509283],[-50.746039,-0.50888],[-50.746276,-0.508476],[-50.746511,-0.508069],[-50.746744,-0.50766],[-50.746976,-0.507249],[-50.747206,-0.506836],[-50.747434,-0.50642],[-50.74766,-0.506003],[-50.747885,-0.505583],[-50.748108,-0.505161],[-50.748328,-0.504738],[-50.748548,-0.504312],[-50.748765,-0.503884],[-50.74898,-0.503454],[-50.749194,-0.503023],[-50.749405,-0.502589],[-50.749615,-0.502154],[-50.749823,-0.501716],[-50.750029,-0.501277],[-50.750233,-0.500836],[-50.750435,-0.500393],[-50.750635,-0.499949],[-50.750833,-0.499502],[-50.751029,-0.499054],[-50.751224,-0.498604],[-50.751416,-0.498152],[-50.751606,-0.497699],[-50.751795,-0.497244],[-50.751981,-0.496787],[-50.752165,-0.496329],[-50.752347,-0.495869],[-50.752527,-0.495408],[-50.752705,-0.494945],[-50.752881,-0.494481],[-50.753055,-0.494015],[-50.753227,-0.493548],[-50.753397,-0.493079],[-50.753564,-0.492609],[-50.75373,-0.492138],[-50.753893,-0.491666],[-50.754054,-0.491192],[-50.754213,-0.490717],[-50.75437,-0.490241],[-50.754525,-0.489763],[-50.754677,-0.489285],[-50.754827,-0.488805],[-50.754975,-0.488325],[-50.755121,-0.487843],[-50.755264,-0.48736],[-50.755406,-0.486876],[-50.755545,-0.486392],[-50.755681,-0.485906],[-50.755816,-0.48542],[-50.755948,-0.484932],[-50.756078,-0.484444],[-50.756206,-0.483956],[-50.756423,-0.483101],[-50.756633,-0.482244],[-50.756836,-0.481385],[-50.757031,-0.480524],[-50.75722,-0.479662],[-50.757401,-0.478799],[-50.757575,-0.477935],[-50.757742,-0.47707],[-50.757873,-0.476356],[-50.758,-0.475642],[-50.758122,-0.474928],[-50.758238,-0.474214],[-50.758612,-0.471851],[-50.758783,-0.470747],[-50.758946,-0.469649],[-50.759017,-0.469145],[-50.759083,-0.468663],[-50.759175,-0.46796],[-50.759256,-0.467289],[-50.759327,-0.466644],[-50.759389,-0.466021],[-50.759443,-0.465416],[-50.759488,-0.464828],[-50.759525,-0.464255],[-50.759553,-0.463695],[-50.759564,-0.463419],[-50.759572,-0.463145],[-50.759579,-0.462875],[-50.759584,-0.462607],[-50.759586,-0.462342],[-50.759587,-0.462079],[-50.759585,-0.46182],[-50.759581,-0.461562],[-50.759575,-0.461306],[-50.759567,-0.461053],[-50.759557,-0.460802],[-50.759544,-0.460553],[-50.75953,-0.460302],[-50.759513,-0.460054],[-50.759496,-0.459837],[-50.759475,-0.459595],[-50.759441,-0.459279],[-50.759402,-0.458961],[-50.759356,-0.458641],[-50.759304,-0.458318],[-50.759246,-0.457993],[-50.759182,-0.457665],[-50.759111,-0.457334],[-50.759034,-0.457],[-50.758951,-0.456663],[-50.758861,-0.456322],[-50.758764,-0.455977],[-50.758662,-0.455628],[-50.758552,-0.455274],[-50.758435,-0.454915],[-50.758312,-0.45455],[-50.758181,-0.454178],[-50.758062,-0.453852],[-50.757937,-0.453521],[-50.757806,-0.453182],[-50.757669,-0.452836],[-50.757525,-0.452483],[-50.757374,-0.452119],[-50.757215,-0.451744],[-50.757047,-0.451355],[-50.756736,-0.450655],[-50.756384,-0.449878],[-50.756029,-0.449108],[-50.755092,-0.447092],[-50.754819,-0.446497],[-50.754576,-0.445962],[-50.754307,-0.445357],[-50.754061,-0.44479],[-50.753833,-0.44425],[-50.753621,-0.443732],[-50.753497,-0.443422],[-50.753379,-0.443118],[-50.753265,-0.442819],[-50.753156,-0.442526],[-50.753051,-0.442236],[-50.752951,-0.441951],[-50.752855,-0.441669],[-50.752763,-0.441391],[-50.752675,-0.441115],[-50.752591,-0.440842],[-50.752511,-0.440572],[-50.752435,-0.440305],[-50.752362,-0.44004],[-50.752294,-0.439777],[-50.752229,-0.439516],[-50.752168,-0.439257],[-50.751994,-0.438486],[-50.751826,-0.437714],[-50.751665,-0.436954],[-50.751511,-0.436203],[-50.751363,-0.43546],[-50.751223,-0.434724],[-50.751089,-0.433996],[-50.750962,-0.433276],[-50.750841,-0.432562],[-50.750727,-0.431854],[-50.750619,-0.431153],[-50.750518,-0.430459],[-50.750423,-0.42977],[-50.750335,-0.429088],[-50.750253,-0.428411],[-50.750177,-0.42774],[-50.750108,-0.427074],[-50.750045,-0.426414],[-50.749989,-0.425759],[-50.749939,-0.425109],[-50.749895,-0.424464],[-50.749858,-0.423825],[-50.749827,-0.423191],[-50.749802,-0.422563],[-50.749784,-0.421939],[-50.749772,-0.42132],[-50.749766,-0.420706],[-50.749767,-0.420097],[-50.749774,-0.419493],[-50.749788,-0.418894],[-50.749808,-0.4183],[-50.749834,-0.41771],[-50.749918,-0.416208],[-50.749958,-0.415547],[-50.749999,-0.41493],[-50.750041,-0.414341],[-50.750084,-0.413777],[-50.750129,-0.413235],[-50.750176,-0.41271],[-50.750227,-0.41219],[-50.75028,-0.411685],[-50.750335,-0.411193],[-50.750393,-0.410712],[-50.750454,-0.410242],[-50.750519,-0.409782],[-50.750586,-0.409331],[-50.750656,-0.408889],[-50.750732,-0.408445],[-50.750811,-0.408008],[-50.750893,-0.40758],[-50.750979,-0.407159],[-50.751069,-0.406746],[-50.751163,-0.40634],[-50.75126,-0.405941],[-50.751361,-0.405548],[-50.751466,-0.405162],[-50.751575,-0.404782],[-50.751688,-0.404408],[-50.751805,-0.404041],[-50.751926,-0.403679],[-50.752051,-0.403324],[-50.75218,-0.402974],[-50.752313,-0.40263],[-50.752465,-0.402255],[-50.752624,-0.401879],[-50.752791,-0.401501],[-50.752966,-0.401121],[-50.753148,-0.400739],[-50.753337,-0.400356],[-50.753534,-0.39997],[-50.753739,-0.399583],[-50.753952,-0.399194],[-50.754172,-0.398803],[-50.754399,-0.39841],[-50.754635,-0.398014],[-50.754878,-0.397617],[-50.755129,-0.397217],[-50.755388,-0.396815],[-50.755654,-0.396411],[-50.755938,-0.39599],[-50.75623,-0.395567],[-50.756531,-0.395141],[-50.756841,-0.394712],[-50.75716,-0.394279],[-50.757488,-0.393843],[-50.757825,-0.393403],[-50.758172,-0.392959],[-50.758542,-0.392493],[-50.758923,-0.392023],[-50.759326,-0.391533],[-50.7597,-0.391087],[-50.759995,-0.390745],[-50.760298,-0.390403],[-50.760609,-0.39006],[-50.760929,-0.389716],[-50.761186,-0.389446],[-50.761448,-0.389175],[-50.761716,-0.388903],[-50.76199,-0.388631],[-50.762269,-0.388357],[-50.762555,-0.388083],[-50.762847,-0.387806],[-50.763145,-0.387529],[-50.763449,-0.38725],[-50.76376,-0.386968],[-50.764079,-0.386685],[-50.764405,-0.386399],[-50.764739,-0.386109],[-50.765082,-0.385816],[-50.765434,-0.385519],[-50.765796,-0.385217],[-50.766187,-0.384896],[-50.766591,-0.384566],[-50.76701,-0.384229],[-50.767448,-0.38388],[-50.767903,-0.38352],[-50.768384,-0.383143],[-50.769466,-0.382305],[-50.771159,-0.381006],[-50.771888,-0.380454],[-50.772361,-0.380101],[-50.772838,-0.379749],[-50.773316,-0.3794],[-50.773797,-0.379054],[-50.774203,-0.378763],[-50.774611,-0.378475],[-50.775021,-0.378188],[-50.775432,-0.377903],[-50.775844,-0.37762],[-50.776258,-0.377339],[-50.776674,-0.377059],[-50.77709,-0.376782],[-50.777508,-0.376506],[-50.777928,-0.376232],[-50.778348,-0.37596],[-50.77877,-0.37569],[-50.779193,-0.375422],[-50.779617,-0.375155],[-50.780042,-0.374891],[-50.780469,-0.374629],[-50.780896,-0.374369],[-50.781325,-0.374111],[-50.781754,-0.373855],[-50.782185,-0.373601],[-50.782616,-0.373349],[-50.783048,-0.373099],[-50.783482,-0.372852],[-50.783916,-0.372606],[-50.78435,-0.372363],[-50.784786,-0.372122],[-50.785222,-0.371883],[-50.785659,-0.371646],[-50.786097,-0.371412],[-50.786535,-0.37118],[-50.787414,-0.370723],[-50.78786,-0.370494],[-50.788307,-0.370268],[-50.788757,-0.370044],[-50.789207,-0.369821],[-50.78966,-0.3696],[-50.790114,-0.369381],[-50.790569,-0.369164],[-50.791026,-0.368949],[-50.791484,-0.368736],[-50.791943,-0.368525],[-50.792404,-0.368316],[-50.792866,-0.368109],[-50.793329,-0.367904],[-50.793794,-0.367701],[-50.794259,-0.3675],[-50.794726,-0.367301],[-50.795193,-0.367104],[-50.795662,-0.366909],[-50.796132,-0.366717],[-50.796602,-0.366526],[-50.797073,-0.366338],[-50.797546,-0.366152],[-50.798019,-0.365968],[-50.798493,-0.365786],[-50.798967,-0.365607],[-50.799442,-0.36543],[-50.799918,-0.365255],[-50.800394,-0.365082],[-50.800871,-0.364912],[-50.801348,-0.364744],[-50.802305,-0.364415],[-50.803371,-0.364058],[-50.804423,-0.363716],[-50.805461,-0.363388],[-50.805975,-0.36323],[-50.806486,-0.363075],[-50.806994,-0.362923],[-50.807499,-0.362775],[-50.808001,-0.36263],[-50.808501,-0.362489],[-50.808997,-0.362351],[-50.809491,-0.362217],[-50.809982,-0.362085],[-50.810471,-0.361958],[-50.810957,-0.361833],[-50.811441,-0.361712],[-50.811923,-0.361594],[-50.812402,-0.361479],[-50.812879,-0.361368],[-50.813353,-0.36126],[-50.813825,-0.361155],[-50.814295,-0.361054],[-50.814763,-0.360955],[-50.815229,-0.36086],[-50.815692,-0.360768],[-50.816154,-0.36068],[-50.816613,-0.360595],[-50.81707,-0.360513],[-50.817525,-0.360434],[-50.817979,-0.360358],[-50.818401,-0.36029],[-50.818741,-0.360238],[-50.819116,-0.360182],[-50.819494,-0.360128],[-50.819879,-0.360076],[-50.820269,-0.360025],[-50.820664,-0.359977],[-50.821063,-0.35993],[-50.821467,-0.359884],[-50.821877,-0.35984],[-50.822293,-0.359799],[-50.822714,-0.359758],[-50.823575,-0.359682],[-50.824465,-0.359612],[-50.82535,-0.359551],[-50.826271,-0.359494],[-50.827236,-0.359442],[-50.828257,-0.359393],[-50.829315,-0.359349],[-50.830482,-0.359306],[-50.833107,-0.359221],[-50.833555,-0.359207],[-50.834333,-0.359189],[-50.835121,-0.359176],[-50.835918,-0.359168],[-50.836727,-0.359166],[-50.837546,-0.359168],[-50.838379,-0.359176],[-50.839224,-0.359189],[-50.840084,-0.359208],[-50.840956,-0.359232],[-50.841846,-0.359261],[-50.842754,-0.359295],[-50.843683,-0.359335],[-50.844635,-0.35938],[-50.845614,-0.359431],[-50.846624,-0.359488],[-50.847671,-0.359551],[-50.849693,-0.359684],[-50.851953,-0.359844],[-50.85404,-0.36],[-50.858767,-0.360362],[-50.861382,-0.360557],[-50.862277,-0.36063],[-50.863188,-0.360712],[-50.864116,-0.360802],[-50.865063,-0.360902],[-50.865831,-0.360988],[-50.866613,-0.36108],[-50.867412,-0.361178],[-50.868228,-0.361282],[-50.869063,-0.361392],[-50.86992,-0.36151],[-50.870803,-0.361635],[-50.871717,-0.361768],[-50.873477,-0.362034],[-50.875424,-0.36234],[-50.877415,-0.36266],[-50.881254,-0.363288],[-50.882834,-0.363545],[-50.884479,-0.363807],[-50.885955,-0.364037],[-50.887649,-0.364292],[-50.889232,-0.364518],[-50.889992,-0.364623],[-50.890734,-0.364722],[-50.89146,-0.364816],[-50.892171,-0.364905],[-50.893047,-0.36501],[-50.893905,-0.365107],[-50.894746,-0.365197],[-50.895572,-0.36528],[-50.896384,-0.365357],[-50.897184,-0.365426],[-50.897972,-0.365488],[-50.898748,-0.365544],[-50.899516,-0.365594],[-50.900274,-0.365636],[-50.901023,-0.365672],[-50.901763,-0.365702],[-50.902495,-0.365725],[-50.90322,-0.365741],[-50.903938,-0.365751],[-50.904649,-0.365755],[-50.905307,-0.365752],[-50.90596,-0.365743],[-50.907534,-0.365713],[-50.910915,-0.365653],[-50.912689,-0.365615],[-50.913948,-0.365582],[-50.915108,-0.365544],[-50.916201,-0.365501],[-50.91724,-0.365451],[-50.917795,-0.365422],[-50.918337,-0.36539],[-50.91887,-0.365356],[-50.919392,-0.36532],[-50.919905,-0.365281],[-50.920409,-0.365241],[-50.920906,-0.365198],[-50.921395,-0.365153],[-50.921878,-0.365105],[-50.922354,-0.365055],[-50.922823,-0.365003],[-50.923287,-0.364948],[-50.923745,-0.36489],[-50.924197,-0.36483],[-50.924644,-0.364768],[-50.925085,-0.364702],[-50.925596,-0.364623],[-50.926101,-0.364539],[-50.926599,-0.364452],[-50.927091,-0.364362],[-50.927577,-0.364267],[-50.928058,-0.364169],[-50.928533,-0.364067],[-50.929003,-0.363961],[-50.929356,-0.363877],[-50.929707,-0.363792],[-50.930054,-0.363704],[-50.930399,-0.363615],[-50.930716,-0.363529],[-50.931031,-0.363442],[-50.931318,-0.36336],[-50.931697,-0.363248],[-50.931903,-0.36319],[-50.932184,-0.363114],[-50.932483,-0.363037],[-50.932841,-0.362949],[-50.933242,-0.362853],[-50.934744,-0.36251],[-50.935367,-0.362363],[-50.9357,-0.362281],[-50.936009,-0.362202],[-50.9363,-0.362124],[-50.936577,-0.362047],[-50.936872,-0.36196],[-50.937154,-0.361872],[-50.937424,-0.361782],[-50.937682,-0.361691],[-50.937931,-0.361598],[-50.938171,-0.361502],[-50.938401,-0.361404],[-50.938623,-0.361304],[-50.938838,-0.3612],[-50.939045,-0.361093],[-50.939244,-0.360983],[-50.939435,-0.36087],[-50.93962,-0.360753],[-50.939797,-0.360633],[-50.939968,-0.36051],[-50.940131,-0.360382],[-50.940266,-0.360271],[-50.940396,-0.360156],[-50.940521,-0.360039],[-50.940641,-0.359918],[-50.940758,-0.359794],[-50.940883,-0.359653],[-50.941005,-0.359507],[-50.941125,-0.359356],[-50.941247,-0.359196],[-50.941367,-0.359029],[-50.941487,-0.358855],[-50.941605,-0.358675],[-50.941723,-0.358489],[-50.941839,-0.358296],[-50.941954,-0.358097],[-50.942068,-0.357891],[-50.942194,-0.357654],[-50.942319,-0.357408],[-50.942442,-0.357155],[-50.942565,-0.356893],[-50.942686,-0.356623],[-50.942805,-0.356344],[-50.942924,-0.356057],[-50.943042,-0.355761],[-50.943148,-0.355483],[-50.943253,-0.355202],[-50.943308,-0.355042],[-50.94336,-0.354879],[-50.943416,-0.354684],[-50.943468,-0.354487],[-50.943514,-0.354285],[-50.943555,-0.354081],[-50.943581,-0.353931],[-50.943605,-0.35378],[-50.943627,-0.353626],[-50.943645,-0.353471],[-50.943662,-0.353313],[-50.943675,-0.353153],[-50.943687,-0.35299],[-50.943695,-0.352825],[-50.943701,-0.352658],[-50.943705,-0.352488],[-50.943706,-0.352315],[-50.943705,-0.352138],[-50.943701,-0.351959],[-50.943695,-0.351776],[-50.943686,-0.351589],[-50.943675,-0.351398],[-50.943649,-0.351053],[-50.943615,-0.350691],[-50.943573,-0.35031],[-50.943522,-0.349901],[-50.94347,-0.349522],[-50.943409,-0.3491],[-50.94317,-0.347563],[-50.943077,-0.346934],[-50.943031,-0.346597],[-50.94299,-0.346283],[-50.942955,-0.345985],[-50.942924,-0.3457],[-50.942893,-0.345363],[-50.942868,-0.34504],[-50.94285,-0.344728],[-50.942838,-0.344427],[-50.942833,-0.344134],[-50.942834,-0.343849],[-50.942841,-0.343571],[-50.942855,-0.343299],[-50.942869,-0.343117],[-50.942885,-0.342937],[-50.942905,-0.342759],[-50.942927,-0.342584],[-50.942951,-0.342422],[-50.942994,-0.342159],[-50.943091,-0.341607],[-50.943144,-0.341319],[-50.9432,-0.341033],[-50.943257,-0.34075],[-50.943316,-0.340469],[-50.943377,-0.340191],[-50.943439,-0.339916],[-50.943504,-0.339643],[-50.94357,-0.339373],[-50.943633,-0.339125],[-50.943697,-0.338879],[-50.943763,-0.338635],[-50.94383,-0.338394],[-50.943899,-0.338156],[-50.94397,-0.33792],[-50.944042,-0.337686],[-50.944115,-0.337455],[-50.944189,-0.337229],[-50.944265,-0.337005],[-50.944335,-0.336804],[-50.944407,-0.336603],[-50.944484,-0.336397],[-50.944564,-0.336189],[-50.944646,-0.335981],[-50.944732,-0.335771],[-50.94483,-0.335538],[-50.944931,-0.335303],[-50.945036,-0.335066],[-50.945145,-0.334828],[-50.945258,-0.334588],[-50.945374,-0.334347],[-50.945495,-0.334103],[-50.945619,-0.333858],[-50.945747,-0.33361],[-50.945879,-0.33336],[-50.946015,-0.333107],[-50.946156,-0.332851],[-50.946301,-0.332592],[-50.94645,-0.332329],[-50.946605,-0.332063],[-50.946765,-0.331792],[-50.946938,-0.331502],[-50.947118,-0.331206],[-50.947305,-0.330904],[-50.9475,-0.330592],[-50.947703,-0.330272],[-50.947916,-0.329941],[-50.948381,-0.329227],[-50.948726,-0.328706],[-50.949139,-0.328085],[-50.949407,-0.327689],[-50.949606,-0.327401],[-50.949808,-0.327112],[-50.950014,-0.326822],[-50.950223,-0.326532],[-50.950597,-0.326026],[-50.950981,-0.325517],[-50.951378,-0.325005],[-50.951786,-0.324491],[-50.952205,-0.323973],[-50.952638,-0.323451],[-50.953082,-0.322926],[-50.95354,-0.322396],[-50.954024,-0.321847],[-50.954523,-0.321292],[-50.955037,-0.32073],[-50.955568,-0.32016],[-50.956156,-0.31954],[-50.956763,-0.31891],[-50.957195,-0.318472],[-50.957638,-0.318033],[-50.957964,-0.317718],[-50.958297,-0.317402],[-50.958635,-0.317085],[-50.95898,-0.316768],[-50.959331,-0.31645],[-50.959689,-0.316131],[-50.960054,-0.315811],[-50.960426,-0.31549],[-50.960805,-0.315167],[-50.961192,-0.314843],[-50.961587,-0.314516],[-50.961991,-0.314187],[-50.962404,-0.313855],[-50.962827,-0.313519],[-50.96326,-0.313179],[-50.963704,-0.312835],[-50.964127,-0.31251],[-50.964563,-0.312179],[-50.965011,-0.311842],[-50.965473,-0.311498],[-50.96595,-0.311146],[-50.966446,-0.310783],[-50.967509,-0.310013],[-50.968245,-0.309486],[-50.969068,-0.3089],[-50.97245,-0.306506],[-50.972784,-0.306271],[-50.973122,-0.306037],[-50.973463,-0.305802],[-50.973809,-0.305567],[-50.974184,-0.305315],[-50.974564,-0.305061],[-50.97495,-0.304807],[-50.975341,-0.304553],[-50.975737,-0.304297],[-50.976139,-0.30404],[-50.976962,-0.303522],[-50.977811,-0.302998],[-50.978691,-0.302464],[-50.979605,-0.301919],[-50.98056,-0.301359],[-50.981359,-0.300896],[-50.982196,-0.300417],[-50.98308,-0.299916],[-50.984028,-0.299383],[-50.985788,-0.298403],[-50.988875,-0.296697],[-50.990023,-0.29606],[-50.991157,-0.295429],[-50.992177,-0.294855],[-50.993241,-0.294251],[-50.994238,-0.293678],[-50.995185,-0.293126],[-50.996089,-0.292591],[-50.996848,-0.292136],[-50.997583,-0.291688],[-50.998296,-0.291247],[-50.998991,-0.29081],[-51.000276,-0.289991],[-51.001588,-0.289148],[-51.002896,-0.288302],[-51.004206,-0.287448],[-51.00591,-0.286328],[-51.007617,-0.285196],[-51.009328,-0.284051],[-51.011043,-0.282893],[-51.012761,-0.281723],[-51.014483,-0.280539],[-51.016209,-0.279343],[-51.017939,-0.278134],[-51.019182,-0.27726],[-51.020426,-0.276379],[-51.021672,-0.275491],[-51.022921,-0.274596],[-51.025198,-0.272951],[-51.028137,-0.270809],[-51.02961,-0.269748],[-51.031545,-0.268371],[-51.035706,-0.265433],[-51.037521,-0.264144],[-51.03851,-0.263436],[-51.039431,-0.262773],[-51.040302,-0.26214],[-51.041132,-0.261531],[-51.04204,-0.260858],[-51.042911,-0.260204],[-51.04375,-0.259566],[-51.044561,-0.258941],[-51.045348,-0.258326],[-51.046111,-0.257719],[-51.046854,-0.25712],[-51.047576,-0.256527],[-51.048284,-0.255937],[-51.04863,-0.255643],[-51.048973,-0.255351],[-51.049312,-0.255059],[-51.049646,-0.254768],[-51.049977,-0.254478],[-51.050304,-0.254188],[-51.050627,-0.253899],[-51.050946,-0.253611],[-51.051262,-0.253322],[-51.051574,-0.253034],[-51.051883,-0.252747],[-51.052188,-0.252459],[-51.05249,-0.252172],[-51.052789,-0.251885],[-51.053082,-0.2516],[-51.053371,-0.251315],[-51.053658,-0.251031],[-51.053942,-0.250746],[-51.054418,-0.25026],[-51.055174,-0.249475],[-51.055683,-0.248954],[-51.056258,-0.248373],[-51.057627,-0.247002],[-51.058298,-0.246321],[-51.058789,-0.245814],[-51.059236,-0.245344],[-51.05965,-0.244897],[-51.059846,-0.24468],[-51.060037,-0.244468],[-51.060282,-0.244189],[-51.060517,-0.243916],[-51.060744,-0.243647],[-51.060963,-0.243382],[-51.061173,-0.243119],[-51.061377,-0.242859],[-51.061573,-0.242602],[-51.061762,-0.242346],[-51.061945,-0.242092],[-51.062122,-0.241839],[-51.062292,-0.241588],[-51.062455,-0.241337],[-51.062613,-0.241088],[-51.062764,-0.240839],[-51.062909,-0.24059],[-51.063049,-0.240342],[-51.063185,-0.24009],[-51.06332,-0.23983],[-51.063451,-0.239566],[-51.063579,-0.239295],[-51.063705,-0.23902],[-51.063828,-0.238738],[-51.063948,-0.23845],[-51.064066,-0.238156],[-51.064181,-0.237856],[-51.064294,-0.237549],[-51.064405,-0.237234],[-51.064514,-0.236913],[-51.064621,-0.236583],[-51.064727,-0.236245],[-51.064831,-0.235897],[-51.064933,-0.23554],[-51.065021,-0.235225],[-51.065108,-0.234901],[-51.065194,-0.234567],[-51.065281,-0.234223],[-51.065368,-0.233866],[-51.065456,-0.233495],[-51.065546,-0.233107],[-51.065638,-0.232696],[-51.06586,-0.231677],[-51.066337,-0.229426],[-51.066651,-0.227985],[-51.066724,-0.227633],[-51.066795,-0.22728],[-51.066864,-0.226924],[-51.066932,-0.226566],[-51.067002,-0.226184],[-51.067069,-0.225799],[-51.067135,-0.225411],[-51.067198,-0.225021],[-51.06726,-0.224627],[-51.067319,-0.22423],[-51.067377,-0.223831],[-51.067432,-0.223428],[-51.067486,-0.223021],[-51.067538,-0.222612],[-51.067588,-0.222198],[-51.067636,-0.221782],[-51.067682,-0.221361],[-51.067726,-0.220936],[-51.067769,-0.220508],[-51.067809,-0.220075],[-51.067885,-0.2192],[-51.067953,-0.218305],[-51.068015,-0.217391],[-51.06807,-0.216453],[-51.068118,-0.215491],[-51.068159,-0.214499],[-51.068195,-0.213475],[-51.068224,-0.212411],[-51.068246,-0.211417],[-51.068262,-0.210375],[-51.068275,-0.209275],[-51.068284,-0.208092],[-51.06829,-0.206069],[-51.06829,-0.202593],[-51.068291,-0.201338],[-51.068295,-0.199999],[-51.068306,-0.198437],[-51.068305,-0.197503],[-51.068299,-0.196774],[-51.068287,-0.196035],[-51.068271,-0.195288],[-51.068249,-0.19453],[-51.068222,-0.193763],[-51.06819,-0.192984],[-51.068153,-0.192193],[-51.068111,-0.19139],[-51.068061,-0.19052],[-51.068004,-0.189633],[-51.067941,-0.188727],[-51.067872,-0.187798],[-51.067797,-0.186845],[-51.067714,-0.185864],[-51.067625,-0.18485],[-51.067527,-0.183795],[-51.067352,-0.181988],[-51.067146,-0.179976],[-51.066942,-0.178043],[-51.066437,-0.173333],[-51.066182,-0.170884],[-51.066058,-0.169644],[-51.065945,-0.16848],[-51.065842,-0.167372],[-51.065748,-0.166309],[-51.065652,-0.165173],[-51.065565,-0.164075],[-51.065488,-0.163009],[-51.065418,-0.161972],[-51.065357,-0.160958],[-51.065303,-0.159967],[-51.065257,-0.158995],[-51.065219,-0.158041],[-51.065194,-0.157265],[-51.065173,-0.1565],[-51.065158,-0.155744],[-51.065148,-0.154997],[-51.065144,-0.154265],[-51.065142,-0.152974],[-51.065137,-0.152091],[-51.065124,-0.151003],[-51.065089,-0.148388],[-51.065076,-0.147056],[-51.065074,-0.146366],[-51.065075,-0.145719],[-51.065079,-0.145104],[-51.065086,-0.144515],[-51.065095,-0.144041],[-51.065106,-0.143581],[-51.06512,-0.143131],[-51.065136,-0.142692],[-51.065155,-0.142262],[-51.065176,-0.14184],[-51.0652,-0.141426],[-51.065227,-0.141019],[-51.065256,-0.140618],[-51.065288,-0.140223],[-51.065323,-0.139834],[-51.065361,-0.139451],[-51.065401,-0.139073],[-51.065444,-0.138699],[-51.06549,-0.138331],[-51.065539,-0.137967],[-51.065618,-0.137425],[-51.065715,-0.136806],[-51.065813,-0.136209],[-51.065916,-0.135613],[-51.066024,-0.135023],[-51.066136,-0.134436],[-51.066252,-0.133851],[-51.066374,-0.133268],[-51.0665,-0.13269],[-51.06663,-0.132114],[-51.066765,-0.131541],[-51.066905,-0.130971],[-51.067049,-0.130405],[-51.067197,-0.129842],[-51.06735,-0.129282],[-51.067507,-0.128727],[-51.067669,-0.128172],[-51.067836,-0.127622],[-51.068007,-0.127076],[-51.068182,-0.126534],[-51.068362,-0.125997],[-51.068545,-0.125464],[-51.068733,-0.124937],[-51.068924,-0.124414],[-51.069118,-0.123901],[-51.069316,-0.123393],[-51.069506,-0.122919],[-51.069701,-0.122449],[-51.069904,-0.121972],[-51.070115,-0.121493],[-51.070333,-0.121013],[-51.070558,-0.12053],[-51.070782,-0.120064],[-51.071012,-0.119595],[-51.071249,-0.119124],[-51.071492,-0.118651],[-51.071743,-0.118175],[-51.072,-0.117697],[-51.072265,-0.117216],[-51.072536,-0.116733],[-51.072815,-0.116246],[-51.073101,-0.115756],[-51.073395,-0.115263],[-51.073696,-0.114767],[-51.074004,-0.114266],[-51.074321,-0.113762],[-51.074646,-0.113253],[-51.074978,-0.112739],[-51.075285,-0.112272],[-51.075599,-0.1118],[-51.075921,-0.111324],[-51.07625,-0.110842],[-51.076587,-0.110355],[-51.076932,-0.109861],[-51.077286,-0.109361],[-51.077649,-0.108853],[-51.078083,-0.108253],[-51.078531,-0.107641],[-51.079698,-0.106067],[-51.081107,-0.10415],[-51.081708,-0.103341],[-51.082235,-0.102643],[-51.082514,-0.10228],[-51.082783,-0.101933],[-51.083044,-0.1016],[-51.083299,-0.10128],[-51.08355,-0.10097],[-51.083796,-0.10067],[-51.084039,-0.10038],[-51.084279,-0.100097],[-51.084517,-0.099822],[-51.084754,-0.099554],[-51.084988,-0.099293],[-51.085221,-0.099039],[-51.085452,-0.098792],[-51.085683,-0.098551],[-51.085913,-0.098316],[-51.086142,-0.098087],[-51.08636,-0.097874],[-51.086578,-0.097666],[-51.086796,-0.097463],[-51.087014,-0.097264],[-51.087232,-0.097071],[-51.087449,-0.096883],[-51.087667,-0.096699],[-51.087885,-0.096519],[-51.088062,-0.096378],[-51.088239,-0.096239],[-51.088416,-0.096104],[-51.088594,-0.095971],[-51.089397,-0.095386],[-51.08974,-0.09514],[-51.09006,-0.094912],[-51.090404,-0.094672],[-51.090732,-0.094445],[-51.091049,-0.094231],[-51.091357,-0.094027],[-51.091657,-0.093833],[-51.09195,-0.093647],[-51.092237,-0.093469],[-51.092519,-0.093299],[-51.092798,-0.093136],[-51.093072,-0.092981],[-51.093343,-0.092832],[-51.093609,-0.09269],[-51.093873,-0.092555],[-51.094133,-0.092427],[-51.09439,-0.092306],[-51.094644,-0.092191],[-51.094898,-0.092081],[-51.09515,-0.091978],[-51.095399,-0.091881],[-51.095646,-0.091791],[-51.09589,-0.091707],[-51.096133,-0.09163],[-51.096373,-0.091559],[-51.096611,-0.091495],[-51.096847,-0.091436],[-51.097082,-0.091385],[-51.097315,-0.091339],[-51.097546,-0.0913],[-51.097764,-0.091269],[-51.097985,-0.091243],[-51.098211,-0.091223],[-51.098441,-0.091208],[-51.098627,-0.091201],[-51.098816,-0.091196],[-51.099009,-0.091195],[-51.099205,-0.091198],[-51.099404,-0.091204],[-51.099607,-0.091213],[-51.099813,-0.091226],[-51.100024,-0.091242],[-51.100239,-0.091262],[-51.100458,-0.091285],[-51.100682,-0.091312],[-51.100912,-0.091342],[-51.101148,-0.091376],[-51.101391,-0.091414],[-51.101642,-0.091456],[-51.101903,-0.091502],[-51.102361,-0.091588],[-51.102865,-0.091689],[-51.103418,-0.091806],[-51.104597,-0.092063],[-51.105107,-0.092172],[-51.105646,-0.092282],[-51.106362,-0.09242],[-51.106606,-0.092471],[-51.106851,-0.092525],[-51.107106,-0.092585],[-51.107362,-0.092648],[-51.10762,-0.092715],[-51.10788,-0.092786],[-51.108141,-0.092861],[-51.108405,-0.092939],[-51.108671,-0.093021],[-51.108939,-0.093107],[-51.109363,-0.093249],[-51.109794,-0.093401],[-51.110232,-0.093563],[-51.11068,-0.093735],[-51.111138,-0.093919],[-51.111608,-0.094114],[-51.112093,-0.094322],[-51.112595,-0.094544],[-51.113019,-0.094735],[-51.11346,-0.094939],[-51.113924,-0.095157],[-51.11442,-0.095394],[-51.115344,-0.095842],[-51.116993,-0.096652],[-51.117623,-0.09696],[-51.118257,-0.097267],[-51.118829,-0.097539],[-51.119451,-0.097829],[-51.120036,-0.098094],[-51.120593,-0.09834],[-51.121129,-0.098568],[-51.12143,-0.098693],[-51.121725,-0.098812],[-51.122016,-0.098927],[-51.122303,-0.099037],[-51.122586,-0.099143],[-51.122865,-0.099244],[-51.12314,-0.099341],[-51.123413,-0.099434],[-51.123683,-0.099523],[-51.123951,-0.099609],[-51.124216,-0.09969],[-51.124479,-0.099767],[-51.12474,-0.09984],[-51.124998,-0.09991],[-51.125255,-0.099976],[-51.12551,-0.100038],[-51.125806,-0.100106],[-51.126099,-0.100168],[-51.12639,-0.100226],[-51.12668,-0.100279],[-51.126967,-0.100327],[-51.127254,-0.10037],[-51.127538,-0.100408],[-51.127822,-0.100441],[-51.128006,-0.10046],[-51.128189,-0.100477],[-51.128915,-0.100533],[-51.130117,-0.100643],[-51.130397,-0.100666],[-51.130649,-0.100685],[-51.130986,-0.100707],[-51.131297,-0.10072],[-51.131589,-0.100727],[-51.131867,-0.100728],[-51.132093,-0.100722],[-51.132312,-0.100712],[-51.132524,-0.100697],[-51.132729,-0.100676],[-51.132928,-0.10065],[-51.133122,-0.100619],[-51.13331,-0.100583],[-51.133494,-0.100542],[-51.133696,-0.100489],[-51.1339,-0.10043],[-51.134108,-0.100364],[-51.134319,-0.10029],[-51.134533,-0.100209],[-51.13475,-0.10012],[-51.134972,-0.100024],[-51.135199,-0.09992],[-51.135455,-0.099796],[-51.135718,-0.099661],[-51.135991,-0.099515],[-51.136274,-0.099358],[-51.13657,-0.099186],[-51.136885,-0.098998],[-51.137255,-0.098771],[-51.137589,-0.098561],[-51.137804,-0.09842],[-51.138019,-0.098273],[-51.138233,-0.098121],[-51.138447,-0.097964],[-51.138661,-0.097801],[-51.138875,-0.097632],[-51.139089,-0.097458],[-51.139302,-0.097279],[-51.139534,-0.097077],[-51.139767,-0.096869],[-51.139999,-0.096654],[-51.140231,-0.096432],[-51.140463,-0.096204],[-51.140695,-0.095969],[-51.140928,-0.095726],[-51.141161,-0.095477],[-51.141395,-0.095221],[-51.141628,-0.094958],[-51.141863,-0.094687],[-51.142099,-0.094408],[-51.142335,-0.094122],[-51.142573,-0.093827],[-51.142813,-0.093524],[-51.143055,-0.093212],[-51.143321,-0.092861],[-51.143514,-0.0926],[-51.143684,-0.092359],[-51.143851,-0.092108],[-51.14403,-0.091828],[-51.144207,-0.091535],[-51.144382,-0.091229],[-51.144558,-0.090908],[-51.144722,-0.090596],[-51.144888,-0.090268],[-51.145057,-0.089919],[-51.145233,-0.089545],[-51.145397,-0.089187],[-51.145576,-0.088787],[-51.146231,-0.087292],[-51.146507,-0.086674],[-51.146659,-0.086342],[-51.146804,-0.086033],[-51.146943,-0.085742],[-51.14708,-0.085466],[-51.147223,-0.085187],[-51.147365,-0.084919],[-51.147506,-0.084662],[-51.147647,-0.084415],[-51.14788,-0.084021],[-51.148149,-0.083576],[-51.148412,-0.083146],[-51.148677,-0.082718],[-51.149042,-0.082141],[-51.149412,-0.081568],[-51.149787,-0.080998],[-51.150168,-0.080432],[-51.150553,-0.079869],[-51.150944,-0.07931],[-51.15134,-0.078755],[-51.151741,-0.078203],[-51.152148,-0.077654],[-51.152559,-0.077109],[-51.152976,-0.076568],[-51.153398,-0.07603],[-51.153825,-0.075495],[-51.154257,-0.074965],[-51.154694,-0.074437],[-51.155137,-0.073914],[-51.155463,-0.073533],[-51.155793,-0.073155],[-51.156125,-0.072778],[-51.15646,-0.072403],[-51.156798,-0.07203],[-51.157138,-0.071659],[-51.157482,-0.07129],[-51.157828,-0.070923],[-51.158177,-0.070557],[-51.158528,-0.070194],[-51.158883,-0.069832],[-51.15924,-0.069473],[-51.1596,-0.069115],[-51.159962,-0.068759],[-51.160328,-0.068405],[-51.160696,-0.068053],[-51.161067,-0.067703],[-51.161441,-0.067354],[-51.161817,-0.067008],[-51.162196,-0.066663],[-51.162578,-0.066321],[-51.162963,-0.06598],[-51.163351,-0.065641],[-51.163741,-0.065304],[-51.164134,-0.064969],[-51.16453,-0.064636],[-51.164929,-0.064305],[-51.16533,-0.063975],[-51.165734,-0.063648],[-51.166141,-0.063322],[-51.166551,-0.062998],[-51.166963,-0.062676]]]}},
{"type":"Feature","properties":{"idhidrovia":200002682,"nome":"Hidrovia do Solimões","navegacao":"Navegação Interior","tipo":"Rio","vel_cional":10.0,"extensao":33.125702158000003,"tempo":"0d 3h 18min","cla_icacao":"Navegável","nome_rio":"Rio Solimões","nom_eclusa":null,"jurisdicao":"AHIMOC","reg_rafica":"Região Hidrográfica Amazônica","pro_de_min":6.0,"pro_de_max":10.0,"dominio":"União","observacao":"Confluência com o rio Negro _AM_ até Tabatinga _AM_.","snv":"Sim","fonte":"LabTrans/Antaq","idm_origem":"BR130185","mun_origem":"Iranduba","est_origem":"AM","idm_estino":"BR130250","mun_estino":"Manacapuru","est_estino":"AM","idantaq":2,"camada sim":"135","Fluxo":1900.0},"geometry":{"type":"MultiLineString","coordinates":[[[-60.464226,-3.335853],[-60.457396,-3.335692],[-60.441283,-3.32672],[-60.425719,-3.315184],[-60.414488,-3.304503],[-60.392271,-3.299376],[-60.375487,-3.294493],[-60.353575,-3.289977],[-60.324278,-3.284911],[-60.305418,-3.279601],[-60.283507,-3.269896],[-60.263304,-3.26599],[-60.245116,-3.262877],[-60.23297,-3.26599],[-60.223998,-3.270079],[-60.209227,-3.284178],[-60.196288,-3.297118],[-60.194724,-3.298156]]]}},
{"type":"Feature","properties":{"idhidrovia":200002683,"nome":"Hidrovia do Amazonas","navegacao":"Navegação Interior","tipo":"Rio","vel_cional":25.0,"extensao":66.083733287200005,"tempo":"0d 2h 38min","cla_icacao":"Navegável","nome_rio":"Rio Amazonas","nom_eclusa":null,"jurisdicao":"AHIMOR","reg_rafica":"Região Hidrográfica Amazônica","pro_de_min":5.0,"pro_de_max":7.5,"dominio":"União","observacao":"Foz no oceano Atlântico _PA_ até a confluência dos rios Negro e Solimões.","snv":"Sim","fonte":"LabTrans/Antaq","idm_origem":"BR150600","mun_origem":"Prainha","est_origem":"PA","idm_estino":"BR150480","mun_estino":"Monte Alegre","est_estino":"PA","idantaq":1,"camada sim":"136","Fluxo":19334296.0},"geometry":{"type":"MultiLineString","coordinates":[[[-54.004312,-2.050884],[-54.000609,-2.044981],[-53.991209,-2.031493],[-53.980101,-2.020506],[-53.962828,-2.00598],[-53.944518,-1.992125],[-53.927794,-1.98181],[-53.895079,-1.969176],[-53.876707,-1.964903],[-53.849608,-1.957213],[-53.825987,-1.946471],[-53.812621,-1.938902],[-53.80078,-1.930296],[-53.787596,-1.920897],[-53.775389,-1.913512],[-53.755003,-1.901793],[-53.734984,-1.894408],[-53.714598,-1.888976],[-53.685728,-1.884825],[-53.656981,-1.886168],[-53.647398,-1.887206],[-53.634581,-1.887694],[-53.615782,-1.884398],[-53.604002,-1.882201],[-53.594481,-1.877928],[-53.582091,-1.872374],[-53.563414,-1.862791],[-53.531798,-1.850401],[-53.503416,-1.832884],[-53.487975,-1.823485],[-53.475707,-1.817381]]]}},
{"type":"Feature","properties":{"idhidrovia":200002751,"nome":"Hidrovia do Amazonas","navegacao":"Navegação Interior","tipo":"Rio","vel_cional":25.0,"extensao":56.1493075753,"tempo":"0d 2h 14min","cla_icacao":"Navegação inexpressiva","nome_rio":"Rio Jacaré","nom_eclusa":null,"jurisdicao":"AHIMOR","reg_rafica":"Região Hidrográfica Amazônica","pro_de_min":1.8,"pro_de_max":2.0,"dominio":null,"observacao":null,"snv":"Não","fonte":"LabTrans/Antaq","idm_origem":"BR150030","mun_origem":"Afuá","est_origem":"PA","idm_estino":"BR150180","mun_estino":"Breves","est_estino":"PA","idantaq":1,"camada sim":"137","Fluxo":3812081.0},"geometry":{"type":"MultiLineString","coordinates":[[[-50.808107,-1.017648],[-50.808557,-0.982465],[-50.802622,-0.910532],[-50.801621,-0.86708],[-50.784226,-0.806506],[-50.781787,-0.790509],[-50.782835,-0.758473],[-50.79127,-0.687142],[-50.790868,-0.663931],[-50.788511,-0.643266],[-50.780622,-0.61612],[-50.753652,-0.565702],[-50.740759,-0.548608],[-50.723873,-0.533095]]]}},
{"type":"Feature","properties":{"idhidrovia":200002752,"nome":"Hidrovia do Amazonas","navegacao":"Navegação Interior","tipo":"Rio","vel_cional":25.0,"extensao":32.438772937300001,"tempo":"0d 1h 17min","cla_icacao":"Navegável","nome_rio":"Rio de Breves","nom_eclusa":null,"jurisdicao":"AHIMOR","reg_rafica":"Região Hidrográfica Amazônica","pro_de_min":1.8,"pro_de_max":2.0,"dominio":null,"observacao":null,"snv":"Não","fonte":"LabTrans/Antaq","idm_origem":"BR150180","mun_origem":"Breves","est_origem":"PA","idm_estino":"BR150110","mun_estino":"Bagre","est_estino":"PA","idantaq":1,"camada sim":"138","Fluxo":3812081.0},"geometry":{"type":"MultiLineString","coordinates":[[[-50.278013,-1.809812],[-50.291808,-1.802],[-50.29791,-1.797911],[-50.309569,-1.793517],[-50.319884,-1.790586],[-50.337705,-1.787107],[-50.350217,-1.783506],[-50.36041,-1.780089],[-50.369199,-1.775084],[-50.376218,-1.772704],[-50.384703,-1.769713],[-50.390379,-1.769773],[-50.39929,-1.770688],[-50.406126,-1.773192],[-50.414793,-1.773314],[-50.420225,-1.772092],[-50.425168,-1.771482],[-50.430478,-1.771482],[-50.436582,-1.770995],[-50.445005,-1.767087],[-50.449277,-1.761595],[-50.453184,-1.755675],[-50.456296,-1.74719],[-50.457273,-1.742674],[-50.458494,-1.734801],[-50.458677,-1.728209],[-50.458373,-1.722777],[-50.458373,-1.715513],[-50.46002,-1.709897],[-50.462522,-1.705381],[-50.466673,-1.700925],[-50.471494,-1.698301],[-50.476377,-1.696409],[-50.4801,-1.695189],[-50.483396,-1.693907],[-50.486997,-1.69171],[-50.490293,-1.689084],[-50.492368,-1.686399],[-50.493285,-1.68408],[-50.493895,-1.682493],[-50.495482,-1.680112],[-50.497495,-1.678404],[-50.499205,-1.67639],[-50.499876,-1.675475]]]}},
{"type":"Feature","properties":{"idhidrovia":200002753,"nome":"Hidrovia do Amazonas","navegacao":"Navegação Interior","tipo":"Rio","vel_cional":25.0,"extensao":35.790036310600001,"tempo":"0d 1h 25min","cla_icacao":"Navegação inexpressiva","nome_rio":"Rio Companhia","nom_eclusa":null,"jurisdicao":"AHIMOR","reg_rafica":"Região Hidrográfica Amazônica","pro_de_min":1.8,"pro_de_max":2.0,"dominio":null,"observacao":null,"snv":"Não","fonte":"LabTrans/Antaq","idm_origem":"BR150180","mun_origem":"Breves","est_origem":"PA","idm_estino":"BR150180","mun_estino":"Breves","est_estino":"PA","idantaq":1,"camada sim":"139","Fluxo":3812081.0},"geometry":{"type":"MultiLineString","coordinates":[[[-50.805085,-1.31399],[-50.805024,-1.313921],[-50.792797,-1.300228],[-50.785882,-1.283154],[-50.779262,-1.238236],[-50.766867,-1.202032],[-50.765125,-1.178613],[-50.769794,-1.153123],[-50.787488,-1.108889],[-50.798911,-1.087517],[-50.816629,-1.065906],[-50.821703,-1.055122],[-50.822761,-1.046089],[-50.821253,-1.037095],[-50.812361,-1.025902],[-50.808107,-1.017648]]]}},
{"type":"Feature","properties":{"idhidrovia":200002754,"nome":"Hidrovia do Amazonas","navegacao":"Navegação Interior","tipo":"Rio","vel_cional":25.0,"extensao":18.057876654600001,"tempo":"0d 0h 43min","cla_icacao":"Navegável","nome_rio":"Rio de Breves","nom_eclusa":null,"jurisdicao":"AHIMOR","reg_rafica":"Região Hidrográfica Amazônica","pro_de_min":1.8,"pro_de_max":2.0,"dominio":null,"observacao":null,"snv":"Não","fonte":"LabTrans/Antaq","idm_origem":"BR150180","mun_origem":"Breves","est_origem":"PA","idm_estino":"BR150180","mun_estino":"Breves","est_estino":"PA","idantaq":1,"camada sim":"140","Fluxo":3812081.0},"geometry":{"type":"MultiLineString","coordinates":[[[-50.499876,-1.675475],[-50.520307,-1.668908],[-50.528126,-1.664322],[-50.532727,-1.659634],[-50.537813,-1.6485],[-50.543362,-1.619393],[-50.547589,-1.607555],[-50.554028,-1.598236],[-50.568221,-1.589582],[-50.575102,-1.582246],[-50.583973,-1.567379],[-50.589629,-1.552278]]]}},
{"type":"Feature","properties":{"idhidrovia":200002755,"nome":"Hidrovia do Amazonas","navegacao":"Navegação Interior","tipo":"Rio","vel_cional":25.0,"extensao":38.447355639599998,"tempo":"0d 1h 32min","cla_icacao":"Navegável","nome_rio":"Rio Jaburu","nom_eclusa":null,"jurisdicao":"AHIMOR","reg_rafica":"Região Hidrográfica Amazônica","pro_de_min":1.8,"pro_de_max":2.0,"dominio":null,"observacao":null,"snv":"Não","fonte":"LabTrans/Antaq","idm_origem":"BR150180","mun_origem":"Breves","est_origem":"PA","idm_estino":"BR150180","mun_estino":"Breves","est_estino":"PA","idantaq":1,"camada sim":"141","Fluxo":3812081.0},"geometry":{"type":"MultiLineString","coordinates":[[[-50.589629,-1.552278],[-50.606704,-1.538048],[-50.621881,-1.524767],[-50.634405,-1.517242],[-50.64918,-1.508718],[-50.659978,-1.496783],[-50.668503,-1.483713],[-50.673617,-1.469505],[-50.673617,-1.458707],[-50.671911,-1.450183],[-50.665092,-1.437113],[-50.663387,-1.426314],[-50.663387,-1.412676],[-50.663955,-1.408698],[-50.665092,-1.405855],[-50.671343,-1.401877],[-50.679299,-1.395626],[-50.683278,-1.395059],[-50.683278,-1.403583],[-50.68271,-1.40813],[-50.68612,-1.411539],[-50.690666,-1.409265],[-50.69919,-1.405855],[-50.708283,-1.402446],[-50.712262,-1.401877],[-50.717376,-1.401877],[-50.727606,-1.403014],[-50.73272,-1.398468],[-50.734425,-1.395059],[-50.738402,-1.386533],[-50.746358,-1.38426],[-50.754883,-1.379715],[-50.759999,-1.37744],[-50.767955,-1.379715],[-50.7725,-1.384829],[-50.779888,-1.386533],[-50.790117,-1.383124]]]}},
{"type":"Feature","properties":{"idhidrovia":200002799,"nome":"Hidrovia do Madeira","navegacao":"Navegação Interior","tipo":"Rio","vel_cional":22.0,"extensao":51.115809408200001,"tempo":"0d 2h 19min","cla_icacao":"Navegável","nome_rio":"Rio Madeira","nom_eclusa":null,"jurisdicao":"AHIMOC","reg_rafica":"Região Hidrográfica Amazônica","pro_de_min":2.0,"pro_de_max":7.0,"dominio":"União","observacao":"Foz no rio Amazonas _AM_ até a confluência dos rios Beni _rio boliviano_ e Mamoré _RO_.","snv":"Sim","fonte":"LabTrans/Antaq","idm_origem":"BR110020","mun_origem":"Porto Velho","est_origem":"RO","idm_estino":"BR110020","mun_estino":"Porto Velho","est_estino":"RO","idantaq":5,"camada sim":"142","Fluxo":1896.0},"geometry":{"type":"MultiLineString","coordinates":[[[-63.733642,-8.579304],[-63.724181,-8.574706],[-63.718687,-8.572203],[-63.700894,-8.566205],[-63.695494,-8.565001],[-63.677489,-8.564574],[-63.663512,-8.561522],[-63.653075,-8.559691],[-63.642027,-8.560484],[-63.636107,-8.563902],[-63.629881,-8.570799],[-63.619688,-8.58148],[-63.600523,-8.597411],[-63.582274,-8.610289],[-63.563719,-8.614378],[-63.546324,-8.60742],[-63.53662,-8.598204],[-63.530394,-8.587401],[-63.531187,-8.579894],[-63.535704,-8.570128],[-63.546202,-8.555174],[-63.556212,-8.543089],[-63.565794,-8.536498],[-63.580199,-8.526976],[-63.590697,-8.51837],[-63.592894,-8.508604],[-63.594115,-8.502501],[-63.593321,-8.495299],[-63.589903,-8.48651],[-63.582518,-8.481017],[-63.574889,-8.480772],[-63.555907,-8.480223],[-63.546019,-8.474181],[-63.533873,-8.468687],[-63.523802,-8.460387],[-63.508788,-8.450499],[-63.502329,-8.446312]]]}},
{"type":"Feature","properties":{"idhidrovia":200002803,"nome":"Hidrovia do Sul","navegacao":"Navegação Interior","tipo":"Laguna","vel_cional":25.0,"extensao":58.589648643300002,"tempo":"0d 2h 20min","cla_icacao":"Navegável","nome_rio":"Lagoa dos Patos","nom_eclusa":null,"jurisdicao":"SPH","reg_rafica":"Região Hidrográfica Atlântico Sul","pro_de_min":5.4,"pro_de_max":5.4,"dominio":"Estados ou Distrito Federal","observacao":"Confluência com o oceano Atlântico até a confluência com o Lago Guaíba _RS_.","snv":"Sim","fonte":"LabTrans/Antaq","idm_origem":"BR430350","mun_origem":"Camaquã","est_origem":"RS","idm_estino":"BR430085","mun_estino":"Arambaré","est_estino":"RS","idantaq":18,"camada sim":"143","Fluxo":92107.0},"geometry":{"type":"MultiLineString","coordinates":[[[-51.311861,-31.066179],[-51.328939,-31.097459],[-51.356564,-31.160683],[-51.403931,-31.228685],[-51.455955,-31.290467],[-51.532444,-31.341444],[-51.586078,-31.380415],[-51.658014,-31.439718],[-51.687525,-31.473246]]]}},
{"type":"Feature","properties":{"idhidrovia":200002804,"nome":"Hidrovia do Sul","navegacao":"Navegação Interior","tipo":"Laguna","vel_cional":25.0,"extensao":13.5780538546,"tempo":"0d 0h 32min","cla_icacao":"Navegável","nome_rio":"Lagoa dos Patos","nom_eclusa":null,"jurisdicao":"SPH","reg_rafica":"Região Hidrográfica Atlântico Sul","pro_de_min":5.4,"pro_de_max":5.4,"dominio":"Estados ou Distrito Federal","observacao":"Confluência com o oceano Atlântico até a confluência com o Lago Guaíba _RS_.","snv":"Sim","fonte":"LabTrans/Antaq","idm_origem":"BR430085","mun_origem":"Arambaré","est_origem":"RS","idm_estino":"BR431250","mun_estino":"Mostardas","est_estino":"RS","idantaq":18,"camada sim":"144","Fluxo":92107.0},"geometry":{"type":"MultiLineString","coordinates":[[[-51.246557,-30.957512],[-51.273433,-30.995797],[-51.311861,-31.066179]]]}},
{"type":"Feature","properties":{"idhidrovia":200002805,"nome":"Hidrovia do Sul","navegacao":"Navegação Interior","tipo":"Lago","vel_cional":25.0,"extensao":14.964887661200001,"tempo":"0d 0h 35min","cla_icacao":"Navegável","nome_rio":"Lago Guaíba","nom_eclusa":null,"jurisdicao":"SPH","reg_rafica":"Região Hidrográfica Atlântico Sul","pro_de_min":2.0,"pro_de_max":12.0,"dominio":"Estados ou Distrito Federal","observacao":"Confluência com a Lagoa dos Patos _RS_ até o Delta do rio Jacuí.","snv":"Sim","fonte":"LabTrans/Antaq","idm_origem":"BR430190","mun_origem":"Barra do Ribeiro","est_origem":"RS","idm_estino":"BR430930","mun_estino":"Guaíba","est_estino":"RS","idantaq":18,"camada sim":"145","Fluxo":92107.0},"geometry":{"type":"MultiLineString","coordinates":[[[-51.307583,-30.138361],[-51.30767,-30.138399],[-51.309878,-30.140881],[-51.311215,-30.144135],[-51.311347,-30.149435],[-51.310517,-30.155504],[-51.308344,-30.160485],[-51.30706,-30.162207],[-51.304299,-30.165804],[-51.300632,-30.170976],[-51.298443,-30.176278],[-51.296682,-30.189232],[-51.291551,-30.197804],[-51.282597,-30.206581],[-51.273521,-30.213706],[-51.263366,-30.22165],[-51.252331,-30.231582],[-51.235171,-30.24603],[-51.233398,-30.247404]]]}},
{"type":"Feature","properties":{"idhidrovia":200002816,"nome":"Hidrovia do Amazonas","navegacao":"Navegação Interior","tipo":"Rio","vel_cional":25.0,"extensao":8.4439851696500003,"tempo":"0d 0h 20min","cla_icacao":"Navegação inexpressiva","nome_rio":"Rio Companhia","nom_eclusa":null,"jurisdicao":"AHIMOR","reg_rafica":"Região Hidrográfica Amazônica","pro_de_min":1.8,"pro_de_max":2.0,"dominio":null,"observacao":null,"snv":"Não","fonte":"LabTrans/Antaq","idm_origem":"BR150180","mun_origem":"Breves","est_origem":"PA","idm_estino":"BR150180","mun_estino":"Breves","est_estino":"PA","idantaq":1,"camada sim":"146","Fluxo":3812081.0},"geometry":{"type":"MultiLineString","coordinates":[[[-50.790118,-1.383124],[-50.79765,-1.370693],[-50.809265,-1.357231],[-50.810796,-1.350388],[-50.810397,-1.34077],[-50.805349,-1.314286],[-50.805085,-1.31399]]]}},
{"type":"Feature","properties":{"idhidrovia":200002818,"nome":"Hidrovia do Tocantins","navegacao":"Navegação Interior","tipo":"Rio","vel_cional":25.0,"extensao":5.1579304837200004,"tempo":"0d 0h 12min","cla_icacao":"Navegável","nome_rio":"Rio Tocantins","nom_eclusa":null,"jurisdicao":"AHIMOR","reg_rafica":"Região Hidrográfica do Tocantins","pro_de_min":1.5,"pro_de_max":4.0,"dominio":"União","observacao":"Foz no oceano Atlântico _PA_ até o Lago da Barragem de Serra da Mesa _GO_, na confluência com o rio Tocantizinho _GO_.","snv":"Sim","fonte":"ANA/Antaq","idm_origem":"BR150490","mun_origem":"Muaná","est_origem":"PA","idm_estino":"BR150490","mun_estino":"Muaná","est_estino":"PA","idantaq":9,"camada sim":"147","Fluxo":3812081.0},"geometry":{"type":"MultiLineString","coordinates":[[[-49.086529,-1.63409],[-49.080382,-1.626585],[-49.065672,-1.614684],[-49.052615,-1.602501]]]}},
{"type":"Feature","properties":{"idhidrovia":200002821,"nome":"Hidrovia do Amazonas","navegacao":"Navegação Interior","tipo":"Rio","vel_cional":25.0,"extensao":32.947228949399999,"tempo":"0d 1h 19min","cla_icacao":"Navegável","nome_rio":"Rio Amazonas","nom_eclusa":null,"jurisdicao":"AHIMOC","reg_rafica":"Região Hidrográfica Amazônica","pro_de_min":5.0,"pro_de_max":7.5,"dominio":"União","observacao":"Foz no oceano Atlântico _PA_ até a confluência dos rios Negro e Solimões.","snv":"Sim","fonte":"LabTrans/Antaq","idm_origem":"BR130190","mun_origem":"Itacoatiara","est_origem":"AM","idm_estino":"BR130190","mun_estino":"Itacoatiara","est_estino":"AM","idantaq":1,"camada sim":"148","Fluxo":5409404.0},"geometry":{"type":"MultiLineString","coordinates":[[[-59.016673,-3.240205],[-59.009703,-3.238585],[-58.995909,-3.2395],[-58.979796,-3.246581],[-58.960509,-3.255309],[-58.942198,-3.262694],[-58.924803,-3.268187],[-58.907896,-3.278685],[-58.895811,-3.289305],[-58.885497,-3.297911],[-58.87329,-3.303709],[-58.851927,-3.310179],[-58.836607,-3.316588],[-58.822081,-3.323485],[-58.797484,-3.33441],[-58.777098,-3.344298],[-58.75421,-3.349791],[-58.746703,-3.352171]]]}},
{"type":"Feature","properties":{"idhidrovia":200002822,"nome":"Hidrovia do Amazonas","navegacao":"Navegação Interior","tipo":"Rio","vel_cional":25.0,"extensao":23.678624164399999,"tempo":"0d 0h 56min","cla_icacao":"Navegável","nome_rio":"Rio Amazonas","nom_eclusa":null,"jurisdicao":"AHIMOC","reg_rafica":"Região Hidrográfica Amazônica","pro_de_min":5.0,"pro_de_max":7.5,"dominio":"União","observacao":"Foz no oceano Atlântico _PA_ até a confluência dos rios Negro e Solimões.","snv":"Sim","fonte":"LabTrans/Antaq","idm_origem":"BR130190","mun_origem":"Itacoatiara","est_origem":"AM","idm_estino":"BR130190","mun_estino":"Itacoatiara","est_estino":"AM","idantaq":1,"camada sim":"149","Fluxo":5409404.0},"geometry":{"type":"MultiLineString","coordinates":[[[-59.214965,-3.241686],[-59.208189,-3.244994],[-59.187987,-3.255125],[-59.167113,-3.267577],[-59.155699,-3.273497],[-59.133482,-3.277281],[-59.115416,-3.27429],[-59.097228,-3.264708],[-59.072508,-3.257079],[-59.058409,-3.252928],[-59.047423,-3.247618],[-59.0343,-3.244994],[-59.020995,-3.241209],[-59.016673,-3.240205]]]}},
{"type":"Feature","properties":{"idhidrovia":200002827,"nome":"Hidrovia do Amazonas","navegacao":"Navegação Interior","tipo":"Rio","vel_cional":15.0,"extensao":31.199363366699998,"tempo":"0d 2h 4min","cla_icacao":"Navegável","nome_rio":"Rio Xingu","nom_eclusa":null,"jurisdicao":"AHIMOR","reg_rafica":"Região Hidrográfica Amazônica","pro_de_min":2.3,"pro_de_max":6.0,"dominio":"União","observacao":"Foz no rio Amazonas _AM_ até PK 1522.","snv":"Sim","fonte":"LabTrans/ANA/Antaq","idm_origem":"BR150590","mun_origem":"Porto de Moz","est_origem":"PA","idm_estino":"BR150780","mun_estino":"Senador José Porfírio","est_estino":"PA","idantaq":1,"camada sim":"150","Fluxo":4936.0},"geometry":{"type":"MultiLineString","coordinates":[[[-51.970073,-2.851081],[-51.971922,-2.848875],[-51.980406,-2.839903],[-51.98828,-2.833189],[-51.995482,-2.828978],[-52.000792,-2.822325],[-52.004088,-2.816893],[-52.00659,-2.809691],[-52.008299,-2.804076],[-52.010802,-2.797301],[-52.020384,-2.766478],[-52.028075,-2.72711],[-52.024901,-2.687926],[-52.018309,-2.675475],[-52.007201,-2.664],[-51.996397,-2.643187],[-51.992491,-2.624205],[-51.993788,-2.596371]]]}},
{"type":"Feature","properties":{"idhidrovia":200002844,"nome":"Hidrovia do Amazonas","navegacao":"Navegação Interior","tipo":"Rio","vel_cional":25.0,"extensao":15.7257173683,"tempo":"0d 0h 37min","cla_icacao":"Navegável","nome_rio":"Rio Amazonas","nom_eclusa":null,"jurisdicao":"AHIMOR","reg_rafica":"Região Hidrográfica Amazônica","pro_de_min":5.0,"pro_de_max":7.5,"dominio":"União","observacao":"Foz no oceano Atlântico _PA_ até a confluência dos rios Negro e Solimões.","snv":"Sim","fonte":"LabTrans/Antaq","idm_origem":"BR160060","mun_origem":"Santana","est_origem":"AP","idm_estino":"BR160040","mun_estino":"Mazagão","est_estino":"AP","idantaq":1,"camada sim":"151","Fluxo":19339231.0},"geometry":{"type":"MultiLineString","coordinates":[[[-51.241824,-0.1576],[-51.210997,-0.11859],[-51.210875,-0.103026],[-51.208678,-0.088011],[-51.207884,-0.083678],[-51.204405,-0.077086],[-51.203978,-0.072874],[-51.202391,-0.067686],[-51.200377,-0.063719],[-51.197691,-0.061217],[-51.192503,-0.058714],[-51.186888,-0.058409],[-51.179015,-0.060606],[-51.174193,-0.061705],[-51.168861,-0.062624],[-51.166963,-0.062676]]]}},
{"type":"Feature","properties":{"idhidrovia":200002846,"nome":"Hidrovia do Amazonas","navegacao":"Navegação Interior","tipo":"Rio","vel_cional":15.0,"extensao":17.1586082828,"tempo":"0d 1h 8min","cla_icacao":"Navegável","nome_rio":"Rio Xingu","nom_eclusa":null,"jurisdicao":"AHIMOR","reg_rafica":"Região Hidrográfica Amazônica","pro_de_min":4.2,"pro_de_max":7.2,"dominio":"União","observacao":"Foz no rio Amazonas _AM_ até PK 1522.","snv":"Sim","fonte":"LabTrans/ANA/Antaq","idm_origem":"BR150590","mun_origem":"Porto de Moz","est_origem":"PA","idm_estino":"BR150590","mun_estino":"Porto de Moz","est_estino":"PA","idantaq":1,"camada sim":"152","Fluxo":4936.0},"geometry":{"type":"MultiLineString","coordinates":[[[-52.25415,-1.758549],[-52.260802,-1.751402],[-52.269774,-1.727415],[-52.271788,-1.713683],[-52.2666,-1.700987],[-52.258482,-1.6911],[-52.252623,-1.686278],[-52.246397,-1.676573],[-52.242369,-1.671202],[-52.239928,-1.667906],[-52.237303,-1.665099],[-52.236327,-1.663695],[-52.235411,-1.662413],[-52.234984,-1.660704],[-52.235106,-1.658873],[-52.235899,-1.657103],[-52.236571,-1.655272],[-52.237608,-1.653807],[-52.23828,-1.653197],[-52.238707,-1.652098],[-52.238707,-1.651122],[-52.237975,-1.650023],[-52.236388,-1.648985],[-52.234496,-1.648375],[-52.228575,-1.645689],[-52.224791,-1.644103],[-52.221495,-1.643004],[-52.217894,-1.642516],[-52.215086,-1.64221],[-52.213622,-1.64221],[-52.211607,-1.641478],[-52.211579,-1.641155]]]}},
{"type":"Feature","properties":{"idhidrovia":200002853,"nome":"Hidrovia do Amazonas","navegacao":"Navegação Interior","tipo":"Rio","vel_cional":25.0,"extensao":6.1863242523700004,"tempo":"0d 0h 14min","cla_icacao":"Navegável","nome_rio":"Rio Amazonas","nom_eclusa":null,"jurisdicao":"AHIMOC","reg_rafica":"Região Hidrográfica Amazônica","pro_de_min":5.0,"pro_de_max":7.5,"dominio":"União","observacao":"Foz no oceano Atlântico _PA_ até a confluência dos rios Negro e Solimões.","snv":"Sim","fonte":"LabTrans/Antaq","idm_origem":"BR130260","mun_origem":"Manaus","est_origem":"AM","idm_estino":"BR130260","mun_estino":"Manaus","est_estino":"AM","idantaq":1,"camada sim":"153","Fluxo":5409404.0},"geometry":{"type":"MultiLineString","coordinates":[[[-59.8963,-3.124998],[-59.8786,-3.112608],[-59.863402,-3.10089],[-59.850531,-3.093378]]]}},
{"type":"Feature","properties":{"idhidrovia":200002860,"nome":"Hidrovia do Amazonas","navegacao":"Navegação Interior","tipo":"Rio","vel_cional":25.0,"extensao":16.342824771899998,"tempo":"0d 0h 39min","cla_icacao":"Navegável","nome_rio":"Rio Amazonas","nom_eclusa":null,"jurisdicao":"AHIMOC","reg_rafica":"Região Hidrográfica Amazônica","pro_de_min":5.0,"pro_de_max":7.5,"dominio":"União","observacao":"Foz no oceano Atlântico _PA_ até a confluência dos rios Negro e Solimões.","snv":"Sim","fonte":"LabTrans/Antaq","idm_origem":"BR150390","mun_origem":"Juruti","est_origem":"PA","idm_estino":"BR150390","mun_estino":"Juruti","est_estino":"PA","idantaq":1,"camada sim":"154","Fluxo":11797443.0},"geometry":{"type":"MultiLineString","coordinates":[[[-56.100263,-2.148049],[-56.097105,-2.145018],[-56.094298,-2.139769],[-56.091307,-2.128172],[-56.090575,-2.121703],[-56.088011,-2.114684],[-56.083678,-2.102721],[-56.08148,-2.092772],[-56.081114,-2.065306],[-56.084471,-2.046873],[-56.088805,-2.02899],[-56.092589,-2.007689],[-56.092106,-2.005402]]]}},
{"type":"Feature","properties":{"idhidrovia":200002892,"nome":"Hidrovia da Baía de Santos","navegacao":"Navegação Interior","tipo":"Canal","vel_cional":10.0,"extensao":4.0680513221199996,"tempo":"0d 0h 24min","cla_icacao":"Navegação inexpressiva","nome_rio":"Canal de Piaçaguera","nom_eclusa":null,"jurisdicao":"AHRANA","reg_rafica":"Região Hidrográfica Atlântica Sudeste","pro_de_min":3.0,"pro_de_max":12.0,"dominio":"Estados ou Distrito Federal","observacao":"Foz  na baia de Santos _SP_  até o PK 20","snv":"Sim","fonte":"LabTrans/Antaq","idm_origem":"BR354850","mun_origem":"Santos","est_origem":"SP","idm_estino":"BR354850","mun_estino":"Santos","est_estino":"SP","idantaq":null,"camada sim":"155","Fluxo":2127785.0},"geometry":{"type":"MultiLineString","coordinates":[[[-46.313207,-23.930342],[-46.312806,-23.930754],[-46.312431,-23.931186],[-46.312087,-23.931633],[-46.311764,-23.932106],[-46.311443,-23.93264],[-46.311119,-23.933256],[-46.3109,-23.933739],[-46.310744,-23.934174],[-46.310632,-23.934611],[-46.310508,-23.935248],[-46.310454,-23.935631],[-46.31042,-23.93604],[-46.310409,-23.936904],[-46.310481,-23.938581],[-46.310491,-23.93927],[-46.310463,-23.939893],[-46.310358,-23.941109],[-46.310214,-23.942343],[-46.310034,-23.943538],[-46.309821,-23.944683],[-46.309565,-23.945835],[-46.309232,-23.947112],[-46.308857,-23.948353],[-46.308413,-23.949639],[-46.30794,-23.95085],[-46.307448,-23.951969],[-46.306857,-23.953168],[-46.306283,-23.954211],[-46.305701,-23.955156],[-46.305081,-23.956042],[-46.30429,-23.95707],[-46.303386,-23.958179],[-46.302462,-23.959228],[-46.301397,-23.960366],[-46.299844,-23.96197],[-46.29902,-23.962772],[-46.296937,-23.964737],[-46.29586,-23.965818],[-46.295443,-23.966271],[-46.295012,-23.966777],[-46.293456,-23.968748],[-46.292784,-23.969547],[-46.292161,-23.970203],[-46.290941,-23.971347],[-46.290558,-23.971629],[-46.29038,-23.971725],[-46.290199,-23.971796],[-46.289988,-23.971853],[-46.289759,-23.971891],[-46.289512,-23.971909],[-46.289249,-23.971907],[-46.288648,-23.971842],[-46.287968,-23.971692],[-46.287501,-23.971552],[-46.286956,-23.971308],[-46.28672,-23.971231],[-46.286196,-23.971135],[-46.286016,-23.971124],[-46.285864,-23.971136],[-46.285696,-23.971189],[-46.285552,-23.971293],[-46.285399,-23.971465],[-46.285327,-23.971622],[-46.285327,-23.971767],[-46.285381,-23.971916],[-46.285491,-23.97207],[-46.285654,-23.972228]]]}},
{"type":"Feature","properties":{"idhidrovia":200002893,"nome":"Hidrovia do Amazonas","navegacao":"Navegação Interior","tipo":"Rio","vel_cional":25.0,"extensao":14.1612463872,"tempo":"0d 0h 33min","cla_icacao":"Navegável","nome_rio":"Rio Amazonas","nom_eclusa":null,"jurisdicao":"AHIMOC","reg_rafica":"Região Hidrográfica Amazônica","pro_de_min":5.0,"pro_de_max":7.5,"dominio":"União","observacao":"Foz no oceano Atlântico _PA_ até a confluência dos rios Negro e Solimões.","snv":"Sim","fonte":"LabTrans/Antaq","idm_origem":"BR130440","mun_origem":"Urucurituba","est_origem":"AM","idm_estino":"BR130190","mun_estino":"Itacoatiara","est_estino":"AM","idantaq":1,"camada sim":"156","Fluxo":6573801.0},"geometry":{"type":"MultiLineString","coordinates":[[[-58.219821,-3.066611],[-58.216673,-3.063719],[-58.199889,-3.049803],[-58.185179,-3.039305],[-58.172728,-3.026183],[-58.158019,-3.011412],[-58.14868,-2.997496],[-58.14337,-2.984984],[-58.138792,-2.971983],[-58.13872,-2.971408]]]}},
{"type":"Feature","properties":{"idhidrovia":200002912,"nome":"Hidrovia do Sul","navegacao":"Navegação Interior","tipo":"Laguna","vel_cional":10.0,"extensao":1.3,"tempo":"0d 0h 7min","cla_icacao":"Navegável","nome_rio":"Lagoa dos Patos","nom_eclusa":null,"jurisdicao":"SPH","reg_rafica":"Região Hidrográfica Atlântico Sul","pro_de_min":5.4,"pro_de_max":5.4,"dominio":"Estados ou Distrito Federal","observacao":"Confluência com o oceano Atlântico até a confluência com o Lago Guaíba _RS_.","snv":"Sim","fonte":"LabTrans/Antaq","idm_origem":"BR431560","mun_origem":"Rio Grande","est_origem":"RS","idm_estino":"BR431560","mun_estino":"Rio Grande","est_estino":"RS","idantaq":18,"camada sim":"157","Fluxo":153665.0},"geometry":{"type":"MultiLineString","coordinates":[[[-52.101884,-32.103936],[-52.102288,-32.109287],[-52.102204,-32.11492]]]}},
{"type":"Feature","properties":{"idhidrovia":200002913,"nome":"Hidrovia do Sul","navegacao":"Navegação Interior","tipo":"Laguna","vel_cional":10.0,"extensao":2.2,"tempo":"0d 0h 13min","cla_icacao":"Navegável","nome_rio":"Lagoa dos Patos","nom_eclusa":null,"jurisdicao":"SPH","reg_rafica":"Região Hidrográfica Atlântico Sul","pro_de_min":5.4,"pro_de_max":5.4,"dominio":"Estados ou Distrito Federal","observacao":"Confluência com o oceano Atlântico até a confluência com o Lago Guaíba _RS_.","snv":"Sim","fonte":"LabTrans/Antaq","idm_origem":"BR431560","mun_origem":"Rio Grande","est_origem":"RS","idm_estino":"BR431560","mun_estino":"Rio Grande","est_estino":"RS","idantaq":18,"camada sim":"158","Fluxo":174401.0},"geometry":{"type":"MultiLineString","coordinates":[[[-52.093025,-32.080998],[-52.095796,-32.085698],[-52.098383,-32.091518],[-52.100064,-32.095656],[-52.100711,-32.099019],[-52.100738,-32.09926]]]}},
{"type":"Feature","properties":{"idhidrovia":200002914,"nome":"Hidrovia do Sul","navegacao":"Navegação Interior","tipo":"Laguna","vel_cional":10.0,"extensao":5.9,"tempo":"0d 0h 35min","cla_icacao":"Navegável","nome_rio":"Lagoa dos Patos","nom_eclusa":null,"jurisdicao":"SPH","reg_rafica":"Região Hidrográfica Atlântico Sul","pro_de_min":5.4,"pro_de_max":5.4,"dominio":"Estados ou Distrito Federal","observacao":"Confluência com o oceano Atlântico até a confluência com o Lago Guaíba _RS_.","snv":"Sim","fonte":"LabTrans/Antaq","idm_origem":"BR431560","mun_origem":"Rio Grande","est_origem":"RS","idm_estino":"BR431560","mun_estino":"Rio Grande","est_estino":"RS","idantaq":18,"camada sim":"159","Fluxo":174401.0},"geometry":{"type":"MultiLineString","coordinates":[[[-52.075164,-32.038542],[-52.073205,-32.040424],[-52.071837,-32.045718],[-52.070576,-32.052977],[-52.071094,-32.057374],[-52.074586,-32.062677],[-52.080535,-32.067333],[-52.08545,-32.071601],[-52.088812,-32.075093],[-52.091399,-32.078843],[-52.092821,-32.080654],[-52.093025,-32.080998]]]}},
{"type":"Feature","properties":{"idhidrovia":200002915,"nome":"Hidrovia do Sul","navegacao":"Navegação Interior","tipo":"Laguna","vel_cional":10.0,"extensao":0.44,"tempo":"0d 0h 2min","cla_icacao":"Navegável","nome_rio":"Lagoa dos Patos","nom_eclusa":null,"jurisdicao":"SPH","reg_rafica":"Região Hidrográfica Atlântico Sul","pro_de_min":5.4,"pro_de_max":5.4,"dominio":"Estados ou Distrito Federal","observacao":"Confluência com o oceano Atlântico até a confluência com o Lago Guaíba _RS_.","snv":"Sim","fonte":"LabTrans/Antaq","idm_origem":"BR431560","mun_origem":"Rio Grande","est_origem":"RS","idm_estino":"BR431560","mun_estino":"Rio Grande","est_estino":"RS","idantaq":18,"camada sim":"160","Fluxo":174401.0},"geometry":{"type":"MultiLineString","coordinates":[[[-52.100738,-32.09926],[-52.101875,-32.103804],[-52.101884,-32.103936]]]}},
{"type":"Feature","properties":{"idhidrovia":200002920,"nome":"Hidrovia do Amazonas","navegacao":"Navegação Interior","tipo":"Rio","vel_cional":25.0,"extensao":94.182277912000004,"tempo":"0d 3h 46min","cla_icacao":"Navegável","nome_rio":"Rio Amazonas","nom_eclusa":null,"jurisdicao":"AHIMOR","reg_rafica":"Região Hidrográfica Amazônica","pro_de_min":5.0,"pro_de_max":7.5,"dominio":"União","observacao":null,"snv":"Sim","fonte":"LabTrans/Antaq","idm_origem":"BR150480","mun_origem":"Monte Alegre","est_origem":"PA","idm_estino":"BR150680","mun_estino":"Santarém","est_estino":"PA","idantaq":1,"camada sim":"161","Fluxo":19334296.0},"geometry":{"type":"MultiLineString","coordinates":[[[-54.619992,-2.448561],[-54.618102,-2.449278],[-54.601011,-2.453794],[-54.583616,-2.457212],[-54.554625,-2.453368],[-54.539915,-2.455198],[-54.531798,-2.455016],[-54.523192,-2.456297],[-54.511777,-2.454222],[-54.499021,-2.452085],[-54.476194,-2.446898],[-54.460996,-2.443967],[-54.438474,-2.435179],[-54.426206,-2.42877],[-54.411008,-2.420713],[-54.396605,-2.411802],[-54.386777,-2.408323],[-54.376584,-2.406187],[-54.363402,-2.404905],[-54.350523,-2.404478],[-54.343198,-2.4046],[-54.331969,-2.405577],[-54.322203,-2.405577],[-54.313474,-2.405577],[-54.303282,-2.40521],[-54.295713,-2.40521],[-54.287413,-2.406371],[-54.279783,-2.408994],[-54.272581,-2.410886],[-54.261473,-2.41162],[-54.250182,-2.407408],[-54.241576,-2.403197],[-54.23181,-2.397704],[-54.213011,-2.389403],[-54.202696,-2.38452],[-54.17761,-2.374083],[-54.163268,-2.36688],[-54.151792,-2.360898],[-54.142271,-2.354308],[-54.13519,-2.348386],[-54.127501,-2.343382],[-54.110289,-2.329893],[-54.101011,-2.318601],[-54.091977,-2.306211],[-54.081907,-2.28961],[-54.071288,-2.27368],[-54.063718,-2.262205],[-54.056699,-2.250792],[-54.04791,-2.233579],[-54.0426,-2.218993],[-54.038206,-2.203],[-54.036985,-2.188292],[-54.036313,-2.172483],[-54.036313,-2.156614],[-54.036985,-2.140684],[-54.038511,-2.128416],[-54.038511,-2.121703],[-54.036985,-2.114684],[-54.033079,-2.107298],[-54.028502,-2.100279],[-54.025328,-2.094176],[-54.020018,-2.0838],[-54.017088,-2.075987],[-54.011899,-2.065611],[-54.006773,-2.054807],[-54.004311,-2.050883]]]}},
{"type":"Feature","properties":{"idhidrovia":200002948,"nome":"Hidrovia do Madeira","navegacao":"Navegação Interior","tipo":"Rio","vel_cional":22.0,"extensao":105.9152904,"tempo":"0d 4h 48min","cla_icacao":"Navegável","nome_rio":"Rio Madeira","nom_eclusa":null,"jurisdicao":"AHIMOC","reg_rafica":"Região Hidrográfica Amazônica","pro_de_min":2.0,"pro_de_max":7.0,"dominio":"União","observacao":"Foz no rio Amazonas _AM_ até a confluência dos rios Beni _rio boliviano_ e Mamoré _RO_.","snv":"Sim","fonte":"LabTrans/Antaq","idm_origem":"BR130170","mun_origem":"Humaitá","est_origem":"AM","idm_estino":"BR130270","mun_estino":"Manicoré","est_estino":"AM","idantaq":5,"camada sim":"162","Fluxo":1896.0},"geometry":{"type":"MultiLineString","coordinates":[[[-62.651712,-6.840401],[-62.648313,-6.8338],[-62.639403,-6.817198],[-62.626891,-6.804808],[-62.614927,-6.797118],[-62.60681,-6.793578],[-62.59509,-6.789609],[-62.580992,-6.782591],[-62.568174,-6.775328],[-62.558408,-6.768979],[-62.54608,-6.760496],[-62.535398,-6.754209],[-62.525022,-6.750303],[-62.518003,-6.749814],[-62.504393,-6.75189],[-62.496702,-6.755308],[-62.489316,-6.758421],[-62.48248,-6.761594],[-62.468504,-6.771422],[-62.458677,-6.773801],[-62.449827,-6.773679],[-62.44348,-6.771787],[-62.435484,-6.770078],[-62.429868,-6.768674],[-62.4223,-6.770078],[-62.414793,-6.772092],[-62.405698,-6.775328],[-62.398192,-6.775083],[-62.392882,-6.773679],[-62.387816,-6.770201],[-62.378171,-6.761716],[-62.373105,-6.755124],[-62.369199,-6.748594],[-62.367185,-6.743407],[-62.363402,-6.736997],[-62.357298,-6.727782],[-62.350768,-6.717527],[-62.346007,-6.705687],[-62.343504,-6.696898],[-62.340696,-6.683774],[-62.338194,-6.669798],[-62.336179,-6.655211],[-62.335875,-6.640685],[-62.339475,-6.625303],[-62.341185,-6.61157],[-62.342894,-6.598874],[-62.346007,-6.586484],[-62.35327,-6.577207],[-62.364378,-6.566283],[-62.372678,-6.558469],[-62.373105,-6.552977],[-62.368772,-6.546202],[-62.358823,-6.541502],[-62.343381,-6.535216],[-62.333373,-6.529416],[-62.325682,-6.522397],[-62.318418,-6.517577],[-62.307676,-6.510679],[-62.299802,-6.503599],[-62.294187,-6.496885],[-62.28961,-6.490598],[-62.2843,-6.479674],[-62.282285,-6.471982],[-62.280211,-6.450803],[-62.275815,-6.433469],[-62.266111,-6.410093],[-62.261899,-6.386289],[-62.258177,-6.372923],[-62.251097,-6.360593],[-62.245908,-6.349425],[-62.241819,-6.334592],[-62.24011,-6.323301],[-62.241208,-6.294675],[-62.244872,-6.281676],[-62.247374,-6.255492],[-62.244199,-6.240172],[-62.236387,-6.229123],[-62.227415,-6.222411],[-62.217894,-6.21649],[-62.21201,-6.212727]]]}},
{"type":"Feature","properties":{"idhidrovia":200002951,"nome":"Hidrovia do Madeira","navegacao":"Navegação Interior","tipo":"Rio","vel_cional":22.0,"extensao":75.741679861899996,"tempo":"0d 3h 26min","cla_icacao":"Navegável","nome_rio":"Rio Madeira","nom_eclusa":null,"jurisdicao":"AHIMOC","reg_rafica":"Região Hidrográfica Amazônica","pro_de_min":2.0,"pro_de_max":7.0,"dominio":"União","observacao":"Foz no rio Amazonas _AM_ até a confluência dos rios Beni _rio boliviano_ e Mamoré _RO_.","snv":"Sim","fonte":"LabTrans/Antaq","idm_origem":"BR130080","mun_origem":"Borba","est_origem":"AM","idm_estino":"BR130080","mun_estino":"Borba","est_estino":"AM","idantaq":5,"camada sim":"163","Fluxo":1896.0},"geometry":{"type":"MultiLineString","coordinates":[[[-59.919875,-4.788878],[-59.925902,-4.772092],[-59.928099,-4.751096],[-59.922606,-4.731993],[-59.920408,-4.720396],[-59.921202,-4.707396],[-59.922727,-4.69708],[-59.925474,-4.685178],[-59.928221,-4.678587],[-59.928221,-4.666686],[-59.924193,-4.653196],[-59.923093,-4.63391],[-59.918883,-4.612607],[-59.908994,-4.596189],[-59.894286,-4.578368],[-59.880186,-4.561217],[-59.870299,-4.543883],[-59.857298,-4.512876],[-59.851683,-4.496703],[-59.841124,-4.484372],[-59.833311,-4.469908],[-59.823301,-4.449582],[-59.807921,-4.432799],[-59.797178,-4.420714],[-59.788694,-4.412168],[-59.782102,-4.404173],[-59.769103,-4.38458],[-59.757078,-4.369383],[-59.744078,-4.349973],[-59.726878,-4.331722],[-59.715921,-4.322907],[-59.709806,-4.32072],[-59.701877,-4.321587],[-59.685423,-4.327207],[-59.673399,-4.340207],[-59.666502,-4.354796],[-59.651609,-4.366698],[-59.63391,-4.37689],[-59.620969,-4.382994],[-59.607602,-4.384825],[-59.595579,-4.38098]]]}},
{"type":"Feature","properties":{"idhidrovia":200002952,"nome":"Hidrovia do Madeira","navegacao":"Navegação Interior","tipo":"Rio","vel_cional":22.0,"extensao":75.300820501299995,"tempo":"0d 3h 25min","cla_icacao":"Navegável","nome_rio":"Rio Madeira","nom_eclusa":null,"jurisdicao":"AHIMOC","reg_rafica":"Região Hidrográfica Amazônica","pro_de_min":2.0,"pro_de_max":7.0,"dominio":"União","observacao":"Foz no rio Amazonas _AM_ até a confluência dos rios Beni _rio boliviano_ e Mamoré _RO_.","snv":"Sim","fonte":"LabTrans/Antaq","idm_origem":"BR130270","mun_origem":"Manicoré","est_origem":"AM","idm_estino":"BR130270","mun_estino":"Manicoré","est_estino":"AM","idantaq":5,"camada sim":"164","Fluxo":1896.0},"geometry":{"type":"MultiLineString","coordinates":[[[-61.306063,-5.812313],[-61.305785,-5.810912],[-61.302793,-5.799497],[-61.295713,-5.784911],[-61.288877,-5.770078],[-61.279783,-5.742003],[-61.276609,-5.725706],[-61.275022,-5.702879],[-61.274473,-5.687192],[-61.271788,-5.66937],[-61.263914,-5.658689],[-61.249571,-5.65399],[-61.234006,-5.654601],[-61.212096,-5.651487],[-61.197386,-5.645628],[-61.185605,-5.640501],[-61.167723,-5.634093],[-61.148802,-5.625791],[-61.140379,-5.616881],[-61.12982,-5.604917],[-61.118772,-5.591368],[-61.10797,-5.57971],[-61.101804,-5.575071],[-61.089598,-5.573911],[-61.078307,-5.576902],[-61.052306,-5.582213],[-61.032774,-5.589171],[-61.018918,-5.594481],[-61.004393,-5.602782],[-60.995908,-5.605406],[-60.98651,-5.604491],[-60.973874,-5.597593],[-60.956603,-5.585874],[-60.943784,-5.576781],[-60.923827,-5.564085],[-60.911681,-5.550718],[-60.903013,-5.54022],[-60.893003,-5.528196],[-60.88098,-5.518674],[-60.867002,-5.515685],[-60.856993,-5.514524],[-60.846007,-5.513425],[-60.829222,-5.506102],[-60.815287,-5.498831]]]}},
{"type":"Feature","properties":{"idhidrovia":200002959,"nome":"Hidrovia do Madeira","navegacao":"Navegação Interior","tipo":"Rio","vel_cional":22.0,"extensao":73.987304916699998,"tempo":"0d 3h 21min","cla_icacao":"Navegável","nome_rio":"Rio Madeira","nom_eclusa":null,"jurisdicao":"AHIMOC","reg_rafica":"Região Hidrográfica Amazônica","pro_de_min":2.0,"pro_de_max":7.0,"dominio":"União","observacao":"Foz no rio Amazonas _AM_ até a confluência dos rios Beni _rio boliviano_ e Mamoré _RO_.","snv":"Sim","fonte":"LabTrans/Antaq","idm_origem":"BR130330","mun_origem":"Novo Aripuanã","est_origem":"AM","idm_estino":"BR130080","mun_estino":"Borba","est_estino":"AM","idantaq":5,"camada sim":"165","Fluxo":1896.0},"geometry":{"type":"MultiLineString","coordinates":[[[-60.397863,-5.104477],[-60.394103,-5.09979],[-60.380491,-5.092589],[-60.349119,-5.088682],[-60.329588,-5.076476],[-60.310789,-5.06378],[-60.294004,-5.045897],[-60.277098,-5.020323],[-60.269713,-5.007201],[-60.261594,-4.993285],[-60.254088,-4.979796],[-60.248716,-4.96301],[-60.244687,-4.948972],[-60.240293,-4.935605],[-60.231687,-4.921202],[-60.224181,-4.913878],[-60.213988,-4.906371],[-60.200194,-4.90051],[-60.182493,-4.898679],[-60.160398,-4.902281],[-60.142088,-4.909604],[-60.128722,-4.914488],[-60.11041,-4.921507],[-60.094298,-4.922178],[-60.075926,-4.916686],[-60.06561,-4.910398],[-60.051878,-4.902097],[-60.033568,-4.894896],[-60.009397,-4.884398],[-59.989989,-4.874571],[-59.972289,-4.870299],[-59.956113,-4.867674],[-59.936095,-4.860471],[-59.926206,-4.855284],[-59.918393,-4.84912],[-59.914304,-4.843504],[-59.913206,-4.834105],[-59.914793,-4.826291],[-59.914915,-4.819518],[-59.912596,-4.810423],[-59.914183,-4.799924],[-59.91937,-4.790282],[-59.919875,-4.788878]]]}},
{"type":"Feature","properties":{"idhidrovia":200002960,"nome":"Hidrovia do Madeira","navegacao":"Navegação Interior","tipo":"Rio","vel_cional":22.0,"extensao":73.596174789599999,"tempo":"0d 3h 20min","cla_icacao":"Navegável","nome_rio":"Rio Madeira","nom_eclusa":null,"jurisdicao":"AHIMOC","reg_rafica":"Região Hidrográfica Amazônica","pro_de_min":2.0,"pro_de_max":7.0,"dominio":"União","observacao":"Foz no rio Amazonas _AM_ até a confluência dos rios Beni _rio boliviano_ e Mamoré _RO_.","snv":"Sim","fonte":"LabTrans/Antaq","idm_origem":"BR130270","mun_origem":"Manicoré","est_origem":"AM","idm_estino":"BR130330","mun_estino":"Novo Aripuanã","est_estino":"AM","idantaq":5,"camada sim":"166","Fluxo":1896.0},"geometry":{"type":"MultiLineString","coordinates":[[[-60.815287,-5.498831],[-60.810972,-5.49658],[-60.795591,-5.488584],[-60.775083,-5.478697],[-60.757505,-5.470702],[-60.743468,-5.464171],[-60.73541,-5.460691],[-60.732419,-5.457213],[-60.73071,-5.449216],[-60.732725,-5.442503],[-60.736082,-5.433286],[-60.741697,-5.419675],[-60.74658,-5.404173],[-60.75128,-5.38812],[-60.752684,-5.375486],[-60.749571,-5.360228],[-60.74481,-5.344786],[-60.740599,-5.33441],[-60.736693,-5.325193],[-60.728879,-5.314817],[-60.725583,-5.311094],[-60.7218,-5.308409],[-60.716124,-5.305296],[-60.709288,-5.303282],[-60.692014,-5.301206],[-60.677976,-5.300779],[-60.663083,-5.301084],[-60.645018,-5.300779],[-60.632627,-5.299192],[-60.621274,-5.296872],[-60.613585,-5.293578],[-60.600768,-5.283994],[-60.593321,-5.279173],[-60.584105,-5.273314],[-60.574399,-5.267882],[-60.561278,-5.260496],[-60.551023,-5.254209],[-60.539121,-5.24359],[-60.528868,-5.2312],[-60.523496,-5.220579],[-60.511411,-5.207883],[-60.494993,-5.198606],[-60.473508,-5.191588],[-60.464109,-5.189269],[-60.452696,-5.186827],[-60.44238,-5.179808],[-60.431089,-5.169493],[-60.424985,-5.161313],[-60.421385,-5.149413],[-60.41821,-5.139097],[-60.411924,-5.12628],[-60.405028,-5.113401],[-60.397863,-5.104477]]]}},
{"type":"Feature","properties":{"idhidrovia":200002961,"nome":"Hidrovia do Madeira","navegacao":"Navegação Interior","tipo":"Rio","vel_cional":22.0,"extensao":65.8703834911,"tempo":"0d 2h 59min","cla_icacao":"Navegável","nome_rio":"Rio Madeira","nom_eclusa":null,"jurisdicao":"AHIMOC","reg_rafica":"Região Hidrográfica Amazônica","pro_de_min":2.0,"pro_de_max":7.0,"dominio":"União","observacao":"Foz no rio Amazonas _AM_ até a confluência dos rios Beni _rio boliviano_ e Mamoré _RO_.","snv":"Sim","fonte":"LabTrans/Antaq","idm_origem":"BR130270","mun_origem":"Manicoré","est_origem":"AM","idm_estino":"BR130270","mun_estino":"Manicoré","est_estino":"AM","idantaq":5,"camada sim":"167","Fluxo":1896.0},"geometry":{"type":"MultiLineString","coordinates":[[[-61.665416,-5.984166],[-61.666808,-5.974425],[-61.67108,-5.965575],[-61.676999,-5.959227],[-61.682616,-5.953185],[-61.686705,-5.947996],[-61.693601,-5.938718],[-61.699277,-5.926878],[-61.702818,-5.915403],[-61.703673,-5.907591],[-61.703794,-5.901304],[-61.702696,-5.894286],[-61.699399,-5.887388],[-61.691588,-5.880186],[-61.679502,-5.873777],[-61.665587,-5.870786],[-61.652707,-5.868712],[-61.638975,-5.865477],[-61.630186,-5.862485],[-61.617795,-5.858092],[-61.606504,-5.85388],[-61.593992,-5.84979],[-61.583983,-5.846494],[-61.568601,-5.842711],[-61.5473,-5.838682],[-61.532774,-5.838377],[-61.520628,-5.841978],[-61.509886,-5.848081],[-61.495908,-5.860471],[-61.48541,-5.869627],[-61.476072,-5.870176],[-61.467528,-5.867369],[-61.460386,-5.860288],[-61.455199,-5.851804],[-61.450499,-5.842711],[-61.44531,-5.83447],[-61.438901,-5.821593],[-61.433104,-5.810728],[-61.424925,-5.802427],[-61.418027,-5.798827],[-61.405088,-5.794493],[-61.389097,-5.795897],[-61.377501,-5.801023],[-61.367002,-5.810912],[-61.357298,-5.823911],[-61.347411,-5.836301],[-61.335386,-5.839109],[-61.323607,-5.839292],[-61.313474,-5.835509],[-61.308714,-5.825681],[-61.306063,-5.812313]]]}},
{"type":"Feature","properties":{"idhidrovia":200002962,"nome":"Hidrovia do Madeira","navegacao":"Navegação Interior","tipo":"Rio","vel_cional":22.0,"extensao":41.122948470300003,"tempo":"0d 1h 52min","cla_icacao":"Navegável","nome_rio":"Rio Madeira","nom_eclusa":null,"jurisdicao":"AHIMOC","reg_rafica":"Região Hidrográfica Amazônica","pro_de_min":2.0,"pro_de_max":7.0,"dominio":"União","observacao":"Foz no rio Amazonas _AM_ até a confluência dos rios Beni _rio boliviano_ e Mamoré _RO_.","snv":"Sim","fonte":"LabTrans/Antaq","idm_origem":"BR130270","mun_origem":"Manicoré","est_origem":"AM","idm_estino":"BR130270","mun_estino":"Manicoré","est_estino":"AM","idantaq":5,"camada sim":"168","Fluxo":1896.0},"geometry":{"type":"MultiLineString","coordinates":[[[-61.847401,-6.249766],[-61.843809,-6.247678],[-61.837583,-6.24011],[-61.834288,-6.226621],[-61.833373,-6.216795],[-61.832579,-6.207883],[-61.832273,-6.198606],[-61.832579,-6.189695],[-61.83209,-6.177122],[-61.831296,-6.167296],[-61.827513,-6.152097],[-61.823911,-6.145201],[-61.818967,-6.140501],[-61.814084,-6.136899],[-61.808469,-6.135801],[-61.79907,-6.136594],[-61.792723,-6.139097],[-61.785887,-6.142088],[-61.779417,-6.142515],[-61.775022,-6.141295],[-61.768613,-6.135008],[-61.76428,-6.127989],[-61.762205,-6.122618],[-61.761777,-6.117003],[-61.762999,-6.109678],[-61.764707,-6.104796],[-61.76599,-6.097776],[-61.766477,-6.090207],[-61.764097,-6.084105],[-61.750974,-6.073179],[-61.743589,-6.06909],[-61.736204,-6.064269],[-61.729674,-6.059568],[-61.721921,-6.054319],[-61.714475,-6.049192],[-61.70239,-6.039609],[-61.689695,-6.029111],[-61.682187,-6.021177],[-61.676999,-6.015317],[-61.672178,-6.006223],[-61.666868,-5.995909],[-61.665281,-5.985106],[-61.665416,-5.984166]]]}},
{"type":"Feature","properties":{"idhidrovia":200002963,"nome":"Hidrovia do Madeira","navegacao":"Navegação Interior","tipo":"Rio","vel_cional":22.0,"extensao":42.758975339899997,"tempo":"0d 1h 56min","cla_icacao":"Navegável","nome_rio":"Rio Madeira","nom_eclusa":null,"jurisdicao":"AHIMOC","reg_rafica":"Região Hidrográfica Amazônica","pro_de_min":2.0,"pro_de_max":7.0,"dominio":"União","observacao":"Foz no rio Amazonas _AM_ até a confluência dos rios Beni _rio boliviano_ e Mamoré _RO_.","snv":"Sim","fonte":"LabTrans/Antaq","idm_origem":"BR130270","mun_origem":"Manicoré","est_origem":"AM","idm_estino":"BR130270","mun_estino":"Manicoré","est_estino":"AM","idantaq":5,"camada sim":"169","Fluxo":1896.0},"geometry":{"type":"MultiLineString","coordinates":[[[-62.21201,-6.212727],[-62.203673,-6.207396],[-62.194273,-6.202574],[-62.182616,-6.196898],[-62.167479,-6.190489],[-62.149779,-6.187621],[-62.129576,-6.190427],[-62.112302,-6.199399],[-62.097289,-6.211179],[-62.087096,-6.218504],[-62.078794,-6.223691],[-62.067503,-6.229186],[-62.058591,-6.23242],[-62.044919,-6.237485],[-62.031675,-6.240598],[-62.019103,-6.243102],[-61.997312,-6.247678],[-61.975096,-6.249204],[-61.95349,-6.250303],[-61.940978,-6.250426],[-61.926512,-6.247373],[-61.913023,-6.248717],[-61.902707,-6.249692],[-61.886107,-6.252317],[-61.869078,-6.253783],[-61.8562,-6.254881],[-61.847401,-6.249766]]]}},
{"type":"Feature","properties":{"idhidrovia":200002964,"nome":"Hidrovia do Madeira","navegacao":"Navegação Interior","tipo":"Rio","vel_cional":22.0,"extensao":99.535162937199999,"tempo":"0d 4h 31min","cla_icacao":"Navegável","nome_rio":"Rio Madeira","nom_eclusa":null,"jurisdicao":"AHIMOC","reg_rafica":"Região Hidrográfica Amazônica","pro_de_min":2.0,"pro_de_max":7.0,"dominio":"União","observacao":"Foz no rio Amazonas _AM_ até a confluência dos rios Beni _rio boliviano_ e Mamoré _RO_.","snv":"Sim","fonte":"LabTrans/Antaq","idm_origem":"BR130170","mun_origem":"Humaitá","est_origem":"AM","idm_estino":"BR130170","mun_estino":"Humaitá","est_estino":"AM","idantaq":5,"camada sim":"170","Fluxo":1896.0},"geometry":{"type":"MultiLineString","coordinates":[[[-63.008983,-7.516708],[-63.009703,-7.514769],[-63.011167,-7.510008],[-63.012999,-7.504088],[-63.015807,-7.494078],[-63.019224,-7.477782],[-63.020383,-7.460081],[-63.018003,-7.448179],[-63.010984,-7.430174],[-63.00659,-7.4187],[-63.002501,-7.408872],[-62.997495,-7.397886],[-62.989623,-7.385496],[-62.975279,-7.371885],[-62.967283,-7.365415],[-62.958677,-7.356078],[-62.95239,-7.347104],[-62.946897,-7.334775],[-62.943114,-7.322325],[-62.939391,-7.307676],[-62.935972,-7.289977],[-62.933774,-7.277281],[-62.930478,-7.262388],[-62.926206,-7.252805],[-62.919187,-7.234678],[-62.914183,-7.222104],[-62.910215,-7.201108],[-62.906126,-7.189206],[-62.903502,-7.181395],[-62.899413,-7.170409],[-62.892088,-7.153013],[-62.884093,-7.134703],[-62.879027,-7.123105],[-62.875791,-7.111204],[-62.872008,-7.09979],[-62.868895,-7.091673],[-62.866819,-7.082396],[-62.863768,-7.073667],[-62.8598,-7.065915],[-62.85681,-7.05322],[-62.859372,-7.043821],[-62.859983,-7.036985],[-62.858274,-7.024289],[-62.853819,-7.018492],[-62.848387,-7.013976],[-62.837888,-7.008604],[-62.82739,-7.004514],[-62.81732,-7.00311],[-62.805785,-7.004026],[-62.795591,-7.007811],[-62.785398,-7.01251],[-62.775388,-7.018614],[-62.762999,-7.0249],[-62.747495,-7.033079],[-62.73828,-7.03662],[-62.728025,-7.037595],[-62.719968,-7.035398],[-62.714109,-7.028806],[-62.705626,-7.016173],[-62.699582,-7.005186],[-62.692686,-6.993102],[-62.685178,-6.980711],[-62.679625,-6.971372],[-62.672483,-6.959592],[-62.666379,-6.95001],[-62.658202,-6.933226],[-62.6546,-6.920469],[-62.652098,-6.903013],[-62.652219,-6.891783],[-62.653807,-6.878783],[-62.658019,-6.864805],[-62.656798,-6.850278],[-62.651712,-6.840401]]]}},
{"type":"Feature","properties":{"idhidrovia":200300044,"nome":"Hidrovia do Tocantins","navegacao":"Navegação Interior","tipo":"Rio","vel_cional":15.0,"extensao":19.8568958969547,"tempo":"0d 1h 19min","cla_icacao":"Navegável","nome_rio":"Rio Tocantins","nom_eclusa":null,"jurisdicao":null,"reg_rafica":"Região Hidrográfica do Tocantins","pro_de_min":null,"pro_de_max":null,"dominio":null,"observacao":null,"snv":null,"fonte":null,"idm_origem":"BR150130","mun_origem":"Barcarena","est_origem":"PA","idm_estino":"BR150130","mun_estino":"Barcarena","est_estino":"PA","idantaq":null,"camada sim":"171","Fluxo":1481591.0},"geometry":{"type":"MultiLineString","coordinates":[[[-48.75208,-1.537207],[-48.74367,-1.521468],[-48.736451,-1.490437],[-48.717875,-1.444495],[-48.696888,-1.402748],[-48.676887,-1.37687]]]}},
{"type":"Feature","properties":{"idhidrovia":200300078,"nome":"Porto de Forno - Porto de Vitória","navegacao":"Navegação de Cabotagem","tipo":"Marítimo/oceânico","vel_cional":25.0,"extensao":68.850445488519497,"tempo":"0d 2h 45min","cla_icacao":"Percurso externo","nome_rio":null,"nom_eclusa":null,"jurisdicao":null,"reg_rafica":null,"pro_de_min":null,"pro_de_max":null,"dominio":null,"observacao":null,"snv":null,"fonte":null,"idm_origem":null,"mun_origem":null,"est_origem":null,"idm_estino":null,"mun_estino":null,"est_estino":null,"idantaq":null,"camada sim":"172","Fluxo":29234640.0},"geometry":{"type":"MultiLineString","coordinates":[[[-39.940161,-21.066404],[-39.936194,-21.062512],[-39.932412,-21.058776],[-39.930314,-21.056692],[-39.92826,-21.054642],[-39.926248,-21.052627],[-39.924275,-21.050641],[-39.922339,-21.048684],[-39.920436,-21.046749],[-39.918565,-21.044838],[-39.916724,-21.042949],[-39.91491,-21.041074],[-39.913122,-21.03922],[-39.91136,-21.03738],[-39.909624,-21.035558],[-39.90791,-21.033749],[-39.906221,-21.031953],[-39.904552,-21.030169],[-39.902904,-21.028399],[-39.901465,-21.026841],[-39.900016,-21.025266],[-39.898558,-21.023675],[-39.897092,-21.022068],[-39.895617,-21.020443],[-39.894129,-21.018799],[-39.892632,-21.017134],[-39.891123,-21.015451],[-39.889603,-21.013747],[-39.888069,-21.012022],[-39.886521,-21.010275],[-39.884957,-21.008503],[-39.881782,-21.004881],[-39.878528,-21.001145],[-39.875275,-20.997385],[-39.87192,-20.993483],[-39.868439,-20.989412],[-39.864798,-20.985133],[-39.861032,-20.980682],[-39.856977,-20.975874],[-39.852527,-20.970579],[-39.847123,-20.96413],[-39.843873,-20.960239],[-39.840609,-20.956302],[-39.837327,-20.952317],[-39.834024,-20.948281],[-39.830702,-20.944196],[-39.827356,-20.940056],[-39.823987,-20.93586],[-39.82059,-20.931608],[-39.817168,-20.927296],[-39.813715,-20.922921],[-39.810226,-20.918478],[-39.8067,-20.913962],[-39.803134,-20.909371],[-39.799523,-20.904696],[-39.795861,-20.899933],[-39.792144,-20.895074],[-39.78864,-20.890474],[-39.785075,-20.885777],[-39.781444,-20.880971],[-39.777737,-20.876046],[-39.773949,-20.870995],[-39.770059,-20.865791],[-39.766052,-20.860413],[-39.761904,-20.854828],[-39.75415,-20.844349],[-39.745517,-20.832636],[-39.738092,-20.822532],[-39.721797,-20.800329],[-39.714606,-20.790538],[-39.709789,-20.783982],[-39.705029,-20.777483],[-39.700319,-20.771036],[-39.695659,-20.764642],[-39.691048,-20.758297],[-39.686483,-20.751999],[-39.681961,-20.745746],[-39.677484,-20.739535],[-39.673048,-20.733364],[-39.668653,-20.727232],[-39.664298,-20.721139],[-39.659982,-20.715081],[-39.655704,-20.709058],[-39.651463,-20.70307],[-39.647258,-20.697113],[-39.643087,-20.691188],[-39.63863,-20.684836],[-39.634213,-20.678522],[-39.629832,-20.672245],[-39.62549,-20.666001],[-39.621183,-20.659794],[-39.616914,-20.653618],[-39.612678,-20.647473],[-39.608476,-20.64136],[-39.604306,-20.635276],[-39.600169,-20.62922],[-39.596065,-20.623191],[-39.591991,-20.61719],[-39.587949,-20.611215],[-39.583938,-20.605264],[-39.579956,-20.599339],[-39.576003,-20.593436],[-39.571862,-20.587233],[-39.567759,-20.581067],[-39.56369,-20.574936],[-39.559657,-20.56884],[-39.555658,-20.562774]]]}},
{"type":"Feature","properties":{"idhidrovia":200300079,"nome":"Acesso aos Terminais do Norte Fluminense e Capixabas","navegacao":"Navegação de Cabotagem","tipo":"Marítimo/oceânico","vel_cional":25.0,"extensao":74.181130956333604,"tempo":"0d 2h 58min","cla_icacao":"Percurso externo","nome_rio":null,"nom_eclusa":null,"jurisdicao":null,"reg_rafica":null,"pro_de_min":null,"pro_de_max":null,"dominio":null,"observacao":null,"snv":null,"fonte":null,"idm_origem":null,"mun_origem":null,"est_origem":null,"idm_estino":null,"mun_estino":null,"est_estino":null,"idantaq":null,"camada sim":"173","Fluxo":29195537.0},"geometry":{"type":"MultiLineString","coordinates":[[[-40.375478,-21.585352],[-40.375028,-21.583655],[-40.374577,-21.581973],[-40.374125,-21.58031],[-40.373674,-21.578662],[-40.373221,-21.577028],[-40.372767,-21.57541],[-40.372312,-21.573806],[-40.371856,-21.572216],[-40.371397,-21.570638],[-40.370938,-21.569075],[-40.370477,-21.567523],[-40.370015,-21.565984],[-40.369551,-21.564457],[-40.369086,-21.56294],[-40.368619,-21.561437],[-40.368149,-21.559944],[-40.367677,-21.558461],[-40.367203,-21.556989],[-40.366726,-21.555527],[-40.366247,-21.554075],[-40.365766,-21.552634],[-40.365284,-21.551203],[-40.364798,-21.54978],[-40.36431,-21.548369],[-40.363818,-21.546967],[-40.363326,-21.545574],[-40.36283,-21.544191],[-40.36233,-21.542816],[-40.361829,-21.54145],[-40.361325,-21.540095],[-40.360818,-21.538747],[-40.360309,-21.537407],[-40.359811,-21.536117],[-40.35931,-21.534825],[-40.3588,-21.533532],[-40.358286,-21.532236],[-40.357767,-21.53094],[-40.357241,-21.529643],[-40.356709,-21.528344],[-40.356172,-21.527044],[-40.355629,-21.525742],[-40.355082,-21.524439],[-40.354528,-21.523133],[-40.353968,-21.521829],[-40.353402,-21.520521],[-40.352831,-21.519213],[-40.352254,-21.517904],[-40.351671,-21.516593],[-40.351081,-21.515281],[-40.350487,-21.513967],[-40.349888,-21.512653],[-40.349282,-21.511337],[-40.348672,-21.51002],[-40.348055,-21.508703],[-40.347433,-21.507383],[-40.346806,-21.506063],[-40.346172,-21.504743],[-40.345534,-21.50342],[-40.344889,-21.502098],[-40.344239,-21.500773],[-40.343583,-21.499448],[-40.342922,-21.498121],[-40.342255,-21.496794],[-40.341582,-21.495467],[-40.341071,-21.494465],[-40.340555,-21.493459],[-40.339502,-21.491433],[-40.338425,-21.489388],[-40.337321,-21.487324],[-40.336191,-21.485237],[-40.335034,-21.483128],[-40.333849,-21.480993],[-40.332633,-21.478829],[-40.331391,-21.476642],[-40.330114,-21.474423],[-40.328803,-21.472166],[-40.327455,-21.46987],[-40.326068,-21.467528],[-40.324638,-21.465136],[-40.32316,-21.462683],[-40.321626,-21.460163],[-40.320329,-21.458047],[-40.319011,-21.455922],[-40.317673,-21.453786],[-40.316316,-21.45164],[-40.314939,-21.449481],[-40.313541,-21.447313],[-40.312122,-21.44513],[-40.310681,-21.442937],[-40.309218,-21.440729],[-40.307734,-21.438507],[-40.306226,-21.43627],[-40.304695,-21.434015],[-40.303139,-21.431744],[-40.301558,-21.429456],[-40.299951,-21.427147],[-40.298318,-21.424818],[-40.296829,-21.422712],[-40.295316,-21.420593],[-40.293782,-21.418461],[-40.292225,-21.416315],[-40.290646,-21.414156],[-40.289042,-21.411982],[-40.287413,-21.409793],[-40.285758,-21.407585],[-40.284078,-21.405363],[-40.282372,-21.40312],[-40.280636,-21.400857],[-40.278871,-21.398572],[-40.277076,-21.396263],[-40.275249,-21.393928],[-40.273386,-21.391566],[-40.27149,-21.389174],[-40.269799,-21.387056],[-40.268084,-21.384926],[-40.266343,-21.38278],[-40.264575,-21.380615],[-40.26278,-21.378434],[-40.260958,-21.376235],[-40.259104,-21.374013],[-40.257218,-21.37177],[-40.255304,-21.369506],[-40.253354,-21.367217],[-40.251368,-21.364898],[-40.249344,-21.362548],[-40.247278,-21.360164],[-40.245167,-21.357742],[-40.243011,-21.355281],[-40.2408,-21.352771],[-40.238841,-21.35056],[-40.236854,-21.348331],[-40.234833,-21.346083],[-40.232779,-21.343811],[-40.230691,-21.341518],[-40.228566,-21.339196],[-40.226402,-21.336847],[-40.224198,-21.334468],[-40.221955,-21.33206],[-40.219664,-21.329616],[-40.217322,-21.32713],[-40.214924,-21.324597],[-40.212465,-21.322012],[-40.20994,-21.319369],[-40.207335,-21.316656],[-40.204642,-21.313863],[-40.202807,-21.311969],[-40.200932,-21.310044],[-40.199012,-21.308084],[-40.197043,-21.306086],[-40.195022,-21.304045],[-40.19294,-21.301953],[-40.190787,-21.299803],[-40.188555,-21.297579],[-40.18643,-21.295473],[-40.184209,-21.293278],[-40.17936,-21.288506],[-40.174528,-21.283775],[-40.163899,-21.273386],[-40.161585,-21.271128],[-40.159246,-21.268855],[-40.15688,-21.266569],[-40.154487,-21.264265],[-40.152065,-21.261945],[-40.149613,-21.259606],[-40.147131,-21.257249],[-40.144616,-21.25487],[-40.142071,-21.252472],[-40.139488,-21.250049],[-40.136867,-21.2476],[-40.134208,-21.245125],[-40.131506,-21.242619],[-40.128759,-21.24008],[-40.125964,-21.237507],[-40.123116,-21.234894],[-40.120302,-21.23232],[-40.117429,-21.2297],[-40.111488,-21.224308],[-40.10524,-21.218665],[-40.098581,-21.21268],[-40.092154,-21.206928],[-40.085022,-21.200566],[-40.077776,-21.194116],[-40.058199,-21.176709],[-40.046996,-21.16672],[-40.040944,-21.161303],[-40.035299,-21.156231],[-40.029949,-21.151406],[-40.024841,-21.146779],[-40.021743,-21.143961],[-40.018715,-21.141197],[-40.015748,-21.138483],[-40.012841,-21.135812],[-40.009987,-21.133182],[-40.007184,-21.130586],[-40.004426,-21.128025],[-40.001711,-21.125495],[-39.999034,-21.12299],[-39.996397,-21.120511],[-39.993796,-21.118057],[-39.99123,-21.115624],[-39.988697,-21.113212],[-39.986195,-21.110821],[-39.983725,-21.108449],[-39.981284,-21.106093],[-39.977572,-21.102506],[-39.973422,-21.098508],[-39.960399,-21.085992],[-39.95608,-21.081837],[-39.952303,-21.078195],[-39.948863,-21.074871],[-39.944355,-21.070496],[-39.940161,-21.066404]]]}},
{"type":"Feature","properties":{"idhidrovia":200300080,"nome":"Acesso aos Terminais do Norte Fluminense e Capixabas","navegacao":"Navegação de Cabotagem","tipo":"Marítimo/oceânico","vel_cional":25.0,"extensao":81.597163665145402,"tempo":"0d 3h 15min","cla_icacao":"Percurso externo","nome_rio":null,"nom_eclusa":null,"jurisdicao":null,"reg_rafica":null,"pro_de_min":null,"pro_de_max":null,"dominio":null,"observacao":null,"snv":null,"fonte":null,"idm_origem":null,"mun_origem":null,"est_origem":null,"idm_estino":null,"mun_estino":null,"est_estino":null,"idantaq":null,"camada sim":"174","Fluxo":29195537.0},"geometry":{"type":"MultiLineString","coordinates":[[[-40.438938,-22.31333],[-40.438361,-22.312037],[-40.437787,-22.310734],[-40.437215,-22.309422],[-40.436646,-22.308101],[-40.436078,-22.30677],[-40.435512,-22.305429],[-40.434947,-22.304078],[-40.434386,-22.302717],[-40.433824,-22.301345],[-40.433266,-22.299963],[-40.432709,-22.29857],[-40.432153,-22.297167],[-40.4316,-22.295753],[-40.431046,-22.294326],[-40.430495,-22.292889],[-40.429946,-22.29144],[-40.429397,-22.289981],[-40.428848,-22.288508],[-40.428387,-22.287251],[-40.427926,-22.285985],[-40.427469,-22.28471],[-40.427016,-22.283425],[-40.426563,-22.282133],[-40.426115,-22.28083],[-40.425668,-22.279517],[-40.425224,-22.278196],[-40.424781,-22.276863],[-40.424342,-22.275521],[-40.423904,-22.27417],[-40.423467,-22.272807],[-40.423034,-22.271432],[-40.422603,-22.270049],[-40.422173,-22.268653],[-40.421745,-22.267244],[-40.42132,-22.265827],[-40.420895,-22.264399],[-40.420473,-22.262957],[-40.420051,-22.261502],[-40.419632,-22.260034],[-40.419213,-22.258552],[-40.418796,-22.257055],[-40.418379,-22.255545],[-40.417963,-22.254018],[-40.417547,-22.252477],[-40.417132,-22.25092],[-40.416718,-22.249345],[-40.416302,-22.247751],[-40.415888,-22.246138],[-40.415472,-22.244506],[-40.415055,-22.242854],[-40.414696,-22.241413],[-40.414341,-22.239961],[-40.413989,-22.238499],[-40.41364,-22.237028],[-40.413294,-22.235545],[-40.412953,-22.234052],[-40.412613,-22.232548],[-40.412275,-22.231033],[-40.411942,-22.229504],[-40.41161,-22.227965],[-40.411281,-22.226413],[-40.410955,-22.224848],[-40.410631,-22.223271],[-40.41031,-22.221679],[-40.40999,-22.220072],[-40.409674,-22.218451],[-40.409359,-22.21682],[-40.409049,-22.215174],[-40.408738,-22.213512],[-40.408431,-22.211832],[-40.408124,-22.210135],[-40.407819,-22.208418],[-40.407514,-22.206683],[-40.407212,-22.204927],[-40.406609,-22.20135],[-40.406007,-22.197679],[-40.405406,-22.193896],[-40.404801,-22.189986],[-40.404581,-22.188521],[-40.404362,-22.187046],[-40.404147,-22.185562],[-40.403933,-22.184065],[-40.403514,-22.181038],[-40.403106,-22.177962],[-40.402707,-22.174835],[-40.402318,-22.171654],[-40.401936,-22.168412],[-40.401563,-22.165103],[-40.401198,-22.161743],[-40.40084,-22.158305],[-40.400486,-22.154778],[-40.400137,-22.151149],[-40.399791,-22.147413],[-40.399447,-22.14354],[-40.399098,-22.139503],[-40.398746,-22.135259],[-40.398507,-22.132245],[-40.398277,-22.129172],[-40.39806,-22.126032],[-40.397851,-22.12282],[-40.397652,-22.11953],[-40.39746,-22.116146],[-40.397277,-22.112653],[-40.3971,-22.109034],[-40.396943,-22.105641],[-40.396791,-22.102097],[-40.396641,-22.098362],[-40.396489,-22.094363],[-40.396228,-22.087053],[-40.395777,-22.073772],[-40.395597,-22.068595],[-40.39547,-22.06481],[-40.395353,-22.060988],[-40.395249,-22.05713],[-40.395156,-22.053235],[-40.395076,-22.049298],[-40.395006,-22.045318],[-40.394947,-22.041295],[-40.3949,-22.037223],[-40.394866,-22.033106],[-40.394841,-22.028935],[-40.394829,-22.024706],[-40.394827,-22.020416],[-40.394838,-22.016061],[-40.394858,-22.011634],[-40.394891,-22.007128],[-40.394936,-22.002538],[-40.394984,-21.998387],[-40.395043,-21.994154],[-40.39511,-21.989831],[-40.395186,-21.98541],[-40.395271,-21.980879],[-40.395367,-21.97622],[-40.395591,-21.966429],[-40.395822,-21.957315],[-40.396096,-21.947203],[-40.396383,-21.937103],[-40.397159,-21.910468],[-40.397573,-21.895465],[-40.397778,-21.887411],[-40.397956,-21.879881],[-40.398108,-21.87273],[-40.398238,-21.865885],[-40.398308,-21.861768],[-40.398369,-21.857735],[-40.398423,-21.853781],[-40.398468,-21.849896],[-40.398507,-21.846077],[-40.398536,-21.842317],[-40.398558,-21.838612],[-40.398572,-21.834958],[-40.398578,-21.831347],[-40.398578,-21.827783],[-40.398567,-21.82426],[-40.39855,-21.820778],[-40.398525,-21.817333],[-40.398493,-21.813925],[-40.398453,-21.810551],[-40.398403,-21.80721],[-40.398322,-21.801794],[-40.398141,-21.788647],[-40.398054,-21.782655],[-40.397945,-21.776305],[-40.397832,-21.770617],[-40.397762,-21.767509],[-40.397686,-21.764516],[-40.397606,-21.761618],[-40.39752,-21.758804],[-40.397429,-21.756057],[-40.397331,-21.753375],[-40.397229,-21.75075],[-40.397119,-21.748176],[-40.396937,-21.744178],[-40.396759,-21.74037],[-40.396579,-21.736712],[-40.396396,-21.73318],[-40.39621,-21.729746],[-40.39602,-21.726406],[-40.395826,-21.723148],[-40.395626,-21.719964],[-40.395422,-21.716826],[-40.395209,-21.713748],[-40.394992,-21.710726],[-40.394767,-21.707755],[-40.394536,-21.70483],[-40.394297,-21.70195],[-40.39405,-21.69911],[-40.393796,-21.696307],[-40.393383,-21.691905],[-40.392968,-21.687653],[-40.392549,-21.68353],[-40.392127,-21.679517],[-40.391699,-21.675598],[-40.391263,-21.671769],[-40.390819,-21.668019],[-40.390366,-21.664342],[-40.390135,-21.662523],[-40.389902,-21.66072],[-40.389667,-21.658932],[-40.389428,-21.65716],[-40.389187,-21.655401],[-40.388944,-21.653658],[-40.388697,-21.651927],[-40.388447,-21.65021],[-40.388196,-21.648505],[-40.38794,-21.646813],[-40.387681,-21.645132],[-40.387419,-21.643464],[-40.387154,-21.641805],[-40.386887,-21.64016],[-40.386615,-21.638524],[-40.386341,-21.6369],[-40.385696,-21.63316],[-40.385052,-21.629522],[-40.384408,-21.625976],[-40.383763,-21.62251],[-40.383113,-21.619118],[-40.382787,-21.617447],[-40.382458,-21.615793],[-40.382129,-21.614153],[-40.381799,-21.612531],[-40.381467,-21.610921],[-40.381134,-21.609325],[-40.380797,-21.607741],[-40.380459,-21.606168],[-40.380118,-21.604608],[-40.379775,-21.603062],[-40.37943,-21.601527],[-40.379085,-21.600003],[-40.378734,-21.598492],[-40.378383,-21.59699],[-40.37803,-21.5955],[-40.377673,-21.594021],[-40.377313,-21.592551],[-40.376953,-21.591091],[-40.376587,-21.589642],[-40.376221,-21.588203],[-40.37585,-21.586773],[-40.375478,-21.585352]]]}},
{"type":"Feature","properties":{"idhidrovia":200300082,"nome":"Acesso ao Porto do Açu","navegacao":"Navegação de Cabotagem","tipo":null,"vel_cional":25.0,"extensao":1.0,"tempo":"0d 0h 2min","cla_icacao":null,"nome_rio":null,"nom_eclusa":null,"jurisdicao":null,"reg_rafica":null,"pro_de_min":null,"pro_de_max":null,"dominio":null,"observacao":null,"snv":null,"fonte":null,"idm_origem":null,"mun_origem":null,"est_origem":null,"idm_estino":null,"mun_estino":null,"est_estino":null,"idantaq":null,"camada sim":"175","Fluxo":29195537.0},"geometry":{"type":"MultiLineString","coordinates":[[[-40.438938,-22.31333],[-40.658239,-22.0892],[-40.77584,-21.952],[-40.889519,-21.86184],[-40.998505,-21.839376]]]}},
{"type":"Feature","properties":{"idhidrovia":200300085,"nome":"Acesso ao Terminal Ponta do Ubu","navegacao":"Navegação de Cabotagem","tipo":"Link marítimo/oceânico","vel_cional":25.0,"extensao":1.0,"tempo":"0d 0h 2min","cla_icacao":"Navegável","nome_rio":null,"nom_eclusa":null,"jurisdicao":null,"reg_rafica":null,"pro_de_min":null,"pro_de_max":null,"dominio":null,"observacao":null,"snv":null,"fonte":null,"idm_origem":null,"mun_origem":null,"est_origem":null,"idm_estino":"BR320040","mun_estino":"Anchieta","est_estino":"ES","idantaq":null,"camada sim":"176","Fluxo":39103.0},"geometry":{"type":"MultiLineString","coordinates":[[[-39.940161,-21.066403],[-40.25448,-20.93672],[-40.489679,-20.877919],[-40.570546,-20.784932]]]}},
{"type":"Feature","properties":{"idhidrovia":200300086,"nome":"Porto de Barra do Riacho - Porto de Ilhéus","navegacao":"Navegação de Cabotagem","tipo":"Marítimo/oceânico","vel_cional":25.0,"extensao":66.780478382137105,"tempo":"0d 2h 40min","cla_icacao":"Percurso externo","nome_rio":null,"nom_eclusa":null,"jurisdicao":null,"reg_rafica":null,"pro_de_min":null,"pro_de_max":null,"dominio":null,"observacao":null,"snv":null,"fonte":null,"idm_origem":null,"mun_origem":null,"est_origem":null,"idm_estino":null,"mun_estino":null,"est_estino":null,"idantaq":null,"camada sim":"177","Fluxo":37995751.0},"geometry":{"type":"MultiLineString","coordinates":[[[-39.103709,-19.483011],[-39.103324,-19.476818],[-39.102949,-19.470461],[-39.102589,-19.463922],[-39.102237,-19.45717],[-39.102097,-19.454321],[-39.101964,-19.45145],[-39.101835,-19.448557],[-39.101711,-19.445644],[-39.101596,-19.442706],[-39.101486,-19.439747],[-39.101382,-19.436761],[-39.101283,-19.433748],[-39.101191,-19.43071],[-39.101103,-19.427647],[-39.101024,-19.424551],[-39.100948,-19.421426],[-39.100878,-19.418268],[-39.100816,-19.415077],[-39.100757,-19.411849],[-39.100706,-19.408583],[-39.100616,-19.402],[-39.100552,-19.395239],[-39.100507,-19.388273],[-39.100484,-19.381067],[-39.100481,-19.373612],[-39.100498,-19.365807],[-39.100538,-19.357558],[-39.100597,-19.348686],[-39.100639,-19.344145],[-39.100698,-19.339518],[-39.100771,-19.334786],[-39.100861,-19.329947],[-39.100965,-19.324985],[-39.101089,-19.319879],[-39.101227,-19.314603],[-39.101384,-19.309128],[-39.101533,-19.304231],[-39.101697,-19.299112],[-39.102083,-19.287928],[-39.102468,-19.277377],[-39.103337,-19.254214],[-39.103684,-19.244648],[-39.103932,-19.237936],[-39.104204,-19.231089],[-39.1045,-19.224091],[-39.104821,-19.216923],[-39.105167,-19.209572],[-39.105541,-19.202003],[-39.105944,-19.194178],[-39.10638,-19.186042],[-39.106757,-19.1792],[-39.10716,-19.172056],[-39.108068,-19.156486],[-39.108966,-19.14148],[-39.109923,-19.125768],[-39.111204,-19.104662],[-39.111811,-19.094494],[-39.112346,-19.085329],[-39.112914,-19.075455],[-39.113427,-19.066189],[-39.1139,-19.057372],[-39.114333,-19.048915],[-39.114786,-19.039688],[-39.115197,-19.03078],[-39.115572,-19.022137],[-39.115906,-19.013728],[-39.116061,-19.009595],[-39.116208,-19.005514],[-39.116346,-19.001476],[-39.116475,-18.997482],[-39.116596,-18.993527],[-39.116708,-18.989612],[-39.11681,-18.985731],[-39.116906,-18.981888],[-39.11708,-18.974626],[-39.117314,-18.965098],[-39.11771,-18.948899],[-39.117907,-18.940359],[-39.118074,-18.932708],[-39.118237,-18.924503],[-39.118372,-18.91682],[-39.118479,-18.909514],[-39.118563,-18.902518],[-39.118597,-18.898824],[-39.118625,-18.895202],[-39.118645,-18.891639],[-39.118659,-18.888131],[-39.118665,-18.884678],[-39.118665,-18.882522]]]}},
{"type":"Feature","properties":{"idhidrovia":200300088,"nome":"Porto Barra do Riacho - Porto de Ilhéus","navegacao":"Navegação de Cabotagem","tipo":"Marítimo/oceânico","vel_cional":25.0,"extensao":167.26752640338401,"tempo":"0d 6h 41min","cla_icacao":"Percurso externo","nome_rio":null,"nom_eclusa":null,"jurisdicao":null,"reg_rafica":null,"pro_de_min":null,"pro_de_max":null,"dominio":null,"observacao":null,"snv":null,"fonte":null,"idm_origem":null,"mun_origem":null,"est_origem":null,"idm_estino":null,"mun_estino":null,"est_estino":null,"idantaq":null,"camada sim":"178","Fluxo":88514.0},"geometry":{"type":"MultiLineString","coordinates":[[[-38.266756,-16.171389],[-38.265883,-16.167895],[-38.265025,-16.164425],[-38.264181,-16.160979],[-38.26335,-16.157557],[-38.262532,-16.154153],[-38.261727,-16.150773],[-38.260936,-16.147411],[-38.260156,-16.144068],[-38.259393,-16.140747],[-38.258462,-16.136669],[-38.257556,-16.132663],[-38.256672,-16.128717],[-38.255811,-16.124832],[-38.254969,-16.120998],[-38.254147,-16.117214],[-38.253343,-16.113475],[-38.252558,-16.109784],[-38.251789,-16.106127],[-38.25104,-16.102512],[-38.250306,-16.098935],[-38.249588,-16.095392],[-38.248887,-16.091881],[-38.248201,-16.088401],[-38.247531,-16.084955],[-38.246876,-16.081534],[-38.246219,-16.078057],[-38.245575,-16.074615],[-38.244948,-16.071211],[-38.244331,-16.067837],[-38.243732,-16.064499],[-38.243144,-16.061191],[-38.242569,-16.057911],[-38.242007,-16.054659],[-38.241455,-16.051431],[-38.24092,-16.048231],[-38.240394,-16.045055],[-38.239882,-16.041903],[-38.239381,-16.038775],[-38.238891,-16.035668],[-38.238415,-16.032582],[-38.237949,-16.029516],[-38.237515,-16.026627],[-38.237093,-16.023748],[-38.236676,-16.020883],[-38.236266,-16.018025],[-38.235863,-16.01518],[-38.235469,-16.012343],[-38.235084,-16.009519],[-38.234706,-16.006705],[-38.234332,-16.0039],[-38.233969,-16.001104],[-38.233614,-15.998319],[-38.233265,-15.995542],[-38.232922,-15.992774],[-38.232587,-15.990019],[-38.232261,-15.98727],[-38.23194,-15.984531],[-38.231628,-15.981801],[-38.231324,-15.979079],[-38.231025,-15.976366],[-38.230736,-15.97366],[-38.230451,-15.970964],[-38.230176,-15.968277],[-38.229908,-15.965597],[-38.229646,-15.962927],[-38.229393,-15.960262],[-38.229146,-15.957608],[-38.228906,-15.954961],[-38.228675,-15.95232],[-38.22845,-15.949688],[-38.228233,-15.947065],[-38.228022,-15.944449],[-38.227817,-15.941838],[-38.22762,-15.939216],[-38.227429,-15.936586],[-38.227243,-15.933949],[-38.227063,-15.931305],[-38.226888,-15.928651],[-38.226722,-15.925992],[-38.226559,-15.923325],[-38.226404,-15.920647],[-38.226255,-15.917965],[-38.226112,-15.915276],[-38.225974,-15.912577],[-38.225842,-15.909871],[-38.225717,-15.907156],[-38.225597,-15.904434],[-38.225481,-15.901704],[-38.225374,-15.898965],[-38.225273,-15.896219],[-38.225177,-15.893466],[-38.225087,-15.890703],[-38.225003,-15.887933],[-38.224927,-15.885153],[-38.224854,-15.882367],[-38.224789,-15.879571],[-38.224729,-15.876765],[-38.224674,-15.873953],[-38.224626,-15.871133],[-38.224584,-15.868301],[-38.224549,-15.865463],[-38.224519,-15.862614],[-38.224493,-15.859759],[-38.224477,-15.856894],[-38.224465,-15.854017],[-38.224459,-15.851361],[-38.22446,-15.848694],[-38.224468,-15.846014],[-38.224482,-15.84332],[-38.224504,-15.840614],[-38.224532,-15.837896],[-38.224566,-15.835164],[-38.224606,-15.832418],[-38.224654,-15.829658],[-38.224707,-15.826883],[-38.224769,-15.824096],[-38.224836,-15.821291],[-38.22491,-15.818474],[-38.224989,-15.815637],[-38.225076,-15.812789],[-38.225171,-15.809922],[-38.22527,-15.80704],[-38.225377,-15.804142],[-38.22549,-15.801225],[-38.225611,-15.798291],[-38.225737,-15.795336],[-38.225872,-15.792362],[-38.22616,-15.786355],[-38.226475,-15.780262],[-38.226815,-15.774077],[-38.227187,-15.767794],[-38.227586,-15.7614],[-38.227778,-15.758466],[-38.227978,-15.755518],[-38.228186,-15.752553],[-38.2284,-15.749575],[-38.228624,-15.746582],[-38.228855,-15.74357],[-38.229092,-15.740543],[-38.22934,-15.7375],[-38.229595,-15.734439],[-38.229857,-15.73136],[-38.230128,-15.728263],[-38.230406,-15.725146],[-38.230693,-15.722011],[-38.230989,-15.718854],[-38.231293,-15.715678],[-38.231605,-15.712479],[-38.231923,-15.709262],[-38.232253,-15.706025],[-38.232936,-15.699476],[-38.233654,-15.692823],[-38.234405,-15.686059],[-38.235196,-15.679176],[-38.236026,-15.672159],[-38.236896,-15.664994],[-38.237808,-15.657664],[-38.238466,-15.652502],[-38.23915,-15.647278],[-38.23986,-15.641991],[-38.240594,-15.636632],[-38.241359,-15.631201],[-38.24215,-15.62569],[-38.242969,-15.620091],[-38.243819,-15.614399],[-38.244697,-15.608627],[-38.245606,-15.602745],[-38.246552,-15.596735],[-38.247534,-15.59059],[-38.248555,-15.584293],[-38.249617,-15.577818],[-38.250728,-15.571134],[-38.251894,-15.564201],[-38.252727,-15.559321],[-38.253591,-15.554351],[-38.254485,-15.549279],[-38.255414,-15.544097],[-38.256377,-15.538797],[-38.257381,-15.533355],[-38.258426,-15.527751],[-38.25952,-15.521955],[-38.260584,-15.516394],[-38.261701,-15.510592],[-38.262886,-15.504492],[-38.264158,-15.497984],[-38.266722,-15.484996],[-38.271785,-15.45949],[-38.272787,-15.454461],[-38.273806,-15.449386],[-38.274847,-15.444266],[-38.275905,-15.439099],[-38.276986,-15.433882],[-38.278089,-15.42861],[-38.279209,-15.42328],[-38.280357,-15.417889],[-38.281522,-15.412444],[-38.282715,-15.406928],[-38.283931,-15.401339],[-38.285173,-15.395673],[-38.286442,-15.389924],[-38.287742,-15.384081],[-38.28907,-15.378142],[-38.290433,-15.372092],[-38.292976,-15.360905],[-38.29565,-15.349244],[-38.298484,-15.337002],[-38.301527,-15.323966],[-38.304394,-15.311766],[-38.307588,-15.298239],[-38.310797,-15.284691],[-38.319313,-15.24881],[-38.324108,-15.228526],[-38.326672,-15.217617],[-38.329058,-15.207416],[-38.33131,-15.197725],[-38.333452,-15.188449],[-38.335988,-15.177372],[-38.338405,-15.166714],[-38.340721,-15.156401],[-38.342944,-15.14639],[-38.345086,-15.13662],[-38.347152,-15.127076],[-38.349145,-15.117734],[-38.351072,-15.108574],[-38.354064,-15.094314],[-38.360621,-15.063197],[-38.363253,-15.050644],[-38.364916,-15.042654],[-38.366455,-15.035194],[-38.367905,-15.028119],[-38.369281,-15.021349],[-38.370786,-15.013851],[-38.372219,-15.006626],[-38.373587,-14.999624],[-38.374898,-14.992817],[-38.376159,-14.986169],[-38.377369,-14.979672],[-38.378537,-14.973307],[-38.379657,-14.967062],[-38.38165,-14.955773],[-38.382584,-14.950428],[-38.383481,-14.945242],[-38.384346,-14.940184],[-38.385182,-14.935249],[-38.385992,-14.930421],[-38.386777,-14.925689],[-38.387543,-14.921022],[-38.388285,-14.916439],[-38.389006,-14.911927],[-38.389704,-14.907484],[-38.390385,-14.903102],[-38.391049,-14.89878],[-38.391691,-14.894512],[-38.392316,-14.890297],[-38.392997,-14.885652],[-38.393656,-14.881088],[-38.394297,-14.876595],[-38.394919,-14.872172],[-38.395524,-14.86781],[-38.396112,-14.863504],[-38.396687,-14.859256],[-38.397244,-14.855059],[-38.397786,-14.850906],[-38.398313,-14.846799],[-38.398825,-14.842734],[-38.399323,-14.83871],[-38.399807,-14.834727],[-38.400277,-14.83078],[-38.400733,-14.826867],[-38.401175,-14.82299],[-38.40169,-14.818391],[-38.402188,-14.813848],[-38.40267,-14.809361],[-38.403136,-14.804923],[-38.403587,-14.800532],[-38.404023,-14.796189],[-38.404443,-14.791888],[-38.40485,-14.787627],[-38.405242,-14.783405],[-38.405619,-14.77922],[-38.405982,-14.775071],[-38.406331,-14.770955],[-38.406668,-14.766875],[-38.406989,-14.762826],[-38.407296,-14.758805],[-38.407589,-14.754815],[-38.407879,-14.750747],[-38.408158,-14.746719],[-38.408422,-14.742727],[-38.408675,-14.738772],[-38.408917,-14.734851],[-38.409148,-14.730961],[-38.409365,-14.727107],[-38.409573,-14.723281],[-38.409767,-14.719485],[-38.40995,-14.715718],[-38.410124,-14.711978],[-38.410285,-14.708265],[-38.410434,-14.704577],[-38.410572,-14.700912],[-38.410701,-14.697276],[-38.410817,-14.693661],[-38.410887,-14.691186],[-38.410955,-14.688663],[-38.411014,-14.686082],[-38.411023,-14.685693]]]}},
{"type":"Feature","properties":{"idhidrovia":200300089,"nome":"Porto de Barra do Riacho - Porto de Ilhéus","navegacao":"Navegação de Cabotagem","tipo":"Marítimo/oceânico","vel_cional":25.0,"extensao":191.00819376801201,"tempo":"0d 7h 38min","cla_icacao":"Percurso externo","nome_rio":null,"nom_eclusa":null,"jurisdicao":null,"reg_rafica":null,"pro_de_min":null,"pro_de_max":null,"dominio":null,"observacao":null,"snv":null,"fonte":null,"idm_origem":null,"mun_origem":null,"est_origem":null,"idm_estino":null,"mun_estino":null,"est_estino":null,"idantaq":null,"camada sim":"179","Fluxo":88514.0},"geometry":{"type":"MultiLineString","coordinates":[[[-38.522297,-17.841716],[-38.522095,-17.840688],[-38.521895,-17.839652],[-38.521697,-17.838615],[-38.521501,-17.837568],[-38.521309,-17.836518],[-38.520929,-17.834399],[-38.520561,-17.832259],[-38.520201,-17.830093],[-38.519852,-17.827902],[-38.519511,-17.825686],[-38.519181,-17.823443],[-38.518858,-17.821169],[-38.518543,-17.81887],[-38.518239,-17.816538],[-38.517941,-17.814173],[-38.517699,-17.812142],[-38.517465,-17.810089],[-38.517242,-17.808015],[-38.517029,-17.805921],[-38.516826,-17.803802],[-38.516632,-17.801659],[-38.516449,-17.799492],[-38.516275,-17.797298],[-38.516111,-17.795079],[-38.515956,-17.792829],[-38.51581,-17.790552],[-38.515672,-17.788239],[-38.515546,-17.785896],[-38.515427,-17.783514],[-38.515318,-17.781092],[-38.515216,-17.778628],[-38.515134,-17.776337],[-38.515064,-17.774021],[-38.515005,-17.771678],[-38.51496,-17.769307],[-38.514929,-17.766908],[-38.514907,-17.764478],[-38.514898,-17.762014],[-38.514904,-17.759515],[-38.514918,-17.756983],[-38.514949,-17.754411],[-38.514988,-17.751795],[-38.515042,-17.749134],[-38.515107,-17.746421],[-38.515185,-17.743652],[-38.515278,-17.740822],[-38.515382,-17.737921],[-38.515478,-17.73552],[-38.515585,-17.73309],[-38.515709,-17.730626],[-38.515846,-17.728131],[-38.515993,-17.725601],[-38.516156,-17.72303],[-38.516334,-17.72042],[-38.516525,-17.717763],[-38.516728,-17.71507],[-38.516947,-17.712322],[-38.517181,-17.709513],[-38.517431,-17.706641],[-38.517696,-17.703696],[-38.517977,-17.700662],[-38.518278,-17.697531],[-38.518599,-17.694281],[-38.518827,-17.692074],[-38.519066,-17.689827],[-38.51932,-17.687532],[-38.51959,-17.685186],[-38.519874,-17.682784],[-38.520175,-17.680316],[-38.520493,-17.677772],[-38.520831,-17.675138],[-38.521157,-17.672661],[-38.521503,-17.670072],[-38.522275,-17.664432],[-38.523031,-17.659026],[-38.524884,-17.645903],[-38.525302,-17.642969],[-38.525731,-17.640011],[-38.526173,-17.637025],[-38.526631,-17.634014],[-38.527101,-17.63097],[-38.527585,-17.6279],[-38.528083,-17.624794],[-38.528598,-17.621656],[-38.529127,-17.618483],[-38.529671,-17.615272],[-38.53023,-17.612019],[-38.530805,-17.60872],[-38.531399,-17.605374],[-38.532009,-17.601979],[-38.532639,-17.598524],[-38.533287,-17.595006],[-38.533895,-17.591747],[-38.534523,-17.588422],[-38.535836,-17.581562],[-38.537238,-17.574362],[-38.538755,-17.566697],[-38.540202,-17.559487],[-38.54182,-17.551494],[-38.543455,-17.543465],[-38.54782,-17.522124],[-38.550277,-17.51002],[-38.551586,-17.503502],[-38.552796,-17.497406],[-38.553932,-17.491616],[-38.555005,-17.486072],[-38.556269,-17.479437],[-38.556873,-17.476219],[-38.557459,-17.473057],[-38.55803,-17.469944],[-38.558588,-17.466881],[-38.55913,-17.463861],[-38.559657,-17.460882],[-38.560172,-17.457937],[-38.560673,-17.455031],[-38.561163,-17.452155],[-38.561638,-17.449313],[-38.562105,-17.4465],[-38.562558,-17.443715],[-38.562998,-17.440957],[-38.563428,-17.438224],[-38.564244,-17.433029],[-38.566029,-17.421737],[-38.566732,-17.417252],[-38.567591,-17.411691],[-38.568342,-17.406707],[-38.568742,-17.404005],[-38.569119,-17.401399],[-38.569476,-17.398876],[-38.569817,-17.396422],[-38.570143,-17.39403],[-38.570452,-17.391687],[-38.570745,-17.389396],[-38.571027,-17.387149],[-38.571424,-17.383897],[-38.571798,-17.380783],[-38.57215,-17.377783],[-38.572485,-17.374877],[-38.572803,-17.372046],[-38.573104,-17.369288],[-38.573391,-17.366593],[-38.573664,-17.363955],[-38.573923,-17.361353],[-38.57417,-17.358798],[-38.574404,-17.356286],[-38.574626,-17.353812],[-38.574835,-17.351375],[-38.575032,-17.348973],[-38.575217,-17.346602],[-38.575391,-17.344259],[-38.575589,-17.341408],[-38.575777,-17.338539],[-38.575952,-17.33565],[-38.576118,-17.332746],[-38.576273,-17.329822],[-38.576416,-17.326879],[-38.576548,-17.323916],[-38.57667,-17.320934],[-38.576779,-17.317931],[-38.57688,-17.314909],[-38.576968,-17.311862],[-38.577046,-17.308796],[-38.577111,-17.30571],[-38.577168,-17.302599],[-38.577213,-17.299464],[-38.577246,-17.296305],[-38.57726,-17.294623],[-38.577269,-17.292933],[-38.577272,-17.289522],[-38.57726,-17.286066],[-38.57723,-17.282564],[-38.577182,-17.279012],[-38.577117,-17.275407],[-38.577035,-17.271747],[-38.576937,-17.268025],[-38.576819,-17.26425],[-38.576686,-17.260401],[-38.576534,-17.256474],[-38.576363,-17.252455],[-38.576174,-17.248345],[-38.575966,-17.244119],[-38.575738,-17.239764],[-38.575488,-17.235254],[-38.575276,-17.231642],[-38.575051,-17.22801],[-38.574812,-17.22436],[-38.574558,-17.22069],[-38.574289,-17.217002],[-38.574007,-17.213293],[-38.573711,-17.209561],[-38.573399,-17.205811],[-38.573075,-17.202038],[-38.572735,-17.198243],[-38.572381,-17.194427],[-38.572012,-17.190584],[-38.571629,-17.18672],[-38.571232,-17.182832],[-38.570819,-17.178916],[-38.570393,-17.174976],[-38.569997,-17.17143],[-38.569586,-17.16786],[-38.569164,-17.164273],[-38.568725,-17.160661],[-38.568274,-17.157029],[-38.567807,-17.153375],[-38.567326,-17.149695],[-38.566833,-17.145994],[-38.566321,-17.142267],[-38.565798,-17.138514],[-38.56526,-17.134734],[-38.564706,-17.130928],[-38.564137,-17.127092],[-38.563554,-17.123228],[-38.562955,-17.11933],[-38.562339,-17.115404],[-38.561759,-17.111761],[-38.561163,-17.1081],[-38.560552,-17.10441],[-38.559927,-17.100698],[-38.559285,-17.096958],[-38.558627,-17.093194],[-38.557954,-17.0894],[-38.557265,-17.085577],[-38.556559,-17.081724],[-38.555838,-17.077843],[-38.5551,-17.073927],[-38.554344,-17.069977],[-38.55357,-17.065991],[-38.552781,-17.061966],[-38.551971,-17.057904],[-38.551144,-17.053799],[-38.550378,-17.050045],[-38.549596,-17.046261],[-38.548796,-17.042452],[-38.547978,-17.038613],[-38.547144,-17.034742],[-38.546292,-17.030839],[-38.545422,-17.0269],[-38.544533,-17.022929],[-38.543627,-17.01892],[-38.542701,-17.014876],[-38.541755,-17.010788],[-38.540792,-17.006658],[-38.539805,-17.002479],[-38.538797,-16.998256],[-38.537767,-16.993977],[-38.536715,-16.989643],[-38.535786,-16.985859],[-38.534841,-16.982043],[-38.533875,-16.97819],[-38.532893,-16.974305],[-38.531888,-16.970379],[-38.530867,-16.966415],[-38.529823,-16.962409],[-38.528759,-16.958358],[-38.527673,-16.954263],[-38.526566,-16.950119],[-38.525435,-16.94592],[-38.524278,-16.941665],[-38.523096,-16.937348],[-38.521889,-16.932963],[-38.520651,-16.928504],[-38.519382,-16.923966],[-38.518216,-16.919823],[-38.517026,-16.915634],[-38.515807,-16.91139],[-38.514563,-16.907087],[-38.513291,-16.902723],[-38.511988,-16.898292],[-38.510652,-16.893788],[-38.509284,-16.889202],[-38.507885,-16.884554],[-38.50645,-16.879809],[-38.504972,-16.874953],[-38.503444,-16.869976],[-38.501871,-16.864868],[-38.500238,-16.859594],[-38.496751,-16.848423],[-38.494804,-16.842251],[-38.4928,-16.835968],[-38.490732,-16.829557],[-38.488593,-16.823001],[-38.486384,-16.816293],[-38.484093,-16.809398],[-38.481709,-16.802285],[-38.479218,-16.794917],[-38.476917,-16.788157],[-38.474496,-16.781095],[-38.471935,-16.773654],[-38.469177,-16.765685],[-38.464525,-16.752303],[-38.454447,-16.723424],[-38.450043,-16.710768],[-38.447203,-16.702635],[-38.444285,-16.694341],[-38.441276,-16.685873],[-38.438172,-16.677206],[-38.434969,-16.668323],[-38.431646,-16.659181],[-38.42819,-16.649733],[-38.424573,-16.639911],[-38.421539,-16.631713],[-38.418356,-16.623149],[-38.414993,-16.614132],[-38.411383,-16.604489],[-38.404662,-16.586603],[-38.392794,-16.555102],[-38.388342,-16.543272],[-38.383926,-16.531507],[-38.379953,-16.520893],[-38.375757,-16.509636],[-38.371833,-16.499057],[-38.368116,-16.488976],[-38.364569,-16.479299],[-38.36086,-16.469114],[-38.3573,-16.459257],[-38.353872,-16.449677],[-38.352201,-16.44498],[-38.350557,-16.440342],[-38.348941,-16.435749],[-38.347349,-16.431207],[-38.345779,-16.426711],[-38.344236,-16.42226],[-38.342714,-16.41785],[-38.341214,-16.413481],[-38.339733,-16.40915],[-38.338276,-16.404855],[-38.335172,-16.395693],[-38.331524,-16.384948],[-38.325763,-16.367978],[-38.322766,-16.35912],[-38.32009,-16.351175],[-38.317163,-16.342438],[-38.314439,-16.33426],[-38.311869,-16.326484],[-38.309429,-16.319033],[-38.306879,-16.311178],[-38.305649,-16.307352],[-38.304442,-16.303585],[-38.30326,-16.299873],[-38.302103,-16.296212],[-38.300966,-16.292598],[-38.299852,-16.289027],[-38.298757,-16.285495],[-38.297682,-16.282005],[-38.296624,-16.278549],[-38.295586,-16.275127],[-38.294564,-16.27174],[-38.293559,-16.268383],[-38.292571,-16.265056],[-38.291601,-16.261755],[-38.288952,-16.252682],[-38.286433,-16.24397],[-38.284027,-16.235554],[-38.281717,-16.227388],[-38.280594,-16.223382],[-38.279493,-16.219429],[-38.27841,-16.21552],[-38.277349,-16.211656],[-38.276305,-16.207837],[-38.27528,-16.204055],[-38.274273,-16.20031],[-38.273282,-16.196601],[-38.272303,-16.19291],[-38.27134,-16.18925],[-38.270392,-16.185621],[-38.26946,-16.18202],[-38.268545,-16.17845],[-38.267642,-16.174907],[-38.266756,-16.171389]]]}},
{"type":"Feature","properties":{"idhidrovia":200300095,"nome":"Acesso - Plataforma de Santos","navegacao":"Navegação de Cabotagem","tipo":"Link marítimo/oceânico","vel_cional":25.0,"extensao":244.53383324394699,"tempo":"0d 9h 46min","cla_icacao":"Navegável","nome_rio":null,"nom_eclusa":null,"jurisdicao":null,"reg_rafica":null,"pro_de_min":null,"pro_de_max":null,"dominio":null,"observacao":null,"snv":null,"fonte":null,"idm_origem":null,"mun_origem":null,"est_origem":null,"idm_estino":null,"mun_estino":null,"est_estino":null,"idantaq":null,"camada sim":"180","Fluxo":106775706.0},"geometry":{"type":"MultiLineString","coordinates":[[[-45.84454,-24.50841],[-44.280095,-26.19463]]]}},
{"type":"Feature","properties":{"idhidrovia":200300096,"nome":"Acesso - Plataforma de Campos","navegacao":"Navegação de Cabotagem","tipo":"Link marítimo/oceânico","vel_cional":25.0,"extensao":196.16099496972302,"tempo":"0d 7h 50min","cla_icacao":"Navegável","nome_rio":null,"nom_eclusa":null,"jurisdicao":null,"reg_rafica":null,"pro_de_min":null,"pro_de_max":null,"dominio":null,"observacao":null,"snv":null,"fonte":null,"idm_origem":null,"mun_origem":null,"est_origem":null,"idm_estino":null,"mun_estino":null,"est_estino":null,"idantaq":null,"camada sim":"181","Fluxo":22059660.0},"geometry":{"type":"MultiLineString","coordinates":[[[-41.291612,-22.905771],[-39.993443,-24.209531]]]}},
{"type":"Feature","properties":{"idhidrovia":200300097,"nome":"Acesso - Plataforma do Espirito Santo","navegacao":"Navegação de Cabotagem","tipo":"Link marítimo/oceânico","vel_cional":25.0,"extensao":186.92693799584001,"tempo":"0d 7h 28min","cla_icacao":"Navegável","nome_rio":null,"nom_eclusa":null,"jurisdicao":null,"reg_rafica":null,"pro_de_min":null,"pro_de_max":null,"dominio":null,"observacao":null,"snv":null,"fonte":null,"idm_origem":null,"mun_origem":null,"est_origem":null,"idm_estino":null,"mun_estino":null,"est_estino":null,"idantaq":null,"camada sim":"182","Fluxo":2945259.0},"geometry":{"type":"MultiLineString","coordinates":[[[-39.22227,-19.939455],[-37.537578,-20.514279]]]}},
{"type":"Feature","properties":{"idhidrovia":200300098,"nome":"Acesso - Plataforma de Mucuri","navegacao":"Navegação de Cabotagem","tipo":"Link marítimo/oceânico","vel_cional":25.0,"extensao":231.40057349125101,"tempo":"0d 9h 15min","cla_icacao":"Navegável","nome_rio":null,"nom_eclusa":null,"jurisdicao":null,"reg_rafica":null,"pro_de_min":null,"pro_de_max":null,"dominio":null,"observacao":null,"snv":null,"fonte":null,"idm_origem":null,"mun_origem":null,"est_origem":null,"idm_estino":null,"mun_estino":null,"est_estino":null,"idantaq":null,"camada sim":"183","Fluxo":88514.0},"geometry":{"type":"MultiLineString","coordinates":[[[-38.522297,-17.841716],[-36.422581,-18.436992]]]}},
{"type":"Feature","properties":{"idhidrovia":200300112,"nome":"Porto do Itaqui - Porto de Belém - 2","navegacao":"Navegação de Cabotagem","tipo":"Link marítimo/oceânico","vel_cional":25.0,"extensao":389.92241916333802,"tempo":"0d 15h 35min","cla_icacao":"Navegável","nome_rio":null,"nom_eclusa":null,"jurisdicao":null,"reg_rafica":null,"pro_de_min":null,"pro_de_max":null,"dominio":null,"observacao":null,"snv":null,"fonte":null,"idm_origem":null,"mun_origem":null,"est_origem":null,"idm_estino":null,"mun_estino":null,"est_estino":null,"idantaq":null,"camada sim":"184","Fluxo":18444441.0},"geometry":{"type":"MultiLineString","coordinates":[[[-44.539006,-0.755596],[-44.53981,-0.755016],[-44.540612,-0.754438],[-44.541415,-0.753865],[-44.54222,-0.753294],[-44.543025,-0.752727],[-44.543832,-0.752161],[-44.544638,-0.7516],[-44.545445,-0.751043],[-44.546253,-0.750488],[-44.547063,-0.749936],[-44.547874,-0.749388],[-44.548684,-0.748843],[-44.549495,-0.7483],[-44.550308,-0.747762],[-44.551121,-0.747225],[-44.551935,-0.746693],[-44.55275,-0.746164],[-44.553566,-0.745638],[-44.554381,-0.745114],[-44.555199,-0.744595],[-44.556018,-0.744078],[-44.556837,-0.743564],[-44.557656,-0.743053],[-44.558477,-0.742546],[-44.559297,-0.742041],[-44.560119,-0.741541],[-44.560943,-0.741043],[-44.561768,-0.740547],[-44.562592,-0.740056],[-44.563417,-0.739568],[-44.564244,-0.739083],[-44.565072,-0.7386],[-44.565899,-0.738121],[-44.566729,-0.737644],[-44.567557,-0.737172],[-44.568389,-0.736702],[-44.56922,-0.736236],[-44.570053,-0.735773],[-44.570886,-0.735311],[-44.571719,-0.734855],[-44.572555,-0.7344],[-44.573391,-0.733949],[-44.574227,-0.733501],[-44.575065,-0.733057],[-44.575902,-0.732616],[-44.576742,-0.732177],[-44.577581,-0.731743],[-44.578423,-0.731311],[-44.579264,-0.730882],[-44.580108,-0.730455],[-44.58095,-0.730033],[-44.581795,-0.729612],[-44.582641,-0.729196],[-44.583486,-0.728782],[-44.584333,-0.728373],[-44.585182,-0.727966],[-44.58603,-0.727562],[-44.58688,-0.72716],[-44.58773,-0.726763],[-44.588582,-0.726369],[-44.589435,-0.725976],[-44.590288,-0.725589],[-44.591143,-0.725203],[-44.591997,-0.724821],[-44.592852,-0.724442],[-44.59371,-0.724065],[-44.594568,-0.723693],[-44.595427,-0.723323],[-44.596285,-0.722956],[-44.597146,-0.722593],[-44.598008,-0.722233],[-44.598869,-0.721875],[-44.599733,-0.72152],[-44.600597,-0.721169],[-44.601461,-0.720821],[-44.602327,-0.720477],[-44.603194,-0.720134],[-44.604062,-0.719797],[-44.604931,-0.719461],[-44.6058,-0.719129],[-44.60667,-0.718798],[-44.607542,-0.718473],[-44.608415,-0.718149],[-44.609287,-0.717829],[-44.610162,-0.717512],[-44.611037,-0.717199],[-44.611913,-0.716887],[-44.612789,-0.716579],[-44.613667,-0.716276],[-44.614547,-0.715973],[-44.616551,-0.715296],[-44.618563,-0.714628],[-44.620587,-0.713967],[-44.622621,-0.713315],[-44.624664,-0.712671],[-44.626717,-0.712037],[-44.62878,-0.711409],[-44.630854,-0.710791],[-44.632939,-0.710183],[-44.635033,-0.709581],[-44.637138,-0.708987],[-44.639254,-0.708404],[-44.641379,-0.707826],[-44.643515,-0.707258],[-44.645663,-0.706699],[-44.647821,-0.706147],[-44.64999,-0.705605],[-44.652169,-0.705069],[-44.654361,-0.704543],[-44.656562,-0.704025],[-44.658776,-0.703513],[-44.661,-0.703011],[-44.663235,-0.702517],[-44.665483,-0.702031],[-44.667741,-0.701554],[-44.670012,-0.701084],[-44.672296,-0.700621],[-44.67459,-0.700168],[-44.676895,-0.699721],[-44.679214,-0.699284],[-44.681545,-0.698853],[-44.683889,-0.698432],[-44.686242,-0.698018],[-44.688606,-0.697612],[-44.690984,-0.697214],[-44.693376,-0.696823],[-44.695779,-0.696442],[-44.698197,-0.696066],[-44.700626,-0.695699],[-44.703071,-0.69534],[-44.705528,-0.694988],[-44.708001,-0.694644],[-44.710486,-0.694308],[-44.712986,-0.69398],[-44.715501,-0.693657],[-44.718029,-0.693344],[-44.720573,-0.693038],[-44.723132,-0.69274],[-44.725706,-0.692448],[-44.728295,-0.692165],[-44.730899,-0.691888],[-44.733521,-0.69162],[-44.736158,-0.691358],[-44.73881,-0.691104],[-44.741481,-0.690857],[-44.744168,-0.690617],[-44.746873,-0.690385],[-44.749597,-0.690159],[-44.752338,-0.689942],[-44.755097,-0.68973],[-44.757876,-0.689527],[-44.760674,-0.689329],[-44.763491,-0.689141],[-44.766328,-0.688957],[-44.768628,-0.688815],[-44.770944,-0.688679],[-44.773271,-0.688545],[-44.775613,-0.688416],[-44.777971,-0.688293],[-44.780343,-0.688173],[-44.78513,-0.687948],[-44.789982,-0.68774],[-44.794901,-0.687549],[-44.799888,-0.687377],[-44.804949,-0.68722],[-44.810079,-0.687081],[-44.815291,-0.686961],[-44.820591,-0.686856],[-44.825986,-0.686768],[-44.831477,-0.686697],[-44.837079,-0.686641],[-44.842798,-0.686603],[-44.848647,-0.68658],[-44.853513,-0.686575],[-44.858485,-0.686579],[-44.863571,-0.686594],[-44.868783,-0.686621],[-44.874135,-0.686659],[-44.879651,-0.686706],[-44.885356,-0.686765],[-44.891291,-0.686837],[-44.901657,-0.68698],[-44.913203,-0.687162],[-44.924458,-0.687355],[-44.95286,-0.68786],[-44.968229,-0.688112],[-44.97626,-0.688231],[-44.983778,-0.688328],[-44.990923,-0.688409],[-44.997765,-0.688473],[-45.005558,-0.688527],[-45.013061,-0.688559],[-45.020321,-0.688567],[-45.027368,-0.688555],[-45.034236,-0.688518],[-45.040937,-0.68846],[-45.044232,-0.688423],[-45.047488,-0.688379],[-45.050713,-0.688329],[-45.053902,-0.688275],[-45.057594,-0.688204],[-45.061244,-0.688124],[-45.064855,-0.688037],[-45.068429,-0.687942],[-45.071967,-0.687837],[-45.075471,-0.687725],[-45.078941,-0.687606],[-45.082377,-0.687478],[-45.085785,-0.687342],[-45.089162,-0.687197],[-45.092511,-0.687045],[-45.095832,-0.686884],[-45.099125,-0.686714],[-45.10239,-0.686536],[-45.105631,-0.68635],[-45.108846,-0.686154],[-45.112042,-0.68595],[-45.115212,-0.685738],[-45.118361,-0.685517],[-45.121485,-0.685288],[-45.124588,-0.68505],[-45.127668,-0.684802],[-45.130727,-0.684545],[-45.133766,-0.684281],[-45.136785,-0.684007],[-45.139783,-0.683725],[-45.142761,-0.683432],[-45.145721,-0.683132],[-45.148662,-0.682822],[-45.151583,-0.682503],[-45.154487,-0.682176],[-45.157372,-0.681838],[-45.160735,-0.681436],[-45.164101,-0.681027],[-45.16747,-0.68061],[-45.170839,-0.680185],[-45.174211,-0.679754],[-45.177587,-0.679316],[-45.180964,-0.678872],[-45.184342,-0.67842],[-45.187725,-0.677961],[-45.191108,-0.677494],[-45.194495,-0.677022],[-45.197884,-0.676541],[-45.201275,-0.676054],[-45.204669,-0.67556],[-45.208064,-0.675058],[-45.211463,-0.674551],[-45.214863,-0.674035],[-45.218266,-0.673513],[-45.221673,-0.672982],[-45.225081,-0.672447],[-45.228492,-0.671903],[-45.231906,-0.671351],[-45.235321,-0.670794],[-45.23874,-0.670228],[-45.242162,-0.669656],[-45.245587,-0.669077],[-45.249014,-0.66849],[-45.252442,-0.667897],[-45.255876,-0.667297],[-45.25931,-0.66669],[-45.262748,-0.666074],[-45.266188,-0.665452],[-45.269632,-0.664823],[-45.273079,-0.664188],[-45.276527,-0.663545],[-45.27998,-0.662895],[-45.283434,-0.662236],[-45.286892,-0.661572],[-45.290354,-0.6609],[-45.293818,-0.660221],[-45.297285,-0.659536],[-45.300755,-0.658842],[-45.304228,-0.658142],[-45.307706,-0.657433],[-45.311185,-0.656719],[-45.314667,-0.655997],[-45.318153,-0.655267],[-45.321643,-0.654532],[-45.325136,-0.653788],[-45.328631,-0.653036],[-45.33213,-0.652279],[-45.335633,-0.651514],[-45.33914,-0.650741],[-45.342649,-0.649961],[-45.346162,-0.649174],[-45.349679,-0.648379],[-45.353198,-0.647577],[-45.356723,-0.646769],[-45.363781,-0.645129],[-45.370854,-0.64346],[-45.377941,-0.641762],[-45.385038,-0.640036],[-45.39215,-0.638282],[-45.399278,-0.636496],[-45.406421,-0.634682],[-45.413583,-0.632839],[-45.42076,-0.630966],[-45.427954,-0.629063],[-45.435166,-0.627129],[-45.442396,-0.625167],[-45.449643,-0.623175],[-45.45691,-0.621152],[-45.464196,-0.619098],[-45.471501,-0.617014],[-45.478825,-0.614901],[-45.48617,-0.612755],[-45.493535,-0.610581],[-45.50092,-0.608374],[-45.508325,-0.606137],[-45.515754,-0.603871],[-45.523204,-0.601571],[-45.530678,-0.599241],[-45.538175,-0.596879],[-45.545696,-0.594485],[-45.553243,-0.592059],[-45.560813,-0.589601],[-45.56841,-0.587111],[-45.576031,-0.584589],[-45.583682,-0.582033],[-45.59136,-0.579444],[-45.599065,-0.576822],[-45.606799,-0.574169],[-45.614564,-0.571479],[-45.622165,-0.568826],[-45.629795,-0.566138],[-45.637455,-0.56342],[-45.645147,-0.560667],[-45.652872,-0.557881],[-45.660629,-0.555062],[-45.668419,-0.552208],[-45.676246,-0.54932],[-45.684108,-0.546398],[-45.692008,-0.54344],[-45.699944,-0.540447],[-45.70792,-0.537417],[-45.715938,-0.534352],[-45.723996,-0.531248],[-45.732098,-0.528109],[-45.740245,-0.524931],[-45.748427,-0.521718],[-45.756658,-0.518465],[-45.764938,-0.515174],[-45.773268,-0.511842],[-45.781652,-0.508468],[-45.79009,-0.505052],[-45.798585,-0.501593],[-45.807138,-0.498091],[-45.815752,-0.494545],[-45.824429,-0.490954],[-45.833173,-0.487316],[-45.841987,-0.48363],[-45.850872,-0.479893],[-45.859834,-0.476107],[-45.868876,-0.472268],[-45.878002,-0.468374],[-45.886245,-0.464843],[-45.894559,-0.461264],[-45.902954,-0.457639],[-45.911428,-0.453963],[-45.919991,-0.450236],[-45.928643,-0.446456],[-45.937393,-0.44262],[-45.946244,-0.438724],[-45.955195,-0.434771],[-45.964261,-0.430754],[-45.973453,-0.426669],[-45.982779,-0.422511],[-45.992247,-0.418277],[-46.001874,-0.413959],[-46.011671,-0.409553],[-46.021658,-0.405048],[-46.039425,-0.397006],[-46.057957,-0.388585],[-46.077432,-0.379701],[-46.098193,-0.370199],[-46.117272,-0.361443],[-46.138449,-0.351704],[-46.159463,-0.342027],[-46.214284,-0.316763],[-46.244914,-0.302671],[-46.276597,-0.28814],[-46.291145,-0.281488],[-46.305075,-0.275135],[-46.321564,-0.267639],[-46.337431,-0.26045],[-46.352787,-0.25352],[-46.367702,-0.246818],[-46.382252,-0.240306],[-46.396467,-0.233976],[-46.41038,-0.22781],[-46.424022,-0.221793],[-46.432377,-0.218125],[-46.440641,-0.214509],[-46.448822,-0.210941],[-46.456923,-0.207421],[-46.464947,-0.203947],[-46.4729,-0.200518],[-46.480783,-0.197131],[-46.488601,-0.193785],[-46.496358,-0.190478],[-46.504055,-0.18721],[-46.511693,-0.183981],[-46.519277,-0.180788],[-46.526808,-0.177631],[-46.534286,-0.174508],[-46.541715,-0.171421],[-46.549097,-0.168368],[-46.556443,-0.165343],[-46.563743,-0.16235],[-46.571002,-0.159391],[-46.578217,-0.156461],[-46.585394,-0.153563],[-46.592531,-0.150694],[-46.599629,-0.147855],[-46.606692,-0.145047],[-46.613719,-0.142267],[-46.620711,-0.139515],[-46.627668,-0.13679],[-46.634594,-0.134093],[-46.641488,-0.131424],[-46.648352,-0.128783],[-46.655183,-0.126168],[-46.661987,-0.123578],[-46.670479,-0.120369],[-46.678927,-0.117199],[-46.687333,-0.114071],[-46.695698,-0.11098],[-46.704022,-0.10793],[-46.712308,-0.104918],[-46.720557,-0.101944],[-46.728769,-0.099008],[-46.736947,-0.096111],[-46.745091,-0.093249],[-46.753199,-0.090426],[-46.761276,-0.087637],[-46.76932,-0.084887],[-46.777335,-0.08217],[-46.785317,-0.079491],[-46.793272,-0.076846],[-46.8012,-0.074236],[-46.8091,-0.071663],[-46.816974,-0.069122],[-46.82482,-0.066616],[-46.832639,-0.064145],[-46.840434,-0.061708],[-46.848205,-0.059305],[-46.855949,-0.056937],[-46.863672,-0.0546],[-46.871371,-0.052298],[-46.879046,-0.05003],[-46.886701,-0.047794],[-46.894333,-0.045593],[-46.901944,-0.043423],[-46.909534,-0.041286],[-46.917104,-0.039183],[-46.920887,-0.038142],[-46.924664,-0.037108],[-46.928437,-0.036082],[-46.932206,-0.035065],[-46.935969,-0.034057],[-46.939728,-0.033057],[-46.943483,-0.032064],[-46.947232,-0.031079],[-46.950977,-0.030103],[-46.954717,-0.029135],[-46.958454,-0.028174],[-46.962186,-0.027221],[-46.965913,-0.026276],[-46.969636,-0.02534],[-46.973354,-0.024411],[-46.977068,-0.023491],[-46.980778,-0.022578],[-46.984484,-0.021674],[-46.988185,-0.020778],[-46.991883,-0.01989],[-46.995575,-0.019009],[-46.999265,-0.018135],[-47.002951,-0.017271],[-47.006632,-0.016414],[-47.010309,-0.015565],[-47.013984,-0.014722],[-47.017653,-0.013889],[-47.021318,-0.013065],[-47.024982,-0.012246],[-47.02864,-0.011436],[-47.032294,-0.010635],[-47.035946,-0.009841],[-47.039594,-0.009053],[-47.043238,-0.008276],[-47.046878,-0.007505],[-47.050516,-0.006741],[-47.054149,-0.005987],[-47.05778,-0.005238],[-47.061407,-0.004499],[-47.06503,-0.003768],[-47.068651,-0.003043],[-47.072268,-0.002327],[-47.075881,-0.001618],[-47.079492,-0.000917],[-47.083098,-0.000224],[-47.086702,0.00046],[-47.090302,0.001136],[-47.093901,0.001807],[-47.097495,0.002468],[-47.101086,0.003124],[-47.104675,0.003771],[-47.10826,0.004409],[-47.111842,0.005041],[-47.11542,0.005664],[-47.118997,0.006281],[-47.122571,0.006889],[-47.126142,0.00749],[-47.129708,0.008082],[-47.133274,0.008668],[-47.136836,0.009244],[-47.140394,0.009815],[-47.143951,0.010378],[-47.147505,0.010932],[-47.151055,0.011478],[-47.154749,0.012035],[-47.158467,0.012576],[-47.162207,0.013103],[-47.16597,0.013617],[-47.169758,0.014116],[-47.173569,0.0146],[-47.177405,0.01507],[-47.181266,0.015526],[-47.185153,0.015969],[-47.189067,0.016396],[-47.193007,0.01681],[-47.196975,0.017211],[-47.200971,0.017597],[-47.204996,0.017969],[-47.209049,0.018329],[-47.213133,0.018673],[-47.217244,0.019005],[-47.221386,0.019322],[-47.22556,0.019627],[-47.229767,0.019918],[-47.234009,0.020196],[-47.238286,0.020461],[-47.242601,0.020712],[-47.246954,0.020951],[-47.251344,0.021177],[-47.255774,0.021388],[-47.260246,0.021589],[-47.264761,0.021776],[-47.269322,0.02195],[-47.27393,0.022111],[-47.278587,0.02226],[-47.283295,0.022397],[-47.287427,0.022506],[-47.291601,0.022605],[-47.295819,0.022694],[-47.300085,0.022775],[-47.304397,0.022846],[-47.308762,0.022908],[-47.31318,0.022963],[-47.317653,0.023006],[-47.322184,0.023041],[-47.326776,0.023068],[-47.331437,0.023085],[-47.336173,0.023093],[-47.340985,0.023092],[-47.345883,0.023084],[-47.350872,0.023064],[-47.355964,0.023037],[-47.364891,0.02297],[-47.374214,0.022877],[-47.384025,0.022755],[-47.3945,0.022603],[-47.404048,0.02245],[-47.414653,0.022266],[-47.425127,0.022075],[-47.452185,0.021572],[-47.46717,0.021308],[-47.482587,0.021063],[-47.48966,0.020965],[-47.496429,0.020881],[-47.504387,0.020795],[-47.512039,0.020729],[-47.519435,0.020681],[-47.526609,0.020653],[-47.533599,0.020643],[-47.540418,0.02065],[-47.547085,0.020677],[-47.553609,0.020722],[-47.557575,0.02076],[-47.561495,0.020803],[-47.56537,0.020855],[-47.569203,0.020913],[-47.572997,0.020979],[-47.576752,0.021053],[-47.580471,0.021134],[-47.584155,0.021222],[-47.587806,0.021316],[-47.591424,0.021419],[-47.59501,0.021528],[-47.598568,0.021646],[-47.602094,0.021771],[-47.605594,0.021903],[-47.609065,0.022044],[-47.612509,0.02219],[-47.615932,0.022346],[-47.619329,0.022509],[-47.622703,0.022679],[-47.626052,0.022859],[-47.629379,0.023044],[-47.632682,0.023238],[-47.635962,0.023441],[-47.639221,0.02365],[-47.64246,0.023868],[-47.645677,0.024092],[-47.648876,0.024327],[-47.652053,0.024567],[-47.655211,0.024817],[-47.658349,0.025075],[-47.66147,0.02534],[-47.664572,0.025614],[-47.668418,0.025968],[-47.672235,0.026332],[-47.676026,0.026711],[-47.679791,0.027102],[-47.683531,0.027508],[-47.687246,0.027924],[-47.690935,0.028355],[-47.6946,0.028798],[-47.698242,0.029254],[-47.701861,0.029725],[-47.705458,0.030207],[-47.709032,0.030703],[-47.712583,0.031213],[-47.716113,0.031736],[-47.719622,0.032273],[-47.723109,0.032822],[-47.726578,0.033387],[-47.730024,0.033964],[-47.733452,0.034555],[-47.73686,0.035159],[-47.740248,0.035777],[-47.743617,0.036409],[-47.746968,0.037056],[-47.750298,0.037717],[-47.751958,0.038052],[-47.753611,0.038391],[-47.75526,0.038732],[-47.756906,0.039079],[-47.758547,0.039427],[-47.760182,0.03978],[-47.761814,0.040136],[-47.763441,0.040496],[-47.765064,0.04086],[-47.766682,0.041226],[-47.768295,0.041598],[-47.769905,0.041972],[-47.771509,0.042348],[-47.773111,0.042729],[-47.774707,0.043115],[-47.776299,0.043503],[-47.77789,0.043895],[-47.779476,0.044291],[-47.781058,0.044691],[-47.782637,0.045095],[-47.78421,0.0455],[-47.78578,0.045912],[-47.787345,0.046325],[-47.788907,0.046744],[-47.790464,0.047164],[-47.792017,0.04759],[-47.793567,0.048018],[-47.795112,0.048451],[-47.796653,0.048886],[-47.798191,0.049326],[-47.799723,0.04977],[-47.801254,0.050216],[-47.802779,0.050666],[-47.804301,0.051122],[-47.805818,0.05158],[-47.807332,0.05204],[-47.808841,0.052506],[-47.810347,0.052976],[-47.811849,0.053448],[-47.813349,0.053925],[-47.814844,0.054405],[-47.816335,0.054889],[-47.817821,0.055377],[-47.819304,0.055868],[-47.820785,0.056363],[-47.82226,0.056862],[-47.823732,0.057364],[-47.825201,0.05787],[-47.826667,0.058381],[-47.828127,0.058895],[-47.829585,0.059413],[-47.83104,0.059934],[-47.83249,0.060458],[-47.833936,0.060988],[-47.83538,0.06152],[-47.836821,0.062058],[-47.838256,0.062598],[-47.839688,0.063142],[-47.841118,0.063689],[-47.842543,0.064241],[-47.843966,0.064797],[-47.845385,0.065356],[-47.8468,0.06592],[-47.84821,0.066487],[-47.849618,0.067058],[-47.851024,0.067632],[-47.852424,0.06821],[-47.853822,0.068793],[-47.855217,0.069379],[-47.856608,0.06997],[-47.857995,0.070564],[-47.85938,0.071162],[-47.860759,0.071763],[-47.862138,0.072369],[-47.863512,0.072979],[-47.864882,0.073592],[-47.86625,0.074208],[-47.867614,0.07483],[-47.868974,0.075455],[-47.870331,0.076084],[-47.872038,0.076883],[-47.873744,0.077695],[-47.875453,0.078517],[-47.877163,0.079351],[-47.878874,0.080197],[-47.880586,0.081053],[-47.8823,0.081921],[-47.884014,0.082802],[-47.88573,0.083694],[-47.887448,0.084598],[-47.889169,0.085513],[-47.890889,0.08644],[-47.892614,0.087378],[-47.894339,0.08833],[-47.896065,0.089292],[-47.897795,0.090268]]]}},
{"type":"Feature","properties":{"idhidrovia":200300117,"nome":"Acesso Norte - Porto de Rio Grande","navegacao":"Navegação de Cabotagem","tipo":"Link marítimo/oceânico","vel_cional":25.0,"extensao":66.552261377959795,"tempo":"0d 2h 39min","cla_icacao":"Navegável","nome_rio":null,"nom_eclusa":null,"jurisdicao":null,"reg_rafica":null,"pro_de_min":null,"pro_de_max":null,"dominio":null,"observacao":null,"snv":null,"fonte":null,"idm_origem":null,"mun_origem":null,"est_origem":null,"idm_estino":null,"mun_estino":null,"est_estino":null,"idantaq":null,"camada sim":"185","Fluxo":3038418.0},"geometry":{"type":"MultiLineString","coordinates":[[[-52.075164,-32.038542],[-52.073205,-32.040424],[-52.071835,-32.045717],[-52.069828,-32.052335],[-52.069636,-32.055813],[-52.069273,-32.062418],[-52.072113,-32.07321],[-52.079658,-32.088464],[-52.085582,-32.100394],[-52.09394,-32.111105],[-52.096373,-32.123845],[-52.096293,-32.133257],[-52.093046,-32.154355],[-52.087448,-32.165146],[-52.081848,-32.178131],[-52.079236,-32.182673],[-52.074539,-32.194389],[-52.073712,-32.195993],[-52.072901,-32.197557],[-52.072107,-32.199078],[-52.071325,-32.200566],[-52.070552,-32.202024],[-52.069791,-32.203451],[-52.069038,-32.204852],[-52.068291,-32.206231],[-52.067552,-32.207588],[-52.066819,-32.208924],[-52.066091,-32.210236],[-52.065367,-32.21153],[-52.06465,-32.212803],[-52.063934,-32.214061],[-52.063223,-32.2153],[-52.06251,-32.216531],[-52.061799,-32.217745],[-52.061092,-32.218944],[-52.060386,-32.220126],[-52.059683,-32.221294],[-52.058984,-32.222448],[-52.058284,-32.223588],[-52.057586,-32.224715],[-52.056888,-32.225825],[-52.056193,-32.226925],[-52.055498,-32.228009],[-52.054802,-32.229084],[-52.054108,-32.230142],[-52.053415,-32.231191],[-52.052722,-32.232227],[-52.05203,-32.233249],[-52.051329,-32.234273],[-52.050628,-32.235286],[-52.049926,-32.236286],[-52.049224,-32.237274],[-52.048521,-32.23825],[-52.04782,-32.239215],[-52.047119,-32.240169],[-52.046416,-32.241112],[-52.04571,-32.242043],[-52.045006,-32.242964],[-52.044302,-32.243873],[-52.043595,-32.244771],[-52.042889,-32.245657],[-52.042181,-32.246532],[-52.041471,-32.247399],[-52.040764,-32.248254],[-52.040052,-32.249099],[-52.03934,-32.249932],[-52.038626,-32.250757],[-52.037913,-32.25157],[-52.037196,-32.252374],[-52.036478,-32.253166],[-52.035761,-32.253946],[-52.03504,-32.254719],[-52.03432,-32.255482],[-52.033597,-32.256233],[-52.032873,-32.256974],[-52.03251,-32.25734],[-52.032147,-32.257705],[-52.031784,-32.258066],[-52.031421,-32.258426],[-52.031055,-32.258783],[-52.030692,-32.259138],[-52.030326,-32.259489],[-52.029961,-32.259838],[-52.029597,-32.260185],[-52.029229,-32.260531],[-52.028773,-32.260955],[-52.028314,-32.261375],[-52.02785,-32.261797],[-52.027385,-32.262216],[-52.026913,-32.262633],[-52.02644,-32.263049],[-52.025961,-32.263463],[-52.02548,-32.263876],[-52.024994,-32.264287],[-52.024506,-32.264696],[-52.024014,-32.265104],[-52.023516,-32.265509],[-52.023015,-32.265914],[-52.022511,-32.266317],[-52.022002,-32.266717],[-52.02149,-32.267118],[-52.020975,-32.267516],[-52.020454,-32.267913],[-52.019931,-32.268307],[-52.019404,-32.268701],[-52.018872,-32.269094],[-52.018337,-32.269486],[-52.017797,-32.269874],[-52.017254,-32.270262],[-52.016706,-32.270648],[-52.016154,-32.271033],[-52.0156,-32.271416],[-52.015039,-32.271799],[-52.014476,-32.272179],[-52.013908,-32.272559],[-52.013336,-32.272938],[-52.012762,-32.273314],[-52.012182,-32.273688],[-52.011597,-32.274064],[-52.011009,-32.274436],[-52.010418,-32.274808],[-52.009821,-32.275176],[-52.009222,-32.275545],[-52.008616,-32.275913],[-52.008006,-32.276279],[-52.007392,-32.276645],[-52.006774,-32.277008],[-52.006152,-32.277371],[-52.005526,-32.277734],[-52.004893,-32.278095],[-52.004257,-32.278452],[-52.003616,-32.278812],[-52.002971,-32.279169],[-52.002321,-32.279527],[-52.001666,-32.279881],[-52.001007,-32.280234],[-52.000343,-32.280589],[-51.999673,-32.280942],[-51.999,-32.281294],[-51.998322,-32.281644],[-51.997636,-32.281993],[-51.996948,-32.282344],[-51.996254,-32.282691],[-51.995556,-32.283039],[-51.994849,-32.283388],[-51.99414,-32.283732],[-51.993425,-32.284078],[-51.992704,-32.284424],[-51.991979,-32.284767],[-51.990637,-32.285395],[-51.98928,-32.286022],[-51.987901,-32.286647],[-51.986502,-32.287269],[-51.985083,-32.287892],[-51.983638,-32.288516],[-51.982174,-32.289138],[-51.980683,-32.289762],[-51.979171,-32.290387],[-51.977631,-32.291012],[-51.976067,-32.29164],[-51.974468,-32.29227],[-51.972841,-32.292904],[-51.971181,-32.293542],[-51.969484,-32.294187],[-51.967748,-32.294837],[-51.966278,-32.295381],[-51.964776,-32.295932],[-51.963239,-32.296491],[-51.961661,-32.297058],[-51.960044,-32.297638],[-51.958374,-32.298228],[-51.954852,-32.299464],[-51.951756,-32.300533],[-51.948309,-32.301715],[-51.944997,-32.302844],[-51.937019,-32.305553],[-51.932935,-32.306947],[-51.928942,-32.308323],[-51.927114,-32.308962],[-51.925367,-32.309575],[-51.923541,-32.310217],[-51.921709,-32.31085],[-51.919871,-32.31148],[-51.918025,-32.312103],[-51.916175,-32.312721],[-51.914316,-32.313333],[-51.912453,-32.313938],[-51.910584,-32.31454],[-51.90871,-32.315134],[-51.906829,-32.315722],[-51.904943,-32.316304],[-51.903052,-32.316882],[-51.901153,-32.317453],[-51.89925,-32.318018],[-51.89734,-32.318578],[-51.895426,-32.319133],[-51.893506,-32.319679],[-51.891579,-32.32022],[-51.889651,-32.320757],[-51.887714,-32.321286],[-51.885772,-32.32181],[-51.883825,-32.32233],[-51.881875,-32.322839],[-51.879918,-32.323346],[-51.877957,-32.323846],[-51.87599,-32.324339],[-51.87402,-32.324827],[-51.872044,-32.325307],[-51.870064,-32.325783],[-51.868079,-32.326253],[-51.866089,-32.326717],[-51.864094,-32.327173],[-51.862096,-32.327624],[-51.860092,-32.328066],[-51.858086,-32.328505],[-51.856073,-32.328938],[-51.854058,-32.329363],[-51.852038,-32.329783],[-51.850015,-32.330196],[-51.847988,-32.330603],[-51.845958,-32.331004],[-51.843924,-32.331397],[-51.841884,-32.331786],[-51.839843,-32.332166],[-51.8378,-32.33254],[-51.835751,-32.332911],[-51.833699,-32.333272],[-51.831645,-32.333626],[-51.829588,-32.333975],[-51.827527,-32.334319],[-51.825463,-32.334654],[-51.823396,-32.334986],[-51.821328,-32.335307],[-51.819257,-32.335624],[-51.817182,-32.335934],[-51.815108,-32.336238],[-51.813029,-32.336536],[-51.810948,-32.336824],[-51.808864,-32.337108],[-51.80678,-32.337384],[-51.804693,-32.337656],[-51.802607,-32.337918],[-51.800516,-32.338175],[-51.798425,-32.338427],[-51.796754,-32.338619],[-51.795076,-32.338807],[-51.79339,-32.338988],[-51.791696,-32.339162],[-51.789991,-32.339331],[-51.788279,-32.339491],[-51.786557,-32.339646],[-51.784824,-32.339795],[-51.783084,-32.339939],[-51.781331,-32.340076],[-51.779569,-32.340206],[-51.777797,-32.340328],[-51.776015,-32.340446],[-51.774222,-32.340558],[-51.772418,-32.340665],[-51.7706,-32.340763],[-51.768777,-32.340856],[-51.766938,-32.340943],[-51.765087,-32.341025],[-51.763224,-32.341098],[-51.761349,-32.341168],[-51.759459,-32.341231],[-51.757556,-32.341287],[-51.755639,-32.341338],[-51.753708,-32.341383],[-51.751759,-32.34142],[-51.749797,-32.341453],[-51.747818,-32.341481],[-51.745821,-32.341501],[-51.743808,-32.341518],[-51.741774,-32.341526],[-51.739724,-32.341527],[-51.737779,-32.341526],[-51.735815,-32.341518],[-51.733834,-32.341504],[-51.73183,-32.341487],[-51.729807,-32.341462],[-51.727761,-32.341433],[-51.725692,-32.3414],[-51.723598,-32.341361],[-51.719334,-32.341265],[-51.714947,-32.341149],[-51.710427,-32.341011],[-51.705744,-32.340848],[-51.701314,-32.340682],[-51.696685,-32.340493],[-51.691814,-32.340282],[-51.686605,-32.340041],[-51.67673,-32.339562],[-51.660027,-32.338718],[-51.654172,-32.338427],[-51.647852,-32.338123],[-51.633978,-32.337482],[-51.627854,-32.337192]]]}},
{"type":"Feature","properties":{"idhidrovia":200300120,"nome":"Hidrovia do Sul","navegacao":"Navegação Interior","tipo":"Rio","vel_cional":10.0,"extensao":2.07875660358363,"tempo":"0d 0h 12min","cla_icacao":"Navegável","nome_rio":"Rio Jacuí","nom_eclusa":null,"jurisdicao":"SPH","reg_rafica":"Região Hidrográfica Atlântico Sul","pro_de_min":1.2,"pro_de_max":1.0,"dominio":"Estados ou Distrito Federal","observacao":"Modificado em 17/11/2015 por ajustes. Utilização da Base BCIM250/IBGE","snv":"Sim","fonte":"LabTrans/ANA/Antaq","idm_origem":"BR432200","mun_origem":"Triunfo","est_origem":"RS","idm_estino":"BR432200","mun_estino":"Triunfo","est_estino":"RS","idantaq":null,"camada sim":"186","Fluxo":5203.0},"geometry":{"type":"MultiLineString","coordinates":[[[-51.285291,-29.942696],[-51.283113,-29.94142],[-51.281463,-29.940453],[-51.276034,-29.937383],[-51.269463,-29.935272],[-51.266069,-29.934629]]]}},
{"type":"Feature","properties":{"idhidrovia":200300131,"nome":"Natal - Fernando de Noronha","navegacao":"Navegação de Cabotagem","tipo":"Link marítimo/oceânico","vel_cional":25.0,"extensao":350.0,"tempo":"0d 14h 0min","cla_icacao":"Navegável","nome_rio":null,"nom_eclusa":null,"jurisdicao":null,"reg_rafica":null,"pro_de_min":null,"pro_de_max":null,"dominio":null,"observacao":null,"snv":null,"fonte":null,"idm_origem":null,"mun_origem":null,"est_origem":null,"idm_estino":null,"mun_estino":null,"est_estino":null,"idantaq":null,"camada sim":"187","Fluxo":3836.0},"geometry":{"type":"MultiLineString","coordinates":[[[-34.464421,-5.744195],[-32.953898,-4.686261],[-32.953392,-4.687395],[-32.471666,-3.804444],[-32.405833,-3.834722]]]}},
{"type":"Feature","properties":{"idhidrovia":200300132,"nome":"Acesso Baia de Todos os Santos","navegacao":"Navegação de Cabotagem","tipo":"Link marítimo/oceânico","vel_cional":25.0,"extensao":12.5959815258023,"tempo":"0d 0h 30min","cla_icacao":"Navegável","nome_rio":null,"nom_eclusa":null,"jurisdicao":null,"reg_rafica":null,"pro_de_min":null,"pro_de_max":null,"dominio":null,"observacao":null,"snv":null,"fonte":null,"idm_origem":"BR293320","mun_origem":"Vera Cruz","est_origem":"BA","idm_estino":"BR292740","mun_estino":"Salvador","est_estino":"BA","idantaq":null,"camada sim":"188","Fluxo":14427186.0},"geometry":{"type":"MultiLineString","coordinates":[[[-38.586289,-12.988115],[-38.585797,-12.987477],[-38.585307,-12.986836],[-38.584822,-12.986195],[-38.584338,-12.98555],[-38.583858,-12.984904],[-38.583382,-12.984258],[-38.582909,-12.983608],[-38.582439,-12.982957],[-38.581972,-12.982305],[-38.581508,-12.98165],[-38.581048,-12.980994],[-38.58059,-12.980335],[-38.580137,-12.979675],[-38.579686,-12.979013],[-38.579239,-12.978348],[-38.578795,-12.977683],[-38.578355,-12.977016],[-38.577919,-12.976347],[-38.577485,-12.975675],[-38.577053,-12.975002],[-38.576625,-12.974327],[-38.576202,-12.973651],[-38.57578,-12.972972],[-38.575363,-12.972293],[-38.574948,-12.97161],[-38.574537,-12.970926],[-38.574129,-12.97024],[-38.573725,-12.969552],[-38.573323,-12.968863],[-38.572926,-12.968173],[-38.57253,-12.96748],[-38.572139,-12.966784],[-38.571796,-12.966169],[-38.571455,-12.965548],[-38.571114,-12.964919],[-38.570774,-12.964285],[-38.570436,-12.963644],[-38.570096,-12.962996],[-38.569758,-12.962341],[-38.56942,-12.961679],[-38.569082,-12.961009],[-38.568745,-12.960331],[-38.568409,-12.959647],[-38.568071,-12.958952],[-38.567734,-12.958251],[-38.567396,-12.957541],[-38.567058,-12.956822],[-38.566718,-12.956094],[-38.566381,-12.95536],[-38.566043,-12.954617],[-38.565705,-12.953863],[-38.565364,-12.953099],[-38.565021,-12.952324],[-38.564677,-12.951536],[-38.56398,-12.94992],[-38.563274,-12.948249],[-38.56255,-12.946509],[-38.561805,-12.944687],[-38.561028,-12.942759],[-38.560676,-12.941867],[-38.560329,-12.940962],[-38.559986,-12.940048],[-38.559648,-12.939121],[-38.559314,-12.938181],[-38.558984,-12.937227],[-38.55866,-12.93626],[-38.558338,-12.935278],[-38.55802,-12.934283],[-38.557707,-12.93327],[-38.557395,-12.932242],[-38.557088,-12.931195],[-38.556781,-12.930129],[-38.556477,-12.929043],[-38.556173,-12.927932],[-38.555872,-12.926799],[-38.555616,-12.925815],[-38.55536,-12.924811],[-38.555103,-12.923783],[-38.554844,-12.922729],[-38.554583,-12.921647],[-38.554318,-12.920533],[-38.554051,-12.91938],[-38.553776,-12.918184],[-38.553294,-12.91604],[-38.55277,-12.913655],[-38.552261,-12.911296],[-38.550949,-12.905191],[-38.550561,-12.903409],[-38.550209,-12.901809],[-38.549807,-12.900012],[-38.549425,-12.898332],[-38.549055,-12.896739],[-38.548692,-12.895217],[-38.548471,-12.894315],[-38.548254,-12.893432],[-38.548036,-12.892566],[-38.547818,-12.891717],[-38.547603,-12.890883],[-38.547386,-12.890064],[-38.547168,-12.889257],[-38.54695,-12.888462],[-38.546733,-12.887677],[-38.546512,-12.886905],[-38.546292,-12.886141],[-38.54607,-12.885388],[-38.545847,-12.884645],[-38.545622,-12.88391],[-38.545395,-12.883183]]]}},
{"type":"Feature","properties":{"idhidrovia":200300133,"nome":"Acesso Recôncavo baiano - Plataforma","navegacao":"Navegação de Cabotagem","tipo":"Canal","vel_cional":25.0,"extensao":11.1184523844728,"tempo":"0d 0h 26min","cla_icacao":"Navegável","nome_rio":null,"nom_eclusa":null,"jurisdicao":null,"reg_rafica":null,"pro_de_min":null,"pro_de_max":null,"dominio":null,"observacao":null,"snv":null,"fonte":null,"idm_origem":"BR292740","mun_origem":"Salvador","est_origem":"BA","idm_estino":"BR292740","mun_estino":"Salvador","est_estino":"BA","idantaq":null,"camada sim":"189","Fluxo":36779.0},"geometry":{"type":"MultiLineString","coordinates":[[[-38.545395,-12.883183],[-38.627856,-12.823631]]]}},
{"type":"Feature","properties":{"idhidrovia":200300135,"nome":"Acesso - Terminal Madre Deus","navegacao":"Navegação de Cabotagem","tipo":"Canal","vel_cional":20.0,"extensao":17.591088625356001,"tempo":"0d 0h 52min","cla_icacao":"Navegável","nome_rio":null,"nom_eclusa":null,"jurisdicao":null,"reg_rafica":null,"pro_de_min":null,"pro_de_max":null,"dominio":null,"observacao":null,"snv":null,"fonte":null,"idm_origem":"BR292740","mun_origem":"Salvador","est_origem":"BA","idm_estino":"BR292740","mun_estino":"Salvador","est_estino":"BA","idantaq":null,"camada sim":"190","Fluxo":11454085.0},"geometry":{"type":"MultiLineString","coordinates":[[[-38.545395,-12.883183],[-38.568995,-12.82821],[-38.580441,-12.796163],[-38.596136,-12.767715],[-38.60562,-12.755288],[-38.62297,-12.754039]]]}},
{"type":"Feature","properties":{"idhidrovia":200300137,"nome":"Acesso ao Porto de São Sebastião II","navegacao":"Navegação de Cabotagem","tipo":"Link marítimo/oceânico","vel_cional":15.0,"extensao":1.4167940717315,"tempo":"0d 0h 5min","cla_icacao":"Navegável","nome_rio":null,"nom_eclusa":null,"jurisdicao":null,"reg_rafica":null,"pro_de_min":null,"pro_de_max":null,"dominio":null,"observacao":null,"snv":null,"fonte":null,"idm_origem":null,"mun_origem":null,"est_origem":null,"idm_estino":"BR355070","mun_estino":"São Sebastião","est_estino":"SP","idantaq":null,"camada sim":"191","Fluxo":1390093.0},"geometry":{"type":"MultiLineString","coordinates":[[[-45.385987,-23.803875],[-45.39748,-23.811084]]]}},
{"type":"Feature","properties":{"idhidrovia":200300138,"nome":"Acesso Porto e Terminais em Niterói","navegacao":"Navegação de Cabotagem","tipo":"Link marítimo/oceânico","vel_cional":15.0,"extensao":1.7183454512788401,"tempo":"0d 0h 6min","cla_icacao":"Navegável","nome_rio":null,"nom_eclusa":null,"jurisdicao":null,"reg_rafica":null,"pro_de_min":null,"pro_de_max":null,"dominio":null,"observacao":null,"snv":null,"fonte":null,"idm_origem":null,"mun_origem":null,"est_origem":null,"idm_estino":"BR330330","mun_estino":"Niterói","est_estino":"RJ","idantaq":null,"camada sim":"192","Fluxo":25754.0},"geometry":{"type":"MultiLineString","coordinates":[[[-43.130881,-22.87571],[-43.130692,-22.875707],[-43.130504,-22.875713],[-43.130318,-22.875721],[-43.130161,-22.875734],[-43.129998,-22.87575],[-43.129826,-22.875771],[-43.12964,-22.875796],[-43.129313,-22.875845],[-43.128464,-22.875986],[-43.12805,-22.876049],[-43.127684,-22.876106],[-43.127243,-22.876177],[-43.126745,-22.876263],[-43.126218,-22.876355],[-43.125695,-22.876449],[-43.125205,-22.87654],[-43.124777,-22.876622],[-43.124429,-22.876694],[-43.12382,-22.876819],[-43.123443,-22.876899],[-43.123085,-22.876981],[-43.122773,-22.877058],[-43.122627,-22.877096],[-43.122495,-22.877134],[-43.122374,-22.877171],[-43.122264,-22.877206],[-43.122166,-22.877241],[-43.122081,-22.877273],[-43.122007,-22.877306],[-43.121944,-22.877338],[-43.121735,-22.877455],[-43.121532,-22.877573],[-43.121335,-22.877694],[-43.121144,-22.877814],[-43.120956,-22.877936],[-43.120775,-22.87806],[-43.120598,-22.878185],[-43.120426,-22.878313],[-43.120257,-22.878444],[-43.120091,-22.878578],[-43.119929,-22.878713],[-43.119771,-22.878851],[-43.119616,-22.878993],[-43.119463,-22.879138],[-43.119312,-22.879287],[-43.119165,-22.879439],[-43.119019,-22.879594],[-43.118876,-22.879754],[-43.118735,-22.879919],[-43.118594,-22.880089],[-43.118456,-22.880262],[-43.118319,-22.880441],[-43.118183,-22.880625],[-43.118048,-22.880815],[-43.117915,-22.881011],[-43.117781,-22.881212],[-43.117648,-22.881419],[-43.117516,-22.881633],[-43.117382,-22.881852],[-43.117251,-22.882079],[-43.117117,-22.882314],[-43.116984,-22.882556]]]}},
{"type":"Feature","properties":{"idhidrovia":200300139,"nome":"Acesso Estaleiros e Terminais em Niterói","navegacao":"Navegação de Cabotagem","tipo":"Link marítimo/oceânico","vel_cional":15.0,"extensao":1.8171678486110301,"tempo":"0d 0h 7min","cla_icacao":"Navegável","nome_rio":null,"nom_eclusa":null,"jurisdicao":null,"reg_rafica":"Outro","pro_de_min":null,"pro_de_max":null,"dominio":null,"observacao":null,"snv":null,"fonte":null,"idm_origem":null,"mun_origem":null,"est_origem":null,"idm_estino":null,"mun_estino":null,"est_estino":null,"idantaq":null,"camada sim":"193","Fluxo":94.0},"geometry":{"type":"MultiLineString","coordinates":[[[-43.130881,-22.87571],[-43.130524,-22.874638],[-43.129581,-22.873325],[-43.128064,-22.871317],[-43.125768,-22.869267],[-43.124045,-22.867298],[-43.121257,-22.865822],[-43.11825,-22.865756]]]}},
{"type":"Feature","properties":{"idhidrovia":200300140,"nome":"Acesso Estaleiros e Terminais em Niterói II","navegacao":"Navegação de Cabotagem","tipo":"Link marítimo/oceânico","vel_cional":15.0,"extensao":1.12303693199143,"tempo":"0d 0h 4min","cla_icacao":"Navegável","nome_rio":null,"nom_eclusa":null,"jurisdicao":null,"reg_rafica":null,"pro_de_min":null,"pro_de_max":null,"dominio":null,"observacao":null,"snv":null,"fonte":null,"idm_origem":null,"mun_origem":null,"est_origem":null,"idm_estino":"BR330330","mun_estino":"Niterói","est_estino":"RJ","idantaq":null,"camada sim":"194","Fluxo":88.0},"geometry":{"type":"MultiLineString","coordinates":[[[-43.11825,-22.865756],[-43.117362,-22.864716],[-43.11605,-22.864224],[-43.114862,-22.863731],[-43.114083,-22.86369],[-43.113303,-22.863772],[-43.112976,-22.864142],[-43.112893,-22.864674],[-43.112771,-22.866274],[-43.112729,-22.86697],[-43.112155,-22.867422],[-43.111336,-22.86775]]]}},
{"type":"Feature","properties":{"idhidrovia":200300141,"nome":"Acesso aos Terminais da Ilha do Governador","navegacao":"Navegação de Cabotagem","tipo":"Link marítimo/oceânico","vel_cional":15.0,"extensao":7.7159320719187496,"tempo":"0d 0h 30min","cla_icacao":"Navegável","nome_rio":null,"nom_eclusa":null,"jurisdicao":null,"reg_rafica":null,"pro_de_min":null,"pro_de_max":null,"dominio":null,"observacao":null,"snv":null,"fonte":null,"idm_origem":null,"mun_origem":null,"est_origem":null,"idm_estino":null,"mun_estino":null,"est_estino":null,"idantaq":null,"camada sim":"195","Fluxo":10916733.0},"geometry":{"type":"MultiLineString","coordinates":[[[-43.154636,-22.89146],[-43.15494,-22.859614],[-43.156176,-22.84746],[-43.158236,-22.835923],[-43.160089,-22.827272],[-43.162562,-22.822972]]]}},
{"type":"Feature","properties":{"idhidrovia":200300142,"nome":"Acesso aos Terminais da Ilha Comprida","navegacao":"Navegação de Cabotagem","tipo":"Link marítimo/oceânico","vel_cional":15.0,"extensao":4.4614683496452212,"tempo":"0d 0h 17min","cla_icacao":"Navegável","nome_rio":null,"nom_eclusa":null,"jurisdicao":null,"reg_rafica":null,"pro_de_min":null,"pro_de_max":null,"dominio":null,"observacao":null,"snv":null,"fonte":null,"idm_origem":null,"mun_origem":null,"est_origem":null,"idm_estino":null,"mun_estino":null,"est_estino":null,"idantaq":null,"camada sim":"196","Fluxo":196165.0},"geometry":{"type":"MultiLineString","coordinates":[[[-43.162562,-22.822972],[-43.149996,-22.816766],[-43.136194,-22.810379],[-43.123834,-22.804611]]]}},
{"type":"Feature","properties":{"idhidrovia":200300143,"nome":"Acesso ao Centro da Baía de Guanabara","navegacao":"Navegação de Cabotagem","tipo":"Link marítimo/oceânico","vel_cional":15.0,"extensao":5.5413995981653903,"tempo":"0d 0h 22min","cla_icacao":"Navegável","nome_rio":null,"nom_eclusa":null,"jurisdicao":null,"reg_rafica":null,"pro_de_min":null,"pro_de_max":null,"dominio":null,"observacao":null,"snv":null,"fonte":null,"idm_origem":null,"mun_origem":null,"est_origem":null,"idm_estino":null,"mun_estino":null,"est_estino":null,"idantaq":null,"camada sim":"197","Fluxo":143688.0},"geometry":{"type":"MultiLineString","coordinates":[[[-43.123834,-22.804611],[-43.128777,-22.797608],[-43.13537,-22.793282],[-43.139696,-22.78772],[-43.144433,-22.780509],[-43.146081,-22.774329],[-43.148141,-22.769386],[-43.153776,-22.764526]]]}},
{"type":"Feature","properties":{"idhidrovia":200300144,"nome":"Acesso ao Porto e Terminais em Itaguaí","navegacao":"Navegação de Cabotagem","tipo":"Link marítimo/oceânico","vel_cional":15.0,"extensao":23.507015207077401,"tempo":"0d 1h 34min","cla_icacao":"Navegável","nome_rio":null,"nom_eclusa":null,"jurisdicao":null,"reg_rafica":null,"pro_de_min":null,"pro_de_max":null,"dominio":null,"observacao":null,"snv":null,"fonte":null,"idm_origem":"BR330200","mun_origem":"Itaguaí","est_origem":"RJ","idm_estino":null,"mun_estino":null,"est_estino":null,"idantaq":null,"camada sim":"198","Fluxo":1128185.0},"geometry":{"type":"MultiLineString","coordinates":[[[-43.835276,-22.929062],[-43.835541,-22.929698],[-43.835811,-22.93033],[-43.836086,-22.930959],[-43.836365,-22.931585],[-43.836649,-22.932209],[-43.836939,-22.932828],[-43.837232,-22.933444],[-43.83753,-22.934056],[-43.837831,-22.934665],[-43.838138,-22.935272],[-43.83845,-22.935874],[-43.838766,-22.936474],[-43.839087,-22.937069],[-43.839413,-22.937661],[-43.839744,-22.938251],[-43.840079,-22.938836],[-43.840417,-22.939419],[-43.840761,-22.939999],[-43.84111,-22.940574],[-43.841464,-22.941147],[-43.841822,-22.941717],[-43.842185,-22.942281],[-43.842551,-22.942844],[-43.842922,-22.943404],[-43.843299,-22.94396],[-43.84368,-22.944511],[-43.844067,-22.94506],[-43.844456,-22.945606],[-43.844852,-22.946149],[-43.84525,-22.946688],[-43.845655,-22.947224],[-43.846063,-22.947756],[-43.846724,-22.948606],[-43.847279,-22.949313],[-43.847791,-22.949956],[-43.84827,-22.950549],[-43.848737,-22.951116],[-43.848964,-22.951388],[-43.849189,-22.951653],[-43.849409,-22.951912],[-43.849628,-22.952163],[-43.849843,-22.95241],[-43.850056,-22.95265],[-43.850273,-22.952892],[-43.85049,-22.95313],[-43.850704,-22.953361],[-43.850915,-22.953589],[-43.851128,-22.953811],[-43.851337,-22.954029],[-43.851546,-22.954243],[-43.851756,-22.954453],[-43.851964,-22.954658],[-43.85217,-22.954861],[-43.852378,-22.955058],[-43.852584,-22.955252],[-43.852789,-22.955442],[-43.852995,-22.955629],[-43.8532,-22.955812],[-43.853406,-22.955992],[-43.853661,-22.956212],[-43.85392,-22.95643],[-43.854182,-22.956647],[-43.854446,-22.956862],[-43.854711,-22.957076],[-43.854981,-22.957287],[-43.855254,-22.957498],[-43.855528,-22.957708],[-43.855806,-22.957916],[-43.856085,-22.958121],[-43.856368,-22.958325],[-43.856653,-22.958528],[-43.856938,-22.958729],[-43.857228,-22.958928],[-43.85752,-22.959125],[-43.857813,-22.95932],[-43.858108,-22.959513],[-43.858406,-22.959704],[-43.858705,-22.959893],[-43.859006,-22.96008],[-43.859309,-22.960266],[-43.859614,-22.960447],[-43.85992,-22.960629],[-43.860227,-22.960806],[-43.860537,-22.960982],[-43.860846,-22.961155],[-43.861159,-22.961327],[-43.861471,-22.961496],[-43.861786,-22.961662],[-43.862101,-22.961825],[-43.862417,-22.961985],[-43.862734,-22.962144],[-43.863019,-22.962284],[-43.863306,-22.962422],[-43.863598,-22.962558],[-43.863891,-22.962693],[-43.864189,-22.962827],[-43.864488,-22.962958],[-43.86479,-22.963089],[-43.865096,-22.963217],[-43.865403,-22.963343],[-43.865715,-22.963468],[-43.866028,-22.963592],[-43.866345,-22.963715],[-43.866664,-22.963836],[-43.866987,-22.963954],[-43.867311,-22.964072],[-43.867638,-22.964188],[-43.867969,-22.964301],[-43.868302,-22.964414],[-43.868639,-22.964524],[-43.868977,-22.964634],[-43.869318,-22.964742],[-43.869663,-22.964846],[-43.87001,-22.964952],[-43.870359,-22.965053],[-43.870711,-22.965154],[-43.871066,-22.965254],[-43.871423,-22.965351],[-43.871785,-22.965447],[-43.872146,-22.965543],[-43.872512,-22.965634],[-43.87288,-22.965727],[-43.873252,-22.965816],[-43.873719,-22.965924],[-43.874197,-22.966027],[-43.874687,-22.966125],[-43.875191,-22.966219],[-43.875708,-22.966311],[-43.876241,-22.966398],[-43.876792,-22.966481],[-43.877366,-22.966564],[-43.877904,-22.966635],[-43.878469,-22.966705],[-43.879063,-22.966775],[-43.879702,-22.966847],[-43.880879,-22.966969],[-43.882981,-22.967178],[-43.883783,-22.967259],[-43.88416,-22.967296],[-43.884542,-22.967331],[-43.884926,-22.967365],[-43.885317,-22.967394],[-43.885711,-22.967421],[-43.88611,-22.967446],[-43.886513,-22.967469],[-43.886923,-22.96749],[-43.887337,-22.967507],[-43.887757,-22.967522],[-43.888185,-22.967535],[-43.888618,-22.967546],[-43.88906,-22.967555],[-43.88951,-22.96756],[-43.889969,-22.967565],[-43.890439,-22.967566],[-43.891213,-22.967563],[-43.892021,-22.967555],[-43.892873,-22.967541],[-43.893787,-22.967521],[-43.895474,-22.967472],[-43.898426,-22.967373],[-43.899521,-22.96734],[-43.900601,-22.96731],[-43.901575,-22.967287],[-43.902591,-22.967271],[-43.903545,-22.967264],[-43.904452,-22.967264],[-43.905323,-22.967272],[-43.905765,-22.96728],[-43.906199,-22.96729],[-43.906626,-22.967303],[-43.907046,-22.967318],[-43.90746,-22.967337],[-43.90787,-22.967355],[-43.908273,-22.967379],[-43.90867,-22.967403],[-43.909064,-22.96743],[-43.909452,-22.967459],[-43.909838,-22.967492],[-43.910218,-22.967527],[-43.910595,-22.967563],[-43.910967,-22.967603],[-43.911337,-22.967645],[-43.911701,-22.96769],[-43.912545,-22.967801],[-43.9134,-22.967918],[-43.914262,-22.968046],[-43.915134,-22.968181],[-43.916016,-22.968323],[-43.91691,-22.968475],[-43.917813,-22.968636],[-43.918729,-22.968804],[-43.919657,-22.968982],[-43.920597,-22.969167],[-43.921553,-22.969363],[-43.922524,-22.969567],[-43.92351,-22.969781],[-43.924517,-22.970006],[-43.925542,-22.970241],[-43.926591,-22.970486],[-43.927354,-22.970669],[-43.928116,-22.970855],[-43.928877,-22.971045],[-43.929639,-22.971239],[-43.930402,-22.971437],[-43.931162,-22.97164],[-43.931924,-22.971845],[-43.932684,-22.972055],[-43.933446,-22.972269],[-43.934206,-22.972487],[-43.934964,-22.972708],[-43.935724,-22.972933],[-43.936483,-22.973162],[-43.93724,-22.973396],[-43.937997,-22.973632],[-43.938752,-22.973873],[-43.939507,-22.974118],[-43.940263,-22.974365],[-43.941015,-22.974616],[-43.941768,-22.974872],[-43.942518,-22.975131],[-43.943269,-22.975394],[-43.944017,-22.97566],[-43.944764,-22.97593],[-43.945511,-22.976203],[-43.946255,-22.97648],[-43.946998,-22.97676],[-43.947738,-22.977045],[-43.948478,-22.977333],[-43.949216,-22.977623],[-43.949953,-22.977917],[-43.950687,-22.978215],[-43.951382,-22.978501],[-43.952077,-22.978791],[-43.95277,-22.979082],[-43.953463,-22.979379],[-43.954155,-22.979679],[-43.954847,-22.97998],[-43.955536,-22.980288],[-43.956226,-22.980596],[-43.956913,-22.98091],[-43.957599,-22.981225],[-43.958286,-22.981545],[-43.95897,-22.981867],[-43.959653,-22.982193],[-43.960335,-22.982523],[-43.961015,-22.982855],[-43.961694,-22.98319],[-43.96237,-22.983529],[-43.963045,-22.983869],[-43.96372,-22.984214],[-43.964391,-22.984562],[-43.965062,-22.984912],[-43.96573,-22.985265],[-43.966397,-22.985621],[-43.967061,-22.98598],[-43.967725,-22.986343],[-43.968384,-22.986708],[-43.969043,-22.987075],[-43.9697,-22.987446],[-43.970354,-22.987819],[-43.971006,-22.988195],[-43.971656,-22.988575],[-43.972302,-22.988956],[-43.972867,-22.989291],[-43.97343,-22.989629],[-43.97399,-22.989968],[-43.97455,-22.99031],[-43.975109,-22.990655],[-43.975665,-22.991002],[-43.976219,-22.99135],[-43.976773,-22.9917],[-43.977325,-22.992052],[-43.977873,-22.992405],[-43.978422,-22.992761],[-43.978968,-22.993119],[-43.979511,-22.993479],[-43.980054,-22.993839],[-43.980594,-22.994202],[-43.981132,-22.994568],[-43.981667,-22.994935],[-43.982202,-22.995304],[-43.982734,-22.995674],[-43.983263,-22.996045],[-43.983792,-22.996418],[-43.984318,-22.996794],[-43.984841,-22.997171],[-43.985362,-22.99755],[-43.98588,-22.99793],[-43.986396,-22.998311],[-43.986911,-22.998695],[-43.987422,-22.999079],[-43.987932,-22.999466],[-43.988439,-22.999855],[-43.988945,-23.000243],[-43.989446,-23.000634],[-43.990524,-23.001483],[-43.991579,-23.002324],[-43.992097,-23.002743],[-43.992609,-23.00316],[-43.993116,-23.003576],[-43.993619,-23.003992],[-43.994115,-23.004404],[-43.994607,-23.004818],[-43.995092,-23.005228],[-43.995573,-23.005639],[-43.996049,-23.006049],[-43.996521,-23.006458],[-43.996988,-23.006868],[-43.99745,-23.007274],[-43.997906,-23.007683],[-43.998359,-23.008089],[-43.998807,-23.008496],[-43.999251,-23.008901],[-43.99969,-23.009308],[-44.000124,-23.009713],[-44.000554,-23.010117],[-44.000981,-23.010522],[-44.001401,-23.010926],[-44.00182,-23.01133],[-44.002232,-23.011735],[-44.00264,-23.012138],[-44.003045,-23.012541],[-44.003445,-23.012945],[-44.003841,-23.013349],[-44.004233,-23.013752],[-44.005091,-23.014644],[-44.005509,-23.015084],[-44.00592,-23.015522],[-44.006326,-23.015955],[-44.006726,-23.016386],[-44.007119,-23.016815],[-44.007508,-23.01724],[-44.007891,-23.017662],[-44.008268,-23.018084],[-44.00864,-23.018502],[-44.009008,-23.01892],[-44.009369,-23.019335],[-44.009728,-23.019747],[-44.01008,-23.020158],[-44.010427,-23.020568],[-44.010772,-23.020977],[-44.01111,-23.021385],[-44.011445,-23.021792],[-44.011775,-23.022196],[-44.012101,-23.0226],[-44.012422,-23.023002],[-44.01274,-23.023403],[-44.013052,-23.023803],[-44.013361,-23.024202],[-44.013665,-23.024602],[-44.013964,-23.024999],[-44.01426,-23.025396],[-44.014552,-23.025791],[-44.014839,-23.026185],[-44.015124,-23.026581],[-44.015402,-23.026973],[-44.015628,-23.027295],[-44.015855,-23.027622],[-44.01608,-23.027954],[-44.016308,-23.02829],[-44.016534,-23.028632],[-44.016761,-23.028977],[-44.016989,-23.02933],[-44.017217,-23.029686],[-44.017446,-23.030049],[-44.017677,-23.030418],[-44.01791,-23.030794],[-44.018143,-23.031176],[-44.018377,-23.031566],[-44.018614,-23.031963],[-44.019097,-23.032782],[-44.019547,-23.03356]]]}},
{"type":"Feature","properties":{"idhidrovia":200300145,"nome":"Acesso aos Portos e Terminais em Angra dos Reis","navegacao":"Navegação de Cabotagem","tipo":"Link marítimo/oceânico","vel_cional":15.0,"extensao":12.8177789863527,"tempo":"0d 0h 51min","cla_icacao":"Navegável","nome_rio":null,"nom_eclusa":null,"jurisdicao":null,"reg_rafica":null,"pro_de_min":null,"pro_de_max":null,"dominio":null,"observacao":null,"snv":null,"fonte":null,"idm_origem":"BR330010","mun_origem":"Angra dos Reis","est_origem":"RJ","idm_estino":"BR330010","mun_estino":"Angra dos Reis","est_estino":"RJ","idantaq":null,"camada sim":"199","Fluxo":34071626.0},"geometry":{"type":"MultiLineString","coordinates":[[[-44.316499,-23.011994],[-44.316372,-23.011953],[-44.316245,-23.011918],[-44.316122,-23.011887],[-44.315998,-23.011862],[-44.315877,-23.011842],[-44.315756,-23.011827],[-44.315637,-23.011817],[-44.315519,-23.011811],[-44.315401,-23.011813],[-44.315286,-23.011818],[-44.315171,-23.011828],[-44.315058,-23.011845],[-44.314946,-23.011865],[-44.314836,-23.01189],[-44.314728,-23.011922],[-44.314619,-23.011959],[-44.314529,-23.011994],[-44.314439,-23.012032],[-44.314348,-23.012076],[-44.314258,-23.012124],[-44.314168,-23.012174],[-44.314081,-23.012229],[-44.313997,-23.012285],[-44.313915,-23.012344],[-44.313825,-23.012418],[-44.313735,-23.012498],[-44.313645,-23.012588],[-44.313555,-23.012685],[-44.313465,-23.012792],[-44.313377,-23.012906],[-44.313287,-23.013031],[-44.313194,-23.013166],[-44.313142,-23.013245],[-44.313093,-23.013325],[-44.313045,-23.013407],[-44.313,-23.013487],[-44.312956,-23.01357],[-44.312916,-23.01365],[-44.312877,-23.013732],[-44.31284,-23.013813],[-44.312806,-23.013895],[-44.312775,-23.013975],[-44.312745,-23.014056],[-44.312719,-23.014136],[-44.312694,-23.014215],[-44.312674,-23.014292],[-44.312654,-23.014371],[-44.312638,-23.014447],[-44.312615,-23.01458],[-44.312598,-23.014717],[-44.312587,-23.014859],[-44.312581,-23.015001],[-44.312581,-23.015147],[-44.312587,-23.015294],[-44.312598,-23.01544],[-44.312615,-23.015585],[-44.312635,-23.015713],[-44.31266,-23.01584],[-44.312688,-23.015962],[-44.312719,-23.01608],[-44.312753,-23.016193],[-44.31279,-23.016303],[-44.312832,-23.016407],[-44.312876,-23.016507],[-44.31291,-23.016577],[-44.31295,-23.01665],[-44.312994,-23.016725],[-44.313042,-23.016801],[-44.313093,-23.01688],[-44.313152,-23.016963],[-44.313217,-23.01705],[-44.31329,-23.017148],[-44.313349,-23.017223],[-44.313411,-23.017296],[-44.313476,-23.017369],[-44.313544,-23.017441],[-44.313616,-23.017514],[-44.31369,-23.017587],[-44.313769,-23.017661],[-44.313851,-23.017734],[-44.313937,-23.017807],[-44.314025,-23.01788],[-44.31412,-23.017955],[-44.314219,-23.018031],[-44.314436,-23.01819],[-44.314695,-23.018371],[-44.314753,-23.018411],[-44.314816,-23.01845],[-44.314883,-23.018488],[-44.314957,-23.018527],[-44.315098,-23.018598],[-44.315451,-23.018767],[-44.315547,-23.018816],[-44.315632,-23.018862],[-44.315722,-23.018916],[-44.315804,-23.018971],[-44.315879,-23.019026],[-44.315949,-23.019082],[-44.316031,-23.019158],[-44.316119,-23.019245],[-44.316211,-23.019344],[-44.316364,-23.019512],[-44.316479,-23.019645],[-44.316591,-23.019783],[-44.316699,-23.019929],[-44.316805,-23.020081],[-44.316907,-23.020241],[-44.317008,-23.020409],[-44.317107,-23.020588],[-44.317203,-23.020776],[-44.317284,-23.020942],[-44.317365,-23.021117],[-44.317447,-23.021302],[-44.317531,-23.021504],[-44.317605,-23.021685],[-44.317686,-23.021891],[-44.317962,-23.02261],[-44.318075,-23.022892],[-44.318192,-23.023181],[-44.318302,-23.023437],[-44.318367,-23.023582],[-44.318432,-23.02372],[-44.318497,-23.023852],[-44.318562,-23.023979],[-44.318626,-23.024101],[-44.318693,-23.024218],[-44.318759,-23.024332],[-44.318828,-23.024443],[-44.318984,-23.024689],[-44.319132,-23.024919],[-44.319274,-23.025135],[-44.319412,-23.025341],[-44.319549,-23.025539],[-44.319684,-23.025729],[-44.319816,-23.025912],[-44.319947,-23.026088],[-44.32009,-23.026274],[-44.320238,-23.026461],[-44.32021,-23.030039],[-44.31922,-23.032129],[-44.31636,-23.034109],[-44.31284,-23.03686],[-44.30261,-23.043679],[-44.291559,-23.048127],[-44.277672,-23.052839],[-44.258327,-23.058295],[-44.244687,-23.061271],[-44.228726,-23.061146]]]}},
{"type":"Feature","properties":{"idhidrovia":200300146,"nome":"Acesso entre as Baías de Sepetiba e Angra dos Reis","navegacao":"Navegação de Cabotagem","tipo":"Link marítimo/oceânico","vel_cional":15.0,"extensao":21.7509802345465,"tempo":"0d 1h 27min","cla_icacao":"Navegável","nome_rio":null,"nom_eclusa":null,"jurisdicao":null,"reg_rafica":null,"pro_de_min":null,"pro_de_max":null,"dominio":null,"observacao":null,"snv":null,"fonte":null,"idm_origem":"BR330010","mun_origem":"Angra dos Reis","est_origem":"RJ","idm_estino":null,"mun_estino":null,"est_estino":null,"idantaq":null,"camada sim":"200","Fluxo":1128185.0},"geometry":{"type":"MultiLineString","coordinates":[[[-44.228726,-23.061146],[-44.21132,-23.061633],[-44.187741,-23.062812],[-44.161017,-23.061633],[-44.137436,-23.059274],[-44.106389,-23.053772],[-44.082023,-23.047485],[-44.060408,-23.042376],[-44.019547,-23.03356]]]}},
{"type":"Feature","properties":{"idhidrovia":200300181,"nome":"Acesso aos Terminais de Belém","navegacao":"Navegação Interior","tipo":"Canal","vel_cional":15.0,"extensao":8.6434675991066996,"tempo":"0d 0h 34min","cla_icacao":"Acesso simples","nome_rio":null,"nom_eclusa":null,"jurisdicao":null,"reg_rafica":"Região Hidrográfica do Tocantins","pro_de_min":null,"pro_de_max":null,"dominio":null,"observacao":null,"snv":null,"fonte":null,"idm_origem":"BR150140","mun_origem":"Belém","est_origem":"PA","idm_estino":"BR150130","mun_estino":"Barcarena","est_estino":"PA","idantaq":null,"camada sim":"201","Fluxo":1435700.0},"geometry":{"type":"MultiLineString","coordinates":[[[-48.494199,-1.330869],[-48.521168,-1.323407],[-48.536968,-1.317088],[-48.566671,-1.303183]]]}},
{"type":"Feature","properties":{"idhidrovia":200300182,"nome":"Acesso aos Terminais de Belém","navegacao":"Navegação Interior","tipo":"Canal","vel_cional":15.0,"extensao":15.113932757333901,"tempo":"0d 1h 0min","cla_icacao":"Acesso simples","nome_rio":null,"nom_eclusa":null,"jurisdicao":null,"reg_rafica":null,"pro_de_min":null,"pro_de_max":null,"dominio":null,"observacao":null,"snv":null,"fonte":null,"idm_origem":"BR150130","mun_origem":"Barcarena","est_origem":"PA","idm_estino":"BR150130","mun_estino":"Barcarena","est_estino":"PA","idantaq":null,"camada sim":"202","Fluxo":1435700.0},"geometry":{"type":"MultiLineString","coordinates":[[[-48.676889,-1.376872],[-48.646935,-1.342368],[-48.617863,-1.32088],[-48.590688,-1.310767],[-48.56667,-1.303182]]]}},
{"type":"Feature","properties":{"idhidrovia":200300206,"nome":"Porto de Forno - Porto de Vitória","navegacao":"Navegação de Cabotagem","tipo":null,"vel_cional":25.0,"extensao":202.93943543967299,"tempo":"0d 8h 7min","cla_icacao":"Navegável","nome_rio":null,"nom_eclusa":null,"jurisdicao":null,"reg_rafica":null,"pro_de_min":null,"pro_de_max":null,"dominio":null,"observacao":null,"snv":null,"fonte":null,"idm_origem":null,"mun_origem":null,"est_origem":null,"idm_estino":null,"mun_estino":null,"est_estino":null,"idantaq":null,"camada sim":"203","Fluxo":66668918.0},"geometry":{"type":"MultiLineString","coordinates":[[[-40.397851,-22.12282],[-40.397652,-22.11953],[-40.39746,-22.116146],[-40.397277,-22.112653],[-40.3971,-22.109034],[-40.396943,-22.105641],[-40.396791,-22.102097],[-40.396641,-22.098362],[-40.396489,-22.094363],[-40.396228,-22.087053],[-40.395777,-22.073772],[-40.395597,-22.068595],[-40.39547,-22.06481],[-40.395353,-22.060988],[-40.395249,-22.05713],[-40.395156,-22.053235],[-40.395076,-22.049298],[-40.395006,-22.045318],[-40.394947,-22.041295],[-40.3949,-22.037223],[-40.394866,-22.033106],[-40.394841,-22.028935],[-40.394829,-22.024706],[-40.394827,-22.020416],[-40.394838,-22.016061],[-40.394858,-22.011634],[-40.394891,-22.007128],[-40.394936,-22.002538],[-40.394984,-21.998387],[-40.395043,-21.994154],[-40.39511,-21.989831],[-40.395186,-21.98541],[-40.395271,-21.980879],[-40.395367,-21.97622],[-40.395591,-21.966429],[-40.395822,-21.957315],[-40.396096,-21.947203],[-40.396383,-21.937103],[-40.397159,-21.910468],[-40.397573,-21.895465],[-40.397778,-21.887411],[-40.397956,-21.879881],[-40.398108,-21.87273],[-40.398238,-21.865885],[-40.398308,-21.861768],[-40.398369,-21.857735],[-40.398423,-21.853781],[-40.398468,-21.849896],[-40.398507,-21.846077],[-40.398536,-21.842317],[-40.398558,-21.838612],[-40.398572,-21.834958],[-40.398578,-21.831347],[-40.398578,-21.827783],[-40.398567,-21.82426],[-40.39855,-21.820778],[-40.398525,-21.817333],[-40.398493,-21.813925],[-40.398453,-21.810551],[-40.398403,-21.80721],[-40.398322,-21.801794],[-40.398141,-21.788647],[-40.398054,-21.782655],[-40.397945,-21.776305],[-40.397832,-21.770617],[-40.397762,-21.767509],[-40.397686,-21.764516],[-40.397606,-21.761618],[-40.39752,-21.758804],[-40.397429,-21.756057],[-40.397331,-21.753375],[-40.397229,-21.75075],[-40.397119,-21.748176],[-40.396937,-21.744178],[-40.396759,-21.74037],[-40.396579,-21.736712],[-40.396396,-21.73318],[-40.39621,-21.729746],[-40.39602,-21.726406],[-40.395826,-21.723148],[-40.395626,-21.719964],[-40.395422,-21.716826],[-40.395209,-21.713748],[-40.394992,-21.710726],[-40.394767,-21.707755],[-40.394536,-21.70483],[-40.394297,-21.70195],[-40.39405,-21.69911],[-40.393796,-21.696307],[-40.393383,-21.691905],[-40.392968,-21.687653],[-40.392549,-21.68353],[-40.392127,-21.679517],[-40.391699,-21.675598],[-40.391263,-21.671769],[-40.390819,-21.668019],[-40.390366,-21.664342],[-40.390135,-21.662523],[-40.389902,-21.66072],[-40.389667,-21.658932],[-40.389428,-21.65716],[-40.389187,-21.655401],[-40.388944,-21.653658],[-40.388697,-21.651927],[-40.388447,-21.65021],[-40.388196,-21.648505],[-40.38794,-21.646813],[-40.387681,-21.645132],[-40.387419,-21.643464],[-40.387154,-21.641805],[-40.386887,-21.64016],[-40.386615,-21.638524],[-40.386341,-21.6369],[-40.385696,-21.63316],[-40.385052,-21.629522],[-40.384408,-21.625976],[-40.383763,-21.62251],[-40.383113,-21.619118],[-40.382787,-21.617447],[-40.382458,-21.615793],[-40.382129,-21.614153],[-40.381799,-21.612531],[-40.381467,-21.610921],[-40.381134,-21.609325],[-40.380797,-21.607741],[-40.380459,-21.606168],[-40.380118,-21.604608],[-40.379775,-21.603062],[-40.37943,-21.601527],[-40.379085,-21.600003],[-40.378734,-21.598492],[-40.378383,-21.59699],[-40.37803,-21.5955],[-40.377673,-21.594021],[-40.377313,-21.592551],[-40.376953,-21.591091],[-40.376587,-21.589642],[-40.376221,-21.588203],[-40.37585,-21.586773],[-40.375478,-21.585352],[-40.375028,-21.583655],[-40.374577,-21.581973],[-40.374125,-21.58031],[-40.373674,-21.578662],[-40.373221,-21.577028],[-40.372767,-21.57541],[-40.372312,-21.573806],[-40.371856,-21.572216],[-40.371397,-21.570638],[-40.370938,-21.569075],[-40.370477,-21.567523],[-40.370015,-21.565984],[-40.369551,-21.564457],[-40.369086,-21.56294],[-40.368619,-21.561437],[-40.368149,-21.559944],[-40.367677,-21.558461],[-40.367203,-21.556989],[-40.366726,-21.555527],[-40.366247,-21.554075],[-40.365766,-21.552634],[-40.365284,-21.551203],[-40.364798,-21.54978],[-40.36431,-21.548369],[-40.363818,-21.546967],[-40.363326,-21.545574],[-40.36283,-21.544191],[-40.36233,-21.542816],[-40.361829,-21.54145],[-40.361325,-21.540095],[-40.360818,-21.538747],[-40.360309,-21.537407],[-40.359811,-21.536117],[-40.35931,-21.534825],[-40.3588,-21.533532],[-40.358286,-21.532236],[-40.357767,-21.53094],[-40.357241,-21.529643],[-40.356709,-21.528344],[-40.356172,-21.527044],[-40.355629,-21.525742],[-40.355082,-21.524439],[-40.354528,-21.523133],[-40.353968,-21.521829],[-40.353402,-21.520521],[-40.352831,-21.519213],[-40.352254,-21.517904],[-40.351671,-21.516593],[-40.351081,-21.515281],[-40.350487,-21.513967],[-40.349888,-21.512653],[-40.349282,-21.511337],[-40.348672,-21.51002],[-40.348055,-21.508703],[-40.347433,-21.507383],[-40.346806,-21.506063],[-40.346172,-21.504743],[-40.345534,-21.50342],[-40.344889,-21.502098],[-40.344239,-21.500773],[-40.343583,-21.499448],[-40.342922,-21.498121],[-40.342255,-21.496794],[-40.341582,-21.495467],[-40.341071,-21.494465],[-40.340555,-21.493459],[-40.339502,-21.491433],[-40.338425,-21.489388],[-40.337321,-21.487324],[-40.336191,-21.485237],[-40.335034,-21.483128],[-40.333849,-21.480993],[-40.332633,-21.478829],[-40.331391,-21.476642],[-40.330114,-21.474423],[-40.328803,-21.472166],[-40.327455,-21.46987],[-40.326068,-21.467528],[-40.324638,-21.465136],[-40.32316,-21.462683],[-40.321626,-21.460163],[-40.320329,-21.458047],[-40.319011,-21.455922],[-40.317673,-21.453786],[-40.316316,-21.45164],[-40.314939,-21.449481],[-40.313541,-21.447313],[-40.312122,-21.44513],[-40.310681,-21.442937],[-40.309218,-21.440729],[-40.307734,-21.438507],[-40.306226,-21.43627],[-40.304695,-21.434015],[-40.303139,-21.431744],[-40.301558,-21.429456],[-40.299951,-21.427147],[-40.298318,-21.424818],[-40.296829,-21.422712],[-40.295316,-21.420593],[-40.293782,-21.418461],[-40.292225,-21.416315],[-40.290646,-21.414156],[-40.289042,-21.411982],[-40.287413,-21.409793],[-40.285758,-21.407585],[-40.284078,-21.405363],[-40.282372,-21.40312],[-40.280636,-21.400857],[-40.278871,-21.398572],[-40.277076,-21.396263],[-40.275249,-21.393928],[-40.273386,-21.391566],[-40.27149,-21.389174],[-40.269799,-21.387056],[-40.268084,-21.384926],[-40.266343,-21.38278],[-40.264575,-21.380615],[-40.26278,-21.378434],[-40.260958,-21.376235],[-40.259104,-21.374013],[-40.257218,-21.37177],[-40.255304,-21.369506],[-40.253354,-21.367217],[-40.251368,-21.364898],[-40.249344,-21.362548],[-40.247278,-21.360164],[-40.245167,-21.357742],[-40.243011,-21.355281],[-40.2408,-21.352771],[-40.238841,-21.35056],[-40.236854,-21.348331],[-40.234833,-21.346083],[-40.232779,-21.343811],[-40.230691,-21.341518],[-40.228566,-21.339196],[-40.226402,-21.336847],[-40.224198,-21.334468],[-40.221955,-21.33206],[-40.219664,-21.329616],[-40.217322,-21.32713],[-40.214924,-21.324597],[-40.212465,-21.322012],[-40.20994,-21.319369],[-40.207335,-21.316656],[-40.204642,-21.313863],[-40.202807,-21.311969],[-40.200932,-21.310044],[-40.199012,-21.308084],[-40.197043,-21.306086],[-40.195022,-21.304045],[-40.19294,-21.301953],[-40.190787,-21.299803],[-40.188555,-21.297579],[-40.18643,-21.295473],[-40.184209,-21.293278],[-40.17936,-21.288506],[-40.174528,-21.283775],[-40.163899,-21.273386],[-40.161585,-21.271128],[-40.159246,-21.268855],[-40.15688,-21.266569],[-40.154487,-21.264265],[-40.152065,-21.261945],[-40.149613,-21.259606],[-40.147131,-21.257249],[-40.144616,-21.25487],[-40.142071,-21.252472],[-40.139488,-21.250049],[-40.136867,-21.2476],[-40.134208,-21.245125],[-40.131506,-21.242619],[-40.128759,-21.24008],[-40.125964,-21.237507],[-40.123116,-21.234894],[-40.120302,-21.23232],[-40.117429,-21.2297],[-40.111488,-21.224308],[-40.10524,-21.218665],[-40.098581,-21.21268],[-40.092154,-21.206928],[-40.085022,-21.200566],[-40.077776,-21.194116],[-40.058199,-21.176709],[-40.046996,-21.16672],[-40.040944,-21.161303],[-40.035299,-21.156231],[-40.029949,-21.151406],[-40.024841,-21.146779],[-40.021743,-21.143961],[-40.018715,-21.141197],[-40.015748,-21.138483],[-40.012841,-21.135812],[-40.009987,-21.133182],[-40.007184,-21.130586],[-40.004426,-21.128025],[-40.001711,-21.125495],[-39.999034,-21.12299],[-39.996397,-21.120511],[-39.993796,-21.118057],[-39.99123,-21.115624],[-39.988697,-21.113212],[-39.986195,-21.110821],[-39.983725,-21.108449],[-39.981284,-21.106093],[-39.977572,-21.102506],[-39.973422,-21.098508],[-39.960399,-21.085992],[-39.95608,-21.081837],[-39.952303,-21.078195],[-39.948863,-21.074871],[-39.944355,-21.070496],[-39.940161,-21.066404],[-39.936194,-21.062512],[-39.932412,-21.058776],[-39.930314,-21.056692],[-39.92826,-21.054642],[-39.926248,-21.052627],[-39.924275,-21.050641],[-39.922339,-21.048684],[-39.920436,-21.046749],[-39.918565,-21.044838],[-39.916724,-21.042949],[-39.91491,-21.041074],[-39.913122,-21.03922],[-39.91136,-21.03738],[-39.909624,-21.035558],[-39.90791,-21.033749],[-39.906221,-21.031953],[-39.904552,-21.030169],[-39.902904,-21.028399],[-39.901465,-21.026841],[-39.900016,-21.025266],[-39.898558,-21.023675],[-39.897092,-21.022068],[-39.895617,-21.020443],[-39.894129,-21.018799],[-39.892632,-21.017134],[-39.891123,-21.015451],[-39.889603,-21.013747],[-39.888069,-21.012022],[-39.886521,-21.010275],[-39.884957,-21.008503],[-39.881782,-21.004881],[-39.878528,-21.001145],[-39.875275,-20.997385],[-39.87192,-20.993483],[-39.868439,-20.989412],[-39.864798,-20.985133],[-39.861032,-20.980682],[-39.856977,-20.975874],[-39.852527,-20.970579],[-39.847123,-20.96413],[-39.843873,-20.960239],[-39.840609,-20.956302],[-39.837327,-20.952317],[-39.834024,-20.948281],[-39.830702,-20.944196],[-39.827356,-20.940056],[-39.823987,-20.93586],[-39.82059,-20.931608],[-39.817168,-20.927296],[-39.813715,-20.922921],[-39.810226,-20.918478],[-39.8067,-20.913962],[-39.803134,-20.909371],[-39.799523,-20.904696],[-39.795861,-20.899933],[-39.792144,-20.895074],[-39.78864,-20.890474],[-39.785075,-20.885777],[-39.781444,-20.880971],[-39.777737,-20.876046],[-39.773949,-20.870995],[-39.770059,-20.865791],[-39.766052,-20.860413],[-39.761904,-20.854828],[-39.75415,-20.844349],[-39.745517,-20.832636],[-39.738092,-20.822532],[-39.721797,-20.800329],[-39.714606,-20.790538],[-39.709789,-20.783982],[-39.705029,-20.777483],[-39.700319,-20.771036],[-39.695659,-20.764642],[-39.691048,-20.758297],[-39.686483,-20.751999],[-39.681961,-20.745746],[-39.677484,-20.739535],[-39.673048,-20.733364],[-39.668653,-20.727232],[-39.664298,-20.721139],[-39.659982,-20.715081],[-39.655704,-20.709058],[-39.651463,-20.70307],[-39.647258,-20.697113],[-39.643087,-20.691188],[-39.63863,-20.684836],[-39.634213,-20.678522],[-39.629832,-20.672245],[-39.62549,-20.666001],[-39.621183,-20.659794],[-39.616914,-20.653618],[-39.612678,-20.647473],[-39.608476,-20.64136],[-39.604306,-20.635276],[-39.600169,-20.62922],[-39.596065,-20.623191],[-39.591991,-20.61719],[-39.587949,-20.611215],[-39.583938,-20.605264],[-39.579956,-20.599339],[-39.576003,-20.593436],[-39.571862,-20.587233],[-39.567759,-20.581067],[-39.56369,-20.574936],[-39.559657,-20.56884],[-39.555658,-20.562774]]]}},
{"type":"Feature","properties":{"idhidrovia":200300207,"nome":"Acesso Açu","navegacao":"Navegação de Cabotagem","tipo":null,"vel_cional":25.0,"extensao":68.328931524857197,"tempo":"0d 2h 43min","cla_icacao":"Navegável","nome_rio":null,"nom_eclusa":null,"jurisdicao":null,"reg_rafica":null,"pro_de_min":null,"pro_de_max":null,"dominio":null,"observacao":null,"snv":null,"fonte":null,"idm_origem":null,"mun_origem":null,"est_origem":null,"idm_estino":null,"mun_estino":null,"est_estino":null,"idantaq":null,"camada sim":"204","Fluxo":13917.0},"geometry":{"type":"MultiLineString","coordinates":[[[-40.397777,-22.122777],[-40.991536,-21.84908]]]}},
{"type":"Feature","properties":{"idhidrovia":200300208,"nome":"Acesso Bacia Sedimentar SEAL","navegacao":"Navegação de Cabotagem","tipo":null,"vel_cional":25.0,"extensao":215.61218702959599,"tempo":"0d 8h 37min","cla_icacao":"Navegável","nome_rio":null,"nom_eclusa":null,"jurisdicao":null,"reg_rafica":null,"pro_de_min":null,"pro_de_max":null,"dominio":null,"observacao":null,"snv":null,"fonte":null,"idm_origem":null,"mun_origem":null,"est_origem":null,"idm_estino":null,"mun_estino":null,"est_estino":null,"idantaq":null,"camada sim":"205","Fluxo":1552.0},"geometry":{"type":"MultiLineString","coordinates":[[[-36.203888,-11.104444],[-34.226709,-11.121003]]]}},
{"type":"Feature","properties":{"idhidrovia":200300211,"nome":"PORTO ENGENHEIRO ZEPHYRINO LAVANÈRE MACHADO FILHO","navegacao":"Navegação de Cabotagem","tipo":null,"vel_cional":25.0,"extensao":73.866258283144603,"tempo":"0d 2h 57min","cla_icacao":"Navegável","nome_rio":null,"nom_eclusa":null,"jurisdicao":null,"reg_rafica":null,"pro_de_min":null,"pro_de_max":null,"dominio":null,"observacao":null,"snv":null,"fonte":null,"idm_origem":null,"mun_origem":null,"est_origem":null,"idm_estino":null,"mun_estino":null,"est_estino":null,"idantaq":null,"camada sim":"206","Fluxo":74478.0},"geometry":{"type":"MultiLineString","coordinates":[[[-41.76713,-22.384699],[-41.750379,-22.42021],[-41.732959,-22.452369],[-41.704819,-22.50061],[-41.67199,-22.556219],[-41.63983,-22.605799],[-41.610349,-22.644659],[-41.568139,-22.695579],[-41.53665,-22.73176],[-41.476349,-22.792059],[-41.43213,-22.826899],[-41.39126,-22.855709],[-41.35374,-22.877819],[-41.32292,-22.892559],[-41.291612,-22.905771]]]}},
{"type":"Feature","properties":{"idhidrovia":200300216,"nome":"Porto de Barra do Riacho - Porto de Ilhéus","navegacao":"Navegação de Cabotagem","tipo":null,"vel_cional":25.0,"extensao":278.33832438954499,"tempo":"0d 11h 8min","cla_icacao":null,"nome_rio":null,"nom_eclusa":null,"jurisdicao":null,"reg_rafica":null,"pro_de_min":null,"pro_de_max":null,"dominio":null,"observacao":null,"snv":null,"fonte":null,"idm_origem":null,"mun_origem":null,"est_origem":null,"idm_estino":null,"mun_estino":null,"est_estino":null,"idantaq":null,"camada sim":"207","Fluxo":38154716.0},"geometry":{"type":"MultiLineString","coordinates":[[[-38.601244,-18.004494],[-38.600329,-18.003288],[-38.59942,-18.002088],[-38.597261,-17.999203],[-38.596206,-17.997789],[-38.595171,-17.996389],[-38.594149,-17.995004],[-38.593142,-17.993632],[-38.592151,-17.992273],[-38.591174,-17.990926],[-38.590209,-17.989588],[-38.589257,-17.988261],[-38.588318,-17.986947],[-38.587389,-17.985641],[-38.586475,-17.984342],[-38.585571,-17.983055],[-38.584679,-17.981774],[-38.583798,-17.980502],[-38.582925,-17.979234],[-38.582062,-17.977972],[-38.581211,-17.976718],[-38.580367,-17.97547],[-38.579537,-17.974229],[-38.578713,-17.972992],[-38.577902,-17.971765],[-38.577097,-17.970541],[-38.576304,-17.969321],[-38.575518,-17.968108],[-38.574742,-17.966899],[-38.573976,-17.965693],[-38.573216,-17.964493],[-38.572468,-17.963298],[-38.571727,-17.962108],[-38.570993,-17.96092],[-38.570149,-17.959543],[-38.569318,-17.958176],[-38.568497,-17.956817],[-38.567686,-17.955472],[-38.566887,-17.954132],[-38.566096,-17.952801],[-38.565319,-17.951481],[-38.564548,-17.950167],[-38.563791,-17.948861],[-38.563042,-17.947561],[-38.5623,-17.946269],[-38.561571,-17.944983],[-38.560848,-17.943704],[-38.560135,-17.94243],[-38.559432,-17.941164],[-38.558737,-17.939903],[-38.558052,-17.938645],[-38.557374,-17.937394],[-38.556704,-17.936149],[-38.556043,-17.934908],[-38.55539,-17.933672],[-38.554746,-17.932438],[-38.55411,-17.931211],[-38.553482,-17.929991],[-38.552861,-17.928771],[-38.552249,-17.927558],[-38.551645,-17.926348],[-38.551048,-17.925142],[-38.55046,-17.923942],[-38.54988,-17.922744],[-38.549306,-17.921548],[-38.54874,-17.920359],[-38.548118,-17.919035],[-38.547505,-17.917718],[-38.546897,-17.916402],[-38.546298,-17.915092],[-38.545706,-17.913788],[-38.545121,-17.912486],[-38.544541,-17.911189],[-38.543973,-17.909894],[-38.543407,-17.908605],[-38.542853,-17.907319],[-38.542304,-17.906037],[-38.541763,-17.904758],[-38.541226,-17.903486],[-38.5407,-17.902215],[-38.540179,-17.900946],[-38.539667,-17.899684],[-38.53916,-17.898423],[-38.53866,-17.897165],[-38.538167,-17.895913],[-38.537683,-17.894663],[-38.537204,-17.893415],[-38.536732,-17.892171],[-38.536267,-17.89093],[-38.535811,-17.889693],[-38.535358,-17.888459],[-38.534916,-17.887229],[-38.534478,-17.886001],[-38.534049,-17.884775],[-38.533625,-17.883555],[-38.533208,-17.882335],[-38.5328,-17.881119],[-38.532398,-17.879905],[-38.53177,-17.877984],[-38.531154,-17.876055],[-38.530549,-17.874123],[-38.529958,-17.872188],[-38.529375,-17.870248],[-38.528807,-17.868303],[-38.528249,-17.86636],[-38.527706,-17.864411],[-38.527172,-17.862459],[-38.526651,-17.860509],[-38.526144,-17.858554],[-38.525646,-17.856598],[-38.525165,-17.854641],[-38.524692,-17.852685],[-38.524236,-17.850729],[-38.523789,-17.848772],[-38.523569,-17.847778],[-38.52335,-17.846781],[-38.523136,-17.845779],[-38.522922,-17.844771],[-38.522711,-17.843758],[-38.522503,-17.842739],[-38.522297,-17.841716],[-38.522095,-17.840688],[-38.521895,-17.839652],[-38.521697,-17.838615],[-38.521501,-17.837568],[-38.521309,-17.836518],[-38.520929,-17.834399],[-38.520561,-17.832259],[-38.520201,-17.830093],[-38.519852,-17.827902],[-38.519511,-17.825686],[-38.519181,-17.823443],[-38.518858,-17.821169],[-38.518543,-17.81887],[-38.518239,-17.816538],[-38.517941,-17.814173],[-38.517699,-17.812142],[-38.517465,-17.810089],[-38.517242,-17.808015],[-38.517029,-17.805921],[-38.516826,-17.803802],[-38.516632,-17.801659],[-38.516449,-17.799492],[-38.516275,-17.797298],[-38.516111,-17.795079],[-38.515956,-17.792829],[-38.51581,-17.790552],[-38.515672,-17.788239],[-38.515546,-17.785896],[-38.515427,-17.783514],[-38.515318,-17.781092],[-38.515216,-17.778628],[-38.515134,-17.776337],[-38.515064,-17.774021],[-38.515005,-17.771678],[-38.51496,-17.769307],[-38.514929,-17.766908],[-38.514907,-17.764478],[-38.514898,-17.762014],[-38.514904,-17.759515],[-38.514918,-17.756983],[-38.514949,-17.754411],[-38.514988,-17.751795],[-38.515042,-17.749134],[-38.515107,-17.746421],[-38.515185,-17.743652],[-38.515278,-17.740822],[-38.515382,-17.737921],[-38.515478,-17.73552],[-38.515585,-17.73309],[-38.515709,-17.730626],[-38.515846,-17.728131],[-38.515993,-17.725601],[-38.516156,-17.72303],[-38.516334,-17.72042],[-38.516525,-17.717763],[-38.516728,-17.71507],[-38.516947,-17.712322],[-38.517181,-17.709513],[-38.517431,-17.706641],[-38.517696,-17.703696],[-38.517977,-17.700662],[-38.518278,-17.697531],[-38.518599,-17.694281],[-38.518827,-17.692074],[-38.519066,-17.689827],[-38.51932,-17.687532],[-38.51959,-17.685186],[-38.519874,-17.682784],[-38.520175,-17.680316],[-38.520493,-17.677772],[-38.520831,-17.675138],[-38.521157,-17.672661],[-38.521503,-17.670072],[-38.522275,-17.664432],[-38.523031,-17.659026],[-38.524884,-17.645903],[-38.525302,-17.642969],[-38.525731,-17.640011],[-38.526173,-17.637025],[-38.526631,-17.634014],[-38.527101,-17.63097],[-38.527585,-17.6279],[-38.528083,-17.624794],[-38.528598,-17.621656],[-38.529127,-17.618483],[-38.529671,-17.615272],[-38.53023,-17.612019],[-38.530805,-17.60872],[-38.531399,-17.605374],[-38.532009,-17.601979],[-38.532639,-17.598524],[-38.533287,-17.595006],[-38.533895,-17.591747],[-38.534523,-17.588422],[-38.535836,-17.581562],[-38.537238,-17.574362],[-38.538755,-17.566697],[-38.540202,-17.559487],[-38.54182,-17.551494],[-38.543455,-17.543465],[-38.54782,-17.522124],[-38.550277,-17.51002],[-38.551586,-17.503502],[-38.552796,-17.497406],[-38.553932,-17.491616],[-38.555005,-17.486072],[-38.556269,-17.479437],[-38.556873,-17.476219],[-38.557459,-17.473057],[-38.55803,-17.469944],[-38.558588,-17.466881],[-38.55913,-17.463861],[-38.559657,-17.460882],[-38.560172,-17.457937],[-38.560673,-17.455031],[-38.561163,-17.452155],[-38.561638,-17.449313],[-38.562105,-17.4465],[-38.562558,-17.443715],[-38.562998,-17.440957],[-38.563428,-17.438224],[-38.564244,-17.433029],[-38.566029,-17.421737],[-38.566732,-17.417252],[-38.567591,-17.411691],[-38.568342,-17.406707],[-38.568742,-17.404005],[-38.569119,-17.401399],[-38.569476,-17.398876],[-38.569817,-17.396422],[-38.570143,-17.39403],[-38.570452,-17.391687],[-38.570745,-17.389396],[-38.571027,-17.387149],[-38.571424,-17.383897],[-38.571798,-17.380783],[-38.57215,-17.377783],[-38.572485,-17.374877],[-38.572803,-17.372046],[-38.573104,-17.369288],[-38.573391,-17.366593],[-38.573664,-17.363955],[-38.573923,-17.361353],[-38.57417,-17.358798],[-38.574404,-17.356286],[-38.574626,-17.353812],[-38.574835,-17.351375],[-38.575032,-17.348973],[-38.575217,-17.346602],[-38.575391,-17.344259],[-38.575589,-17.341408],[-38.575777,-17.338539],[-38.575952,-17.33565],[-38.576118,-17.332746],[-38.576273,-17.329822],[-38.576416,-17.326879],[-38.576548,-17.323916],[-38.57667,-17.320934],[-38.576779,-17.317931],[-38.57688,-17.314909],[-38.576968,-17.311862],[-38.577046,-17.308796],[-38.577111,-17.30571],[-38.577168,-17.302599],[-38.577213,-17.299464],[-38.577246,-17.296305],[-38.57726,-17.294623],[-38.577269,-17.292933],[-38.577272,-17.289522],[-38.57726,-17.286066],[-38.57723,-17.282564],[-38.577182,-17.279012],[-38.577117,-17.275407],[-38.577035,-17.271747],[-38.576937,-17.268025],[-38.576819,-17.26425],[-38.576686,-17.260401],[-38.576534,-17.256474],[-38.576363,-17.252455],[-38.576174,-17.248345],[-38.575966,-17.244119],[-38.575738,-17.239764],[-38.575488,-17.235254],[-38.575276,-17.231642],[-38.575051,-17.22801],[-38.574812,-17.22436],[-38.574558,-17.22069],[-38.574289,-17.217002],[-38.574007,-17.213293],[-38.573711,-17.209561],[-38.573399,-17.205811],[-38.573075,-17.202038],[-38.572735,-17.198243],[-38.572381,-17.194427],[-38.572012,-17.190584],[-38.571629,-17.18672],[-38.571232,-17.182832],[-38.570819,-17.178916],[-38.570393,-17.174976],[-38.569997,-17.17143],[-38.569586,-17.16786],[-38.569164,-17.164273],[-38.568725,-17.160661],[-38.568274,-17.157029],[-38.567807,-17.153375],[-38.567326,-17.149695],[-38.566833,-17.145994],[-38.566321,-17.142267],[-38.565798,-17.138514],[-38.56526,-17.134734],[-38.564706,-17.130928],[-38.564137,-17.127092],[-38.563554,-17.123228],[-38.562955,-17.11933],[-38.562339,-17.115404],[-38.561759,-17.111761],[-38.561163,-17.1081],[-38.560552,-17.10441],[-38.559927,-17.100698],[-38.559285,-17.096958],[-38.558627,-17.093194],[-38.557954,-17.0894],[-38.557265,-17.085577],[-38.556559,-17.081724],[-38.555838,-17.077843],[-38.5551,-17.073927],[-38.554344,-17.069977],[-38.55357,-17.065991],[-38.552781,-17.061966],[-38.551971,-17.057904],[-38.551144,-17.053799],[-38.550378,-17.050045],[-38.549596,-17.046261],[-38.548796,-17.042452],[-38.547978,-17.038613],[-38.547144,-17.034742],[-38.546292,-17.030839],[-38.545422,-17.0269],[-38.544533,-17.022929],[-38.543627,-17.01892],[-38.542701,-17.014876],[-38.541755,-17.010788],[-38.540792,-17.006658],[-38.539805,-17.002479],[-38.538797,-16.998256],[-38.537767,-16.993977],[-38.536715,-16.989643],[-38.535786,-16.985859],[-38.534841,-16.982043],[-38.533875,-16.97819],[-38.532893,-16.974305],[-38.531888,-16.970379],[-38.530867,-16.966415],[-38.529823,-16.962409],[-38.528759,-16.958358],[-38.527673,-16.954263],[-38.526566,-16.950119],[-38.525435,-16.94592],[-38.524278,-16.941665],[-38.523096,-16.937348],[-38.521889,-16.932963],[-38.520651,-16.928504],[-38.519382,-16.923966],[-38.518216,-16.919823],[-38.517026,-16.915634],[-38.515807,-16.91139],[-38.514563,-16.907087],[-38.513291,-16.902723],[-38.511988,-16.898292],[-38.510652,-16.893788],[-38.509284,-16.889202],[-38.507885,-16.884554],[-38.50645,-16.879809],[-38.504972,-16.874953],[-38.503444,-16.869976],[-38.501871,-16.864868],[-38.500238,-16.859594],[-38.496751,-16.848423],[-38.494804,-16.842251],[-38.4928,-16.835968],[-38.490732,-16.829557],[-38.488593,-16.823001],[-38.486384,-16.816293],[-38.484093,-16.809398],[-38.481709,-16.802285],[-38.479218,-16.794917],[-38.476917,-16.788157],[-38.474496,-16.781095],[-38.471935,-16.773654],[-38.469177,-16.765685],[-38.464525,-16.752303],[-38.454447,-16.723424],[-38.450043,-16.710768],[-38.447203,-16.702635],[-38.444285,-16.694341],[-38.441276,-16.685873],[-38.438172,-16.677206],[-38.434969,-16.668323],[-38.431646,-16.659181],[-38.42819,-16.649733],[-38.424573,-16.639911],[-38.421539,-16.631713],[-38.418356,-16.623149],[-38.414993,-16.614132],[-38.411383,-16.604489],[-38.404662,-16.586603],[-38.392794,-16.555102],[-38.388342,-16.543272],[-38.383926,-16.531507],[-38.379953,-16.520893],[-38.375757,-16.509636],[-38.371833,-16.499057],[-38.368116,-16.488976],[-38.364569,-16.479299],[-38.36086,-16.469114],[-38.3573,-16.459257],[-38.353872,-16.449677],[-38.352201,-16.44498],[-38.350557,-16.440342],[-38.348941,-16.435749],[-38.347349,-16.431207],[-38.345779,-16.426711],[-38.344236,-16.42226],[-38.342714,-16.41785],[-38.341214,-16.413481],[-38.339733,-16.40915],[-38.338276,-16.404855],[-38.335172,-16.395693],[-38.331524,-16.384948],[-38.325763,-16.367978],[-38.322766,-16.35912],[-38.32009,-16.351175],[-38.317163,-16.342438],[-38.314439,-16.33426],[-38.311869,-16.326484],[-38.309429,-16.319033],[-38.306879,-16.311178],[-38.305649,-16.307352],[-38.304442,-16.303585],[-38.30326,-16.299873],[-38.302103,-16.296212],[-38.300966,-16.292598],[-38.299852,-16.289027],[-38.298757,-16.285495],[-38.297682,-16.282005],[-38.296624,-16.278549],[-38.295586,-16.275127],[-38.294564,-16.27174],[-38.293559,-16.268383],[-38.292571,-16.265056],[-38.291601,-16.261755],[-38.288952,-16.252682],[-38.286433,-16.24397],[-38.284027,-16.235554],[-38.281717,-16.227388],[-38.280594,-16.223382],[-38.279493,-16.219429],[-38.27841,-16.21552],[-38.277349,-16.211656],[-38.276305,-16.207837],[-38.27528,-16.204055],[-38.274273,-16.20031],[-38.273282,-16.196601],[-38.272303,-16.19291],[-38.27134,-16.18925],[-38.270392,-16.185621],[-38.26946,-16.18202],[-38.268545,-16.17845],[-38.267642,-16.174907],[-38.266756,-16.171389],[-38.265883,-16.167895],[-38.265025,-16.164425],[-38.264181,-16.160979],[-38.26335,-16.157557],[-38.262532,-16.154153],[-38.261727,-16.150773],[-38.260936,-16.147411],[-38.260156,-16.144068],[-38.259393,-16.140747],[-38.258462,-16.136669],[-38.257556,-16.132663],[-38.256672,-16.128717],[-38.255811,-16.124832],[-38.254969,-16.120998],[-38.254147,-16.117214],[-38.253343,-16.113475],[-38.252558,-16.109784],[-38.251789,-16.106127],[-38.25104,-16.102512],[-38.250306,-16.098935],[-38.249588,-16.095392],[-38.248887,-16.091881],[-38.248201,-16.088401],[-38.247531,-16.084955],[-38.246876,-16.081534],[-38.246219,-16.078057],[-38.245575,-16.074615],[-38.244948,-16.071211],[-38.244331,-16.067837],[-38.243732,-16.064499],[-38.243144,-16.061191],[-38.242569,-16.057911],[-38.242007,-16.054659],[-38.241455,-16.051431],[-38.24092,-16.048231],[-38.240394,-16.045055],[-38.239882,-16.041903],[-38.239381,-16.038775],[-38.238891,-16.035668],[-38.238415,-16.032582],[-38.237949,-16.029516],[-38.237515,-16.026627],[-38.237093,-16.023748],[-38.236676,-16.020883],[-38.236266,-16.018025],[-38.235863,-16.01518],[-38.235469,-16.012343],[-38.235084,-16.009519],[-38.234706,-16.006705],[-38.234332,-16.0039],[-38.233969,-16.001104],[-38.233614,-15.998319],[-38.233265,-15.995542],[-38.232922,-15.992774],[-38.232587,-15.990019],[-38.232261,-15.98727],[-38.23194,-15.984531],[-38.231628,-15.981801],[-38.231324,-15.979079],[-38.231025,-15.976366],[-38.230736,-15.97366],[-38.230451,-15.970964],[-38.230176,-15.968277],[-38.229908,-15.965597],[-38.229646,-15.962927],[-38.229393,-15.960262],[-38.229146,-15.957608],[-38.228906,-15.954961],[-38.228675,-15.95232],[-38.22845,-15.949688],[-38.228233,-15.947065],[-38.228022,-15.944449],[-38.227817,-15.941838],[-38.22762,-15.939216],[-38.227429,-15.936586],[-38.227243,-15.933949],[-38.227063,-15.931305],[-38.226888,-15.928651],[-38.226722,-15.925992],[-38.226559,-15.923325],[-38.226404,-15.920647],[-38.226255,-15.917965],[-38.226112,-15.915276],[-38.225974,-15.912577],[-38.225842,-15.909871],[-38.225717,-15.907156],[-38.225597,-15.904434],[-38.225481,-15.901704],[-38.225374,-15.898965],[-38.225273,-15.896219],[-38.225177,-15.893466],[-38.225087,-15.890703],[-38.225003,-15.887933],[-38.224927,-15.885153],[-38.224854,-15.882367],[-38.224789,-15.879571],[-38.224729,-15.876765],[-38.224674,-15.873953],[-38.224626,-15.871133],[-38.224584,-15.868301],[-38.224549,-15.865463],[-38.224519,-15.862614],[-38.224493,-15.859759],[-38.224477,-15.856894],[-38.224465,-15.854017],[-38.224459,-15.851361],[-38.22446,-15.848694],[-38.224468,-15.846014],[-38.224482,-15.84332],[-38.224504,-15.840614],[-38.224532,-15.837896],[-38.224566,-15.835164],[-38.224606,-15.832418],[-38.224654,-15.829658],[-38.224707,-15.826883],[-38.224769,-15.824096],[-38.224836,-15.821291],[-38.22491,-15.818474],[-38.224989,-15.815637],[-38.225076,-15.812789],[-38.225171,-15.809922],[-38.22527,-15.80704],[-38.225377,-15.804142],[-38.22549,-15.801225],[-38.225611,-15.798291],[-38.225737,-15.795336],[-38.225872,-15.792362],[-38.22616,-15.786355],[-38.226475,-15.780262],[-38.226815,-15.774077],[-38.227187,-15.767794],[-38.227586,-15.7614],[-38.227778,-15.758466],[-38.227978,-15.755518],[-38.228186,-15.752553],[-38.2284,-15.749575],[-38.228624,-15.746582],[-38.228855,-15.74357],[-38.229092,-15.740543],[-38.22934,-15.7375],[-38.229595,-15.734439],[-38.229857,-15.73136],[-38.230128,-15.728263],[-38.230406,-15.725146],[-38.230693,-15.722011],[-38.230989,-15.718854],[-38.231293,-15.715678],[-38.231605,-15.712479],[-38.231923,-15.709262],[-38.232253,-15.706025],[-38.232936,-15.699476],[-38.233654,-15.692823],[-38.234405,-15.686059],[-38.235196,-15.679176],[-38.236026,-15.672159],[-38.236896,-15.664994],[-38.237808,-15.657664],[-38.238466,-15.652502],[-38.23915,-15.647278],[-38.23986,-15.641991],[-38.240594,-15.636632],[-38.241359,-15.631201],[-38.24215,-15.62569],[-38.242969,-15.620091],[-38.243819,-15.614399],[-38.244697,-15.608627],[-38.245606,-15.602745],[-38.246552,-15.596735],[-38.247534,-15.59059],[-38.248555,-15.584293],[-38.249617,-15.577818],[-38.250728,-15.571134]]]}},
{"type":"Feature","properties":{"idhidrovia":200300217,"nome":"Porto de Barra do Riacho - Porto de Ilhéus","navegacao":"Navegação de Cabotagem","tipo":null,"vel_cional":25.0,"extensao":100.02755582615799,"tempo":"0d 4h 0min","cla_icacao":null,"nome_rio":null,"nom_eclusa":null,"jurisdicao":null,"reg_rafica":null,"pro_de_min":null,"pro_de_max":null,"dominio":null,"observacao":null,"snv":null,"fonte":null,"idm_origem":null,"mun_origem":null,"est_origem":null,"idm_estino":null,"mun_estino":null,"est_estino":null,"idantaq":null,"camada sim":"208","Fluxo":37127960.0},"geometry":{"type":"MultiLineString","coordinates":[[[-38.250728,-15.571134],[-38.251894,-15.564201],[-38.252727,-15.559321],[-38.253591,-15.554351],[-38.254485,-15.549279],[-38.255414,-15.544097],[-38.256377,-15.538797],[-38.257381,-15.533355],[-38.258426,-15.527751],[-38.25952,-15.521955],[-38.260584,-15.516394],[-38.261701,-15.510592],[-38.262886,-15.504492],[-38.264158,-15.497984],[-38.266722,-15.484996],[-38.271785,-15.45949],[-38.272787,-15.454461],[-38.273806,-15.449386],[-38.274847,-15.444266],[-38.275905,-15.439099],[-38.276986,-15.433882],[-38.278089,-15.42861],[-38.279209,-15.42328],[-38.280357,-15.417889],[-38.281522,-15.412444],[-38.282715,-15.406928],[-38.283931,-15.401339],[-38.285173,-15.395673],[-38.286442,-15.389924],[-38.287742,-15.384081],[-38.28907,-15.378142],[-38.290433,-15.372092],[-38.292976,-15.360905],[-38.29565,-15.349244],[-38.298484,-15.337002],[-38.301527,-15.323966],[-38.304394,-15.311766],[-38.307588,-15.298239],[-38.310797,-15.284691],[-38.319313,-15.24881],[-38.324108,-15.228526],[-38.326672,-15.217617],[-38.329058,-15.207416],[-38.33131,-15.197725],[-38.333452,-15.188449],[-38.335988,-15.177372],[-38.338405,-15.166714],[-38.340721,-15.156401],[-38.342944,-15.14639],[-38.345086,-15.13662],[-38.347152,-15.127076],[-38.349145,-15.117734],[-38.351072,-15.108574],[-38.354064,-15.094314],[-38.360621,-15.063197],[-38.363253,-15.050644],[-38.364916,-15.042654],[-38.366455,-15.035194],[-38.367905,-15.028119],[-38.369281,-15.021349],[-38.370786,-15.013851],[-38.372219,-15.006626],[-38.373587,-14.999624],[-38.374898,-14.992817],[-38.376159,-14.986169],[-38.377369,-14.979672],[-38.378537,-14.973307],[-38.379657,-14.967062],[-38.38165,-14.955773],[-38.382584,-14.950428],[-38.383481,-14.945242],[-38.384346,-14.940184],[-38.385182,-14.935249],[-38.385992,-14.930421],[-38.386777,-14.925689],[-38.387543,-14.921022],[-38.388285,-14.916439],[-38.389006,-14.911927],[-38.389704,-14.907484],[-38.390385,-14.903102],[-38.391049,-14.89878],[-38.391691,-14.894512],[-38.392316,-14.890297],[-38.392997,-14.885652],[-38.393656,-14.881088],[-38.394297,-14.876595],[-38.394919,-14.872172],[-38.395524,-14.86781],[-38.396112,-14.863504],[-38.396687,-14.859256],[-38.397244,-14.855059],[-38.397786,-14.850906],[-38.398313,-14.846799],[-38.398825,-14.842734],[-38.399323,-14.83871],[-38.399807,-14.834727],[-38.400277,-14.83078],[-38.400733,-14.826867],[-38.401175,-14.82299],[-38.40169,-14.818391],[-38.402188,-14.813848],[-38.40267,-14.809361],[-38.403136,-14.804923],[-38.403587,-14.800532],[-38.404023,-14.796189],[-38.404443,-14.791888],[-38.40485,-14.787627],[-38.405242,-14.783405],[-38.405619,-14.77922],[-38.405982,-14.775071],[-38.406331,-14.770955],[-38.406668,-14.766875],[-38.406989,-14.762826],[-38.407296,-14.758805],[-38.407589,-14.754815],[-38.407879,-14.750747],[-38.408158,-14.746719],[-38.408422,-14.742727],[-38.408675,-14.738772],[-38.408917,-14.734851],[-38.409148,-14.730961],[-38.409365,-14.727107],[-38.409573,-14.723281],[-38.409767,-14.719485],[-38.40995,-14.715718],[-38.410124,-14.711978],[-38.410285,-14.708265],[-38.410434,-14.704577],[-38.410572,-14.700912],[-38.410701,-14.697276],[-38.410817,-14.693661],[-38.410887,-14.691186],[-38.410955,-14.688663],[-38.411014,-14.686082],[-38.411023,-14.685693]]]}},
{"type":"Feature","properties":{"idhidrovia":200300219,"nome":"Acesso Porto de Barra do Riacho - Porto de Ilhéus","navegacao":"Navegação de Cabotagem","tipo":null,"vel_cional":25.0,"extensao":89.803265676126202,"tempo":"0d 3h 35min","cla_icacao":null,"nome_rio":null,"nom_eclusa":null,"jurisdicao":null,"reg_rafica":null,"pro_de_min":null,"pro_de_max":null,"dominio":null,"observacao":null,"snv":null,"fonte":null,"idm_origem":null,"mun_origem":null,"est_origem":null,"idm_estino":null,"mun_estino":null,"est_estino":null,"idantaq":null,"camada sim":"209","Fluxo":1026756.0},"geometry":{"type":"MultiLineString","coordinates":[[[-38.250728,-15.571134],[-38.327495,-15.665321],[-38.379226,-15.715574],[-38.438346,-15.765826],[-38.558064,-15.847115],[-38.658568,-15.912148],[-38.741335,-15.959443],[-38.81228,-15.994915],[-38.880268,-16.018564],[-38.926085,-16.028909]]]}},
{"type":"Feature","properties":{"idhidrovia":200300228,"nome":"Acesso ao Terminal de Sal","navegacao":"Navegação de Cabotagem","tipo":null,"vel_cional":22.0,"extensao":29.819851752428001,"tempo":"0d 1h 21min","cla_icacao":null,"nome_rio":null,"nom_eclusa":null,"jurisdicao":null,"reg_rafica":null,"pro_de_min":null,"pro_de_max":null,"dominio":null,"observacao":null,"snv":null,"fonte":null,"idm_origem":null,"mun_origem":null,"est_origem":null,"idm_estino":"BR240410","mun_estino":"Galinhos","est_estino":"RN","idantaq":null,"camada sim":"210","Fluxo":85914.0},"geometry":{"type":"MultiLineString","coordinates":[[[-36.374166,-4.873611],[-36.244199,-5.10864]]]}},
{"type":"Feature","properties":{"idhidrovia":200300230,"nome":"Acesso terminais Sepetiba oeste","navegacao":"Navegação Interior","tipo":null,"vel_cional":20.0,"extensao":2.0708723569291498,"tempo":"0d 0h 6min","cla_icacao":null,"nome_rio":null,"nom_eclusa":null,"jurisdicao":null,"reg_rafica":null,"pro_de_min":null,"pro_de_max":null,"dominio":null,"observacao":null,"snv":null,"fonte":null,"idm_origem":null,"mun_origem":null,"est_origem":null,"idm_estino":"BR330200","mun_estino":"Itaguaí","est_estino":"RJ","idantaq":null,"camada sim":"211","Fluxo":113886.0},"geometry":{"type":"MultiLineString","coordinates":[[[-43.837833,-22.934667],[-43.846409,-22.931903],[-43.851638,-22.928916],[-43.851843,-22.92432]]]}},
{"type":"Feature","properties":{"idhidrovia":200300232,"nome":"Acesso aos terminais de Sepetiba - leste","navegacao":"Navegação Interior","tipo":null,"vel_cional":20.0,"extensao":6.4087278369118703,"tempo":"0d 0h 19min","cla_icacao":null,"nome_rio":null,"nom_eclusa":null,"jurisdicao":null,"reg_rafica":null,"pro_de_min":null,"pro_de_max":null,"dominio":null,"observacao":null,"snv":null,"fonte":null,"idm_origem":null,"mun_origem":null,"est_origem":null,"idm_estino":null,"mun_estino":null,"est_estino":null,"idantaq":null,"camada sim":"212","Fluxo":410028.0},"geometry":{"type":"MultiLineString","coordinates":[[[-43.837833,-22.934667],[-43.820016,-22.938378],[-43.804329,-22.937381],[-43.783661,-22.934892],[-43.777124,-22.931]]]}}
]
}
