{
"type": "FeatureCollection",
"name": "TKU-2021-instalações portuaria interior",
"features": [
{"type":"Feature","properties":{"idi_tuaria":100,"idseq":0,"cdi_tuaria":"BRPA001","nome":"Terminal Trombetas","tipo":"Terminal de uso privado","cdbigrama":"BR","cdtrigrama":"BRP","cdterminal":"BRPA001","situacao":"Em Operação","gestao":"Privada","modalidade":"Terminal de uso privado","companhia":"MINERAÇÃO RIO DO NORTE","cnpj":"04932216000146","legislacao":"CA 062/2015-ANTAQ","pro_didade":null,"endereco":"PORTO TROMBETAS","com_emento":null,"numero":null,"bairro":"CENTRO","cep":"68275000","idcidade":"1505304","cidade":null,"idestado":null,"estado":null,"idr_rafica":null,"reg_rafica":null,"loc_izacao":"Trombetas","latitude":"-1.46116","longitude":"-56.3805","observacao":"Atualizado pela GAP em 27/04/2015\r\nCONTRATO DE ADESÃO Nº 062-ANT","fonte":"Antaq","cdc_troide":null,"CP_Fluxo_I":null,"CP_Fluxo_1":null,"CP_Fluxo_2":null,"CP_Fluxo_3":null,"CP_Fluxo_4":null,"CP_Fluxo_5":null,"CP_Fluxo_6":null,"CP_Fluxo_7":null,"CP_Fluxo_8":null,"CP_Fluxo_9":null,"CP_Fluxo10":null,"CP_Fluxo11":null,"layer":"TKU-interior portos","path":"D:/Users/marcos.coelho/Desktop/calculo TKU/TKU-2022/nav interior tku 2022/SHP-TKU-interior portos origem e destino/TKU-interior portos.shp"},"geometry":{"type":"Point","coordinates":[-56.380277,-1.460277]}},
{"type":"Feature","properties":{"idi_tuaria":110,"idseq":0,"cdi_tuaria":"BRMS001","nome":"Granel Química Ladário","tipo":"Terminal de uso privado","cdbigrama":"BR","cdtrigrama":"BRM","cdterminal":"BRMS001","situacao":"Em Operação","gestao":"Privada","modalidade":"Terminal de uso privado","companhia":"GRANEL QUÍMICA LTDA","cnpj":"44983435000411","legislacao":"CA 068/2015-ANTAQ","pro_didade":null,"endereco":"PORTO DE LADÁRIO LOTE S/Nº","com_emento":null,"numero":null,"bairro":"CENTRO","cep":"79370000","idcidade":"5005202","cidade":null,"idestado":null,"estado":null,"idr_rafica":null,"reg_rafica":null,"loc_izacao":"Paraguai","latitude":"-19.0047","longitude":"-57.5861","observacao":"- Atualizado pela GAP em 18/06/2015\r\nAtualizado em 12/05/2015 pe","fonte":"Antaq","cdc_troide":null,"CP_Fluxo_I":null,"CP_Fluxo_1":null,"CP_Fluxo_2":null,"CP_Fluxo_3":null,"CP_Fluxo_4":null,"CP_Fluxo_5":null,"CP_Fluxo_6":null,"CP_Fluxo_7":null,"CP_Fluxo_8":null,"CP_Fluxo_9":null,"CP_Fluxo10":null,"CP_Fluxo11":null,"layer":"TKU-interior portos","path":"D:/Users/marcos.coelho/Desktop/calculo TKU/TKU-2022/nav interior tku 2022/SHP-TKU-interior portos origem e destino/TKU-interior portos.shp"},"geometry":{"type":"Point","coordinates":[-57.586111,-19.004722]}},
{"type":"Feature","properties":{"idi_tuaria":133,"idseq":0,"cdi_tuaria":"BRRS008","nome":"Terminal Privado Copelmi","tipo":"Terminal de uso privado","cdbigrama":"BR","cdtrigrama":"BRR","cdterminal":"BRRS008","situacao":"Em Operação","gestao":"Privada","modalidade":"Terminal de uso privado","companhia":"COPELMI MINERAÇÃO LTDA.","cnpj":"33059528000438","legislacao":"CA 083/2015-ANTAQ","pro_didade":null,"endereco":"AVENIDA GEÓLOGO WHITE","com_emento":"S/Nº","numero":null,"bairro":"CENTRO","cep":"96745000","idcidade":"4305355","cidade":null,"idestado":null,"estado":null,"idr_rafica":null,"reg_rafica":null,"loc_izacao":"Taquari","latitude":null,"longitude":null,"observacao":"Atualizado pela GAP em 18/06/2015. \r\nAtualizado em 26/5/2011;","fonte":"Antaq","cdc_troide":null,"CP_Fluxo_I":null,"CP_Fluxo_1":null,"CP_Fluxo_2":null,"CP_Fluxo_3":null,"CP_Fluxo_4":null,"CP_Fluxo_5":null,"CP_Fluxo_6":null,"CP_Fluxo_7":null,"CP_Fluxo_8":null,"CP_Fluxo_9":null,"CP_Fluxo10":null,"CP_Fluxo11":null,"layer":"TKU-interior portos","path":"D:/Users/marcos.coelho/Desktop/calculo TKU/TKU-2022/nav interior tku 2022/SHP-TKU-interior portos origem e destino/TKU-interior portos.shp"},"geometry":{"type":"Point","coordinates":[-51.623888,-29.94861]}},
{"type":"Feature","properties":{"idi_tuaria":228,"idseq":0,"cdi_tuaria":"BRMS006","nome":"Terminal Intermodal Cargill - Três Lagoas","tipo":"Terminal de uso privado","cdbigrama":"BR","cdtrigrama":"BRM","cdterminal":"BRMS006","situacao":"Em Operação","gestao":"Privada","modalidade":"Terminal de uso privado","companhia":"CARGILL AGRICOLA S.A.","cnpj":"60498706029481","legislacao":"CA 055/2014-ANTAQ","pro_didade":null,"endereco":"ROD. 264 - ACESSO FERROVIÁRIO NOVO OESTE/BRASIL FERROVIAS","com_emento":null,"numero":null,"bairro":"PARQUE INDUSTRIAL","cep":"79610090","idcidade":"5008305","cidade":null,"idestado":null,"estado":null,"idr_rafica":null,"reg_rafica":null,"loc_izacao":"Paraná","latitude":"-20.8056","longitude":"-51.6419","observacao":"Atualizado pela GAP em 29/04/2015.\r\nCONTRATO DE ADESÃO Nº 55/201","fonte":"Antaq","cdc_troide":null,"CP_Fluxo_I":null,"CP_Fluxo_1":null,"CP_Fluxo_2":null,"CP_Fluxo_3":null,"CP_Fluxo_4":null,"CP_Fluxo_5":null,"CP_Fluxo_6":null,"CP_Fluxo_7":null,"CP_Fluxo_8":null,"CP_Fluxo_9":null,"CP_Fluxo10":null,"CP_Fluxo11":null,"layer":"TKU-interior portos","path":"D:/Users/marcos.coelho/Desktop/calculo TKU/TKU-2022/nav interior tku 2022/SHP-TKU-interior portos origem e destino/TKU-interior portos.shp"},"geometry":{"type":"Point","coordinates":[-51.641944,-20.805555]}},
{"type":"Feature","properties":{"idi_tuaria":1260,"idseq":0,"cdi_tuaria":"BR260","nome":"Ladário","tipo":"Porto Público","cdbigrama":"BR","cdtrigrama":"260","cdterminal":null,"situacao":"Inoperante","gestao":"Desconhecida","modalidade":null,"companhia":null,"cnpj":null,"legislacao":null,"pro_didade":null,"endereco":null,"com_emento":null,"numero":null,"bairro":null,"cep":null,"idcidade":"BR500520","cidade":"Ladário","idestado":"BR50","estado":"MS","idr_rafica":3,"reg_rafica":"Região Hidrográfica do Paraguai","loc_izacao":"Rio Paraguai","latitude":"-19.001245°","longitude":"-57.599152°","observacao":null,"fonte":"SNV/ANTAQ/LabTrans","cdc_troide":"BR260","CP_Fluxo_I":null,"CP_Fluxo_1":null,"CP_Fluxo_2":null,"CP_Fluxo_3":null,"CP_Fluxo_4":null,"CP_Fluxo_5":null,"CP_Fluxo_6":null,"CP_Fluxo_7":null,"CP_Fluxo_8":null,"CP_Fluxo_9":null,"CP_Fluxo10":null,"CP_Fluxo11":null,"layer":"TKU-interior portos","path":"D:/Users/marcos.coelho/Desktop/calculo TKU/TKU-2022/nav interior tku 2022/SHP-TKU-interior portos origem e destino/TKU-interior portos.shp"},"geometry":{"type":"Point","coordinates":[-57.599152,-19.001245]}},
{"type":"Feature","properties":{"idi_tuaria":1284,"idseq":0,"cdi_tuaria":"BR284","nome":"Porto Barragem de Jupiá","tipo":"Porto Público","cdbigrama":"BR","cdtrigrama":"284","cdterminal":null,"situacao":"Planejado","gestao":"Desconhecida","modalidade":null,"companhia":null,"cnpj":null,"legislacao":null,"pro_didade":null,"endereco":null,"com_emento":null,"numero":null,"bairro":null,"cep":null,"idcidade":"BR500830","cidade":"Três Lagoas","idestado":"BR50","estado":"MS","idr_rafica":11,"reg_rafica":"Região Hidrográfica do Paraná","loc_izacao":"Rio Paraná","latitude":"-20.78374°","longitude":"-51.637023°","observacao":null,"fonte":"SNV/ANTAQ/LabTrans","cdc_troide":"BRMS006","CP_Fluxo_I":null,"CP_Fluxo_1":null,"CP_Fluxo_2":null,"CP_Fluxo_3":null,"CP_Fluxo_4":null,"CP_Fluxo_5":null,"CP_Fluxo_6":null,"CP_Fluxo_7":null,"CP_Fluxo_8":null,"CP_Fluxo_9":null,"CP_Fluxo10":null,"CP_Fluxo11":null,"layer":"TKU-interior portos","path":"D:/Users/marcos.coelho/Desktop/calculo TKU/TKU-2022/nav interior tku 2022/SHP-TKU-interior portos origem e destino/TKU-interior portos.shp"},"geometry":{"type":"Point","coordinates":[-51.637023,-20.78374]}},
{"type":"Feature","properties":{"idi_tuaria":1290,"idseq":0,"cdi_tuaria":"BRSOS","nome":"São Simão","tipo":"Porto Público","cdbigrama":"BR","cdtrigrama":"SOS","cdterminal":null,"situacao":"Planejado","gestao":"Desconhecida","modalidade":null,"companhia":"DNPVN/DNIT","cnpj":null,"legislacao":"Lei 9.852/99","pro_didade":null,"endereco":null,"com_emento":null,"numero":null,"bairro":null,"cep":null,"idcidade":"BR522040","cidade":"São Simão","idestado":"BR52","estado":"GO","idr_rafica":11,"reg_rafica":"Região Hidrográfica do Paraná","loc_izacao":"Rio Paranaíba","latitude":"-19.064299°","longitude":"-50.517°","observacao":null,"fonte":"SNV/DNIT","cdc_troide":"BRSOS","CP_Fluxo_I":null,"CP_Fluxo_1":null,"CP_Fluxo_2":null,"CP_Fluxo_3":null,"CP_Fluxo_4":null,"CP_Fluxo_5":null,"CP_Fluxo_6":null,"CP_Fluxo_7":null,"CP_Fluxo_8":null,"CP_Fluxo_9":null,"CP_Fluxo10":null,"CP_Fluxo11":null,"layer":"TKU-interior portos","path":"D:/Users/marcos.coelho/Desktop/calculo TKU/TKU-2022/nav interior tku 2022/SHP-TKU-interior portos origem e destino/TKU-interior portos.shp"},"geometry":{"type":"Point","coordinates":[-50.517,-19.064299]}},
{"type":"Feature","properties":{"idi_tuaria":300108,"idseq":0,"cdi_tuaria":"BRTO001","nome":"Porto Praia Norte","tipo":"Estação de transbordo de cargas","cdbigrama":"BR","cdtrigrama":"BRT","cdterminal":"BRTO001","situacao":"Em Operação","gestao":"Privada","modalidade":"Estação de transbordo de cargas","companhia":"PORTO PRAIA NORTE OPERAÇÕES PORTUÁRIAS E SER","cnpj":"13002778000181","legislacao":"CA 021/2014-SEP/PR","pro_didade":null,"endereco":"AVENIDA TOCANTIS","com_emento":null,"numero":1,"bairro":"INDUSTRIAL","cep":"77970000","idcidade":"1718303","cidade":null,"idestado":null,"estado":null,"idr_rafica":null,"reg_rafica":null,"loc_izacao":"Tocantins","latitude":"-33","longitude":"-33","observacao":"TLO 28/2018-SOG (operação parcial): A emissão do TLO integral fi","fonte":"Antaq","cdc_troide":null,"CP_Fluxo_I":null,"CP_Fluxo_1":null,"CP_Fluxo_2":null,"CP_Fluxo_3":null,"CP_Fluxo_4":null,"CP_Fluxo_5":null,"CP_Fluxo_6":null,"CP_Fluxo_7":null,"CP_Fluxo_8":null,"CP_Fluxo_9":null,"CP_Fluxo10":null,"CP_Fluxo11":null,"layer":"TKU-interior portos","path":"D:/Users/marcos.coelho/Desktop/calculo TKU/TKU-2022/nav interior tku 2022/SHP-TKU-interior portos origem e destino/TKU-interior portos.shp"},"geometry":{"type":"Point","coordinates":[-47.817222,-5.388611]}},
{"type":"Feature","properties":{"idi_tuaria":300111,"idseq":0,"cdi_tuaria":"BRGO009","nome":"Caramuru Alimentos São Simão","tipo":"Terminal de uso privado","cdbigrama":"BR","cdtrigrama":"BRG","cdterminal":"BRGO009","situacao":"Em Operação","gestao":"Privada","modalidade":"Terminal de uso privado","companhia":"CARAMURU ALIMENTOS S.A.","cnpj":"00080671000371","legislacao":"CA 028/2014-SEP/PR","pro_didade":null,"endereco":"Avenida Eliezer Oliveira Guimarães, Módulo 10","com_emento":null,"numero":null,"bairro":"Distrito Agroindustrial","cep":"75890000","idcidade":"5220405","cidade":null,"idestado":null,"estado":null,"idr_rafica":null,"reg_rafica":null,"loc_izacao":"Tietê","latitude":"-19.0683","longitude":"-50.5172","observacao":"Atualizado pela GAP em 14/09/2016 - TLO 014/2016-SOG pulicado no","fonte":"Antaq","cdc_troide":null,"CP_Fluxo_I":null,"CP_Fluxo_1":null,"CP_Fluxo_2":null,"CP_Fluxo_3":null,"CP_Fluxo_4":null,"CP_Fluxo_5":null,"CP_Fluxo_6":null,"CP_Fluxo_7":null,"CP_Fluxo_8":null,"CP_Fluxo_9":null,"CP_Fluxo10":null,"CP_Fluxo11":null,"layer":"TKU-interior portos","path":"D:/Users/marcos.coelho/Desktop/calculo TKU/TKU-2022/nav interior tku 2022/SHP-TKU-interior portos origem e destino/TKU-interior portos.shp"},"geometry":{"type":"Point","coordinates":[-50.517222,-19.068333]}},
{"type":"Feature","properties":{"idi_tuaria":300112,"idseq":0,"cdi_tuaria":"BRGO008","nome":"Estação Caramuru","tipo":"Estação de transbordo de cargas","cdbigrama":"BR","cdtrigrama":"BRG","cdterminal":"BRGO008","situacao":"Em Operação","gestao":"Privada","modalidade":"Estação de transbordo de cargas","companhia":"CARAMURU ALIMENTOS S.A.","cnpj":"00080671000100","legislacao":"CA 027/2014-SEP/PR","pro_didade":null,"endereco":"Avenida Eliezer Oliveira Guimarães, Módulo 5","com_emento":null,"numero":null,"bairro":"Distrito Agroindustrial","cep":"0","idcidade":"5220405","cidade":null,"idestado":null,"estado":null,"idr_rafica":null,"reg_rafica":null,"loc_izacao":"Tietê","latitude":null,"longitude":null,"observacao":"Atualizado pela GAP em 14/09/2016. TLO 13/2016-SOG publicado no","fonte":"Antaq","cdc_troide":null,"CP_Fluxo_I":null,"CP_Fluxo_1":null,"CP_Fluxo_2":null,"CP_Fluxo_3":null,"CP_Fluxo_4":null,"CP_Fluxo_5":null,"CP_Fluxo_6":null,"CP_Fluxo_7":null,"CP_Fluxo_8":null,"CP_Fluxo_9":null,"CP_Fluxo10":null,"CP_Fluxo11":null,"layer":"TKU-interior portos","path":"D:/Users/marcos.coelho/Desktop/calculo TKU/TKU-2022/nav interior tku 2022/SHP-TKU-interior portos origem e destino/TKU-interior portos.shp"},"geometry":{"type":"Point","coordinates":[-50.515555,-19.065]}},
{"type":"Feature","properties":{"idi_tuaria":300174,"idseq":0,"cdi_tuaria":"BRPA059","nome":"Mineração Rio do Norte - Rampa de Suprimentos","tipo":"Registro - Instalação rudimentar","cdbigrama":"BR","cdtrigrama":"BRP","cdterminal":"BRPA059","situacao":"Em Operação","gestao":"Privada","modalidade":"Registro - Instalação rudimentar","companhia":"MINERAÇÃO RIO DO NORTE","cnpj":"04932216000146","legislacao":"Res. 4195/2015","pro_didade":null,"endereco":"Rua Rio Jari","com_emento":"S/Nº","numero":null,"bairro":"Porto Trombetas","cep":"68275000","idcidade":"1505304","cidade":null,"idestado":null,"estado":null,"idr_rafica":null,"reg_rafica":null,"loc_izacao":"Trombetas","latitude":null,"longitude":null,"observacao":"Cadastro realizado pela GAP em 25/06/2015","fonte":"Antaq","cdc_troide":null,"CP_Fluxo_I":null,"CP_Fluxo_1":null,"CP_Fluxo_2":null,"CP_Fluxo_3":null,"CP_Fluxo_4":null,"CP_Fluxo_5":null,"CP_Fluxo_6":null,"CP_Fluxo_7":null,"CP_Fluxo_8":null,"CP_Fluxo_9":null,"CP_Fluxo10":null,"CP_Fluxo11":null,"layer":"TKU-interior portos","path":"D:/Users/marcos.coelho/Desktop/calculo TKU/TKU-2022/nav interior tku 2022/SHP-TKU-interior portos origem e destino/TKU-interior portos.shp"},"geometry":{"type":"Point","coordinates":[-56.376111,-1.460833]}},
{"type":"Feature","properties":{"idi_tuaria":300175,"idseq":0,"cdi_tuaria":"BRPA060","nome":"Mineração Rio do Norte - Pátio de Toras","tipo":"Registro - Instalação rudimentar","cdbigrama":"BR","cdtrigrama":"BRP","cdterminal":"BRPA060","situacao":"Em Operação","gestao":"Privada","modalidade":"Registro - Instalação rudimentar","companhia":"MINERAÇÃO RIO DO NORTE","cnpj":"04932216000146","legislacao":"Res. 4196/2015","pro_didade":null,"endereco":"Rua Rio Jari","com_emento":"S/Nº","numero":null,"bairro":"Porto Trombetas","cep":"68275000","idcidade":"1505304","cidade":null,"idestado":null,"estado":null,"idr_rafica":null,"reg_rafica":null,"loc_izacao":"Trombetas","latitude":null,"longitude":null,"observacao":"Cadastro realizado pela GAP em 25/06/2015","fonte":"Antaq","cdc_troide":null,"CP_Fluxo_I":null,"CP_Fluxo_1":null,"CP_Fluxo_2":null,"CP_Fluxo_3":null,"CP_Fluxo_4":null,"CP_Fluxo_5":null,"CP_Fluxo_6":null,"CP_Fluxo_7":null,"CP_Fluxo_8":null,"CP_Fluxo_9":null,"CP_Fluxo10":null,"CP_Fluxo11":null,"layer":"TKU-interior portos","path":"D:/Users/marcos.coelho/Desktop/calculo TKU/TKU-2022/nav interior tku 2022/SHP-TKU-interior portos origem e destino/TKU-interior portos.shp"},"geometry":{"type":"Point","coordinates":[-56.382777,-1.461111]}},
{"type":"Feature","properties":{"idi_tuaria":300176,"idseq":0,"cdi_tuaria":"BRPA062","nome":"Mineração Rio do Norte - Balsa Matuera","tipo":"Registro - Instalação rudimentar","cdbigrama":"BR","cdtrigrama":"BRP","cdterminal":"BRPA062","situacao":"Em Operação","gestao":"Privada","modalidade":"Registro - Instalação rudimentar","companhia":"MINERAÇÃO RIO DO NORTE","cnpj":"04932216000146","legislacao":"Res. 4289/2015","pro_didade":null,"endereco":"Rua Rio Jari","com_emento":"S/N","numero":null,"bairro":"Porto Trombeta","cep":"68275000","idcidade":"1505304","cidade":null,"idestado":null,"estado":null,"idr_rafica":null,"reg_rafica":null,"loc_izacao":"Trombetas","latitude":null,"longitude":null,"observacao":"Cadastro realizado pela GAP em 04/09/2015 com base na Publicação","fonte":"Antaq","cdc_troide":null,"CP_Fluxo_I":null,"CP_Fluxo_1":null,"CP_Fluxo_2":null,"CP_Fluxo_3":null,"CP_Fluxo_4":null,"CP_Fluxo_5":null,"CP_Fluxo_6":null,"CP_Fluxo_7":null,"CP_Fluxo_8":null,"CP_Fluxo_9":null,"CP_Fluxo10":null,"CP_Fluxo11":null,"layer":"TKU-interior portos","path":"D:/Users/marcos.coelho/Desktop/calculo TKU/TKU-2022/nav interior tku 2022/SHP-TKU-interior portos origem e destino/TKU-interior portos.shp"},"geometry":{"type":"Point","coordinates":[-56.376666,-1.460555]}},
{"type":"Feature","properties":{"idi_tuaria":300548,"idseq":0,"cdi_tuaria":"BRGO010","nome":"ETC ADM Armazens Gerais São Simão","tipo":"Estação de transbordo de cargas","cdbigrama":"BR","cdtrigrama":"BRG","cdterminal":"BRGO010","situacao":"Construção Concluída","gestao":"Privada","modalidade":"Estação de transbordo de cargas","companhia":"ADM ARMAZENS GERAIS LTDA","cnpj":"36320794003214","legislacao":"CA 11/2019-MINFRA","pro_didade":null,"endereco":"AV ELIEZER DE OLIVEIRA GUIMARAES","com_emento":null,"numero":null,"bairro":"DISTRITO AGROINDUSTRIAL","cep":"75890000","idcidade":"5220405","cidade":null,"idestado":null,"estado":null,"idr_rafica":null,"reg_rafica":null,"loc_izacao":"Paranaíba","latitude":"-19.0665","longitude":"-50.5176","observacao":"Atualizado pela GAP em 18/11/2019","fonte":"Antaq","cdc_troide":null,"CP_Fluxo_I":null,"CP_Fluxo_1":null,"CP_Fluxo_2":null,"CP_Fluxo_3":null,"CP_Fluxo_4":null,"CP_Fluxo_5":null,"CP_Fluxo_6":null,"CP_Fluxo_7":null,"CP_Fluxo_8":null,"CP_Fluxo_9":null,"CP_Fluxo10":null,"CP_Fluxo11":null,"layer":"TKU-interior portos","path":"D:/Users/marcos.coelho/Desktop/calculo TKU/TKU-2022/nav interior tku 2022/SHP-TKU-interior portos origem e destino/TKU-interior portos.shp"},"geometry":{"type":"Point","coordinates":[-50.517,-19.065999]}},
{"type":"Feature","properties":{"idi_tuaria":300564,"idseq":0,"cdi_tuaria":"BRPA209","nome":"Base de Oriximiná - BARIX","tipo":"Estação de transbordo de cargas","cdbigrama":"BR","cdtrigrama":"BRP","cdterminal":"BRPA209","situacao":"Em Operação","gestao":"Privada","modalidade":"Estação de transbordo de cargas","companhia":"PETROBRAS DISTRIBUIDORA S.A.","cnpj":"34274233014588","legislacao":"CA 07/2019-MINFRA","pro_didade":null,"endereco":"Margem Direita do Rio Trombetas","com_emento":null,"numero":null,"bairro":"Porto Trombetas","cep":"68275000","idcidade":"1505304","cidade":null,"idestado":null,"estado":null,"idr_rafica":null,"reg_rafica":null,"loc_izacao":"Trombetas","latitude":"-1.46162","longitude":"-56.3839","observacao":"Cadastro GAP 05/11/2019; Processo SEI 50300.007906/2017-03","fonte":"Antaq","cdc_troide":null,"CP_Fluxo_I":null,"CP_Fluxo_1":null,"CP_Fluxo_2":null,"CP_Fluxo_3":null,"CP_Fluxo_4":null,"CP_Fluxo_5":null,"CP_Fluxo_6":null,"CP_Fluxo_7":null,"CP_Fluxo_8":null,"CP_Fluxo_9":null,"CP_Fluxo10":null,"CP_Fluxo11":null,"layer":"TKU-interior portos","path":"D:/Users/marcos.coelho/Desktop/calculo TKU/TKU-2022/nav interior tku 2022/SHP-TKU-interior portos origem e destino/TKU-interior portos.shp"},"geometry":{"type":"Point","coordinates":[-56.383899,-1.461621]}},
{"type":"Feature","properties":{"idi_tuaria":300592,"idseq":0,"cdi_tuaria":"BRMS013","nome":"JDS Turismo","tipo":"Registro - Instalação de apoio","cdbigrama":"BR","cdtrigrama":"BRM","cdterminal":"BRMS013","situacao":"Em Operação","gestao":"Privada","modalidade":"Registro - Instalação de apoio","companhia":"J D SANTANA EIRELI","cnpj":"37205671000107","legislacao":"Res. 7683-ANTAQ","pro_didade":null,"endereco":"Rua do Porto","com_emento":null,"numero":543,"bairro":"Centro","cep":"79370000","idcidade":"5005202","cidade":null,"idestado":null,"estado":null,"idr_rafica":null,"reg_rafica":null,"loc_izacao":"Paraguai","latitude":"-19.0005","longitude":"-57.6027","observacao":"Cadastro GAP 28/04/2020\r\nProcesso SEI 50300.013889/2019-05","fonte":"Antaq","cdc_troide":null,"CP_Fluxo_I":null,"CP_Fluxo_1":null,"CP_Fluxo_2":null,"CP_Fluxo_3":null,"CP_Fluxo_4":null,"CP_Fluxo_5":null,"CP_Fluxo_6":null,"CP_Fluxo_7":null,"CP_Fluxo_8":null,"CP_Fluxo_9":null,"CP_Fluxo10":null,"CP_Fluxo11":null,"layer":"TKU-interior portos","path":"D:/Users/marcos.coelho/Desktop/calculo TKU/TKU-2022/nav interior tku 2022/SHP-TKU-interior portos origem e destino/TKU-interior portos.shp"},"geometry":{"type":"Point","coordinates":[-57.602715,-19.000464]}},
{"type":"Feature","properties":{"idi_tuaria":5,"idseq":0,"cdi_tuaria":"BRBEL","nome":"Belém  ","tipo":"Porto Organizado","cdbigrama":"BR","cdtrigrama":"BEL","cdterminal":null,"situacao":"Operando","gestao":"SEP","modalidade":"https://www.cdp.com.br/home","companhia":"Companhia Docas do Pará - CDP","cnpj":null,"legislacao":"Lei 5.917/73","pro_didade":9.0,"endereco":"Avenida Presidente Vargas","com_emento":"Em frente à Ilha das Onças","numero":41,"bairro":null,"cep":"66010000","idcidade":"BR150140","cidade":"Belém","idestado":"BR15","estado":"PA","idr_rafica":10,"reg_rafica":"Região Hidrográfica do Tocantins","loc_izacao":"Margem direita da Baía de Guajará","latitude":"-1.445278°","longitude":"-48.497777°","observacao":null,"fonte":"ANTAQ","cdc_troide":"BRBEL","CP_Fluxo_I":"34","CP_Fluxo_1":"Portos","CP_Fluxo_2":"Vila Do Conde","CP_Fluxo_3":"Origem","CP_Fluxo_4":"0","CP_Fluxo_5":"Portos","CP_Fluxo_6":"Belém","CP_Fluxo_7":"Destino","CP_Fluxo_8":"4","CP_Fluxo_9":"32068,04","CP_Fluxo10":"t","CP_Fluxo11":"Interior","layer":"TKU-interior portos destino","path":"D:/Users/marcos.coelho/Desktop/calculo TKU/TKU-2022/nav interior tku 2022/SHP-TKU-interior portos origem e destino/TKU-interior portos destino.shp"},"geometry":{"type":"Point","coordinates":[-48.497777,-1.445278]}},
{"type":"Feature","properties":{"idi_tuaria":16,"idseq":0,"cdi_tuaria":"BRMCP","nome":"Macapá","tipo":"Porto Organizado","cdbigrama":"BR","cdtrigrama":"MCP","cdterminal":null,"situacao":"Operando","gestao":"SEP","modalidade":"http://www.docasdesantana.com.br/","companhia":"Companhia Docas de Santana - CDSA","cnpj":null,"legislacao":null,"pro_didade":12.0,"endereco":"Avenida Dante Micheline","com_emento":"Canal de Santana, em frente à ilha de mesmo nome","numero":5500,"bairro":"Jardim Camburi","cep":"29090900","idcidade":"BR160060","cidade":"Santana","idestado":"BR16","estado":"AP","idr_rafica":9,"reg_rafica":"Região Hidrográfica Amazônica","loc_izacao":"Margem esquerda do Rio Amazonas","latitude":"-0.055555°","longitude":"-51.166666°","observacao":null,"fonte":"ANTAQ","cdc_troide":"BRMCP","CP_Fluxo_I":"300105","CP_Fluxo_1":"Portos","CP_Fluxo_2":"Estação Cianport Miritituba","CP_Fluxo_3":"Origem","CP_Fluxo_4":"0","CP_Fluxo_5":"Portos","CP_Fluxo_6":"Santana","CP_Fluxo_7":"Destino","CP_Fluxo_8":"4","CP_Fluxo_9":"150628,638","CP_Fluxo10":"t","CP_Fluxo11":"Interior","layer":"TKU-interior portos destino","path":"D:/Users/marcos.coelho/Desktop/calculo TKU/TKU-2022/nav interior tku 2022/SHP-TKU-interior portos origem e destino/TKU-interior portos destino.shp"},"geometry":{"type":"Point","coordinates":[-51.166666,-0.055555]}},
{"type":"Feature","properties":{"idi_tuaria":22,"idseq":0,"cdi_tuaria":"BRPET","nome":"Pelotas  ","tipo":"Porto Organizado","cdbigrama":"BR","cdtrigrama":"PET","cdterminal":null,"situacao":"Operando","gestao":"SEP","modalidade":"http://www.sph.rs.gov.br/sph_2006/content/porto_pel/porto_pel_apresentacao.php","companhia":null,"cnpj":null,"legislacao":null,"pro_didade":null,"endereco":null,"com_emento":null,"numero":null,"bairro":null,"cep":null,"idcidade":"BR431440","cidade":"Pelotas","idestado":"BR43","estado":"RS","idr_rafica":2,"reg_rafica":"Região Hidrográfica Atlântico Sul","loc_izacao":null,"latitude":"-31.781943°","longitude":"-52.333888°","observacao":null,"fonte":"ANTAQ","cdc_troide":"BRPET","CP_Fluxo_I":"218","CP_Fluxo_1":"Portos","CP_Fluxo_2":"Cmpc Guaíba","CP_Fluxo_3":"Origem","CP_Fluxo_4":"0","CP_Fluxo_5":"Portos","CP_Fluxo_6":"Pelotas","CP_Fluxo_7":"Destino","CP_Fluxo_8":"4","CP_Fluxo_9":"0,213","CP_Fluxo10":"t","CP_Fluxo11":"Interior","layer":"TKU-interior portos destino","path":"D:/Users/marcos.coelho/Desktop/calculo TKU/TKU-2022/nav interior tku 2022/SHP-TKU-interior portos origem e destino/TKU-interior portos destino.shp"},"geometry":{"type":"Point","coordinates":[-52.333888,-31.781943]}},
{"type":"Feature","properties":{"idi_tuaria":23,"idseq":0,"cdi_tuaria":"BRPOA","nome":"Porto Alegre  ","tipo":"Porto Organizado","cdbigrama":"BR","cdtrigrama":"POA","cdterminal":null,"situacao":"Operando","gestao":"SEP","modalidade":"http://www.sph.rs.gov.br/sph_2006/content/porto_poa/porto_poa_apresentacao.php","companhia":"Superintendência de Portos e Hidrovias do Ri","cnpj":null,"legislacao":null,"pro_didade":5.2,"endereco":"Avenida Mauá","com_emento":null,"numero":1050,"bairro":"Centro","cep":"90010110","idcidade":"BR431490","cidade":"Porto Alegre","idestado":"BR43","estado":"RS","idr_rafica":2,"reg_rafica":"Região Hidrográfica Atlântico Sul","loc_izacao":"Margem esquerda do Rio Guaíba","latitude":"-30.007221°","longitude":"-51.211111°","observacao":null,"fonte":"ANTAQ","cdc_troide":"BRPOA","CP_Fluxo_I":"27","CP_Fluxo_1":"Portos","CP_Fluxo_2":"Rio Grande","CP_Fluxo_3":"Origem","CP_Fluxo_4":"0","CP_Fluxo_5":"Portos","CP_Fluxo_6":"Porto Alegre","CP_Fluxo_7":"Destino","CP_Fluxo_8":"4","CP_Fluxo_9":"7854,29","CP_Fluxo10":"t","CP_Fluxo11":"Interior","layer":"TKU-interior portos destino","path":"D:/Users/marcos.coelho/Desktop/calculo TKU/TKU-2022/nav interior tku 2022/SHP-TKU-interior portos origem e destino/TKU-interior portos destino.shp"},"geometry":{"type":"Point","coordinates":[-51.211111,-30.007221]}},
{"type":"Feature","properties":{"idi_tuaria":24,"idseq":0,"cdi_tuaria":"BRPVH","nome":"Porto Velho  ","tipo":"Porto Organizado","cdbigrama":"BR","cdtrigrama":"PVH","cdterminal":null,"situacao":"Operando","gestao":"SEP","modalidade":"http://www.rondonia.ro.gov.br/soph/sobre/sobre-a-soph/","companhia":"Sociedade de Portos e Hidrovias de Rondônia","cnpj":null,"legislacao":null,"pro_didade":2.5,"endereco":"Rua Terminal do Milagres","com_emento":"Distante 2km da cidade de Porto Velho","numero":400,"bairro":"Bairro da Balsa","cep":"78900750","idcidade":"BR110020","cidade":"Porto Velho","idestado":"BR11","estado":"RO","idr_rafica":9,"reg_rafica":"Região Hidrográfica Amazônica","loc_izacao":"Margem direita do Rio Madeira","latitude":"-8.748889°","longitude":"-63.91527800000001°","observacao":null,"fonte":"ANTAQ","cdc_troide":"BRPVH","CP_Fluxo_I":"172","CP_Fluxo_1":"Portos","CP_Fluxo_2":"Terminal Graneleiro Hermasa","CP_Fluxo_3":"Origem","CP_Fluxo_4":"0","CP_Fluxo_5":"Portos","CP_Fluxo_6":"Porto Velho","CP_Fluxo_7":"Destino","CP_Fluxo_8":"4","CP_Fluxo_9":"27133,21","CP_Fluxo10":"t","CP_Fluxo11":"Interior","layer":"TKU-interior portos destino","path":"D:/Users/marcos.coelho/Desktop/calculo TKU/TKU-2022/nav interior tku 2022/SHP-TKU-interior portos origem e destino/TKU-interior portos destino.shp"},"geometry":{"type":"Point","coordinates":[-63.915278,-8.748889]}},
{"type":"Feature","properties":{"idi_tuaria":27,"idseq":0,"cdi_tuaria":"BRRIG","nome":"Rio Grande  ","tipo":"Porto Organizado","cdbigrama":"BR","cdtrigrama":"RIG","cdterminal":null,"situacao":"Operando","gestao":"SEP","modalidade":"http://www.portoriogrande.com.br/site/index.php","companhia":"Superintendência de Portos e Hidrovias do Ri","cnpj":null,"legislacao":null,"pro_didade":14.0,"endereco":"Avenida Honório Bicalho","com_emento":"Caixa Postal 198. Liga a Lagoa dos Patos ao oceano Atlântico","numero":null,"bairro":null,"cep":"96201020","idcidade":"BR431560","cidade":"Rio Grande","idestado":"BR43","estado":"RS","idr_rafica":2,"reg_rafica":"Região Hidrográfica Atlântico Sul","loc_izacao":"Margem direita do Canal do Norte","latitude":"-32.042499°","longitude":"-52.075555°","observacao":null,"fonte":"ANTAQ","cdc_troide":"BRRIG","CP_Fluxo_I":"22","CP_Fluxo_1":"Portos","CP_Fluxo_2":"Pelotas","CP_Fluxo_3":"Origem","CP_Fluxo_4":"0","CP_Fluxo_5":"Portos","CP_Fluxo_6":"Rio Grande","CP_Fluxo_7":"Destino","CP_Fluxo_8":"4","CP_Fluxo_9":"2997,76","CP_Fluxo10":"t","CP_Fluxo11":"Interior","layer":"TKU-interior portos destino","path":"D:/Users/marcos.coelho/Desktop/calculo TKU/TKU-2022/nav interior tku 2022/SHP-TKU-interior portos origem e destino/TKU-interior portos destino.shp"},"geometry":{"type":"Point","coordinates":[-52.075555,-32.042499]}},
{"type":"Feature","properties":{"idi_tuaria":29,"idseq":0,"cdi_tuaria":"BRSTM","nome":"Santarém  ","tipo":"Porto Organizado","cdbigrama":"BR","cdtrigrama":"STM","cdterminal":null,"situacao":"Operando","gestao":"SEP","modalidade":"https://www.cdp.com.br/porto-de-santarem","companhia":"Companhia Docas do Pará - CDP","cnpj":null,"legislacao":null,"pro_didade":11.5,"endereco":"Avenida Cuiabá","com_emento":"Próximo a confluência com o Rio Amazonas","numero":null,"bairro":null,"cep":"68040400","idcidade":"BR150680","cidade":"Santarém","idestado":"BR15","estado":"PA","idr_rafica":9,"reg_rafica":"Região Hidrográfica Amazônica","loc_izacao":"Margem direita do Rio Tapajós","latitude":"-2.415°","longitude":"-54.737499°","observacao":null,"fonte":"ANTAQ","cdc_troide":"BRSTM","CP_Fluxo_I":"24","CP_Fluxo_1":"Portos","CP_Fluxo_2":"Porto Velho","CP_Fluxo_3":"Origem","CP_Fluxo_4":"0","CP_Fluxo_5":"Portos","CP_Fluxo_6":"Santarém","CP_Fluxo_7":"Destino","CP_Fluxo_8":"4","CP_Fluxo_9":"1561400,03","CP_Fluxo10":"t","CP_Fluxo11":"Interior","layer":"TKU-interior portos destino","path":"D:/Users/marcos.coelho/Desktop/calculo TKU/TKU-2022/nav interior tku 2022/SHP-TKU-interior portos origem e destino/TKU-interior portos destino.shp"},"geometry":{"type":"Point","coordinates":[-54.737499,-2.415]}},
{"type":"Feature","properties":{"idi_tuaria":34,"idseq":0,"cdi_tuaria":"BRVDC","nome":"Vila do Conde ","tipo":"Porto Organizado","cdbigrama":"BR","cdtrigrama":"VDC","cdterminal":null,"situacao":"Operando","gestao":"SEP","modalidade":"http://www2.cdp.com.br/forms/porto_vila_conde.aspx","companhia":"Companhia Docas do Pará - CDP","cnpj":null,"legislacao":null,"pro_didade":13.0,"endereco":"Rodovia PA483","com_emento":null,"numero":null,"bairro":"Bairro Vila do Conde","cep":null,"idcidade":"BR150130","cidade":"Barcarena","idestado":"BR15","estado":"PA","idr_rafica":10,"reg_rafica":"Região Hidrográfica do Tocantins","loc_izacao":"Rio Pará","latitude":"-1.544167°","longitude":"-48.747777°","observacao":null,"fonte":"ANTAQ","cdc_troide":"BRVDC","CP_Fluxo_I":"100","CP_Fluxo_1":"Portos","CP_Fluxo_2":"Terminal Trombetas","CP_Fluxo_3":"Origem","CP_Fluxo_4":"0","CP_Fluxo_5":"Portos","CP_Fluxo_6":"Vila Do Conde","CP_Fluxo_7":"Destino","CP_Fluxo_8":"4","CP_Fluxo_9":"0,72","CP_Fluxo10":"t","CP_Fluxo11":"Interior","layer":"TKU-interior portos destino","path":"D:/Users/marcos.coelho/Desktop/calculo TKU/TKU-2022/nav interior tku 2022/SHP-TKU-interior portos origem e destino/TKU-interior portos destino.shp"},"geometry":{"type":"Point","coordinates":[-48.747777,-1.544167]}},
{"type":"Feature","properties":{"idi_tuaria":111,"idseq":0,"cdi_tuaria":"BRPA005","nome":"Terminal Ponta da Montanha","tipo":"Terminal de uso privado","cdbigrama":"BR","cdtrigrama":"BRP","cdterminal":"BRPA005","situacao":"Em Operação","gestao":"Privada","modalidade":"Terminal de uso privado","companhia":"TERMINAL DE GRAOS PONTA DA MONTANHA S.A.","cnpj":"17441792000213","legislacao":"CA 001/2014-ANTAQ","pro_didade":null,"endereco":"ESTRADA PONTA DA MONTANHA","com_emento":"S/Nº - KM 07","numero":null,"bairro":"VILA DO CONDE","cep":"68445000","idcidade":"1501303","cidade":null,"idestado":null,"estado":null,"idr_rafica":null,"reg_rafica":null,"loc_izacao":"Tocantins","latitude":"-1.56944","longitude":"-48.7817","observacao":"Atualizado pela GAAP em 27/04/2015 \r\nExtrato de Adesão 01/2014-A","fonte":"Antaq","cdc_troide":null,"CP_Fluxo_I":"24","CP_Fluxo_1":"Portos","CP_Fluxo_2":"Porto Velho","CP_Fluxo_3":"Origem","CP_Fluxo_4":"0","CP_Fluxo_5":"Portos","CP_Fluxo_6":"Terminal Ponta Da Montanha","CP_Fluxo_7":"Destino","CP_Fluxo_8":"4","CP_Fluxo_9":"64542,4","CP_Fluxo10":"t","CP_Fluxo11":"Interior","layer":"TKU-interior portos destino","path":"D:/Users/marcos.coelho/Desktop/calculo TKU/TKU-2022/nav interior tku 2022/SHP-TKU-interior portos origem e destino/TKU-interior portos destino.shp"},"geometry":{"type":"Point","coordinates":[-48.781666,-1.569444]}},
{"type":"Feature","properties":{"idi_tuaria":114,"idseq":0,"cdi_tuaria":"BRRS003","nome":"Terminal Santa Clara","tipo":"Terminal de uso privado","cdbigrama":"BR","cdtrigrama":"BRR","cdterminal":"BRRS003","situacao":"Em Operação","gestao":"Privada","modalidade":"Terminal de uso privado","companhia":"BRASKEM S.A.","cnpj":"42150391003862","legislacao":"CA 043/2014-ANTAQ","pro_didade":null,"endereco":"BR-386 - RODOVIA TABAÍ/CANOAS KM 419","com_emento":"PÓLO PETROQUÍMICO - VIA CONTORNO","numero":850,"bairro":"PASSO RASO","cep":"95853000","idcidade":"4322004","cidade":null,"idestado":null,"estado":null,"idr_rafica":null,"reg_rafica":null,"loc_izacao":"Canal Santa Clara","latitude":"-29.9014","longitude":"-51.3744","observacao":"Atualizado em 28/04/2015 pela GAP\r\nA Copesul S/A foi incorporada","fonte":"Antaq","cdc_troide":null,"CP_Fluxo_I":"27","CP_Fluxo_1":"Portos","CP_Fluxo_2":"Rio Grande","CP_Fluxo_3":"Origem","CP_Fluxo_4":"0","CP_Fluxo_5":"Portos","CP_Fluxo_6":"Terminal Santa Clara","CP_Fluxo_7":"Destino","CP_Fluxo_8":"4","CP_Fluxo_9":"23736,25","CP_Fluxo10":"t","CP_Fluxo11":"Interior","layer":"TKU-interior portos destino","path":"D:/Users/marcos.coelho/Desktop/calculo TKU/TKU-2022/nav interior tku 2022/SHP-TKU-interior portos origem e destino/TKU-interior portos destino.shp"},"geometry":{"type":"Point","coordinates":[-51.374443,-29.901389]}},
{"type":"Feature","properties":{"idi_tuaria":123,"idseq":0,"cdi_tuaria":"BRRO005","nome":"Passarão","tipo":"Terminal de uso privado","cdbigrama":"BR","cdtrigrama":"BRR","cdterminal":"BRRO005","situacao":"Em Operação","gestao":"Privada","modalidade":"Terminal de uso privado","companhia":"J F DE OLIVEIRA NAVEGACAO LTDA","cnpj":"22797070000236","legislacao":"CA 105/2016-ANTAQ","pro_didade":null,"endereco":"ESTRADA DO BELMONT","com_emento":"S/N KM 04","numero":null,"bairro":"NACIONAL","cep":"78903400","idcidade":"1100205","cidade":null,"idestado":null,"estado":null,"idr_rafica":null,"reg_rafica":null,"loc_izacao":"Madeira","latitude":"-8.71583","longitude":"-63.92","observacao":"Atualizado pela GAP em 24/03/2016.","fonte":"Antaq","cdc_troide":null,"CP_Fluxo_I":"134","CP_Fluxo_1":"Portos","CP_Fluxo_2":"J. F. De Oliveira - Manaus","CP_Fluxo_3":"Origem","CP_Fluxo_4":"0","CP_Fluxo_5":"Portos","CP_Fluxo_6":"Passarão","CP_Fluxo_7":"Destino","CP_Fluxo_8":"4","CP_Fluxo_9":"41,103","CP_Fluxo10":"t","CP_Fluxo11":"Interior","layer":"TKU-interior portos destino","path":"D:/Users/marcos.coelho/Desktop/calculo TKU/TKU-2022/nav interior tku 2022/SHP-TKU-interior portos origem e destino/TKU-interior portos destino.shp"},"geometry":{"type":"Point","coordinates":[-63.92,-8.715833]}},
{"type":"Feature","properties":{"idi_tuaria":126,"idseq":0,"cdi_tuaria":"BRRS006","nome":"Bianchini Canoas","tipo":"Terminal de uso privado","cdbigrama":"BR","cdtrigrama":"BRR","cdterminal":"BRRS006","situacao":"Em Operação","gestao":"Privada","modalidade":"Terminal de uso privado","companhia":"BIANCHINI SA INDUSTRIA COMERCIO E AGRICULTUR","cnpj":"87548020000260","legislacao":"CA 035/2014 -ANTAQ","pro_didade":null,"endereco":"RUA ANTÔNIO JOÃO BIANCHINI","com_emento":null,"numero":1800,"bairro":"MATO GRANDE","cep":"92320141","idcidade":"4304606","cidade":null,"idestado":null,"estado":null,"idr_rafica":null,"reg_rafica":null,"loc_izacao":"Sinos","latitude":"-29.9161","longitude":"-51.2397","observacao":"Atualizado pela GAP em 28/04/2015. \r\nO terminal encontra-se entr","fonte":"Antaq","cdc_troide":null,"CP_Fluxo_I":"27","CP_Fluxo_1":"Portos","CP_Fluxo_2":"Rio Grande","CP_Fluxo_3":"Origem","CP_Fluxo_4":"0","CP_Fluxo_5":"Portos","CP_Fluxo_6":"Bianchini Canoas","CP_Fluxo_7":"Destino","CP_Fluxo_8":"4","CP_Fluxo_9":"3222","CP_Fluxo10":"t","CP_Fluxo11":"Interior","layer":"TKU-interior portos destino","path":"D:/Users/marcos.coelho/Desktop/calculo TKU/TKU-2022/nav interior tku 2022/SHP-TKU-interior portos origem e destino/TKU-interior portos destino.shp"},"geometry":{"type":"Point","coordinates":[-51.239722,-29.916111]}},
{"type":"Feature","properties":{"idi_tuaria":134,"idseq":0,"cdi_tuaria":"BRAM001","nome":"J. F. de Oliveira - Manaus","tipo":"Terminal de uso privado","cdbigrama":"BR","cdtrigrama":"BRA","cdterminal":"BRAM001","situacao":"Em Operação","gestao":"Privada","modalidade":"Terminal de uso privado","companhia":"J.F. DE OLIVEIRA NAVEGAÇÃO LTDA","cnpj":"22797070000317","legislacao":"CA 018/2014-ANTAQ","pro_didade":null,"endereco":"RODOVIA BR-319","com_emento":null,"numero":286,"bairro":"DISTRITO INDUSTRIAL","cep":"69075830","idcidade":"1302603","cidade":null,"idestado":null,"estado":null,"idr_rafica":null,"reg_rafica":null,"loc_izacao":"Negro","latitude":"-3.13523","longitude":"-59.9401","observacao":"Atualizado pela GAP em 28/04/2015. \r\nCONTRATO DE ADESÃO Nº 18/20","fonte":"Antaq","cdc_troide":null,"CP_Fluxo_I":"167","CP_Fluxo_1":"Portos","CP_Fluxo_2":"Terminal J. F. De Oliveira De Belém","CP_Fluxo_3":"Origem","CP_Fluxo_4":"0","CP_Fluxo_5":"Portos","CP_Fluxo_6":"J. F. De Oliveira - Manaus","CP_Fluxo_7":"Destino","CP_Fluxo_8":"4","CP_Fluxo_9":"2601,712","CP_Fluxo10":"t","CP_Fluxo11":"Interior","layer":"TKU-interior portos destino","path":"D:/Users/marcos.coelho/Desktop/calculo TKU/TKU-2022/nav interior tku 2022/SHP-TKU-interior portos origem e destino/TKU-interior portos destino.shp"},"geometry":{"type":"Point","coordinates":[-59.938333,-3.135555]}},
{"type":"Feature","properties":{"idi_tuaria":138,"idseq":0,"cdi_tuaria":"BRRO003","nome":"Terminal Fogás","tipo":"Terminal de uso privado","cdbigrama":"BR","cdtrigrama":"BRR","cdterminal":"BRRO003","situacao":"Em Operação","gestao":"Privada","modalidade":"Terminal de uso privado","companhia":"SOCIEDADE FOGAS LTDA","cnpj":"04563672000409","legislacao":"CA 103/2016-ANTAQ","pro_didade":null,"endereco":"Avenida dos Imigrantes","com_emento":null,"numero":101,"bairro":"São Sebastião","cep":"76801799","idcidade":"1100205","cidade":null,"idestado":null,"estado":null,"idr_rafica":null,"reg_rafica":null,"loc_izacao":"Madeira","latitude":"-8.73444","longitude":"-63.9194","observacao":"Atualizado pela GAP em 19/02/2016.","fonte":"Antaq","cdc_troide":null,"CP_Fluxo_I":"158","CP_Fluxo_1":"Portos","CP_Fluxo_2":"Terminal Aquaviário Solimões - Coari","CP_Fluxo_3":"Origem","CP_Fluxo_4":"0","CP_Fluxo_5":"Portos","CP_Fluxo_6":"Terminal Fogás","CP_Fluxo_7":"Destino","CP_Fluxo_8":"4","CP_Fluxo_9":"9474,95","CP_Fluxo10":"t","CP_Fluxo11":"Interior","layer":"TKU-interior portos destino","path":"D:/Users/marcos.coelho/Desktop/calculo TKU/TKU-2022/nav interior tku 2022/SHP-TKU-interior portos origem e destino/TKU-interior portos destino.shp"},"geometry":{"type":"Point","coordinates":[-63.919443,-8.734443]}},
{"type":"Feature","properties":{"idi_tuaria":141,"idseq":0,"cdi_tuaria":"BRAM006","nome":"Porto Chibatão","tipo":"Terminal de uso privado","cdbigrama":"BR","cdtrigrama":"BRA","cdterminal":"BRAM006","situacao":"Em Operação","gestao":"Privada","modalidade":"Terminal de uso privado","companhia":"CHIBATÃO - NAVEGAÇÃO E COMÉRCIO LTDA","cnpj":"84098383000172","legislacao":"CA 03/2018-MTPA","pro_didade":null,"endereco":"RUA ZEBU","com_emento":null,"numero":201,"bairro":"COLÔNIA OLIVEIRA MACHADO","cep":"69073670","idcidade":"1302603","cidade":null,"idestado":null,"estado":null,"idr_rafica":null,"reg_rafica":null,"loc_izacao":"Negro","latitude":"-3.15574","longitude":"-59.9897","observacao":"Atualizado GAP em 23/07/18 atualizada a área do TUP e novo TLO 2","fonte":"Antaq","cdc_troide":null,"CP_Fluxo_I":"34","CP_Fluxo_1":"Portos","CP_Fluxo_2":"Vila Do Conde","CP_Fluxo_3":"Origem","CP_Fluxo_4":"0","CP_Fluxo_5":"Portos","CP_Fluxo_6":"Porto Chibatão","CP_Fluxo_7":"Destino","CP_Fluxo_8":"4","CP_Fluxo_9":"33,3","CP_Fluxo10":"t","CP_Fluxo11":"Interior","layer":"TKU-interior portos destino","path":"D:/Users/marcos.coelho/Desktop/calculo TKU/TKU-2022/nav interior tku 2022/SHP-TKU-interior portos origem e destino/TKU-interior portos destino.shp"},"geometry":{"type":"Point","coordinates":[-59.99111,-3.16]}},
{"type":"Feature","properties":{"idi_tuaria":154,"idseq":0,"cdi_tuaria":"BRAM007","nome":"Chibatão Navegação e Comércio","tipo":"Terminal de uso privado","cdbigrama":"BR","cdtrigrama":"BRA","cdterminal":"BRAM007","situacao":"Em Operação","gestao":"Privada","modalidade":"Terminal de uso privado","companhia":"CHIBATÃO NAVEGAÇÃO E COMÉRCIO LTDA","cnpj":"84098383000415","legislacao":"CA 020/2014-ANTAQ","pro_didade":null,"endereco":"Av. Presidente Kennedy","com_emento":null,"numero":1850,"bairro":"Colônia Oliveira Machado","cep":"69074000","idcidade":"1302603","cidade":null,"idestado":null,"estado":null,"idr_rafica":null,"reg_rafica":null,"loc_izacao":"Negro","latitude":"-3.15496","longitude":"-59.9932","observacao":"Atualizado em 28/04/2015 pela GAP.\r\nData da última atualização:","fonte":"Antaq","cdc_troide":null,"CP_Fluxo_I":"167","CP_Fluxo_1":"Portos","CP_Fluxo_2":"Terminal J. F. De Oliveira De Belém","CP_Fluxo_3":"Origem","CP_Fluxo_4":"0","CP_Fluxo_5":"Portos","CP_Fluxo_6":"Chibatão Navegação E Comércio","CP_Fluxo_7":"Destino","CP_Fluxo_8":"4","CP_Fluxo_9":"3305,598","CP_Fluxo10":"t","CP_Fluxo11":"Interior","layer":"TKU-interior portos destino","path":"D:/Users/marcos.coelho/Desktop/calculo TKU/TKU-2022/nav interior tku 2022/SHP-TKU-interior portos origem e destino/TKU-interior portos destino.shp"},"geometry":{"type":"Point","coordinates":[-59.993056,-3.156667]}},
{"type":"Feature","properties":{"idi_tuaria":157,"idseq":0,"cdi_tuaria":"BRAM008","nome":"Ibepar","tipo":"Terminal de uso privado","cdbigrama":"BR","cdtrigrama":"BRA","cdterminal":"BRAM008","situacao":"Em Operação","gestao":"Privada","modalidade":"Terminal de uso privado","companhia":"IBEPAR PARTICIPAÇÕES LTDA","cnpj":"02941212000107","legislacao":"CA 045/2014-ANTAQ","pro_didade":null,"endereco":"RUA COMENDADOR GUTEMBERG","com_emento":null,"numero":1,"bairro":"PONTA NEGRA","cep":"69037004","idcidade":"1302603","cidade":null,"idestado":null,"estado":null,"idr_rafica":null,"reg_rafica":null,"loc_izacao":"Negro","latitude":"-3.09203","longitude":"-60.0742","observacao":"Atualizado em 28/04/2015 pela GAP.\r\nCONTRATO DE ADESÃO Nº 45/201","fonte":"Antaq","cdc_troide":null,"CP_Fluxo_I":"187","CP_Fluxo_1":"Portos","CP_Fluxo_2":"Bertolini - Santarém","CP_Fluxo_3":"Origem","CP_Fluxo_4":"0","CP_Fluxo_5":"Portos","CP_Fluxo_6":"Ibepar","CP_Fluxo_7":"Destino","CP_Fluxo_8":"4","CP_Fluxo_9":"7","CP_Fluxo10":"t","CP_Fluxo11":"Interior","layer":"TKU-interior portos destino","path":"D:/Users/marcos.coelho/Desktop/calculo TKU/TKU-2022/nav interior tku 2022/SHP-TKU-interior portos origem e destino/TKU-interior portos destino.shp"},"geometry":{"type":"Point","coordinates":[-60.076667,-3.095556]}},
{"type":"Feature","properties":{"idi_tuaria":161,"idseq":0,"cdi_tuaria":"BRRO002","nome":"Belmont","tipo":"Terminal de uso privado","cdbigrama":"BR","cdtrigrama":"BRR","cdterminal":"BRRO002","situacao":"Em Operação","gestao":"Privada","modalidade":"Terminal de uso privado","companhia":"J F DE OLIVEIRA NAVEGACAO LTDA","cnpj":"22797070000589","legislacao":"CA 104/2016-ANTAQ","pro_didade":null,"endereco":"ESTRADA DO BELMONT","com_emento":"Km 06, S/N","numero":null,"bairro":"Nacional","cep":"78903400","idcidade":"1100205","cidade":null,"idestado":null,"estado":null,"idr_rafica":null,"reg_rafica":null,"loc_izacao":"Madeira","latitude":"-8.72028","longitude":"-63.92","observacao":"Atualizado pela GAP em 24/03/2016.\r\nCADASTRO ATUALIZADO GAP EM 2","fonte":"Antaq","cdc_troide":null,"CP_Fluxo_I":"134","CP_Fluxo_1":"Portos","CP_Fluxo_2":"J. F. De Oliveira - Manaus","CP_Fluxo_3":"Origem","CP_Fluxo_4":"0","CP_Fluxo_5":"Portos","CP_Fluxo_6":"Belmont","CP_Fluxo_7":"Destino","CP_Fluxo_8":"4","CP_Fluxo_9":"4130,116","CP_Fluxo10":"t","CP_Fluxo11":"Interior","layer":"TKU-interior portos destino","path":"D:/Users/marcos.coelho/Desktop/calculo TKU/TKU-2022/nav interior tku 2022/SHP-TKU-interior portos origem e destino/TKU-interior portos destino.shp"},"geometry":{"type":"Point","coordinates":[-63.92,-8.720277]}},
{"type":"Feature","properties":{"idi_tuaria":163,"idseq":0,"cdi_tuaria":"BRAM011","nome":"Terminal Aquaviário de Manaus","tipo":"Terminal de uso privado","cdbigrama":"BR","cdtrigrama":"BRA","cdterminal":"BRAM011","situacao":"Em Operação","gestao":"Privada","modalidade":"Terminal de uso privado","companhia":"PETROBRAS TRANSPORTE S/A","cnpj":"02709449006270","legislacao":"CA 074/2015-ANTAQ","pro_didade":null,"endereco":"RUA RIO QUIXITO","com_emento":null,"numero":1,"bairro":"VILA BURITI","cep":"69011960","idcidade":"1302603","cidade":null,"idestado":null,"estado":null,"idr_rafica":null,"reg_rafica":null,"loc_izacao":"Negro","latitude":"-3.15139","longitude":"-59.9514","observacao":"Atualizado pela GAP em 07/07/2015","fonte":"Antaq","cdc_troide":null,"CP_Fluxo_I":"158","CP_Fluxo_1":"Portos","CP_Fluxo_2":"Terminal Aquaviário Solimões - Coari","CP_Fluxo_3":"Origem","CP_Fluxo_4":"0","CP_Fluxo_5":"Portos","CP_Fluxo_6":"Terminal Aquaviário De Manaus","CP_Fluxo_7":"Destino","CP_Fluxo_8":"4","CP_Fluxo_9":"94062,503","CP_Fluxo10":"t","CP_Fluxo11":"Interior","layer":"TKU-interior portos destino","path":"D:/Users/marcos.coelho/Desktop/calculo TKU/TKU-2022/nav interior tku 2022/SHP-TKU-interior portos origem e destino/TKU-interior portos destino.shp"},"geometry":{"type":"Point","coordinates":[-59.951667,-3.149722]}},
{"type":"Feature","properties":{"idi_tuaria":164,"idseq":0,"cdi_tuaria":"BRAM012","nome":"Super Terminais Comércio e Indústria","tipo":"Terminal de uso privado","cdbigrama":"BR","cdtrigrama":"BRA","cdterminal":"BRAM012","situacao":"Em Operação","gestao":"Privada","modalidade":"Terminal de uso privado","companhia":"SUPER TERMINAIS COMERCIO E INDUSTRIA LTDA","cnpj":"04335535000255","legislacao":"CA 051/2014-ANTAQ","pro_didade":null,"endereco":"RUA PONTA GROSSA","com_emento":null,"numero":256,"bairro":"COLÔNIA OLIVEIRA MACHADO","cep":"69074190","idcidade":"1302603","cidade":null,"idestado":null,"estado":null,"idr_rafica":null,"reg_rafica":null,"loc_izacao":"Negro","latitude":"-3.15694","longitude":"-59.9986","observacao":"Atualizado em 28/04/2015 pela GAP -\r\nCONTRATO DE ADESÃO Nº 51/20","fonte":"Antaq","cdc_troide":null,"CP_Fluxo_I":"34","CP_Fluxo_1":"Portos","CP_Fluxo_2":"Vila Do Conde","CP_Fluxo_3":"Origem","CP_Fluxo_4":"0","CP_Fluxo_5":"Portos","CP_Fluxo_6":"Super Terminais Comércio E Indústria","CP_Fluxo_7":"Destino","CP_Fluxo_8":"4","CP_Fluxo_9":"51,963","CP_Fluxo10":"t","CP_Fluxo11":"Interior","layer":"TKU-interior portos destino","path":"D:/Users/marcos.coelho/Desktop/calculo TKU/TKU-2022/nav interior tku 2022/SHP-TKU-interior portos origem e destino/TKU-interior portos destino.shp"},"geometry":{"type":"Point","coordinates":[-59.99861,-3.156944]}},
{"type":"Feature","properties":{"idi_tuaria":167,"idseq":0,"cdi_tuaria":"BRPA013","nome":"Terminal J. F. de Oliveira de Belém","tipo":"Terminal de uso privado","cdbigrama":"BR","cdtrigrama":"BRP","cdterminal":"BRPA013","situacao":"Em Operação","gestao":"Privada","modalidade":"Terminal de uso privado","companhia":"J F DE OLIVEIRA NAVEGAÇÃO LTDA","cnpj":"22797070000406","legislacao":"CA 053/2014-ANTAQ","pro_didade":null,"endereco":"RODOVIA ARTHUR BERNARDES","com_emento":"LOTE 19/20","numero":null,"bairro":"ICOARACI","cep":"68464000","idcidade":"1501402","cidade":null,"idestado":null,"estado":null,"idr_rafica":null,"reg_rafica":null,"loc_izacao":"Guamá","latitude":"-1.35609","longitude":"-48.4775","observacao":"Atualizado pela GAP em 28/04/2015\r\nCONTRATO DE ADESÃO Nº 53/2014","fonte":"Antaq","cdc_troide":null,"CP_Fluxo_I":"134","CP_Fluxo_1":"Portos","CP_Fluxo_2":"J. F. De Oliveira - Manaus","CP_Fluxo_3":"Origem","CP_Fluxo_4":"0","CP_Fluxo_5":"Portos","CP_Fluxo_6":"Terminal J. F. De Oliveira De Belém","CP_Fluxo_7":"Destino","CP_Fluxo_8":"4","CP_Fluxo_9":"16455,428","CP_Fluxo10":"t","CP_Fluxo11":"Interior","layer":"TKU-interior portos destino","path":"D:/Users/marcos.coelho/Desktop/calculo TKU/TKU-2022/nav interior tku 2022/SHP-TKU-interior portos origem e destino/TKU-interior portos destino.shp"},"geometry":{"type":"Point","coordinates":[-48.481389,-1.356111]}},
{"type":"Feature","properties":{"idi_tuaria":170,"idseq":0,"cdi_tuaria":"BRAM013","nome":"Ocrim","tipo":"Terminal de uso privado","cdbigrama":"BR","cdtrigrama":"BRA","cdterminal":"BRAM013","situacao":"Em Operação","gestao":"Privada","modalidade":"Terminal de uso privado","companhia":"OCRIM S.A. PRODUTOS ALIMENTÍCIOS","cnpj":"61065199000635","legislacao":"CA 011/2014-ANTAQ","pro_didade":null,"endereco":"DESEMBARGADOR FELISMINO SOARES","com_emento":null,"numero":1000,"bairro":"COLÔNIA OLIVEIRA MACHADO","cep":"69070620","idcidade":"1302603","cidade":null,"idestado":null,"estado":null,"idr_rafica":null,"reg_rafica":null,"loc_izacao":"Negro","latitude":"-3.15107","longitude":"-60.0058","observacao":"Atualizado pela GAP em 28/04/2015. \r\nAtualizado em 24/03/2015 pe","fonte":"Antaq","cdc_troide":null,"CP_Fluxo_I":"5","CP_Fluxo_1":"Portos","CP_Fluxo_2":"Belém","CP_Fluxo_3":"Origem","CP_Fluxo_4":"0","CP_Fluxo_5":"Portos","CP_Fluxo_6":"Ocrim","CP_Fluxo_7":"Destino","CP_Fluxo_8":"4","CP_Fluxo_9":"3714,12","CP_Fluxo10":"t","CP_Fluxo11":"Interior","layer":"TKU-interior portos destino","path":"D:/Users/marcos.coelho/Desktop/calculo TKU/TKU-2022/nav interior tku 2022/SHP-TKU-interior portos origem e destino/TKU-interior portos destino.shp"},"geometry":{"type":"Point","coordinates":[-60.005555,-3.151388]}},
{"type":"Feature","properties":{"idi_tuaria":172,"idseq":0,"cdi_tuaria":"BRAM014","nome":"Terminal Graneleiro Hermasa","tipo":"Terminal de uso privado","cdbigrama":"BR","cdtrigrama":"BRA","cdterminal":"BRAM014","situacao":"Em Operação","gestao":"Privada","modalidade":"Terminal de uso privado","companhia":"HERMASA NAVEGAÇÃO DA AMAZÔNIA S.A.","cnpj":"84590892000207","legislacao":"CA 031/2014-ANTAQ","pro_didade":null,"endereco":"ESTRADA DAS INDÚSTRIAS","com_emento":"KM 7,5","numero":null,"bairro":"ZONA URBANA","cep":"69100000","idcidade":"1301902","cidade":null,"idestado":null,"estado":null,"idr_rafica":null,"reg_rafica":null,"loc_izacao":"Amazonas","latitude":"-3.13594","longitude":"-58.4831","observacao":"Em 10/12/2018 - GAP área da instalação alterada para 270.923,00m","fonte":"Antaq","cdc_troide":null,"CP_Fluxo_I":"300071","CP_Fluxo_1":"Portos","CP_Fluxo_2":"Terminal De Expedição De Grãos Portochuelo","CP_Fluxo_3":"Origem","CP_Fluxo_4":"0","CP_Fluxo_5":"Portos","CP_Fluxo_6":"Terminal Graneleiro Hermasa","CP_Fluxo_7":"Destino","CP_Fluxo_8":"4","CP_Fluxo_9":"1714369,439","CP_Fluxo10":"t","CP_Fluxo11":"Interior","layer":"TKU-interior portos destino","path":"D:/Users/marcos.coelho/Desktop/calculo TKU/TKU-2022/nav interior tku 2022/SHP-TKU-interior portos origem e destino/TKU-interior portos destino.shp"},"geometry":{"type":"Point","coordinates":[-58.483611,-3.136111]}},
{"type":"Feature","properties":{"idi_tuaria":182,"idseq":0,"cdi_tuaria":"BRPA016","nome":"Bertolini - Belém","tipo":"Terminal de uso privado","cdbigrama":"BR","cdtrigrama":"BRP","cdterminal":"BRPA016","situacao":"Em Operação","gestao":"Privada","modalidade":"Terminal de uso privado","companhia":"TRANSPORTES BERTOLINI LTDA","cnpj":"04503660000570","legislacao":"CA 044/2014-ANTAQ","pro_didade":null,"endereco":"RODOVIA ARTHUR BERNARDES","com_emento":"KM 14","numero":6971,"bairro":"ICOARACI","cep":"66825000","idcidade":"1501402","cidade":null,"idestado":null,"estado":null,"idr_rafica":null,"reg_rafica":null,"loc_izacao":"Guamá","latitude":"-1.3503","longitude":"-48.4771","observacao":"Atualizado pela GAP em 28/04/2015. \r\nCONTRATO DE ADESÃO 44/2014-","fonte":"Antaq","cdc_troide":null,"CP_Fluxo_I":"157","CP_Fluxo_1":"Portos","CP_Fluxo_2":"Ibepar","CP_Fluxo_3":"Origem","CP_Fluxo_4":"0","CP_Fluxo_5":"Portos","CP_Fluxo_6":"Bertolini - Belém","CP_Fluxo_7":"Destino","CP_Fluxo_8":"4","CP_Fluxo_9":"127237","CP_Fluxo10":"t","CP_Fluxo11":"Interior","layer":"TKU-interior portos destino","path":"D:/Users/marcos.coelho/Desktop/calculo TKU/TKU-2022/nav interior tku 2022/SHP-TKU-interior portos origem e destino/TKU-interior portos destino.shp"},"geometry":{"type":"Point","coordinates":[-48.480832,-1.35111]}},
{"type":"Feature","properties":{"idi_tuaria":187,"idseq":0,"cdi_tuaria":"BRPA017","nome":"Bertolini - Santarém","tipo":"Terminal de uso privado","cdbigrama":"BR","cdtrigrama":"BRP","cdterminal":"BRPA017","situacao":"Em Operação","gestao":"Privada","modalidade":"Terminal de uso privado","companhia":"TRANSPORTES BERTOLINI LTDA","cnpj":"04503660001380","legislacao":"CA 067/2015-ANTAQ","pro_didade":null,"endereco":"AV. ANTÔNIO SIMÕES","com_emento":"DISTRITO INDUSTRIAL","numero":457,"bairro":"PRAINHA","cep":"68010380","idcidade":"1506807","cidade":null,"idestado":null,"estado":null,"idr_rafica":null,"reg_rafica":null,"loc_izacao":"Tapajós","latitude":"-2.42673","longitude":"-54.6955","observacao":"Atualização da GAP em 23/07/2018- atualizado área total já ampli","fonte":"Antaq","cdc_troide":null,"CP_Fluxo_I":"157","CP_Fluxo_1":"Portos","CP_Fluxo_2":"Ibepar","CP_Fluxo_3":"Origem","CP_Fluxo_4":"0","CP_Fluxo_5":"Portos","CP_Fluxo_6":"Bertolini - Santarém","CP_Fluxo_7":"Destino","CP_Fluxo_8":"4","CP_Fluxo_9":"7","CP_Fluxo10":"t","CP_Fluxo11":"Interior","layer":"TKU-interior portos destino","path":"D:/Users/marcos.coelho/Desktop/calculo TKU/TKU-2022/nav interior tku 2022/SHP-TKU-interior portos origem e destino/TKU-interior portos destino.shp"},"geometry":{"type":"Point","coordinates":[-54.694443,-2.426388]}},
{"type":"Feature","properties":{"idi_tuaria":199,"idseq":0,"cdi_tuaria":"BRPA018","nome":"TERFRON","tipo":"Terminal de uso privado","cdbigrama":"BR","cdtrigrama":"BRP","cdterminal":"BRPA018","situacao":"Em Operação","gestao":"Privada","modalidade":"Terminal de uso privado","companhia":"NAVEGAÇÕES UNIDAS TAPAJÓS S/A","cnpj":"11338257000174","legislacao":"CA 085/2015-ANTAQ","pro_didade":null,"endereco":"AV. BEIRA MAR (RUA 3 DE OUTUBRO)","com_emento":"S/Nº","numero":null,"bairro":"VILA ITUPANEMA","cep":"68447000","idcidade":"1501303","cidade":null,"idestado":null,"estado":null,"idr_rafica":null,"reg_rafica":null,"loc_izacao":"Tocantins","latitude":"-1.49611","longitude":"-48.7272","observacao":"TLO 9/2020 SEI 0977417 - HTI 3/2020 SEI 0977454\r\n1° Termo Aditiv","fonte":"Antaq","cdc_troide":null,"CP_Fluxo_I":"300078","CP_Fluxo_1":"Portos","CP_Fluxo_2":"Terfron Itaituba","CP_Fluxo_3":"Origem","CP_Fluxo_4":"0","CP_Fluxo_5":"Portos","CP_Fluxo_6":"Terfron","CP_Fluxo_7":"Destino","CP_Fluxo_8":"4","CP_Fluxo_9":"1625760,857","CP_Fluxo10":"t","CP_Fluxo11":"Interior","layer":"TKU-interior portos destino","path":"D:/Users/marcos.coelho/Desktop/calculo TKU/TKU-2022/nav interior tku 2022/SHP-TKU-interior portos origem e destino/TKU-interior portos destino.shp"},"geometry":{"type":"Point","coordinates":[-48.727221,-1.49611]}},
{"type":"Feature","properties":{"idi_tuaria":211,"idseq":0,"cdi_tuaria":"BRRO007","nome":"AIVEL","tipo":"Terminal de uso privado","cdbigrama":"BR","cdtrigrama":"BRR","cdterminal":"BRRO007","situacao":"Em Operação","gestao":"Privada","modalidade":"Terminal de uso privado","companhia":"PETROLEO SABBA SA","cnpj":"04169215000191","legislacao":"CA 06/2017-ANTAQ","pro_didade":null,"endereco":"ESTRADA DO BELMONT","com_emento":null,"numero":10268,"bairro":"KM 8","cep":"78903400","idcidade":"1100205","cidade":null,"idestado":null,"estado":null,"idr_rafica":null,"reg_rafica":null,"loc_izacao":"Madeira","latitude":"-8.70986","longitude":"-63.9197","observacao":"Atualizado pela GAP em 03/07/2017.","fonte":"Antaq","cdc_troide":null,"CP_Fluxo_I":"300597","CP_Fluxo_1":"Portos","CP_Fluxo_2":"Petróleo Sabbá - Terminal Manaus","CP_Fluxo_3":"Origem","CP_Fluxo_4":"0","CP_Fluxo_5":"Portos","CP_Fluxo_6":"Aivel","CP_Fluxo_7":"Destino","CP_Fluxo_8":"4","CP_Fluxo_9":"1385,972","CP_Fluxo10":"t","CP_Fluxo11":"Interior","layer":"TKU-interior portos destino","path":"D:/Users/marcos.coelho/Desktop/calculo TKU/TKU-2022/nav interior tku 2022/SHP-TKU-interior portos origem e destino/TKU-interior portos destino.shp"},"geometry":{"type":"Point","coordinates":[-63.919722,-8.709861]}},
{"type":"Feature","properties":{"idi_tuaria":212,"idseq":0,"cdi_tuaria":"BRRS002","nome":"Terbian - Terminal Bianchini","tipo":"Terminal de uso privado","cdbigrama":"BR","cdtrigrama":"BRR","cdterminal":"BRRS002","situacao":"Em Operação","gestao":"Privada","modalidade":"Terminal de uso privado","companhia":"BIANCHINI S/A INDUSTRIA COMERCIO E AGRICULTU","cnpj":"87548020002042","legislacao":"CA 036/2014-ANTAQ","pro_didade":null,"endereco":"AV. ALMIRANTE MAXIMIANO FONSECA","com_emento":"4ª Secção da barra","numero":4950,"bairro":"DISTRITO INDUSTRIAL","cep":"96204040","idcidade":"4315602","cidade":null,"idestado":null,"estado":null,"idr_rafica":null,"reg_rafica":null,"loc_izacao":null,"latitude":null,"longitude":null,"observacao":"2º Termo Aditivo - DOU 12/04/2018 - Altera o texto da Subcláusul","fonte":"Antaq","cdc_troide":null,"CP_Fluxo_I":"126","CP_Fluxo_1":"Portos","CP_Fluxo_2":"Bianchini Canoas","CP_Fluxo_3":"Origem","CP_Fluxo_4":"0","CP_Fluxo_5":"Portos","CP_Fluxo_6":"Terbian - Terminal Bianchini","CP_Fluxo_7":"Destino","CP_Fluxo_8":"4","CP_Fluxo_9":"11600,502","CP_Fluxo10":"t","CP_Fluxo11":"Interior","layer":"TKU-interior portos destino","path":"D:/Users/marcos.coelho/Desktop/calculo TKU/TKU-2022/nav interior tku 2022/SHP-TKU-interior portos origem e destino/TKU-interior portos destino.shp"},"geometry":{"type":"Point","coordinates":[-52.103194,-32.103332]}},
{"type":"Feature","properties":{"idi_tuaria":220,"idseq":0,"cdi_tuaria":"BRRS014","nome":"Supergasbrás","tipo":"Terminal de uso privado","cdbigrama":"BR","cdtrigrama":"BRR","cdterminal":"BRRS014","situacao":"Em Operação","gestao":"Privada","modalidade":"Terminal de uso privado","companhia":"SUPERGASBRAS ENERGIA LTDA .","cnpj":"19791896011803","legislacao":"CA 059/2015-ANTAQ","pro_didade":null,"endereco":"RUA PRIMAVERA","com_emento":null,"numero":2710,"bairro":"VILA RIO BRANCO","cep":"92200300","idcidade":"4304606","cidade":null,"idestado":null,"estado":null,"idr_rafica":null,"reg_rafica":null,"loc_izacao":"Sinos","latitude":null,"longitude":null,"observacao":"Atualizado pela GAP em 28/04/2015.\r\nPROCESSO Nº 50300.000413/200","fonte":"Antaq","cdc_troide":null,"CP_Fluxo_I":"27","CP_Fluxo_1":"Portos","CP_Fluxo_2":"Rio Grande","CP_Fluxo_3":"Origem","CP_Fluxo_4":"0","CP_Fluxo_5":"Portos","CP_Fluxo_6":"Supergasbrás","CP_Fluxo_7":"Destino","CP_Fluxo_8":"4","CP_Fluxo_9":"2156,974","CP_Fluxo10":"t","CP_Fluxo11":"Interior","layer":"TKU-interior portos destino","path":"D:/Users/marcos.coelho/Desktop/calculo TKU/TKU-2022/nav interior tku 2022/SHP-TKU-interior portos origem e destino/TKU-interior portos destino.shp"},"geometry":{"type":"Point","coordinates":[-51.203611,-29.967916]}},
{"type":"Feature","properties":{"idi_tuaria":221,"idseq":0,"cdi_tuaria":"BRRS015","nome":"Oleoplan","tipo":"Terminal de uso privado","cdbigrama":"BR","cdtrigrama":"BRR","cdterminal":"BRRS015","situacao":"Em Operação","gestao":"Privada","modalidade":"Terminal de uso privado","companhia":"OLEOPLAN S.A. OLEOS VEGETAIS PLANALTO","cnpj":"88676127000419","legislacao":"CA 049/2014-ANTAQ","pro_didade":null,"endereco":"RUA LUIZ HENRIQUE ROESSLER","com_emento":null,"numero":430,"bairro":"RIO BRANCO","cep":"92200640","idcidade":"4304606","cidade":null,"idestado":null,"estado":null,"idr_rafica":null,"reg_rafica":null,"loc_izacao":"Sinos","latitude":null,"longitude":null,"observacao":"atualizado pela GAP em 29/04/2015.\r\nContrato de Adesão 49/2014-A","fonte":"Antaq","cdc_troide":null,"CP_Fluxo_I":"27","CP_Fluxo_1":"Portos","CP_Fluxo_2":"Rio Grande","CP_Fluxo_3":"Origem","CP_Fluxo_4":"0","CP_Fluxo_5":"Portos","CP_Fluxo_6":"Oleoplan","CP_Fluxo_7":"Destino","CP_Fluxo_8":"4","CP_Fluxo_9":"38460,66","CP_Fluxo10":"t","CP_Fluxo11":"Interior","layer":"TKU-interior portos destino","path":"D:/Users/marcos.coelho/Desktop/calculo TKU/TKU-2022/nav interior tku 2022/SHP-TKU-interior portos origem e destino/TKU-interior portos destino.shp"},"geometry":{"type":"Point","coordinates":[-51.182361,-29.968471]}},
{"type":"Feature","properties":{"idi_tuaria":223,"idseq":0,"cdi_tuaria":"BRRS016","nome":"Terminal de Gás do Sul - Tergasul","tipo":"Terminal de uso privado","cdbigrama":"BR","cdtrigrama":"BRR","cdterminal":"BRRS016","situacao":"Em Operação","gestao":"Privada","modalidade":"Terminal de uso privado","companhia":"LIQUIGAS DISTRIBUIDORA S.A.","cnpj":"60886413002514","legislacao":"CA 061/2015-ANTAQ","pro_didade":null,"endereco":"RUA PRIMAVERA","com_emento":"TÉRREO","numero":2529,"bairro":"RIO BRANCO","cep":"92200300","idcidade":"4304606","cidade":null,"idestado":null,"estado":null,"idr_rafica":null,"reg_rafica":null,"loc_izacao":"Sinos","latitude":null,"longitude":null,"observacao":"Atualizado pela GAP em 29/04/2015.\r\nAtualizado em 05/03/2015: Co","fonte":"Antaq","cdc_troide":null,"CP_Fluxo_I":"27","CP_Fluxo_1":"Portos","CP_Fluxo_2":"Rio Grande","CP_Fluxo_3":"Origem","CP_Fluxo_4":"0","CP_Fluxo_5":"Portos","CP_Fluxo_6":"Terminal De Gás Do Sul - Tergasul","CP_Fluxo_7":"Destino","CP_Fluxo_8":"4","CP_Fluxo_9":"36503,16","CP_Fluxo10":"t","CP_Fluxo11":"Interior","layer":"TKU-interior portos destino","path":"D:/Users/marcos.coelho/Desktop/calculo TKU/TKU-2022/nav interior tku 2022/SHP-TKU-interior portos origem e destino/TKU-interior portos destino.shp"},"geometry":{"type":"Point","coordinates":[-51.203749,-29.967082]}},
{"type":"Feature","properties":{"idi_tuaria":224,"idseq":0,"cdi_tuaria":"BRRS007","nome":"Terminal Portuário Bunge Alimentos","tipo":"Terminal de uso privado","cdbigrama":"BR","cdtrigrama":"BRR","cdterminal":"BRRS007","situacao":"Em Operação","gestao":"Privada","modalidade":"Terminal de uso privado","companhia":"BUNGE ALIMENTOS S/A","cnpj":"84046101030181","legislacao":"CA 064/2015-ANTAQ","pro_didade":null,"endereco":"ALMIRANTE MAXIMIANO FONSECA","com_emento":null,"numero":4350,"bairro":"DISTRITO INDUSTRIAL","cep":"96204040","idcidade":"4315602","cidade":null,"idestado":null,"estado":null,"idr_rafica":null,"reg_rafica":null,"loc_izacao":null,"latitude":null,"longitude":null,"observacao":"Atualizado pela GAP em 29/04/2015.\r\nEm 10/03/2015: CONTRATO DE A","fonte":"Antaq","cdc_troide":null,"CP_Fluxo_I":"23","CP_Fluxo_1":"Portos","CP_Fluxo_2":"Porto Alegre","CP_Fluxo_3":"Origem","CP_Fluxo_4":"0","CP_Fluxo_5":"Portos","CP_Fluxo_6":"Terminal Portuário Bunge Alimentos","CP_Fluxo_7":"Destino","CP_Fluxo_8":"4","CP_Fluxo_9":"257695,398","CP_Fluxo10":"t","CP_Fluxo11":"Interior","layer":"TKU-interior portos destino","path":"D:/Users/marcos.coelho/Desktop/calculo TKU/TKU-2022/nav interior tku 2022/SHP-TKU-interior portos origem e destino/TKU-interior portos destino.shp"},"geometry":{"type":"Point","coordinates":[-52.102499,-32.099167]}},
{"type":"Feature","properties":{"idi_tuaria":226,"idseq":0,"cdi_tuaria":"BRPA028","nome":"Base Ipiranga Santarém","tipo":"Terminal de uso privado","cdbigrama":"BR","cdtrigrama":"BRP","cdterminal":"BRPA028","situacao":"Em Operação","gestao":"Privada","modalidade":"Terminal de uso privado","companhia":"IPIRANGA PRODUTOS DE PETROLEO S.A.","cnpj":"33337122007563","legislacao":"12/2017-ANTAQ","pro_didade":null,"endereco":"AVENIDA ANTONIO SIMÕES","com_emento":null,"numero":293,"bairro":"PRAINHA","cep":"68030290","idcidade":"1506807","cidade":null,"idestado":null,"estado":null,"idr_rafica":null,"reg_rafica":null,"loc_izacao":"Tapajós","latitude":"-2.42666","longitude":"-54.6966","observacao":"Atualizado pela GAP em 16/04/2018-CA 12/2017-ANTAQ alterou també","fonte":"Antaq","cdc_troide":null,"CP_Fluxo_I":"300107","CP_Fluxo_1":"Portos","CP_Fluxo_2":"Ipiranga Manaus","CP_Fluxo_3":"Origem","CP_Fluxo_4":"0","CP_Fluxo_5":"Portos","CP_Fluxo_6":"Base Ipiranga Santarém","CP_Fluxo_7":"Destino","CP_Fluxo_8":"4","CP_Fluxo_9":"61828,107","CP_Fluxo10":"t","CP_Fluxo11":"Interior","layer":"TKU-interior portos destino","path":"D:/Users/marcos.coelho/Desktop/calculo TKU/TKU-2022/nav interior tku 2022/SHP-TKU-interior portos origem e destino/TKU-interior portos destino.shp"},"geometry":{"type":"Point","coordinates":[-54.695556,-2.425555]}},
{"type":"Feature","properties":{"idi_tuaria":235,"idseq":0,"cdi_tuaria":"BRPR006","nome":"Britânia","tipo":"Terminal de uso privado","cdbigrama":"BR","cdtrigrama":"BRP","cdterminal":"BRPR006","situacao":"INOPERANTE","gestao":"Privada","modalidade":"Terminal de uso privado","companhia":"MUNICIPIO DE PATO BRAGADO","cnpj":"95719472000105","legislacao":"Res. ANTAQ n° 2031","pro_didade":null,"endereco":"AV WILLY BARTH","com_emento":null,"numero":2885,"bairro":"CENTRO","cep":"85948000","idcidade":"4118451","cidade":null,"idestado":null,"estado":null,"idr_rafica":null,"reg_rafica":null,"loc_izacao":"Paraná","latitude":null,"longitude":null,"observacao":"Resolução nº 2.031 de 25/4/2011, por renúncia: \r\nDECLARA EXTINTA","fonte":"Antaq","cdc_troide":null,"CP_Fluxo_I":"2072","CP_Fluxo_1":"Portos","CP_Fluxo_2":"Puerto Itaipu Porã","CP_Fluxo_3":"Origem","CP_Fluxo_4":"0","CP_Fluxo_5":"Portos","CP_Fluxo_6":"Santa Helena","CP_Fluxo_7":"Destino","CP_Fluxo_8":"4","CP_Fluxo_9":"195280,3","CP_Fluxo10":"t","CP_Fluxo11":"Interior","layer":"TKU-interior portos destino","path":"D:/Users/marcos.coelho/Desktop/calculo TKU/TKU-2022/nav interior tku 2022/SHP-TKU-interior portos origem e destino/TKU-interior portos destino.shp"},"geometry":{"type":"Point","coordinates":[-54.306389,-24.651389]}},
{"type":"Feature","properties":{"idi_tuaria":801,"idseq":0,"cdi_tuaria":"BRAM017","nome":"ATR Logística - Chibatão","tipo":"Estação de transbordo de cargas","cdbigrama":"BR","cdtrigrama":"BRA","cdterminal":"BRAM017","situacao":"Em Operação","gestao":"Privada","modalidade":"Estação de transbordo de cargas","companhia":"CHIBATAO NAVEGACAO E COMERCIO LTDA","cnpj":"84098383000687","legislacao":"CA 019/2014-ANTAQ","pro_didade":null,"endereco":"AVENIDA PRESIDENTE KENNEDY","com_emento":null,"numero":1520,"bairro":"COLÔNIA OLIVEIRA MACHADO","cep":"69070625","idcidade":"1302603","cidade":null,"idestado":null,"estado":null,"idr_rafica":null,"reg_rafica":null,"loc_izacao":"Negro","latitude":"-3.15694","longitude":"-59.9958","observacao":"Atualizado pela GAP em 27/04/2015 - Contrato de Adesão 019/2014-","fonte":"Antaq","cdc_troide":null,"CP_Fluxo_I":"167","CP_Fluxo_1":"Portos","CP_Fluxo_2":"Terminal J. F. De Oliveira De Belém","CP_Fluxo_3":"Origem","CP_Fluxo_4":"0","CP_Fluxo_5":"Portos","CP_Fluxo_6":"Atr Logística - Chibatão","CP_Fluxo_7":"Destino","CP_Fluxo_8":"4","CP_Fluxo_9":"23583,818","CP_Fluxo10":"t","CP_Fluxo11":"Interior","layer":"TKU-interior portos destino","path":"D:/Users/marcos.coelho/Desktop/calculo TKU/TKU-2022/nav interior tku 2022/SHP-TKU-interior portos origem e destino/TKU-interior portos destino.shp"},"geometry":{"type":"Point","coordinates":[-59.995832,-3.156944]}},
{"type":"Feature","properties":{"idi_tuaria":1064,"idseq":0,"cdi_tuaria":"BRITB","nome":"Itaituba","tipo":"Porto Público","cdbigrama":"BR","cdtrigrama":"ITB","cdterminal":null,"situacao":"Operando","gestao":"Desconhecida","modalidade":null,"companhia":"CDP","cnpj":null,"legislacao":"Lei 5.917/73","pro_didade":null,"endereco":null,"com_emento":null,"numero":null,"bairro":null,"cep":null,"idcidade":"BR150360","cidade":"Itaituba","idestado":"BR15","estado":"PA","idr_rafica":9,"reg_rafica":"Região Hidrográfica Amazônica","loc_izacao":"Rio Tapajós","latitude":"-4.275239°","longitude":"-55.98259900000001°","observacao":"Informação Proveniente do Estudo de Demanda de Passageiros (UFPA","fonte":"SNV/DNIT","cdc_troide":"BRITB","CP_Fluxo_I":"29","CP_Fluxo_1":"Portos","CP_Fluxo_2":"Santarém","CP_Fluxo_3":"Origem","CP_Fluxo_4":"0","CP_Fluxo_5":"Portos","CP_Fluxo_6":"Itaituba","CP_Fluxo_7":"Destino","CP_Fluxo_8":"4","CP_Fluxo_9":"2166,28","CP_Fluxo10":"t","CP_Fluxo11":"Interior","layer":"TKU-interior portos destino","path":"D:/Users/marcos.coelho/Desktop/calculo TKU/TKU-2022/nav interior tku 2022/SHP-TKU-interior portos origem e destino/TKU-interior portos destino.shp"},"geometry":{"type":"Point","coordinates":[-55.985187,-4.273577]}},
{"type":"Feature","properties":{"idi_tuaria":1264,"idseq":0,"cdi_tuaria":"BRPMH","nome":"Porto Murtinho","tipo":"Porto Público","cdbigrama":"BR","cdtrigrama":"PMH","cdterminal":null,"situacao":"Planejado","gestao":"Desconhecida","modalidade":null,"companhia":null,"cnpj":null,"legislacao":"Lei 5.917/73","pro_didade":null,"endereco":null,"com_emento":"Km 996","numero":null,"bairro":null,"cep":null,"idcidade":"BR500690","cidade":"Porto Murtinho","idestado":"BR50","estado":"MS","idr_rafica":3,"reg_rafica":"Região Hidrográfica do Paraguai","loc_izacao":"Rio Paraguai","latitude":"-21.698611°","longitude":"-57.891666°","observacao":null,"fonte":"SNV/DNIT","cdc_troide":"BRMS005","CP_Fluxo_I":"300625","CP_Fluxo_1":"Portos","CP_Fluxo_2":"Itahum Export","CP_Fluxo_3":"Origem","CP_Fluxo_4":"0","CP_Fluxo_5":"Portos","CP_Fluxo_6":"San Lorenzo","CP_Fluxo_7":"Destino","CP_Fluxo_8":"4","CP_Fluxo_9":"218140,663","CP_Fluxo10":"t","CP_Fluxo11":"Interior","layer":"TKU-interior portos destino","path":"D:/Users/marcos.coelho/Desktop/calculo TKU/TKU-2022/nav interior tku 2022/SHP-TKU-interior portos origem e destino/TKU-interior portos destino.shp"},"geometry":{"type":"Point","coordinates":[-57.891666,-21.698611]}},
{"type":"Feature","properties":{"idi_tuaria":1276,"idseq":0,"cdi_tuaria":"BRQGA","nome":"Guaíra","tipo":"Porto Público","cdbigrama":"BR","cdtrigrama":"QGA","cdterminal":null,"situacao":"Operando","gestao":"Desconhecida","modalidade":null,"companhia":null,"cnpj":null,"legislacao":"Lei 5.917/73","pro_didade":null,"endereco":null,"com_emento":null,"numero":null,"bairro":null,"cep":null,"idcidade":"BR410880","cidade":"Guaíra","idestado":"BR41","estado":"PR","idr_rafica":11,"reg_rafica":"Região Hidrográfica do Paraná","loc_izacao":"Rio Paraná","latitude":"-24.070599°","longitude":"-54.24210000000001°","observacao":"Informação Proveniente do Estudo de Demanda de Passageiros (UFPA","fonte":"SNV/DNIT","cdc_troide":"BRQGA","CP_Fluxo_I":"1276","CP_Fluxo_1":"Portos","CP_Fluxo_2":"Guaíra","CP_Fluxo_3":"Origem","CP_Fluxo_4":"0","CP_Fluxo_5":"Portos","CP_Fluxo_6":"Guaíra","CP_Fluxo_7":"Destino","CP_Fluxo_8":"4","CP_Fluxo_9":"418760","CP_Fluxo10":"t","CP_Fluxo11":"Interior","layer":"TKU-interior portos destino","path":"D:/Users/marcos.coelho/Desktop/calculo TKU/TKU-2022/nav interior tku 2022/SHP-TKU-interior portos origem e destino/TKU-interior portos destino.shp"},"geometry":{"type":"Point","coordinates":[-54.2421,-24.070599]}},
{"type":"Feature","properties":{"idi_tuaria":1283,"idseq":0,"cdi_tuaria":"BRPNS","nome":"Pederneiras","tipo":"Porto Público","cdbigrama":"BR","cdtrigrama":"PNS","cdterminal":null,"situacao":"Operando","gestao":"Desconhecida","modalidade":null,"companhia":null,"cnpj":null,"legislacao":null,"pro_didade":null,"endereco":null,"com_emento":null,"numero":null,"bairro":null,"cep":null,"idcidade":"BR353670","cidade":"Pederneiras","idestado":"BR35","estado":"SP","idr_rafica":11,"reg_rafica":"Região Hidrográfica do Paraná","loc_izacao":"Rio Tietê","latitude":"-22.349734°","longitude":"-48.718589°","observacao":"Informação Proveniente do Estudo de Demanda de Passageiros (UFPA","fonte":"LabTrans","cdc_troide":"BRPNS","CP_Fluxo_I":"1290","CP_Fluxo_1":"Portos","CP_Fluxo_2":"São Simão","CP_Fluxo_3":"Origem","CP_Fluxo_4":"0","CP_Fluxo_5":"Portos","CP_Fluxo_6":"Pederneiras","CP_Fluxo_7":"Destino","CP_Fluxo_8":"4","CP_Fluxo_9":"822297,23","CP_Fluxo10":"t","CP_Fluxo11":"Interior","layer":"TKU-interior portos destino","path":"D:/Users/marcos.coelho/Desktop/calculo TKU/TKU-2022/nav interior tku 2022/SHP-TKU-interior portos origem e destino/TKU-interior portos destino.shp"},"geometry":{"type":"Point","coordinates":[-48.718589,-22.349734]}},
{"type":"Feature","properties":{"idi_tuaria":1288,"idseq":0,"cdi_tuaria":"BRROS","nome":"Rosana","tipo":"Porto Público","cdbigrama":"BR","cdtrigrama":"ROS","cdterminal":null,"situacao":"Operando","gestao":"Desconhecida","modalidade":null,"companhia":null,"cnpj":null,"legislacao":"Lei 11.518/07","pro_didade":null,"endereco":null,"com_emento":null,"numero":null,"bairro":null,"cep":null,"idcidade":"BR354425","cidade":"Rosana","idestado":"BR35","estado":"SP","idr_rafica":11,"reg_rafica":"Região Hidrográfica do Paraná","loc_izacao":"Rio Paranapanema","latitude":"-22.595624°","longitude":"-53.02555°","observacao":"Informação Proveniente do Estudo de Demanda de Passageiros (UFPA","fonte":"SNV/DNIT","cdc_troide":"BRROS","CP_Fluxo_I":"228","CP_Fluxo_1":"Portos","CP_Fluxo_2":"Três Lagoas - MS","CP_Fluxo_3":"Origem","CP_Fluxo_4":"0","CP_Fluxo_5":"Portos","CP_Fluxo_6":"Rosana","CP_Fluxo_7":"Destino","CP_Fluxo_8":"4","CP_Fluxo_9":"1476680","CP_Fluxo10":"t","CP_Fluxo11":"Interior","layer":"TKU-interior portos destino","path":"D:/Users/marcos.coelho/Desktop/calculo TKU/TKU-2022/nav interior tku 2022/SHP-TKU-interior portos origem e destino/TKU-interior portos destino.shp"},"geometry":{"type":"Point","coordinates":[-53.02555,-22.595624]}},
{"type":"Feature","properties":{"idi_tuaria":1289,"idseq":0,"cdi_tuaria":"BR289","nome":"Rubinéia","tipo":"Porto Público","cdbigrama":"BR","cdtrigrama":"289","cdterminal":null,"situacao":"Planejado","gestao":"Desconhecida","modalidade":null,"companhia":null,"cnpj":null,"legislacao":null,"pro_didade":null,"endereco":null,"com_emento":null,"numero":null,"bairro":null,"cep":null,"idcidade":"BR354450","cidade":"Rubinéia","idestado":"BR35","estado":"SP","idr_rafica":11,"reg_rafica":"Região Hidrográfica do Paraná","loc_izacao":"Rio Paraná","latitude":"-20.175492°","longitude":"-51.019999°","observacao":null,"fonte":"SNV/ANTAQ/LabTrans","cdc_troide":"BR289","CP_Fluxo_I":"1278","CP_Fluxo_1":"Portos","CP_Fluxo_2":"Ilha Solteira","CP_Fluxo_3":"Origem","CP_Fluxo_4":"0","CP_Fluxo_5":"Portos","CP_Fluxo_6":"Rubinéia","CP_Fluxo_7":"Destino","CP_Fluxo_8":"4","CP_Fluxo_9":"33060","CP_Fluxo10":"t","CP_Fluxo11":"Interior","layer":"TKU-interior portos destino","path":"D:/Users/marcos.coelho/Desktop/calculo TKU/TKU-2022/nav interior tku 2022/SHP-TKU-interior portos origem e destino/TKU-interior portos destino.shp"},"geometry":{"type":"Point","coordinates":[-51.019999,-20.175492]}},
{"type":"Feature","properties":{"idi_tuaria":1369,"idseq":0,"cdi_tuaria":"BR369","nome":"Usina Diamante","tipo":"Porto Público","cdbigrama":"BR","cdtrigrama":"369","cdterminal":null,"situacao":"Operando","gestao":"Desconhecida","modalidade":null,"companhia":null,"cnpj":null,"legislacao":null,"pro_didade":null,"endereco":null,"com_emento":null,"numero":null,"bairro":null,"cep":null,"idcidade":"BR352530","cidade":"Jaú","idestado":"BR35","estado":"SP","idr_rafica":11,"reg_rafica":"Região Hidrográfica do Paraná","loc_izacao":null,"latitude":"-22.372084°","longitude":"-48.691034°","observacao":"Informação Proveniente do Estudo de Demanda de Passageiros (UFPA","fonte":"ANTAQ/LabTrans","cdc_troide":"BR369","CP_Fluxo_I":"1365","CP_Fluxo_1":"Portos","CP_Fluxo_2":"Terminal Floresta","CP_Fluxo_3":"Origem","CP_Fluxo_4":"0","CP_Fluxo_5":"Portos","CP_Fluxo_6":"Usina Diamante","CP_Fluxo_7":"Destino","CP_Fluxo_8":"4","CP_Fluxo_9":"596656,53","CP_Fluxo10":"t","CP_Fluxo11":"Interior","layer":"TKU-interior portos destino","path":"D:/Users/marcos.coelho/Desktop/calculo TKU/TKU-2022/nav interior tku 2022/SHP-TKU-interior portos origem e destino/TKU-interior portos destino.shp"},"geometry":{"type":"Point","coordinates":[-48.691034,-22.372084]}},
{"type":"Feature","properties":{"idi_tuaria":1372,"idseq":0,"cdi_tuaria":"BR372","nome":"Eclusa Tietê Jusante","tipo":"Porto Público","cdbigrama":"BR","cdtrigrama":"372","cdterminal":null,"situacao":"Operando","gestao":"Desconhecida","modalidade":null,"companhia":null,"cnpj":null,"legislacao":null,"pro_didade":null,"endereco":null,"com_emento":null,"numero":null,"bairro":null,"cep":null,"idcidade":"BR352044","cidade":"Ilha Solteira","idestado":"BR35","estado":"SP","idr_rafica":11,"reg_rafica":"Região Hidrográfica do Paraná","loc_izacao":null,"latitude":"-20.673611°","longitude":"-51.319166°","observacao":"Informação Proveniente do Anuário Estatístico Aquaviário 2014","fonte":"ANTAQ/LabTrans","cdc_troide":"BR372","CP_Fluxo_I":"1368","CP_Fluxo_1":"Portos","CP_Fluxo_2":"Eclusa Tietê Montante","CP_Fluxo_3":"Origem","CP_Fluxo_4":"0","CP_Fluxo_5":"Portos","CP_Fluxo_6":"Eclusa Tietê Jusante","CP_Fluxo_7":"Destino","CP_Fluxo_8":"4","CP_Fluxo_9":"123025","CP_Fluxo10":"t","CP_Fluxo11":"Interior","layer":"TKU-interior portos destino","path":"D:/Users/marcos.coelho/Desktop/calculo TKU/TKU-2022/nav interior tku 2022/SHP-TKU-interior portos origem e destino/TKU-interior portos destino.shp"},"geometry":{"type":"Point","coordinates":[-51.319166,-20.673611]}},
{"type":"Feature","properties":{"idi_tuaria":1373,"idseq":0,"cdi_tuaria":"BR373","nome":"Mundo Novo","tipo":"Porto Público","cdbigrama":"BR","cdtrigrama":"373","cdterminal":null,"situacao":"Operando","gestao":"Desconhecida","modalidade":null,"companhia":null,"cnpj":null,"legislacao":null,"pro_didade":null,"endereco":null,"com_emento":null,"numero":null,"bairro":null,"cep":null,"idcidade":"BR500568","cidade":"Mundo Novo","idestado":"BR50","estado":"MS","idr_rafica":11,"reg_rafica":"Região Hidrográfica do Paraná","loc_izacao":null,"latitude":"-24.044444°","longitude":"-54.276388°","observacao":"Informação Proveniente do Estudo de Demanda de Passageiros (UFPA","fonte":"ANTAQ/LabTrans","cdc_troide":"BR373","CP_Fluxo_I":"1276","CP_Fluxo_1":"Portos","CP_Fluxo_2":"Guaíra","CP_Fluxo_3":"Origem","CP_Fluxo_4":"0","CP_Fluxo_5":"Portos","CP_Fluxo_6":"Mundo Novo","CP_Fluxo_7":"Destino","CP_Fluxo_8":"4","CP_Fluxo_9":"66120","CP_Fluxo10":"t","CP_Fluxo11":"Interior","layer":"TKU-interior portos destino","path":"D:/Users/marcos.coelho/Desktop/calculo TKU/TKU-2022/nav interior tku 2022/SHP-TKU-interior portos origem e destino/TKU-interior portos destino.shp"},"geometry":{"type":"Point","coordinates":[-54.276388,-24.044444]}},
{"type":"Feature","properties":{"idi_tuaria":1374,"idseq":0,"cdi_tuaria":"BR374","nome":"São Pedro","tipo":"Porto Público","cdbigrama":"BR","cdtrigrama":"374","cdterminal":null,"situacao":"Operando","gestao":"Desconhecida","modalidade":null,"companhia":null,"cnpj":null,"legislacao":null,"pro_didade":null,"endereco":null,"com_emento":null,"numero":null,"bairro":null,"cep":null,"idcidade":"BR355040","cidade":"São Pedro","idestado":"BR35","estado":"SP","idr_rafica":11,"reg_rafica":"Região Hidrográfica do Paraná","loc_izacao":null,"latitude":"-22.651666°","longitude":"-48.029444°","observacao":"Informação Proveniente do Estudo de Demanda de Passageiros (UFPA","fonte":"ANTAQ/LabTrans","cdc_troide":"BR374","CP_Fluxo_I":"1290","CP_Fluxo_1":"Portos","CP_Fluxo_2":"São Simão","CP_Fluxo_3":"Origem","CP_Fluxo_4":"0","CP_Fluxo_5":"Portos","CP_Fluxo_6":"São Pedro","CP_Fluxo_7":"Destino","CP_Fluxo_8":"4","CP_Fluxo_9":"92078,41","CP_Fluxo10":"t","CP_Fluxo11":"Interior","layer":"TKU-interior portos destino","path":"D:/Users/marcos.coelho/Desktop/calculo TKU/TKU-2022/nav interior tku 2022/SHP-TKU-interior portos origem e destino/TKU-interior portos destino.shp"},"geometry":{"type":"Point","coordinates":[-48.029444,-22.651666]}},
{"type":"Feature","properties":{"idi_tuaria":1375,"idseq":0,"cdi_tuaria":"BR375","nome":"Terra Roxa","tipo":"Porto Público","cdbigrama":"BR","cdtrigrama":"375","cdterminal":null,"situacao":"Operando","gestao":"Desconhecida","modalidade":null,"companhia":null,"cnpj":null,"legislacao":null,"pro_didade":null,"endereco":null,"com_emento":null,"numero":null,"bairro":null,"cep":null,"idcidade":"BR412740","cidade":"Terra Roxa","idestado":"BR41","estado":"PR","idr_rafica":11,"reg_rafica":"Região Hidrográfica do Paraná","loc_izacao":null,"latitude":"-24.064072°","longitude":"-54.16461°","observacao":"Informação Proveniente do Estudo de Demanda de Passageiros (UFPA","fonte":"ANTAQ/LabTrans","cdc_troide":"BR375","CP_Fluxo_I":"1276","CP_Fluxo_1":"Portos","CP_Fluxo_2":"Guaíra","CP_Fluxo_3":"Origem","CP_Fluxo_4":"0","CP_Fluxo_5":"Portos","CP_Fluxo_6":"Terra Roxa","CP_Fluxo_7":"Destino","CP_Fluxo_8":"4","CP_Fluxo_9":"143260","CP_Fluxo10":"t","CP_Fluxo11":"Interior","layer":"TKU-interior portos destino","path":"D:/Users/marcos.coelho/Desktop/calculo TKU/TKU-2022/nav interior tku 2022/SHP-TKU-interior portos origem e destino/TKU-interior portos destino.shp"},"geometry":{"type":"Point","coordinates":[-54.16461,-24.064072]}},
{"type":"Feature","properties":{"idi_tuaria":2038,"idseq":0,"cdi_tuaria":"PYASU","nome":"Asuncion","tipo":"Porto Internacional","cdbigrama":"PY","cdtrigrama":"ASU","cdterminal":null,"situacao":"Operando","gestao":"Desconhecida","modalidade":null,"companhia":null,"cnpj":null,"legislacao":null,"pro_didade":null,"endereco":null,"com_emento":null,"numero":null,"bairro":null,"cep":null,"idcidade":null,"cidade":null,"idestado":null,"estado":null,"idr_rafica":null,"reg_rafica":null,"loc_izacao":null,"latitude":"-25.274722°","longitude":"-57.643889°","observacao":null,"fonte":"ANTAQ","cdc_troide":null,"CP_Fluxo_I":"110","CP_Fluxo_1":"Portos","CP_Fluxo_2":"Granel Química Ladário","CP_Fluxo_3":"Origem","CP_Fluxo_4":"0","CP_Fluxo_5":"Portos","CP_Fluxo_6":"Não Identificado","CP_Fluxo_7":"Destino","CP_Fluxo_8":"4","CP_Fluxo_9":"5156","CP_Fluxo10":"t","CP_Fluxo11":"Interior","layer":"TKU-interior portos destino","path":"D:/Users/marcos.coelho/Desktop/calculo TKU/TKU-2022/nav interior tku 2022/SHP-TKU-interior portos origem e destino/TKU-interior portos destino.shp"},"geometry":{"type":"Point","coordinates":[-57.643889,-25.274722]}},
{"type":"Feature","properties":{"idi_tuaria":2054,"idseq":0,"cdi_tuaria":"UYNVP","nome":"Nueva Palmira","tipo":"Porto Internacional","cdbigrama":"UY","cdtrigrama":"NVP","cdterminal":null,"situacao":"Operando","gestao":"Desconhecida","modalidade":null,"companhia":null,"cnpj":null,"legislacao":null,"pro_didade":null,"endereco":null,"com_emento":null,"numero":null,"bairro":null,"cep":null,"idcidade":null,"cidade":null,"idestado":null,"estado":null,"idr_rafica":null,"reg_rafica":null,"loc_izacao":null,"latitude":"-33.878889°","longitude":"-58.424166°","observacao":null,"fonte":"ANTAQ","cdc_troide":null,"CP_Fluxo_I":"110","CP_Fluxo_1":"Portos","CP_Fluxo_2":"Granel Química Ladário","CP_Fluxo_3":"Origem","CP_Fluxo_4":"0","CP_Fluxo_5":"Portos","CP_Fluxo_6":"Nueva Palmira","CP_Fluxo_7":"Destino","CP_Fluxo_8":"4","CP_Fluxo_9":"233441","CP_Fluxo10":"t","CP_Fluxo11":"Interior","layer":"TKU-interior portos destino","path":"D:/Users/marcos.coelho/Desktop/calculo TKU/TKU-2022/nav interior tku 2022/SHP-TKU-interior portos origem e destino/TKU-interior portos destino.shp"},"geometry":{"type":"Point","coordinates":[-58.424166,-33.878889]}},
{"type":"Feature","properties":{"idi_tuaria":2055,"idseq":0,"cdi_tuaria":"ARSNX","nome":"San Nicolas","tipo":"Porto Internacional","cdbigrama":"AR","cdtrigrama":"SNX","cdterminal":null,"situacao":"Operando","gestao":"Desconhecida","modalidade":null,"companhia":null,"cnpj":null,"legislacao":null,"pro_didade":null,"endereco":null,"com_emento":null,"numero":null,"bairro":null,"cep":null,"idcidade":null,"cidade":null,"idestado":null,"estado":null,"idr_rafica":null,"reg_rafica":null,"loc_izacao":null,"latitude":"-33.359999°","longitude":"-60.150278°","observacao":null,"fonte":"ANTAQ","cdc_troide":null,"CP_Fluxo_I":"112","CP_Fluxo_1":"Portos","CP_Fluxo_2":"Porto Gregório Curvo","CP_Fluxo_3":"Origem","CP_Fluxo_4":"0","CP_Fluxo_5":"Portos","CP_Fluxo_6":"Não Identificado","CP_Fluxo_7":"Destino","CP_Fluxo_8":"4","CP_Fluxo_9":"2077","CP_Fluxo10":"t","CP_Fluxo11":"Interior","layer":"TKU-interior portos destino","path":"D:/Users/marcos.coelho/Desktop/calculo TKU/TKU-2022/nav interior tku 2022/SHP-TKU-interior portos origem e destino/TKU-interior portos destino.shp"},"geometry":{"type":"Point","coordinates":[-60.150278,-33.359999]}},
{"type":"Feature","properties":{"idi_tuaria":2056,"idseq":0,"cdi_tuaria":"ARIBO","nome":"Ingeniero Buitrago","tipo":"Porto Internacional","cdbigrama":"AR","cdtrigrama":"IBO","cdterminal":null,"situacao":"Operando","gestao":"Desconhecida","modalidade":null,"companhia":null,"cnpj":null,"legislacao":null,"pro_didade":null,"endereco":null,"com_emento":null,"numero":null,"bairro":null,"cep":null,"idcidade":null,"cidade":null,"idestado":null,"estado":null,"idr_rafica":null,"reg_rafica":null,"loc_izacao":null,"latitude":"-33.4525°","longitude":"-60.042499°","observacao":null,"fonte":"ANTAQ","cdc_troide":null,"CP_Fluxo_I":"110","CP_Fluxo_1":"Portos","CP_Fluxo_2":"Granel Química Ladário","CP_Fluxo_3":"Origem","CP_Fluxo_4":"0","CP_Fluxo_5":"Portos","CP_Fluxo_6":"Ingeniero Buitrago","CP_Fluxo_7":"Destino","CP_Fluxo_8":"4","CP_Fluxo_9":"28903","CP_Fluxo10":"t","CP_Fluxo11":"Interior","layer":"TKU-interior portos destino","path":"D:/Users/marcos.coelho/Desktop/calculo TKU/TKU-2022/nav interior tku 2022/SHP-TKU-interior portos origem e destino/TKU-interior portos destino.shp"},"geometry":{"type":"Point","coordinates":[-60.042499,-33.4525]}},
{"type":"Feature","properties":{"idi_tuaria":2065,"idseq":0,"cdi_tuaria":"PEIQT","nome":"Iquitos (Masusa)","tipo":"Porto Internacional","cdbigrama":"PE","cdtrigrama":"IQT","cdterminal":null,"situacao":"Operando","gestao":"Desconhecida","modalidade":null,"companhia":null,"cnpj":null,"legislacao":null,"pro_didade":null,"endereco":null,"com_emento":null,"numero":null,"bairro":null,"cep":null,"idcidade":null,"cidade":null,"idestado":null,"estado":null,"idr_rafica":null,"reg_rafica":null,"loc_izacao":null,"latitude":"-3.716671°","longitude":"-73.237886°","observacao":null,"fonte":"ANTAQ","cdc_troide":null,"CP_Fluxo_I":"24","CP_Fluxo_1":"Portos","CP_Fluxo_2":"Porto Velho","CP_Fluxo_3":"Origem","CP_Fluxo_4":"0","CP_Fluxo_5":"Portos","CP_Fluxo_6":"Iquitos","CP_Fluxo_7":"Destino","CP_Fluxo_8":"4","CP_Fluxo_9":"564,618","CP_Fluxo10":"t","CP_Fluxo11":"Interior","layer":"TKU-interior portos destino","path":"D:/Users/marcos.coelho/Desktop/calculo TKU/TKU-2022/nav interior tku 2022/SHP-TKU-interior portos origem e destino/TKU-interior portos destino.shp"},"geometry":{"type":"Point","coordinates":[-73.237886,-3.716671]}},
{"type":"Feature","properties":{"idi_tuaria":300066,"idseq":0,"cdi_tuaria":"BRAM028","nome":"Ronav","tipo":"Estação de transbordo de cargas","cdbigrama":"BR","cdtrigrama":"BRA","cdterminal":"BRAM028","situacao":"Em Operação","gestao":"Privada","modalidade":"Estação de transbordo de cargas","companhia":"RONAV RONDÔNIA NAVEGAÇÃO LTDA","cnpj":"84558063000158","legislacao":"CA 005/2014-SEP/PR","pro_didade":null,"endereco":"Rua Jayth Chaves","com_emento":"Vila da Felicidade","numero":50,"bairro":"Mauazinho","cep":"69075490","idcidade":"1302603","cidade":null,"idestado":null,"estado":null,"idr_rafica":null,"reg_rafica":null,"loc_izacao":"Negro","latitude":"-3.1326","longitude":"-59.9383","observacao":"Atualizado pela GAP em 27/04/2015","fonte":"Antaq","cdc_troide":null,"CP_Fluxo_I":"24","CP_Fluxo_1":"Portos","CP_Fluxo_2":"Porto Velho","CP_Fluxo_3":"Origem","CP_Fluxo_4":"0","CP_Fluxo_5":"Portos","CP_Fluxo_6":"Ronav","CP_Fluxo_7":"Destino","CP_Fluxo_8":"4","CP_Fluxo_9":"140001","CP_Fluxo10":"t","CP_Fluxo11":"Interior","layer":"TKU-interior portos destino","path":"D:/Users/marcos.coelho/Desktop/calculo TKU/TKU-2022/nav interior tku 2022/SHP-TKU-interior portos origem e destino/TKU-interior portos destino.shp"},"geometry":{"type":"Point","coordinates":[-59.938333,-3.132499]}},
{"type":"Feature","properties":{"idi_tuaria":300103,"idseq":0,"cdi_tuaria":"BRPA043","nome":"Terminal Vila do Conde","tipo":"Terminal de uso privado","cdbigrama":"BR","cdtrigrama":"BRP","cdterminal":"BRPA043","situacao":"Em Operação","gestao":"Privada","modalidade":"Terminal de uso privado","companhia":"HIDROVIAS DO BRASIL - VILA DO CONDE S.A.","cnpj":"13574672000152","legislacao":"CA 016/2014-SEP/PR","pro_didade":null,"endereco":"Avenida Verde e Branco, Estrada de Itupanema","com_emento":null,"numero":null,"bairro":"Distrito de Vila do Conde","cep":"68445000","idcidade":"1501303","cidade":null,"idestado":null,"estado":null,"idr_rafica":null,"reg_rafica":null,"loc_izacao":"Pará","latitude":"-1.50588","longitude":"-48.7373","observacao":"Atualizado pela GAP em 14/07/2017.\r\nSEI 0903693 - Res. 7377 Conh","fonte":"Antaq","cdc_troide":null,"CP_Fluxo_I":"300106","CP_Fluxo_1":"Portos","CP_Fluxo_2":"Hidrovias Do Brasil Miritituba","CP_Fluxo_3":"Origem","CP_Fluxo_4":"0","CP_Fluxo_5":"Portos","CP_Fluxo_6":"Terminal Vila Do Conde","CP_Fluxo_7":"Destino","CP_Fluxo_8":"4","CP_Fluxo_9":"2080317,401","CP_Fluxo10":"t","CP_Fluxo11":"Interior","layer":"TKU-interior portos destino","path":"D:/Users/marcos.coelho/Desktop/calculo TKU/TKU-2022/nav interior tku 2022/SHP-TKU-interior portos origem e destino/TKU-interior portos destino.shp"},"geometry":{"type":"Point","coordinates":[-48.736944,-1.505833]}},
{"type":"Feature","properties":{"idi_tuaria":300107,"idseq":0,"cdi_tuaria":"BRAM034","nome":"Ipiranga Manaus","tipo":"Terminal de uso privado","cdbigrama":"BR","cdtrigrama":"BRA","cdterminal":"BRAM034","situacao":"Em Operação","gestao":"Privada","modalidade":"Terminal de uso privado","companhia":"IPIRANGA PRODUTOS DE PETRÓLEO S/A","cnpj":"33337122004467","legislacao":"CA 022/2014-SEP/PR","pro_didade":null,"endereco":"RUA PAJURÁ","com_emento":"VILA BURITI","numero":1,"bairro":"DISTRITO INDUSTRIAL","cep":"69072065","idcidade":"1302603","cidade":null,"idestado":null,"estado":null,"idr_rafica":null,"reg_rafica":null,"loc_izacao":"Negro","latitude":"-3.14833","longitude":"-59.9569","observacao":"Atualizado pela GAP em 09/01/2017.","fonte":"Antaq","cdc_troide":null,"CP_Fluxo_I":"300285","CP_Fluxo_1":"Portos","CP_Fluxo_2":"Base Secundária Ipiranga De Porto Velho","CP_Fluxo_3":"Origem","CP_Fluxo_4":"0","CP_Fluxo_5":"Portos","CP_Fluxo_6":"Ipiranga Manaus","CP_Fluxo_7":"Destino","CP_Fluxo_8":"4","CP_Fluxo_9":"60,905","CP_Fluxo10":"t","CP_Fluxo11":"Interior","layer":"TKU-interior portos destino","path":"D:/Users/marcos.coelho/Desktop/calculo TKU/TKU-2022/nav interior tku 2022/SHP-TKU-interior portos origem e destino/TKU-interior portos destino.shp"},"geometry":{"type":"Point","coordinates":[-59.956944,-3.148333]}},
{"type":"Feature","properties":{"idi_tuaria":300113,"idseq":0,"cdi_tuaria":"BRRO011","nome":"Terminal Amazongás","tipo":"Terminal de uso privado","cdbigrama":"BR","cdtrigrama":"BRR","cdterminal":"BRRO011","situacao":"Construção Concluída","gestao":"Privada","modalidade":"Terminal de uso privado","companhia":"AMAZONGÁS DISTRIBUIDORA DE GAS LIQUEFEITO DE","cnpj":"04957650000938","legislacao":"CA 024/2014-SEP/PR","pro_didade":null,"endereco":"Rua Rui Barbosa","com_emento":null,"numero":1779,"bairro":"Centro","cep":"76801350","idcidade":"1100205","cidade":null,"idestado":null,"estado":null,"idr_rafica":null,"reg_rafica":null,"loc_izacao":"Madeira","latitude":"-8.75101","longitude":"-63.9158","observacao":"Atualizado pela GAP em 29/04/2015.","fonte":"Antaq","cdc_troide":null,"CP_Fluxo_I":"158","CP_Fluxo_1":"Portos","CP_Fluxo_2":"Terminal Aquaviário Solimões - Coari","CP_Fluxo_3":"Origem","CP_Fluxo_4":"0","CP_Fluxo_5":"Portos","CP_Fluxo_6":"Terminal Amazongás","CP_Fluxo_7":"Destino","CP_Fluxo_8":"4","CP_Fluxo_9":"7548,581","CP_Fluxo10":"t","CP_Fluxo11":"Interior","layer":"TKU-interior portos destino","path":"D:/Users/marcos.coelho/Desktop/calculo TKU/TKU-2022/nav interior tku 2022/SHP-TKU-interior portos origem e destino/TKU-interior portos destino.shp"},"geometry":{"type":"Point","coordinates":[-63.913333,-8.747222]}},
{"type":"Feature","properties":{"idi_tuaria":300187,"idseq":0,"cdi_tuaria":"BRAM025","nome":"Terminais Fluviais do Brasil","tipo":"Terminal de uso privado","cdbigrama":"BR","cdtrigrama":"BRA","cdterminal":"BRAM025","situacao":"Em Operação","gestao":"Privada","modalidade":"Terminal de uso privado","companhia":"TERMINAIS FLUVIAIS DO BRASIL S.A.","cnpj":"11389394000219","legislacao":"CA 013/2014-ANTAQ","pro_didade":null,"endereco":"RUA CARLOS HENRIQUE MOHERING","com_emento":null,"numero":1300,"bairro":"JAUARY II","cep":"69100000","idcidade":"1301902","cidade":null,"idestado":null,"estado":null,"idr_rafica":null,"reg_rafica":null,"loc_izacao":"Amazonas","latitude":"-3.15167","longitude":"-58.4328","observacao":"Atualizado pela GAP em 27/04/2015 - PROCESSO 50300.002252/2011-2","fonte":"Antaq","cdc_troide":null,"CP_Fluxo_I":"300599","CP_Fluxo_1":"Portos","CP_Fluxo_2":"Terminal Distribuidora Equador Manaus","CP_Fluxo_3":"Origem","CP_Fluxo_4":"0","CP_Fluxo_5":"Portos","CP_Fluxo_6":"Terminais Fluviais Do Brasil","CP_Fluxo_7":"Destino","CP_Fluxo_8":"4","CP_Fluxo_9":"5357,744","CP_Fluxo10":"t","CP_Fluxo11":"Interior","layer":"TKU-interior portos destino","path":"D:/Users/marcos.coelho/Desktop/calculo TKU/TKU-2022/nav interior tku 2022/SHP-TKU-interior portos origem e destino/TKU-interior portos destino.shp"},"geometry":{"type":"Point","coordinates":[-58.432777,-3.151666]}},
{"type":"Feature","properties":{"idi_tuaria":300191,"idseq":0,"cdi_tuaria":"BRAM069","nome":"Ponta Negra","tipo":"Estação de transbordo de cargas","cdbigrama":"BR","cdtrigrama":"BRA","cdterminal":"BRAM069","situacao":"Construção Iniciada","gestao":"Privada","modalidade":"Estação de transbordo de cargas","companhia":"PONTA NEGRA ADMINISTRAÇÃO E EMPREENDIMENTOS","cnpj":"04560769000115","legislacao":"CA 010/2015-SEP/PR","pro_didade":null,"endereco":"Rua Comandante Gutenberg Rosa","com_emento":"Fundos","numero":2,"bairro":"Ponta Negra","cep":"69037004","idcidade":"1302603","cidade":null,"idestado":null,"estado":null,"idr_rafica":null,"reg_rafica":null,"loc_izacao":"Negro","latitude":"-3.09656","longitude":"-60.0745","observacao":"SEI 0877661 - Relatório analítico mensal de embarque/desembarque","fonte":"Antaq","cdc_troide":null,"CP_Fluxo_I":"300569","CP_Fluxo_1":"Portos","CP_Fluxo_2":"Abi Miritituba","CP_Fluxo_3":"Origem","CP_Fluxo_4":"0","CP_Fluxo_5":"Portos","CP_Fluxo_6":"Ponta Negra","CP_Fluxo_7":"Destino","CP_Fluxo_8":"4","CP_Fluxo_9":"2","CP_Fluxo10":"t","CP_Fluxo11":"Interior","layer":"TKU-interior portos destino","path":"D:/Users/marcos.coelho/Desktop/calculo TKU/TKU-2022/nav interior tku 2022/SHP-TKU-interior portos origem e destino/TKU-interior portos destino.shp"},"geometry":{"type":"Point","coordinates":[-60.075178,-3.094831]}},
{"type":"Feature","properties":{"idi_tuaria":300192,"idseq":0,"cdi_tuaria":"BRPA064","nome":"Base Ipiranga Itaituba","tipo":"Estação de transbordo de cargas","cdbigrama":"BR","cdtrigrama":"BRP","cdterminal":"BRPA064","situacao":"Em Operação","gestao":"Privada","modalidade":"Estação de transbordo de cargas","companhia":"IPIRANGA PRODUTOS DE PETROLEO S.A.","cnpj":"33337122007644","legislacao":"CA 011/2015-SEP/PR","pro_didade":null,"endereco":"Estrada do Quinquagésimo Terceiro Bis","com_emento":"s/n, Base Ipiranga","numero":null,"bairro":"Paredão","cep":"68181470","idcidade":"1503606","cidade":null,"idestado":null,"estado":null,"idr_rafica":null,"reg_rafica":null,"loc_izacao":"Tapajós","latitude":"-4.28514","longitude":"-56.0274","observacao":"Atualizado pela GAP 22/12/2016\r\nCadastrado pela GAP em 19/01/201","fonte":"Antaq","cdc_troide":null,"CP_Fluxo_I":"300107","CP_Fluxo_1":"Portos","CP_Fluxo_2":"Ipiranga Manaus","CP_Fluxo_3":"Origem","CP_Fluxo_4":"0","CP_Fluxo_5":"Portos","CP_Fluxo_6":"Base De Distribuição Secundária De Itaituba","CP_Fluxo_7":"Destino","CP_Fluxo_8":"4","CP_Fluxo_9":"1047,631","CP_Fluxo10":"t","CP_Fluxo11":"Interior","layer":"TKU-interior portos destino","path":"D:/Users/marcos.coelho/Desktop/calculo TKU/TKU-2022/nav interior tku 2022/SHP-TKU-interior portos origem e destino/TKU-interior portos destino.shp"},"geometry":{"type":"Point","coordinates":[-56.027546,-4.28478]}},
{"type":"Feature","properties":{"idi_tuaria":300198,"idseq":0,"cdi_tuaria":"BRRS022","nome":"Unidade Misturadora de Porto Alegre","tipo":"Estação de transbordo de cargas","cdbigrama":"BR","cdtrigrama":"BRR","cdterminal":"BRRS022","situacao":"Em Operação","gestao":"Privada","modalidade":"Estação de transbordo de cargas","companhia":"YARA BRASIL FERTILIZANTES S/A","cnpj":"92660604000263","legislacao":"CA 007/2015-SEP/PR","pro_didade":null,"endereco":"Rua João Moreira Maciel, 5.100","com_emento":null,"numero":null,"bairro":"Anchieta","cep":"90250680","idcidade":"4314902","cidade":null,"idestado":null,"estado":null,"idr_rafica":null,"reg_rafica":null,"loc_izacao":"Guaíba","latitude":"-29.9684","longitude":"-51.1783","observacao":"Atualizado pela GAP em 25/04/2017.","fonte":"Antaq","cdc_troide":null,"CP_Fluxo_I":"27","CP_Fluxo_1":"Portos","CP_Fluxo_2":"Rio Grande","CP_Fluxo_3":"Origem","CP_Fluxo_4":"0","CP_Fluxo_5":"Portos","CP_Fluxo_6":"Unidade Misturadora De Porto Alegre","CP_Fluxo_7":"Destino","CP_Fluxo_8":"4","CP_Fluxo_9":"265411,115","CP_Fluxo10":"t","CP_Fluxo11":"Interior","layer":"TKU-interior portos destino","path":"D:/Users/marcos.coelho/Desktop/calculo TKU/TKU-2022/nav interior tku 2022/SHP-TKU-interior portos origem e destino/TKU-interior portos destino.shp"},"geometry":{"type":"Point","coordinates":[-51.178288,-29.96843]}},
{"type":"Feature","properties":{"idi_tuaria":300201,"idseq":0,"cdi_tuaria":"BRPA065","nome":"Companhia Brasileira de Asfalto da Amazônia","tipo":"Estação de transbordo de cargas","cdbigrama":"BR","cdtrigrama":"BRP","cdterminal":"BRPA065","situacao":"Em Operação","gestao":"Privada","modalidade":"Estação de transbordo de cargas","companhia":"COMPANHIA BRASILEIRA DE ASFALTO DA AMAZÔNIA","cnpj":"05099585000162","legislacao":"CA 08/2016-SEP/PR","pro_didade":null,"endereco":"Distrito Industrial de Ananindeua","com_emento":"Setor C, quadra 08, Lote 3 a 6.","numero":null,"bairro":"Distrito Industrial","cep":"67033310","idcidade":"1500800","cidade":null,"idestado":null,"estado":null,"idr_rafica":null,"reg_rafica":null,"loc_izacao":"Marajó","latitude":"-1.68628","longitude":"-50.4889","observacao":"Atualizado pela GAP em 28/04/2016.\r\nCadastro atualizado com TLO","fonte":"Antaq","cdc_troide":null,"CP_Fluxo_I":"162","CP_Fluxo_1":"Portos","CP_Fluxo_2":"Terminal Sanave De Manaus","CP_Fluxo_3":"Origem","CP_Fluxo_4":"0","CP_Fluxo_5":"Portos","CP_Fluxo_6":"Companhia Brasileira De Asfalto Da Amazônia","CP_Fluxo_7":"Destino","CP_Fluxo_8":"4","CP_Fluxo_9":"1997,837","CP_Fluxo10":"t","CP_Fluxo11":"Interior","layer":"TKU-interior portos destino","path":"D:/Users/marcos.coelho/Desktop/calculo TKU/TKU-2022/nav interior tku 2022/SHP-TKU-interior portos origem e destino/TKU-interior portos destino.shp"},"geometry":{"type":"Point","coordinates":[-50.48886,-1.686277]}},
{"type":"Feature","properties":{"idi_tuaria":300228,"idseq":0,"cdi_tuaria":"BRPA066","nome":"Belo Monte Logística de Terminal","tipo":"Estação de transbordo de cargas","cdbigrama":"BR","cdtrigrama":"BRP","cdterminal":"BRPA066","situacao":"Em Operação","gestao":"Privada","modalidade":"Estação de transbordo de cargas","companhia":"DORINALDO M. DA SILVA","cnpj":"03804676000711","legislacao":"CA 11/2016-SEP/PR","pro_didade":null,"endereco":"Quadra Gleba Tubarão, lote 281, s/n.","com_emento":"Fazenda São João","numero":null,"bairro":"Interior","cep":"68383000","idcidade":"1508357","cidade":null,"idestado":null,"estado":null,"idr_rafica":null,"reg_rafica":null,"loc_izacao":"Xingu","latitude":"-3.10981","longitude":"-51.751","observacao":"Contrato de Adesão celebrado com a Filial, empresa responsável c","fonte":"Antaq","cdc_troide":null,"CP_Fluxo_I":"300232","CP_Fluxo_1":"Portos","CP_Fluxo_2":"Atem Manaus","CP_Fluxo_3":"Origem","CP_Fluxo_4":"0","CP_Fluxo_5":"Portos","CP_Fluxo_6":"Belo Monte Logística De Terminal","CP_Fluxo_7":"Destino","CP_Fluxo_8":"4","CP_Fluxo_9":"3949,309","CP_Fluxo10":"t","CP_Fluxo11":"Interior","layer":"TKU-interior portos destino","path":"D:/Users/marcos.coelho/Desktop/calculo TKU/TKU-2022/nav interior tku 2022/SHP-TKU-interior portos origem e destino/TKU-interior portos destino.shp"},"geometry":{"type":"Point","coordinates":[-51.75121,-3.109841]}},
{"type":"Feature","properties":{"idi_tuaria":300232,"idseq":0,"cdi_tuaria":"BRAM021","nome":"ATEM Manaus","tipo":"Terminal de uso privado","cdbigrama":"BR","cdtrigrama":"BRA","cdterminal":"BRAM021","situacao":"Em Operação","gestao":"Privada","modalidade":"Terminal de uso privado","companhia":"ATEM'S DISTRIBUIDORA DE PETRÓLEO S.A.","cnpj":"03987364000103","legislacao":"CA 21/2016-MTPA","pro_didade":null,"endereco":"Rua Pajurá","com_emento":null,"numero":103,"bairro":"Vila Buriti","cep":"69072065","idcidade":"1302603","cidade":null,"idestado":null,"estado":null,"idr_rafica":null,"reg_rafica":null,"loc_izacao":"Negro","latitude":"-3.15128","longitude":"-59.96","observacao":"Atualizado pela GAP em 09/04/2018. Emissão do TLO nº 08/2018(int","fonte":"Antaq","cdc_troide":null,"CP_Fluxo_I":"300289","CP_Fluxo_1":"Portos","CP_Fluxo_2":"Atem Pvh","CP_Fluxo_3":"Origem","CP_Fluxo_4":"0","CP_Fluxo_5":"Portos","CP_Fluxo_6":"Atem Manaus","CP_Fluxo_7":"Destino","CP_Fluxo_8":"4","CP_Fluxo_9":"172749,322","CP_Fluxo10":"t","CP_Fluxo11":"Interior","layer":"TKU-interior portos destino","path":"D:/Users/marcos.coelho/Desktop/calculo TKU/TKU-2022/nav interior tku 2022/SHP-TKU-interior portos origem e destino/TKU-interior portos destino.shp"},"geometry":{"type":"Point","coordinates":[-59.958911,-3.1485]}},
{"type":"Feature","properties":{"idi_tuaria":300232,"idseq":0,"cdi_tuaria":"BRAM021","nome":"TNA ATEM MANAUS","tipo":"TNA","cdbigrama":"BR","cdtrigrama":null,"cdterminal":"BRAM021","situacao":"Operando","gestao":"Privada","modalidade":null,"companhia":null,"cnpj":null,"legislacao":null,"pro_didade":null,"endereco":null,"com_emento":null,"numero":null,"bairro":null,"cep":null,"idcidade":null,"cidade":null,"idestado":null,"estado":null,"idr_rafica":9,"reg_rafica":"Região Hidrográfica Amazônica","loc_izacao":"Manaus","latitude":"-3.148501°","longitude":"-59.958912°","observacao":null,"fonte":"ANTAQ","cdc_troide":"BRMAO","CP_Fluxo_I":"300289","CP_Fluxo_1":"Portos","CP_Fluxo_2":"Atem Pvh","CP_Fluxo_3":"Origem","CP_Fluxo_4":"0","CP_Fluxo_5":"Portos","CP_Fluxo_6":"Atem Manaus","CP_Fluxo_7":"Destino","CP_Fluxo_8":"4","CP_Fluxo_9":"172749,322","CP_Fluxo10":"t","CP_Fluxo11":"Interior","layer":"TKU-interior portos destino","path":"D:/Users/marcos.coelho/Desktop/calculo TKU/TKU-2022/nav interior tku 2022/SHP-TKU-interior portos origem e destino/TKU-interior portos destino.shp"},"geometry":{"type":"Point","coordinates":[-59.958911,-3.1485]}},
{"type":"Feature","properties":{"idi_tuaria":300235,"idseq":0,"cdi_tuaria":"BRAM032","nome":"J A Leite Navegação","tipo":"Estação de transbordo de cargas","cdbigrama":"BR","cdtrigrama":"BRA","cdterminal":"BRAM032","situacao":"Em Operação","gestao":"Privada","modalidade":"Estação de transbordo de cargas","companhia":"J. A. LEITE NAVEGAÇÃO LTDA.","cnpj":"04355608000190","legislacao":"CA 10/2016-SEP/PR","pro_didade":null,"endereco":"Rua Padre Agostinho Caballeiro Martim","com_emento":"B","numero":299,"bairro":"Santo Antônio","cep":"69035090","idcidade":"1302603","cidade":null,"idestado":null,"estado":null,"idr_rafica":null,"reg_rafica":null,"loc_izacao":"Negro","latitude":"-3.11924","longitude":"-60.0501","observacao":"Atualizado pela GAP em 11/05/2016.","fonte":"Antaq","cdc_troide":null,"CP_Fluxo_I":"29","CP_Fluxo_1":"Portos","CP_Fluxo_2":"Santarém","CP_Fluxo_3":"Origem","CP_Fluxo_4":"0","CP_Fluxo_5":"Portos","CP_Fluxo_6":"J A Leite Navegação","CP_Fluxo_7":"Destino","CP_Fluxo_8":"4","CP_Fluxo_9":"2619,3","CP_Fluxo10":"t","CP_Fluxo11":"Interior","layer":"TKU-interior portos destino","path":"D:/Users/marcos.coelho/Desktop/calculo TKU/TKU-2022/nav interior tku 2022/SHP-TKU-interior portos origem e destino/TKU-interior portos destino.shp"},"geometry":{"type":"Point","coordinates":[-60.050077,-3.119235]}},
{"type":"Feature","properties":{"idi_tuaria":300285,"idseq":0,"cdi_tuaria":"BRRO025","nome":"Base Secundária Ipiranga de Porto Velho","tipo":"Terminal de uso privado","cdbigrama":"BR","cdtrigrama":"BRR","cdterminal":"BRRO025","situacao":"Em Operação","gestao":"Privada","modalidade":"Terminal de uso privado","companhia":"IPIRANGA PRODUTOS DE PETROLEO S.A.","cnpj":"33337122018921","legislacao":"CA 017/2016-MTPA","pro_didade":null,"endereco":"Estrada do Belmont","com_emento":"KM 05","numero":10658,"bairro":"Nacional","cep":"76801898","idcidade":"1100205","cidade":null,"idestado":null,"estado":null,"idr_rafica":null,"reg_rafica":null,"loc_izacao":"Madeira","latitude":"-8.73028","longitude":"-63.9186","observacao":"Atualizado pela GAP em 26/05/2017.","fonte":"Antaq","cdc_troide":null,"CP_Fluxo_I":"300187","CP_Fluxo_1":"Portos","CP_Fluxo_2":"Terminais Fluviais Do Brasil","CP_Fluxo_3":"Origem","CP_Fluxo_4":"0","CP_Fluxo_5":"Portos","CP_Fluxo_6":"Base Secundária Ipiranga De Porto Velho","CP_Fluxo_7":"Destino","CP_Fluxo_8":"4","CP_Fluxo_9":"271844,851","CP_Fluxo10":"t","CP_Fluxo11":"Interior","layer":"TKU-interior portos destino","path":"D:/Users/marcos.coelho/Desktop/calculo TKU/TKU-2022/nav interior tku 2022/SHP-TKU-interior portos origem e destino/TKU-interior portos destino.shp"},"geometry":{"type":"Point","coordinates":[-63.91861,-8.73]}},
{"type":"Feature","properties":{"idi_tuaria":300286,"idseq":0,"cdi_tuaria":"BRRO022","nome":"F. H. de Oliveira Peixoto","tipo":"Estação de transbordo de cargas","cdbigrama":"BR","cdtrigrama":"BRR","cdterminal":"BRRO022","situacao":"Em Operação","gestao":"Privada","modalidade":"Estação de transbordo de cargas","companhia":"F H DE OLIVEIRA PEIXOTO - EIRELI","cnpj":"15809486000180","legislacao":"CA 02/2017-MTPA","pro_didade":null,"endereco":"Estrada do Belmont, KM 7,5","com_emento":"Lote 8","numero":10309,"bairro":"Nacional","cep":"76801890","idcidade":"1100205","cidade":null,"idestado":null,"estado":null,"idr_rafica":null,"reg_rafica":null,"loc_izacao":"Madeira","latitude":"-8.70664","longitude":"-63.9196","observacao":"Atualizado pela GAP em 25/04/2017.","fonte":"Antaq","cdc_troide":null,"CP_Fluxo_I":"1064","CP_Fluxo_1":"Portos","CP_Fluxo_2":"Itaituba","CP_Fluxo_3":"Origem","CP_Fluxo_4":"0","CP_Fluxo_5":"Portos","CP_Fluxo_6":"F. H. De Oliveira Peixoto","CP_Fluxo_7":"Destino","CP_Fluxo_8":"4","CP_Fluxo_9":"2807","CP_Fluxo10":"t","CP_Fluxo11":"Interior","layer":"TKU-interior portos destino","path":"D:/Users/marcos.coelho/Desktop/calculo TKU/TKU-2022/nav interior tku 2022/SHP-TKU-interior portos origem e destino/TKU-interior portos destino.shp"},"geometry":{"type":"Point","coordinates":[-63.919572,-8.706642]}},
{"type":"Feature","properties":{"idi_tuaria":300289,"idseq":0,"cdi_tuaria":"BRRO010","nome":"ATEM PVH","tipo":"Terminal de uso privado","cdbigrama":"BR","cdtrigrama":"BRR","cdterminal":"BRRO010","situacao":"Em Operação","gestao":"Privada","modalidade":"Terminal de uso privado","companhia":"ATEM'S DISTRIBUIDORA DE PETROLEO S/A","cnpj":"03987364000367","legislacao":"CA 20/2016-MTPA","pro_didade":null,"endereco":"Estrada de Belmonte","com_emento":"km 5","numero":10878,"bairro":"Nacional","cep":"76801890","idcidade":"1100205","cidade":null,"idestado":null,"estado":null,"idr_rafica":null,"reg_rafica":null,"loc_izacao":"Madeira","latitude":"-8.70212","longitude":"-63.9172","observacao":"Atualizado pela GAP em 28/12/2016.","fonte":"Antaq","cdc_troide":null,"CP_Fluxo_I":"300232","CP_Fluxo_1":"Portos","CP_Fluxo_2":"Atem Manaus","CP_Fluxo_3":"Origem","CP_Fluxo_4":"0","CP_Fluxo_5":"Portos","CP_Fluxo_6":"Atem Pvh","CP_Fluxo_7":"Destino","CP_Fluxo_8":"4","CP_Fluxo_9":"327967,257","CP_Fluxo10":"t","CP_Fluxo11":"Interior","layer":"TKU-interior portos destino","path":"D:/Users/marcos.coelho/Desktop/calculo TKU/TKU-2022/nav interior tku 2022/SHP-TKU-interior portos origem e destino/TKU-interior portos destino.shp"},"geometry":{"type":"Point","coordinates":[-63.917186,-8.702116]}},
{"type":"Feature","properties":{"idi_tuaria":300308,"idseq":0,"cdi_tuaria":"BRSP023","nome":"Estação ADM Armazéns Gerais","tipo":"Estação de transbordo de cargas","cdbigrama":"BR","cdtrigrama":"BRS","cdterminal":"BRSP023","situacao":"Em Operação","gestao":"Privada","modalidade":"Estação de transbordo de cargas","companhia":"ADM ARMAZÉNS GERAIS","cnpj":"36320794001351","legislacao":"CA 07/2018-MTPA","pro_didade":null,"endereco":"Rodovia SP 191 KM 148,5","com_emento":"S/N Barranca do rio Piracicaba","numero":null,"bairro":"Zona Rural","cep":"17370000","idcidade":"3547007","cidade":null,"idestado":null,"estado":null,"idr_rafica":null,"reg_rafica":null,"loc_izacao":"Piracicaba","latitude":"-22.6228","longitude":"-48.1728","observacao":"Cadastro atualizado pela GAP em 06/02/2019.\r\nPROCESSO DE AUTORIZ","fonte":"Antaq","cdc_troide":null,"CP_Fluxo_I":"300548","CP_Fluxo_1":"Portos","CP_Fluxo_2":"Etc Adm Armazens Gerais São Simão","CP_Fluxo_3":"Origem","CP_Fluxo_4":"0","CP_Fluxo_5":"Portos","CP_Fluxo_6":"Estação Adm Armazéns Gerais","CP_Fluxo_7":"Destino","CP_Fluxo_8":"4","CP_Fluxo_9":"102704,503","CP_Fluxo10":"t","CP_Fluxo11":"Interior","layer":"TKU-interior portos destino","path":"D:/Users/marcos.coelho/Desktop/calculo TKU/TKU-2022/nav interior tku 2022/SHP-TKU-interior portos origem e destino/TKU-interior portos destino.shp"},"geometry":{"type":"Point","coordinates":[-47.674067,-22.694911]}},
{"type":"Feature","properties":{"idi_tuaria":300310,"idseq":0,"cdi_tuaria":"BRAM087","nome":"Amazon Aço","tipo":"Terminal de uso privado","cdbigrama":"BR","cdtrigrama":"BRA","cdterminal":"BRAM087","situacao":"Em Operação","gestao":"Privada","modalidade":"Terminal de uso privado","companhia":"AMAZON AÇO INDÚSTRIA E COMÉRCIO LTDA","cnpj":"05477207000175","legislacao":"CA 01/2018-MTPA","pro_didade":null,"endereco":"Av.Puraquequara","com_emento":null,"numero":5328,"bairro":"Puraquequara","cep":"69009000","idcidade":"1302603","cidade":null,"idestado":null,"estado":null,"idr_rafica":null,"reg_rafica":null,"loc_izacao":"Negro","latitude":"-3.06799","longitude":"-59.8575","observacao":"Cadastro inserido pela GAP em 13/03/2018, atualizado com o TLO e","fonte":"Antaq","cdc_troide":null,"CP_Fluxo_I":"300631","CP_Fluxo_1":"Portos","CP_Fluxo_2":"Chibatão Navegação E Comércio Ltda - Tup Alfandegado","CP_Fluxo_3":"Origem","CP_Fluxo_4":"0","CP_Fluxo_5":"Portos","CP_Fluxo_6":"Amazon Aço Indústria E Comércio Ltda","CP_Fluxo_7":"Destino","CP_Fluxo_8":"4","CP_Fluxo_9":"10436,138","CP_Fluxo10":"t","CP_Fluxo11":"Interior","layer":"TKU-interior portos destino","path":"D:/Users/marcos.coelho/Desktop/calculo TKU/TKU-2022/nav interior tku 2022/SHP-TKU-interior portos origem e destino/TKU-interior portos destino.shp"},"geometry":{"type":"Point","coordinates":[-59.855333,-3.075768]}},
{"type":"Feature","properties":{"idi_tuaria":300311,"idseq":0,"cdi_tuaria":"BRPA091","nome":"ATEM Miritituba","tipo":"Terminal de uso privado","cdbigrama":"BR","cdtrigrama":"BRP","cdterminal":"BRPA091","situacao":"Em Operação","gestao":"Privada","modalidade":"Terminal de uso privado","companhia":"ATEM'S DISTRIBUIDORA DE PETROLEO S.A","cnpj":"03987364000871","legislacao":"CA 06/2018-MTPA","pro_didade":null,"endereco":"Rua Projetada","com_emento":"Vicinal Transportos","numero":5530,"bairro":"Vicinal Transportos","cep":"68181400","idcidade":"1503606","cidade":null,"idestado":null,"estado":null,"idr_rafica":null,"reg_rafica":null,"loc_izacao":"Tapajós","latitude":"-4.26367","longitude":"-55.9366","observacao":"TLO 14/2018: Operação integral do TUP.","fonte":"Antaq","cdc_troide":null,"CP_Fluxo_I":"300232","CP_Fluxo_1":"Portos","CP_Fluxo_2":"Atem Manaus","CP_Fluxo_3":"Origem","CP_Fluxo_4":"0","CP_Fluxo_5":"Portos","CP_Fluxo_6":"Atem Miritituba","CP_Fluxo_7":"Destino","CP_Fluxo_8":"4","CP_Fluxo_9":"95248,954","CP_Fluxo10":"t","CP_Fluxo11":"Interior","layer":"TKU-interior portos destino","path":"D:/Users/marcos.coelho/Desktop/calculo TKU/TKU-2022/nav interior tku 2022/SHP-TKU-interior portos origem e destino/TKU-interior portos destino.shp"},"geometry":{"type":"Point","coordinates":[-55.935498,-4.260089]}},
{"type":"Feature","properties":{"idi_tuaria":300325,"idseq":0,"cdi_tuaria":"BRAM081","nome":"Porto Brasilit","tipo":"Estação de transbordo de cargas","cdbigrama":"BR","cdtrigrama":"BRA","cdterminal":"BRAM081","situacao":"Em Operação","gestao":"Privada","modalidade":"Estação de transbordo de cargas","companhia":"SAINT-GOBAIN DO BRASIL PRODUTOS INDUSTRIAIS","cnpj":"61064838008207","legislacao":"CA 10/2017-MTPA","pro_didade":null,"endereco":"Avenida Padre Agostinho Caballero Martin","com_emento":null,"numero":1747,"bairro":"Compensa","cep":"69029120","idcidade":"1302603","cidade":null,"idestado":null,"estado":null,"idr_rafica":null,"reg_rafica":null,"loc_izacao":"Negro","latitude":"-3.11939","longitude":"-60.0501","observacao":"Inserido pela GAP em 24/07/2017.\r\nCadastro atualizado com TLO em","fonte":"Antaq","cdc_troide":null,"CP_Fluxo_I":"300571","CP_Fluxo_1":"Portos","CP_Fluxo_2":"Icoaraci","CP_Fluxo_3":"Origem","CP_Fluxo_4":"0","CP_Fluxo_5":"Portos","CP_Fluxo_6":"Porto Brasilit","CP_Fluxo_7":"Destino","CP_Fluxo_8":"4","CP_Fluxo_9":"1","CP_Fluxo10":"t","CP_Fluxo11":"Interior","layer":"TKU-interior portos destino","path":"D:/Users/marcos.coelho/Desktop/calculo TKU/TKU-2022/nav interior tku 2022/SHP-TKU-interior portos origem e destino/TKU-interior portos destino.shp"},"geometry":{"type":"Point","coordinates":[-60.050108,-3.119394]}},
{"type":"Feature","properties":{"idi_tuaria":300369,"idseq":0,"cdi_tuaria":"BRAM104","nome":"Bemar III","tipo":"Estação de transbordo de cargas","cdbigrama":"BR","cdtrigrama":"BRA","cdterminal":"BRAM104","situacao":"Em Operação","gestao":"Privada","modalidade":"Estação de transbordo de cargas","companhia":"PETROBRAS DISTRIBUIDORA SA - AM","cnpj":"34274233009150","legislacao":"CA 2/2019-MINFRA","pro_didade":null,"endereco":"Rua Pajurá","com_emento":null,"numero":171,"bairro":"Vila Buriti","cep":"69075160","idcidade":"1302603","cidade":null,"idestado":null,"estado":null,"idr_rafica":null,"reg_rafica":null,"loc_izacao":"Negro","latitude":"-3.15234","longitude":"-59.958","observacao":"Cadastro GAP 25/06/2019","fonte":"Antaq","cdc_troide":null,"CP_Fluxo_I":"300576","CP_Fluxo_1":"Portos","CP_Fluxo_2":"Terminal De Porto Velho","CP_Fluxo_3":"Origem","CP_Fluxo_4":"0","CP_Fluxo_5":"Portos","CP_Fluxo_6":"Bemar Iii","CP_Fluxo_7":"Destino","CP_Fluxo_8":"4","CP_Fluxo_9":"463,272","CP_Fluxo10":"t","CP_Fluxo11":"Interior","layer":"TKU-interior portos destino","path":"D:/Users/marcos.coelho/Desktop/calculo TKU/TKU-2022/nav interior tku 2022/SHP-TKU-interior portos origem e destino/TKU-interior portos destino.shp"},"geometry":{"type":"Point","coordinates":[-59.955207,-3.151428]}},
{"type":"Feature","properties":{"idi_tuaria":300543,"idseq":0,"cdi_tuaria":"BRAP019","nome":"TERMINAL DE MACAPA","tipo":"Terminal de uso privado","cdbigrama":"BR","cdtrigrama":"BRA","cdterminal":"BRAP019","situacao":"Construção Concluída","gestao":"Privada","modalidade":"Terminal de uso privado","companhia":"IPIRANGA PRODUTOS DE PETROLEO S.A.","cnpj":"33337122007725","legislacao":"CA 5/2019-MINFRA","pro_didade":null,"endereco":"Ramal da Olaria","com_emento":null,"numero":null,"bairro":"Elesbão","cep":"68925318","idcidade":"1600600","cidade":null,"idestado":null,"estado":null,"idr_rafica":null,"reg_rafica":null,"loc_izacao":"Matapi","latitude":"-0.039254","longitude":"-51.1809","observacao":"Cadastro GAP 04/10/2019\r\nSEI 0989805 - Aprovação da devolução de","fonte":"Antaq","cdc_troide":null,"CP_Fluxo_I":"300187","CP_Fluxo_1":"Portos","CP_Fluxo_2":"Terminais Fluviais Do Brasil","CP_Fluxo_3":"Origem","CP_Fluxo_4":"0","CP_Fluxo_5":"Portos","CP_Fluxo_6":"Terminal De Macapa","CP_Fluxo_7":"Destino","CP_Fluxo_8":"4","CP_Fluxo_9":"52686,077","CP_Fluxo10":"t","CP_Fluxo11":"Interior","layer":"TKU-interior portos destino","path":"D:/Users/marcos.coelho/Desktop/calculo TKU/TKU-2022/nav interior tku 2022/SHP-TKU-interior portos origem e destino/TKU-interior portos destino.shp"},"geometry":{"type":"Point","coordinates":[-51.179999,-0.038999]}},
{"type":"Feature","properties":{"idi_tuaria":300563,"idseq":0,"cdi_tuaria":"BRPA208","nome":"Terminal de Munguba","tipo":"Terminal de uso privado","cdbigrama":"BR","cdtrigrama":"BRP","cdterminal":"BRPA208","situacao":"Construção Concluída","gestao":"Privada","modalidade":"Terminal de uso privado","companhia":"IPIRANGA PRODUTOS DE PETROLEO S.A.","cnpj":"33337122015230","legislacao":"CA 06/2019-MINFRA","pro_didade":null,"endereco":"Rio Jari","com_emento":null,"numero":null,"bairro":"Porto Munguba","cep":"68230000","idcidade":"1500503","cidade":null,"idestado":null,"estado":null,"idr_rafica":null,"reg_rafica":null,"loc_izacao":"Jari","latitude":"-0.917778","longitude":"-52.4258","observacao":"Cadastro GAP 05/11/2019; Processo SEI 50300.007127/2016-19","fonte":"Antaq","cdc_troide":null,"CP_Fluxo_I":"300103","CP_Fluxo_1":"Portos","CP_Fluxo_2":"Terminal Vila Do Conde","CP_Fluxo_3":"Origem","CP_Fluxo_4":"0","CP_Fluxo_5":"Portos","CP_Fluxo_6":"Terminal De Munguba","CP_Fluxo_7":"Destino","CP_Fluxo_8":"4","CP_Fluxo_9":"2114","CP_Fluxo10":"t","CP_Fluxo11":"Interior","layer":"TKU-interior portos destino","path":"D:/Users/marcos.coelho/Desktop/calculo TKU/TKU-2022/nav interior tku 2022/SHP-TKU-interior portos origem e destino/TKU-interior portos destino.shp"},"geometry":{"type":"Point","coordinates":[-52.4283,-0.917777]}},
{"type":"Feature","properties":{"idi_tuaria":300569,"idseq":0,"cdi_tuaria":"BRPA214","nome":"ABI Miritituba","tipo":"Terminal de uso privado","cdbigrama":"BR","cdtrigrama":"BRP","cdterminal":"BRPA214","situacao":"Em Operação","gestao":"Privada","modalidade":"Terminal de uso privado","companhia":"ADMINISTRADORA DE BENS DE INFRAESTRUTURA S.A","cnpj":"10701088000475","legislacao":"CA 16/2019-MINFRA","pro_didade":null,"endereco":"Gleba Santa Cruz","com_emento":"margem do Rio Tapajos, Dist. 2, Setor 1, quadra 01","numero":null,"bairro":"Miritituba","cep":"68191400","idcidade":"1503606","cidade":null,"idestado":null,"estado":null,"idr_rafica":null,"reg_rafica":null,"loc_izacao":"Tapajós","latitude":"-4.30209","longitude":"-55.9712","observacao":"Cadastro GAP 11/11/2019; Processo SEI 50300.000161/2018-24","fonte":"Antaq","cdc_troide":null,"CP_Fluxo_I":"300187","CP_Fluxo_1":"Portos","CP_Fluxo_2":"Terminais Fluviais Do Brasil","CP_Fluxo_3":"Origem","CP_Fluxo_4":"0","CP_Fluxo_5":"Portos","CP_Fluxo_6":"Abi Miritituba","CP_Fluxo_7":"Destino","CP_Fluxo_8":"4","CP_Fluxo_9":"3439,874","CP_Fluxo10":"t","CP_Fluxo11":"Interior","layer":"TKU-interior portos destino","path":"D:/Users/marcos.coelho/Desktop/calculo TKU/TKU-2022/nav interior tku 2022/SHP-TKU-interior portos origem e destino/TKU-interior portos destino.shp"},"geometry":{"type":"Point","coordinates":[-55.971099,-4.301999]}},
{"type":"Feature","properties":{"idi_tuaria":300578,"idseq":0,"cdi_tuaria":"BRRO030","nome":"Administradora de Bens de Infraestrutura Ltda. - ABI","tipo":"Terminal de uso privado","cdbigrama":"BR","cdtrigrama":"BRR","cdterminal":"BRRO030","situacao":"Em Operação","gestao":"Privada","modalidade":"Terminal de uso privado","companhia":"ADMINISTRADORA DE BENS DE INFRAESTRUTURA S.A","cnpj":"10701088000394","legislacao":"CA 17/2019-MINFRA","pro_didade":null,"endereco":"Gleba Portochuelo","com_emento":"Lote 2D","numero":null,"bairro":"Zona Rural","cep":"76804970","idcidade":"1100205","cidade":null,"idestado":null,"estado":null,"idr_rafica":null,"reg_rafica":null,"loc_izacao":"Madeira","latitude":"-8.62357","longitude":"-63.8077","observacao":"Cadastro GAP 11/11/2019; Processo SEI 50300.012084/2017-74","fonte":"Antaq","cdc_troide":null,"CP_Fluxo_I":"24","CP_Fluxo_1":"Portos","CP_Fluxo_2":"Porto Velho","CP_Fluxo_3":"Origem","CP_Fluxo_4":"0","CP_Fluxo_5":"Portos","CP_Fluxo_6":"Administradora De Bens De Infraestrutura Ltda. - Abi","CP_Fluxo_7":"Destino","CP_Fluxo_8":"4","CP_Fluxo_9":"1525,84","CP_Fluxo10":"t","CP_Fluxo11":"Interior","layer":"TKU-interior portos destino","path":"D:/Users/marcos.coelho/Desktop/calculo TKU/TKU-2022/nav interior tku 2022/SHP-TKU-interior portos origem e destino/TKU-interior portos destino.shp"},"geometry":{"type":"Point","coordinates":[-63.8076,-8.623499]}},
{"type":"Feature","properties":{"idi_tuaria":300598,"idseq":0,"cdi_tuaria":"BRRS030","nome":"Merlim","tipo":"Estação de transbordo de cargas","cdbigrama":"BR","cdtrigrama":"BRR","cdterminal":"BRRS030","situacao":"Construção Iniciada","gestao":"Privada","modalidade":"Estação de transbordo de cargas","companhia":"LUDEMAX S.A.","cnpj":"92727163000199","legislacao":"CA nº 19/2019-MINF","pro_didade":null,"endereco":"Av. João Moreira Maciel","com_emento":null,"numero":3000,"bairro":"Farraps","cep":"90250680","idcidade":"4314902","cidade":null,"idestado":null,"estado":null,"idr_rafica":null,"reg_rafica":null,"loc_izacao":"Jacuí","latitude":"-29.9691","longitude":"-51.1923","observacao":"Cadastro GAP 7/4/2020","fonte":"Antaq","cdc_troide":null,"CP_Fluxo_I":"27","CP_Fluxo_1":"Portos","CP_Fluxo_2":"Rio Grande","CP_Fluxo_3":"Origem","CP_Fluxo_4":"0","CP_Fluxo_5":"Portos","CP_Fluxo_6":"Merlim","CP_Fluxo_7":"Destino","CP_Fluxo_8":"4","CP_Fluxo_9":"11591,02","CP_Fluxo10":"t","CP_Fluxo11":"Interior","layer":"TKU-interior portos destino","path":"D:/Users/marcos.coelho/Desktop/calculo TKU/TKU-2022/nav interior tku 2022/SHP-TKU-interior portos origem e destino/TKU-interior portos destino.shp"},"geometry":{"type":"Point","coordinates":[-51.192256,-29.969082]}},
{"type":"Feature","properties":{"idi_tuaria":300601,"idseq":0,"cdi_tuaria":"BRRR001","nome":"Base de Caracaraí - BARAC","tipo":"Estação de transbordo de cargas","cdbigrama":"BR","cdtrigrama":"BRR","cdterminal":"BRRR001","situacao":"Construção Concluída","gestao":"Privada","modalidade":"Estação de transbordo de cargas","companhia":"PETROBRAS DISTRIBUIDORA S.A.","cnpj":"34274233000102","legislacao":"CA 24/2019-MINFRA","pro_didade":null,"endereco":"Av. Doutor Zany","com_emento":null,"numero":852,"bairro":"Centro","cep":"69360000","idcidade":"1400209","cidade":null,"idestado":null,"estado":null,"idr_rafica":null,"reg_rafica":null,"loc_izacao":"Branco","latitude":"1.80469","longitude":"-61.1306","observacao":"Cadastro GAP 7/4/2020","fonte":"Antaq","cdc_troide":null,"CP_Fluxo_I":"300369","CP_Fluxo_1":"Portos","CP_Fluxo_2":"Bemar Iii","CP_Fluxo_3":"Origem","CP_Fluxo_4":"0","CP_Fluxo_5":"Portos","CP_Fluxo_6":"Base De Caracaraí - Barac","CP_Fluxo_7":"Destino","CP_Fluxo_8":"4","CP_Fluxo_9":"13604,928","CP_Fluxo10":"t","CP_Fluxo11":"Interior","layer":"TKU-interior portos destino","path":"D:/Users/marcos.coelho/Desktop/calculo TKU/TKU-2022/nav interior tku 2022/SHP-TKU-interior portos origem e destino/TKU-interior portos destino.shp"},"geometry":{"type":"Point","coordinates":[-61.13056,1.804694]}},
{"type":"Feature","properties":{"idi_tuaria":5,"idseq":0,"cdi_tuaria":"BRBEL","nome":"Belém  ","tipo":"Porto Organizado","cdbigrama":"BR","cdtrigrama":"BEL","cdterminal":null,"situacao":"Operando","gestao":"SEP","modalidade":"https://www.cdp.com.br/home","companhia":"Companhia Docas do Pará - CDP","cnpj":null,"legislacao":"Lei 5.917/73","pro_didade":9.0,"endereco":"Avenida Presidente Vargas","com_emento":"Em frente à Ilha das Onças","numero":41,"bairro":null,"cep":"66010000","idcidade":"BR150140","cidade":"Belém","idestado":"BR15","estado":"PA","idr_rafica":10,"reg_rafica":"Região Hidrográfica do Tocantins","loc_izacao":"Margem direita da Baía de Guajará","latitude":"-1.445278°","longitude":"-48.497777°","observacao":null,"fonte":"ANTAQ","cdc_troide":"BRBEL","CP_Fluxo_I":"Portos","CP_Fluxo_1":"Belém","CP_Fluxo_2":"Origem","CP_Fluxo_3":"0","CP_Fluxo_4":"34","CP_Fluxo_5":"Portos","CP_Fluxo_6":"Vila Do Conde","CP_Fluxo_7":"Destino","CP_Fluxo_8":"4","CP_Fluxo_9":"17368,98","CP_Fluxo10":"t","CP_Fluxo11":"Interior","layer":"TKU-interior portos origem","path":"D:/Users/marcos.coelho/Desktop/calculo TKU/TKU-2022/nav interior tku 2022/SHP-TKU-interior portos origem e destino/TKU-interior portos origem.shp"},"geometry":{"type":"Point","coordinates":[-48.497777,-1.445278]}},
{"type":"Feature","properties":{"idi_tuaria":16,"idseq":0,"cdi_tuaria":"BRMCP","nome":"Macapá","tipo":"Porto Organizado","cdbigrama":"BR","cdtrigrama":"MCP","cdterminal":null,"situacao":"Operando","gestao":"SEP","modalidade":"http://www.docasdesantana.com.br/","companhia":"Companhia Docas de Santana - CDSA","cnpj":null,"legislacao":null,"pro_didade":12.0,"endereco":"Avenida Dante Micheline","com_emento":"Canal de Santana, em frente à ilha de mesmo nome","numero":5500,"bairro":"Jardim Camburi","cep":"29090900","idcidade":"BR160060","cidade":"Santana","idestado":"BR16","estado":"AP","idr_rafica":9,"reg_rafica":"Região Hidrográfica Amazônica","loc_izacao":"Margem esquerda do Rio Amazonas","latitude":"-0.055555°","longitude":"-51.166666°","observacao":null,"fonte":"ANTAQ","cdc_troide":"BRMCP","CP_Fluxo_I":"Portos","CP_Fluxo_1":"Santana","CP_Fluxo_2":"Origem","CP_Fluxo_3":"0","CP_Fluxo_4":"5","CP_Fluxo_5":"Portos","CP_Fluxo_6":"Belém","CP_Fluxo_7":"Destino","CP_Fluxo_8":"4","CP_Fluxo_9":"756,72","CP_Fluxo10":"t","CP_Fluxo11":"Interior","layer":"TKU-interior portos origem","path":"D:/Users/marcos.coelho/Desktop/calculo TKU/TKU-2022/nav interior tku 2022/SHP-TKU-interior portos origem e destino/TKU-interior portos origem.shp"},"geometry":{"type":"Point","coordinates":[-51.166666,-0.055555]}},
{"type":"Feature","properties":{"idi_tuaria":18,"idseq":0,"cdi_tuaria":"BRMAO","nome":"Manaus","tipo":"Porto Organizado","cdbigrama":"BR","cdtrigrama":"MAO","cdterminal":null,"situacao":"Operando","gestao":"SEP","modalidade":"www.portodemanaus.com.br","companhia":"Sociedade de Navegação, Portos e Hidrovias d","cnpj":null,"legislacao":null,"pro_didade":13.5,"endereco":"Rua Taqueirinha","com_emento":"Distante 13 km da confluência com o Rio Solimões","numero":25,"bairro":"Centro","cep":"69005420","idcidade":"BR130260","cidade":"Manaus","idestado":"BR13","estado":"AM","idr_rafica":9,"reg_rafica":"Região Hidrográfica Amazônica","loc_izacao":"Margem esquerda do Rio Negro","latitude":"-3.1375°","longitude":"-60.026111°","observacao":null,"fonte":"ANTAQ","cdc_troide":"BRMAO","CP_Fluxo_I":"Portos","CP_Fluxo_1":"Manaus","CP_Fluxo_2":"Origem","CP_Fluxo_3":"0","CP_Fluxo_4":"29","CP_Fluxo_5":"Portos","CP_Fluxo_6":"Santarém","CP_Fluxo_7":"Destino","CP_Fluxo_8":"4","CP_Fluxo_9":"22006,68","CP_Fluxo10":"t","CP_Fluxo11":"Interior","layer":"TKU-interior portos origem","path":"D:/Users/marcos.coelho/Desktop/calculo TKU/TKU-2022/nav interior tku 2022/SHP-TKU-interior portos origem e destino/TKU-interior portos origem.shp"},"geometry":{"type":"Point","coordinates":[-60.026111,-3.1375]}},
{"type":"Feature","properties":{"idi_tuaria":22,"idseq":0,"cdi_tuaria":"BRPET","nome":"Pelotas  ","tipo":"Porto Organizado","cdbigrama":"BR","cdtrigrama":"PET","cdterminal":null,"situacao":"Operando","gestao":"SEP","modalidade":"http://www.sph.rs.gov.br/sph_2006/content/porto_pel/porto_pel_apresentacao.php","companhia":null,"cnpj":null,"legislacao":null,"pro_didade":null,"endereco":null,"com_emento":null,"numero":null,"bairro":null,"cep":null,"idcidade":"BR431440","cidade":"Pelotas","idestado":"BR43","estado":"RS","idr_rafica":2,"reg_rafica":"Região Hidrográfica Atlântico Sul","loc_izacao":null,"latitude":"-31.781943°","longitude":"-52.333888°","observacao":null,"fonte":"ANTAQ","cdc_troide":"BRPET","CP_Fluxo_I":"Portos","CP_Fluxo_1":"Pelotas","CP_Fluxo_2":"Origem","CP_Fluxo_3":"0","CP_Fluxo_4":"27","CP_Fluxo_5":"Portos","CP_Fluxo_6":"Rio Grande","CP_Fluxo_7":"Destino","CP_Fluxo_8":"4","CP_Fluxo_9":"2997,76","CP_Fluxo10":"t","CP_Fluxo11":"Interior","layer":"TKU-interior portos origem","path":"D:/Users/marcos.coelho/Desktop/calculo TKU/TKU-2022/nav interior tku 2022/SHP-TKU-interior portos origem e destino/TKU-interior portos origem.shp"},"geometry":{"type":"Point","coordinates":[-52.333888,-31.781943]}},
{"type":"Feature","properties":{"idi_tuaria":23,"idseq":0,"cdi_tuaria":"BRPOA","nome":"Porto Alegre  ","tipo":"Porto Organizado","cdbigrama":"BR","cdtrigrama":"POA","cdterminal":null,"situacao":"Operando","gestao":"SEP","modalidade":"http://www.sph.rs.gov.br/sph_2006/content/porto_poa/porto_poa_apresentacao.php","companhia":"Superintendência de Portos e Hidrovias do Ri","cnpj":null,"legislacao":null,"pro_didade":5.2,"endereco":"Avenida Mauá","com_emento":null,"numero":1050,"bairro":"Centro","cep":"90010110","idcidade":"BR431490","cidade":"Porto Alegre","idestado":"BR43","estado":"RS","idr_rafica":2,"reg_rafica":"Região Hidrográfica Atlântico Sul","loc_izacao":"Margem esquerda do Rio Guaíba","latitude":"-30.007221°","longitude":"-51.211111°","observacao":null,"fonte":"ANTAQ","cdc_troide":"BRPOA","CP_Fluxo_I":"Portos","CP_Fluxo_1":"Porto Alegre","CP_Fluxo_2":"Origem","CP_Fluxo_3":"0","CP_Fluxo_4":"224","CP_Fluxo_5":"Portos","CP_Fluxo_6":"Terminal Portuário Bunge Alimentos","CP_Fluxo_7":"Destino","CP_Fluxo_8":"4","CP_Fluxo_9":"257695,398","CP_Fluxo10":"t","CP_Fluxo11":"Interior","layer":"TKU-interior portos origem","path":"D:/Users/marcos.coelho/Desktop/calculo TKU/TKU-2022/nav interior tku 2022/SHP-TKU-interior portos origem e destino/TKU-interior portos origem.shp"},"geometry":{"type":"Point","coordinates":[-51.211111,-30.007221]}},
{"type":"Feature","properties":{"idi_tuaria":24,"idseq":0,"cdi_tuaria":"BRPVH","nome":"Porto Velho  ","tipo":"Porto Organizado","cdbigrama":"BR","cdtrigrama":"PVH","cdterminal":null,"situacao":"Operando","gestao":"SEP","modalidade":"http://www.rondonia.ro.gov.br/soph/sobre/sobre-a-soph/","companhia":"Sociedade de Portos e Hidrovias de Rondônia","cnpj":null,"legislacao":null,"pro_didade":2.5,"endereco":"Rua Terminal do Milagres","com_emento":"Distante 2km da cidade de Porto Velho","numero":400,"bairro":"Bairro da Balsa","cep":"78900750","idcidade":"BR110020","cidade":"Porto Velho","idestado":"BR11","estado":"RO","idr_rafica":9,"reg_rafica":"Região Hidrográfica Amazônica","loc_izacao":"Margem direita do Rio Madeira","latitude":"-8.748889°","longitude":"-63.91527800000001°","observacao":null,"fonte":"ANTAQ","cdc_troide":"BRPVH","CP_Fluxo_I":"Portos","CP_Fluxo_1":"Porto Velho","CP_Fluxo_2":"Origem","CP_Fluxo_3":"0","CP_Fluxo_4":"111","CP_Fluxo_5":"Portos","CP_Fluxo_6":"Terminal Ponta Da Montanha","CP_Fluxo_7":"Destino","CP_Fluxo_8":"4","CP_Fluxo_9":"64542,4","CP_Fluxo10":"t","CP_Fluxo11":"Interior","layer":"TKU-interior portos origem","path":"D:/Users/marcos.coelho/Desktop/calculo TKU/TKU-2022/nav interior tku 2022/SHP-TKU-interior portos origem e destino/TKU-interior portos origem.shp"},"geometry":{"type":"Point","coordinates":[-63.915278,-8.748889]}},
{"type":"Feature","properties":{"idi_tuaria":27,"idseq":0,"cdi_tuaria":"BRRIG","nome":"Rio Grande  ","tipo":"Porto Organizado","cdbigrama":"BR","cdtrigrama":"RIG","cdterminal":null,"situacao":"Operando","gestao":"SEP","modalidade":"http://www.portoriogrande.com.br/site/index.php","companhia":"Superintendência de Portos e Hidrovias do Ri","cnpj":null,"legislacao":null,"pro_didade":14.0,"endereco":"Avenida Honório Bicalho","com_emento":"Caixa Postal 198. Liga a Lagoa dos Patos ao oceano Atlântico","numero":null,"bairro":null,"cep":"96201020","idcidade":"BR431560","cidade":"Rio Grande","idestado":"BR43","estado":"RS","idr_rafica":2,"reg_rafica":"Região Hidrográfica Atlântico Sul","loc_izacao":"Margem direita do Canal do Norte","latitude":"-32.042499°","longitude":"-52.075555°","observacao":null,"fonte":"ANTAQ","cdc_troide":"BRRIG","CP_Fluxo_I":"Portos","CP_Fluxo_1":"Rio Grande","CP_Fluxo_2":"Origem","CP_Fluxo_3":"0","CP_Fluxo_4":"126","CP_Fluxo_5":"Portos","CP_Fluxo_6":"Bianchini Canoas","CP_Fluxo_7":"Destino","CP_Fluxo_8":"4","CP_Fluxo_9":"3222","CP_Fluxo10":"t","CP_Fluxo11":"Interior","layer":"TKU-interior portos origem","path":"D:/Users/marcos.coelho/Desktop/calculo TKU/TKU-2022/nav interior tku 2022/SHP-TKU-interior portos origem e destino/TKU-interior portos origem.shp"},"geometry":{"type":"Point","coordinates":[-52.075555,-32.042499]}},
{"type":"Feature","properties":{"idi_tuaria":29,"idseq":0,"cdi_tuaria":"BRSTM","nome":"Santarém  ","tipo":"Porto Organizado","cdbigrama":"BR","cdtrigrama":"STM","cdterminal":null,"situacao":"Operando","gestao":"SEP","modalidade":"https://www.cdp.com.br/porto-de-santarem","companhia":"Companhia Docas do Pará - CDP","cnpj":null,"legislacao":null,"pro_didade":11.5,"endereco":"Avenida Cuiabá","com_emento":"Próximo a confluência com o Rio Amazonas","numero":null,"bairro":null,"cep":"68040400","idcidade":"BR150680","cidade":"Santarém","idestado":"BR15","estado":"PA","idr_rafica":9,"reg_rafica":"Região Hidrográfica Amazônica","loc_izacao":"Margem direita do Rio Tapajós","latitude":"-2.415°","longitude":"-54.737499°","observacao":null,"fonte":"ANTAQ","cdc_troide":"BRSTM","CP_Fluxo_I":"Portos","CP_Fluxo_1":"Santarém","CP_Fluxo_2":"Origem","CP_Fluxo_3":"0","CP_Fluxo_4":"5","CP_Fluxo_5":"Portos","CP_Fluxo_6":"Belém","CP_Fluxo_7":"Destino","CP_Fluxo_8":"4","CP_Fluxo_9":"61856,95","CP_Fluxo10":"t","CP_Fluxo11":"Interior","layer":"TKU-interior portos origem","path":"D:/Users/marcos.coelho/Desktop/calculo TKU/TKU-2022/nav interior tku 2022/SHP-TKU-interior portos origem e destino/TKU-interior portos origem.shp"},"geometry":{"type":"Point","coordinates":[-54.737499,-2.415]}},
{"type":"Feature","properties":{"idi_tuaria":34,"idseq":0,"cdi_tuaria":"BRVDC","nome":"Vila do Conde ","tipo":"Porto Organizado","cdbigrama":"BR","cdtrigrama":"VDC","cdterminal":null,"situacao":"Operando","gestao":"SEP","modalidade":"http://www2.cdp.com.br/forms/porto_vila_conde.aspx","companhia":"Companhia Docas do Pará - CDP","cnpj":null,"legislacao":null,"pro_didade":13.0,"endereco":"Rodovia PA483","com_emento":null,"numero":null,"bairro":"Bairro Vila do Conde","cep":null,"idcidade":"BR150130","cidade":"Barcarena","idestado":"BR15","estado":"PA","idr_rafica":10,"reg_rafica":"Região Hidrográfica do Tocantins","loc_izacao":"Rio Pará","latitude":"-1.544167°","longitude":"-48.747777°","observacao":null,"fonte":"ANTAQ","cdc_troide":"BRVDC","CP_Fluxo_I":"Portos","CP_Fluxo_1":"Vila Do Conde","CP_Fluxo_2":"Origem","CP_Fluxo_3":"0","CP_Fluxo_4":"5","CP_Fluxo_5":"Portos","CP_Fluxo_6":"Belém","CP_Fluxo_7":"Destino","CP_Fluxo_8":"4","CP_Fluxo_9":"32068,04","CP_Fluxo10":"t","CP_Fluxo11":"Interior","layer":"TKU-interior portos origem","path":"D:/Users/marcos.coelho/Desktop/calculo TKU/TKU-2022/nav interior tku 2022/SHP-TKU-interior portos origem e destino/TKU-interior portos origem.shp"},"geometry":{"type":"Point","coordinates":[-48.747777,-1.544167]}},
{"type":"Feature","properties":{"idi_tuaria":100,"idseq":0,"cdi_tuaria":"BRPA001","nome":"Terminal Trombetas","tipo":"Terminal de uso privado","cdbigrama":"BR","cdtrigrama":"BRP","cdterminal":"BRPA001","situacao":"Em Operação","gestao":"Privada","modalidade":"Terminal de uso privado","companhia":"MINERAÇÃO RIO DO NORTE","cnpj":"04932216000146","legislacao":"CA 062/2015-ANTAQ","pro_didade":null,"endereco":"PORTO TROMBETAS","com_emento":null,"numero":null,"bairro":"CENTRO","cep":"68275000","idcidade":"1505304","cidade":null,"idestado":null,"estado":null,"idr_rafica":null,"reg_rafica":null,"loc_izacao":"Trombetas","latitude":"-1.46116","longitude":"-56.3805","observacao":"Atualizado pela GAP em 27/04/2015\r\nCONTRATO DE ADESÃO Nº 062-ANT","fonte":"Antaq","cdc_troide":null,"CP_Fluxo_I":"Portos","CP_Fluxo_1":"Terminal Trombetas","CP_Fluxo_2":"Origem","CP_Fluxo_3":"0","CP_Fluxo_4":"34","CP_Fluxo_5":"Portos","CP_Fluxo_6":"Vila Do Conde","CP_Fluxo_7":"Destino","CP_Fluxo_8":"4","CP_Fluxo_9":"0,72","CP_Fluxo10":"t","CP_Fluxo11":"Interior","layer":"TKU-interior portos origem","path":"D:/Users/marcos.coelho/Desktop/calculo TKU/TKU-2022/nav interior tku 2022/SHP-TKU-interior portos origem e destino/TKU-interior portos origem.shp"},"geometry":{"type":"Point","coordinates":[-56.380277,-1.460277]}},
{"type":"Feature","properties":{"idi_tuaria":110,"idseq":0,"cdi_tuaria":"BRMS001","nome":"Granel Química Ladário","tipo":"Terminal de uso privado","cdbigrama":"BR","cdtrigrama":"BRM","cdterminal":"BRMS001","situacao":"Em Operação","gestao":"Privada","modalidade":"Terminal de uso privado","companhia":"GRANEL QUÍMICA LTDA","cnpj":"44983435000411","legislacao":"CA 068/2015-ANTAQ","pro_didade":null,"endereco":"PORTO DE LADÁRIO LOTE S/Nº","com_emento":null,"numero":null,"bairro":"CENTRO","cep":"79370000","idcidade":"5005202","cidade":null,"idestado":null,"estado":null,"idr_rafica":null,"reg_rafica":null,"loc_izacao":"Paraguai","latitude":"-19.0047","longitude":"-57.5861","observacao":"- Atualizado pela GAP em 18/06/2015\r\nAtualizado em 12/05/2015 pe","fonte":"Antaq","cdc_troide":null,"CP_Fluxo_I":"Portos","CP_Fluxo_1":"Granel Química Ladário","CP_Fluxo_2":"Origem","CP_Fluxo_3":"0","CP_Fluxo_4":"2055","CP_Fluxo_5":"Portos","CP_Fluxo_6":"San Nicolas","CP_Fluxo_7":"Destino","CP_Fluxo_8":"4","CP_Fluxo_9":"3646","CP_Fluxo10":"t","CP_Fluxo11":"Interior","layer":"TKU-interior portos origem","path":"D:/Users/marcos.coelho/Desktop/calculo TKU/TKU-2022/nav interior tku 2022/SHP-TKU-interior portos origem e destino/TKU-interior portos origem.shp"},"geometry":{"type":"Point","coordinates":[-57.586111,-19.004722]}},
{"type":"Feature","properties":{"idi_tuaria":112,"idseq":0,"cdi_tuaria":"BRMS002","nome":"Porto Gregório Curvo","tipo":"Terminal de uso privado","cdbigrama":"BR","cdtrigrama":"BRM","cdterminal":"BRMS002","situacao":"Em Operação","gestao":"Privada","modalidade":"Terminal de uso privado","companhia":"Mineração Corumbaense S/A.","cnpj":"03327988000358","legislacao":"CA 029/2014-ANTAQ","pro_didade":null,"endereco":"PORTO ESPERANÇA","com_emento":"Porto Gregório Curvo, s/n, Porto Esperança, Corumbá/MS","numero":null,"bairro":"PORTO ESPERANÇA","cep":"79321580","idcidade":"5003207","cidade":null,"idestado":null,"estado":null,"idr_rafica":null,"reg_rafica":null,"loc_izacao":"Paraguai","latitude":"-19.6106","longitude":"-57.4578","observacao":"Atualizado pela GAP em 28/04/2015 - Contrato de Adesão 029/2014-","fonte":"Antaq","cdc_troide":null,"CP_Fluxo_I":"Portos","CP_Fluxo_1":"Porto Gregório Curvo","CP_Fluxo_2":"Origem","CP_Fluxo_3":"0","CP_Fluxo_4":"2055","CP_Fluxo_5":"Portos","CP_Fluxo_6":"Não Identificado","CP_Fluxo_7":"Destino","CP_Fluxo_8":"4","CP_Fluxo_9":"2077","CP_Fluxo10":"t","CP_Fluxo11":"Interior","layer":"TKU-interior portos origem","path":"D:/Users/marcos.coelho/Desktop/calculo TKU/TKU-2022/nav interior tku 2022/SHP-TKU-interior portos origem e destino/TKU-interior portos origem.shp"},"geometry":{"type":"Point","coordinates":[-57.457777,-19.610555]}},
{"type":"Feature","properties":{"idi_tuaria":114,"idseq":0,"cdi_tuaria":"BRRS003","nome":"Terminal Santa Clara","tipo":"Terminal de uso privado","cdbigrama":"BR","cdtrigrama":"BRR","cdterminal":"BRRS003","situacao":"Em Operação","gestao":"Privada","modalidade":"Terminal de uso privado","companhia":"BRASKEM S.A.","cnpj":"42150391003862","legislacao":"CA 043/2014-ANTAQ","pro_didade":null,"endereco":"BR-386 - RODOVIA TABAÍ/CANOAS KM 419","com_emento":"PÓLO PETROQUÍMICO - VIA CONTORNO","numero":850,"bairro":"PASSO RASO","cep":"95853000","idcidade":"4322004","cidade":null,"idestado":null,"estado":null,"idr_rafica":null,"reg_rafica":null,"loc_izacao":"Canal Santa Clara","latitude":"-29.9014","longitude":"-51.3744","observacao":"Atualizado em 28/04/2015 pela GAP\r\nA Copesul S/A foi incorporada","fonte":"Antaq","cdc_troide":null,"CP_Fluxo_I":"Portos","CP_Fluxo_1":"Terminal Santa Clara","CP_Fluxo_2":"Origem","CP_Fluxo_3":"0","CP_Fluxo_4":"27","CP_Fluxo_5":"Portos","CP_Fluxo_6":"Rio Grande","CP_Fluxo_7":"Destino","CP_Fluxo_8":"4","CP_Fluxo_9":"136025,895","CP_Fluxo10":"t","CP_Fluxo11":"Interior","layer":"TKU-interior portos origem","path":"D:/Users/marcos.coelho/Desktop/calculo TKU/TKU-2022/nav interior tku 2022/SHP-TKU-interior portos origem e destino/TKU-interior portos origem.shp"},"geometry":{"type":"Point","coordinates":[-51.374443,-29.901389]}},
{"type":"Feature","properties":{"idi_tuaria":120,"idseq":0,"cdi_tuaria":"BRRS005","nome":"Terminal Marítimo Luiz Fogliatto - Termasa","tipo":"Terminal de uso privado","cdbigrama":"BR","cdtrigrama":"BRR","cdterminal":"BRRS005","situacao":"Em Operação","gestao":"Privada","modalidade":"Terminal de uso privado","companhia":"TERMINAL MARÍTIMO LUIZ FOGLIATTO S.A. - TERM","cnpj":"74109828000119","legislacao":"CA 096/2015-ANTAQ","pro_didade":null,"endereco":"AVENIDA ALMIRANTE MAXIMIANO DA FONSECA","com_emento":null,"numero":6361,"bairro":"INDUSTRIAL","cep":"96204040","idcidade":"4315602","cidade":null,"idestado":null,"estado":null,"idr_rafica":null,"reg_rafica":null,"loc_izacao":null,"latitude":"-32.115","longitude":"-52.1031","observacao":"Atualizado pela GAP em 29/10/2015.","fonte":"Antaq","cdc_troide":null,"CP_Fluxo_I":"Portos","CP_Fluxo_1":"Terminal Marítimo Luiz Fogliatto - Termasa","CP_Fluxo_2":"Origem","CP_Fluxo_3":"0","CP_Fluxo_4":"221","CP_Fluxo_5":"Portos","CP_Fluxo_6":"Oleoplan","CP_Fluxo_7":"Destino","CP_Fluxo_8":"4","CP_Fluxo_9":"3487,68","CP_Fluxo10":"t","CP_Fluxo11":"Interior","layer":"TKU-interior portos origem","path":"D:/Users/marcos.coelho/Desktop/calculo TKU/TKU-2022/nav interior tku 2022/SHP-TKU-interior portos origem e destino/TKU-interior portos origem.shp"},"geometry":{"type":"Point","coordinates":[-52.103056,-32.115]}},
{"type":"Feature","properties":{"idi_tuaria":123,"idseq":0,"cdi_tuaria":"BRRO005","nome":"Passarão","tipo":"Terminal de uso privado","cdbigrama":"BR","cdtrigrama":"BRR","cdterminal":"BRRO005","situacao":"Em Operação","gestao":"Privada","modalidade":"Terminal de uso privado","companhia":"J F DE OLIVEIRA NAVEGACAO LTDA","cnpj":"22797070000236","legislacao":"CA 105/2016-ANTAQ","pro_didade":null,"endereco":"ESTRADA DO BELMONT","com_emento":"S/N KM 04","numero":null,"bairro":"NACIONAL","cep":"78903400","idcidade":"1100205","cidade":null,"idestado":null,"estado":null,"idr_rafica":null,"reg_rafica":null,"loc_izacao":"Madeira","latitude":"-8.71583","longitude":"-63.92","observacao":"Atualizado pela GAP em 24/03/2016.","fonte":"Antaq","cdc_troide":null,"CP_Fluxo_I":"Portos","CP_Fluxo_1":"Passarão","CP_Fluxo_2":"Origem","CP_Fluxo_3":"0","CP_Fluxo_4":"154","CP_Fluxo_5":"Portos","CP_Fluxo_6":"Chibatão Navegação E Comércio","CP_Fluxo_7":"Destino","CP_Fluxo_8":"4","CP_Fluxo_9":"4181,092","CP_Fluxo10":"t","CP_Fluxo11":"Interior","layer":"TKU-interior portos origem","path":"D:/Users/marcos.coelho/Desktop/calculo TKU/TKU-2022/nav interior tku 2022/SHP-TKU-interior portos origem e destino/TKU-interior portos origem.shp"},"geometry":{"type":"Point","coordinates":[-63.92,-8.715833]}},
{"type":"Feature","properties":{"idi_tuaria":126,"idseq":0,"cdi_tuaria":"BRRS006","nome":"Bianchini Canoas","tipo":"Terminal de uso privado","cdbigrama":"BR","cdtrigrama":"BRR","cdterminal":"BRRS006","situacao":"Em Operação","gestao":"Privada","modalidade":"Terminal de uso privado","companhia":"BIANCHINI SA INDUSTRIA COMERCIO E AGRICULTUR","cnpj":"87548020000260","legislacao":"CA 035/2014 -ANTAQ","pro_didade":null,"endereco":"RUA ANTÔNIO JOÃO BIANCHINI","com_emento":null,"numero":1800,"bairro":"MATO GRANDE","cep":"92320141","idcidade":"4304606","cidade":null,"idestado":null,"estado":null,"idr_rafica":null,"reg_rafica":null,"loc_izacao":"Sinos","latitude":"-29.9161","longitude":"-51.2397","observacao":"Atualizado pela GAP em 28/04/2015. \r\nO terminal encontra-se entr","fonte":"Antaq","cdc_troide":null,"CP_Fluxo_I":"Portos","CP_Fluxo_1":"Bianchini Canoas","CP_Fluxo_2":"Origem","CP_Fluxo_3":"0","CP_Fluxo_4":"212","CP_Fluxo_5":"Portos","CP_Fluxo_6":"Terbian - Terminal Bianchini","CP_Fluxo_7":"Destino","CP_Fluxo_8":"4","CP_Fluxo_9":"11600,502","CP_Fluxo10":"t","CP_Fluxo11":"Interior","layer":"TKU-interior portos origem","path":"D:/Users/marcos.coelho/Desktop/calculo TKU/TKU-2022/nav interior tku 2022/SHP-TKU-interior portos origem e destino/TKU-interior portos origem.shp"},"geometry":{"type":"Point","coordinates":[-51.239722,-29.916111]}},
{"type":"Feature","properties":{"idi_tuaria":133,"idseq":0,"cdi_tuaria":"BRRS008","nome":"Terminal Privado Copelmi","tipo":"Terminal de uso privado","cdbigrama":"BR","cdtrigrama":"BRR","cdterminal":"BRRS008","situacao":"Em Operação","gestao":"Privada","modalidade":"Terminal de uso privado","companhia":"COPELMI MINERAÇÃO LTDA.","cnpj":"33059528000438","legislacao":"CA 083/2015-ANTAQ","pro_didade":null,"endereco":"AVENIDA GEÓLOGO WHITE","com_emento":"S/Nº","numero":null,"bairro":"CENTRO","cep":"96745000","idcidade":"4305355","cidade":null,"idestado":null,"estado":null,"idr_rafica":null,"reg_rafica":null,"loc_izacao":"Taquari","latitude":null,"longitude":null,"observacao":"Atualizado pela GAP em 18/06/2015. \r\nAtualizado em 26/5/2011;","fonte":"Antaq","cdc_troide":null,"CP_Fluxo_I":"Portos","CP_Fluxo_1":"Terminal Privado Copelmi","CP_Fluxo_2":"Origem","CP_Fluxo_3":"0","CP_Fluxo_4":"114","CP_Fluxo_5":"Portos","CP_Fluxo_6":"Terminal Santa Clara","CP_Fluxo_7":"Destino","CP_Fluxo_8":"4","CP_Fluxo_9":"1981208","CP_Fluxo10":"t","CP_Fluxo11":"Interior","layer":"TKU-interior portos origem","path":"D:/Users/marcos.coelho/Desktop/calculo TKU/TKU-2022/nav interior tku 2022/SHP-TKU-interior portos origem e destino/TKU-interior portos origem.shp"},"geometry":{"type":"Point","coordinates":[-51.623888,-29.94861]}},
{"type":"Feature","properties":{"idi_tuaria":134,"idseq":0,"cdi_tuaria":"BRAM001","nome":"J. F. de Oliveira - Manaus","tipo":"Terminal de uso privado","cdbigrama":"BR","cdtrigrama":"BRA","cdterminal":"BRAM001","situacao":"Em Operação","gestao":"Privada","modalidade":"Terminal de uso privado","companhia":"J.F. DE OLIVEIRA NAVEGAÇÃO LTDA","cnpj":"22797070000317","legislacao":"CA 018/2014-ANTAQ","pro_didade":null,"endereco":"RODOVIA BR-319","com_emento":null,"numero":286,"bairro":"DISTRITO INDUSTRIAL","cep":"69075830","idcidade":"1302603","cidade":null,"idestado":null,"estado":null,"idr_rafica":null,"reg_rafica":null,"loc_izacao":"Negro","latitude":"-3.13523","longitude":"-59.9401","observacao":"Atualizado pela GAP em 28/04/2015. \r\nCONTRATO DE ADESÃO Nº 18/20","fonte":"Antaq","cdc_troide":null,"CP_Fluxo_I":"Portos","CP_Fluxo_1":"J. F. De Oliveira - Manaus","CP_Fluxo_2":"Origem","CP_Fluxo_3":"0","CP_Fluxo_4":"167","CP_Fluxo_5":"Portos","CP_Fluxo_6":"Terminal J. F. De Oliveira De Belém","CP_Fluxo_7":"Destino","CP_Fluxo_8":"4","CP_Fluxo_9":"16455,428","CP_Fluxo10":"t","CP_Fluxo11":"Interior","layer":"TKU-interior portos origem","path":"D:/Users/marcos.coelho/Desktop/calculo TKU/TKU-2022/nav interior tku 2022/SHP-TKU-interior portos origem e destino/TKU-interior portos origem.shp"},"geometry":{"type":"Point","coordinates":[-59.938333,-3.135555]}},
{"type":"Feature","properties":{"idi_tuaria":151,"idseq":0,"cdi_tuaria":"BRMS005","nome":"Terminal Hidroviário de Porto Murtinho","tipo":"Estação de transbordo de cargas","cdbigrama":"BR","cdtrigrama":"BRM","cdterminal":"BRMS005","situacao":"Em Operação","gestao":"Privada","modalidade":"Estação de transbordo de cargas","companhia":"AGÊNCIA PORTUÁRIA DE PORTO MURTINHO LTDA","cnpj":"04681620000194","legislacao":"CA 19/2018-ANTAQ","pro_didade":null,"endereco":"LARGO DO RIO PARAGUAI, S/Nº","com_emento":null,"numero":null,"bairro":"CENTRO","cep":"79280000","idcidade":"5006903","cidade":null,"idestado":null,"estado":null,"idr_rafica":null,"reg_rafica":null,"loc_izacao":"Paraguai","latitude":null,"longitude":null,"observacao":"Atualizado pela GAP em 03/07/2018 - Contrato de adesão (Adaptaçã","fonte":"Antaq","cdc_troide":null,"CP_Fluxo_I":"Portos","CP_Fluxo_1":"Terminal Hidroviário De Porto Murtinho","CP_Fluxo_2":"Origem","CP_Fluxo_3":"0","CP_Fluxo_4":"2038","CP_Fluxo_5":"Portos","CP_Fluxo_6":"Não Identificado","CP_Fluxo_7":"Destino","CP_Fluxo_8":"4","CP_Fluxo_9":"13314,132","CP_Fluxo10":"t","CP_Fluxo11":"Interior","layer":"TKU-interior portos origem","path":"D:/Users/marcos.coelho/Desktop/calculo TKU/TKU-2022/nav interior tku 2022/SHP-TKU-interior portos origem e destino/TKU-interior portos origem.shp"},"geometry":{"type":"Point","coordinates":[-57.883611,-21.691666]}},
{"type":"Feature","properties":{"idi_tuaria":157,"idseq":0,"cdi_tuaria":"BRAM008","nome":"Ibepar","tipo":"Terminal de uso privado","cdbigrama":"BR","cdtrigrama":"BRA","cdterminal":"BRAM008","situacao":"Em Operação","gestao":"Privada","modalidade":"Terminal de uso privado","companhia":"IBEPAR PARTICIPAÇÕES LTDA","cnpj":"02941212000107","legislacao":"CA 045/2014-ANTAQ","pro_didade":null,"endereco":"RUA COMENDADOR GUTEMBERG","com_emento":null,"numero":1,"bairro":"PONTA NEGRA","cep":"69037004","idcidade":"1302603","cidade":null,"idestado":null,"estado":null,"idr_rafica":null,"reg_rafica":null,"loc_izacao":"Negro","latitude":"-3.09203","longitude":"-60.0742","observacao":"Atualizado em 28/04/2015 pela GAP.\r\nCONTRATO DE ADESÃO Nº 45/201","fonte":"Antaq","cdc_troide":null,"CP_Fluxo_I":"Portos","CP_Fluxo_1":"Ibepar","CP_Fluxo_2":"Origem","CP_Fluxo_3":"0","CP_Fluxo_4":"187","CP_Fluxo_5":"Portos","CP_Fluxo_6":"Bertolini - Santarém","CP_Fluxo_7":"Destino","CP_Fluxo_8":"4","CP_Fluxo_9":"7","CP_Fluxo10":"t","CP_Fluxo11":"Interior","layer":"TKU-interior portos origem","path":"D:/Users/marcos.coelho/Desktop/calculo TKU/TKU-2022/nav interior tku 2022/SHP-TKU-interior portos origem e destino/TKU-interior portos origem.shp"},"geometry":{"type":"Point","coordinates":[-60.076667,-3.095556]}},
{"type":"Feature","properties":{"idi_tuaria":158,"idseq":0,"cdi_tuaria":"BRAM009","nome":"Terminal Aquaviário Solimões - Coari","tipo":"Terminal de uso privado","cdbigrama":"BR","cdtrigrama":"BRA","cdterminal":"BRAM009","situacao":"Em Operação","gestao":"Privada","modalidade":"Terminal de uso privado","companhia":"PETROBRAS TRANSPORTE S/A","cnpj":"02709449004812","legislacao":"CA 073/2015-ANTAQ","pro_didade":null,"endereco":"LUGAREJO DE PORTO URUCU","com_emento":"S/Nº  MARGEM DIREITA","numero":null,"bairro":"ZONA RURAL","cep":"69460000","idcidade":"1301209","cidade":null,"idestado":null,"estado":null,"idr_rafica":null,"reg_rafica":null,"loc_izacao":"Solimões","latitude":"-3.94525","longitude":"-63.1621","observacao":"Atualizado em 14/11/2019 pela GAP","fonte":"Antaq","cdc_troide":null,"CP_Fluxo_I":"Portos","CP_Fluxo_1":"Terminal Aquaviário Solimões - Coari","CP_Fluxo_2":"Origem","CP_Fluxo_3":"0","CP_Fluxo_4":"5","CP_Fluxo_5":"Portos","CP_Fluxo_6":"Belém","CP_Fluxo_7":"Destino","CP_Fluxo_8":"4","CP_Fluxo_9":"0,68","CP_Fluxo10":"t","CP_Fluxo11":"Interior","layer":"TKU-interior portos origem","path":"D:/Users/marcos.coelho/Desktop/calculo TKU/TKU-2022/nav interior tku 2022/SHP-TKU-interior portos origem e destino/TKU-interior portos origem.shp"},"geometry":{"type":"Point","coordinates":[-63.160832,-3.944443]}},
{"type":"Feature","properties":{"idi_tuaria":161,"idseq":0,"cdi_tuaria":"BRRO002","nome":"Belmont","tipo":"Terminal de uso privado","cdbigrama":"BR","cdtrigrama":"BRR","cdterminal":"BRRO002","situacao":"Em Operação","gestao":"Privada","modalidade":"Terminal de uso privado","companhia":"J F DE OLIVEIRA NAVEGACAO LTDA","cnpj":"22797070000589","legislacao":"CA 104/2016-ANTAQ","pro_didade":null,"endereco":"ESTRADA DO BELMONT","com_emento":"Km 06, S/N","numero":null,"bairro":"Nacional","cep":"78903400","idcidade":"1100205","cidade":null,"idestado":null,"estado":null,"idr_rafica":null,"reg_rafica":null,"loc_izacao":"Madeira","latitude":"-8.72028","longitude":"-63.92","observacao":"Atualizado pela GAP em 24/03/2016.\r\nCADASTRO ATUALIZADO GAP EM 2","fonte":"Antaq","cdc_troide":null,"CP_Fluxo_I":"Portos","CP_Fluxo_1":"Belmont","CP_Fluxo_2":"Origem","CP_Fluxo_3":"0","CP_Fluxo_4":"154","CP_Fluxo_5":"Portos","CP_Fluxo_6":"Chibatão Navegação E Comércio","CP_Fluxo_7":"Destino","CP_Fluxo_8":"4","CP_Fluxo_9":"2,36","CP_Fluxo10":"t","CP_Fluxo11":"Interior","layer":"TKU-interior portos origem","path":"D:/Users/marcos.coelho/Desktop/calculo TKU/TKU-2022/nav interior tku 2022/SHP-TKU-interior portos origem e destino/TKU-interior portos origem.shp"},"geometry":{"type":"Point","coordinates":[-63.92,-8.720277]}},
{"type":"Feature","properties":{"idi_tuaria":162,"idseq":0,"cdi_tuaria":"BRAM010","nome":"Terminal Sanave Manaus","tipo":"Terminal de uso privado","cdbigrama":"BR","cdtrigrama":"BRA","cdterminal":"BRAM010","situacao":"Em Operação","gestao":"Privada","modalidade":"Terminal de uso privado","companhia":"SABINO DE OLIVEIRA COMÉRCIO E NAVEGAÇÃO S/A","cnpj":"04872156000202","legislacao":"CA 087/2015-ANTAQ","pro_didade":null,"endereco":"ESTRADA DO BOMBEAMENTO","com_emento":null,"numero":20,"bairro":"COMPENSA","cep":"69035160","idcidade":"1302603","cidade":null,"idestado":null,"estado":null,"idr_rafica":null,"reg_rafica":null,"loc_izacao":"Negro","latitude":"-1.43435","longitude":"-48.4927","observacao":"Atualizado pela GAP em 22/07/2015","fonte":"Antaq","cdc_troide":null,"CP_Fluxo_I":"Portos","CP_Fluxo_1":"Terminal Sanave De Manaus","CP_Fluxo_2":"Origem","CP_Fluxo_3":"0","CP_Fluxo_4":"300201","CP_Fluxo_5":"Portos","CP_Fluxo_6":"Companhia Brasileira De Asfalto Da Amazônia","CP_Fluxo_7":"Destino","CP_Fluxo_8":"4","CP_Fluxo_9":"1997,837","CP_Fluxo10":"t","CP_Fluxo11":"Interior","layer":"TKU-interior portos origem","path":"D:/Users/marcos.coelho/Desktop/calculo TKU/TKU-2022/nav interior tku 2022/SHP-TKU-interior portos origem e destino/TKU-interior portos origem.shp"},"geometry":{"type":"Point","coordinates":[-60.055278,-3.117777]}},
{"type":"Feature","properties":{"idi_tuaria":163,"idseq":0,"cdi_tuaria":"BRAM011","nome":"Terminal Aquaviário de Manaus","tipo":"Terminal de uso privado","cdbigrama":"BR","cdtrigrama":"BRA","cdterminal":"BRAM011","situacao":"Em Operação","gestao":"Privada","modalidade":"Terminal de uso privado","companhia":"PETROBRAS TRANSPORTE S/A","cnpj":"02709449006270","legislacao":"CA 074/2015-ANTAQ","pro_didade":null,"endereco":"RUA RIO QUIXITO","com_emento":null,"numero":1,"bairro":"VILA BURITI","cep":"69011960","idcidade":"1302603","cidade":null,"idestado":null,"estado":null,"idr_rafica":null,"reg_rafica":null,"loc_izacao":"Negro","latitude":"-3.15139","longitude":"-59.9514","observacao":"Atualizado pela GAP em 07/07/2015","fonte":"Antaq","cdc_troide":null,"CP_Fluxo_I":"Portos","CP_Fluxo_1":"Terminal Aquaviário De Manaus","CP_Fluxo_2":"Origem","CP_Fluxo_3":"0","CP_Fluxo_4":"300201","CP_Fluxo_5":"Portos","CP_Fluxo_6":"Companhia Brasileira De Asfalto Da Amazônia","CP_Fluxo_7":"Destino","CP_Fluxo_8":"4","CP_Fluxo_9":"48825,038","CP_Fluxo10":"t","CP_Fluxo11":"Interior","layer":"TKU-interior portos origem","path":"D:/Users/marcos.coelho/Desktop/calculo TKU/TKU-2022/nav interior tku 2022/SHP-TKU-interior portos origem e destino/TKU-interior portos origem.shp"},"geometry":{"type":"Point","coordinates":[-59.951667,-3.149722]}},
{"type":"Feature","properties":{"idi_tuaria":164,"idseq":0,"cdi_tuaria":"BRAM012","nome":"Super Terminais Comércio e Indústria","tipo":"Terminal de uso privado","cdbigrama":"BR","cdtrigrama":"BRA","cdterminal":"BRAM012","situacao":"Em Operação","gestao":"Privada","modalidade":"Terminal de uso privado","companhia":"SUPER TERMINAIS COMERCIO E INDUSTRIA LTDA","cnpj":"04335535000255","legislacao":"CA 051/2014-ANTAQ","pro_didade":null,"endereco":"RUA PONTA GROSSA","com_emento":null,"numero":256,"bairro":"COLÔNIA OLIVEIRA MACHADO","cep":"69074190","idcidade":"1302603","cidade":null,"idestado":null,"estado":null,"idr_rafica":null,"reg_rafica":null,"loc_izacao":"Negro","latitude":"-3.15694","longitude":"-59.9986","observacao":"Atualizado em 28/04/2015 pela GAP -\r\nCONTRATO DE ADESÃO Nº 51/20","fonte":"Antaq","cdc_troide":null,"CP_Fluxo_I":"Portos","CP_Fluxo_1":"Super Terminais Comércio E Indústria","CP_Fluxo_2":"Origem","CP_Fluxo_3":"0","CP_Fluxo_4":"2065","CP_Fluxo_5":"Portos","CP_Fluxo_6":"Iquitos","CP_Fluxo_7":"Destino","CP_Fluxo_8":"4","CP_Fluxo_9":"13,18","CP_Fluxo10":"t","CP_Fluxo11":"Interior","layer":"TKU-interior portos origem","path":"D:/Users/marcos.coelho/Desktop/calculo TKU/TKU-2022/nav interior tku 2022/SHP-TKU-interior portos origem e destino/TKU-interior portos origem.shp"},"geometry":{"type":"Point","coordinates":[-59.99861,-3.156944]}},
{"type":"Feature","properties":{"idi_tuaria":167,"idseq":0,"cdi_tuaria":"BRPA013","nome":"Terminal J. F. de Oliveira de Belém","tipo":"Terminal de uso privado","cdbigrama":"BR","cdtrigrama":"BRP","cdterminal":"BRPA013","situacao":"Em Operação","gestao":"Privada","modalidade":"Terminal de uso privado","companhia":"J F DE OLIVEIRA NAVEGAÇÃO LTDA","cnpj":"22797070000406","legislacao":"CA 053/2014-ANTAQ","pro_didade":null,"endereco":"RODOVIA ARTHUR BERNARDES","com_emento":"LOTE 19/20","numero":null,"bairro":"ICOARACI","cep":"68464000","idcidade":"1501402","cidade":null,"idestado":null,"estado":null,"idr_rafica":null,"reg_rafica":null,"loc_izacao":"Guamá","latitude":"-1.35609","longitude":"-48.4775","observacao":"Atualizado pela GAP em 28/04/2015\r\nCONTRATO DE ADESÃO Nº 53/2014","fonte":"Antaq","cdc_troide":null,"CP_Fluxo_I":"Portos","CP_Fluxo_1":"Terminal J. F. De Oliveira De Belém","CP_Fluxo_2":"Origem","CP_Fluxo_3":"0","CP_Fluxo_4":"5","CP_Fluxo_5":"Portos","CP_Fluxo_6":"Belém","CP_Fluxo_7":"Destino","CP_Fluxo_8":"4","CP_Fluxo_9":"500,01","CP_Fluxo10":"t","CP_Fluxo11":"Interior","layer":"TKU-interior portos origem","path":"D:/Users/marcos.coelho/Desktop/calculo TKU/TKU-2022/nav interior tku 2022/SHP-TKU-interior portos origem e destino/TKU-interior portos origem.shp"},"geometry":{"type":"Point","coordinates":[-48.481389,-1.356111]}},
{"type":"Feature","properties":{"idi_tuaria":172,"idseq":0,"cdi_tuaria":"BRAM014","nome":"Terminal Graneleiro Hermasa","tipo":"Terminal de uso privado","cdbigrama":"BR","cdtrigrama":"BRA","cdterminal":"BRAM014","situacao":"Em Operação","gestao":"Privada","modalidade":"Terminal de uso privado","companhia":"HERMASA NAVEGAÇÃO DA AMAZÔNIA S.A.","cnpj":"84590892000207","legislacao":"CA 031/2014-ANTAQ","pro_didade":null,"endereco":"ESTRADA DAS INDÚSTRIAS","com_emento":"KM 7,5","numero":null,"bairro":"ZONA URBANA","cep":"69100000","idcidade":"1301902","cidade":null,"idestado":null,"estado":null,"idr_rafica":null,"reg_rafica":null,"loc_izacao":"Amazonas","latitude":"-3.13594","longitude":"-58.4831","observacao":"Em 10/12/2018 - GAP área da instalação alterada para 270.923,00m","fonte":"Antaq","cdc_troide":null,"CP_Fluxo_I":"Portos","CP_Fluxo_1":"Terminal Graneleiro Hermasa","CP_Fluxo_2":"Origem","CP_Fluxo_3":"0","CP_Fluxo_4":"24","CP_Fluxo_5":"Portos","CP_Fluxo_6":"Porto Velho","CP_Fluxo_7":"Destino","CP_Fluxo_8":"4","CP_Fluxo_9":"27133,21","CP_Fluxo10":"t","CP_Fluxo11":"Interior","layer":"TKU-interior portos origem","path":"D:/Users/marcos.coelho/Desktop/calculo TKU/TKU-2022/nav interior tku 2022/SHP-TKU-interior portos origem e destino/TKU-interior portos origem.shp"},"geometry":{"type":"Point","coordinates":[-58.483611,-3.136111]}},
{"type":"Feature","properties":{"idi_tuaria":175,"idseq":0,"cdi_tuaria":"BRRS010","nome":"Terminal Aquaviário de Niterói","tipo":"Terminal de uso privado","cdbigrama":"BR","cdtrigrama":"BRR","cdterminal":"BRRS010","situacao":"Em Operação","gestao":"Privada","modalidade":"Terminal de uso privado","companhia":"PETROBRAS TRANSPORTE S/A","cnpj":"02709449005622","legislacao":"CA 080/2015-ANTAQ","pro_didade":null,"endereco":"RUA HENRIQUE LUIZ ROESSLER","com_emento":null,"numero":100,"bairro":"RIO BRANCO","cep":"92200640","idcidade":"4304606","cidade":null,"idestado":null,"estado":null,"idr_rafica":null,"reg_rafica":null,"loc_izacao":"Sinos","latitude":null,"longitude":null,"observacao":"Atualizado pela GAP em 07/07/2015 (área 55.175,90 m²)\r\nAtualizad","fonte":"Antaq","cdc_troide":null,"CP_Fluxo_I":"Portos","CP_Fluxo_1":"Terminal Aquaviário De Niterói","CP_Fluxo_2":"Origem","CP_Fluxo_3":"0","CP_Fluxo_4":"27","CP_Fluxo_5":"Portos","CP_Fluxo_6":"Rio Grande","CP_Fluxo_7":"Destino","CP_Fluxo_8":"4","CP_Fluxo_9":"199003,558","CP_Fluxo10":"t","CP_Fluxo11":"Interior","layer":"TKU-interior portos origem","path":"D:/Users/marcos.coelho/Desktop/calculo TKU/TKU-2022/nav interior tku 2022/SHP-TKU-interior portos origem e destino/TKU-interior portos origem.shp"},"geometry":{"type":"Point","coordinates":[-51.179028,-29.967916]}},
{"type":"Feature","properties":{"idi_tuaria":182,"idseq":0,"cdi_tuaria":"BRPA016","nome":"Bertolini - Belém","tipo":"Terminal de uso privado","cdbigrama":"BR","cdtrigrama":"BRP","cdterminal":"BRPA016","situacao":"Em Operação","gestao":"Privada","modalidade":"Terminal de uso privado","companhia":"TRANSPORTES BERTOLINI LTDA","cnpj":"04503660000570","legislacao":"CA 044/2014-ANTAQ","pro_didade":null,"endereco":"RODOVIA ARTHUR BERNARDES","com_emento":"KM 14","numero":6971,"bairro":"ICOARACI","cep":"66825000","idcidade":"1501402","cidade":null,"idestado":null,"estado":null,"idr_rafica":null,"reg_rafica":null,"loc_izacao":"Guamá","latitude":"-1.3503","longitude":"-48.4771","observacao":"Atualizado pela GAP em 28/04/2015. \r\nCONTRATO DE ADESÃO 44/2014-","fonte":"Antaq","cdc_troide":null,"CP_Fluxo_I":"Portos","CP_Fluxo_1":"Bertolini - Belém","CP_Fluxo_2":"Origem","CP_Fluxo_3":"0","CP_Fluxo_4":"34","CP_Fluxo_5":"Portos","CP_Fluxo_6":"Vila Do Conde","CP_Fluxo_7":"Destino","CP_Fluxo_8":"4","CP_Fluxo_9":"415,01","CP_Fluxo10":"t","CP_Fluxo11":"Interior","layer":"TKU-interior portos origem","path":"D:/Users/marcos.coelho/Desktop/calculo TKU/TKU-2022/nav interior tku 2022/SHP-TKU-interior portos origem e destino/TKU-interior portos origem.shp"},"geometry":{"type":"Point","coordinates":[-48.480832,-1.35111]}},
{"type":"Feature","properties":{"idi_tuaria":187,"idseq":0,"cdi_tuaria":"BRPA017","nome":"Bertolini - Santarém","tipo":"Terminal de uso privado","cdbigrama":"BR","cdtrigrama":"BRP","cdterminal":"BRPA017","situacao":"Em Operação","gestao":"Privada","modalidade":"Terminal de uso privado","companhia":"TRANSPORTES BERTOLINI LTDA","cnpj":"04503660001380","legislacao":"CA 067/2015-ANTAQ","pro_didade":null,"endereco":"AV. ANTÔNIO SIMÕES","com_emento":"DISTRITO INDUSTRIAL","numero":457,"bairro":"PRAINHA","cep":"68010380","idcidade":"1506807","cidade":null,"idestado":null,"estado":null,"idr_rafica":null,"reg_rafica":null,"loc_izacao":"Tapajós","latitude":"-2.42673","longitude":"-54.6955","observacao":"Atualização da GAP em 23/07/2018- atualizado área total já ampli","fonte":"Antaq","cdc_troide":null,"CP_Fluxo_I":"Portos","CP_Fluxo_1":"Bertolini - Santarém","CP_Fluxo_2":"Origem","CP_Fluxo_3":"0","CP_Fluxo_4":"29","CP_Fluxo_5":"Portos","CP_Fluxo_6":"Santarém","CP_Fluxo_7":"Destino","CP_Fluxo_8":"4","CP_Fluxo_9":"4910,51","CP_Fluxo10":"t","CP_Fluxo11":"Interior","layer":"TKU-interior portos origem","path":"D:/Users/marcos.coelho/Desktop/calculo TKU/TKU-2022/nav interior tku 2022/SHP-TKU-interior portos origem e destino/TKU-interior portos origem.shp"},"geometry":{"type":"Point","coordinates":[-54.694443,-2.426388]}},
{"type":"Feature","properties":{"idi_tuaria":202,"idseq":0,"cdi_tuaria":"BRPA019","nome":"Terminal Fluvial de Juruti","tipo":"Terminal de uso privado","cdbigrama":"BR","cdtrigrama":"BRP","cdterminal":"BRPA019","situacao":"Em Operação","gestao":"Privada","modalidade":"Terminal de uso privado","companhia":"ALCOA WORLD ALUMINA BRASIL LTDA","cnpj":"06167730000591","legislacao":"CA 092/2015-ANTAQ","pro_didade":null,"endereco":"RODOV. PA 257 - KM 0,5","com_emento":"S/Nº, ÁREA INDUSTRIAL","numero":null,"bairro":"(PORTO CAPIRANGA)","cep":"68170000","idcidade":"1503903","cidade":null,"idestado":null,"estado":null,"idr_rafica":null,"reg_rafica":null,"loc_izacao":"Amazonas","latitude":"-2.17378","longitude":"-56.106","observacao":"Atualizado pela GAP em 07/10/2015 - Adapatção\r\nA empresa Omnia M","fonte":"Antaq","cdc_troide":null,"CP_Fluxo_I":"Portos","CP_Fluxo_1":"Juruti","CP_Fluxo_2":"Origem","CP_Fluxo_3":"0","CP_Fluxo_4":"34","CP_Fluxo_5":"Portos","CP_Fluxo_6":"Vila Do Conde","CP_Fluxo_7":"Destino","CP_Fluxo_8":"4","CP_Fluxo_9":"41328,55","CP_Fluxo10":"t","CP_Fluxo11":"Interior","layer":"TKU-interior portos origem","path":"D:/Users/marcos.coelho/Desktop/calculo TKU/TKU-2022/nav interior tku 2022/SHP-TKU-interior portos origem e destino/TKU-interior portos origem.shp"},"geometry":{"type":"Point","coordinates":[-56.10598,-2.173782]}},
{"type":"Feature","properties":{"idi_tuaria":218,"idseq":0,"cdi_tuaria":"BRRS013","nome":"CMPC Guaíba","tipo":"Terminal de uso privado","cdbigrama":"BR","cdtrigrama":"BRR","cdterminal":"BRRS013","situacao":"Em Operação","gestao":"Privada","modalidade":"Terminal de uso privado","companhia":"CMPC CELULOSE RIOGRANDENSE LTDA","cnpj":"11234954000185","legislacao":"CA 025/2014-SEP/PR","pro_didade":null,"endereco":"RUA SÃO GERALDO","com_emento":null,"numero":1680,"bairro":"ERMO","cep":"92500000","idcidade":"4309308","cidade":null,"idestado":null,"estado":null,"idr_rafica":null,"reg_rafica":null,"loc_izacao":"Guaíba","latitude":null,"longitude":null,"observacao":"Atualizado pela GAP em 02/07/2018 - 2ºTermo aditivo reduz a área","fonte":"Antaq","cdc_troide":null,"CP_Fluxo_I":"Portos","CP_Fluxo_1":"Cmpc Guaíba","CP_Fluxo_2":"Origem","CP_Fluxo_3":"0","CP_Fluxo_4":"27","CP_Fluxo_5":"Portos","CP_Fluxo_6":"Rio Grande","CP_Fluxo_7":"Destino","CP_Fluxo_8":"4","CP_Fluxo_9":"1383044,269","CP_Fluxo10":"t","CP_Fluxo11":"Interior","layer":"TKU-interior portos origem","path":"D:/Users/marcos.coelho/Desktop/calculo TKU/TKU-2022/nav interior tku 2022/SHP-TKU-interior portos origem e destino/TKU-interior portos origem.shp"},"geometry":{"type":"Point","coordinates":[-51.310277,-30.135833]}},
{"type":"Feature","properties":{"idi_tuaria":221,"idseq":0,"cdi_tuaria":"BRRS015","nome":"Oleoplan","tipo":"Terminal de uso privado","cdbigrama":"BR","cdtrigrama":"BRR","cdterminal":"BRRS015","situacao":"Em Operação","gestao":"Privada","modalidade":"Terminal de uso privado","companhia":"OLEOPLAN S.A. OLEOS VEGETAIS PLANALTO","cnpj":"88676127000419","legislacao":"CA 049/2014-ANTAQ","pro_didade":null,"endereco":"RUA LUIZ HENRIQUE ROESSLER","com_emento":null,"numero":430,"bairro":"RIO BRANCO","cep":"92200640","idcidade":"4304606","cidade":null,"idestado":null,"estado":null,"idr_rafica":null,"reg_rafica":null,"loc_izacao":"Sinos","latitude":null,"longitude":null,"observacao":"atualizado pela GAP em 29/04/2015.\r\nContrato de Adesão 49/2014-A","fonte":"Antaq","cdc_troide":null,"CP_Fluxo_I":"Portos","CP_Fluxo_1":"Oleoplan","CP_Fluxo_2":"Origem","CP_Fluxo_3":"0","CP_Fluxo_4":"27","CP_Fluxo_5":"Portos","CP_Fluxo_6":"Rio Grande","CP_Fluxo_7":"Destino","CP_Fluxo_8":"4","CP_Fluxo_9":"144378,205","CP_Fluxo10":"t","CP_Fluxo11":"Interior","layer":"TKU-interior portos origem","path":"D:/Users/marcos.coelho/Desktop/calculo TKU/TKU-2022/nav interior tku 2022/SHP-TKU-interior portos origem e destino/TKU-interior portos origem.shp"},"geometry":{"type":"Point","coordinates":[-51.182361,-29.968471]}},
{"type":"Feature","properties":{"idi_tuaria":226,"idseq":0,"cdi_tuaria":"BRPA028","nome":"Base Ipiranga Santarém","tipo":"Terminal de uso privado","cdbigrama":"BR","cdtrigrama":"BRP","cdterminal":"BRPA028","situacao":"Em Operação","gestao":"Privada","modalidade":"Terminal de uso privado","companhia":"IPIRANGA PRODUTOS DE PETROLEO S.A.","cnpj":"33337122007563","legislacao":"12/2017-ANTAQ","pro_didade":null,"endereco":"AVENIDA ANTONIO SIMÕES","com_emento":null,"numero":293,"bairro":"PRAINHA","cep":"68030290","idcidade":"1506807","cidade":null,"idestado":null,"estado":null,"idr_rafica":null,"reg_rafica":null,"loc_izacao":"Tapajós","latitude":"-2.42666","longitude":"-54.6966","observacao":"Atualizado pela GAP em 16/04/2018-CA 12/2017-ANTAQ alterou també","fonte":"Antaq","cdc_troide":null,"CP_Fluxo_I":"Portos","CP_Fluxo_1":"Base Ipiranga Santarém","CP_Fluxo_2":"Origem","CP_Fluxo_3":"0","CP_Fluxo_4":"300192","CP_Fluxo_5":"Portos","CP_Fluxo_6":"Base De Distribuição Secundária De Itaituba","CP_Fluxo_7":"Destino","CP_Fluxo_8":"4","CP_Fluxo_9":"1202,94","CP_Fluxo10":"t","CP_Fluxo11":"Interior","layer":"TKU-interior portos origem","path":"D:/Users/marcos.coelho/Desktop/calculo TKU/TKU-2022/nav interior tku 2022/SHP-TKU-interior portos origem e destino/TKU-interior portos origem.shp"},"geometry":{"type":"Point","coordinates":[-54.695556,-2.425555]}},
{"type":"Feature","properties":{"idi_tuaria":228,"idseq":0,"cdi_tuaria":"BRMS006","nome":"Terminal Intermodal Cargill - Três Lagoas","tipo":"Terminal de uso privado","cdbigrama":"BR","cdtrigrama":"BRM","cdterminal":"BRMS006","situacao":"Em Operação","gestao":"Privada","modalidade":"Terminal de uso privado","companhia":"CARGILL AGRICOLA S.A.","cnpj":"60498706029481","legislacao":"CA 055/2014-ANTAQ","pro_didade":null,"endereco":"ROD. 264 - ACESSO FERROVIÁRIO NOVO OESTE/BRASIL FERROVIAS","com_emento":null,"numero":null,"bairro":"PARQUE INDUSTRIAL","cep":"79610090","idcidade":"5008305","cidade":null,"idestado":null,"estado":null,"idr_rafica":null,"reg_rafica":null,"loc_izacao":"Paraná","latitude":"-20.8056","longitude":"-51.6419","observacao":"Atualizado pela GAP em 29/04/2015.\r\nCONTRATO DE ADESÃO Nº 55/201","fonte":"Antaq","cdc_troide":null,"CP_Fluxo_I":"Portos","CP_Fluxo_1":"Três Lagoas - MS","CP_Fluxo_2":"Origem","CP_Fluxo_3":"0","CP_Fluxo_4":"1288","CP_Fluxo_5":"Portos","CP_Fluxo_6":"Rosana","CP_Fluxo_7":"Destino","CP_Fluxo_8":"4","CP_Fluxo_9":"1476680","CP_Fluxo10":"t","CP_Fluxo11":"Interior","layer":"TKU-interior portos origem","path":"D:/Users/marcos.coelho/Desktop/calculo TKU/TKU-2022/nav interior tku 2022/SHP-TKU-interior portos origem e destino/TKU-interior portos origem.shp"},"geometry":{"type":"Point","coordinates":[-51.641944,-20.805555]}},
{"type":"Feature","properties":{"idi_tuaria":1064,"idseq":0,"cdi_tuaria":"BRITB","nome":"Itaituba","tipo":"Porto Público","cdbigrama":"BR","cdtrigrama":"ITB","cdterminal":null,"situacao":"Operando","gestao":"Desconhecida","modalidade":null,"companhia":"CDP","cnpj":null,"legislacao":"Lei 5.917/73","pro_didade":null,"endereco":null,"com_emento":null,"numero":null,"bairro":null,"cep":null,"idcidade":"BR150360","cidade":"Itaituba","idestado":"BR15","estado":"PA","idr_rafica":9,"reg_rafica":"Região Hidrográfica Amazônica","loc_izacao":"Rio Tapajós","latitude":"-4.275239°","longitude":"-55.98259900000001°","observacao":"Informação Proveniente do Estudo de Demanda de Passageiros (UFPA","fonte":"SNV/DNIT","cdc_troide":"BRITB","CP_Fluxo_I":"Portos","CP_Fluxo_1":"Itaituba","CP_Fluxo_2":"Origem","CP_Fluxo_3":"0","CP_Fluxo_4":"111","CP_Fluxo_5":"Portos","CP_Fluxo_6":"Terminal Ponta Da Montanha","CP_Fluxo_7":"Destino","CP_Fluxo_8":"4","CP_Fluxo_9":"135854,82","CP_Fluxo10":"t","CP_Fluxo11":"Interior","layer":"TKU-interior portos origem","path":"D:/Users/marcos.coelho/Desktop/calculo TKU/TKU-2022/nav interior tku 2022/SHP-TKU-interior portos origem e destino/TKU-interior portos origem.shp"},"geometry":{"type":"Point","coordinates":[-55.985187,-4.273577]}},
{"type":"Feature","properties":{"idi_tuaria":1095,"idseq":0,"cdi_tuaria":"BRMTE","nome":"Monte Alegre","tipo":"IP4","cdbigrama":"BR","cdtrigrama":"MTE","cdterminal":null,"situacao":"Operando","gestao":"MTPA/DNIT","modalidade":null,"companhia":null,"cnpj":null,"legislacao":"Portaria Interministerial Nº 24/2015 - SEP/MT","pro_didade":null,"endereco":null,"com_emento":null,"numero":null,"bairro":null,"cep":null,"idcidade":"BR150480","cidade":"Monte Alegre","idestado":"BR15","estado":"PA","idr_rafica":9,"reg_rafica":"Região Hidrográfica Amazônica","loc_izacao":"Rio Amazonas","latitude":"-2.009489°","longitude":"-54.0703°","observacao":"Obras concluídas","fonte":"DNIT","cdc_troide":"BRMTE","CP_Fluxo_I":"Portos","CP_Fluxo_1":"Monte Alegre","CP_Fluxo_2":"Origem","CP_Fluxo_3":"0","CP_Fluxo_4":"29","CP_Fluxo_5":"Portos","CP_Fluxo_6":"Santarém","CP_Fluxo_7":"Destino","CP_Fluxo_8":"4","CP_Fluxo_9":"481,15","CP_Fluxo10":"t","CP_Fluxo11":"Interior","layer":"TKU-interior portos origem","path":"D:/Users/marcos.coelho/Desktop/calculo TKU/TKU-2022/nav interior tku 2022/SHP-TKU-interior portos origem e destino/TKU-interior portos origem.shp"},"geometry":{"type":"Point","coordinates":[-54.0703,-2.009489]}},
{"type":"Feature","properties":{"idi_tuaria":1276,"idseq":0,"cdi_tuaria":"BRQGA","nome":"Guaíra","tipo":"Porto Público","cdbigrama":"BR","cdtrigrama":"QGA","cdterminal":null,"situacao":"Operando","gestao":"Desconhecida","modalidade":null,"companhia":null,"cnpj":null,"legislacao":"Lei 5.917/73","pro_didade":null,"endereco":null,"com_emento":null,"numero":null,"bairro":null,"cep":null,"idcidade":"BR410880","cidade":"Guaíra","idestado":"BR41","estado":"PR","idr_rafica":11,"reg_rafica":"Região Hidrográfica do Paraná","loc_izacao":"Rio Paraná","latitude":"-24.070599°","longitude":"-54.24210000000001°","observacao":"Informação Proveniente do Estudo de Demanda de Passageiros (UFPA","fonte":"SNV/DNIT","cdc_troide":"BRQGA","CP_Fluxo_I":"Portos","CP_Fluxo_1":"Guaíra","CP_Fluxo_2":"Origem","CP_Fluxo_3":"0","CP_Fluxo_4":"1375","CP_Fluxo_5":"Portos","CP_Fluxo_6":"Terra Roxa","CP_Fluxo_7":"Destino","CP_Fluxo_8":"4","CP_Fluxo_9":"143260","CP_Fluxo10":"t","CP_Fluxo11":"Interior","layer":"TKU-interior portos origem","path":"D:/Users/marcos.coelho/Desktop/calculo TKU/TKU-2022/nav interior tku 2022/SHP-TKU-interior portos origem e destino/TKU-interior portos origem.shp"},"geometry":{"type":"Point","coordinates":[-54.2421,-24.070599]}},
{"type":"Feature","properties":{"idi_tuaria":1278,"idseq":0,"cdi_tuaria":"BRISA","nome":"Ilha Solteira","tipo":"Porto Público","cdbigrama":"BR","cdtrigrama":"ISA","cdterminal":null,"situacao":"Planejado","gestao":"Desconhecida","modalidade":null,"companhia":null,"cnpj":null,"legislacao":null,"pro_didade":null,"endereco":null,"com_emento":null,"numero":null,"bairro":null,"cep":null,"idcidade":"BR352044","cidade":"Ilha Solteira","idestado":"BR35","estado":"SP","idr_rafica":11,"reg_rafica":"Região Hidrográfica do Paraná","loc_izacao":"Rio Paraná","latitude":"-20.410646°","longitude":"-51.366868°","observacao":null,"fonte":"SNV/ANTAQ/LabTrans","cdc_troide":"BRISA","CP_Fluxo_I":"Portos","CP_Fluxo_1":"Ilha Solteira","CP_Fluxo_2":"Origem","CP_Fluxo_3":"0","CP_Fluxo_4":"1289","CP_Fluxo_5":"Portos","CP_Fluxo_6":"Rubinéia","CP_Fluxo_7":"Destino","CP_Fluxo_8":"4","CP_Fluxo_9":"33060","CP_Fluxo10":"t","CP_Fluxo11":"Interior","layer":"TKU-interior portos origem","path":"D:/Users/marcos.coelho/Desktop/calculo TKU/TKU-2022/nav interior tku 2022/SHP-TKU-interior portos origem e destino/TKU-interior portos origem.shp"},"geometry":{"type":"Point","coordinates":[-51.366868,-20.410646]}},
{"type":"Feature","properties":{"idi_tuaria":1290,"idseq":0,"cdi_tuaria":"BRSOS","nome":"São Simão","tipo":"Porto Público","cdbigrama":"BR","cdtrigrama":"SOS","cdterminal":null,"situacao":"Planejado","gestao":"Desconhecida","modalidade":null,"companhia":"DNPVN/DNIT","cnpj":null,"legislacao":"Lei 9.852/99","pro_didade":null,"endereco":null,"com_emento":null,"numero":null,"bairro":null,"cep":null,"idcidade":"BR522040","cidade":"São Simão","idestado":"BR52","estado":"GO","idr_rafica":11,"reg_rafica":"Região Hidrográfica do Paraná","loc_izacao":"Rio Paranaíba","latitude":"-19.064299°","longitude":"-50.517°","observacao":null,"fonte":"SNV/DNIT","cdc_troide":"BRSOS","CP_Fluxo_I":"Portos","CP_Fluxo_1":"São Simão","CP_Fluxo_2":"Origem","CP_Fluxo_3":"0","CP_Fluxo_4":"1374","CP_Fluxo_5":"Portos","CP_Fluxo_6":"São Pedro","CP_Fluxo_7":"Destino","CP_Fluxo_8":"4","CP_Fluxo_9":"92078,41","CP_Fluxo10":"t","CP_Fluxo11":"Interior","layer":"TKU-interior portos origem","path":"D:/Users/marcos.coelho/Desktop/calculo TKU/TKU-2022/nav interior tku 2022/SHP-TKU-interior portos origem e destino/TKU-interior portos origem.shp"},"geometry":{"type":"Point","coordinates":[-50.517,-19.064299]}},
{"type":"Feature","properties":{"idi_tuaria":1365,"idseq":0,"cdi_tuaria":"BR365","nome":"Terminal Floresta","tipo":"Porto Público","cdbigrama":"BR","cdtrigrama":"365","cdterminal":null,"situacao":"Planejado","gestao":"Desconhecida","modalidade":null,"companhia":null,"cnpj":null,"legislacao":null,"pro_didade":null,"endereco":null,"com_emento":null,"numero":null,"bairro":null,"cep":null,"idcidade":"BR351910","cidade":"Iacanga","idestado":"BR35","estado":"SP","idr_rafica":11,"reg_rafica":"Região Hidrográfica do Paraná","loc_izacao":null,"latitude":"-21.854722°","longitude":"-48.968333°","observacao":null,"fonte":"ANTAQ/LabTrans","cdc_troide":"BR365","CP_Fluxo_I":"Portos","CP_Fluxo_1":"Terminal Floresta","CP_Fluxo_2":"Origem","CP_Fluxo_3":"0","CP_Fluxo_4":"1369","CP_Fluxo_5":"Portos","CP_Fluxo_6":"Usina Diamante","CP_Fluxo_7":"Destino","CP_Fluxo_8":"4","CP_Fluxo_9":"596656,53","CP_Fluxo10":"t","CP_Fluxo11":"Interior","layer":"TKU-interior portos origem","path":"D:/Users/marcos.coelho/Desktop/calculo TKU/TKU-2022/nav interior tku 2022/SHP-TKU-interior portos origem e destino/TKU-interior portos origem.shp"},"geometry":{"type":"Point","coordinates":[-48.968333,-21.854722]}},
{"type":"Feature","properties":{"idi_tuaria":1368,"idseq":0,"cdi_tuaria":"BR368","nome":"Eclusa Tietê Montante","tipo":"Porto Público","cdbigrama":"BR","cdtrigrama":"368","cdterminal":null,"situacao":"Operando","gestao":"Desconhecida","modalidade":null,"companhia":null,"cnpj":null,"legislacao":null,"pro_didade":null,"endereco":null,"com_emento":null,"numero":null,"bairro":null,"cep":null,"idcidade":"BR352000","cidade":"Igaraçu do Tietê","idestado":"BR35","estado":"SP","idr_rafica":11,"reg_rafica":"Região Hidrográfica do Paraná","loc_izacao":null,"latitude":"-22.522222°","longitude":"-48.53527700000001°","observacao":"Informação Proveniente do Anuário Estatístico Aquaviário 2014","fonte":"ANTAQ/LabTrans","cdc_troide":"BR368","CP_Fluxo_I":"Portos","CP_Fluxo_1":"Eclusa Tietê Montante","CP_Fluxo_2":"Origem","CP_Fluxo_3":"0","CP_Fluxo_4":"1372","CP_Fluxo_5":"Portos","CP_Fluxo_6":"Eclusa Tietê Jusante","CP_Fluxo_7":"Destino","CP_Fluxo_8":"4","CP_Fluxo_9":"123025","CP_Fluxo10":"t","CP_Fluxo11":"Interior","layer":"TKU-interior portos origem","path":"D:/Users/marcos.coelho/Desktop/calculo TKU/TKU-2022/nav interior tku 2022/SHP-TKU-interior portos origem e destino/TKU-interior portos origem.shp"},"geometry":{"type":"Point","coordinates":[-48.535277,-22.522222]}},
{"type":"Feature","properties":{"idi_tuaria":2066,"idseq":0,"cdi_tuaria":"COLET","nome":"Letícia","tipo":"Porto Internacional","cdbigrama":"CO","cdtrigrama":"LET","cdterminal":null,"situacao":"Operando","gestao":"Desconhecida","modalidade":null,"companhia":null,"cnpj":null,"legislacao":null,"pro_didade":null,"endereco":null,"com_emento":null,"numero":null,"bairro":null,"cep":null,"idcidade":null,"cidade":null,"idestado":null,"estado":null,"idr_rafica":null,"reg_rafica":null,"loc_izacao":null,"latitude":"-4.219382°","longitude":"-69.946805°","observacao":null,"fonte":"ANTAQ","cdc_troide":null,"CP_Fluxo_I":"Portos","CP_Fluxo_1":"Leticia","CP_Fluxo_2":"Origem","CP_Fluxo_3":"0","CP_Fluxo_4":"141","CP_Fluxo_5":"Portos","CP_Fluxo_6":"Porto Chibatão","CP_Fluxo_7":"Destino","CP_Fluxo_8":"4","CP_Fluxo_9":"3,31","CP_Fluxo10":"t","CP_Fluxo11":"Interior","layer":"TKU-interior portos origem","path":"D:/Users/marcos.coelho/Desktop/calculo TKU/TKU-2022/nav interior tku 2022/SHP-TKU-interior portos origem e destino/TKU-interior portos origem.shp"},"geometry":{"type":"Point","coordinates":[-69.944238,-4.235106]}},
{"type":"Feature","properties":{"idi_tuaria":2072,"idseq":0,"cdi_tuaria":"PYZ07","nome":"Puerto Itaipu Porã","tipo":"Porto Internacional","cdbigrama":"PY","cdtrigrama":"Z07","cdterminal":null,"situacao":"Operando","gestao":"Desconhecida","modalidade":null,"companhia":null,"cnpj":null,"legislacao":null,"pro_didade":null,"endereco":null,"com_emento":null,"numero":null,"bairro":null,"cep":null,"idcidade":null,"cidade":null,"idestado":null,"estado":null,"idr_rafica":null,"reg_rafica":null,"loc_izacao":null,"latitude":"-24.906666°","longitude":"-54.456944°","observacao":null,"fonte":"ANTAQ/LabTrans","cdc_troide":null,"CP_Fluxo_I":"Portos","CP_Fluxo_1":"Puerto Itaipu Porã","CP_Fluxo_2":"Origem","CP_Fluxo_3":"0","CP_Fluxo_4":"235","CP_Fluxo_5":"Portos","CP_Fluxo_6":"Santa Helena","CP_Fluxo_7":"Destino","CP_Fluxo_8":"4","CP_Fluxo_9":"195280,3","CP_Fluxo10":"t","CP_Fluxo11":"Interior","layer":"TKU-interior portos origem","path":"D:/Users/marcos.coelho/Desktop/calculo TKU/TKU-2022/nav interior tku 2022/SHP-TKU-interior portos origem e destino/TKU-interior portos origem.shp"},"geometry":{"type":"Point","coordinates":[-54.456944,-24.906666]}},
{"type":"Feature","properties":{"idi_tuaria":300066,"idseq":0,"cdi_tuaria":"BRAM028","nome":"Ronav","tipo":"Estação de transbordo de cargas","cdbigrama":"BR","cdtrigrama":"BRA","cdterminal":"BRAM028","situacao":"Em Operação","gestao":"Privada","modalidade":"Estação de transbordo de cargas","companhia":"RONAV RONDÔNIA NAVEGAÇÃO LTDA","cnpj":"84558063000158","legislacao":"CA 005/2014-SEP/PR","pro_didade":null,"endereco":"Rua Jayth Chaves","com_emento":"Vila da Felicidade","numero":50,"bairro":"Mauazinho","cep":"69075490","idcidade":"1302603","cidade":null,"idestado":null,"estado":null,"idr_rafica":null,"reg_rafica":null,"loc_izacao":"Negro","latitude":"-3.1326","longitude":"-59.9383","observacao":"Atualizado pela GAP em 27/04/2015","fonte":"Antaq","cdc_troide":null,"CP_Fluxo_I":"Portos","CP_Fluxo_1":"Ronav","CP_Fluxo_2":"Origem","CP_Fluxo_3":"0","CP_Fluxo_4":"24","CP_Fluxo_5":"Portos","CP_Fluxo_6":"Porto Velho","CP_Fluxo_7":"Destino","CP_Fluxo_8":"4","CP_Fluxo_9":"0,3","CP_Fluxo10":"t","CP_Fluxo11":"Interior","layer":"TKU-interior portos origem","path":"D:/Users/marcos.coelho/Desktop/calculo TKU/TKU-2022/nav interior tku 2022/SHP-TKU-interior portos origem e destino/TKU-interior portos origem.shp"},"geometry":{"type":"Point","coordinates":[-59.938333,-3.132499]}},
{"type":"Feature","properties":{"idi_tuaria":300071,"idseq":0,"cdi_tuaria":"BRRO013","nome":"Terminal de Expedição de Grãos Portochuelo","tipo":"Terminal de uso privado","cdbigrama":"BR","cdtrigrama":"BRR","cdterminal":"BRRO013","situacao":"Em Operação","gestao":"Privada","modalidade":"Terminal de uso privado","companhia":"AMAGGI EXPORTAÇÃO E IMPORTAÇÃO LTDA","cnpj":"77294254006125","legislacao":"CA 001/2014-SEP/PR","pro_didade":null,"endereco":"Gleba Santiago, Rodovia Lotes 01 a 06 PF AM","com_emento":"Portochuelo","numero":null,"bairro":"Projeto Fundiário Alto Madeira","cep":"76804970","idcidade":"1100205","cidade":null,"idestado":null,"estado":null,"idr_rafica":null,"reg_rafica":null,"loc_izacao":"Madeira","latitude":"-8.62139","longitude":"-63.8083","observacao":"Atualizado pela GAP em 27/11/2015.\r\nCadastrado pela GED em 20/01","fonte":"Antaq","cdc_troide":null,"CP_Fluxo_I":"Portos","CP_Fluxo_1":"Terminal De Expedição De Grãos Portochuelo","CP_Fluxo_2":"Origem","CP_Fluxo_3":"0","CP_Fluxo_4":"172","CP_Fluxo_5":"Portos","CP_Fluxo_6":"Terminal Graneleiro Hermasa","CP_Fluxo_7":"Destino","CP_Fluxo_8":"4","CP_Fluxo_9":"1714369,439","CP_Fluxo10":"t","CP_Fluxo11":"Interior","layer":"TKU-interior portos origem","path":"D:/Users/marcos.coelho/Desktop/calculo TKU/TKU-2022/nav interior tku 2022/SHP-TKU-interior portos origem e destino/TKU-interior portos origem.shp"},"geometry":{"type":"Point","coordinates":[-63.808333,-8.621388]}},
{"type":"Feature","properties":{"idi_tuaria":300075,"idseq":0,"cdi_tuaria":"BRAM029","nome":"Estação EAG - Bertolini","tipo":"Estação de transbordo de cargas","cdbigrama":"BR","cdtrigrama":"BRA","cdterminal":"BRAM029","situacao":"Em Operação","gestao":"Privada","modalidade":"Estação de transbordo de cargas","companhia":"TRANSPORTES BERTOLINI LTDA","cnpj":"04503660002866","legislacao":"CA 007/2014-SEP/PR","pro_didade":null,"endereco":"Rua Desembargador Anízio Jobim","com_emento":null,"numero":233,"bairro":"Colônia Antônio Aleixo","cep":"69008450","idcidade":"1302603","cidade":null,"idestado":null,"estado":null,"idr_rafica":null,"reg_rafica":null,"loc_izacao":"Negro","latitude":"-3.1175","longitude":"-59.9128","observacao":"Atualizado pela GAP em 25/07/2017.","fonte":"Antaq","cdc_troide":null,"CP_Fluxo_I":"Portos","CP_Fluxo_1":"Estação Eag - Bertolini","CP_Fluxo_2":"Origem","CP_Fluxo_3":"0","CP_Fluxo_4":"172","CP_Fluxo_5":"Portos","CP_Fluxo_6":"Terminal Graneleiro Hermasa","CP_Fluxo_7":"Destino","CP_Fluxo_8":"4","CP_Fluxo_9":"184409,519","CP_Fluxo10":"t","CP_Fluxo11":"Interior","layer":"TKU-interior portos origem","path":"D:/Users/marcos.coelho/Desktop/calculo TKU/TKU-2022/nav interior tku 2022/SHP-TKU-interior portos origem e destino/TKU-interior portos origem.shp"},"geometry":{"type":"Point","coordinates":[-59.912777,-3.1175]}},
{"type":"Feature","properties":{"idi_tuaria":300076,"idseq":0,"cdi_tuaria":"BRRO014","nome":"Estação Cujubinzinho","tipo":"Estação de transbordo de cargas","cdbigrama":"BR","cdtrigrama":"BRR","cdterminal":"BRRO014","situacao":"Em Operação","gestao":"Privada","modalidade":"Estação de transbordo de cargas","companhia":"TRANSPORTES BERTOLINI LTDA","cnpj":"04503660003242","legislacao":"CA 006/2014-SEP/PR","pro_didade":null,"endereco":"Ramal do Cujubinzinho","com_emento":null,"numero":null,"bairro":"Vila Cujubinzinho","cep":"76801974","idcidade":"1100205","cidade":null,"idestado":null,"estado":null,"idr_rafica":null,"reg_rafica":null,"loc_izacao":"Madeira","latitude":"-8.57972","longitude":"-63.7222","observacao":"Atualizado pela GAP em 11/12/2015","fonte":"Antaq","cdc_troide":null,"CP_Fluxo_I":"Portos","CP_Fluxo_1":"Estação Cujubinzinho","CP_Fluxo_2":"Origem","CP_Fluxo_3":"0","CP_Fluxo_4":"187","CP_Fluxo_5":"Portos","CP_Fluxo_6":"Bertolini - Santarém","CP_Fluxo_7":"Destino","CP_Fluxo_8":"4","CP_Fluxo_9":"169694","CP_Fluxo10":"t","CP_Fluxo11":"Interior","layer":"TKU-interior portos origem","path":"D:/Users/marcos.coelho/Desktop/calculo TKU/TKU-2022/nav interior tku 2022/SHP-TKU-interior portos origem e destino/TKU-interior portos origem.shp"},"geometry":{"type":"Point","coordinates":[-63.722222,-8.579722]}},
{"type":"Feature","properties":{"idi_tuaria":300078,"idseq":0,"cdi_tuaria":"BRPA038","nome":"TERFRON Itaituba","tipo":"Estação de transbordo de cargas","cdbigrama":"BR","cdtrigrama":"BRP","cdterminal":"BRPA038","situacao":"Em Operação","gestao":"Privada","modalidade":"Estação de transbordo de cargas","companhia":"TERMINAL FRONTEIRA NORTE - LOGISTICA S.A.","cnpj":"23771214000248","legislacao":"CA 013/2014-SEP/PR","pro_didade":null,"endereco":"Gleba Santa Cruz, lote 108","com_emento":"S/N","numero":null,"bairro":"Vila Miritituba","cep":"68191400","idcidade":"1503606","cidade":null,"idestado":null,"estado":null,"idr_rafica":null,"reg_rafica":null,"loc_izacao":"Tapajós","latitude":"-4.27389","longitude":"-55.9506","observacao":"Observação da GAP: Alteração de titularidade autorizada da Bunge","fonte":"Antaq","cdc_troide":null,"CP_Fluxo_I":"Portos","CP_Fluxo_1":"Terfron Itaituba","CP_Fluxo_2":"Origem","CP_Fluxo_3":"0","CP_Fluxo_4":"199","CP_Fluxo_5":"Portos","CP_Fluxo_6":"Terfron","CP_Fluxo_7":"Destino","CP_Fluxo_8":"4","CP_Fluxo_9":"1625760,857","CP_Fluxo10":"t","CP_Fluxo11":"Interior","layer":"TKU-interior portos origem","path":"D:/Users/marcos.coelho/Desktop/calculo TKU/TKU-2022/nav interior tku 2022/SHP-TKU-interior portos origem e destino/TKU-interior portos origem.shp"},"geometry":{"type":"Point","coordinates":[-55.950555,-4.273888]}},
{"type":"Feature","properties":{"idi_tuaria":300103,"idseq":0,"cdi_tuaria":"BRPA043","nome":"Terminal Vila do Conde","tipo":"Terminal de uso privado","cdbigrama":"BR","cdtrigrama":"BRP","cdterminal":"BRPA043","situacao":"Em Operação","gestao":"Privada","modalidade":"Terminal de uso privado","companhia":"HIDROVIAS DO BRASIL - VILA DO CONDE S.A.","cnpj":"13574672000152","legislacao":"CA 016/2014-SEP/PR","pro_didade":null,"endereco":"Avenida Verde e Branco, Estrada de Itupanema","com_emento":null,"numero":null,"bairro":"Distrito de Vila do Conde","cep":"68445000","idcidade":"1501303","cidade":null,"idestado":null,"estado":null,"idr_rafica":null,"reg_rafica":null,"loc_izacao":"Pará","latitude":"-1.50588","longitude":"-48.7373","observacao":"Atualizado pela GAP em 14/07/2017.\r\nSEI 0903693 - Res. 7377 Conh","fonte":"Antaq","cdc_troide":null,"CP_Fluxo_I":"Portos","CP_Fluxo_1":"Terminal Vila Do Conde","CP_Fluxo_2":"Origem","CP_Fluxo_3":"0","CP_Fluxo_4":"300563","CP_Fluxo_5":"Portos","CP_Fluxo_6":"Terminal De Munguba","CP_Fluxo_7":"Destino","CP_Fluxo_8":"4","CP_Fluxo_9":"2114","CP_Fluxo10":"t","CP_Fluxo11":"Interior","layer":"TKU-interior portos origem","path":"D:/Users/marcos.coelho/Desktop/calculo TKU/TKU-2022/nav interior tku 2022/SHP-TKU-interior portos origem e destino/TKU-interior portos origem.shp"},"geometry":{"type":"Point","coordinates":[-48.736944,-1.505833]}},
{"type":"Feature","properties":{"idi_tuaria":300105,"idseq":0,"cdi_tuaria":"BRPA046","nome":"Estação Cianport Miritituba","tipo":"Estação de transbordo de cargas","cdbigrama":"BR","cdtrigrama":"BRP","cdterminal":"BRPA046","situacao":"Em Operação","gestao":"Privada","modalidade":"Estação de transbordo de cargas","companhia":"CIANPORT - CIA NORTE DE NAVEGAÇÃO E PORTOS","cnpj":"14789807000240","legislacao":"CA 020/2014-SEP/PR","pro_didade":null,"endereco":"Margem Direita do Rio Tapajós, S/N","com_emento":"Distrito de Miritituba","numero":null,"bairro":"VILA DE MIRITITUBA","cep":"68181970","idcidade":"1503606","cidade":null,"idestado":null,"estado":null,"idr_rafica":null,"reg_rafica":null,"loc_izacao":"Tapajós","latitude":"-4.26495","longitude":"-55.9403","observacao":"Atualizado pela GAP em 16/04/2018","fonte":"Antaq","cdc_troide":null,"CP_Fluxo_I":"Portos","CP_Fluxo_1":"Estação Cianport Miritituba","CP_Fluxo_2":"Origem","CP_Fluxo_3":"0","CP_Fluxo_4":"29","CP_Fluxo_5":"Portos","CP_Fluxo_6":"Santarém","CP_Fluxo_7":"Destino","CP_Fluxo_8":"4","CP_Fluxo_9":"358395,17","CP_Fluxo10":"t","CP_Fluxo11":"Interior","layer":"TKU-interior portos origem","path":"D:/Users/marcos.coelho/Desktop/calculo TKU/TKU-2022/nav interior tku 2022/SHP-TKU-interior portos origem e destino/TKU-interior portos origem.shp"},"geometry":{"type":"Point","coordinates":[-55.953933,-4.279405]}},
{"type":"Feature","properties":{"idi_tuaria":300106,"idseq":0,"cdi_tuaria":"BRPA045","nome":"Hidrovias do Brasil Miritituba","tipo":"Estação de transbordo de cargas","cdbigrama":"BR","cdtrigrama":"BRP","cdterminal":"BRPA045","situacao":"Em Operação","gestao":"Privada","modalidade":"Estação de transbordo de cargas","companhia":"HIDROVIAS DO BRASIL - MIRITITUBA S.A.","cnpj":"13611567000146","legislacao":"CA 019/2014-SEP/PR","pro_didade":null,"endereco":"MARGEM DIREITA DO RIO TAPAJÓS, GLEBA DE SANTA CRUZ","com_emento":null,"numero":null,"bairro":"VILA DE MIRITITUBA","cep":"68191400","idcidade":"1503606","cidade":null,"idestado":null,"estado":null,"idr_rafica":null,"reg_rafica":null,"loc_izacao":"Tapajós","latitude":"-4.27222","longitude":"-55.945","observacao":"Empresa responsável alterada de CNPJ baixado (13.574.672/0001-46","fonte":"Antaq","cdc_troide":null,"CP_Fluxo_I":"Portos","CP_Fluxo_1":"Hidrovias Do Brasil Miritituba","CP_Fluxo_2":"Origem","CP_Fluxo_3":"0","CP_Fluxo_4":"300103","CP_Fluxo_5":"Portos","CP_Fluxo_6":"Terminal Vila Do Conde","CP_Fluxo_7":"Destino","CP_Fluxo_8":"4","CP_Fluxo_9":"2080317,401","CP_Fluxo10":"t","CP_Fluxo11":"Interior","layer":"TKU-interior portos origem","path":"D:/Users/marcos.coelho/Desktop/calculo TKU/TKU-2022/nav interior tku 2022/SHP-TKU-interior portos origem e destino/TKU-interior portos origem.shp"},"geometry":{"type":"Point","coordinates":[-55.945,-4.272222]}},
{"type":"Feature","properties":{"idi_tuaria":300107,"idseq":0,"cdi_tuaria":"BRAM034","nome":"Ipiranga Manaus","tipo":"Terminal de uso privado","cdbigrama":"BR","cdtrigrama":"BRA","cdterminal":"BRAM034","situacao":"Em Operação","gestao":"Privada","modalidade":"Terminal de uso privado","companhia":"IPIRANGA PRODUTOS DE PETRÓLEO S/A","cnpj":"33337122004467","legislacao":"CA 022/2014-SEP/PR","pro_didade":null,"endereco":"RUA PAJURÁ","com_emento":"VILA BURITI","numero":1,"bairro":"DISTRITO INDUSTRIAL","cep":"69072065","idcidade":"1302603","cidade":null,"idestado":null,"estado":null,"idr_rafica":null,"reg_rafica":null,"loc_izacao":"Negro","latitude":"-3.14833","longitude":"-59.9569","observacao":"Atualizado pela GAP em 09/01/2017.","fonte":"Antaq","cdc_troide":null,"CP_Fluxo_I":"Portos","CP_Fluxo_1":"Ipiranga Manaus","CP_Fluxo_2":"Origem","CP_Fluxo_3":"0","CP_Fluxo_4":"300192","CP_Fluxo_5":"Portos","CP_Fluxo_6":"Base De Distribuição Secundária De Itaituba","CP_Fluxo_7":"Destino","CP_Fluxo_8":"4","CP_Fluxo_9":"1047,631","CP_Fluxo10":"t","CP_Fluxo11":"Interior","layer":"TKU-interior portos origem","path":"D:/Users/marcos.coelho/Desktop/calculo TKU/TKU-2022/nav interior tku 2022/SHP-TKU-interior portos origem e destino/TKU-interior portos origem.shp"},"geometry":{"type":"Point","coordinates":[-59.956944,-3.148333]}},
{"type":"Feature","properties":{"idi_tuaria":300164,"idseq":0,"cdi_tuaria":"BRST1","nome":"Santarém (orla)","tipo":"IP4","cdbigrama":"BR","cdtrigrama":"ST1","cdterminal":"BRST1","situacao":"Operando","gestao":"MTPA/DNIT","modalidade":null,"companhia":null,"cnpj":null,"legislacao":"Portaria Interministerial Nº 24/2015 - SEP/MT","pro_didade":null,"endereco":null,"com_emento":null,"numero":null,"bairro":null,"cep":null,"idcidade":"BR150680","cidade":"Santarém","idestado":"BR15","estado":"PA","idr_rafica":9,"reg_rafica":"Região Hidrográfica Amazônica","loc_izacao":"SANTARÉM","latitude":"-2.447646°","longitude":"-54.670717°","observacao":"Obras concluídas","fonte":"DNIT","cdc_troide":"BRSTM","CP_Fluxo_I":"Portos","CP_Fluxo_1":"Santarém (Orla)","CP_Fluxo_2":"Origem","CP_Fluxo_3":"0","CP_Fluxo_4":"29","CP_Fluxo_5":"Portos","CP_Fluxo_6":"Santarém","CP_Fluxo_7":"Destino","CP_Fluxo_8":"4","CP_Fluxo_9":"3345,98","CP_Fluxo10":"t","CP_Fluxo11":"Interior","layer":"TKU-interior portos origem","path":"D:/Users/marcos.coelho/Desktop/calculo TKU/TKU-2022/nav interior tku 2022/SHP-TKU-interior portos origem e destino/TKU-interior portos origem.shp"},"geometry":{"type":"Point","coordinates":[-54.670717,-2.447646]}},
{"type":"Feature","properties":{"idi_tuaria":300187,"idseq":0,"cdi_tuaria":"BRAM025","nome":"Terminais Fluviais do Brasil","tipo":"Terminal de uso privado","cdbigrama":"BR","cdtrigrama":"BRA","cdterminal":"BRAM025","situacao":"Em Operação","gestao":"Privada","modalidade":"Terminal de uso privado","companhia":"TERMINAIS FLUVIAIS DO BRASIL S.A.","cnpj":"11389394000219","legislacao":"CA 013/2014-ANTAQ","pro_didade":null,"endereco":"RUA CARLOS HENRIQUE MOHERING","com_emento":null,"numero":1300,"bairro":"JAUARY II","cep":"69100000","idcidade":"1301902","cidade":null,"idestado":null,"estado":null,"idr_rafica":null,"reg_rafica":null,"loc_izacao":"Amazonas","latitude":"-3.15167","longitude":"-58.4328","observacao":"Atualizado pela GAP em 27/04/2015 - PROCESSO 50300.002252/2011-2","fonte":"Antaq","cdc_troide":null,"CP_Fluxo_I":"Portos","CP_Fluxo_1":"Terminais Fluviais Do Brasil","CP_Fluxo_2":"Origem","CP_Fluxo_3":"0","CP_Fluxo_4":"300569","CP_Fluxo_5":"Portos","CP_Fluxo_6":"Abi Miritituba","CP_Fluxo_7":"Destino","CP_Fluxo_8":"4","CP_Fluxo_9":"3439,874","CP_Fluxo10":"t","CP_Fluxo11":"Interior","layer":"TKU-interior portos origem","path":"D:/Users/marcos.coelho/Desktop/calculo TKU/TKU-2022/nav interior tku 2022/SHP-TKU-interior portos origem e destino/TKU-interior portos origem.shp"},"geometry":{"type":"Point","coordinates":[-58.432777,-3.151666]}},
{"type":"Feature","properties":{"idi_tuaria":300192,"idseq":0,"cdi_tuaria":"BRPA064","nome":"Base Ipiranga Itaituba","tipo":"Estação de transbordo de cargas","cdbigrama":"BR","cdtrigrama":"BRP","cdterminal":"BRPA064","situacao":"Em Operação","gestao":"Privada","modalidade":"Estação de transbordo de cargas","companhia":"IPIRANGA PRODUTOS DE PETROLEO S.A.","cnpj":"33337122007644","legislacao":"CA 011/2015-SEP/PR","pro_didade":null,"endereco":"Estrada do Quinquagésimo Terceiro Bis","com_emento":"s/n, Base Ipiranga","numero":null,"bairro":"Paredão","cep":"68181470","idcidade":"1503606","cidade":null,"idestado":null,"estado":null,"idr_rafica":null,"reg_rafica":null,"loc_izacao":"Tapajós","latitude":"-4.28514","longitude":"-56.0274","observacao":"Atualizado pela GAP 22/12/2016\r\nCadastrado pela GAP em 19/01/201","fonte":"Antaq","cdc_troide":null,"CP_Fluxo_I":"Portos","CP_Fluxo_1":"Base De Distribuição Secundária De Itaituba","CP_Fluxo_2":"Origem","CP_Fluxo_3":"0","CP_Fluxo_4":"5","CP_Fluxo_5":"Portos","CP_Fluxo_6":"Belém","CP_Fluxo_7":"Destino","CP_Fluxo_8":"4","CP_Fluxo_9":"926,3","CP_Fluxo10":"t","CP_Fluxo11":"Interior","layer":"TKU-interior portos origem","path":"D:/Users/marcos.coelho/Desktop/calculo TKU/TKU-2022/nav interior tku 2022/SHP-TKU-interior portos origem e destino/TKU-interior portos origem.shp"},"geometry":{"type":"Point","coordinates":[-56.027546,-4.28478]}},
{"type":"Feature","properties":{"idi_tuaria":300203,"idseq":0,"cdi_tuaria":"BRAM031","nome":"Porto do Demétrio","tipo":"Registro - Instalação rudimentar","cdbigrama":"BR","cdtrigrama":"BRA","cdterminal":"BRAM031","situacao":"Em Operação","gestao":"Privada","modalidade":"Registro - Instalação rudimentar","companhia":"NAVEGAÇÃO MIRIM LTDA","cnpj":"15764897000105","legislacao":"Res. 4747/2016","pro_didade":null,"endereco":"Rua Bento José de Lima","com_emento":"antiga Rua da Serraria, nº 39","numero":76,"bairro":"Col. Oliveira Machado","cep":"69070530","idcidade":"1302603","cidade":null,"idestado":null,"estado":null,"idr_rafica":null,"reg_rafica":null,"loc_izacao":"Negro","latitude":null,"longitude":null,"observacao":"Atualizado pela GAP em 19/04/2016.","fonte":"Antaq","cdc_troide":null,"CP_Fluxo_I":"Portos","CP_Fluxo_1":"Porto Do Demétrio","CP_Fluxo_2":"Origem","CP_Fluxo_3":"0","CP_Fluxo_4":"24","CP_Fluxo_5":"Portos","CP_Fluxo_6":"Porto Velho","CP_Fluxo_7":"Destino","CP_Fluxo_8":"4","CP_Fluxo_9":"2,4","CP_Fluxo10":"t","CP_Fluxo11":"Interior","layer":"TKU-interior portos origem","path":"D:/Users/marcos.coelho/Desktop/calculo TKU/TKU-2022/nav interior tku 2022/SHP-TKU-interior portos origem e destino/TKU-interior portos origem.shp"},"geometry":{"type":"Point","coordinates":[-60.009281,-3.147079]}},
{"type":"Feature","properties":{"idi_tuaria":300231,"idseq":0,"cdi_tuaria":"BRAM022","nome":"TNA PETROLEO SABBA MANAUS","tipo":"TNA","cdbigrama":"BR","cdtrigrama":null,"cdterminal":"BRAM022","situacao":"Operando","gestao":"Privada","modalidade":null,"companhia":null,"cnpj":null,"legislacao":null,"pro_didade":null,"endereco":null,"com_emento":null,"numero":null,"bairro":null,"cep":null,"idcidade":null,"cidade":null,"idestado":null,"estado":null,"idr_rafica":9,"reg_rafica":"Região Hidrográfica Amazônica","loc_izacao":"Manaus","latitude":"-3.147607°","longitude":"-59.950704°","observacao":null,"fonte":"ANTAQ","cdc_troide":"BRMAO","CP_Fluxo_I":"Portos","CP_Fluxo_1":"Petroleo Sabba S.A. (Manaus)","CP_Fluxo_2":"Origem","CP_Fluxo_3":"0","CP_Fluxo_4":"211","CP_Fluxo_5":"Portos","CP_Fluxo_6":"Aivel","CP_Fluxo_7":"Destino","CP_Fluxo_8":"4","CP_Fluxo_9":"62411,271","CP_Fluxo10":"t","CP_Fluxo11":"Interior","layer":"TKU-interior portos origem","path":"D:/Users/marcos.coelho/Desktop/calculo TKU/TKU-2022/nav interior tku 2022/SHP-TKU-interior portos origem e destino/TKU-interior portos origem.shp"},"geometry":{"type":"Point","coordinates":[-59.950704,-3.147606]}},
{"type":"Feature","properties":{"idi_tuaria":300232,"idseq":0,"cdi_tuaria":"BRAM021","nome":"ATEM Manaus","tipo":"Terminal de uso privado","cdbigrama":"BR","cdtrigrama":"BRA","cdterminal":"BRAM021","situacao":"Em Operação","gestao":"Privada","modalidade":"Terminal de uso privado","companhia":"ATEM'S DISTRIBUIDORA DE PETRÓLEO S.A.","cnpj":"03987364000103","legislacao":"CA 21/2016-MTPA","pro_didade":null,"endereco":"Rua Pajurá","com_emento":null,"numero":103,"bairro":"Vila Buriti","cep":"69072065","idcidade":"1302603","cidade":null,"idestado":null,"estado":null,"idr_rafica":null,"reg_rafica":null,"loc_izacao":"Negro","latitude":"-3.15128","longitude":"-59.96","observacao":"Atualizado pela GAP em 09/04/2018. Emissão do TLO nº 08/2018(int","fonte":"Antaq","cdc_troide":null,"CP_Fluxo_I":"Portos","CP_Fluxo_1":"Atem Manaus","CP_Fluxo_2":"Origem","CP_Fluxo_3":"0","CP_Fluxo_4":"163","CP_Fluxo_5":"Portos","CP_Fluxo_6":"Terminal Aquaviário De Manaus","CP_Fluxo_7":"Destino","CP_Fluxo_8":"4","CP_Fluxo_9":"2756,344","CP_Fluxo10":"t","CP_Fluxo11":"Interior","layer":"TKU-interior portos origem","path":"D:/Users/marcos.coelho/Desktop/calculo TKU/TKU-2022/nav interior tku 2022/SHP-TKU-interior portos origem e destino/TKU-interior portos origem.shp"},"geometry":{"type":"Point","coordinates":[-59.958911,-3.1485]}},
{"type":"Feature","properties":{"idi_tuaria":300232,"idseq":0,"cdi_tuaria":"BRAM021","nome":"TNA ATEM MANAUS","tipo":"TNA","cdbigrama":"BR","cdtrigrama":null,"cdterminal":"BRAM021","situacao":"Operando","gestao":"Privada","modalidade":null,"companhia":null,"cnpj":null,"legislacao":null,"pro_didade":null,"endereco":null,"com_emento":null,"numero":null,"bairro":null,"cep":null,"idcidade":null,"cidade":null,"idestado":null,"estado":null,"idr_rafica":9,"reg_rafica":"Região Hidrográfica Amazônica","loc_izacao":"Manaus","latitude":"-3.148501°","longitude":"-59.958912°","observacao":null,"fonte":"ANTAQ","cdc_troide":"BRMAO","CP_Fluxo_I":"Portos","CP_Fluxo_1":"Atem Manaus","CP_Fluxo_2":"Origem","CP_Fluxo_3":"0","CP_Fluxo_4":"163","CP_Fluxo_5":"Portos","CP_Fluxo_6":"Terminal Aquaviário De Manaus","CP_Fluxo_7":"Destino","CP_Fluxo_8":"4","CP_Fluxo_9":"2756,344","CP_Fluxo10":"t","CP_Fluxo11":"Interior","layer":"TKU-interior portos origem","path":"D:/Users/marcos.coelho/Desktop/calculo TKU/TKU-2022/nav interior tku 2022/SHP-TKU-interior portos origem e destino/TKU-interior portos origem.shp"},"geometry":{"type":"Point","coordinates":[-59.958911,-3.1485]}},
{"type":"Feature","properties":{"idi_tuaria":300285,"idseq":0,"cdi_tuaria":"BRRO025","nome":"Base Secundária Ipiranga de Porto Velho","tipo":"Terminal de uso privado","cdbigrama":"BR","cdtrigrama":"BRR","cdterminal":"BRRO025","situacao":"Em Operação","gestao":"Privada","modalidade":"Terminal de uso privado","companhia":"IPIRANGA PRODUTOS DE PETROLEO S.A.","cnpj":"33337122018921","legislacao":"CA 017/2016-MTPA","pro_didade":null,"endereco":"Estrada do Belmont","com_emento":"KM 05","numero":10658,"bairro":"Nacional","cep":"76801898","idcidade":"1100205","cidade":null,"idestado":null,"estado":null,"idr_rafica":null,"reg_rafica":null,"loc_izacao":"Madeira","latitude":"-8.73028","longitude":"-63.9186","observacao":"Atualizado pela GAP em 26/05/2017.","fonte":"Antaq","cdc_troide":null,"CP_Fluxo_I":"Portos","CP_Fluxo_1":"Base Secundária Ipiranga De Porto Velho","CP_Fluxo_2":"Origem","CP_Fluxo_3":"0","CP_Fluxo_4":"29","CP_Fluxo_5":"Portos","CP_Fluxo_6":"Santarém","CP_Fluxo_7":"Destino","CP_Fluxo_8":"4","CP_Fluxo_9":"17097,74","CP_Fluxo10":"t","CP_Fluxo11":"Interior","layer":"TKU-interior portos origem","path":"D:/Users/marcos.coelho/Desktop/calculo TKU/TKU-2022/nav interior tku 2022/SHP-TKU-interior portos origem e destino/TKU-interior portos origem.shp"},"geometry":{"type":"Point","coordinates":[-63.91861,-8.73]}},
{"type":"Feature","properties":{"idi_tuaria":300289,"idseq":0,"cdi_tuaria":"BRRO010","nome":"ATEM PVH","tipo":"Terminal de uso privado","cdbigrama":"BR","cdtrigrama":"BRR","cdterminal":"BRRO010","situacao":"Em Operação","gestao":"Privada","modalidade":"Terminal de uso privado","companhia":"ATEM'S DISTRIBUIDORA DE PETROLEO S/A","cnpj":"03987364000367","legislacao":"CA 20/2016-MTPA","pro_didade":null,"endereco":"Estrada de Belmonte","com_emento":"km 5","numero":10878,"bairro":"Nacional","cep":"76801890","idcidade":"1100205","cidade":null,"idestado":null,"estado":null,"idr_rafica":null,"reg_rafica":null,"loc_izacao":"Madeira","latitude":"-8.70212","longitude":"-63.9172","observacao":"Atualizado pela GAP em 28/12/2016.","fonte":"Antaq","cdc_troide":null,"CP_Fluxo_I":"Portos","CP_Fluxo_1":"Atem Pvh","CP_Fluxo_2":"Origem","CP_Fluxo_3":"0","CP_Fluxo_4":"300232","CP_Fluxo_5":"Portos","CP_Fluxo_6":"Atem Manaus","CP_Fluxo_7":"Destino","CP_Fluxo_8":"4","CP_Fluxo_9":"172749,322","CP_Fluxo10":"t","CP_Fluxo11":"Interior","layer":"TKU-interior portos origem","path":"D:/Users/marcos.coelho/Desktop/calculo TKU/TKU-2022/nav interior tku 2022/SHP-TKU-interior portos origem e destino/TKU-interior portos origem.shp"},"geometry":{"type":"Point","coordinates":[-63.917186,-8.702116]}},
{"type":"Feature","properties":{"idi_tuaria":300311,"idseq":0,"cdi_tuaria":"BRPA091","nome":"ATEM Miritituba","tipo":"Terminal de uso privado","cdbigrama":"BR","cdtrigrama":"BRP","cdterminal":"BRPA091","situacao":"Em Operação","gestao":"Privada","modalidade":"Terminal de uso privado","companhia":"ATEM'S DISTRIBUIDORA DE PETROLEO S.A","cnpj":"03987364000871","legislacao":"CA 06/2018-MTPA","pro_didade":null,"endereco":"Rua Projetada","com_emento":"Vicinal Transportos","numero":5530,"bairro":"Vicinal Transportos","cep":"68181400","idcidade":"1503606","cidade":null,"idestado":null,"estado":null,"idr_rafica":null,"reg_rafica":null,"loc_izacao":"Tapajós","latitude":"-4.26367","longitude":"-55.9366","observacao":"TLO 14/2018: Operação integral do TUP.","fonte":"Antaq","cdc_troide":null,"CP_Fluxo_I":"Portos","CP_Fluxo_1":"Atem Miritituba","CP_Fluxo_2":"Origem","CP_Fluxo_3":"0","CP_Fluxo_4":"300232","CP_Fluxo_5":"Portos","CP_Fluxo_6":"Atem Manaus","CP_Fluxo_7":"Destino","CP_Fluxo_8":"4","CP_Fluxo_9":"763,204","CP_Fluxo10":"t","CP_Fluxo11":"Interior","layer":"TKU-interior portos origem","path":"D:/Users/marcos.coelho/Desktop/calculo TKU/TKU-2022/nav interior tku 2022/SHP-TKU-interior portos origem e destino/TKU-interior portos origem.shp"},"geometry":{"type":"Point","coordinates":[-55.935498,-4.260089]}},
{"type":"Feature","properties":{"idi_tuaria":300323,"idseq":0,"cdi_tuaria":"BRPA153","nome":"Porto de Itaituba da Caramuru Alimentos","tipo":"Estação de transbordo de cargas","cdbigrama":"BR","cdtrigrama":"BRP","cdterminal":"BRPA153","situacao":"Em Operação","gestao":"Privada","modalidade":"Estação de transbordo de cargas","companhia":"CARAMURU ALIMENTOS S/A.","cnpj":"00080671007384","legislacao":"CA nº 13/2018-MTPA","pro_didade":null,"endereco":"Rodovia Transamazônica","com_emento":"KM 28","numero":null,"bairro":"Comércio","cep":"68180010","idcidade":"1503606","cidade":null,"idestado":null,"estado":null,"idr_rafica":null,"reg_rafica":null,"loc_izacao":"Tapajós","latitude":"-4.27557","longitude":"-55.9381","observacao":"Cadastro GAP 24/01/2018\r\n","fonte":"Antaq","cdc_troide":null,"CP_Fluxo_I":"Portos","CP_Fluxo_1":"Porto De Itaituba Da Caramuru Alimentos","CP_Fluxo_2":"Origem","CP_Fluxo_3":"0","CP_Fluxo_4":"16","CP_Fluxo_5":"Portos","CP_Fluxo_6":"Santana","CP_Fluxo_7":"Destino","CP_Fluxo_8":"4","CP_Fluxo_9":"125936,452","CP_Fluxo10":"t","CP_Fluxo11":"Interior","layer":"TKU-interior portos origem","path":"D:/Users/marcos.coelho/Desktop/calculo TKU/TKU-2022/nav interior tku 2022/SHP-TKU-interior portos origem e destino/TKU-interior portos origem.shp"},"geometry":{"type":"Point","coordinates":[-56.185355,-4.352155]}},
{"type":"Feature","properties":{"idi_tuaria":300369,"idseq":0,"cdi_tuaria":"BRAM104","nome":"Bemar III","tipo":"Estação de transbordo de cargas","cdbigrama":"BR","cdtrigrama":"BRA","cdterminal":"BRAM104","situacao":"Em Operação","gestao":"Privada","modalidade":"Estação de transbordo de cargas","companhia":"PETROBRAS DISTRIBUIDORA SA - AM","cnpj":"34274233009150","legislacao":"CA 2/2019-MINFRA","pro_didade":null,"endereco":"Rua Pajurá","com_emento":null,"numero":171,"bairro":"Vila Buriti","cep":"69075160","idcidade":"1302603","cidade":null,"idestado":null,"estado":null,"idr_rafica":null,"reg_rafica":null,"loc_izacao":"Negro","latitude":"-3.15234","longitude":"-59.958","observacao":"Cadastro GAP 25/06/2019","fonte":"Antaq","cdc_troide":null,"CP_Fluxo_I":"Portos","CP_Fluxo_1":"Bemar Iii","CP_Fluxo_2":"Origem","CP_Fluxo_3":"0","CP_Fluxo_4":"300601","CP_Fluxo_5":"Portos","CP_Fluxo_6":"Base De Caracaraí - Barac","CP_Fluxo_7":"Destino","CP_Fluxo_8":"4","CP_Fluxo_9":"13604,928","CP_Fluxo10":"t","CP_Fluxo11":"Interior","layer":"TKU-interior portos origem","path":"D:/Users/marcos.coelho/Desktop/calculo TKU/TKU-2022/nav interior tku 2022/SHP-TKU-interior portos origem e destino/TKU-interior portos origem.shp"},"geometry":{"type":"Point","coordinates":[-59.955207,-3.151428]}},
{"type":"Feature","properties":{"idi_tuaria":300548,"idseq":0,"cdi_tuaria":"BRGO010","nome":"ETC ADM Armazens Gerais São Simão","tipo":"Estação de transbordo de cargas","cdbigrama":"BR","cdtrigrama":"BRG","cdterminal":"BRGO010","situacao":"Construção Concluída","gestao":"Privada","modalidade":"Estação de transbordo de cargas","companhia":"ADM ARMAZENS GERAIS LTDA","cnpj":"36320794003214","legislacao":"CA 11/2019-MINFRA","pro_didade":null,"endereco":"AV ELIEZER DE OLIVEIRA GUIMARAES","com_emento":null,"numero":null,"bairro":"DISTRITO AGROINDUSTRIAL","cep":"75890000","idcidade":"5220405","cidade":null,"idestado":null,"estado":null,"idr_rafica":null,"reg_rafica":null,"loc_izacao":"Paranaíba","latitude":"-19.0665","longitude":"-50.5176","observacao":"Atualizado pela GAP em 18/11/2019","fonte":"Antaq","cdc_troide":null,"CP_Fluxo_I":"Portos","CP_Fluxo_1":"Etc Adm Armazens Gerais São Simão","CP_Fluxo_2":"Origem","CP_Fluxo_3":"0","CP_Fluxo_4":"300308","CP_Fluxo_5":"Portos","CP_Fluxo_6":"Estação Adm Armazéns Gerais","CP_Fluxo_7":"Destino","CP_Fluxo_8":"4","CP_Fluxo_9":"102704,503","CP_Fluxo10":"t","CP_Fluxo11":"Interior","layer":"TKU-interior portos origem","path":"D:/Users/marcos.coelho/Desktop/calculo TKU/TKU-2022/nav interior tku 2022/SHP-TKU-interior portos origem e destino/TKU-interior portos origem.shp"},"geometry":{"type":"Point","coordinates":[-50.517,-19.065999]}},
{"type":"Feature","properties":{"idi_tuaria":300569,"idseq":0,"cdi_tuaria":"BRPA214","nome":"ABI Miritituba","tipo":"Terminal de uso privado","cdbigrama":"BR","cdtrigrama":"BRP","cdterminal":"BRPA214","situacao":"Em Operação","gestao":"Privada","modalidade":"Terminal de uso privado","companhia":"ADMINISTRADORA DE BENS DE INFRAESTRUTURA S.A","cnpj":"10701088000475","legislacao":"CA 16/2019-MINFRA","pro_didade":null,"endereco":"Gleba Santa Cruz","com_emento":"margem do Rio Tapajos, Dist. 2, Setor 1, quadra 01","numero":null,"bairro":"Miritituba","cep":"68191400","idcidade":"1503606","cidade":null,"idestado":null,"estado":null,"idr_rafica":null,"reg_rafica":null,"loc_izacao":"Tapajós","latitude":"-4.30209","longitude":"-55.9712","observacao":"Cadastro GAP 11/11/2019; Processo SEI 50300.000161/2018-24","fonte":"Antaq","cdc_troide":null,"CP_Fluxo_I":"Portos","CP_Fluxo_1":"Abi Miritituba","CP_Fluxo_2":"Origem","CP_Fluxo_3":"0","CP_Fluxo_4":"29","CP_Fluxo_5":"Portos","CP_Fluxo_6":"Santarém","CP_Fluxo_7":"Destino","CP_Fluxo_8":"4","CP_Fluxo_9":"2090,43","CP_Fluxo10":"t","CP_Fluxo11":"Interior","layer":"TKU-interior portos origem","path":"D:/Users/marcos.coelho/Desktop/calculo TKU/TKU-2022/nav interior tku 2022/SHP-TKU-interior portos origem e destino/TKU-interior portos origem.shp"},"geometry":{"type":"Point","coordinates":[-55.971099,-4.301999]}},
{"type":"Feature","properties":{"idi_tuaria":300571,"idseq":0,"cdi_tuaria":"BRPA216","nome":"Trapiche de Icoaraci","tipo":"Registro - Instalação de apoio","cdbigrama":"BR","cdtrigrama":"BRP","cdterminal":"BRPA216","situacao":"Em Operação","gestao":"Privada","modalidade":"Registro - Instalação de apoio","companhia":"SUPERINTENDENCIA EXECUTIVA DE MOBILIDADE URB","cnpj":"63803100000176","legislacao":"Res. 7391/2019","pro_didade":null,"endereco":"Rua Siqueira Mendes","com_emento":null,"numero":373,"bairro":"Cruzeiro","cep":"66812460","idcidade":"1501402","cidade":null,"idestado":null,"estado":null,"idr_rafica":null,"reg_rafica":null,"loc_izacao":"Baía de Guajará","latitude":"-1.29871","longitude":"-48.4908","observacao":"Processo nº 50300.004429/2019-88.","fonte":"Antaq","cdc_troide":null,"CP_Fluxo_I":"Portos","CP_Fluxo_1":"Icoaraci","CP_Fluxo_2":"Origem","CP_Fluxo_3":"0","CP_Fluxo_4":"5","CP_Fluxo_5":"Portos","CP_Fluxo_6":"Belém","CP_Fluxo_7":"Destino","CP_Fluxo_8":"4","CP_Fluxo_9":"140,13","CP_Fluxo10":"t","CP_Fluxo11":"Interior","layer":"TKU-interior portos origem","path":"D:/Users/marcos.coelho/Desktop/calculo TKU/TKU-2022/nav interior tku 2022/SHP-TKU-interior portos origem e destino/TKU-interior portos origem.shp"},"geometry":{"type":"Point","coordinates":[-48.4908,-1.298699]}},
{"type":"Feature","properties":{"idi_tuaria":300576,"idseq":0,"cdi_tuaria":"BRRO009","nome":"Terminal de Porto Velho","tipo":"Estação de transbordo de cargas","cdbigrama":"BR","cdtrigrama":"BRR","cdterminal":"BRRO009","situacao":"Construção Concluída","gestao":"Privada","modalidade":"Estação de transbordo de cargas","companhia":"PETROBRAS DISTRIBUIDORA S/A","cnpj":"34274233009746","legislacao":"CA 8/2019-MINFRA","pro_didade":null,"endereco":"Estrada Belmont","com_emento":null,"numero":337,"bairro":"Nacional","cep":"78903400","idcidade":"1100205","cidade":null,"idestado":null,"estado":null,"idr_rafica":null,"reg_rafica":null,"loc_izacao":"Madeira","latitude":"-8.73035","longitude":"-63.919","observacao":"Atualização GAP 04/10/2019","fonte":"Antaq","cdc_troide":null,"CP_Fluxo_I":"Portos","CP_Fluxo_1":"Terminal De Porto Velho","CP_Fluxo_2":"Origem","CP_Fluxo_3":"0","CP_Fluxo_4":"300369","CP_Fluxo_5":"Portos","CP_Fluxo_6":"Bemar Iii","CP_Fluxo_7":"Destino","CP_Fluxo_8":"4","CP_Fluxo_9":"463,272","CP_Fluxo10":"t","CP_Fluxo11":"Interior","layer":"TKU-interior portos origem","path":"D:/Users/marcos.coelho/Desktop/calculo TKU/TKU-2022/nav interior tku 2022/SHP-TKU-interior portos origem e destino/TKU-interior portos origem.shp"},"geometry":{"type":"Point","coordinates":[-63.918999,-8.730299]}},
{"type":"Feature","properties":{"idi_tuaria":300578,"idseq":0,"cdi_tuaria":"BRRO030","nome":"Administradora de Bens de Infraestrutura Ltda. - ABI","tipo":"Terminal de uso privado","cdbigrama":"BR","cdtrigrama":"BRR","cdterminal":"BRRO030","situacao":"Em Operação","gestao":"Privada","modalidade":"Terminal de uso privado","companhia":"ADMINISTRADORA DE BENS DE INFRAESTRUTURA S.A","cnpj":"10701088000394","legislacao":"CA 17/2019-MINFRA","pro_didade":null,"endereco":"Gleba Portochuelo","com_emento":"Lote 2D","numero":null,"bairro":"Zona Rural","cep":"76804970","idcidade":"1100205","cidade":null,"idestado":null,"estado":null,"idr_rafica":null,"reg_rafica":null,"loc_izacao":"Madeira","latitude":"-8.62357","longitude":"-63.8077","observacao":"Cadastro GAP 11/11/2019; Processo SEI 50300.012084/2017-74","fonte":"Antaq","cdc_troide":null,"CP_Fluxo_I":"Portos","CP_Fluxo_1":"Administradora De Bens De Infraestrutura Ltda. - Abi","CP_Fluxo_2":"Origem","CP_Fluxo_3":"0","CP_Fluxo_4":"300187","CP_Fluxo_5":"Portos","CP_Fluxo_6":"Terminais Fluviais Do Brasil","CP_Fluxo_7":"Destino","CP_Fluxo_8":"4","CP_Fluxo_9":"1630,887","CP_Fluxo10":"t","CP_Fluxo11":"Interior","layer":"TKU-interior portos origem","path":"D:/Users/marcos.coelho/Desktop/calculo TKU/TKU-2022/nav interior tku 2022/SHP-TKU-interior portos origem e destino/TKU-interior portos origem.shp"},"geometry":{"type":"Point","coordinates":[-63.8076,-8.623499]}},
{"type":"Feature","properties":{"idi_tuaria":300597,"idseq":0,"cdi_tuaria":"BRAM155","nome":"Petróleo Sabbá - Terminal Manaus","tipo":"Terminal de uso privado","cdbigrama":"BR","cdtrigrama":"BRA","cdterminal":"BRAM155","situacao":"Construção Concluída","gestao":"Privada","modalidade":"Terminal de uso privado","companhia":"PETROLEO SABBA SA","cnpj":"04169215002801","legislacao":"CA 20/2019-MINFRA","pro_didade":null,"endereco":"Rua Quixito","com_emento":null,"numero":2,"bairro":"Vila Buriti","cep":"69075831","idcidade":"1302603","cidade":null,"idestado":null,"estado":null,"idr_rafica":null,"reg_rafica":null,"loc_izacao":"Negro","latitude":"-3.14844","longitude":"-59.95","observacao":"Cadastro GAP 7/4/2020","fonte":"Antaq","cdc_troide":null,"CP_Fluxo_I":"Portos","CP_Fluxo_1":"Petróleo Sabbá - Terminal Manaus","CP_Fluxo_2":"Origem","CP_Fluxo_3":"0","CP_Fluxo_4":"211","CP_Fluxo_5":"Portos","CP_Fluxo_6":"Aivel","CP_Fluxo_7":"Destino","CP_Fluxo_8":"4","CP_Fluxo_9":"1385,972","CP_Fluxo10":"t","CP_Fluxo11":"Interior","layer":"TKU-interior portos origem","path":"D:/Users/marcos.coelho/Desktop/calculo TKU/TKU-2022/nav interior tku 2022/SHP-TKU-interior portos origem e destino/TKU-interior portos origem.shp"},"geometry":{"type":"Point","coordinates":[-59.950023,-3.148438]}},
{"type":"Feature","properties":{"idi_tuaria":300599,"idseq":0,"cdi_tuaria":"BRAM088","nome":"Terminal Distribuidora Equador Manaus","tipo":"Terminal de uso privado","cdbigrama":"BR","cdtrigrama":"BRA","cdterminal":"BRAM088","situacao":"Construção Concluída","gestao":"Privada","modalidade":"Terminal de uso privado","companhia":"DISTRIBUIDORA EQUADOR DE PRODUTOS DE PETROLE","cnpj":"03128979000761","legislacao":"CA 22/2019-MINFRA","pro_didade":null,"endereco":"Rua Pajurá","com_emento":null,"numero":895,"bairro":"Vila Buriti","cep":"69072065","idcidade":"1302603","cidade":null,"idestado":null,"estado":null,"idr_rafica":null,"reg_rafica":null,"loc_izacao":"Negro","latitude":"-3.15475","longitude":"-59.9616","observacao":"Cadastro GAP 7/4/2020","fonte":"Antaq","cdc_troide":null,"CP_Fluxo_I":"Portos","CP_Fluxo_1":"Terminal Distribuidora Equador Manaus","CP_Fluxo_2":"Origem","CP_Fluxo_3":"0","CP_Fluxo_4":"300187","CP_Fluxo_5":"Portos","CP_Fluxo_6":"Terminais Fluviais Do Brasil","CP_Fluxo_7":"Destino","CP_Fluxo_8":"4","CP_Fluxo_9":"5357,744","CP_Fluxo10":"t","CP_Fluxo11":"Interior","layer":"TKU-interior portos origem","path":"D:/Users/marcos.coelho/Desktop/calculo TKU/TKU-2022/nav interior tku 2022/SHP-TKU-interior portos origem e destino/TKU-interior portos origem.shp"},"geometry":{"type":"Point","coordinates":[-59.961621,-3.154752]}}
]
}
