{
"type": "FeatureCollection",
"name": "TKU-interior-2023",
"features": [
{"type":"Feature","properties":{"IDHIDROVIA":200000401,"NOME":"Acesso ao Porto de Belém","NAVEGACAO":"Navegação Interior","TIPO":"Canal","VEL_CIONAL":15.0,"EXTENSAO":1.0,"TEMPO":"0d 0h 4min","CLA_ICACAO":"Acesso simples","NOME_RIO":null,"NOM_ECLUSA":null,"JURISDICAO":null,"REG_RAFICA":null,"PRO_DE_MIN":0.0,"PRO_DE_MAX":0.0,"DOMINIO":null,"OBSERVACAO":null,"SNV":null,"FONTE":null,"IDM_ORIGEM":"BR150140","MUN_ORIGEM":"Belém","EST_ORIGEM":"PA","IDM_ESTINO":"BR150140","MUN_ESTINO":"Belém","EST_ESTINO":"PA","IDANTAQ":0,"CAMADA_SIM":"1","FLUXO":1048747.2},"geometry":{"type":"MultiLineString","coordinates":[[[-48.504393,-1.445494],[-48.501708,-1.441894],[-48.4989,-1.43109],[-48.499084,-1.422789],[-48.499206,-1.407103],[-48.498291,-1.391723],[-48.496093,-1.381286],[-48.490904,-1.367186],[-48.490904,-1.355528],[-48.49127,-1.344908],[-48.4942,-1.33087]]]}},
{"type":"Feature","properties":{"IDHIDROVIA":200000402,"NOME":"Hidrovia do Tocantins","NAVEGACAO":"Navegação Interior","TIPO":"Marítimo/oceânico","VEL_CIONAL":25.0,"EXTENSAO":31.0,"TEMPO":"0d 1h 14min","CLA_ICACAO":"Acesso simples","NOME_RIO":"Rio Tocantins","NOM_ECLUSA":null,"JURISDICAO":null,"REG_RAFICA":"Região Hidrográfica do Tocantins","PRO_DE_MIN":0.0,"PRO_DE_MAX":0.0,"DOMINIO":null,"OBSERVACAO":null,"SNV":null,"FONTE":null,"IDM_ORIGEM":"BR150130","MUN_ORIGEM":"Barcarena","EST_ORIGEM":"PA","IDM_ESTINO":"BR150140","MUN_ESTINO":"Belém","EST_ESTINO":"PA","IDANTAQ":0,"CAMADA_SIM":"2","FLUXO":33470.1},"geometry":{"type":"MultiLineString","coordinates":[[[-48.676889,-1.376872],[-48.667318,-1.346819],[-48.662158,-1.327899],[-48.661829,-1.326276],[-48.661494,-1.324657],[-48.661152,-1.323039],[-48.660803,-1.321425],[-48.660447,-1.319812],[-48.660085,-1.318202],[-48.659716,-1.316595],[-48.659341,-1.31499],[-48.658959,-1.313387],[-48.65857,-1.311787],[-48.658174,-1.310189],[-48.657772,-1.308594],[-48.657364,-1.307002],[-48.656948,-1.305411],[-48.656526,-1.303823],[-48.656097,-1.302238],[-48.655662,-1.300655],[-48.65522,-1.299075],[-48.654771,-1.297497],[-48.654316,-1.295921],[-48.653854,-1.294348],[-48.653385,-1.292777],[-48.65291,-1.291209],[-48.652428,-1.289643],[-48.651939,-1.28808],[-48.651444,-1.286519],[-48.650942,-1.284961],[-48.650434,-1.283405],[-48.649918,-1.281851],[-48.649396,-1.2803],[-48.648868,-1.278751],[-48.648333,-1.277205],[-48.64802,-1.276315],[-48.647703,-1.275421],[-48.647381,-1.274525],[-48.647054,-1.273626],[-48.646722,-1.272724],[-48.646386,-1.271819],[-48.646044,-1.270911],[-48.645698,-1.269999],[-48.645346,-1.269085],[-48.644989,-1.268166],[-48.644628,-1.267245],[-48.644261,-1.266319],[-48.643889,-1.26539],[-48.643511,-1.264457],[-48.643129,-1.26352],[-48.642741,-1.262579],[-48.642347,-1.261634],[-48.641949,-1.260685],[-48.641545,-1.259731],[-48.641135,-1.258773],[-48.640299,-1.256841],[-48.639439,-1.254887],[-48.638555,-1.25291],[-48.637646,-1.250909],[-48.636711,-1.24888],[-48.635748,-1.246821],[-48.634805,-1.24483],[-48.633835,-1.242806],[-48.632836,-1.240746],[-48.631805,-1.238645],[-48.630742,-1.2365],[-48.629642,-1.234303],[-48.628501,-1.232046],[-48.627314,-1.229718],[-48.626147,-1.227448],[-48.624925,-1.225088],[-48.623637,-1.222614],[-48.622261,-1.219989],[-48.619368,-1.214506],[-48.61458,-1.205482],[-48.614041,-1.204461],[-48.613494,-1.203417],[-48.612371,-1.201253],[-48.611202,-1.198969],[-48.609967,-1.196529],[-48.608777,-1.194154],[-48.607465,-1.191513],[-48.60613,-1.188813],[-48.602493,-1.181433],[-48.601383,-1.179193],[-48.600383,-1.177183],[-48.599232,-1.174888],[-48.59815,-1.172749],[-48.597116,-1.170725],[-48.596118,-1.168794],[-48.595509,-1.167626],[-48.59491,-1.166486],[-48.594319,-1.16537],[-48.593735,-1.164278],[-48.593158,-1.163207],[-48.592586,-1.162156],[-48.59202,-1.161124],[-48.591458,-1.16011],[-48.590899,-1.159111],[-48.590344,-1.158127],[-48.589792,-1.15716],[-48.589242,-1.156207],[-48.588695,-1.155267],[-48.58815,-1.154342],[-48.587607,-1.153429],[-48.587065,-1.152529],[-48.586421,-1.151472],[-48.585779,-1.150433],[-48.585138,-1.149409],[-48.584497,-1.148401],[-48.583857,-1.147408],[-48.583218,-1.14643],[-48.582578,-1.145466],[-48.581938,-1.144516],[-48.581297,-1.14358],[-48.580656,-1.142656],[-48.580014,-1.141746],[-48.579371,-1.140849],[-48.578726,-1.139965],[-48.57808,-1.139093],[-48.577433,-1.138233],[-48.576784,-1.137385],[-48.576458,-1.136965],[-48.576132,-1.136548],[-48.575805,-1.136133],[-48.575478,-1.135722],[-48.575151,-1.135314],[-48.574822,-1.134908],[-48.574494,-1.134505],[-48.574165,-1.134106],[-48.573835,-1.133708],[-48.573504,-1.133314],[-48.573173,-1.132923],[-48.572842,-1.132534],[-48.572509,-1.132148],[-48.572176,-1.131765],[-48.571843,-1.131384],[-48.571509,-1.131007],[-48.571174,-1.130631],[-48.570838,-1.130259],[-48.570502,-1.129889],[-48.570165,-1.129522],[-48.569827,-1.129158],[-48.569489,-1.128796],[-48.569149,-1.128437],[-48.568809,-1.12808],[-48.568469,-1.127726],[-48.568127,-1.127375],[-48.567785,-1.127026],[-48.567442,-1.126679],[-48.567098,-1.126336],[-48.566753,-1.125995],[-48.566408,-1.125656],[-48.566062,-1.12532],[-48.565212,-1.124505],[-48.564356,-1.123695],[-48.563494,-1.122891],[-48.562627,-1.122093],[-48.561755,-1.121301],[-48.560876,-1.120514],[-48.560435,-1.120122],[-48.559992,-1.119732],[-48.559102,-1.118957],[-48.558207,-1.118186],[-48.557305,-1.117422],[-48.556398,-1.116663],[-48.555486,-1.11591],[-48.554567,-1.115162],[-48.553643,-1.11442],[-48.552714,-1.113684],[-48.551778,-1.112953],[-48.551309,-1.11259],[-48.550837,-1.112228],[-48.54989,-1.111509],[-48.549415,-1.111151],[-48.548938,-1.110795],[-48.54798,-1.110087],[-48.547016,-1.109385],[-48.546047,-1.108688],[-48.545071,-1.107996],[-48.54409,-1.107311],[-48.543104,-1.106631],[-48.542111,-1.105957],[-48.541613,-1.105621],[-48.541114,-1.105288],[-48.54011,-1.104625],[-48.5391,-1.103967],[-48.538085,-1.103315],[-48.537065,-1.102669],[-48.536552,-1.102348],[-48.536038,-1.102029],[-48.535006,-1.101394],[-48.533968,-1.100764],[-48.533447,-1.100452],[-48.532925,-1.100141],[-48.531876,-1.099523],[-48.530821,-1.09891],[-48.52976,-1.098304],[-48.528694,-1.097702],[-48.527622,-1.097107],[-48.526544,-1.096517],[-48.525461,-1.095933],[-48.524372,-1.095354],[-48.523277,-1.094781],[-48.522177,-1.094214],[-48.521071,-1.093652],[-48.519959,-1.093096],[-48.518841,-1.092546],[-48.517718,-1.092001],[-48.516589,-1.091462],[-48.515455,-1.090928],[-48.514885,-1.090663],[-48.514314,-1.0904],[-48.513168,-1.089878],[-48.512017,-1.089361],[-48.510859,-1.08885],[-48.509696,-1.088345],[-48.508528,-1.087845],[-48.507353,-1.087351],[-48.506764,-1.087106],[-48.506173,-1.086862],[-48.504987,-1.086379],[-48.503796,-1.085902],[-48.502599,-1.085431],[-48.501396,-1.084965],[-48.500187,-1.084504]]]}},
{"type":"Feature","properties":{"IDHIDROVIA":200002005,"NOME":"Hidrovia do Tietê - Paraná","NAVEGACAO":"Navegação Interior","TIPO":"Rio","VEL_CIONAL":10.0,"EXTENSAO":84.163087305700003,"TEMPO":"0d 8h 24min","CLA_ICACAO":"Navegável","NOME_RIO":"Rio Paranaíba","NOM_ECLUSA":null,"JURISDICAO":"AHRANA","REG_RAFICA":"Região Hidrográfica do Paraná","PRO_DE_MIN":1.6,"PRO_DE_MAX":2.0,"DOMINIO":"União","OBSERVACAO":"Confluência com o rio Grande até o PK 790.","SNV":"Sim","FONTE":"LabTrans/ANA/Antaq","IDM_ORIGEM":"BR311455","MUN_ORIGEM":"Carneirinho","EST_ORIGEM":"MG","IDM_ESTINO":"BR315980","MUN_ESTINO":"Santa Vitória","EST_ESTINO":"MG","IDANTAQ":3,"CAMADA_SIM":"3","FLUXO":1167470.0},"geometry":{"type":"MultiLineString","coordinates":[[[-50.515043,-19.066117],[-50.516676,-19.068632],[-50.518327,-19.071291],[-50.520217,-19.074031],[-50.52312,-19.078272],[-50.525572,-19.08195],[-50.527282,-19.08471],[-50.528962,-19.087575],[-50.531102,-19.091861],[-50.533276,-19.095685],[-50.534664,-19.097546],[-50.53743,-19.100547],[-50.540086,-19.103545],[-50.542707,-19.106215],[-50.545141,-19.108314],[-50.547757,-19.110384],[-50.551387,-19.112759],[-50.555105,-19.114451],[-50.558717,-19.116071],[-50.562504,-19.117612],[-50.566127,-19.118924],[-50.568821,-19.119795],[-50.571257,-19.120761],[-50.573065,-19.122051],[-50.57424,-19.123373],[-50.575372,-19.12623],[-50.575867,-19.127686],[-50.57723,-19.130336],[-50.578879,-19.133096],[-50.580811,-19.135008],[-50.583362,-19.137173],[-50.586166,-19.139076],[-50.589652,-19.139901],[-50.592414,-19.139848],[-50.599348,-19.136729],[-50.603184,-19.135542],[-50.60697,-19.135279],[-50.610591,-19.135594],[-50.616699,-19.135401],[-50.623784,-19.135096],[-50.628988,-19.134807],[-50.636592,-19.13435],[-50.641988,-19.134821],[-50.647196,-19.13478],[-50.652882,-19.134219],[-50.658659,-19.134152],[-50.666049,-19.134682],[-50.671934,-19.135716],[-50.67488,-19.136662],[-50.676798,-19.137884],[-50.677331,-19.139306],[-50.677493,-19.140993],[-50.676655,-19.143232],[-50.675532,-19.147489],[-50.674592,-19.151681],[-50.673413,-19.155454],[-50.672513,-19.158446],[-50.671648,-19.161508],[-50.671821,-19.163915],[-50.672913,-19.168303],[-50.676256,-19.172434],[-50.683524,-19.175306],[-50.695948,-19.176056],[-50.704697,-19.178592],[-50.716116,-19.181333],[-50.724243,-19.182458],[-50.729477,-19.184712],[-50.73296,-19.186488],[-50.736689,-19.189042],[-50.739827,-19.192993],[-50.741282,-19.198436],[-50.741117,-19.203445],[-50.741068,-19.213213],[-50.741876,-19.221477],[-50.742613,-19.228057],[-50.744044,-19.234271],[-50.746987,-19.240015],[-50.750571,-19.242821],[-50.755907,-19.246192],[-50.76034,-19.247994],[-50.764574,-19.251718],[-50.767049,-19.255133],[-50.76977,-19.259325],[-50.77218,-19.260553],[-50.77583,-19.260762],[-50.781939,-19.261328],[-50.786476,-19.26416],[-50.791489,-19.269063],[-50.804308,-19.279049],[-50.810689,-19.283865],[-50.818201,-19.291542],[-50.823256,-19.299403],[-50.827333,-19.308005],[-50.832206,-19.317272],[-50.834227,-19.325114],[-50.835583,-19.334926],[-50.838749,-19.34602],[-50.842188,-19.353753],[-50.848671,-19.367591],[-50.854454,-19.378302],[-50.860815,-19.387998],[-50.86472,-19.393637],[-50.868975,-19.401086],[-50.871205,-19.407962],[-50.871471,-19.41658],[-50.870752,-19.421957],[-50.86891,-19.42833],[-50.865455,-19.434014],[-50.853061,-19.44638],[-50.842368,-19.454808],[-50.832597,-19.463738],[-50.828008,-19.470673],[-50.82696,-19.477712],[-50.83096,-19.48464],[-50.836575,-19.48841],[-50.842368,-19.490644],[-50.846894,-19.491925],[-50.85187,-19.492351],[-50.859108,-19.491925],[-50.868156,-19.489366],[-50.875847,-19.486804],[-50.885348,-19.482539],[-50.892586,-19.479979],[-50.899104,-19.477734],[-50.904878,-19.476228],[-50.909983,-19.474318],[-50.917918,-19.471446],[-50.935218,-19.468159],[-50.941323,-19.469169]]]}},
{"type":"Feature","properties":{"IDHIDROVIA":200002006,"NOME":"Hidrovia Paraguai - Paraná","NAVEGACAO":"Navegação Interior","TIPO":"Rio","VEL_CIONAL":7.0,"EXTENSAO":753.31216593399995,"TEMPO":"4d 11h 36min","CLA_ICACAO":"Navegável","NOME_RIO":"Rio Paraná","NOM_ECLUSA":null,"JURISDICAO":null,"REG_RAFICA":null,"PRO_DE_MIN":3.0,"PRO_DE_MAX":6.0,"DOMINIO":null,"OBSERVACAO":null,"SNV":"Não","FONTE":"LabTrans/Antaq","IDM_ORIGEM":null,"MUN_ORIGEM":null,"EST_ORIGEM":null,"IDM_ESTINO":null,"MUN_ESTINO":null,"EST_ESTINO":null,"IDANTAQ":4,"CAMADA_SIM":"4","FLUXO":7153384.0},"geometry":{"type":"MultiLineString","coordinates":[[[-58.615373,-27.298135],[-58.618286,-27.300932],[-58.622669,-27.304124],[-58.626791,-27.308047],[-58.629512,-27.312054],[-58.632864,-27.316726],[-58.643526,-27.329928],[-58.650022,-27.337692],[-58.659472,-27.349072],[-58.665994,-27.352365],[-58.67077,-27.354026],[-58.683025,-27.359734],[-58.68987,-27.362634],[-58.70954,-27.368228],[-58.720678,-27.372993],[-58.729002,-27.377231],[-58.735932,-27.381716],[-58.740598,-27.386105],[-58.750418,-27.394927],[-58.762458,-27.404878],[-58.770797,-27.412559],[-58.78078,-27.42192],[-58.787425,-27.428228],[-58.792912,-27.434361],[-58.802018,-27.444505],[-58.808656,-27.448467],[-58.814296,-27.449404],[-58.825084,-27.45005],[-58.841377,-27.453928],[-58.849728,-27.457263],[-58.858411,-27.462581],[-58.861823,-27.466351],[-58.865879,-27.474321],[-58.866102,-27.477682],[-58.866246,-27.481955],[-58.865842,-27.486365],[-58.865198,-27.490264],[-58.863375,-27.496854],[-58.860831,-27.50196],[-58.853083,-27.510346],[-58.84947,-27.513683],[-58.844434,-27.51931],[-58.840337,-27.524141],[-58.837925,-27.527764],[-58.836638,-27.530043],[-58.83569,-27.533074],[-58.835013,-27.537988],[-58.835194,-27.541389],[-58.836679,-27.548397],[-58.839574,-27.556186],[-58.842059,-27.561107],[-58.843286,-27.564085],[-58.844951,-27.569657],[-58.845656,-27.57404],[-58.846213,-27.578864],[-58.845455,-27.583847],[-58.844145,-27.588106],[-58.840319,-27.596462],[-58.836771,-27.601565],[-58.833684,-27.606163],[-58.831482,-27.610535],[-58.830408,-27.614442],[-58.829884,-27.617413],[-58.829771,-27.620107],[-58.830086,-27.624411],[-58.830828,-27.628697],[-58.833483,-27.639959],[-58.834118,-27.642242],[-58.835061,-27.648697],[-58.834956,-27.653928],[-58.834131,-27.656878],[-58.828187,-27.667064],[-58.825652,-27.670843],[-58.821851,-27.677326],[-58.819574,-27.681133],[-58.816979,-27.686202],[-58.815005,-27.693287],[-58.814811,-27.699278],[-58.81518,-27.704603],[-58.815338,-27.712362],[-58.81526,-27.716532],[-58.815792,-27.728094],[-58.816034,-27.732629],[-58.816155,-27.7429],[-58.816693,-27.748179],[-58.818219,-27.759121],[-58.819112,-27.76542],[-58.819499,-27.770896],[-58.819183,-27.773788],[-58.818811,-27.778044],[-58.817583,-27.782299],[-58.816156,-27.785237],[-58.814145,-27.789503],[-58.812709,-27.79388],[-58.812088,-27.79829],[-58.81232,-27.802635],[-58.812482,-27.805658],[-58.81381,-27.812088],[-58.815187,-27.816234],[-58.817305,-27.821415],[-58.819038,-27.825812],[-58.820162,-27.830006],[-58.821595,-27.837596],[-58.822312,-27.842981],[-58.823362,-27.853022],[-58.823567,-27.856043],[-58.824749,-27.864534],[-58.825943,-27.868423],[-58.828941,-27.877221],[-58.83099,-27.881869],[-58.836268,-27.889221],[-58.841693,-27.894704],[-58.845073,-27.898614],[-58.84933,-27.902071],[-58.85227,-27.905531],[-58.853917,-27.90906],[-58.855067,-27.912117],[-58.855177,-27.914157],[-58.854995,-27.917945],[-58.854017,-27.921281],[-58.853158,-27.923627],[-58.84992,-27.929572],[-58.847081,-27.933365],[-58.841757,-27.937914],[-58.837597,-27.94267],[-58.833852,-27.946646],[-58.831855,-27.950176],[-58.831149,-27.954584],[-58.830722,-27.957821],[-58.830352,-27.966106],[-58.829936,-27.97275],[-58.829607,-27.977005],[-58.829361,-27.981219],[-58.829309,-27.98425],[-58.829473,-27.989696],[-58.829482,-27.996262],[-58.829243,-28.003013],[-58.829521,-28.009001],[-58.830119,-28.013748],[-58.832096,-28.019981],[-58.833919,-28.024374],[-58.839112,-28.034792],[-58.840867,-28.0379],[-58.84289,-28.042019],[-58.850482,-28.051616],[-58.856037,-28.05517],[-58.863375,-28.058346],[-58.869713,-28.062488],[-58.873769,-28.066067],[-58.878054,-28.069106],[-58.88927,-28.076103],[-58.898015,-28.081695],[-58.902226,-28.08572],[-58.907197,-28.091096],[-58.910343,-28.094484],[-58.913774,-28.099148],[-58.916036,-28.103635],[-58.918447,-28.107698],[-58.923819,-28.115625],[-58.92666,-28.118913],[-58.930698,-28.12287],[-58.938594,-28.127683],[-58.950119,-28.131916],[-58.956523,-28.132779],[-58.975898,-28.133314],[-58.98336,-28.134126],[-58.995041,-28.13548],[-59.000359,-28.136123],[-59.00653,-28.136653],[-59.018235,-28.136451],[-59.02333,-28.136156],[-59.032914,-28.133962],[-59.042186,-28.131932],[-59.049053,-28.131862],[-59.055489,-28.132529],[-59.060507,-28.134698],[-59.069652,-28.141231],[-59.072453,-28.144442],[-59.076448,-28.150598],[-59.078916,-28.153941],[-59.08237,-28.159623],[-59.084094,-28.165835],[-59.086216,-28.174563],[-59.087882,-28.180616],[-59.08933,-28.185973],[-59.090696,-28.191119],[-59.091527,-28.1954],[-59.092134,-28.198161],[-59.097822,-28.213281],[-59.099884,-28.217202],[-59.10806,-28.226204],[-59.110707,-28.23062],[-59.1134,-28.239231],[-59.113603,-28.247747],[-59.111704,-28.254174],[-59.109802,-28.258666],[-59.10741,-28.264956],[-59.105328,-28.269966],[-59.104162,-28.275804],[-59.101681,-28.286703],[-59.098767,-28.296834],[-59.098491,-28.300582],[-59.098373,-28.305898],[-59.098365,-28.312554],[-59.097259,-28.317618],[-59.093954,-28.323795],[-59.090069,-28.327087],[-59.084722,-28.331143],[-59.081304,-28.33469],[-59.077677,-28.339502],[-59.075374,-28.343292],[-59.072258,-28.346673],[-59.070636,-28.349377],[-59.06827,-28.354348],[-59.067395,-28.358612],[-59.06776,-28.362026],[-59.068933,-28.3668],[-59.069594,-28.37115],[-59.07113,-28.378052],[-59.071606,-28.381584],[-59.073629,-28.390348],[-59.074193,-28.392957],[-59.075231,-28.398423],[-59.078121,-28.405249],[-59.082252,-28.413713],[-59.085611,-28.418957],[-59.08787,-28.42385],[-59.090408,-28.431718],[-59.08982,-28.436123],[-59.086578,-28.439231],[-59.08287,-28.441413],[-59.078816,-28.443641],[-59.076427,-28.445831],[-59.074165,-28.448961],[-59.073573,-28.451436],[-59.072118,-28.457865],[-59.070996,-28.463779],[-59.070596,-28.468273],[-59.071296,-28.471427],[-59.073837,-28.475114],[-59.07692,-28.479558],[-59.078546,-28.483683],[-59.080319,-28.488907],[-59.081439,-28.493329],[-59.081663,-28.501022],[-59.081508,-28.503846],[-59.081538,-28.511807],[-59.082142,-28.515118],[-59.082927,-28.524106],[-59.083186,-28.526851],[-59.084632,-28.532448],[-59.087055,-28.536476],[-59.093844,-28.543163],[-59.100138,-28.547556],[-59.104828,-28.551562],[-59.108027,-28.556353],[-59.110711,-28.561288],[-59.113318,-28.567911],[-59.114473,-28.575016],[-59.114691,-28.57764],[-59.114954,-28.584124],[-59.114603,-28.587783],[-59.112279,-28.599711],[-59.108765,-28.61096],[-59.10322,-28.627133],[-59.095924,-28.639264],[-59.089831,-28.649267],[-59.086314,-28.657477],[-59.08494,-28.664893],[-59.086524,-28.676404],[-59.091164,-28.684956],[-59.096542,-28.69366],[-59.106,-28.71122],[-59.110048,-28.720256],[-59.118363,-28.735429],[-59.125813,-28.749419],[-59.133747,-28.762751],[-59.139231,-28.773218],[-59.143081,-28.78235],[-59.144087,-28.787231],[-59.143963,-28.794168],[-59.141489,-28.801901],[-59.140876,-28.809405],[-59.141328,-28.817319],[-59.147455,-28.830678],[-59.15083,-28.836914],[-59.15231,-28.842778],[-59.153567,-28.850206],[-59.155899,-28.860044],[-59.160419,-28.871706],[-59.164268,-28.881384],[-59.169366,-28.894018],[-59.172982,-28.902614],[-59.177492,-28.911534],[-59.185792,-28.921838],[-59.192795,-28.931288],[-59.200189,-28.943149],[-59.204595,-28.950889],[-59.209449,-28.964575],[-59.211384,-28.974612],[-59.211684,-28.981621],[-59.209745,-28.989391],[-59.20693,-28.994803],[-59.204131,-29.000489],[-59.201748,-29.005714],[-59.200715,-29.009498],[-59.199849,-29.014369],[-59.19965,-29.021763],[-59.199954,-29.027039],[-59.20209,-29.033328],[-59.205428,-29.038744],[-59.20976,-29.043296],[-59.217005,-29.051188],[-59.225929,-29.059366],[-59.237068,-29.067903],[-59.252885,-29.078338],[-59.257449,-29.083243],[-59.263276,-29.090098],[-59.271104,-29.096486],[-59.277814,-29.100564],[-59.285595,-29.103319],[-59.292502,-29.105382],[-59.310648,-29.109194],[-59.319522,-29.110985],[-59.329612,-29.113907],[-59.340719,-29.118061],[-59.350263,-29.123992],[-59.357241,-29.128968],[-59.360856,-29.133549],[-59.362312,-29.13695],[-59.363876,-29.144022],[-59.363234,-29.152534],[-59.361935,-29.158796],[-59.36049,-29.162601],[-59.357181,-29.170274],[-59.355323,-29.175922],[-59.353948,-29.180909],[-59.354375,-29.193431],[-59.35698,-29.200337],[-59.360117,-29.205478],[-59.364775,-29.208276],[-59.374309,-29.212222],[-59.388673,-29.214764],[-59.398784,-29.217771],[-59.410664,-29.221913],[-59.429705,-29.22606],[-59.446459,-29.228651],[-59.457266,-29.231073],[-59.470204,-29.235828],[-59.479042,-29.241987],[-59.487366,-29.246528],[-59.497366,-29.249349],[-59.504728,-29.253038],[-59.509966,-29.258358],[-59.512184,-29.262177],[-59.514049,-29.268749],[-59.515157,-29.276632],[-59.515622,-29.28254],[-59.515353,-29.290172],[-59.513794,-29.300641],[-59.511948,-29.306381],[-59.511245,-29.315444],[-59.511501,-29.319628],[-59.511932,-29.324787],[-59.514337,-29.33334],[-59.517405,-29.339036],[-59.520156,-29.344656],[-59.527366,-29.3516],[-59.536185,-29.357211],[-59.545561,-29.361611],[-59.557558,-29.369815],[-59.5627,-29.37514],[-59.567094,-29.378493],[-59.572113,-29.380083],[-59.576983,-29.380951],[-59.5832,-29.381574],[-59.592418,-29.384899],[-59.597999,-29.390476],[-59.600542,-29.396014],[-59.600904,-29.401836],[-59.60026,-29.408519],[-59.599093,-29.41505],[-59.59676,-29.421361],[-59.592067,-29.430154],[-59.587845,-29.438104],[-59.584337,-29.445747],[-59.581928,-29.452518],[-59.580359,-29.459342],[-59.580273,-29.468167],[-59.582961,-29.481176],[-59.585427,-29.487173],[-59.589231,-29.492794],[-59.593078,-29.49909],[-59.595813,-29.507719],[-59.596344,-29.512894],[-59.596594,-29.520372],[-59.595077,-29.524639],[-59.5937,-29.53118],[-59.592058,-29.536873],[-59.590712,-29.542226],[-59.589126,-29.545401],[-59.58539,-29.549406],[-59.579986,-29.55358],[-59.576388,-29.558126],[-59.574549,-29.562317],[-59.57392,-29.565722],[-59.573514,-29.569343],[-59.574366,-29.572951],[-59.576859,-29.577669],[-59.580215,-29.58107],[-59.585403,-29.583564],[-59.591417,-29.585838],[-59.596866,-29.589142],[-59.601093,-29.59367],[-59.603201,-29.597219],[-59.606035,-29.604019],[-59.607688,-29.610214],[-59.608954,-29.617087],[-59.610363,-29.624591],[-59.610051,-29.634779],[-59.60955,-29.638541],[-59.60908,-29.641117],[-59.608226,-29.644259],[-59.607162,-29.647409],[-59.606595,-29.651814],[-59.605989,-29.654755],[-59.604904,-29.656862],[-59.603412,-29.657871],[-59.600709,-29.660053],[-59.598568,-29.662964],[-59.597213,-29.666911],[-59.595161,-29.671696],[-59.593774,-29.674404],[-59.592553,-29.676516],[-59.590347,-29.679085],[-59.587914,-29.68237],[-59.585552,-29.68571],[-59.58412,-29.689888],[-59.583494,-29.695085],[-59.583721,-29.699846],[-59.584112,-29.702882],[-59.585319,-29.709286],[-59.587555,-29.715916],[-59.590711,-29.722111],[-59.59297,-29.726939],[-59.59469,-29.730676],[-59.598828,-29.738526],[-59.602553,-29.744049],[-59.606148,-29.748579],[-59.611037,-29.754482],[-59.615211,-29.760687],[-59.618883,-29.765332],[-59.623755,-29.77188],[-59.628431,-29.777416],[-59.632903,-29.781847],[-59.639985,-29.789256],[-59.64537,-29.795287],[-59.64904,-29.80093],[-59.655313,-29.810341],[-59.657584,-29.814168],[-59.659142,-29.8185],[-59.660257,-29.823322],[-59.661903,-29.836644],[-59.661186,-29.840319],[-59.658407,-29.848908],[-59.655179,-29.853599],[-59.651456,-29.857945],[-59.643594,-29.863934],[-59.636924,-29.868828],[-59.630724,-29.873641],[-59.62653,-29.878067],[-59.621846,-29.883195],[-59.617199,-29.88905],[-59.614338,-29.894235],[-59.611127,-29.900317],[-59.606571,-29.912025],[-59.604583,-29.917103],[-59.602381,-29.924193],[-59.601044,-29.928836],[-59.599108,-29.935857],[-59.595757,-29.950644],[-59.594531,-29.959275],[-59.593391,-29.967139],[-59.593353,-29.967611],[-59.592648,-29.980265],[-59.592316,-29.98586],[-59.591976,-29.99367],[-59.591946,-30.000836],[-59.592309,-30.005582],[-59.593085,-30.011539],[-59.59349,-30.015865],[-59.593496,-30.020328],[-59.59365,-30.023903],[-59.593411,-30.028788],[-59.592631,-30.033698],[-59.591305,-30.037472],[-59.589244,-30.040327],[-59.587086,-30.042718],[-59.58544,-30.044615],[-59.584135,-30.046555],[-59.583342,-30.050174],[-59.583756,-30.053561],[-59.585789,-30.057891],[-59.589047,-30.063376],[-59.592192,-30.067047],[-59.596833,-30.072939],[-59.600921,-30.079107],[-59.604609,-30.084925],[-59.606408,-30.08766],[-59.610925,-30.095776],[-59.615089,-30.102687],[-59.620206,-30.112996],[-59.622076,-30.116855],[-59.623474,-30.12184],[-59.625984,-30.131588],[-59.62661,-30.137255],[-59.628087,-30.148936],[-59.628492,-30.15432],[-59.629404,-30.163475],[-59.629624,-30.169161],[-59.630235,-30.178919],[-59.631171,-30.184102],[-59.633018,-30.188655],[-59.636123,-30.192701],[-59.638258,-30.196418],[-59.639771,-30.201046],[-59.640415,-30.203718],[-59.642837,-30.213097],[-59.643309,-30.217362],[-59.644603,-30.230407],[-59.644758,-30.235039],[-59.645474,-30.243197],[-59.646197,-30.248213],[-59.646967,-30.252894],[-59.648597,-30.260452],[-59.650522,-30.268349],[-59.653723,-30.279249],[-59.657357,-30.287863],[-59.662787,-30.297415],[-59.665711,-30.302799],[-59.668038,-30.30733],[-59.669815,-30.313951],[-59.670223,-30.319335],[-59.670361,-30.324667],[-59.671011,-30.331742],[-59.673141,-30.337456],[-59.677359,-30.343893],[-59.680115,-30.349813],[-59.680782,-30.353893],[-59.681469,-30.360458],[-59.681673,-30.366909],[-59.682343,-30.3786],[-59.683534,-30.386649],[-59.686227,-30.398017],[-59.690246,-30.404464],[-59.694842,-30.411414],[-59.69904,-30.422171],[-59.699277,-30.426976],[-59.699198,-30.432179],[-59.697593,-30.44124],[-59.694497,-30.448258],[-59.689572,-30.456562],[-59.685599,-30.459451],[-59.67838,-30.463783],[-59.672549,-30.467464],[-59.667639,-30.471704],[-59.662943,-30.47721],[-59.657684,-30.483506],[-59.655329,-30.487258],[-59.652592,-30.493812],[-59.651671,-30.498671],[-59.651832,-30.502305],[-59.652128,-30.50808],[-59.65242,-30.514878],[-59.652472,-30.520044],[-59.652639,-30.53133],[-59.651445,-30.539431],[-59.650612,-30.545695],[-59.649952,-30.552526],[-59.649271,-30.55796],[-59.647962,-30.564247],[-59.647463,-30.567126],[-59.647099,-30.57002],[-59.647977,-30.57638],[-59.648965,-30.580151],[-59.650491,-30.584896],[-59.652587,-30.593238],[-59.655059,-30.603224],[-59.657538,-30.613302],[-59.660117,-30.617409],[-59.663775,-30.623463],[-59.664895,-30.627136],[-59.664991,-30.631889],[-59.664676,-30.635544],[-59.663496,-30.638477],[-59.659538,-30.64389],[-59.655592,-30.648653],[-59.653132,-30.652937],[-59.651354,-30.656132],[-59.64926,-30.662984],[-59.647639,-30.667582],[-59.645178,-30.671866],[-59.639196,-30.679328],[-59.634899,-30.684814],[-59.631642,-30.689487],[-59.629568,-30.692345],[-59.62726,-30.696912],[-59.627273,-30.700377],[-59.628694,-30.705597],[-59.631814,-30.712708],[-59.634802,-30.717854],[-59.641856,-30.727241],[-59.647429,-30.732208],[-59.653324,-30.737381],[-59.658706,-30.742532],[-59.663104,-30.747147],[-59.669983,-30.754343],[-59.67431,-30.760072],[-59.678736,-30.76628],[-59.681981,-30.771097],[-59.684171,-30.775458],[-59.686594,-30.782392],[-59.687116,-30.785303],[-59.686511,-30.787622],[-59.686112,-30.788874],[-59.685145,-30.790858],[-59.684638,-30.793642],[-59.684873,-30.797333],[-59.687146,-30.802981],[-59.688963,-30.806831],[-59.691645,-30.810287],[-59.694965,-30.814106],[-59.706224,-30.825003],[-59.709085,-30.828039],[-59.712865,-30.832618],[-59.716594,-30.839607],[-59.718803,-30.8442],[-59.721447,-30.849185],[-59.724999,-30.854784],[-59.729838,-30.858784],[-59.73533,-30.863341],[-59.743559,-30.869994],[-59.748903,-30.876495],[-59.753025,-30.884197],[-59.756498,-30.891374],[-59.759143,-30.897378],[-59.760821,-30.900059],[-59.762614,-30.902382],[-59.766859,-30.905587],[-59.779017,-30.913618],[-59.785034,-30.918794],[-59.792423,-30.925775],[-59.793682,-30.928299],[-59.796063,-30.933354],[-59.798881,-30.939857],[-59.803081,-30.948023],[-59.808066,-30.954128],[-59.815972,-30.963259],[-59.821632,-30.969907],[-59.82707,-30.975578],[-59.832684,-30.981828],[-59.839695,-30.98848],[-59.84525,-30.994851],[-59.84878,-31.000615],[-59.853405,-31.009793],[-59.857243,-31.016071],[-59.866371,-31.028815],[-59.87388,-31.042241],[-59.880416,-31.056123],[-59.887919,-31.066447],[-59.893971,-31.074278],[-59.900609,-31.081476],[-59.909233,-31.086402],[-59.913235,-31.088107],[-59.922082,-31.091053],[-59.93082,-31.093128],[-59.937666,-31.09446],[-59.946203,-31.095602],[-59.952048,-31.095767],[-59.955491,-31.096627],[-59.959041,-31.099568],[-59.963206,-31.105727],[-59.966073,-31.110343],[-59.968972,-31.115562],[-59.970658,-31.120411],[-59.974091,-31.12809],[-59.976427,-31.134683],[-59.97768,-31.138086],[-59.979489,-31.14594],[-59.980801,-31.150217],[-59.98209,-31.157248],[-59.983972,-31.170768],[-59.98416,-31.175649],[-59.984537,-31.186675],[-59.985553,-31.19614],[-59.987088,-31.202234],[-59.988313,-31.207296],[-59.993205,-31.217857],[-59.995115,-31.222508],[-60.000114,-31.231643],[-60.003766,-31.237656],[-60.009722,-31.245543],[-60.017516,-31.253376],[-60.028056,-31.258358],[-60.040174,-31.263768],[-60.050312,-31.26717],[-60.062236,-31.270284],[-60.075012,-31.276481],[-60.081099,-31.280865],[-60.08425,-31.285797],[-60.086501,-31.293125],[-60.088551,-31.299088],[-60.091028,-31.308598],[-60.091216,-31.312161],[-60.091256,-31.316554],[-60.091513,-31.322974],[-60.09086,-31.328876],[-60.089507,-31.336827],[-60.088458,-31.341316],[-60.088109,-31.346877],[-60.087786,-31.351723],[-60.088222,-31.355112],[-60.089356,-31.35831],[-60.093167,-31.36592],[-60.095643,-31.370163],[-60.099639,-31.37759],[-60.103665,-31.384859],[-60.107228,-31.390159],[-60.113378,-31.395346],[-60.119315,-31.39929],[-60.126927,-31.402071],[-60.131095,-31.404216],[-60.136794,-31.409708],[-60.140618,-31.418577],[-60.140975,-31.422848],[-60.14278,-31.431336],[-60.143622,-31.436247],[-60.145088,-31.440804],[-60.148864,-31.446322],[-60.152407,-31.448766],[-60.153467,-31.449329],[-60.157337,-31.450661],[-60.163308,-31.452735],[-60.175799,-31.456312],[-60.184853,-31.460521],[-60.193207,-31.463764],[-60.202225,-31.467365],[-60.208662,-31.471838],[-60.214569,-31.477427],[-60.21827,-31.485082],[-60.219779,-31.493906],[-60.2211,-31.501599],[-60.223278,-31.508503],[-60.226259,-31.513549],[-60.230036,-31.519241],[-60.233071,-31.522911],[-60.240884,-31.52793],[-60.249339,-31.53188],[-60.257253,-31.532828],[-60.26564,-31.53299],[-60.274778,-31.532736],[-60.291824,-31.533502],[-60.30167,-31.535909],[-60.311447,-31.54024],[-60.321847,-31.545315],[-60.325151,-31.54793],[-60.329015,-31.551345],[-60.334057,-31.555093],[-60.337306,-31.557873],[-60.338757,-31.560781],[-60.339454,-31.565202],[-60.339723,-31.568872],[-60.33884,-31.572698],[-60.335919,-31.57699],[-60.332398,-31.582077],[-60.330846,-31.586657],[-60.330618,-31.59183],[-60.330791,-31.597262],[-60.332447,-31.60503],[-60.33385,-31.608215],[-60.336615,-31.611511],[-60.342981,-31.616013],[-60.351402,-31.621276],[-60.361536,-31.625976],[-60.366691,-31.629284],[-60.378771,-31.635494],[-60.387987,-31.641316],[-60.397168,-31.647369],[-60.414972,-31.658541],[-60.421929,-31.66287],[-60.425739,-31.66634],[-60.429669,-31.671892],[-60.431837,-31.675978],[-60.436246,-31.683982],[-60.439613,-31.687579],[-60.444553,-31.691551],[-60.45682,-31.696706],[-60.463684,-31.698181],[-60.475676,-31.698728],[-60.486283,-31.700157],[-60.493654,-31.701445],[-60.505189,-31.702459],[-60.51543,-31.701757],[-60.528247,-31.69897],[-60.540242,-31.69649],[-60.5485,-31.696364],[-60.567818,-31.698409],[-60.575972,-31.702021],[-60.586422,-31.709914],[-60.593252,-31.715591],[-60.604525,-31.722835],[-60.618862,-31.729589],[-60.625357,-31.73151],[-60.634957,-31.733234],[-60.642954,-31.733539],[-60.650483,-31.734344],[-60.656157,-31.7352],[-60.659868,-31.736269],[-60.663167,-31.739359],[-60.665315,-31.744825],[-60.666557,-31.750395],[-60.666653,-31.753299],[-60.665617,-31.758902],[-60.663775,-31.76245],[-60.660603,-31.766657],[-60.658724,-31.769581],[-60.65722,-31.773718],[-60.656857,-31.778321],[-60.6571,-31.780986],[-60.657475,-31.782964],[-60.657788,-31.784871],[-60.658656,-31.786974],[-60.660091,-31.789466],[-60.661457,-31.791751],[-60.662933,-31.793974],[-60.664077,-31.795372],[-60.665682,-31.79686],[-60.667325,-31.798516],[-60.668168,-31.799696],[-60.669414,-31.801904],[-60.669822,-31.803467],[-60.670566,-31.806357],[-60.670999,-31.807871],[-60.671684,-31.809762],[-60.672852,-31.811609],[-60.674585,-31.814438],[-60.675443,-31.81637],[-60.676035,-31.818145],[-60.676298,-31.819665],[-60.675846,-31.821703],[-60.674482,-31.82427],[-60.673176,-31.826801],[-60.672161,-31.828985],[-60.670896,-31.831787],[-60.669925,-31.834236],[-60.669018,-31.835831],[-60.667356,-31.83997],[-60.666817,-31.841987],[-60.666006,-31.844721],[-60.665231,-31.850197],[-60.663203,-31.86203],[-60.662669,-31.868813],[-60.660596,-31.874141],[-60.656403,-31.881461],[-60.654135,-31.884989],[-60.652205,-31.888725],[-60.651763,-31.89227],[-60.652134,-31.895242],[-60.653248,-31.899734],[-60.654735,-31.902825],[-60.656467,-31.907843],[-60.657551,-31.911837],[-60.658866,-31.915324],[-60.663439,-31.92138],[-60.669836,-31.926974],[-60.678119,-31.933539],[-60.686907,-31.938599],[-60.689833,-31.940632],[-60.692601,-31.944387],[-60.695592,-31.948147],[-60.700282,-31.952375],[-60.70738,-31.957606],[-60.712098,-31.961222],[-60.718641,-31.966973],[-60.722769,-31.974876],[-60.724756,-31.981875],[-60.724657,-31.987835],[-60.722762,-31.993231],[-60.720433,-31.997925],[-60.717461,-32.001707],[-60.716762,-32.002014],[-60.714543,-32.003106],[-60.708815,-32.00446],[-60.699881,-32.006782],[-60.693498,-32.009216],[-60.687098,-32.012481],[-60.681192,-32.019148],[-60.676585,-32.025103],[-60.675063,-32.030261],[-60.674438,-32.044286],[-60.670562,-32.050484],[-60.664934,-32.056869],[-60.660239,-32.061387],[-60.657797,-32.065366],[-60.657092,-32.071097],[-60.658035,-32.075983],[-60.659722,-32.081281],[-60.663064,-32.089145],[-60.667412,-32.097428],[-60.671404,-32.10412],[-60.674904,-32.110225],[-60.679226,-32.115853],[-60.686432,-32.122513],[-60.693223,-32.128975],[-60.697362,-32.134776],[-60.700588,-32.140617],[-60.70351,-32.14793],[-60.704466,-32.155141],[-60.704923,-32.159495],[-60.704895,-32.169012],[-60.70508,-32.179742],[-60.702496,-32.185791],[-60.699424,-32.190185],[-60.695113,-32.196847],[-60.687843,-32.203247],[-60.681949,-32.209698],[-60.677837,-32.215354],[-60.6734,-32.223238],[-60.6722,-32.228383],[-60.672196,-32.239265],[-60.674563,-32.247136],[-60.676558,-32.258608],[-60.677282,-32.263061],[-60.677716,-32.26923],[-60.678098,-32.275635],[-60.678289,-32.280046],[-60.678102,-32.288965],[-60.676785,-32.298708],[-60.6759,-32.304724],[-60.675749,-32.309479],[-60.67628,-32.312888],[-60.677841,-32.317084],[-60.679901,-32.32087],[-60.683061,-32.323337],[-60.685888,-32.3246],[-60.690629,-32.325006],[-60.695006,-32.324819],[-60.70121,-32.323391],[-60.707489,-32.323233],[-60.710267,-32.324018],[-60.712088,-32.325514],[-60.713498,-32.327928],[-60.714307,-32.330312],[-60.715025,-32.3345],[-60.715208,-32.338654],[-60.715229,-32.34231],[-60.715395,-32.345668],[-60.715405,-32.349092],[-60.715232,-32.351922],[-60.715198,-32.355452],[-60.714992,-32.358138],[-60.714756,-32.362391],[-60.714678,-32.36476],[-60.714179,-32.371312],[-60.713639,-32.377398],[-60.713161,-32.383206],[-60.712774,-32.390202],[-60.713696,-32.398052],[-60.714594,-32.404007],[-60.715603,-32.408827],[-60.716119,-32.414418],[-60.716882,-32.41962],[-60.717645,-32.424822],[-60.718257,-32.428413],[-60.718877,-32.432559],[-60.719414,-32.436673],[-60.720698,-32.443629],[-60.721493,-32.447246],[-60.72342,-32.452253],[-60.726037,-32.458746],[-60.728863,-32.464595],[-60.731553,-32.468861],[-60.733275,-32.472125],[-60.737691,-32.476474],[-60.741903,-32.479318],[-60.747291,-32.482],[-60.752335,-32.485642],[-60.755638,-32.488455],[-60.76271,-32.492665],[-60.766401,-32.495739],[-60.769129,-32.499237],[-60.77047,-32.502308],[-60.771609,-32.506796],[-60.772191,-32.511604],[-60.771708,-32.514511],[-60.769443,-32.521011],[-60.766408,-32.525349],[-60.763381,-32.528471],[-60.76093,-32.53145],[-60.75654,-32.536577],[-60.753587,-32.540251],[-60.751809,-32.543765],[-60.7501,-32.54756],[-60.749102,-32.550141],[-60.746522,-32.559279],[-60.744988,-32.564596],[-60.744362,-32.571273],[-60.744143,-32.577193],[-60.744406,-32.583561],[-60.744842,-32.588028],[-60.746086,-32.594239],[-60.747805,-32.59945],[-60.75045,-32.604934],[-60.752633,-32.613686],[-60.753329,-32.616994],[-60.753422,-32.620559],[-60.752584,-32.623759],[-60.750428,-32.627677],[-60.747851,-32.632638],[-60.745169,-32.636752],[-60.741889,-32.641205],[-60.738274,-32.645602],[-60.735553,-32.648397],[-60.732758,-32.652029],[-60.730088,-32.655121],[-60.727171,-32.660149],[-60.724388,-32.665345],[-60.722666,-32.668882],[-60.720341,-32.674823],[-60.718725,-32.678856],[-60.717915,-32.680942],[-60.715772,-32.686493],[-60.715052,-32.690314],[-60.714914,-32.694179],[-60.716466,-32.699344],[-60.717715,-32.703602],[-60.718966,-32.707895],[-60.719069,-32.708238],[-60.72059,-32.712875],[-60.721864,-32.718905],[-60.72312,-32.727378],[-60.723595,-32.731808],[-60.723369,-32.736269],[-60.72296,-32.742487],[-60.72248,-32.74821],[-60.722176,-32.754572],[-60.721028,-32.759979],[-60.716933,-32.771956],[-60.716916,-32.771986]]]}},
{"type":"Feature","properties":{"IDHIDROVIA":200002009,"NOME":"Hidrovia do Tietê - Paraná","NAVEGACAO":"Navegação Interior","TIPO":"Rio","VEL_CIONAL":10.0,"EXTENSAO":4.5014420637,"TEMPO":"0d 0h 27min","CLA_ICACAO":"Navegável","NOME_RIO":"Rio Paraná","NOM_ECLUSA":null,"JURISDICAO":"AHRANA","REG_RAFICA":"Região Hidrográfica do Paraná","PRO_DE_MIN":2.5,"PRO_DE_MAX":4.0,"DOMINIO":"União","OBSERVACAO":"Confluência com o rio Iguaçu até a confluência dos rios Grande e Paranaíba.","SNV":"Sim","FONTE":"ANA/Antaq","IDM_ORIGEM":"BR410830","MUN_ORIGEM":"Foz do Iguaçu","EST_ORIGEM":"PR","IDM_ESTINO":"BR410830","MUN_ESTINO":"Foz do Iguaçu","EST_ESTINO":"PR","IDANTAQ":3,"CAMADA_SIM":"5","FLUXO":169725.0},"geometry":{"type":"MultiLineString","coordinates":[[[-54.594845,-25.552787],[-54.594942,-25.555757],[-54.594969,-25.559349],[-54.595106,-25.562727],[-54.595136,-25.566757],[-54.594901,-25.57015],[-54.593801,-25.577413],[-54.593714,-25.580704],[-54.593618,-25.582787],[-54.593528,-25.585641],[-54.59343,-25.58759],[-54.592963,-25.589634],[-54.592644,-25.591396],[-54.591033,-25.592547]]]}},
{"type":"Feature","properties":{"IDHIDROVIA":200002010,"NOME":"Hidrovia do Tietê - Paraná","NAVEGACAO":"Navegação Interior","TIPO":"Rio","VEL_CIONAL":10.0,"EXTENSAO":16.682688262,"TEMPO":"0d 1h 40min","CLA_ICACAO":"Navegável","NOME_RIO":"Rio Paraná","NOM_ECLUSA":null,"JURISDICAO":"AHRANA","REG_RAFICA":"Região Hidrográfica do Paraná","PRO_DE_MIN":12.0,"PRO_DE_MAX":22.0,"DOMINIO":"União","OBSERVACAO":"Confluência com o rio Iguaçu até a confluência dos rios Grande e Paranaíba.","SNV":"Sim","FONTE":"ANA/Antaq","IDM_ORIGEM":"BR410830","MUN_ORIGEM":"Foz do Iguaçu","EST_ORIGEM":"PR","IDM_ESTINO":"BR410830","MUN_ESTINO":"Foz do Iguaçu","EST_ESTINO":"PR","IDANTAQ":3,"CAMADA_SIM":"6","FLUXO":169725.0},"geometry":{"type":"MultiLineString","coordinates":[[[-54.598454,-25.417566],[-54.597258,-25.420666],[-54.59728,-25.423607],[-54.598254,-25.426398],[-54.599786,-25.429472],[-54.601575,-25.435127],[-54.602471,-25.438062],[-54.60392,-25.440636],[-54.605768,-25.443493],[-54.609044,-25.446127],[-54.61128,-25.447691],[-54.613782,-25.449108],[-54.615747,-25.450027],[-54.61766,-25.451019],[-54.618598,-25.451651],[-54.619649,-25.45282],[-54.620151,-25.454661],[-54.619939,-25.458104],[-54.619414,-25.462124],[-54.618726,-25.465714],[-54.617714,-25.468374],[-54.616306,-25.471324],[-54.61418,-25.473721],[-54.610625,-25.476325],[-54.606676,-25.479434],[-54.604689,-25.481518],[-54.60325,-25.483072],[-54.602483,-25.484856],[-54.602055,-25.488357],[-54.602395,-25.491013],[-54.602814,-25.493951],[-54.60268,-25.497323],[-54.60207,-25.500698],[-54.601396,-25.506297],[-54.601025,-25.509814],[-54.601148,-25.515344],[-54.601404,-25.517781],[-54.601347,-25.520722],[-54.600894,-25.52388],[-54.600121,-25.526826],[-54.598622,-25.530467],[-54.595897,-25.53421],[-54.594987,-25.536902],[-54.594574,-25.541383],[-54.594776,-25.543598],[-54.594839,-25.547023],[-54.59467,-25.549273],[-54.594845,-25.552787]]]}},
{"type":"Feature","properties":{"IDHIDROVIA":200002012,"NOME":"Hidrovia do Tietê - Paraná","NAVEGACAO":"Navegação Interior","TIPO":"Rio","VEL_CIONAL":10.0,"EXTENSAO":27.301696156599998,"TEMPO":"0d 2h 43min","CLA_ICACAO":"Navegável","NOME_RIO":"Rio Paraná","NOM_ECLUSA":null,"JURISDICAO":"AHRANA","REG_RAFICA":"Região Hidrográfica do Paraná","PRO_DE_MIN":12.0,"PRO_DE_MAX":22.0,"DOMINIO":"União","OBSERVACAO":"Confluência com o rio Iguaçu até a confluência dos rios Grande e Paranaíba.","SNV":"Sim","FONTE":"ANA/Antaq","IDM_ORIGEM":"BR412350","MUN_ORIGEM":"Santa Helena","EST_ORIGEM":"PR","IDM_ESTINO":"BR411845","MUN_ESTINO":"Pato Bragado","EST_ESTINO":"PR","IDANTAQ":3,"CAMADA_SIM":"7","FLUXO":369952.7},"geometry":{"type":"MultiLineString","coordinates":[[[-54.309994,-24.650131],[-54.31143,-24.654424],[-54.31508,-24.662867],[-54.319915,-24.673454],[-54.32713,-24.690035],[-54.332415,-24.705939],[-54.342091,-24.726803],[-54.349226,-24.742828],[-54.35665,-24.757591],[-54.365614,-24.769896],[-54.376794,-24.787819],[-54.387634,-24.804495],[-54.394607,-24.819736],[-54.399857,-24.841127],[-54.399823,-24.844252],[-54.398787,-24.847161],[-54.396419,-24.852543],[-54.393562,-24.857401],[-54.389503,-24.863038],[-54.380773,-24.869661],[-54.37983,-24.872158],[-54.379923,-24.872311]]]}},
{"type":"Feature","properties":{"IDHIDROVIA":200002013,"NOME":"Hidrovia do Tietê - Paraná","NAVEGACAO":"Navegação Interior","TIPO":"Rio","VEL_CIONAL":10.0,"EXTENSAO":18.256982838399999,"TEMPO":"0d 1h 49min","CLA_ICACAO":"Navegável","NOME_RIO":"Rio Paraná","NOM_ECLUSA":null,"JURISDICAO":"AHRANA","REG_RAFICA":"Região Hidrográfica do Paraná","PRO_DE_MIN":12.0,"PRO_DE_MAX":22.0,"DOMINIO":"União","OBSERVACAO":"Confluência com o rio Iguaçu até a confluência dos rios Grande e Paranaíba.","SNV":"Sim","FONTE":"ANA/Antaq","IDM_ORIGEM":"BR411845","MUN_ORIGEM":"Pato Bragado","EST_ORIGEM":"PR","IDM_ESTINO":"BR411460","MUN_ESTINO":"Marechal Cândido Rondon","EST_ESTINO":"PR","IDANTAQ":3,"CAMADA_SIM":"8","FLUXO":369952.7},"geometry":{"type":"MultiLineString","coordinates":[[[-54.320129,-24.491219],[-54.320251,-24.491539],[-54.324339,-24.498047],[-54.328144,-24.504965],[-54.331556,-24.516674],[-54.329786,-24.530322],[-54.32538,-24.548933],[-54.319589,-24.56298],[-54.313526,-24.573117],[-54.309999,-24.588068],[-54.308476,-24.601579],[-54.309381,-24.614682],[-54.309789,-24.628615],[-54.308753,-24.639345],[-54.308705,-24.646281],[-54.309994,-24.650131]]]}},
{"type":"Feature","properties":{"IDHIDROVIA":200002014,"NOME":"Hidrovia do Tietê - Paraná","NAVEGACAO":"Navegação Interior","TIPO":"Rio","VEL_CIONAL":10.0,"EXTENSAO":52.116780585699999,"TEMPO":"0d 5h 12min","CLA_ICACAO":"Navegável","NOME_RIO":"Rio Paraná","NOM_ECLUSA":null,"JURISDICAO":"AHRANA","REG_RAFICA":"Região Hidrográfica do Paraná","PRO_DE_MIN":12.0,"PRO_DE_MAX":22.0,"DOMINIO":"União","OBSERVACAO":"Confluência com o rio Iguaçu até a confluência dos rios Grande e Paranaíba.","SNV":"Sim","FONTE":"ANA/Antaq","IDM_ORIGEM":"BR411460","MUN_ORIGEM":"Marechal Cândido Rondon","EST_ORIGEM":"PR","IDM_ESTINO":"BR410880","MUN_ESTINO":"Guaíra","EST_ESTINO":"PR","IDANTAQ":3,"CAMADA_SIM":"9","FLUXO":369952.7},"geometry":{"type":"MultiLineString","coordinates":[[[-54.295109,-24.074487],[-54.29938,-24.081324],[-54.305477,-24.089164],[-54.312521,-24.097369],[-54.322044,-24.10607],[-54.331587,-24.112993],[-54.335862,-24.118139],[-54.338665,-24.123079],[-54.343471,-24.13405],[-54.34473,-24.139781],[-54.345571,-24.151906],[-54.343154,-24.163674],[-54.336973,-24.176998],[-54.331704,-24.189594],[-54.327694,-24.205872],[-54.328269,-24.219134],[-54.327854,-24.232503],[-54.324513,-24.24314],[-54.317586,-24.255211],[-54.309985,-24.262782],[-54.300599,-24.269019],[-54.292574,-24.275958],[-54.286006,-24.283245],[-54.278961,-24.293113],[-54.274441,-24.30225],[-54.271373,-24.310586],[-54.268127,-24.322113],[-54.264783,-24.33399],[-54.260783,-24.345881],[-54.258674,-24.351821],[-54.257732,-24.358109],[-54.259423,-24.366247],[-54.26439,-24.373103],[-54.271546,-24.381354],[-54.274395,-24.387279],[-54.278336,-24.398322],[-54.2812,-24.40734],[-54.285884,-24.415295],[-54.294778,-24.425085],[-54.302723,-24.433178],[-54.308959,-24.442074],[-54.312492,-24.448255],[-54.314478,-24.456126],[-54.315772,-24.461874],[-54.315992,-24.466743],[-54.316128,-24.473825],[-54.315861,-24.478872],[-54.316617,-24.481986],[-54.320129,-24.491219]]]}},
{"type":"Feature","properties":{"IDHIDROVIA":200002015,"NOME":"Hidrovia do Tietê - Paraná","NAVEGACAO":"Navegação Interior","TIPO":"Rio","VEL_CIONAL":10.0,"EXTENSAO":5.4533826654000004,"TEMPO":"0d 0h 32min","CLA_ICACAO":"Navegável","NOME_RIO":"Rio Paraná","NOM_ECLUSA":null,"JURISDICAO":"AHRANA","REG_RAFICA":"Região Hidrográfica do Paraná","PRO_DE_MIN":12.0,"PRO_DE_MAX":22.0,"DOMINIO":"União","OBSERVACAO":"Confluência com o rio Iguaçu até a confluência dos rios Grande e Paranaíba.","SNV":"Sim","FONTE":"ANA/Antaq","IDM_ORIGEM":"BR410880","MUN_ORIGEM":"Guaíra","EST_ORIGEM":"PR","IDM_ESTINO":"BR410880","MUN_ESTINO":"Guaíra","EST_ESTINO":"PR","IDANTAQ":3,"CAMADA_SIM":"10","FLUXO":369952.7},"geometry":{"type":"MultiLineString","coordinates":[[[-54.247851,-24.065456],[-54.250836,-24.068391],[-54.256467,-24.069785],[-54.265674,-24.068686],[-54.274194,-24.066261],[-54.287575,-24.066629],[-54.291463,-24.068649],[-54.295109,-24.074487]]]}},
{"type":"Feature","properties":{"IDHIDROVIA":200002019,"NOME":"Hidrovia do Tietê - Paraná","NAVEGACAO":"Navegação Interior","TIPO":"Rio","VEL_CIONAL":10.0,"EXTENSAO":118.384163429,"TEMPO":"0d 11h 50min","CLA_ICACAO":"Navegável","NOME_RIO":"Rio Paraná","NOM_ECLUSA":null,"JURISDICAO":"AHRANA","REG_RAFICA":"Região Hidrográfica do Paraná","PRO_DE_MIN":2.5,"PRO_DE_MAX":4.0,"DOMINIO":"União","OBSERVACAO":"Confluência com o rio Iguaçu até a confluência dos rios Grande e Paranaíba.","SNV":"Sim","FONTE":"ANA/Antaq","IDM_ORIGEM":"BR354425","MUN_ORIGEM":"Rosana","EST_ORIGEM":"SP","IDM_ESTINO":"BR354130","MUN_ESTINO":"Presidente Epitácio","EST_ESTINO":"SP","IDANTAQ":3,"CAMADA_SIM":"11","FLUXO":1414375.0},"geometry":{"type":"MultiLineString","coordinates":[[[-52.15843,-21.770443],[-52.162548,-21.776902],[-52.166643,-21.785558],[-52.169866,-21.793522],[-52.17208,-21.800237],[-52.175045,-21.811705],[-52.176527,-21.819505],[-52.178939,-21.827637],[-52.180676,-21.832576],[-52.18394,-21.839688],[-52.185919,-21.84336],[-52.189996,-21.848676],[-52.197376,-21.856515],[-52.205193,-21.862626],[-52.214582,-21.869507],[-52.224469,-21.877307],[-52.231141,-21.882765],[-52.236825,-21.888775],[-52.242773,-21.895382],[-52.246215,-21.899784],[-52.253133,-21.906664],[-52.25857,-21.911253],[-52.267285,-21.91581],[-52.272798,-21.918174],[-52.278439,-21.921202],[-52.286164,-21.926657],[-52.293594,-21.934012],[-52.302455,-21.946117],[-52.316784,-21.966755],[-52.322214,-21.980863],[-52.328075,-21.994186],[-52.331997,-22.002957],[-52.334733,-22.014929],[-52.33869,-22.029608],[-52.343111,-22.04146],[-52.346605,-22.05071],[-52.352539,-22.062637],[-52.357484,-22.072729],[-52.359847,-22.080399],[-52.36837,-22.094792],[-52.373798,-22.100934],[-52.377415,-22.104844],[-52.382239,-22.112104],[-52.38646,-22.11657],[-52.3937,-22.119419],[-52.397315,-22.123831],[-52.400332,-22.128299],[-52.404407,-22.134908],[-52.406362,-22.140585],[-52.411186,-22.146728],[-52.421436,-22.156223],[-52.428072,-22.161807],[-52.43591,-22.166832],[-52.441941,-22.172417],[-52.452193,-22.181351],[-52.464855,-22.191405],[-52.473903,-22.198106],[-52.479932,-22.203691],[-52.483551,-22.208159],[-52.488404,-22.212125],[-52.496534,-22.217054],[-52.50319,-22.222411],[-52.509845,-22.227766],[-52.520251,-22.23354],[-52.527686,-22.237513],[-52.54038,-22.241585],[-52.552315,-22.245989],[-52.561626,-22.249992],[-52.572424,-22.254719],[-52.582471,-22.259429],[-52.595112,-22.266239],[-52.603639,-22.2713],[-52.611722,-22.275408],[-52.625638,-22.280713],[-52.637239,-22.2886],[-52.644566,-22.293242],[-52.651652,-22.296155],[-52.67326,-22.30735],[-52.683768,-22.310823],[-52.690016,-22.313891],[-52.702529,-22.321239],[-52.718255,-22.330039],[-52.736087,-22.340434],[-52.750608,-22.347292],[-52.762566,-22.355959],[-52.772855,-22.362625],[-52.779827,-22.368457],[-52.787332,-22.374014],[-52.80009,-22.383041],[-52.806845,-22.389291],[-52.817349,-22.398318],[-52.838365,-22.415678],[-52.847772,-22.426848],[-52.853163,-22.436601],[-52.858756,-22.442066],[-52.86974,-22.447771],[-52.884155,-22.453478],[-52.906809,-22.459183],[-52.921066,-22.46544],[-52.932173,-22.471366],[-52.945876,-22.480405],[-52.949456,-22.483001]]]}},
{"type":"Feature","properties":{"IDHIDROVIA":200002020,"NOME":"Hidrovia do Tietê - Paraná","NAVEGACAO":"Navegação Interior","TIPO":"Rio","VEL_CIONAL":10.0,"EXTENSAO":57.202198453100003,"TEMPO":"0d 5h 43min","CLA_ICACAO":"Navegável","NOME_RIO":"Rio Paraná","NOM_ECLUSA":null,"JURISDICAO":"AHRANA","REG_RAFICA":"Região Hidrográfica do Paraná","PRO_DE_MIN":2.5,"PRO_DE_MAX":4.0,"DOMINIO":"União","OBSERVACAO":"Confluência com o rio Iguaçu até a confluência dos rios Grande e Paranaíba.","SNV":"Sim","FONTE":"ANA/Antaq","IDM_ORIGEM":"BR354130","MUN_ORIGEM":"Presidente Epitácio","EST_ORIGEM":"SP","IDM_ESTINO":"BR353540","MUN_ESTINO":"Panorama","EST_ESTINO":"SP","IDANTAQ":3,"CAMADA_SIM":"12","FLUXO":1414375.0},"geometry":{"type":"MultiLineString","coordinates":[[[-51.858527,-21.350052],[-51.859756,-21.351236],[-51.86603,-21.35464],[-51.876154,-21.35977],[-51.88155,-21.362822],[-51.888421,-21.367433],[-51.894063,-21.373074],[-51.90099,-21.379845],[-51.907956,-21.390168],[-51.911851,-21.397237],[-51.915853,-21.410311],[-51.918846,-21.430817],[-51.921187,-21.443576],[-51.926791,-21.456407],[-51.933879,-21.469271],[-51.941278,-21.481589],[-51.952706,-21.496139],[-51.963175,-21.506676],[-51.972501,-21.512142],[-51.987264,-21.515506],[-52.008983,-21.515918],[-52.019829,-21.519258],[-52.032069,-21.528362],[-52.044096,-21.546025],[-52.055382,-21.569752],[-52.06164,-21.592824],[-52.061644,-21.607384],[-52.057247,-21.61802],[-52.053148,-21.625957],[-52.045911,-21.638106],[-52.043741,-21.645081],[-52.043788,-21.654347],[-52.04544,-21.662468],[-52.049435,-21.673819],[-52.058366,-21.691453],[-52.064631,-21.70227],[-52.070173,-21.711924],[-52.076622,-21.721995],[-52.080703,-21.731153],[-52.086613,-21.739196],[-52.098258,-21.748915],[-52.106409,-21.752864],[-52.107084,-21.752868]]]}},
{"type":"Feature","properties":{"IDHIDROVIA":200002022,"NOME":"Hidrovia do Tietê - Paraná","NAVEGACAO":"Navegação Interior","TIPO":"Rio","VEL_CIONAL":10.0,"EXTENSAO":81.077021228500001,"TEMPO":"0d 8h 6min","CLA_ICACAO":"Navegável","NOME_RIO":"Rio Tietê","NOM_ECLUSA":null,"JURISDICAO":"DH-SEST-SP","REG_RAFICA":"Região Hidrográfica do Paraná","PRO_DE_MIN":3.0,"PRO_DE_MAX":5.7,"DOMINIO":"Estados ou Distrito Federal","OBSERVACAO":"Foz no rio Paraná _SP_ até Biritiba-Mirim _SP_, Represa Ponte Nova.","SNV":"Sim","FONTE":"LabTrans/ANA/Antaq","IDM_ORIGEM":"BR353740","MUN_ORIGEM":"Pereira Barreto","EST_ORIGEM":"SP","IDM_ESTINO":"BR350280","MUN_ESTINO":"Araçatuba","EST_ESTINO":"SP","IDANTAQ":3,"CAMADA_SIM":"13","FLUXO":1167470.0},"geometry":{"type":"MultiLineString","coordinates":[[[-50.488347,-21.04094],[-50.493764,-21.040595],[-50.503288,-21.039372],[-50.512261,-21.037956],[-50.519147,-21.034747],[-50.525918,-21.030392],[-50.528907,-21.025383],[-50.530717,-21.021055],[-50.53355,-21.015345],[-50.538526,-21.009451],[-50.545282,-21.002573],[-50.558555,-20.989531],[-50.565666,-20.982059],[-50.575446,-20.975419],[-50.586115,-20.971683],[-50.597035,-20.970298],[-50.607573,-20.969105],[-50.616456,-20.965166],[-50.624121,-20.958969],[-50.636245,-20.943524],[-50.650634,-20.924964],[-50.663387,-20.908721],[-50.676753,-20.894116],[-50.684234,-20.890299],[-50.693869,-20.888305],[-50.702497,-20.889918],[-50.711247,-20.891921],[-50.721434,-20.892442],[-50.735195,-20.891698],[-50.746209,-20.891529],[-50.754261,-20.891529],[-50.761738,-20.889918],[-50.770365,-20.886155],[-50.778994,-20.881321],[-50.787621,-20.877022],[-50.796822,-20.87165],[-50.804706,-20.867328],[-50.811468,-20.862873],[-50.818838,-20.857052],[-50.828458,-20.851234],[-50.835933,-20.849132],[-50.84341,-20.845324],[-50.852517,-20.839856],[-50.865229,-20.832697],[-50.873205,-20.82696],[-50.881795,-20.81778],[-50.890383,-20.810322],[-50.896519,-20.803437],[-50.902425,-20.795896],[-50.908791,-20.790815],[-50.917304,-20.787374],[-50.927811,-20.785078],[-50.938856,-20.785078],[-50.947606,-20.784469],[-50.960382,-20.782546],[-50.984258,-20.773601],[-51.001093,-20.767442],[-51.008116,-20.763793],[-51.01923,-20.755242],[-51.027662,-20.749256],[-51.036203,-20.741385],[-51.046228,-20.733441],[-51.062089,-20.721465],[-51.075187,-20.713046],[-51.082244,-20.709389],[-51.092272,-20.70633],[-51.102848,-20.703462],[-51.106886,-20.702031],[-51.109966,-20.699616],[-51.112527,-20.69545],[-51.115586,-20.690347],[-51.117451,-20.684946],[-51.117318,-20.679563]]]}},
{"type":"Feature","properties":{"IDHIDROVIA":200002023,"NOME":"Hidrovia do Tietê - Paraná","NAVEGACAO":"Navegação Interior","TIPO":"Rio","VEL_CIONAL":10.0,"EXTENSAO":8.4378364373100023,"TEMPO":"0d 0h 50min","CLA_ICACAO":"Navegável","NOME_RIO":"Rio Tietê","NOM_ECLUSA":null,"JURISDICAO":"DH-SEST-SP","REG_RAFICA":"Região Hidrográfica do Paraná","PRO_DE_MIN":3.0,"PRO_DE_MAX":5.7,"DOMINIO":"Estados ou Distrito Federal","OBSERVACAO":"Foz no rio Paraná _SP_ até Biritiba-Mirim _SP_, Represa Ponte Nova.","SNV":"Sim","FONTE":"LabTrans/ANA/Antaq","IDM_ORIGEM":"BR350340","MUN_ORIGEM":"Arealva","EST_ORIGEM":"SP","IDM_ESTINO":"BR350520","MUN_ESTINO":"Bariri","EST_ESTINO":"SP","IDANTAQ":3,"CAMADA_SIM":"14","FLUXO":1306671.0},"geometry":{"type":"MultiLineString","coordinates":[[[-48.849846,-22.075218],[-48.849706,-22.074425],[-48.850297,-22.072237],[-48.850371,-22.070269],[-48.849513,-22.065906],[-48.849097,-22.063371],[-48.849973,-22.055831],[-48.852035,-22.041552],[-48.853947,-22.033395],[-48.857008,-22.029141],[-48.861601,-22.025239],[-48.865044,-22.023113],[-48.869255,-22.022049],[-48.873757,-22.021594],[-48.87833,-22.021201],[-48.880474,-22.021127],[-48.881766,-22.020941],[-48.884013,-22.020559],[-48.885064,-22.020002]]]}},
{"type":"Feature","properties":{"IDHIDROVIA":200002024,"NOME":"Hidrovia do Tietê - Paraná","NAVEGACAO":"Navegação Interior","TIPO":"Rio","VEL_CIONAL":10.0,"EXTENSAO":29.784830536800001,"TEMPO":"0d 2h 58min","CLA_ICACAO":"Navegável","NOME_RIO":"Rio Tietê","NOM_ECLUSA":null,"JURISDICAO":"DH-SEST-SP","REG_RAFICA":"Região Hidrográfica do Paraná","PRO_DE_MIN":3.0,"PRO_DE_MAX":5.7,"DOMINIO":"Estados ou Distrito Federal","OBSERVACAO":"Foz no rio Paraná _SP_ até Biritiba-Mirim _SP_, Represa Ponte Nova.","SNV":"Sim","FONTE":"LabTrans/ANA/Antaq","IDM_ORIGEM":"BR350730","MUN_ORIGEM":"Boracéia","EST_ORIGEM":"SP","IDM_ESTINO":"BR353670","MUN_ESTINO":"Pederneiras","EST_ESTINO":"SP","IDANTAQ":3,"CAMADA_SIM":"15","FLUXO":1306671.0},"geometry":{"type":"MultiLineString","coordinates":[[[-48.71742,-22.348947],[-48.718949,-22.346673],[-48.720958,-22.342483],[-48.72282,-22.336769],[-48.725983,-22.325905],[-48.731907,-22.317131],[-48.73386,-22.31329],[-48.734836,-22.307607],[-48.735252,-22.299781],[-48.736551,-22.295607],[-48.737852,-22.294087],[-48.739657,-22.293048],[-48.742543,-22.291934],[-48.745609,-22.289956],[-48.746667,-22.287762],[-48.747075,-22.285166],[-48.747299,-22.280942],[-48.747396,-22.279114],[-48.748365,-22.273553],[-48.749905,-22.269887],[-48.751131,-22.267079],[-48.753542,-22.262208],[-48.756103,-22.259585],[-48.760389,-22.257414],[-48.764498,-22.253492],[-48.768156,-22.24793],[-48.76977,-22.242679],[-48.769824,-22.242544],[-48.771333,-22.236227],[-48.771992,-22.231401],[-48.770651,-22.226235],[-48.769434,-22.223814],[-48.767821,-22.22125],[-48.765639,-22.219284],[-48.763022,-22.217919],[-48.760499,-22.217307],[-48.75734,-22.21822],[-48.753828,-22.220059],[-48.751107,-22.221481],[-48.749616,-22.222024],[-48.746064,-22.222915],[-48.742063,-22.222992],[-48.739016,-22.221683],[-48.736861,-22.219219],[-48.735783,-22.214189],[-48.735544,-22.208575],[-48.734508,-22.202405],[-48.733092,-22.199219],[-48.731185,-22.196454],[-48.729058,-22.194677],[-48.725933,-22.192058],[-48.721752,-22.189684],[-48.718078,-22.187165],[-48.716651,-22.185876],[-48.716092,-22.184464],[-48.715688,-22.182683],[-48.71561,-22.180748],[-48.716262,-22.177881],[-48.716849,-22.176228],[-48.719843,-22.173636],[-48.722338,-22.171903],[-48.725983,-22.170153],[-48.729871,-22.168443],[-48.736774,-22.165652],[-48.743913,-22.162747],[-48.746189,-22.161631],[-48.748232,-22.160442],[-48.750876,-22.158645],[-48.752309,-22.157345],[-48.753432,-22.15636],[-48.754229,-22.155528]]]}},
{"type":"Feature","properties":{"IDHIDROVIA":200002025,"NOME":"Hidrovia do Tietê - Paraná","NAVEGACAO":"Navegação Interior","TIPO":"Rio","VEL_CIONAL":10.0,"EXTENSAO":3.3539715334700002,"TEMPO":"0d 0h 20min","CLA_ICACAO":"Navegável","NOME_RIO":"Rio Tietê","NOM_ECLUSA":null,"JURISDICAO":"DH-SEST-SP","REG_RAFICA":"Região Hidrográfica do Paraná","PRO_DE_MIN":3.0,"PRO_DE_MAX":5.7,"DOMINIO":"Estados ou Distrito Federal","OBSERVACAO":"Foz no rio Paraná _SP_ até Biritiba-Mirim _SP_, Represa Ponte Nova.","SNV":"Sim","FONTE":"LabTrans/ANA/Antaq","IDM_ORIGEM":"BR353670","MUN_ORIGEM":"Pederneiras","EST_ORIGEM":"SP","IDM_ESTINO":"BR352530","MUN_ESTINO":"Jaú","EST_ESTINO":"SP","IDANTAQ":3,"CAMADA_SIM":"16","FLUXO":139201.0},"geometry":{"type":"MultiLineString","coordinates":[[[-48.6963,-22.371294],[-48.696493,-22.369843],[-48.697232,-22.368723],[-48.701657,-22.363729],[-48.706567,-22.358751],[-48.712849,-22.354718],[-48.716248,-22.350688],[-48.71742,-22.348947]]]}},
{"type":"Feature","properties":{"IDHIDROVIA":200002035,"NOME":"Hidrovia Paraguai - Paraná","NAVEGACAO":"Navegação Interior","TIPO":"Rio","VEL_CIONAL":7.0,"EXTENSAO":66.323171907399995,"TEMPO":"0d 9h 28min","CLA_ICACAO":"Navegável","NOME_RIO":"Rio Paraguai","NOM_ECLUSA":null,"JURISDICAO":"AHIPAR","REG_RAFICA":"Região Hidrográfica do Paraguai","PRO_DE_MIN":3.3,"PRO_DE_MAX":3.3,"DOMINIO":"União","OBSERVACAO":"Foz do rio Apa _MS_ até a foz do Ribeirão Vermelho _MT_.","SNV":"Sim","FONTE":"LabTrans/ANA/Antaq","IDM_ORIGEM":"BR500320","MUN_ORIGEM":"Corumbá","EST_ORIGEM":"MS","IDM_ESTINO":"BR500520","MUN_ESTINO":"Ladário","EST_ESTINO":"MS","IDANTAQ":4,"CAMADA_SIM":"17","FLUXO":2290326.0},"geometry":{"type":"MultiLineString","coordinates":[[[-57.585995,-19.004206],[-57.583652,-19.003848],[-57.581753,-19.003659],[-57.579089,-19.003572],[-57.577374,-19.003709],[-57.575246,-19.00428],[-57.573442,-19.004819],[-57.56855,-19.006849],[-57.565478,-19.008433],[-57.561423,-19.010991],[-57.557477,-19.013584],[-57.554569,-19.014929],[-57.551454,-19.015831],[-57.546731,-19.016301],[-57.544044,-19.015919],[-57.541055,-19.015074],[-57.537876,-19.013595],[-57.53522,-19.012176],[-57.532891,-19.011275],[-57.529473,-19.010228],[-57.527126,-19.01005],[-57.524435,-19.010093],[-57.521528,-19.010423],[-57.519689,-19.011528],[-57.518184,-19.013002],[-57.516826,-19.014379],[-57.515539,-19.015824],[-57.514546,-19.016885],[-57.512882,-19.018009],[-57.5114,-19.018801],[-57.509818,-19.019287],[-57.507013,-19.019686],[-57.502661,-19.020004],[-57.4991,-19.020114],[-57.494346,-19.020324],[-57.489565,-19.020464],[-57.485556,-19.020938],[-57.482928,-19.021426],[-57.48059,-19.021931],[-57.478369,-19.022715],[-57.475351,-19.024245],[-57.471493,-19.026246],[-57.469894,-19.027016],[-57.468682,-19.027375],[-57.467021,-19.027698],[-57.465671,-19.027518],[-57.464415,-19.027172],[-57.462591,-19.026061],[-57.460667,-19.024953],[-57.458588,-19.023576],[-57.456311,-19.022288],[-57.454041,-19.021283],[-57.451973,-19.02039],[-57.447885,-19.018891],[-57.444762,-19.017671],[-57.441889,-19.016468],[-57.436771,-19.014824],[-57.432911,-19.013974],[-57.429145,-19.012933],[-57.425155,-19.012039],[-57.422932,-19.011857],[-57.420548,-19.012173],[-57.418606,-19.013162],[-57.41609,-19.015767],[-57.415147,-19.017792],[-57.413958,-19.019917],[-57.412934,-19.022628],[-57.412477,-19.02417],[-57.411646,-19.026664],[-57.410729,-19.030197],[-57.409617,-19.033334],[-57.40871,-19.03484],[-57.407798,-19.035811],[-57.40608,-19.036817],[-57.404425,-19.037375],[-57.402841,-19.037767],[-57.401519,-19.037727],[-57.400016,-19.037457],[-57.398254,-19.036792],[-57.396339,-19.036037],[-57.394239,-19.034838],[-57.39168,-19.033603],[-57.388163,-19.032249],[-57.384544,-19.031193],[-57.381382,-19.029873],[-57.378383,-19.028648],[-57.376185,-19.027522],[-57.373883,-19.026234],[-57.371748,-19.025578],[-57.369399,-19.02535],[-57.366736,-19.025484],[-57.362441,-19.026202],[-57.358929,-19.027204],[-57.356228,-19.027932],[-57.354634,-19.028912],[-57.353566,-19.029974],[-57.352868,-19.031875],[-57.351241,-19.035403],[-57.350142,-19.038138],[-57.348999,-19.040168],[-57.34736,-19.042803],[-57.345338,-19.045513],[-57.343899,-19.047667],[-57.34256,-19.049809],[-57.341573,-19.051151],[-57.340514,-19.052193],[-57.338871,-19.053221],[-57.336934,-19.054421],[-57.335307,-19.055142],[-57.332665,-19.055911],[-57.329749,-19.056874],[-57.327114,-19.058091],[-57.32499,-19.059813],[-57.323102,-19.061614],[-57.322806,-19.062658],[-57.322906,-19.063621],[-57.323567,-19.065066],[-57.325244,-19.066276],[-57.327609,-19.067139],[-57.330899,-19.068052],[-57.334225,-19.068445],[-57.337169,-19.06898],[-57.341407,-19.069941],[-57.344674,-19.071095],[-57.346717,-19.071989],[-57.348546,-19.073289],[-57.349783,-19.074815],[-57.350397,-19.076379],[-57.350388,-19.077911],[-57.350316,-19.078949],[-57.349977,-19.0803],[-57.349188,-19.081567],[-57.347755,-19.083015],[-57.345692,-19.084198],[-57.342928,-19.085276],[-57.340183,-19.086118],[-57.338348,-19.08737],[-57.336611,-19.088681],[-57.334832,-19.090744],[-57.3336,-19.092678],[-57.332621,-19.094952],[-57.332163,-19.096118],[-57.331841,-19.09818],[-57.331657,-19.099885],[-57.331685,-19.101297],[-57.331788,-19.103067],[-57.331895,-19.105688],[-57.332109,-19.107663],[-57.33219,-19.109289],[-57.332244,-19.110621],[-57.332528,-19.114906],[-57.332708,-19.115963],[-57.333055,-19.117215],[-57.333175,-19.118148],[-57.333001,-19.119159],[-57.332704,-19.119814],[-57.331873,-19.120785],[-57.330354,-19.121693],[-57.328032,-19.12208],[-57.326331,-19.121841],[-57.323658,-19.121157],[-57.321404,-19.120166],[-57.318405,-19.118608],[-57.315899,-19.116572],[-57.314041,-19.114055],[-57.313158,-19.110956],[-57.312001,-19.108176],[-57.31061,-19.10549],[-57.308608,-19.102863],[-57.306575,-19.10086],[-57.303997,-19.099672],[-57.301709,-19.098789],[-57.29876,-19.098368],[-57.296319,-19.098782],[-57.29436,-19.099629],[-57.292798,-19.101225],[-57.291891,-19.102628],[-57.291346,-19.105225],[-57.291237,-19.108303],[-57.29198,-19.111449],[-57.293429,-19.11458],[-57.295275,-19.118458],[-57.296406,-19.122047],[-57.296669,-19.124933],[-57.296585,-19.127123],[-57.295716,-19.129951],[-57.294417,-19.13261],[-57.291897,-19.137304],[-57.288173,-19.143064],[-57.285582,-19.146823],[-57.282336,-19.15082],[-57.278533,-19.154607],[-57.27559,-19.157527],[-57.271312,-19.161771],[-57.267639,-19.165734],[-57.264141,-19.169592],[-57.261595,-19.173305],[-57.259273,-19.176568],[-57.257333,-19.180044],[-57.256119,-19.182345],[-57.255211,-19.185559],[-57.254333,-19.18812],[-57.253315,-19.190728],[-57.252157,-19.193429],[-57.250394,-19.196456],[-57.247717,-19.201004],[-57.246324,-19.20371],[-57.245522,-19.205555],[-57.244778,-19.207845],[-57.244735,-19.209852],[-57.244807,-19.212658],[-57.245687,-19.217472],[-57.246005,-19.220673],[-57.245779,-19.222862],[-57.245416,-19.225277],[-57.24396,-19.227405],[-57.242731,-19.229171],[-57.240885,-19.230818],[-57.238654,-19.232207],[-57.235927,-19.233837],[-57.233938,-19.235443],[-57.232226,-19.236774],[-57.23019,-19.238381],[-57.229409,-19.239246],[-57.228382,-19.2415],[-57.227829,-19.24363]]]}},
{"type":"Feature","properties":{"IDHIDROVIA":200002036,"NOME":"Hidrovia Paraguai - Paraná","NAVEGACAO":"Navegação Interior","TIPO":"Rio","VEL_CIONAL":7.0,"EXTENSAO":386.008315788,"TEMPO":"2d 7h 8min","CLA_ICACAO":"Navegável","NOME_RIO":"Rio Paraguai","NOM_ECLUSA":null,"JURISDICAO":"AHIPAR","REG_RAFICA":"Região Hidrográfica do Paraguai","PRO_DE_MIN":3.3,"PRO_DE_MAX":3.3,"DOMINIO":"União","OBSERVACAO":"Foz do rio Apa _MS_ até a foz do Ribeirão Vermelho _MT_.","SNV":"Sim","FONTE":"LabTrans/ANA/Antaq","IDM_ORIGEM":"BR500690","MUN_ORIGEM":"Porto Murtinho","EST_ORIGEM":"MS","IDM_ESTINO":"BR500320","MUN_ESTINO":"Corumbá","EST_ESTINO":"MS","IDANTAQ":4,"CAMADA_SIM":"18","FLUXO":5525044.0},"geometry":{"type":"MultiLineString","coordinates":[[[-57.458353,-19.609293],[-57.46111,-19.610668],[-57.463741,-19.612018],[-57.468345,-19.614661],[-57.472132,-19.616486],[-57.478302,-19.619881],[-57.48184,-19.62188],[-57.486257,-19.625008],[-57.490263,-19.628312],[-57.49411,-19.632314],[-57.496172,-19.636765],[-57.496693,-19.639099],[-57.49677,-19.6419],[-57.496306,-19.64445],[-57.495744,-19.647146],[-57.49499,-19.64932],[-57.493796,-19.654041],[-57.492532,-19.660802],[-57.491772,-19.666507],[-57.492165,-19.670645],[-57.492977,-19.674289],[-57.494392,-19.677656],[-57.495,-19.679447],[-57.495798,-19.681646],[-57.496344,-19.683941],[-57.497388,-19.686072],[-57.498998,-19.687303],[-57.501071,-19.687755],[-57.503869,-19.687759],[-57.508015,-19.686796],[-57.512099,-19.685451],[-57.516096,-19.683335],[-57.518809,-19.682095],[-57.522136,-19.68005],[-57.527799,-19.677181],[-57.531674,-19.675673],[-57.536056,-19.674879],[-57.538506,-19.675178],[-57.541982,-19.676697],[-57.54341,-19.678674],[-57.544297,-19.680377],[-57.545592,-19.683849],[-57.546165,-19.686182],[-57.546924,-19.689684],[-57.547983,-19.695799],[-57.54933,-19.70125],[-57.550152,-19.706125],[-57.550641,-19.710903],[-57.551848,-19.715499],[-57.554054,-19.718918],[-57.556632,-19.721058],[-57.561285,-19.72365],[-57.565757,-19.725429],[-57.570799,-19.727388],[-57.576709,-19.729246],[-57.582782,-19.729597],[-57.586084,-19.729749],[-57.589428,-19.730133],[-57.59521,-19.731525],[-57.59924,-19.732359],[-57.602222,-19.733253],[-57.60575,-19.735134],[-57.608015,-19.737514],[-57.610463,-19.74009],[-57.614249,-19.7423],[-57.62096,-19.742879],[-57.626889,-19.741896],[-57.635809,-19.740071],[-57.640931,-19.739376],[-57.648311,-19.73883],[-57.654219,-19.740818],[-57.658735,-19.743873],[-57.660135,-19.746975],[-57.659862,-19.749853],[-57.658492,-19.751556],[-57.656529,-19.752373],[-57.653893,-19.751973],[-57.651222,-19.751606],[-57.647937,-19.751287],[-57.644519,-19.752074],[-57.642424,-19.753228],[-57.640432,-19.755671],[-57.639488,-19.758665],[-57.638805,-19.760852],[-57.638403,-19.764166],[-57.639327,-19.77016],[-57.640372,-19.77574],[-57.641335,-19.780944],[-57.642225,-19.786094],[-57.64374,-19.791964],[-57.647046,-19.79977],[-57.651153,-19.805708],[-57.658908,-19.814067],[-57.663685,-19.81862],[-57.66895,-19.822465],[-57.672287,-19.823949],[-57.679728,-19.827366],[-57.688109,-19.830125],[-57.700021,-19.834738],[-57.708857,-19.837251],[-57.725495,-19.843236],[-57.732007,-19.846341],[-57.73636,-19.848366],[-57.743451,-19.853401],[-57.748921,-19.859028],[-57.752687,-19.862309],[-57.759341,-19.86661],[-57.763556,-19.869859],[-57.766514,-19.871518],[-57.770389,-19.872987],[-57.77273,-19.874162],[-57.774879,-19.876042],[-57.777093,-19.878955],[-57.778672,-19.883512],[-57.779064,-19.887207],[-57.779102,-19.889709],[-57.779737,-19.892029],[-57.779799,-19.892928],[-57.77943,-19.89489],[-57.778736,-19.896644],[-57.777737,-19.897654],[-57.775617,-19.899211],[-57.772649,-19.900906],[-57.770631,-19.902293],[-57.7688,-19.904008],[-57.767359,-19.905714],[-57.765845,-19.90859],[-57.765505,-19.910335],[-57.765398,-19.912517],[-57.765775,-19.914476],[-57.766543,-19.916459],[-57.767407,-19.918106],[-57.768763,-19.919573],[-57.77195,-19.920525],[-57.77535,-19.920237],[-57.778076,-19.92],[-57.781909,-19.919968],[-57.784273,-19.920708],[-57.786697,-19.922247],[-57.788627,-19.923899],[-57.790311,-19.925854],[-57.791428,-19.927627],[-57.792532,-19.928967],[-57.794017,-19.929915],[-57.795277,-19.930512],[-57.797239,-19.930725],[-57.798926,-19.930843],[-57.801311,-19.931126],[-57.803116,-19.931546],[-57.805073,-19.931963],[-57.805913,-19.932124],[-57.808384,-19.932771],[-57.81105,-19.933665],[-57.814073,-19.935079],[-57.81683,-19.936998],[-57.822789,-19.940779],[-57.827798,-19.94401],[-57.833761,-19.94791],[-57.839384,-19.951612],[-57.848533,-19.957256],[-57.851859,-19.959889],[-57.854911,-19.963376],[-57.857179,-19.967059],[-57.859299,-19.97134],[-57.86135,-19.976033],[-57.864136,-19.982718],[-57.865431,-19.985866],[-57.866863,-19.989036],[-57.868403,-19.991228],[-57.873865,-19.998947],[-57.876375,-20.002525],[-57.879641,-20.008233],[-57.880795,-20.009981],[-57.882986,-20.012813],[-57.884387,-20.014503],[-57.885674,-20.01596],[-57.886987,-20.017441],[-57.890357,-20.020628],[-57.891921,-20.02221],[-57.893925,-20.024937],[-57.895425,-20.027208],[-57.897744,-20.031828],[-57.899438,-20.035579],[-57.900589,-20.038817],[-57.901641,-20.0411],[-57.902838,-20.042355],[-57.90457,-20.042673],[-57.906892,-20.042776],[-57.908582,-20.041708],[-57.909804,-20.040289],[-57.911127,-20.038703],[-57.913013,-20.037167],[-57.915726,-20.034748],[-57.918761,-20.031664],[-57.921759,-20.028547],[-57.924237,-20.026831],[-57.92716,-20.024739],[-57.931141,-20.022719],[-57.934013,-20.021458],[-57.936564,-20.019839],[-57.938435,-20.018963],[-57.942007,-20.018538],[-57.944816,-20.018496],[-57.948224,-20.019061],[-57.952262,-20.020141],[-57.956602,-20.021906],[-57.961203,-20.025315],[-57.964425,-20.028399],[-57.966777,-20.032174],[-57.968231,-20.036064],[-57.969424,-20.04062],[-57.970405,-20.043994],[-57.972238,-20.048026],[-57.973877,-20.051052],[-57.975195,-20.052799],[-57.977963,-20.054838],[-57.981367,-20.056958],[-57.9847,-20.057892],[-57.988933,-20.058537],[-57.992458,-20.057748],[-57.995033,-20.056887],[-57.999657,-20.056399],[-58.003562,-20.056721],[-58.007464,-20.057229],[-58.014089,-20.058251],[-58.019057,-20.058678],[-58.022506,-20.058848],[-58.025579,-20.059359],[-58.028931,-20.060918],[-58.032258,-20.062809],[-58.03419,-20.065034],[-58.036448,-20.068704],[-58.037355,-20.072247],[-58.038163,-20.075658],[-58.03868,-20.079869],[-58.039288,-20.083616],[-58.040817,-20.089827],[-58.042178,-20.095204],[-58.043732,-20.099988],[-58.044541,-20.102405],[-58.046256,-20.104438],[-58.048588,-20.105959],[-58.051595,-20.107692],[-58.05504,-20.108833],[-58.05914,-20.108391],[-58.062949,-20.107627],[-58.069743,-20.105521],[-58.073603,-20.105283],[-58.077781,-20.105722],[-58.080687,-20.10657],[-58.08334,-20.108246],[-58.085717,-20.110063],[-58.090895,-20.114207],[-58.094288,-20.117259],[-58.097068,-20.119124],[-58.09905,-20.120593],[-58.100488,-20.121364],[-58.102698,-20.123417],[-58.104981,-20.126116],[-58.108068,-20.131068],[-58.110634,-20.136899],[-58.112513,-20.140902],[-58.114416,-20.143995],[-58.117123,-20.146152],[-58.11993,-20.14804],[-58.12387,-20.149307],[-58.128309,-20.15061],[-58.131875,-20.151879],[-58.134561,-20.152394],[-58.13802,-20.152519],[-58.141125,-20.152188],[-58.144122,-20.15176],[-58.148512,-20.151841],[-58.152153,-20.152747],[-58.155294,-20.154404],[-58.158626,-20.156628],[-58.160445,-20.15788],[-58.164265,-20.160279],[-58.166969,-20.163005],[-58.168828,-20.16632],[-58.169107,-20.168523],[-58.169325,-20.171245],[-58.168393,-20.174073],[-58.166653,-20.176779],[-58.163152,-20.179482],[-58.159753,-20.181272],[-58.156517,-20.181608],[-58.15324,-20.181454],[-58.150186,-20.180924],[-58.146607,-20.180336],[-58.142939,-20.180241],[-58.139021,-20.180522],[-58.13454,-20.181212],[-58.131176,-20.182485],[-58.12782,-20.184839],[-58.124862,-20.18789],[-58.123203,-20.190909],[-58.122381,-20.194765],[-58.12254,-20.197316],[-58.122922,-20.199468],[-58.123965,-20.201848],[-58.125838,-20.203657],[-58.128621,-20.205545],[-58.13156,-20.207405],[-58.135822,-20.208884],[-58.141674,-20.210122],[-58.145664,-20.2112],[-58.151952,-20.213802],[-58.156184,-20.216927],[-58.159177,-20.221291],[-58.1608,-20.223752],[-58.163637,-20.22731],[-58.165167,-20.230125],[-58.165796,-20.232638],[-58.165939,-20.235485],[-58.165557,-20.239968],[-58.16471,-20.245447],[-58.16399,-20.249178],[-58.162887,-20.255701],[-58.160658,-20.262251],[-58.158056,-20.266108],[-58.154818,-20.268901],[-58.150885,-20.270436],[-58.147376,-20.27132],[-58.143077,-20.271823],[-58.140879,-20.271073],[-58.138612,-20.269809],[-58.136698,-20.267258],[-58.136002,-20.264304],[-58.134829,-20.261265],[-58.133755,-20.259624],[-58.131999,-20.257928],[-58.12993,-20.256265],[-58.126776,-20.255074],[-58.124069,-20.254805],[-58.121692,-20.255018],[-58.118637,-20.256159],[-58.116185,-20.257388],[-58.114784,-20.258631],[-58.113165,-20.259634],[-58.111109,-20.260059],[-58.109119,-20.26009],[-58.10717,-20.259726],[-58.1055,-20.259108],[-58.103732,-20.25869],[-58.100971,-20.258692],[-58.098572,-20.259053],[-58.095892,-20.259619],[-58.093274,-20.260526],[-58.091912,-20.26135],[-58.091005,-20.26248],[-58.090173,-20.264371],[-58.089938,-20.266073],[-58.089793,-20.269812],[-58.08997,-20.277155],[-58.090454,-20.282572],[-58.09176,-20.289986],[-58.092462,-20.294021],[-58.093742,-20.298927],[-58.095937,-20.305452],[-58.098876,-20.310592],[-58.10173,-20.314715],[-58.102787,-20.317512],[-58.102997,-20.320013],[-58.102824,-20.323708],[-58.10217,-20.326257],[-58.100516,-20.329497],[-58.099197,-20.332581],[-58.097474,-20.336125],[-58.096554,-20.339396],[-58.095426,-20.345226],[-58.09478,-20.349716],[-58.093507,-20.353405],[-58.091808,-20.356917],[-58.089455,-20.361282],[-58.087954,-20.364444],[-58.084735,-20.37022],[-58.082284,-20.374833],[-58.078715,-20.381768],[-58.077024,-20.384393],[-58.074366,-20.387415],[-58.071476,-20.388919],[-58.068192,-20.390361],[-58.063763,-20.392104],[-58.057836,-20.39374],[-58.053179,-20.395096],[-58.047279,-20.397242],[-58.041194,-20.398858],[-58.03485,-20.399743],[-58.029966,-20.399924],[-58.026751,-20.400233],[-58.023523,-20.400984],[-58.022135,-20.401882],[-58.021231,-20.403184],[-58.020083,-20.406019],[-58.01803,-20.410006],[-58.016107,-20.412295],[-58.012259,-20.417391],[-58.005742,-20.425011],[-58.003755,-20.427768],[-58.001731,-20.430679],[-58.000613,-20.432724],[-57.998393,-20.438116],[-57.997299,-20.441807],[-57.996904,-20.445984],[-57.996947,-20.448243],[-57.997214,-20.450964],[-57.997843,-20.453492],[-57.999339,-20.456965],[-58.003053,-20.462612],[-58.00591,-20.466811],[-58.008968,-20.471805],[-58.011156,-20.475406],[-58.014221,-20.481245],[-58.015496,-20.485192],[-58.017072,-20.491343],[-58.017403,-20.496977],[-58.018057,-20.502001],[-58.019287,-20.507005],[-58.01995,-20.509813],[-58.020206,-20.512141],[-58.019672,-20.515251],[-58.019045,-20.519592],[-58.017697,-20.523924],[-58.016595,-20.52732],[-58.014471,-20.531604],[-58.01183,-20.537023],[-58.00941,-20.542814],[-58.007142,-20.547096],[-58.004358,-20.550464],[-58.000797,-20.554134],[-57.997797,-20.557785],[-57.996672,-20.559585],[-57.996056,-20.560904],[-57.99542,-20.563255],[-57.995028,-20.566758],[-57.995278,-20.568914],[-57.996059,-20.571252],[-57.996904,-20.573981],[-57.997364,-20.576138],[-57.998683,-20.578928],[-58.000866,-20.581646],[-58.0031,-20.58429],[-58.005849,-20.587971],[-58.008287,-20.592132],[-58.010058,-20.596585],[-58.01197,-20.601547],[-58.013239,-20.606342],[-58.01367,-20.609269],[-58.012998,-20.612162],[-58.012022,-20.615432],[-58.009902,-20.617332],[-58.007272,-20.619738],[-58.003691,-20.623464],[-57.999257,-20.628694],[-57.994478,-20.632337],[-57.989776,-20.634782],[-57.982846,-20.6374],[-57.977911,-20.639154],[-57.97521,-20.640161],[-57.972731,-20.641529],[-57.971215,-20.642627],[-57.970568,-20.643622],[-57.970368,-20.644807],[-57.970398,-20.645814],[-57.970832,-20.647129],[-57.971785,-20.649094],[-57.972457,-20.651311],[-57.973649,-20.654227],[-57.974778,-20.658509],[-57.975674,-20.662048],[-57.97681,-20.664843],[-57.977748,-20.667202],[-57.979982,-20.671546],[-57.982339,-20.675587],[-57.985498,-20.680489],[-57.987493,-20.684736],[-57.989199,-20.688769],[-57.989494,-20.690677],[-57.989694,-20.693744],[-57.989431,-20.696318],[-57.98872,-20.698844],[-57.987413,-20.700746],[-57.985606,-20.702638],[-57.983509,-20.704513],[-57.981074,-20.705635],[-57.978104,-20.706452],[-57.975157,-20.706285],[-57.971393,-20.705206],[-57.968583,-20.704524],[-57.963068,-20.704308],[-57.958831,-20.704931],[-57.956563,-20.704623],[-57.954093,-20.702895],[-57.952196,-20.700979],[-57.950483,-20.698224],[-57.949182,-20.696022],[-57.948027,-20.693497],[-57.946211,-20.68881],[-57.943093,-20.68216],[-57.939908,-20.676595],[-57.93699,-20.671316],[-57.934585,-20.668234],[-57.932144,-20.665455],[-57.928838,-20.663847],[-57.925951,-20.663923],[-57.922254,-20.664415],[-57.918547,-20.666012],[-57.916301,-20.66816],[-57.913755,-20.671716],[-57.909724,-20.678542],[-57.906667,-20.685183],[-57.90431,-20.688932],[-57.899904,-20.692839],[-57.89572,-20.696094],[-57.890642,-20.701585],[-57.884734,-20.706949],[-57.880217,-20.711073],[-57.877687,-20.714333],[-57.875787,-20.717553],[-57.872887,-20.721635],[-57.870299,-20.72561],[-57.868923,-20.729676],[-57.868233,-20.733847],[-57.867544,-20.73637],[-57.866022,-20.739923],[-57.865018,-20.741497],[-57.864641,-20.742981],[-57.864483,-20.743821],[-57.864581,-20.745367],[-57.864905,-20.746513],[-57.865594,-20.747601],[-57.866537,-20.748387],[-57.869577,-20.74964],[-57.873048,-20.750606],[-57.875525,-20.750836],[-57.879535,-20.750485],[-57.882691,-20.749714],[-57.887766,-20.748868],[-57.892657,-20.748101],[-57.903514,-20.746908],[-57.910327,-20.745181],[-57.916029,-20.744228],[-57.922299,-20.743775],[-57.926686,-20.743889],[-57.935143,-20.746555],[-57.940399,-20.751088],[-57.943553,-20.754988],[-57.945994,-20.75865],[-57.949408,-20.765006],[-57.950669,-20.768154],[-57.951358,-20.770662],[-57.952157,-20.773733],[-57.952104,-20.777027],[-57.952595,-20.779078],[-57.953766,-20.781282],[-57.955881,-20.784264],[-57.958615,-20.787883],[-57.960556,-20.790182],[-57.961648,-20.791815],[-57.961705,-20.793705],[-57.961301,-20.795522],[-57.959616,-20.797573],[-57.957388,-20.798922],[-57.952458,-20.800114],[-57.947565,-20.80053],[-57.944287,-20.800618],[-57.94001,-20.800129],[-57.935011,-20.799087],[-57.920967,-20.796822],[-57.915454,-20.796021],[-57.912081,-20.794993],[-57.907364,-20.793311],[-57.905058,-20.792082],[-57.90284,-20.790708],[-57.900602,-20.789706],[-57.898174,-20.789483],[-57.896379,-20.789674],[-57.894168,-20.790592],[-57.891149,-20.793165],[-57.888356,-20.795101],[-57.885028,-20.797596],[-57.879533,-20.802383],[-57.875066,-20.806133],[-57.872081,-20.808819],[-57.868144,-20.813536],[-57.864775,-20.816778],[-57.861571,-20.820673],[-57.859762,-20.823759],[-57.858051,-20.828074],[-57.85697,-20.831021],[-57.855521,-20.833839],[-57.854553,-20.836431],[-57.854118,-20.839308],[-57.85412,-20.841429],[-57.854725,-20.844251],[-57.855366,-20.846212],[-57.856479,-20.848562],[-57.857543,-20.850311],[-57.859222,-20.852102],[-57.861156,-20.853169],[-57.863966,-20.853784],[-57.867123,-20.853702],[-57.869383,-20.853385],[-57.872034,-20.853686],[-57.874462,-20.854883],[-57.877901,-20.857058],[-57.881826,-20.860079],[-57.885516,-20.862373],[-57.890219,-20.864614],[-57.896928,-20.867519],[-57.900968,-20.869118],[-57.904714,-20.871284],[-57.908426,-20.874339],[-57.911373,-20.877443],[-57.913443,-20.87994],[-57.917217,-20.88442],[-57.924144,-20.890285],[-57.926839,-20.893166],[-57.928497,-20.896256],[-57.928725,-20.898715],[-57.928036,-20.900281],[-57.926446,-20.902501],[-57.923998,-20.903712],[-57.922266,-20.904274],[-57.918779,-20.904624],[-57.914505,-20.904307],[-57.910093,-20.903506],[-57.906141,-20.902693],[-57.90273,-20.902095],[-57.899456,-20.90241],[-57.895948,-20.903076],[-57.891984,-20.904928],[-57.887897,-20.907702],[-57.884853,-20.910533],[-57.882984,-20.912675],[-57.880961,-20.915823],[-57.879851,-20.918719],[-57.879122,-20.921013],[-57.878151,-20.926484],[-57.877708,-20.930136],[-57.877248,-20.932215],[-57.876418,-20.93559],[-57.874701,-20.939733],[-57.87323,-20.941864],[-57.869839,-20.944898],[-57.864603,-20.948359],[-57.860586,-20.949524],[-57.857273,-20.949582],[-57.85309,-20.94929],[-57.850104,-20.948995],[-57.847331,-20.948281],[-57.844839,-20.946534],[-57.842194,-20.943438],[-57.839842,-20.941279],[-57.836732,-20.938869],[-57.83338,-20.935668],[-57.831363,-20.934446],[-57.829008,-20.933684],[-57.82641,-20.933628],[-57.824524,-20.933842],[-57.822917,-20.934541],[-57.821068,-20.936027],[-57.820272,-20.937363],[-57.819487,-20.93911],[-57.819034,-20.941671],[-57.819015,-20.945123],[-57.81904,-20.948945],[-57.823694,-20.95695],[-57.824373,-20.959161],[-57.824728,-20.96352],[-57.824553,-20.96741],[-57.822817,-20.970737],[-57.820935,-20.973617],[-57.818718,-20.976115],[-57.817598,-20.977499],[-57.817444,-20.978859],[-57.817939,-20.980292],[-57.818257,-20.981248],[-57.822065,-20.984246],[-57.825055,-20.987181],[-57.828074,-20.991049],[-57.831503,-20.994906],[-57.835521,-20.999802],[-57.838564,-21.003398],[-57.840634,-21.005724],[-57.842281,-21.009025],[-57.843511,-21.011093],[-57.848232,-21.020244],[-57.854714,-21.028727],[-57.85967,-21.034258],[-57.865013,-21.038288],[-57.867455,-21.040578],[-57.868439,-21.043667],[-57.869039,-21.046352],[-57.868049,-21.052885],[-57.867928,-21.058885],[-57.866487,-21.065221],[-57.864659,-21.068591],[-57.861152,-21.072835],[-57.857029,-21.078826],[-57.850429,-21.089399],[-57.846958,-21.094411],[-57.846192,-21.096092],[-57.846247,-21.097959],[-57.846744,-21.099676],[-57.847627,-21.101886],[-57.848813,-21.104348],[-57.851282,-21.107586],[-57.853646,-21.112231],[-57.855321,-21.116132],[-57.858071,-21.121251],[-57.861257,-21.126014],[-57.86293,-21.129847],[-57.864197,-21.134936],[-57.864425,-21.140149],[-57.863239,-21.145163],[-57.861394,-21.150471],[-57.860009,-21.156252],[-57.858391,-21.161693],[-57.854816,-21.171247],[-57.851994,-21.178656],[-57.849582,-21.184878],[-57.8486,-21.189264],[-57.848197,-21.195668],[-57.848894,-21.204093],[-57.850735,-21.213528],[-57.851681,-21.220389],[-57.853357,-21.226781],[-57.8544,-21.229384],[-57.856266,-21.232173],[-57.860801,-21.234824],[-57.864737,-21.237283],[-57.87043,-21.241358],[-57.875159,-21.245459],[-57.881971,-21.250782],[-57.890377,-21.256168],[-57.89679,-21.259461],[-57.903316,-21.263372],[-57.908268,-21.267464],[-57.912694,-21.271362],[-57.915828,-21.274256],[-57.919808,-21.278098],[-57.920586,-21.279254],[-57.921479,-21.281723],[-57.921031,-21.284179],[-57.918534,-21.287567],[-57.914583,-21.292031],[-57.90873,-21.297444],[-57.901776,-21.303302],[-57.893786,-21.306834],[-57.885079,-21.308939],[-57.8772,-21.31046],[-57.865488,-21.314571],[-57.856857,-21.315975],[-57.855318,-21.316707],[-57.853424,-21.318003],[-57.852732,-21.319752],[-57.853234,-21.328775],[-57.854018,-21.33263],[-57.855191,-21.337099],[-57.857538,-21.343544],[-57.859224,-21.347722],[-57.861887,-21.352245],[-57.86512,-21.355967],[-57.869974,-21.359232],[-57.873864,-21.362591],[-57.877937,-21.367052],[-57.88188,-21.372142],[-57.884761,-21.376496],[-57.888662,-21.382623],[-57.89416,-21.389953],[-57.897019,-21.393546],[-57.900137,-21.395887],[-57.903795,-21.398837],[-57.907525,-21.401716],[-57.909441,-21.406027],[-57.910006,-21.409958],[-57.909891,-21.413612],[-57.909489,-21.417499],[-57.909601,-21.420135],[-57.911064,-21.422678],[-57.913543,-21.426024],[-57.914913,-21.428754],[-57.916003,-21.432045],[-57.916527,-21.434613],[-57.91719,-21.438514],[-57.917189,-21.441741],[-57.917187,-21.443195],[-57.917254,-21.444699],[-57.917681,-21.445972],[-57.917942,-21.447451],[-57.918237,-21.448628],[-57.918556,-21.450608],[-57.918882,-21.452125],[-57.919611,-21.453391],[-57.920659,-21.454508],[-57.921677,-21.456493],[-57.922896,-21.458288],[-57.924378,-21.460177],[-57.925048,-21.461746],[-57.926246,-21.466353],[-57.928163,-21.471242],[-57.930807,-21.476574],[-57.933975,-21.482508],[-57.93596,-21.48603],[-57.940076,-21.492715],[-57.942425,-21.496127],[-57.945245,-21.499431],[-57.953792,-21.504944],[-57.959535,-21.508655],[-57.963432,-21.512329],[-57.965959,-21.516469],[-57.967412,-21.521669],[-57.968219,-21.526885],[-57.968594,-21.533058],[-57.968362,-21.537614],[-57.966983,-21.543832],[-57.965426,-21.547222],[-57.963834,-21.549561],[-57.961445,-21.551107],[-57.959775,-21.551522],[-57.958628,-21.551676],[-57.957197,-21.552165],[-57.954193,-21.554236],[-57.950753,-21.556675],[-57.948234,-21.558911],[-57.945757,-21.561503],[-57.941355,-21.565368],[-57.937616,-21.569538],[-57.93203,-21.574804],[-57.928108,-21.577166],[-57.923557,-21.579901],[-57.920648,-21.581999],[-57.917624,-21.585075],[-57.915888,-21.587914],[-57.9152,-21.591558],[-57.915053,-21.594088],[-57.915508,-21.595924],[-57.916702,-21.597349],[-57.918311,-21.598763],[-57.9213,-21.600349],[-57.924992,-21.602956],[-57.928007,-21.605391],[-57.929403,-21.607167],[-57.930584,-21.609216],[-57.931424,-21.611601],[-57.931903,-21.613669],[-57.931746,-21.615872],[-57.931077,-21.61803],[-57.929774,-21.620124],[-57.92885,-21.622318],[-57.928072,-21.624062],[-57.927798,-21.626595],[-57.927432,-21.62824],[-57.927339,-21.630412],[-57.92728,-21.632298],[-57.927556,-21.634014],[-57.927955,-21.635549],[-57.928514,-21.637109],[-57.929515,-21.63848],[-57.930762,-21.639547],[-57.932684,-21.640685],[-57.934695,-21.641643],[-57.935965,-21.642382],[-57.936574,-21.643466],[-57.936588,-21.645321],[-57.93591,-21.647182],[-57.934517,-21.649745],[-57.931192,-21.65562],[-57.928163,-21.660166],[-57.925092,-21.663249],[-57.920673,-21.666188],[-57.912698,-21.670068],[-57.905109,-21.673923],[-57.901737,-21.676806],[-57.896603,-21.683627],[-57.895118,-21.68741],[-57.894668,-21.690512],[-57.894633,-21.692504],[-57.893877,-21.694833]]]}},
{"type":"Feature","properties":{"IDHIDROVIA":200002038,"NOME":"Hidrovia do Tietê - Paraná","NAVEGACAO":"Navegação Interior","TIPO":"Rio","VEL_CIONAL":10.0,"EXTENSAO":1.1992641422899999,"TEMPO":"0d 0h 7min","CLA_ICACAO":"Navegável","NOME_RIO":"Rio Paraná","NOM_ECLUSA":null,"JURISDICAO":"DH-SEST-SP","REG_RAFICA":"Região Hidrográfica do Paraná","PRO_DE_MIN":2.5,"PRO_DE_MAX":4.0,"DOMINIO":"União","OBSERVACAO":"Confluência com o rio Iguaçu até a confluência dos rios Grande e Paranaíba.","SNV":"Sim","FONTE":"ANA/Antaq","IDM_ORIGEM":"BR500830","MUN_ORIGEM":"Três Lagoas","EST_ORIGEM":"MS","IDM_ESTINO":"BR500830","MUN_ESTINO":"Três Lagoas","EST_ESTINO":"MS","IDANTAQ":3,"CAMADA_SIM":"19","FLUXO":22630.0},"geometry":{"type":"MultiLineString","coordinates":[[[-51.631782,-20.800864],[-51.631753,-20.802133],[-51.632294,-20.803459],[-51.633289,-20.804705],[-51.634416,-20.805924],[-51.636394,-20.807736],[-51.638304,-20.809292]]]}},
{"type":"Feature","properties":{"IDHIDROVIA":200002039,"NOME":"Hidrovia do Tietê - Paraná","NAVEGACAO":"Navegação Interior","TIPO":"Eclusa","VEL_CIONAL":5.0,"EXTENSAO":2.39224167783,"TEMPO":"0d 0h 28min","CLA_ICACAO":"Navegável","NOME_RIO":"Rio Paraná","NOM_ECLUSA":"Eclusa de Jupiá","JURISDICAO":"DH-SEST-SP","REG_RAFICA":"Região Hidrográfica do Paraná","PRO_DE_MIN":2.5,"PRO_DE_MAX":4.0,"DOMINIO":"União","OBSERVACAO":"Confluência com o rio Iguaçu até a confluência dos rios Grande e Paranaíba.","SNV":"Sim","FONTE":"ANA/Antaq","IDM_ORIGEM":"BR500830","MUN_ORIGEM":"Três Lagoas","EST_ORIGEM":"MS","IDM_ESTINO":"BR500830","MUN_ESTINO":"Três Lagoas","EST_ESTINO":"MS","IDANTAQ":3,"CAMADA_SIM":"20","FLUXO":22630.0},"geometry":{"type":"MultiLineString","coordinates":[[[-51.634472,-20.78044],[-51.63321,-20.781795],[-51.632217,-20.78296],[-51.631136,-20.784469],[-51.630831,-20.785434],[-51.630687,-20.78749],[-51.630867,-20.789813],[-51.631352,-20.792875],[-51.631626,-20.795238],[-51.63183,-20.798665],[-51.631782,-20.800864]]]}},
{"type":"Feature","properties":{"IDHIDROVIA":200002040,"NOME":"Hidrovia do Tietê - Paraná","NAVEGACAO":"Navegação Interior","TIPO":"Eclusa","VEL_CIONAL":5.0,"EXTENSAO":6.2378264146899998,"TEMPO":"0d 1h 14min","CLA_ICACAO":"Navegável","NOME_RIO":"Rio Paraná","NOM_ECLUSA":"Eclusa Porto Primavera","JURISDICAO":"AHRANA","REG_RAFICA":"Região Hidrográfica do Paraná","PRO_DE_MIN":3.0,"PRO_DE_MAX":3.0,"DOMINIO":"União","OBSERVACAO":"Confluência com o rio Iguaçu até a confluência dos rios Grande e Paranaíba.","SNV":"Sim","FONTE":"ANA/Antaq","IDM_ORIGEM":"BR354425","MUN_ORIGEM":"Rosana","EST_ORIGEM":"SP","IDM_ESTINO":"BR354425","MUN_ESTINO":"Rosana","EST_ESTINO":"SP","IDANTAQ":3,"CAMADA_SIM":"21","FLUXO":1414375.0},"geometry":{"type":"MultiLineString","coordinates":[[[-52.949456,-22.483001],[-52.952208,-22.484998],[-52.957596,-22.488606],[-52.964631,-22.493639],[-52.96667,-22.495027],[-52.969003,-22.497386],[-52.976521,-22.501786],[-52.983309,-22.505575],[-52.991387,-22.511127],[-52.994414,-22.513327],[-52.996659,-22.514002],[-52.999184,-22.51447]]]}},
{"type":"Feature","properties":{"IDHIDROVIA":200002041,"NOME":"Hidrovia do Tietê - Paraná","NAVEGACAO":"Navegação Interior","TIPO":"Rio","VEL_CIONAL":10.0,"EXTENSAO":10.174469677599999,"TEMPO":"0d 1h 1min","CLA_ICACAO":"Navegável","NOME_RIO":"Rio Paraná","NOM_ECLUSA":null,"JURISDICAO":"AHRANA","REG_RAFICA":"Região Hidrográfica do Paraná","PRO_DE_MIN":3.0,"PRO_DE_MAX":3.0,"DOMINIO":"União","OBSERVACAO":"Confluência com o rio Iguaçu até a confluência dos rios Grande e Paranaíba.","SNV":"Sim","FONTE":"ANA/Antaq","IDM_ORIGEM":"BR354425","MUN_ORIGEM":"Rosana","EST_ORIGEM":"SP","IDM_ESTINO":"BR354425","MUN_ESTINO":"Rosana","EST_ESTINO":"SP","IDANTAQ":3,"CAMADA_SIM":"22","FLUXO":1414375.0},"geometry":{"type":"MultiLineString","coordinates":[[[-52.999184,-22.51447],[-53.003506,-22.51582],[-53.010915,-22.51743],[-53.022242,-22.520573],[-53.031628,-22.523864],[-53.041013,-22.529547],[-53.051248,-22.537417],[-53.055757,-22.544977],[-53.05673,-22.548261],[-53.057236,-22.552899],[-53.058048,-22.556929],[-53.060132,-22.559957],[-53.061626,-22.561374],[-53.063981,-22.56595],[-53.064996,-22.568425],[-53.065687,-22.571763]]]}},
{"type":"Feature","properties":{"IDHIDROVIA":200002042,"NOME":"Hidrovia do Tietê - Paraná","NAVEGACAO":"Navegação Interior","TIPO":"Rio","VEL_CIONAL":10.0,"EXTENSAO":3.7456451384,"TEMPO":"0d 0h 22min","CLA_ICACAO":"Não navegável","NOME_RIO":"Rio Paraná","NOM_ECLUSA":null,"JURISDICAO":"AHRANA","REG_RAFICA":"Região Hidrográfica do Paraná","PRO_DE_MIN":12.0,"PRO_DE_MAX":22.0,"DOMINIO":"União","OBSERVACAO":"Confluência com o rio Iguaçu até a confluência dos rios Grande e Paranaíba.","SNV":"Sim","FONTE":"ANA/Antaq","IDM_ORIGEM":"BR410830","MUN_ORIGEM":"Foz do Iguaçu","EST_ORIGEM":"PR","IDM_ESTINO":"BR410830","MUN_ESTINO":"Foz do Iguaçu","EST_ESTINO":"PR","IDANTAQ":3,"CAMADA_SIM":"23","FLUXO":169725.0},"geometry":{"type":"MultiLineString","coordinates":[[[-54.623772,-25.396401],[-54.623713,-25.39679],[-54.621955,-25.397569],[-54.619338,-25.397349],[-54.616856,-25.397482],[-54.61224,-25.399717],[-54.605674,-25.404743],[-54.599508,-25.414832],[-54.598454,-25.417566]]]}},
{"type":"Feature","properties":{"IDHIDROVIA":200002046,"NOME":"Hidrovia do Tietê - Paraná","NAVEGACAO":"Navegação Interior","TIPO":"Canal","VEL_CIONAL":10.0,"EXTENSAO":15.6006161689,"TEMPO":"0d 1h 33min","CLA_ICACAO":"Navegável","NOME_RIO":"Canal de Pereira Barreto","NOM_ECLUSA":null,"JURISDICAO":"DH-SEST-SP","REG_RAFICA":"Região Hidrográfica do Paraná","PRO_DE_MIN":8.0,"PRO_DE_MAX":12.0,"DOMINIO":"União","OBSERVACAO":"Confluência do rio São José dos Dourados _SP_ até a confluência do rio Tietê _SP_.","SNV":"Sim","FONTE":"LabTrans/Antaq","IDM_ORIGEM":"BR353740","MUN_ORIGEM":"Pereira Barreto","EST_ORIGEM":"SP","IDM_ESTINO":"BR353740","MUN_ESTINO":"Pereira Barreto","EST_ESTINO":"SP","IDANTAQ":3,"CAMADA_SIM":"24","FLUXO":1167470.0},"geometry":{"type":"MultiLineString","coordinates":[[[-51.065965,-20.554871],[-51.066432,-20.561541],[-51.068475,-20.566653],[-51.069581,-20.569232],[-51.070234,-20.570814],[-51.071202,-20.572222],[-51.072643,-20.573663],[-51.074213,-20.574917],[-51.075832,-20.576469],[-51.076808,-20.577412],[-51.077537,-20.578445],[-51.078288,-20.579749],[-51.079068,-20.581411],[-51.079395,-20.582921],[-51.080217,-20.586153],[-51.080713,-20.588071],[-51.080997,-20.590214],[-51.080997,-20.592983],[-51.080684,-20.5944],[-51.079779,-20.596898],[-51.078966,-20.598834],[-51.077909,-20.601788],[-51.077402,-20.603607],[-51.076915,-20.606613],[-51.076786,-20.609066],[-51.076614,-20.611206],[-51.076477,-20.614354],[-51.076451,-20.615543],[-51.076577,-20.618056],[-51.076834,-20.619638],[-51.077619,-20.622573],[-51.078249,-20.624125],[-51.078744,-20.625521],[-51.079526,-20.627298],[-51.080377,-20.62962],[-51.081066,-20.631597],[-51.082066,-20.633992],[-51.083011,-20.635938],[-51.084317,-20.637959],[-51.086149,-20.64046],[-51.089712,-20.644612],[-51.095737,-20.651867],[-51.101132,-20.65746],[-51.117318,-20.679563]]]}},
{"type":"Feature","properties":{"IDHIDROVIA":200002047,"NOME":"Hidrovia do Tietê - Paraná","NAVEGACAO":"Navegação Interior","TIPO":"Rio","VEL_CIONAL":10.0,"EXTENSAO":37.355824108199997,"TEMPO":"0d 3h 44min","CLA_ICACAO":"Navegável","NOME_RIO":"Rio São José dos Dourados","NOM_ECLUSA":null,"JURISDICAO":"DH-SEST-SP","REG_RAFICA":"Região Hidrográfica do Paraná","PRO_DE_MIN":2.2,"PRO_DE_MAX":4.0,"DOMINIO":"União","OBSERVACAO":"Foz no  Largo Caneú _SP_ até o PK 2","SNV":"Sim","FONTE":"LabTrans/Antaq","IDM_ORIGEM":"BR353740","MUN_ORIGEM":"Pereira Barreto","EST_ORIGEM":"SP","IDM_ESTINO":"BR352044","MUN_ESTINO":"Ilha Solteira","EST_ESTINO":"SP","IDANTAQ":3,"CAMADA_SIM":"25","FLUXO":1167470.0},"geometry":{"type":"MultiLineString","coordinates":[[[-51.324441,-20.362488],[-51.321718,-20.370983],[-51.311806,-20.378728],[-51.300659,-20.379471],[-51.294092,-20.380657],[-51.288326,-20.382974],[-51.281295,-20.389443],[-51.277809,-20.394157],[-51.272098,-20.402706],[-51.270101,-20.406243],[-51.267723,-20.411734],[-51.266416,-20.418273],[-51.264162,-20.422859],[-51.26172,-20.426204],[-51.258686,-20.432175],[-51.258145,-20.438068],[-51.258795,-20.43998],[-51.25998,-20.44248],[-51.259886,-20.445122],[-51.257922,-20.447672],[-51.25219,-20.451078],[-51.238581,-20.45553],[-51.2301,-20.457078],[-51.224666,-20.460484],[-51.219229,-20.465166],[-51.214577,-20.470692],[-51.210746,-20.476108],[-51.206244,-20.483544],[-51.201378,-20.489612],[-51.19452,-20.493782],[-51.184337,-20.497159],[-51.173403,-20.500991],[-51.165102,-20.505577],[-51.159699,-20.508051],[-51.155887,-20.510713],[-51.14716,-20.517964],[-51.141197,-20.521735],[-51.136058,-20.523771],[-51.131198,-20.525737],[-51.126618,-20.52723],[-51.121226,-20.527528],[-51.115206,-20.527375],[-51.111373,-20.528213],[-51.107098,-20.529546],[-51.102963,-20.532015],[-51.098758,-20.53667],[-51.094377,-20.540938],[-51.091398,-20.54316],[-51.088707,-20.544019],[-51.083389,-20.544721],[-51.077744,-20.545096],[-51.073164,-20.545834],[-51.068723,-20.548404],[-51.066678,-20.551503],[-51.065965,-20.554871]]]}},
{"type":"Feature","properties":{"IDHIDROVIA":200002048,"NOME":"Hidrovia do Tietê - Paraná","NAVEGACAO":"Navegação Interior","TIPO":"Rio","VEL_CIONAL":10.0,"EXTENSAO":40.690602860699997,"TEMPO":"0d 4h 4min","CLA_ICACAO":"Navegável","NOME_RIO":"Rio Paraná","NOM_ECLUSA":null,"JURISDICAO":"AHRANA","REG_RAFICA":"Região Hidrográfica do Paraná","PRO_DE_MIN":2.5,"PRO_DE_MAX":4.0,"DOMINIO":"União","OBSERVACAO":"Confluência com o rio Iguaçu até a confluência dos rios Grande e Paranaíba.","SNV":"Sim","FONTE":"ANA/Antaq","IDM_ORIGEM":"BR352044","MUN_ORIGEM":"Ilha Solteira","EST_ORIGEM":"SP","IDM_ESTINO":"BR500100","MUN_ESTINO":"Aparecida do Taboado","EST_ESTINO":"MS","IDANTAQ":3,"CAMADA_SIM":"26","FLUXO":1191020.0},"geometry":{"type":"MultiLineString","coordinates":[[[-51.035459,-20.168892],[-51.037445,-20.175106],[-51.048251,-20.196166],[-51.049042,-20.199889],[-51.051576,-20.211765],[-51.054901,-20.222686],[-51.063721,-20.240056],[-51.070693,-20.249982],[-51.08815,-20.264024],[-51.099787,-20.274161],[-51.119737,-20.288203],[-51.135529,-20.296],[-51.145506,-20.299902],[-51.157142,-20.3038],[-51.172933,-20.30848],[-51.20286,-20.311601],[-51.23777,-20.317061],[-51.238667,-20.317179],[-51.261046,-20.320181],[-51.304268,-20.331881],[-51.314729,-20.338053],[-51.32185,-20.346381],[-51.324441,-20.362488]]]}},
{"type":"Feature","properties":{"IDHIDROVIA":200002051,"NOME":"Hidrovia do Tietê - Paraná","NAVEGACAO":"Navegação Interior","TIPO":"Rio","VEL_CIONAL":10.0,"EXTENSAO":23.347718003000001,"TEMPO":"0d 2h 20min","CLA_ICACAO":"Navegável","NOME_RIO":"Rio Tietê","NOM_ECLUSA":null,"JURISDICAO":"DH-SEST-SP","REG_RAFICA":"Região Hidrográfica do Paraná","PRO_DE_MIN":3.0,"PRO_DE_MAX":5.7,"DOMINIO":"Estados ou Distrito Federal","OBSERVACAO":"Foz no rio Paraná _SP_ até Biritiba-Mirim _SP_, Represa Ponte Nova.","SNV":"Sim","FONTE":"LabTrans/ANA/Antaq","IDM_ORIGEM":"BR350520","MUN_ORIGEM":"Bariri","EST_ORIGEM":"SP","IDM_ESTINO":"BR350730","MUN_ESTINO":"Boracéia","EST_ESTINO":"SP","IDANTAQ":3,"CAMADA_SIM":"27","FLUXO":1306671.0},"geometry":{"type":"MultiLineString","coordinates":[[[-48.754768,-22.131433],[-48.754526,-22.128442],[-48.754809,-22.125339],[-48.754965,-22.123247],[-48.75565,-22.120591],[-48.756655,-22.117866],[-48.757875,-22.114382],[-48.758807,-22.110697],[-48.759154,-22.109401],[-48.759629,-22.107972],[-48.760327,-22.105862],[-48.761249,-22.104401],[-48.762135,-22.103215],[-48.763519,-22.101975],[-48.76595,-22.100772],[-48.768428,-22.100027],[-48.771646,-22.100017],[-48.773562,-22.100423],[-48.776327,-22.101911],[-48.778802,-22.104476],[-48.779917,-22.106353],[-48.7806,-22.108572],[-48.780709,-22.11032],[-48.781104,-22.112788],[-48.781496,-22.114415],[-48.781647,-22.115939],[-48.782031,-22.117792],[-48.782514,-22.119779],[-48.783295,-22.121258],[-48.784203,-22.122159],[-48.786891,-22.123926],[-48.790771,-22.125124],[-48.795688,-22.123496],[-48.800596,-22.119373],[-48.803756,-22.115036],[-48.806248,-22.109446],[-48.810213,-22.106503],[-48.815336,-22.106599],[-48.820645,-22.108739],[-48.824898,-22.114225],[-48.829827,-22.120828],[-48.833526,-22.125747],[-48.838744,-22.129649],[-48.84425,-22.130848],[-48.852107,-22.129165],[-48.857597,-22.125067],[-48.862441,-22.119311],[-48.863349,-22.116636],[-48.863438,-22.114227],[-48.863277,-22.108898],[-48.861876,-22.102044],[-48.858123,-22.093919],[-48.85503,-22.08429],[-48.853634,-22.080855],[-48.851812,-22.077251],[-48.850672,-22.075874],[-48.849846,-22.075218]]]}},
{"type":"Feature","properties":{"IDHIDROVIA":200002052,"NOME":"Hidrovia do Tietê - Paraná","NAVEGACAO":"Navegação Interior","TIPO":"Eclusa","VEL_CIONAL":5.0,"EXTENSAO":2.7253586630600002,"TEMPO":"0d 0h 32min","CLA_ICACAO":"Navegável","NOME_RIO":"Rio Tietê","NOM_ECLUSA":"Eclusa de Bariri","JURISDICAO":"DH-SEST-SP","REG_RAFICA":"Região Hidrográfica do Paraná","PRO_DE_MIN":4.0,"PRO_DE_MAX":4.0,"DOMINIO":"Estados ou Distrito Federal","OBSERVACAO":"Foz no rio Paraná _SP_ até Biritiba-Mirim _SP_, Represa Ponte Nova.","SNV":"Sim","FONTE":"LabTrans/ANA/Antaq","IDM_ORIGEM":"BR350730","MUN_ORIGEM":"Boracéia","EST_ORIGEM":"SP","IDM_ESTINO":"BR350730","MUN_ESTINO":"Boracéia","EST_ESTINO":"SP","IDANTAQ":3,"CAMADA_SIM":"28","FLUXO":1306671.0},"geometry":{"type":"MultiLineString","coordinates":[[[-48.754229,-22.155528],[-48.754794,-22.154696],[-48.755268,-22.153601],[-48.756153,-22.15124],[-48.756524,-22.14992],[-48.756558,-22.148537],[-48.756489,-22.146623],[-48.756254,-22.144819],[-48.755893,-22.141692],[-48.755646,-22.138552],[-48.755061,-22.133552],[-48.754768,-22.131433]]]}},
{"type":"Feature","properties":{"IDHIDROVIA":200002053,"NOME":"Hidrovia do Tietê - Paraná","NAVEGACAO":"Navegação Interior","TIPO":"Rio","VEL_CIONAL":10.0,"EXTENSAO":51.834234279299999,"TEMPO":"0d 5h 11min","CLA_ICACAO":"Navegável","NOME_RIO":"Rio Tietê","NOM_ECLUSA":null,"JURISDICAO":"DH-SEST-SP","REG_RAFICA":"Região Hidrográfica do Paraná","PRO_DE_MIN":3.0,"PRO_DE_MAX":5.7,"DOMINIO":"Estados ou Distrito Federal","OBSERVACAO":"Foz no rio Paraná _SP_ até Biritiba-Mirim _SP_, Represa Ponte Nova.","SNV":"Sim","FONTE":"LabTrans/ANA/Antaq","IDM_ORIGEM":"BR350810","MUN_ORIGEM":"Buritama","EST_ORIGEM":"SP","IDM_ESTINO":"BR354160","MUN_ESTINO":"Promissão","EST_ESTINO":"SP","IDANTAQ":3,"CAMADA_SIM":"29","FLUXO":1167470.0},"geometry":{"type":"MultiLineString","coordinates":[[[-49.786262,-21.297217],[-49.789551,-21.296697],[-49.792713,-21.296402],[-49.796112,-21.295864],[-49.799169,-21.294725],[-49.801318,-21.293554],[-49.803092,-21.292092],[-49.804833,-21.290315],[-49.808034,-21.285788],[-49.811802,-21.28228],[-49.816677,-21.279594],[-49.821506,-21.277911],[-49.823152,-21.277438],[-49.829039,-21.275751],[-49.841801,-21.273467],[-49.852382,-21.269043],[-49.866305,-21.262436],[-49.871169,-21.260497],[-49.878868,-21.255572],[-49.893153,-21.247227],[-49.906407,-21.243292],[-49.920573,-21.237459],[-49.929179,-21.235278],[-49.938274,-21.232543],[-49.942817,-21.231937],[-49.949315,-21.22947],[-49.955695,-21.227019],[-49.960865,-21.22636],[-49.971238,-21.227569],[-49.980878,-21.227602],[-49.990093,-21.226114],[-49.994678,-21.22523],[-50.001491,-21.223934],[-50.008505,-21.220119],[-50.016396,-21.215214],[-50.023732,-21.211061],[-50.031883,-21.210583],[-50.047666,-21.211945],[-50.059759,-21.21322],[-50.062978,-21.213993],[-50.070151,-21.215619],[-50.077651,-21.217966],[-50.083348,-21.219309],[-50.088143,-21.219457],[-50.091257,-21.218652],[-50.097349,-21.216303],[-50.103066,-21.213478],[-50.111376,-21.208948],[-50.116346,-21.205949],[-50.12196,-21.201802],[-50.129675,-21.193816],[-50.132271,-21.190565],[-50.133789,-21.186733],[-50.137476,-21.175929],[-50.139298,-21.17242],[-50.141162,-21.167582],[-50.14352,-21.162501],[-50.146519,-21.156702],[-50.148077,-21.152794],[-50.150406,-21.144715],[-50.152782,-21.139713],[-50.156834,-21.132393],[-50.161326,-21.127189],[-50.164267,-21.124394],[-50.16709,-21.121766],[-50.171973,-21.118088],[-50.175089,-21.116307],[-50.178992,-21.114219],[-50.187488,-21.111119],[-50.190949,-21.110052],[-50.195649,-21.110166],[-50.198831,-21.110818],[-50.199727,-21.111252]]]}},
{"type":"Feature","properties":{"IDHIDROVIA":200002054,"NOME":"Hidrovia do Tietê - Paraná","NAVEGACAO":"Navegação Interior","TIPO":"Eclusa","VEL_CIONAL":5.0,"EXTENSAO":0.51855958051200002,"TEMPO":"0d 0h 6min","CLA_ICACAO":"Navegável","NOME_RIO":"Rio Tietê","NOM_ECLUSA":"Eclusa de Promissão","JURISDICAO":"DH-SEST-SP","REG_RAFICA":"Região Hidrográfica do Paraná","PRO_DE_MIN":4.0,"PRO_DE_MAX":4.0,"DOMINIO":"Estados ou Distrito Federal","OBSERVACAO":"Foz no rio Paraná _SP_ até Biritiba-Mirim _SP_, Represa Ponte Nova.","SNV":"Sim","FONTE":"LabTrans/ANA/Antaq","IDM_ORIGEM":"BR354160","MUN_ORIGEM":"Promissão","EST_ORIGEM":"SP","IDM_ESTINO":"BR354160","MUN_ESTINO":"Promissão","EST_ESTINO":"SP","IDANTAQ":3,"CAMADA_SIM":"30","FLUXO":1167470.0},"geometry":{"type":"MultiLineString","coordinates":[[[-49.786262,-21.297217],[-49.781361,-21.298138]]]}},
{"type":"Feature","properties":{"IDHIDROVIA":200002055,"NOME":"Hidrovia do Tietê - Paraná","NAVEGACAO":"Navegação Interior","TIPO":"Rio","VEL_CIONAL":10.0,"EXTENSAO":36.267236835799999,"TEMPO":"0d 3h 37min","CLA_ICACAO":"Navegável","NOME_RIO":"Rio Tietê","NOM_ECLUSA":null,"JURISDICAO":"DH-SEST-SP","REG_RAFICA":"Região Hidrográfica do Paraná","PRO_DE_MIN":3.0,"PRO_DE_MAX":5.7,"DOMINIO":"Estados ou Distrito Federal","OBSERVACAO":"Foz no rio Paraná _SP_ até Biritiba-Mirim _SP_, Represa Ponte Nova.","SNV":"Sim","FONTE":"LabTrans/ANA/Antaq","IDM_ORIGEM":"BR350280","MUN_ORIGEM":"Araçatuba","EST_ORIGEM":"SP","IDM_ESTINO":"BR350810","MUN_ESTINO":"Buritama","EST_ESTINO":"SP","IDANTAQ":3,"CAMADA_SIM":"31","FLUXO":1167470.0},"geometry":{"type":"MultiLineString","coordinates":[[[-50.212754,-21.120635],[-50.214588,-21.121722],[-50.215782,-21.122098],[-50.216871,-21.122098],[-50.218963,-21.121894],[-50.224468,-21.121499],[-50.229059,-21.120542],[-50.234475,-21.118931],[-50.237489,-21.118172],[-50.240031,-21.117821],[-50.243814,-21.117585],[-50.246631,-21.117655],[-50.250967,-21.117337],[-50.253009,-21.116695],[-50.254879,-21.115773],[-50.256411,-21.114189],[-50.25812,-21.112381],[-50.260675,-21.10998],[-50.263161,-21.108364],[-50.26566,-21.107362],[-50.26855,-21.10658],[-50.271343,-21.105487],[-50.272942,-21.104042],[-50.274465,-21.101809],[-50.27502,-21.09995],[-50.275977,-21.097218],[-50.275951,-21.095235],[-50.275251,-21.093531],[-50.273174,-21.090687],[-50.271815,-21.089065],[-50.271327,-21.087612],[-50.271371,-21.085701],[-50.271929,-21.084628],[-50.27278,-21.082677],[-50.273106,-21.080161],[-50.272723,-21.07796],[-50.27276,-21.076219],[-50.273504,-21.075085],[-50.275427,-21.073755],[-50.277214,-21.07306],[-50.280676,-21.072493],[-50.285682,-21.072763],[-50.292073,-21.073257],[-50.300503,-21.07322],[-50.306344,-21.07352],[-50.312029,-21.073121],[-50.316144,-21.072491],[-50.322688,-21.071516],[-50.328091,-21.068939],[-50.334679,-21.064671],[-50.338629,-21.063514],[-50.343907,-21.062816],[-50.346938,-21.061452],[-50.348442,-21.058819],[-50.350692,-21.053872],[-50.352218,-21.050719],[-50.355558,-21.048586],[-50.35864,-21.048178],[-50.362218,-21.049261],[-50.368053,-21.0519],[-50.374231,-21.056981],[-50.377856,-21.059192],[-50.381808,-21.062456],[-50.385844,-21.063728],[-50.389569,-21.063516],[-50.395043,-21.061458],[-50.399166,-21.058452],[-50.404509,-21.052696],[-50.408504,-21.048074],[-50.416064,-21.041849],[-50.425404,-21.033963],[-50.429509,-21.031816],[-50.434184,-21.030944],[-50.440285,-21.031682],[-50.444902,-21.034622],[-50.450728,-21.039771],[-50.456244,-21.043436],[-50.45989,-21.045126],[-50.462961,-21.044976],[-50.466243,-21.044226],[-50.481537,-21.041652],[-50.488347,-21.04094]]]}},
{"type":"Feature","properties":{"IDHIDROVIA":200002056,"NOME":"Hidrovia do Tietê - Paraná","NAVEGACAO":"Navegação Interior","TIPO":"Eclusa","VEL_CIONAL":5.0,"EXTENSAO":1.7098090911199999,"TEMPO":"0d 0h 20min","CLA_ICACAO":"Navegável","NOME_RIO":"Rio Tietê","NOM_ECLUSA":"Eclusa de Nova Avanhandava","JURISDICAO":"DH-SEST-SP","REG_RAFICA":"Região Hidrográfica do Paraná","PRO_DE_MIN":4.0,"PRO_DE_MAX":4.0,"DOMINIO":"Estados ou Distrito Federal","OBSERVACAO":"Foz no rio Paraná _SP_ até Biritiba-Mirim _SP_, Represa Ponte Nova.","SNV":"Sim","FONTE":"LabTrans/ANA/Antaq","IDM_ORIGEM":"BR350810","MUN_ORIGEM":"Buritama","EST_ORIGEM":"SP","IDM_ESTINO":"BR350810","MUN_ESTINO":"Buritama","EST_ESTINO":"SP","IDANTAQ":3,"CAMADA_SIM":"32","FLUXO":1167470.0},"geometry":{"type":"MultiLineString","coordinates":[[[-50.212754,-21.120635],[-50.211661,-21.119699],[-50.210233,-21.118461],[-50.208989,-21.117824],[-50.207859,-21.117169],[-50.206747,-21.116355],[-50.205269,-21.115163],[-50.199727,-21.111252]]]}},
{"type":"Feature","properties":{"IDHIDROVIA":200002057,"NOME":"Hidrovia Paraguai - Paraná","NAVEGACAO":"Navegação Interior","TIPO":"Rio","VEL_CIONAL":7.0,"EXTENSAO":62.123443385900003,"TEMPO":"0d 8h 52min","CLA_ICACAO":"Navegável","NOME_RIO":"Rio Paraguai","NOM_ECLUSA":null,"JURISDICAO":"AHIPAR","REG_RAFICA":"Região Hidrográfica do Paraguai","PRO_DE_MIN":3.3,"PRO_DE_MAX":3.3,"DOMINIO":"União","OBSERVACAO":"Foz do rio Apa _MS_ até a foz do Ribeirão Vermelho _MT_.","SNV":"Sim","FONTE":"LabTrans/ANA/Antaq","IDM_ORIGEM":"BR500690","MUN_ORIGEM":"Porto Murtinho","EST_ORIGEM":"MS","IDM_ESTINO":"BR500690","MUN_ESTINO":"Porto Murtinho","EST_ESTINO":"MS","IDANTAQ":4,"CAMADA_SIM":"33","FLUXO":7153384.0},"geometry":{"type":"MultiLineString","coordinates":[[[-57.893877,-21.694833],[-57.892879,-21.696731],[-57.892489,-21.698643],[-57.89271,-21.699618],[-57.893396,-21.701145],[-57.894222,-21.70236],[-57.895184,-21.703296],[-57.898684,-21.70612],[-57.901521,-21.708169],[-57.904527,-21.710415],[-57.910743,-21.714448],[-57.91788,-21.718557],[-57.923079,-21.721352],[-57.928016,-21.724458],[-57.932807,-21.727657],[-57.937979,-21.731311],[-57.941728,-21.7347],[-57.944335,-21.738068],[-57.94639,-21.741199],[-57.947278,-21.745321],[-57.946502,-21.750065],[-57.9454,-21.753178],[-57.943355,-21.755708],[-57.940614,-21.758611],[-57.936608,-21.761092],[-57.930782,-21.764582],[-57.926646,-21.766359],[-57.922331,-21.767635],[-57.918328,-21.768448],[-57.914683,-21.769014],[-57.911442,-21.769857],[-57.908927,-21.771288],[-57.908324,-21.772921],[-57.908303,-21.774034],[-57.909342,-21.775978],[-57.91111,-21.778611],[-57.912666,-21.78328],[-57.913209,-21.786805],[-57.914366,-21.790818],[-57.916905,-21.795504],[-57.920312,-21.801949],[-57.923575,-21.807171],[-57.926185,-21.812411],[-57.928626,-21.819264],[-57.93123,-21.824251],[-57.937926,-21.831845],[-57.942759,-21.834953],[-57.947081,-21.837367],[-57.956622,-21.84121],[-57.962213,-21.84293],[-57.964116,-21.844599],[-57.965914,-21.848141],[-57.966022,-21.849836],[-57.965136,-21.851366],[-57.962368,-21.85238],[-57.958394,-21.853766],[-57.954593,-21.855523],[-57.947568,-21.859948],[-57.939379,-21.863833],[-57.932668,-21.867422],[-57.924188,-21.871685],[-57.920562,-21.873582],[-57.917904,-21.875222],[-57.915213,-21.877403],[-57.9139,-21.880355],[-57.913552,-21.883238],[-57.914009,-21.885515],[-57.91645,-21.889456],[-57.92022,-21.890928],[-57.924907,-21.890715],[-57.92904,-21.889799],[-57.932299,-21.888771],[-57.934088,-21.888724],[-57.936089,-21.889299],[-57.938326,-21.89108],[-57.939942,-21.893282],[-57.941305,-21.895131],[-57.943241,-21.896741],[-57.945715,-21.898516],[-57.947412,-21.900177],[-57.948719,-21.901759],[-57.949523,-21.904297],[-57.949489,-21.906363],[-57.949159,-21.908212],[-57.947992,-21.90959],[-57.946383,-21.910799],[-57.944381,-21.911795],[-57.941719,-21.913346],[-57.939974,-21.914829],[-57.937822,-21.917265],[-57.937243,-21.918896],[-57.936743,-21.921559],[-57.936864,-21.923935],[-57.937484,-21.928363],[-57.93881,-21.932145],[-57.941253,-21.936068],[-57.943137,-21.939116],[-57.945249,-21.94328],[-57.94692,-21.947232],[-57.94808,-21.950344],[-57.95137,-21.957203],[-57.953907,-21.96414],[-57.957911,-21.97128],[-57.960863,-21.975961],[-57.963862,-21.980105],[-57.96488,-21.98331],[-57.96543,-21.987021],[-57.965092,-21.990173],[-57.965256,-21.993944],[-57.965149,-21.998301],[-57.965283,-22.002652],[-57.966774,-22.007057],[-57.968761,-22.010237],[-57.975337,-22.015801],[-57.979284,-22.018166],[-57.984986,-22.020888],[-57.991768,-22.024598],[-57.996341,-22.026856],[-58.000868,-22.029159],[-58.00487,-22.031701],[-58.007036,-22.034381],[-58.008809,-22.036893],[-58.009666,-22.039718],[-58.009746,-22.042274],[-58.008631,-22.046883],[-58.006925,-22.049667],[-58.003009,-22.053004],[-57.999673,-22.05445],[-57.995363,-22.056046],[-57.991618,-22.057088],[-57.988513,-22.058473],[-57.985869,-22.060698],[-57.98446,-22.063653],[-57.983748,-22.067263],[-57.983813,-22.070942],[-57.984212,-22.074433],[-57.986043,-22.077257],[-57.989123,-22.081261],[-57.991219,-22.084455],[-57.992237,-22.087615]]]}},
{"type":"Feature","properties":{"IDHIDROVIA":200002069,"NOME":"Hidrovia do Tapajós","NAVEGACAO":"Navegação Interior","TIPO":"Rio","VEL_CIONAL":10.0,"EXTENSAO":172.44461383199999,"TEMPO":"0d 17h 14min","CLA_ICACAO":"Navegável","NOME_RIO":"Rio Tapajós","NOM_ECLUSA":null,"JURISDICAO":"AHIMOR","REG_RAFICA":"Região Hidrográfica Amazônica","PRO_DE_MIN":2.6,"PRO_DE_MAX":9.9,"DOMINIO":"União","OBSERVACAO":"Foz no rio Amazonas _PA_ até a confluência dos rios Juruena e Teles Pires.","SNV":"Sim","FONTE":"LabTrans/Antaq","IDM_ORIGEM":"BR150680","MUN_ORIGEM":"Santarém","EST_ORIGEM":"PA","IDM_ESTINO":"BR150100","MUN_ESTINO":"Aveiro","EST_ESTINO":"PA","IDANTAQ":17,"CAMADA_SIM":"34","FLUXO":14569856.9},"geometry":{"type":"MultiLineString","coordinates":[[[-55.342045,-3.59524],[-55.340392,-3.592101],[-55.333495,-3.584776],[-55.329222,-3.578001],[-55.322325,-3.565611],[-55.317992,-3.553709],[-55.315916,-3.5437],[-55.315978,-3.531187],[-55.315489,-3.521483],[-55.314574,-3.512999],[-55.313292,-3.503111],[-55.309508,-3.493407],[-55.307311,-3.489073],[-55.301573,-3.46472],[-55.298521,-3.4494],[-55.290282,-3.421385],[-55.270811,-3.371275],[-55.259215,-3.328795],[-55.239806,-3.280516],[-55.224303,-3.251524],[-55.1994,-3.203185],[-55.183775,-3.172301],[-55.174193,-3.141722],[-55.167906,-3.122008],[-55.158507,-3.075804],[-55.160582,-3.054015],[-55.17401,-3.002379],[-55.177977,-2.963805],[-55.172301,-2.930602],[-55.16931,-2.915526],[-55.162291,-2.892577],[-55.157774,-2.874876],[-55.148009,-2.846007],[-55.138426,-2.818907],[-55.126524,-2.791197],[-55.11328,-2.762877],[-55.107298,-2.741576],[-55.102293,-2.721007],[-55.094908,-2.69171],[-55.091978,-2.66638],[-55.08441,-2.634093],[-55.075926,-2.582274],[-55.065978,-2.54669],[-55.042784,-2.479002],[-55.021483,-2.428893],[-55.012999,-2.410216],[-54.990294,-2.379088],[-54.953307,-2.362975],[-54.90161,-2.361205],[-54.850707,-2.368712],[-54.817503,-2.374693],[-54.787779,-2.388792],[-54.76161,-2.406814],[-54.740734,-2.412844],[-54.736067,-2.413133]]]}},
{"type":"Feature","properties":{"IDHIDROVIA":200002073,"NOME":"Hidrovia do Solimões","NAVEGACAO":"Navegação Interior","TIPO":"Rio","VEL_CIONAL":10.0,"EXTENSAO":128.13450167299999,"TEMPO":"0d 12h 48min","CLA_ICACAO":"Navegável","NOME_RIO":"Rio Solimões","NOM_ECLUSA":null,"JURISDICAO":"AHIMOC","REG_RAFICA":"Região Hidrográfica Amazônica","PRO_DE_MIN":6.0,"PRO_DE_MAX":10.0,"DOMINIO":"União","OBSERVACAO":"Confluência com o rio Negro _AM_ até Tabatinga _AM_.","SNV":"Sim","FONTE":"LabTrans/Antaq","IDM_ORIGEM":"BR130160","MUN_ORIGEM":"Fonte Boa","EST_ORIGEM":"AM","IDM_ESTINO":"BR130230","MUN_ESTINO":"Jutaí","EST_ESTINO":"AM","IDANTAQ":2,"CAMADA_SIM":"35","FLUXO":16507.0},"geometry":{"type":"MultiLineString","coordinates":[[[-66.765804,-2.726969],[-66.758604,-2.728575],[-66.746092,-2.728087],[-66.739623,-2.726012],[-66.72711,-2.721068],[-66.716795,-2.715697],[-66.701781,-2.70648],[-66.689574,-2.700499],[-66.673827,-2.693968],[-66.656981,-2.686888],[-66.637389,-2.677611],[-66.625975,-2.667906],[-66.617003,-2.656981],[-66.607787,-2.643919],[-66.598692,-2.627501],[-66.59149,-2.605406],[-66.587523,-2.588499],[-66.584776,-2.572203],[-66.588988,-2.552306],[-66.59619,-2.538207],[-66.603575,-2.526183],[-66.60858,-2.511412],[-66.612303,-2.502379],[-66.619505,-2.489806],[-66.630797,-2.469298],[-66.633177,-2.458006],[-66.629393,-2.447386],[-66.622008,-2.440001],[-66.612791,-2.433592],[-66.600768,-2.428709],[-66.59088,-2.426207],[-66.574278,-2.422606],[-66.561278,-2.419188],[-66.550108,-2.414793],[-66.535826,-2.408995],[-66.525084,-2.404784],[-66.513609,-2.401915],[-66.495421,-2.397887],[-66.471983,-2.395506],[-66.451476,-2.393004],[-66.430296,-2.39398],[-66.418822,-2.401488],[-66.4093,-2.414488],[-66.407408,-2.426085],[-66.4093,-2.443907],[-66.410094,-2.463072],[-66.411192,-2.48419],[-66.409789,-2.501707],[-66.407896,-2.518675],[-66.404906,-2.531981],[-66.400389,-2.545775],[-66.397093,-2.556395],[-66.392271,-2.565306],[-66.383971,-2.575987],[-66.373595,-2.588011],[-66.364073,-2.591917],[-66.345091,-2.594298],[-66.331603,-2.596678],[-66.320982,-2.597228],[-66.312498,-2.59619],[-66.301695,-2.590208],[-66.295897,-2.585997],[-66.293211,-2.57971],[-66.292113,-2.57202],[-66.28839,-2.565489],[-66.27838,-2.558104],[-66.266295,-2.549925],[-66.256407,-2.542784],[-66.245787,-2.533507],[-66.241026,-2.528014],[-66.236571,-2.524413],[-66.231688,-2.520873],[-66.226683,-2.518126],[-66.223692,-2.514708],[-66.22058,-2.511717],[-66.215697,-2.508482],[-66.210875,-2.508116],[-66.202696,-2.509276],[-66.195799,-2.512511],[-66.189207,-2.518187],[-66.184874,-2.520873],[-66.178282,-2.523924],[-66.170287,-2.523802],[-66.163207,-2.523619],[-66.157896,-2.522093],[-66.151183,-2.520201],[-66.142577,-2.516783],[-66.135802,-2.5119],[-66.132872,-2.508727],[-66.129393,-2.505186],[-66.126097,-2.501402],[-66.118468,-2.495604],[-66.109984,-2.4942],[-66.098326,-2.49359],[-66.092494,-2.493161]]]}},
{"type":"Feature","properties":{"IDHIDROVIA":200002074,"NOME":"Hidrovia do Solimões","NAVEGACAO":"Navegação Interior","TIPO":"Rio","VEL_CIONAL":10.0,"EXTENSAO":106.46992799100001,"TEMPO":"0d 10h 38min","CLA_ICACAO":"Navegável","NOME_RIO":"Rio Solimões","NOM_ECLUSA":null,"JURISDICAO":"AHIMOC","REG_RAFICA":"Região Hidrográfica Amazônica","PRO_DE_MIN":6.0,"PRO_DE_MAX":10.0,"DOMINIO":"União","OBSERVACAO":"Confluência com o rio Negro _AM_ até Tabatinga _AM_.","SNV":"Sim","FONTE":"LabTrans/Antaq","IDM_ORIGEM":"BR130250","MUN_ORIGEM":"Manacapuru","EST_ORIGEM":"AM","IDM_ESTINO":"BR130008","MUN_ESTINO":"Anamã","EST_ESTINO":"AM","IDANTAQ":2,"CAMADA_SIM":"36","FLUXO":901867.2},"geometry":{"type":"MultiLineString","coordinates":[[[-61.390924,-3.604004],[-61.390318,-3.603575],[-61.378111,-3.594969],[-61.366393,-3.593321],[-61.346617,-3.595213],[-61.328185,-3.598875],[-61.317015,-3.599974],[-61.306578,-3.597899],[-61.297789,-3.596495],[-61.287474,-3.5968],[-61.253111,-3.595702],[-61.234679,-3.593687],[-61.212584,-3.590697],[-61.187376,-3.588316],[-61.167601,-3.587401],[-61.144408,-3.58557],[-61.123778,-3.585692],[-61.098692,-3.585387],[-61.073424,-3.586668],[-61.047606,-3.592223],[-61.02838,-3.593993],[-61.007811,-3.600401],[-60.984373,-3.609618],[-60.96649,-3.615782],[-60.944579,-3.620787],[-60.92639,-3.619627],[-60.913695,-3.619872],[-60.905882,-3.62329],[-60.898375,-3.629027],[-60.894286,-3.632323],[-60.888609,-3.633482],[-60.885374,-3.633788],[-60.88098,-3.632628],[-60.872374,-3.62921],[-60.865782,-3.625914],[-60.857481,-3.621397],[-60.852477,-3.618224],[-60.848204,-3.615294],[-60.836607,-3.608824],[-60.828368,-3.602415],[-60.822508,-3.597411],[-60.81848,-3.591978],[-60.816771,-3.587096],[-60.8161,-3.582213],[-60.815794,-3.57672],[-60.8161,-3.572081],[-60.816222,-3.565672],[-60.814207,-3.557311],[-60.811888,-3.551573],[-60.810728,-3.5437],[-60.809874,-3.536986],[-60.808104,-3.532896],[-60.803587,-3.525572],[-60.799498,-3.5213],[-60.793211,-3.514708],[-60.782225,-3.499815],[-60.773192,-3.489073],[-60.761717,-3.477171],[-60.74951,-3.46002],[-60.735594,-3.440306],[-60.72357,-3.41992],[-60.708922,-3.39691],[-60.701598,-3.377196],[-60.695494,-3.360411],[-60.687682,-3.347411],[-60.672789,-3.341002],[-60.65399,-3.337889],[-60.632689,-3.336424],[-60.612615,-3.333185]]]}},
{"type":"Feature","properties":{"IDHIDROVIA":200002075,"NOME":"Hidrovia do Amazonas","NAVEGACAO":"Navegação Interior","TIPO":"Rio","VEL_CIONAL":25.0,"EXTENSAO":98.979075297500003,"TEMPO":"0d 3h 57min","CLA_ICACAO":"Navegável","NOME_RIO":"Rio Amazonas","NOM_ECLUSA":null,"JURISDICAO":"AHIMOC","REG_RAFICA":"Região Hidrográfica Amazônica","PRO_DE_MIN":5.0,"PRO_DE_MAX":7.5,"DOMINIO":"União","OBSERVACAO":"Foz no oceano Atlântico _PA_ até a confluência dos rios Negro e Solimões.","SNV":"Sim","FONTE":"LabTrans/Antaq","IDM_ORIGEM":"BR130430","MUN_ORIGEM":"Urucará","EST_ORIGEM":"AM","IDM_ESTINO":"BR130440","MUN_ESTINO":"Urucurituba","EST_ESTINO":"AM","IDANTAQ":1,"CAMADA_SIM":"37","FLUXO":5558929.8},"geometry":{"type":"MultiLineString","coordinates":[[[-58.13872,-2.971408],[-58.137389,-2.960875],[-58.134093,-2.937926],[-58.127806,-2.913207],[-58.120421,-2.901976],[-58.110106,-2.884703],[-58.103697,-2.871397],[-58.097105,-2.858275],[-58.082396,-2.84619],[-58.066588,-2.834105],[-58.044005,-2.82141],[-58.025511,-2.816405],[-58.004698,-2.813292],[-57.978697,-2.8114],[-57.952208,-2.801268],[-57.937193,-2.791869],[-57.929076,-2.784911],[-57.923705,-2.778014],[-57.918028,-2.768797],[-57.914,-2.764525],[-57.909911,-2.761595],[-57.906187,-2.759581],[-57.900511,-2.757079],[-57.892394,-2.75421],[-57.881407,-2.751891],[-57.872984,-2.752074],[-57.866087,-2.753783],[-57.857176,-2.756895],[-57.848998,-2.759398],[-57.842589,-2.760191],[-57.837889,-2.759703],[-57.834227,-2.757994],[-57.830199,-2.756224],[-57.823668,-2.752501],[-57.819212,-2.750487],[-57.806578,-2.7442],[-57.797484,-2.739378],[-57.788573,-2.735777],[-57.783507,-2.734373],[-57.776427,-2.734496],[-57.771605,-2.734496],[-57.76599,-2.734007],[-57.759703,-2.733275],[-57.752013,-2.731078],[-57.744078,-2.729491],[-57.73712,-2.725096],[-57.73297,-2.720396],[-57.726073,-2.712279],[-57.722289,-2.705321],[-57.718382,-2.694273],[-57.711913,-2.682494],[-57.699706,-2.663207],[-57.693785,-2.654906],[-57.683104,-2.638976],[-57.670775,-2.620177],[-57.664488,-2.610411],[-57.655394,-2.597105],[-57.647826,-2.586607],[-57.633299,-2.565001],[-57.615904,-2.53961],[-57.610106,-2.530821],[-57.602599,-2.519103],[-57.595274,-2.508421],[-57.591673,-2.501097],[-57.586424,-2.489684],[-57.583922,-2.476378],[-57.581114,-2.464476],[-57.580077,-2.454588],[-57.574828,-2.438475],[-57.570372,-2.428282],[-57.559019,-2.415282],[-57.553282,-2.410277]]]}},
{"type":"Feature","properties":{"IDHIDROVIA":200002076,"NOME":"Hidrovia do Amazonas","NAVEGACAO":"Navegação Interior","TIPO":"Rio","VEL_CIONAL":7.0,"EXTENSAO":155.43797954499999,"TEMPO":"0d 22h 12min","CLA_ICACAO":"Navegação inexpressiva","NOME_RIO":"Rio Xingu","NOM_ECLUSA":null,"JURISDICAO":"AHIMOR","REG_RAFICA":"Região Hidrográfica Amazônica","PRO_DE_MIN":2.3,"PRO_DE_MAX":6.0,"DOMINIO":"União","OBSERVACAO":"Foz no rio Amazonas _AM_ até PK 1522.","SNV":"Sim","FONTE":"LabTrans/ANA/Antaq","IDM_ORIGEM":"BR150085","MUN_ORIGEM":"Anapu","EST_ORIGEM":"PA","IDM_ESTINO":"BR150060","MUN_ESTINO":"Altamira","EST_ESTINO":"PA","IDANTAQ":1,"CAMADA_SIM":"38","FLUXO":782.0},"geometry":{"type":"MultiLineString","coordinates":[[[-52.204289,-3.206018],[-52.197203,-3.20587],[-52.190306,-3.207579],[-52.182494,-3.209593],[-52.17639,-3.212401],[-52.16577,-3.213988],[-52.154417,-3.215575],[-52.144469,-3.217711],[-52.13391,-3.219298],[-52.122374,-3.224486],[-52.113585,-3.228575],[-52.107909,-3.230101],[-52.092894,-3.233275],[-52.088072,-3.233885],[-52.077696,-3.237486],[-52.073607,-3.241698],[-52.068785,-3.248778],[-52.061217,-3.25128],[-52.055113,-3.252806],[-52.048582,-3.255492],[-52.045226,-3.258727],[-52.04138,-3.262206],[-52.037108,-3.266722],[-52.034728,-3.269408],[-52.030394,-3.270995],[-52.02661,-3.272887],[-52.023009,-3.276122],[-52.020018,-3.280699],[-52.019286,-3.284605],[-52.020506,-3.28839],[-52.022582,-3.290709],[-52.025511,-3.294676],[-52.027281,-3.297484],[-52.027403,-3.300597],[-52.025572,-3.306212],[-52.024901,-3.313109],[-52.024901,-3.31787],[-52.025511,-3.322997],[-52.025694,-3.328185],[-52.025389,-3.331908],[-52.025572,-3.33441],[-52.026183,-3.338011],[-52.026976,-3.342711],[-52.026488,-3.344908],[-52.025816,-3.351317],[-52.025816,-3.354979],[-52.025877,-3.358275],[-52.025999,-3.362608],[-52.025206,-3.364989],[-52.024718,-3.367186],[-52.022582,-3.370909],[-52.020384,-3.37329],[-52.017394,-3.374876],[-52.014708,-3.376585],[-52.010497,-3.377501],[-52.006407,-3.37921],[-52.004576,-3.38098],[-52.00067,-3.383482],[-51.996397,-3.384703],[-51.993407,-3.385802],[-51.988097,-3.387083],[-51.984618,-3.387877],[-51.980284,-3.389891],[-51.972228,-3.393675],[-51.967589,-3.398192],[-51.966002,-3.401183],[-51.964293,-3.404723],[-51.96179,-3.407713],[-51.959593,-3.411498],[-51.9588,-3.413878],[-51.956114,-3.418822],[-51.95471,-3.421873],[-51.954283,-3.425902],[-51.955809,-3.430479],[-51.958495,-3.432677],[-51.959593,-3.434813],[-51.961485,-3.43878],[-51.96179,-3.441893],[-51.961913,-3.445677],[-51.96118,-3.449522],[-51.959776,-3.452086],[-51.958189,-3.454894],[-51.957823,-3.458495],[-51.958128,-3.461607],[-51.958495,-3.465697],[-51.958983,-3.469786],[-51.95941,-3.473998],[-51.959776,-3.478209],[-51.960387,-3.484068],[-51.96118,-3.490294],[-51.961974,-3.496397],[-51.963011,-3.503905],[-51.963927,-3.507201],[-51.965025,-3.510619],[-51.966307,-3.513182],[-51.967711,-3.516295],[-51.967894,-3.519103],[-51.967284,-3.521605],[-51.966307,-3.524107],[-51.965697,-3.527403],[-51.96588,-3.53131],[-51.965392,-3.5343],[-51.963499,-3.538268],[-51.96118,-3.540587],[-51.958617,-3.542784],[-51.95648,-3.545287],[-51.954283,-3.549315],[-51.951781,-3.552916],[-51.950316,-3.554625],[-51.947813,-3.555724],[-51.945006,-3.557188],[-51.941588,-3.558592],[-51.939207,-3.559386],[-51.935484,-3.560728],[-51.933409,-3.562193],[-51.930479,-3.564879],[-51.928587,-3.56671],[-51.926207,-3.568602],[-51.922179,-3.570677],[-51.918394,-3.573119],[-51.915526,-3.575499],[-51.912718,-3.577696],[-51.909117,-3.579527],[-51.90631,-3.580809],[-51.901488,-3.582579],[-51.89807,-3.5838],[-51.895079,-3.585875],[-51.891905,-3.588927],[-51.889891,-3.590819],[-51.887572,-3.592528],[-51.883299,-3.594969],[-51.880492,-3.597105],[-51.877379,-3.599974],[-51.875792,-3.601378],[-51.872496,-3.60388],[-51.867674,-3.606505],[-51.863585,-3.608824],[-51.858702,-3.610289],[-51.851988,-3.612303],[-51.848204,-3.613219],[-51.842223,-3.614073],[-51.838194,-3.613768],[-51.835875,-3.612791],[-51.830382,-3.611205],[-51.826903,-3.610228],[-51.824217,-3.609007],[-51.822203,-3.60742],[-51.820128,-3.605101],[-51.817686,-3.602782],[-51.814391,-3.600707],[-51.811095,-3.597777],[-51.807677,-3.594908],[-51.805785,-3.592284],[-51.802977,-3.588316],[-51.800169,-3.583189],[-51.798705,-3.580321],[-51.796568,-3.578001],[-51.793394,-3.575194],[-51.788695,-3.57318],[-51.784789,-3.569884],[-51.78131,-3.567076],[-51.779784,-3.564879],[-51.778197,-3.562804],[-51.775999,-3.56079],[-51.771971,-3.558409],[-51.770628,-3.556578],[-51.770018,-3.553893],[-51.769774,-3.551878],[-51.769408,-3.548582],[-51.769103,-3.545287],[-51.76837,-3.543028],[-51.766478,-3.540099],[-51.764403,-3.538207],[-51.763304,-3.536498],[-51.762206,-3.533324],[-51.761717,-3.530882],[-51.76068,-3.528075],[-51.759581,-3.52661],[-51.758299,-3.524474],[-51.756895,-3.522826],[-51.755003,-3.520995],[-51.753111,-3.519713],[-51.752196,-3.518309],[-51.75128,-3.516478],[-51.749876,-3.515379],[-51.748717,-3.514708],[-51.748412,-3.513915],[-51.747801,-3.512816],[-51.746886,-3.5119],[-51.745482,-3.510374],[-51.744505,-3.508727],[-51.744078,-3.507506],[-51.744078,-3.50598],[-51.744383,-3.504881],[-51.745177,-3.503478],[-51.745909,-3.502501],[-51.746092,-3.500975],[-51.745787,-3.499998],[-51.744627,-3.497923],[-51.743468,-3.496703],[-51.742186,-3.495909],[-51.741087,-3.495299],[-51.73889,-3.494688],[-51.736571,-3.494383],[-51.733397,-3.493895],[-51.731383,-3.493895],[-51.728819,-3.493773],[-51.726378,-3.493712],[-51.723875,-3.493895],[-51.721312,-3.4942],[-51.718626,-3.4942],[-51.715514,-3.494505],[-51.712889,-3.494627],[-51.710326,-3.494383],[-51.706725,-3.494627],[-51.702879,-3.494383],[-51.699828,-3.494017],[-51.696776,-3.492369],[-51.694579,-3.491087],[-51.692992,-3.489684],[-51.689879,-3.486998],[-51.688475,-3.483702],[-51.687804,-3.48181],[-51.68701,-3.47827],[-51.686888,-3.476378],[-51.687498,-3.474181],[-51.68878,-3.472411],[-51.689024,-3.471617],[-51.690001,-3.470885],[-51.691405,-3.470091],[-51.692809,-3.469298],[-51.693907,-3.468382],[-51.695189,-3.467406],[-51.695616,-3.466368],[-51.695982,-3.465208],[-51.696776,-3.463805],[-51.697569,-3.462828],[-51.698668,-3.46179],[-51.699706,-3.460875],[-51.700682,-3.460204],[-51.701598,-3.459105],[-51.702391,-3.458373],[-51.703368,-3.457518],[-51.704405,-3.456297],[-51.70648,-3.455199],[-51.707579,-3.454405],[-51.708922,-3.453612],[-51.710509,-3.453185],[-51.711668,-3.452696],[-51.712889,-3.452391],[-51.714598,-3.451781],[-51.716124,-3.449889],[-51.717406,-3.44818],[-51.717894,-3.447569],[-51.719481,-3.445921],[-51.72058,-3.444518],[-51.722594,-3.442992],[-51.723082,-3.442015],[-51.723509,-3.441222],[-51.725096,-3.439879],[-51.726378,-3.438719],[-51.730772,-3.433775],[-51.734984,-3.427916],[-51.736388,-3.423094],[-51.737486,-3.418578],[-51.738707,-3.416319],[-51.7395,-3.41461],[-51.739989,-3.413084],[-51.740782,-3.410582],[-51.740477,-3.408873],[-51.739684,-3.40692],[-51.739195,-3.405516],[-51.738585,-3.403868],[-51.738402,-3.401427],[-51.738585,-3.398497],[-51.739073,-3.396422],[-51.739989,-3.395201],[-51.740904,-3.393797],[-51.741515,-3.391478],[-51.741515,-3.389891],[-51.741087,-3.386778],[-51.739989,-3.38391],[-51.739317,-3.381773],[-51.738402,-3.379698],[-51.737303,-3.37628],[-51.736998,-3.373717],[-51.736205,-3.371703],[-51.735472,-3.369627],[-51.734984,-3.368102],[-51.735289,-3.366881],[-51.735777,-3.365599],[-51.736205,-3.3645],[-51.736998,-3.364195],[-51.737486,-3.363402],[-51.737486,-3.362486],[-51.737181,-3.361815],[-51.736082,-3.36151],[-51.734679,-3.361693],[-51.73358,-3.36151],[-51.732603,-3.361388],[-51.731688,-3.361205],[-51.730589,-3.360777],[-51.729491,-3.360899],[-51.727599,-3.361021],[-51.725279,-3.361205],[-51.724486,-3.361388],[-51.723204,-3.360594],[-51.722289,-3.359679],[-51.722228,-3.358702],[-51.722777,-3.357726],[-51.723875,-3.357176],[-51.725279,-3.356871],[-51.726195,-3.356078],[-51.727293,-3.355284],[-51.72888,-3.354002],[-51.730711,-3.352904],[-51.732603,-3.351683],[-51.734496,-3.350768],[-51.736205,-3.350096],[-51.738402,-3.349303],[-51.741087,-3.348204],[-51.743102,-3.346983],[-51.745604,-3.34558],[-51.749083,-3.344115],[-51.752684,-3.342589],[-51.756712,-3.34088],[-51.758788,-3.340208],[-51.760985,-3.338316],[-51.762083,-3.336424],[-51.762022,-3.335082],[-51.761107,-3.332823],[-51.760069,-3.331603],[-51.758482,-3.330626],[-51.756407,-3.330504],[-51.754698,-3.33148],[-51.752989,-3.332091],[-51.75128,-3.331786],[-51.749388,-3.33148],[-51.748106,-3.330809],[-51.746519,-3.329894],[-51.745299,-3.3291],[-51.744078,-3.328307],[-51.742674,-3.327574],[-51.741515,-3.326903],[-51.739806,-3.325987],[-51.738524,-3.325377],[-51.736082,-3.324706],[-51.734007,-3.324278],[-51.731688,-3.323485],[-51.729674,-3.323119],[-51.727415,-3.322813],[-51.725096,-3.322813],[-51.722777,-3.322997],[-51.721373,-3.322997],[-51.719908,-3.322874],[-51.718626,-3.322813],[-51.717589,-3.322508],[-51.716673,-3.322325],[-51.715575,-3.321898],[-51.715208,-3.32141],[-51.71472,-3.320921],[-51.714293,-3.320372],[-51.713927,-3.319579],[-51.713377,-3.31848],[-51.713377,-3.317503],[-51.713499,-3.316893],[-51.713377,-3.316222],[-51.713011,-3.315794],[-51.712523,-3.315184],[-51.712096,-3.314391],[-51.711974,-3.313719],[-51.712218,-3.312498],[-51.712279,-3.311888],[-51.712401,-3.310912],[-51.712279,-3.309996],[-51.711974,-3.309325],[-51.711424,-3.308226],[-51.711302,-3.307616],[-51.710997,-3.3067],[-51.710509,-3.305724],[-51.71002,-3.304869],[-51.709593,-3.30432],[-51.709105,-3.303282],[-51.7088,-3.302306],[-51.708495,-3.301207],[-51.708495,-3.300108],[-51.708311,-3.298705],[-51.707884,-3.297118],[-51.708128,-3.295897],[-51.708495,-3.295103],[-51.708983,-3.294676],[-51.709593,-3.294188],[-51.710082,-3.2937],[-51.710326,-3.292723],[-51.710509,-3.291808],[-51.710509,-3.291197],[-51.709898,-3.290587],[-51.709227,-3.290099],[-51.708311,-3.289488],[-51.707579,-3.289183],[-51.706725,-3.289],[-51.705687,-3.288695],[-51.705382,-3.288084],[-51.70471,-3.287291],[-51.704222,-3.286375],[-51.7041,-3.285704],[-51.704588,-3.284789],[-51.705077,-3.284117],[-51.705382,-3.283202],[-51.705809,-3.282774],[-51.70648,-3.281981],[-51.707213,-3.281004],[-51.708189,-3.279295],[-51.708983,-3.279173],[-51.709776,-3.278319],[-51.71057,-3.277098],[-51.71118,-3.276427],[-51.71179,-3.275206],[-51.712584,-3.274168],[-51.713011,-3.27307],[-51.713377,-3.272093],[-51.713194,-3.2713],[-51.712889,-3.270689],[-51.712096,-3.270018],[-51.71118,-3.269408],[-51.710692,-3.268675],[-51.710509,-3.267577],[-51.710692,-3.2666],[-51.710875,-3.265501],[-51.710814,-3.264586],[-51.710326,-3.264281],[-51.70941,-3.263976],[-51.708189,-3.263915],[-51.707396,-3.264098],[-51.706419,-3.264281],[-51.705504,-3.264403],[-51.704405,-3.264281],[-51.703368,-3.264403],[-51.702269,-3.264281],[-51.70117,-3.264098],[-51.700316,-3.264281],[-51.699217,-3.264586],[-51.69818,-3.265013],[-51.69702,-3.265196],[-51.695799,-3.265318],[-51.694884,-3.265379],[-51.69409,-3.265623],[-51.69171,-3.265807],[-51.690123,-3.265868],[-51.687804,-3.26599],[-51.686095,-3.265379],[-51.685179,-3.264281],[-51.683409,-3.262999],[-51.682188,-3.262389],[-51.680296,-3.262083],[-51.678709,-3.260802],[-51.677794,-3.259581],[-51.677,-3.259093],[-51.67639,-3.259398],[-51.675719,-3.260497],[-51.674925,-3.261107],[-51.67401,-3.261473],[-51.672789,-3.26129],[-51.671385,-3.26129],[-51.66992,-3.260985],[-51.668272,-3.260924],[-51.666197,-3.260802],[-51.663512,-3.26068],[-51.661986,-3.26068],[-51.660704,-3.260374],[-51.659483,-3.260008],[-51.65808,-3.259398],[-51.656187,-3.259215],[-51.654784,-3.25891],[-51.652892,-3.258604],[-51.651427,-3.258299],[-51.649474,-3.258116],[-51.648314,-3.258177],[-51.646605,-3.258116],[-51.645201,-3.258177],[-51.643675,-3.258299],[-51.642271,-3.258177],[-51.640623,-3.257811],[-51.639281,-3.257384],[-51.637694,-3.256773],[-51.63629,-3.256285],[-51.635008,-3.256285],[-51.633971,-3.255919],[-51.632994,-3.255492],[-51.632201,-3.25482],[-51.631224,-3.253111],[-51.630492,-3.252074],[-51.629393,-3.249693],[-51.628722,-3.247374],[-51.627989,-3.245787],[-51.627501,-3.244505],[-51.627379,-3.243773],[-51.626769,-3.242613],[-51.626524,-3.241209],[-51.62628,-3.240416],[-51.625975,-3.239073],[-51.625792,-3.236876],[-51.626402,-3.235899],[-51.627196,-3.235289],[-51.628172,-3.23419],[-51.628294,-3.23358],[-51.628111,-3.232909],[-51.627928,-3.232298],[-51.627501,-3.2312],[-51.627318,-3.230406],[-51.626891,-3.229979],[-51.625914,-3.230223],[-51.625182,-3.230101],[-51.624998,-3.229491],[-51.624876,-3.228575],[-51.624571,-3.226683],[-51.624388,-3.225096],[-51.623595,-3.222289],[-51.62329,-3.219969],[-51.623106,-3.218077],[-51.622984,-3.216673],[-51.622984,-3.215086],[-51.622679,-3.212706],[-51.622496,-3.210997],[-51.622069,-3.209776],[-51.621886,-3.208311],[-51.621519,-3.206603],[-51.621092,-3.204405],[-51.620604,-3.202574],[-51.620177,-3.200499],[-51.619994,-3.198912],[-51.619688,-3.197508],[-51.619505,-3.196471],[-51.619322,-3.195128],[-51.619078,-3.194273],[-51.618712,-3.193297],[-51.618407,-3.19171],[-51.617796,-3.190001],[-51.617674,-3.18878],[-51.617308,-3.187926],[-51.617186,-3.187193],[-51.616576,-3.186095],[-51.616393,-3.184691],[-51.616209,-3.182494],[-51.616087,-3.181578],[-51.615904,-3.180174],[-51.615477,-3.178587],[-51.614928,-3.177306],[-51.6145,-3.176085],[-51.61389,-3.175169],[-51.613585,-3.174376],[-51.613219,-3.173094],[-51.612669,-3.171385],[-51.611876,-3.168578],[-51.611693,-3.167174],[-51.611388,-3.165709],[-51.611205,-3.164793],[-51.610472,-3.162596],[-51.610411,-3.161314],[-51.609923,-3.159789],[-51.609496,-3.158385],[-51.609205,-3.157511]]]}},
{"type":"Feature","properties":{"IDHIDROVIA":200002077,"NOME":"Hidrovia do Amazonas","NAVEGACAO":"Navegação Interior","TIPO":"Rio","VEL_CIONAL":25.0,"EXTENSAO":75.029085178399995,"TEMPO":"0d 3h 0min","CLA_ICACAO":"Navegável","NOME_RIO":"Rio Amazonas","NOM_ECLUSA":null,"JURISDICAO":"AHIMOC","REG_RAFICA":"Região Hidrográfica Amazônica","PRO_DE_MIN":5.0,"PRO_DE_MAX":7.5,"DOMINIO":"União","OBSERVACAO":"Foz no oceano Atlântico _PA_ até a confluência dos rios Negro e Solimões.","SNV":"Sim","FONTE":"LabTrans/Antaq","IDM_ORIGEM":"BR130190","MUN_ORIGEM":"Itacoatiara","EST_ORIGEM":"AM","IDM_ESTINO":"BR130260","MUN_ESTINO":"Manaus","EST_ESTINO":"AM","IDANTAQ":1,"CAMADA_SIM":"39","FLUXO":4648378.6},"geometry":{"type":"MultiLineString","coordinates":[[[-59.850531,-3.093378],[-59.846983,-3.091307],[-59.827879,-3.082091],[-59.79608,-3.072508],[-59.762206,-3.067503],[-59.736998,-3.063902],[-59.697325,-3.06378],[-59.669005,-3.069395],[-59.646605,-3.073973],[-59.621886,-3.082701],[-59.595702,-3.094908],[-59.569884,-3.107909],[-59.535582,-3.120177],[-59.50482,-3.12451],[-59.482909,-3.128111],[-59.466185,-3.133299],[-59.449583,-3.140807],[-59.434874,-3.147276],[-59.414305,-3.155028],[-59.401305,-3.159117],[-59.384276,-3.165892],[-59.371275,-3.170897],[-59.356017,-3.178221],[-59.346007,-3.184508],[-59.334593,-3.190489],[-59.317686,-3.200011],[-59.293211,-3.209898],[-59.280089,-3.214598],[-59.262877,-3.221312],[-59.236815,-3.231017],[-59.214965,-3.241686]]]}},
{"type":"Feature","properties":{"IDHIDROVIA":200002080,"NOME":"Hidrovia do Solimões","NAVEGACAO":"Navegação Interior","TIPO":"Rio","VEL_CIONAL":10.0,"EXTENSAO":164.22941693199999,"TEMPO":"0d 16h 25min","CLA_ICACAO":"Navegável","NOME_RIO":"Rio Solimões","NOM_ECLUSA":null,"JURISDICAO":"AHIMOC","REG_RAFICA":"Região Hidrográfica Amazônica","PRO_DE_MIN":6.0,"PRO_DE_MAX":10.0,"DOMINIO":"União","OBSERVACAO":"Confluência com o rio Negro _AM_ até Tabatinga _AM_.","SNV":"Sim","FONTE":"LabTrans/Antaq","IDM_ORIGEM":"BR130120","MUN_ORIGEM":"Coari","EST_ORIGEM":"AM","IDM_ESTINO":"BR130420","MUN_ESTINO":"Tefé","EST_ESTINO":"AM","IDANTAQ":2,"CAMADA_SIM":"40","FLUXO":16507.0},"geometry":{"type":"MultiLineString","coordinates":[[[-64.419711,-3.489852],[-64.40808,-3.494078],[-64.392699,-3.500609],[-64.383727,-3.50598],[-64.377684,-3.510802],[-64.370787,-3.518675],[-64.364684,-3.52661],[-64.357603,-3.537291],[-64.348875,-3.544005],[-64.339598,-3.549193],[-64.3244,-3.557677],[-64.312804,-3.565611],[-64.301085,-3.574278],[-64.2843,-3.587279],[-64.270811,-3.595396],[-64.24359,-3.609312],[-64.229979,-3.614806],[-64.217772,-3.624083],[-64.210997,-3.632018],[-64.20117,-3.6463],[-64.190489,-3.659789],[-64.182188,-3.668272],[-64.170409,-3.674986],[-64.152708,-3.680785],[-64.131407,-3.690794],[-64.111876,-3.697997],[-64.097228,-3.703307],[-64.0838,-3.70648],[-64.069701,-3.708311],[-64.050597,-3.712096],[-64.030821,-3.712401],[-64.017027,-3.709898],[-63.998473,-3.708495],[-63.986571,-3.713194],[-63.981993,-3.721678],[-63.978209,-3.731505],[-63.976805,-3.741087],[-63.976927,-3.750792],[-63.977415,-3.759886],[-63.979002,-3.771971],[-63.97888,-3.779173],[-63.9765,-3.783873],[-63.967284,-3.793272],[-63.955077,-3.804503],[-63.943907,-3.813475],[-63.932921,-3.816405],[-63.918578,-3.818907],[-63.898192,-3.822997],[-63.87451,-3.821471],[-63.857176,-3.81732],[-63.834227,-3.810912],[-63.8161,-3.807311],[-63.793883,-3.801085],[-63.784117,-3.79962],[-63.773009,-3.798399],[-63.765501,-3.799803],[-63.753111,-3.804625],[-63.742674,-3.813597],[-63.735777,-3.822691],[-63.732481,-3.832701],[-63.730223,-3.846922],[-63.729796,-3.855406],[-63.725401,-3.862669],[-63.723509,-3.864073],[-63.707579,-3.872191],[-63.68817,-3.874205],[-63.661986,-3.869383],[-63.637694,-3.862914],[-63.616881,-3.854124],[-63.59857,-3.847228],[-63.581297,-3.842101],[-63.565611,-3.83911],[-63.543394,-3.840514],[-63.528685,-3.845091],[-63.50952,-3.853026],[-63.486998,-3.859984],[-63.46588,-3.864073],[-63.449278,-3.868407],[-63.437682,-3.872313],[-63.419798,-3.881407],[-63.40222,-3.893675],[-63.390074,-3.903197],[-63.376707,-3.910887],[-63.354186,-3.920287],[-63.333678,-3.921996],[-63.319212,-3.921996],[-63.293883,-3.92169],[-63.268004,-3.921019],[-63.247313,-3.920714],[-63.217728,-3.92525],[-63.199032,-3.930238],[-63.179852,-3.936946],[-63.162955,-3.941317],[-63.161578,-3.941946]]]}},
{"type":"Feature","properties":{"IDHIDROVIA":200002081,"NOME":"Hidrovia do Amazonas","NAVEGACAO":"Navegação Interior","TIPO":"Rio","VEL_CIONAL":25.0,"EXTENSAO":42.9995550577,"TEMPO":"0d 1h 43min","CLA_ICACAO":"Navegável","NOME_RIO":"Rio Amazonas","NOM_ECLUSA":null,"JURISDICAO":"AHIMOC","REG_RAFICA":"Região Hidrográfica Amazônica","PRO_DE_MIN":5.0,"PRO_DE_MAX":7.5,"DOMINIO":"União","OBSERVACAO":"Foz no oceano Atlântico _PA_ até a confluência dos rios Negro e Solimões.","SNV":"Sim","FONTE":"LabTrans/Antaq","IDM_ORIGEM":"BR150390","MUN_ORIGEM":"Juruti","EST_ORIGEM":"PA","IDM_ESTINO":"BR130340","MUN_ESTINO":"Parintins","EST_ESTINO":"AM","IDANTAQ":1,"CAMADA_SIM":"41","FLUXO":5558929.8},"geometry":{"type":"MultiLineString","coordinates":[[[-56.418088,-2.338289],[-56.40631,-2.303587],[-56.383788,-2.2713],[-56.367491,-2.261473],[-56.353026,-2.256468],[-56.329527,-2.250609],[-56.286986,-2.233885],[-56.247008,-2.207884],[-56.168578,-2.17108],[-56.138182,-2.160277],[-56.117796,-2.156676],[-56.103209,-2.150877],[-56.100263,-2.148049]]]}},
{"type":"Feature","properties":{"IDHIDROVIA":200002082,"NOME":"Hidrovia do Amazonas","NAVEGACAO":"Navegação Interior","TIPO":"Rio","VEL_CIONAL":25.0,"EXTENSAO":110.95942691,"TEMPO":"0d 4h 26min","CLA_ICACAO":"Navegável","NOME_RIO":"Rio Amazonas","NOM_ECLUSA":null,"JURISDICAO":"AHIMOR","REG_RAFICA":"Região Hidrográfica Amazônica","PRO_DE_MIN":5.0,"PRO_DE_MAX":7.5,"DOMINIO":"União","OBSERVACAO":"Foz no oceano Atlântico _PA_ até a confluência dos rios Negro e Solimões.","SNV":"Sim","FONTE":"LabTrans/Antaq","IDM_ORIGEM":"BR150050","MUN_ORIGEM":"Almeirim","EST_ORIGEM":"PA","IDM_ESTINO":"BR150600","MUN_ESTINO":"Prainha","EST_ESTINO":"PA","IDANTAQ":1,"CAMADA_SIM":"42","FLUXO":12307037.6},"geometry":{"type":"MultiLineString","coordinates":[[[-53.475707,-1.817381],[-53.458311,-1.814085],[-53.443114,-1.811827],[-53.420714,-1.806578],[-53.403075,-1.803099],[-53.394408,-1.800291],[-53.380309,-1.796873],[-53.359496,-1.791808],[-53.343626,-1.788207],[-53.331297,-1.7843],[-53.325072,-1.781676],[-53.317809,-1.778807],[-53.304381,-1.77252],[-53.296202,-1.770018],[-53.291686,-1.76898],[-53.286192,-1.767577],[-53.28131,-1.766112],[-53.274901,-1.764769],[-53.26837,-1.763487],[-53.258604,-1.76068],[-53.249693,-1.758727],[-53.242125,-1.757628],[-53.233885,-1.757079],[-53.225707,-1.758177],[-53.212218,-1.759703],[-53.202879,-1.761412],[-53.190428,-1.765196],[-53.179503,-1.768492],[-53.159178,-1.772398],[-53.145811,-1.774474],[-53.136595,-1.775023],[-53.125182,-1.77722],[-53.116515,-1.778502],[-53.106322,-1.778502],[-53.099608,-1.777708],[-53.095213,-1.776122],[-53.088683,-1.773375],[-53.083311,-1.772582],[-53.070677,-1.772276],[-53.062621,-1.770689],[-53.051695,-1.768492],[-53.044127,-1.766295],[-53.0343,-1.7619],[-53.023375,-1.758177],[-53.01599,-1.752074],[-53.007689,-1.7489],[-53.001585,-1.745604],[-52.994627,-1.738585],[-52.989073,-1.731993],[-52.983092,-1.72058],[-52.978209,-1.712523],[-52.969603,-1.696715],[-52.966795,-1.691222],[-52.960326,-1.679808],[-52.955382,-1.672789],[-52.945128,-1.661375],[-52.933104,-1.654295],[-52.928221,-1.653197],[-52.922789,-1.652098],[-52.913023,-1.649901],[-52.898802,-1.647826],[-52.872069,-1.64337],[-52.850279,-1.6416],[-52.836302,-1.64099],[-52.82141,-1.637022],[-52.800291,-1.630797],[-52.777769,-1.624205],[-52.757384,-1.617979],[-52.744688,-1.61328],[-52.736815,-1.605406],[-52.727782,-1.600096],[-52.697691,-1.587706],[-52.676573,-1.581786],[-52.646474,-1.577476],[-52.630323,-1.57633],[-52.606819,-1.56933],[-52.578606,-1.553367],[-52.575253,-1.547558],[-52.574455,-1.541838],[-52.574339,-1.537693],[-52.573721,-1.537286]]]}},
{"type":"Feature","properties":{"IDHIDROVIA":200002083,"NOME":"Hidrovia do Amazonas","NAVEGACAO":"Navegação Interior","TIPO":"Rio","VEL_CIONAL":25.0,"EXTENSAO":110.638210003,"TEMPO":"0d 4h 25min","CLA_ICACAO":"Navegável","NOME_RIO":"Rio Amazonas","NOM_ECLUSA":null,"JURISDICAO":"AHIMOC","REG_RAFICA":"Região Hidrográfica Amazônica","PRO_DE_MIN":5.0,"PRO_DE_MAX":7.5,"DOMINIO":"União","OBSERVACAO":"Foz no oceano Atlântico _PA_ até a confluência dos rios Negro e Solimões.","SNV":"Sim","FONTE":"LabTrans/Antaq","IDM_ORIGEM":"BR130340","MUN_ORIGEM":"Parintins","EST_ORIGEM":"AM","IDM_ESTINO":"BR130430","MUN_ESTINO":"Urucará","EST_ESTINO":"AM","IDANTAQ":1,"CAMADA_SIM":"43","FLUXO":5558929.8},"geometry":{"type":"MultiLineString","coordinates":[[[-57.553282,-2.410277],[-57.53131,-2.390196],[-57.5036,-2.379515],[-57.475707,-2.380309],[-57.438414,-2.385191],[-57.396483,-2.401976],[-57.37329,-2.418883],[-57.353819,-2.433775],[-57.337584,-2.455687],[-57.325682,-2.470885],[-57.306883,-2.504515],[-57.283202,-2.549925],[-57.269103,-2.583006],[-57.247008,-2.614684],[-57.221983,-2.627806],[-57.200926,-2.631468],[-57.16931,-2.630614],[-57.147276,-2.625975],[-57.135069,-2.622313],[-57.125792,-2.616698],[-57.11627,-2.609373],[-57.103087,-2.595396],[-57.087889,-2.577696],[-57.069701,-2.556273],[-57.043517,-2.542296],[-57.024779,-2.540587],[-56.991087,-2.541197],[-56.9588,-2.547972],[-56.900206,-2.568785],[-56.85681,-2.587828],[-56.81909,-2.600584],[-56.787374,-2.609906],[-56.758092,-2.619839],[-56.742473,-2.622556],[-56.734423,-2.621308],[-56.734381,-2.621291]]]}},
{"type":"Feature","properties":{"IDHIDROVIA":200002084,"NOME":"Hidrovia do Amazonas","NAVEGACAO":"Navegação Interior","TIPO":"Rio","VEL_CIONAL":25.0,"EXTENSAO":122.678066293,"TEMPO":"0d 4h 54min","CLA_ICACAO":"Navegável","NOME_RIO":"Rio Amazonas","NOM_ECLUSA":null,"JURISDICAO":"AHIMOR","REG_RAFICA":"Região Hidrográfica Amazônica","PRO_DE_MIN":5.0,"PRO_DE_MAX":7.5,"DOMINIO":"União","OBSERVACAO":"Foz no oceano Atlântico _PA_ até a confluência dos rios Negro e Solimões.","SNV":"Sim","FONTE":"LabTrans/Antaq","IDM_ORIGEM":"BR150680","MUN_ORIGEM":"Santarém","EST_ORIGEM":"PA","IDM_ESTINO":"BR150510","MUN_ESTINO":"Óbidos","EST_ESTINO":"PA","IDANTAQ":1,"CAMADA_SIM":"44","FLUXO":5653859.1},"geometry":{"type":"MultiLineString","coordinates":[[[-55.517628,-1.920063],[-55.511083,-1.927404],[-55.502328,-1.936287],[-55.495697,-1.944127],[-55.487914,-1.952785],[-55.480101,-1.960875],[-55.470885,-1.96881],[-55.465208,-1.973998],[-55.460692,-1.978392],[-55.44171,-1.996092],[-55.424315,-2.014525],[-55.400877,-2.037779],[-55.377623,-2.059691],[-55.360106,-2.075926],[-55.344603,-2.089293],[-55.327208,-2.105894],[-55.30609,-2.122801],[-55.278685,-2.132384],[-55.25891,-2.137022],[-55.232298,-2.144286],[-55.19879,-2.150694],[-55.173582,-2.156798],[-55.143004,-2.162108],[-55.113097,-2.165892],[-55.094908,-2.167906],[-55.083128,-2.170226],[-55.06909,-2.170897],[-55.045103,-2.168883],[-55.026488,-2.164305],[-55.009886,-2.1593],[-54.991209,-2.150084],[-54.980711,-2.146178],[-54.973082,-2.141478],[-54.963927,-2.137511],[-54.952025,-2.133299],[-54.940978,-2.130492],[-54.934386,-2.129088],[-54.926085,-2.127623],[-54.9187,-2.127623],[-54.910399,-2.126707],[-54.902098,-2.127196],[-54.891478,-2.128722],[-54.866209,-2.137999],[-54.849913,-2.146727],[-54.836913,-2.156493],[-54.827879,-2.16931],[-54.822081,-2.178282],[-54.815489,-2.190978],[-54.805418,-2.208311],[-54.795226,-2.220702],[-54.779784,-2.233214],[-54.770995,-2.244017],[-54.760802,-2.258727],[-54.754027,-2.268675],[-54.742125,-2.283995],[-54.731993,-2.297606],[-54.724303,-2.312193],[-54.719298,-2.327696],[-54.713499,-2.343993],[-54.705504,-2.361082],[-54.699706,-2.3739],[-54.690489,-2.389098],[-54.680296,-2.407286],[-54.674803,-2.419798],[-54.670592,-2.428709]]]}},
{"type":"Feature","properties":{"IDHIDROVIA":200002085,"NOME":"Hidrovia do Tocantins","NAVEGACAO":"Navegação Interior","TIPO":"Rio","VEL_CIONAL":25.0,"EXTENSAO":29.579211784799998,"TEMPO":"0d 1h 10min","CLA_ICACAO":"Navegável","NOME_RIO":"Rio Pará","NOM_ECLUSA":null,"JURISDICAO":"AHIMOR","REG_RAFICA":"Região Hidrográfica do Tocantins","PRO_DE_MIN":1.8,"PRO_DE_MAX":2.0,"DOMINIO":null,"OBSERVACAO":null,"SNV":"Não","FONTE":"ANA/Antaq","IDM_ORIGEM":"BR150110","MUN_ORIGEM":"Bagre","EST_ORIGEM":"PA","IDM_ESTINO":"BR150280","MUN_ESTINO":"Curralinho","EST_ESTINO":"PA","IDANTAQ":1,"CAMADA_SIM":"45","FLUXO":11359096.4},"geometry":{"type":"MultiLineString","coordinates":[[[-50.018515,-1.784257],[-50.035398,-1.782286],[-50.051695,-1.782896],[-50.07141,-1.791319],[-50.087279,-1.798094],[-50.105893,-1.805296],[-50.125791,-1.810605],[-50.139586,-1.815123],[-50.158202,-1.816893],[-50.179991,-1.817198],[-50.194884,-1.816893],[-50.220274,-1.813291],[-50.243712,-1.810912],[-50.268369,-1.809568],[-50.278013,-1.809812]]]}},
{"type":"Feature","properties":{"IDHIDROVIA":200002086,"NOME":"Hidrovia do Tocantins","NAVEGACAO":"Navegação Interior","TIPO":"Rio","VEL_CIONAL":25.0,"EXTENSAO":36.0933413343,"TEMPO":"0d 1h 26min","CLA_ICACAO":"Navegável","NOME_RIO":"Rio Tocantins","NOM_ECLUSA":null,"JURISDICAO":"AHIMOR","REG_RAFICA":"Região Hidrográfica do Tocantins","PRO_DE_MIN":1.5,"PRO_DE_MAX":4.0,"DOMINIO":"União","OBSERVACAO":"Foz no oceano Atlântico _PA_ até o Lago da Barragem de Serra da Mesa _GO_, na confluência com o rio Tocantizinho _GO_.","SNV":"Sim","FONTE":"ANA/Antaq","IDM_ORIGEM":"BR150130","MUN_ORIGEM":"Barcarena","EST_ORIGEM":"PA","IDM_ESTINO":"BR150490","MUN_ESTINO":"Muaná","EST_ESTINO":"PA","IDANTAQ":9,"CAMADA_SIM":"46","FLUXO":11359096.4},"geometry":{"type":"MultiLineString","coordinates":[[[-49.052615,-1.602501],[-49.052,-1.601927],[-49.042174,-1.59088],[-49.028075,-1.579771],[-49.007201,-1.568968],[-48.973387,-1.557494],[-48.943175,-1.547972],[-48.92401,-1.541624],[-48.891905,-1.531493],[-48.859007,-1.527892],[-48.797158,-1.550362],[-48.770821,-1.545719],[-48.752081,-1.537208]]]}},
{"type":"Feature","properties":{"IDHIDROVIA":200002087,"NOME":"Hidrovia do Tocantins","NAVEGACAO":"Navegação Interior","TIPO":"Rio","VEL_CIONAL":15.0,"EXTENSAO":2.5660452225200001,"TEMPO":"0d 0h 10min","CLA_ICACAO":"Navegável","NOME_RIO":"Rio Moju","NOM_ECLUSA":null,"JURISDICAO":"AHIMOR","REG_RAFICA":"Região Hidrográfica do Tocantins","PRO_DE_MIN":1.2,"PRO_DE_MAX":1.8,"DOMINIO":"Estados ou Distrito Federal","OBSERVACAO":"Foz no rio Guamá _PA_ até Cairari _PA_.","SNV":"Sim","FONTE":"ANA/Antaq","IDM_ORIGEM":"BR150130","MUN_ORIGEM":"Barcarena","EST_ORIGEM":"PA","IDM_ESTINO":"BR150130","MUN_ESTINO":"Barcarena","EST_ESTINO":"PA","IDANTAQ":9,"CAMADA_SIM":"47","FLUXO":50508.3},"geometry":{"type":"MultiLineString","coordinates":[[[-48.505614,-1.556578],[-48.50891,-1.554381],[-48.512206,-1.551878],[-48.515196,-1.549376],[-48.518675,-1.546873],[-48.52307,-1.543394],[-48.523985,-1.542601]]]}},
{"type":"Feature","properties":{"IDHIDROVIA":200002090,"NOME":"Hidrovia do Amazonas","NAVEGACAO":"Navegação Interior","TIPO":"Rio","VEL_CIONAL":25.0,"EXTENSAO":28.0260688728,"TEMPO":"0d 1h 7min","CLA_ICACAO":"Navegável","NOME_RIO":"Rio Amazonas","NOM_ECLUSA":null,"JURISDICAO":"AHIMOR","REG_RAFICA":"Região Hidrográfica Amazônica","PRO_DE_MIN":5.0,"PRO_DE_MAX":7.5,"DOMINIO":"União","OBSERVACAO":"Foz no oceano Atlântico _PA_ até a confluência dos rios Negro e Solimões.","SNV":"Sim","FONTE":"LabTrans/Antaq","IDM_ORIGEM":"BR150310","MUN_ORIGEM":"Gurupá","EST_ORIGEM":"PA","IDM_ESTINO":"BR150310","MUN_ESTINO":"Gurupá","EST_ESTINO":"PA","IDANTAQ":1,"CAMADA_SIM":"48","FLUXO":12283846.3},"geometry":{"type":"MultiLineString","coordinates":[[[-52.249083,-1.505797],[-52.236876,-1.497374],[-52.227599,-1.491087],[-52.213988,-1.487669],[-52.192381,-1.485716],[-52.175597,-1.485411],[-52.162108,-1.485228],[-52.148192,-1.485106],[-52.138426,-1.48419],[-52.125487,-1.479979],[-52.115172,-1.474608],[-52.104613,-1.468993],[-52.085204,-1.461974],[-52.074095,-1.458983],[-52.063902,-1.45648],[-52.047179,-1.451292],[-52.032286,-1.446776],[-52.009825,-1.440306]]]}},
{"type":"Feature","properties":{"IDHIDROVIA":200002091,"NOME":"Hidrovia do Amazonas","NAVEGACAO":"Navegação Interior","TIPO":"Rio","VEL_CIONAL":15.0,"EXTENSAO":77.481557403400004,"TEMPO":"0d 5h 9min","CLA_ICACAO":"Navegável","NOME_RIO":"Rio Trombetas","NOM_ECLUSA":null,"JURISDICAO":"AHIMOR","REG_RAFICA":"Região Hidrográfica Amazônica","PRO_DE_MIN":1.5,"PRO_DE_MAX":4.0,"DOMINIO":"Estados ou Distrito Federal","OBSERVACAO":"Foz no rio Amazonas _PA_ até o sopé Cachoeira Porteira _Oriximiná-PA_.","SNV":"Sim","FONTE":"LabTrans/ANA/Antaq","IDM_ORIGEM":"BR150530","MUN_ORIGEM":"Oriximiná","EST_ORIGEM":"PA","IDM_ESTINO":"BR150530","MUN_ESTINO":"Oriximiná","EST_ESTINO":"PA","IDANTAQ":1,"CAMADA_SIM":"49","FLUXO":369.2},"geometry":{"type":"MultiLineString","coordinates":[[[-56.378073,-1.459878],[-56.369535,-1.459158],[-56.360777,-1.458922],[-56.351805,-1.459898],[-56.341612,-1.462706],[-56.328001,-1.471373],[-56.32318,-1.477782],[-56.319579,-1.484007],[-56.317076,-1.48828],[-56.313292,-1.491026],[-56.307005,-1.492125],[-56.303404,-1.494017],[-56.298216,-1.499388],[-56.29608,-1.507018],[-56.295287,-1.510497],[-56.29289,-1.515715],[-56.28961,-1.520079],[-56.28607,-1.523314],[-56.283385,-1.524779],[-56.279417,-1.527281],[-56.274596,-1.528197],[-56.272093,-1.527892],[-56.270079,-1.526793],[-56.267516,-1.52307],[-56.265074,-1.520079],[-56.260374,-1.518187],[-56.25659,-1.518187],[-56.252074,-1.518675],[-56.248106,-1.520689],[-56.245909,-1.523192],[-56.239806,-1.529906],[-56.234984,-1.534911],[-56.232115,-1.536986],[-56.228575,-1.537596],[-56.225218,-1.537779],[-56.221373,-1.537108],[-56.217589,-1.534972],[-56.212279,-1.527769],[-56.209288,-1.522582],[-56.206297,-1.517699],[-56.203185,-1.514098],[-56.199217,-1.510985],[-56.194395,-1.509703],[-56.189391,-1.509093],[-56.183897,-1.509093],[-56.179869,-1.509581],[-56.176024,-1.510802],[-56.155089,-1.520201],[-56.149474,-1.522215],[-56.144286,-1.523009],[-56.139769,-1.523497],[-56.1369,-1.523375],[-56.129515,-1.520873],[-56.121397,-1.518919],[-56.116576,-1.517821],[-56.111815,-1.51721],[-56.105589,-1.517821],[-56.100768,-1.51898],[-56.096617,-1.520506],[-56.093077,-1.521483],[-56.081786,-1.52368],[-56.078307,-1.523375],[-56.074095,-1.522704],[-56.070921,-1.521422],[-56.06848,-1.520689],[-56.052794,-1.519591],[-56.048399,-1.519896],[-56.044798,-1.520384],[-56.042174,-1.521483],[-56.039977,-1.522704],[-56.035094,-1.525389],[-56.029173,-1.531371],[-56.024901,-1.536681],[-56.020995,-1.542113],[-56.016783,-1.549315],[-56.00891,-1.56378],[-56.005003,-1.57318],[-55.989684,-1.610411],[-55.973387,-1.6416],[-55.959715,-1.658873],[-55.946471,-1.673827],[-55.943968,-1.676695],[-55.922484,-1.70172],[-55.913695,-1.714598],[-55.90808,-1.725279],[-55.899107,-1.740477],[-55.890196,-1.7536],[-55.884215,-1.761107],[-55.876593,-1.768451]]]}},
{"type":"Feature","properties":{"IDHIDROVIA":200002093,"NOME":"Hidrovia do Amazonas","NAVEGACAO":"Navegação Interior","TIPO":"Rio","VEL_CIONAL":25.0,"EXTENSAO":44.974871185799998,"TEMPO":"0d 1h 47min","CLA_ICACAO":"Navegável","NOME_RIO":"Rio Amazonas","NOM_ECLUSA":null,"JURISDICAO":"AHIMOR","REG_RAFICA":"Região Hidrográfica Amazônica","PRO_DE_MIN":5.0,"PRO_DE_MAX":7.5,"DOMINIO":"União","OBSERVACAO":"Foz no oceano Atlântico _PA_ até a confluência dos rios Negro e Solimões.","SNV":"Sim","FONTE":"LabTrans/Antaq","IDM_ORIGEM":"BR150050","MUN_ORIGEM":"Almeirim","EST_ORIGEM":"PA","IDM_ESTINO":"BR150310","MUN_ESTINO":"Gurupá","EST_ESTINO":"PA","IDANTAQ":1,"CAMADA_SIM":"50","FLUXO":12283846.3},"geometry":{"type":"MultiLineString","coordinates":[[[-52.009825,-1.440306],[-51.992674,-1.432188],[-51.977477,-1.422179],[-51.965392,-1.413084],[-51.951292,-1.399107],[-51.935179,-1.381895],[-51.919981,-1.364684],[-51.907408,-1.346678],[-51.898802,-1.332396],[-51.89398,-1.317076],[-51.891295,-1.300108],[-51.891478,-1.281981],[-51.887206,-1.273985],[-51.88098,-1.270628],[-51.872374,-1.264586],[-51.869017,-1.258788],[-51.867308,-1.253905],[-51.866393,-1.250121],[-51.865294,-1.247008],[-51.86328,-1.244383],[-51.860228,-1.241698],[-51.854491,-1.239684],[-51.849974,-1.238707],[-51.846373,-1.238402],[-51.841307,-1.235411],[-51.838683,-1.233885],[-51.835326,-1.232176],[-51.830382,-1.229186],[-51.8244,-1.225584],[-51.821776,-1.223998],[-51.815611,-1.220396],[-51.812376,-1.218199],[-51.809386,-1.216185],[-51.801207,-1.210814],[-51.794676,-1.206175],[-51.790709,-1.202513],[-51.785887,-1.197691],[-51.783385,-1.193175],[-51.78192,-1.187498],[-51.781493,-1.181517],[-51.781126,-1.17578],[-51.779906,-1.170409],[-51.778807,-1.166624],[-51.778685,-1.161009],[-51.779173,-1.154478],[-51.779295,-1.142394]]]}},
{"type":"Feature","properties":{"IDHIDROVIA":200002094,"NOME":"Hidrovia do Negro","NAVEGACAO":"Navegação Interior","TIPO":"Rio","VEL_CIONAL":10.0,"EXTENSAO":184.9384627,"TEMPO":"0d 18h 29min","CLA_ICACAO":"Navegável","NOME_RIO":"Rio Negro","NOM_ECLUSA":null,"JURISDICAO":"AHIMOC","REG_RAFICA":"Região Hidrográfica Amazônica","PRO_DE_MIN":1.8,"PRO_DE_MAX":4.0,"DOMINIO":"União","OBSERVACAO":"Confluência com o rio Solimões_AM_ até Cucuí _AM_.","SNV":"Sim","FONTE":"LabTrans/Antaq","IDM_ORIGEM":"BR130320","MUN_ORIGEM":"Novo Airão","EST_ORIGEM":"AM","IDM_ESTINO":"BR130040","MUN_ESTINO":"Barcelos","EST_ESTINO":"AM","IDANTAQ":20,"CAMADA_SIM":"51","FLUXO":16179.6},"geometry":{"type":"MultiLineString","coordinates":[[[-61.833311,-1.401427],[-61.825804,-1.402708],[-61.815611,-1.398192],[-61.809081,-1.3916],[-61.807616,-1.390318],[-61.800108,-1.38391],[-61.787108,-1.378722],[-61.772887,-1.380003],[-61.754088,-1.385008],[-61.73651,-1.398192],[-61.720885,-1.407286],[-61.694579,-1.418394],[-61.675475,-1.424071],[-61.644286,-1.431883],[-61.630186,-1.436278],[-61.619811,-1.441893],[-61.605223,-1.44879],[-61.589903,-1.459898],[-61.579405,-1.471068],[-61.560606,-1.49127],[-61.553282,-1.511168],[-61.541808,-1.526122],[-61.518492,-1.548094],[-61.504515,-1.56317],[-61.50067,-1.570128],[-61.493712,-1.579894],[-61.484007,-1.588072],[-61.479186,-1.589903],[-61.473387,-1.593993],[-61.467101,-1.603087],[-61.460509,-1.610228],[-61.452391,-1.614806],[-61.444579,-1.615782],[-61.437804,-1.615904],[-61.432188,-1.617125],[-61.42578,-1.620299],[-61.421019,-1.62451],[-61.41638,-1.631468],[-61.414183,-1.637206],[-61.413268,-1.64337],[-61.414427,-1.652586],[-61.416075,-1.658507],[-61.417296,-1.662596],[-61.418394,-1.666991],[-61.418028,-1.673216],[-61.416869,-1.679869],[-61.412901,-1.69348],[-61.411009,-1.700926],[-61.410582,-1.70471],[-61.412108,-1.710509],[-61.413878,-1.715392],[-61.416075,-1.722594],[-61.417296,-1.729002],[-61.418211,-1.739073],[-61.420775,-1.749022],[-61.423582,-1.757079],[-61.424925,-1.76422],[-61.424681,-1.774474],[-61.422789,-1.786681],[-61.415709,-1.801817],[-61.40808,-1.815184],[-61.401488,-1.829588],[-61.392882,-1.845702],[-61.388182,-1.857298],[-61.383299,-1.8692],[-61.366209,-1.891478],[-61.351073,-1.904112],[-61.300719,-1.94879],[-61.2489,-1.999205],[-61.232115,-2.025023],[-61.221922,-2.051207],[-61.21472,-2.064574],[-61.195921,-2.094786],[-61.179869,-2.103209],[-61.148375,-2.123106],[-61.126707,-2.143187],[-61.099303,-2.167296],[-61.082884,-2.190306],[-61.070677,-2.226012],[-61.064391,-2.245299],[-61.055907,-2.273192],[-61.046568,-2.294371],[-61.034972,-2.315611],[-61.028624,-2.337096],[-61.026488,-2.351195],[-61.021605,-2.36682],[-61.017394,-2.383788],[-61.017821,-2.400877],[-61.019225,-2.419188],[-61.018797,-2.433104],[-61.018126,-2.444884],[-61.014403,-2.457274],[-61.001707,-2.473998],[-60.993773,-2.491698],[-60.991087,-2.506285],[-60.990294,-2.520995],[-60.987975,-2.547789],[-60.98297,-2.560301],[-60.977293,-2.570311],[-60.966185,-2.584288],[-60.952208,-2.591917],[-60.944212,-2.593993],[-60.939367,-2.595089]]]}},
{"type":"Feature","properties":{"IDHIDROVIA":200002095,"NOME":"Hidrovia do Amazonas","NAVEGACAO":"Navegação Interior","TIPO":"Rio","VEL_CIONAL":15.0,"EXTENSAO":123.43636723100001,"TEMPO":"0d 8h 13min","CLA_ICACAO":"Navegável","NOME_RIO":"Rio Jari","NOM_ECLUSA":null,"JURISDICAO":"AHIMOR","REG_RAFICA":"Região Hidrográfica Amazônica","PRO_DE_MIN":1.2,"PRO_DE_MAX":3.0,"DOMINIO":"União","OBSERVACAO":"Foz no rio Amazonas _AP_ até Laranjal do Jari _AP_.","SNV":"Sim","FONTE":"LabTrans/ANA/Antaq","IDM_ORIGEM":"BR150050","MUN_ORIGEM":"Almeirim","EST_ORIGEM":"PA","IDM_ESTINO":"BR160080","MUN_ESTINO":"Vitória do Jari","EST_ESTINO":"AP","IDANTAQ":1,"CAMADA_SIM":"52","FLUXO":8842.7},"geometry":{"type":"MultiLineString","coordinates":[[[-52.422311,-0.919265],[-52.433775,-0.9317],[-52.435484,-0.934996],[-52.435912,-0.939696],[-52.434996,-0.944395],[-52.433897,-0.947081],[-52.430418,-0.950682],[-52.427489,-0.95349],[-52.423094,-0.957579],[-52.41931,-0.962889],[-52.417174,-0.967284],[-52.415587,-0.972594],[-52.41461,-0.979186],[-52.413512,-0.984801],[-52.413207,-0.989012],[-52.413207,-0.993895],[-52.414122,-0.997923],[-52.41461,-1.000792],[-52.414977,-1.003783],[-52.414488,-1.006895],[-52.413817,-1.011107],[-52.412901,-1.015074],[-52.413084,-1.018675],[-52.414,-1.022276],[-52.414915,-1.026488],[-52.416686,-1.029723],[-52.4187,-1.032591],[-52.421019,-1.034911],[-52.42401,-1.039122],[-52.425597,-1.042418],[-52.426085,-1.045287],[-52.424803,-1.048582],[-52.421324,-1.051512],[-52.415404,-1.05139],[-52.411009,-1.049986],[-52.408019,-1.046873],[-52.403807,-1.044981],[-52.400023,-1.043822],[-52.396483,-1.044005],[-52.39221,-1.045592],[-52.387877,-1.048582],[-52.384703,-1.051024],[-52.380492,-1.053282],[-52.376891,-1.054808],[-52.371581,-1.056883],[-52.366393,-1.059691],[-52.360228,-1.06378],[-52.346373,-1.070189],[-52.342711,-1.072997],[-52.340392,-1.07672],[-52.339903,-1.083983],[-52.340208,-1.088499],[-52.340392,-1.094786],[-52.34088,-1.1015],[-52.339781,-1.104674],[-52.338683,-1.108275],[-52.335875,-1.112303],[-52.332396,-1.115782],[-52.327208,-1.1192],[-52.322997,-1.119688],[-52.31909,-1.119322],[-52.312376,-1.118407],[-52.306395,-1.118224],[-52.299681,-1.119688],[-52.291197,-1.12451],[-52.280882,-1.130003],[-52.272093,-1.130797],[-52.266722,-1.130003],[-52.254027,-1.128722],[-52.244017,-1.128783],[-52.229002,-1.13159],[-52.213988,-1.133604],[-52.203795,-1.134276],[-52.184874,-1.132079],[-52.179198,-1.132079],[-52.174376,-1.132689],[-52.167479,-1.134886],[-52.164183,-1.1369],[-52.160399,-1.139891],[-52.155882,-1.143675],[-52.151427,-1.145384],[-52.144408,-1.147704],[-52.138792,-1.147582],[-52.131285,-1.147704],[-52.125487,-1.149718],[-52.120909,-1.15161],[-52.118895,-1.154723],[-52.117308,-1.158202],[-52.113707,-1.164977],[-52.111082,-1.172301],[-52.109007,-1.178221],[-52.108824,-1.185118],[-52.109373,-1.193907],[-52.111693,-1.199828],[-52.112975,-1.210997],[-52.112181,-1.219481],[-52.107115,-1.224425],[-52.098326,-1.228209],[-52.08618,-1.233092],[-52.071288,-1.235106],[-52.065916,-1.235777],[-52.060484,-1.234984],[-52.055785,-1.231505],[-52.051695,-1.221495],[-52.051817,-1.21411],[-52.059203,-1.203307],[-52.065916,-1.190489],[-52.065001,-1.186095],[-52.061217,-1.182677],[-52.057799,-1.180296],[-52.051817,-1.174681],[-52.04901,-1.17169],[-52.04608,-1.169981],[-52.042174,-1.168089],[-52.039,-1.167296],[-52.035582,-1.166808],[-52.030882,-1.166808],[-52.02722,-1.166502],[-52.023375,-1.16638],[-52.017882,-1.16638],[-52.014403,-1.16638],[-52.009398,-1.167479],[-51.997923,-1.169493],[-51.993712,-1.169676],[-51.98889,-1.168394],[-51.98712,-1.165099],[-51.986815,-1.161681],[-51.987303,-1.15808],[-51.987791,-1.154417],[-51.988219,-1.148924],[-51.98889,-1.145689],[-51.990599,-1.141112],[-51.992491,-1.138121],[-51.994383,-1.132323],[-51.994017,-1.127989],[-51.992796,-1.125304],[-51.989684,-1.121275],[-51.987303,-1.119383],[-51.983885,-1.117979],[-51.980528,-1.117125],[-51.97711,-1.117186],[-51.974181,-1.117186],[-51.970824,-1.117796],[-51.966307,-1.121703],[-51.963622,-1.124693],[-51.960814,-1.128722],[-51.958922,-1.13391],[-51.959288,-1.138121],[-51.961607,-1.144408],[-51.962889,-1.149901],[-51.963622,-1.154784],[-51.963377,-1.158019],[-51.962218,-1.162718],[-51.959227,-1.165709],[-51.953795,-1.167113],[-51.948485,-1.16638],[-51.945128,-1.164122],[-51.943297,-1.161803],[-51.941405,-1.15869],[-51.938292,-1.149107],[-51.933409,-1.137206],[-51.930602,-1.132994],[-51.927489,-1.131102],[-51.923399,-1.131102],[-51.9187,-1.133116],[-51.913512,-1.13568],[-51.905211,-1.144896],[-51.896605,-1.153014],[-51.886107,-1.160094],[-51.874083,-1.164427],[-51.861082,-1.165282],[-51.850279,-1.163512],[-51.842101,-1.161314],[-51.834288,-1.158507],[-51.824522,-1.156493],[-51.812193,-1.155211],[-51.797484,-1.150694],[-51.779295,-1.142394]]]}},
{"type":"Feature","properties":{"IDHIDROVIA":200002097,"NOME":"Hidrovia do Negro","NAVEGACAO":"Navegação Interior","TIPO":"Rio","VEL_CIONAL":10.0,"EXTENSAO":398.58079319299998,"TEMPO":"1d 15h 51min","CLA_ICACAO":"Navegável","NOME_RIO":"Rio Branco","NOM_ECLUSA":null,"JURISDICAO":"AHIMOC","REG_RAFICA":"Região Hidrográfica Amazônica","PRO_DE_MIN":1.0,"PRO_DE_MAX":2.0,"DOMINIO":"União","OBSERVACAO":"Foz no rio Negro _RR_ até a confluência dos rios Uraricoera e Tacutu.","SNV":"Sim","FONTE":"LabTrans/Antaq","IDM_ORIGEM":"BR130040","MUN_ORIGEM":"Barcelos","EST_ORIGEM":"AM","IDM_ESTINO":"BR140020","MUN_ESTINO":"Caracaraí","EST_ESTINO":"RR","IDANTAQ":20,"CAMADA_SIM":"53","FLUXO":16179.6},"geometry":{"type":"MultiLineString","coordinates":[[[-61.120604,1.821105],[-61.122313,1.818298],[-61.125304,1.811279],[-61.126219,1.808715],[-61.127318,1.805114],[-61.130186,1.796081],[-61.131468,1.79071],[-61.132994,1.783508],[-61.133482,1.778686],[-61.134276,1.773071],[-61.13452,1.76947],[-61.134825,1.760498],[-61.136717,1.754089],[-61.138487,1.749877],[-61.14099,1.743286],[-61.143797,1.738891],[-61.145506,1.735473],[-61.150694,1.728881],[-61.15399,1.724121],[-61.158385,1.718505],[-61.162718,1.714904],[-61.168394,1.711914],[-61.174376,1.707519],[-61.179869,1.70288],[-61.184508,1.697509],[-61.19232,1.679687],[-61.195921,1.669311],[-61.200987,1.660278],[-61.205809,1.656311],[-61.213377,1.651489],[-61.216673,1.648681],[-61.222411,1.642272],[-61.226378,1.636474],[-61.229124,1.629089],[-61.230101,1.623718],[-61.2312,1.615905],[-61.230101,1.609313],[-61.231078,1.601318],[-61.233885,1.590881],[-61.237975,1.585327],[-61.242369,1.582275],[-61.246275,1.578125],[-61.248106,1.572509],[-61.249327,1.565673],[-61.250609,1.561279],[-61.250121,1.554687],[-61.248717,1.546875],[-61.247923,1.54248],[-61.247191,1.537719],[-61.247984,1.529907],[-61.248595,1.526916],[-61.251097,1.522888],[-61.252379,1.520324],[-61.2536,1.517272],[-61.254088,1.514526],[-61.256285,1.507324],[-61.257689,1.504089],[-61.260008,1.499328],[-61.261412,1.495483],[-61.2619,1.492126],[-61.262511,1.488891],[-61.262694,1.48352],[-61.262206,1.478881],[-61.262694,1.47467],[-61.264098,1.470275],[-61.265196,1.465515],[-61.266478,1.46112],[-61.267882,1.456909],[-61.270628,1.450317],[-61.272215,1.446716],[-61.273009,1.443298],[-61.274107,1.437927],[-61.276183,1.432312],[-61.277403,1.428283],[-61.277892,1.425109],[-61.278197,1.421875],[-61.277281,1.416076],[-61.27429,1.410522],[-61.271605,1.406494],[-61.27191,1.399475],[-61.271788,1.390319],[-61.2713,1.384521],[-61.270995,1.380676],[-61.270323,1.377319],[-61.269408,1.373107],[-61.269286,1.367675],[-61.269896,1.363708],[-61.270811,1.35852],[-61.272215,1.353881],[-61.274474,1.346313],[-61.276488,1.3385],[-61.278807,1.331909],[-61.281615,1.326477],[-61.286192,1.318115],[-61.291075,1.309692],[-61.293211,1.303527],[-61.293822,1.293701],[-61.294127,1.288085],[-61.294798,1.2807],[-61.296202,1.273071],[-61.298399,1.267517],[-61.302794,1.25653],[-61.307799,1.245483],[-61.311522,1.238891],[-61.31378,1.235717],[-61.315978,1.233276],[-61.318175,1.231323],[-61.320982,1.229309],[-61.323607,1.224487],[-61.326598,1.220092],[-61.330016,1.21527],[-61.331908,1.210327],[-61.333311,1.205078],[-61.333311,1.198486],[-61.332091,1.18988],[-61.3291,1.180725],[-61.327208,1.173278],[-61.325621,1.164306],[-61.324217,1.158081],[-61.323607,1.152099],[-61.32379,1.142272],[-61.326598,1.134704],[-61.328795,1.120483],[-61.331419,1.11267],[-61.333922,1.106323],[-61.336607,1.100097],[-61.338499,1.093688],[-61.340086,1.082885],[-61.34381,1.067504],[-61.347899,1.058288],[-61.350096,1.044311],[-61.350096,1.035705],[-61.350707,1.02832],[-61.353575,1.017089],[-61.354674,1.0083],[-61.3562,1.000915],[-61.361021,0.988281],[-61.365782,0.978271],[-61.368712,0.971679],[-61.370787,0.961486],[-61.371886,0.9505],[-61.375792,0.936523],[-61.379088,0.925109],[-61.387083,0.914672],[-61.394591,0.909118],[-61.400877,0.904907],[-61.405699,0.89569],[-61.406493,0.891113],[-61.406676,0.884887],[-61.406493,0.879089],[-61.408507,0.872924],[-61.410277,0.867675],[-61.411986,0.861511],[-61.412718,0.854492],[-61.413878,0.848327],[-61.41638,0.841918],[-61.420103,0.83673],[-61.423582,0.832519],[-61.426512,0.828674],[-61.430785,0.824096],[-61.437315,0.817077],[-61.443785,0.810302],[-61.448424,0.802673],[-61.451781,0.794128],[-61.456297,0.785278],[-61.46118,0.777526],[-61.469115,0.767089],[-61.474608,0.758483],[-61.482909,0.74768],[-61.489073,0.740295],[-61.499083,0.728698],[-61.509093,0.719482],[-61.518492,0.71173],[-61.52722,0.703674],[-61.535399,0.697509],[-61.541686,0.693908],[-61.54669,0.690124],[-61.550475,0.685485],[-61.556395,0.678894],[-61.560118,0.674499],[-61.563902,0.668518],[-61.57202,0.661926],[-61.577208,0.654907],[-61.579894,0.647705],[-61.583617,0.6427],[-61.585509,0.635314],[-61.587889,0.628723],[-61.591917,0.624877],[-61.597777,0.622497],[-61.604186,0.616699],[-61.609373,0.610473],[-61.61328,0.604125],[-61.615477,0.596679],[-61.616515,0.590698],[-61.619811,0.577697],[-61.622801,0.567687],[-61.625182,0.554321],[-61.627623,0.550476],[-61.630797,0.546691],[-61.631895,0.543701],[-61.631895,0.54071],[-61.632994,0.534301],[-61.634886,0.528503],[-61.637816,0.524902],[-61.640623,0.522277],[-61.647093,0.515319],[-61.650999,0.509887],[-61.658202,0.504272],[-61.662901,0.500488],[-61.668028,0.497924],[-61.673521,0.496093],[-61.679198,0.4953],[-61.682982,0.493713],[-61.68579,0.491882],[-61.689391,0.48767],[-61.692809,0.483886],[-61.697997,0.479675],[-61.701903,0.476074],[-61.704894,0.471923],[-61.708189,0.466674],[-61.713499,0.458923],[-61.719725,0.450317],[-61.727782,0.439086],[-61.731993,0.429687],[-61.73242,0.421081],[-61.72888,0.411499],[-61.723082,0.399719],[-61.722716,0.394104],[-61.722594,0.384521],[-61.723021,0.377075],[-61.725707,0.365295],[-61.729002,0.35968],[-61.733702,0.354919],[-61.739806,0.345275],[-61.74359,0.337524],[-61.750975,0.322875],[-61.75659,0.311889],[-61.758482,0.304077],[-61.758727,0.295104],[-61.75891,0.284484],[-61.760008,0.277282],[-61.76068,0.265319],[-61.760497,0.25531],[-61.761473,0.251525],[-61.765318,0.247314],[-61.768004,0.241516],[-61.770506,0.236511],[-61.771727,0.230285],[-61.769286,0.222717],[-61.769408,0.216308],[-61.770506,0.208312],[-61.770995,0.202697],[-61.770811,0.191284],[-61.770811,0.179687],[-61.77252,0.170288],[-61.774596,0.163879],[-61.775389,0.158691],[-61.773985,0.152893],[-61.772704,0.147094],[-61.771483,0.140075],[-61.7713,0.133911],[-61.768004,0.125305],[-61.76721,0.114501],[-61.766478,0.105895],[-61.764098,0.094116],[-61.763121,0.080871],[-61.763487,0.065673],[-61.765379,0.059509],[-61.770628,0.05548],[-61.776488,0.049499],[-61.778685,0.046081],[-61.779478,0.040283],[-61.779723,0.032897],[-61.781493,0.028076],[-61.785399,0.023071],[-61.791014,0.014282],[-61.793822,0.009704],[-61.797423,-0.001585],[-61.80139,-0.013487],[-61.808104,-0.018919],[-61.81079,-0.022704],[-61.813109,-0.028807],[-61.813292,-0.036986],[-61.813597,-0.043211],[-61.811095,-0.052],[-61.804686,-0.065489],[-61.797301,-0.076292],[-61.788878,-0.085204],[-61.788023,-0.095885],[-61.789183,-0.104308],[-61.791075,-0.110899],[-61.795409,-0.123228],[-61.80139,-0.13098],[-61.804991,-0.137511],[-61.805479,-0.144591],[-61.804991,-0.150511],[-61.805785,-0.162108],[-61.810179,-0.183287],[-61.815611,-0.200377],[-61.823485,-0.216795],[-61.82672,-0.225218],[-61.828978,-0.235777],[-61.830992,-0.242003],[-61.835082,-0.249876],[-61.837706,-0.258177],[-61.839293,-0.266478],[-61.840086,-0.270995],[-61.839476,-0.275816],[-61.837096,-0.2843],[-61.833983,-0.291808],[-61.830809,-0.296873],[-61.827391,-0.304808],[-61.827391,-0.310179],[-61.830077,-0.315001],[-61.831297,-0.318785],[-61.833128,-0.32379],[-61.835509,-0.330016],[-61.837523,-0.338194],[-61.837706,-0.345885],[-61.838988,-0.352293],[-61.841307,-0.35742],[-61.844298,-0.361693],[-61.846983,-0.365904],[-61.846983,-0.370299],[-61.843382,-0.380309],[-61.840575,-0.386778],[-61.838499,-0.39398],[-61.834288,-0.404906],[-61.825011,-0.416319],[-61.817686,-0.424376],[-61.810728,-0.431212],[-61.8067,-0.436705],[-61.804625,-0.442625],[-61.80078,-0.45349],[-61.798216,-0.459776],[-61.797789,-0.465208],[-61.79962,-0.471678],[-61.802916,-0.478209],[-61.806578,-0.485594],[-61.810728,-0.4942],[-61.813109,-0.500182],[-61.814574,-0.504698],[-61.816893,-0.508788],[-61.821593,-0.512328],[-61.824217,-0.516295],[-61.823607,-0.52661],[-61.822386,-0.534911],[-61.819518,-0.542784],[-61.8161,-0.550597],[-61.814818,-0.553526],[-61.812193,-0.56079],[-61.809508,-0.568785],[-61.809081,-0.57318],[-61.809203,-0.583311],[-61.809203,-0.59088],[-61.808287,-0.596617],[-61.805602,-0.603697],[-61.807005,-0.609679],[-61.808714,-0.614012],[-61.81201,-0.620177],[-61.82141,-0.640501],[-61.825316,-0.649107],[-61.831603,-0.660094],[-61.83618,-0.667601],[-61.839781,-0.67401],[-61.848204,-0.684081],[-61.851012,-0.689085],[-61.854186,-0.693419],[-61.8562,-0.697813],[-61.857481,-0.707579],[-61.859496,-0.712279],[-61.861998,-0.715392],[-61.863585,-0.717894],[-61.864989,-0.720824],[-61.866209,-0.7265],[-61.864806,-0.73358],[-61.862486,-0.7395],[-61.860594,-0.745177],[-61.860289,-0.752196],[-61.860106,-0.757323],[-61.858885,-0.764281],[-61.856505,-0.771727],[-61.854002,-0.775999],[-61.851927,-0.781126],[-61.849181,-0.792296],[-61.846495,-0.799925],[-61.845396,-0.805296],[-61.844481,-0.812315],[-61.844786,-0.819701],[-61.846495,-0.828185],[-61.849486,-0.834288],[-61.851622,-0.838377],[-61.854186,-0.841917],[-61.859007,-0.846373],[-61.8692,-0.854491],[-61.875609,-0.866087],[-61.878294,-0.872496],[-61.880614,-0.882384],[-61.881102,-0.889403],[-61.881102,-0.894774],[-61.8786,-0.901305],[-61.875426,-0.906981],[-61.872008,-0.911986],[-61.868102,-0.9187],[-61.865782,-0.923888],[-61.863402,-0.930174],[-61.862181,-0.93579],[-61.862975,-0.940184],[-61.864073,-0.94409],[-61.868102,-0.948302],[-61.870909,-0.951476],[-61.875914,-0.959227],[-61.883482,-0.976988],[-61.888426,-0.991209],[-61.888304,-0.999022],[-61.887389,-1.008482],[-61.88391,-1.016478],[-61.880186,-1.024596],[-61.876585,-1.030028],[-61.872496,-1.036681],[-61.867613,-1.044005],[-61.863219,-1.050475],[-61.860594,-1.054808],[-61.859618,-1.06201],[-61.859801,-1.068297],[-61.86151,-1.072997],[-61.864378,-1.080504],[-61.869994,-1.088622],[-61.872679,-1.094481],[-61.877379,-1.105406],[-61.879088,-1.11151],[-61.878111,-1.118102],[-61.87451,-1.124022],[-61.871703,-1.129881],[-61.86859,-1.134276],[-61.865599,-1.138792],[-61.86389,-1.143126],[-61.862181,-1.148985],[-61.860899,-1.154295],[-61.857787,-1.16339],[-61.854613,-1.174498],[-61.854186,-1.180907],[-61.854308,-1.186705],[-61.855406,-1.19641],[-61.856078,-1.203612],[-61.855894,-1.213316],[-61.854491,-1.22119],[-61.853026,-1.229491],[-61.849791,-1.23712],[-61.84558,-1.247374],[-61.842406,-1.255675],[-61.842711,-1.259581],[-61.844298,-1.263121],[-61.846007,-1.26599],[-61.848326,-1.268492],[-61.850279,-1.270995],[-61.854308,-1.277708],[-61.856993,-1.283202],[-61.858702,-1.28839],[-61.860411,-1.293394],[-61.865477,-1.307311],[-61.870909,-1.319884],[-61.872679,-1.330687],[-61.872984,-1.338622],[-61.871519,-1.347411],[-61.866698,-1.363707],[-61.860777,-1.377806],[-61.854674,-1.388182],[-61.847777,-1.392699],[-61.842589,-1.396788],[-61.836485,-1.400694],[-61.833311,-1.401427]]]}},
{"type":"Feature","properties":{"IDHIDROVIA":200002100,"NOME":"Hidrovia do Negro","NAVEGACAO":"Navegação Interior","TIPO":"Rio","VEL_CIONAL":10.0,"EXTENSAO":5.8386501930800003,"TEMPO":"0d 0h 35min","CLA_ICACAO":"Navegável","NOME_RIO":"Rio Negro","NOM_ECLUSA":null,"JURISDICAO":"AHIMOC","REG_RAFICA":"Região Hidrográfica Amazônica","PRO_DE_MIN":1.8,"PRO_DE_MAX":4.0,"DOMINIO":"União","OBSERVACAO":"Confluência com o rio Solimões_AM_ até Cucuí _AM_.","SNV":"Sim","FONTE":"LabTrans/Antaq","IDM_ORIGEM":"BR130260","MUN_ORIGEM":"Manaus","EST_ORIGEM":"AM","IDM_ESTINO":"BR130260","MUN_ESTINO":"Manaus","EST_ESTINO":"AM","IDANTAQ":20,"CAMADA_SIM":"54","FLUXO":16179.6},"geometry":{"type":"MultiLineString","coordinates":[[[-60.098832,-3.146591],[-60.092843,-3.143821],[-60.08625,-3.140954],[-60.082023,-3.137158],[-60.080314,-3.133267],[-60.079324,-3.129348],[-60.078045,-3.124121],[-60.077152,-3.119598],[-60.074363,-3.115747],[-60.070684,-3.113728],[-60.064831,-3.114549]]]}},
{"type":"Feature","properties":{"IDHIDROVIA":200002101,"NOME":"Hidrovia do Negro","NAVEGACAO":"Navegação Interior","TIPO":"Rio","VEL_CIONAL":10.0,"EXTENSAO":4.9170631052899996,"TEMPO":"0d 0h 29min","CLA_ICACAO":"Navegável","NOME_RIO":"Rio Negro","NOM_ECLUSA":null,"JURISDICAO":"AHIMOC","REG_RAFICA":"Região Hidrográfica Amazônica","PRO_DE_MIN":1.8,"PRO_DE_MAX":4.0,"DOMINIO":"União","OBSERVACAO":"Confluência com o rio Solimões_AM_ até Cucuí _AM_.","SNV":"Sim","FONTE":"LabTrans/Antaq","IDM_ORIGEM":"BR130260","MUN_ORIGEM":"Manaus","EST_ORIGEM":"AM","IDM_ESTINO":"BR130260","MUN_ESTINO":"Manaus","EST_ESTINO":"AM","IDANTAQ":20,"CAMADA_SIM":"55","FLUXO":651833.5},"geometry":{"type":"MultiLineString","coordinates":[[[-60.064831,-3.114549],[-60.054141,-3.122466],[-60.042277,-3.131248],[-60.0291,-3.140692]]]}},
{"type":"Feature","properties":{"IDHIDROVIA":200002102,"NOME":"Hidrovia do Negro","NAVEGACAO":"Navegação Interior","TIPO":"Rio","VEL_CIONAL":25.0,"EXTENSAO":3.6176875504699999,"TEMPO":"0d 0h 8min","CLA_ICACAO":"Navegável","NOME_RIO":"Rio Negro","NOM_ECLUSA":null,"JURISDICAO":"AHIMOC","REG_RAFICA":"Região Hidrográfica Amazônica","PRO_DE_MIN":1.8,"PRO_DE_MAX":4.0,"DOMINIO":"União","OBSERVACAO":"Confluência com o rio Solimões_AM_ até Cucuí _AM_.","SNV":"Sim","FONTE":"LabTrans/Antaq","IDM_ORIGEM":"BR130260","MUN_ORIGEM":"Manaus","EST_ORIGEM":"AM","IDM_ESTINO":"BR130260","MUN_ESTINO":"Manaus","EST_ESTINO":"AM","IDANTAQ":20,"CAMADA_SIM":"56","FLUXO":1102990.5},"geometry":{"type":"MultiLineString","coordinates":[[[-60.0291,-3.140692],[-60.027482,-3.141851],[-60.017423,-3.147575],[-60.010323,-3.152333],[-60.000475,-3.155807]]]}},
{"type":"Feature","properties":{"IDHIDROVIA":200002103,"NOME":"Hidrovia do Negro","NAVEGACAO":"Navegação Interior","TIPO":"Rio","VEL_CIONAL":25.0,"EXTENSAO":0.98211161338399999,"TEMPO":"0d 0h 2min","CLA_ICACAO":"Navegável","NOME_RIO":"Rio Negro","NOM_ECLUSA":null,"JURISDICAO":"AHIMOC","REG_RAFICA":"Região Hidrográfica Amazônica","PRO_DE_MIN":1.8,"PRO_DE_MAX":4.0,"DOMINIO":"União","OBSERVACAO":"Confluência com o rio Solimões_AM_ até Cucuí _AM_.","SNV":"Sim","FONTE":"LabTrans/Antaq","IDM_ORIGEM":"BR130260","MUN_ORIGEM":"Manaus","EST_ORIGEM":"AM","IDM_ESTINO":"BR130260","MUN_ESTINO":"Manaus","EST_ESTINO":"AM","IDANTAQ":20,"CAMADA_SIM":"57","FLUXO":1181307.3},"geometry":{"type":"MultiLineString","coordinates":[[[-60.000475,-3.155807],[-59.992361,-3.159301]]]}},
{"type":"Feature","properties":{"IDHIDROVIA":200002104,"NOME":"Hidrovia do Negro","NAVEGACAO":"Navegação Interior","TIPO":"Rio","VEL_CIONAL":25.0,"EXTENSAO":5.6248942882000001,"TEMPO":"0d 0h 13min","CLA_ICACAO":"Navegável","NOME_RIO":"Rio Negro","NOM_ECLUSA":null,"JURISDICAO":"AHIMOC","REG_RAFICA":"Região Hidrográfica Amazônica","PRO_DE_MIN":1.8,"PRO_DE_MAX":4.0,"DOMINIO":"União","OBSERVACAO":"Confluência com o rio Solimões_AM_ até Cucuí _AM_.","SNV":"Sim","FONTE":"LabTrans/Antaq","IDM_ORIGEM":"BR130260","MUN_ORIGEM":"Manaus","EST_ORIGEM":"AM","IDM_ESTINO":"BR130260","MUN_ESTINO":"Manaus","EST_ESTINO":"AM","IDANTAQ":20,"CAMADA_SIM":"58","FLUXO":2340349.5},"geometry":{"type":"MultiLineString","coordinates":[[[-59.992361,-3.159301],[-59.990063,-3.160291],[-59.980353,-3.165406],[-59.971617,-3.168756],[-59.961233,-3.167088],[-59.955503,-3.161122],[-59.951527,-3.153029]]]}},
{"type":"Feature","properties":{"IDHIDROVIA":200002105,"NOME":"Hidrovia do Amazonas","NAVEGACAO":"Navegação Interior","TIPO":"Rio","VEL_CIONAL":25.0,"EXTENSAO":3.14727818792,"TEMPO":"0d 0h 7min","CLA_ICACAO":"Navegável","NOME_RIO":"Rio Negro","NOM_ECLUSA":null,"JURISDICAO":"AHIMOC","REG_RAFICA":"Região Hidrográfica Amazônica","PRO_DE_MIN":1.8,"PRO_DE_MAX":4.0,"DOMINIO":"União","OBSERVACAO":"Confluência com o rio Solimões_AM_ até Cucuí _AM_.","SNV":"Sim","FONTE":"LabTrans/Antaq","IDM_ORIGEM":"BR130260","MUN_ORIGEM":"Manaus","EST_ORIGEM":"AM","IDM_ESTINO":"BR130260","MUN_ESTINO":"Manaus","EST_ESTINO":"AM","IDANTAQ":1,"CAMADA_SIM":"59","FLUXO":5406014.5},"geometry":{"type":"MultiLineString","coordinates":[[[-59.923233,-3.126621],[-59.912496,-3.12176],[-59.8963,-3.124998]]]}},
{"type":"Feature","properties":{"IDHIDROVIA":200002106,"NOME":"Hidrovia do Negro","NAVEGACAO":"Navegação Interior","TIPO":"Rio","VEL_CIONAL":25.0,"EXTENSAO":4.3028227297,"TEMPO":"0d 0h 10min","CLA_ICACAO":"Navegável","NOME_RIO":"Rio Negro","NOM_ECLUSA":null,"JURISDICAO":"AHIMOC","REG_RAFICA":"Região Hidrográfica Amazônica","PRO_DE_MIN":1.8,"PRO_DE_MAX":4.0,"DOMINIO":"União","OBSERVACAO":"Confluência com o rio Solimões_AM_ até Cucuí _AM_.","SNV":"Sim","FONTE":"LabTrans/Antaq","IDM_ORIGEM":"BR130260","MUN_ORIGEM":"Manaus","EST_ORIGEM":"AM","IDM_ESTINO":"BR130260","MUN_ESTINO":"Manaus","EST_ESTINO":"AM","IDANTAQ":20,"CAMADA_SIM":"60","FLUXO":4432342.5},"geometry":{"type":"MultiLineString","coordinates":[[[-59.951527,-3.153029],[-59.944177,-3.146666],[-59.932565,-3.136802],[-59.923233,-3.126621]]]}},
{"type":"Feature","properties":{"IDHIDROVIA":200002107,"NOME":"Hidrovia do Solimões","NAVEGACAO":"Navegação Interior","TIPO":"Rio","VEL_CIONAL":10.0,"EXTENSAO":65.581122769000004,"TEMPO":"0d 6h 33min","CLA_ICACAO":"Navegável","NOME_RIO":"Rio Solimões","NOM_ECLUSA":null,"JURISDICAO":"AHIMOC","REG_RAFICA":"Região Hidrográfica Amazônica","PRO_DE_MIN":6.0,"PRO_DE_MAX":10.0,"DOMINIO":"União","OBSERVACAO":"Confluência com o rio Negro _AM_ até Tabatinga _AM_.","SNV":"Sim","FONTE":"LabTrans/Antaq","IDM_ORIGEM":"BR130010","MUN_ORIGEM":"Anori","EST_ORIGEM":"AM","IDM_ESTINO":"BR130130","MUN_ESTINO":"Codajás","EST_ESTINO":"AM","IDANTAQ":2,"CAMADA_SIM":"61","FLUXO":901867.2},"geometry":{"type":"MultiLineString","coordinates":[[[-62.061443,-3.846502],[-62.058313,-3.847594],[-62.042296,-3.858841],[-62.031656,-3.867958],[-62.017707,-3.880091],[-62.007506,-3.891173],[-61.99182,-3.905028],[-61.974303,-3.917296],[-61.957701,-3.930724],[-61.94171,-3.94232],[-61.925902,-3.9494],[-61.910277,-3.956297],[-61.882506,-3.964903],[-61.85742,-3.972899],[-61.834288,-3.97711],[-61.811583,-3.975279],[-61.798888,-3.965575],[-61.783507,-3.950072],[-61.775572,-3.93701],[-61.769408,-3.922484],[-61.764891,-3.904173],[-61.757689,-3.889098],[-61.74829,-3.879271],[-61.729308,-3.869505],[-61.707518,-3.864317],[-61.689513,-3.860411],[-61.667601,-3.856078],[-61.648985,-3.846007],[-61.636473,-3.8338],[-61.630309,-3.810484],[-61.625487,-3.79138],[-61.618009,-3.776553]]]}},
{"type":"Feature","properties":{"IDHIDROVIA":200002108,"NOME":"Hidrovia do Solimões","NAVEGACAO":"Navegação Interior","TIPO":"Rio","VEL_CIONAL":10.0,"EXTENSAO":131.98778344600001,"TEMPO":"0d 13h 11min","CLA_ICACAO":"Navegável","NOME_RIO":"Rio Solimões","NOM_ECLUSA":null,"JURISDICAO":"AHIMOC","REG_RAFICA":"Região Hidrográfica Amazônica","PRO_DE_MIN":6.0,"PRO_DE_MAX":10.0,"DOMINIO":"União","OBSERVACAO":"Confluência com o rio Negro _AM_ até Tabatinga _AM_.","SNV":"Sim","FONTE":"LabTrans/Antaq","IDM_ORIGEM":"BR130130","MUN_ORIGEM":"Codajás","EST_ORIGEM":"AM","IDM_ESTINO":"BR130120","MUN_ESTINO":"Coari","EST_ESTINO":"AM","IDANTAQ":2,"CAMADA_SIM":"62","FLUXO":901867.2},"geometry":{"type":"MultiLineString","coordinates":[[[-63.128468,-4.068692],[-63.126402,-4.071471],[-63.110411,-4.079894],[-63.09442,-4.081603],[-63.084288,-4.078795],[-63.065306,-4.072386],[-63.048094,-4.063292],[-63.035887,-4.056395],[-63.02191,-4.048094],[-63.007689,-4.037474],[-62.991026,-4.025328],[-62.979613,-4.015196],[-62.970702,-4.000304],[-62.960875,-3.983275],[-62.946715,-3.966307],[-62.929381,-3.955626],[-62.913878,-3.946898],[-62.903075,-3.939574],[-62.895811,-3.932494],[-62.888487,-3.921996],[-62.879881,-3.914977],[-62.871214,-3.911803],[-62.855528,-3.906676],[-62.839598,-3.900206],[-62.810912,-3.889098],[-62.789122,-3.885924],[-62.767882,-3.888487],[-62.757811,-3.889891],[-62.742308,-3.894103],[-62.719176,-3.896788],[-62.692076,-3.898497],[-62.670775,-3.90161],[-62.648802,-3.901915],[-62.632079,-3.897887],[-62.619688,-3.893492],[-62.602904,-3.885497],[-62.589476,-3.877318],[-62.565306,-3.860472],[-62.542601,-3.850279],[-62.51837,-3.844908],[-62.48651,-3.844603],[-62.457823,-3.837889],[-62.435973,-3.829588],[-62.399718,-3.805296],[-62.376097,-3.796568],[-62.351622,-3.789488],[-62.326598,-3.781126],[-62.310484,-3.774779],[-62.293883,-3.767516],[-62.28369,-3.763609],[-62.267394,-3.761107],[-62.254393,-3.764098],[-62.24182,-3.770811],[-62.222594,-3.784789],[-62.202818,-3.79608],[-62.187193,-3.803099],[-62.172484,-3.809996],[-62.152403,-3.817381],[-62.13391,-3.823912],[-62.116698,-3.829894],[-62.105284,-3.834105],[-62.077734,-3.840818],[-62.061443,-3.846502]]]}},
{"type":"Feature","properties":{"IDHIDROVIA":200002119,"NOME":"Hidrovia do Madeira","NAVEGACAO":"Navegação Interior","TIPO":"Rio","VEL_CIONAL":22.0,"EXTENSAO":99.667744131500001,"TEMPO":"0d 4h 31min","CLA_ICACAO":"Navegável","NOME_RIO":"Rio Madeira","NOM_ECLUSA":null,"JURISDICAO":"AHIMOC","REG_RAFICA":"Região Hidrográfica Amazônica","PRO_DE_MIN":2.0,"PRO_DE_MAX":7.0,"DOMINIO":"União","OBSERVACAO":"Foz no rio Amazonas _AM_ até a confluência dos rios Beni _rio boliviano_ e Mamoré _RO_.","SNV":"Sim","FONTE":"LabTrans/Antaq","IDM_ORIGEM":"BR110020","MUN_ORIGEM":"Porto Velho","EST_ORIGEM":"RO","IDM_ESTINO":"BR110020","MUN_ESTINO":"Porto Velho","EST_ESTINO":"RO","IDANTAQ":5,"CAMADA_SIM":"63","FLUXO":10888055.9},"geometry":{"type":"MultiLineString","coordinates":[[[-63.502329,-8.446312],[-63.497679,-8.443297],[-63.48419,-8.433592],[-63.472289,-8.425475],[-63.459105,-8.415587],[-63.444823,-8.405089],[-63.433104,-8.394103],[-63.425475,-8.386168],[-63.419615,-8.3786],[-63.415709,-8.367918],[-63.411803,-8.356322],[-63.408995,-8.345396],[-63.404784,-8.334593],[-63.398375,-8.323607],[-63.391295,-8.308287],[-63.38568,-8.294493],[-63.378783,-8.277586],[-63.367491,-8.261107],[-63.361876,-8.248106],[-63.359373,-8.23419],[-63.357481,-8.22119],[-63.353819,-8.21002],[-63.348814,-8.198302],[-63.343321,-8.187498],[-63.328368,-8.176817],[-63.318419,-8.171202],[-63.304015,-8.173094],[-63.297118,-8.179076],[-63.290282,-8.190978],[-63.284178,-8.20117],[-63.275389,-8.213622],[-63.267699,-8.219969],[-63.258299,-8.228392],[-63.242979,-8.234068],[-63.229369,-8.231688],[-63.218687,-8.227293],[-63.202269,-8.223021],[-63.179503,-8.213988],[-63.129881,-8.196898],[-63.099608,-8.188109],[-63.065306,-8.180907],[-63.046385,-8.177184],[-63.029784,-8.171996],[-63.02191,-8.168822],[-63.007018,-8.161803],[-62.990172,-8.154601],[-62.976805,-8.14691],[-62.969786,-8.137083],[-62.964476,-8.12921],[-62.959898,-8.116087],[-62.954588,-8.101378],[-62.950499,-8.088011],[-62.945677,-8.074522],[-62.938719,-8.065184],[-62.927977,-8.054991],[-62.916319,-8.049498],[-62.901976,-8.043211],[-62.890196,-8.037108],[-62.882384,-8.030699],[-62.877806,-8.02368],[-62.877351,-8.015659]]]}},
{"type":"Feature","properties":{"IDHIDROVIA":200002122,"NOME":"Hidrovia do Tapajós","NAVEGACAO":"Navegação Interior","TIPO":"Rio","VEL_CIONAL":25.0,"EXTENSAO":4.5676212500600002,"TEMPO":"0d 0h 10min","CLA_ICACAO":"Navegável","NOME_RIO":"Rio Tapajós","NOM_ECLUSA":null,"JURISDICAO":"AHIMOR","REG_RAFICA":"Região Hidrográfica Amazônica","PRO_DE_MIN":2.6,"PRO_DE_MAX":9.9,"DOMINIO":"União","OBSERVACAO":"Foz no rio Amazonas _PA_ até a confluência dos rios Juruena e Teles Pires.","SNV":"Sim","FONTE":"LabTrans/Antaq","IDM_ORIGEM":"BR150680","MUN_ORIGEM":"Santarém","EST_ORIGEM":"PA","IDM_ESTINO":"BR150680","MUN_ESTINO":"Santarém","EST_ESTINO":"PA","IDANTAQ":17,"CAMADA_SIM":"64","FLUXO":13790952.5},"geometry":{"type":"MultiLineString","coordinates":[[[-54.736067,-2.413133],[-54.735602,-2.413162],[-54.72397,-2.414309],[-54.708189,-2.413084],[-54.695666,-2.416847]]]}},
{"type":"Feature","properties":{"IDHIDROVIA":200002123,"NOME":"Hidrovia do Amazonas","NAVEGACAO":"Navegação Interior","TIPO":"Rio","VEL_CIONAL":25.0,"EXTENSAO":38.120778032099999,"TEMPO":"0d 1h 31min","CLA_ICACAO":"Navegável","NOME_RIO":"Rio Amazonas","NOM_ECLUSA":null,"JURISDICAO":"AHIMOR","REG_RAFICA":"Região Hidrográfica Amazônica","PRO_DE_MIN":5.0,"PRO_DE_MAX":7.5,"DOMINIO":"União","OBSERVACAO":"Foz no oceano Atlântico _PA_ até a confluência dos rios Negro e Solimões.","SNV":"Sim","FONTE":"LabTrans/Antaq","IDM_ORIGEM":"BR150310","MUN_ORIGEM":"Gurupá","EST_ORIGEM":"PA","IDM_ESTINO":"BR150050","MUN_ESTINO":"Almeirim","EST_ESTINO":"PA","IDANTAQ":1,"CAMADA_SIM":"65","FLUXO":12307037.6},"geometry":{"type":"MultiLineString","coordinates":[[[-52.573721,-1.537286],[-52.571088,-1.535551],[-52.567283,-1.536454],[-52.561188,-1.541091],[-52.548182,-1.549748],[-52.535165,-1.558088],[-52.521709,-1.562293],[-52.499205,-1.565489],[-52.477171,-1.565489],[-52.457091,-1.564574],[-52.427,-1.562987],[-52.39398,-1.558104],[-52.372008,-1.552],[-52.352293,-1.544798],[-52.340208,-1.539488],[-52.333678,-1.535887],[-52.32617,-1.532713],[-52.318419,-1.529784],[-52.2937,-1.523924],[-52.287108,-1.521178],[-52.276488,-1.517699],[-52.269225,-1.515379],[-52.249083,-1.505797]]]}},
{"type":"Feature","properties":{"IDHIDROVIA":200002124,"NOME":"Hidrovia do Amazonas","NAVEGACAO":"Navegação Interior","TIPO":"Rio","VEL_CIONAL":25.0,"EXTENSAO":45.397908967799999,"TEMPO":"0d 1h 48min","CLA_ICACAO":"Navegável","NOME_RIO":"Rio Amazonas","NOM_ECLUSA":null,"JURISDICAO":"AHIMOC","REG_RAFICA":"Região Hidrográfica Amazônica","PRO_DE_MIN":5.0,"PRO_DE_MAX":7.5,"DOMINIO":"União","OBSERVACAO":"Foz no oceano Atlântico _PA_ até a confluência dos rios Negro e Solimões.","SNV":"Sim","FONTE":"LabTrans/Antaq","IDM_ORIGEM":"BR130190","MUN_ORIGEM":"Itacoatiara","EST_ORIGEM":"AM","IDM_ESTINO":"BR130190","MUN_ESTINO":"Itacoatiara","EST_ESTINO":"AM","IDANTAQ":1,"CAMADA_SIM":"66","FLUXO":10709191.9},"geometry":{"type":"MultiLineString","coordinates":[[[-58.746703,-3.352171],[-58.72711,-3.35858],[-58.68579,-3.368102],[-58.64752,-3.371275],[-58.627318,-3.369383],[-58.609984,-3.361327],[-58.600523,-3.356505],[-58.593687,-3.349181],[-58.585204,-3.33557],[-58.57971,-3.322691],[-58.572386,-3.30609],[-58.570128,-3.292784],[-58.568785,-3.27838],[-58.566588,-3.259886],[-58.562682,-3.243712],[-58.554076,-3.216795],[-58.541502,-3.198424],[-58.525023,-3.179991],[-58.512848,-3.159381],[-58.49937,-3.144454],[-58.491806,-3.139998],[-58.483642,-3.137599],[-58.483587,-3.137599]]]}},
{"type":"Feature","properties":{"IDHIDROVIA":200002126,"NOME":"Hidrovia do Amazonas","NAVEGACAO":"Navegação Interior","TIPO":"Rio","VEL_CIONAL":25.0,"EXTENSAO":7.9933585580899997,"TEMPO":"0d 0h 19min","CLA_ICACAO":"Navegável","NOME_RIO":"Rio Amazonas","NOM_ECLUSA":null,"JURISDICAO":"AHIMOC","REG_RAFICA":"Região Hidrográfica Amazônica","PRO_DE_MIN":5.0,"PRO_DE_MAX":7.5,"DOMINIO":"União","OBSERVACAO":"Foz no oceano Atlântico _PA_ até a confluência dos rios Negro e Solimões.","SNV":"Sim","FONTE":"LabTrans/Antaq","IDM_ORIGEM":"BR130340","MUN_ORIGEM":"Parintins","EST_ORIGEM":"AM","IDM_ESTINO":"BR130340","MUN_ESTINO":"Parintins","EST_ESTINO":"AM","IDANTAQ":1,"CAMADA_SIM":"67","FLUXO":5558929.8},"geometry":{"type":"MultiLineString","coordinates":[[[-56.734381,-2.621291],[-56.724148,-2.61714],[-56.715694,-2.61313],[-56.694275,-2.605055],[-56.682799,-2.600218],[-56.673094,-2.596617],[-56.667784,-2.594115]]]}},
{"type":"Feature","properties":{"IDHIDROVIA":200002127,"NOME":"Hidrovia do Amazonas","NAVEGACAO":"Navegação Interior","TIPO":"Rio","VEL_CIONAL":25.0,"EXTENSAO":65.080701383700003,"TEMPO":"0d 2h 36min","CLA_ICACAO":"Navegável","NOME_RIO":"Rio Amazonas","NOM_ECLUSA":null,"JURISDICAO":"AHIMOC","REG_RAFICA":"Região Hidrográfica Amazônica","PRO_DE_MIN":5.0,"PRO_DE_MAX":7.5,"DOMINIO":"União","OBSERVACAO":"Foz no oceano Atlântico _PA_ até a confluência dos rios Negro e Solimões.","SNV":"Sim","FONTE":"LabTrans/Antaq","IDM_ORIGEM":"BR150510","MUN_ORIGEM":"Óbidos","EST_ORIGEM":"PA","IDM_ESTINO":"BR150390","MUN_ESTINO":"Juruti","EST_ESTINO":"PA","IDANTAQ":1,"CAMADA_SIM":"68","FLUXO":5653489.9},"geometry":{"type":"MultiLineString","coordinates":[[[-56.092106,-2.005402],[-56.086668,-1.979674],[-56.081725,-1.967711],[-56.068968,-1.953795],[-56.051207,-1.944884],[-56.039793,-1.94171],[-56.022887,-1.942076],[-56.012389,-1.946104],[-55.986998,-1.958189],[-55.957823,-1.968993],[-55.919676,-1.991209],[-55.902586,-1.99951],[-55.865111,-2.005492],[-55.832884,-2.005003],[-55.806578,-2.005186],[-55.787718,-2.00421],[-55.762694,-1.998595],[-55.744078,-1.99127],[-55.725523,-1.980772],[-55.701292,-1.963805],[-55.676207,-1.948485],[-55.625182,-1.915709],[-55.614378,-1.906676],[-55.603697,-1.902403],[-55.595885,-1.89929],[-55.586974,-1.895811]]]}},
{"type":"Feature","properties":{"IDHIDROVIA":200002128,"NOME":"Hidrovia do Amazonas","NAVEGACAO":"Navegação Interior","TIPO":"Rio","VEL_CIONAL":25.0,"EXTENSAO":8.2436309001100003,"TEMPO":"0d 0h 19min","CLA_ICACAO":"Navegável","NOME_RIO":"Rio Amazonas","NOM_ECLUSA":null,"JURISDICAO":"AHIMOR","REG_RAFICA":"Região Hidrográfica Amazônica","PRO_DE_MIN":5.0,"PRO_DE_MAX":7.5,"DOMINIO":"União","OBSERVACAO":"Foz no oceano Atlântico _PA_ até a confluência dos rios Negro e Solimões.","SNV":"Sim","FONTE":"LabTrans/Antaq","IDM_ORIGEM":"BR150510","MUN_ORIGEM":"Óbidos","EST_ORIGEM":"PA","IDM_ESTINO":"BR150510","MUN_ESTINO":"Óbidos","EST_ESTINO":"PA","IDANTAQ":1,"CAMADA_SIM":"69","FLUXO":5653859.1},"geometry":{"type":"MultiLineString","coordinates":[[[-55.586974,-1.895811],[-55.579894,-1.897215],[-55.568724,-1.900023],[-55.561583,-1.901488],[-55.551085,-1.905516],[-55.545103,-1.907103],[-55.538512,-1.910399],[-55.526176,-1.91402],[-55.517725,-1.919955],[-55.517628,-1.920063]]]}},
{"type":"Feature","properties":{"IDHIDROVIA":200002129,"NOME":"Hidrovia do Solimões","NAVEGACAO":"Navegação Interior","TIPO":"Rio","VEL_CIONAL":25.0,"EXTENSAO":7.8077646531299996,"TEMPO":"0d 0h 18min","CLA_ICACAO":"Navegável","NOME_RIO":"Rio Solimões","NOM_ECLUSA":null,"JURISDICAO":"AHIMOC","REG_RAFICA":"Região Hidrográfica Amazônica","PRO_DE_MIN":6.0,"PRO_DE_MAX":10.0,"DOMINIO":"União","OBSERVACAO":"Confluência com o rio Negro _AM_ até Tabatinga _AM_.","SNV":"Sim","FONTE":"LabTrans/Antaq","IDM_ORIGEM":"BR130260","MUN_ORIGEM":"Manaus","EST_ORIGEM":"AM","IDM_ESTINO":"BR130115","MUN_ESTINO":"Careiro da Várzea","EST_ESTINO":"AM","IDANTAQ":2,"CAMADA_SIM":"70","FLUXO":901867.2},"geometry":{"type":"MultiLineString","coordinates":[[[-59.875485,-3.188275],[-59.877945,-3.181596],[-59.883726,-3.175425],[-59.894774,-3.159789],[-59.898924,-3.146422],[-59.899107,-3.136595],[-59.897398,-3.130125],[-59.8963,-3.124998]]]}},
{"type":"Feature","properties":{"IDHIDROVIA":200002130,"NOME":"Hidrovia do Amazonas","NAVEGACAO":"Navegação Interior","TIPO":"Rio","VEL_CIONAL":25.0,"EXTENSAO":134.8270867,"TEMPO":"0d 5h 23min","CLA_ICACAO":"Navegável","NOME_RIO":"Rio Amazonas","NOM_ECLUSA":null,"JURISDICAO":"AHIMOR","REG_RAFICA":"Região Hidrográfica Amazônica","PRO_DE_MIN":5.0,"PRO_DE_MAX":7.5,"DOMINIO":"União","OBSERVACAO":"Foz no oceano Atlântico _PA_ até a confluência dos rios Negro e Solimões.","SNV":"Sim","FONTE":"LabTrans/Antaq","IDM_ORIGEM":"BR160040","MUN_ORIGEM":"Mazagão","EST_ORIGEM":"AP","IDM_ESTINO":"BR150050","MUN_ESTINO":"Almeirim","EST_ESTINO":"PA","IDANTAQ":1,"CAMADA_SIM":"71","FLUXO":12280730.2},"geometry":{"type":"MultiLineString","coordinates":[[[-51.779295,-1.142394],[-51.753111,-1.137389],[-51.726378,-1.129698],[-51.706969,-1.119994],[-51.690001,-1.108275],[-51.671812,-1.095519],[-51.661986,-1.084288],[-51.656798,-1.067809],[-51.658873,-1.053282],[-51.663573,-1.042296],[-51.672179,-1.032774],[-51.679808,-1.017821],[-51.684203,-1.000609],[-51.687804,-0.956725],[-51.690611,-0.917784],[-51.690001,-0.875975],[-51.689085,-0.855406],[-51.687071,-0.832091],[-51.682494,-0.804076],[-51.675902,-0.784483],[-51.658385,-0.753478],[-51.635619,-0.712523],[-51.59857,-0.65808],[-51.582823,-0.638304],[-51.561095,-0.615599],[-51.52368,-0.575194],[-51.504881,-0.558409],[-51.451292,-0.499571],[-51.433104,-0.473387],[-51.428282,-0.457884],[-51.425902,-0.445006],[-51.423094,-0.433287],[-51.419493,-0.423521],[-51.402892,-0.403685],[-51.381224,-0.382201],[-51.367674,-0.365782],[-51.364317,-0.352171],[-51.360472,-0.337889],[-51.357603,-0.32971],[-51.353575,-0.313292],[-51.347105,-0.296812],[-51.341307,-0.283507],[-51.332274,-0.270811],[-51.319273,-0.258421],[-51.301695,-0.242186],[-51.285582,-0.222777],[-51.248473,-0.166014],[-51.241824,-0.1576]]]}},
{"type":"Feature","properties":{"IDHIDROVIA":200002133,"NOME":"Hidrovia do Tocantins","NAVEGACAO":"Navegação Interior","TIPO":"Baía","VEL_CIONAL":15.0,"EXTENSAO":6.4009336801299996,"TEMPO":"0d 0h 25min","CLA_ICACAO":"Navegável","NOME_RIO":"Baía de Guajará","NOM_ECLUSA":null,"JURISDICAO":"AHIMOR","REG_RAFICA":"Região Hidrográfica do Tocantins","PRO_DE_MIN":4.0,"PRO_DE_MAX":10.0,"DOMINIO":null,"OBSERVACAO":null,"SNV":"Não","FONTE":"LabTrans/Antaq","IDM_ORIGEM":"BR150130","MUN_ORIGEM":"Barcarena","EST_ORIGEM":"PA","IDM_ESTINO":"BR150130","MUN_ESTINO":"Barcarena","EST_ESTINO":"PA","IDANTAQ":9,"CAMADA_SIM":"72","FLUXO":50508.3},"geometry":{"type":"MultiLineString","coordinates":[[[-48.523985,-1.542601],[-48.521117,-1.53839],[-48.513976,-1.532713],[-48.509398,-1.52191],[-48.512109,-1.490179]]]}},
{"type":"Feature","properties":{"IDHIDROVIA":200002135,"NOME":"Hidrovia do Tocantins","NAVEGACAO":"Navegação Interior","TIPO":"Baía","VEL_CIONAL":15.0,"EXTENSAO":4.7767040336499997,"TEMPO":"0d 0h 19min","CLA_ICACAO":"Navegável","NOME_RIO":"Baía de Guajará","NOM_ECLUSA":null,"JURISDICAO":"AHIMOR","REG_RAFICA":"Região Hidrográfica do Tocantins","PRO_DE_MIN":4.0,"PRO_DE_MAX":10.0,"DOMINIO":null,"OBSERVACAO":null,"SNV":"Não","FONTE":"LabTrans/Antaq","IDM_ORIGEM":"BR150140","MUN_ORIGEM":"Belém","EST_ORIGEM":"PA","IDM_ESTINO":"BR150140","MUN_ESTINO":"Belém","EST_ESTINO":"PA","IDANTAQ":9,"CAMADA_SIM":"73","FLUXO":998.3},"geometry":{"type":"MultiLineString","coordinates":[[[-48.4942,-1.33087],[-48.497618,-1.307494],[-48.495909,-1.288023]]]}},
{"type":"Feature","properties":{"IDHIDROVIA":200002152,"NOME":"Hidrovia do Sul","NAVEGACAO":"Navegação Interior","TIPO":"Laguna","VEL_CIONAL":25.0,"EXTENSAO":33.5058110656,"TEMPO":"0d 1h 20min","CLA_ICACAO":"Navegável","NOME_RIO":"Lagoa dos Patos","NOM_ECLUSA":null,"JURISDICAO":"SPH","REG_RAFICA":"Região Hidrográfica Atlântico Sul","PRO_DE_MIN":5.4,"PRO_DE_MAX":5.4,"DOMINIO":"Estados ou Distrito Federal","OBSERVACAO":"Confluência com o oceano Atlântico até a confluência com o Lago Guaíba _RS_.","SNV":"Sim","FONTE":"LabTrans/Antaq","IDM_ORIGEM":"BR431560","MUN_ORIGEM":"Rio Grande","EST_ORIGEM":"RS","IDM_ESTINO":"BR431440","MUN_ESTINO":"Pelotas","EST_ESTINO":"RS","IDANTAQ":18,"CAMADA_SIM":"74","FLUXO":4573391.2},"geometry":{"type":"MultiLineString","coordinates":[[[-52.21918,-31.788054],[-52.216853,-31.789046],[-52.190673,-31.800209],[-52.168315,-31.813202],[-52.146449,-31.831576],[-52.125003,-31.851154],[-52.101452,-31.873122],[-52.08876,-31.892276],[-52.08267,-31.915671],[-52.081096,-31.949547],[-52.081239,-31.958407],[-52.08182,-31.968155],[-52.081362,-31.98038],[-52.080636,-31.992057],[-52.079729,-32.006122],[-52.077681,-32.017659],[-52.076122,-32.031303],[-52.075164,-32.038542]]]}},
{"type":"Feature","properties":{"IDHIDROVIA":200002153,"NOME":"Hidrovia do Sul","NAVEGACAO":"Navegação Interior","TIPO":"Laguna","VEL_CIONAL":25.0,"EXTENSAO":80.434418708300001,"TEMPO":"0d 3h 13min","CLA_ICACAO":"Navegável","NOME_RIO":"Lagoa dos Patos","NOM_ECLUSA":null,"JURISDICAO":"SPH","REG_RAFICA":"Região Hidrográfica Atlântico Sul","PRO_DE_MIN":5.4,"PRO_DE_MAX":5.4,"DOMINIO":"Estados ou Distrito Federal","OBSERVACAO":"Confluência com o oceano Atlântico até a confluência com o Lago Guaíba _RS_.","SNV":"Sim","FONTE":"LabTrans/Antaq","IDM_ORIGEM":"BR431250","MUN_ORIGEM":"Mostardas","EST_ORIGEM":"RS","IDM_ESTINO":"BR430190","MUN_ESTINO":"Barra do Ribeiro","EST_ESTINO":"RS","IDANTAQ":18,"CAMADA_SIM":"75","FLUXO":4546392.7},"geometry":{"type":"MultiLineString","coordinates":[[[-51.086764,-30.363611],[-51.081424,-30.377324],[-51.077356,-30.397095],[-51.074098,-30.408427],[-51.067488,-30.420182],[-51.045257,-30.443986],[-51.014893,-30.476771],[-50.99212,-30.492506],[-50.974477,-30.506112],[-50.953422,-30.534689],[-50.942831,-30.580678],[-50.958624,-30.62812],[-50.979141,-30.680713],[-50.996787,-30.710523],[-51.02117,-30.732393],[-51.087091,-30.785697],[-51.166385,-30.860249],[-51.225856,-30.928023],[-51.246557,-30.957512]]]}},
{"type":"Feature","properties":{"IDHIDROVIA":200002154,"NOME":"Hidrovia do Sul","NAVEGACAO":"Navegação Interior","TIPO":"Rio","VEL_CIONAL":10.0,"EXTENSAO":6.7657705263799999,"TEMPO":"0d 0h 40min","CLA_ICACAO":"Navegável","NOME_RIO":"Rio Jacuí","NOM_ECLUSA":null,"JURISDICAO":"SPH","REG_RAFICA":"Região Hidrográfica Atlântico Sul","PRO_DE_MIN":1.0,"PRO_DE_MAX":1.2,"DOMINIO":"Estados ou Distrito Federal","OBSERVACAO":"Foz na Lagoa Guaíba _RS_ até Dona Francisca _RS_.","SNV":"Sim","FONTE":"LabTrans/ANA/Antaq","IDM_ORIGEM":"BR431490","MUN_ORIGEM":"Porto Alegre","EST_ORIGEM":"RS","IDM_ESTINO":"BR431337","MUN_ESTINO":"Nova Santa Rita","EST_ESTINO":"RS","IDANTAQ":18,"CAMADA_SIM":"76","FLUXO":1656534.1},"geometry":{"type":"MultiLineString","coordinates":[[[-51.23573,-29.936126],[-51.235685,-29.936139],[-51.233755,-29.938175],[-51.231326,-29.941734],[-51.230385,-29.944516],[-51.228936,-29.949592],[-51.228366,-29.953806],[-51.227565,-29.958556],[-51.226291,-29.965132],[-51.224842,-29.969238],[-51.22237,-29.974078],[-51.218707,-29.979156],[-51.215914,-29.983256],[-51.211315,-29.988383],[-51.209111,-29.991349]]]}},
{"type":"Feature","properties":{"IDHIDROVIA":200002155,"NOME":"Hidrovia do Sul","NAVEGACAO":"Navegação Interior","TIPO":"Rio","VEL_CIONAL":10.0,"EXTENSAO":2.1887115701300002,"TEMPO":"0d 0h 13min","CLA_ICACAO":"Navegável","NOME_RIO":"Rio Gravataí","NOM_ECLUSA":null,"JURISDICAO":"SPH","REG_RAFICA":"Região Hidrográfica Atlântico Sul","PRO_DE_MIN":1.0,"PRO_DE_MAX":1.6,"DOMINIO":"Estados ou Distrito Federal","OBSERVACAO":"Foz no Delta do rio Jacuí _RS_ até Gravataí _RS_.","SNV":"Sim","FONTE":"LabTrans/ANA/Antaq","IDM_ORIGEM":"BR431490","MUN_ORIGEM":"Porto Alegre","EST_ORIGEM":"RS","IDM_ESTINO":"BR431490","MUN_ESTINO":"Porto Alegre","EST_ESTINO":"RS","IDANTAQ":18,"CAMADA_SIM":"77","FLUXO":889427.5},"geometry":{"type":"MultiLineString","coordinates":[[[-51.202024,-29.972752],[-51.202269,-29.973015],[-51.202642,-29.973575],[-51.203344,-29.974923],[-51.203656,-29.975757],[-51.204081,-29.976964],[-51.204426,-29.977949],[-51.204922,-29.979895],[-51.205094,-29.980869],[-51.205673,-29.983959],[-51.206193,-29.985848],[-51.206742,-29.987141],[-51.20735,-29.988249],[-51.209111,-29.991349]]]}},
{"type":"Feature","properties":{"IDHIDROVIA":200002156,"NOME":"Hidrovia do Sul","NAVEGACAO":"Navegação Interior","TIPO":"Rio","VEL_CIONAL":10.0,"EXTENSAO":0.66871111779699999,"TEMPO":"0d 0h 4min","CLA_ICACAO":"Navegável","NOME_RIO":"Rio Gravataí _acesso_","NOM_ECLUSA":null,"JURISDICAO":"SPH","REG_RAFICA":"Região Hidrográfica Atlântico Sul","PRO_DE_MIN":1.0,"PRO_DE_MAX":1.6,"DOMINIO":"Estados ou Distrito Federal","OBSERVACAO":"Foz no Delta do rio Jacuí _RS_ até Gravataí _RS_.","SNV":"Sim","FONTE":"LabTrans/ANA/Antaq","IDM_ORIGEM":"BR431490","MUN_ORIGEM":"Porto Alegre","EST_ORIGEM":"RS","IDM_ESTINO":"BR431490","MUN_ESTINO":"Porto Alegre","EST_ESTINO":"RS","IDANTAQ":18,"CAMADA_SIM":"78","FLUXO":86626.8},"geometry":{"type":"MultiLineString","coordinates":[[[-51.204421,-29.967418],[-51.204179,-29.968331],[-51.203791,-29.969036],[-51.203153,-29.969676],[-51.202314,-29.970381],[-51.201961,-29.971006],[-51.20188,-29.971657],[-51.202024,-29.972752]]]}},
{"type":"Feature","properties":{"IDHIDROVIA":200002157,"NOME":"Hidrovia do Sul","NAVEGACAO":"Navegação Interior","TIPO":"Rio","VEL_CIONAL":10.0,"EXTENSAO":2.000766552,"TEMPO":"0d 0h 12min","CLA_ICACAO":"Navegável","NOME_RIO":"Rio Gravataí","NOM_ECLUSA":null,"JURISDICAO":"SPH","REG_RAFICA":"Região Hidrográfica Atlântico Sul","PRO_DE_MIN":1.0,"PRO_DE_MAX":1.6,"DOMINIO":"Estados ou Distrito Federal","OBSERVACAO":"Foz no Delta do rio Jacuí _RS_ até Gravataí _RS_.","SNV":"Sim","FONTE":"LabTrans/ANA/Antaq","IDM_ORIGEM":"BR431490","MUN_ORIGEM":"Porto Alegre","EST_ORIGEM":"RS","IDM_ESTINO":"BR430460","MUN_ESTINO":"Canoas","EST_ESTINO":"RS","IDANTAQ":18,"CAMADA_SIM":"79","FLUXO":307747.1},"geometry":{"type":"MultiLineString","coordinates":[[[-51.179198,-29.967898],[-51.18101,-29.968378],[-51.181731,-29.968588],[-51.182394,-29.968721],[-51.18311,-29.96886],[-51.183467,-29.96884],[-51.183681,-29.968861],[-51.185198,-29.968633],[-51.186127,-29.968327],[-51.187007,-29.968191],[-51.187968,-29.968184],[-51.188786,-29.968185],[-51.189938,-29.968283],[-51.192061,-29.96863],[-51.193574,-29.968762],[-51.195238,-29.969019],[-51.19727,-29.969598],[-51.198422,-29.970121],[-51.19917,-29.970596]]]}},
{"type":"Feature","properties":{"IDHIDROVIA":200002159,"NOME":"Hidrovia do Sul","NAVEGACAO":"Navegação Interior","TIPO":"Rio","VEL_CIONAL":10.0,"EXTENSAO":34.430065637699997,"TEMPO":"0d 3h 26min","CLA_ICACAO":"Navegável","NOME_RIO":"Rio Jacuí","NOM_ECLUSA":null,"JURISDICAO":"SPH","REG_RAFICA":"Região Hidrográfica Atlântico Sul","PRO_DE_MIN":1.0,"PRO_DE_MAX":1.2,"DOMINIO":"Estados ou Distrito Federal","OBSERVACAO":"Foz na Lagoa Guaíba _RS_ até Dona Francisca _RS_.","SNV":"Sim","FONTE":"LabTrans/ANA/Antaq","IDM_ORIGEM":"BR432200","MUN_ORIGEM":"Triunfo","EST_ORIGEM":"RS","IDM_ESTINO":"BR430535","MUN_ESTINO":"Charqueadas","EST_ESTINO":"RS","IDANTAQ":18,"CAMADA_SIM":"80","FLUXO":116505.9},"geometry":{"type":"MultiLineString","coordinates":[[[-51.62404,-29.947979],[-51.620465,-29.947209],[-51.615384,-29.946144],[-51.606907,-29.944397],[-51.594053,-29.942017],[-51.588669,-29.940823],[-51.585868,-29.940246],[-51.581096,-29.939779],[-51.575803,-29.939893],[-51.570187,-29.939473],[-51.566111,-29.938845],[-51.561805,-29.937187],[-51.558491,-29.935413],[-51.551919,-29.932596],[-51.544819,-29.929804],[-51.540207,-29.928237],[-51.53302,-29.927597],[-51.526663,-29.927646],[-51.522491,-29.927756],[-51.519913,-29.928268],[-51.516675,-29.928448],[-51.512908,-29.928168],[-51.509672,-29.92743],[-51.507116,-29.927266],[-51.503703,-29.927946],[-51.499374,-29.92977],[-51.495355,-29.932485],[-51.489727,-29.937637],[-51.485956,-29.940174],[-51.481427,-29.942018],[-51.475555,-29.943162],[-51.470239,-29.945495],[-51.464722,-29.94933],[-51.458911,-29.954903],[-51.453869,-29.961089],[-51.450613,-29.966317],[-51.448056,-29.972002],[-51.443827,-29.977611],[-51.438019,-29.981682],[-51.431002,-29.984334],[-51.422815,-29.986316],[-51.416168,-29.987294],[-51.410675,-29.987596],[-51.405851,-29.987308],[-51.402661,-29.986321],[-51.398711,-29.984517],[-51.395051,-29.982902],[-51.390672,-29.98125],[-51.383052,-29.978173],[-51.377867,-29.976082],[-51.374608,-29.974416],[-51.371094,-29.972327],[-51.369194,-29.971223],[-51.368002,-29.970279],[-51.367225,-29.969595],[-51.366412,-29.968663],[-51.364557,-29.966627],[-51.363119,-29.964811],[-51.360386,-29.962211],[-51.357361,-29.959881],[-51.35405,-29.95749],[-51.350329,-29.954997],[-51.34741,-29.953361],[-51.343681,-29.95138],[-51.340016,-29.95027],[-51.332088,-29.947984],[-51.327018,-29.946804],[-51.322265,-29.94614],[-51.317998,-29.945984],[-51.314435,-29.946275]]]}},
{"type":"Feature","properties":{"IDHIDROVIA":200002160,"NOME":"Hidrovia do Sul","NAVEGACAO":"Navegação Interior","TIPO":"Rio","VEL_CIONAL":10.0,"EXTENSAO":2.99,"TEMPO":"0d 0h 17min","CLA_ICACAO":"Navegável","NOME_RIO":"Rio Jacuí","NOM_ECLUSA":null,"JURISDICAO":"SPH","REG_RAFICA":"Região Hidrográfica Atlântico Sul","PRO_DE_MIN":1.0,"PRO_DE_MAX":1.2,"DOMINIO":"Estados ou Distrito Federal","OBSERVACAO":"Foz na Lagoa Guaíba _RS_ até Dona Francisca _RS_.","SNV":"Sim","FONTE":"LabTrans/ANA/Antaq","IDM_ORIGEM":"BR431337","MUN_ORIGEM":"Nova Santa Rita","EST_ORIGEM":"RS","IDM_ESTINO":"BR432200","MUN_ESTINO":"Triunfo","EST_ESTINO":"RS","IDANTAQ":18,"CAMADA_SIM":"81","FLUXO":860680.9},"geometry":{"type":"MultiLineString","coordinates":[[[-51.266069,-29.93463],[-51.261944,-29.933762],[-51.254817,-29.933025],[-51.24407,-29.933685],[-51.23573,-29.936126]]]}},
{"type":"Feature","properties":{"IDHIDROVIA":200002161,"NOME":"Hidrovia do Sul","NAVEGACAO":"Navegação Interior","TIPO":"Rio","VEL_CIONAL":10.0,"EXTENSAO":2.6502356973199999,"TEMPO":"0d 0h 15min","CLA_ICACAO":"Navegável","NOME_RIO":"Rio dos Sinos","NOM_ECLUSA":null,"JURISDICAO":"SPH","REG_RAFICA":"Região Hidrográfica Atlântico Sul","PRO_DE_MIN":1.0,"PRO_DE_MAX":1.2,"DOMINIO":"Estados ou Distrito Federal","OBSERVACAO":"Foz no Delata do rio Jacuí _RS_ até São Leopoldo _RS_.","SNV":"Sim","FONTE":"LabTrans/ANA/Antaq","IDM_ORIGEM":"BR431337","MUN_ORIGEM":"Nova Santa Rita","EST_ORIGEM":"RS","IDM_ESTINO":"BR430460","MUN_ESTINO":"Canoas","EST_ESTINO":"RS","IDANTAQ":18,"CAMADA_SIM":"82","FLUXO":795853.2},"geometry":{"type":"MultiLineString","coordinates":[[[-51.240121,-29.916215],[-51.240398,-29.917008],[-51.241044,-29.918361],[-51.242236,-29.919219],[-51.243494,-29.920033],[-51.24422,-29.9207],[-51.244481,-29.921823],[-51.244302,-29.922794],[-51.243485,-29.9237],[-51.242174,-29.924547],[-51.240782,-29.925328],[-51.239784,-29.926244],[-51.238329,-29.928361],[-51.237787,-29.929376],[-51.237207,-29.931074],[-51.236613,-29.932576],[-51.236062,-29.93437],[-51.23573,-29.936126]]]}},
{"type":"Feature","properties":{"IDHIDROVIA":200002162,"NOME":"Hidrovia do Sul","NAVEGACAO":"Navegação Interior","TIPO":"Canal","VEL_CIONAL":10.0,"EXTENSAO":7.5348920449600003,"TEMPO":"0d 0h 45min","CLA_ICACAO":"Navegável","NOME_RIO":"Canal Santa Clara","NOM_ECLUSA":null,"JURISDICAO":"SPH","REG_RAFICA":"Região Hidrográfica Atlântico Sul","PRO_DE_MIN":2.5,"PRO_DE_MAX":3.0,"DOMINIO":null,"OBSERVACAO":null,"SNV":"Não","FONTE":"LabTrans/Antaq","IDM_ORIGEM":"BR432200","MUN_ORIGEM":"Triunfo","EST_ORIGEM":"RS","IDM_ESTINO":"BR432200","MUN_ESTINO":"Triunfo","EST_ESTINO":"RS","IDANTAQ":18,"CAMADA_SIM":"83","FLUXO":971775.0},"geometry":{"type":"MultiLineString","coordinates":[[[-51.373363,-29.901741],[-51.343341,-29.923873],[-51.327019,-29.935937],[-51.317712,-29.943037],[-51.314435,-29.946275]]]}},
{"type":"Feature","properties":{"IDHIDROVIA":200002171,"NOME":"Hidrovia do Sul","NAVEGACAO":"Navegação Interior","TIPO":"Canal","VEL_CIONAL":25.0,"EXTENSAO":11.4860568014,"TEMPO":"0d 0h 27min","CLA_ICACAO":"Navegável","NOME_RIO":"Canal de São Gonçalo","NOM_ECLUSA":null,"JURISDICAO":"SPH","REG_RAFICA":"Região Hidrográfica Atlântico Sul","PRO_DE_MIN":6.0,"PRO_DE_MAX":6.0,"DOMINIO":"Estados ou Distrito Federal","OBSERVACAO":"Foz na Lagoa dos Patos _RS_ até o emboque de montante na Lagoa Mirim.","SNV":"Sim","FONTE":"LabTrans/Antaq","IDM_ORIGEM":"BR431440","MUN_ORIGEM":"Pelotas","EST_ORIGEM":"RS","IDM_ESTINO":"BR431440","MUN_ESTINO":"Pelotas","EST_ESTINO":"RS","IDANTAQ":18,"CAMADA_SIM":"84","FLUXO":26998.5},"geometry":{"type":"MultiLineString","coordinates":[[[-52.334335,-31.782714],[-52.334307,-31.782708],[-52.332534,-31.7825],[-52.330655,-31.782349],[-52.328332,-31.782439],[-52.325243,-31.782871],[-52.320841,-31.782945],[-52.317521,-31.781965],[-52.313996,-31.780031],[-52.310458,-31.777965],[-52.304796,-31.774509],[-52.302365,-31.773756],[-52.299372,-31.773412],[-52.294952,-31.773795],[-52.286857,-31.77459],[-52.276249,-31.775313],[-52.267265,-31.776661],[-52.256954,-31.779211],[-52.250478,-31.781802],[-52.243128,-31.785624],[-52.235368,-31.787708],[-52.225975,-31.788054],[-52.21918,-31.788054]]]}},
{"type":"Feature","properties":{"IDHIDROVIA":200002173,"NOME":"Hidrovia do Sul","NAVEGACAO":"Navegação Interior","TIPO":"Lago","VEL_CIONAL":25.0,"EXTENSAO":17.934133030800002,"TEMPO":"0d 0h 43min","CLA_ICACAO":"Navegável","NOME_RIO":"Lago Guaíba","NOM_ECLUSA":null,"JURISDICAO":"SPH","REG_RAFICA":"Região Hidrográfica Atlântico Sul","PRO_DE_MIN":2.0,"PRO_DE_MAX":12.0,"DOMINIO":"Estados ou Distrito Federal","OBSERVACAO":"Confluência com a Lagoa dos Patos _RS_ até o Delta do rio Jacuí.","SNV":"Sim","FONTE":"LabTrans/Antaq","IDM_ORIGEM":"BR430930","MUN_ORIGEM":"Guaíba","EST_ORIGEM":"RS","IDM_ESTINO":"BR431490","MUN_ESTINO":"Porto Alegre","EST_ESTINO":"RS","IDANTAQ":18,"CAMADA_SIM":"85","FLUXO":3146950.2},"geometry":{"type":"MultiLineString","coordinates":[[[-51.21088,-30.005884],[-51.212215,-30.007935],[-51.214436,-30.010651],[-51.216022,-30.012663],[-51.218141,-30.014896],[-51.219563,-30.016236],[-51.222491,-30.018612],[-51.22653,-30.021083],[-51.230075,-30.023113],[-51.233749,-30.025014],[-51.238211,-30.027201],[-51.240309,-30.028873],[-51.242272,-30.031144],[-51.244276,-30.033835],[-51.2462,-30.036578],[-51.248001,-30.040699],[-51.249853,-30.04819],[-51.252144,-30.052621],[-51.255363,-30.057762],[-51.260111,-30.063692],[-51.26525,-30.067619],[-51.273901,-30.075326],[-51.28277,-30.086056],[-51.288045,-30.09558],[-51.298159,-30.11898],[-51.299007,-30.122781],[-51.299351,-30.125441],[-51.300779,-30.130785],[-51.302546,-30.134776],[-51.30485,-30.137181],[-51.307583,-30.138361]]]}},
{"type":"Feature","properties":{"IDHIDROVIA":200002174,"NOME":"Hidrovia do Sul","NAVEGACAO":"Navegação Interior","TIPO":"Rio","VEL_CIONAL":10.0,"EXTENSAO":0.36469219174299999,"TEMPO":"0d 0h 2min","CLA_ICACAO":"Navegável","NOME_RIO":"Rio Gravataí","NOM_ECLUSA":null,"JURISDICAO":"SPH","REG_RAFICA":"Região Hidrográfica Atlântico Sul","PRO_DE_MIN":1.0,"PRO_DE_MAX":1.6,"DOMINIO":"Estados ou Distrito Federal","OBSERVACAO":"Foz no Delta do rio Jacuí _RS_ até Gravataí _RS_.","SNV":"Sim","FONTE":"LabTrans/ANA/Antaq","IDM_ORIGEM":"BR431490","MUN_ORIGEM":"Porto Alegre","EST_ORIGEM":"RS","IDM_ESTINO":"BR431490","MUN_ESTINO":"Porto Alegre","EST_ESTINO":"RS","IDANTAQ":18,"CAMADA_SIM":"86","FLUXO":802800.7},"geometry":{"type":"MultiLineString","coordinates":[[[-51.19917,-29.970596],[-51.199193,-29.970611],[-51.19987,-29.971071],[-51.202024,-29.972752]]]}},
{"type":"Feature","properties":{"IDHIDROVIA":200002185,"NOME":"Hidrovia do Sul","NAVEGACAO":"Navegação Interior","TIPO":"Lago","VEL_CIONAL":10.0,"EXTENSAO":1.63712669418,"TEMPO":"0d 0h 9min","CLA_ICACAO":"Navegável","NOME_RIO":"Lago Guaíba","NOM_ECLUSA":null,"JURISDICAO":"SPH","REG_RAFICA":"Região Hidrográfica Atlântico Sul","PRO_DE_MIN":2.0,"PRO_DE_MAX":12.0,"DOMINIO":"Estados ou Distrito Federal","OBSERVACAO":"Confluência com a Lagoa dos Patos _RS_ até o Delta do rio Jacuí.","SNV":"Sim","FONTE":"LabTrans/Antaq","IDM_ORIGEM":"BR431490","MUN_ORIGEM":"Porto Alegre","EST_ORIGEM":"RS","IDM_ESTINO":"BR431490","MUN_ESTINO":"Porto Alegre","EST_ESTINO":"RS","IDANTAQ":18,"CAMADA_SIM":"87","FLUXO":2545961.6},"geometry":{"type":"MultiLineString","coordinates":[[[-51.209111,-29.991349],[-51.208733,-29.992598],[-51.208605,-29.994046],[-51.208674,-29.995962],[-51.209018,-29.997281],[-51.209524,-29.999962],[-51.209971,-30.002358],[-51.210345,-30.003915],[-51.210843,-30.005827],[-51.21088,-30.005884]]]}},
{"type":"Feature","properties":{"IDHIDROVIA":200002203,"NOME":"Hidrovia do Tietê - Paraná","NAVEGACAO":"Navegação Interior","TIPO":"Rio","VEL_CIONAL":10.0,"EXTENSAO":1.10095625695,"TEMPO":"0d 0h 6min","CLA_ICACAO":"Navegável","NOME_RIO":"Rio Iguaçu","NOM_ECLUSA":null,"JURISDICAO":"AHRANA","REG_RAFICA":"Região Hidrográfica do Paraná","PRO_DE_MIN":2.0,"PRO_DE_MAX":5.0,"DOMINIO":"União","OBSERVACAO":"Foz no rio Paraná _PR_ até o sopé das Cataratas do Iguaçu.","SNV":"Sim","FONTE":"LabTrans/ANA/Antaq","IDM_ORIGEM":"BR410830","MUN_ORIGEM":"Foz do Iguaçu","EST_ORIGEM":"PR","IDM_ESTINO":"BR410830","MUN_ESTINO":"Foz do Iguaçu","EST_ESTINO":"PR","IDANTAQ":3,"CAMADA_SIM":"88","FLUXO":169725.0},"geometry":{"type":"MultiLineString","coordinates":[[[-54.591033,-25.592547],[-54.589357,-25.592692],[-54.586301,-25.592603],[-54.582587,-25.592544],[-54.580187,-25.59191]]]}},
{"type":"Feature","properties":{"IDHIDROVIA":200002229,"NOME":"Hidrovia do Solimões","NAVEGACAO":"Navegação Interior","TIPO":"Rio","VEL_CIONAL":10.0,"EXTENSAO":223.05704384699999,"TEMPO":"0d 22h 18min","CLA_ICACAO":"Navegável","NOME_RIO":"Rio Solimões","NOM_ECLUSA":null,"JURISDICAO":"AHIMOC","REG_RAFICA":"Região Hidrográfica Amazônica","PRO_DE_MIN":6.0,"PRO_DE_MAX":10.0,"DOMINIO":"União","OBSERVACAO":"Confluência com o rio Negro _AM_ até Tabatinga _AM_.","SNV":"Sim","FONTE":"LabTrans/Antaq","IDM_ORIGEM":"BR130390","MUN_ORIGEM":"São Paulo de Olivença","EST_ORIGEM":"AM","IDM_ESTINO":"BR130060","MUN_ESTINO":"Benjamin Constant","EST_ESTINO":"AM","IDANTAQ":2,"CAMADA_SIM":"90","FLUXO":16507.0},"geometry":{"type":"MultiLineString","coordinates":[[[-69.93579,-4.293089],[-69.922484,-4.299193],[-69.916624,-4.300291],[-69.907286,-4.301817],[-69.903197,-4.305174],[-69.896178,-4.308592],[-69.886595,-4.314574],[-69.878783,-4.320616],[-69.871275,-4.328185],[-69.86389,-4.337584],[-69.856322,-4.344603],[-69.844603,-4.343871],[-69.830809,-4.349425],[-69.825621,-4.351988],[-69.817503,-4.358275],[-69.809996,-4.36627],[-69.800291,-4.377196],[-69.790526,-4.381712],[-69.778807,-4.377196],[-69.757384,-4.367674],[-69.747801,-4.36389],[-69.734679,-4.361327],[-69.719603,-4.359984],[-69.709105,-4.355772],[-69.699583,-4.350279],[-69.690184,-4.343321],[-69.682982,-4.338316],[-69.673277,-4.331908],[-69.662108,-4.326292],[-69.649168,-4.319273],[-69.63922,-4.315306],[-69.619811,-4.311095],[-69.608824,-4.309508],[-69.601683,-4.309874],[-69.593504,-4.3114],[-69.585692,-4.312315],[-69.578307,-4.312621],[-69.571471,-4.310606],[-69.562987,-4.306212],[-69.555479,-4.300597],[-69.545714,-4.292784],[-69.536986,-4.287291],[-69.524596,-4.279417],[-69.517882,-4.275877],[-69.511168,-4.271178],[-69.505186,-4.263182],[-69.501585,-4.254881],[-69.496581,-4.244505],[-69.49127,-4.23358],[-69.484984,-4.217711],[-69.477415,-4.206908],[-69.467894,-4.197386],[-69.455992,-4.188475],[-69.439391,-4.178709],[-69.421568,-4.17108],[-69.403868,-4.164793],[-69.390623,-4.158324],[-69.383604,-4.151915],[-69.381468,-4.145079],[-69.381895,-4.136595],[-69.38452,-4.127989],[-69.389403,-4.120787],[-69.393797,-4.11389],[-69.397276,-4.107298],[-69.39868,-4.103209],[-69.404112,-4.099913],[-69.412901,-4.096312],[-69.422301,-4.097777],[-69.429686,-4.101195],[-69.440489,-4.106688],[-69.4494,-4.111205],[-69.471678,-4.123595],[-69.486388,-4.12921],[-69.499388,-4.129393],[-69.514708,-4.125426],[-69.524596,-4.11859],[-69.53131,-4.113402],[-69.535521,-4.103392],[-69.536192,-4.09149],[-69.534605,-4.07672],[-69.530821,-4.063475]]]}},
{"type":"Feature","properties":{"IDHIDROVIA":200002232,"NOME":"Hidrovia do Solimões","NAVEGACAO":"Navegação Interior","TIPO":"Rio","VEL_CIONAL":10.0,"EXTENSAO":89.686205153499998,"TEMPO":"0d 8h 58min","CLA_ICACAO":"Navegável","NOME_RIO":"Rio Solimões","NOM_ECLUSA":null,"JURISDICAO":"AHIMOC","REG_RAFICA":"Região Hidrográfica Amazônica","PRO_DE_MIN":6.0,"PRO_DE_MAX":10.0,"DOMINIO":"União","OBSERVACAO":"Confluência com o rio Negro _AM_ até Tabatinga _AM_.","SNV":"Sim","FONTE":"LabTrans/Antaq","IDM_ORIGEM":"BR130006","MUN_ORIGEM":"Amaturá","EST_ORIGEM":"AM","IDM_ESTINO":"BR130390","MUN_ESTINO":"São Paulo de Olivença","EST_ESTINO":"AM","IDANTAQ":2,"CAMADA_SIM":"91","FLUXO":16507.0},"geometry":{"type":"MultiLineString","coordinates":[[[-68.952407,-3.458215],[-68.940306,-3.455626],[-68.927489,-3.453001],[-68.916686,-3.452696],[-68.900694,-3.451292],[-68.896178,-3.450621],[-68.875792,-3.448607],[-68.857603,-3.446288],[-68.843687,-3.445799],[-68.815001,-3.449278],[-68.796996,-3.449095],[-68.784117,-3.447386],[-68.771117,-3.442992],[-68.760802,-3.437926],[-68.742491,-3.426695],[-68.731505,-3.418211],[-68.722472,-3.412291],[-68.707579,-3.402769],[-68.697081,-3.398985],[-68.686095,-3.393004],[-68.680113,-3.388609],[-68.670287,-3.382689],[-68.656126,-3.375975],[-68.647704,-3.374083],[-68.637206,-3.372984],[-68.627074,-3.370909],[-68.615477,-3.373228],[-68.604979,-3.377196],[-68.594786,-3.382811],[-68.586485,-3.390379],[-68.577391,-3.397826],[-68.568297,-3.40338],[-68.558409,-3.404173],[-68.551268,-3.403807],[-68.544188,-3.40338],[-68.523985,-3.401488],[-68.508788,-3.396483],[-68.496214,-3.389281],[-68.48651,-3.381895],[-68.473204,-3.376219],[-68.457701,-3.369688],[-68.444701,-3.365599],[-68.433104,-3.361388],[-68.425414,-3.358275],[-68.415404,-3.354979],[-68.407103,-3.354674],[-68.400328,-3.355223],[-68.388792,-3.35919],[-68.381895,-3.364195],[-68.373412,-3.369505],[-68.36328,-3.375487],[-68.354186,-3.379393],[-68.340514,-3.382506],[-68.332274,-3.38159],[-68.320799,-3.379515],[-68.307921,-3.376707],[-68.294676,-3.372374],[-68.285826,-3.367918],[-68.275694,-3.362975],[-68.265868,-3.359373],[-68.255919,-3.355894],[-68.249205,-3.353392],[-68.240782,-3.351805],[-68.228209,-3.351988],[-68.215086,-3.352477],[-68.197435,-3.350717]]]}},
{"type":"Feature","properties":{"IDHIDROVIA":200002233,"NOME":"Hidrovia do Solimões","NAVEGACAO":"Navegação Interior","TIPO":"Rio","VEL_CIONAL":10.0,"EXTENSAO":43.207266818100003,"TEMPO":"0d 4h 19min","CLA_ICACAO":"Navegável","NOME_RIO":"Rio Solimões","NOM_ECLUSA":null,"JURISDICAO":"AHIMOC","REG_RAFICA":"Região Hidrográfica Amazônica","PRO_DE_MIN":6.0,"PRO_DE_MAX":10.0,"DOMINIO":"União","OBSERVACAO":"Confluência com o rio Negro _AM_ até Tabatinga _AM_.","SNV":"Sim","FONTE":"LabTrans","IDM_ORIGEM":"BR130370","MUN_ORIGEM":"Santo Antônio do Içá","EST_ORIGEM":"AM","IDM_ESTINO":"BR130006","MUN_ESTINO":"Amaturá","EST_ESTINO":"AM","IDANTAQ":2,"CAMADA_SIM":"92","FLUXO":16507.0},"geometry":{"type":"MultiLineString","coordinates":[[[-68.197435,-3.350717],[-68.196104,-3.350584],[-68.189207,-3.348387],[-68.182372,-3.345824],[-68.171873,-3.341795],[-68.159178,-3.34149],[-68.147276,-3.339415],[-68.136107,-3.336485],[-68.123473,-3.332396],[-68.107909,-3.328917],[-68.092284,-3.328307],[-68.082396,-3.331725],[-68.071227,-3.33911],[-68.063109,-3.343626],[-68.050597,-3.3468],[-68.030394,-3.349303],[-68.016295,-3.349608],[-68.002013,-3.351683],[-67.98419,-3.352904],[-67.969786,-3.347777],[-67.960692,-3.341917],[-67.950072,-3.33557],[-67.942198,-3.325377],[-67.934386,-3.308897],[-67.929503,-3.292479],[-67.926878,-3.272276],[-67.92578,-3.263304],[-67.924681,-3.246581],[-67.924315,-3.234373],[-67.929198,-3.217711],[-67.933409,-3.208311],[-67.935423,-3.197386],[-67.935728,-3.186217],[-67.931822,-3.172789],[-67.928587,-3.164915],[-67.926207,-3.154601],[-67.924803,-3.14337]]]}},
{"type":"Feature","properties":{"IDHIDROVIA":200002234,"NOME":"Hidrovia do Solimões","NAVEGACAO":"Navegação Interior","TIPO":"Rio","VEL_CIONAL":10.0,"EXTENSAO":164.70112087800001,"TEMPO":"0d 16h 28min","CLA_ICACAO":"Navegável","NOME_RIO":"Rio Solimões","NOM_ECLUSA":null,"JURISDICAO":"AHIMOC","REG_RAFICA":"Região Hidrográfica Amazônica","PRO_DE_MIN":6.0,"PRO_DE_MAX":10.0,"DOMINIO":"União","OBSERVACAO":"Confluência com o rio Negro _AM_ até Tabatinga _AM_.","SNV":"Sim","FONTE":"LabTrans/Antaq","IDM_ORIGEM":"BR130230","MUN_ORIGEM":"Jutaí","EST_ORIGEM":"AM","IDM_ESTINO":"BR130423","MUN_ESTINO":"Tonantins","EST_ESTINO":"AM","IDANTAQ":2,"CAMADA_SIM":"93","FLUXO":16507.0},"geometry":{"type":"MultiLineString","coordinates":[[[-67.762443,-2.901509],[-67.757689,-2.8963],[-67.750914,-2.890196],[-67.744383,-2.883299],[-67.738585,-2.875121],[-67.734496,-2.867979],[-67.730711,-2.859679],[-67.726805,-2.850218],[-67.723875,-2.843687],[-67.719481,-2.835082],[-67.712401,-2.828307],[-67.705382,-2.822203],[-67.699278,-2.816893],[-67.69348,-2.812071],[-67.685912,-2.808104],[-67.674376,-2.799925],[-67.67047,-2.79608],[-67.66339,-2.788878],[-67.654173,-2.782286],[-67.643492,-2.776305],[-67.632994,-2.770811],[-67.626219,-2.76721],[-67.618407,-2.764403],[-67.605406,-2.761107],[-67.593687,-2.760374],[-67.583495,-2.760191],[-67.5744,-2.759581],[-67.558897,-2.760191],[-67.546507,-2.761107],[-67.535094,-2.760191],[-67.522582,-2.756712],[-67.510008,-2.751707],[-67.50067,-2.746825],[-67.488585,-2.739012],[-67.476012,-2.729979],[-67.467406,-2.721678],[-67.460875,-2.708311],[-67.457701,-2.700499],[-67.453917,-2.690184],[-67.450011,-2.680602],[-67.442809,-2.669798],[-67.433409,-2.660399],[-67.424681,-2.650389],[-67.415709,-2.63922],[-67.409972,-2.632323],[-67.402281,-2.625182],[-67.398375,-2.617613],[-67.393675,-2.610411],[-67.390685,-2.604674],[-67.388792,-2.599974],[-67.384581,-2.590819],[-67.377806,-2.576109],[-67.375182,-2.570189],[-67.368773,-2.56201],[-67.354491,-2.552428],[-67.342223,-2.550475],[-67.327574,-2.549803],[-67.315184,-2.550108],[-67.297911,-2.552916],[-67.282896,-2.557799],[-67.274901,-2.56378],[-67.258604,-2.573607],[-67.249388,-2.580077],[-67.243712,-2.586302],[-67.240782,-2.595885],[-67.239806,-2.609679],[-67.242979,-2.626585],[-67.243407,-2.638121],[-67.239806,-2.651793],[-67.23181,-2.663878],[-67.224791,-2.671996],[-67.21881,-2.677184],[-67.20941,-2.682188],[-67.19702,-2.684874],[-67.182311,-2.684569],[-67.172606,-2.6817],[-67.161375,-2.674071],[-67.15399,-2.66461],[-67.145689,-2.650206],[-67.141783,-2.644774],[-67.135802,-2.637694],[-67.131407,-2.632201],[-67.126769,-2.624693],[-67.120726,-2.61859],[-67.114378,-2.614989],[-67.107115,-2.612608],[-67.098082,-2.611571],[-67.089476,-2.611082],[-67.081297,-2.611693],[-67.072691,-2.614012],[-67.062682,-2.618895],[-67.05432,-2.627013],[-67.051512,-2.633299],[-67.050719,-2.642088],[-67.050597,-2.649107],[-67.052184,-2.658202],[-67.05377,-2.666014],[-67.054198,-2.672179],[-67.055174,-2.67877],[-67.056578,-2.688597],[-67.056883,-2.693968],[-67.057127,-2.701292],[-67.054808,-2.716795],[-67.049986,-2.729002],[-67.039977,-2.745604],[-67.020323,-2.760191],[-67.001707,-2.769896],[-66.982176,-2.775389],[-66.968993,-2.775511],[-66.955504,-2.772582],[-66.944823,-2.768309],[-66.937682,-2.76129],[-66.933775,-2.755186],[-66.931212,-2.747374],[-66.927306,-2.736693],[-66.924498,-2.72888],[-66.922911,-2.721495],[-66.918211,-2.709471],[-66.914915,-2.700194],[-66.909117,-2.690123],[-66.900511,-2.679808],[-66.888426,-2.672179],[-66.876402,-2.666808],[-66.862975,-2.665099],[-66.852782,-2.668394],[-66.841185,-2.674681],[-66.833922,-2.679503],[-66.830016,-2.683287],[-66.818175,-2.692686],[-66.807188,-2.70172],[-66.798277,-2.710082],[-66.78369,-2.719603],[-66.773375,-2.725279],[-66.765804,-2.726969]]]}},
{"type":"Feature","properties":{"IDHIDROVIA":200002235,"NOME":"Hidrovia do Solimões","NAVEGACAO":"Navegação Interior","TIPO":"Rio","VEL_CIONAL":10.0,"EXTENSAO":53.200439915899999,"TEMPO":"0d 5h 19min","CLA_ICACAO":"Navegável","NOME_RIO":"Rio Solimões","NOM_ECLUSA":null,"JURISDICAO":"AHIMOC","REG_RAFICA":"Região Hidrográfica Amazônica","PRO_DE_MIN":6.0,"PRO_DE_MAX":10.0,"DOMINIO":"União","OBSERVACAO":"Confluência com o rio Negro _AM_ até Tabatinga _AM_.","SNV":"Sim","FONTE":"LabTrans/Antaq","IDM_ORIGEM":"BR130220","MUN_ORIGEM":"Juruá","EST_ORIGEM":"AM","IDM_ESTINO":"BR130160","MUN_ESTINO":"Fonte Boa","EST_ESTINO":"AM","IDANTAQ":2,"CAMADA_SIM":"94","FLUXO":16507.0},"geometry":{"type":"MultiLineString","coordinates":[[[-66.092494,-2.493161],[-66.090025,-2.492979],[-66.078917,-2.492186],[-66.06848,-2.4895],[-66.059019,-2.486388],[-66.047606,-2.482176],[-66.034911,-2.476012],[-66.02429,-2.472105],[-66.014403,-2.467711],[-66.007323,-2.465697],[-65.99951,-2.463377],[-65.9942,-2.46179],[-65.98889,-2.46002],[-65.981383,-2.457884],[-65.97412,-2.45587],[-65.966795,-2.45471],[-65.959776,-2.455626],[-65.950377,-2.45941],[-65.94409,-2.46411],[-65.937498,-2.468199],[-65.932616,-2.471007],[-65.922789,-2.475707],[-65.914,-2.479796],[-65.904906,-2.48358],[-65.895079,-2.488768],[-65.885924,-2.492796],[-65.876585,-2.497618],[-65.868407,-2.499083],[-65.859007,-2.499205],[-65.85089,-2.499388],[-65.841307,-2.502379],[-65.828673,-2.508482],[-65.818785,-2.518187],[-65.812987,-2.526671],[-65.804686,-2.539488],[-65.802123,-2.547301],[-65.800597,-2.552794],[-65.796996,-2.561217],[-65.791197,-2.567625],[-65.78369,-2.573607],[-65.778197,-2.582884],[-65.771483,-2.589903],[-65.763426,-2.598998],[-65.756102,-2.605528],[-65.747801,-2.614317],[-65.736571,-2.621397],[-65.720702,-2.629881],[-65.711485,-2.637206],[-65.69818,-2.649107]]]}},
{"type":"Feature","properties":{"IDHIDROVIA":200002236,"NOME":"Hidrovia do Solimões","NAVEGACAO":"Navegação Interior","TIPO":"Rio","VEL_CIONAL":10.0,"EXTENSAO":145.44362767699999,"TEMPO":"0d 14h 32min","CLA_ICACAO":"Navegável","NOME_RIO":"Rio Solimões","NOM_ECLUSA":null,"JURISDICAO":"AHIMOC","REG_RAFICA":"Região Hidrográfica Amazônica","PRO_DE_MIN":6.0,"PRO_DE_MAX":10.0,"DOMINIO":"União","OBSERVACAO":"Confluência com o rio Negro _AM_ até Tabatinga _AM_.","SNV":"Sim","FONTE":"LabTrans/Antaq","IDM_ORIGEM":"BR130426","MUN_ORIGEM":"Uarini","EST_ORIGEM":"AM","IDM_ESTINO":"BR130220","MUN_ESTINO":"Juruá","EST_ESTINO":"AM","IDANTAQ":2,"CAMADA_SIM":"95","FLUXO":16507.0},"geometry":{"type":"MultiLineString","coordinates":[[[-65.69818,-2.649107],[-65.695006,-2.650694],[-65.686278,-2.658995],[-65.674193,-2.663817],[-65.662108,-2.665404],[-65.650694,-2.666502],[-65.635985,-2.665587],[-65.625792,-2.663512],[-65.617308,-2.662169],[-65.609496,-2.66162],[-65.594786,-2.661192],[-65.58502,-2.658873],[-65.571471,-2.652708],[-65.561705,-2.646727],[-65.55078,-2.639403],[-65.542174,-2.631285],[-65.530882,-2.621397],[-65.52191,-2.609373],[-65.518492,-2.600096],[-65.514891,-2.590025],[-65.509398,-2.576781],[-65.503478,-2.569579],[-65.498717,-2.564574],[-65.493224,-2.559508],[-65.491698,-2.556578],[-65.489989,-2.550597],[-65.490477,-2.546812],[-65.491393,-2.543028],[-65.490599,-2.537901],[-65.488585,-2.533995],[-65.484679,-2.530211],[-65.480711,-2.527403],[-65.476622,-2.525877],[-65.471922,-2.524901],[-65.466002,-2.523802],[-65.460204,-2.522398],[-65.453917,-2.520018],[-65.444884,-2.517088],[-65.436583,-2.514098],[-65.43109,-2.505309],[-65.427611,-2.498595],[-65.424376,-2.489684],[-65.419981,-2.478575],[-65.412108,-2.465269],[-65.402281,-2.453673],[-65.39221,-2.44879],[-65.385008,-2.44879],[-65.375304,-2.452086],[-65.368407,-2.455809],[-65.364623,-2.459898],[-65.360289,-2.465086],[-65.356505,-2.469176],[-65.352477,-2.473387],[-65.34619,-2.476683],[-65.33911,-2.481383],[-65.333006,-2.488097],[-65.329222,-2.493712],[-65.321776,-2.505797],[-65.315428,-2.517027],[-65.308226,-2.526915],[-65.302977,-2.5343],[-65.296324,-2.541014],[-65.286681,-2.551573],[-65.28131,-2.559569],[-65.27838,-2.570189],[-65.280516,-2.581786],[-65.283507,-2.588377],[-65.288573,-2.598814],[-65.294798,-2.612791],[-65.302428,-2.62451],[-65.310118,-2.629393],[-65.323302,-2.634093],[-65.330504,-2.637022],[-65.342284,-2.638426],[-65.350279,-2.640685],[-65.362303,-2.647093],[-65.374327,-2.651976],[-65.381773,-2.659789],[-65.386717,-2.669005],[-65.394591,-2.684874],[-65.39929,-2.697691],[-65.399901,-2.707396],[-65.397215,-2.721068],[-65.38867,-2.732726],[-65.378478,-2.745299],[-65.369505,-2.75421],[-65.354796,-2.763182],[-65.341002,-2.770628],[-65.327208,-2.777098],[-65.317381,-2.779295],[-65.304076,-2.779601],[-65.290404,-2.778624],[-65.278685,-2.773924],[-65.267821,-2.767699],[-65.255919,-2.760619],[-65.245604,-2.757994],[-65.233885,-2.75659],[-65.224181,-2.752379],[-65.217406,-2.746886],[-65.209288,-2.742003],[-65.200682,-2.739195],[-65.192198,-2.739928],[-65.18347,-2.742125],[-65.172179,-2.746581],[-65.166686,-2.751891],[-65.16162,-2.76129],[-65.158507,-2.770384],[-65.156493,-2.779784],[-65.154601,-2.789183],[-65.153502,-2.799376],[-65.153014,-2.806273],[-65.153319,-2.814024],[-65.155394,-2.821104],[-65.158507,-2.829771],[-65.160216,-2.83618],[-65.162596,-2.842894],[-65.164,-2.849974],[-65.166624,-2.862608],[-65.167174,-2.870482],[-65.168211,-2.882994],[-65.166197,-2.892394],[-65.161803,-2.902586],[-65.155882,-2.911192],[-65.146178,-2.926268],[-65.140074,-2.933409],[-65.129393,-2.939696],[-65.116087,-2.945494],[-65.102599,-2.945677],[-65.10122,-2.94609]]]}},
{"type":"Feature","properties":{"IDHIDROVIA":200002237,"NOME":"Hidrovia do Solimões","NAVEGACAO":"Navegação Interior","TIPO":"Rio","VEL_CIONAL":10.0,"EXTENSAO":46.568738612700002,"TEMPO":"0d 4h 39min","CLA_ICACAO":"Navegável","NOME_RIO":"Rio Solimões","NOM_ECLUSA":null,"JURISDICAO":"AHIMOC","REG_RAFICA":"Região Hidrográfica Amazônica","PRO_DE_MIN":6.0,"PRO_DE_MAX":10.0,"DOMINIO":"União","OBSERVACAO":"Confluência com o rio Negro _AM_ até Tabatinga _AM_.","SNV":"Sim","FONTE":"LabTrans/Antaq","IDM_ORIGEM":"BR130002","MUN_ORIGEM":"Alvarães","EST_ORIGEM":"AM","IDM_ESTINO":"BR130426","MUN_ESTINO":"Uarini","EST_ESTINO":"AM","IDANTAQ":2,"CAMADA_SIM":"96","FLUXO":16507.0},"geometry":{"type":"MultiLineString","coordinates":[[[-65.10122,-2.94609],[-65.084471,-2.951109],[-65.072508,-2.957579],[-65.058287,-2.968077],[-65.048888,-2.981627],[-65.04492,-2.98889],[-65.041624,-3.00128],[-65.039122,-3.019896],[-65.033995,-3.028685],[-65.023009,-3.036925],[-65.013792,-3.040892],[-64.997984,-3.048582],[-64.99127,-3.050902],[-64.981993,-3.055907],[-64.973998,-3.059813],[-64.961485,-3.06378],[-64.954222,-3.065672],[-64.945494,-3.06909],[-64.935484,-3.073485],[-64.929381,-3.076292],[-64.922789,-3.080199],[-64.911375,-3.089171],[-64.904417,-3.095885],[-64.897215,-3.099425],[-64.893675,-3.100218],[-64.891417,-3.100707],[-64.888609,-3.100523],[-64.88568,-3.099608],[-64.883482,-3.097899],[-64.880675,-3.096983],[-64.877806,-3.09619],[-64.87329,-3.096007],[-64.868407,-3.0968],[-64.864623,-3.098326],[-64.860716,-3.100401],[-64.854613,-3.102721],[-64.848692,-3.105101],[-64.842406,-3.106688],[-64.837096,-3.108275],[-64.833189,-3.109679],[-64.828978,-3.111388],[-64.826109,-3.112791],[-64.823485,-3.115294],[-64.821593,-3.117796],[-64.820006,-3.121092],[-64.81848,-3.12451],[-64.816893,-3.127806],[-64.815123,-3.13098],[-64.811095,-3.137389],[-64.807982,-3.142088],[-64.804869,-3.146178],[-64.803282,-3.148985],[-64.800597,-3.151122],[-64.797911,-3.152403],[-64.795897,-3.15338],[-64.79431,-3.154112],[-64.785399,-3.158507],[-64.776793,-3.164]]]}},
{"type":"Feature","properties":{"IDHIDROVIA":200002238,"NOME":"Hidrovia do Solimões","NAVEGACAO":"Navegação Interior","TIPO":"Rio","VEL_CIONAL":10.0,"EXTENSAO":18.809105114200001,"TEMPO":"0d 1h 52min","CLA_ICACAO":"Navegável","NOME_RIO":"Rio Solimões","NOM_ECLUSA":null,"JURISDICAO":"AHIMOC","REG_RAFICA":"Região Hidrográfica Amazônica","PRO_DE_MIN":6.0,"PRO_DE_MAX":10.0,"DOMINIO":"União","OBSERVACAO":"Confluência com o rio Negro _AM_ até Tabatinga _AM_.","SNV":"Sim","FONTE":"LabTrans/Antaq","IDM_ORIGEM":"BR130420","MUN_ORIGEM":"Tefé","EST_ORIGEM":"AM","IDM_ESTINO":"BR130002","MUN_ESTINO":"Alvarães","EST_ESTINO":"AM","IDANTAQ":2,"CAMADA_SIM":"97","FLUXO":16507.0},"geometry":{"type":"MultiLineString","coordinates":[[[-64.776793,-3.164],[-64.770201,-3.169188],[-64.761595,-3.177],[-64.754088,-3.184874],[-64.744078,-3.195799],[-64.733702,-3.206175],[-64.717894,-3.216124],[-64.706786,-3.222472],[-64.699583,-3.229186],[-64.691771,-3.237669],[-64.684569,-3.246519],[-64.677977,-3.258604],[-64.669005,-3.270689],[-64.654784,-3.27838]]]}},
{"type":"Feature","properties":{"IDHIDROVIA":200002239,"NOME":"Hidrovia do Solimões","NAVEGACAO":"Navegação Interior","TIPO":"Rio","VEL_CIONAL":10.0,"EXTENSAO":15.5581980968,"TEMPO":"0d 1h 33min","CLA_ICACAO":"Navegável","NOME_RIO":"Rio Solimões","NOM_ECLUSA":null,"JURISDICAO":"AHIMOC","REG_RAFICA":"Região Hidrográfica Amazônica","PRO_DE_MIN":6.0,"PRO_DE_MAX":10.0,"DOMINIO":"União","OBSERVACAO":"Confluência com o rio Negro _AM_ até Tabatinga _AM_.","SNV":"Sim","FONTE":"LabTrans/Antaq","IDM_ORIGEM":"BR130120","MUN_ORIGEM":"Coari","EST_ORIGEM":"AM","IDM_ESTINO":"BR130120","MUN_ESTINO":"Coari","EST_ESTINO":"AM","IDANTAQ":2,"CAMADA_SIM":"98","FLUXO":901039.0},"geometry":{"type":"MultiLineString","coordinates":[[[-63.161578,-3.941946],[-63.153482,-3.945643],[-63.146684,-3.953485],[-63.144735,-3.960136],[-63.14585,-3.969589],[-63.147704,-3.979613],[-63.150877,-3.991087],[-63.151183,-4.008788],[-63.148375,-4.022093],[-63.14398,-4.042479],[-63.139708,-4.053099],[-63.133299,-4.062193],[-63.128468,-4.068692]]]}},
{"type":"Feature","properties":{"IDHIDROVIA":200002240,"NOME":"Hidrovia do Solimões","NAVEGACAO":"Navegação Interior","TIPO":"Rio","VEL_CIONAL":10.0,"EXTENSAO":19.251837735700001,"TEMPO":"0d 1h 55min","CLA_ICACAO":"Navegável","NOME_RIO":"Rio Solimões","NOM_ECLUSA":null,"JURISDICAO":"AHIMOC","REG_RAFICA":"Região Hidrográfica Amazônica","PRO_DE_MIN":6.0,"PRO_DE_MAX":10.0,"DOMINIO":"União","OBSERVACAO":"Confluência com o rio Negro _AM_ até Tabatinga _AM_.","SNV":"Sim","FONTE":"LabTrans/Antaq","IDM_ORIGEM":"BR130008","MUN_ORIGEM":"Anamã","EST_ORIGEM":"AM","IDM_ESTINO":"BR130010","MUN_ESTINO":"Anori","EST_ESTINO":"AM","IDANTAQ":2,"CAMADA_SIM":"99","FLUXO":901867.2},"geometry":{"type":"MultiLineString","coordinates":[[[-61.618009,-3.776553],[-61.614806,-3.770201],[-61.600584,-3.759886],[-61.581297,-3.750914],[-61.565794,-3.73712],[-61.548888,-3.722228],[-61.529417,-3.705626],[-61.505186,-3.691222],[-61.490294,-3.683409],[-61.477904,-3.677428]]]}},
{"type":"Feature","properties":{"IDHIDROVIA":200002241,"NOME":"Hidrovia do Amazonas","NAVEGACAO":"Navegação Interior","TIPO":"Rio","VEL_CIONAL":25.0,"EXTENSAO":5.2316735343799996,"TEMPO":"0d 0h 12min","CLA_ICACAO":"Navegável","NOME_RIO":"Rio Amazonas","NOM_ECLUSA":null,"JURISDICAO":"AHIMOC","REG_RAFICA":"Região Hidrográfica Amazônica","PRO_DE_MIN":5.0,"PRO_DE_MAX":7.5,"DOMINIO":"União","OBSERVACAO":"Foz no oceano Atlântico _PA_ até a confluência dos rios Negro e Solimões.","SNV":"Sim","FONTE":"LabTrans/Antaq","IDM_ORIGEM":"BR130190","MUN_ORIGEM":"Itacoatiara","EST_ORIGEM":"AM","IDM_ESTINO":"BR130190","MUN_ESTINO":"Itacoatiara","EST_ESTINO":"AM","IDANTAQ":1,"CAMADA_SIM":"100","FLUXO":5466783.2},"geometry":{"type":"MultiLineString","coordinates":[[[-58.483587,-3.137599],[-58.475648,-3.137679],[-58.463812,-3.141822],[-58.454918,-3.147963],[-58.444556,-3.155215],[-58.44147,-3.155995]]]}},
{"type":"Feature","properties":{"IDHIDROVIA":200002242,"NOME":"Hidrovia do Amazonas","NAVEGACAO":"Navegação Interior","TIPO":"Rio","VEL_CIONAL":25.0,"EXTENSAO":27.233979832100001,"TEMPO":"0d 1h 5min","CLA_ICACAO":"Navegável","NOME_RIO":"Rio Amazonas","NOM_ECLUSA":null,"JURISDICAO":"AHIMOC","REG_RAFICA":"Região Hidrográfica Amazônica","PRO_DE_MIN":5.0,"PRO_DE_MAX":7.5,"DOMINIO":"União","OBSERVACAO":"Foz no oceano Atlântico _PA_ até a confluência dos rios Negro e Solimões.","SNV":"Sim","FONTE":"LabTrans/Antaq","IDM_ORIGEM":"BR130190","MUN_ORIGEM":"Itacoatiara","EST_ORIGEM":"AM","IDM_ESTINO":"BR130190","MUN_ESTINO":"Itacoatiara","EST_ESTINO":"AM","IDANTAQ":1,"CAMADA_SIM":"101","FLUXO":5558929.8},"geometry":{"type":"MultiLineString","coordinates":[[[-58.44147,-3.155995],[-58.427953,-3.159414],[-58.414687,-3.159465],[-58.395443,-3.152893],[-58.382506,-3.145873],[-58.36389,-3.1369],[-58.348692,-3.124388],[-58.326415,-3.112486],[-58.301878,-3.103392],[-58.278075,-3.09381],[-58.249693,-3.086607],[-58.231688,-3.077513],[-58.219821,-3.066611]]]}},
{"type":"Feature","properties":{"IDHIDROVIA":200002247,"NOME":"Hidrovia do Solimões","NAVEGACAO":"Navegação Interior","TIPO":"Rio","VEL_CIONAL":10.0,"EXTENSAO":12.7120304495,"TEMPO":"0d 1h 16min","CLA_ICACAO":"Navegável","NOME_RIO":"Rio Solimões","NOM_ECLUSA":null,"JURISDICAO":"AHIMOC","REG_RAFICA":"Região Hidrográfica Amazônica","PRO_DE_MIN":6.0,"PRO_DE_MAX":10.0,"DOMINIO":"União","OBSERVACAO":"Confluência com o rio Negro _AM_ até Tabatinga _AM_.","SNV":"Sim","FONTE":"LabTrans/Antaq","IDM_ORIGEM":"BR130008","MUN_ORIGEM":"Anamã","EST_ORIGEM":"AM","IDM_ESTINO":"BR130008","MUN_ESTINO":"Anamã","EST_ESTINO":"AM","IDANTAQ":2,"CAMADA_SIM":"102","FLUXO":901867.2},"geometry":{"type":"MultiLineString","coordinates":[[[-61.477904,-3.677428],[-61.467284,-3.669676],[-61.456297,-3.656981],[-61.448912,-3.647704],[-61.440184,-3.638792],[-61.43109,-3.63098],[-61.422789,-3.62567],[-61.410704,-3.617674],[-61.403075,-3.612608],[-61.390924,-3.604004]]]}},
{"type":"Feature","properties":{"IDHIDROVIA":200002248,"NOME":"Hidrovia do Solimões","NAVEGACAO":"Navegação Interior","TIPO":"Rio","VEL_CIONAL":10.0,"EXTENSAO":16.659285508,"TEMPO":"0d 1h 39min","CLA_ICACAO":"Navegável","NOME_RIO":"Rio Solimões","NOM_ECLUSA":null,"JURISDICAO":"AHIMOC","REG_RAFICA":"Região Hidrográfica Amazônica","PRO_DE_MIN":6.0,"PRO_DE_MAX":10.0,"DOMINIO":"União","OBSERVACAO":"Confluência com o rio Negro _AM_ até Tabatinga _AM_.","SNV":"Sim","FONTE":"LabTrans/Antaq","IDM_ORIGEM":"BR130250","MUN_ORIGEM":"Manacapuru","EST_ORIGEM":"AM","IDM_ESTINO":"BR130250","MUN_ESTINO":"Manacapuru","EST_ESTINO":"AM","IDANTAQ":2,"CAMADA_SIM":"103","FLUXO":901867.2},"geometry":{"type":"MultiLineString","coordinates":[[[-60.612615,-3.333185],[-60.61151,-3.333006],[-60.584898,-3.326903],[-60.56848,-3.325804],[-60.540892,-3.327025],[-60.50659,-3.332701],[-60.478087,-3.33618],[-60.464226,-3.335853]]]}},
{"type":"Feature","properties":{"IDHIDROVIA":200002249,"NOME":"Hidrovia do Solimões","NAVEGACAO":"Navegação Interior","TIPO":"Rio","VEL_CIONAL":10.0,"EXTENSAO":42.112584563299997,"TEMPO":"0d 4h 12min","CLA_ICACAO":"Navegável","NOME_RIO":"Rio Solimões","NOM_ECLUSA":null,"JURISDICAO":"AHIMOC","REG_RAFICA":"Região Hidrográfica Amazônica","PRO_DE_MIN":6.0,"PRO_DE_MAX":10.0,"DOMINIO":"União","OBSERVACAO":"Confluência com o rio Negro _AM_ até Tabatinga _AM_.","SNV":"Sim","FONTE":"LabTrans/Antaq","IDM_ORIGEM":"BR130115","MUN_ORIGEM":"Careiro da Várzea","EST_ORIGEM":"AM","IDM_ESTINO":"BR130185","MUN_ESTINO":"Iranduba","EST_ESTINO":"AM","IDANTAQ":2,"CAMADA_SIM":"104","FLUXO":901867.2},"geometry":{"type":"MultiLineString","coordinates":[[[-60.194724,-3.298156],[-60.173277,-3.312376],[-60.15399,-3.323607],[-60.136107,-3.324889],[-60.108702,-3.323607],[-60.075011,-3.316588],[-60.047484,-3.304503],[-60.025206,-3.290404],[-59.9989,-3.285277],[-59.978697,-3.281676],[-59.952391,-3.274107],[-59.940184,-3.267577],[-59.924803,-3.25659],[-59.915587,-3.251097],[-59.903197,-3.242369],[-59.898802,-3.237669],[-59.893614,-3.229369],[-59.885027,-3.214341],[-59.878661,-3.196826],[-59.876028,-3.192173],[-59.875485,-3.188275]]]}},
{"type":"Feature","properties":{"IDHIDROVIA":200002250,"NOME":"Hidrovia do Madeira","NAVEGACAO":"Navegação Interior","TIPO":"Rio","VEL_CIONAL":22.0,"EXTENSAO":48.925898289199999,"TEMPO":"0d 2h 13min","CLA_ICACAO":"Navegável","NOME_RIO":"Rio Madeira","NOM_ECLUSA":null,"JURISDICAO":"AHIMOC","REG_RAFICA":"Região Hidrográfica Amazônica","PRO_DE_MIN":2.0,"PRO_DE_MAX":7.0,"DOMINIO":"União","OBSERVACAO":"Foz no rio Amazonas _AM_ até a confluência dos rios Beni _rio boliviano_ e Mamoré _RO_.","SNV":"Sim","FONTE":"LabTrans/Antaq","IDM_ORIGEM":"BR130190","MUN_ORIGEM":"Itacoatiara","EST_ORIGEM":"AM","IDM_ESTINO":"BR130310","MUN_ESTINO":"Nova Olinda do Norte","EST_ESTINO":"AM","IDANTAQ":5,"CAMADA_SIM":"105","FLUXO":10888055.9},"geometry":{"type":"MultiLineString","coordinates":[[[-59.043298,-3.645903],[-59.039488,-3.64221],[-59.031676,-3.634825],[-59.016783,-3.619078],[-59.010619,-3.612914],[-59.005675,-3.60919],[-58.998473,-3.606688],[-58.989195,-3.608275],[-58.976927,-3.606017],[-58.969115,-3.600279],[-58.958189,-3.588927],[-58.946715,-3.576598],[-58.939085,-3.566222],[-58.932616,-3.558104],[-58.925291,-3.552306],[-58.918578,-3.547423],[-58.912779,-3.540099],[-58.900389,-3.520689],[-58.885313,-3.500914],[-58.871092,-3.486205],[-58.860289,-3.475707],[-58.851378,-3.466185],[-58.835692,-3.460692],[-58.826903,-3.460509],[-58.81732,-3.459105],[-58.805602,-3.455077],[-58.79901,-3.449889],[-58.796202,-3.440794],[-58.794981,-3.431883],[-58.788268,-3.415892],[-58.784178,-3.407591],[-58.780516,-3.389281],[-58.775694,-3.380675],[-58.768004,-3.37329],[-58.760985,-3.367003],[-58.746703,-3.352171]]]}},
{"type":"Feature","properties":{"IDHIDROVIA":200002251,"NOME":"Hidrovia do Madeira","NAVEGACAO":"Navegação Interior","TIPO":"Rio","VEL_CIONAL":22.0,"EXTENSAO":31.939240037899999,"TEMPO":"0d 1h 27min","CLA_ICACAO":"Navegável","NOME_RIO":"Rio Madeira","NOM_ECLUSA":null,"JURISDICAO":"AHIMOC","REG_RAFICA":"Região Hidrográfica Amazônica","PRO_DE_MIN":2.0,"PRO_DE_MAX":7.0,"DOMINIO":"União","OBSERVACAO":"Foz no rio Amazonas _AM_ até a confluência dos rios Beni _rio boliviano_ e Mamoré _RO_.","SNV":"Sim","FONTE":"LabTrans/Antaq","IDM_ORIGEM":"BR130310","MUN_ORIGEM":"Nova Olinda do Norte","EST_ORIGEM":"AM","IDM_ESTINO":"BR130310","MUN_ESTINO":"Nova Olinda do Norte","EST_ESTINO":"AM","IDANTAQ":5,"CAMADA_SIM":"106","FLUXO":10888055.9},"geometry":{"type":"MultiLineString","coordinates":[[[-59.103275,-3.873363],[-59.092406,-3.866576],[-59.087279,-3.860777],[-59.083495,-3.852782],[-59.079894,-3.845274],[-59.072691,-3.835326],[-59.065306,-3.82318],[-59.057677,-3.811827],[-59.051085,-3.797728],[-59.050291,-3.783873],[-59.051817,-3.768126],[-59.061705,-3.751891],[-59.072386,-3.737181],[-59.082396,-3.723998],[-59.089903,-3.715575],[-59.096007,-3.708006],[-59.098875,-3.700194],[-59.099791,-3.691405],[-59.0968,-3.68579],[-59.088805,-3.679808],[-59.07379,-3.669005],[-59.059508,-3.659911],[-59.049376,-3.651793],[-59.043298,-3.645903]]]}},
{"type":"Feature","properties":{"IDHIDROVIA":200002252,"NOME":"Hidrovia do Madeira","NAVEGACAO":"Navegação Interior","TIPO":"Rio","VEL_CIONAL":22.0,"EXTENSAO":89.936933288299997,"TEMPO":"0d 4h 5min","CLA_ICACAO":"Navegável","NOME_RIO":"Rio Madeira","NOM_ECLUSA":null,"JURISDICAO":"AHIMOC","REG_RAFICA":"Região Hidrográfica Amazônica","PRO_DE_MIN":2.0,"PRO_DE_MAX":7.0,"DOMINIO":"União","OBSERVACAO":"Foz no rio Amazonas _AM_ até a confluência dos rios Beni _rio boliviano_ e Mamoré _RO_.","SNV":"Sim","FONTE":"LabTrans/Antaq","IDM_ORIGEM":"BR130310","MUN_ORIGEM":"Nova Olinda do Norte","EST_ORIGEM":"AM","IDM_ESTINO":"BR130080","MUN_ESTINO":"Borba","EST_ESTINO":"AM","IDANTAQ":5,"CAMADA_SIM":"107","FLUXO":10888055.9},"geometry":{"type":"MultiLineString","coordinates":[[[-59.59558,-4.38098],[-59.583495,-4.372008],[-59.572325,-4.365111],[-59.563597,-4.353209],[-59.557127,-4.341185],[-59.556883,-4.328307],[-59.556578,-4.31317],[-59.551512,-4.301817],[-59.535826,-4.285887],[-59.529906,-4.264891],[-59.52191,-4.251402],[-59.514525,-4.247191],[-59.500609,-4.248717],[-59.491209,-4.250975],[-59.477782,-4.260191],[-59.466795,-4.271117],[-59.458189,-4.274779],[-59.443419,-4.2666],[-59.429381,-4.25659],[-59.414305,-4.245482],[-59.403014,-4.234801],[-59.394591,-4.223082],[-59.387022,-4.21118],[-59.376402,-4.187498],[-59.369627,-4.166686],[-59.362975,-4.144896],[-59.355711,-4.121581],[-59.352293,-4.096678],[-59.348387,-4.081969],[-59.338988,-4.060728],[-59.327696,-4.034483],[-59.321898,-4.006102],[-59.314574,-3.989623],[-59.305174,-3.974486],[-59.289427,-3.964171],[-59.271788,-3.955321],[-59.25659,-3.94879],[-59.234801,-3.937987],[-59.208678,-3.927184],[-59.188292,-3.910826],[-59.18109,-3.899107],[-59.175597,-3.891417],[-59.169981,-3.888915],[-59.15692,-3.888304],[-59.150389,-3.887877],[-59.134581,-3.884093],[-59.120177,-3.880186],[-59.106871,-3.875609],[-59.103275,-3.873363]]]}},
{"type":"Feature","properties":{"IDHIDROVIA":200002257,"NOME":"Hidrovia do Negro","NAVEGACAO":"Navegação Interior","TIPO":"Rio","VEL_CIONAL":10.0,"EXTENSAO":43.0587632055,"TEMPO":"0d 4h 18min","CLA_ICACAO":"Navegável","NOME_RIO":"Rio Negro","NOM_ECLUSA":null,"JURISDICAO":"AHIMOC","REG_RAFICA":"Região Hidrográfica Amazônica","PRO_DE_MIN":1.8,"PRO_DE_MAX":4.0,"DOMINIO":"União","OBSERVACAO":"Confluência com o rio Solimões_AM_ até Cucuí _AM_.","SNV":"Sim","FONTE":"LabTrans/Antaq","IDM_ORIGEM":"BR130260","MUN_ORIGEM":"Manaus","EST_ORIGEM":"AM","IDM_ESTINO":"BR130320","MUN_ESTINO":"Novo Airão","EST_ESTINO":"AM","IDANTAQ":20,"CAMADA_SIM":"108","FLUXO":16179.6},"geometry":{"type":"MultiLineString","coordinates":[[[-60.939367,-2.595089],[-60.927489,-2.597777],[-60.911375,-2.604491],[-60.897582,-2.609801],[-60.888487,-2.613097],[-60.878722,-2.621519],[-60.870787,-2.630003],[-60.861876,-2.639708],[-60.85388,-2.65161],[-60.841673,-2.667174],[-60.834776,-2.67932],[-60.829588,-2.689269],[-60.828185,-2.694212],[-60.827574,-2.697203],[-60.826109,-2.700926],[-60.820677,-2.711607],[-60.811888,-2.720702],[-60.793272,-2.738585],[-60.784117,-2.751707],[-60.775694,-2.762389],[-60.768309,-2.776793],[-60.762389,-2.796507],[-60.753111,-2.812682],[-60.739684,-2.82849],[-60.722289,-2.84149],[-60.68347,-2.863707],[-60.681583,-2.865037]]]}},
{"type":"Feature","properties":{"IDHIDROVIA":200002258,"NOME":"Hidrovia do Negro","NAVEGACAO":"Navegação Interior","TIPO":"Rio","VEL_CIONAL":10.0,"EXTENSAO":76.282206768099996,"TEMPO":"0d 7h 37min","CLA_ICACAO":"Navegável","NOME_RIO":"Rio Negro","NOM_ECLUSA":null,"JURISDICAO":"AHIMOC","REG_RAFICA":"Região Hidrográfica Amazônica","PRO_DE_MIN":1.8,"PRO_DE_MAX":4.0,"DOMINIO":"União","OBSERVACAO":"Confluência com o rio Solimões_AM_ até Cucuí _AM_.","SNV":"Sim","FONTE":"LabTrans/Antaq","IDM_ORIGEM":"BR130260","MUN_ORIGEM":"Manaus","EST_ORIGEM":"AM","IDM_ESTINO":"BR130260","MUN_ESTINO":"Manaus","EST_ESTINO":"AM","IDANTAQ":20,"CAMADA_SIM":"109","FLUXO":16179.6},"geometry":{"type":"MultiLineString","coordinates":[[[-60.681583,-2.865037],[-60.660094,-2.880186],[-60.638792,-2.908385],[-60.617918,-2.929686],[-60.60211,-2.95172],[-60.544005,-3.01129],[-60.514403,-3.03369],[-60.485289,-3.049803],[-60.457823,-3.050597],[-60.430785,-3.065184],[-60.401305,-3.069579],[-60.37982,-3.073973],[-60.356383,-3.069579],[-60.33679,-3.06317],[-60.316527,-3.061217],[-60.302977,-3.06317],[-60.285887,-3.067992],[-60.253783,-3.071104],[-60.22711,-3.074095],[-60.212096,-3.080687],[-60.195372,-3.095274],[-60.179686,-3.108519],[-60.16931,-3.115904],[-60.1593,-3.119994],[-60.148802,-3.123106],[-60.138976,-3.125304],[-60.104582,-3.144839],[-60.098832,-3.146591]]]}},
{"type":"Feature","properties":{"IDHIDROVIA":200002259,"NOME":"Hidrovia do Tapajós","NAVEGACAO":"Navegação Interior","TIPO":"Rio","VEL_CIONAL":25.0,"EXTENSAO":3.0842957229699999,"TEMPO":"0d 0h 7min","CLA_ICACAO":"Navegável","NOME_RIO":"Rio Tapajós","NOM_ECLUSA":null,"JURISDICAO":"AHIMOR","REG_RAFICA":"Região Hidrográfica Amazônica","PRO_DE_MIN":2.6,"PRO_DE_MAX":9.9,"DOMINIO":"União","OBSERVACAO":"Foz no rio Amazonas _PA_ até a confluência dos rios Juruena e Teles Pires.","SNV":"Sim","FONTE":"LabTrans/Antaq","IDM_ORIGEM":"BR150680","MUN_ORIGEM":"Santarém","EST_ORIGEM":"PA","IDM_ESTINO":"BR150680","MUN_ESTINO":"Santarém","EST_ESTINO":"PA","IDANTAQ":17,"CAMADA_SIM":"110","FLUXO":14439367.4},"geometry":{"type":"MultiLineString","coordinates":[[[-54.695666,-2.416847],[-54.695189,-2.416991],[-54.673277,-2.427611],[-54.670592,-2.428709]]]}},
{"type":"Feature","properties":{"IDHIDROVIA":200002260,"NOME":"Hidrovia do Amazonas","NAVEGACAO":"Navegação Interior","TIPO":"Rio","VEL_CIONAL":15.0,"EXTENSAO":36.459890277900001,"TEMPO":"0d 2h 25min","CLA_ICACAO":"Navegável","NOME_RIO":"Rio Trombetas","NOM_ECLUSA":null,"JURISDICAO":"AHIMOR","REG_RAFICA":"Região Hidrográfica Amazônica","PRO_DE_MIN":2.0,"PRO_DE_MAX":4.0,"DOMINIO":"Estados ou Distrito Federal","OBSERVACAO":"Foz no rio Amazonas _PA_ até o sopé Cachoeira Porteira _Oriximiná-PA_.","SNV":"Sim","FONTE":"LabTrans/ANA/Antaq","IDM_ORIGEM":"BR150510","MUN_ORIGEM":"Óbidos","EST_ORIGEM":"PA","IDM_ESTINO":"BR150530","MUN_ESTINO":"Oriximiná","EST_ESTINO":"PA","IDANTAQ":1,"CAMADA_SIM":"111","FLUXO":369.2},"geometry":{"type":"MultiLineString","coordinates":[[[-55.876593,-1.768451],[-55.872496,-1.772398],[-55.857176,-1.792906],[-55.846007,-1.803587],[-55.834715,-1.813719],[-55.828307,-1.820799],[-55.816405,-1.830687],[-55.803221,-1.840208],[-55.792296,-1.845091],[-55.781187,-1.849608],[-55.7713,-1.853575],[-55.759093,-1.856383],[-55.747801,-1.856871],[-55.720091,-1.85858],[-55.710997,-1.859801],[-55.699889,-1.861876],[-55.687376,-1.865599],[-55.673521,-1.869688],[-55.659605,-1.873473],[-55.642271,-1.878111],[-55.632201,-1.883177],[-55.615721,-1.889891],[-55.59619,-1.89398],[-55.586974,-1.895811]]]}},
{"type":"Feature","properties":{"IDHIDROVIA":200002261,"NOME":"Hidrovia do Tapajós","NAVEGACAO":"Navegação Interior","TIPO":"Rio","VEL_CIONAL":10.0,"EXTENSAO":32.8564906748,"TEMPO":"0d 3h 17min","CLA_ICACAO":"Navegável","NOME_RIO":"Rio Tapajós","NOM_ECLUSA":null,"JURISDICAO":"AHIMOR","REG_RAFICA":"Região Hidrográfica Amazônica","PRO_DE_MIN":2.0,"PRO_DE_MAX":6.6,"DOMINIO":"União","OBSERVACAO":"Foz no rio Amazonas _PA_ até a confluência dos rios Juruena e Teles Pires.","SNV":"Sim","FONTE":"LabTrans/Antaq","IDM_ORIGEM":"BR150360","MUN_ORIGEM":"Itaituba","EST_ORIGEM":"PA","IDM_ESTINO":"BR150360","MUN_ESTINO":"Itaituba","EST_ESTINO":"PA","IDANTAQ":17,"CAMADA_SIM":"112","FLUXO":103882.2},"geometry":{"type":"MultiLineString","coordinates":[[[-56.19685,-4.351854],[-56.196773,-4.351813],[-56.19125,-4.351884],[-56.183688,-4.355161],[-56.175449,-4.359929],[-56.162291,-4.371703],[-56.152708,-4.378783],[-56.145506,-4.382689],[-56.138487,-4.385008],[-56.13098,-4.387389],[-56.122618,-4.388915],[-56.111693,-4.390196],[-56.101195,-4.388426],[-56.094481,-4.385374],[-56.089781,-4.383177],[-56.08557,-4.381407],[-56.082884,-4.378172],[-56.081175,-4.374083],[-56.078185,-4.365416],[-56.072203,-4.342711],[-56.064207,-4.31909],[-56.060606,-4.314024],[-56.056395,-4.309386],[-56.049681,-4.303282],[-56.04431,-4.299681],[-56.035277,-4.295592],[-56.029784,-4.293272],[-56.024107,-4.291686],[-56.020873,-4.291014],[-56.017088,-4.291686],[-56.001585,-4.294676],[-55.993773,-4.295287],[-55.98419,-4.294493],[-55.975279,-4.289305],[-55.971373,-4.284641]]]}},
{"type":"Feature","properties":{"IDHIDROVIA":200002262,"NOME":"Hidrovia do Tapajós","NAVEGACAO":"Navegação Interior","TIPO":"Rio","VEL_CIONAL":10.0,"EXTENSAO":110.875477266,"TEMPO":"0d 11h 5min","CLA_ICACAO":"Navegável","NOME_RIO":"Rio Tapajós","NOM_ECLUSA":null,"JURISDICAO":"AHIMOR","REG_RAFICA":"Região Hidrográfica Amazônica","PRO_DE_MIN":2.6,"PRO_DE_MAX":9.9,"DOMINIO":"União","OBSERVACAO":"Foz no rio Amazonas _PA_ até a confluência dos rios Juruena e Teles Pires.","SNV":"Sim","FONTE":"LabTrans/Antaq","IDM_ORIGEM":"BR150100","MUN_ORIGEM":"Aveiro","EST_ORIGEM":"PA","IDM_ESTINO":"BR150360","MUN_ESTINO":"Itaituba","EST_ESTINO":"PA","IDANTAQ":17,"CAMADA_SIM":"113","FLUXO":14569856.9},"geometry":{"type":"MultiLineString","coordinates":[[[-55.971373,-4.284641],[-55.963316,-4.275023],[-55.949278,-4.261717],[-55.930785,-4.248778],[-55.909483,-4.233397],[-55.902281,-4.227293],[-55.888304,-4.209105],[-55.878294,-4.195677],[-55.868407,-4.187987],[-55.860228,-4.180907],[-55.851805,-4.176085],[-55.845274,-4.174193],[-55.839903,-4.173399],[-55.832701,-4.170897],[-55.825316,-4.166014],[-55.820006,-4.162108],[-55.814696,-4.155394],[-55.810484,-4.146605],[-55.804991,-4.138792],[-55.800108,-4.133299],[-55.797423,-4.129576],[-55.794676,-4.127684],[-55.790404,-4.126402],[-55.787108,-4.125182],[-55.782408,-4.123106],[-55.778502,-4.120787],[-55.773497,-4.117186],[-55.770201,-4.114806],[-55.765807,-4.110594],[-55.763182,-4.107481],[-55.758177,-4.10211],[-55.752684,-4.098021],[-55.745909,-4.094176],[-55.7395,-4.090819],[-55.734923,-4.088499],[-55.730711,-4.087096],[-55.726683,-4.08679],[-55.72119,-4.086485],[-55.713927,-4.085326],[-55.706725,-4.086607],[-55.700804,-4.091673],[-55.697997,-4.095213],[-55.695189,-4.096983],[-55.690978,-4.097228],[-55.6864,-4.095396],[-55.682982,-4.093382],[-55.678221,-4.089476],[-55.673705,-4.083922],[-55.671996,-4.078612],[-55.669127,-4.0661],[-55.666686,-4.059813],[-55.664305,-4.054198],[-55.662108,-4.049986],[-55.659789,-4.046019],[-55.657896,-4.043517],[-55.65399,-4.038695],[-55.649779,-4.034178],[-55.643492,-4.027281],[-55.639281,-4.01898],[-55.637206,-4.014891],[-55.634093,-4.010924],[-55.629576,-4.005675],[-55.626707,-4.002196],[-55.624022,-3.998106],[-55.621703,-3.99359],[-55.616393,-3.989684],[-55.611327,-3.984496],[-55.60742,-3.979796],[-55.602415,-3.975401],[-55.596007,-3.969603],[-55.593687,-3.966978],[-55.590392,-3.963988],[-55.585204,-3.960509],[-55.581603,-3.957884],[-55.577696,-3.951781],[-55.57379,-3.941283],[-55.568907,-3.92932],[-55.564879,-3.917906],[-55.561095,-3.906187],[-55.558409,-3.894286],[-55.557494,-3.883177],[-55.558287,-3.871703],[-55.556395,-3.864806],[-55.552489,-3.860899],[-55.545409,-3.855894],[-55.539793,-3.852293],[-55.535521,-3.848875],[-55.532774,-3.845396],[-55.52838,-3.83911],[-55.525328,-3.834105],[-55.52191,-3.82971],[-55.51721,-3.82318],[-55.511473,-3.816405],[-55.49951,-3.804808],[-55.491209,-3.797423],[-55.48651,-3.790099],[-55.47589,-3.772276],[-55.469908,-3.764098],[-55.463011,-3.755614],[-55.450499,-3.747984],[-55.434081,-3.736815],[-55.420287,-3.728392],[-55.409605,-3.716002],[-55.398802,-3.698485],[-55.385497,-3.680602],[-55.376585,-3.673216],[-55.362975,-3.667906],[-55.357176,-3.661009],[-55.351683,-3.650816],[-55.348509,-3.640196],[-55.347411,-3.629515],[-55.347899,-3.619688],[-55.346495,-3.609312],[-55.345824,-3.602415],[-55.342045,-3.59524]]]}},
{"type":"Feature","properties":{"IDHIDROVIA":200002265,"NOME":"Hidrovia do Amazonas","NAVEGACAO":"Navegação Interior","TIPO":"Rio","VEL_CIONAL":15.0,"EXTENSAO":100.321652332,"TEMPO":"0d 6h 41min","CLA_ICACAO":"Navegável","NOME_RIO":"Rio Xingu","NOM_ECLUSA":null,"JURISDICAO":"AHIMOR","REG_RAFICA":"Região Hidrográfica Amazônica","PRO_DE_MIN":2.3,"PRO_DE_MAX":6.0,"DOMINIO":"União","OBSERVACAO":"Foz no rio Amazonas _AM_ até PK 1522.","SNV":"Sim","FONTE":"LabTrans/ANA/Antaq","IDM_ORIGEM":"BR150590","MUN_ORIGEM":"Porto de Moz","EST_ORIGEM":"PA","IDM_ESTINO":"BR150590","MUN_ESTINO":"Porto de Moz","EST_ESTINO":"PA","IDANTAQ":1,"CAMADA_SIM":"114","FLUXO":24755.3},"geometry":{"type":"MultiLineString","coordinates":[[[-51.993788,-2.596371],[-51.9942,-2.587523],[-51.997679,-2.548582],[-52.002196,-2.528502],[-52.021788,-2.492003],[-52.042418,-2.461119],[-52.062682,-2.411803],[-52.072874,-2.373778],[-52.08618,-2.33911],[-52.1062,-2.301695],[-52.123595,-2.281798],[-52.139586,-2.263121],[-52.152892,-2.251097],[-52.169493,-2.223387],[-52.176878,-2.215086],[-52.192381,-2.18579],[-52.208128,-2.148802],[-52.21411,-2.126524],[-52.218321,-2.098998],[-52.227293,-2.049071],[-52.234801,-2.009215],[-52.237425,-1.992003],[-52.241026,-1.952269],[-52.246703,-1.921873],[-52.247984,-1.888609],[-52.238402,-1.83911],[-52.23419,-1.809386],[-52.236205,-1.785277],[-52.238097,-1.775816],[-52.244383,-1.768187],[-52.247679,-1.765501],[-52.25415,-1.758549]]]}},
{"type":"Feature","properties":{"IDHIDROVIA":200002281,"NOME":"Hidrovia do Amazonas","NAVEGACAO":"Navegação Interior","TIPO":"Rio","VEL_CIONAL":25.0,"EXTENSAO":6.391209,"TEMPO":"0d 0h 15min","CLA_ICACAO":"Navegável","NOME_RIO":"Rio Amazonas","NOM_ECLUSA":null,"JURISDICAO":"AHIMOR","REG_RAFICA":"Região Hidrográfica Amazônica","PRO_DE_MIN":5.0,"PRO_DE_MAX":7.5,"DOMINIO":"União","OBSERVACAO":null,"SNV":"Sim","FONTE":"LabTrans/Antaq","IDM_ORIGEM":"BR150480","MUN_ORIGEM":"Monte Alegre","EST_ORIGEM":"PA","IDM_ESTINO":"BR150680","MUN_ESTINO":"Santarém","EST_ESTINO":"PA","IDANTAQ":1,"CAMADA_SIM":"115","FLUXO":12307037.6},"geometry":{"type":"MultiLineString","coordinates":[[[-54.670591,-2.428709],[-54.641782,-2.440306],[-54.619992,-2.448561]]]}},
{"type":"Feature","properties":{"IDHIDROVIA":200002282,"NOME":"Hidrovia Paraguai - Paraná","NAVEGACAO":"Navegação Interior","TIPO":"Rio","VEL_CIONAL":7.0,"EXTENSAO":33.697898021299999,"TEMPO":"0d 4h 48min","CLA_ICACAO":"Navegável","NOME_RIO":"Rio Paraguai","NOM_ECLUSA":null,"JURISDICAO":"AHIPAR","REG_RAFICA":"Região Hidrográfica do Paraguai","PRO_DE_MIN":3.3,"PRO_DE_MAX":3.3,"DOMINIO":"União","OBSERVACAO":"Foz do rio Apa _MS_ até a foz do Ribeirão Vermelho _MT_.","SNV":"Sim","FONTE":"LabTrans/ANA/Antaq","IDM_ORIGEM":"BR500320","MUN_ORIGEM":"Corumbá","EST_ORIGEM":"MS","IDM_ESTINO":"BR500320","MUN_ESTINO":"Corumbá","EST_ESTINO":"MS","IDANTAQ":4,"CAMADA_SIM":"116","FLUXO":2290326.0},"geometry":{"type":"MultiLineString","coordinates":[[[-57.335619,-19.411226],[-57.337747,-19.412149],[-57.341442,-19.414338],[-57.350294,-19.41903],[-57.354389,-19.420185],[-57.360222,-19.421221],[-57.365105,-19.420833],[-57.368855,-19.419923],[-57.371825,-19.419305],[-57.375732,-19.418783],[-57.379274,-19.419403],[-57.38138,-19.420644],[-57.384598,-19.42311],[-57.386573,-19.425605],[-57.389115,-19.429144],[-57.391739,-19.433607],[-57.395284,-19.438997],[-57.399633,-19.443431],[-57.403128,-19.446946],[-57.408971,-19.4543],[-57.410499,-19.458683],[-57.41147,-19.462414],[-57.412791,-19.466802],[-57.413309,-19.470662],[-57.414037,-19.477687],[-57.414309,-19.483195],[-57.413559,-19.489235],[-57.413073,-19.495898],[-57.413355,-19.500559],[-57.414224,-19.505114],[-57.41645,-19.509206],[-57.420036,-19.514517],[-57.42421,-19.518524],[-57.430068,-19.522898],[-57.433858,-19.526483],[-57.43631,-19.529709],[-57.437659,-19.533549],[-57.438041,-19.538468],[-57.436779,-19.544003],[-57.43592,-19.546018],[-57.432713,-19.548676],[-57.429766,-19.550193],[-57.426727,-19.551361],[-57.420214,-19.551477],[-57.415539,-19.550455],[-57.411744,-19.549802],[-57.408251,-19.549534],[-57.406099,-19.549781],[-57.404089,-19.550689],[-57.403507,-19.552189],[-57.403551,-19.553831],[-57.404188,-19.555928],[-57.404974,-19.558123],[-57.406168,-19.560832],[-57.409269,-19.565039],[-57.412407,-19.569071],[-57.415781,-19.574153],[-57.421069,-19.577859],[-57.425086,-19.580618],[-57.429761,-19.584652],[-57.433125,-19.589304],[-57.436148,-19.593613],[-57.437888,-19.596523],[-57.439628,-19.599454],[-57.44204,-19.602105],[-57.444017,-19.603782],[-57.446577,-19.605373],[-57.453086,-19.607269],[-57.456574,-19.608406],[-57.458353,-19.609293]]]}},
{"type":"Feature","properties":{"IDHIDROVIA":200002283,"NOME":"Hidrovia Paraguai - Paraná","NAVEGACAO":"Navegação Interior","TIPO":"Rio","VEL_CIONAL":7.0,"EXTENSAO":498.92560709499998,"TEMPO":"2d 23h 16min","CLA_ICACAO":"Navegável","NOME_RIO":"Rio Paraguai","NOM_ECLUSA":null,"JURISDICAO":null,"REG_RAFICA":null,"PRO_DE_MIN":2.5,"PRO_DE_MAX":5.0,"DOMINIO":null,"OBSERVACAO":null,"SNV":"Não","FONTE":"LabTrans/Antaq","IDM_ORIGEM":null,"MUN_ORIGEM":null,"EST_ORIGEM":null,"IDM_ESTINO":"BR500690","MUN_ESTINO":"Porto Murtinho","EST_ESTINO":"MS","IDANTAQ":4,"CAMADA_SIM":"117","FLUXO":7153384.0},"geometry":{"type":"MultiLineString","coordinates":[[[-57.992237,-22.087615],[-57.993123,-22.091182],[-57.993832,-22.096549],[-57.992532,-22.101477],[-57.990214,-22.104861],[-57.98782,-22.107349],[-57.98493,-22.109492],[-57.979592,-22.111256],[-57.976244,-22.112692],[-57.972998,-22.11426],[-57.970321,-22.115454],[-57.966252,-22.118255],[-57.961107,-22.122701],[-57.959019,-22.125719],[-57.957016,-22.129947],[-57.956076,-22.133449],[-57.956547,-22.137746],[-57.958503,-22.143036],[-57.959467,-22.14759],[-57.960776,-22.152317],[-57.962003,-22.159108],[-57.962561,-22.163049],[-57.963376,-22.167472],[-57.964264,-22.17113],[-57.966166,-22.177787],[-57.968293,-22.182309],[-57.970699,-22.187991],[-57.971806,-22.19088],[-57.972766,-22.198421],[-57.973799,-22.2036],[-57.974533,-22.208502],[-57.975257,-22.211535],[-57.975688,-22.216057],[-57.975587,-22.219067],[-57.973298,-22.225009],[-57.970807,-22.227589],[-57.966753,-22.22976],[-57.964396,-22.231977],[-57.961627,-22.234968],[-57.959834,-22.238158],[-57.959186,-22.240734],[-57.958631,-22.244756],[-57.958773,-22.249376],[-57.958528,-22.254006],[-57.957829,-22.259634],[-57.957234,-22.263959],[-57.95609,-22.267761],[-57.954737,-22.271119],[-57.952484,-22.27512],[-57.949098,-22.278621],[-57.945935,-22.279917],[-57.941769,-22.279946],[-57.937721,-22.279244],[-57.933664,-22.278229],[-57.929195,-22.276461],[-57.92381,-22.274896],[-57.917692,-22.27317],[-57.914131,-22.273084],[-57.909844,-22.274049],[-57.905579,-22.275776],[-57.903105,-22.277367],[-57.901514,-22.279294],[-57.900283,-22.281885],[-57.89964,-22.284685],[-57.899702,-22.286748],[-57.899899,-22.288449],[-57.900915,-22.289948],[-57.902532,-22.292061],[-57.903163,-22.293661],[-57.903071,-22.295414],[-57.902812,-22.297436],[-57.901933,-22.300467],[-57.899997,-22.303794],[-57.897126,-22.306696],[-57.893981,-22.31019],[-57.892227,-22.313153],[-57.890007,-22.316758],[-57.887047,-22.319978],[-57.884251,-22.32274],[-57.880589,-22.326522],[-57.877116,-22.330691],[-57.874442,-22.333459],[-57.869956,-22.337575],[-57.862697,-22.344676],[-57.85699,-22.350165],[-57.85173,-22.354385],[-57.84419,-22.359494],[-57.839543,-22.362253],[-57.834249,-22.365642],[-57.828804,-22.369217],[-57.824443,-22.372438],[-57.820517,-22.374563],[-57.818755,-22.375981],[-57.817406,-22.377932],[-57.816688,-22.380084],[-57.816814,-22.38301],[-57.818143,-22.385615],[-57.821239,-22.389749],[-57.823869,-22.392719],[-57.826794,-22.395067],[-57.830415,-22.397144],[-57.839429,-22.399048],[-57.84634,-22.398654],[-57.849961,-22.398091],[-57.853787,-22.397449],[-57.85681,-22.397805],[-57.859073,-22.398904],[-57.862912,-22.401285],[-57.86531,-22.404296],[-57.866143,-22.408542],[-57.866121,-22.410423],[-57.865968,-22.413103],[-57.865512,-22.417477],[-57.86461,-22.41996],[-57.861909,-22.42379],[-57.858536,-22.426082],[-57.855642,-22.427422],[-57.852182,-22.429428],[-57.848757,-22.432856],[-57.846244,-22.436428],[-57.844887,-22.438163],[-57.841725,-22.442111],[-57.840749,-22.444776],[-57.839373,-22.448463],[-57.838778,-22.450793],[-57.839117,-22.45687],[-57.839791,-22.459782],[-57.840469,-22.462802],[-57.841843,-22.468193],[-57.843229,-22.47134],[-57.844158,-22.474896],[-57.844938,-22.478737],[-57.845717,-22.482513],[-57.844908,-22.486837],[-57.842846,-22.492432],[-57.840928,-22.495049],[-57.838822,-22.497887],[-57.83668,-22.500835],[-57.833021,-22.505828],[-57.831587,-22.508902],[-57.830843,-22.511524],[-57.830226,-22.514433],[-57.829735,-22.51896],[-57.829859,-22.523079],[-57.829952,-22.526186],[-57.830175,-22.532322],[-57.829961,-22.536955],[-57.829771,-22.539745],[-57.829138,-22.547369],[-57.828859,-22.551137],[-57.828638,-22.558113],[-57.8281,-22.562393],[-57.827559,-22.566529],[-57.826669,-22.570818],[-57.824705,-22.575859],[-57.821906,-22.57861],[-57.819136,-22.580271],[-57.814828,-22.582876],[-57.811348,-22.585677],[-57.810276,-22.5865],[-57.809625,-22.587022],[-57.806752,-22.589825],[-57.803256,-22.593421],[-57.801497,-22.596177],[-57.79887,-22.600004],[-57.796789,-22.603782],[-57.793267,-22.608445],[-57.790163,-22.612067],[-57.787188,-22.614782],[-57.784655,-22.617847],[-57.78269,-22.620283],[-57.780506,-22.623268],[-57.778167,-22.627579],[-57.776505,-22.630984],[-57.774669,-22.635153],[-57.772968,-22.639858],[-57.771628,-22.64358],[-57.771239,-22.647676],[-57.771181,-22.649703],[-57.772169,-22.653935],[-57.773292,-22.65745],[-57.775293,-22.66022],[-57.777465,-22.662118],[-57.782572,-22.663869],[-57.787433,-22.663927],[-57.791553,-22.663409],[-57.798089,-22.661255],[-57.805245,-22.6597],[-57.812862,-22.658927],[-57.82194,-22.659275],[-57.8274,-22.65975],[-57.833117,-22.65964],[-57.836279,-22.659234],[-57.841502,-22.65704],[-57.843997,-22.655312],[-57.847328,-22.653491],[-57.852905,-22.652625],[-57.859024,-22.652866],[-57.864546,-22.654097],[-57.869644,-22.654762],[-57.876766,-22.654505],[-57.881151,-22.654392],[-57.88662,-22.655118],[-57.890517,-22.655705],[-57.898933,-22.657077],[-57.905204,-22.658397],[-57.90853,-22.659504],[-57.917176,-22.664015],[-57.920544,-22.666495],[-57.924789,-22.671131],[-57.929814,-22.677798],[-57.933272,-22.682145],[-57.935931,-22.685764],[-57.938193,-22.690478],[-57.939994,-22.696787],[-57.940672,-22.700964],[-57.940483,-22.703717],[-57.939999,-22.709669],[-57.939073,-22.712695],[-57.937763,-22.717249],[-57.934659,-22.725799],[-57.932103,-22.733243],[-57.930715,-22.736533],[-57.928374,-22.739451],[-57.925027,-22.742829],[-57.921579,-22.745699],[-57.918437,-22.748095],[-57.91397,-22.750743],[-57.909933,-22.752077],[-57.905131,-22.752745],[-57.90041,-22.753518],[-57.896553,-22.754305],[-57.893104,-22.755661],[-57.889675,-22.75698],[-57.886689,-22.759372],[-57.885282,-22.760818],[-57.883302,-22.764052],[-57.882226,-22.766069],[-57.879358,-22.771656],[-57.87821,-22.775193],[-57.877825,-22.778023],[-57.877909,-22.780769],[-57.878677,-22.78281],[-57.880138,-22.784435],[-57.882312,-22.786296],[-57.883627,-22.78825],[-57.884158,-22.790262],[-57.883543,-22.791941],[-57.882004,-22.794217],[-57.879969,-22.796945],[-57.878238,-22.79934],[-57.876127,-22.801843],[-57.87301,-22.805106],[-57.870262,-22.808901],[-57.867725,-22.811931],[-57.865258,-22.814671],[-57.860966,-22.818626],[-57.857608,-22.820412],[-57.854312,-22.82169],[-57.849219,-22.821929],[-57.843853,-22.820946],[-57.83858,-22.818332],[-57.835374,-22.816064],[-57.833087,-22.814387],[-57.829785,-22.81288],[-57.826871,-22.81252],[-57.821004,-22.813963],[-57.815727,-22.815905],[-57.812147,-22.818362],[-57.809621,-22.820487],[-57.808089,-22.824359],[-57.807849,-22.826824],[-57.807628,-22.829939],[-57.806499,-22.834198],[-57.805425,-22.837661],[-57.803662,-22.842412],[-57.802359,-22.84606],[-57.801058,-22.85204],[-57.798897,-22.855891],[-57.795708,-22.859479],[-57.793865,-22.862165],[-57.79181,-22.865652],[-57.790107,-22.869003],[-57.789334,-22.872024],[-57.788964,-22.87677],[-57.789282,-22.879546],[-57.790427,-22.88241],[-57.793182,-22.886611],[-57.795799,-22.890161],[-57.798457,-22.892408],[-57.801436,-22.894936],[-57.803971,-22.897005],[-57.80982,-22.901221],[-57.813564,-22.903043],[-57.816237,-22.904493],[-57.818536,-22.906532],[-57.820019,-22.908881],[-57.820871,-22.911101],[-57.821251,-22.913317],[-57.820728,-22.9155],[-57.820073,-22.917216],[-57.818686,-22.919421],[-57.814834,-22.923171],[-57.807801,-22.927336],[-57.803088,-22.929878],[-57.79796,-22.933476],[-57.794828,-22.936412],[-57.791656,-22.939312],[-57.788615,-22.94268],[-57.786134,-22.945093],[-57.783505,-22.947799],[-57.778928,-22.953981],[-57.776131,-22.957667],[-57.772863,-22.96133],[-57.771036,-22.963292],[-57.767926,-22.966696],[-57.765932,-22.970976],[-57.765174,-22.973237],[-57.764921,-22.975305],[-57.765949,-22.979507],[-57.768045,-22.982672],[-57.770368,-22.985507],[-57.773261,-22.989019],[-57.775186,-22.991682],[-57.778648,-22.997164],[-57.781141,-23.00173],[-57.783508,-23.005439],[-57.786132,-23.010471],[-57.787639,-23.014881],[-57.789212,-23.019048],[-57.789933,-23.022175],[-57.790031,-23.025463],[-57.789763,-23.028326],[-57.789103,-23.029898],[-57.787364,-23.032219],[-57.786028,-23.033518],[-57.782064,-23.034992],[-57.779207,-23.035353],[-57.775781,-23.035114],[-57.773261,-23.034924],[-57.770558,-23.035173],[-57.767131,-23.036199],[-57.763565,-23.037879],[-57.759137,-23.039982],[-57.756396,-23.041605],[-57.753152,-23.04353],[-57.749025,-23.046165],[-57.744587,-23.048915],[-57.740484,-23.051712],[-57.736811,-23.055094],[-57.733914,-23.058168],[-57.731982,-23.060639],[-57.730662,-23.064539],[-57.730203,-23.06766],[-57.729485,-23.071329],[-57.728755,-23.074566],[-57.727856,-23.077445],[-57.726125,-23.082575],[-57.724648,-23.08583],[-57.721722,-23.089229],[-57.718226,-23.092028],[-57.715177,-23.093947],[-57.712466,-23.095353],[-57.709273,-23.096408],[-57.703678,-23.097522],[-57.699985,-23.097613],[-57.696019,-23.097784],[-57.692359,-23.097657],[-57.68548,-23.09703],[-57.68026,-23.095965],[-57.676233,-23.095377],[-57.671266,-23.094417],[-57.666993,-23.093473],[-57.66129,-23.091985],[-57.658238,-23.091119],[-57.655077,-23.090581],[-57.651132,-23.090172],[-57.647283,-23.090265],[-57.642531,-23.090417],[-57.637881,-23.091397],[-57.633956,-23.093409],[-57.631264,-23.095462],[-57.629389,-23.097243],[-57.627659,-23.099997],[-57.626591,-23.102517],[-57.626348,-23.106392],[-57.626424,-23.109066],[-57.62732,-23.113065],[-57.628729,-23.116972],[-57.630517,-23.120364],[-57.634381,-23.124569],[-57.636356,-23.126256],[-57.639045,-23.129554],[-57.640517,-23.131507],[-57.641017,-23.132507],[-57.64204,-23.135266],[-57.641901,-23.137294],[-57.640735,-23.140504],[-57.639585,-23.142882],[-57.637363,-23.146298],[-57.635564,-23.149379],[-57.633922,-23.152456],[-57.632631,-23.156813],[-57.631681,-23.160704],[-57.63033,-23.164353],[-57.629278,-23.167452],[-57.627575,-23.170792],[-57.625276,-23.174319],[-57.621063,-23.179808],[-57.618485,-23.183197],[-57.614017,-23.187047],[-57.611195,-23.188815],[-57.606498,-23.190988],[-57.602538,-23.192819],[-57.596733,-23.194802],[-57.584352,-23.199309],[-57.579366,-23.201055],[-57.573175,-23.203299],[-57.567797,-23.205127],[-57.559263,-23.208193],[-57.55576,-23.209505],[-57.550895,-23.211392],[-57.548651,-23.212747],[-57.544491,-23.215919],[-57.543217,-23.219601],[-57.542284,-23.222841],[-57.542353,-23.225335],[-57.541101,-23.230523],[-57.539015,-23.234731],[-57.537446,-23.237733],[-57.532458,-23.24398],[-57.528719,-23.248154],[-57.520389,-23.25428],[-57.506282,-23.265395],[-57.500751,-23.270297],[-57.497434,-23.273691],[-57.495385,-23.276451],[-57.493506,-23.279655],[-57.492178,-23.282868],[-57.49176,-23.286276],[-57.49156,-23.288992],[-57.491576,-23.293873],[-57.491572,-23.296584],[-57.491401,-23.300349],[-57.491389,-23.302779],[-57.4914,-23.306033],[-57.491462,-23.309683],[-57.491753,-23.311701],[-57.492384,-23.314088],[-57.493305,-23.316523],[-57.494509,-23.3189],[-57.495896,-23.320723],[-57.497575,-23.322748],[-57.503005,-23.32712],[-57.505293,-23.328557],[-57.510658,-23.331499],[-57.513318,-23.332979],[-57.516234,-23.335498],[-57.51854,-23.33858],[-57.520611,-23.342425],[-57.521375,-23.345347],[-57.52155,-23.348557],[-57.520862,-23.351448],[-57.520031,-23.353324],[-57.515829,-23.357805],[-57.512722,-23.359707],[-57.509765,-23.360874],[-57.505993,-23.362426],[-57.500958,-23.365866],[-57.498788,-23.367694],[-57.496003,-23.371],[-57.493515,-23.373698],[-57.492121,-23.376328],[-57.490422,-23.379765],[-57.488657,-23.382891],[-57.485364,-23.386873],[-57.483104,-23.388572],[-57.476254,-23.391982],[-57.471299,-23.39403],[-57.466151,-23.39585],[-57.46328,-23.397092],[-57.459662,-23.39911],[-57.457579,-23.401039],[-57.456677,-23.402393],[-57.456039,-23.405126],[-57.456069,-23.406197],[-57.45586,-23.407952],[-57.455267,-23.410214],[-57.454384,-23.414647],[-57.453631,-23.41733],[-57.451487,-23.421222],[-57.450219,-23.423796],[-57.448514,-23.42705],[-57.446978,-23.430273],[-57.445772,-23.433045],[-57.442891,-23.44081],[-57.442172,-23.443702],[-57.441511,-23.446618],[-57.441157,-23.448903],[-57.441194,-23.450261],[-57.441346,-23.451668],[-57.442399,-23.453709],[-57.443314,-23.45591],[-57.44373,-23.457601],[-57.443788,-23.459716],[-57.444051,-23.462036],[-57.444109,-23.464152],[-57.444201,-23.465457],[-57.444199,-23.468531],[-57.445158,-23.472352],[-57.44652,-23.476293],[-57.448489,-23.480586],[-57.449522,-23.483934],[-57.451924,-23.489769],[-57.453512,-23.493627],[-57.455146,-23.497092],[-57.456686,-23.501306],[-57.45835,-23.505841],[-57.460541,-23.51071],[-57.463853,-23.515077],[-57.466753,-23.517911],[-57.469824,-23.522928],[-57.470899,-23.525752],[-57.472548,-23.532842],[-57.473109,-23.535625],[-57.474463,-23.540833],[-57.474853,-23.543809],[-57.474633,-23.546167],[-57.47387,-23.548484],[-57.472415,-23.550504],[-57.47116,-23.552206],[-57.470285,-23.553559],[-57.469333,-23.555211],[-57.468516,-23.55766],[-57.467436,-23.5609],[-57.466628,-23.562617],[-57.46468,-23.566342],[-57.463107,-23.569253],[-57.46122,-23.572198],[-57.460265,-23.574552],[-57.459779,-23.576602],[-57.459137,-23.580223],[-57.457026,-23.584349],[-57.455347,-23.586557],[-57.453074,-23.588935],[-57.451331,-23.591955],[-57.44965,-23.59513],[-57.448764,-23.597163],[-57.445306,-23.603887],[-57.4424,-23.608187],[-57.439397,-23.612072],[-57.435384,-23.618176],[-57.431637,-23.624362],[-57.430372,-23.627135],[-57.428684,-23.630101],[-57.426314,-23.635287],[-57.423013,-23.639115],[-57.421327,-23.640732],[-57.416741,-23.644536],[-57.411023,-23.648325],[-57.407795,-23.650281],[-57.404537,-23.65251],[-57.401919,-23.654869],[-57.399783,-23.657113],[-57.398324,-23.65908],[-57.396124,-23.661438],[-57.393136,-23.663831],[-57.390354,-23.66541],[-57.385935,-23.667705],[-57.381373,-23.670023],[-57.37781,-23.671227],[-57.372972,-23.672747],[-57.369909,-23.673469],[-57.366808,-23.673826],[-57.364495,-23.673774],[-57.361365,-23.674079],[-57.356132,-23.674745],[-57.353154,-23.675465],[-57.35069,-23.676147],[-57.347873,-23.677543],[-57.343855,-23.679933],[-57.3402,-23.682],[-57.33633,-23.684596],[-57.330764,-23.688442],[-57.326823,-23.691587],[-57.323744,-23.693877],[-57.32184,-23.695304],[-57.317377,-23.698441],[-57.315404,-23.699373],[-57.314053,-23.700109],[-57.311801,-23.701282],[-57.309925,-23.702656],[-57.308445,-23.703917],[-57.306016,-23.705983],[-57.303828,-23.707442],[-57.301998,-23.708397],[-57.2992,-23.709452],[-57.293165,-23.711153],[-57.286462,-23.713616],[-57.283001,-23.715521],[-57.279546,-23.717687],[-57.273007,-23.721104],[-57.264881,-23.72572],[-57.26154,-23.728955],[-57.259694,-23.731357],[-57.258557,-23.733759],[-57.257287,-23.736531],[-57.256324,-23.739035],[-57.255305,-23.741566],[-57.254783,-23.744478],[-57.254052,-23.748231],[-57.253826,-23.751633],[-57.253834,-23.753044],[-57.254344,-23.755541],[-57.255483,-23.758731],[-57.257403,-23.761224],[-57.259143,-23.762232],[-57.266781,-23.764834],[-57.268908,-23.765363],[-57.271322,-23.765937],[-57.273927,-23.767266],[-57.275107,-23.768704],[-57.275438,-23.76935],[-57.275566,-23.770968],[-57.274947,-23.772419],[-57.273244,-23.77568],[-57.270902,-23.777848],[-57.268377,-23.778504],[-57.264801,-23.779366],[-57.261437,-23.780693],[-57.259299,-23.781942],[-57.256466,-23.783911],[-57.254735,-23.785817],[-57.253843,-23.787418],[-57.253087,-23.79053],[-57.252498,-23.793183],[-57.251778,-23.797059],[-57.251042,-23.800629],[-57.250795,-23.803248],[-57.25072,-23.805863],[-57.25079,-23.808579],[-57.251439,-23.81157],[-57.252707,-23.814209],[-57.255379,-23.818112],[-57.257026,-23.821055],[-57.25983,-23.824501],[-57.262861,-23.826813],[-57.266127,-23.829356],[-57.268548,-23.831263],[-57.27219,-23.833998],[-57.274423,-23.836354],[-57.27576,-23.838311],[-57.27629,-23.840025],[-57.276746,-23.842158],[-57.276044,-23.845929],[-57.275144,-23.847595],[-57.273792,-23.850499],[-57.272007,-23.853196],[-57.269702,-23.855755],[-57.2678,-23.857338],[-57.265787,-23.859054],[-57.263568,-23.86054],[-57.260878,-23.862522],[-57.25762,-23.864709],[-57.255717,-23.866284],[-57.254999,-23.86724],[-57.254231,-23.868459],[-57.253729,-23.870064],[-57.253326,-23.872163],[-57.253461,-23.874068],[-57.254408,-23.8764],[-57.255652,-23.878098],[-57.258298,-23.880848],[-57.26099,-23.883272],[-57.263695,-23.885095],[-57.267862,-23.887043],[-57.272842,-23.888398],[-57.279309,-23.889306],[-57.284796,-23.890638],[-57.289117,-23.891928],[-57.292257,-23.892853],[-57.295878,-23.894681],[-57.298458,-23.896487],[-57.300756,-23.899102],[-57.302923,-23.903262],[-57.30346,-23.905184],[-57.303692,-23.907479],[-57.303979,-23.910792],[-57.303967,-23.913562],[-57.303057,-23.917055],[-57.302217,-23.919896],[-57.300105,-23.923288],[-57.295993,-23.927128],[-57.291837,-23.929989],[-57.287318,-23.932127],[-57.282561,-23.934423],[-57.278704,-23.936729],[-57.27332,-23.939695],[-57.268153,-23.942238],[-57.263041,-23.944059],[-57.25833,-23.944266],[-57.253398,-23.943745],[-57.248716,-23.942932],[-57.244929,-23.942439],[-57.242069,-23.942449],[-57.237415,-23.94307],[-57.234183,-23.944133],[-57.231763,-23.945675],[-57.229677,-23.947674],[-57.22864,-23.949604],[-57.228223,-23.951207],[-57.22817,-23.953586],[-57.228193,-23.955598],[-57.228681,-23.958985],[-57.229322,-23.960555],[-57.231559,-23.963041],[-57.233248,-23.965306],[-57.234205,-23.966932],[-57.235653,-23.969854],[-57.237189,-23.972878],[-57.238302,-23.974971],[-57.238733,-23.976164],[-57.239947,-23.979981],[-57.240025,-23.981913],[-57.239706,-23.983932],[-57.239403,-23.984383],[-57.238676,-23.985052],[-57.236937,-23.985273],[-57.234529,-23.985063],[-57.232399,-23.98456],[-57.230639,-23.983971],[-57.227996,-23.983505],[-57.225447,-23.983403],[-57.22302,-23.983586],[-57.219277,-23.984443],[-57.215832,-23.986163],[-57.213312,-23.988307],[-57.21155,-23.990985],[-57.21069,-23.993625],[-57.210557,-23.997339],[-57.210758,-23.999608],[-57.211348,-24.003672],[-57.212295,-24.007153],[-57.213418,-24.009665],[-57.217132,-24.013743],[-57.221708,-24.017017],[-57.228192,-24.019909],[-57.235735,-24.023134],[-57.246885,-24.026082],[-57.253126,-24.027332],[-57.257437,-24.029121],[-57.261994,-24.032914],[-57.264123,-24.03556],[-57.264934,-24.038129],[-57.264929,-24.042337],[-57.264384,-24.044466],[-57.263433,-24.046731],[-57.261793,-24.048622],[-57.257694,-24.050567],[-57.25484,-24.051961],[-57.248463,-24.054373],[-57.242842,-24.05675],[-57.237826,-24.058661],[-57.233118,-24.060331],[-57.226113,-24.062834],[-57.220921,-24.06514],[-57.21778,-24.06654],[-57.215263,-24.067744],[-57.213378,-24.069039],[-57.211442,-24.07057],[-57.210107,-24.072059],[-57.209094,-24.073857],[-57.208474,-24.076484],[-57.208069,-24.079681],[-57.207852,-24.082403],[-57.207416,-24.084373],[-57.207119,-24.087295],[-57.207217,-24.090011],[-57.207946,-24.092765],[-57.208835,-24.095072],[-57.21054,-24.097923],[-57.212795,-24.099887],[-57.215486,-24.101006],[-57.218112,-24.101812],[-57.221705,-24.103486],[-57.225745,-24.10583],[-57.233421,-24.10999],[-57.238541,-24.113121],[-57.242395,-24.115965],[-57.247427,-24.121214],[-57.252631,-24.125309],[-57.259389,-24.128954],[-57.264654,-24.131009],[-57.273159,-24.133962],[-57.276434,-24.136557],[-57.278164,-24.139211],[-57.279808,-24.142938],[-57.28002,-24.146666],[-57.280089,-24.149304],[-57.278925,-24.151891],[-57.278159,-24.15324],[-57.275628,-24.15504],[-57.273373,-24.156421],[-57.270657,-24.157735],[-57.266995,-24.160072],[-57.263001,-24.162902],[-57.258356,-24.166567],[-57.254485,-24.169709],[-57.251411,-24.17286],[-57.249688,-24.176007],[-57.248703,-24.178903],[-57.247976,-24.181793],[-57.2478,-24.184959],[-57.24716,-24.189024],[-57.245898,-24.193527],[-57.245249,-24.196102],[-57.244219,-24.198372],[-57.242561,-24.201763],[-57.241038,-24.203834],[-57.238987,-24.20542],[-57.236691,-24.206385],[-57.234204,-24.206595],[-57.229622,-24.206693],[-57.224428,-24.20751],[-57.219611,-24.209625],[-57.216801,-24.211776],[-57.213866,-24.215759],[-57.212397,-24.218822],[-57.209233,-24.2252],[-57.207104,-24.229322],[-57.205092,-24.233599],[-57.203789,-24.238827],[-57.203604,-24.243927],[-57.204205,-24.252819],[-57.20426,-24.254987],[-57.204655,-24.261452],[-57.205242,-24.26536],[-57.205857,-24.272569],[-57.205906,-24.2756],[-57.206015,-24.28435],[-57.205234,-24.287451],[-57.204177,-24.289825],[-57.2028,-24.292495],[-57.199901,-24.296868],[-57.19615,-24.301042],[-57.191531,-24.305452],[-57.184086,-24.310006],[-57.180454,-24.312644],[-57.178089,-24.315516],[-57.17592,-24.318891],[-57.174146,-24.322456],[-57.172762,-24.32557],[-57.170242,-24.331788],[-57.168666,-24.338634],[-57.167476,-24.342606],[-57.166425,-24.347531],[-57.165626,-24.352252],[-57.165346,-24.355915],[-57.165153,-24.35848],[-57.165324,-24.360698],[-57.165925,-24.362933],[-57.166618,-24.364231],[-57.168448,-24.366257],[-57.173554,-24.370749],[-57.175809,-24.373707],[-57.178104,-24.378198],[-57.180056,-24.381606],[-57.180808,-24.384099],[-57.181181,-24.388619],[-57.180957,-24.39223],[-57.180281,-24.398375],[-57.178691,-24.402433],[-57.176154,-24.406459],[-57.173332,-24.409507],[-57.171387,-24.412031],[-57.16957,-24.415074],[-57.167991,-24.418443],[-57.166107,-24.422246],[-57.164397,-24.426127],[-57.162984,-24.429266],[-57.159943,-24.433269],[-57.157642,-24.436479],[-57.155848,-24.439339],[-57.152713,-24.444801],[-57.15188,-24.44704],[-57.151229,-24.45081],[-57.151186,-24.453681],[-57.151485,-24.456419],[-57.152695,-24.46],[-57.154817,-24.463327],[-57.1583,-24.467069],[-57.164798,-24.471773],[-57.170718,-24.474235],[-57.179331,-24.476125],[-57.184228,-24.476727],[-57.187928,-24.477669],[-57.190254,-24.478796],[-57.193474,-24.482543],[-57.194485,-24.486149],[-57.194714,-24.489463],[-57.19466,-24.491842],[-57.193474,-24.494891],[-57.19158,-24.497179],[-57.189099,-24.499008],[-57.184447,-24.502404],[-57.181894,-24.504784],[-57.179585,-24.506584],[-57.173387,-24.512402],[-57.170338,-24.515628],[-57.167759,-24.519262],[-57.165708,-24.522206],[-57.163445,-24.525886],[-57.162406,-24.531331],[-57.162468,-24.533786],[-57.162475,-24.534099],[-57.162923,-24.535893],[-57.165478,-24.540348],[-57.168252,-24.542119],[-57.17102,-24.543629],[-57.175047,-24.544955],[-57.175278,-24.545003],[-57.179056,-24.5467],[-57.186339,-24.552065],[-57.188102,-24.554693],[-57.191847,-24.559579],[-57.193055,-24.56188],[-57.19451,-24.567091],[-57.194602,-24.57067],[-57.194147,-24.573084],[-57.191819,-24.579864],[-57.189507,-24.583859],[-57.187187,-24.586302],[-57.181404,-24.591729],[-57.176337,-24.595886],[-57.17185,-24.599528],[-57.16844,-24.602187],[-57.166195,-24.604325],[-57.16365,-24.607122],[-57.160544,-24.611305],[-57.15904,-24.614368],[-57.158516,-24.616954],[-57.158103,-24.618818],[-57.158006,-24.620649],[-57.158156,-24.622031],[-57.159524,-24.627901],[-57.16094,-24.631583],[-57.162691,-24.636041],[-57.163729,-24.639547],[-57.165049,-24.643988],[-57.167672,-24.649471],[-57.169688,-24.652983],[-57.172195,-24.656589],[-57.174042,-24.659111],[-57.175444,-24.662244],[-57.176048,-24.665655],[-57.176124,-24.668632],[-57.175042,-24.673567],[-57.174053,-24.676515],[-57.172427,-24.680417],[-57.171452,-24.682815],[-57.171167,-24.685173],[-57.171207,-24.686767],[-57.171824,-24.690343],[-57.173526,-24.692816],[-57.176218,-24.694588],[-57.180108,-24.695996],[-57.185036,-24.697041],[-57.192977,-24.698259],[-57.197095,-24.698459],[-57.203177,-24.697808],[-57.206805,-24.696843],[-57.211441,-24.695986],[-57.216746,-24.695351],[-57.223371,-24.69568],[-57.226763,-24.696287],[-57.230499,-24.698016],[-57.23269,-24.700452],[-57.233629,-24.702261],[-57.234626,-24.704095],[-57.235355,-24.705596],[-57.235631,-24.707341],[-57.235443,-24.710092],[-57.23485,-24.712718],[-57.233543,-24.716692],[-57.23256,-24.719823],[-57.230439,-24.726037],[-57.228942,-24.730433],[-57.227818,-24.7326],[-57.226401,-24.735655],[-57.225826,-24.739039],[-57.225899,-24.74186],[-57.226746,-24.744534],[-57.228454,-24.748268],[-57.229881,-24.751139],[-57.230652,-24.753109],[-57.233061,-24.758109],[-57.234114,-24.75989],[-57.235614,-24.762236],[-57.237308,-24.764265],[-57.24121,-24.768641],[-57.243208,-24.771316],[-57.245268,-24.774147],[-57.24662,-24.776313],[-57.248062,-24.778634],[-57.251117,-24.78516],[-57.2521,-24.787543],[-57.2535,-24.79044],[-57.256585,-24.797429],[-57.258539,-24.801673],[-57.262669,-24.807576],[-57.265278,-24.81042],[-57.26781,-24.812535],[-57.274258,-24.816829],[-57.2784,-24.818856],[-57.286091,-24.823119],[-57.290223,-24.824728],[-57.29502,-24.827598],[-57.29678,-24.828788],[-57.298559,-24.830735],[-57.299691,-24.832174],[-57.300443,-24.834431],[-57.301083,-24.836874],[-57.300964,-24.838889],[-57.30019,-24.842281],[-57.298072,-24.846038],[-57.29552,-24.848655],[-57.293044,-24.850878],[-57.286949,-24.853675],[-57.282231,-24.854954],[-57.278352,-24.855299],[-57.273488,-24.855457],[-57.268492,-24.856062],[-57.263034,-24.857594],[-57.259086,-24.859692],[-57.256548,-24.861811],[-57.254127,-24.865052],[-57.253326,-24.867256],[-57.253597,-24.869916],[-57.255018,-24.872499],[-57.256364,-24.874378],[-57.258563,-24.87697],[-57.259425,-24.879068],[-57.260257,-24.882264],[-57.260204,-24.884644],[-57.258149,-24.888673],[-57.255031,-24.891745],[-57.252563,-24.89321],[-57.249891,-24.894878],[-57.246144,-24.896205],[-57.241754,-24.8969],[-57.237875,-24.897297],[-57.234232,-24.897897],[-57.23077,-24.898833],[-57.226337,-24.90013],[-57.221632,-24.901443],[-57.21855,-24.902632],[-57.216615,-24.904685],[-57.215019,-24.907594],[-57.214531,-24.909904],[-57.214324,-24.911947],[-57.214377,-24.914011],[-57.214626,-24.915835],[-57.215534,-24.919473],[-57.216759,-24.922269],[-57.21843,-24.925579],[-57.220502,-24.928828],[-57.224254,-24.932968],[-57.227274,-24.934942],[-57.230596,-24.936361],[-57.23514,-24.9371],[-57.239019,-24.936651],[-57.243199,-24.935569],[-57.24805,-24.933688],[-57.251895,-24.932362],[-57.255393,-24.930562],[-57.259486,-24.928409],[-57.264007,-24.926064],[-57.266599,-24.924884],[-57.269765,-24.92364],[-57.274521,-24.922041],[-57.278288,-24.920653],[-57.282478,-24.919987],[-57.285107,-24.920218],[-57.288499,-24.920405],[-57.292957,-24.922269],[-57.297105,-24.925445],[-57.299207,-24.927543],[-57.302935,-24.931843],[-57.305733,-24.935205],[-57.308313,-24.941212],[-57.309309,-24.945032],[-57.310427,-24.948065],[-57.311151,-24.953637],[-57.311896,-24.956704],[-57.312322,-24.96187],[-57.312673,-24.965323],[-57.313275,-24.967349],[-57.314391,-24.970374],[-57.315694,-24.973042],[-57.31728,-24.9763],[-57.318489,-24.979462],[-57.319999,-24.98314],[-57.321569,-24.986287],[-57.324642,-24.992309],[-57.331638,-25.004789],[-57.334103,-25.008525],[-57.335692,-25.010764],[-57.337523,-25.013352],[-57.340361,-25.017],[-57.343312,-25.020568],[-57.346763,-25.02449],[-57.349283,-25.027048],[-57.356835,-25.032994],[-57.361774,-25.036439],[-57.365499,-25.038709],[-57.36794,-25.040869],[-57.36967,-25.042947],[-57.371136,-25.044901],[-57.372234,-25.047072],[-57.373549,-25.049565],[-57.374787,-25.052647],[-57.375348,-25.054203],[-57.37653,-25.057201],[-57.377984,-25.059755],[-57.379459,-25.062022],[-57.380951,-25.063845],[-57.382415,-25.064622],[-57.383957,-25.06511],[-57.385773,-25.065018],[-57.38756,-25.064978],[-57.389344,-25.064781],[-57.391345,-25.064109],[-57.393113,-25.063364],[-57.395596,-25.062367],[-57.397609,-25.062113],[-57.399861,-25.062167],[-57.402479,-25.062919],[-57.406797,-25.065701],[-57.411335,-25.069179],[-57.414357,-25.072038],[-57.417794,-25.076351],[-57.420377,-25.078985],[-57.422302,-25.080771],[-57.424843,-25.083327],[-57.427352,-25.085335],[-57.430057,-25.08713],[-57.43354,-25.088944],[-57.437535,-25.091467],[-57.440051,-25.093736],[-57.444279,-25.098035],[-57.446519,-25.099709],[-57.448962,-25.101405],[-57.451494,-25.102821],[-57.455237,-25.104591],[-57.460439,-25.105884],[-57.464433,-25.106289],[-57.468619,-25.106324],[-57.471354,-25.106052],[-57.473161,-25.105671],[-57.476304,-25.104606],[-57.47969,-25.102855],[-57.48195,-25.101131],[-57.484264,-25.099274],[-57.489182,-25.097619],[-57.495031,-25.096361],[-57.499345,-25.095817],[-57.503543,-25.096268],[-57.511897,-25.098648]]]}},
{"type":"Feature","properties":{"IDHIDROVIA":200002289,"NOME":"Hidrovia do Tocantins","NAVEGACAO":"Navegação Interior","TIPO":"Rio","VEL_CIONAL":25.0,"EXTENSAO":46.729849979199997,"TEMPO":"0d 1h 52min","CLA_ICACAO":"Navegável","NOME_RIO":"Rio Pará","NOM_ECLUSA":null,"JURISDICAO":"AHIMOR","REG_RAFICA":"Região Hidrográfica do Tocantins","PRO_DE_MIN":1.4,"PRO_DE_MAX":2.8,"DOMINIO":"União","OBSERVACAO":"Foz no rio Tocantins _TO_ até Portel _PA_.","SNV":"Sim","FONTE":"ANA/Antaq","IDM_ORIGEM":"BR150010","MUN_ORIGEM":"Abaetetuba","EST_ORIGEM":"PA","IDM_ESTINO":"BR150770","MUN_ESTINO":"São Sebastião da Boa Vista","EST_ESTINO":"PA","IDANTAQ":0,"CAMADA_SIM":"118","FLUXO":11359096.4},"geometry":{"type":"MultiLineString","coordinates":[[[-49.525206,-1.750182],[-49.498717,-1.750182],[-49.484373,-1.744505],[-49.456114,-1.731688],[-49.433592,-1.722899],[-49.401976,-1.717101],[-49.351378,-1.712889],[-49.314513,-1.702696],[-49.288207,-1.689574],[-49.271483,-1.679198],[-49.253722,-1.670775],[-49.236205,-1.669005],[-49.215208,-1.667601],[-49.190672,-1.674193],[-49.121703,-1.677977]]]}},
{"type":"Feature","properties":{"IDHIDROVIA":200002290,"NOME":"Hidrovia do Tocantins","NAVEGACAO":"Navegação Interior","TIPO":"Rio","VEL_CIONAL":25.0,"EXTENSAO":38.146375751500003,"TEMPO":"0d 1h 31min","CLA_ICACAO":"Navegável","NOME_RIO":"Rio Pará","NOM_ECLUSA":null,"JURISDICAO":"AHIMOR","REG_RAFICA":"Região Hidrográfica do Tocantins","PRO_DE_MIN":1.4,"PRO_DE_MAX":2.8,"DOMINIO":"União","OBSERVACAO":null,"SNV":"Sim","FONTE":"LabTrans/Antaq","IDM_ORIGEM":"BR150770","MUN_ORIGEM":"São Sebastião da Boa Vista","EST_ORIGEM":"PA","IDM_ESTINO":"BR150520","MUN_ESTINO":"Oeiras do Pará","EST_ESTINO":"PA","IDANTAQ":0,"CAMADA_SIM":"119","FLUXO":11359096.4},"geometry":{"type":"MultiLineString","coordinates":[[[-49.837842,-1.853339],[-49.824705,-1.854795],[-49.814207,-1.853086],[-49.806821,-1.850707],[-49.799802,-1.846373],[-49.7937,-1.840086],[-49.785581,-1.83447],[-49.778319,-1.830503],[-49.766599,-1.826902],[-49.751524,-1.820799],[-49.741393,-1.818785],[-49.728513,-1.822508],[-49.715207,-1.822386],[-49.691588,-1.815793],[-49.642882,-1.779417],[-49.622801,-1.768979],[-49.610106,-1.7619],[-49.595274,-1.754515],[-49.57739,-1.748105],[-49.558408,-1.745115],[-49.541196,-1.746825],[-49.525205,-1.750181]]]}},
{"type":"Feature","properties":{"IDHIDROVIA":200002291,"NOME":"Hidrovia do Tietê - Paraná","NAVEGACAO":"Navegação Interior","TIPO":"Rio","VEL_CIONAL":10.0,"EXTENSAO":42.566698422199998,"TEMPO":"0d 4h 15min","CLA_ICACAO":"Navegável","NOME_RIO":"Rio Tietê","NOM_ECLUSA":null,"JURISDICAO":"DH-SEST-SP","REG_RAFICA":"Região Hidrográfica do Paraná","PRO_DE_MIN":3.0,"PRO_DE_MAX":5.7,"DOMINIO":"Estados ou Distrito Federal","OBSERVACAO":"Foz no rio Paraná _SP_ até Biritiba-Mirim _SP_, Represa Ponte Nova.","SNV":"Sim","FONTE":"LabTrans/ANA/Antaq","IDM_ORIGEM":"BR351960","MUN_ORIGEM":"Ibitinga","EST_ORIGEM":"SP","IDM_ESTINO":"BR350340","MUN_ESTINO":"Arealva","EST_ESTINO":"SP","IDANTAQ":3,"CAMADA_SIM":"120","FLUXO":1306671.0},"geometry":{"type":"MultiLineString","coordinates":[[[-48.885064,-22.020002],[-48.885841,-22.018677],[-48.887214,-22.013837],[-48.887307,-22.012043],[-48.887061,-22.009048],[-48.886395,-22.006374],[-48.884628,-22.00097],[-48.882107,-21.995499],[-48.879209,-21.990486],[-48.874945,-21.984762],[-48.868339,-21.97747],[-48.86674,-21.975364],[-48.865035,-21.972723],[-48.862702,-21.968222],[-48.861764,-21.964761],[-48.861691,-21.962377],[-48.862209,-21.960034],[-48.86425,-21.956228],[-48.866113,-21.953028],[-48.869815,-21.947806],[-48.87299,-21.944572],[-48.875346,-21.941889],[-48.87872,-21.939983],[-48.884298,-21.93788],[-48.893575,-21.935471],[-48.897864,-21.934714],[-48.902707,-21.932875],[-48.905031,-21.930777],[-48.906266,-21.928337],[-48.907306,-21.924567],[-48.907677,-21.923768],[-48.9074,-21.919309],[-48.905273,-21.916016],[-48.90211,-21.914129],[-48.896172,-21.910684],[-48.894798,-21.907553],[-48.894381,-21.904514],[-48.894784,-21.900446],[-48.89791,-21.89188],[-48.900824,-21.879123],[-48.904654,-21.868464],[-48.908322,-21.864631],[-48.912434,-21.86286],[-48.920614,-21.859582],[-48.934021,-21.855438],[-48.959062,-21.850081],[-48.974445,-21.845077],[-48.981376,-21.840587],[-48.985232,-21.836316],[-48.987969,-21.829953],[-48.989247,-21.825107],[-48.987848,-21.818825],[-48.983483,-21.809721],[-48.977075,-21.802581],[-48.968419,-21.794689],[-48.963765,-21.788442],[-48.961211,-21.782287],[-48.960039,-21.775306],[-48.960595,-21.768224],[-48.961482,-21.766172],[-48.96298,-21.762708],[-48.969096,-21.759563],[-48.973424,-21.759125],[-48.978025,-21.759084],[-48.983297,-21.757693],[-48.985705,-21.756506],[-48.987809,-21.755453],[-48.989795,-21.754764],[-48.99088,-21.754589],[-48.991999,-21.75481]]]}},
{"type":"Feature","properties":{"IDHIDROVIA":200002292,"NOME":"Hidrovia do Tietê - Paraná","NAVEGACAO":"Navegação Interior","TIPO":"Rio","VEL_CIONAL":10.0,"EXTENSAO":109.171168603,"TEMPO":"0d 10h 55min","CLA_ICACAO":"Navegável","NOME_RIO":"Rio Tietê","NOM_ECLUSA":null,"JURISDICAO":"DH-SEST-SP","REG_RAFICA":"Região Hidrográfica do Paraná","PRO_DE_MIN":3.0,"PRO_DE_MAX":5.7,"DOMINIO":"Estados ou Distrito Federal","OBSERVACAO":"Foz no rio Paraná _SP_ até Biritiba-Mirim _SP_, Represa Ponte Nova.","SNV":"Sim","FONTE":"LabTrans/ANA/Antaq","IDM_ORIGEM":"BR354160","MUN_ORIGEM":"Promissão","EST_ORIGEM":"SP","IDM_ESTINO":"BR351960","MUN_ESTINO":"Ibitinga","EST_ESTINO":"SP","IDANTAQ":3,"CAMADA_SIM":"121","FLUXO":1167470.0},"geometry":{"type":"MultiLineString","coordinates":[[[-48.997953,-21.759045],[-48.998844,-21.760029],[-49.001653,-21.76219],[-49.011035,-21.768065],[-49.013443,-21.768686],[-49.022568,-21.771041],[-49.032179,-21.772824],[-49.044995,-21.77223],[-49.053629,-21.770698],[-49.060821,-21.768523],[-49.071039,-21.763281],[-49.083526,-21.758494],[-49.096467,-21.756036],[-49.105434,-21.752696],[-49.110882,-21.74707],[-49.115983,-21.740718],[-49.121963,-21.732096],[-49.129021,-21.721033],[-49.135692,-21.710631],[-49.141501,-21.70164],[-49.144791,-21.693252],[-49.146727,-21.685163],[-49.146715,-21.67397],[-49.147643,-21.666904],[-49.150421,-21.661719],[-49.154173,-21.655657],[-49.15898,-21.64988],[-49.164011,-21.64648],[-49.170771,-21.64517],[-49.183661,-21.646296],[-49.192236,-21.648045],[-49.198971,-21.650999],[-49.204544,-21.654258],[-49.21027,-21.660988],[-49.21123,-21.665934],[-49.21297,-21.671021],[-49.218658,-21.67425],[-49.227812,-21.674816],[-49.237445,-21.673446],[-49.250261,-21.669546],[-49.259375,-21.66506],[-49.273564,-21.656872],[-49.280414,-21.649137],[-49.289916,-21.638054],[-49.298031,-21.626846],[-49.313301,-21.609718],[-49.316623,-21.60228],[-49.319071,-21.595001],[-49.323473,-21.575892],[-49.326052,-21.567799],[-49.331813,-21.559337],[-49.339415,-21.552239],[-49.347498,-21.547245],[-49.355856,-21.544396],[-49.370027,-21.539836],[-49.38007,-21.537591],[-49.389592,-21.538166],[-49.399026,-21.541732],[-49.409106,-21.543073],[-49.416371,-21.541238],[-49.422607,-21.538656],[-49.435074,-21.529582],[-49.447983,-21.52029],[-49.465214,-21.511207],[-49.473183,-21.504424],[-49.484521,-21.491029],[-49.496312,-21.476057],[-49.508631,-21.459928],[-49.520599,-21.445135],[-49.52844,-21.436751],[-49.537977,-21.428792],[-49.546253,-21.42145],[-49.558929,-21.405316],[-49.574533,-21.389968],[-49.593572,-21.379504],[-49.617002,-21.373869],[-49.630477,-21.371122],[-49.646946,-21.363014],[-49.661044,-21.355176],[-49.673658,-21.344648],[-49.682558,-21.335179],[-49.691637,-21.326537],[-49.703745,-21.316482],[-49.715559,-21.310407],[-49.728906,-21.306847],[-49.739835,-21.305748],[-49.751151,-21.305687],[-49.7582,-21.305251],[-49.765698,-21.304582],[-49.770052,-21.303061],[-49.77466,-21.300724],[-49.778388,-21.29911],[-49.780032,-21.298512],[-49.781361,-21.298138]]]}},
{"type":"Feature","properties":{"IDHIDROVIA":200002293,"NOME":"Hidrovia do Tietê - Paraná","NAVEGACAO":"Navegação Interior","TIPO":"Eclusa","VEL_CIONAL":5.0,"EXTENSAO":0.78686418522699997,"TEMPO":"0d 0h 9min","CLA_ICACAO":"Navegável","NOME_RIO":"Rio Tietê","NOM_ECLUSA":"Eclusa de Ibitinga","JURISDICAO":"DH-SEST-SP","REG_RAFICA":"Região Hidrográfica do Paraná","PRO_DE_MIN":4.0,"PRO_DE_MAX":4.0,"DOMINIO":"Estados ou Distrito Federal","OBSERVACAO":"Foz no rio Paraná _SP_ até Biritiba-Mirim _SP_, Represa Ponte Nova.","SNV":"Sim","FONTE":"LabTrans/ANA/Antaq","IDM_ORIGEM":"BR351960","MUN_ORIGEM":"Ibitinga","EST_ORIGEM":"SP","IDM_ESTINO":"BR351960","MUN_ESTINO":"Ibitinga","EST_ESTINO":"SP","IDANTAQ":3,"CAMADA_SIM":"122","FLUXO":1306671.0},"geometry":{"type":"MultiLineString","coordinates":[[[-48.997953,-21.759045],[-48.997317,-21.758156],[-48.996685,-21.757522],[-48.993922,-21.755661],[-48.991999,-21.75481]]]}},
{"type":"Feature","properties":{"IDHIDROVIA":200002295,"NOME":"Hidrovia Paraguai - Paraná","NAVEGACAO":"Navegação Interior","TIPO":"Rio","VEL_CIONAL":7.0,"EXTENSAO":290.34737144000002,"TEMPO":"1d 17h 28min","CLA_ICACAO":"Navegável","NOME_RIO":"Rio Paraguai","NOM_ECLUSA":null,"JURISDICAO":null,"REG_RAFICA":null,"PRO_DE_MIN":2.5,"PRO_DE_MAX":5.0,"DOMINIO":null,"OBSERVACAO":null,"SNV":"Não","FONTE":"LabTrans/Antaq","IDM_ORIGEM":null,"MUN_ORIGEM":null,"EST_ORIGEM":null,"IDM_ESTINO":null,"MUN_ESTINO":null,"EST_ESTINO":null,"IDANTAQ":4,"CAMADA_SIM":"123","FLUXO":7153384.0},"geometry":{"type":"MultiLineString","coordinates":[[[-57.648061,-25.267417],[-57.655846,-25.271866],[-57.663828,-25.276416],[-57.668788,-25.280806],[-57.671034,-25.284507],[-57.673367,-25.290241],[-57.673423,-25.295365],[-57.673663,-25.301025],[-57.674422,-25.307541],[-57.675024,-25.312245],[-57.674291,-25.315848],[-57.672413,-25.322745],[-57.668363,-25.329645],[-57.664775,-25.334165],[-57.661504,-25.336677],[-57.657596,-25.339356],[-57.652759,-25.342866],[-57.649579,-25.345665],[-57.646853,-25.349685],[-57.646384,-25.351888],[-57.646873,-25.355869],[-57.647793,-25.358599],[-57.647964,-25.362663],[-57.648382,-25.366865],[-57.648074,-25.370691],[-57.646864,-25.37444],[-57.64465,-25.379167],[-57.640564,-25.383378],[-57.633592,-25.385944],[-57.626329,-25.387357],[-57.622249,-25.387934],[-57.616881,-25.388979],[-57.613244,-25.390484],[-57.606636,-25.394053],[-57.602598,-25.397534],[-57.597013,-25.402522],[-57.59421,-25.405698],[-57.591138,-25.409218],[-57.587587,-25.412828],[-57.584506,-25.416131],[-57.580603,-25.419026],[-57.577373,-25.422614],[-57.575781,-25.424994],[-57.574805,-25.426343],[-57.57244,-25.429475],[-57.569444,-25.430957],[-57.566555,-25.43309],[-57.564285,-25.434621],[-57.561925,-25.435936],[-57.559503,-25.43769],[-57.557554,-25.439209],[-57.556239,-25.440489],[-57.555334,-25.441974],[-57.554912,-25.443441],[-57.554615,-25.445996],[-57.555461,-25.448947],[-57.556349,-25.450952],[-57.558036,-25.454748],[-57.558989,-25.458351],[-57.559668,-25.463032],[-57.560155,-25.467013],[-57.560952,-25.470693],[-57.562761,-25.475502],[-57.565109,-25.479712],[-57.568327,-25.486092],[-57.570233,-25.49126],[-57.571396,-25.494055],[-57.573417,-25.498129],[-57.575789,-25.500956],[-57.577778,-25.504232],[-57.57928,-25.507452],[-57.579642,-25.510348],[-57.58047,-25.516667],[-57.580256,-25.521181],[-57.579007,-25.52602],[-57.577325,-25.528186],[-57.574866,-25.531032],[-57.572493,-25.53398],[-57.571497,-25.537139],[-57.570403,-25.541827],[-57.570741,-25.546104],[-57.571524,-25.551384],[-57.572518,-25.55593],[-57.573644,-25.559696],[-57.575064,-25.562845],[-57.577128,-25.565973],[-57.579719,-25.568211],[-57.583421,-25.570048],[-57.585379,-25.570635],[-57.590516,-25.57017],[-57.592637,-25.568862],[-57.594999,-25.567546],[-57.597444,-25.5663],[-57.600015,-25.56614],[-57.602954,-25.567058],[-57.604491,-25.569113],[-57.605355,-25.572427],[-57.606005,-25.576403],[-57.606041,-25.579164],[-57.606047,-25.587041],[-57.606307,-25.59132],[-57.607126,-25.597397],[-57.608372,-25.604041],[-57.609556,-25.607272],[-57.611467,-25.61055],[-57.614251,-25.613509],[-57.618306,-25.615988],[-57.623763,-25.617364],[-57.628042,-25.617508],[-57.632211,-25.61693],[-57.635609,-25.615287],[-57.640507,-25.611774],[-57.645245,-25.607541],[-57.649001,-25.602979],[-57.652801,-25.599432],[-57.656278,-25.597786],[-57.661015,-25.595879],[-57.664039,-25.594975],[-57.668214,-25.594613],[-57.67245,-25.595702],[-57.674403,-25.598033],[-57.675684,-25.601623],[-57.67633,-25.605452],[-57.676038,-25.611858],[-57.675899,-25.614262],[-57.675078,-25.619596],[-57.674725,-25.624551],[-57.67428,-25.629289],[-57.673487,-25.633387],[-57.672431,-25.638875],[-57.671669,-25.641809],[-57.671316,-25.644874],[-57.670844,-25.648977],[-57.670992,-25.652461],[-57.671948,-25.655989],[-57.673425,-25.658482],[-57.675989,-25.659993],[-57.678113,-25.660646],[-57.683483,-25.661769],[-57.68886,-25.661147],[-57.693995,-25.658644],[-57.697861,-25.65662],[-57.704693,-25.652095],[-57.711632,-25.648437],[-57.719127,-25.646505],[-57.726193,-25.645822],[-57.729339,-25.645858],[-57.734148,-25.647071],[-57.740235,-25.649839],[-57.745284,-25.654679],[-57.748481,-25.659585],[-57.75291,-25.66773],[-57.754271,-25.671244],[-57.756182,-25.676265],[-57.759382,-25.68158],[-57.761478,-25.684948],[-57.764555,-25.688912],[-57.765546,-25.691195],[-57.766617,-25.695445],[-57.766771,-25.699002],[-57.765997,-25.703463],[-57.762384,-25.707588],[-57.758661,-25.709354],[-57.755076,-25.70975],[-57.751179,-25.709887],[-57.747256,-25.709429],[-57.744049,-25.708838],[-57.74016,-25.707784],[-57.737674,-25.707222],[-57.735257,-25.706873],[-57.732208,-25.707196],[-57.73044,-25.707961],[-57.728235,-25.70977],[-57.727361,-25.711802],[-57.727339,-25.714075],[-57.727976,-25.716325],[-57.729626,-25.719785],[-57.731555,-25.722747],[-57.733705,-25.725269],[-57.739694,-25.729027],[-57.744935,-25.732198],[-57.74883,-25.734767],[-57.753216,-25.737589],[-57.758904,-25.741339],[-57.764969,-25.745285],[-57.767617,-25.748168],[-57.76981,-25.751662],[-57.771468,-25.753876],[-57.774376,-25.757221],[-57.77761,-25.759758],[-57.780557,-25.761223],[-57.787673,-25.761838],[-57.79174,-25.761424],[-57.796181,-25.759915],[-57.802998,-25.755756],[-57.807453,-25.753217],[-57.811031,-25.751251],[-57.813817,-25.750395],[-57.81851,-25.750553],[-57.822574,-25.751437],[-57.825708,-25.752732],[-57.827748,-25.755419],[-57.828232,-25.756862],[-57.828356,-25.758319],[-57.827901,-25.760283],[-57.827193,-25.761931],[-57.825536,-25.763883],[-57.824018,-25.766264],[-57.823494,-25.768014],[-57.822854,-25.771229],[-57.822066,-25.775198],[-57.821073,-25.778588],[-57.819447,-25.781242],[-57.817355,-25.784238],[-57.815302,-25.786746],[-57.811008,-25.791605],[-57.805633,-25.797295],[-57.803093,-25.799657],[-57.800429,-25.801969],[-57.797319,-25.805055],[-57.79499,-25.808168],[-57.793785,-25.810862],[-57.793265,-25.816846],[-57.793426,-25.819167],[-57.794336,-25.822111],[-57.795524,-25.824558],[-57.796852,-25.827433],[-57.800044,-25.831714],[-57.802627,-25.834436],[-57.806239,-25.838691],[-57.810131,-25.842449],[-57.815215,-25.846466],[-57.819192,-25.848056],[-57.824044,-25.84902],[-57.827184,-25.849342],[-57.83355,-25.84917],[-57.838542,-25.849209],[-57.844313,-25.850247],[-57.851358,-25.851836],[-57.857149,-25.854985],[-57.860687,-25.857456],[-57.863541,-25.861244],[-57.863953,-25.863772],[-57.863974,-25.864258],[-57.864187,-25.867713],[-57.864371,-25.870521],[-57.864622,-25.874833],[-57.864319,-25.877495],[-57.862958,-25.882089],[-57.86095,-25.886705],[-57.857959,-25.889788],[-57.853988,-25.892473],[-57.850625,-25.893945],[-57.846402,-25.896368],[-57.841567,-25.89995],[-57.838628,-25.902619],[-57.836984,-25.904895],[-57.835654,-25.907486],[-57.835045,-25.91005],[-57.834919,-25.912652],[-57.835405,-25.915503],[-57.837755,-25.918137],[-57.840968,-25.920078],[-57.844079,-25.92105],[-57.848062,-25.922693],[-57.853544,-25.92423],[-57.857867,-25.925374],[-57.865186,-25.92682],[-57.870492,-25.92847],[-57.876489,-25.932097],[-57.881095,-25.936925],[-57.885594,-25.942013],[-57.8905,-25.946765],[-57.893693,-25.950925],[-57.894847,-25.955212],[-57.894974,-25.958075],[-57.894846,-25.96061],[-57.894108,-25.962963],[-57.891609,-25.966299],[-57.886215,-25.969523],[-57.882858,-25.971158],[-57.875599,-25.974394],[-57.870138,-25.976653],[-57.864828,-25.979061],[-57.861092,-25.981683],[-57.857666,-25.984511],[-57.85525,-25.987032],[-57.852852,-25.989985],[-57.851101,-25.993943],[-57.850135,-25.996629],[-57.850183,-26.001153],[-57.851384,-26.003816],[-57.852926,-26.006033],[-57.856197,-26.009217],[-57.861176,-26.011528],[-57.866114,-26.012921],[-57.870568,-26.014224],[-57.876761,-26.015501],[-57.885256,-26.016982],[-57.891091,-26.018234],[-57.897129,-26.019965],[-57.903206,-26.023193],[-57.908528,-26.02641],[-57.914694,-26.029651],[-57.920256,-26.032806],[-57.924529,-26.035985],[-57.927873,-26.040734],[-57.928824,-26.043134],[-57.93101,-26.047426],[-57.93454,-26.052276],[-57.942127,-26.06028],[-57.94609,-26.064155],[-57.954,-26.069928],[-57.959439,-26.072977],[-57.972199,-26.080147],[-57.979989,-26.083217],[-57.989903,-26.087134],[-57.996892,-26.0898],[-58.003258,-26.092776],[-58.012532,-26.099307],[-58.016898,-26.102555],[-58.023397,-26.106321],[-58.034509,-26.110888],[-58.040106,-26.112034],[-58.045129,-26.112499],[-58.054508,-26.111069],[-58.060596,-26.108463],[-58.063652,-26.108079],[-58.071947,-26.107988],[-58.079425,-26.109441],[-58.086644,-26.113069],[-58.090708,-26.116219],[-58.094063,-26.121475],[-58.095879,-26.126872],[-58.098256,-26.131329],[-58.101031,-26.135284],[-58.107372,-26.140711],[-58.112429,-26.14577],[-58.115604,-26.149223],[-58.118468,-26.154927],[-58.120284,-26.16027],[-58.120756,-26.165231],[-58.119747,-26.170766],[-58.119088,-26.17474],[-58.118451,-26.177903],[-58.117744,-26.18215],[-58.118036,-26.18452],[-58.119739,-26.186134],[-58.122037,-26.187086],[-58.125801,-26.18635],[-58.132998,-26.182942],[-58.137891,-26.18054],[-58.142698,-26.178898],[-58.147606,-26.178118],[-58.1517,-26.177964],[-58.156024,-26.179857],[-58.157442,-26.181806],[-58.158233,-26.183237],[-58.158316,-26.18502],[-58.156293,-26.186881],[-58.153713,-26.18844],[-58.150799,-26.190605],[-58.147783,-26.193154],[-58.145066,-26.195997],[-58.140966,-26.199884],[-58.136284,-26.202928],[-58.131343,-26.205603],[-58.12608,-26.207856],[-58.118982,-26.211],[-58.112101,-26.214774],[-58.108958,-26.217218],[-58.106028,-26.220358],[-58.10401,-26.22368],[-58.104104,-26.227001],[-58.104766,-26.230872],[-58.106251,-26.235578],[-58.109124,-26.240287],[-58.112187,-26.242608],[-58.117422,-26.244901],[-58.124578,-26.247808],[-58.132536,-26.251567],[-58.141373,-26.254753],[-58.14928,-26.257378],[-58.154338,-26.258919],[-58.159529,-26.261537],[-58.163605,-26.264793],[-58.16713,-26.270488],[-58.168169,-26.274615],[-58.168523,-26.27958],[-58.168011,-26.284092],[-58.167337,-26.289037],[-58.166022,-26.295742],[-58.163562,-26.299894],[-58.16047,-26.303498],[-58.158059,-26.306132],[-58.155766,-26.310006],[-58.154685,-26.313997],[-58.153882,-26.318758],[-58.153994,-26.323732],[-58.155,-26.328456],[-58.156534,-26.33543],[-58.15779,-26.341606],[-58.159336,-26.346255],[-58.161652,-26.35185],[-58.166181,-26.357992],[-58.172352,-26.362088],[-58.180861,-26.363716],[-58.187104,-26.365481],[-58.192337,-26.36761],[-58.199158,-26.371356],[-58.202517,-26.373444],[-58.208993,-26.377527],[-58.21425,-26.381386],[-58.217317,-26.384896],[-58.220566,-26.390711],[-58.221582,-26.394298],[-58.222435,-26.39827],[-58.222917,-26.40204],[-58.222782,-26.405563],[-58.222146,-26.409999],[-58.220221,-26.415267],[-58.218275,-26.418805],[-58.212908,-26.423677],[-58.209809,-26.425851],[-58.206512,-26.428952],[-58.203735,-26.432845],[-58.199395,-26.438345],[-58.194423,-26.441834],[-58.19026,-26.444535],[-58.185506,-26.448351],[-58.18319,-26.450633],[-58.181879,-26.452452],[-58.181379,-26.454712],[-58.181622,-26.457861],[-58.182473,-26.459716],[-58.184595,-26.461665],[-58.188112,-26.463035],[-58.194881,-26.464076],[-58.201263,-26.464742],[-58.209609,-26.464896],[-58.214565,-26.464061],[-58.2198,-26.463568],[-58.224926,-26.463549],[-58.229676,-26.46531],[-58.231833,-26.467817],[-58.233319,-26.471408],[-58.233552,-26.47493],[-58.232534,-26.478382],[-58.230857,-26.480447],[-58.226651,-26.483256],[-58.222125,-26.484983],[-58.217229,-26.48711],[-58.214294,-26.488987],[-58.210572,-26.492306],[-58.209008,-26.495367],[-58.208363,-26.498415],[-58.208181,-26.500128],[-58.208345,-26.503594],[-58.210361,-26.507283],[-58.214738,-26.513591],[-58.220571,-26.520922],[-58.223611,-26.52675],[-58.224822,-26.531471],[-58.224267,-26.535023],[-58.222521,-26.541199],[-58.220186,-26.544642],[-58.214857,-26.548787],[-58.210629,-26.551184],[-58.206987,-26.553441],[-58.203106,-26.556237],[-58.200197,-26.560019],[-58.198793,-26.56372],[-58.197916,-26.568814],[-58.19808,-26.572281],[-58.197656,-26.578614],[-58.196884,-26.581762],[-58.196297,-26.584668],[-58.195265,-26.587885],[-58.193879,-26.591951],[-58.193374,-26.595206],[-58.193787,-26.598368],[-58.195009,-26.601927],[-58.197215,-26.605433],[-58.200088,-26.607736],[-58.203763,-26.610304],[-58.207078,-26.613591],[-58.209299,-26.61739],[-58.209644,-26.620496],[-58.209448,-26.623304],[-58.208073,-26.626239],[-58.205182,-26.629114],[-58.202656,-26.631387],[-58.199282,-26.63381],[-58.196055,-26.635168],[-58.194041,-26.637127],[-58.191994,-26.639794],[-58.191257,-26.643706],[-58.192489,-26.647485],[-58.194973,-26.651216],[-58.200182,-26.654138],[-58.204573,-26.65509],[-58.212391,-26.654734],[-58.220881,-26.653294],[-58.228212,-26.651014],[-58.235241,-26.647923],[-58.241025,-26.644937],[-58.246608,-26.642624],[-58.251895,-26.641657],[-58.256386,-26.641956],[-58.259565,-26.643718],[-58.26187,-26.646455],[-58.263334,-26.649519],[-58.263641,-26.65184],[-58.264085,-26.654235],[-58.263874,-26.658069],[-58.263299,-26.659797],[-58.262115,-26.661196],[-58.259743,-26.66387],[-58.258409,-26.666275],[-58.257132,-26.669854],[-58.257062,-26.672505],[-58.256768,-26.675988],[-58.256301,-26.681361],[-58.255719,-26.684326],[-58.254901,-26.689263],[-58.254713,-26.694978],[-58.254983,-26.697852],[-58.255748,-26.702825],[-58.255866,-26.706672],[-58.255815,-26.709734],[-58.255692,-26.71267],[-58.255529,-26.716148],[-58.25521,-26.719103],[-58.253842,-26.723568],[-58.252166,-26.728458],[-58.250688,-26.731986],[-58.248837,-26.735995],[-58.247236,-26.739704],[-58.246485,-26.744676],[-58.246528,-26.748323],[-58.24737,-26.753536],[-58.249166,-26.756645],[-58.252739,-26.759686],[-58.257127,-26.761873],[-58.26305,-26.763059],[-58.268156,-26.762334],[-58.274121,-26.760282],[-58.277239,-26.758808],[-58.280501,-26.756741],[-58.284165,-26.754835],[-58.287403,-26.755005],[-58.29022,-26.756015],[-58.294132,-26.759219],[-58.295721,-26.763502],[-58.296,-26.767905],[-58.295084,-26.770765],[-58.29318,-26.773663],[-58.290673,-26.777736],[-58.287808,-26.7812],[-58.285967,-26.784037],[-58.284453,-26.786802],[-58.283024,-26.789975],[-58.282834,-26.792866],[-58.284595,-26.795212],[-58.287573,-26.796805],[-58.294965,-26.800636],[-58.29791,-26.802935],[-58.302315,-26.805413],[-58.306489,-26.807194],[-58.312257,-26.807855],[-58.317529,-26.807769],[-58.321893,-26.806659],[-58.32643,-26.805836],[-58.328756,-26.806217],[-58.332484,-26.808308],[-58.333994,-26.810898],[-58.335106,-26.813415],[-58.335769,-26.816213],[-58.335569,-26.820222],[-58.33451,-26.822853],[-58.331937,-26.825541],[-58.329067,-26.827535],[-58.326665,-26.829688],[-58.324344,-26.832131],[-58.323276,-26.834585],[-58.321584,-26.839123],[-58.320223,-26.843707],[-58.319124,-26.849597],[-58.319297,-26.854534],[-58.319546,-26.856937],[-58.32213,-26.863968],[-58.324368,-26.866511]]]}},
{"type":"Feature","properties":{"IDHIDROVIA":200002315,"NOME":"Hidrovia do Tocantins","NAVEGACAO":"Navegação Interior","TIPO":"Rio","VEL_CIONAL":25.0,"EXTENSAO":21.619658519600002,"TEMPO":"0d 0h 51min","CLA_ICACAO":"Navegável","NOME_RIO":"Rio Pará","NOM_ECLUSA":null,"JURISDICAO":"AHIMOR","REG_RAFICA":"Região Hidrográfica do Tocantins","PRO_DE_MIN":1.4,"PRO_DE_MAX":2.8,"DOMINIO":"União","OBSERVACAO":"Foz no rio Tocantins _TO_ até Portel _PA_.","SNV":"Sim","FONTE":"ANA/Antaq","IDM_ORIGEM":"BR150520","MUN_ORIGEM":"Oeiras do Pará","EST_ORIGEM":"PA","IDM_ESTINO":"BR150280","MUN_ESTINO":"Curralinho","EST_ESTINO":"PA","IDANTAQ":0,"CAMADA_SIM":"124","FLUXO":11359096.4},"geometry":{"type":"MultiLineString","coordinates":[[[-50.018515,-1.784258],[-50.013976,-1.784789],[-49.998717,-1.789183],[-49.979491,-1.794798],[-49.947081,-1.80377],[-49.925902,-1.814391],[-49.893004,-1.830382],[-49.84619,-1.852415],[-49.837843,-1.85334]]]}},
{"type":"Feature","properties":{"IDHIDROVIA":200002316,"NOME":"Hidrovia do Tocantins","NAVEGACAO":"Navegação Interior","TIPO":"Baía","VEL_CIONAL":15.0,"EXTENSAO":5.1864860074500001,"TEMPO":"0d 0h 20min","CLA_ICACAO":"Navegável","NOME_RIO":"Baía de Guajará","NOM_ECLUSA":null,"JURISDICAO":"AHIMOR","REG_RAFICA":"Região Hidrográfica do Tocantins","PRO_DE_MIN":4.0,"PRO_DE_MAX":10.0,"DOMINIO":null,"OBSERVACAO":null,"SNV":"Não","FONTE":"LabTrans/Antaq","IDM_ORIGEM":"BR150140","MUN_ORIGEM":"Belém","EST_ORIGEM":"PA","IDM_ESTINO":"BR150130","MUN_ESTINO":"Barcarena","EST_ESTINO":"PA","IDANTAQ":9,"CAMADA_SIM":"125","FLUXO":50508.3},"geometry":{"type":"MultiLineString","coordinates":[[[-48.512109,-1.490179],[-48.513304,-1.476195],[-48.513304,-1.465575],[-48.510374,-1.455077],[-48.506773,-1.449095],[-48.504393,-1.445494]]]}},
{"type":"Feature","properties":{"IDHIDROVIA":200002319,"NOME":"Hidrovia do Tocantins","NAVEGACAO":"Navegação Interior","TIPO":"Rio","VEL_CIONAL":15.0,"EXTENSAO":69.364866766999995,"TEMPO":"0d 4h 37min","CLA_ICACAO":"Navegação inexpressiva","NOME_RIO":"Rio Moju","NOM_ECLUSA":null,"JURISDICAO":"AHIMOR","REG_RAFICA":"Região Hidrográfica do Tocantins","PRO_DE_MIN":1.2,"PRO_DE_MAX":1.6,"DOMINIO":"Estados ou Distrito Federal","OBSERVACAO":"Foz no rio Guamá _PA_ até Cairari _PA_.","SNV":"Sim","FONTE":"ANA/Antaq","IDM_ORIGEM":"BR150130","MUN_ORIGEM":"Barcarena","EST_ORIGEM":"PA","IDM_ESTINO":"BR150470","MUN_ESTINO":"Moju","EST_ESTINO":"PA","IDANTAQ":9,"CAMADA_SIM":"126","FLUXO":20419.9},"geometry":{"type":"MultiLineString","coordinates":[[[-48.764386,-1.872831],[-48.758818,-1.869689],[-48.742712,-1.850834],[-48.736826,-1.843945],[-48.727122,-1.831166],[-48.708136,-1.833219],[-48.686148,-1.818204],[-48.678637,-1.815522],[-48.669436,-1.817509],[-48.650752,-1.826248],[-48.641631,-1.830538],[-48.622862,-1.829465],[-48.612135,-1.811768],[-48.609991,-1.793533],[-48.586394,-1.761889],[-48.575129,-1.745265],[-48.571371,-1.737926],[-48.566927,-1.741414],[-48.559039,-1.746874],[-48.546706,-1.760282],[-48.530077,-1.769399],[-48.516135,-1.762425],[-48.503531,-1.760282],[-48.496561,-1.734001],[-48.487978,-1.724885],[-48.470816,-1.717912],[-48.450972,-1.709331],[-48.443465,-1.69646],[-48.442927,-1.677154],[-48.442393,-1.668572],[-48.434885,-1.662135],[-48.435957,-1.648728],[-48.454192,-1.61655],[-48.475375,-1.583834],[-48.476309,-1.579703],[-48.477316,-1.569117],[-48.486391,-1.561556],[-48.505614,-1.556578]]]}},
{"type":"Feature","properties":{"IDHIDROVIA":200002323,"NOME":"Hidrovia do Sul","NAVEGACAO":"Navegação Interior","TIPO":"Rio","VEL_CIONAL":10.0,"EXTENSAO":3.01,"TEMPO":"0d 0h 18min","CLA_ICACAO":"Navegação inexpressiva","NOME_RIO":"Rio Jacuí","NOM_ECLUSA":null,"JURISDICAO":"SPH","REG_RAFICA":"Região Hidrográfica Atlântico Sul","PRO_DE_MIN":1.0,"PRO_DE_MAX":1.2,"DOMINIO":"Estados ou Distrito Federal","OBSERVACAO":"Foz na Lagoa Guaíba _RS_ até Dona Francisca _RS_.","SNV":"Sim","FONTE":"LabTrans/ANA/Antaq","IDM_ORIGEM":"BR432200","MUN_ORIGEM":"Triunfo","EST_ORIGEM":"RS","IDM_ESTINO":"BR432200","MUN_ESTINO":"Triunfo","EST_ESTINO":"RS","IDANTAQ":18,"CAMADA_SIM":"127","FLUXO":860680.9},"geometry":{"type":"MultiLineString","coordinates":[[[-51.314435,-29.946274],[-51.303556,-29.947067],[-51.296852,-29.947082],[-51.287967,-29.945992],[-51.285291,-29.942696]]]}},
{"type":"Feature","properties":{"IDHIDROVIA":200002350,"NOME":"Hidrovia do Tocantins","NAVEGACAO":"Navegação Interior","TIPO":"Rio","VEL_CIONAL":25.0,"EXTENSAO":6.2357368535699997,"TEMPO":"0d 0h 14min","CLA_ICACAO":"Navegável","NOME_RIO":"Rio Tocantins","NOM_ECLUSA":null,"JURISDICAO":"AHIMOR","REG_RAFICA":"Região Hidrográfica do Tocantins","PRO_DE_MIN":1.5,"PRO_DE_MAX":4.0,"DOMINIO":"União","OBSERVACAO":"Foz no oceano Atlântico _PA_ até o Lago da Barragem de Serra da Mesa _GO_, na confluência com o rio Tocantizinho _GO_.","SNV":"Sim","FONTE":"ANA/Antaq","IDM_ORIGEM":"BR150490","MUN_ORIGEM":"Muaná","EST_ORIGEM":"PA","IDM_ESTINO":"BR150010","MUN_ESTINO":"Abaetetuba","EST_ESTINO":"PA","IDANTAQ":9,"CAMADA_SIM":"128","FLUXO":11359096.4},"geometry":{"type":"MultiLineString","coordinates":[[[-49.121703,-1.677977],[-49.101378,-1.65222],[-49.086529,-1.63409]]]}},
{"type":"Feature","properties":{"IDHIDROVIA":200002367,"NOME":"Hidrovia do Solimões","NAVEGACAO":"Navegação Interior","TIPO":"Rio","VEL_CIONAL":10.0,"EXTENSAO":22.199257832600001,"TEMPO":"0d 2h 13min","CLA_ICACAO":"Navegável","NOME_RIO":"Rio Solimões","NOM_ECLUSA":null,"JURISDICAO":"AHIMOC","REG_RAFICA":"Região Hidrográfica Amazônica","PRO_DE_MIN":6.0,"PRO_DE_MAX":10.0,"DOMINIO":"União","OBSERVACAO":"Confluência com o rio Negro _AM_ até Tabatinga _AM_.","SNV":"Sim","FONTE":"LabTrans/Antaq","IDM_ORIGEM":"BR130420","MUN_ORIGEM":"Tefé","EST_ORIGEM":"AM","IDM_ESTINO":"BR130420","MUN_ESTINO":"Tefé","EST_ESTINO":"AM","IDANTAQ":2,"CAMADA_SIM":"129","FLUXO":16507.0},"geometry":{"type":"MultiLineString","coordinates":[[[-64.654784,-3.27838],[-64.643614,-3.283385],[-64.630003,-3.289183],[-64.617796,-3.292601],[-64.601195,-3.297118],[-64.591185,-3.299376],[-64.576109,-3.302184],[-64.565184,-3.304503],[-64.557005,-3.3067],[-64.54608,-3.310118],[-64.537901,-3.313902],[-64.529906,-3.318968],[-64.525389,-3.322569],[-64.5213,-3.327696],[-64.517577,-3.330992],[-64.515501,-3.333983],[-64.514525,-3.336485],[-64.513609,-3.338683],[-64.513121,-3.341917],[-64.512511,-3.344908],[-64.509886,-3.354124],[-64.506468,-3.361815],[-64.500426,-3.370604],[-64.495477,-3.375538]]]}},
{"type":"Feature","properties":{"IDHIDROVIA":200002369,"NOME":"Hidrovia do Madeira","NAVEGACAO":"Navegação Interior","TIPO":"Rio","VEL_CIONAL":22.0,"EXTENSAO":61.492063569000003,"TEMPO":"0d 2h 47min","CLA_ICACAO":"Navegável","NOME_RIO":"Rio Madeira","NOM_ECLUSA":null,"JURISDICAO":"AHIMOC","REG_RAFICA":"Região Hidrográfica Amazônica","PRO_DE_MIN":2.0,"PRO_DE_MAX":7.0,"DOMINIO":"União","OBSERVACAO":"Foz no rio Amazonas _AM_ até a confluência dos rios Beni _rio boliviano_ e Mamoré _RO_.","SNV":"Sim","FONTE":"LabTrans/Antaq","IDM_ORIGEM":"BR130170","MUN_ORIGEM":"Humaitá","EST_ORIGEM":"AM","IDM_ESTINO":"BR110020","MUN_ESTINO":"Porto Velho","EST_ESTINO":"RO","IDANTAQ":5,"CAMADA_SIM":"130","FLUXO":10888055.9},"geometry":{"type":"MultiLineString","coordinates":[[[-62.877351,-8.015659],[-62.877074,-8.010802],[-62.874815,-7.992796],[-62.871275,-7.968077],[-62.869627,-7.951781],[-62.871092,-7.934813],[-62.87329,-7.921873],[-62.876769,-7.91107],[-62.880186,-7.903075],[-62.883971,-7.894774],[-62.891112,-7.88098],[-62.895201,-7.868468],[-62.900023,-7.85797],[-62.908873,-7.846373],[-62.915587,-7.829405],[-62.920409,-7.813902],[-62.923094,-7.802428],[-62.928587,-7.785094],[-62.930602,-7.776915],[-62.934508,-7.765868],[-62.940794,-7.756224],[-62.947813,-7.7489],[-62.948607,-7.742308],[-62.945311,-7.729186],[-62.934996,-7.716307],[-62.928099,-7.702208],[-62.92462,-7.687376],[-62.920409,-7.673399],[-62.917784,-7.665587],[-62.917784,-7.657896],[-62.921385,-7.650206],[-62.928221,-7.642394],[-62.93817,-7.629881],[-62.943297,-7.624205],[-62.94641,-7.611693],[-62.950987,-7.596068],[-62.955992,-7.581908],[-62.96588,-7.565672],[-62.9718,-7.556212],[-62.978087,-7.548705],[-62.989317,-7.544676],[-62.999998,-7.535277],[-63.005309,-7.526976],[-63.007506,-7.520689],[-63.008983,-7.516709]]]}},
{"type":"Feature","properties":{"IDHIDROVIA":200002373,"NOME":"Hidrovia do Amazonas","NAVEGACAO":"Navegação Interior","TIPO":"Rio","VEL_CIONAL":15.0,"EXTENSAO":16.321770037299999,"TEMPO":"0d 1h 5min","CLA_ICACAO":"Navegável","NOME_RIO":"Rio Xingu","NOM_ECLUSA":null,"JURISDICAO":"AHIMOR","REG_RAFICA":"Região Hidrográfica Amazônica","PRO_DE_MIN":4.2,"PRO_DE_MAX":7.2,"DOMINIO":"União","OBSERVACAO":"Foz no rio Amazonas _AM_ até PK 1522.","SNV":"Sim","FONTE":"LabTrans/ANA/Antaq","IDM_ORIGEM":"BR150310","MUN_ORIGEM":"Gurupá","EST_ORIGEM":"PA","IDM_ESTINO":"BR150590","MUN_ESTINO":"Porto de Moz","EST_ESTINO":"PA","IDANTAQ":1,"CAMADA_SIM":"131","FLUXO":24755.3},"geometry":{"type":"MultiLineString","coordinates":[[[-52.211579,-1.641155],[-52.21118,-1.636595],[-52.212584,-1.628294],[-52.212828,-1.625304],[-52.21118,-1.621397],[-52.209776,-1.617003],[-52.207396,-1.611571],[-52.206297,-1.608397],[-52.206786,-1.60388],[-52.206908,-1.599181],[-52.208128,-1.593993],[-52.209288,-1.58972],[-52.210692,-1.585326],[-52.213316,-1.57971],[-52.215208,-1.576598],[-52.219786,-1.57141],[-52.224181,-1.566222],[-52.228392,-1.559691],[-52.231383,-1.555296],[-52.235289,-1.549803],[-52.237791,-1.545592],[-52.239684,-1.541502],[-52.242003,-1.53369],[-52.243468,-1.527769],[-52.244811,-1.520995],[-52.246581,-1.513976],[-52.249083,-1.505797]]]}},
{"type":"Feature","properties":{"IDHIDROVIA":200002376,"NOME":"Hidrovia do Amazonas","NAVEGACAO":"Navegação Interior","TIPO":"Rio","VEL_CIONAL":25.0,"EXTENSAO":40.947335888200001,"TEMPO":"0d 1h 38min","CLA_ICACAO":"Navegável","NOME_RIO":"Rio Amazonas","NOM_ECLUSA":null,"JURISDICAO":"AHIMOC","REG_RAFICA":"Região Hidrográfica Amazônica","PRO_DE_MIN":5.0,"PRO_DE_MAX":7.5,"DOMINIO":"União","OBSERVACAO":"Foz no oceano Atlântico _PA_ até a confluência dos rios Negro e Solimões.","SNV":"Sim","FONTE":"LabTrans/Antaq","IDM_ORIGEM":"BR130340","MUN_ORIGEM":"Parintins","EST_ORIGEM":"AM","IDM_ESTINO":"BR130340","MUN_ESTINO":"Parintins","EST_ESTINO":"AM","IDANTAQ":1,"CAMADA_SIM":"132","FLUXO":5558929.8},"geometry":{"type":"MultiLineString","coordinates":[[[-56.667784,-2.594115],[-56.659789,-2.590086],[-56.6463,-2.581175],[-56.63629,-2.576109],[-56.608353,-2.56327],[-56.59079,-2.553418],[-56.577746,-2.543819],[-56.563292,-2.531004],[-56.54077,-2.513915],[-56.523985,-2.503172],[-56.503478,-2.485777],[-56.494166,-2.473045],[-56.477171,-2.448607],[-56.455809,-2.417479],[-56.442992,-2.397398],[-56.427672,-2.3692],[-56.41992,-2.343687],[-56.418088,-2.338289]]]}},
{"type":"Feature","properties":{"IDHIDROVIA":200002394,"NOME":"Hidrovia do Sul","NAVEGACAO":"Navegação Interior","TIPO":"Laguna","VEL_CIONAL":25.0,"EXTENSAO":65.014495504300001,"TEMPO":"0d 2h 36min","CLA_ICACAO":"Navegável","NOME_RIO":"Lagoa dos Patos","NOM_ECLUSA":null,"JURISDICAO":"SPH","REG_RAFICA":"Região Hidrográfica Atlântico Sul","PRO_DE_MIN":5.4,"PRO_DE_MAX":5.4,"DOMINIO":"Estados ou Distrito Federal","OBSERVACAO":"Confluência com o oceano Atlântico até a confluência com o Lago Guaíba _RS_.","SNV":"Sim","FONTE":"LabTrans/Antaq","IDM_ORIGEM":"BR431440","MUN_ORIGEM":"Pelotas","EST_ORIGEM":"RS","IDM_ESTINO":"BR430350","MUN_ESTINO":"Camaquã","EST_ESTINO":"RS","IDANTAQ":18,"CAMADA_SIM":"133","FLUXO":4546392.7},"geometry":{"type":"MultiLineString","coordinates":[[[-51.687525,-31.473246],[-51.728107,-31.519353],[-51.845876,-31.654469],[-51.892107,-31.700381],[-51.938267,-31.732238],[-51.982462,-31.748671],[-52.033869,-31.764802],[-52.075596,-31.776895],[-52.13261,-31.783339],[-52.176417,-31.787016],[-52.21918,-31.788054]]]}},
{"type":"Feature","properties":{"IDHIDROVIA":200002396,"NOME":"Hidrovia do Sul","NAVEGACAO":"Navegação Interior","TIPO":"Lago","VEL_CIONAL":25.0,"EXTENSAO":19.692815221299998,"TEMPO":"0d 0h 47min","CLA_ICACAO":"Navegável","NOME_RIO":"Lago Guaíba","NOM_ECLUSA":null,"JURISDICAO":"SPH","REG_RAFICA":"Região Hidrográfica Atlântico Sul","PRO_DE_MIN":2.0,"PRO_DE_MAX":12.0,"DOMINIO":"Estados ou Distrito Federal","OBSERVACAO":"Confluência com a Lagoa dos Patos _RS_ até o Delta do rio Jacuí.","SNV":"Sim","FONTE":"LabTrans/Antaq","IDM_ORIGEM":"BR430190","MUN_ORIGEM":"Barra do Ribeiro","EST_ORIGEM":"RS","IDM_ESTINO":"BR430190","MUN_ESTINO":"Barra do Ribeiro","EST_ESTINO":"RS","IDANTAQ":18,"CAMADA_SIM":"134","FLUXO":4546392.7},"geometry":{"type":"MultiLineString","coordinates":[[[-51.233398,-30.247404],[-51.216643,-30.260374],[-51.15751,-30.29248],[-51.133004,-30.30547],[-51.112975,-30.318537],[-51.103399,-30.328435],[-51.097303,-30.338411],[-51.090392,-30.354291],[-51.086764,-30.363611]]]}},
{"type":"Feature","properties":{"IDHIDROVIA":200002399,"NOME":"Hidrovia Paraguai - Paraná","NAVEGACAO":"Navegação Interior","TIPO":"Rio","VEL_CIONAL":7.0,"EXTENSAO":2.1382484907800001,"TEMPO":"0d 0h 18min","CLA_ICACAO":"Navegável","NOME_RIO":"Rio Paraguai","NOM_ECLUSA":null,"JURISDICAO":"AHIPAR","REG_RAFICA":"Região Hidrográfica do Paraguai","PRO_DE_MIN":1.5,"PRO_DE_MAX":1.8,"DOMINIO":"União","OBSERVACAO":"Foz do rio Apa _MS_ até a foz do Ribeirão Vermelho _MT_.","SNV":"Sim","FONTE":"LabTrans/ANA/Antaq","IDM_ORIGEM":"BR500320","MUN_ORIGEM":"Corumbá","EST_ORIGEM":"MS","IDM_ESTINO":"BR500320","MUN_ESTINO":"Corumbá","EST_ESTINO":"MS","IDANTAQ":4,"CAMADA_SIM":"135","FLUXO":2290326.0},"geometry":{"type":"MultiLineString","coordinates":[[[-57.227829,-19.24363],[-57.227566,-19.244639],[-57.227431,-19.246736],[-57.227355,-19.249323],[-57.227564,-19.251948],[-57.227984,-19.25358],[-57.22975,-19.256169],[-57.23239,-19.257891],[-57.235072,-19.259756]]]}},
{"type":"Feature","properties":{"IDHIDROVIA":200002405,"NOME":"Hidrovia Paraguai - Paraná","NAVEGACAO":"Navegação Interior","TIPO":"Rio","VEL_CIONAL":7.0,"EXTENSAO":23.914936255699999,"TEMPO":"0d 3h 24min","CLA_ICACAO":"Navegável","NOME_RIO":"Rio Paraguai","NOM_ECLUSA":null,"JURISDICAO":"AHIPAR","REG_RAFICA":"Região Hidrográfica do Paraguai","PRO_DE_MIN":3.3,"PRO_DE_MAX":3.3,"DOMINIO":"União","OBSERVACAO":"Foz do rio Apa _MS_ até a foz do Ribeirão Vermelho _MT_.","SNV":"Sim","FONTE":"LabTrans/ANA/Antaq","IDM_ORIGEM":"BR500320","MUN_ORIGEM":"Corumbá","EST_ORIGEM":"MS","IDM_ESTINO":"BR500320","MUN_ESTINO":"Corumbá","EST_ESTINO":"MS","IDANTAQ":4,"CAMADA_SIM":"136","FLUXO":2290326.0},"geometry":{"type":"MultiLineString","coordinates":[[[-57.235072,-19.259756],[-57.236236,-19.260566],[-57.238681,-19.262025],[-57.242398,-19.265206],[-57.2444,-19.267789],[-57.245389,-19.269549],[-57.246403,-19.272244],[-57.247403,-19.274405],[-57.249089,-19.277546],[-57.251763,-19.280559],[-57.25428,-19.282952],[-57.255315,-19.284666],[-57.255787,-19.286483],[-57.256267,-19.290108],[-57.2568,-19.294285],[-57.25716,-19.297263],[-57.25806,-19.302637],[-57.258688,-19.306829],[-57.258794,-19.310926],[-57.258661,-19.313113],[-57.258701,-19.314644],[-57.258797,-19.316513],[-57.259645,-19.318276],[-57.260396,-19.319952],[-57.261479,-19.321621],[-57.26232,-19.323116],[-57.264166,-19.325124],[-57.266102,-19.326907],[-57.275048,-19.332654],[-57.283748,-19.338268],[-57.287913,-19.341212],[-57.292266,-19.344121],[-57.293846,-19.346341],[-57.294622,-19.348307],[-57.29467,-19.350152],[-57.293785,-19.352362],[-57.292978,-19.354774],[-57.291535,-19.357818],[-57.289434,-19.360655],[-57.285567,-19.365259],[-57.282364,-19.370327],[-57.279354,-19.374429],[-57.277831,-19.3772],[-57.276959,-19.379956],[-57.276661,-19.382426],[-57.277263,-19.385097],[-57.278626,-19.387713],[-57.280362,-19.390117],[-57.282733,-19.392047],[-57.285692,-19.393761],[-57.288863,-19.395316],[-57.291372,-19.396327],[-57.296649,-19.397936],[-57.300838,-19.399163],[-57.304339,-19.400915],[-57.307288,-19.402221],[-57.314934,-19.404232],[-57.321599,-19.406457],[-57.327748,-19.408778],[-57.333692,-19.410389],[-57.335619,-19.411226]]]}},
{"type":"Feature","properties":{"IDHIDROVIA":200002420,"NOME":"Hidrovia do Tietê - Paraná","NAVEGACAO":"Navegação Interior","TIPO":"Rio","VEL_CIONAL":10.0,"EXTENSAO":83.201472087300004,"TEMPO":"0d 8h 19min","CLA_ICACAO":"Navegável","NOME_RIO":"Rio Paranaíba","NOM_ECLUSA":null,"JURISDICAO":"AHRANA","REG_RAFICA":"Região Hidrográfica do Paraná","PRO_DE_MIN":1.6,"PRO_DE_MAX":2.0,"DOMINIO":"União","OBSERVACAO":"Confluência com o rio Grande até o PK 790.","SNV":"Sim","FONTE":"LabTrans/ANA/Antaq","IDM_ORIGEM":"BR500100","MUN_ORIGEM":"Aparecida do Taboado","EST_ORIGEM":"MS","IDM_ESTINO":"BR311455","MUN_ESTINO":"Carneirinho","EST_ESTINO":"MG","IDANTAQ":3,"CAMADA_SIM":"137","FLUXO":1167470.0},"geometry":{"type":"MultiLineString","coordinates":[[[-50.941323,-19.469169],[-50.946117,-19.469962],[-50.952199,-19.472641],[-50.958409,-19.477764],[-50.96212,-19.48335],[-50.962841,-19.490697],[-50.959778,-19.501278],[-50.958466,-19.50394],[-50.954567,-19.510769],[-50.949154,-19.518069],[-50.941593,-19.527084],[-50.9315,-19.538969],[-50.925612,-19.549269],[-50.9237,-19.554853],[-50.923238,-19.560753],[-50.922759,-19.567165],[-50.923383,-19.573224],[-50.924941,-19.579952],[-50.929009,-19.585157],[-50.936592,-19.587043],[-50.946657,-19.588099],[-50.954257,-19.5851],[-50.963465,-19.582548],[-50.969618,-19.581152],[-50.975043,-19.582206],[-50.979601,-19.584778],[-50.982915,-19.587828],[-50.986342,-19.591653],[-50.992066,-19.605528],[-50.997484,-19.618971],[-51.004497,-19.630221],[-51.009174,-19.637678],[-51.012067,-19.6411],[-51.014512,-19.645795],[-51.018716,-19.655314],[-51.022324,-19.662077],[-51.025551,-19.668059],[-51.029334,-19.677937],[-51.033379,-19.688206],[-51.036803,-19.696528],[-51.039173,-19.708536],[-51.042072,-19.720145],[-51.043222,-19.726991],[-51.043746,-19.732019],[-51.042593,-19.738285],[-51.039867,-19.742451],[-51.038036,-19.7442],[-51.033685,-19.747935],[-51.030562,-19.751704],[-51.029751,-19.755794],[-51.030059,-19.759015],[-51.030091,-19.762357],[-51.032594,-19.769624],[-51.035519,-19.776517],[-51.03641,-19.782968],[-51.035421,-19.789086],[-51.033158,-19.793361],[-51.028053,-19.799685],[-51.023114,-19.809555],[-51.021262,-19.820006],[-51.018791,-19.830457],[-51.018175,-19.838587],[-51.018175,-19.848456],[-51.018791,-19.859488],[-51.018175,-19.86994],[-51.014469,-19.878068],[-51.011381,-19.883874],[-51.006442,-19.894906],[-51.000886,-19.902454],[-50.999032,-19.913486],[-51.000886,-19.919873],[-51.004634,-19.92648],[-51.00953,-19.937293],[-51.014469,-19.943681],[-51.01717,-19.951352],[-51.019059,-19.955689],[-51.020246,-19.961638],[-51.020428,-19.965089],[-51.020046,-19.968003],[-51.019143,-19.971379],[-51.013234,-19.981422],[-51.008296,-19.989549],[-51.004287,-19.997258],[-51.003062,-20.001644],[-51.002842,-20.00633],[-51.004298,-20.017504],[-51.004977,-20.021169],[-51.005961,-20.02442],[-51.008292,-20.028498],[-51.013309,-20.036157],[-51.014904,-20.039155],[-51.01542,-20.043453],[-51.015157,-20.0518],[-51.013917,-20.060135],[-51.012014,-20.06647],[-51.009199,-20.082015],[-51.008566,-20.0931],[-51.009682,-20.108166]]]}},
{"type":"Feature","properties":{"IDHIDROVIA":200002433,"NOME":"Hidrovia do Tietê - Paraná","NAVEGACAO":"Navegação Interior","TIPO":"Rio","VEL_CIONAL":10.0,"EXTENSAO":6.0614990041399999,"TEMPO":"0d 0h 36min","CLA_ICACAO":"Navegável","NOME_RIO":"Rio Paraná","NOM_ECLUSA":null,"JURISDICAO":"AHRANA","REG_RAFICA":"Região Hidrográfica do Paraná","PRO_DE_MIN":2.5,"PRO_DE_MAX":4.0,"DOMINIO":"União","OBSERVACAO":"Confluência com o rio Iguaçu até a confluência dos rios Grande e Paranaíba.","SNV":"Sim","FONTE":"ANA/Antaq","IDM_ORIGEM":"BR354130","MUN_ORIGEM":"Presidente Epitácio","EST_ORIGEM":"SP","IDM_ESTINO":"BR354130","MUN_ESTINO":"Presidente Epitácio","EST_ESTINO":"SP","IDANTAQ":3,"CAMADA_SIM":"138","FLUXO":1414375.0},"geometry":{"type":"MultiLineString","coordinates":[[[-52.107084,-21.752868],[-52.111271,-21.752892],[-52.122991,-21.752344],[-52.133911,-21.753117],[-52.142521,-21.755679],[-52.148426,-21.759249],[-52.152335,-21.762777],[-52.157326,-21.768712],[-52.15843,-21.770443]]]}},
{"type":"Feature","properties":{"IDHIDROVIA":200002453,"NOME":"Hidrovia do Tietê - Paraná","NAVEGACAO":"Navegação Interior","TIPO":"Rio","VEL_CIONAL":10.0,"EXTENSAO":16.992141848900001,"TEMPO":"0d 1h 41min","CLA_ICACAO":"Navegável","NOME_RIO":"Rio Paraná","NOM_ECLUSA":null,"JURISDICAO":"AHRANA","REG_RAFICA":"Região Hidrográfica do Paraná","PRO_DE_MIN":2.5,"PRO_DE_MAX":4.0,"DOMINIO":"União","OBSERVACAO":"Confluência com o rio Iguaçu até a confluência dos rios Grande e Paranaíba.","SNV":"Sim","FONTE":"ANA/Antaq","IDM_ORIGEM":"BR500200","MUN_ORIGEM":"Batayporã","EST_ORIGEM":"MS","IDM_ESTINO":"BR354425","MUN_ESTINO":"Rosana","EST_ESTINO":"SP","IDANTAQ":3,"CAMADA_SIM":"139","FLUXO":1414375.0},"geometry":{"type":"MultiLineString","coordinates":[[[-53.065687,-22.571763],[-53.067433,-22.573001],[-53.072226,-22.574839],[-53.075466,-22.576634],[-53.080257,-22.580861],[-53.082053,-22.583544],[-53.08522,-22.590448],[-53.087896,-22.597571],[-53.090492,-22.605032],[-53.092954,-22.611742],[-53.095904,-22.615941],[-53.099824,-22.619541],[-53.101777,-22.621717],[-53.104676,-22.624621],[-53.113452,-22.633265],[-53.118806,-22.639078],[-53.128082,-22.65201],[-53.134968,-22.662287],[-53.140843,-22.668774],[-53.145951,-22.675181],[-53.149355,-22.67934],[-53.156351,-22.684016],[-53.162816,-22.68815],[-53.165009,-22.689987]]]}},
{"type":"Feature","properties":{"IDHIDROVIA":200002594,"NOME":"Hidrovia do Tietê - Paraná","NAVEGACAO":"Navegação Interior","TIPO":"Rio","VEL_CIONAL":10.0,"EXTENSAO":1.97054116788,"TEMPO":"0d 0h 11min","CLA_ICACAO":"Navegável","NOME_RIO":"Rio Paraná","NOM_ECLUSA":null,"JURISDICAO":"AHRANA","REG_RAFICA":"Região Hidrográfica do Paraná","PRO_DE_MIN":2.5,"PRO_DE_MAX":4.0,"DOMINIO":"União","OBSERVACAO":"Confluência com o rio Iguaçu até a confluência dos rios Grande e Paranaíba.","SNV":"Sim","FONTE":"ANA/Antaq","IDM_ORIGEM":"BR410880","MUN_ORIGEM":"Guaíra","EST_ORIGEM":"PR","IDM_ESTINO":"BR500568","MUN_ESTINO":"Mundo Novo","EST_ESTINO":"MS","IDANTAQ":3,"CAMADA_SIM":"140","FLUXO":1122240.0},"geometry":{"type":"MultiLineString","coordinates":[[[-54.242252,-24.049747],[-54.246078,-24.05293],[-54.248313,-24.057099],[-54.248406,-24.061798],[-54.247851,-24.065456]]]}},
{"type":"Feature","properties":{"IDHIDROVIA":200002602,"NOME":"Hidrovia do Amazonas","NAVEGACAO":"Navegação Interior","TIPO":"Rio","VEL_CIONAL":25.0,"EXTENSAO":86.330913628199994,"TEMPO":"0d 3h 27min","CLA_ICACAO":"Navegável","NOME_RIO":"Rio Amazonas","NOM_ECLUSA":null,"JURISDICAO":"AHIMOR","REG_RAFICA":"Região Hidrográfica Amazônica","PRO_DE_MIN":5.0,"PRO_DE_MAX":7.5,"DOMINIO":"União","OBSERVACAO":"Foz no oceano Atlântico _PA_ até a confluência dos rios Negro e Solimões.","SNV":"Sim","FONTE":"LabTrans/Antaq","IDM_ORIGEM":"BR160060","MUN_ORIGEM":"Santana","EST_ORIGEM":"AP","IDM_ESTINO":"BR150030","MUN_ESTINO":"Afuá","EST_ESTINO":"PA","IDANTAQ":1,"CAMADA_SIM":"141","FLUXO":11332919.5},"geometry":{"type":"MultiLineString","coordinates":[[[-50.723873,-0.533095],[-50.724252,-0.532837],[-50.72463,-0.532576],[-50.725006,-0.532313],[-50.725379,-0.532048],[-50.72575,-0.531781],[-50.72612,-0.531512],[-50.726487,-0.531241],[-50.726851,-0.530968],[-50.727214,-0.530693],[-50.727575,-0.530416],[-50.727933,-0.530136],[-50.728289,-0.529855],[-50.728643,-0.529572],[-50.728995,-0.529286],[-50.729345,-0.528999],[-50.729693,-0.528709],[-50.730038,-0.528418],[-50.730382,-0.528124],[-50.730723,-0.527828],[-50.731062,-0.527531],[-50.731399,-0.527231],[-50.731734,-0.526929],[-50.732066,-0.526625],[-50.732397,-0.526319],[-50.732725,-0.526011],[-50.733051,-0.525701],[-50.733375,-0.525389],[-50.733697,-0.525075],[-50.734017,-0.524759],[-50.734334,-0.524441],[-50.73465,-0.52412],[-50.734963,-0.523798],[-50.735535,-0.523198],[-50.735802,-0.522912],[-50.736068,-0.522623],[-50.736339,-0.522324],[-50.73661,-0.522021],[-50.736882,-0.521714],[-50.737153,-0.521402],[-50.737425,-0.521085],[-50.737697,-0.520764],[-50.73797,-0.520438],[-50.738242,-0.520107],[-50.738515,-0.519772],[-50.738788,-0.519433],[-50.739062,-0.519088],[-50.739335,-0.518739],[-50.739609,-0.518386],[-50.739884,-0.518027],[-50.740159,-0.517664],[-50.740434,-0.517296],[-50.74071,-0.516922],[-50.740987,-0.516543],[-50.741265,-0.516159],[-50.741544,-0.515769],[-50.741824,-0.515373],[-50.742105,-0.514972],[-50.742388,-0.514565],[-50.742672,-0.514151],[-50.742958,-0.51373],[-50.743246,-0.513303],[-50.743828,-0.512425],[-50.744001,-0.512162],[-50.744338,-0.511642],[-50.744585,-0.511256],[-50.744831,-0.510868],[-50.745076,-0.510475],[-50.745319,-0.51008],[-50.745561,-0.509682],[-50.745801,-0.509283],[-50.746039,-0.50888],[-50.746276,-0.508476],[-50.746511,-0.508069],[-50.746744,-0.50766],[-50.746976,-0.507249],[-50.747206,-0.506836],[-50.747434,-0.50642],[-50.74766,-0.506003],[-50.747885,-0.505583],[-50.748108,-0.505161],[-50.748328,-0.504738],[-50.748548,-0.504312],[-50.748765,-0.503884],[-50.74898,-0.503454],[-50.749194,-0.503023],[-50.749405,-0.502589],[-50.749615,-0.502154],[-50.749823,-0.501716],[-50.750029,-0.501277],[-50.750233,-0.500836],[-50.750435,-0.500393],[-50.750635,-0.499949],[-50.750833,-0.499502],[-50.751029,-0.499054],[-50.751224,-0.498604],[-50.751416,-0.498152],[-50.751606,-0.497699],[-50.751795,-0.497244],[-50.751981,-0.496787],[-50.752165,-0.496329],[-50.752347,-0.495869],[-50.752527,-0.495408],[-50.752705,-0.494945],[-50.752881,-0.494481],[-50.753055,-0.494015],[-50.753227,-0.493548],[-50.753397,-0.493079],[-50.753564,-0.492609],[-50.75373,-0.492138],[-50.753893,-0.491666],[-50.754054,-0.491192],[-50.754213,-0.490717],[-50.75437,-0.490241],[-50.754525,-0.489763],[-50.754677,-0.489285],[-50.754827,-0.488805],[-50.754975,-0.488325],[-50.755121,-0.487843],[-50.755264,-0.48736],[-50.755406,-0.486876],[-50.755545,-0.486392],[-50.755681,-0.485906],[-50.755816,-0.48542],[-50.755948,-0.484932],[-50.756078,-0.484444],[-50.756206,-0.483956],[-50.756423,-0.483101],[-50.756633,-0.482244],[-50.756836,-0.481385],[-50.757031,-0.480524],[-50.75722,-0.479662],[-50.757401,-0.478799],[-50.757575,-0.477935],[-50.757742,-0.47707],[-50.757873,-0.476356],[-50.758,-0.475642],[-50.758122,-0.474928],[-50.758238,-0.474214],[-50.758612,-0.471851],[-50.758783,-0.470747],[-50.758946,-0.469649],[-50.759017,-0.469145],[-50.759083,-0.468663],[-50.759175,-0.46796],[-50.759256,-0.467289],[-50.759327,-0.466644],[-50.759389,-0.466021],[-50.759443,-0.465416],[-50.759488,-0.464828],[-50.759525,-0.464255],[-50.759553,-0.463695],[-50.759564,-0.463419],[-50.759572,-0.463145],[-50.759579,-0.462875],[-50.759584,-0.462607],[-50.759586,-0.462342],[-50.759587,-0.462079],[-50.759585,-0.46182],[-50.759581,-0.461562],[-50.759575,-0.461306],[-50.759567,-0.461053],[-50.759557,-0.460802],[-50.759544,-0.460553],[-50.75953,-0.460302],[-50.759513,-0.460054],[-50.759496,-0.459837],[-50.759475,-0.459595],[-50.759441,-0.459279],[-50.759402,-0.458961],[-50.759356,-0.458641],[-50.759304,-0.458318],[-50.759246,-0.457993],[-50.759182,-0.457665],[-50.759111,-0.457334],[-50.759034,-0.457],[-50.758951,-0.456663],[-50.758861,-0.456322],[-50.758764,-0.455977],[-50.758662,-0.455628],[-50.758552,-0.455274],[-50.758435,-0.454915],[-50.758312,-0.45455],[-50.758181,-0.454178],[-50.758062,-0.453852],[-50.757937,-0.453521],[-50.757806,-0.453182],[-50.757669,-0.452836],[-50.757525,-0.452483],[-50.757374,-0.452119],[-50.757215,-0.451744],[-50.757047,-0.451355],[-50.756736,-0.450655],[-50.756384,-0.449878],[-50.756029,-0.449108],[-50.755092,-0.447092],[-50.754819,-0.446497],[-50.754576,-0.445962],[-50.754307,-0.445357],[-50.754061,-0.44479],[-50.753833,-0.44425],[-50.753621,-0.443732],[-50.753497,-0.443422],[-50.753379,-0.443118],[-50.753265,-0.442819],[-50.753156,-0.442526],[-50.753051,-0.442236],[-50.752951,-0.441951],[-50.752855,-0.441669],[-50.752763,-0.441391],[-50.752675,-0.441115],[-50.752591,-0.440842],[-50.752511,-0.440572],[-50.752435,-0.440305],[-50.752362,-0.44004],[-50.752294,-0.439777],[-50.752229,-0.439516],[-50.752168,-0.439257],[-50.751994,-0.438486],[-50.751826,-0.437714],[-50.751665,-0.436954],[-50.751511,-0.436203],[-50.751363,-0.43546],[-50.751223,-0.434724],[-50.751089,-0.433996],[-50.750962,-0.433276],[-50.750841,-0.432562],[-50.750727,-0.431854],[-50.750619,-0.431153],[-50.750518,-0.430459],[-50.750423,-0.42977],[-50.750335,-0.429088],[-50.750253,-0.428411],[-50.750177,-0.42774],[-50.750108,-0.427074],[-50.750045,-0.426414],[-50.749989,-0.425759],[-50.749939,-0.425109],[-50.749895,-0.424464],[-50.749858,-0.423825],[-50.749827,-0.423191],[-50.749802,-0.422563],[-50.749784,-0.421939],[-50.749772,-0.42132],[-50.749766,-0.420706],[-50.749767,-0.420097],[-50.749774,-0.419493],[-50.749788,-0.418894],[-50.749808,-0.4183],[-50.749834,-0.41771],[-50.749918,-0.416208],[-50.749958,-0.415547],[-50.749999,-0.41493],[-50.750041,-0.414341],[-50.750084,-0.413777],[-50.750129,-0.413235],[-50.750176,-0.41271],[-50.750227,-0.41219],[-50.75028,-0.411685],[-50.750335,-0.411193],[-50.750393,-0.410712],[-50.750454,-0.410242],[-50.750519,-0.409782],[-50.750586,-0.409331],[-50.750656,-0.408889],[-50.750732,-0.408445],[-50.750811,-0.408008],[-50.750893,-0.40758],[-50.750979,-0.407159],[-50.751069,-0.406746],[-50.751163,-0.40634],[-50.75126,-0.405941],[-50.751361,-0.405548],[-50.751466,-0.405162],[-50.751575,-0.404782],[-50.751688,-0.404408],[-50.751805,-0.404041],[-50.751926,-0.403679],[-50.752051,-0.403324],[-50.75218,-0.402974],[-50.752313,-0.40263],[-50.752465,-0.402255],[-50.752624,-0.401879],[-50.752791,-0.401501],[-50.752966,-0.401121],[-50.753148,-0.400739],[-50.753337,-0.400356],[-50.753534,-0.39997],[-50.753739,-0.399583],[-50.753952,-0.399194],[-50.754172,-0.398803],[-50.754399,-0.39841],[-50.754635,-0.398014],[-50.754878,-0.397617],[-50.755129,-0.397217],[-50.755388,-0.396815],[-50.755654,-0.396411],[-50.755938,-0.39599],[-50.75623,-0.395567],[-50.756531,-0.395141],[-50.756841,-0.394712],[-50.75716,-0.394279],[-50.757488,-0.393843],[-50.757825,-0.393403],[-50.758172,-0.392959],[-50.758542,-0.392493],[-50.758923,-0.392023],[-50.759326,-0.391533],[-50.7597,-0.391087],[-50.759995,-0.390745],[-50.760298,-0.390403],[-50.760609,-0.39006],[-50.760929,-0.389716],[-50.761186,-0.389446],[-50.761448,-0.389175],[-50.761716,-0.388903],[-50.76199,-0.388631],[-50.762269,-0.388357],[-50.762555,-0.388083],[-50.762847,-0.387806],[-50.763145,-0.387529],[-50.763449,-0.38725],[-50.76376,-0.386968],[-50.764079,-0.386685],[-50.764405,-0.386399],[-50.764739,-0.386109],[-50.765082,-0.385816],[-50.765434,-0.385519],[-50.765796,-0.385217],[-50.766187,-0.384896],[-50.766591,-0.384566],[-50.76701,-0.384229],[-50.767448,-0.38388],[-50.767903,-0.38352],[-50.768384,-0.383143],[-50.769466,-0.382305],[-50.771159,-0.381006],[-50.771888,-0.380454],[-50.772361,-0.380101],[-50.772838,-0.379749],[-50.773316,-0.3794],[-50.773797,-0.379054],[-50.774203,-0.378763],[-50.774611,-0.378475],[-50.775021,-0.378188],[-50.775432,-0.377903],[-50.775844,-0.37762],[-50.776258,-0.377339],[-50.776674,-0.377059],[-50.77709,-0.376782],[-50.777508,-0.376506],[-50.777928,-0.376232],[-50.778348,-0.37596],[-50.77877,-0.37569],[-50.779193,-0.375422],[-50.779617,-0.375155],[-50.780042,-0.374891],[-50.780469,-0.374629],[-50.780896,-0.374369],[-50.781325,-0.374111],[-50.781754,-0.373855],[-50.782185,-0.373601],[-50.782616,-0.373349],[-50.783048,-0.373099],[-50.783482,-0.372852],[-50.783916,-0.372606],[-50.78435,-0.372363],[-50.784786,-0.372122],[-50.785222,-0.371883],[-50.785659,-0.371646],[-50.786097,-0.371412],[-50.786535,-0.37118],[-50.787414,-0.370723],[-50.78786,-0.370494],[-50.788307,-0.370268],[-50.788757,-0.370044],[-50.789207,-0.369821],[-50.78966,-0.3696],[-50.790114,-0.369381],[-50.790569,-0.369164],[-50.791026,-0.368949],[-50.791484,-0.368736],[-50.791943,-0.368525],[-50.792404,-0.368316],[-50.792866,-0.368109],[-50.793329,-0.367904],[-50.793794,-0.367701],[-50.794259,-0.3675],[-50.794726,-0.367301],[-50.795193,-0.367104],[-50.795662,-0.366909],[-50.796132,-0.366717],[-50.796602,-0.366526],[-50.797073,-0.366338],[-50.797546,-0.366152],[-50.798019,-0.365968],[-50.798493,-0.365786],[-50.798967,-0.365607],[-50.799442,-0.36543],[-50.799918,-0.365255],[-50.800394,-0.365082],[-50.800871,-0.364912],[-50.801348,-0.364744],[-50.802305,-0.364415],[-50.803371,-0.364058],[-50.804423,-0.363716],[-50.805461,-0.363388],[-50.805975,-0.36323],[-50.806486,-0.363075],[-50.806994,-0.362923],[-50.807499,-0.362775],[-50.808001,-0.36263],[-50.808501,-0.362489],[-50.808997,-0.362351],[-50.809491,-0.362217],[-50.809982,-0.362085],[-50.810471,-0.361958],[-50.810957,-0.361833],[-50.811441,-0.361712],[-50.811923,-0.361594],[-50.812402,-0.361479],[-50.812879,-0.361368],[-50.813353,-0.36126],[-50.813825,-0.361155],[-50.814295,-0.361054],[-50.814763,-0.360955],[-50.815229,-0.36086],[-50.815692,-0.360768],[-50.816154,-0.36068],[-50.816613,-0.360595],[-50.81707,-0.360513],[-50.817525,-0.360434],[-50.817979,-0.360358],[-50.818401,-0.36029],[-50.818741,-0.360238],[-50.819116,-0.360182],[-50.819494,-0.360128],[-50.819879,-0.360076],[-50.820269,-0.360025],[-50.820664,-0.359977],[-50.821063,-0.35993],[-50.821467,-0.359884],[-50.821877,-0.35984],[-50.822293,-0.359799],[-50.822714,-0.359758],[-50.823575,-0.359682],[-50.824465,-0.359612],[-50.82535,-0.359551],[-50.826271,-0.359494],[-50.827236,-0.359442],[-50.828257,-0.359393],[-50.829315,-0.359349],[-50.830482,-0.359306],[-50.833107,-0.359221],[-50.833555,-0.359207],[-50.834333,-0.359189],[-50.835121,-0.359176],[-50.835918,-0.359168],[-50.836727,-0.359166],[-50.837546,-0.359168],[-50.838379,-0.359176],[-50.839224,-0.359189],[-50.840084,-0.359208],[-50.840956,-0.359232],[-50.841846,-0.359261],[-50.842754,-0.359295],[-50.843683,-0.359335],[-50.844635,-0.35938],[-50.845614,-0.359431],[-50.846624,-0.359488],[-50.847671,-0.359551],[-50.849693,-0.359684],[-50.851953,-0.359844],[-50.85404,-0.36],[-50.858767,-0.360362],[-50.861382,-0.360557],[-50.862277,-0.36063],[-50.863188,-0.360712],[-50.864116,-0.360802],[-50.865063,-0.360902],[-50.865831,-0.360988],[-50.866613,-0.36108],[-50.867412,-0.361178],[-50.868228,-0.361282],[-50.869063,-0.361392],[-50.86992,-0.36151],[-50.870803,-0.361635],[-50.871717,-0.361768],[-50.873477,-0.362034],[-50.875424,-0.36234],[-50.877415,-0.36266],[-50.881254,-0.363288],[-50.882834,-0.363545],[-50.884479,-0.363807],[-50.885955,-0.364037],[-50.887649,-0.364292],[-50.889232,-0.364518],[-50.889992,-0.364623],[-50.890734,-0.364722],[-50.89146,-0.364816],[-50.892171,-0.364905],[-50.893047,-0.36501],[-50.893905,-0.365107],[-50.894746,-0.365197],[-50.895572,-0.36528],[-50.896384,-0.365357],[-50.897184,-0.365426],[-50.897972,-0.365488],[-50.898748,-0.365544],[-50.899516,-0.365594],[-50.900274,-0.365636],[-50.901023,-0.365672],[-50.901763,-0.365702],[-50.902495,-0.365725],[-50.90322,-0.365741],[-50.903938,-0.365751],[-50.904649,-0.365755],[-50.905307,-0.365752],[-50.90596,-0.365743],[-50.907534,-0.365713],[-50.910915,-0.365653],[-50.912689,-0.365615],[-50.913948,-0.365582],[-50.915108,-0.365544],[-50.916201,-0.365501],[-50.91724,-0.365451],[-50.917795,-0.365422],[-50.918337,-0.36539],[-50.91887,-0.365356],[-50.919392,-0.36532],[-50.919905,-0.365281],[-50.920409,-0.365241],[-50.920906,-0.365198],[-50.921395,-0.365153],[-50.921878,-0.365105],[-50.922354,-0.365055],[-50.922823,-0.365003],[-50.923287,-0.364948],[-50.923745,-0.36489],[-50.924197,-0.36483],[-50.924644,-0.364768],[-50.925085,-0.364702],[-50.925596,-0.364623],[-50.926101,-0.364539],[-50.926599,-0.364452],[-50.927091,-0.364362],[-50.927577,-0.364267],[-50.928058,-0.364169],[-50.928533,-0.364067],[-50.929003,-0.363961],[-50.929356,-0.363877],[-50.929707,-0.363792],[-50.930054,-0.363704],[-50.930399,-0.363615],[-50.930716,-0.363529],[-50.931031,-0.363442],[-50.931318,-0.36336],[-50.931697,-0.363248],[-50.931903,-0.36319],[-50.932184,-0.363114],[-50.932483,-0.363037],[-50.932841,-0.362949],[-50.933242,-0.362853],[-50.934744,-0.36251],[-50.935367,-0.362363],[-50.9357,-0.362281],[-50.936009,-0.362202],[-50.9363,-0.362124],[-50.936577,-0.362047],[-50.936872,-0.36196],[-50.937154,-0.361872],[-50.937424,-0.361782],[-50.937682,-0.361691],[-50.937931,-0.361598],[-50.938171,-0.361502],[-50.938401,-0.361404],[-50.938623,-0.361304],[-50.938838,-0.3612],[-50.939045,-0.361093],[-50.939244,-0.360983],[-50.939435,-0.36087],[-50.93962,-0.360753],[-50.939797,-0.360633],[-50.939968,-0.36051],[-50.940131,-0.360382],[-50.940266,-0.360271],[-50.940396,-0.360156],[-50.940521,-0.360039],[-50.940641,-0.359918],[-50.940758,-0.359794],[-50.940883,-0.359653],[-50.941005,-0.359507],[-50.941125,-0.359356],[-50.941247,-0.359196],[-50.941367,-0.359029],[-50.941487,-0.358855],[-50.941605,-0.358675],[-50.941723,-0.358489],[-50.941839,-0.358296],[-50.941954,-0.358097],[-50.942068,-0.357891],[-50.942194,-0.357654],[-50.942319,-0.357408],[-50.942442,-0.357155],[-50.942565,-0.356893],[-50.942686,-0.356623],[-50.942805,-0.356344],[-50.942924,-0.356057],[-50.943042,-0.355761],[-50.943148,-0.355483],[-50.943253,-0.355202],[-50.943308,-0.355042],[-50.94336,-0.354879],[-50.943416,-0.354684],[-50.943468,-0.354487],[-50.943514,-0.354285],[-50.943555,-0.354081],[-50.943581,-0.353931],[-50.943605,-0.35378],[-50.943627,-0.353626],[-50.943645,-0.353471],[-50.943662,-0.353313],[-50.943675,-0.353153],[-50.943687,-0.35299],[-50.943695,-0.352825],[-50.943701,-0.352658],[-50.943705,-0.352488],[-50.943706,-0.352315],[-50.943705,-0.352138],[-50.943701,-0.351959],[-50.943695,-0.351776],[-50.943686,-0.351589],[-50.943675,-0.351398],[-50.943649,-0.351053],[-50.943615,-0.350691],[-50.943573,-0.35031],[-50.943522,-0.349901],[-50.94347,-0.349522],[-50.943409,-0.3491],[-50.94317,-0.347563],[-50.943077,-0.346934],[-50.943031,-0.346597],[-50.94299,-0.346283],[-50.942955,-0.345985],[-50.942924,-0.3457],[-50.942893,-0.345363],[-50.942868,-0.34504],[-50.94285,-0.344728],[-50.942838,-0.344427],[-50.942833,-0.344134],[-50.942834,-0.343849],[-50.942841,-0.343571],[-50.942855,-0.343299],[-50.942869,-0.343117],[-50.942885,-0.342937],[-50.942905,-0.342759],[-50.942927,-0.342584],[-50.942951,-0.342422],[-50.942994,-0.342159],[-50.943091,-0.341607],[-50.943144,-0.341319],[-50.9432,-0.341033],[-50.943257,-0.34075],[-50.943316,-0.340469],[-50.943377,-0.340191],[-50.943439,-0.339916],[-50.943504,-0.339643],[-50.94357,-0.339373],[-50.943633,-0.339125],[-50.943697,-0.338879],[-50.943763,-0.338635],[-50.94383,-0.338394],[-50.943899,-0.338156],[-50.94397,-0.33792],[-50.944042,-0.337686],[-50.944115,-0.337455],[-50.944189,-0.337229],[-50.944265,-0.337005],[-50.944335,-0.336804],[-50.944407,-0.336603],[-50.944484,-0.336397],[-50.944564,-0.336189],[-50.944646,-0.335981],[-50.944732,-0.335771],[-50.94483,-0.335538],[-50.944931,-0.335303],[-50.945036,-0.335066],[-50.945145,-0.334828],[-50.945258,-0.334588],[-50.945374,-0.334347],[-50.945495,-0.334103],[-50.945619,-0.333858],[-50.945747,-0.33361],[-50.945879,-0.33336],[-50.946015,-0.333107],[-50.946156,-0.332851],[-50.946301,-0.332592],[-50.94645,-0.332329],[-50.946605,-0.332063],[-50.946765,-0.331792],[-50.946938,-0.331502],[-50.947118,-0.331206],[-50.947305,-0.330904],[-50.9475,-0.330592],[-50.947703,-0.330272],[-50.947916,-0.329941],[-50.948381,-0.329227],[-50.948726,-0.328706],[-50.949139,-0.328085],[-50.949407,-0.327689],[-50.949606,-0.327401],[-50.949808,-0.327112],[-50.950014,-0.326822],[-50.950223,-0.326532],[-50.950597,-0.326026],[-50.950981,-0.325517],[-50.951378,-0.325005],[-50.951786,-0.324491],[-50.952205,-0.323973],[-50.952638,-0.323451],[-50.953082,-0.322926],[-50.95354,-0.322396],[-50.954024,-0.321847],[-50.954523,-0.321292],[-50.955037,-0.32073],[-50.955568,-0.32016],[-50.956156,-0.31954],[-50.956763,-0.31891],[-50.957195,-0.318472],[-50.957638,-0.318033],[-50.957964,-0.317718],[-50.958297,-0.317402],[-50.958635,-0.317085],[-50.95898,-0.316768],[-50.959331,-0.31645],[-50.959689,-0.316131],[-50.960054,-0.315811],[-50.960426,-0.31549],[-50.960805,-0.315167],[-50.961192,-0.314843],[-50.961587,-0.314516],[-50.961991,-0.314187],[-50.962404,-0.313855],[-50.962827,-0.313519],[-50.96326,-0.313179],[-50.963704,-0.312835],[-50.964127,-0.31251],[-50.964563,-0.312179],[-50.965011,-0.311842],[-50.965473,-0.311498],[-50.96595,-0.311146],[-50.966446,-0.310783],[-50.967509,-0.310013],[-50.968245,-0.309486],[-50.969068,-0.3089],[-50.97245,-0.306506],[-50.972784,-0.306271],[-50.973122,-0.306037],[-50.973463,-0.305802],[-50.973809,-0.305567],[-50.974184,-0.305315],[-50.974564,-0.305061],[-50.97495,-0.304807],[-50.975341,-0.304553],[-50.975737,-0.304297],[-50.976139,-0.30404],[-50.976962,-0.303522],[-50.977811,-0.302998],[-50.978691,-0.302464],[-50.979605,-0.301919],[-50.98056,-0.301359],[-50.981359,-0.300896],[-50.982196,-0.300417],[-50.98308,-0.299916],[-50.984028,-0.299383],[-50.985788,-0.298403],[-50.988875,-0.296697],[-50.990023,-0.29606],[-50.991157,-0.295429],[-50.992177,-0.294855],[-50.993241,-0.294251],[-50.994238,-0.293678],[-50.995185,-0.293126],[-50.996089,-0.292591],[-50.996848,-0.292136],[-50.997583,-0.291688],[-50.998296,-0.291247],[-50.998991,-0.29081],[-51.000276,-0.289991],[-51.001588,-0.289148],[-51.002896,-0.288302],[-51.004206,-0.287448],[-51.00591,-0.286328],[-51.007617,-0.285196],[-51.009328,-0.284051],[-51.011043,-0.282893],[-51.012761,-0.281723],[-51.014483,-0.280539],[-51.016209,-0.279343],[-51.017939,-0.278134],[-51.019182,-0.27726],[-51.020426,-0.276379],[-51.021672,-0.275491],[-51.022921,-0.274596],[-51.025198,-0.272951],[-51.028137,-0.270809],[-51.02961,-0.269748],[-51.031545,-0.268371],[-51.035706,-0.265433],[-51.037521,-0.264144],[-51.03851,-0.263436],[-51.039431,-0.262773],[-51.040302,-0.26214],[-51.041132,-0.261531],[-51.04204,-0.260858],[-51.042911,-0.260204],[-51.04375,-0.259566],[-51.044561,-0.258941],[-51.045348,-0.258326],[-51.046111,-0.257719],[-51.046854,-0.25712],[-51.047576,-0.256527],[-51.048284,-0.255937],[-51.04863,-0.255643],[-51.048973,-0.255351],[-51.049312,-0.255059],[-51.049646,-0.254768],[-51.049977,-0.254478],[-51.050304,-0.254188],[-51.050627,-0.253899],[-51.050946,-0.253611],[-51.051262,-0.253322],[-51.051574,-0.253034],[-51.051883,-0.252747],[-51.052188,-0.252459],[-51.05249,-0.252172],[-51.052789,-0.251885],[-51.053082,-0.2516],[-51.053371,-0.251315],[-51.053658,-0.251031],[-51.053942,-0.250746],[-51.054418,-0.25026],[-51.055174,-0.249475],[-51.055683,-0.248954],[-51.056258,-0.248373],[-51.057627,-0.247002],[-51.058298,-0.246321],[-51.058789,-0.245814],[-51.059236,-0.245344],[-51.05965,-0.244897],[-51.059846,-0.24468],[-51.060037,-0.244468],[-51.060282,-0.244189],[-51.060517,-0.243916],[-51.060744,-0.243647],[-51.060963,-0.243382],[-51.061173,-0.243119],[-51.061377,-0.242859],[-51.061573,-0.242602],[-51.061762,-0.242346],[-51.061945,-0.242092],[-51.062122,-0.241839],[-51.062292,-0.241588],[-51.062455,-0.241337],[-51.062613,-0.241088],[-51.062764,-0.240839],[-51.062909,-0.24059],[-51.063049,-0.240342],[-51.063185,-0.24009],[-51.06332,-0.23983],[-51.063451,-0.239566],[-51.063579,-0.239295],[-51.063705,-0.23902],[-51.063828,-0.238738],[-51.063948,-0.23845],[-51.064066,-0.238156],[-51.064181,-0.237856],[-51.064294,-0.237549],[-51.064405,-0.237234],[-51.064514,-0.236913],[-51.064621,-0.236583],[-51.064727,-0.236245],[-51.064831,-0.235897],[-51.064933,-0.23554],[-51.065021,-0.235225],[-51.065108,-0.234901],[-51.065194,-0.234567],[-51.065281,-0.234223],[-51.065368,-0.233866],[-51.065456,-0.233495],[-51.065546,-0.233107],[-51.065638,-0.232696],[-51.06586,-0.231677],[-51.066337,-0.229426],[-51.066651,-0.227985],[-51.066724,-0.227633],[-51.066795,-0.22728],[-51.066864,-0.226924],[-51.066932,-0.226566],[-51.067002,-0.226184],[-51.067069,-0.225799],[-51.067135,-0.225411],[-51.067198,-0.225021],[-51.06726,-0.224627],[-51.067319,-0.22423],[-51.067377,-0.223831],[-51.067432,-0.223428],[-51.067486,-0.223021],[-51.067538,-0.222612],[-51.067588,-0.222198],[-51.067636,-0.221782],[-51.067682,-0.221361],[-51.067726,-0.220936],[-51.067769,-0.220508],[-51.067809,-0.220075],[-51.067885,-0.2192],[-51.067953,-0.218305],[-51.068015,-0.217391],[-51.06807,-0.216453],[-51.068118,-0.215491],[-51.068159,-0.214499],[-51.068195,-0.213475],[-51.068224,-0.212411],[-51.068246,-0.211417],[-51.068262,-0.210375],[-51.068275,-0.209275],[-51.068284,-0.208092],[-51.06829,-0.206069],[-51.06829,-0.202593],[-51.068291,-0.201338],[-51.068295,-0.199999],[-51.068306,-0.198437],[-51.068305,-0.197503],[-51.068299,-0.196774],[-51.068287,-0.196035],[-51.068271,-0.195288],[-51.068249,-0.19453],[-51.068222,-0.193763],[-51.06819,-0.192984],[-51.068153,-0.192193],[-51.068111,-0.19139],[-51.068061,-0.19052],[-51.068004,-0.189633],[-51.067941,-0.188727],[-51.067872,-0.187798],[-51.067797,-0.186845],[-51.067714,-0.185864],[-51.067625,-0.18485],[-51.067527,-0.183795],[-51.067352,-0.181988],[-51.067146,-0.179976],[-51.066942,-0.178043],[-51.066437,-0.173333],[-51.066182,-0.170884],[-51.066058,-0.169644],[-51.065945,-0.16848],[-51.065842,-0.167372],[-51.065748,-0.166309],[-51.065652,-0.165173],[-51.065565,-0.164075],[-51.065488,-0.163009],[-51.065418,-0.161972],[-51.065357,-0.160958],[-51.065303,-0.159967],[-51.065257,-0.158995],[-51.065219,-0.158041],[-51.065194,-0.157265],[-51.065173,-0.1565],[-51.065158,-0.155744],[-51.065148,-0.154997],[-51.065144,-0.154265],[-51.065142,-0.152974],[-51.065137,-0.152091],[-51.065124,-0.151003],[-51.065089,-0.148388],[-51.065076,-0.147056],[-51.065074,-0.146366],[-51.065075,-0.145719],[-51.065079,-0.145104],[-51.065086,-0.144515],[-51.065095,-0.144041],[-51.065106,-0.143581],[-51.06512,-0.143131],[-51.065136,-0.142692],[-51.065155,-0.142262],[-51.065176,-0.14184],[-51.0652,-0.141426],[-51.065227,-0.141019],[-51.065256,-0.140618],[-51.065288,-0.140223],[-51.065323,-0.139834],[-51.065361,-0.139451],[-51.065401,-0.139073],[-51.065444,-0.138699],[-51.06549,-0.138331],[-51.065539,-0.137967],[-51.065618,-0.137425],[-51.065715,-0.136806],[-51.065813,-0.136209],[-51.065916,-0.135613],[-51.066024,-0.135023],[-51.066136,-0.134436],[-51.066252,-0.133851],[-51.066374,-0.133268],[-51.0665,-0.13269],[-51.06663,-0.132114],[-51.066765,-0.131541],[-51.066905,-0.130971],[-51.067049,-0.130405],[-51.067197,-0.129842],[-51.06735,-0.129282],[-51.067507,-0.128727],[-51.067669,-0.128172],[-51.067836,-0.127622],[-51.068007,-0.127076],[-51.068182,-0.126534],[-51.068362,-0.125997],[-51.068545,-0.125464],[-51.068733,-0.124937],[-51.068924,-0.124414],[-51.069118,-0.123901],[-51.069316,-0.123393],[-51.069506,-0.122919],[-51.069701,-0.122449],[-51.069904,-0.121972],[-51.070115,-0.121493],[-51.070333,-0.121013],[-51.070558,-0.12053],[-51.070782,-0.120064],[-51.071012,-0.119595],[-51.071249,-0.119124],[-51.071492,-0.118651],[-51.071743,-0.118175],[-51.072,-0.117697],[-51.072265,-0.117216],[-51.072536,-0.116733],[-51.072815,-0.116246],[-51.073101,-0.115756],[-51.073395,-0.115263],[-51.073696,-0.114767],[-51.074004,-0.114266],[-51.074321,-0.113762],[-51.074646,-0.113253],[-51.074978,-0.112739],[-51.075285,-0.112272],[-51.075599,-0.1118],[-51.075921,-0.111324],[-51.07625,-0.110842],[-51.076587,-0.110355],[-51.076932,-0.109861],[-51.077286,-0.109361],[-51.077649,-0.108853],[-51.078083,-0.108253],[-51.078531,-0.107641],[-51.079698,-0.106067],[-51.081107,-0.10415],[-51.081708,-0.103341],[-51.082235,-0.102643],[-51.082514,-0.10228],[-51.082783,-0.101933],[-51.083044,-0.1016],[-51.083299,-0.10128],[-51.08355,-0.10097],[-51.083796,-0.10067],[-51.084039,-0.10038],[-51.084279,-0.100097],[-51.084517,-0.099822],[-51.084754,-0.099554],[-51.084988,-0.099293],[-51.085221,-0.099039],[-51.085452,-0.098792],[-51.085683,-0.098551],[-51.085913,-0.098316],[-51.086142,-0.098087],[-51.08636,-0.097874],[-51.086578,-0.097666],[-51.086796,-0.097463],[-51.087014,-0.097264],[-51.087232,-0.097071],[-51.087449,-0.096883],[-51.087667,-0.096699],[-51.087885,-0.096519],[-51.088062,-0.096378],[-51.088239,-0.096239],[-51.088416,-0.096104],[-51.088594,-0.095971],[-51.089397,-0.095386],[-51.08974,-0.09514],[-51.09006,-0.094912],[-51.090404,-0.094672],[-51.090732,-0.094445],[-51.091049,-0.094231],[-51.091357,-0.094027],[-51.091657,-0.093833],[-51.09195,-0.093647],[-51.092237,-0.093469],[-51.092519,-0.093299],[-51.092798,-0.093136],[-51.093072,-0.092981],[-51.093343,-0.092832],[-51.093609,-0.09269],[-51.093873,-0.092555],[-51.094133,-0.092427],[-51.09439,-0.092306],[-51.094644,-0.092191],[-51.094898,-0.092081],[-51.09515,-0.091978],[-51.095399,-0.091881],[-51.095646,-0.091791],[-51.09589,-0.091707],[-51.096133,-0.09163],[-51.096373,-0.091559],[-51.096611,-0.091495],[-51.096847,-0.091436],[-51.097082,-0.091385],[-51.097315,-0.091339],[-51.097546,-0.0913],[-51.097764,-0.091269],[-51.097985,-0.091243],[-51.098211,-0.091223],[-51.098441,-0.091208],[-51.098627,-0.091201],[-51.098816,-0.091196],[-51.099009,-0.091195],[-51.099205,-0.091198],[-51.099404,-0.091204],[-51.099607,-0.091213],[-51.099813,-0.091226],[-51.100024,-0.091242],[-51.100239,-0.091262],[-51.100458,-0.091285],[-51.100682,-0.091312],[-51.100912,-0.091342],[-51.101148,-0.091376],[-51.101391,-0.091414],[-51.101642,-0.091456],[-51.101903,-0.091502],[-51.102361,-0.091588],[-51.102865,-0.091689],[-51.103418,-0.091806],[-51.104597,-0.092063],[-51.105107,-0.092172],[-51.105646,-0.092282],[-51.106362,-0.09242],[-51.106606,-0.092471],[-51.106851,-0.092525],[-51.107106,-0.092585],[-51.107362,-0.092648],[-51.10762,-0.092715],[-51.10788,-0.092786],[-51.108141,-0.092861],[-51.108405,-0.092939],[-51.108671,-0.093021],[-51.108939,-0.093107],[-51.109363,-0.093249],[-51.109794,-0.093401],[-51.110232,-0.093563],[-51.11068,-0.093735],[-51.111138,-0.093919],[-51.111608,-0.094114],[-51.112093,-0.094322],[-51.112595,-0.094544],[-51.113019,-0.094735],[-51.11346,-0.094939],[-51.113924,-0.095157],[-51.11442,-0.095394],[-51.115344,-0.095842],[-51.116993,-0.096652],[-51.117623,-0.09696],[-51.118257,-0.097267],[-51.118829,-0.097539],[-51.119451,-0.097829],[-51.120036,-0.098094],[-51.120593,-0.09834],[-51.121129,-0.098568],[-51.12143,-0.098693],[-51.121725,-0.098812],[-51.122016,-0.098927],[-51.122303,-0.099037],[-51.122586,-0.099143],[-51.122865,-0.099244],[-51.12314,-0.099341],[-51.123413,-0.099434],[-51.123683,-0.099523],[-51.123951,-0.099609],[-51.124216,-0.09969],[-51.124479,-0.099767],[-51.12474,-0.09984],[-51.124998,-0.09991],[-51.125255,-0.099976],[-51.12551,-0.100038],[-51.125806,-0.100106],[-51.126099,-0.100168],[-51.12639,-0.100226],[-51.12668,-0.100279],[-51.126967,-0.100327],[-51.127254,-0.10037],[-51.127538,-0.100408],[-51.127822,-0.100441],[-51.128006,-0.10046],[-51.128189,-0.100477],[-51.128915,-0.100533],[-51.130117,-0.100643],[-51.130397,-0.100666],[-51.130649,-0.100685],[-51.130986,-0.100707],[-51.131297,-0.10072],[-51.131589,-0.100727],[-51.131867,-0.100728],[-51.132093,-0.100722],[-51.132312,-0.100712],[-51.132524,-0.100697],[-51.132729,-0.100676],[-51.132928,-0.10065],[-51.133122,-0.100619],[-51.13331,-0.100583],[-51.133494,-0.100542],[-51.133696,-0.100489],[-51.1339,-0.10043],[-51.134108,-0.100364],[-51.134319,-0.10029],[-51.134533,-0.100209],[-51.13475,-0.10012],[-51.134972,-0.100024],[-51.135199,-0.09992],[-51.135455,-0.099796],[-51.135718,-0.099661],[-51.135991,-0.099515],[-51.136274,-0.099358],[-51.13657,-0.099186],[-51.136885,-0.098998],[-51.137255,-0.098771],[-51.137589,-0.098561],[-51.137804,-0.09842],[-51.138019,-0.098273],[-51.138233,-0.098121],[-51.138447,-0.097964],[-51.138661,-0.097801],[-51.138875,-0.097632],[-51.139089,-0.097458],[-51.139302,-0.097279],[-51.139534,-0.097077],[-51.139767,-0.096869],[-51.139999,-0.096654],[-51.140231,-0.096432],[-51.140463,-0.096204],[-51.140695,-0.095969],[-51.140928,-0.095726],[-51.141161,-0.095477],[-51.141395,-0.095221],[-51.141628,-0.094958],[-51.141863,-0.094687],[-51.142099,-0.094408],[-51.142335,-0.094122],[-51.142573,-0.093827],[-51.142813,-0.093524],[-51.143055,-0.093212],[-51.143321,-0.092861],[-51.143514,-0.0926],[-51.143684,-0.092359],[-51.143851,-0.092108],[-51.14403,-0.091828],[-51.144207,-0.091535],[-51.144382,-0.091229],[-51.144558,-0.090908],[-51.144722,-0.090596],[-51.144888,-0.090268],[-51.145057,-0.089919],[-51.145233,-0.089545],[-51.145397,-0.089187],[-51.145576,-0.088787],[-51.146231,-0.087292],[-51.146507,-0.086674],[-51.146659,-0.086342],[-51.146804,-0.086033],[-51.146943,-0.085742],[-51.14708,-0.085466],[-51.147223,-0.085187],[-51.147365,-0.084919],[-51.147506,-0.084662],[-51.147647,-0.084415],[-51.14788,-0.084021],[-51.148149,-0.083576],[-51.148412,-0.083146],[-51.148677,-0.082718],[-51.149042,-0.082141],[-51.149412,-0.081568],[-51.149787,-0.080998],[-51.150168,-0.080432],[-51.150553,-0.079869],[-51.150944,-0.07931],[-51.15134,-0.078755],[-51.151741,-0.078203],[-51.152148,-0.077654],[-51.152559,-0.077109],[-51.152976,-0.076568],[-51.153398,-0.07603],[-51.153825,-0.075495],[-51.154257,-0.074965],[-51.154694,-0.074437],[-51.155137,-0.073914],[-51.155463,-0.073533],[-51.155793,-0.073155],[-51.156125,-0.072778],[-51.15646,-0.072403],[-51.156798,-0.07203],[-51.157138,-0.071659],[-51.157482,-0.07129],[-51.157828,-0.070923],[-51.158177,-0.070557],[-51.158528,-0.070194],[-51.158883,-0.069832],[-51.15924,-0.069473],[-51.1596,-0.069115],[-51.159962,-0.068759],[-51.160328,-0.068405],[-51.160696,-0.068053],[-51.161067,-0.067703],[-51.161441,-0.067354],[-51.161817,-0.067008],[-51.162196,-0.066663],[-51.162578,-0.066321],[-51.162963,-0.06598],[-51.163351,-0.065641],[-51.163741,-0.065304],[-51.164134,-0.064969],[-51.16453,-0.064636],[-51.164929,-0.064305],[-51.16533,-0.063975],[-51.165734,-0.063648],[-51.166141,-0.063322],[-51.166551,-0.062998],[-51.166963,-0.062676]]]}},
{"type":"Feature","properties":{"IDHIDROVIA":200002682,"NOME":"Hidrovia do Solimões","NAVEGACAO":"Navegação Interior","TIPO":"Rio","VEL_CIONAL":10.0,"EXTENSAO":33.125702158000003,"TEMPO":"0d 3h 18min","CLA_ICACAO":"Navegável","NOME_RIO":"Rio Solimões","NOM_ECLUSA":null,"JURISDICAO":"AHIMOC","REG_RAFICA":"Região Hidrográfica Amazônica","PRO_DE_MIN":6.0,"PRO_DE_MAX":10.0,"DOMINIO":"União","OBSERVACAO":"Confluência com o rio Negro _AM_ até Tabatinga _AM_.","SNV":"Sim","FONTE":"LabTrans/Antaq","IDM_ORIGEM":"BR130185","MUN_ORIGEM":"Iranduba","EST_ORIGEM":"AM","IDM_ESTINO":"BR130250","MUN_ESTINO":"Manacapuru","EST_ESTINO":"AM","IDANTAQ":2,"CAMADA_SIM":"142","FLUXO":901867.2},"geometry":{"type":"MultiLineString","coordinates":[[[-60.464226,-3.335853],[-60.457396,-3.335692],[-60.441283,-3.32672],[-60.425719,-3.315184],[-60.414488,-3.304503],[-60.392271,-3.299376],[-60.375487,-3.294493],[-60.353575,-3.289977],[-60.324278,-3.284911],[-60.305418,-3.279601],[-60.283507,-3.269896],[-60.263304,-3.26599],[-60.245116,-3.262877],[-60.23297,-3.26599],[-60.223998,-3.270079],[-60.209227,-3.284178],[-60.196288,-3.297118],[-60.194724,-3.298156]]]}},
{"type":"Feature","properties":{"IDHIDROVIA":200002683,"NOME":"Hidrovia do Amazonas","NAVEGACAO":"Navegação Interior","TIPO":"Rio","VEL_CIONAL":25.0,"EXTENSAO":66.083733287200005,"TEMPO":"0d 2h 38min","CLA_ICACAO":"Navegável","NOME_RIO":"Rio Amazonas","NOM_ECLUSA":null,"JURISDICAO":"AHIMOR","REG_RAFICA":"Região Hidrográfica Amazônica","PRO_DE_MIN":5.0,"PRO_DE_MAX":7.5,"DOMINIO":"União","OBSERVACAO":"Foz no oceano Atlântico _PA_ até a confluência dos rios Negro e Solimões.","SNV":"Sim","FONTE":"LabTrans/Antaq","IDM_ORIGEM":"BR150600","MUN_ORIGEM":"Prainha","EST_ORIGEM":"PA","IDM_ESTINO":"BR150480","MUN_ESTINO":"Monte Alegre","EST_ESTINO":"PA","IDANTAQ":1,"CAMADA_SIM":"143","FLUXO":12307037.6},"geometry":{"type":"MultiLineString","coordinates":[[[-54.004312,-2.050884],[-54.000609,-2.044981],[-53.991209,-2.031493],[-53.980101,-2.020506],[-53.962828,-2.00598],[-53.944518,-1.992125],[-53.927794,-1.98181],[-53.895079,-1.969176],[-53.876707,-1.964903],[-53.849608,-1.957213],[-53.825987,-1.946471],[-53.812621,-1.938902],[-53.80078,-1.930296],[-53.787596,-1.920897],[-53.775389,-1.913512],[-53.755003,-1.901793],[-53.734984,-1.894408],[-53.714598,-1.888976],[-53.685728,-1.884825],[-53.656981,-1.886168],[-53.647398,-1.887206],[-53.634581,-1.887694],[-53.615782,-1.884398],[-53.604002,-1.882201],[-53.594481,-1.877928],[-53.582091,-1.872374],[-53.563414,-1.862791],[-53.531798,-1.850401],[-53.503416,-1.832884],[-53.487975,-1.823485],[-53.475707,-1.817381]]]}},
{"type":"Feature","properties":{"IDHIDROVIA":200002698,"NOME":"Hidrovia do Amazonas","NAVEGACAO":"Navegação Interior","TIPO":"Rio","VEL_CIONAL":7.0,"EXTENSAO":54.1637749275,"TEMPO":"0d 7h 44min","CLA_ICACAO":"Navegação inexpressiva","NOME_RIO":"Rio Xingu","NOM_ECLUSA":null,"JURISDICAO":"AHIMOR","REG_RAFICA":"Região Hidrográfica Amazônica","PRO_DE_MIN":3.0,"PRO_DE_MAX":6.0,"DOMINIO":"União","OBSERVACAO":"Foz no rio Amazonas _AM_ até PK 1522.","SNV":"Sim","FONTE":"LabTrans/ANA/Antaq","IDM_ORIGEM":"BR150780","MUN_ORIGEM":"Senador José Porfírio","EST_ORIGEM":"PA","IDM_ESTINO":"BR150085","MUN_ESTINO":"Anapu","EST_ESTINO":"PA","IDANTAQ":1,"CAMADA_SIM":"144","FLUXO":24685.3},"geometry":{"type":"MultiLineString","coordinates":[[[-51.609205,-3.157511],[-51.609007,-3.15692],[-51.608702,-3.155516],[-51.608275,-3.154173],[-51.606993,-3.152586],[-51.605894,-3.151183],[-51.604979,-3.149596],[-51.604308,-3.148375],[-51.60388,-3.146727],[-51.603697,-3.145506],[-51.604186,-3.145018],[-51.605406,-3.144774],[-51.606505,-3.144469],[-51.607481,-3.144225],[-51.608092,-3.143614],[-51.607909,-3.143004],[-51.607481,-3.142027],[-51.607298,-3.141478],[-51.607176,-3.140685],[-51.606688,-3.140013],[-51.606383,-3.138976],[-51.606322,-3.138121],[-51.6062,-3.137206],[-51.606383,-3.136473],[-51.606688,-3.135802],[-51.607603,-3.135008],[-51.613402,-3.131712],[-51.618285,-3.12921],[-51.621886,-3.127074],[-51.622984,-3.126097],[-51.62451,-3.125426],[-51.626585,-3.1239],[-51.628478,-3.123595],[-51.630186,-3.123106],[-51.632079,-3.121519],[-51.632811,-3.120421],[-51.632201,-3.119017],[-51.631407,-3.117491],[-51.630919,-3.116698],[-51.630675,-3.115477],[-51.630675,-3.114928],[-51.631102,-3.114378],[-51.632079,-3.114195],[-51.632994,-3.114195],[-51.634093,-3.114073],[-51.635008,-3.114073],[-51.636107,-3.113707],[-51.636778,-3.113402],[-51.637816,-3.113402],[-51.638792,-3.113524],[-51.640318,-3.113402],[-51.64099,-3.113585],[-51.641478,-3.114195],[-51.642394,-3.114317],[-51.643492,-3.1145],[-51.644774,-3.114806],[-51.645689,-3.114989],[-51.646727,-3.115172],[-51.647887,-3.115416],[-51.64868,-3.115294],[-51.64929,-3.115477],[-51.650206,-3.115904],[-51.650877,-3.116515],[-51.651183,-3.117979],[-51.651305,-3.118712],[-51.651305,-3.119505],[-51.651488,-3.120299],[-51.651915,-3.121581],[-51.652892,-3.121886],[-51.653624,-3.121703],[-51.654723,-3.121703],[-51.655577,-3.121886],[-51.656004,-3.122374],[-51.656676,-3.123412],[-51.65692,-3.124083],[-51.657591,-3.124693],[-51.658324,-3.125426],[-51.6593,-3.125975],[-51.660399,-3.126707],[-51.660887,-3.127501],[-51.661192,-3.128478],[-51.66162,-3.128905],[-51.662474,-3.128783],[-51.663573,-3.128722],[-51.664915,-3.129027],[-51.666197,-3.129576],[-51.667113,-3.12982],[-51.668883,-3.130003],[-51.671873,-3.129881],[-51.67401,-3.129576],[-51.676573,-3.129271],[-51.679686,-3.128111],[-51.682494,-3.126891],[-51.686278,-3.125975],[-51.689696,-3.125609],[-51.693785,-3.125304],[-51.697691,-3.124876],[-51.700987,-3.124388],[-51.704283,-3.123595],[-51.707884,-3.123106],[-51.710875,-3.121886],[-51.714903,-3.1192],[-51.717589,-3.116087],[-51.719603,-3.110472],[-51.723692,-3.108275],[-51.728087,-3.106627],[-51.734496,-3.105284],[-51.741576,-3.104369],[-51.748412,-3.105406],[-51.756102,-3.106993],[-51.763487,-3.107603],[-51.77429,-3.10742],[-51.782286,-3.1062],[-51.789305,-3.102599],[-51.798277,-3.097411],[-51.804869,-3.092101],[-51.81317,-3.084715],[-51.817992,-3.077818],[-51.821288,-3.069579],[-51.823668,-3.059081],[-51.828307,-3.046507],[-51.832518,-3.0343],[-51.836119,-3.026183],[-51.841795,-3.014891],[-51.848326,-3.004515],[-51.85388,-2.997984],[-51.863097,-2.983397],[-51.869811,-2.973998],[-51.876402,-2.960326],[-51.882079,-2.950499],[-51.888976,-2.940978],[-51.893919,-2.931273],[-51.898924,-2.92401],[-51.904295,-2.916686],[-51.908324,-2.911498],[-51.91638,-2.903685],[-51.921227,-2.897896]]]}},
{"type":"Feature","properties":{"IDHIDROVIA":200002751,"NOME":"Hidrovia do Amazonas","NAVEGACAO":"Navegação Interior","TIPO":"Rio","VEL_CIONAL":25.0,"EXTENSAO":56.1493075753,"TEMPO":"0d 2h 14min","CLA_ICACAO":"Navegação inexpressiva","NOME_RIO":"Rio Jacaré","NOM_ECLUSA":null,"JURISDICAO":"AHIMOR","REG_RAFICA":"Região Hidrográfica Amazônica","PRO_DE_MIN":1.8,"PRO_DE_MAX":2.0,"DOMINIO":null,"OBSERVACAO":null,"SNV":"Não","FONTE":"LabTrans/Antaq","IDM_ORIGEM":"BR150030","MUN_ORIGEM":"Afuá","EST_ORIGEM":"PA","IDM_ESTINO":"BR150180","MUN_ESTINO":"Breves","EST_ESTINO":"PA","IDANTAQ":1,"CAMADA_SIM":"145","FLUXO":11332919.5},"geometry":{"type":"MultiLineString","coordinates":[[[-50.808107,-1.017648],[-50.808557,-0.982465],[-50.802622,-0.910532],[-50.801621,-0.86708],[-50.784226,-0.806506],[-50.781787,-0.790509],[-50.782835,-0.758473],[-50.79127,-0.687142],[-50.790868,-0.663931],[-50.788511,-0.643266],[-50.780622,-0.61612],[-50.753652,-0.565702],[-50.740759,-0.548608],[-50.723873,-0.533095]]]}},
{"type":"Feature","properties":{"IDHIDROVIA":200002752,"NOME":"Hidrovia do Amazonas","NAVEGACAO":"Navegação Interior","TIPO":"Rio","VEL_CIONAL":25.0,"EXTENSAO":32.438772937300001,"TEMPO":"0d 1h 17min","CLA_ICACAO":"Navegável","NOME_RIO":"Rio de Breves","NOM_ECLUSA":null,"JURISDICAO":"AHIMOR","REG_RAFICA":"Região Hidrográfica Amazônica","PRO_DE_MIN":1.8,"PRO_DE_MAX":2.0,"DOMINIO":null,"OBSERVACAO":null,"SNV":"Não","FONTE":"LabTrans/Antaq","IDM_ORIGEM":"BR150180","MUN_ORIGEM":"Breves","EST_ORIGEM":"PA","IDM_ESTINO":"BR150110","MUN_ESTINO":"Bagre","EST_ESTINO":"PA","IDANTAQ":1,"CAMADA_SIM":"146","FLUXO":11359096.4},"geometry":{"type":"MultiLineString","coordinates":[[[-50.278013,-1.809812],[-50.291808,-1.802],[-50.29791,-1.797911],[-50.309569,-1.793517],[-50.319884,-1.790586],[-50.337705,-1.787107],[-50.350217,-1.783506],[-50.36041,-1.780089],[-50.369199,-1.775084],[-50.376218,-1.772704],[-50.384703,-1.769713],[-50.390379,-1.769773],[-50.39929,-1.770688],[-50.406126,-1.773192],[-50.414793,-1.773314],[-50.420225,-1.772092],[-50.425168,-1.771482],[-50.430478,-1.771482],[-50.436582,-1.770995],[-50.445005,-1.767087],[-50.449277,-1.761595],[-50.453184,-1.755675],[-50.456296,-1.74719],[-50.457273,-1.742674],[-50.458494,-1.734801],[-50.458677,-1.728209],[-50.458373,-1.722777],[-50.458373,-1.715513],[-50.46002,-1.709897],[-50.462522,-1.705381],[-50.466673,-1.700925],[-50.471494,-1.698301],[-50.476377,-1.696409],[-50.4801,-1.695189],[-50.483396,-1.693907],[-50.486997,-1.69171],[-50.490293,-1.689084],[-50.492368,-1.686399],[-50.493285,-1.68408],[-50.493895,-1.682493],[-50.495482,-1.680112],[-50.497495,-1.678404],[-50.499205,-1.67639],[-50.499876,-1.675475]]]}},
{"type":"Feature","properties":{"IDHIDROVIA":200002753,"NOME":"Hidrovia do Amazonas","NAVEGACAO":"Navegação Interior","TIPO":"Rio","VEL_CIONAL":25.0,"EXTENSAO":35.790036310600001,"TEMPO":"0d 1h 25min","CLA_ICACAO":"Navegação inexpressiva","NOME_RIO":"Rio Companhia","NOM_ECLUSA":null,"JURISDICAO":"AHIMOR","REG_RAFICA":"Região Hidrográfica Amazônica","PRO_DE_MIN":1.8,"PRO_DE_MAX":2.0,"DOMINIO":null,"OBSERVACAO":null,"SNV":"Não","FONTE":"LabTrans/Antaq","IDM_ORIGEM":"BR150180","MUN_ORIGEM":"Breves","EST_ORIGEM":"PA","IDM_ESTINO":"BR150180","MUN_ESTINO":"Breves","EST_ESTINO":"PA","IDANTAQ":1,"CAMADA_SIM":"147","FLUXO":11332919.5},"geometry":{"type":"MultiLineString","coordinates":[[[-50.805085,-1.31399],[-50.805024,-1.313921],[-50.792797,-1.300228],[-50.785882,-1.283154],[-50.779262,-1.238236],[-50.766867,-1.202032],[-50.765125,-1.178613],[-50.769794,-1.153123],[-50.787488,-1.108889],[-50.798911,-1.087517],[-50.816629,-1.065906],[-50.821703,-1.055122],[-50.822761,-1.046089],[-50.821253,-1.037095],[-50.812361,-1.025902],[-50.808107,-1.017648]]]}},
{"type":"Feature","properties":{"IDHIDROVIA":200002754,"NOME":"Hidrovia do Amazonas","NAVEGACAO":"Navegação Interior","TIPO":"Rio","VEL_CIONAL":25.0,"EXTENSAO":18.057876654600001,"TEMPO":"0d 0h 43min","CLA_ICACAO":"Navegável","NOME_RIO":"Rio de Breves","NOM_ECLUSA":null,"JURISDICAO":"AHIMOR","REG_RAFICA":"Região Hidrográfica Amazônica","PRO_DE_MIN":1.8,"PRO_DE_MAX":2.0,"DOMINIO":null,"OBSERVACAO":null,"SNV":"Não","FONTE":"LabTrans/Antaq","IDM_ORIGEM":"BR150180","MUN_ORIGEM":"Breves","EST_ORIGEM":"PA","IDM_ESTINO":"BR150180","MUN_ESTINO":"Breves","EST_ESTINO":"PA","IDANTAQ":1,"CAMADA_SIM":"148","FLUXO":11332919.5},"geometry":{"type":"MultiLineString","coordinates":[[[-50.499876,-1.675475],[-50.520307,-1.668908],[-50.528126,-1.664322],[-50.532727,-1.659634],[-50.537813,-1.6485],[-50.543362,-1.619393],[-50.547589,-1.607555],[-50.554028,-1.598236],[-50.568221,-1.589582],[-50.575102,-1.582246],[-50.583973,-1.567379],[-50.589629,-1.552278]]]}},
{"type":"Feature","properties":{"IDHIDROVIA":200002755,"NOME":"Hidrovia do Amazonas","NAVEGACAO":"Navegação Interior","TIPO":"Rio","VEL_CIONAL":25.0,"EXTENSAO":38.447355639599998,"TEMPO":"0d 1h 32min","CLA_ICACAO":"Navegável","NOME_RIO":"Rio Jaburu","NOM_ECLUSA":null,"JURISDICAO":"AHIMOR","REG_RAFICA":"Região Hidrográfica Amazônica","PRO_DE_MIN":1.8,"PRO_DE_MAX":2.0,"DOMINIO":null,"OBSERVACAO":null,"SNV":"Não","FONTE":"LabTrans/Antaq","IDM_ORIGEM":"BR150180","MUN_ORIGEM":"Breves","EST_ORIGEM":"PA","IDM_ESTINO":"BR150180","MUN_ESTINO":"Breves","EST_ESTINO":"PA","IDANTAQ":1,"CAMADA_SIM":"149","FLUXO":11332919.5},"geometry":{"type":"MultiLineString","coordinates":[[[-50.589629,-1.552278],[-50.606704,-1.538048],[-50.621881,-1.524767],[-50.634405,-1.517242],[-50.64918,-1.508718],[-50.659978,-1.496783],[-50.668503,-1.483713],[-50.673617,-1.469505],[-50.673617,-1.458707],[-50.671911,-1.450183],[-50.665092,-1.437113],[-50.663387,-1.426314],[-50.663387,-1.412676],[-50.663955,-1.408698],[-50.665092,-1.405855],[-50.671343,-1.401877],[-50.679299,-1.395626],[-50.683278,-1.395059],[-50.683278,-1.403583],[-50.68271,-1.40813],[-50.68612,-1.411539],[-50.690666,-1.409265],[-50.69919,-1.405855],[-50.708283,-1.402446],[-50.712262,-1.401877],[-50.717376,-1.401877],[-50.727606,-1.403014],[-50.73272,-1.398468],[-50.734425,-1.395059],[-50.738402,-1.386533],[-50.746358,-1.38426],[-50.754883,-1.379715],[-50.759999,-1.37744],[-50.767955,-1.379715],[-50.7725,-1.384829],[-50.779888,-1.386533],[-50.790117,-1.383124]]]}},
{"type":"Feature","properties":{"IDHIDROVIA":200002756,"NOME":"Hidrovia do Uruguai","NAVEGACAO":"Navegação Interior","TIPO":"Rio","VEL_CIONAL":10.0,"EXTENSAO":15.5899218384,"TEMPO":"0d 1h 33min","CLA_ICACAO":"Navegável","NOME_RIO":"Rio Uruguai","NOM_ECLUSA":null,"JURISDICAO":null,"REG_RAFICA":null,"PRO_DE_MIN":1.0,"PRO_DE_MAX":3.5,"DOMINIO":null,"OBSERVACAO":null,"SNV":"Não","FONTE":"LabTrans/Antaq","IDM_ORIGEM":null,"MUN_ORIGEM":null,"EST_ORIGEM":null,"IDM_ESTINO":null,"MUN_ESTINO":null,"EST_ESTINO":null,"IDANTAQ":0,"CAMADA_SIM":"150","FLUXO":1324234.0},"geometry":{"type":"MultiLineString","coordinates":[[[-58.436331,-33.884379],[-58.435606,-33.885985],[-58.430724,-33.893797],[-58.426085,-33.900999],[-58.424193,-33.905882],[-58.421996,-33.913817],[-58.419615,-33.920775],[-58.415587,-33.928709],[-58.409422,-33.938475],[-58.407103,-33.944212],[-58.403807,-33.951109],[-58.400511,-33.958678],[-58.39691,-33.96942],[-58.392821,-33.980589],[-58.387022,-33.991209],[-58.382811,-33.998717],[-58.376707,-34.006285],[-58.370486,-34.012748]]]}},
{"type":"Feature","properties":{"IDHIDROVIA":200002758,"NOME":"Hidrovia Paraguai - Paraná","NAVEGACAO":"Navegação Interior","TIPO":"Rio","VEL_CIONAL":7.0,"EXTENSAO":14.950844829799999,"TEMPO":"0d 2h 8min","CLA_ICACAO":"Navegável","NOME_RIO":"Rio Paraná","NOM_ECLUSA":null,"JURISDICAO":null,"REG_RAFICA":null,"PRO_DE_MIN":3.0,"PRO_DE_MAX":6.0,"DOMINIO":null,"OBSERVACAO":null,"SNV":"Não","FONTE":"LabTrans/Antaq","IDM_ORIGEM":null,"MUN_ORIGEM":null,"EST_ORIGEM":null,"IDM_ESTINO":null,"MUN_ESTINO":null,"EST_ESTINO":null,"IDANTAQ":4,"CAMADA_SIM":"151","FLUXO":4483553.0},"geometry":{"type":"MultiLineString","coordinates":[[[-60.149674,-33.356528],[-60.149137,-33.356621],[-60.145006,-33.35753],[-60.140205,-33.359109],[-60.129238,-33.363057],[-60.119167,-33.36709],[-60.111459,-33.370818],[-60.103597,-33.376484],[-60.099585,-33.380824],[-60.095266,-33.385444],[-60.091539,-33.389658],[-60.087685,-33.393348],[-60.083335,-33.398613],[-60.079229,-33.403655],[-60.075452,-33.409106],[-60.072533,-33.415875],[-60.069188,-33.422785],[-60.066052,-33.426715],[-60.062906,-33.430485],[-60.059609,-33.433831],[-60.056916,-33.436456],[-60.048758,-33.44356],[-60.04022,-33.448747]]]}},
{"type":"Feature","properties":{"IDHIDROVIA":200002759,"NOME":"Hidrovia Paraguai - Paraná","NAVEGACAO":"Navegação Interior","TIPO":"Rio","VEL_CIONAL":7.0,"EXTENSAO":93.343179497199998,"TEMPO":"0d 13h 20min","CLA_ICACAO":"Navegável","NOME_RIO":"Rio Paraná","NOM_ECLUSA":null,"JURISDICAO":null,"REG_RAFICA":null,"PRO_DE_MIN":3.0,"PRO_DE_MAX":6.0,"DOMINIO":null,"OBSERVACAO":null,"SNV":"Não","FONTE":"LabTrans/Antaq","IDM_ORIGEM":null,"MUN_ORIGEM":null,"EST_ORIGEM":null,"IDM_ESTINO":null,"MUN_ESTINO":null,"EST_ESTINO":null,"IDANTAQ":4,"CAMADA_SIM":"152","FLUXO":5525044.0},"geometry":{"type":"MultiLineString","coordinates":[[[-60.716916,-32.771986],[-60.714619,-32.775834],[-60.712008,-32.780912],[-60.706565,-32.789424],[-60.702843,-32.793333],[-60.698212,-32.801778],[-60.697408,-32.805704],[-60.69658,-32.811435],[-60.696442,-32.815276],[-60.696747,-32.823109],[-60.696253,-32.827162],[-60.695798,-32.830735],[-60.694309,-32.836651],[-60.693473,-32.840602],[-60.692408,-32.844087],[-60.690875,-32.849284],[-60.689148,-32.854052],[-60.687922,-32.857093],[-60.686547,-32.859915],[-60.685378,-32.861864],[-60.683977,-32.86543],[-60.683103,-32.867638],[-60.682398,-32.872095],[-60.682435,-32.876069],[-60.682675,-32.879499],[-60.681938,-32.883476],[-60.680923,-32.886142],[-60.679784,-32.888982],[-60.67775,-32.893801],[-60.676671,-32.896525],[-60.674662,-32.901336],[-60.672806,-32.903981],[-60.669603,-32.907999],[-60.666779,-32.910741],[-60.663282,-32.914261],[-60.6607,-32.917133],[-60.65805,-32.920009],[-60.650984,-32.925624],[-60.647021,-32.928442],[-60.639377,-32.932922],[-60.632849,-32.936694],[-60.628009,-32.940324],[-60.623205,-32.944839],[-60.618495,-32.949266],[-60.615412,-32.953876],[-60.612789,-32.958356],[-60.61135,-32.961293],[-60.609906,-32.964709],[-60.608903,-32.968495],[-60.60796,-32.972989],[-60.607701,-32.979372],[-60.607758,-32.984868],[-60.607799,-32.988185],[-60.607707,-32.991242],[-60.607058,-32.993221],[-60.605862,-32.997064],[-60.603707,-33.001332],[-60.601545,-33.004615],[-60.599061,-33.007956],[-60.596228,-33.011426],[-60.593329,-33.015128],[-60.589966,-33.018895],[-60.586747,-33.022795],[-60.5827,-33.026466],[-60.579867,-33.029041],[-60.576369,-33.031941],[-60.57204,-33.036069],[-60.568132,-33.040486],[-60.563944,-33.045159],[-60.56139,-33.048295],[-60.557924,-33.053452],[-60.555205,-33.057054],[-60.551655,-33.060802],[-60.546994,-33.064461],[-60.541958,-33.066873],[-60.536289,-33.070232],[-60.53287,-33.073128],[-60.528632,-33.076891],[-60.525015,-33.081103],[-60.522588,-33.084578],[-60.519893,-33.089352],[-60.515833,-33.096773],[-60.512788,-33.103086],[-60.510791,-33.10691],[-60.508534,-33.110998],[-60.507089,-33.114409],[-60.505047,-33.117936],[-60.502746,-33.121799],[-60.500419,-33.124672],[-60.49778,-33.127374],[-60.495014,-33.130142],[-60.491913,-33.131967],[-60.488713,-33.133498],[-60.485393,-33.134873],[-60.482223,-33.136581],[-60.477602,-33.139615],[-60.473779,-33.141768],[-60.470747,-33.143395],[-60.466231,-33.145897],[-60.461198,-33.14872],[-60.458158,-33.150348],[-60.454373,-33.151741],[-60.449906,-33.153753],[-60.445508,-33.155382],[-60.439904,-33.158347],[-60.43417,-33.162392],[-60.428054,-33.166506],[-60.419974,-33.171075],[-60.411746,-33.174852],[-60.405199,-33.179305],[-60.399293,-33.183785],[-60.393231,-33.18666],[-60.384425,-33.188732],[-60.380055,-33.188905],[-60.374473,-33.187839],[-60.369755,-33.186147],[-60.364985,-33.183971],[-60.362347,-33.182733],[-60.3571,-33.180739],[-60.350151,-33.179296],[-60.340983,-33.178316],[-60.328975,-33.1782],[-60.318854,-33.178794],[-60.312306,-33.179911],[-60.304864,-33.182245],[-60.299103,-33.185963],[-60.294162,-33.189433],[-60.289038,-33.194777],[-60.286077,-33.200372],[-60.284572,-33.204459],[-60.284703,-33.210102],[-60.286025,-33.21424],[-60.288202,-33.218721],[-60.291914,-33.224224],[-60.294052,-33.228008],[-60.295513,-33.231173],[-60.296443,-33.235165],[-60.295967,-33.239266],[-60.294203,-33.242182],[-60.289674,-33.245045],[-60.283847,-33.248417],[-60.280241,-33.250545],[-60.274152,-33.25422],[-60.266859,-33.25821],[-60.259193,-33.26243],[-60.249009,-33.267607],[-60.233359,-33.275462],[-60.215282,-33.285505],[-60.204659,-33.292146],[-60.198583,-33.296855],[-60.193555,-33.30242],[-60.190565,-33.30651],[-60.187098,-33.312663],[-60.182991,-33.318845],[-60.180103,-33.322446],[-60.176871,-33.326813],[-60.174747,-33.330278],[-60.171812,-33.336208],[-60.170347,-33.33997],[-60.169621,-33.341984],[-60.169158,-33.344097],[-60.168204,-33.346657],[-60.166394,-33.350003],[-60.164207,-33.352342],[-60.161361,-33.354384],[-60.158444,-33.355139],[-60.154679,-33.355658],[-60.149674,-33.356528]]]}},
{"type":"Feature","properties":{"IDHIDROVIA":200002760,"NOME":"Hidrovia Paraguai - Paraná","NAVEGACAO":"Navegação Interior","TIPO":"Rio","VEL_CIONAL":7.0,"EXTENSAO":92.486550903199998,"TEMPO":"0d 13h 12min","CLA_ICACAO":"Navegável","NOME_RIO":"Rio Paraguai","NOM_ECLUSA":null,"JURISDICAO":null,"REG_RAFICA":null,"PRO_DE_MIN":2.5,"PRO_DE_MAX":5.0,"DOMINIO":null,"OBSERVACAO":null,"SNV":"Não","FONTE":"LabTrans/Antaq","IDM_ORIGEM":null,"MUN_ORIGEM":null,"EST_ORIGEM":null,"IDM_ESTINO":null,"MUN_ESTINO":null,"EST_ESTINO":null,"IDANTAQ":4,"CAMADA_SIM":"153","FLUXO":7153384.0},"geometry":{"type":"MultiLineString","coordinates":[[[-58.324368,-26.866511],[-58.324434,-26.866586],[-58.328544,-26.869723],[-58.331983,-26.871238],[-58.338281,-26.871877],[-58.342429,-26.871716],[-58.346796,-26.870664],[-58.351225,-26.869492],[-58.356275,-26.86753],[-58.360624,-26.866067],[-58.36314,-26.86491],[-58.366404,-26.864194],[-58.370367,-26.864276],[-58.373751,-26.867217],[-58.375309,-26.869392],[-58.376483,-26.872108],[-58.376919,-26.874931],[-58.376805,-26.876942],[-58.376953,-26.879965],[-58.378039,-26.883065],[-58.379593,-26.886185],[-58.38097,-26.888289],[-58.383309,-26.890962],[-58.389257,-26.894527],[-58.394045,-26.896081],[-58.4,-26.898007],[-58.409122,-26.902238],[-58.413858,-26.904437],[-58.419801,-26.907839],[-58.423689,-26.910034],[-58.441642,-26.92064],[-58.447408,-26.923859],[-58.456578,-26.92844],[-58.462569,-26.93021],[-58.469832,-26.931288],[-58.475055,-26.93127],[-58.47891,-26.931079],[-58.482436,-26.930257],[-58.487241,-26.928666],[-58.489671,-26.927281],[-58.491385,-26.925888],[-58.493569,-26.924552],[-58.495267,-26.923689],[-58.497563,-26.923749],[-58.499468,-26.924468],[-58.502094,-26.927696],[-58.501971,-26.92948],[-58.501279,-26.93178],[-58.49864,-26.934195],[-58.495943,-26.937451],[-58.493277,-26.941041],[-58.491648,-26.944135],[-58.488993,-26.948784],[-58.48619,-26.953891],[-58.483836,-26.958642],[-58.480501,-26.963319],[-58.477118,-26.968764],[-58.473757,-26.973781],[-58.471462,-26.977166],[-58.470459,-26.980046],[-58.469534,-26.987026],[-58.46925,-26.98984],[-58.469608,-26.994467],[-58.4709,-26.998202],[-58.472499,-27.000449],[-58.475541,-27.002638],[-58.478605,-27.002706],[-58.482728,-27.001709],[-58.487034,-27.000288],[-58.490836,-26.998131],[-58.492994,-26.997098],[-58.497296,-26.995942],[-58.502742,-26.996066],[-58.509658,-26.997532],[-58.514461,-26.999547],[-58.516958,-27.001038],[-58.518782,-27.003502],[-58.519621,-27.005816],[-58.520062,-27.00868],[-58.519475,-27.011354],[-58.518123,-27.01405],[-58.516889,-27.016561],[-58.515316,-27.019085],[-58.513191,-27.021631],[-58.510839,-27.023884],[-58.508637,-27.025752],[-58.5067,-27.028636],[-58.504313,-27.032089],[-58.502789,-27.035595],[-58.501109,-27.040243],[-58.500063,-27.043958],[-58.499799,-27.045483],[-58.499894,-27.049077],[-58.500418,-27.051896],[-58.501186,-27.053645],[-58.504229,-27.057484],[-58.505626,-27.059056],[-58.507399,-27.0605],[-58.509884,-27.061726],[-58.513461,-27.062681],[-58.516007,-27.06258],[-58.517718,-27.061944],[-58.519272,-27.060708],[-58.519807,-27.05868],[-58.519909,-27.056479],[-58.519363,-27.054078],[-58.518482,-27.050933],[-58.518351,-27.048325],[-58.518717,-27.045471],[-58.520789,-27.041866],[-58.522329,-27.040366],[-58.526198,-27.037627],[-58.528603,-27.036432],[-58.53097,-27.035315],[-58.533813,-27.034368],[-58.538928,-27.033784],[-58.546786,-27.033923],[-58.551308,-27.034234],[-58.556142,-27.035667],[-58.557976,-27.036616],[-58.561112,-27.039974],[-58.562059,-27.041867],[-58.562307,-27.045075],[-58.561245,-27.047617],[-58.559858,-27.050437],[-58.558131,-27.052438],[-58.556205,-27.055544],[-58.555155,-27.058313],[-58.554221,-27.062527],[-58.554306,-27.065894],[-58.554862,-27.070984],[-58.555182,-27.075622],[-58.555702,-27.079161],[-58.556756,-27.085684],[-58.557002,-27.088854],[-58.556933,-27.09253],[-58.556466,-27.095058],[-58.555934,-27.097162],[-58.555289,-27.099535],[-58.554401,-27.102146],[-58.554323,-27.103967],[-58.555176,-27.108197],[-58.556042,-27.109336],[-58.557876,-27.111117],[-58.55964,-27.111501],[-58.562947,-27.111292],[-58.565716,-27.110537],[-58.569183,-27.109262],[-58.574767,-27.108241],[-58.578222,-27.108405],[-58.582226,-27.108509],[-58.588713,-27.108965],[-58.597125,-27.110405],[-58.601942,-27.110589],[-58.608159,-27.110861],[-58.615639,-27.111542],[-58.624782,-27.113442],[-58.631216,-27.115301],[-58.640589,-27.11969],[-58.645941,-27.123638],[-58.65132,-27.129804],[-58.654093,-27.134879],[-58.6564,-27.140833],[-58.657459,-27.144842],[-58.659938,-27.15411],[-58.661006,-27.158308],[-58.662603,-27.164501],[-58.66341,-27.167763],[-58.664347,-27.172907],[-58.664418,-27.1751],[-58.664105,-27.178104],[-58.663595,-27.180587],[-58.662672,-27.183313],[-58.66061,-27.187724],[-58.657537,-27.190879],[-58.655202,-27.19264],[-58.651298,-27.195375],[-58.647935,-27.197027],[-58.643591,-27.198643],[-58.636792,-27.200762],[-58.631032,-27.203003],[-58.62547,-27.204972],[-58.619661,-27.207102],[-58.613407,-27.209902],[-58.608272,-27.212723],[-58.604036,-27.21566],[-58.598955,-27.219916],[-58.595239,-27.22302],[-58.592671,-27.226115],[-58.591819,-27.227777],[-58.591522,-27.229456],[-58.591597,-27.231762],[-58.591883,-27.234023],[-58.59274,-27.236639],[-58.593816,-27.23936],[-58.59414,-27.243187],[-58.594235,-27.245038],[-58.594217,-27.248863],[-58.594146,-27.251631],[-58.594055,-27.25402],[-58.593948,-27.25776],[-58.594082,-27.260367],[-58.594897,-27.263818],[-58.596232,-27.267437],[-58.598717,-27.271881],[-58.601379,-27.274768],[-58.605281,-27.278586],[-58.607392,-27.28153],[-58.608098,-27.283683],[-58.608195,-27.285572],[-58.607861,-27.287365],[-58.607827,-27.289184],[-58.608551,-27.290573],[-58.610615,-27.29261],[-58.612813,-27.294755],[-58.615373,-27.298135]]]}},
{"type":"Feature","properties":{"IDHIDROVIA":200002761,"NOME":"Hidrovia Paraguai - Paraná","NAVEGACAO":"Navegação Interior","TIPO":"Rio","VEL_CIONAL":7.0,"EXTENSAO":25.169769523199999,"TEMPO":"0d 3h 35min","CLA_ICACAO":"Navegável","NOME_RIO":"Rio Paraguai","NOM_ECLUSA":null,"JURISDICAO":null,"REG_RAFICA":null,"PRO_DE_MIN":2.5,"PRO_DE_MAX":5.0,"DOMINIO":null,"OBSERVACAO":null,"SNV":"Não","FONTE":"LabTrans/Antaq","IDM_ORIGEM":null,"MUN_ORIGEM":null,"EST_ORIGEM":null,"IDM_ESTINO":null,"MUN_ESTINO":null,"EST_ESTINO":null,"IDANTAQ":4,"CAMADA_SIM":"154","FLUXO":7153384.0},"geometry":{"type":"MultiLineString","coordinates":[[[-57.511897,-25.098648],[-57.512116,-25.09871],[-57.516541,-25.101064],[-57.519058,-25.103346],[-57.522945,-25.108117],[-57.525094,-25.110576],[-57.528211,-25.114124],[-57.530283,-25.116951],[-57.532996,-25.120991],[-57.534627,-25.124534],[-57.536907,-25.130769],[-57.53841,-25.135882],[-57.539217,-25.139889],[-57.541068,-25.145863],[-57.542279,-25.150878],[-57.541999,-25.154223],[-57.541351,-25.1568],[-57.540507,-25.15961],[-57.539641,-25.161669],[-57.538269,-25.164184],[-57.537218,-25.166931],[-57.536274,-25.169279],[-57.535922,-25.171091],[-57.535916,-25.172921],[-57.536645,-25.175204],[-57.540348,-25.179542],[-57.544447,-25.18253],[-57.548474,-25.186237],[-57.552534,-25.188379],[-57.558006,-25.195236],[-57.564386,-25.203106],[-57.573788,-25.214266],[-57.578917,-25.219959],[-57.582904,-25.225693],[-57.586399,-25.230008],[-57.588632,-25.235149],[-57.592299,-25.240111],[-57.597634,-25.243581],[-57.606576,-25.247058],[-57.615396,-25.251062],[-57.624319,-25.254019],[-57.635578,-25.259783],[-57.645944,-25.266208],[-57.648061,-25.267417]]]}},
{"type":"Feature","properties":{"IDHIDROVIA":200002762,"NOME":"Hidrovia Paraguai - Paraná","NAVEGACAO":"Navegação Interior","TIPO":"Rio","VEL_CIONAL":7.0,"EXTENSAO":94.519267029299996,"TEMPO":"0d 13h 30min","CLA_ICACAO":"Navegável","NOME_RIO":"Rio Paraná","NOM_ECLUSA":null,"JURISDICAO":null,"REG_RAFICA":null,"PRO_DE_MIN":3.0,"PRO_DE_MAX":6.0,"DOMINIO":null,"OBSERVACAO":null,"SNV":"Não","FONTE":"LabTrans/Antaq","IDM_ORIGEM":null,"MUN_ORIGEM":null,"EST_ORIGEM":null,"IDM_ESTINO":null,"MUN_ESTINO":null,"EST_ESTINO":null,"IDANTAQ":4,"CAMADA_SIM":"155","FLUXO":1324234.0},"geometry":{"type":"MultiLineString","coordinates":[[[-60.04022,-33.448747],[-60.039154,-33.449395],[-60.029002,-33.454887],[-60.015192,-33.461194],[-60.006448,-33.466296],[-60.001127,-33.469083],[-59.995911,-33.470295],[-59.990064,-33.470509],[-59.984152,-33.470725],[-59.977493,-33.470217],[-59.96997,-33.469107],[-59.963072,-33.468929],[-59.955643,-33.469682],[-59.948472,-33.470863],[-59.941309,-33.473002],[-59.935852,-33.474542],[-59.930929,-33.476439],[-59.927495,-33.478497],[-59.92558,-33.48007],[-59.923643,-33.482449],[-59.921459,-33.486287],[-59.918081,-33.491558],[-59.912903,-33.496042],[-59.907528,-33.500381],[-59.903441,-33.503535],[-59.899286,-33.506639],[-59.894037,-33.509781],[-59.888679,-33.512068],[-59.882744,-33.51443],[-59.872277,-33.517697],[-59.862601,-33.519976],[-59.856096,-33.521283],[-59.847156,-33.522289],[-59.840513,-33.523384],[-59.835263,-33.525289],[-59.831709,-33.527617],[-59.828162,-33.530106],[-59.821921,-33.53528],[-59.816789,-33.539543],[-59.813987,-33.542758],[-59.81006,-33.549579],[-59.807958,-33.556422],[-59.806723,-33.562587],[-59.807084,-33.571006],[-59.80847,-33.576757],[-59.809697,-33.581885],[-59.809894,-33.584509],[-59.809227,-33.589151],[-59.807024,-33.591484],[-59.803739,-33.594124],[-59.800745,-33.596109],[-59.796516,-33.598504],[-59.791175,-33.601268],[-59.787587,-33.603005],[-59.783911,-33.604515],[-59.777516,-33.606832],[-59.770114,-33.608379],[-59.760558,-33.609409],[-59.752353,-33.609104],[-59.74333,-33.607536],[-59.73532,-33.605933],[-59.727974,-33.604737],[-59.72153,-33.603939],[-59.714128,-33.604193],[-59.707367,-33.60566],[-59.7019,-33.607244],[-59.69257,-33.609765],[-59.685046,-33.611472],[-59.67965,-33.613213],[-59.673365,-33.615254],[-59.667594,-33.617651],[-59.660814,-33.621425],[-59.656316,-33.624217],[-59.652265,-33.627093],[-59.647662,-33.630578],[-59.6409,-33.636068],[-59.6375,-33.640425],[-59.63472,-33.646964],[-59.632829,-33.654045],[-59.632033,-33.658905],[-59.632215,-33.664],[-59.632212,-33.667921],[-59.631264,-33.673565],[-59.62921,-33.677769],[-59.626353,-33.681409],[-59.622577,-33.684704],[-59.619352,-33.68739],[-59.613129,-33.690821],[-59.608902,-33.692842],[-59.604417,-33.694872],[-59.598684,-33.695118],[-59.594289,-33.693654],[-59.593358,-33.693094],[-59.589399,-33.68995],[-59.583004,-33.68377],[-59.577719,-33.678522],[-59.572112,-33.671942],[-59.568595,-33.667226],[-59.560813,-33.657335],[-59.554549,-33.650454],[-59.548191,-33.644674],[-59.540546,-33.638536],[-59.531157,-33.63369],[-59.52284,-33.631062],[-59.514752,-33.631167],[-59.506385,-33.63289],[-59.498007,-33.635794],[-59.493761,-33.638779],[-59.488525,-33.642118],[-59.482675,-33.646657],[-59.479093,-33.651445],[-59.475952,-33.6574],[-59.47446,-33.663939],[-59.473562,-33.670948],[-59.472244,-33.683754],[-59.47112,-33.691468],[-59.4692,-33.697329],[-59.46742,-33.702059],[-59.462091,-33.711599],[-59.456465,-33.716936],[-59.452497,-33.720447],[-59.44477,-33.726783],[-59.438359,-33.729137],[-59.430278,-33.731705],[-59.417783,-33.733824],[-59.402145,-33.735771],[-59.391392,-33.73649],[-59.378181,-33.735939],[-59.367575,-33.735577],[-59.356649,-33.733881],[-59.3442,-33.732391],[-59.334045,-33.732011],[-59.318555,-33.730238],[-59.307075,-33.729092],[-59.290729,-33.727164]]]}},
{"type":"Feature","properties":{"IDHIDROVIA":200002763,"NOME":"Hidrovia Paraguai - Paraná","NAVEGACAO":"Navegação Interior","TIPO":"Rio","VEL_CIONAL":7.0,"EXTENSAO":51.728683274700003,"TEMPO":"0d 7h 23min","CLA_ICACAO":"Navegável","NOME_RIO":"Rio Paraná","NOM_ECLUSA":null,"JURISDICAO":null,"REG_RAFICA":null,"PRO_DE_MIN":3.0,"PRO_DE_MAX":6.0,"DOMINIO":null,"OBSERVACAO":null,"SNV":"Não","FONTE":"LabTrans/Antaq","IDM_ORIGEM":null,"MUN_ORIGEM":null,"EST_ORIGEM":null,"IDM_ESTINO":null,"MUN_ESTINO":null,"EST_ESTINO":null,"IDANTAQ":4,"CAMADA_SIM":"156","FLUXO":1324234.0},"geometry":{"type":"MultiLineString","coordinates":[[[-59.290729,-33.727164],[-59.284709,-33.726454],[-59.276274,-33.725426],[-59.270963,-33.725052],[-59.264323,-33.725256],[-59.2579,-33.72599],[-59.250744,-33.727658],[-59.245715,-33.729261],[-59.24129,-33.731383],[-59.238724,-33.733233],[-59.236481,-33.735073],[-59.235044,-33.737641],[-59.235176,-33.740644],[-59.236771,-33.744623],[-59.239364,-33.750684],[-59.242013,-33.755113],[-59.244058,-33.759025],[-59.246525,-33.763692],[-59.248709,-33.767813],[-59.250167,-33.771581],[-59.251028,-33.774991],[-59.25283,-33.782124],[-59.254462,-33.788356],[-59.254338,-33.791386],[-59.253739,-33.796827],[-59.247487,-33.804481],[-59.242621,-33.80863],[-59.235729,-33.812062],[-59.23063,-33.813667],[-59.225884,-33.814509],[-59.215796,-33.814386],[-59.210458,-33.812958],[-59.202629,-33.811262],[-59.19419,-33.808885],[-59.189295,-33.807368],[-59.18498,-33.806209],[-59.181341,-33.805727],[-59.177036,-33.806286],[-59.172816,-33.807325],[-59.169449,-33.810164],[-59.166487,-33.813421],[-59.161693,-33.820821],[-59.157869,-33.826572],[-59.152615,-33.832515],[-59.148699,-33.837624],[-59.144899,-33.840958],[-59.139028,-33.84575],[-59.129931,-33.849241],[-59.122704,-33.849803],[-59.114634,-33.849026],[-59.107393,-33.847467],[-59.099531,-33.845013],[-59.092938,-33.842501],[-59.083335,-33.838593],[-59.07699,-33.836846],[-59.070938,-33.835383],[-59.063474,-33.834633],[-59.05758,-33.834321],[-59.0539,-33.834428],[-59.047509,-33.834613],[-59.044047,-33.835303],[-59.039839,-33.836714],[-59.037279,-33.838881],[-59.034378,-33.841922],[-59.031954,-33.844246],[-59.027134,-33.846479],[-59.021375,-33.847879],[-59.016047,-33.847226],[-59.011211,-33.845969],[-59.006077,-33.843753],[-59.002803,-33.841825],[-58.997846,-33.840731],[-58.992768,-33.841413],[-58.990802,-33.842328],[-58.98926,-33.844143],[-58.987941,-33.84665],[-58.987223,-33.849623],[-58.986395,-33.85471],[-58.985423,-33.859355],[-58.983207,-33.865215],[-58.980967,-33.868929],[-58.97595,-33.872722],[-58.970642,-33.874161],[-58.965804,-33.874459],[-58.959743,-33.874804],[-58.95316,-33.875096],[-58.943387,-33.874888],[-58.936626,-33.874808],[-58.928331,-33.875953],[-58.921596,-33.878933],[-58.912658,-33.883247],[-58.905411,-33.886346],[-58.905389,-33.886361]]]}},
{"type":"Feature","properties":{"IDHIDROVIA":200002764,"NOME":"Hidrovia Paraguai - Paraná","NAVEGACAO":"Navegação Interior","TIPO":"Rio","VEL_CIONAL":7.0,"EXTENSAO":59.338099627399998,"TEMPO":"0d 8h 28min","CLA_ICACAO":"Navegável","NOME_RIO":"Rio Paraná","NOM_ECLUSA":null,"JURISDICAO":null,"REG_RAFICA":null,"PRO_DE_MIN":3.0,"PRO_DE_MAX":6.0,"DOMINIO":null,"OBSERVACAO":null,"SNV":"Não","FONTE":"LabTrans/Antaq","IDM_ORIGEM":null,"MUN_ORIGEM":null,"EST_ORIGEM":null,"IDM_ESTINO":null,"MUN_ESTINO":null,"EST_ESTINO":null,"IDANTAQ":4,"CAMADA_SIM":"157","FLUXO":1324234.0},"geometry":{"type":"MultiLineString","coordinates":[[[-58.905389,-33.886361],[-58.898348,-33.890837],[-58.896042,-33.892994],[-58.892393,-33.897175],[-58.889128,-33.902827],[-58.886798,-33.907616],[-58.884324,-33.913697],[-58.881212,-33.92001],[-58.875959,-33.92769],[-58.869644,-33.934843],[-58.862955,-33.940772],[-58.854465,-33.946213],[-58.846139,-33.950037],[-58.835384,-33.953014],[-58.828641,-33.954378],[-58.821711,-33.954298],[-58.812921,-33.952601],[-58.806563,-33.950571],[-58.799829,-33.94847],[-58.794186,-33.946474],[-58.786206,-33.944272],[-58.779034,-33.942907],[-58.772916,-33.941997],[-58.76574,-33.942355],[-58.758591,-33.943243],[-58.752903,-33.945058],[-58.747243,-33.947676],[-58.742879,-33.950314],[-58.738028,-33.953771],[-58.735416,-33.956454],[-58.733543,-33.959939],[-58.73264,-33.963398],[-58.73193,-33.966853],[-58.730356,-33.969685],[-58.726443,-33.974029],[-58.722998,-33.977478],[-58.718251,-33.982004],[-58.715259,-33.985035],[-58.71127,-33.989111],[-58.70757,-33.992268],[-58.700561,-33.998982],[-58.695644,-34.00421],[-58.691366,-34.00926],[-58.685847,-34.016402],[-58.684074,-34.019185],[-58.680143,-34.023152],[-58.675298,-34.026928],[-58.666726,-34.031054],[-58.657773,-34.034129],[-58.647573,-34.036806],[-58.641012,-34.038048],[-58.630798,-34.038631],[-58.625292,-34.038664],[-58.619992,-34.038797],[-58.611838,-34.039004],[-58.605196,-34.038099],[-58.596494,-34.03574],[-58.593871,-34.034894],[-58.587201,-34.031412],[-58.583704,-34.029621],[-58.579611,-34.027523],[-58.5749,-34.026337],[-58.569908,-34.026193],[-58.565141,-34.026903],[-58.560874,-34.027116],[-58.556348,-34.027336],[-58.551386,-34.026225],[-58.547249,-34.024664],[-58.542071,-34.022414],[-58.53669,-34.020454],[-58.528798,-34.018931],[-58.522579,-34.017622],[-58.51729,-34.01641],[-58.512115,-34.014766],[-58.50542,-34.012246],[-58.498354,-34.009579],[-58.492122,-34.007315],[-58.485101,-34.004695],[-58.477925,-34.002465],[-58.471927,-34.001322],[-58.465811,-34.000504],[-58.460218,-34.000559],[-58.453682,-34.000663],[-58.446573,-34.001048],[-58.440528,-34.002266],[-58.430713,-34.003578],[-58.422002,-34.004485],[-58.416242,-34.005],[-58.403608,-34.006641],[-58.395682,-34.007741],[-58.387105,-34.008802],[-58.376245,-34.011418],[-58.370526,-34.012733],[-58.370486,-34.012748]]]}},
{"type":"Feature","properties":{"IDHIDROVIA":200002797,"NOME":"Hidrovia do Amazonas","NAVEGACAO":"Navegação Interior","TIPO":"Rio","VEL_CIONAL":25.0,"EXTENSAO":53.355872599900003,"TEMPO":"0d 2h 8min","CLA_ICACAO":"Navegável","NOME_RIO":"Rio Amazonas","NOM_ECLUSA":null,"JURISDICAO":"AHIMOR","REG_RAFICA":"Região Hidrográfica Amazônica","PRO_DE_MIN":5.0,"PRO_DE_MAX":7.5,"DOMINIO":"União","OBSERVACAO":null,"SNV":"Sim","FONTE":"LabTrans/Antaq","IDM_ORIGEM":"BR150030","MUN_ORIGEM":"Afuá","EST_ORIGEM":"PA","IDM_ESTINO":"BR160060","MUN_ESTINO":"Santana","EST_ESTINO":"AP","IDANTAQ":1,"CAMADA_SIM":"158","FLUXO":2164.9},"geometry":{"type":"MultiLineString","coordinates":[[[-51.166963,-0.062675],[-51.162863,-0.063093],[-51.158771,-0.062755],[-51.155506,-0.06144],[-51.151989,-0.060152],[-51.150407,-0.059574],[-51.144058,-0.058285],[-51.138173,-0.05874],[-51.131608,-0.059375],[-51.125073,-0.060531],[-51.120066,-0.061413],[-51.107036,-0.062655],[-51.101083,-0.062436],[-51.096473,-0.061273],[-51.081274,-0.055856],[-51.074987,-0.053103],[-51.05818,-0.037639],[-51.036602,-0.017128],[-51.010589,0.015027],[-50.995347,0.030522],[-50.97753,0.046251],[-50.939788,0.070202],[-50.912823,0.078667],[-50.80299,0.10687],[-50.753279,0.123325],[-50.750398,0.125209]]]}},
{"type":"Feature","properties":{"IDHIDROVIA":200002798,"NOME":"Hidrovia do Amazonas","NAVEGACAO":"Navegação Interior","TIPO":"Rio","VEL_CIONAL":25.0,"EXTENSAO":73.220971867499998,"TEMPO":"0d 2h 55min","CLA_ICACAO":"Navegável","NOME_RIO":"Rio Amazonas","NOM_ECLUSA":null,"JURISDICAO":"AHIMOR","REG_RAFICA":"Região Hidrográfica Amazônica","PRO_DE_MIN":5.0,"PRO_DE_MAX":7.5,"DOMINIO":"União","OBSERVACAO":"Foz no oceano Atlântico _PA_ até a confluência dos rios Negro e Solimões.","SNV":"Sim","FONTE":"LabTrans/Antaq","IDM_ORIGEM":"BR160030","MUN_ORIGEM":"Macapá","EST_ORIGEM":"AP","IDM_ESTINO":"BR150250","MUN_ESTINO":"Chaves","EST_ESTINO":"PA","IDANTAQ":1,"CAMADA_SIM":"159","FLUXO":2164.9},"geometry":{"type":"MultiLineString","coordinates":[[[-50.519926,0.383103],[-50.514117,0.398314],[-50.500068,0.430456],[-50.487654,0.453449],[-50.475163,0.482115],[-50.47002,0.509101],[-50.465113,0.534672],[-50.451302,0.571973],[-50.430217,0.607405],[-50.406536,0.62713],[-50.369674,0.653992],[-50.349041,0.668548],[-50.315039,0.680533],[-50.268367,0.690653],[-50.194685,0.701619],[-50.150121,0.705872],[-50.091148,0.705827],[-50.062868,0.71628],[-50.04114,0.722391]]]}},
{"type":"Feature","properties":{"IDHIDROVIA":200002799,"NOME":"Hidrovia do Madeira","NAVEGACAO":"Navegação Interior","TIPO":"Rio","VEL_CIONAL":22.0,"EXTENSAO":51.115809408200001,"TEMPO":"0d 2h 19min","CLA_ICACAO":"Navegável","NOME_RIO":"Rio Madeira","NOM_ECLUSA":null,"JURISDICAO":"AHIMOC","REG_RAFICA":"Região Hidrográfica Amazônica","PRO_DE_MIN":2.0,"PRO_DE_MAX":7.0,"DOMINIO":"União","OBSERVACAO":"Foz no rio Amazonas _AM_ até a confluência dos rios Beni _rio boliviano_ e Mamoré _RO_.","SNV":"Sim","FONTE":"LabTrans/Antaq","IDM_ORIGEM":"BR110020","MUN_ORIGEM":"Porto Velho","EST_ORIGEM":"RO","IDM_ESTINO":"BR110020","MUN_ESTINO":"Porto Velho","EST_ESTINO":"RO","IDANTAQ":5,"CAMADA_SIM":"160","FLUXO":10888055.9},"geometry":{"type":"MultiLineString","coordinates":[[[-63.733642,-8.579304],[-63.724181,-8.574706],[-63.718687,-8.572203],[-63.700894,-8.566205],[-63.695494,-8.565001],[-63.677489,-8.564574],[-63.663512,-8.561522],[-63.653075,-8.559691],[-63.642027,-8.560484],[-63.636107,-8.563902],[-63.629881,-8.570799],[-63.619688,-8.58148],[-63.600523,-8.597411],[-63.582274,-8.610289],[-63.563719,-8.614378],[-63.546324,-8.60742],[-63.53662,-8.598204],[-63.530394,-8.587401],[-63.531187,-8.579894],[-63.535704,-8.570128],[-63.546202,-8.555174],[-63.556212,-8.543089],[-63.565794,-8.536498],[-63.580199,-8.526976],[-63.590697,-8.51837],[-63.592894,-8.508604],[-63.594115,-8.502501],[-63.593321,-8.495299],[-63.589903,-8.48651],[-63.582518,-8.481017],[-63.574889,-8.480772],[-63.555907,-8.480223],[-63.546019,-8.474181],[-63.533873,-8.468687],[-63.523802,-8.460387],[-63.508788,-8.450499],[-63.502329,-8.446312]]]}},
{"type":"Feature","properties":{"IDHIDROVIA":200002803,"NOME":"Hidrovia do Sul","NAVEGACAO":"Navegação Interior","TIPO":"Laguna","VEL_CIONAL":25.0,"EXTENSAO":58.589648643300002,"TEMPO":"0d 2h 20min","CLA_ICACAO":"Navegável","NOME_RIO":"Lagoa dos Patos","NOM_ECLUSA":null,"JURISDICAO":"SPH","REG_RAFICA":"Região Hidrográfica Atlântico Sul","PRO_DE_MIN":5.4,"PRO_DE_MAX":5.4,"DOMINIO":"Estados ou Distrito Federal","OBSERVACAO":"Confluência com o oceano Atlântico até a confluência com o Lago Guaíba _RS_.","SNV":"Sim","FONTE":"LabTrans/Antaq","IDM_ORIGEM":"BR430350","MUN_ORIGEM":"Camaquã","EST_ORIGEM":"RS","IDM_ESTINO":"BR430085","MUN_ESTINO":"Arambaré","EST_ESTINO":"RS","IDANTAQ":18,"CAMADA_SIM":"161","FLUXO":4546392.7},"geometry":{"type":"MultiLineString","coordinates":[[[-51.311861,-31.066179],[-51.328939,-31.097459],[-51.356564,-31.160683],[-51.403931,-31.228685],[-51.455955,-31.290467],[-51.532444,-31.341444],[-51.586078,-31.380415],[-51.658014,-31.439718],[-51.687525,-31.473246]]]}},
{"type":"Feature","properties":{"IDHIDROVIA":200002804,"NOME":"Hidrovia do Sul","NAVEGACAO":"Navegação Interior","TIPO":"Laguna","VEL_CIONAL":25.0,"EXTENSAO":13.5780538546,"TEMPO":"0d 0h 32min","CLA_ICACAO":"Navegável","NOME_RIO":"Lagoa dos Patos","NOM_ECLUSA":null,"JURISDICAO":"SPH","REG_RAFICA":"Região Hidrográfica Atlântico Sul","PRO_DE_MIN":5.4,"PRO_DE_MAX":5.4,"DOMINIO":"Estados ou Distrito Federal","OBSERVACAO":"Confluência com o oceano Atlântico até a confluência com o Lago Guaíba _RS_.","SNV":"Sim","FONTE":"LabTrans/Antaq","IDM_ORIGEM":"BR430085","MUN_ORIGEM":"Arambaré","EST_ORIGEM":"RS","IDM_ESTINO":"BR431250","MUN_ESTINO":"Mostardas","EST_ESTINO":"RS","IDANTAQ":18,"CAMADA_SIM":"162","FLUXO":4546392.7},"geometry":{"type":"MultiLineString","coordinates":[[[-51.246557,-30.957512],[-51.273433,-30.995797],[-51.311861,-31.066179]]]}},
{"type":"Feature","properties":{"IDHIDROVIA":200002805,"NOME":"Hidrovia do Sul","NAVEGACAO":"Navegação Interior","TIPO":"Lago","VEL_CIONAL":25.0,"EXTENSAO":14.964887661200001,"TEMPO":"0d 0h 35min","CLA_ICACAO":"Navegável","NOME_RIO":"Lago Guaíba","NOM_ECLUSA":null,"JURISDICAO":"SPH","REG_RAFICA":"Região Hidrográfica Atlântico Sul","PRO_DE_MIN":2.0,"PRO_DE_MAX":12.0,"DOMINIO":"Estados ou Distrito Federal","OBSERVACAO":"Confluência com a Lagoa dos Patos _RS_ até o Delta do rio Jacuí.","SNV":"Sim","FONTE":"LabTrans/Antaq","IDM_ORIGEM":"BR430190","MUN_ORIGEM":"Barra do Ribeiro","EST_ORIGEM":"RS","IDM_ESTINO":"BR430930","MUN_ESTINO":"Guaíba","EST_ESTINO":"RS","IDANTAQ":18,"CAMADA_SIM":"163","FLUXO":4546392.7},"geometry":{"type":"MultiLineString","coordinates":[[[-51.307583,-30.138361],[-51.30767,-30.138399],[-51.309878,-30.140881],[-51.311215,-30.144135],[-51.311347,-30.149435],[-51.310517,-30.155504],[-51.308344,-30.160485],[-51.30706,-30.162207],[-51.304299,-30.165804],[-51.300632,-30.170976],[-51.298443,-30.176278],[-51.296682,-30.189232],[-51.291551,-30.197804],[-51.282597,-30.206581],[-51.273521,-30.213706],[-51.263366,-30.22165],[-51.252331,-30.231582],[-51.235171,-30.24603],[-51.233398,-30.247404]]]}},
{"type":"Feature","properties":{"IDHIDROVIA":200002816,"NOME":"Hidrovia do Amazonas","NAVEGACAO":"Navegação Interior","TIPO":"Rio","VEL_CIONAL":25.0,"EXTENSAO":8.4439851696500003,"TEMPO":"0d 0h 20min","CLA_ICACAO":"Navegação inexpressiva","NOME_RIO":"Rio Companhia","NOM_ECLUSA":null,"JURISDICAO":"AHIMOR","REG_RAFICA":"Região Hidrográfica Amazônica","PRO_DE_MIN":1.8,"PRO_DE_MAX":2.0,"DOMINIO":null,"OBSERVACAO":null,"SNV":"Não","FONTE":"LabTrans/Antaq","IDM_ORIGEM":"BR150180","MUN_ORIGEM":"Breves","EST_ORIGEM":"PA","IDM_ESTINO":"BR150180","MUN_ESTINO":"Breves","EST_ESTINO":"PA","IDANTAQ":1,"CAMADA_SIM":"164","FLUXO":11332919.5},"geometry":{"type":"MultiLineString","coordinates":[[[-50.790118,-1.383124],[-50.79765,-1.370693],[-50.809265,-1.357231],[-50.810796,-1.350388],[-50.810397,-1.34077],[-50.805349,-1.314286],[-50.805085,-1.31399]]]}},
{"type":"Feature","properties":{"IDHIDROVIA":200002818,"NOME":"Hidrovia do Tocantins","NAVEGACAO":"Navegação Interior","TIPO":"Rio","VEL_CIONAL":25.0,"EXTENSAO":5.1579304837200004,"TEMPO":"0d 0h 12min","CLA_ICACAO":"Navegável","NOME_RIO":"Rio Tocantins","NOM_ECLUSA":null,"JURISDICAO":"AHIMOR","REG_RAFICA":"Região Hidrográfica do Tocantins","PRO_DE_MIN":1.5,"PRO_DE_MAX":4.0,"DOMINIO":"União","OBSERVACAO":"Foz no oceano Atlântico _PA_ até o Lago da Barragem de Serra da Mesa _GO_, na confluência com o rio Tocantizinho _GO_.","SNV":"Sim","FONTE":"ANA/Antaq","IDM_ORIGEM":"BR150490","MUN_ORIGEM":"Muaná","EST_ORIGEM":"PA","IDM_ESTINO":"BR150490","MUN_ESTINO":"Muaná","EST_ESTINO":"PA","IDANTAQ":9,"CAMADA_SIM":"165","FLUXO":11359096.4},"geometry":{"type":"MultiLineString","coordinates":[[[-49.086529,-1.63409],[-49.080382,-1.626585],[-49.065672,-1.614684],[-49.052615,-1.602501]]]}},
{"type":"Feature","properties":{"IDHIDROVIA":200002821,"NOME":"Hidrovia do Amazonas","NAVEGACAO":"Navegação Interior","TIPO":"Rio","VEL_CIONAL":25.0,"EXTENSAO":32.947228949399999,"TEMPO":"0d 1h 19min","CLA_ICACAO":"Navegável","NOME_RIO":"Rio Amazonas","NOM_ECLUSA":null,"JURISDICAO":"AHIMOC","REG_RAFICA":"Região Hidrográfica Amazônica","PRO_DE_MIN":5.0,"PRO_DE_MAX":7.5,"DOMINIO":"União","OBSERVACAO":"Foz no oceano Atlântico _PA_ até a confluência dos rios Negro e Solimões.","SNV":"Sim","FONTE":"LabTrans/Antaq","IDM_ORIGEM":"BR130190","MUN_ORIGEM":"Itacoatiara","EST_ORIGEM":"AM","IDM_ESTINO":"BR130190","MUN_ESTINO":"Itacoatiara","EST_ESTINO":"AM","IDANTAQ":1,"CAMADA_SIM":"166","FLUXO":5657977.4},"geometry":{"type":"MultiLineString","coordinates":[[[-59.016673,-3.240205],[-59.009703,-3.238585],[-58.995909,-3.2395],[-58.979796,-3.246581],[-58.960509,-3.255309],[-58.942198,-3.262694],[-58.924803,-3.268187],[-58.907896,-3.278685],[-58.895811,-3.289305],[-58.885497,-3.297911],[-58.87329,-3.303709],[-58.851927,-3.310179],[-58.836607,-3.316588],[-58.822081,-3.323485],[-58.797484,-3.33441],[-58.777098,-3.344298],[-58.75421,-3.349791],[-58.746703,-3.352171]]]}},
{"type":"Feature","properties":{"IDHIDROVIA":200002822,"NOME":"Hidrovia do Amazonas","NAVEGACAO":"Navegação Interior","TIPO":"Rio","VEL_CIONAL":25.0,"EXTENSAO":23.678624164399999,"TEMPO":"0d 0h 56min","CLA_ICACAO":"Navegável","NOME_RIO":"Rio Amazonas","NOM_ECLUSA":null,"JURISDICAO":"AHIMOC","REG_RAFICA":"Região Hidrográfica Amazônica","PRO_DE_MIN":5.0,"PRO_DE_MAX":7.5,"DOMINIO":"União","OBSERVACAO":"Foz no oceano Atlântico _PA_ até a confluência dos rios Negro e Solimões.","SNV":"Sim","FONTE":"LabTrans/Antaq","IDM_ORIGEM":"BR130190","MUN_ORIGEM":"Itacoatiara","EST_ORIGEM":"AM","IDM_ESTINO":"BR130190","MUN_ESTINO":"Itacoatiara","EST_ESTINO":"AM","IDANTAQ":1,"CAMADA_SIM":"167","FLUXO":4648378.6},"geometry":{"type":"MultiLineString","coordinates":[[[-59.214965,-3.241686],[-59.208189,-3.244994],[-59.187987,-3.255125],[-59.167113,-3.267577],[-59.155699,-3.273497],[-59.133482,-3.277281],[-59.115416,-3.27429],[-59.097228,-3.264708],[-59.072508,-3.257079],[-59.058409,-3.252928],[-59.047423,-3.247618],[-59.0343,-3.244994],[-59.020995,-3.241209],[-59.016673,-3.240205]]]}},
{"type":"Feature","properties":{"IDHIDROVIA":200002827,"NOME":"Hidrovia do Amazonas","NAVEGACAO":"Navegação Interior","TIPO":"Rio","VEL_CIONAL":15.0,"EXTENSAO":31.199363366699998,"TEMPO":"0d 2h 4min","CLA_ICACAO":"Navegável","NOME_RIO":"Rio Xingu","NOM_ECLUSA":null,"JURISDICAO":"AHIMOR","REG_RAFICA":"Região Hidrográfica Amazônica","PRO_DE_MIN":2.3,"PRO_DE_MAX":6.0,"DOMINIO":"União","OBSERVACAO":"Foz no rio Amazonas _AM_ até PK 1522.","SNV":"Sim","FONTE":"LabTrans/ANA/Antaq","IDM_ORIGEM":"BR150590","MUN_ORIGEM":"Porto de Moz","EST_ORIGEM":"PA","IDM_ESTINO":"BR150780","MUN_ESTINO":"Senador José Porfírio","EST_ESTINO":"PA","IDANTAQ":1,"CAMADA_SIM":"168","FLUXO":24755.3},"geometry":{"type":"MultiLineString","coordinates":[[[-51.970073,-2.851081],[-51.971922,-2.848875],[-51.980406,-2.839903],[-51.98828,-2.833189],[-51.995482,-2.828978],[-52.000792,-2.822325],[-52.004088,-2.816893],[-52.00659,-2.809691],[-52.008299,-2.804076],[-52.010802,-2.797301],[-52.020384,-2.766478],[-52.028075,-2.72711],[-52.024901,-2.687926],[-52.018309,-2.675475],[-52.007201,-2.664],[-51.996397,-2.643187],[-51.992491,-2.624205],[-51.993788,-2.596371]]]}},
{"type":"Feature","properties":{"IDHIDROVIA":200002844,"NOME":"Hidrovia do Amazonas","NAVEGACAO":"Navegação Interior","TIPO":"Rio","VEL_CIONAL":25.0,"EXTENSAO":15.7257173683,"TEMPO":"0d 0h 37min","CLA_ICACAO":"Navegável","NOME_RIO":"Rio Amazonas","NOM_ECLUSA":null,"JURISDICAO":"AHIMOR","REG_RAFICA":"Região Hidrográfica Amazônica","PRO_DE_MIN":5.0,"PRO_DE_MAX":7.5,"DOMINIO":"União","OBSERVACAO":"Foz no oceano Atlântico _PA_ até a confluência dos rios Negro e Solimões.","SNV":"Sim","FONTE":"LabTrans/Antaq","IDM_ORIGEM":"BR160060","MUN_ORIGEM":"Santana","EST_ORIGEM":"AP","IDM_ESTINO":"BR160040","MUN_ESTINO":"Mazagão","EST_ESTINO":"AP","IDANTAQ":1,"CAMADA_SIM":"169","FLUXO":12280730.2},"geometry":{"type":"MultiLineString","coordinates":[[[-51.241824,-0.1576],[-51.210997,-0.11859],[-51.210875,-0.103026],[-51.208678,-0.088011],[-51.207884,-0.083678],[-51.204405,-0.077086],[-51.203978,-0.072874],[-51.202391,-0.067686],[-51.200377,-0.063719],[-51.197691,-0.061217],[-51.192503,-0.058714],[-51.186888,-0.058409],[-51.179015,-0.060606],[-51.174193,-0.061705],[-51.168861,-0.062624],[-51.166963,-0.062676]]]}},
{"type":"Feature","properties":{"IDHIDROVIA":200002846,"NOME":"Hidrovia do Amazonas","NAVEGACAO":"Navegação Interior","TIPO":"Rio","VEL_CIONAL":15.0,"EXTENSAO":17.1586082828,"TEMPO":"0d 1h 8min","CLA_ICACAO":"Navegável","NOME_RIO":"Rio Xingu","NOM_ECLUSA":null,"JURISDICAO":"AHIMOR","REG_RAFICA":"Região Hidrográfica Amazônica","PRO_DE_MIN":4.2,"PRO_DE_MAX":7.2,"DOMINIO":"União","OBSERVACAO":"Foz no rio Amazonas _AM_ até PK 1522.","SNV":"Sim","FONTE":"LabTrans/ANA/Antaq","IDM_ORIGEM":"BR150590","MUN_ORIGEM":"Porto de Moz","EST_ORIGEM":"PA","IDM_ESTINO":"BR150590","MUN_ESTINO":"Porto de Moz","EST_ESTINO":"PA","IDANTAQ":1,"CAMADA_SIM":"170","FLUXO":24755.3},"geometry":{"type":"MultiLineString","coordinates":[[[-52.25415,-1.758549],[-52.260802,-1.751402],[-52.269774,-1.727415],[-52.271788,-1.713683],[-52.2666,-1.700987],[-52.258482,-1.6911],[-52.252623,-1.686278],[-52.246397,-1.676573],[-52.242369,-1.671202],[-52.239928,-1.667906],[-52.237303,-1.665099],[-52.236327,-1.663695],[-52.235411,-1.662413],[-52.234984,-1.660704],[-52.235106,-1.658873],[-52.235899,-1.657103],[-52.236571,-1.655272],[-52.237608,-1.653807],[-52.23828,-1.653197],[-52.238707,-1.652098],[-52.238707,-1.651122],[-52.237975,-1.650023],[-52.236388,-1.648985],[-52.234496,-1.648375],[-52.228575,-1.645689],[-52.224791,-1.644103],[-52.221495,-1.643004],[-52.217894,-1.642516],[-52.215086,-1.64221],[-52.213622,-1.64221],[-52.211607,-1.641478],[-52.211579,-1.641155]]]}},
{"type":"Feature","properties":{"IDHIDROVIA":200002848,"NOME":"Hidrovia do Madeira","NAVEGACAO":"Navegação Interior","TIPO":"Rio","VEL_CIONAL":22.0,"EXTENSAO":33.609840745100001,"TEMPO":"0d 1h 31min","CLA_ICACAO":"Navegável","NOME_RIO":"Rio Madeira","NOM_ECLUSA":null,"JURISDICAO":"AHIMOC","REG_RAFICA":"Região Hidrográfica Amazônica","PRO_DE_MIN":2.0,"PRO_DE_MAX":7.0,"DOMINIO":"União","OBSERVACAO":"Foz no rio Amazonas _AM_ até a confluência dos rios Beni _rio boliviano_ e Mamoré _RO_.","SNV":"Sim","FONTE":"LabTrans/Antaq","IDM_ORIGEM":"BR110020","MUN_ORIGEM":"Porto Velho","EST_ORIGEM":"RO","IDM_ESTINO":"BR110020","MUN_ESTINO":"Porto Velho","EST_ESTINO":"RO","IDANTAQ":5,"CAMADA_SIM":"171","FLUXO":5081221.5},"geometry":{"type":"MultiLineString","coordinates":[[[-63.917489,-8.749998],[-63.918487,-8.747884],[-63.921873,-8.738585],[-63.923582,-8.72888],[-63.923888,-8.722289],[-63.923705,-8.711974],[-63.922789,-8.7041],[-63.921873,-8.697203],[-63.919798,-8.681578],[-63.919676,-8.677],[-63.917784,-8.665099],[-63.914488,-8.652769],[-63.911803,-8.645811],[-63.907103,-8.639586],[-63.901976,-8.635802],[-63.894774,-8.634398],[-63.888976,-8.635008],[-63.884093,-8.6369],[-63.878416,-8.637816],[-63.867796,-8.637206],[-63.858275,-8.636473],[-63.847105,-8.635313],[-63.842894,-8.63391],[-63.839415,-8.629088],[-63.836485,-8.625121],[-63.829894,-8.619505],[-63.81671,-8.615904],[-63.808226,-8.612669],[-63.797301,-8.608275],[-63.790526,-8.605101],[-63.773375,-8.598692],[-63.766905,-8.595274],[-63.751891,-8.587401],[-63.745726,-8.584776],[-63.739378,-8.582091],[-63.733642,-8.579304]]]}},
{"type":"Feature","properties":{"IDHIDROVIA":200002851,"NOME":"Hidrovia do Amazonas","NAVEGACAO":"Navegação Interior","TIPO":"Rio","VEL_CIONAL":7.0,"EXTENSAO":7.54407459858,"TEMPO":"0d 1h 4min","CLA_ICACAO":"Navegação inexpressiva","NOME_RIO":"Rio Xingu","NOM_ECLUSA":null,"JURISDICAO":"AHIMOR","REG_RAFICA":"Região Hidrográfica Amazônica","PRO_DE_MIN":2.3,"PRO_DE_MAX":6.0,"DOMINIO":"União","OBSERVACAO":"Foz no rio Amazonas _AM_ até PK 1522.","SNV":"Sim","FONTE":"LabTrans/ANA/Antaq","IDM_ORIGEM":"BR150780","MUN_ORIGEM":"Senador José Porfírio","EST_ORIGEM":"PA","IDM_ESTINO":"BR150780","MUN_ESTINO":"Senador José Porfírio","EST_ESTINO":"PA","IDANTAQ":1,"CAMADA_SIM":"172","FLUXO":24685.3},"geometry":{"type":"MultiLineString","coordinates":[[[-51.921227,-2.897896],[-51.922972,-2.895811],[-51.927977,-2.889891],[-51.9317,-2.88629],[-51.938292,-2.882384],[-51.946104,-2.873778],[-51.955626,-2.865172],[-51.963683,-2.858702],[-51.970073,-2.851081]]]}},
{"type":"Feature","properties":{"IDHIDROVIA":200002852,"NOME":"Hidrovia do Solimões","NAVEGACAO":"Navegação Interior","TIPO":"Rio","VEL_CIONAL":10.0,"EXTENSAO":16.038903849099999,"TEMPO":"0d 1h 36min","CLA_ICACAO":"Navegável","NOME_RIO":"Rio Solimões","NOM_ECLUSA":null,"JURISDICAO":"AHIMOC","REG_RAFICA":"Região Hidrográfica Amazônica","PRO_DE_MIN":6.0,"PRO_DE_MAX":10.0,"DOMINIO":"União","OBSERVACAO":"Confluência com o rio Negro _AM_ até Tabatinga _AM_.","SNV":"Sim","FONTE":"LabTrans/Antaq","IDM_ORIGEM":"BR130420","MUN_ORIGEM":"Tefé","EST_ORIGEM":"AM","IDM_ESTINO":"BR130420","MUN_ESTINO":"Tefé","EST_ESTINO":"AM","IDANTAQ":2,"CAMADA_SIM":"173","FLUXO":16507.0},"geometry":{"type":"MultiLineString","coordinates":[[[-64.495477,-3.375538],[-64.480894,-3.390074],[-64.473387,-3.402403],[-64.464293,-3.430174],[-64.462706,-3.441588],[-64.459898,-3.454283],[-64.455016,-3.465697],[-64.443175,-3.478697],[-64.428404,-3.486693],[-64.419711,-3.489852]]]}},
{"type":"Feature","properties":{"IDHIDROVIA":200002853,"NOME":"Hidrovia do Amazonas","NAVEGACAO":"Navegação Interior","TIPO":"Rio","VEL_CIONAL":25.0,"EXTENSAO":6.1863242523700004,"TEMPO":"0d 0h 14min","CLA_ICACAO":"Navegável","NOME_RIO":"Rio Amazonas","NOM_ECLUSA":null,"JURISDICAO":"AHIMOC","REG_RAFICA":"Região Hidrográfica Amazônica","PRO_DE_MIN":5.0,"PRO_DE_MAX":7.5,"DOMINIO":"União","OBSERVACAO":"Foz no oceano Atlântico _PA_ até a confluência dos rios Negro e Solimões.","SNV":"Sim","FONTE":"LabTrans/Antaq","IDM_ORIGEM":"BR130260","MUN_ORIGEM":"Manaus","EST_ORIGEM":"AM","IDM_ESTINO":"BR130260","MUN_ESTINO":"Manaus","EST_ESTINO":"AM","IDANTAQ":1,"CAMADA_SIM":"174","FLUXO":4892106.9},"geometry":{"type":"MultiLineString","coordinates":[[[-59.8963,-3.124998],[-59.8786,-3.112608],[-59.863402,-3.10089],[-59.850531,-3.093378]]]}},
{"type":"Feature","properties":{"IDHIDROVIA":200002860,"NOME":"Hidrovia do Amazonas","NAVEGACAO":"Navegação Interior","TIPO":"Rio","VEL_CIONAL":25.0,"EXTENSAO":16.342824771899998,"TEMPO":"0d 0h 39min","CLA_ICACAO":"Navegável","NOME_RIO":"Rio Amazonas","NOM_ECLUSA":null,"JURISDICAO":"AHIMOC","REG_RAFICA":"Região Hidrográfica Amazônica","PRO_DE_MIN":5.0,"PRO_DE_MAX":7.5,"DOMINIO":"União","OBSERVACAO":"Foz no oceano Atlântico _PA_ até a confluência dos rios Negro e Solimões.","SNV":"Sim","FONTE":"LabTrans/Antaq","IDM_ORIGEM":"BR150390","MUN_ORIGEM":"Juruti","EST_ORIGEM":"PA","IDM_ESTINO":"BR150390","MUN_ESTINO":"Juruti","EST_ESTINO":"PA","IDANTAQ":1,"CAMADA_SIM":"175","FLUXO":5653489.9},"geometry":{"type":"MultiLineString","coordinates":[[[-56.100263,-2.148049],[-56.097105,-2.145018],[-56.094298,-2.139769],[-56.091307,-2.128172],[-56.090575,-2.121703],[-56.088011,-2.114684],[-56.083678,-2.102721],[-56.08148,-2.092772],[-56.081114,-2.065306],[-56.084471,-2.046873],[-56.088805,-2.02899],[-56.092589,-2.007689],[-56.092106,-2.005402]]]}},
{"type":"Feature","properties":{"IDHIDROVIA":200002870,"NOME":"Hidrovia do Tietê - Paraná","NAVEGACAO":"Navegação Interior","TIPO":"Rio","VEL_CIONAL":10.0,"EXTENSAO":7.2739791344000002,"TEMPO":"0d 0h 43min","CLA_ICACAO":"Navegável","NOME_RIO":"Rio Paraná","NOM_ECLUSA":null,"JURISDICAO":"AHRANA","REG_RAFICA":"Região Hidrográfica do Paraná","PRO_DE_MIN":2.5,"PRO_DE_MAX":4.0,"DOMINIO":"União","OBSERVACAO":"Confluência com o rio Iguaçu até a confluência dos rios Grande e Paranaíba.","SNV":"Sim","FONTE":"ANA/Antaq","IDM_ORIGEM":"BR500100","MUN_ORIGEM":"Aparecida do Taboado","EST_ORIGEM":"MS","IDM_ESTINO":"BR500100","MUN_ESTINO":"Aparecida do Taboado","EST_ESTINO":"MS","IDANTAQ":3,"CAMADA_SIM":"176","FLUXO":1167470.0},"geometry":{"type":"MultiLineString","coordinates":[[[-51.009682,-20.108166],[-51.015833,-20.124409],[-51.02747,-20.143908],[-51.035459,-20.168892]]]}},
{"type":"Feature","properties":{"IDHIDROVIA":200002893,"NOME":"Hidrovia do Amazonas","NAVEGACAO":"Navegação Interior","TIPO":"Rio","VEL_CIONAL":25.0,"EXTENSAO":14.1612463872,"TEMPO":"0d 0h 33min","CLA_ICACAO":"Navegável","NOME_RIO":"Rio Amazonas","NOM_ECLUSA":null,"JURISDICAO":"AHIMOC","REG_RAFICA":"Região Hidrográfica Amazônica","PRO_DE_MIN":5.0,"PRO_DE_MAX":7.5,"DOMINIO":"União","OBSERVACAO":"Foz no oceano Atlântico _PA_ até a confluência dos rios Negro e Solimões.","SNV":"Sim","FONTE":"LabTrans/Antaq","IDM_ORIGEM":"BR130440","MUN_ORIGEM":"Urucurituba","EST_ORIGEM":"AM","IDM_ESTINO":"BR130190","MUN_ESTINO":"Itacoatiara","EST_ESTINO":"AM","IDANTAQ":1,"CAMADA_SIM":"177","FLUXO":5558929.8},"geometry":{"type":"MultiLineString","coordinates":[[[-58.219821,-3.066611],[-58.216673,-3.063719],[-58.199889,-3.049803],[-58.185179,-3.039305],[-58.172728,-3.026183],[-58.158019,-3.011412],[-58.14868,-2.997496],[-58.14337,-2.984984],[-58.138792,-2.971983],[-58.13872,-2.971408]]]}},
{"type":"Feature","properties":{"IDHIDROVIA":200002895,"NOME":"Hidrovia do Tietê - Paraná","NAVEGACAO":"Navegação Interior","TIPO":"Rio","VEL_CIONAL":10.0,"EXTENSAO":18.905105336799998,"TEMPO":"0d 1h 53min","CLA_ICACAO":"Navegação inexpressiva","NOME_RIO":"Rio Paranapanema","NOM_ECLUSA":null,"JURISDICAO":"AHRANA","REG_RAFICA":"Região Hidrográfica do Paraná","PRO_DE_MIN":1.1,"PRO_DE_MAX":1.5,"DOMINIO":"União","OBSERVACAO":"Foz no rio Paraná _PR_ até o PK 786.","SNV":"Sim","FONTE":"ANA/Antaq","IDM_ORIGEM":"BR500200","MUN_ORIGEM":"Batayporã","EST_ORIGEM":"MS","IDM_ESTINO":"BR354425","MUN_ESTINO":"Rosana","EST_ESTINO":"SP","IDANTAQ":3,"CAMADA_SIM":"178","FLUXO":1414375.0},"geometry":{"type":"MultiLineString","coordinates":[[[-53.021844,-22.600951],[-53.022029,-22.601041],[-53.025497,-22.60349],[-53.029434,-22.607618],[-53.034603,-22.61115],[-53.037479,-22.616815],[-53.040611,-22.619426],[-53.047641,-22.623081],[-53.053756,-22.627468],[-53.059696,-22.630851],[-53.069038,-22.633325],[-53.074203,-22.636569],[-53.07814,-22.640697],[-53.086231,-22.652975],[-53.100196,-22.667057],[-53.123443,-22.685832],[-53.136856,-22.693878],[-53.165009,-22.689987]]]}},
{"type":"Feature","properties":{"IDHIDROVIA":200002911,"NOME":"Hidrovia do Solimões","NAVEGACAO":"Navegação Interior","TIPO":"Rio","VEL_CIONAL":10.0,"EXTENSAO":42.107266818100001,"TEMPO":"0d 4h 12min","CLA_ICACAO":"Navegável","NOME_RIO":"Rio Solimões","NOM_ECLUSA":null,"JURISDICAO":"AHIMOC","REG_RAFICA":"Região Hidrográfica Amazônica","PRO_DE_MIN":6.0,"PRO_DE_MAX":10.0,"DOMINIO":"União","OBSERVACAO":"Confluência com o rio Negro _AM_ até Tabatinga _AM_.","SNV":"Sim","FONTE":"LabTrans","IDM_ORIGEM":"BR130423","MUN_ORIGEM":"Tonantins","EST_ORIGEM":"AM","IDM_ESTINO":"BR130370","MUN_ESTINO":"Santo Antônio do Içá","EST_ESTINO":"AM","IDANTAQ":2,"CAMADA_SIM":"179","FLUXO":16507.0},"geometry":{"type":"MultiLineString","coordinates":[[[-67.924803,-3.14337],[-67.924803,-3.123595],[-67.924498,-3.114195],[-67.922179,-3.103087],[-67.91992,-3.096312],[-67.916991,-3.08679],[-67.910521,-3.076781],[-67.90399,-3.065001],[-67.900877,-3.057799],[-67.897704,-3.049193],[-67.893675,-3.03961],[-67.887572,-3.02838],[-67.879698,-3.019591],[-67.868468,-3.013304],[-67.857603,-3.008788],[-67.843687,-2.999571],[-67.834288,-2.993102],[-67.822508,-2.986021],[-67.814696,-2.981017],[-67.806883,-2.97589],[-67.797606,-2.967711],[-67.790099,-2.959776],[-67.785887,-2.953795],[-67.783324,-2.946288],[-67.782469,-2.940489],[-67.781676,-2.935423],[-67.779295,-2.926207],[-67.774413,-2.916502],[-67.769225,-2.910094],[-67.763426,-2.902586],[-67.762443,-2.901509]]]}},
{"type":"Feature","properties":{"IDHIDROVIA":200002913,"NOME":"Hidrovia do Sul","NAVEGACAO":"Navegação Interior","TIPO":"Laguna","VEL_CIONAL":10.0,"EXTENSAO":2.2,"TEMPO":"0d 0h 13min","CLA_ICACAO":"Navegável","NOME_RIO":"Lagoa dos Patos","NOM_ECLUSA":null,"JURISDICAO":"SPH","REG_RAFICA":"Região Hidrográfica Atlântico Sul","PRO_DE_MIN":5.4,"PRO_DE_MAX":5.4,"DOMINIO":"Estados ou Distrito Federal","OBSERVACAO":"Confluência com o oceano Atlântico até a confluência com o Lago Guaíba _RS_.","SNV":"Sim","FONTE":"LabTrans/Antaq","IDM_ORIGEM":"BR431560","MUN_ORIGEM":"Rio Grande","EST_ORIGEM":"RS","IDM_ESTINO":"BR431560","MUN_ESTINO":"Rio Grande","EST_ESTINO":"RS","IDANTAQ":18,"CAMADA_SIM":"180","FLUXO":989899.6},"geometry":{"type":"MultiLineString","coordinates":[[[-52.093025,-32.080998],[-52.095796,-32.085698],[-52.098383,-32.091518],[-52.100064,-32.095656],[-52.100711,-32.099019],[-52.100738,-32.09926]]]}},
{"type":"Feature","properties":{"IDHIDROVIA":200002914,"NOME":"Hidrovia do Sul","NAVEGACAO":"Navegação Interior","TIPO":"Laguna","VEL_CIONAL":10.0,"EXTENSAO":5.9,"TEMPO":"0d 0h 35min","CLA_ICACAO":"Navegável","NOME_RIO":"Lagoa dos Patos","NOM_ECLUSA":null,"JURISDICAO":"SPH","REG_RAFICA":"Região Hidrográfica Atlântico Sul","PRO_DE_MIN":5.4,"PRO_DE_MAX":5.4,"DOMINIO":"Estados ou Distrito Federal","OBSERVACAO":"Confluência com o oceano Atlântico até a confluência com o Lago Guaíba _RS_.","SNV":"Sim","FONTE":"LabTrans/Antaq","IDM_ORIGEM":"BR431560","MUN_ORIGEM":"Rio Grande","EST_ORIGEM":"RS","IDM_ESTINO":"BR431560","MUN_ESTINO":"Rio Grande","EST_ESTINO":"RS","IDANTAQ":18,"CAMADA_SIM":"181","FLUXO":989899.6},"geometry":{"type":"MultiLineString","coordinates":[[[-52.075164,-32.038542],[-52.073205,-32.040424],[-52.071837,-32.045718],[-52.070576,-32.052977],[-52.071094,-32.057374],[-52.074586,-32.062677],[-52.080535,-32.067333],[-52.08545,-32.071601],[-52.088812,-32.075093],[-52.091399,-32.078843],[-52.092821,-32.080654],[-52.093025,-32.080998]]]}},
{"type":"Feature","properties":{"IDHIDROVIA":200002915,"NOME":"Hidrovia do Sul","NAVEGACAO":"Navegação Interior","TIPO":"Laguna","VEL_CIONAL":10.0,"EXTENSAO":0.44,"TEMPO":"0d 0h 2min","CLA_ICACAO":"Navegável","NOME_RIO":"Lagoa dos Patos","NOM_ECLUSA":null,"JURISDICAO":"SPH","REG_RAFICA":"Região Hidrográfica Atlântico Sul","PRO_DE_MIN":5.4,"PRO_DE_MAX":5.4,"DOMINIO":"Estados ou Distrito Federal","OBSERVACAO":"Confluência com o oceano Atlântico até a confluência com o Lago Guaíba _RS_.","SNV":"Sim","FONTE":"LabTrans/Antaq","IDM_ORIGEM":"BR431560","MUN_ORIGEM":"Rio Grande","EST_ORIGEM":"RS","IDM_ESTINO":"BR431560","MUN_ESTINO":"Rio Grande","EST_ESTINO":"RS","IDANTAQ":18,"CAMADA_SIM":"182","FLUXO":788954.2},"geometry":{"type":"MultiLineString","coordinates":[[[-52.100738,-32.09926],[-52.101875,-32.103804],[-52.101884,-32.103936]]]}},
{"type":"Feature","properties":{"IDHIDROVIA":200002920,"NOME":"Hidrovia do Amazonas","NAVEGACAO":"Navegação Interior","TIPO":"Rio","VEL_CIONAL":25.0,"EXTENSAO":94.182277912000004,"TEMPO":"0d 3h 46min","CLA_ICACAO":"Navegável","NOME_RIO":"Rio Amazonas","NOM_ECLUSA":null,"JURISDICAO":"AHIMOR","REG_RAFICA":"Região Hidrográfica Amazônica","PRO_DE_MIN":5.0,"PRO_DE_MAX":7.5,"DOMINIO":"União","OBSERVACAO":null,"SNV":"Sim","FONTE":"LabTrans/Antaq","IDM_ORIGEM":"BR150480","MUN_ORIGEM":"Monte Alegre","EST_ORIGEM":"PA","IDM_ESTINO":"BR150680","MUN_ESTINO":"Santarém","EST_ESTINO":"PA","IDANTAQ":1,"CAMADA_SIM":"183","FLUXO":12307037.6},"geometry":{"type":"MultiLineString","coordinates":[[[-54.619992,-2.448561],[-54.618102,-2.449278],[-54.601011,-2.453794],[-54.583616,-2.457212],[-54.554625,-2.453368],[-54.539915,-2.455198],[-54.531798,-2.455016],[-54.523192,-2.456297],[-54.511777,-2.454222],[-54.499021,-2.452085],[-54.476194,-2.446898],[-54.460996,-2.443967],[-54.438474,-2.435179],[-54.426206,-2.42877],[-54.411008,-2.420713],[-54.396605,-2.411802],[-54.386777,-2.408323],[-54.376584,-2.406187],[-54.363402,-2.404905],[-54.350523,-2.404478],[-54.343198,-2.4046],[-54.331969,-2.405577],[-54.322203,-2.405577],[-54.313474,-2.405577],[-54.303282,-2.40521],[-54.295713,-2.40521],[-54.287413,-2.406371],[-54.279783,-2.408994],[-54.272581,-2.410886],[-54.261473,-2.41162],[-54.250182,-2.407408],[-54.241576,-2.403197],[-54.23181,-2.397704],[-54.213011,-2.389403],[-54.202696,-2.38452],[-54.17761,-2.374083],[-54.163268,-2.36688],[-54.151792,-2.360898],[-54.142271,-2.354308],[-54.13519,-2.348386],[-54.127501,-2.343382],[-54.110289,-2.329893],[-54.101011,-2.318601],[-54.091977,-2.306211],[-54.081907,-2.28961],[-54.071288,-2.27368],[-54.063718,-2.262205],[-54.056699,-2.250792],[-54.04791,-2.233579],[-54.0426,-2.218993],[-54.038206,-2.203],[-54.036985,-2.188292],[-54.036313,-2.172483],[-54.036313,-2.156614],[-54.036985,-2.140684],[-54.038511,-2.128416],[-54.038511,-2.121703],[-54.036985,-2.114684],[-54.033079,-2.107298],[-54.028502,-2.100279],[-54.025328,-2.094176],[-54.020018,-2.0838],[-54.017088,-2.075987],[-54.011899,-2.065611],[-54.006773,-2.054807],[-54.004311,-2.050883]]]}},
{"type":"Feature","properties":{"IDHIDROVIA":200002921,"NOME":"Hidrovia do Amazonas","NAVEGACAO":"Navegação Interior","TIPO":"Rio","VEL_CIONAL":15.0,"EXTENSAO":38.490398,"TEMPO":"0d 2h 33min","CLA_ICACAO":"Navegável","NOME_RIO":"Rio Amazonas","NOM_ECLUSA":null,"JURISDICAO":"AHIMOR","REG_RAFICA":"Região Hidrográfica Amazônica","PRO_DE_MIN":5.0,"PRO_DE_MAX":7.5,"DOMINIO":"União","OBSERVACAO":null,"SNV":"Sim","FONTE":"LabTrans/Antaq","IDM_ORIGEM":"BR150250","MUN_ORIGEM":"Chaves","EST_ORIGEM":"PA","IDM_ESTINO":"BR150030","MUN_ESTINO":"Afuá","EST_ESTINO":"PA","IDANTAQ":1,"CAMADA_SIM":"184","FLUXO":2164.9},"geometry":{"type":"MultiLineString","coordinates":[[[-50.750398,0.125209],[-50.712722,0.149858],[-50.671073,0.184889],[-50.655363,0.200624],[-50.642941,0.218699],[-50.627003,0.236069],[-50.60544,0.256489],[-50.569583,0.294277],[-50.541289,0.340106],[-50.528633,0.360298],[-50.519925,0.383103]]]}},
{"type":"Feature","properties":{"IDHIDROVIA":200002929,"NOME":"Hidrovia do Tietê - Paraná","NAVEGACAO":"Navegação Interior","TIPO":"Rio","VEL_CIONAL":10.0,"EXTENSAO":41.7219713219,"TEMPO":"0d 4h 10min","CLA_ICACAO":"Navegável","NOME_RIO":"Rio Paraná","NOM_ECLUSA":null,"JURISDICAO":"AHRANA","REG_RAFICA":"Região Hidrográfica do Paraná","PRO_DE_MIN":12.0,"PRO_DE_MAX":22.0,"DOMINIO":"União","OBSERVACAO":null,"SNV":"Sim","FONTE":"ANA/Antaq","IDM_ORIGEM":"BR410830","MUN_ORIGEM":"Foz do Iguaçu","EST_ORIGEM":"PR","IDM_ESTINO":"BR412350","MUN_ESTINO":"Santa Helena","EST_ESTINO":"PR","IDANTAQ":3,"CAMADA_SIM":"185","FLUXO":169725.0},"geometry":{"type":"MultiLineString","coordinates":[[[-54.442848,-25.001617],[-54.445756,-25.01562],[-54.449818,-25.033412],[-54.453276,-25.047952],[-54.455314,-25.060534],[-54.457016,-25.072427],[-54.457295,-25.084723],[-54.45662,-25.096685],[-54.453446,-25.104972],[-54.444659,-25.115413],[-54.439624,-25.121559],[-54.436627,-25.125903],[-54.433658,-25.132055],[-54.431158,-25.140629],[-54.431952,-25.147538],[-54.434632,-25.156425],[-54.439191,-25.165167],[-54.442827,-25.170472],[-54.446609,-25.175004],[-54.453716,-25.182365],[-54.460898,-25.191033],[-54.464696,-25.197798],[-54.471921,-25.214366],[-54.479599,-25.233688],[-54.484496,-25.249252],[-54.493043,-25.278499],[-54.498491,-25.294924],[-54.506593,-25.307385],[-54.513877,-25.317195],[-54.523335,-25.326381],[-54.529228,-25.330832],[-54.536946,-25.338187],[-54.540854,-25.342834]]]}},
{"type":"Feature","properties":{"IDHIDROVIA":200002931,"NOME":"Hidrovia do Tietê - Paraná","NAVEGACAO":"Navegação Interior","TIPO":"Rio","VEL_CIONAL":10.0,"EXTENSAO":8.3754738784599994,"TEMPO":"0d 0h 50min","CLA_ICACAO":"Navegação inexpressiva","NOME_RIO":"Rio Piquiri","NOM_ECLUSA":null,"JURISDICAO":"AHRANA","REG_RAFICA":"Região Hidrográfica do Paraná","PRO_DE_MIN":1.0,"PRO_DE_MAX":1.4,"DOMINIO":"Estados ou Distrito Federal","OBSERVACAO":null,"SNV":"Sim","FONTE":"ANA/Antaq","IDM_ORIGEM":"BR500568","MUN_ORIGEM":"Mundo Novo","EST_ORIGEM":"MS","IDM_ESTINO":"BR411790","MUN_ESTINO":"Palotina","EST_ESTINO":"PR","IDANTAQ":3,"CAMADA_SIM":"186","FLUXO":1075140.0},"geometry":{"type":"MultiLineString","coordinates":[[[-54.162753,-24.056476],[-54.162863,-24.056528],[-54.185217,-24.059208],[-54.199522,-24.060997],[-54.217407,-24.060103],[-54.232607,-24.053844],[-54.242252,-24.049746]]]}},
{"type":"Feature","properties":{"IDHIDROVIA":200002932,"NOME":"Hidrovia do Tietê - Paraná","NAVEGACAO":"Navegação Interior","TIPO":"Rio","VEL_CIONAL":10.0,"EXTENSAO":6.59290909009,"TEMPO":"0d 0h 39min","CLA_ICACAO":"Navegável","NOME_RIO":"Rio Paraná","NOM_ECLUSA":null,"JURISDICAO":"AHRANA","REG_RAFICA":"Região Hidrográfica do Paraná","PRO_DE_MIN":12.0,"PRO_DE_MAX":22.0,"DOMINIO":"União","OBSERVACAO":null,"SNV":"Sim","FONTE":"ANA/Antaq","IDM_ORIGEM":"BR410830","MUN_ORIGEM":"Foz do Iguaçu","EST_ORIGEM":"PR","IDM_ESTINO":"BR412350","MUN_ESTINO":"Santa Helena","EST_ESTINO":"PR","IDANTAQ":3,"CAMADA_SIM":"187","FLUXO":369952.7},"geometry":{"type":"MultiLineString","coordinates":[[[-54.379922,-24.87231],[-54.380977,-24.874051],[-54.38422,-24.875634],[-54.387636,-24.87824],[-54.391851,-24.880109],[-54.396073,-24.881923],[-54.400069,-24.884609],[-54.403013,-24.88773],[-54.410857,-24.897351],[-54.417355,-24.913833],[-54.418658,-24.917022]]]}},
{"type":"Feature","properties":{"IDHIDROVIA":200002933,"NOME":"Hidrovia do Tietê - Paraná","NAVEGACAO":"Navegação Interior","TIPO":"Rio","VEL_CIONAL":10.0,"EXTENSAO":9.7318324438200001,"TEMPO":"0d 0h 58min","CLA_ICACAO":"Navegável","NOME_RIO":"Rio Paraná","NOM_ECLUSA":null,"JURISDICAO":"AHRANA","REG_RAFICA":"Região Hidrográfica do Paraná","PRO_DE_MIN":12.0,"PRO_DE_MAX":22.0,"DOMINIO":"União","OBSERVACAO":null,"SNV":"Sim","FONTE":"ANA/Antaq","IDM_ORIGEM":"BR410830","MUN_ORIGEM":"Foz do Iguaçu","EST_ORIGEM":"PR","IDM_ESTINO":"BR412350","MUN_ESTINO":"Santa Helena","EST_ESTINO":"PR","IDANTAQ":3,"CAMADA_SIM":"188","FLUXO":169725.0},"geometry":{"type":"MultiLineString","coordinates":[[[-54.418658,-24.917022],[-54.424982,-24.932503],[-54.43061,-24.945658],[-54.437817,-24.969491],[-54.440792,-24.988438],[-54.442546,-25.000164],[-54.442848,-25.001617]]]}},
{"type":"Feature","properties":{"IDHIDROVIA":200002934,"NOME":"Hidrovia do Tietê - Paraná","NAVEGACAO":"Navegação Interior","TIPO":"Rio","VEL_CIONAL":10.0,"EXTENSAO":10.841629016200001,"TEMPO":"0d 1h 5min","CLA_ICACAO":"Navegável","NOME_RIO":"Rio Paraná","NOM_ECLUSA":null,"JURISDICAO":"AHRANA","REG_RAFICA":"Região Hidrográfica do Paraná","PRO_DE_MIN":12.0,"PRO_DE_MAX":22.0,"DOMINIO":"União","OBSERVACAO":null,"SNV":"Sim","FONTE":"ANA/Antaq","IDM_ORIGEM":"BR410830","MUN_ORIGEM":"Foz do Iguaçu","EST_ORIGEM":"PR","IDM_ESTINO":"BR412350","MUN_ESTINO":"Santa Helena","EST_ESTINO":"PR","IDANTAQ":3,"CAMADA_SIM":"189","FLUXO":169725.0},"geometry":{"type":"MultiLineString","coordinates":[[[-54.540854,-25.342834],[-54.543996,-25.346571],[-54.556578,-25.360669],[-54.563184,-25.367301],[-54.591805,-25.389628],[-54.599918,-25.391774],[-54.605314,-25.391739],[-54.612881,-25.390657],[-54.615304,-25.391114],[-54.61766,-25.391573],[-54.621205,-25.393616],[-54.623899,-25.395548],[-54.623772,-25.396401]]]}},
{"type":"Feature","properties":{"IDHIDROVIA":200002948,"NOME":"Hidrovia do Madeira","NAVEGACAO":"Navegação Interior","TIPO":"Rio","VEL_CIONAL":22.0,"EXTENSAO":105.9152904,"TEMPO":"0d 4h 48min","CLA_ICACAO":"Navegável","NOME_RIO":"Rio Madeira","NOM_ECLUSA":null,"JURISDICAO":"AHIMOC","REG_RAFICA":"Região Hidrográfica Amazônica","PRO_DE_MIN":2.0,"PRO_DE_MAX":7.0,"DOMINIO":"União","OBSERVACAO":"Foz no rio Amazonas _AM_ até a confluência dos rios Beni _rio boliviano_ e Mamoré _RO_.","SNV":"Sim","FONTE":"LabTrans/Antaq","IDM_ORIGEM":"BR130170","MUN_ORIGEM":"Humaitá","EST_ORIGEM":"AM","IDM_ESTINO":"BR130270","MUN_ESTINO":"Manicoré","EST_ESTINO":"AM","IDANTAQ":5,"CAMADA_SIM":"190","FLUXO":10888055.9},"geometry":{"type":"MultiLineString","coordinates":[[[-62.651712,-6.840401],[-62.648313,-6.8338],[-62.639403,-6.817198],[-62.626891,-6.804808],[-62.614927,-6.797118],[-62.60681,-6.793578],[-62.59509,-6.789609],[-62.580992,-6.782591],[-62.568174,-6.775328],[-62.558408,-6.768979],[-62.54608,-6.760496],[-62.535398,-6.754209],[-62.525022,-6.750303],[-62.518003,-6.749814],[-62.504393,-6.75189],[-62.496702,-6.755308],[-62.489316,-6.758421],[-62.48248,-6.761594],[-62.468504,-6.771422],[-62.458677,-6.773801],[-62.449827,-6.773679],[-62.44348,-6.771787],[-62.435484,-6.770078],[-62.429868,-6.768674],[-62.4223,-6.770078],[-62.414793,-6.772092],[-62.405698,-6.775328],[-62.398192,-6.775083],[-62.392882,-6.773679],[-62.387816,-6.770201],[-62.378171,-6.761716],[-62.373105,-6.755124],[-62.369199,-6.748594],[-62.367185,-6.743407],[-62.363402,-6.736997],[-62.357298,-6.727782],[-62.350768,-6.717527],[-62.346007,-6.705687],[-62.343504,-6.696898],[-62.340696,-6.683774],[-62.338194,-6.669798],[-62.336179,-6.655211],[-62.335875,-6.640685],[-62.339475,-6.625303],[-62.341185,-6.61157],[-62.342894,-6.598874],[-62.346007,-6.586484],[-62.35327,-6.577207],[-62.364378,-6.566283],[-62.372678,-6.558469],[-62.373105,-6.552977],[-62.368772,-6.546202],[-62.358823,-6.541502],[-62.343381,-6.535216],[-62.333373,-6.529416],[-62.325682,-6.522397],[-62.318418,-6.517577],[-62.307676,-6.510679],[-62.299802,-6.503599],[-62.294187,-6.496885],[-62.28961,-6.490598],[-62.2843,-6.479674],[-62.282285,-6.471982],[-62.280211,-6.450803],[-62.275815,-6.433469],[-62.266111,-6.410093],[-62.261899,-6.386289],[-62.258177,-6.372923],[-62.251097,-6.360593],[-62.245908,-6.349425],[-62.241819,-6.334592],[-62.24011,-6.323301],[-62.241208,-6.294675],[-62.244872,-6.281676],[-62.247374,-6.255492],[-62.244199,-6.240172],[-62.236387,-6.229123],[-62.227415,-6.222411],[-62.217894,-6.21649],[-62.21201,-6.212727]]]}},
{"type":"Feature","properties":{"IDHIDROVIA":200002951,"NOME":"Hidrovia do Madeira","NAVEGACAO":"Navegação Interior","TIPO":"Rio","VEL_CIONAL":22.0,"EXTENSAO":75.741679861899996,"TEMPO":"0d 3h 26min","CLA_ICACAO":"Navegável","NOME_RIO":"Rio Madeira","NOM_ECLUSA":null,"JURISDICAO":"AHIMOC","REG_RAFICA":"Região Hidrográfica Amazônica","PRO_DE_MIN":2.0,"PRO_DE_MAX":7.0,"DOMINIO":"União","OBSERVACAO":"Foz no rio Amazonas _AM_ até a confluência dos rios Beni _rio boliviano_ e Mamoré _RO_.","SNV":"Sim","FONTE":"LabTrans/Antaq","IDM_ORIGEM":"BR130080","MUN_ORIGEM":"Borba","EST_ORIGEM":"AM","IDM_ESTINO":"BR130080","MUN_ESTINO":"Borba","EST_ESTINO":"AM","IDANTAQ":5,"CAMADA_SIM":"191","FLUXO":10888055.9},"geometry":{"type":"MultiLineString","coordinates":[[[-59.919875,-4.788878],[-59.925902,-4.772092],[-59.928099,-4.751096],[-59.922606,-4.731993],[-59.920408,-4.720396],[-59.921202,-4.707396],[-59.922727,-4.69708],[-59.925474,-4.685178],[-59.928221,-4.678587],[-59.928221,-4.666686],[-59.924193,-4.653196],[-59.923093,-4.63391],[-59.918883,-4.612607],[-59.908994,-4.596189],[-59.894286,-4.578368],[-59.880186,-4.561217],[-59.870299,-4.543883],[-59.857298,-4.512876],[-59.851683,-4.496703],[-59.841124,-4.484372],[-59.833311,-4.469908],[-59.823301,-4.449582],[-59.807921,-4.432799],[-59.797178,-4.420714],[-59.788694,-4.412168],[-59.782102,-4.404173],[-59.769103,-4.38458],[-59.757078,-4.369383],[-59.744078,-4.349973],[-59.726878,-4.331722],[-59.715921,-4.322907],[-59.709806,-4.32072],[-59.701877,-4.321587],[-59.685423,-4.327207],[-59.673399,-4.340207],[-59.666502,-4.354796],[-59.651609,-4.366698],[-59.63391,-4.37689],[-59.620969,-4.382994],[-59.607602,-4.384825],[-59.595579,-4.38098]]]}},
{"type":"Feature","properties":{"IDHIDROVIA":200002952,"NOME":"Hidrovia do Madeira","NAVEGACAO":"Navegação Interior","TIPO":"Rio","VEL_CIONAL":22.0,"EXTENSAO":75.300820501299995,"TEMPO":"0d 3h 25min","CLA_ICACAO":"Navegável","NOME_RIO":"Rio Madeira","NOM_ECLUSA":null,"JURISDICAO":"AHIMOC","REG_RAFICA":"Região Hidrográfica Amazônica","PRO_DE_MIN":2.0,"PRO_DE_MAX":7.0,"DOMINIO":"União","OBSERVACAO":"Foz no rio Amazonas _AM_ até a confluência dos rios Beni _rio boliviano_ e Mamoré _RO_.","SNV":"Sim","FONTE":"LabTrans/Antaq","IDM_ORIGEM":"BR130270","MUN_ORIGEM":"Manicoré","EST_ORIGEM":"AM","IDM_ESTINO":"BR130270","MUN_ESTINO":"Manicoré","EST_ESTINO":"AM","IDANTAQ":5,"CAMADA_SIM":"192","FLUXO":10888055.9},"geometry":{"type":"MultiLineString","coordinates":[[[-61.306063,-5.812313],[-61.305785,-5.810912],[-61.302793,-5.799497],[-61.295713,-5.784911],[-61.288877,-5.770078],[-61.279783,-5.742003],[-61.276609,-5.725706],[-61.275022,-5.702879],[-61.274473,-5.687192],[-61.271788,-5.66937],[-61.263914,-5.658689],[-61.249571,-5.65399],[-61.234006,-5.654601],[-61.212096,-5.651487],[-61.197386,-5.645628],[-61.185605,-5.640501],[-61.167723,-5.634093],[-61.148802,-5.625791],[-61.140379,-5.616881],[-61.12982,-5.604917],[-61.118772,-5.591368],[-61.10797,-5.57971],[-61.101804,-5.575071],[-61.089598,-5.573911],[-61.078307,-5.576902],[-61.052306,-5.582213],[-61.032774,-5.589171],[-61.018918,-5.594481],[-61.004393,-5.602782],[-60.995908,-5.605406],[-60.98651,-5.604491],[-60.973874,-5.597593],[-60.956603,-5.585874],[-60.943784,-5.576781],[-60.923827,-5.564085],[-60.911681,-5.550718],[-60.903013,-5.54022],[-60.893003,-5.528196],[-60.88098,-5.518674],[-60.867002,-5.515685],[-60.856993,-5.514524],[-60.846007,-5.513425],[-60.829222,-5.506102],[-60.815287,-5.498831]]]}},
{"type":"Feature","properties":{"IDHIDROVIA":200002959,"NOME":"Hidrovia do Madeira","NAVEGACAO":"Navegação Interior","TIPO":"Rio","VEL_CIONAL":22.0,"EXTENSAO":73.987304916699998,"TEMPO":"0d 3h 21min","CLA_ICACAO":"Navegável","NOME_RIO":"Rio Madeira","NOM_ECLUSA":null,"JURISDICAO":"AHIMOC","REG_RAFICA":"Região Hidrográfica Amazônica","PRO_DE_MIN":2.0,"PRO_DE_MAX":7.0,"DOMINIO":"União","OBSERVACAO":"Foz no rio Amazonas _AM_ até a confluência dos rios Beni _rio boliviano_ e Mamoré _RO_.","SNV":"Sim","FONTE":"LabTrans/Antaq","IDM_ORIGEM":"BR130330","MUN_ORIGEM":"Novo Aripuanã","EST_ORIGEM":"AM","IDM_ESTINO":"BR130080","MUN_ESTINO":"Borba","EST_ESTINO":"AM","IDANTAQ":5,"CAMADA_SIM":"193","FLUXO":10888055.9},"geometry":{"type":"MultiLineString","coordinates":[[[-60.397863,-5.104477],[-60.394103,-5.09979],[-60.380491,-5.092589],[-60.349119,-5.088682],[-60.329588,-5.076476],[-60.310789,-5.06378],[-60.294004,-5.045897],[-60.277098,-5.020323],[-60.269713,-5.007201],[-60.261594,-4.993285],[-60.254088,-4.979796],[-60.248716,-4.96301],[-60.244687,-4.948972],[-60.240293,-4.935605],[-60.231687,-4.921202],[-60.224181,-4.913878],[-60.213988,-4.906371],[-60.200194,-4.90051],[-60.182493,-4.898679],[-60.160398,-4.902281],[-60.142088,-4.909604],[-60.128722,-4.914488],[-60.11041,-4.921507],[-60.094298,-4.922178],[-60.075926,-4.916686],[-60.06561,-4.910398],[-60.051878,-4.902097],[-60.033568,-4.894896],[-60.009397,-4.884398],[-59.989989,-4.874571],[-59.972289,-4.870299],[-59.956113,-4.867674],[-59.936095,-4.860471],[-59.926206,-4.855284],[-59.918393,-4.84912],[-59.914304,-4.843504],[-59.913206,-4.834105],[-59.914793,-4.826291],[-59.914915,-4.819518],[-59.912596,-4.810423],[-59.914183,-4.799924],[-59.91937,-4.790282],[-59.919875,-4.788878]]]}},
{"type":"Feature","properties":{"IDHIDROVIA":200002960,"NOME":"Hidrovia do Madeira","NAVEGACAO":"Navegação Interior","TIPO":"Rio","VEL_CIONAL":22.0,"EXTENSAO":73.596174789599999,"TEMPO":"0d 3h 20min","CLA_ICACAO":"Navegável","NOME_RIO":"Rio Madeira","NOM_ECLUSA":null,"JURISDICAO":"AHIMOC","REG_RAFICA":"Região Hidrográfica Amazônica","PRO_DE_MIN":2.0,"PRO_DE_MAX":7.0,"DOMINIO":"União","OBSERVACAO":"Foz no rio Amazonas _AM_ até a confluência dos rios Beni _rio boliviano_ e Mamoré _RO_.","SNV":"Sim","FONTE":"LabTrans/Antaq","IDM_ORIGEM":"BR130270","MUN_ORIGEM":"Manicoré","EST_ORIGEM":"AM","IDM_ESTINO":"BR130330","MUN_ESTINO":"Novo Aripuanã","EST_ESTINO":"AM","IDANTAQ":5,"CAMADA_SIM":"194","FLUXO":10888055.9},"geometry":{"type":"MultiLineString","coordinates":[[[-60.815287,-5.498831],[-60.810972,-5.49658],[-60.795591,-5.488584],[-60.775083,-5.478697],[-60.757505,-5.470702],[-60.743468,-5.464171],[-60.73541,-5.460691],[-60.732419,-5.457213],[-60.73071,-5.449216],[-60.732725,-5.442503],[-60.736082,-5.433286],[-60.741697,-5.419675],[-60.74658,-5.404173],[-60.75128,-5.38812],[-60.752684,-5.375486],[-60.749571,-5.360228],[-60.74481,-5.344786],[-60.740599,-5.33441],[-60.736693,-5.325193],[-60.728879,-5.314817],[-60.725583,-5.311094],[-60.7218,-5.308409],[-60.716124,-5.305296],[-60.709288,-5.303282],[-60.692014,-5.301206],[-60.677976,-5.300779],[-60.663083,-5.301084],[-60.645018,-5.300779],[-60.632627,-5.299192],[-60.621274,-5.296872],[-60.613585,-5.293578],[-60.600768,-5.283994],[-60.593321,-5.279173],[-60.584105,-5.273314],[-60.574399,-5.267882],[-60.561278,-5.260496],[-60.551023,-5.254209],[-60.539121,-5.24359],[-60.528868,-5.2312],[-60.523496,-5.220579],[-60.511411,-5.207883],[-60.494993,-5.198606],[-60.473508,-5.191588],[-60.464109,-5.189269],[-60.452696,-5.186827],[-60.44238,-5.179808],[-60.431089,-5.169493],[-60.424985,-5.161313],[-60.421385,-5.149413],[-60.41821,-5.139097],[-60.411924,-5.12628],[-60.405028,-5.113401],[-60.397863,-5.104477]]]}},
{"type":"Feature","properties":{"IDHIDROVIA":200002961,"NOME":"Hidrovia do Madeira","NAVEGACAO":"Navegação Interior","TIPO":"Rio","VEL_CIONAL":22.0,"EXTENSAO":65.8703834911,"TEMPO":"0d 2h 59min","CLA_ICACAO":"Navegável","NOME_RIO":"Rio Madeira","NOM_ECLUSA":null,"JURISDICAO":"AHIMOC","REG_RAFICA":"Região Hidrográfica Amazônica","PRO_DE_MIN":2.0,"PRO_DE_MAX":7.0,"DOMINIO":"União","OBSERVACAO":"Foz no rio Amazonas _AM_ até a confluência dos rios Beni _rio boliviano_ e Mamoré _RO_.","SNV":"Sim","FONTE":"LabTrans/Antaq","IDM_ORIGEM":"BR130270","MUN_ORIGEM":"Manicoré","EST_ORIGEM":"AM","IDM_ESTINO":"BR130270","MUN_ESTINO":"Manicoré","EST_ESTINO":"AM","IDANTAQ":5,"CAMADA_SIM":"195","FLUXO":10888055.9},"geometry":{"type":"MultiLineString","coordinates":[[[-61.665416,-5.984166],[-61.666808,-5.974425],[-61.67108,-5.965575],[-61.676999,-5.959227],[-61.682616,-5.953185],[-61.686705,-5.947996],[-61.693601,-5.938718],[-61.699277,-5.926878],[-61.702818,-5.915403],[-61.703673,-5.907591],[-61.703794,-5.901304],[-61.702696,-5.894286],[-61.699399,-5.887388],[-61.691588,-5.880186],[-61.679502,-5.873777],[-61.665587,-5.870786],[-61.652707,-5.868712],[-61.638975,-5.865477],[-61.630186,-5.862485],[-61.617795,-5.858092],[-61.606504,-5.85388],[-61.593992,-5.84979],[-61.583983,-5.846494],[-61.568601,-5.842711],[-61.5473,-5.838682],[-61.532774,-5.838377],[-61.520628,-5.841978],[-61.509886,-5.848081],[-61.495908,-5.860471],[-61.48541,-5.869627],[-61.476072,-5.870176],[-61.467528,-5.867369],[-61.460386,-5.860288],[-61.455199,-5.851804],[-61.450499,-5.842711],[-61.44531,-5.83447],[-61.438901,-5.821593],[-61.433104,-5.810728],[-61.424925,-5.802427],[-61.418027,-5.798827],[-61.405088,-5.794493],[-61.389097,-5.795897],[-61.377501,-5.801023],[-61.367002,-5.810912],[-61.357298,-5.823911],[-61.347411,-5.836301],[-61.335386,-5.839109],[-61.323607,-5.839292],[-61.313474,-5.835509],[-61.308714,-5.825681],[-61.306063,-5.812313]]]}},
{"type":"Feature","properties":{"IDHIDROVIA":200002962,"NOME":"Hidrovia do Madeira","NAVEGACAO":"Navegação Interior","TIPO":"Rio","VEL_CIONAL":22.0,"EXTENSAO":41.122948470300003,"TEMPO":"0d 1h 52min","CLA_ICACAO":"Navegável","NOME_RIO":"Rio Madeira","NOM_ECLUSA":null,"JURISDICAO":"AHIMOC","REG_RAFICA":"Região Hidrográfica Amazônica","PRO_DE_MIN":2.0,"PRO_DE_MAX":7.0,"DOMINIO":"União","OBSERVACAO":"Foz no rio Amazonas _AM_ até a confluência dos rios Beni _rio boliviano_ e Mamoré _RO_.","SNV":"Sim","FONTE":"LabTrans/Antaq","IDM_ORIGEM":"BR130270","MUN_ORIGEM":"Manicoré","EST_ORIGEM":"AM","IDM_ESTINO":"BR130270","MUN_ESTINO":"Manicoré","EST_ESTINO":"AM","IDANTAQ":5,"CAMADA_SIM":"196","FLUXO":10888055.9},"geometry":{"type":"MultiLineString","coordinates":[[[-61.847401,-6.249766],[-61.843809,-6.247678],[-61.837583,-6.24011],[-61.834288,-6.226621],[-61.833373,-6.216795],[-61.832579,-6.207883],[-61.832273,-6.198606],[-61.832579,-6.189695],[-61.83209,-6.177122],[-61.831296,-6.167296],[-61.827513,-6.152097],[-61.823911,-6.145201],[-61.818967,-6.140501],[-61.814084,-6.136899],[-61.808469,-6.135801],[-61.79907,-6.136594],[-61.792723,-6.139097],[-61.785887,-6.142088],[-61.779417,-6.142515],[-61.775022,-6.141295],[-61.768613,-6.135008],[-61.76428,-6.127989],[-61.762205,-6.122618],[-61.761777,-6.117003],[-61.762999,-6.109678],[-61.764707,-6.104796],[-61.76599,-6.097776],[-61.766477,-6.090207],[-61.764097,-6.084105],[-61.750974,-6.073179],[-61.743589,-6.06909],[-61.736204,-6.064269],[-61.729674,-6.059568],[-61.721921,-6.054319],[-61.714475,-6.049192],[-61.70239,-6.039609],[-61.689695,-6.029111],[-61.682187,-6.021177],[-61.676999,-6.015317],[-61.672178,-6.006223],[-61.666868,-5.995909],[-61.665281,-5.985106],[-61.665416,-5.984166]]]}},
{"type":"Feature","properties":{"IDHIDROVIA":200002963,"NOME":"Hidrovia do Madeira","NAVEGACAO":"Navegação Interior","TIPO":"Rio","VEL_CIONAL":22.0,"EXTENSAO":42.758975339899997,"TEMPO":"0d 1h 56min","CLA_ICACAO":"Navegável","NOME_RIO":"Rio Madeira","NOM_ECLUSA":null,"JURISDICAO":"AHIMOC","REG_RAFICA":"Região Hidrográfica Amazônica","PRO_DE_MIN":2.0,"PRO_DE_MAX":7.0,"DOMINIO":"União","OBSERVACAO":"Foz no rio Amazonas _AM_ até a confluência dos rios Beni _rio boliviano_ e Mamoré _RO_.","SNV":"Sim","FONTE":"LabTrans/Antaq","IDM_ORIGEM":"BR130270","MUN_ORIGEM":"Manicoré","EST_ORIGEM":"AM","IDM_ESTINO":"BR130270","MUN_ESTINO":"Manicoré","EST_ESTINO":"AM","IDANTAQ":5,"CAMADA_SIM":"197","FLUXO":10888055.9},"geometry":{"type":"MultiLineString","coordinates":[[[-62.21201,-6.212727],[-62.203673,-6.207396],[-62.194273,-6.202574],[-62.182616,-6.196898],[-62.167479,-6.190489],[-62.149779,-6.187621],[-62.129576,-6.190427],[-62.112302,-6.199399],[-62.097289,-6.211179],[-62.087096,-6.218504],[-62.078794,-6.223691],[-62.067503,-6.229186],[-62.058591,-6.23242],[-62.044919,-6.237485],[-62.031675,-6.240598],[-62.019103,-6.243102],[-61.997312,-6.247678],[-61.975096,-6.249204],[-61.95349,-6.250303],[-61.940978,-6.250426],[-61.926512,-6.247373],[-61.913023,-6.248717],[-61.902707,-6.249692],[-61.886107,-6.252317],[-61.869078,-6.253783],[-61.8562,-6.254881],[-61.847401,-6.249766]]]}},
{"type":"Feature","properties":{"IDHIDROVIA":200002964,"NOME":"Hidrovia do Madeira","NAVEGACAO":"Navegação Interior","TIPO":"Rio","VEL_CIONAL":22.0,"EXTENSAO":99.535162937199999,"TEMPO":"0d 4h 31min","CLA_ICACAO":"Navegável","NOME_RIO":"Rio Madeira","NOM_ECLUSA":null,"JURISDICAO":"AHIMOC","REG_RAFICA":"Região Hidrográfica Amazônica","PRO_DE_MIN":2.0,"PRO_DE_MAX":7.0,"DOMINIO":"União","OBSERVACAO":"Foz no rio Amazonas _AM_ até a confluência dos rios Beni _rio boliviano_ e Mamoré _RO_.","SNV":"Sim","FONTE":"LabTrans/Antaq","IDM_ORIGEM":"BR130170","MUN_ORIGEM":"Humaitá","EST_ORIGEM":"AM","IDM_ESTINO":"BR130170","MUN_ESTINO":"Humaitá","EST_ESTINO":"AM","IDANTAQ":5,"CAMADA_SIM":"198","FLUXO":10888055.9},"geometry":{"type":"MultiLineString","coordinates":[[[-63.008983,-7.516708],[-63.009703,-7.514769],[-63.011167,-7.510008],[-63.012999,-7.504088],[-63.015807,-7.494078],[-63.019224,-7.477782],[-63.020383,-7.460081],[-63.018003,-7.448179],[-63.010984,-7.430174],[-63.00659,-7.4187],[-63.002501,-7.408872],[-62.997495,-7.397886],[-62.989623,-7.385496],[-62.975279,-7.371885],[-62.967283,-7.365415],[-62.958677,-7.356078],[-62.95239,-7.347104],[-62.946897,-7.334775],[-62.943114,-7.322325],[-62.939391,-7.307676],[-62.935972,-7.289977],[-62.933774,-7.277281],[-62.930478,-7.262388],[-62.926206,-7.252805],[-62.919187,-7.234678],[-62.914183,-7.222104],[-62.910215,-7.201108],[-62.906126,-7.189206],[-62.903502,-7.181395],[-62.899413,-7.170409],[-62.892088,-7.153013],[-62.884093,-7.134703],[-62.879027,-7.123105],[-62.875791,-7.111204],[-62.872008,-7.09979],[-62.868895,-7.091673],[-62.866819,-7.082396],[-62.863768,-7.073667],[-62.8598,-7.065915],[-62.85681,-7.05322],[-62.859372,-7.043821],[-62.859983,-7.036985],[-62.858274,-7.024289],[-62.853819,-7.018492],[-62.848387,-7.013976],[-62.837888,-7.008604],[-62.82739,-7.004514],[-62.81732,-7.00311],[-62.805785,-7.004026],[-62.795591,-7.007811],[-62.785398,-7.01251],[-62.775388,-7.018614],[-62.762999,-7.0249],[-62.747495,-7.033079],[-62.73828,-7.03662],[-62.728025,-7.037595],[-62.719968,-7.035398],[-62.714109,-7.028806],[-62.705626,-7.016173],[-62.699582,-7.005186],[-62.692686,-6.993102],[-62.685178,-6.980711],[-62.679625,-6.971372],[-62.672483,-6.959592],[-62.666379,-6.95001],[-62.658202,-6.933226],[-62.6546,-6.920469],[-62.652098,-6.903013],[-62.652219,-6.891783],[-62.653807,-6.878783],[-62.658019,-6.864805],[-62.656798,-6.850278],[-62.651712,-6.840401]]]}},
{"type":"Feature","properties":{"IDHIDROVIA":200002979,"NOME":"Via Navegável Internacional do Rio Marañon","NAVEGACAO":"Navegação Interior","TIPO":"Rio","VEL_CIONAL":10.0,"EXTENSAO":489.15291872,"TEMPO":"2d 0h 54min","CLA_ICACAO":"Navegável","NOME_RIO":"Rio Marañon","NOM_ECLUSA":null,"JURISDICAO":null,"REG_RAFICA":null,"PRO_DE_MIN":2.0,"PRO_DE_MAX":6.0,"DOMINIO":null,"OBSERVACAO":null,"SNV":"Não","FONTE":"ANA/Antaq","IDM_ORIGEM":null,"MUN_ORIGEM":null,"EST_ORIGEM":null,"IDM_ESTINO":"BR130406","MUN_ESTINO":"Tabatinga","EST_ESTINO":"AM","IDANTAQ":0,"CAMADA_SIM":"199","FLUXO":16507.0},"geometry":{"type":"MultiLineString","coordinates":[[[-73.205573,-3.714351],[-73.205573,-3.714005],[-73.198431,-3.7033],[-73.169882,-3.702703],[-73.153227,-3.694376],[-73.140135,-3.681884],[-73.128837,-3.668203],[-73.125266,-3.65571],[-73.127052,-3.646192],[-73.124671,-3.633699],[-73.132407,-3.602168],[-73.148611,-3.577049],[-73.13381,-3.561583],[-73.105834,-3.522159],[-73.016807,-3.481456],[-72.973563,-3.478914],[-72.909972,-3.497989],[-72.812042,-3.457291],[-72.775154,-3.46238],[-72.764769,-3.467572],[-72.71665,-3.491633],[-72.692481,-3.495448],[-72.669593,-3.463652],[-72.664871,-3.459979],[-72.658148,-3.45475],[-72.591376,-3.466196],[-72.563391,-3.478914],[-72.51506,-3.478914],[-72.479454,-3.511982],[-72.442565,-3.534873],[-72.415863,-3.547594],[-72.356086,-3.534873],[-72.297576,-3.532331],[-72.2219,-3.513253],[-72.172302,-3.477641],[-72.141777,-3.447118],[-72.102348,-3.438216],[-72.055289,-3.434398],[-71.961173,-3.416593],[-71.90267,-3.410232],[-71.899558,-3.407443],[-71.88423,-3.393701],[-71.876593,-3.364449],[-71.876593,-3.350458],[-71.868965,-3.335195],[-71.851157,-3.328832],[-71.843406,-3.329387],[-71.833358,-3.330109],[-71.800285,-3.346643],[-71.771034,-3.384797],[-71.75959,-3.392425],[-71.7508,-3.403725],[-71.74687,-3.426769],[-71.740509,-3.485272],[-71.728767,-3.533278],[-71.730552,-3.549932],[-71.729956,-3.574917],[-71.731147,-3.582653],[-71.73542,-3.597195],[-71.735907,-3.613585],[-71.734718,-3.622507],[-71.737098,-3.635593],[-71.740661,-3.644515],[-71.743637,-3.662957],[-71.724601,-3.695676],[-71.688316,-3.719469],[-71.609793,-3.748616],[-71.588972,-3.757543],[-71.562797,-3.766465],[-71.539596,-3.781337],[-71.530081,-3.795612],[-71.525679,-3.816613],[-71.522345,-3.833089],[-71.523428,-3.837429],[-71.52413,-3.840228],[-71.517593,-3.847367],[-71.486655,-3.864024],[-71.468215,-3.869378],[-71.442038,-3.874137],[-71.412895,-3.873539],[-71.406981,-3.872177],[-71.391479,-3.869971],[-71.356978,-3.858668],[-71.318313,-3.853317],[-71.310576,-3.847961],[-71.301055,-3.846178],[-71.281424,-3.831898],[-71.276672,-3.826546],[-71.262389,-3.820002],[-71.244544,-3.822977],[-71.221939,-3.842011],[-71.202903,-3.860453],[-71.197554,-3.896147],[-71.199332,-3.927674],[-71.196365,-3.938975],[-71.184462,-3.94968],[-71.181326,-3.960977],[-71.180892,-3.968716],[-71.164833,-3.985971],[-71.142578,-4.000135],[-71.106291,-4.018578],[-71.062865,-4.015006],[-71.023605,-3.995378],[-70.99803,-3.975152],[-70.972449,-3.958495],[-70.940916,-3.953142],[-70.911772,-3.94065],[-70.889007,-3.934232],[-70.816801,-3.933009],[-70.755531,-3.91338],[-70.714789,-3.868452],[-70.696326,-3.861742],[-70.649269,-3.856651],[-70.597694,-3.839246],[-70.552474,-3.860343],[-70.494178,-3.868078],[-70.469192,-3.860939],[-70.441237,-3.843093],[-70.419821,-3.826436],[-70.406729,-3.813347],[-70.366743,-3.784917],[-70.359374,-3.783999],[-70.33638,-3.791357],[-70.315216,-3.795958],[-70.303595,-3.802216],[-70.283927,-3.824486],[-70.275642,-3.848411],[-70.262763,-3.868653],[-70.244354,-3.88246],[-70.235152,-3.88614],[-70.188224,-3.916507],[-70.185462,-3.931229],[-70.185462,-3.951477],[-70.1789,-3.968015],[-70.177711,-3.986454],[-70.170738,-4.000244],[-70.167586,-4.003473],[-70.166945,-4.009875],[-70.163107,-4.016275],[-70.152869,-4.024593],[-70.134307,-4.043795],[-70.11447,-4.048274],[-70.108069,-4.05403],[-70.076071,-4.07387],[-70.06327,-4.086668],[-70.061995,-4.093069],[-70.058791,-4.099469],[-70.053031,-4.105866],[-70.044075,-4.123785],[-70.031913,-4.141065],[-70.00977,-4.15443],[-69.990659,-4.172882],[-69.967923,-4.198254],[-69.954084,-4.210116],[-69.948153,-4.223955],[-69.947998,-4.225894]]]}},
{"type":"Feature","properties":{"IDHIDROVIA":200002980,"NOME":"Hidrovia do Solimões","NAVEGACAO":"Navegação Interior","TIPO":"Rio","VEL_CIONAL":10.0,"EXTENSAO":7.09516331745,"TEMPO":"0d 0h 42min","CLA_ICACAO":"Navegável","NOME_RIO":"Rio Solimões","NOM_ECLUSA":null,"JURISDICAO":"AHIMOC","REG_RAFICA":"Região Hidrográfica Amazônica","PRO_DE_MIN":6.0,"PRO_DE_MAX":10.0,"DOMINIO":"União","OBSERVACAO":"Confluência com o rio Negro _AM_ até Tabatinga _AM_.","SNV":"Sim","FONTE":"ANA/Antaq","IDM_ORIGEM":"BR130406","MUN_ORIGEM":"Tabatinga","EST_ORIGEM":"AM","IDM_ESTINO":"BR130060","MUN_ESTINO":"Benjamin Constant","EST_ESTINO":"AM","IDANTAQ":2,"CAMADA_SIM":"200","FLUXO":16507.0},"geometry":{"type":"MultiLineString","coordinates":[[[-69.947642,-4.232952],[-69.95013,-4.245703],[-69.950459,-4.257894],[-69.948482,-4.270745],[-69.943869,-4.282607],[-69.935789,-4.293089]]]}},
{"type":"Feature","properties":{"IDHIDROVIA":200002981,"NOME":"Hidrovia do Solimões","NAVEGACAO":"Navegação Interior","TIPO":"Rio","VEL_CIONAL":10.0,"EXTENSAO":0.784115821858,"TEMPO":"0d 0h 4min","CLA_ICACAO":"Navegável","NOME_RIO":"Rio Solimões","NOM_ECLUSA":null,"JURISDICAO":"AHIMOC","REG_RAFICA":"Região Hidrográfica Amazônica","PRO_DE_MIN":6.0,"PRO_DE_MAX":10.0,"DOMINIO":"União","OBSERVACAO":"Confluência com o rio Negro _AM_ até Tabatinga _AM_.","SNV":"Sim","FONTE":"ANA/Antaq","IDM_ORIGEM":"BR130406","MUN_ORIGEM":"Tabatinga","EST_ORIGEM":"AM","IDM_ESTINO":"BR130406","MUN_ESTINO":"Tabatinga","EST_ESTINO":"AM","IDANTAQ":2,"CAMADA_SIM":"201","FLUXO":16507.0},"geometry":{"type":"MultiLineString","coordinates":[[[-69.947998,-4.225894],[-69.947494,-4.232193],[-69.947642,-4.232952]]]}},
{"type":"Feature","properties":{"IDHIDROVIA":200300040,"NOME":"Hidrovia do Tocantins","NAVEGACAO":"Navegação Interior","TIPO":"Rio","VEL_CIONAL":15.0,"EXTENSAO":184.404163029301,"TEMPO":"0d 12h 17min","CLA_ICACAO":"Navegável","NOME_RIO":"Rio Acará","NOM_ECLUSA":null,"JURISDICAO":null,"REG_RAFICA":"Região Hidrográfica do Tocantins","PRO_DE_MIN":0.0,"PRO_DE_MAX":0.0,"DOMINIO":"Estados ou Distrito Federal","OBSERVACAO":"Georreferenciado por vetorização utilizando imagem do aplicativo Google Earth, em 29 de abril de 2014.","SNV":"Não","FONTE":"ANA/Google Earth","IDM_ORIGEM":"BR150020","MUN_ORIGEM":"Acará","EST_ORIGEM":"PA","IDM_ESTINO":"BR150020","MUN_ESTINO":"Acará","EST_ESTINO":"PA","IDANTAQ":0,"CAMADA_SIM":"202","FLUXO":30088.4},"geometry":{"type":"MultiLineString","coordinates":[[[-48.434732,-1.661909],[-48.423829,-1.675927],[-48.409747,-1.681701],[-48.395684,-1.682856],[-48.383826,-1.685424],[-48.374968,-1.690615],[-48.360888,-1.698189],[-48.355848,-1.703991],[-48.351601,-1.712604],[-48.35115,-1.726049],[-48.355084,-1.731487],[-48.358632,-1.73872],[-48.36262,-1.74774],[-48.364841,-1.75132],[-48.366173,-1.753857],[-48.365641,-1.756757],[-48.363251,-1.758158],[-48.348447,-1.774506],[-48.336255,-1.785551],[-48.327004,-1.786306],[-48.319885,-1.78338],[-48.316204,-1.778615],[-48.312251,-1.77596],[-48.308818,-1.775682],[-48.30114,-1.780408],[-48.296101,-1.785671],[-48.295571,-1.785934],[-48.290005,-1.792508],[-48.28603,-1.796452],[-48.280486,-1.795377],[-48.275206,-1.79246],[-48.270715,-1.794024],[-48.267003,-1.798497],[-48.266176,-1.805629],[-48.265633,-1.809325],[-48.263767,-1.812492],[-48.260057,-1.814857],[-48.253165,-1.821169],[-48.249714,-1.828541],[-48.246258,-1.835389],[-48.239368,-1.841699],[-48.227696,-1.845913],[-48.220048,-1.848766],[-48.212045,-1.863546],[-48.210698,-1.869252],[-48.213854,-1.875467],[-48.21308,-1.881985],[-48.210479,-1.888172],[-48.20593,-1.889212],[-48.201392,-1.888136],[-48.198077,-1.882823],[-48.196575,-1.879032],[-48.1966,-1.873285],[-48.195863,-1.86753],[-48.191638,-1.863428],[-48.186788,-1.861578],[-48.180576,-1.862465],[-48.176938,-1.86564],[-48.175544,-1.871378],[-48.177197,-1.875168],[-48.181739,-1.8805],[-48.183677,-1.88534],[-48.18426,-1.891548],[-48.182872,-1.898658],[-48.180441,-1.904862],[-48.179368,-1.908338],[-48.180406,-1.911364],[-48.185392,-1.914713],[-48.190699,-1.916251],[-48.194324,-1.91717],[-48.195215,-1.921107],[-48.195213,-1.921409],[-48.193525,-1.93109],[-48.189716,-1.936069],[-48.18472,-1.936655],[-48.181703,-1.931802],[-48.179461,-1.92559],[-48.172064,-1.924052],[-48.167364,-1.92706],[-48.1655,-1.934163],[-48.169583,-1.941149],[-48.170201,-1.948505],[-48.168949,-1.957076],[-48.169502,-1.961985],[-48.171429,-1.964765],[-48.174591,-1.965742],[-48.179687,-1.966985],[-48.184786,-1.966874],[-48.19098,-1.965682],[-48.195182,-1.964153],[-48.198024,-1.964095],[-48.200022,-1.964752],[-48.201633,-1.965857],[-48.204472,-1.966248],[-48.208414,-1.965099],[-48.212678,-1.964018],[-48.218165,-1.964362],[-48.224596,-1.965946],[-48.227287,-1.967978],[-48.228615,-1.973373],[-48.230431,-1.977756],[-48.231554,-1.979564],[-48.234183,-1.980325],[-48.237716,-1.980639],[-48.240042,-1.981699],[-48.241971,-1.989147],[-48.243428,-1.996077],[-48.24348,-1.99934],[-48.243347,-2.000854],[-48.243692,-2.002223],[-48.243259,-2.004362],[-48.242411,-2.00653],[-48.241157,-2.007587],[-48.239532,-2.007965],[-48.23822,-2.007988],[-48.238189,-2.007988],[-48.236724,-2.007642],[-48.236537,-2.007735],[-48.234975,-2.007978],[-48.233342,-2.008996],[-48.232083,-2.010989],[-48.232083,-2.011051],[-48.231236,-2.013391],[-48.231537,-2.015515],[-48.234275,-2.019052],[-48.236478,-2.021815],[-48.23785,-2.02373],[-48.23878,-2.025951],[-48.239085,-2.027511],[-48.238955,-2.02907],[-48.238954,-2.029257],[-48.239104,-2.030912],[-48.239599,-2.032067],[-48.242025,-2.0347],[-48.245949,-2.039283],[-48.247467,-2.041402],[-48.249548,-2.042176],[-48.251878,-2.042336],[-48.254372,-2.042191],[-48.256623,-2.042104],[-48.258478,-2.041264],[-48.259847,-2.040181],[-48.26051,-2.038406],[-48.260541,-2.038313],[-48.261006,-2.036568],[-48.261982,-2.035355],[-48.26336,-2.03433],[-48.264579,-2.03371],[-48.265986,-2.033655],[-48.267671,-2.033692],[-48.270044,-2.033729],[-48.271762,-2.03386],[-48.274631,-2.035049],[-48.277836,-2.036838],[-48.280364,-2.038128],[-48.282453,-2.039228],[-48.284418,-2.040047],[-48.286163,-2.041114],[-48.286907,-2.042271],[-48.287435,-2.043553],[-48.287434,-2.043616],[-48.287176,-2.04605],[-48.28554,-2.050114],[-48.284998,-2.052191],[-48.285256,-2.054437],[-48.286041,-2.056999],[-48.287659,-2.058623],[-48.28917,-2.059306],[-48.292192,-2.059473],[-48.297033,-2.060167],[-48.30204,-2.060606],[-48.305168,-2.059523],[-48.307363,-2.05786],[-48.3081,-2.055779],[-48.308317,-2.053436],[-48.307544,-2.050935],[-48.307135,-2.048806],[-48.308079,-2.047084],[-48.309966,-2.044121],[-48.311521,-2.041985],[-48.312777,-2.040895],[-48.314495,-2.040224],[-48.316234,-2.039867],[-48.317227,-2.04008],[-48.318111,-2.039301],[-48.31858,-2.03826],[-48.31984,-2.037798],[-48.321146,-2.037752],[-48.323021,-2.038123],[-48.325309,-2.039381],[-48.327019,-2.041105],[-48.328051,-2.042358],[-48.328673,-2.044027],[-48.328613,-2.046007],[-48.32783,-2.048136],[-48.327351,-2.049958],[-48.32474,-2.051823],[-48.323116,-2.053226],[-48.322536,-2.055618],[-48.322679,-2.05833],[-48.323555,-2.060576],[-48.324648,-2.061929],[-48.327352,-2.063141],[-48.33157,-2.06456],[-48.333357,-2.065506],[-48.335984,-2.06487],[-48.337177,-2.063687],[-48.337281,-2.061872],[-48.33682,-2.059423],[-48.337089,-2.056352],[-48.337883,-2.054372],[-48.339919,-2.052818],[-48.342375,-2.0522],[-48.344307,-2.051269],[-48.345718,-2.049401],[-48.346248,-2.047631],[-48.345996,-2.045391],[-48.344965,-2.042524],[-48.344145,-2.038668],[-48.34264,-2.036525],[-48.340404,-2.035111],[-48.338732,-2.034109],[-48.33874,-2.032757],[-48.339688,-2.030993],[-48.34173,-2.027611],[-48.343616,-2.02559],[-48.344875,-2.023617],[-48.346535,-2.021742],[-48.347838,-2.020335],[-48.349612,-2.01998],[-48.352218,-2.01994],[-48.354927,-2.019852],[-48.356695,-2.020428],[-48.358095,-2.022198],[-48.358923,-2.02402],[-48.359488,-2.026572],[-48.360412,-2.029393],[-48.362068,-2.03278],[-48.362636,-2.034968],[-48.362368,-2.037624],[-48.360948,-2.040952],[-48.360473,-2.042618],[-48.360567,-2.044591],[-48.361656,-2.046996],[-48.363943,-2.049456],[-48.36691,-2.051764],[-48.370702,-2.054796],[-48.373289,-2.05745],[-48.374772,-2.058984],[-48.376072,-2.059926],[-48.377576,-2.060354],[-48.379304,-2.060352],[-48.381077,-2.059528],[-48.382805,-2.057811],[-48.385102,-2.055638],[-48.386727,-2.053713],[-48.387827,-2.052258],[-48.38825,-2.050282],[-48.387528,-2.048299],[-48.386234,-2.046939],[-48.385089,-2.046051],[-48.383578,-2.04589],[-48.382385,-2.044271],[-48.381402,-2.042341],[-48.380154,-2.040565],[-48.380009,-2.038483],[-48.380845,-2.036347],[-48.382574,-2.03495],[-48.384244,-2.034437],[-48.386274,-2.034231],[-48.387263,-2.034598],[-48.388663,-2.036688],[-48.389338,-2.037629],[-48.390061,-2.039402],[-48.390576,-2.041071],[-48.391616,-2.041804],[-48.392866,-2.041862],[-48.394587,-2.041607],[-48.396623,-2.040832],[-48.398397,-2.040006],[-48.399287,-2.039695],[-48.401157,-2.040484],[-48.402508,-2.041427],[-48.403596,-2.042681],[-48.404269,-2.043829],[-48.404212,-2.045495],[-48.403691,-2.04763],[-48.402589,-2.049345],[-48.401594,-2.050853],[-48.401225,-2.051684],[-48.401529,-2.053924],[-48.40234,-2.056259],[-48.402214,-2.058662],[-48.402933,-2.060276],[-48.404126,-2.061321],[-48.406938,-2.062791],[-48.40996,-2.063323],[-48.414271,-2.064166],[-48.416828,-2.064646],[-48.418343,-2.064079],[-48.419756,-2.062887],[-48.420958,-2.062321],[-48.424662,-2.060878],[-48.428939,-2.060834],[-48.432636,-2.061786],[-48.434768,-2.063096],[-48.436271,-2.065082],[-48.43731,-2.0667],[-48.437084,-2.070293],[-48.437646,-2.074724],[-48.438326,-2.076241],[-48.439821,-2.077855],[-48.441893,-2.079212],[-48.444342,-2.08016],[-48.446423,-2.08001],[-48.449335,-2.079652],[-48.451069,-2.078518],[-48.452297,-2.076328],[-48.454388,-2.074305],[-48.456111,-2.073425],[-48.457782,-2.073323],[-48.46018,-2.073174],[-48.462419,-2.073342],[-48.463983,-2.073406],[-48.464705,-2.075381],[-48.466368,-2.076533],[-48.468863,-2.0781],[-48.470895,-2.079418],[-48.472251,-2.079999],[-48.473347,-2.080999],[-48.474383,-2.08246],[-48.475149,-2.083697],[-48.475762,-2.086455],[-48.475547,-2.088695],[-48.475153,-2.090455],[-48.475322,-2.092679],[-48.476221,-2.09509],[-48.477618,-2.097503],[-48.480155,-2.099376],[-48.483201,-2.099887],[-48.486844,-2.100446],[-48.48989,-2.101229],[-48.49216,-2.103194],[-48.494475,-2.104292],[-48.496655,-2.105892],[-48.498917,-2.107441],[-48.499963,-2.108994],[-48.500228,-2.110994],[-48.499989,-2.113308],[-48.499162,-2.115166],[-48.497158,-2.116113],[-48.494883,-2.116514],[-48.492706,-2.115375],[-48.489758,-2.113004],[-48.486574,-2.112409],[-48.482347,-2.112157],[-48.47848,-2.113411],[-48.47324,-2.115486],[-48.470038,-2.116896],[-48.467999,-2.11874],[-48.466214,-2.120374],[-48.466033,-2.122934],[-48.46639,-2.125027],[-48.466923,-2.127576],[-48.468271,-2.129947],[-48.469409,-2.132406],[-48.470727,-2.1345],[-48.471817,-2.136548],[-48.47321,-2.138423],[-48.474984,-2.14038],[-48.476615,-2.142477],[-48.478295,-2.1438],[-48.479751,-2.14489],[-48.481013,-2.146314],[-48.482742,-2.147133],[-48.483335,-2.147267],[-48.484248,-2.146225],[-48.486262,-2.143136],[-48.488725,-2.140604],[-48.490822,-2.139426],[-48.493185,-2.139523],[-48.495502,-2.139986],[-48.496316,-2.141217],[-48.4969,-2.143447],[-48.497211,-2.145446],[-48.496754,-2.146862],[-48.495455,-2.149659],[-48.493895,-2.153242],[-48.492289,-2.156967],[-48.49092,-2.158464],[-48.488866,-2.160094],[-48.486587,-2.161449],[-48.482072,-2.164843],[-48.479105,-2.167696],[-48.477959,-2.169966],[-48.47681,-2.173145],[-48.476304,-2.175776],[-48.475605,-2.178916],[-48.475309,-2.18134],[-48.47538,-2.182425],[-48.476702,-2.182976],[-48.478843,-2.183529],[-48.480442,-2.183535],[-48.483357,-2.183454],[-48.486266,-2.182964],[-48.486403,-2.182874],[-48.488223,-2.182653],[-48.490453,-2.182798],[-48.492635,-2.18326],[-48.494408,-2.183493],[-48.495771,-2.183816],[-48.497093,-2.183593],[-48.499145,-2.18151],[-48.500925,-2.180152],[-48.501973,-2.179383],[-48.503782,-2.180609],[-48.504642,-2.181476],[-48.506228,-2.183299],[-48.507044,-2.184939],[-48.507945,-2.187215],[-48.509074,-2.188899],[-48.509658,-2.191905],[-48.509473,-2.193454],[-48.508102,-2.195087],[-48.505227,-2.196476],[-48.502811,-2.198148],[-48.500661,-2.201327],[-48.499966,-2.203755],[-48.499407,-2.206298],[-48.49977,-2.20739],[-48.500857,-2.208076],[-48.502357,-2.208536],[-48.504312,-2.208407],[-48.505862,-2.207821],[-48.507183,-2.20737],[-48.508729,-2.207466],[-48.509908,-2.207788],[-48.510812,-2.208834],[-48.511943,-2.210701],[-48.51235,-2.211566],[-48.511982,-2.212882],[-48.511521,-2.214788],[-48.511019,-2.215788],[-48.509152,-2.216785],[-48.507283,-2.217867],[-48.506188,-2.218864],[-48.505957,-2.219818],[-48.506136,-2.220687],[-48.50809,-2.22119],[-48.510908,-2.221699],[-48.512547,-2.221663],[-48.514139,-2.22176],[-48.515856,-2.22165],[-48.517134,-2.221285],[-48.518639,-2.220875],[-48.520328,-2.218972],[-48.521514,-2.217027],[-48.521605,-2.216937],[-48.522651,-2.215632],[-48.523384,-2.214271],[-48.524255,-2.21241],[-48.524898,-2.210414],[-48.526182,-2.207509],[-48.527321,-2.20665],[-48.528418,-2.204883],[-48.529329,-2.204431],[-48.530424,-2.204525],[-48.531379,-2.20471],[-48.532149,-2.206032],[-48.533141,-2.207763],[-48.533806,-2.210897],[-48.53425,-2.213577],[-48.533928,-2.215716],[-48.533193,-2.217757],[-48.532007,-2.218979],[-48.529459,-2.220119],[-48.52868,-2.221384],[-48.528995,-2.222571],[-48.530038,-2.223668],[-48.531035,-2.224254],[-48.533219,-2.224402],[-48.535811,-2.224271],[-48.537361,-2.22355],[-48.539138,-2.222875],[-48.540686,-2.221969],[-48.542228,-2.22156],[-48.54296,-2.222068],[-48.543553,-2.22303],[-48.54336,-2.224568],[-48.5423,-2.226308],[-48.541067,-2.227622],[-48.540151,-2.229028],[-48.540286,-2.230255],[-48.540692,-2.23121],[-48.541822,-2.232127],[-48.542002,-2.232265],[-48.542823,-2.232719],[-48.544504,-2.232999],[-48.545826,-2.232819],[-48.546873,-2.232819],[-48.547691,-2.232913],[-48.548371,-2.23328],[-48.548684,-2.234784],[-48.548449,-2.236743],[-48.547213,-2.239056],[-48.545566,-2.241552],[-48.545059,-2.244039],[-48.544522,-2.24566],[-48.544376,-2.247339],[-48.544778,-2.248114],[-48.545958,-2.248709],[-48.546916,-2.248439],[-48.54847,-2.246944],[-48.549659,-2.245496],[-48.550801,-2.244182],[-48.551953,-2.242957],[-48.55356,-2.241058],[-48.554791,-2.240018],[-48.556236,-2.238923],[-48.556417,-2.238923],[-48.557962,-2.238471],[-48.558054,-2.238472],[-48.559701,-2.238258],[-48.561571,-2.237723],[-48.563073,-2.237548],[-48.564931,-2.237681],[-48.565976,-2.237864],[-48.566841,-2.238741],[-48.567155,-2.24015],[-48.567237,-2.24265],[-48.567413,-2.244376],[-48.567995,-2.246649],[-48.568582,-2.24806],[-48.569348,-2.250062],[-48.569393,-2.250198],[-48.570069,-2.251694],[-48.570974,-2.252879],[-48.572152,-2.254067],[-48.573425,-2.254118],[-48.574791,-2.253532],[-48.575477,-2.252763],[-48.575614,-2.252537],[-48.575894,-2.250812],[-48.575766,-2.248448],[-48.575598,-2.244902],[-48.576061,-2.242178],[-48.576928,-2.240547],[-48.578256,-2.239909],[-48.579438,-2.240186],[-48.580522,-2.241374],[-48.580926,-2.243239],[-48.581418,-2.246376],[-48.582135,-2.249425],[-48.582868,-2.25093],[-48.583733,-2.251693],[-48.584826,-2.253152],[-48.585235,-2.253699],[-48.585666,-2.254091]]]}},
{"type":"Feature","properties":{"IDHIDROVIA":200300041,"NOME":"Hidrovia do Tocantins","NAVEGACAO":"Navegação Interior","TIPO":"Rio","VEL_CIONAL":15.0,"EXTENSAO":15.1110680744519,"TEMPO":"0d 1h 0min","CLA_ICACAO":"Navegável","NOME_RIO":"Rio Moju","NOM_ECLUSA":null,"JURISDICAO":null,"REG_RAFICA":"Região Hidrográfica do Tocantins","PRO_DE_MIN":0.0,"PRO_DE_MAX":0.0,"DOMINIO":"Estados ou Distrito Federal","OBSERVACAO":"Trecho Intermediário_Vetorizado a partir de imagens do aplicativo Google Earth em 29/04/2014","SNV":"Sim","FONTE":"ANA/ANTAQ","IDM_ORIGEM":"BR150020","MUN_ORIGEM":"Acará","EST_ORIGEM":"PA","IDM_ESTINO":"BR150130","MUN_ESTINO":"Barcarena","EST_ESTINO":"PA","IDANTAQ":0,"CAMADA_SIM":"203","FLUXO":30088.4},"geometry":{"type":"MultiLineString","coordinates":[[[-48.434731,-1.661909],[-48.434752,-1.650339],[-48.440812,-1.638624],[-48.456567,-1.612363],[-48.471516,-1.588932],[-48.475152,-1.582467],[-48.476363,-1.573175],[-48.477172,-1.569136],[-48.485252,-1.561863],[-48.49414,-1.559439],[-48.505614,-1.556578]]]}},
{"type":"Feature","properties":{"IDHIDROVIA":200300044,"NOME":"Hidrovia do Tocantins","NAVEGACAO":"Navegação Interior","TIPO":"Rio","VEL_CIONAL":15.0,"EXTENSAO":19.8568958969547,"TEMPO":"0d 1h 19min","CLA_ICACAO":"Navegável","NOME_RIO":"Rio Tocantins","NOM_ECLUSA":null,"JURISDICAO":null,"REG_RAFICA":"Região Hidrográfica do Tocantins","PRO_DE_MIN":0.0,"PRO_DE_MAX":0.0,"DOMINIO":null,"OBSERVACAO":null,"SNV":null,"FONTE":null,"IDM_ORIGEM":"BR150130","MUN_ORIGEM":"Barcarena","EST_ORIGEM":"PA","IDM_ESTINO":"BR150130","MUN_ESTINO":"Barcarena","EST_ESTINO":"PA","IDANTAQ":0,"CAMADA_SIM":"204","FLUXO":2352062.5},"geometry":{"type":"MultiLineString","coordinates":[[[-48.75208,-1.537207],[-48.74367,-1.521468],[-48.736451,-1.490437],[-48.717875,-1.444495],[-48.696888,-1.402748],[-48.676887,-1.37687]]]}},
{"type":"Feature","properties":{"IDHIDROVIA":200300074,"NOME":"Hidrovia do Tocantins","NAVEGACAO":"Navegação Interior","TIPO":"Rio","VEL_CIONAL":10.0,"EXTENSAO":97.382995772475695,"TEMPO":"0d 9h 44min","CLA_ICACAO":"Navegável","NOME_RIO":"Rio Moju","NOM_ECLUSA":null,"JURISDICAO":"AHIMOR","REG_RAFICA":"Região Hidrográfica do Tocantins","PRO_DE_MIN":0.0,"PRO_DE_MAX":0.0,"DOMINIO":"Estados ou Distrito Federal","OBSERVACAO":null,"SNV":"Sim","FONTE":"ANA/ANTAQ","IDM_ORIGEM":"BR150470","MUN_ORIGEM":"Moju","EST_ORIGEM":"PA","IDM_ESTINO":"BR150470","MUN_ESTINO":"Moju","EST_ESTINO":"PA","IDANTAQ":0,"CAMADA_SIM":"205","FLUXO":20419.9},"geometry":{"type":"MultiLineString","coordinates":[[[-48.988894,-2.499858],[-48.991042,-2.48484],[-48.988894,-2.474114],[-48.986483,-2.456417],[-48.977367,-2.445154],[-48.982191,-2.43711],[-48.986483,-2.43711],[-48.995063,-2.428528],[-48.996135,-2.415655],[-48.994528,-2.406537],[-48.985407,-2.399566],[-48.981655,-2.390451],[-48.981655,-2.380796],[-48.992297,-2.374874],[-48.985945,-2.366317],[-48.985945,-2.352908],[-48.982729,-2.3454],[-48.973075,-2.341645],[-48.970928,-2.335747],[-48.970928,-2.325556],[-48.968783,-2.318582],[-48.964762,-2.307857],[-48.965296,-2.301423],[-48.990951,-2.301067],[-48.983778,-2.295138],[-48.982531,-2.294369],[-48.977634,-2.287478],[-48.974414,-2.28426],[-48.964762,-2.284794],[-48.952789,-2.277188],[-48.952964,-2.269779],[-48.958862,-2.254226],[-48.955108,-2.246716],[-48.947062,-2.237064],[-48.94438,-2.225801],[-48.947062,-2.220438],[-48.959933,-2.218293],[-48.964762,-2.215612],[-48.971733,-2.194694],[-48.971733,-2.18236],[-48.970126,-2.178068],[-48.961008,-2.178068],[-48.952964,-2.179142],[-48.945453,-2.172169],[-48.942236,-2.162517],[-48.941698,-2.158764],[-48.943576,-2.148572],[-48.934458,-2.142673],[-48.929096,-2.13302],[-48.930171,-2.12122],[-48.934997,-2.109421],[-48.934997,-2.100305],[-48.934997,-2.096013],[-48.930171,-2.089577],[-48.92266,-2.084214],[-48.917296,-2.075098],[-48.911399,-2.06169],[-48.913009,-2.055252],[-48.923732,-2.052573],[-48.934458,-2.045065],[-48.932853,-2.032194],[-48.922125,-2.025758],[-48.907645,-2.019321],[-48.898529,-2.013958],[-48.889944,-2.000014],[-48.880561,-1.992504],[-48.870879,-1.986971],[-48.861789,-1.981778],[-48.842483,-1.967298],[-48.835509,-1.953891],[-48.829073,-1.940482],[-48.828539,-1.919567],[-48.829073,-1.909913],[-48.825859,-1.904014],[-48.816313,-1.899605],[-48.810172,-1.901181],[-48.797969,-1.891143],[-48.779735,-1.881488],[-48.764386,-1.87283]]]}},
{"type":"Feature","properties":{"IDHIDROVIA":200300120,"NOME":"Hidrovia do Sul","NAVEGACAO":"Navegação Interior","TIPO":"Rio","VEL_CIONAL":10.0,"EXTENSAO":2.07875660358363,"TEMPO":"0d 0h 12min","CLA_ICACAO":"Navegável","NOME_RIO":"Rio Jacuí","NOM_ECLUSA":null,"JURISDICAO":"SPH","REG_RAFICA":"Região Hidrográfica Atlântico Sul","PRO_DE_MIN":1.2,"PRO_DE_MAX":1.0,"DOMINIO":"Estados ou Distrito Federal","OBSERVACAO":"Modificado em 17/11/2015 por ajustes. Utilização da Base BCIM250/IBGE","SNV":"Sim","FONTE":"LabTrans/ANA/Antaq","IDM_ORIGEM":"BR432200","MUN_ORIGEM":"Triunfo","EST_ORIGEM":"RS","IDM_ESTINO":"BR432200","MUN_ESTINO":"Triunfo","EST_ESTINO":"RS","IDANTAQ":0,"CAMADA_SIM":"207","FLUXO":860680.9},"geometry":{"type":"MultiLineString","coordinates":[[[-51.285291,-29.942696],[-51.283113,-29.94142],[-51.281463,-29.940453],[-51.276034,-29.937383],[-51.269463,-29.935272],[-51.266069,-29.934629]]]}},
{"type":"Feature","properties":{"IDHIDROVIA":200300177,"NOME":"Hidrovia do Solimões","NAVEGACAO":"Navegação Interior","TIPO":"Rio","VEL_CIONAL":10.0,"EXTENSAO":223.057,"TEMPO":"0d 22h 18min","CLA_ICACAO":"Navegável","NOME_RIO":"Rio Solimões","NOM_ECLUSA":null,"JURISDICAO":"AHIMOC","REG_RAFICA":"Região Hidrográfica Amazônica","PRO_DE_MIN":6.0,"PRO_DE_MAX":10.0,"DOMINIO":"União","OBSERVACAO":null,"SNV":null,"FONTE":"LabTrans/Antaq","IDM_ORIGEM":"BR130390","MUN_ORIGEM":"São Paulo de Olivença","EST_ORIGEM":"AM","IDM_ESTINO":"BR130390","MUN_ESTINO":"São Paulo de Olivença","EST_ESTINO":"AM","IDANTAQ":0,"CAMADA_SIM":"208","FLUXO":16507.0},"geometry":{"type":"MultiLineString","coordinates":[[[-69.530821,-4.063475],[-69.525816,-4.054198],[-69.516783,-4.046872],[-69.507993,-4.042296],[-69.4978,-4.036802],[-69.486081,-4.031493],[-69.475095,-4.026609],[-69.460875,-4.020688],[-69.448606,-4.015501],[-69.43762,-4.01019],[-69.425107,-4.002805],[-69.419004,-3.995786],[-69.414304,-3.986387],[-69.411375,-3.972288],[-69.410276,-3.961974],[-69.408018,-3.951598],[-69.403684,-3.939391],[-69.398802,-3.928404],[-69.393186,-3.912412],[-69.391722,-3.902892],[-69.391478,-3.895506],[-69.391904,-3.885679],[-69.392393,-3.876097],[-69.391783,-3.857725],[-69.391478,-3.849302],[-69.391417,-3.844298],[-69.389891,-3.830198],[-69.390378,-3.816587],[-69.390073,-3.807615],[-69.389707,-3.793699],[-69.389403,-3.784911],[-69.393004,-3.773619],[-69.401426,-3.76312],[-69.411681,-3.756711],[-69.417479,-3.750182],[-69.422788,-3.740111],[-69.426085,-3.73071],[-69.429686,-3.719114],[-69.430785,-3.711974],[-69.430295,-3.698973],[-69.429197,-3.689878],[-69.427183,-3.675413],[-69.426207,-3.671568],[-69.423888,-3.665099],[-69.420102,-3.658994],[-69.412595,-3.653624],[-69.405028,-3.65051],[-69.395505,-3.644896],[-69.388182,-3.640623],[-69.3786,-3.632689],[-69.372679,-3.628477],[-69.36572,-3.620969],[-69.358396,-3.61328],[-69.351682,-3.604001],[-69.347776,-3.597716],[-69.34619,-3.589109],[-69.347776,-3.581907],[-69.350095,-3.574889],[-69.352293,-3.565916],[-69.352598,-3.560118],[-69.352293,-3.549376],[-69.350583,-3.536986],[-69.348326,-3.528319],[-69.344908,-3.518674],[-69.340085,-3.508481],[-69.333799,-3.498412],[-69.327696,-3.491086],[-69.316282,-3.482298],[-69.305967,-3.47827],[-69.292295,-3.476926],[-69.278379,-3.476682],[-69.265073,-3.476011],[-69.244872,-3.474181],[-69.227293,-3.472288],[-69.211423,-3.471372],[-69.200925,-3.468198],[-69.194272,-3.466307],[-69.184202,-3.461913],[-69.174193,-3.457212],[-69.165587,-3.453612],[-69.151488,-3.449399],[-69.137511,-3.446715],[-69.119872,-3.446104],[-69.10571,-3.442991],[-69.091368,-3.437498],[-69.085691,-3.43408],[-69.076291,-3.430785],[-69.063779,-3.430601],[-69.044981,-3.433286],[-69.035276,-3.435728],[-69.019469,-3.437375],[-69.007688,-3.440611],[-68.993101,-3.448973],[-68.985899,-3.454893],[-68.978025,-3.459105],[-68.971982,-3.461606],[-68.9671,-3.462095],[-68.961179,-3.460814],[-68.954283,-3.458616],[-68.952406,-3.458215]]]}},
{"type":"Feature","properties":{"IDHIDROVIA":200300180,"NOME":"Acesso ao Porto de Belém","NAVEGACAO":"Navegação Interior","TIPO":"Canal","VEL_CIONAL":15.0,"EXTENSAO":25.065301095623902,"TEMPO":"0d 1h 40min","CLA_ICACAO":"Acesso simples","NOME_RIO":null,"NOM_ECLUSA":null,"JURISDICAO":null,"REG_RAFICA":"Região Hidrográfica do Tocantins","PRO_DE_MIN":0.0,"PRO_DE_MAX":0.0,"DOMINIO":null,"OBSERVACAO":null,"SNV":null,"FONTE":null,"IDM_ORIGEM":"BR150140","MUN_ORIGEM":"Belém","EST_ORIGEM":"PA","IDM_ESTINO":"BR150140","MUN_ESTINO":"Belém","EST_ESTINO":"PA","IDANTAQ":0,"CAMADA_SIM":"209","FLUXO":33470.1},"geometry":{"type":"MultiLineString","coordinates":[[[-48.497619,-1.307495],[-48.49591,-1.288024],[-48.493715,-1.256809],[-48.487149,-1.231686],[-48.487493,-1.208766],[-48.489721,-1.187413],[-48.497926,-1.163232],[-48.499521,-1.148465],[-48.500186,-1.084503]]]}},
{"type":"Feature","properties":{"IDHIDROVIA":200300181,"NOME":"Acesso aos Terminais de Belém","NAVEGACAO":"Navegação Interior","TIPO":"Canal","VEL_CIONAL":15.0,"EXTENSAO":8.6434675991066996,"TEMPO":"0d 0h 34min","CLA_ICACAO":"Acesso simples","NOME_RIO":null,"NOM_ECLUSA":null,"JURISDICAO":null,"REG_RAFICA":"Região Hidrográfica do Tocantins","PRO_DE_MIN":0.0,"PRO_DE_MAX":0.0,"DOMINIO":null,"OBSERVACAO":null,"SNV":null,"FONTE":null,"IDM_ORIGEM":"BR150140","MUN_ORIGEM":"Belém","EST_ORIGEM":"PA","IDM_ESTINO":"BR150130","MUN_ESTINO":"Barcarena","EST_ESTINO":"PA","IDANTAQ":0,"CAMADA_SIM":"210","FLUXO":2318592.4},"geometry":{"type":"MultiLineString","coordinates":[[[-48.494199,-1.330869],[-48.521168,-1.323407],[-48.536968,-1.317088],[-48.566671,-1.303183]]]}},
{"type":"Feature","properties":{"IDHIDROVIA":200300182,"NOME":"Acesso aos Terminais de Belém","NAVEGACAO":"Navegação Interior","TIPO":"Canal","VEL_CIONAL":15.0,"EXTENSAO":15.113932757333901,"TEMPO":"0d 1h 0min","CLA_ICACAO":"Acesso simples","NOME_RIO":null,"NOM_ECLUSA":null,"JURISDICAO":null,"REG_RAFICA":null,"PRO_DE_MIN":0.0,"PRO_DE_MAX":0.0,"DOMINIO":null,"OBSERVACAO":null,"SNV":null,"FONTE":null,"IDM_ORIGEM":"BR150130","MUN_ORIGEM":"Barcarena","EST_ORIGEM":"PA","IDM_ESTINO":"BR150130","MUN_ESTINO":"Barcarena","EST_ESTINO":"PA","IDANTAQ":0,"CAMADA_SIM":"211","FLUXO":2318592.4},"geometry":{"type":"MultiLineString","coordinates":[[[-48.676889,-1.376872],[-48.646935,-1.342368],[-48.617863,-1.32088],[-48.590688,-1.310767],[-48.56667,-1.303182]]]}}
]
}
