{"features":[{"bbox":[-48.504393,-1.445494,-48.490904,-1.33087],"geometry":{"coordinates":[[-48.50439,-1.44549],[-48.50171,-1.44189],[-48.4989,-1.43109],[-48.49921,-1.4071],[-48.49829,-1.39172],[-48.49609,-1.38129],[-48.4909,-1.36719],[-48.49127,-1.34491],[-48.4942,-1.33087]],"type":"LineString"},"id":0,"properties":{"cla_icacao":"Acesso simples","dominio":null,"est_estino":"PA","est_origem":"PA","extensao":1.0,"fonte":null,"idantaq":null,"idhidrovia":200000401,"idm_estino":"BR150140","idm_origem":"BR150140","idseq":0,"jurisdicao":null,"mun_estino":"Belém","mun_origem":"Belém","navegacao":"Navegação Interior","nom_eclusa":null,"nome":"Acesso ao Porto de Belém","nome_rio":null,"observacao":null,"pro_de_max":null,"pro_de_min":null,"reg_rafica":null,"snv":null,"tempo":"0d 0h 4min","tipo":"Canal","vel_cional":15.0},"type":"Feature"},{"bbox":[-48.676889,-1.376872,-48.500187,-1.084504],"geometry":{"coordinates":[[-48.67689,-1.37687],[-48.66732,-1.34682],[-48.65385,-1.29435],[-48.64426,-1.26632],[-48.62964,-1.2343],[-48.59612,-1.16879],[-48.58707,-1.15253],[-48.57937,-1.14085],[-48.57184,-1.13138],[-48.56349,-1.12289],[-48.55271,-1.11368],[-48.54111,-1.10529],[-48.52869,-1.0977],[-48.51488,-1.09066],[-48.50019,-1.0845]],"type":"LineString"},"id":1,"properties":{"cla_icacao":"Acesso simples","dominio":null,"est_estino":"PA","est_origem":"PA","extensao":31.0,"fonte":null,"idantaq":null,"idhidrovia":200000402,"idm_estino":"BR150140","idm_origem":"BR150130","idseq":0,"jurisdicao":null,"mun_estino":"Belém","mun_origem":"Barcarena","navegacao":"Navegação Interior","nom_eclusa":null,"nome":"Hidrovia do Tocantins","nome_rio":"Rio Tocantins","observacao":null,"pro_de_max":null,"pro_de_min":null,"reg_rafica":"Região Hidrográfica do Tocantins","snv":null,"tempo":"0d 1h 14min","tipo":"Marítimo/oceânico","vel_cional":25.0},"type":"Feature"},{"bbox":[-51.299641,-20.679563,-51.117318,-20.651665],"geometry":{"coordinates":[[-51.11732,-20.67956],[-51.1627,-20.66221],[-51.17165,-20.65975],[-51.19101,-20.65648],[-51.20991,-20.65542],[-51.22786,-20.65261],[-51.24479,-20.65167],[-51.27823,-20.65508],[-51.29964,-20.6553]],"type":"LineString"},"id":2,"properties":{"cla_icacao":"Navegável","dominio":"Estados ou Distrito Federal","est_estino":"SP","est_origem":"SP","extensao":19.4917439468,"fonte":"LabTrans/ANA/Antaq","idantaq":3,"idhidrovia":200002004,"idm_estino":"BR353740","idm_origem":"BR353740","idseq":0,"jurisdicao":"DH-SEST-SP","mun_estino":"Pereira Barreto","mun_origem":"Pereira Barreto","navegacao":"Navegação Interior","nom_eclusa":null,"nome":"Hidrovia do Tietê - Paraná","nome_rio":"Rio Tietê","observacao":"Foz no rio Paraná _SP_ até Biritiba-Mirim _SP_, Represa Ponte Nova.","pro_de_max":5.7,"pro_de_min":3.0,"reg_rafica":"Região Hidrográfica do Paraná","snv":"Sim","tempo":"0d 1h 56min","tipo":"Rio","vel_cional":10.0},"type":"Feature"},{"bbox":[-50.941323,-19.491925,-50.515043,-19.066117],"geometry":{"coordinates":[[-50.51504,-19.06612],[-50.52728,-19.08471],[-50.53328,-19.09568],[-50.54009,-19.10355],[-50.54514,-19.10831],[-50.55139,-19.11276],[-50.57306,-19.12205],[-50.57888,-19.1331],[-50.58617,-19.13908],[-50.59241,-19.13985],[-50.60318,-19.13554],[-50.63659,-19.13435],[-50.66605,-19.13468],[-50.67193,-19.13572],[-50.6768,-19.13788],[-50.67749,-19.14099],[-50.67165,-19.16151],[-50.67291,-19.1683],[-50.67626,-19.17243],[-50.68352,-19.17531],[-50.69595,-19.17606],[-50.71612,-19.18133],[-50.72424,-19.18246],[-50.73296,-19.18649],[-50.73669,-19.18904],[-50.73983,-19.19299],[-50.74128,-19.19844],[-50.74107,-19.21321],[-50.74261,-19.22806],[-50.74404,-19.23427],[-50.74699,-19.24001],[-50.75591,-19.24619],[-50.76034,-19.24799],[-50.76457,-19.25172],[-50.76977,-19.25933],[-50.77218,-19.26055],[-50.78194,-19.26133],[-50.78648,-19.26416],[-50.79149,-19.26906],[-50.81069,-19.28386],[-50.8182,-19.29154],[-50.82326,-19.2994],[-50.83221,-19.31727],[-50.83423,-19.32511],[-50.83558,-19.33493],[-50.83875,-19.34602],[-50.84219,-19.35375],[-50.85445,-19.3783],[-50.86897,-19.40109],[-50.87121,-19.40796],[-50.87147,-19.41658],[-50.87075,-19.42196],[-50.86891,-19.42833],[-50.86545,-19.43401],[-50.85306,-19.44638],[-50.8326,-19.46374],[-50.82801,-19.47067],[-50.82696,-19.47771],[-50.83096,-19.48464],[-50.83658,-19.48841],[-50.84689,-19.49192],[-50.85911,-19.49192],[-50.87585,-19.4868],[-50.88535,-19.48254],[-50.91792,-19.47145],[-50.93522,-19.46816],[-50.94132,-19.46917]],"type":"LineString"},"id":3,"properties":{"cla_icacao":"Navegável","dominio":"União","est_estino":"MG","est_origem":"MG","extensao":84.1630873057,"fonte":"LabTrans/ANA/Antaq","idantaq":3,"idhidrovia":200002005,"idm_estino":"BR315980","idm_origem":"BR311455","idseq":0,"jurisdicao":"AHRANA","mun_estino":"Santa Vitória","mun_origem":"Carneirinho","navegacao":"Navegação Interior","nom_eclusa":null,"nome":"Hidrovia do Tietê - Paraná","nome_rio":"Rio Paranaíba","observacao":"Confluência com o rio Grande até o PK 790.","pro_de_max":2.0,"pro_de_min":1.6,"reg_rafica":"Região Hidrográfica do Paraná","snv":"Sim","tempo":"0d 8h 24min","tipo":"Rio","vel_cional":10.0},"type":"Feature"},{"bbox":[-57.691398,-19.011469,-57.659035,-18.993308],"geometry":{"coordinates":[[-57.6914,-19.01147],[-57.68721,-19.01058],[-57.67973,-19.00748],[-57.67457,-18.99999],[-57.66668,-18.99369],[-57.66367,-18.99331],[-57.65904,-18.9947]],"type":"LineString"},"id":4,"properties":{"cla_icacao":"Navegável","dominio":"União","est_estino":"MS","est_origem":"MS","extensao":4.24026926976,"fonte":"LabTrans/ANA/Antaq","idantaq":4,"idhidrovia":200002007,"idm_estino":"BR500320","idm_origem":"BR500320","idseq":0,"jurisdicao":"AHIPAR","mun_estino":"Corumbá","mun_origem":"Corumbá","navegacao":"Navegação Interior","nom_eclusa":null,"nome":"Hidrovia Paraguai - Paraná","nome_rio":"Rio Paraguai","observacao":"Foz do rio Apa _MS_ até a foz do Ribeirão Vermelho _MT_.","pro_de_max":1.8,"pro_de_min":1.5,"reg_rafica":"Região Hidrográfica do Paraguai","snv":"Sim","tempo":"0d 0h 36min","tipo":"Rio","vel_cional":7.0},"type":"Feature"},{"bbox":[-57.700178,-19.015606,-57.691398,-19.01111],"geometry":{"coordinates":[[-57.70018,-19.01561],[-57.69725,-19.01111],[-57.6914,-19.01147]],"type":"LineString"},"id":5,"properties":{"cla_icacao":"Navegável","dominio":"União","est_estino":"MS","est_origem":"MS","extensao":1.22842463342,"fonte":"LabTrans/ANA/Antaq","idantaq":4,"idhidrovia":200002008,"idm_estino":"BR500320","idm_origem":"BR500320","idseq":0,"jurisdicao":"AHIPAR","mun_estino":"Corumbá","mun_origem":"Corumbá","navegacao":"Navegação Interior","nom_eclusa":null,"nome":"Hidrovia Paraguai - Paraná","nome_rio":"Rio Paraguai","observacao":"Foz do rio Apa _MS_ até a foz do Ribeirão Vermelho _MT_.","pro_de_max":1.8,"pro_de_min":1.5,"reg_rafica":"Região Hidrográfica do Paraguai","snv":"Sim","tempo":"0d 0h 10min","tipo":"Rio","vel_cional":7.0},"type":"Feature"},{"bbox":[-54.595136,-25.592547,-54.591033,-25.552787],"geometry":{"coordinates":[[-54.59484,-25.55279],[-54.59514,-25.56676],[-54.59343,-25.58759],[-54.59264,-25.5914],[-54.59103,-25.59255]],"type":"LineString"},"id":6,"properties":{"cla_icacao":"Navegável","dominio":"União","est_estino":"PR","est_origem":"PR","extensao":4.5014420637,"fonte":"ANA/Antaq","idantaq":3,"idhidrovia":200002009,"idm_estino":"BR410830","idm_origem":"BR410830","idseq":0,"jurisdicao":"AHRANA","mun_estino":"Foz do Iguaçu","mun_origem":"Foz do Iguaçu","navegacao":"Navegação Interior","nom_eclusa":null,"nome":"Hidrovia do Tietê - Paraná","nome_rio":"Rio Paraná","observacao":"Confluência com o rio Iguaçu até a confluência dos rios Grande e Paranaíba.","pro_de_max":4.0,"pro_de_min":2.5,"reg_rafica":"Região Hidrográfica do Paraná","snv":"Sim","tempo":"0d 0h 27min","tipo":"Rio","vel_cional":10.0},"type":"Feature"},{"bbox":[-54.620151,-25.552787,-54.594845,-25.417566],"geometry":{"coordinates":[[-54.59845,-25.41757],[-54.59726,-25.42067],[-54.59728,-25.42361],[-54.60392,-25.44064],[-54.60577,-25.44349],[-54.60904,-25.44613],[-54.6186,-25.45165],[-54.62015,-25.45466],[-54.61873,-25.46571],[-54.61631,-25.47132],[-54.60668,-25.47943],[-54.60248,-25.48486],[-54.60268,-25.49732],[-54.60102,-25.50981],[-54.60135,-25.52072],[-54.60012,-25.52683],[-54.59499,-25.5369],[-54.59484,-25.55279]],"type":"LineString"},"id":7,"properties":{"cla_icacao":"Navegável","dominio":"União","est_estino":"PR","est_origem":"PR","extensao":16.682688262,"fonte":"ANA/Antaq","idantaq":3,"idhidrovia":200002010,"idm_estino":"BR410830","idm_origem":"BR410830","idseq":0,"jurisdicao":"AHRANA","mun_estino":"Foz do Iguaçu","mun_origem":"Foz do Iguaçu","navegacao":"Navegação Interior","nom_eclusa":null,"nome":"Hidrovia do Tietê - Paraná","nome_rio":"Rio Paraná","observacao":"Confluência com o rio Iguaçu até a confluência dos rios Grande e Paranaíba.","pro_de_max":22.0,"pro_de_min":12.0,"reg_rafica":"Região Hidrográfica do Paraná","snv":"Sim","tempo":"0d 1h 40min","tipo":"Rio","vel_cional":10.0},"type":"Feature"},{"bbox":[-54.399857,-24.872311,-54.309994,-24.650131],"geometry":{"coordinates":[[-54.30999,-24.65013],[-54.32713,-24.69004],[-54.33241,-24.70594],[-54.34923,-24.74283],[-54.35665,-24.75759],[-54.36561,-24.7699],[-54.38763,-24.80449],[-54.39461,-24.81974],[-54.39986,-24.84113],[-54.39982,-24.84425],[-54.39356,-24.8574],[-54.3895,-24.86304],[-54.38077,-24.86966],[-54.37992,-24.87231]],"type":"LineString"},"id":8,"properties":{"cla_icacao":"Navegável","dominio":"União","est_estino":"PR","est_origem":"PR","extensao":27.3016961566,"fonte":"ANA/Antaq","idantaq":3,"idhidrovia":200002012,"idm_estino":"BR411845","idm_origem":"BR412350","idseq":0,"jurisdicao":"AHRANA","mun_estino":"Pato Bragado","mun_origem":"Santa Helena","navegacao":"Navegação Interior","nom_eclusa":null,"nome":"Hidrovia do Tietê - Paraná","nome_rio":"Rio Paraná","observacao":"Confluência com o rio Iguaçu até a confluência dos rios Grande e Paranaíba.","pro_de_max":22.0,"pro_de_min":12.0,"reg_rafica":"Região Hidrográfica do Paraná","snv":"Sim","tempo":"0d 2h 43min","tipo":"Rio","vel_cional":10.0},"type":"Feature"},{"bbox":[-54.331556,-24.650131,-54.308476,-24.491219],"geometry":{"coordinates":[[-54.32013,-24.49122],[-54.32814,-24.50496],[-54.33156,-24.51667],[-54.32979,-24.53032],[-54.32538,-24.54893],[-54.31959,-24.56298],[-54.31353,-24.57312],[-54.31,-24.58807],[-54.30848,-24.60158],[-54.30979,-24.62861],[-54.30871,-24.64628],[-54.30999,-24.65013]],"type":"LineString"},"id":9,"properties":{"cla_icacao":"Navegável","dominio":"União","est_estino":"PR","est_origem":"PR","extensao":18.2569828384,"fonte":"ANA/Antaq","idantaq":3,"idhidrovia":200002013,"idm_estino":"BR411460","idm_origem":"BR411845","idseq":0,"jurisdicao":"AHRANA","mun_estino":"Marechal Cândido Rondon","mun_origem":"Pato Bragado","navegacao":"Navegação Interior","nom_eclusa":null,"nome":"Hidrovia do Tietê - Paraná","nome_rio":"Rio Paraná","observacao":"Confluência com o rio Iguaçu até a confluência dos rios Grande e Paranaíba.","pro_de_max":22.0,"pro_de_min":12.0,"reg_rafica":"Região Hidrográfica do Paraná","snv":"Sim","tempo":"0d 1h 49min","tipo":"Rio","vel_cional":10.0},"type":"Feature"},{"bbox":[-54.345571,-24.491219,-54.257732,-24.074487],"geometry":{"coordinates":[[-54.29511,-24.07449],[-54.29938,-24.08132],[-54.31252,-24.09737],[-54.32204,-24.10607],[-54.33159,-24.11299],[-54.33586,-24.11814],[-54.34347,-24.13405],[-54.34473,-24.13978],[-54.34557,-24.15191],[-54.34315,-24.16367],[-54.3317,-24.18959],[-54.32769,-24.20587],[-54.32785,-24.2325],[-54.32451,-24.24314],[-54.31759,-24.25521],[-54.30998,-24.26278],[-54.3006,-24.26902],[-54.29257,-24.27596],[-54.28601,-24.28325],[-54.27896,-24.29311],[-54.27444,-24.30225],[-54.27137,-24.31059],[-54.26478,-24.33399],[-54.25867,-24.35182],[-54.25773,-24.35811],[-54.25942,-24.36625],[-54.27155,-24.38135],[-54.27439,-24.38728],[-54.2812,-24.40734],[-54.28588,-24.4153],[-54.30272,-24.43318],[-54.31249,-24.44825],[-54.31577,-24.46187],[-54.31586,-24.47887],[-54.32013,-24.49122]],"type":"LineString"},"id":10,"properties":{"cla_icacao":"Navegável","dominio":"União","est_estino":"PR","est_origem":"PR","extensao":52.1167805857,"fonte":"ANA/Antaq","idantaq":3,"idhidrovia":200002014,"idm_estino":"BR410880","idm_origem":"BR411460","idseq":0,"jurisdicao":"AHRANA","mun_estino":"Guaíra","mun_origem":"Marechal Cândido Rondon","navegacao":"Navegação Interior","nom_eclusa":null,"nome":"Hidrovia do Tietê - Paraná","nome_rio":"Rio Paraná","observacao":"Confluência com o rio Iguaçu até a confluência dos rios Grande e Paranaíba.","pro_de_max":22.0,"pro_de_min":12.0,"reg_rafica":"Região Hidrográfica do Paraná","snv":"Sim","tempo":"0d 5h 12min","tipo":"Rio","vel_cional":10.0},"type":"Feature"},{"bbox":[-54.295109,-24.074487,-54.247851,-24.065456],"geometry":{"coordinates":[[-54.24785,-24.06546],[-54.25084,-24.06839],[-54.25647,-24.06978],[-54.26567,-24.06869],[-54.27419,-24.06626],[-54.28757,-24.06663],[-54.29146,-24.06865],[-54.29511,-24.07449]],"type":"LineString"},"id":11,"properties":{"cla_icacao":"Navegável","dominio":"União","est_estino":"PR","est_origem":"PR","extensao":5.4533826654,"fonte":"ANA/Antaq","idantaq":3,"idhidrovia":200002015,"idm_estino":"BR410880","idm_origem":"BR410880","idseq":0,"jurisdicao":"AHRANA","mun_estino":"Guaíra","mun_origem":"Guaíra","navegacao":"Navegação Interior","nom_eclusa":null,"nome":"Hidrovia do Tietê - Paraná","nome_rio":"Rio Paraná","observacao":"Confluência com o rio Iguaçu até a confluência dos rios Grande e Paranaíba.","pro_de_max":22.0,"pro_de_min":12.0,"reg_rafica":"Região Hidrográfica do Paraná","snv":"Sim","tempo":"0d 0h 32min","tipo":"Rio","vel_cional":10.0},"type":"Feature"},{"bbox":[-52.949456,-22.483001,-52.15843,-21.770443],"geometry":{"coordinates":[[-52.15843,-21.77044],[-52.16255,-21.7769],[-52.16987,-21.79352],[-52.17504,-21.8117],[-52.17653,-21.8195],[-52.18068,-21.83258],[-52.18592,-21.84336],[-52.19,-21.84868],[-52.19738,-21.85652],[-52.23114,-21.88276],[-52.24621,-21.89978],[-52.25857,-21.91125],[-52.27844,-21.9212],[-52.28616,-21.92666],[-52.29359,-21.93401],[-52.31678,-21.96675],[-52.332,-22.00296],[-52.33869,-22.02961],[-52.3466,-22.05071],[-52.35748,-22.07273],[-52.35985,-22.0804],[-52.36837,-22.09479],[-52.37741,-22.10484],[-52.38224,-22.1121],[-52.38646,-22.11657],[-52.3937,-22.11942],[-52.40441,-22.13491],[-52.40636,-22.14059],[-52.41119,-22.14673],[-52.42144,-22.15622],[-52.42807,-22.16181],[-52.43591,-22.16683],[-52.45219,-22.18135],[-52.4739,-22.19811],[-52.48355,-22.20816],[-52.4884,-22.21213],[-52.49653,-22.21705],[-52.50984,-22.22777],[-52.52769,-22.23751],[-52.55232,-22.24599],[-52.57242,-22.25472],[-52.58247,-22.25943],[-52.61172,-22.27541],[-52.62564,-22.28071],[-52.64457,-22.29324],[-52.65165,-22.29615],[-52.67326,-22.30735],[-52.68377,-22.31082],[-52.69002,-22.31389],[-52.73609,-22.34043],[-52.75061,-22.34729],[-52.77285,-22.36263],[-52.80009,-22.38304],[-52.83837,-22.41568],[-52.84777,-22.42685],[-52.85316,-22.4366],[-52.85876,-22.44207],[-52.86974,-22.44777],[-52.88415,-22.45348],[-52.90681,-22.45918],[-52.92107,-22.46544],[-52.93217,-22.47137],[-52.94946,-22.483]],"type":"LineString"},"id":12,"properties":{"cla_icacao":"Navegável","dominio":"União","est_estino":"SP","est_origem":"SP","extensao":118.38416342899998,"fonte":"ANA/Antaq","idantaq":3,"idhidrovia":200002019,"idm_estino":"BR354130","idm_origem":"BR354425","idseq":0,"jurisdicao":"AHRANA","mun_estino":"Presidente Epitácio","mun_origem":"Rosana","navegacao":"Navegação Interior","nom_eclusa":null,"nome":"Hidrovia do Tietê - Paraná","nome_rio":"Rio Paraná","observacao":"Confluência com o rio Iguaçu até a confluência dos rios Grande e Paranaíba.","pro_de_max":4.0,"pro_de_min":2.5,"reg_rafica":"Região Hidrográfica do Paraná","snv":"Sim","tempo":"0d 11h 50min","tipo":"Rio","vel_cional":10.0},"type":"Feature"},{"bbox":[-52.107084,-21.752868,-51.858527,-21.350052],"geometry":{"coordinates":[[-51.85853,-21.35005],[-51.88155,-21.36282],[-51.88842,-21.36743],[-51.90099,-21.37984],[-51.90796,-21.39017],[-51.91185,-21.39724],[-51.91585,-21.41031],[-51.92119,-21.44358],[-51.92679,-21.45641],[-51.93388,-21.46927],[-51.94128,-21.48159],[-51.95271,-21.49614],[-51.96317,-21.50668],[-51.9725,-21.51214],[-51.98726,-21.51551],[-52.00898,-21.51592],[-52.01983,-21.51926],[-52.03207,-21.52836],[-52.0441,-21.54603],[-52.05538,-21.56975],[-52.06164,-21.59282],[-52.06164,-21.60738],[-52.05725,-21.61802],[-52.04591,-21.63811],[-52.04374,-21.64508],[-52.04379,-21.65435],[-52.04544,-21.66247],[-52.04944,-21.67382],[-52.05837,-21.69145],[-52.07662,-21.72199],[-52.0807,-21.73115],[-52.08661,-21.7392],[-52.09826,-21.74892],[-52.10708,-21.75287]],"type":"LineString"},"id":13,"properties":{"cla_icacao":"Navegável","dominio":"União","est_estino":"SP","est_origem":"SP","extensao":57.2021984531,"fonte":"ANA/Antaq","idantaq":3,"idhidrovia":200002020,"idm_estino":"BR353540","idm_origem":"BR354130","idseq":0,"jurisdicao":"AHRANA","mun_estino":"Panorama","mun_origem":"Presidente Epitácio","navegacao":"Navegação Interior","nom_eclusa":null,"nome":"Hidrovia do Tietê - Paraná","nome_rio":"Rio Paraná","observacao":"Confluência com o rio Iguaçu até a confluência dos rios Grande e Paranaíba.","pro_de_max":4.0,"pro_de_min":2.5,"reg_rafica":"Região Hidrográfica do Paraná","snv":"Sim","tempo":"0d 5h 43min","tipo":"Rio","vel_cional":10.0},"type":"Feature"},{"bbox":[-51.117451,-21.04094,-50.488347,-20.679563],"geometry":{"coordinates":[[-50.48835,-21.04094],[-50.51226,-21.03796],[-50.51915,-21.03475],[-50.52592,-21.03039],[-50.53355,-21.01534],[-50.53853,-21.00945],[-50.56567,-20.98206],[-50.57545,-20.97542],[-50.58611,-20.97168],[-50.60757,-20.9691],[-50.61646,-20.96517],[-50.62412,-20.95897],[-50.66339,-20.90872],[-50.67675,-20.89412],[-50.68423,-20.8903],[-50.69387,-20.8883],[-50.71125,-20.89192],[-50.72143,-20.89244],[-50.75426,-20.89153],[-50.76174,-20.88992],[-50.77036,-20.88615],[-50.80471,-20.86733],[-50.81884,-20.85705],[-50.82846,-20.85123],[-50.83593,-20.84913],[-50.86523,-20.8327],[-50.8732,-20.82696],[-50.88179,-20.81778],[-50.89038,-20.81032],[-50.90243,-20.7959],[-50.90879,-20.79081],[-50.9173,-20.78737],[-50.92781,-20.78508],[-50.94761,-20.78447],[-50.96038,-20.78255],[-51.00109,-20.76744],[-51.00812,-20.76379],[-51.02766,-20.74926],[-51.04623,-20.73344],[-51.06209,-20.72146],[-51.07519,-20.71305],[-51.08224,-20.70939],[-51.10689,-20.70203],[-51.10997,-20.69962],[-51.11559,-20.69035],[-51.11745,-20.68495],[-51.11732,-20.67956]],"type":"LineString"},"id":14,"properties":{"cla_icacao":"Navegável","dominio":"Estados ou Distrito Federal","est_estino":"SP","est_origem":"SP","extensao":81.0770212285,"fonte":"LabTrans/ANA/Antaq","idantaq":3,"idhidrovia":200002022,"idm_estino":"BR350280","idm_origem":"BR353740","idseq":0,"jurisdicao":"DH-SEST-SP","mun_estino":"Araçatuba","mun_origem":"Pereira Barreto","navegacao":"Navegação Interior","nom_eclusa":null,"nome":"Hidrovia do Tietê - Paraná","nome_rio":"Rio Tietê","observacao":"Foz no rio Paraná _SP_ até Biritiba-Mirim _SP_, Represa Ponte Nova.","pro_de_max":5.7,"pro_de_min":3.0,"reg_rafica":"Região Hidrográfica do Paraná","snv":"Sim","tempo":"0d 8h 6min","tipo":"Rio","vel_cional":10.0},"type":"Feature"},{"bbox":[-48.885064,-22.075218,-48.849097,-22.020002],"geometry":{"coordinates":[[-48.84985,-22.07522],[-48.85037,-22.07027],[-48.8491,-22.06337],[-48.85204,-22.04155],[-48.85395,-22.03339],[-48.85701,-22.02914],[-48.86504,-22.02311],[-48.88506,-22.02]],"type":"LineString"},"id":15,"properties":{"cla_icacao":"Navegável","dominio":"Estados ou Distrito Federal","est_estino":"SP","est_origem":"SP","extensao":8.437836437310002,"fonte":"LabTrans/ANA/Antaq","idantaq":3,"idhidrovia":200002023,"idm_estino":"BR350520","idm_origem":"BR350340","idseq":0,"jurisdicao":"DH-SEST-SP","mun_estino":"Bariri","mun_origem":"Arealva","navegacao":"Navegação Interior","nom_eclusa":null,"nome":"Hidrovia do Tietê - Paraná","nome_rio":"Rio Tietê","observacao":"Foz no rio Paraná _SP_ até Biritiba-Mirim _SP_, Represa Ponte Nova.","pro_de_max":5.7,"pro_de_min":3.0,"reg_rafica":"Região Hidrográfica do Paraná","snv":"Sim","tempo":"0d 0h 50min","tipo":"Rio","vel_cional":10.0},"type":"Feature"},{"bbox":[-48.771992,-22.348947,-48.71561,-22.155528],"geometry":{"coordinates":[[-48.71742,-22.34895],[-48.72096,-22.34248],[-48.72598,-22.3259],[-48.73386,-22.31329],[-48.73525,-22.29978],[-48.73655,-22.29561],[-48.73785,-22.29409],[-48.74561,-22.28996],[-48.74667,-22.28776],[-48.74836,-22.27355],[-48.75113,-22.26708],[-48.75354,-22.26221],[-48.7561,-22.25959],[-48.76039,-22.25741],[-48.7645,-22.25349],[-48.76816,-22.24793],[-48.77199,-22.2314],[-48.77065,-22.22623],[-48.76782,-22.22125],[-48.76302,-22.21792],[-48.7605,-22.21731],[-48.75734,-22.21822],[-48.75111,-22.22148],[-48.74606,-22.22292],[-48.74206,-22.22299],[-48.73902,-22.22168],[-48.73686,-22.21922],[-48.73451,-22.2024],[-48.73309,-22.19922],[-48.73119,-22.19645],[-48.72593,-22.19206],[-48.71665,-22.18588],[-48.71561,-22.18075],[-48.71685,-22.17623],[-48.72234,-22.1719],[-48.74619,-22.16163],[-48.75423,-22.15553]],"type":"LineString"},"id":16,"properties":{"cla_icacao":"Navegável","dominio":"Estados ou Distrito Federal","est_estino":"SP","est_origem":"SP","extensao":29.7848305368,"fonte":"LabTrans/ANA/Antaq","idantaq":3,"idhidrovia":200002024,"idm_estino":"BR353670","idm_origem":"BR350730","idseq":0,"jurisdicao":"DH-SEST-SP","mun_estino":"Pederneiras","mun_origem":"Boracéia","navegacao":"Navegação Interior","nom_eclusa":null,"nome":"Hidrovia do Tietê - Paraná","nome_rio":"Rio Tietê","observacao":"Foz no rio Paraná _SP_ até Biritiba-Mirim _SP_, Represa Ponte Nova.","pro_de_max":5.7,"pro_de_min":3.0,"reg_rafica":"Região Hidrográfica do Paraná","snv":"Sim","tempo":"0d 2h 58min","tipo":"Rio","vel_cional":10.0},"type":"Feature"},{"bbox":[-48.71742,-22.371294,-48.6963,-22.348947],"geometry":{"coordinates":[[-48.6963,-22.37129],[-48.69723,-22.36872],[-48.70166,-22.36373],[-48.70657,-22.35875],[-48.71285,-22.35472],[-48.71742,-22.34895]],"type":"LineString"},"id":17,"properties":{"cla_icacao":"Navegável","dominio":"Estados ou Distrito Federal","est_estino":"SP","est_origem":"SP","extensao":3.35397153347,"fonte":"LabTrans/ANA/Antaq","idantaq":3,"idhidrovia":200002025,"idm_estino":"BR352530","idm_origem":"BR353670","idseq":0,"jurisdicao":"DH-SEST-SP","mun_estino":"Jaú","mun_origem":"Pederneiras","navegacao":"Navegação Interior","nom_eclusa":null,"nome":"Hidrovia do Tietê - Paraná","nome_rio":"Rio Tietê","observacao":"Foz no rio Paraná _SP_ até Biritiba-Mirim _SP_, Represa Ponte Nova.","pro_de_max":5.7,"pro_de_min":3.0,"reg_rafica":"Região Hidrográfica do Paraná","snv":"Sim","tempo":"0d 0h 20min","tipo":"Rio","vel_cional":10.0},"type":"Feature"},{"bbox":[-48.696494,-22.518274,-48.537885,-22.371294],"geometry":{"coordinates":[[-48.53789,-22.51827],[-48.53876,-22.51587],[-48.54807,-22.50537],[-48.5522,-22.5025],[-48.55738,-22.50112],[-48.56955,-22.50105],[-48.58384,-22.50461],[-48.59016,-22.50835],[-48.59396,-22.50946],[-48.60221,-22.51053],[-48.60681,-22.50981],[-48.61448,-22.50556],[-48.62099,-22.50326],[-48.62544,-22.49114],[-48.63696,-22.4873],[-48.63913,-22.48579],[-48.64591,-22.47873],[-48.64787,-22.47189],[-48.64909,-22.47076],[-48.65313,-22.46854],[-48.65869,-22.46806],[-48.66367,-22.46541],[-48.66603,-22.46052],[-48.66844,-22.44869],[-48.6671,-22.44401],[-48.66279,-22.43793],[-48.66199,-22.43411],[-48.66625,-22.41343],[-48.66994,-22.40971],[-48.67736,-22.40561],[-48.68086,-22.40264],[-48.68833,-22.39354],[-48.69649,-22.37518],[-48.6963,-22.37129]],"type":"LineString"},"id":18,"properties":{"cla_icacao":"Navegável","dominio":"Estados ou Distrito Federal","est_estino":"SP","est_origem":"SP","extensao":28.3928801088,"fonte":"LabTrans/ANA/Antaq","idantaq":3,"idhidrovia":200002026,"idm_estino":"BR352000","idm_origem":"BR352530","idseq":0,"jurisdicao":"DH-SEST-SP","mun_estino":"Igaraçu do Tietê","mun_origem":"Jaú","navegacao":"Navegação Interior","nom_eclusa":null,"nome":"Hidrovia do Tietê - Paraná","nome_rio":"Rio Tietê","observacao":"Foz no rio Paraná _SP_ até Biritiba-Mirim _SP_, Represa Ponte Nova.","pro_de_max":5.7,"pro_de_min":3.0,"reg_rafica":"Região Hidrográfica do Paraná","snv":"Sim","tempo":"0d 2h 50min","tipo":"Rio","vel_cional":10.0},"type":"Feature"},{"bbox":[-57.659035,-18.995576,-57.656351,-18.994696],"geometry":{"coordinates":[[-57.65904,-18.9947],[-57.65635,-18.99558]],"type":"LineString"},"id":19,"properties":{"cla_icacao":"Navegável","dominio":"União","est_estino":"MS","est_origem":"MS","extensao":0.313528002802,"fonte":"LabTrans/ANA/Antaq","idantaq":4,"idhidrovia":200002030,"idm_estino":"BR500320","idm_origem":"BR500320","idseq":0,"jurisdicao":"AHIPAR","mun_estino":"Corumbá","mun_origem":"Corumbá","navegacao":"Navegação Interior","nom_eclusa":null,"nome":"Hidrovia Paraguai - Paraná","nome_rio":"Rio Paraguai","observacao":"Foz do rio Apa _MS_ até a foz do Ribeirão Vermelho _MT_.","pro_de_max":1.8,"pro_de_min":1.5,"reg_rafica":"Região Hidrográfica do Paraguai","snv":"Sim","tempo":"0d 0h 2min","tipo":"Rio","vel_cional":7.0},"type":"Feature"},{"bbox":[-57.656351,-18.998365,-57.623416,-18.992548],"geometry":{"coordinates":[[-57.65635,-18.99558],[-57.65057,-18.99284],[-57.64575,-18.99255],[-57.63039,-18.99713],[-57.62342,-18.99836]],"type":"LineString"},"id":20,"properties":{"cla_icacao":"Navegável","dominio":"União","est_estino":"MS","est_origem":"MS","extensao":3.64772833394,"fonte":"LabTrans/ANA/Antaq","idantaq":4,"idhidrovia":200002031,"idm_estino":"BR500320","idm_origem":"BR500320","idseq":0,"jurisdicao":"AHIPAR","mun_estino":"Corumbá","mun_origem":"Corumbá","navegacao":"Navegação Interior","nom_eclusa":null,"nome":"Hidrovia Paraguai - Paraná","nome_rio":"Rio Paraguai","observacao":"Foz do rio Apa _MS_ até a foz do Ribeirão Vermelho _MT_.","pro_de_max":1.8,"pro_de_min":1.5,"reg_rafica":"Região Hidrográfica do Paraguai","snv":"Sim","tempo":"0d 0h 31min","tipo":"Rio","vel_cional":7.0},"type":"Feature"},{"bbox":[-57.623416,-18.998636,-57.619302,-18.998365],"geometry":{"coordinates":[[-57.62342,-18.99836],[-57.6193,-18.99864]],"type":"LineString"},"id":21,"properties":{"cla_icacao":"Navegável","dominio":"União","est_estino":"MS","est_origem":"MS","extensao":0.434285805416,"fonte":"LabTrans/ANA/Antaq","idantaq":4,"idhidrovia":200002032,"idm_estino":"BR500320","idm_origem":"BR500320","idseq":0,"jurisdicao":"AHIPAR","mun_estino":"Corumbá","mun_origem":"Corumbá","navegacao":"Navegação Interior","nom_eclusa":null,"nome":"Hidrovia Paraguai - Paraná","nome_rio":"Rio Paraguai","observacao":"Foz do rio Apa _MS_ até a foz do Ribeirão Vermelho _MT_.","pro_de_max":1.8,"pro_de_min":1.5,"reg_rafica":"Região Hidrográfica do Paraguai","snv":"Sim","tempo":"0d 0h 3min","tipo":"Rio","vel_cional":7.0},"type":"Feature"},{"bbox":[-57.619302,-18.999556,-57.61176,-18.998636],"geometry":{"coordinates":[[-57.6193,-18.99864],[-57.61176,-18.99956]],"type":"LineString"},"id":22,"properties":{"cla_icacao":"Navegável","dominio":"União","est_estino":"MS","est_origem":"MS","extensao":0.801143495102,"fonte":"LabTrans/ANA/Antaq","idantaq":4,"idhidrovia":200002033,"idm_estino":"BR500320","idm_origem":"BR500320","idseq":0,"jurisdicao":"AHIPAR","mun_estino":"Corumbá","mun_origem":"Corumbá","navegacao":"Navegação Interior","nom_eclusa":null,"nome":"Hidrovia Paraguai - Paraná","nome_rio":"Rio Paraguai","observacao":"Foz do rio Apa _MS_ até a foz do Ribeirão Vermelho _MT_.","pro_de_max":1.8,"pro_de_min":1.5,"reg_rafica":"Região Hidrográfica do Paraguai","snv":"Sim","tempo":"0d 0h 6min","tipo":"Rio","vel_cional":7.0},"type":"Feature"},{"bbox":[-57.61176,-19.004206,-57.585995,-18.999556],"geometry":{"coordinates":[[-57.61176,-18.99956],[-57.60141,-18.99966],[-57.59547,-19.00081],[-57.58837,-19.00391],[-57.58599,-19.00421]],"type":"LineString"},"id":23,"properties":{"cla_icacao":"Navegável","dominio":"União","est_estino":"MS","est_origem":"MS","extensao":2.80622989973,"fonte":"LabTrans/ANA/Antaq","idantaq":4,"idhidrovia":200002034,"idm_estino":"BR500320","idm_origem":"BR500520","idseq":0,"jurisdicao":"AHIPAR","mun_estino":"Corumbá","mun_origem":"Ladário","navegacao":"Navegação Interior","nom_eclusa":null,"nome":"Hidrovia Paraguai - Paraná","nome_rio":"Rio Paraguai","observacao":"Foz do rio Apa _MS_ até a foz do Ribeirão Vermelho _MT_.","pro_de_max":1.8,"pro_de_min":1.5,"reg_rafica":"Região Hidrográfica do Paraguai","snv":"Sim","tempo":"0d 0h 24min","tipo":"Rio","vel_cional":7.0},"type":"Feature"},{"bbox":[-57.585995,-19.24363,-57.227829,-19.003572],"geometry":{"coordinates":[[-57.58599,-19.00421],[-57.57909,-19.00357],[-57.57344,-19.00482],[-57.56548,-19.00843],[-57.55457,-19.01493],[-57.54673,-19.0163],[-57.54106,-19.01507],[-57.52947,-19.01023],[-57.52153,-19.01042],[-57.51455,-19.01688],[-57.5114,-19.0188],[-57.48293,-19.02143],[-57.46702,-19.0277],[-57.46442,-19.02717],[-57.45631,-19.02229],[-57.44189,-19.01647],[-57.42515,-19.01204],[-57.42055,-19.01217],[-57.41609,-19.01577],[-57.40871,-19.03484],[-57.40608,-19.03682],[-57.40284,-19.03777],[-57.39825,-19.03679],[-57.37175,-19.02558],[-57.36244,-19.0262],[-57.35463,-19.02891],[-57.349,-19.04017],[-57.34157,-19.05115],[-57.33693,-19.05442],[-57.32711,-19.05809],[-57.3231,-19.06161],[-57.32281,-19.06266],[-57.32357,-19.06507],[-57.32524,-19.06628],[-57.34141,-19.06994],[-57.34672,-19.07199],[-57.34855,-19.07329],[-57.3504,-19.07638],[-57.35032,-19.07895],[-57.34919,-19.08157],[-57.34569,-19.0842],[-57.34018,-19.08612],[-57.33661,-19.08868],[-57.33262,-19.09495],[-57.33166,-19.09989],[-57.33317,-19.11815],[-57.3327,-19.11981],[-57.33035,-19.12169],[-57.32803,-19.12208],[-57.32366,-19.12116],[-57.3184,-19.11861],[-57.31404,-19.11406],[-57.31061,-19.10549],[-57.30658,-19.10086],[-57.29876,-19.09837],[-57.29436,-19.09963],[-57.2928,-19.10122],[-57.29189,-19.10263],[-57.29124,-19.1083],[-57.29641,-19.12205],[-57.29659,-19.12712],[-57.29572,-19.12995],[-57.2919,-19.1373],[-57.28558,-19.14682],[-57.26414,-19.16959],[-57.25927,-19.17657],[-57.25612,-19.18235],[-57.25216,-19.19343],[-57.24632,-19.20371],[-57.24478,-19.20784],[-57.246,-19.22067],[-57.24542,-19.22528],[-57.24088,-19.23082],[-57.23019,-19.23838],[-57.22783,-19.24363]],"type":"LineString"},"id":24,"properties":{"cla_icacao":"Navegável","dominio":"União","est_estino":"MS","est_origem":"MS","extensao":66.3231719074,"fonte":"LabTrans/ANA/Antaq","idantaq":4,"idhidrovia":200002035,"idm_estino":"BR500520","idm_origem":"BR500320","idseq":0,"jurisdicao":"AHIPAR","mun_estino":"Ladário","mun_origem":"Corumbá","navegacao":"Navegação Interior","nom_eclusa":null,"nome":"Hidrovia Paraguai - Paraná","nome_rio":"Rio Paraguai","observacao":"Foz do rio Apa _MS_ até a foz do Ribeirão Vermelho _MT_.","pro_de_max":3.3,"pro_de_min":3.3,"reg_rafica":"Região Hidrográfica do Paraguai","snv":"Sim","tempo":"0d 9h 28min","tipo":"Rio","vel_cional":7.0},"type":"Feature"},{"bbox":[-58.169325,-21.694833,-57.458353,-19.609293],"geometry":{"coordinates":[[-57.45835,-19.60929],[-57.48184,-19.62188],[-57.49026,-19.62831],[-57.49411,-19.63231],[-57.49617,-19.63677],[-57.49677,-19.6419],[-57.49177,-19.66651],[-57.49298,-19.67429],[-57.49634,-19.68394],[-57.49739,-19.68607],[-57.499,-19.6873],[-57.50387,-19.68776],[-57.50802,-19.6868],[-57.5121,-19.68545],[-57.53167,-19.67567],[-57.53851,-19.67518],[-57.54198,-19.6767],[-57.5443,-19.68038],[-57.54692,-19.68968],[-57.55185,-19.7155],[-57.55405,-19.71892],[-57.55663,-19.72106],[-57.56128,-19.72365],[-57.57671,-19.72925],[-57.58943,-19.73013],[-57.60222,-19.73325],[-57.60575,-19.73513],[-57.61046,-19.74009],[-57.61425,-19.7423],[-57.62096,-19.74288],[-57.63581,-19.74007],[-57.64831,-19.73883],[-57.65422,-19.74082],[-57.65874,-19.74387],[-57.66013,-19.74697],[-57.65986,-19.74985],[-57.65849,-19.75156],[-57.65653,-19.75237],[-57.64794,-19.75129],[-57.64452,-19.75207],[-57.64242,-19.75323],[-57.64043,-19.75567],[-57.6388,-19.76085],[-57.6384,-19.76417],[-57.63933,-19.77016],[-57.64374,-19.79196],[-57.64705,-19.79977],[-57.65115,-19.80571],[-57.66369,-19.81862],[-57.66895,-19.82247],[-57.67973,-19.82737],[-57.7255,-19.84324],[-57.73636,-19.84837],[-57.74345,-19.8534],[-57.75269,-19.86231],[-57.76356,-19.86986],[-57.77273,-19.87416],[-57.77488,-19.87604],[-57.77709,-19.87896],[-57.77867,-19.88351],[-57.7798,-19.89293],[-57.77874,-19.89664],[-57.77063,-19.90229],[-57.76736,-19.90571],[-57.76584,-19.90859],[-57.7654,-19.91252],[-57.76741,-19.91811],[-57.76876,-19.91957],[-57.77195,-19.92053],[-57.78191,-19.91997],[-57.78427,-19.92071],[-57.78863,-19.9239],[-57.79402,-19.92992],[-57.80591,-19.93212],[-57.81407,-19.93508],[-57.85186,-19.95989],[-57.85718,-19.96706],[-57.86686,-19.98904],[-57.88079,-20.00998],[-57.89393,-20.02494],[-57.90284,-20.04236],[-57.90689,-20.04278],[-57.90858,-20.04171],[-57.92176,-20.02855],[-57.92716,-20.02474],[-57.93843,-20.01896],[-57.94482,-20.0185],[-57.9566,-20.02191],[-57.96442,-20.0284],[-57.96678,-20.03217],[-57.9704,-20.04399],[-57.97388,-20.05105],[-57.97519,-20.0528],[-57.98137,-20.05696],[-57.98893,-20.05854],[-57.99966,-20.0564],[-58.02251,-20.05885],[-58.02558,-20.05936],[-58.03226,-20.06281],[-58.03645,-20.0687],[-58.04218,-20.0952],[-58.04454,-20.10241],[-58.04626,-20.10444],[-58.05159,-20.10769],[-58.05504,-20.10883],[-58.06295,-20.10763],[-58.06974,-20.10552],[-58.0736,-20.10528],[-58.08069,-20.10657],[-58.1027,-20.12342],[-58.10807,-20.13107],[-58.11442,-20.144],[-58.11712,-20.14615],[-58.11993,-20.14804],[-58.13456,-20.15239],[-58.14851,-20.15184],[-58.15215,-20.15275],[-58.16427,-20.16028],[-58.16697,-20.163],[-58.16883,-20.16632],[-58.16933,-20.17124],[-58.16839,-20.17407],[-58.16665,-20.17678],[-58.16315,-20.17948],[-58.15975,-20.18127],[-58.15652,-20.18161],[-58.14294,-20.18024],[-58.13454,-20.18121],[-58.13118,-20.18248],[-58.12486,-20.18789],[-58.1232,-20.19091],[-58.12238,-20.19477],[-58.12292,-20.19947],[-58.12396,-20.20185],[-58.12584,-20.20366],[-58.13156,-20.20741],[-58.14566,-20.2112],[-58.15195,-20.2138],[-58.15618,-20.21693],[-58.16364,-20.22731],[-58.1658,-20.23264],[-58.16556,-20.23997],[-58.16289,-20.2557],[-58.16066,-20.26225],[-58.15806,-20.26611],[-58.15482,-20.2689],[-58.14738,-20.27132],[-58.14308,-20.27182],[-58.13861,-20.26981],[-58.1367,-20.26726],[-58.13376,-20.25962],[-58.12993,-20.25626],[-58.12678,-20.25507],[-58.12169,-20.25502],[-58.11619,-20.25739],[-58.11317,-20.25963],[-58.11111,-20.26006],[-58.10097,-20.25869],[-58.09589,-20.25962],[-58.09191,-20.26135],[-58.09017,-20.26437],[-58.08979,-20.26981],[-58.09045,-20.28257],[-58.09246,-20.29402],[-58.09594,-20.30545],[-58.10173,-20.31471],[-58.103,-20.32001],[-58.10217,-20.32626],[-58.09655,-20.3394],[-58.09478,-20.34972],[-58.08795,-20.36444],[-58.07872,-20.38177],[-58.07437,-20.38742],[-58.06376,-20.3921],[-58.04728,-20.39724],[-58.04119,-20.39886],[-58.02675,-20.40023],[-58.02213,-20.40188],[-58.01803,-20.41001],[-58.00173,-20.43068],[-57.99839,-20.43812],[-57.9969,-20.44598],[-57.99784,-20.45349],[-58.01422,-20.48125],[-58.01707,-20.49134],[-58.01806,-20.502],[-58.02021,-20.51214],[-58.01904,-20.51959],[-58.0166,-20.52732],[-58.00714,-20.5471],[-57.99667,-20.55958],[-57.99503,-20.56676],[-57.99868,-20.57893],[-58.00585,-20.58797],[-58.00829,-20.59213],[-58.01197,-20.60155],[-58.01367,-20.60927],[-58.01202,-20.61543],[-57.99926,-20.62869],[-57.99448,-20.63234],[-57.97521,-20.64016],[-57.97122,-20.64263],[-57.97037,-20.64481],[-57.97775,-20.6672],[-57.9855,-20.68049],[-57.9892,-20.68877],[-57.98969,-20.69374],[-57.98872,-20.69884],[-57.98351,-20.70451],[-57.9781,-20.70645],[-57.96858,-20.70452],[-57.95656,-20.70462],[-57.9522,-20.70098],[-57.95048,-20.69822],[-57.94309,-20.68216],[-57.93458,-20.66823],[-57.93214,-20.66546],[-57.92884,-20.66385],[-57.92225,-20.66442],[-57.91855,-20.66601],[-57.9163,-20.66816],[-57.90972,-20.67854],[-57.90431,-20.68893],[-57.89572,-20.69609],[-57.87769,-20.71433],[-57.8703,-20.72561],[-57.86754,-20.73637],[-57.86502,-20.7415],[-57.86458,-20.74537],[-57.86559,-20.7476],[-57.86958,-20.74964],[-57.87553,-20.75084],[-57.9223,-20.74377],[-57.92669,-20.74389],[-57.93514,-20.74656],[-57.9404,-20.75109],[-57.94599,-20.75865],[-57.95067,-20.76815],[-57.9526,-20.77908],[-57.96165,-20.79181],[-57.9613,-20.79552],[-57.95739,-20.79892],[-57.95246,-20.80011],[-57.94429,-20.80062],[-57.91545,-20.79602],[-57.90736,-20.79331],[-57.9006,-20.78971],[-57.89638,-20.78967],[-57.89417,-20.79059],[-57.87507,-20.80613],[-57.86478,-20.81678],[-57.85976,-20.82376],[-57.85455,-20.83643],[-57.85412,-20.84143],[-57.85473,-20.84425],[-57.85648,-20.84856],[-57.85922,-20.8521],[-57.86397,-20.85378],[-57.87203,-20.85369],[-57.88552,-20.86237],[-57.90471,-20.87128],[-57.90843,-20.87434],[-57.91722,-20.88442],[-57.92684,-20.89317],[-57.9285,-20.89626],[-57.92873,-20.89871],[-57.92804,-20.90028],[-57.92645,-20.9025],[-57.924,-20.90371],[-57.91878,-20.90462],[-57.90273,-20.90209],[-57.89946,-20.90241],[-57.89595,-20.90308],[-57.8879,-20.9077],[-57.88298,-20.91268],[-57.88096,-20.91582],[-57.87912,-20.92101],[-57.87642,-20.93559],[-57.8747,-20.93973],[-57.86984,-20.9449],[-57.8646,-20.94836],[-57.85727,-20.94958],[-57.84733,-20.94828],[-57.83338,-20.93567],[-57.82901,-20.93368],[-57.82292,-20.93454],[-57.82107,-20.93603],[-57.81949,-20.93911],[-57.81904,-20.94894],[-57.82369,-20.95695],[-57.82473,-20.96352],[-57.82455,-20.96741],[-57.82093,-20.97362],[-57.8176,-20.9775],[-57.81826,-20.98125],[-57.82505,-20.98718],[-57.84063,-21.00572],[-57.84823,-21.02024],[-57.85967,-21.03426],[-57.86745,-21.04058],[-57.86904,-21.04635],[-57.86793,-21.05889],[-57.86649,-21.06522],[-57.84619,-21.09609],[-57.84763,-21.10189],[-57.86126,-21.12601],[-57.8642,-21.13494],[-57.86442,-21.14015],[-57.86324,-21.14516],[-57.85839,-21.16169],[-57.84958,-21.18488],[-57.8486,-21.18926],[-57.8482,-21.19567],[-57.84889,-21.20409],[-57.85336,-21.22678],[-57.85627,-21.23217],[-57.87043,-21.24136],[-57.88197,-21.25078],[-57.90332,-21.26337],[-57.91981,-21.2781],[-57.92148,-21.28172],[-57.92103,-21.28418],[-57.91458,-21.29203],[-57.90178,-21.3033],[-57.89379,-21.30683],[-57.8772,-21.31046],[-57.86549,-21.31457],[-57.85686,-21.31598],[-57.85342,-21.318],[-57.85273,-21.31975],[-57.85402,-21.33263],[-57.85754,-21.34354],[-57.86189,-21.35224],[-57.86512,-21.35597],[-57.87386,-21.36259],[-57.87794,-21.36705],[-57.89702,-21.39355],[-57.90752,-21.40172],[-57.90944,-21.40603],[-57.91001,-21.40996],[-57.9096,-21.42013],[-57.91354,-21.42602],[-57.916,-21.43204],[-57.91719,-21.43851],[-57.91725,-21.4447],[-57.91888,-21.45212],[-57.92438,-21.46018],[-57.92816,-21.47124],[-57.94008,-21.49272],[-57.94524,-21.49943],[-57.95954,-21.50866],[-57.96343,-21.51233],[-57.96596,-21.51647],[-57.96822,-21.52689],[-57.96836,-21.53761],[-57.96698,-21.54383],[-57.96383,-21.54956],[-57.96144,-21.55111],[-57.9572,-21.55216],[-57.95075,-21.55667],[-57.93203,-21.5748],[-57.92065,-21.582],[-57.91589,-21.58791],[-57.91505,-21.59409],[-57.91551,-21.59592],[-57.91831,-21.59876],[-57.92801,-21.60539],[-57.93058,-21.60922],[-57.9319,-21.61367],[-57.93175,-21.61587],[-57.92807,-21.62406],[-57.92756,-21.63401],[-57.92952,-21.63848],[-57.93597,-21.64238],[-57.93659,-21.64532],[-57.93119,-21.65562],[-57.92509,-21.66325],[-57.92067,-21.66619],[-57.90511,-21.67392],[-57.90174,-21.67681],[-57.8966,-21.68363],[-57.89512,-21.68741],[-57.89388,-21.69483]],"type":"LineString"},"id":25,"properties":{"cla_icacao":"Navegável","dominio":"União","est_estino":"MS","est_origem":"MS","extensao":386.008315788,"fonte":"LabTrans/ANA/Antaq","idantaq":4,"idhidrovia":200002036,"idm_estino":"BR500320","idm_origem":"BR500690","idseq":0,"jurisdicao":"AHIPAR","mun_estino":"Corumbá","mun_origem":"Porto Murtinho","navegacao":"Navegação Interior","nom_eclusa":null,"nome":"Hidrovia Paraguai - Paraná","nome_rio":"Rio Paraguai","observacao":"Foz do rio Apa _MS_ até a foz do Ribeirão Vermelho _MT_.","pro_de_max":3.3,"pro_de_min":3.3,"reg_rafica":"Região Hidrográfica do Paraguai","snv":"Sim","tempo":"2d 7h 8min","tipo":"Rio","vel_cional":7.0},"type":"Feature"},{"bbox":[-51.638304,-20.809292,-51.631782,-20.800864],"geometry":{"coordinates":[[-51.63178,-20.80086],[-51.63229,-20.80346],[-51.6383,-20.80929]],"type":"LineString"},"id":26,"properties":{"cla_icacao":"Navegável","dominio":"União","est_estino":"MS","est_origem":"MS","extensao":1.19926414229,"fonte":"ANA/Antaq","idantaq":3,"idhidrovia":200002038,"idm_estino":"BR500830","idm_origem":"BR500830","idseq":0,"jurisdicao":"DH-SEST-SP","mun_estino":"Três Lagoas","mun_origem":"Três Lagoas","navegacao":"Navegação Interior","nom_eclusa":null,"nome":"Hidrovia do Tietê - Paraná","nome_rio":"Rio Paraná","observacao":"Confluência com o rio Iguaçu até a confluência dos rios Grande e Paranaíba.","pro_de_max":4.0,"pro_de_min":2.5,"reg_rafica":"Região Hidrográfica do Paraná","snv":"Sim","tempo":"0d 0h 7min","tipo":"Rio","vel_cional":10.0},"type":"Feature"},{"bbox":[-51.634472,-20.800864,-51.630831,-20.78044],"geometry":{"coordinates":[[-51.63447,-20.78044],[-51.63083,-20.78543],[-51.63178,-20.80086]],"type":"LineString"},"id":27,"properties":{"cla_icacao":"Navegável","dominio":"União","est_estino":"MS","est_origem":"MS","extensao":2.39224167783,"fonte":"ANA/Antaq","idantaq":3,"idhidrovia":200002039,"idm_estino":"BR500830","idm_origem":"BR500830","idseq":0,"jurisdicao":"DH-SEST-SP","mun_estino":"Três Lagoas","mun_origem":"Três Lagoas","navegacao":"Navegação Interior","nom_eclusa":"Eclusa de Jupiá","nome":"Hidrovia do Tietê - Paraná","nome_rio":"Rio Paraná","observacao":"Confluência com o rio Iguaçu até a confluência dos rios Grande e Paranaíba.","pro_de_max":4.0,"pro_de_min":2.5,"reg_rafica":"Região Hidrográfica do Paraná","snv":"Sim","tempo":"0d 0h 28min","tipo":"Eclusa","vel_cional":5.0},"type":"Feature"},{"bbox":[-52.999184,-22.51447,-52.949456,-22.483001],"geometry":{"coordinates":[[-52.94946,-22.483],[-52.96667,-22.49503],[-52.969,-22.49739],[-52.98331,-22.50558],[-52.99441,-22.51333],[-52.99918,-22.51447]],"type":"LineString"},"id":28,"properties":{"cla_icacao":"Navegável","dominio":"União","est_estino":"SP","est_origem":"SP","extensao":6.23782641469,"fonte":"ANA/Antaq","idantaq":3,"idhidrovia":200002040,"idm_estino":"BR354425","idm_origem":"BR354425","idseq":0,"jurisdicao":"AHRANA","mun_estino":"Rosana","mun_origem":"Rosana","navegacao":"Navegação Interior","nom_eclusa":"Eclusa Porto Primavera","nome":"Hidrovia do Tietê - Paraná","nome_rio":"Rio Paraná","observacao":"Confluência com o rio Iguaçu até a confluência dos rios Grande e Paranaíba.","pro_de_max":3.0,"pro_de_min":3.0,"reg_rafica":"Região Hidrográfica do Paraná","snv":"Sim","tempo":"0d 1h 14min","tipo":"Eclusa","vel_cional":5.0},"type":"Feature"},{"bbox":[-53.065687,-22.571763,-52.999184,-22.51447],"geometry":{"coordinates":[[-52.99918,-22.51447],[-53.02224,-22.52057],[-53.03163,-22.52386],[-53.04101,-22.52955],[-53.05125,-22.53742],[-53.05576,-22.54498],[-53.05805,-22.55693],[-53.06163,-22.56137],[-53.065,-22.56843],[-53.06569,-22.57176]],"type":"LineString"},"id":29,"properties":{"cla_icacao":"Navegável","dominio":"União","est_estino":"SP","est_origem":"SP","extensao":10.1744696776,"fonte":"ANA/Antaq","idantaq":3,"idhidrovia":200002041,"idm_estino":"BR354425","idm_origem":"BR354425","idseq":0,"jurisdicao":"AHRANA","mun_estino":"Rosana","mun_origem":"Rosana","navegacao":"Navegação Interior","nom_eclusa":null,"nome":"Hidrovia do Tietê - Paraná","nome_rio":"Rio Paraná","observacao":"Confluência com o rio Iguaçu até a confluência dos rios Grande e Paranaíba.","pro_de_max":3.0,"pro_de_min":3.0,"reg_rafica":"Região Hidrográfica do Paraná","snv":"Sim","tempo":"0d 1h 1min","tipo":"Rio","vel_cional":10.0},"type":"Feature"},{"bbox":[-54.623772,-25.417566,-54.598454,-25.396401],"geometry":{"coordinates":[[-54.62377,-25.3964],[-54.62195,-25.39757],[-54.61686,-25.39748],[-54.61224,-25.39972],[-54.60567,-25.40474],[-54.59845,-25.41757]],"type":"LineString"},"id":30,"properties":{"cla_icacao":"Não navegável","dominio":"União","est_estino":"PR","est_origem":"PR","extensao":3.7456451384,"fonte":"ANA/Antaq","idantaq":3,"idhidrovia":200002042,"idm_estino":"BR410830","idm_origem":"BR410830","idseq":0,"jurisdicao":"AHRANA","mun_estino":"Foz do Iguaçu","mun_origem":"Foz do Iguaçu","navegacao":"Navegação Interior","nom_eclusa":null,"nome":"Hidrovia do Tietê - Paraná","nome_rio":"Rio Paraná","observacao":"Confluência com o rio Iguaçu até a confluência dos rios Grande e Paranaíba.","pro_de_max":22.0,"pro_de_min":12.0,"reg_rafica":"Região Hidrográfica do Paraná","snv":"Sim","tempo":"0d 0h 22min","tipo":"Rio","vel_cional":10.0},"type":"Feature"},{"bbox":[-51.31907,-20.673975,-51.305225,-20.657858],"geometry":{"coordinates":[[-51.30523,-20.65786],[-51.31277,-20.66803],[-51.31907,-20.67397]],"type":"LineString"},"id":31,"properties":{"cla_icacao":"Navegável","dominio":"Estados ou Distrito Federal","est_estino":"SP","est_origem":"SP","extensao":2.31177456617,"fonte":"LabTrans/ANA/Antaq","idantaq":3,"idhidrovia":200002043,"idm_estino":"BR353740","idm_origem":"BR352044","idseq":0,"jurisdicao":"DH-SEST-SP","mun_estino":"Pereira Barreto","mun_origem":"Ilha Solteira","navegacao":"Navegação Interior","nom_eclusa":"Eclusa de Três Irmãos","nome":"Hidrovia do Tietê - Paraná","nome_rio":"Rio Tietê","observacao":"Foz no rio Paraná _SP_ até Biritiba-Mirim _SP_, Represa Ponte Nova.","pro_de_max":4.0,"pro_de_min":4.0,"reg_rafica":"Região Hidrográfica do Paraná","snv":"Sim","tempo":"0d 0h 27min","tipo":"Eclusa","vel_cional":5.0},"type":"Feature"},{"bbox":[-51.305225,-20.657858,-51.299641,-20.6553],"geometry":{"coordinates":[[-51.29964,-20.6553],[-51.30421,-20.65656],[-51.30523,-20.65786]],"type":"LineString"},"id":32,"properties":{"cla_icacao":"Navegável","dominio":"Estados ou Distrito Federal","est_estino":"SP","est_origem":"SP","extensao":0.674406037459,"fonte":"LabTrans/ANA/Antaq","idantaq":3,"idhidrovia":200002044,"idm_estino":"BR353740","idm_origem":"BR353740","idseq":0,"jurisdicao":"DH-SEST-SP","mun_estino":"Pereira Barreto","mun_origem":"Pereira Barreto","navegacao":"Navegação Interior","nom_eclusa":null,"nome":"Hidrovia do Tietê - Paraná","nome_rio":"Rio Tietê","observacao":"Foz no rio Paraná _SP_ até Biritiba-Mirim _SP_, Represa Ponte Nova.","pro_de_max":5.7,"pro_de_min":3.0,"reg_rafica":"Região Hidrográfica do Paraná","snv":"Sim","tempo":"0d 0h 4min","tipo":"Rio","vel_cional":10.0},"type":"Feature"},{"bbox":[-51.117318,-20.679563,-51.065965,-20.554871],"geometry":{"coordinates":[[-51.06596,-20.55487],[-51.06643,-20.56154],[-51.07023,-20.57081],[-51.07754,-20.57844],[-51.07907,-20.58141],[-51.08071,-20.58807],[-51.081,-20.59298],[-51.0774,-20.60361],[-51.07645,-20.61554],[-51.07762,-20.62257],[-51.08107,-20.6316],[-51.08615,-20.64046],[-51.10113,-20.65746],[-51.11732,-20.67956]],"type":"LineString"},"id":33,"properties":{"cla_icacao":"Navegável","dominio":"União","est_estino":"SP","est_origem":"SP","extensao":15.6006161689,"fonte":"LabTrans/Antaq","idantaq":3,"idhidrovia":200002046,"idm_estino":"BR353740","idm_origem":"BR353740","idseq":0,"jurisdicao":"DH-SEST-SP","mun_estino":"Pereira Barreto","mun_origem":"Pereira Barreto","navegacao":"Navegação Interior","nom_eclusa":null,"nome":"Hidrovia do Tietê - Paraná","nome_rio":"Canal de Pereira Barreto","observacao":"Confluência do rio São José dos Dourados _SP_ até a confluência do rio Tietê _SP_.","pro_de_max":12.0,"pro_de_min":8.0,"reg_rafica":"Região Hidrográfica do Paraná","snv":"Sim","tempo":"0d 1h 33min","tipo":"Canal","vel_cional":10.0},"type":"Feature"},{"bbox":[-51.324441,-20.554871,-51.065965,-20.362488],"geometry":{"coordinates":[[-51.32444,-20.36249],[-51.32172,-20.37098],[-51.31181,-20.37873],[-51.29409,-20.38066],[-51.28833,-20.38297],[-51.2813,-20.38944],[-51.2701,-20.40624],[-51.26772,-20.41173],[-51.26642,-20.41827],[-51.25869,-20.43218],[-51.25814,-20.43807],[-51.25998,-20.44248],[-51.25989,-20.44512],[-51.25792,-20.44767],[-51.25219,-20.45108],[-51.23858,-20.45553],[-51.2301,-20.45708],[-51.22467,-20.46048],[-51.21923,-20.46517],[-51.21458,-20.47069],[-51.20624,-20.48354],[-51.20138,-20.48961],[-51.19452,-20.49378],[-51.1734,-20.50099],[-51.1597,-20.50805],[-51.14716,-20.51796],[-51.1412,-20.52173],[-51.12662,-20.52723],[-51.11521,-20.52737],[-51.1071,-20.52955],[-51.10296,-20.53202],[-51.0914,-20.54316],[-51.07316,-20.54583],[-51.06872,-20.5484],[-51.06668,-20.5515],[-51.06596,-20.55487]],"type":"LineString"},"id":34,"properties":{"cla_icacao":"Navegável","dominio":"União","est_estino":"SP","est_origem":"SP","extensao":37.3558241082,"fonte":"LabTrans/Antaq","idantaq":3,"idhidrovia":200002047,"idm_estino":"BR352044","idm_origem":"BR353740","idseq":0,"jurisdicao":"DH-SEST-SP","mun_estino":"Ilha Solteira","mun_origem":"Pereira Barreto","navegacao":"Navegação Interior","nom_eclusa":null,"nome":"Hidrovia do Tietê - Paraná","nome_rio":"Rio São José dos Dourados","observacao":"Foz no  Largo Caneú _SP_ até o PK 2","pro_de_max":4.0,"pro_de_min":2.2,"reg_rafica":"Região Hidrográfica do Paraná","snv":"Sim","tempo":"0d 3h 44min","tipo":"Rio","vel_cional":10.0},"type":"Feature"},{"bbox":[-51.324441,-20.362488,-51.035459,-20.168892],"geometry":{"coordinates":[[-51.03546,-20.16889],[-51.03744,-20.17511],[-51.04825,-20.19617],[-51.05158,-20.21176],[-51.0549,-20.22269],[-51.06372,-20.24006],[-51.07069,-20.24998],[-51.09979,-20.27416],[-51.11974,-20.2882],[-51.13553,-20.296],[-51.14551,-20.2999],[-51.17293,-20.30848],[-51.20286,-20.3116],[-51.26105,-20.32018],[-51.30427,-20.33188],[-51.31473,-20.33805],[-51.32185,-20.34638],[-51.32444,-20.36249]],"type":"LineString"},"id":35,"properties":{"cla_icacao":"Navegável","dominio":"União","est_estino":"MS","est_origem":"SP","extensao":40.6906028607,"fonte":"ANA/Antaq","idantaq":3,"idhidrovia":200002048,"idm_estino":"BR500100","idm_origem":"BR352044","idseq":0,"jurisdicao":"AHRANA","mun_estino":"Aparecida do Taboado","mun_origem":"Ilha Solteira","navegacao":"Navegação Interior","nom_eclusa":null,"nome":"Hidrovia do Tietê - Paraná","nome_rio":"Rio Paraná","observacao":"Confluência com o rio Iguaçu até a confluência dos rios Grande e Paranaíba.","pro_de_max":4.0,"pro_de_min":2.5,"reg_rafica":"Região Hidrográfica do Paraná","snv":"Sim","tempo":"0d 4h 4min","tipo":"Rio","vel_cional":10.0},"type":"Feature"},{"bbox":[-48.537885,-22.522304,-48.535363,-22.518274],"geometry":{"coordinates":[[-48.53536,-22.5223],[-48.53789,-22.51827]],"type":"LineString"},"id":36,"properties":{"cla_icacao":"Navegável","dominio":"Estados ou Distrito Federal","est_estino":"SP","est_origem":"SP","extensao":0.51774376643,"fonte":"LabTrans/ANA/Antaq","idantaq":3,"idhidrovia":200002050,"idm_estino":"BR352000","idm_origem":"BR352000","idseq":0,"jurisdicao":"DH-SEST-SP","mun_estino":"Igaraçu do Tietê","mun_origem":"Igaraçu do Tietê","navegacao":"Navegação Interior","nom_eclusa":"Eclusa de Barra Bonita","nome":"Hidrovia do Tietê - Paraná","nome_rio":"Rio Tietê","observacao":"Foz no rio Paraná _SP_ até Biritiba-Mirim _SP_, Represa Ponte Nova.","pro_de_max":4.0,"pro_de_min":4.0,"reg_rafica":"Região Hidrográfica do Paraná","snv":"Sim","tempo":"0d 0h 6min","tipo":"Eclusa","vel_cional":5.0},"type":"Feature"},{"bbox":[-48.863349,-22.131433,-48.754768,-22.075218],"geometry":{"coordinates":[[-48.75477,-22.13143],[-48.75496,-22.12325],[-48.76033,-22.10586],[-48.76352,-22.10197],[-48.76843,-22.10003],[-48.77356,-22.10042],[-48.77633,-22.10191],[-48.7788,-22.10448],[-48.7806,-22.10857],[-48.78251,-22.11978],[-48.7842,-22.12216],[-48.78689,-22.12393],[-48.79077,-22.12512],[-48.79569,-22.1235],[-48.8006,-22.11937],[-48.80376,-22.11504],[-48.80625,-22.10945],[-48.81021,-22.1065],[-48.81534,-22.1066],[-48.82064,-22.10874],[-48.83353,-22.12575],[-48.83874,-22.12965],[-48.84425,-22.13085],[-48.85211,-22.12917],[-48.8576,-22.12507],[-48.86244,-22.11931],[-48.86335,-22.11664],[-48.86328,-22.1089],[-48.86188,-22.10204],[-48.85812,-22.09392],[-48.85503,-22.08429],[-48.85181,-22.07725],[-48.84985,-22.07522]],"type":"LineString"},"id":37,"properties":{"cla_icacao":"Navegável","dominio":"Estados ou Distrito Federal","est_estino":"SP","est_origem":"SP","extensao":23.347718003,"fonte":"LabTrans/ANA/Antaq","idantaq":3,"idhidrovia":200002051,"idm_estino":"BR350730","idm_origem":"BR350520","idseq":0,"jurisdicao":"DH-SEST-SP","mun_estino":"Boracéia","mun_origem":"Bariri","navegacao":"Navegação Interior","nom_eclusa":null,"nome":"Hidrovia do Tietê - Paraná","nome_rio":"Rio Tietê","observacao":"Foz no rio Paraná _SP_ até Biritiba-Mirim _SP_, Represa Ponte Nova.","pro_de_max":5.7,"pro_de_min":3.0,"reg_rafica":"Região Hidrográfica do Paraná","snv":"Sim","tempo":"0d 2h 20min","tipo":"Rio","vel_cional":10.0},"type":"Feature"},{"bbox":[-48.756558,-22.155528,-48.754229,-22.131433],"geometry":{"coordinates":[[-48.75423,-22.15553],[-48.75656,-22.14854],[-48.75477,-22.13143]],"type":"LineString"},"id":38,"properties":{"cla_icacao":"Navegável","dominio":"Estados ou Distrito Federal","est_estino":"SP","est_origem":"SP","extensao":2.72535866306,"fonte":"LabTrans/ANA/Antaq","idantaq":3,"idhidrovia":200002052,"idm_estino":"BR350730","idm_origem":"BR350730","idseq":0,"jurisdicao":"DH-SEST-SP","mun_estino":"Boracéia","mun_origem":"Boracéia","navegacao":"Navegação Interior","nom_eclusa":"Eclusa de Bariri","nome":"Hidrovia do Tietê - Paraná","nome_rio":"Rio Tietê","observacao":"Foz no rio Paraná _SP_ até Biritiba-Mirim _SP_, Represa Ponte Nova.","pro_de_max":4.0,"pro_de_min":4.0,"reg_rafica":"Região Hidrográfica do Paraná","snv":"Sim","tempo":"0d 0h 32min","tipo":"Eclusa","vel_cional":5.0},"type":"Feature"},{"bbox":[-50.199727,-21.297217,-49.786262,-21.110052],"geometry":{"coordinates":[[-49.78626,-21.29722],[-49.79611,-21.29586],[-49.79917,-21.29472],[-49.80309,-21.29209],[-49.8118,-21.28228],[-49.81668,-21.27959],[-49.82904,-21.27575],[-49.8418,-21.27347],[-49.85238,-21.26904],[-49.87117,-21.2605],[-49.89315,-21.24723],[-49.90641,-21.24329],[-49.92057,-21.23746],[-49.93827,-21.23254],[-49.94282,-21.23194],[-49.95569,-21.22702],[-49.96086,-21.22636],[-49.97124,-21.22757],[-49.98088,-21.2276],[-50.00149,-21.22393],[-50.02373,-21.21106],[-50.03188,-21.21058],[-50.05976,-21.21322],[-50.08335,-21.21931],[-50.08814,-21.21946],[-50.09735,-21.2163],[-50.11635,-21.20595],[-50.12196,-21.2018],[-50.13227,-21.19056],[-50.13748,-21.17593],[-50.14808,-21.15279],[-50.15041,-21.14472],[-50.15683,-21.13239],[-50.16133,-21.12719],[-50.17197,-21.11809],[-50.17899,-21.11422],[-50.19095,-21.11005],[-50.19565,-21.11017],[-50.19973,-21.11125]],"type":"LineString"},"id":39,"properties":{"cla_icacao":"Navegável","dominio":"Estados ou Distrito Federal","est_estino":"SP","est_origem":"SP","extensao":51.8342342793,"fonte":"LabTrans/ANA/Antaq","idantaq":3,"idhidrovia":200002053,"idm_estino":"BR354160","idm_origem":"BR350810","idseq":0,"jurisdicao":"DH-SEST-SP","mun_estino":"Promissão","mun_origem":"Buritama","navegacao":"Navegação Interior","nom_eclusa":null,"nome":"Hidrovia do Tietê - Paraná","nome_rio":"Rio Tietê","observacao":"Foz no rio Paraná _SP_ até Biritiba-Mirim _SP_, Represa Ponte Nova.","pro_de_max":5.7,"pro_de_min":3.0,"reg_rafica":"Região Hidrográfica do Paraná","snv":"Sim","tempo":"0d 5h 11min","tipo":"Rio","vel_cional":10.0},"type":"Feature"},{"bbox":[-49.786262,-21.298138,-49.781361,-21.297217],"geometry":{"coordinates":[[-49.78626,-21.29722],[-49.78136,-21.29814]],"type":"LineString"},"id":40,"properties":{"cla_icacao":"Navegável","dominio":"Estados ou Distrito Federal","est_estino":"SP","est_origem":"SP","extensao":0.518559580512,"fonte":"LabTrans/ANA/Antaq","idantaq":3,"idhidrovia":200002054,"idm_estino":"BR354160","idm_origem":"BR354160","idseq":0,"jurisdicao":"DH-SEST-SP","mun_estino":"Promissão","mun_origem":"Promissão","navegacao":"Navegação Interior","nom_eclusa":"Eclusa de Promissão","nome":"Hidrovia do Tietê - Paraná","nome_rio":"Rio Tietê","observacao":"Foz no rio Paraná _SP_ até Biritiba-Mirim _SP_, Represa Ponte Nova.","pro_de_max":4.0,"pro_de_min":4.0,"reg_rafica":"Região Hidrográfica do Paraná","snv":"Sim","tempo":"0d 0h 6min","tipo":"Eclusa","vel_cional":5.0},"type":"Feature"},{"bbox":[-50.488347,-21.122098,-50.212754,-21.030944],"geometry":{"coordinates":[[-50.21275,-21.12064],[-50.21578,-21.1221],[-50.22447,-21.1215],[-50.23749,-21.11817],[-50.25097,-21.11734],[-50.25488,-21.11577],[-50.26067,-21.10998],[-50.26316,-21.10836],[-50.27134,-21.10549],[-50.27446,-21.10181],[-50.27595,-21.09523],[-50.27181,-21.08907],[-50.27137,-21.0857],[-50.27278,-21.08268],[-50.27276,-21.07622],[-50.27543,-21.07375],[-50.28068,-21.07249],[-50.30634,-21.07352],[-50.32269,-21.07152],[-50.33468,-21.06467],[-50.34391,-21.06282],[-50.34694,-21.06145],[-50.35222,-21.05072],[-50.35556,-21.04859],[-50.35864,-21.04818],[-50.36805,-21.0519],[-50.38181,-21.06246],[-50.38584,-21.06373],[-50.38957,-21.06352],[-50.39504,-21.06146],[-50.39917,-21.05845],[-50.4085,-21.04807],[-50.4254,-21.03396],[-50.42951,-21.03182],[-50.43418,-21.03094],[-50.44029,-21.03168],[-50.4449,-21.03462],[-50.45073,-21.03977],[-50.45989,-21.04513],[-50.48835,-21.04094]],"type":"LineString"},"id":41,"properties":{"cla_icacao":"Navegável","dominio":"Estados ou Distrito Federal","est_estino":"SP","est_origem":"SP","extensao":36.2672368358,"fonte":"LabTrans/ANA/Antaq","idantaq":3,"idhidrovia":200002055,"idm_estino":"BR350810","idm_origem":"BR350280","idseq":0,"jurisdicao":"DH-SEST-SP","mun_estino":"Buritama","mun_origem":"Araçatuba","navegacao":"Navegação Interior","nom_eclusa":null,"nome":"Hidrovia do Tietê - Paraná","nome_rio":"Rio Tietê","observacao":"Foz no rio Paraná _SP_ até Biritiba-Mirim _SP_, Represa Ponte Nova.","pro_de_max":5.7,"pro_de_min":3.0,"reg_rafica":"Região Hidrográfica do Paraná","snv":"Sim","tempo":"0d 3h 37min","tipo":"Rio","vel_cional":10.0},"type":"Feature"},{"bbox":[-50.212754,-21.120635,-50.199727,-21.111252],"geometry":{"coordinates":[[-50.21275,-21.12064],[-50.19973,-21.11125]],"type":"LineString"},"id":42,"properties":{"cla_icacao":"Navegável","dominio":"Estados ou Distrito Federal","est_estino":"SP","est_origem":"SP","extensao":1.70980909112,"fonte":"LabTrans/ANA/Antaq","idantaq":3,"idhidrovia":200002056,"idm_estino":"BR350810","idm_origem":"BR350810","idseq":0,"jurisdicao":"DH-SEST-SP","mun_estino":"Buritama","mun_origem":"Buritama","navegacao":"Navegação Interior","nom_eclusa":"Eclusa de Nova Avanhandava","nome":"Hidrovia do Tietê - Paraná","nome_rio":"Rio Tietê","observacao":"Foz no rio Paraná _SP_ até Biritiba-Mirim _SP_, Represa Ponte Nova.","pro_de_max":4.0,"pro_de_min":4.0,"reg_rafica":"Região Hidrográfica do Paraná","snv":"Sim","tempo":"0d 0h 20min","tipo":"Eclusa","vel_cional":5.0},"type":"Feature"},{"bbox":[-58.009746,-22.087615,-57.892489,-21.694833],"geometry":{"coordinates":[[-57.89388,-21.69483],[-57.89249,-21.69864],[-57.89518,-21.7033],[-57.90453,-21.71042],[-57.92308,-21.72135],[-57.93798,-21.73131],[-57.94173,-21.7347],[-57.94639,-21.7412],[-57.94728,-21.74532],[-57.9465,-21.75006],[-57.9454,-21.75318],[-57.94061,-21.75861],[-57.92665,-21.76636],[-57.91144,-21.76986],[-57.90893,-21.77129],[-57.9083,-21.77403],[-57.91111,-21.77861],[-57.91437,-21.79082],[-57.92357,-21.80717],[-57.93123,-21.82425],[-57.93793,-21.83185],[-57.94276,-21.83495],[-57.94708,-21.83737],[-57.96221,-21.84293],[-57.96412,-21.8446],[-57.96602,-21.84984],[-57.96514,-21.85137],[-57.95459,-21.85552],[-57.94757,-21.85995],[-57.9179,-21.87522],[-57.91521,-21.8774],[-57.91355,-21.88324],[-57.91401,-21.88552],[-57.91645,-21.88946],[-57.92022,-21.89093],[-57.92491,-21.89072],[-57.9323,-21.88877],[-57.93609,-21.8893],[-57.94872,-21.90176],[-57.94952,-21.9043],[-57.94916,-21.90821],[-57.94638,-21.9108],[-57.94172,-21.91335],[-57.93782,-21.91727],[-57.93674,-21.92156],[-57.93748,-21.92836],[-57.93881,-21.93214],[-57.94525,-21.94328],[-57.95391,-21.96414],[-57.96386,-21.9801],[-57.96543,-21.98702],[-57.96528,-22.00265],[-57.96677,-22.00706],[-57.96876,-22.01024],[-57.97534,-22.0158],[-58.00087,-22.02916],[-58.00487,-22.0317],[-58.00881,-22.03689],[-58.00975,-22.04227],[-58.00863,-22.04688],[-58.00693,-22.04967],[-58.00301,-22.053],[-57.98851,-22.05847],[-57.98587,-22.0607],[-57.98446,-22.06365],[-57.98375,-22.06726],[-57.98421,-22.07443],[-57.99122,-22.08445],[-57.99224,-22.08761]],"type":"LineString"},"id":43,"properties":{"cla_icacao":"Navegável","dominio":"União","est_estino":"MS","est_origem":"MS","extensao":62.1234433859,"fonte":"LabTrans/ANA/Antaq","idantaq":4,"idhidrovia":200002057,"idm_estino":"BR500690","idm_origem":"BR500690","idseq":0,"jurisdicao":"AHIPAR","mun_estino":"Porto Murtinho","mun_origem":"Porto Murtinho","navegacao":"Navegação Interior","nom_eclusa":null,"nome":"Hidrovia Paraguai - Paraná","nome_rio":"Rio Paraguai","observacao":"Foz do rio Apa _MS_ até a foz do Ribeirão Vermelho _MT_.","pro_de_max":3.3,"pro_de_min":3.3,"reg_rafica":"Região Hidrográfica do Paraguai","snv":"Sim","tempo":"0d 8h 52min","tipo":"Rio","vel_cional":7.0},"type":"Feature"},{"bbox":[-66.999194,-7.733397,-64.796075,-7.236327],"geometry":{"coordinates":[[-66.99919,-7.71945],[-66.99579,-7.71979],[-66.98688,-7.72491],[-66.9801,-7.72998],[-66.974,-7.73309],[-66.9693,-7.7334],[-66.96417,-7.73028],[-66.96197,-7.72717],[-66.9613,-7.72449],[-66.96008,-7.716],[-66.96088,-7.71142],[-66.96228,-7.7063],[-66.9671,-7.69769],[-66.97259,-7.69061],[-66.97418,-7.68628],[-66.9732,-7.68158],[-66.96612,-7.67419],[-66.95599,-7.67138],[-66.9461,-7.6723],[-66.94043,-7.67511],[-66.93231,-7.6814],[-66.9237,-7.68561],[-66.9173,-7.6867],[-66.90362,-7.68738],[-66.8952,-7.68628],[-66.89258,-7.68481],[-66.88928,-7.68121],[-66.8844,-7.66949],[-66.88281,-7.6676],[-66.88013,-7.66632],[-66.8772,-7.6662],[-66.87341,-7.67041],[-66.87329,-7.67492],[-66.87597,-7.68079],[-66.8836,-7.68921],[-66.88489,-7.69397],[-66.88281,-7.69781],[-66.87811,-7.70007],[-66.8725,-7.70093],[-66.86298,-7.69787],[-66.85699,-7.69458],[-66.85431,-7.6922],[-66.85058,-7.6875],[-66.849,-7.6839],[-66.84851,-7.67547],[-66.84588,-7.67071],[-66.84198,-7.66919],[-66.83081,-7.67181],[-66.82831,-7.67181],[-66.8258,-7.67077],[-66.82361,-7.66717],[-66.82208,-7.6593],[-66.82037,-7.65729],[-66.8175,-7.6568],[-66.8092,-7.65668],[-66.79889,-7.65979],[-66.7912,-7.66101],[-66.7832,-7.66028],[-66.77588,-7.65698],[-66.77069,-7.6568],[-66.76813,-7.65777],[-66.76629,-7.66351],[-66.76642,-7.68597],[-66.7641,-7.7027],[-66.76129,-7.70868],[-66.75769,-7.71411],[-66.7547,-7.7171],[-66.74981,-7.72021],[-66.74512,-7.72058],[-66.73718,-7.71832],[-66.72381,-7.71087],[-66.70819,-7.69189],[-66.70459,-7.68988],[-66.69867,-7.68292],[-66.6969,-7.67889],[-66.69568,-7.66748],[-66.69079,-7.66101],[-66.68719,-7.65991],[-66.68048,-7.6604],[-66.67779,-7.6618],[-66.67139,-7.6784],[-66.67041,-7.69189],[-66.67169,-7.69897],[-66.6701,-7.70709],[-66.66638,-7.70929],[-66.66101,-7.71002],[-66.65759,-7.70898],[-66.6543,-7.70538],[-66.65021,-7.69318],[-66.64691,-7.68689],[-66.64288,-7.68097],[-66.63989,-7.6781],[-66.63299,-7.6756],[-66.62829,-7.67651],[-66.62451,-7.67828],[-66.61548,-7.68609],[-66.61249,-7.6864],[-66.60962,-7.68561],[-66.60577,-7.6817],[-66.60522,-7.6795],[-66.6065,-7.6748],[-66.61493,-7.67029],[-66.62591,-7.66742],[-66.62878,-7.66559],[-66.63318,-7.6607],[-66.6333,-7.65747],[-66.6319,-7.6543],[-66.62689,-7.65008],[-66.62439,-7.64862],[-66.61377,-7.64661],[-66.61059,-7.64441],[-66.60828,-7.6413],[-66.60858,-7.63562],[-66.6098,-7.63232],[-66.61182,-7.63037],[-66.61871,-7.6264],[-66.62091,-7.62341],[-66.62109,-7.62109],[-66.61987,-7.61798],[-66.61749,-7.61621],[-66.61322,-7.61658],[-66.61108,-7.61798],[-66.60321,-7.62518],[-66.59497,-7.6394],[-66.591,-7.64319],[-66.58771,-7.64538],[-66.5802,-7.64673],[-66.57471,-7.64477],[-66.57318,-7.64221],[-66.56579,-7.63659],[-66.5603,-7.63037],[-66.55719,-7.6242],[-66.55688,-7.61981],[-66.55798,-7.61102],[-66.55621,-7.60522],[-66.55463,-7.6026],[-66.54889,-7.59949],[-66.54541,-7.59918],[-66.53851,-7.60071],[-66.53088,-7.60522],[-66.5282,-7.61041],[-66.52759,-7.61371],[-66.52899,-7.62189],[-66.52899,-7.62652],[-66.52789,-7.62951],[-66.52222,-7.63281],[-66.51129,-7.63238],[-66.50781,-7.6344],[-66.50549,-7.63739],[-66.50451,-7.64038],[-66.50531,-7.64648],[-66.50763,-7.65167],[-66.51349,-7.6568],[-66.51538,-7.66211],[-66.51532,-7.6643],[-66.51318,-7.66687],[-66.51062,-7.66778],[-66.50708,-7.66858],[-66.50391,-7.66772],[-66.5011,-7.66601],[-66.49658,-7.66137],[-66.49249,-7.65472],[-66.49237,-7.65198],[-66.49438,-7.64209],[-66.50409,-7.62909],[-66.5058,-7.6239],[-66.50622,-7.62091],[-66.50238,-7.60058],[-66.50049,-7.59637],[-66.49737,-7.59277],[-66.49341,-7.5899],[-66.48871,-7.58838],[-66.4765,-7.58679],[-66.47107,-7.58288],[-66.46918,-7.5769],[-66.46991,-7.56879],[-66.46869,-7.56677],[-66.44018,-7.56561],[-66.43042,-7.56628],[-66.4093,-7.57269],[-66.3996,-7.5722],[-66.39099,-7.56958],[-66.37927,-7.56518],[-66.37341,-7.56158],[-66.3678,-7.5556],[-66.36499,-7.54858],[-66.36419,-7.54309],[-66.36578,-7.53668],[-66.3717,-7.5271],[-66.37262,-7.52368],[-66.37329,-7.52008],[-66.37158,-7.51349],[-66.36481,-7.51111],[-66.35669,-7.51141],[-66.35272,-7.51269],[-66.34961,-7.5144],[-66.34619,-7.5177],[-66.33801,-7.52869],[-66.33588,-7.52972],[-66.32611,-7.5296],[-66.31848,-7.52649],[-66.3161,-7.5246],[-66.3114,-7.51709],[-66.30511,-7.5097],[-66.30328,-7.50983],[-66.30169,-7.51147],[-66.30078,-7.5224],[-66.30121,-7.52759],[-66.30371,-7.53473],[-66.30609,-7.5473],[-66.30627,-7.55621],[-66.30517,-7.5589],[-66.30231,-7.56207],[-66.29932,-7.56372],[-66.2962,-7.56427],[-66.29181,-7.56421],[-66.2829,-7.5617],[-66.27258,-7.56201],[-66.27002,-7.56311],[-66.2688,-7.56598],[-66.26898,-7.56872],[-66.27081,-7.5711],[-66.27392,-7.57281],[-66.28601,-7.57361],[-66.29809,-7.57172],[-66.30701,-7.56897],[-66.32171,-7.56738],[-66.3294,-7.56531],[-66.33319,-7.565],[-66.33588,-7.56659],[-66.33618,-7.5694],[-66.32648,-7.58392],[-66.31921,-7.60229],[-66.31372,-7.6018],[-66.30701,-7.59729],[-66.29578,-7.58728],[-66.29022,-7.58472],[-66.28601,-7.5838],[-66.28039,-7.58441],[-66.27643,-7.586],[-66.2652,-7.5921],[-66.26208,-7.59527],[-66.25738,-7.59802],[-66.25372,-7.59943],[-66.24969,-7.599],[-66.2464,-7.59668],[-66.24359,-7.59131],[-66.24298,-7.58648],[-66.24402,-7.58301],[-66.24951,-7.57709],[-66.25958,-7.57251],[-66.26147,-7.57001],[-66.26147,-7.56781],[-66.25989,-7.56482],[-66.25439,-7.56189],[-66.2514,-7.56189],[-66.24731,-7.56378],[-66.24121,-7.5697],[-66.23743,-7.57611],[-66.23059,-7.58459],[-66.21789,-7.60681],[-66.21191,-7.61249],[-66.20868,-7.61297],[-66.20569,-7.61218],[-66.2008,-7.60827],[-66.19647,-7.59741],[-66.198,-7.58771],[-66.20032,-7.58301],[-66.2074,-7.57519],[-66.20862,-7.56909],[-66.20697,-7.56518],[-66.20453,-7.56402],[-66.1969,-7.56439],[-66.1936,-7.56628],[-66.1911,-7.56897],[-66.1897,-7.57251],[-66.19067,-7.59308],[-66.18909,-7.59949],[-66.18298,-7.61029],[-66.17761,-7.62298],[-66.17169,-7.63049],[-66.1665,-7.6344],[-66.16211,-7.63562],[-66.15558,-7.63458],[-66.14972,-7.63122],[-66.14252,-7.61682],[-66.13959,-7.61529],[-66.13659,-7.61578],[-66.1344,-7.61847],[-66.13312,-7.63049],[-66.12939,-7.63629],[-66.12488,-7.63867],[-66.11829,-7.63959],[-66.11438,-7.63867],[-66.11108,-7.63959],[-66.10681,-7.64178],[-66.104,-7.64618],[-66.10309,-7.65308],[-66.10431,-7.65558],[-66.10577,-7.65802],[-66.1131,-7.6629],[-66.12109,-7.6629],[-66.12707,-7.66131],[-66.13452,-7.65729],[-66.13953,-7.65558],[-66.14331,-7.6546],[-66.14831,-7.65509],[-66.15228,-7.65808],[-66.1543,-7.66308],[-66.15588,-7.67047],[-66.15527,-7.67352],[-66.15277,-7.67492],[-66.14789,-7.67602],[-66.12891,-7.67511],[-66.12189,-7.67389],[-66.11529,-7.67138],[-66.10358,-7.66467],[-66.0979,-7.66229],[-66.08911,-7.66229],[-66.0863,-7.66327],[-66.08398,-7.66461],[-66.07849,-7.67187],[-66.0766,-7.68451],[-66.07367,-7.68988],[-66.07141,-7.69702],[-66.07141,-7.70691],[-66.0675,-7.71289],[-66.065,-7.71448],[-66.05981,-7.7146],[-66.0484,-7.71698],[-66.04352,-7.71698],[-66.03692,-7.7157],[-66.03149,-7.71338],[-66.02551,-7.71033],[-66.02118,-7.7055],[-66.00763,-7.68347],[-65.99701,-7.67871],[-65.98279,-7.67901],[-65.97388,-7.67688],[-65.96912,-7.67468],[-65.95569,-7.67059],[-65.9433,-7.66498],[-65.93402,-7.6571],[-65.9295,-7.65051],[-65.92718,-7.6499],[-65.92419,-7.65008],[-65.90973,-7.65613],[-65.90478,-7.6593],[-65.90301,-7.66199],[-65.8999,-7.672],[-65.8988,-7.67871],[-65.89819,-7.68658],[-65.8985,-7.70428],[-65.89728,-7.7085],[-65.89221,-7.71722],[-65.88537,-7.72259],[-65.88159,-7.72351],[-65.87799,-7.7229],[-65.85412,-7.71319],[-65.84448,-7.70709],[-65.8418,-7.70471],[-65.84009,-7.70148],[-65.83911,-7.69702],[-65.8396,-7.69342],[-65.8435,-7.68738],[-65.84839,-7.68469],[-65.85339,-7.68457],[-65.8612,-7.68298],[-65.87079,-7.67859],[-65.87268,-7.67682],[-65.87311,-7.67029],[-65.87207,-7.66778],[-65.86963,-7.6651],[-65.85901,-7.65729],[-65.85541,-7.65527],[-65.8518,-7.65491],[-65.84308,-7.65649],[-65.83697,-7.65991],[-65.8291,-7.66247],[-65.82428,-7.66339],[-65.81439,-7.66302],[-65.81219,-7.66357],[-65.81048,-7.66638],[-65.80987,-7.66949],[-65.80957,-7.6853],[-65.80798,-7.68811],[-65.8053,-7.69],[-65.79492,-7.69281],[-65.78308,-7.69812],[-65.77679,-7.70349],[-65.77191,-7.71087],[-65.76868,-7.71319],[-65.76611,-7.7135],[-65.763,-7.71368],[-65.76001,-7.71191],[-65.75812,-7.70691],[-65.75848,-7.70331],[-65.76001,-7.6994],[-65.76428,-7.69372],[-65.77411,-7.68371],[-65.77881,-7.67517],[-65.77868,-7.66888],[-65.77679,-7.66687],[-65.7691,-7.66443],[-65.76001,-7.66449],[-65.75,-7.66699],[-65.74438,-7.67273],[-65.74341,-7.6756],[-65.74322,-7.68652],[-65.742,-7.69049],[-65.73828,-7.69989],[-65.72998,-7.716],[-65.7243,-7.72241],[-65.71918,-7.72619],[-65.71088,-7.72882],[-65.70221,-7.7279],[-65.69879,-7.72577],[-65.69501,-7.72162],[-65.69208,-7.71771],[-65.68591,-7.7055],[-65.68219,-7.70202],[-65.67218,-7.70032],[-65.66522,-7.70111],[-65.66199,-7.69818],[-65.66131,-7.6961],[-65.66278,-7.69128],[-65.66528,-7.68909],[-65.67078,-7.68689],[-65.67609,-7.68628],[-65.6831,-7.68927],[-65.69043,-7.68927],[-65.69281,-7.68481],[-65.69281,-7.6817],[-65.6889,-7.6745],[-65.68329,-7.67187],[-65.67432,-7.67212],[-65.66998,-7.67419],[-65.66662,-7.677],[-65.65991,-7.68487],[-65.65503,-7.6922],[-65.65179,-7.6936],[-65.6496,-7.69287],[-65.64691,-7.69061],[-65.64758,-7.68298],[-65.65033,-7.6795],[-65.65582,-7.66931],[-65.65649,-7.6651],[-65.6604,-7.65472],[-65.66272,-7.65161],[-65.66632,-7.64911],[-65.67548,-7.64612],[-65.677,-7.64392],[-65.67669,-7.64062],[-65.67151,-7.63879],[-65.65722,-7.6405],[-65.65179,-7.64459],[-65.6477,-7.65308],[-65.64221,-7.6615],[-65.63269,-7.67041],[-65.6167,-7.67682],[-65.61059,-7.67822],[-65.6051,-7.6781],[-65.5993,-7.67639],[-65.59222,-7.67218],[-65.58288,-7.6593],[-65.57593,-7.65271],[-65.57281,-7.65143],[-65.57019,-7.65149],[-65.56671,-7.65289],[-65.56,-7.65668],[-65.55762,-7.65887],[-65.55109,-7.65979],[-65.5484,-7.65869],[-65.54608,-7.65332],[-65.54419,-7.6402],[-65.5387,-7.63092],[-65.5387,-7.62848],[-65.53961,-7.62628],[-65.54217,-7.62549],[-65.5462,-7.62622],[-65.5487,-7.62793],[-65.55169,-7.62848],[-65.55798,-7.62598],[-65.56018,-7.62323],[-65.56219,-7.61829],[-65.56189,-7.61389],[-65.55951,-7.61249],[-65.54248,-7.6112],[-65.53741,-7.6095],[-65.52978,-7.60901],[-65.52087,-7.60992],[-65.51739,-7.61133],[-65.51318,-7.61511],[-65.5105,-7.61969],[-65.51001,-7.62341],[-65.51001,-7.62799],[-65.51208,-7.63721],[-65.51251,-7.64349],[-65.51111,-7.6463],[-65.50409,-7.64569],[-65.49939,-7.64221],[-65.49737,-7.63342],[-65.4989,-7.62189],[-65.50561,-7.60608],[-65.50799,-7.59479],[-65.50769,-7.59088],[-65.50409,-7.58032],[-65.50122,-7.57757],[-65.49719,-7.57751],[-65.49322,-7.5791],[-65.48718,-7.58911],[-65.48541,-7.59509],[-65.48639,-7.59949],[-65.48608,-7.60937],[-65.4751,-7.64313],[-65.4729,-7.64661],[-65.46741,-7.65008],[-65.46393,-7.65039],[-65.45959,-7.64911],[-65.4566,-7.64661],[-65.4519,-7.64069],[-65.45099,-7.63299],[-65.4516,-7.62781],[-65.4541,-7.62109],[-65.46258,-7.60852],[-65.46472,-7.59979],[-65.461,-7.59222],[-65.45752,-7.58948],[-65.44769,-7.57611],[-65.43738,-7.56518],[-65.4378,-7.5603],[-65.43927,-7.55841],[-65.44861,-7.55328],[-65.4508,-7.5509],[-65.45111,-7.54669],[-65.44787,-7.54449],[-65.4447,-7.54419],[-65.41479,-7.53351],[-65.40509,-7.52588],[-65.4032,-7.52582],[-65.4013,-7.52728],[-65.40051,-7.53088],[-65.40021,-7.5448],[-65.39532,-7.54938],[-65.38928,-7.54852],[-65.37829,-7.5404],[-65.37152,-7.53802],[-65.36822,-7.5379],[-65.36328,-7.53991],[-65.35852,-7.54608],[-65.35589,-7.54779],[-65.35358,-7.54809],[-65.35107,-7.547],[-65.3482,-7.5393],[-65.34759,-7.53418],[-65.34778,-7.53052],[-65.35028,-7.52441],[-65.35589,-7.52081],[-65.35968,-7.51929],[-65.36298,-7.51929],[-65.37042,-7.52307],[-65.37201,-7.52569],[-65.37799,-7.5293],[-65.38611,-7.53198],[-65.39142,-7.53088],[-65.39673,-7.52649],[-65.39789,-7.51959],[-65.3938,-7.51178],[-65.38861,-7.50519],[-65.37811,-7.49988],[-65.37512,-7.49908],[-65.3678,-7.49847],[-65.3631,-7.49951],[-65.3526,-7.50372],[-65.34527,-7.50378],[-65.34088,-7.50018],[-65.33948,-7.4942],[-65.33899,-7.48382],[-65.33679,-7.48041],[-65.3338,-7.47882],[-65.32879,-7.47729],[-65.32208,-7.47839],[-65.3139,-7.48279],[-65.31073,-7.4837],[-65.30469,-7.48199],[-65.30048,-7.4754],[-65.30139,-7.46619],[-65.30359,-7.4602],[-65.30212,-7.45148],[-65.3006,-7.44879],[-65.2951,-7.44427],[-65.28497,-7.44079],[-65.27948,-7.4331],[-65.27569,-7.43072],[-65.27301,-7.43017],[-65.26819,-7.4314],[-65.2608,-7.435],[-65.24481,-7.43988],[-65.23169,-7.44641],[-65.22748,-7.44751],[-65.224,-7.44629],[-65.22192,-7.44379],[-65.22119,-7.44128],[-65.2215,-7.4386],[-65.22638,-7.42712],[-65.22699,-7.42389],[-65.22699,-7.42132],[-65.22418,-7.4176],[-65.20581,-7.40723],[-65.19659,-7.39502],[-65.19098,-7.38989],[-65.18628,-7.38788],[-65.1781,-7.388],[-65.17273,-7.39148],[-65.17078,-7.39392],[-65.1698,-7.39679],[-65.1687,-7.42041],[-65.16601,-7.42981],[-65.16412,-7.4331],[-65.1604,-7.43768],[-65.15631,-7.44061],[-65.15198,-7.44208],[-65.1466,-7.4422],[-65.14227,-7.44061],[-65.13849,-7.43548],[-65.13721,-7.42999],[-65.13721,-7.42578],[-65.13818,-7.4212],[-65.1474,-7.4096],[-65.14789,-7.40747],[-65.14728,-7.4035],[-65.143,-7.39691],[-65.14032,-7.39508],[-65.13592,-7.39288],[-65.12378,-7.38971],[-65.12127,-7.38788],[-65.11877,-7.38452],[-65.11859,-7.38129],[-65.12073,-7.37579],[-65.12488,-7.3725],[-65.12597,-7.36963],[-65.12628,-7.36188],[-65.12268,-7.34649],[-65.12359,-7.34009],[-65.125,-7.3374],[-65.1272,-7.3352],[-65.13629,-7.33337],[-65.14087,-7.33447],[-65.14581,-7.33429],[-65.1485,-7.33301],[-65.15112,-7.3291],[-65.15112,-7.3258],[-65.15002,-7.32178],[-65.14722,-7.31628],[-65.14551,-7.30701],[-65.14758,-7.297],[-65.14673,-7.29187],[-65.13959,-7.28888],[-65.13568,-7.28918],[-65.1322,-7.2901],[-65.12591,-7.29437],[-65.1217,-7.30169],[-65.11889,-7.31848],[-65.11481,-7.32519],[-65.11108,-7.32782],[-65.10559,-7.32898],[-65.09808,-7.3291],[-65.0935,-7.33081],[-65.0766,-7.3418],[-65.05481,-7.34851],[-65.05261,-7.35022],[-65.04431,-7.36041],[-65.04199,-7.3609],[-65.03967,-7.3598],[-65.03729,-7.35638],[-65.0365,-7.35077],[-65.03668,-7.3399],[-65.03479,-7.33502],[-65.03338,-7.3338],[-65.02978,-7.3316],[-65.02649,-7.33148],[-65.01819,-7.33612],[-65.00201,-7.34027],[-64.99829,-7.34002],[-64.9906,-7.33478],[-64.97961,-7.32471],[-64.97308,-7.31762],[-64.97107,-7.31427],[-64.96912,-7.30957],[-64.96881,-7.30591],[-64.96979,-7.30029],[-64.97168,-7.29608],[-64.9798,-7.28522],[-64.98138,-7.2818],[-64.98187,-7.2785],[-64.9815,-7.27472],[-64.97998,-7.27063],[-64.97137,-7.25812],[-64.9721,-7.25012],[-64.97601,-7.24078],[-64.97412,-7.23639],[-64.9693,-7.23633],[-64.96509,-7.2384],[-64.95587,-7.25043],[-64.9483,-7.25641],[-64.9433,-7.25799],[-64.93829,-7.25769],[-64.93469,-7.25629],[-64.9281,-7.25061],[-64.92102,-7.2489],[-64.90503,-7.2536],[-64.88721,-7.25311],[-64.88067,-7.255],[-64.87799,-7.25958],[-64.87799,-7.2619],[-64.88098,-7.26642],[-64.8836,-7.26831],[-64.89203,-7.2699],[-64.89673,-7.26971],[-64.9151,-7.27222],[-64.92132,-7.27447],[-64.9234,-7.27899],[-64.92468,-7.2854],[-64.92273,-7.29321],[-64.91699,-7.2984],[-64.9115,-7.30072],[-64.90808,-7.30108],[-64.90521,-7.30029],[-64.8988,-7.29278],[-64.89447,-7.2857],[-64.88739,-7.27691],[-64.88281,-7.2746],[-64.8717,-7.27222],[-64.86798,-7.27209],[-64.85882,-7.27368],[-64.85358,-7.27649],[-64.8515,-7.27869],[-64.84888,-7.28619],[-64.84869,-7.29577],[-64.85162,-7.3053],[-64.8512,-7.30877],[-64.84949,-7.31219],[-64.84631,-7.31378],[-64.84198,-7.31348],[-64.83679,-7.31091],[-64.83258,-7.30517],[-64.83069,-7.2987],[-64.83069,-7.2926],[-64.83551,-7.27991],[-64.83862,-7.26617],[-64.83728,-7.25928],[-64.83368,-7.25207],[-64.82501,-7.24609],[-64.81927,-7.24469],[-64.81091,-7.24719],[-64.80182,-7.25671],[-64.79901,-7.25751],[-64.79608,-7.25556]],"type":"LineString"},"id":44,"properties":{"cla_icacao":"Navegável","dominio":"União","est_estino":"AM","est_origem":"AM","extensao":592.652814483,"fonte":"ANA/Antaq","idantaq":2,"idhidrovia":200002066,"idm_estino":"BR130350","idm_origem":"BR130240","idseq":0,"jurisdicao":"AHIMOC","mun_estino":"Pauini","mun_origem":"Lábrea","navegacao":"Navegação Interior","nom_eclusa":null,"nome":"Hidrovia do Solimões","nome_rio":"Rio Purus","observacao":"Foz no rio Solimões _AM_ até cidade de Manoel Urbano _AC_.","pro_de_max":6.0,"pro_de_min":1.8,"reg_rafica":"Região Hidrográfica Amazônica","snv":"Sim","tempo":"2d 11h 15min","tipo":"Rio","vel_cional":10.0},"type":"Feature"},{"bbox":[-71.693587,-7.090086,-69.872191,-6.670409],"geometry":{"coordinates":[[-71.69359,-7.0546],[-71.6737,-7.06689],[-71.66968,-7.06659],[-71.66791,-7.06457],[-71.6673,-7.0617],[-71.66461,-7.05902],[-71.6618,-7.05969],[-71.66052,-7.06921],[-71.65777,-7.07782],[-71.65997,-7.08807],[-71.65802,-7.09009],[-71.65259,-7.08929],[-71.64972,-7.08697],[-71.64783,-7.08209],[-71.64783,-7.07739],[-71.6499,-7.07068],[-71.6496,-7.0664],[-71.6474,-7.06378],[-71.63733,-7.05933],[-71.6355,-7.05737],[-71.63281,-7.05029],[-71.6308,-7.04938],[-71.62939,-7.0498],[-71.6239,-7.05469],[-71.612,-7.05157],[-71.6084,-7.05157],[-71.5982,-7.05609],[-71.59619,-7.05621],[-71.59509,-7.0553],[-71.59491,-7.0534],[-71.59833,-7.04608],[-71.5968,-7.04358],[-71.59131,-7.04321],[-71.58728,-7.0415],[-71.5794,-7.0293],[-71.57599,-7.026],[-71.5719,-7.0246],[-71.56409,-7.02582],[-71.56061,-7.02197],[-71.55908,-7.02148],[-71.55432,-7.02582],[-71.55127,-7.03009],[-71.5473,-7.03247],[-71.54449,-7.03223],[-71.5368,-7.02869],[-71.52698,-7.03003],[-71.52148,-7.02869],[-71.51959,-7.02661],[-71.52069,-7.02301],[-71.5216,-7.02197],[-71.52868,-7.01977],[-71.53009,-7.01849],[-71.53229,-7.01019],[-71.53162,-7.00769],[-71.5227,-7.00299],[-71.5119,-6.99981],[-71.50659,-7.00018],[-71.48932,-7.00409],[-71.48523,-7.00439],[-71.48089,-7.00299],[-71.4743,-6.99469],[-71.47058,-6.99237],[-71.47021,-6.99121],[-71.47058,-6.98981],[-71.47198,-6.98901],[-71.47491,-6.98938],[-71.47729,-6.98877],[-71.47851,-6.98742],[-71.47772,-6.98559],[-71.4574,-6.97278],[-71.45337,-6.96912],[-71.45099,-6.9649],[-71.44849,-6.96319],[-71.4469,-6.96539],[-71.44928,-6.9732],[-71.44989,-6.9787],[-71.4483,-6.9826],[-71.44427,-6.9837],[-71.44067,-6.98169],[-71.43689,-6.9765],[-71.43548,-6.97601],[-71.43359,-6.97748],[-71.43433,-6.98102],[-71.43902,-6.98529],[-71.44379,-6.98779],[-71.44598,-6.9909],[-71.44537,-6.99371],[-71.44379,-6.99481],[-71.43799,-6.99451],[-71.43573,-6.99377],[-71.43359,-6.99188],[-71.43139,-6.98822],[-71.4306,-6.98382],[-71.42902,-6.98028],[-71.42548,-6.9787],[-71.41839,-6.97931],[-71.41461,-6.9779],[-71.41357,-6.97528],[-71.4151,-6.97198],[-71.4292,-6.97418],[-71.43158,-6.97259],[-71.43188,-6.97101],[-71.43079,-6.9682],[-71.4281,-6.96551],[-71.42511,-6.96411],[-71.41839,-6.96478],[-71.40631,-6.96759],[-71.39838,-6.9624],[-71.39569,-6.9624],[-71.39429,-6.9646],[-71.39429,-6.9671],[-71.3966,-6.974],[-71.39587,-6.9768],[-71.39331,-6.97729],[-71.39178,-6.97632],[-71.38849,-6.97168],[-71.38647,-6.97009],[-71.3833,-6.97027],[-71.38159,-6.97387],[-71.3847,-6.97992],[-71.38483,-6.98352],[-71.38177,-6.98541],[-71.37549,-6.98419],[-71.37268,-6.98218],[-71.3714,-6.9798],[-71.37189,-6.97711],[-71.37408,-6.97387],[-71.37433,-6.97168],[-71.37408,-6.96997],[-71.3714,-6.966],[-71.37109,-6.96271],[-71.3725,-6.95959],[-71.3797,-6.95563],[-71.3797,-6.95319],[-71.36877,-6.94909],[-71.36481,-6.94629],[-71.3587,-6.9364],[-71.35681,-6.93512],[-71.35467,-6.9353],[-71.3537,-6.9378],[-71.35632,-6.94818],[-71.35681,-6.95422],[-71.35608,-6.95648],[-71.34747,-6.96368],[-71.34558,-6.96741],[-71.3432,-6.96771],[-71.34039,-6.96197],[-71.33911,-6.961],[-71.33752,-6.961],[-71.33539,-6.96283],[-71.33398,-6.96789],[-71.3313,-6.9704],[-71.32861,-6.9685],[-71.32538,-6.96289],[-71.32367,-6.96271],[-71.3219,-6.96319],[-71.31879,-6.9657],[-71.31378,-6.97259],[-71.31128,-6.97259],[-71.3092,-6.9707],[-71.30987,-6.9671],[-71.31439,-6.96338],[-71.32019,-6.96033],[-71.3211,-6.9563],[-71.32031,-6.9541],[-71.31653,-6.95099],[-71.31238,-6.94909],[-71.30951,-6.94897],[-71.30572,-6.95099],[-71.30389,-6.9555],[-71.30212,-6.95758],[-71.29529,-6.96039],[-71.29468,-6.96142],[-71.29498,-6.96319],[-71.30249,-6.96448],[-71.3031,-6.96753],[-71.30169,-6.96899],[-71.2959,-6.97009],[-71.29352,-6.97149],[-71.29217,-6.97467],[-71.29242,-6.9812],[-71.29022,-6.9826],[-71.28638,-6.97961],[-71.28528,-6.97558],[-71.28558,-6.97381],[-71.28949,-6.96838],[-71.28979,-6.96539],[-71.28821,-6.9635],[-71.28021,-6.95868],[-71.27582,-6.94971],[-71.27429,-6.9483],[-71.2716,-6.94751],[-71.26819,-6.94787],[-71.26031,-6.95319],[-71.25751,-6.95599],[-71.25427,-6.96197],[-71.2522,-6.96411],[-71.25018,-6.96393],[-71.2475,-6.96148],[-71.24689,-6.95819],[-71.24951,-6.95093],[-71.24872,-6.94861],[-71.2475,-6.948],[-71.24487,-6.94848],[-71.23999,-6.953],[-71.23779,-6.9624],[-71.23468,-6.96728],[-71.23053,-6.96728],[-71.22888,-6.9657],[-71.22528,-6.95788],[-71.2215,-6.9566],[-71.21869,-6.9577],[-71.216,-6.96069],[-71.21478,-6.9635],[-71.2124,-6.96448],[-71.21161,-6.96393],[-71.21112,-6.96033],[-71.21863,-6.95001],[-71.22027,-6.94238],[-71.21972,-6.93902],[-71.21558,-6.93518],[-71.21197,-6.93548],[-71.21002,-6.93731],[-71.20679,-6.94592],[-71.20471,-6.94848],[-71.20038,-6.95257],[-71.19769,-6.95392],[-71.1958,-6.9538],[-71.1944,-6.953],[-71.19372,-6.95129],[-71.19379,-6.94549],[-71.19177,-6.93548],[-71.18957,-6.9317],[-71.18628,-6.92938],[-71.18548,-6.92731],[-71.18671,-6.92462],[-71.1961,-6.92059],[-71.20282,-6.91131],[-71.20239,-6.9093],[-71.19983,-6.90851],[-71.1947,-6.90979],[-71.18951,-6.9093],[-71.185,-6.90362],[-71.18371,-6.90301],[-71.18091,-6.90308],[-71.17761,-6.90509],[-71.17511,-6.90509],[-71.16919,-6.90161],[-71.16089,-6.8985],[-71.15741,-6.89892],[-71.156,-6.90112],[-71.156,-6.90417],[-71.1582,-6.9071],[-71.1651,-6.90869],[-71.1665,-6.91089],[-71.16559,-6.91388],[-71.16199,-6.91491],[-71.1568,-6.91369],[-71.15057,-6.91089],[-71.14801,-6.90881],[-71.14728,-6.9057],[-71.15167,-6.89917],[-71.15198,-6.89117],[-71.1535,-6.88818],[-71.15558,-6.88739],[-71.15857,-6.88788],[-71.16308,-6.89239],[-71.16449,-6.89252],[-71.16662,-6.89081],[-71.16681,-6.88751],[-71.16522,-6.88409],[-71.16107,-6.8811],[-71.1546,-6.88],[-71.15008,-6.88049],[-71.14532,-6.88251],[-71.1427,-6.88678],[-71.1441,-6.89551],[-71.14288,-6.89837],[-71.14148,-6.89947],[-71.13568,-6.90008],[-71.13299,-6.90161],[-71.13269,-6.9043],[-71.13391,-6.90582],[-71.13647,-6.90741],[-71.14239,-6.90857],[-71.14471,-6.91009],[-71.14398,-6.91229],[-71.14111,-6.91369],[-71.13898,-6.91321],[-71.13067,-6.90692],[-71.12628,-6.89831],[-71.12231,-6.89367],[-71.12018,-6.89319],[-71.11419,-6.89429],[-71.11078,-6.8941],[-71.10931,-6.8894],[-71.11011,-6.88238],[-71.10919,-6.8819],[-71.10773,-6.88263],[-71.10321,-6.88598],[-71.10022,-6.88647],[-71.0982,-6.88568],[-71.09637,-6.88299],[-71.09607,-6.87958],[-71.10052,-6.87079],[-71.09997,-6.86908],[-71.09869,-6.86847],[-71.09509,-6.8681],[-71.09253,-6.86969],[-71.08581,-6.88489],[-71.08331,-6.88757],[-71.08148,-6.88751],[-71.07922,-6.88568],[-71.07489,-6.87829],[-71.0719,-6.87622],[-71.06921,-6.87628],[-71.06299,-6.8811],[-71.06012,-6.8811],[-71.0589,-6.87982],[-71.05591,-6.87109],[-71.05542,-6.86578],[-71.05609,-6.85687],[-71.05371,-6.85651],[-71.05139,-6.85821],[-71.04468,-6.86578],[-71.0423,-6.86658],[-71.04059,-6.86627],[-71.03888,-6.86481],[-71.03857,-6.8623],[-71.0393,-6.85992],[-71.04278,-6.85638],[-71.04449,-6.85309],[-71.0437,-6.8501],[-71.04248,-6.84949],[-71.03699,-6.84961],[-71.03528,-6.85058],[-71.03308,-6.85303],[-71.03229,-6.85712],[-71.0296,-6.85998],[-71.02643,-6.86072],[-71.02429,-6.85968],[-71.02179,-6.85559],[-71.02307,-6.85089],[-71.02948,-6.84363],[-71.03351,-6.84228],[-71.04071,-6.84228],[-71.04199,-6.84161],[-71.0426,-6.83917],[-71.0412,-6.83667],[-71.03802,-6.83551],[-71.03021,-6.83587],[-71.02728,-6.83771],[-71.02099,-6.8446],[-71.01831,-6.84588],[-71.00482,-6.84851],[-71.00189,-6.84741],[-71.0022,-6.8454],[-71.00378,-6.84369],[-71.0105,-6.83838],[-71.01221,-6.83429],[-71.00928,-6.83002],[-71.00519,-6.8211],[-70.99878,-6.8147],[-70.99701,-6.8117],[-70.99658,-6.8067],[-70.99737,-6.79931],[-70.99627,-6.79559],[-70.99389,-6.79468],[-70.98859,-6.7984],[-70.98468,-6.7995],[-70.98248,-6.79791],[-70.98291,-6.79419],[-70.98938,-6.78802],[-70.99042,-6.7846],[-70.98798,-6.7829],[-70.9823,-6.78241],[-70.97937,-6.781],[-70.97919,-6.77771],[-70.98199,-6.77417],[-70.98199,-6.77283],[-70.98041,-6.77173],[-70.96869,-6.7724],[-70.96539,-6.77398],[-70.96301,-6.77661],[-70.96051,-6.77691],[-70.9613,-6.77038],[-70.95941,-6.76587],[-70.95709,-6.7644],[-70.95178,-6.7655],[-70.9494,-6.76727],[-70.94513,-6.7727],[-70.94098,-6.77429],[-70.93957,-6.77319],[-70.9386,-6.76892],[-70.93671,-6.7666],[-70.93439,-6.76599],[-70.93249,-6.7666],[-70.92938,-6.76941],[-70.92529,-6.77521],[-70.92328,-6.77618],[-70.92059,-6.77582],[-70.91608,-6.77698],[-70.901,-6.78418],[-70.89673,-6.78509],[-70.89398,-6.7846],[-70.89087,-6.78247],[-70.88611,-6.77649],[-70.87958,-6.77081],[-70.87817,-6.77087],[-70.87549,-6.77209],[-70.87469,-6.77539],[-70.87152,-6.78003],[-70.86511,-6.78357],[-70.86371,-6.78351],[-70.86212,-6.78162],[-70.86298,-6.78003],[-70.86542,-6.77881],[-70.86981,-6.77411],[-70.87298,-6.77008],[-70.87341,-6.76819],[-70.87201,-6.76581],[-70.86841,-6.76349],[-70.86261,-6.76428],[-70.85962,-6.76269],[-70.85968,-6.76001],[-70.86603,-6.75708],[-70.86529,-6.75519],[-70.86377,-6.75488],[-70.86059,-6.7561],[-70.8471,-6.76471],[-70.8399,-6.76599],[-70.83459,-6.7652],[-70.81451,-6.75702],[-70.81329,-6.75818],[-70.81341,-6.76092],[-70.81763,-6.76709],[-70.81787,-6.77008],[-70.81598,-6.7724],[-70.81293,-6.77301],[-70.81061,-6.77209],[-70.80731,-6.76788],[-70.80432,-6.76239],[-70.80182,-6.7536],[-70.80078,-6.7525],[-70.79828,-6.75281],[-70.79559,-6.75629],[-70.794,-6.75751],[-70.79242,-6.75751],[-70.79071,-6.75629],[-70.78949,-6.75049],[-70.7857,-6.74951],[-70.78387,-6.7503],[-70.77972,-6.75421],[-70.77789,-6.75738],[-70.7774,-6.76007],[-70.77917,-6.763],[-70.78558,-6.76569],[-70.78808,-6.768],[-70.7887,-6.77148],[-70.78711,-6.77521],[-70.78558,-6.77679],[-70.78009,-6.77887],[-70.776,-6.77801],[-70.7713,-6.77838],[-70.7688,-6.7796],[-70.76562,-6.78387],[-70.76428,-6.7846],[-70.76239,-6.78387],[-70.76251,-6.78058],[-70.7644,-6.77789],[-70.77411,-6.77209],[-70.77411,-6.76922],[-70.77099,-6.76538],[-70.76959,-6.76471],[-70.7669,-6.76501],[-70.75928,-6.77429],[-70.75787,-6.78369],[-70.75519,-6.7879],[-70.74609,-6.79217],[-70.73761,-6.79468],[-70.7326,-6.79419],[-70.7301,-6.79278],[-70.7279,-6.79382],[-70.72992,-6.79809],[-70.72949,-6.80151],[-70.72778,-6.8042],[-70.72803,-6.80688],[-70.72888,-6.8078],[-70.7323,-6.80792],[-70.7348,-6.8067],[-70.7362,-6.8056],[-70.73919,-6.80029],[-70.7428,-6.797],[-70.74518,-6.79761],[-70.74689,-6.79962],[-70.7478,-6.80279],[-70.74731,-6.80768],[-70.74377,-6.81097],[-70.74048,-6.81207],[-70.7323,-6.81201],[-70.72992,-6.81451],[-70.72967,-6.81622],[-70.73102,-6.81897],[-70.73462,-6.82141],[-70.737,-6.82709],[-70.73651,-6.83368],[-70.7345,-6.83642],[-70.73218,-6.83789],[-70.72601,-6.83783],[-70.7168,-6.8302],[-70.71338,-6.82269],[-70.71442,-6.81701],[-70.71417,-6.81378],[-70.71161,-6.81122],[-70.70581,-6.80902],[-70.70459,-6.80768],[-70.70538,-6.8042],[-70.71118,-6.80151],[-70.71142,-6.79907],[-70.70831,-6.79669],[-70.70227,-6.79437],[-70.70068,-6.79468],[-70.69909,-6.7973],[-70.69818,-6.81579],[-70.69678,-6.8197],[-70.69519,-6.82129],[-70.69238,-6.8219],[-70.68701,-6.82001],[-70.68548,-6.81818],[-70.68341,-6.80859],[-70.68042,-6.8064],[-70.67859,-6.8064],[-70.67548,-6.80792],[-70.6737,-6.81012],[-70.67273,-6.8128],[-70.67279,-6.81787],[-70.67297,-6.82068],[-70.6745,-6.82428],[-70.67609,-6.82562],[-70.67828,-6.82611],[-70.68481,-6.82599],[-70.68689,-6.82721],[-70.6889,-6.83179],[-70.68671,-6.83618],[-70.6817,-6.83978],[-70.67669,-6.84198],[-70.67102,-6.84259],[-70.66931,-6.841],[-70.66791,-6.83472],[-70.66388,-6.82629],[-70.66327,-6.81799],[-70.6604,-6.81457],[-70.64697,-6.81378],[-70.63373,-6.81488],[-70.62543,-6.8136],[-70.61963,-6.81482],[-70.6181,-6.81671],[-70.6178,-6.81891],[-70.61889,-6.82409],[-70.62079,-6.82702],[-70.62738,-6.83172],[-70.62811,-6.83411],[-70.62512,-6.83618],[-70.6228,-6.83612],[-70.62079,-6.83508],[-70.61932,-6.83398],[-70.61658,-6.82941],[-70.61419,-6.82269],[-70.61407,-6.81927],[-70.61682,-6.81158],[-70.61761,-6.80377],[-70.61731,-6.80108],[-70.61499,-6.79901],[-70.61029,-6.79962],[-70.60821,-6.80121],[-70.60571,-6.8045],[-70.6051,-6.80969],[-70.6026,-6.81329],[-70.5971,-6.81402],[-70.5874,-6.8089],[-70.57757,-6.80719],[-70.5722,-6.80768],[-70.57068,-6.80951],[-70.56689,-6.81927],[-70.56317,-6.83191],[-70.56207,-6.8338],[-70.55731,-6.83459],[-70.55487,-6.83429],[-70.55212,-6.83209],[-70.547,-6.82519],[-70.54358,-6.82251],[-70.5401,-6.82348],[-70.53448,-6.8288],[-70.5332,-6.8288],[-70.53149,-6.82672],[-70.53222,-6.81488],[-70.53479,-6.80621],[-70.53497,-6.79492],[-70.53589,-6.79291],[-70.53747,-6.79187],[-70.53998,-6.79242],[-70.54187,-6.79401],[-70.54358,-6.79809],[-70.54431,-6.80401],[-70.54608,-6.80749],[-70.54761,-6.80841],[-70.5495,-6.80823],[-70.55267,-6.80621],[-70.55371,-6.80438],[-70.55371,-6.79938],[-70.55279,-6.79773],[-70.54828,-6.79529],[-70.54468,-6.7901],[-70.54523,-6.78192],[-70.544,-6.78039],[-70.54248,-6.78039],[-70.54059,-6.78192],[-70.53778,-6.78711],[-70.53412,-6.78998],[-70.52948,-6.7904],[-70.52588,-6.789],[-70.52008,-6.78918],[-70.51477,-6.7923],[-70.50708,-6.7948],[-70.50531,-6.79791],[-70.50738,-6.80353],[-70.5061,-6.80847],[-70.50189,-6.81311],[-70.49829,-6.81518],[-70.4895,-6.81451],[-70.48218,-6.81183],[-70.47998,-6.80841],[-70.4815,-6.80261],[-70.48089,-6.79999],[-70.4798,-6.79919],[-70.47601,-6.80041],[-70.47333,-6.80267],[-70.47058,-6.80688],[-70.46722,-6.81738],[-70.4649,-6.82068],[-70.46161,-6.82239],[-70.45801,-6.82202],[-70.45288,-6.81818],[-70.45117,-6.815],[-70.44409,-6.8089],[-70.44348,-6.80688],[-70.44379,-6.80579],[-70.4461,-6.8042],[-70.45312,-6.80371],[-70.45471,-6.80292],[-70.45648,-6.80157],[-70.4574,-6.7987],[-70.46771,-6.79339],[-70.46808,-6.79071],[-70.4671,-6.78808],[-70.46112,-6.77789],[-70.45819,-6.77612],[-70.45422,-6.77667],[-70.44983,-6.7807],[-70.43951,-6.7876],[-70.43609,-6.7923],[-70.43182,-6.79638],[-70.4281,-6.79669],[-70.42383,-6.79272],[-70.42309,-6.79108],[-70.42328,-6.78637],[-70.42499,-6.78412],[-70.43188,-6.77869],[-70.43683,-6.77038],[-70.4375,-6.76739],[-70.43701,-6.7652],[-70.43487,-6.76391],[-70.42938,-6.76398],[-70.42749,-6.76489],[-70.42517,-6.76758],[-70.42151,-6.77832],[-70.41553,-6.78912],[-70.4129,-6.79138],[-70.4096,-6.79108],[-70.40729,-6.7868],[-70.40521,-6.77618],[-70.4082,-6.76538],[-70.40722,-6.75928],[-70.40509,-6.75641],[-70.3996,-6.75409],[-70.39429,-6.75488],[-70.3891,-6.7536],[-70.38788,-6.75067],[-70.3883,-6.74731],[-70.39069,-6.74481],[-70.3941,-6.74377],[-70.40088,-6.74341],[-70.40198,-6.74182],[-70.40118,-6.73968],[-70.39368,-6.73688],[-70.38861,-6.73749],[-70.38269,-6.74011],[-70.3797,-6.7406],[-70.37543,-6.7406],[-70.37262,-6.7395],[-70.36963,-6.73749],[-70.36688,-6.73431],[-70.36652,-6.72662],[-70.36548,-6.72552],[-70.36249,-6.72601],[-70.36029,-6.72809],[-70.35742,-6.72919],[-70.35339,-6.72961],[-70.34833,-6.729],[-70.34448,-6.72967],[-70.3291,-6.74341],[-70.32599,-6.74451],[-70.32471,-6.74267],[-70.32471,-6.737],[-70.3233,-6.73041],[-70.32471,-6.72241],[-70.32409,-6.7204],[-70.32178,-6.7185],[-70.31817,-6.71802],[-70.30548,-6.7218],[-70.30402,-6.7204],[-70.30377,-6.71869],[-70.30481,-6.7138],[-70.3078,-6.711],[-70.31329,-6.70941],[-70.31897,-6.70929],[-70.32361,-6.7063],[-70.32422,-6.70221],[-70.3233,-6.70038],[-70.32049,-6.69861],[-70.31689,-6.69922],[-70.30218,-6.70508],[-70.2995,-6.70679],[-70.29687,-6.71051],[-70.29809,-6.72339],[-70.30218,-6.72778],[-70.30987,-6.7323],[-70.30951,-6.73681],[-70.30658,-6.73871],[-70.29858,-6.74017],[-70.29309,-6.73938],[-70.28729,-6.73669],[-70.28198,-6.73602],[-70.28039,-6.73718],[-70.27881,-6.74158],[-70.27942,-6.74499],[-70.28058,-6.74689],[-70.28699,-6.75189],[-70.2893,-6.75568],[-70.28943,-6.7583],[-70.28839,-6.76001],[-70.28351,-6.76288],[-70.27661,-6.76581],[-70.2727,-6.76428],[-70.27209,-6.75799],[-70.27588,-6.75],[-70.27667,-6.74359],[-70.27588,-6.74249],[-70.27081,-6.74029],[-70.2688,-6.73858],[-70.2655,-6.73151],[-70.26343,-6.72931],[-70.26111,-6.72839],[-70.26019,-6.729],[-70.25989,-6.73358],[-70.26092,-6.73962],[-70.2561,-6.75647],[-70.25629,-6.76031],[-70.25763,-6.76318],[-70.25958,-6.76459],[-70.26629,-6.7655],[-70.26898,-6.76678],[-70.27008,-6.76788],[-70.27038,-6.77063],[-70.26923,-6.77429],[-70.26813,-6.77508],[-70.26092,-6.7763],[-70.25751,-6.77899],[-70.25708,-6.78131],[-70.25873,-6.7879],[-70.2586,-6.79108],[-70.25647,-6.79339],[-70.25482,-6.79339],[-70.2522,-6.79162],[-70.24988,-6.7879],[-70.24939,-6.78277],[-70.25,-6.7763],[-70.24921,-6.7727],[-70.24701,-6.7655],[-70.2428,-6.7569],[-70.24121,-6.7511],[-70.24408,-6.74267],[-70.24298,-6.74109],[-70.24139,-6.74048],[-70.23859,-6.74103],[-70.23059,-6.74731],[-70.22772,-6.74847],[-70.2243,-6.74762],[-70.22229,-6.74768],[-70.22162,-6.74841],[-70.22491,-6.75598],[-70.22638,-6.76129],[-70.2265,-6.76538],[-70.22449,-6.77032],[-70.22259,-6.77179],[-70.22058,-6.77209],[-70.21667,-6.77161],[-70.21197,-6.76977],[-70.20001,-6.7619],[-70.19971,-6.75989],[-70.2005,-6.75769],[-70.20221,-6.75592],[-70.2088,-6.7539],[-70.21118,-6.74957],[-70.20959,-6.73993],[-70.2055,-6.73419],[-70.2019,-6.73279],[-70.18377,-6.73327],[-70.1806,-6.73401],[-70.1784,-6.73669],[-70.17828,-6.73938],[-70.18237,-6.74542],[-70.1839,-6.75531],[-70.18329,-6.75909],[-70.18213,-6.7608],[-70.1795,-6.7619],[-70.17432,-6.76111],[-70.16968,-6.75897],[-70.1673,-6.75732],[-70.16302,-6.75067],[-70.1596,-6.74768],[-70.15729,-6.74689],[-70.15228,-6.7475],[-70.143,-6.75207],[-70.14142,-6.75128],[-70.14062,-6.74798],[-70.14227,-6.74591],[-70.151,-6.7431],[-70.15759,-6.73681],[-70.15997,-6.7323],[-70.15808,-6.7276],[-70.15503,-6.72528],[-70.15289,-6.7221],[-70.1524,-6.71838],[-70.15411,-6.7149],[-70.16058,-6.70978],[-70.1604,-6.70788],[-70.15729,-6.70648],[-70.15259,-6.70691],[-70.1463,-6.7113],[-70.1449,-6.7157],[-70.1441,-6.7279],[-70.14221,-6.7326],[-70.13092,-6.74481],[-70.11938,-6.74988],[-70.11621,-6.7539],[-70.11432,-6.75928],[-70.11133,-6.76129],[-70.10901,-6.76098],[-70.1073,-6.75958],[-70.10541,-6.75549],[-70.1048,-6.75171],[-70.10632,-6.737],[-70.10711,-6.73559],[-70.11011,-6.7348],[-70.11389,-6.73968],[-70.11798,-6.74212],[-70.12183,-6.742],[-70.12469,-6.74048],[-70.12768,-6.73633],[-70.12958,-6.72919],[-70.12872,-6.72259],[-70.12597,-6.72009],[-70.12408,-6.7196],[-70.11749,-6.72229],[-70.11029,-6.72381],[-70.10449,-6.72058],[-70.09839,-6.71399],[-70.09308,-6.71167],[-70.08862,-6.71148],[-70.08679,-6.71258],[-70.08441,-6.716],[-70.0824,-6.72711],[-70.08111,-6.72931],[-70.07501,-6.73071],[-70.07031,-6.72882],[-70.06897,-6.72668],[-70.0672,-6.72119],[-70.0672,-6.71539],[-70.06653,-6.71393],[-70.065,-6.71319],[-70.06268,-6.71368],[-70.0603,-6.71741],[-70.05969,-6.72198],[-70.06128,-6.72632],[-70.06457,-6.72967],[-70.0769,-6.73578],[-70.0777,-6.73889],[-70.0755,-6.74298],[-70.07257,-6.7456],[-70.06921,-6.74609],[-70.05877,-6.7439],[-70.05499,-6.74499],[-70.05279,-6.74701],[-70.05048,-6.75299],[-70.04919,-6.75439],[-70.04681,-6.7558],[-70.04272,-6.75641],[-70.0357,-6.7539],[-70.02887,-6.7525],[-70.02862,-6.75128],[-70.03009,-6.7489],[-70.0332,-6.74872],[-70.0357,-6.74737],[-70.03747,-6.7453],[-70.03979,-6.74188],[-70.04108,-6.7362],[-70.03943,-6.73169],[-70.03479,-6.72668],[-70.03168,-6.72479],[-70.0296,-6.72449],[-70.02728,-6.7254],[-70.02551,-6.72748],[-70.02478,-6.73419],[-70.02038,-6.74762],[-70.0191,-6.74957],[-70.0169,-6.75049],[-70.01477,-6.74981],[-70.01159,-6.74512],[-70.0108,-6.74048],[-70.01251,-6.73498],[-70.01849,-6.72729],[-70.02551,-6.72052],[-70.02679,-6.7171],[-70.02569,-6.71399],[-70.0227,-6.7135],[-70.01758,-6.71448],[-70.01428,-6.71838],[-70.01208,-6.72229],[-70.00732,-6.74029],[-70.00311,-6.74499],[-69.99719,-6.74829],[-69.99627,-6.75018],[-69.99573,-6.75262],[-69.99652,-6.75427],[-70.00311,-6.76001],[-70.00299,-6.76178],[-70.00128,-6.76489],[-69.99481,-6.7677],[-69.98938,-6.76678],[-69.97729,-6.76098],[-69.97131,-6.75512],[-69.96771,-6.75409],[-69.96637,-6.75451],[-69.96472,-6.75738],[-69.96478,-6.76098],[-69.96631,-6.7655],[-69.96551,-6.7691],[-69.96088,-6.77069],[-69.95837,-6.76959],[-69.95099,-6.7594],[-69.94488,-6.75549],[-69.9444,-6.75177],[-69.94708,-6.7492],[-69.95611,-6.7467],[-69.95898,-6.74652],[-69.96991,-6.74988],[-69.97229,-6.74908],[-69.97388,-6.74792],[-69.9751,-6.74432],[-69.97369,-6.74048],[-69.96881,-6.73688],[-69.95978,-6.73718],[-69.94818,-6.7326],[-69.94317,-6.73382],[-69.94018,-6.73669],[-69.93927,-6.73932],[-69.93921,-6.74267],[-69.94128,-6.7536],[-69.94043,-6.75751],[-69.93841,-6.75952],[-69.9331,-6.75958],[-69.9284,-6.7561],[-69.927,-6.7514],[-69.9292,-6.74579],[-69.93268,-6.74017],[-69.93359,-6.73742],[-69.93298,-6.73358],[-69.92828,-6.72387],[-69.92499,-6.72198],[-69.92291,-6.72192],[-69.9209,-6.72278],[-69.91821,-6.72589],[-69.91687,-6.73089],[-69.9173,-6.73797],[-69.91888,-6.74432],[-69.91821,-6.74951],[-69.91687,-6.75171],[-69.91278,-6.75299],[-69.91058,-6.75299],[-69.90521,-6.75098],[-69.90118,-6.7442],[-69.9013,-6.74017],[-69.90912,-6.72241],[-69.9093,-6.71759],[-69.90698,-6.71301],[-69.90503,-6.7113],[-69.89691,-6.7088],[-69.89551,-6.7055],[-69.89758,-6.70209],[-69.89972,-6.70129],[-69.90662,-6.70178],[-69.9104,-6.70111],[-69.91211,-6.69812],[-69.91162,-6.69458],[-69.9057,-6.69177],[-69.89831,-6.69171],[-69.89221,-6.69018],[-69.87793,-6.68079],[-69.87329,-6.67499],[-69.87219,-6.67041]],"type":"LineString"},"id":45,"properties":{"cla_icacao":"Navegação sazonal","dominio":"União","est_estino":"AM","est_origem":"AM","extensao":561.740353116,"fonte":"LabTrans/Antaq","idantaq":21,"idhidrovia":200002068,"idm_estino":"BR130180","idm_origem":"BR130140","idseq":0,"jurisdicao":"AHIMOC","mun_estino":"Ipixuna","mun_origem":"Eirunepé","navegacao":"Navegação Interior","nom_eclusa":null,"nome":"Hidrovia do Juruá","nome_rio":"Rio Juruá","observacao":"Foz no rio Solimões _AM_ até  Marechal Taumaturgo _AC_.","pro_de_max":4.0,"pro_de_min":1.8,"reg_rafica":"Região Hidrográfica Amazônica","snv":"Sim","tempo":"2d 8h 10min","tipo":"Rio","vel_cional":10.0},"type":"Feature"},{"bbox":[-55.342045,-3.59524,-54.736067,-2.361205],"geometry":{"coordinates":[[-55.34204,-3.59524],[-55.34039,-3.5921],[-55.33349,-3.58478],[-55.32922,-3.578],[-55.32232,-3.56561],[-55.31799,-3.55371],[-55.31592,-3.5437],[-55.31549,-3.52148],[-55.31329,-3.50311],[-55.30731,-3.48907],[-55.29852,-3.4494],[-55.29028,-3.42138],[-55.27081,-3.37127],[-55.25921,-3.32879],[-55.23981,-3.28052],[-55.18377,-3.1723],[-55.16791,-3.12201],[-55.15851,-3.0758],[-55.16058,-3.05402],[-55.17401,-3.00238],[-55.17798,-2.9638],[-55.16931,-2.91553],[-55.15777,-2.87488],[-55.13843,-2.81891],[-55.11328,-2.76288],[-55.1073,-2.74158],[-55.09491,-2.69171],[-55.09198,-2.66638],[-55.08441,-2.63409],[-55.07593,-2.58227],[-55.06598,-2.54669],[-55.04278,-2.479],[-55.013,-2.41022],[-54.99029,-2.37909],[-54.95331,-2.36298],[-54.90161,-2.3612],[-54.85071,-2.36871],[-54.8175,-2.37469],[-54.78778,-2.38879],[-54.76161,-2.40681],[-54.74073,-2.41284],[-54.73607,-2.41313]],"type":"LineString"},"id":46,"properties":{"cla_icacao":"Navegável","dominio":"União","est_estino":"PA","est_origem":"PA","extensao":172.444613832,"fonte":"LabTrans/Antaq","idantaq":17,"idhidrovia":200002069,"idm_estino":"BR150100","idm_origem":"BR150680","idseq":0,"jurisdicao":"AHIMOR","mun_estino":"Aveiro","mun_origem":"Santarém","navegacao":"Navegação Interior","nom_eclusa":null,"nome":"Hidrovia do Tapajós","nome_rio":"Rio Tapajós","observacao":"Foz no rio Amazonas _PA_ até a confluência dos rios Juruena e Teles Pires.","pro_de_max":9.9,"pro_de_min":2.6,"reg_rafica":"Região Hidrográfica Amazônica","snv":"Sim","tempo":"0d 17h 14min","tipo":"Rio","vel_cional":10.0},"type":"Feature"},{"bbox":[-49.685484,-3.763289,-49.598204,-2.791598],"geometry":{"coordinates":[[-49.66307,-3.76329],[-49.66386,-3.75963],[-49.66069,-3.7413],[-49.66021,-3.73229],[-49.66184,-3.7211],[-49.66131,-3.69629],[-49.66217,-3.67798],[-49.66009,-3.64838],[-49.65771,-3.63849],[-49.6546,-3.6311],[-49.64899,-3.62182],[-49.64209,-3.6142],[-49.63598,-3.60388],[-49.63128,-3.59259],[-49.62341,-3.58111],[-49.61829,-3.57031],[-49.60907,-3.54352],[-49.60571,-3.53149],[-49.5982,-3.51459],[-49.59869,-3.50769],[-49.60058,-3.50189],[-49.60461,-3.4815],[-49.60461,-3.47443],[-49.60901,-3.45599],[-49.60809,-3.43439],[-49.60882,-3.39758],[-49.6109,-3.38989],[-49.61529,-3.38068],[-49.6217,-3.37359],[-49.63519,-3.36511],[-49.64081,-3.35809],[-49.6441,-3.34289],[-49.64508,-3.3349],[-49.64508,-3.3197],[-49.64673,-3.31048],[-49.64709,-3.2846],[-49.64599,-3.27551],[-49.64709,-3.2677],[-49.65417,-3.2522],[-49.6579,-3.2362],[-49.6521,-3.21972],[-49.65057,-3.211],[-49.65057,-3.20019],[-49.65338,-3.18719],[-49.65271,-3.16388],[-49.65698,-3.15021],[-49.65808,-3.1333],[-49.65698,-3.10052],[-49.65167,-3.0647],[-49.6546,-3.05517],[-49.65429,-3.04529],[-49.65131,-3.03839],[-49.64911,-3.03058],[-49.65021,-3.00659],[-49.64947,-2.99011],[-49.65021,-2.97589],[-49.65338,-2.948],[-49.65692,-2.93079],[-49.66247,-2.9151],[-49.67151,-2.89569],[-49.68109,-2.8551],[-49.68548,-2.84051],[-49.68298,-2.8266],[-49.68188,-2.8125],[-49.67889,-2.79999],[-49.67876,-2.7916]],"type":"LineString"},"id":47,"properties":{"cla_icacao":"Navegável","dominio":"União","est_estino":"PA","est_origem":"PA","extensao":112.18302034399998,"fonte":"LabTrans/ANA/Antaq","idantaq":9,"idhidrovia":200002070,"idm_estino":"BR150810","idm_origem":"BR150120","idseq":0,"jurisdicao":"AHIMOR","mun_estino":"Tucuruí","mun_origem":"Baião","navegacao":"Navegação Interior","nom_eclusa":null,"nome":"Hidrovia do Tocantins","nome_rio":"Rio Tocantins","observacao":"Foz no oceano Atlântico _PA_ até o Lago da Barragem de Serra da Mesa _GO_, na confluência com o rio Tocantizinho _GO_.","pro_de_max":4.0,"pro_de_min":1.5,"reg_rafica":"Região Hidrográfica do Tocantins","snv":"Sim","tempo":"0d 11h 13min","tipo":"Rio","vel_cional":10.0},"type":"Feature"},{"bbox":[-66.8515,-4.902892,-66.062834,-3.447997],"geometry":{"coordinates":[[-66.83911,-4.90289],[-66.8374,-4.90088],[-66.83502,-4.90008],[-66.8244,-4.90069],[-66.82129,-4.89978],[-66.8081,-4.89172],[-66.79968,-4.88818],[-66.794,-4.88428],[-66.79181,-4.88177],[-66.7904,-4.87848],[-66.79059,-4.8761],[-66.79669,-4.86609],[-66.80048,-4.86371],[-66.8056,-4.8634],[-66.81738,-4.8659],[-66.82147,-4.86542],[-66.8302,-4.86218],[-66.84241,-4.84997],[-66.84997,-4.84381],[-66.8515,-4.84051],[-66.85101,-4.83911],[-66.84058,-4.83411],[-66.82129,-4.82739],[-66.81,-4.82501],[-66.8009,-4.82031],[-66.7987,-4.82001],[-66.794,-4.8208],[-66.79272,-4.82239],[-66.79248,-4.83368],[-66.79181,-4.83587],[-66.78821,-4.83911],[-66.7832,-4.84088],[-66.77978,-4.841],[-66.76977,-4.83771],[-66.76538,-4.8349],[-66.76159,-4.8266],[-66.7597,-4.82098],[-66.75879,-4.81427],[-66.75958,-4.80841],[-66.76159,-4.80481],[-66.7655,-4.80102],[-66.77972,-4.79339],[-66.7846,-4.78918],[-66.78662,-4.78479],[-66.78692,-4.7807],[-66.78418,-4.77392],[-66.77679,-4.76709],[-66.7738,-4.76532],[-66.76611,-4.76361],[-66.75799,-4.76459],[-66.75268,-4.76672],[-66.7475,-4.77051],[-66.73999,-4.77948],[-66.73529,-4.78241],[-66.72949,-4.781],[-66.72601,-4.77808],[-66.7251,-4.77337],[-66.72607,-4.76977],[-66.72778,-4.76739],[-66.737,-4.75989],[-66.73962,-4.7569],[-66.742,-4.75232],[-66.74219,-4.74737],[-66.73993,-4.73871],[-66.73968,-4.73071],[-66.742,-4.72638],[-66.74658,-4.7207],[-66.74689,-4.71808],[-66.74689,-4.7146],[-66.74548,-4.71222],[-66.74341,-4.71008],[-66.73529,-4.7052],[-66.73401,-4.70331],[-66.73169,-4.698],[-66.72998,-4.68689],[-66.72809,-4.68323],[-66.7262,-4.68127],[-66.72058,-4.67871],[-66.71197,-4.6792],[-66.7066,-4.68109],[-66.69897,-4.68518],[-66.68658,-4.68878],[-66.67798,-4.6936],[-66.67279,-4.69787],[-66.66888,-4.6994],[-66.6665,-4.6994],[-66.66327,-4.698],[-66.65777,-4.69098],[-66.65362,-4.68768],[-66.64831,-4.68512],[-66.64447,-4.68048],[-66.64368,-4.67859],[-66.64392,-4.67322],[-66.64551,-4.67102],[-66.65228,-4.66711],[-66.66058,-4.65308],[-66.6723,-4.64441],[-66.67639,-4.6402],[-66.67798,-4.63757],[-66.67853,-4.63391],[-66.67779,-4.6308],[-66.67383,-4.62561],[-66.67169,-4.62408],[-66.66791,-4.62298],[-66.6579,-4.62359],[-66.65118,-4.62512],[-66.64471,-4.6239],[-66.64099,-4.62091],[-66.63898,-4.61639],[-66.63861,-4.60919],[-66.64178,-4.6015],[-66.64349,-4.59308],[-66.64508,-4.5896],[-66.65057,-4.58459],[-66.65979,-4.58179],[-66.66107,-4.5805],[-66.66199,-4.57599],[-66.66168,-4.57361],[-66.65857,-4.5672],[-66.65332,-4.56293],[-66.6438,-4.55877],[-66.63733,-4.55908],[-66.63019,-4.5614],[-66.6261,-4.56048],[-66.62189,-4.5578],[-66.61969,-4.55182],[-66.61829,-4.5379],[-66.61639,-4.53003],[-66.61438,-4.52618],[-66.61059,-4.52179],[-66.60449,-4.51709],[-66.59338,-4.51312],[-66.59118,-4.51129],[-66.58642,-4.50403],[-66.58472,-4.50329],[-66.58081,-4.5047],[-66.57959,-4.50622],[-66.57812,-4.51251],[-66.57501,-4.51452],[-66.57019,-4.51282],[-66.56701,-4.50958],[-66.56531,-4.50299],[-66.56708,-4.49481],[-66.56921,-4.49072],[-66.57703,-4.48492],[-66.58111,-4.4787],[-66.58581,-4.47369],[-66.58942,-4.4685],[-66.5899,-4.4638],[-66.5871,-4.461],[-66.58331,-4.45929],[-66.56958,-4.45648],[-66.5625,-4.45617],[-66.55231,-4.45978],[-66.5426,-4.46612],[-66.53998,-4.46692],[-66.5357,-4.46667],[-66.53338,-4.46539],[-66.53039,-4.45978],[-66.52942,-4.45367],[-66.53021,-4.45099],[-66.53607,-4.44427],[-66.53888,-4.44281],[-66.54889,-4.4422],[-66.55218,-4.44122],[-66.56518,-4.4328],[-66.5675,-4.43017],[-66.5711,-4.4237],[-66.57159,-4.41778],[-66.57049,-4.414],[-66.56701,-4.4096],[-66.56073,-4.40668],[-66.54559,-4.40509],[-66.54199,-4.40381],[-66.53943,-4.40198],[-66.53692,-4.39722],[-66.5365,-4.39398],[-66.5423,-4.38568],[-66.54718,-4.38287],[-66.5506,-4.38269],[-66.55731,-4.3858],[-66.56061,-4.39111],[-66.56171,-4.39618],[-66.5628,-4.39783],[-66.56482,-4.39862],[-66.56781,-4.39722],[-66.57092,-4.38959],[-66.57092,-4.38281],[-66.56848,-4.37158],[-66.56708,-4.3681],[-66.56409,-4.36407],[-66.5589,-4.36072],[-66.55127,-4.3584],[-66.53638,-4.35791],[-66.53241,-4.35498],[-66.53119,-4.3529],[-66.5263,-4.33618],[-66.52283,-4.3313],[-66.5191,-4.32788],[-66.5166,-4.32727],[-66.51379,-4.32782],[-66.50958,-4.3316],[-66.505,-4.33838],[-66.50311,-4.33929],[-66.5,-4.3388],[-66.49872,-4.33728],[-66.49811,-4.33557],[-66.49957,-4.3288],[-66.5022,-4.323],[-66.50409,-4.32068],[-66.51617,-4.31293],[-66.52069,-4.30768],[-66.52222,-4.30322],[-66.52252,-4.29523],[-66.52582,-4.2807],[-66.52649,-4.27331],[-66.526,-4.26617],[-66.52441,-4.26037],[-66.52099,-4.2558],[-66.51788,-4.25348],[-66.50897,-4.25067],[-66.49597,-4.25189],[-66.48071,-4.25781],[-66.4729,-4.25928],[-66.46667,-4.25958],[-66.461,-4.25708],[-66.4577,-4.25348],[-66.45673,-4.25128],[-66.4494,-4.22888],[-66.44897,-4.21991],[-66.45038,-4.21661],[-66.45331,-4.21448],[-66.45648,-4.21411],[-66.46362,-4.21649],[-66.474,-4.22229],[-66.47937,-4.22162],[-66.47998,-4.21759],[-66.47821,-4.21319],[-66.47638,-4.19928],[-66.47461,-4.19348],[-66.4704,-4.18799],[-66.4508,-4.16778],[-66.44391,-4.16461],[-66.43951,-4.16369],[-66.42047,-4.16608],[-66.41717,-4.16559],[-66.41357,-4.16229],[-66.41321,-4.15948],[-66.41461,-4.15332],[-66.41608,-4.15002],[-66.42071,-4.14422],[-66.44513,-4.1336],[-66.45178,-4.12939],[-66.4541,-4.12677],[-66.4566,-4.12207],[-66.4566,-4.11908],[-66.45453,-4.11468],[-66.44812,-4.11133],[-66.44482,-4.11139],[-66.43762,-4.11468],[-66.4281,-4.117],[-66.40942,-4.11938],[-66.40192,-4.11908],[-66.39569,-4.11609],[-66.39221,-4.11169],[-66.39099,-4.10791],[-66.39087,-4.10309],[-66.3949,-4.09729],[-66.3999,-4.09387],[-66.4035,-4.0932],[-66.40759,-4.09363],[-66.41339,-4.09619],[-66.42108,-4.10461],[-66.42602,-4.10809],[-66.43091,-4.1076],[-66.43957,-4.099],[-66.44299,-4.0921],[-66.44598,-4.08301],[-66.44989,-4.07593],[-66.45538,-4.07092],[-66.46039,-4.06848],[-66.4635,-4.0647],[-66.46289,-4.06262],[-66.4555,-4.06061],[-66.45032,-4.06061],[-66.44568,-4.06158],[-66.44049,-4.06628],[-66.43671,-4.0719],[-66.43329,-4.0744],[-66.4292,-4.07562],[-66.42139,-4.07391],[-66.4093,-4.0744],[-66.40509,-4.07348],[-66.3996,-4.07092],[-66.39679,-4.06848],[-66.39392,-4.06061],[-66.39459,-4.05432],[-66.39789,-4.04761],[-66.40918,-4.0354],[-66.41461,-4.02612],[-66.42071,-4.02069],[-66.4292,-4.01617],[-66.44348,-4.00622],[-66.44849,-4.00079],[-66.45001,-3.99469],[-66.4494,-3.9884],[-66.44678,-3.98309],[-66.4331,-3.97137],[-66.42963,-3.9657],[-66.42828,-3.95959],[-66.43182,-3.94861],[-66.44299,-3.93561],[-66.44562,-3.93048],[-66.44519,-3.92279],[-66.44391,-3.91931],[-66.43872,-3.91339],[-66.4353,-3.9118],[-66.43139,-3.91119],[-66.42401,-3.91229],[-66.41247,-3.91669],[-66.40399,-3.91699],[-66.40002,-3.91498],[-66.39722,-3.9093],[-66.39368,-3.89807],[-66.39361,-3.89252],[-66.39477,-3.88721],[-66.39618,-3.88483],[-66.40991,-3.86822],[-66.41778,-3.86267],[-66.41949,-3.86047],[-66.4212,-3.85571],[-66.41931,-3.84961],[-66.4151,-3.84509],[-66.41083,-3.84332],[-66.3999,-3.8421],[-66.39313,-3.84479],[-66.38928,-3.84778],[-66.38067,-3.85937],[-66.37738,-3.86249],[-66.37421,-3.86371],[-66.37079,-3.86298],[-66.36829,-3.86151],[-66.36639,-3.86011],[-66.36389,-3.85528],[-66.36468,-3.84912],[-66.36963,-3.84021],[-66.38141,-3.82709],[-66.38251,-3.82458],[-66.38263,-3.82019],[-66.37927,-3.8161],[-66.3667,-3.81079],[-66.35791,-3.81042],[-66.3537,-3.81097],[-66.35052,-3.81238],[-66.34363,-3.81811],[-66.33819,-3.828],[-66.33551,-3.83063],[-66.33313,-3.83099],[-66.32959,-3.82892],[-66.32709,-3.82471],[-66.3266,-3.81708],[-66.32501,-3.81311],[-66.32367,-3.81109],[-66.31879,-3.8089],[-66.31561,-3.80939],[-66.31109,-3.81238],[-66.30877,-3.81549],[-66.30627,-3.82098],[-66.30218,-3.82489],[-66.2987,-3.82562],[-66.29413,-3.82538],[-66.28857,-3.823],[-66.2868,-3.82141],[-66.28119,-3.81189],[-66.27649,-3.81061],[-66.27258,-3.81317],[-66.27063,-3.81818],[-66.26758,-3.8222],[-66.26367,-3.823],[-66.25952,-3.82202],[-66.25598,-3.81879],[-66.24719,-3.81347],[-66.24451,-3.80749],[-66.24573,-3.8031],[-66.24933,-3.79938],[-66.25348,-3.7973],[-66.25769,-3.79608],[-66.26929,-3.79559],[-66.27258,-3.79413],[-66.2738,-3.79309],[-66.27447,-3.78967],[-66.27289,-3.78528],[-66.27032,-3.7829],[-66.26428,-3.7821],[-66.25769,-3.78448],[-66.25482,-3.78717],[-66.25152,-3.79217],[-66.24939,-3.79382],[-66.2453,-3.79327],[-66.24298,-3.79138],[-66.2417,-3.78882],[-66.24121,-3.78522],[-66.24347,-3.7749],[-66.24249,-3.7691],[-66.24072,-3.76629],[-66.23608,-3.76178],[-66.22778,-3.75488],[-66.22418,-3.75018],[-66.22339,-3.7475],[-66.22388,-3.7453],[-66.22558,-3.74371],[-66.2279,-3.74298],[-66.23419,-3.74371],[-66.24152,-3.74768],[-66.2442,-3.7478],[-66.2464,-3.74689],[-66.24878,-3.74329],[-66.24859,-3.73828],[-66.24438,-3.73327],[-66.23981,-3.73059],[-66.23389,-3.72931],[-66.229,-3.72949],[-66.21521,-3.73742],[-66.2041,-3.74029],[-66.20111,-3.74188],[-66.19079,-3.75171],[-66.18817,-3.7525],[-66.18622,-3.7522],[-66.18231,-3.74933],[-66.18097,-3.74408],[-66.1817,-3.73907],[-66.1958,-3.71991],[-66.19891,-3.71631],[-66.20569,-3.71307],[-66.21753,-3.71393],[-66.22052,-3.71179],[-66.22229,-3.7099],[-66.2232,-3.70673],[-66.22198,-3.70038],[-66.2171,-3.69519],[-66.21271,-3.6922],[-66.20361,-3.68957],[-66.19568,-3.69049],[-66.18847,-3.69641],[-66.18292,-3.7027],[-66.18042,-3.70361],[-66.17822,-3.70288],[-66.17548,-3.70019],[-66.17432,-3.69232],[-66.1781,-3.68738],[-66.18121,-3.6853],[-66.19177,-3.6828],[-66.19317,-3.67999],[-66.19281,-3.67621],[-66.18878,-3.67212],[-66.18591,-3.67071],[-66.1709,-3.66998],[-66.1673,-3.66858],[-66.15851,-3.66229],[-66.15503,-3.6626],[-66.15161,-3.66498],[-66.15289,-3.67468],[-66.15271,-3.67682],[-66.15118,-3.67859],[-66.14581,-3.67908],[-66.14148,-3.67779],[-66.1391,-3.6748],[-66.13849,-3.6723],[-66.13928,-3.66699],[-66.14239,-3.66327],[-66.15149,-3.6568],[-66.15252,-3.6546],[-66.15259,-3.64929],[-66.14911,-3.64581],[-66.14722,-3.64508],[-66.1427,-3.64563],[-66.13818,-3.64929],[-66.13312,-3.65588],[-66.12469,-3.66199],[-66.12158,-3.66199],[-66.11951,-3.66058],[-66.11688,-3.65631],[-66.1167,-3.65002],[-66.12158,-3.64288],[-66.12689,-3.638],[-66.12811,-3.63598],[-66.12781,-3.63281],[-66.12671,-3.63122],[-66.12481,-3.63031],[-66.11951,-3.63068],[-66.11517,-3.63269],[-66.10821,-3.63891],[-66.10528,-3.63989],[-66.1029,-3.63959],[-66.0993,-3.63531],[-66.0968,-3.62402],[-66.0979,-3.61938],[-66.10089,-3.6142],[-66.10858,-3.61078],[-66.1123,-3.60699],[-66.1123,-3.6012],[-66.11023,-3.59949],[-66.10467,-3.5993],[-66.10058,-3.60058],[-66.09448,-3.60419],[-66.08972,-3.60541],[-66.08459,-3.60449],[-66.08227,-3.60248],[-66.08069,-3.5993],[-66.08099,-3.59051],[-66.08173,-3.58789],[-66.08752,-3.57849],[-66.08838,-3.5661],[-66.09241,-3.55731],[-66.09363,-3.55231],[-66.09302,-3.55048],[-66.09149,-3.5487],[-66.08819,-3.54791],[-66.0816,-3.55109],[-66.0802,-3.55298],[-66.07611,-3.55511],[-66.0744,-3.55548],[-66.0722,-3.5545],[-66.07147,-3.55298],[-66.0719,-3.54809],[-66.07672,-3.5401],[-66.08569,-3.52161],[-66.08771,-3.52063],[-66.0932,-3.52179],[-66.09521,-3.52338],[-66.09808,-3.53021],[-66.10229,-3.53448],[-66.10449,-3.53479],[-66.10809,-3.53387],[-66.11139,-3.5296],[-66.1123,-3.52319],[-66.11151,-3.51977],[-66.1098,-3.5177],[-66.10388,-3.5144],[-66.09552,-3.51288],[-66.09021,-3.50952],[-66.08868,-3.5061],[-66.08862,-3.50268],[-66.08929,-3.50012],[-66.0918,-3.49768],[-66.09698,-3.4967],[-66.10217,-3.49841],[-66.1087,-3.50348],[-66.12378,-3.51288],[-66.1264,-3.51398],[-66.13019,-3.5141],[-66.13238,-3.51288],[-66.1336,-3.51117],[-66.13391,-3.5083],[-66.13141,-3.49798],[-66.13208,-3.49402],[-66.13342,-3.49188],[-66.13537,-3.49103],[-66.1419,-3.49011],[-66.14618,-3.48791],[-66.14709,-3.48547],[-66.1466,-3.48419],[-66.14398,-3.48199],[-66.13782,-3.48089],[-66.13238,-3.47888],[-66.12988,-3.47699],[-66.12451,-3.46838],[-66.12189,-3.46679],[-66.1192,-3.46661],[-66.11481,-3.4682],[-66.11133,-3.47229],[-66.10962,-3.47851],[-66.10919,-3.48608],[-66.10528,-3.4892],[-66.1026,-3.48938],[-66.10077,-3.48859],[-66.08502,-3.46918],[-66.08337,-3.46301],[-66.08209,-3.45239],[-66.0813,-3.45019],[-66.07898,-3.44848],[-66.07599,-3.448],[-66.07342,-3.44897],[-66.07141,-3.45093],[-66.07019,-3.45318],[-66.06891,-3.46509],[-66.06769,-3.46838],[-66.06561,-3.4693],[-66.06283,-3.46896]],"type":"LineString"},"id":48,"properties":{"cla_icacao":"Navegável","dominio":"União","est_estino":"AM","est_origem":"AM","extensao":414.924410955,"fonte":"LabTrans/Antaq","idantaq":21,"idhidrovia":200002071,"idm_estino":"BR130100","idm_origem":"BR130220","idseq":0,"jurisdicao":"AHIMOC","mun_estino":"Carauari","mun_origem":"Juruá","navegacao":"Navegação Interior","nom_eclusa":null,"nome":"Hidrovia do Juruá","nome_rio":"Rio Juruá","observacao":"Foz no rio Solimões _AM_ até  Marechal Taumaturgo _AC_.","pro_de_max":4.0,"pro_de_min":1.8,"reg_rafica":"Região Hidrográfica Amazônica","snv":"Sim","tempo":"1d 17h 29min","tipo":"Rio","vel_cional":10.0},"type":"Feature"},{"bbox":[-66.765804,-2.728575,-66.092494,-2.393004],"geometry":{"coordinates":[[-66.7658,-2.72697],[-66.7586,-2.72858],[-66.74609,-2.72809],[-66.73962,-2.72601],[-66.72711,-2.72107],[-66.70178,-2.70648],[-66.68957,-2.7005],[-66.65698,-2.68689],[-66.63739,-2.67761],[-66.62597,-2.66791],[-66.617,-2.65698],[-66.60779,-2.64392],[-66.59869,-2.6275],[-66.59149,-2.60541],[-66.58752,-2.5885],[-66.58478,-2.5722],[-66.58899,-2.55231],[-66.59619,-2.53821],[-66.60358,-2.52618],[-66.6123,-2.50238],[-66.6308,-2.4693],[-66.63318,-2.45801],[-66.62939,-2.44739],[-66.62201,-2.44],[-66.61279,-2.43359],[-66.60077,-2.42871],[-66.56128,-2.41919],[-66.52508,-2.40478],[-66.49542,-2.39789],[-66.45148,-2.393],[-66.4303,-2.39398],[-66.41882,-2.40149],[-66.4093,-2.41449],[-66.40741,-2.42609],[-66.4093,-2.44391],[-66.41119,-2.48419],[-66.40979,-2.50171],[-66.4079,-2.51867],[-66.40491,-2.53198],[-66.39709,-2.5564],[-66.39227,-2.56531],[-66.37359,-2.58801],[-66.36407,-2.59192],[-66.3316,-2.59668],[-66.32098,-2.59723],[-66.3125,-2.59619],[-66.30169,-2.59021],[-66.2959,-2.586],[-66.29321,-2.57971],[-66.29211,-2.57202],[-66.28839,-2.56549],[-66.25641,-2.54278],[-66.24579,-2.53351],[-66.24103,-2.52801],[-66.23169,-2.52087],[-66.22668,-2.51813],[-66.22058,-2.51172],[-66.2157,-2.50848],[-66.21088,-2.50812],[-66.2027,-2.50928],[-66.1958,-2.51251],[-66.18921,-2.51819],[-66.18487,-2.52087],[-66.17828,-2.52392],[-66.16321,-2.52362],[-66.15118,-2.5202],[-66.14258,-2.51678],[-66.1358,-2.5119],[-66.1261,-2.5014],[-66.11847,-2.4956],[-66.10998,-2.4942],[-66.09249,-2.49316]],"type":"LineString"},"id":49,"properties":{"cla_icacao":"Navegável","dominio":"União","est_estino":"AM","est_origem":"AM","extensao":128.134501673,"fonte":"LabTrans/Antaq","idantaq":2,"idhidrovia":200002073,"idm_estino":"BR130230","idm_origem":"BR130160","idseq":0,"jurisdicao":"AHIMOC","mun_estino":"Jutaí","mun_origem":"Fonte Boa","navegacao":"Navegação Interior","nom_eclusa":null,"nome":"Hidrovia do Solimões","nome_rio":"Rio Solimões","observacao":"Confluência com o rio Negro _AM_ até Tabatinga _AM_.","pro_de_max":10.0,"pro_de_min":6.0,"reg_rafica":"Região Hidrográfica Amazônica","snv":"Sim","tempo":"0d 12h 48min","tipo":"Rio","vel_cional":10.0},"type":"Feature"},{"bbox":[-61.390924,-3.633788,-60.612615,-3.333185],"geometry":{"coordinates":[[-61.39092,-3.604],[-61.37811,-3.59497],[-61.36639,-3.59332],[-61.34662,-3.59521],[-61.32818,-3.59888],[-61.31701,-3.59997],[-61.29779,-3.59649],[-61.25311,-3.5957],[-61.18738,-3.58832],[-61.14441,-3.58557],[-61.09869,-3.58539],[-61.07342,-3.58667],[-61.04761,-3.59222],[-61.02838,-3.59399],[-61.00781,-3.6004],[-60.96649,-3.61578],[-60.94458,-3.62079],[-60.92639,-3.61963],[-60.91369,-3.61987],[-60.90588,-3.62329],[-60.89429,-3.63232],[-60.88537,-3.63379],[-60.88098,-3.63263],[-60.86578,-3.62591],[-60.83661,-3.60882],[-60.82251,-3.59741],[-60.81848,-3.59198],[-60.81677,-3.5871],[-60.8161,-3.58221],[-60.81622,-3.56567],[-60.81421,-3.55731],[-60.81189,-3.55157],[-60.80987,-3.53699],[-60.8081,-3.5329],[-60.80359,-3.52557],[-60.79321,-3.51471],[-60.78222,-3.49981],[-60.77319,-3.48907],[-60.76172,-3.47717],[-60.73559,-3.44031],[-60.70892,-3.39691],[-60.69549,-3.36041],[-60.68768,-3.34741],[-60.67279,-3.341],[-60.65399,-3.33789],[-60.63269,-3.33642],[-60.61261,-3.33318]],"type":"LineString"},"id":50,"properties":{"cla_icacao":"Navegável","dominio":"União","est_estino":"AM","est_origem":"AM","extensao":106.469927991,"fonte":"LabTrans/Antaq","idantaq":2,"idhidrovia":200002074,"idm_estino":"BR130008","idm_origem":"BR130250","idseq":0,"jurisdicao":"AHIMOC","mun_estino":"Anamã","mun_origem":"Manacapuru","navegacao":"Navegação Interior","nom_eclusa":null,"nome":"Hidrovia do Solimões","nome_rio":"Rio Solimões","observacao":"Confluência com o rio Negro _AM_ até Tabatinga _AM_.","pro_de_max":10.0,"pro_de_min":6.0,"reg_rafica":"Região Hidrográfica Amazônica","snv":"Sim","tempo":"0d 10h 38min","tipo":"Rio","vel_cional":10.0},"type":"Feature"},{"bbox":[-58.13872,-2.971408,-57.553282,-2.410277],"geometry":{"coordinates":[[-58.13872,-2.97141],[-58.13409,-2.93793],[-58.12781,-2.91321],[-58.11011,-2.8847],[-58.0971,-2.85827],[-58.06659,-2.83411],[-58.044,-2.82141],[-58.02551,-2.81641],[-58.0047,-2.81329],[-57.9787,-2.8114],[-57.95221,-2.80127],[-57.93719,-2.79187],[-57.92908,-2.78491],[-57.9237,-2.77801],[-57.91803,-2.7688],[-57.914,-2.76452],[-57.90619,-2.75958],[-57.89239,-2.75421],[-57.88141,-2.75189],[-57.87298,-2.75207],[-57.849,-2.7594],[-57.84259,-2.76019],[-57.83789,-2.7597],[-57.79748,-2.73938],[-57.78857,-2.73578],[-57.78351,-2.73437],[-57.77161,-2.7345],[-57.7597,-2.73327],[-57.74408,-2.72949],[-57.73712,-2.7251],[-57.72607,-2.71228],[-57.72229,-2.70532],[-57.71838,-2.69427],[-57.71191,-2.68249],[-57.69971,-2.66321],[-57.59527,-2.50842],[-57.58642,-2.48968],[-57.58111,-2.46448],[-57.58008,-2.45459],[-57.57483,-2.43847],[-57.57037,-2.42828],[-57.55902,-2.41528],[-57.55328,-2.41028]],"type":"LineString"},"id":51,"properties":{"cla_icacao":"Navegável","dominio":"União","est_estino":"AM","est_origem":"AM","extensao":98.9790752975,"fonte":"LabTrans/Antaq","idantaq":1,"idhidrovia":200002075,"idm_estino":"BR130440","idm_origem":"BR130430","idseq":0,"jurisdicao":"AHIMOC","mun_estino":"Urucurituba","mun_origem":"Urucará","navegacao":"Navegação Interior","nom_eclusa":null,"nome":"Hidrovia do Amazonas","nome_rio":"Rio Amazonas","observacao":"Foz no oceano Atlântico _PA_ até a confluência dos rios Negro e Solimões.","pro_de_max":7.5,"pro_de_min":5.0,"reg_rafica":"Região Hidrográfica Amazônica","snv":"Sim","tempo":"0d 3h 57min","tipo":"Rio","vel_cional":25.0},"type":"Feature"},{"bbox":[-59.850531,-3.241686,-59.214965,-3.06378],"geometry":{"coordinates":[[-59.85053,-3.09338],[-59.82788,-3.08209],[-59.79608,-3.07251],[-59.737,-3.0639],[-59.69732,-3.06378],[-59.64661,-3.07397],[-59.62189,-3.0827],[-59.56988,-3.10791],[-59.53558,-3.12018],[-59.48291,-3.12811],[-59.46619,-3.1333],[-59.43487,-3.14728],[-59.40131,-3.15912],[-59.37127,-3.1709],[-59.35602,-3.17822],[-59.34601,-3.18451],[-59.31769,-3.20001],[-59.23681,-3.23102],[-59.21496,-3.24169]],"type":"LineString"},"id":52,"properties":{"cla_icacao":"Navegável","dominio":"União","est_estino":"AM","est_origem":"AM","extensao":75.0290851784,"fonte":"LabTrans/Antaq","idantaq":1,"idhidrovia":200002077,"idm_estino":"BR130260","idm_origem":"BR130190","idseq":0,"jurisdicao":"AHIMOC","mun_estino":"Manaus","mun_origem":"Itacoatiara","navegacao":"Navegação Interior","nom_eclusa":null,"nome":"Hidrovia do Amazonas","nome_rio":"Rio Amazonas","observacao":"Foz no oceano Atlântico _PA_ até a confluência dos rios Negro e Solimões.","pro_de_max":7.5,"pro_de_min":5.0,"reg_rafica":"Região Hidrográfica Amazônica","snv":"Sim","tempo":"0d 3h 0min","tipo":"Rio","vel_cional":25.0},"type":"Feature"},{"bbox":[-57.591795,-2.96881,-57.072521,-2.769469],"geometry":{"coordinates":[[-57.59179,-2.96881],[-57.58569,-2.95819],[-57.58337,-2.95257],[-57.57788,-2.93377],[-57.57391,-2.90851],[-57.5711,-2.88019],[-57.56872,-2.87292],[-57.56219,-2.8656],[-57.5589,-2.86401],[-57.54608,-2.8631],[-57.54107,-2.86169],[-57.53387,-2.85773],[-57.50128,-2.83557],[-57.47668,-2.82428],[-57.47278,-2.82397],[-57.46881,-2.82471],[-57.4563,-2.82928],[-57.44061,-2.84082],[-57.43561,-2.84241],[-57.4306,-2.84241],[-57.39398,-2.8175],[-57.37219,-2.79742],[-57.36401,-2.78778],[-57.35742,-2.776],[-57.3551,-2.77338],[-57.34887,-2.76947],[-57.34491,-2.76977],[-57.34253,-2.77081],[-57.33801,-2.7746],[-57.32971,-2.78399],[-57.3269,-2.7854],[-57.31909,-2.78851],[-57.29303,-2.79547],[-57.28619,-2.7951],[-57.27441,-2.79169],[-57.25519,-2.7876],[-57.24231,-2.78619],[-57.21002,-2.79028],[-57.185,-2.79651],[-57.17779,-2.79748],[-57.1737,-2.79602],[-57.1709,-2.79162],[-57.16809,-2.78961],[-57.14148,-2.77978],[-57.13208,-2.77899],[-57.11969,-2.78039],[-57.09302,-2.78802],[-57.08319,-2.78998],[-57.07252,-2.79063]],"type":"LineString"},"id":53,"properties":{"cla_icacao":"Navegável","dominio":null,"est_estino":"AM","est_origem":"AM","extensao":73.3139197169,"fonte":"LabTrans/Antaq","idantaq":1,"idhidrovia":200002078,"idm_estino":"BR130068","idm_origem":"BR130050","idseq":0,"jurisdicao":"AHIMOC","mun_estino":"Boa Vista do Ramos","mun_origem":"Barreirinha","navegacao":"Navegação Interior","nom_eclusa":null,"nome":"Hidrovia do Amazonas","nome_rio":"Rio Curuçá","observacao":null,"pro_de_max":3.0,"pro_de_min":1.5,"reg_rafica":"Região Hidrográfica Amazônica","snv":"Não","tempo":"0d 4h 53min","tipo":"Rio","vel_cional":15.0},"type":"Feature"},{"bbox":[-64.419711,-3.941946,-63.161578,-3.489852],"geometry":{"coordinates":[[-64.41971,-3.48985],[-64.3927,-3.50061],[-64.38373,-3.50598],[-64.37768,-3.5108],[-64.37079,-3.51867],[-64.3576,-3.53729],[-64.34888,-3.544],[-64.3244,-3.55768],[-64.3128,-3.56561],[-64.2843,-3.58728],[-64.27081,-3.5954],[-64.24359,-3.60931],[-64.22998,-3.61481],[-64.21777,-3.62408],[-64.211,-3.63202],[-64.20117,-3.6463],[-64.19049,-3.65979],[-64.18219,-3.66827],[-64.17041,-3.67499],[-64.15271,-3.68079],[-64.13141,-3.69079],[-64.11188,-3.698],[-64.09723,-3.70331],[-64.0838,-3.70648],[-64.0697,-3.70831],[-64.0506,-3.7121],[-64.03082,-3.7124],[-64.01703,-3.7099],[-63.99847,-3.7085],[-63.98657,-3.71319],[-63.98199,-3.72168],[-63.97821,-3.7315],[-63.9768,-3.74109],[-63.97742,-3.75989],[-63.979,-3.77197],[-63.97888,-3.77917],[-63.9765,-3.78387],[-63.96728,-3.79327],[-63.95508,-3.8045],[-63.94391,-3.81347],[-63.93292,-3.81641],[-63.89819,-3.823],[-63.87451,-3.82147],[-63.83423,-3.81091],[-63.8161,-3.80731],[-63.79388,-3.80109],[-63.77301,-3.7984],[-63.7655,-3.7998],[-63.75311,-3.80463],[-63.74267,-3.8136],[-63.73578,-3.82269],[-63.73248,-3.8327],[-63.73022,-3.84692],[-63.7298,-3.85541],[-63.7254,-3.86267],[-63.70758,-3.87219],[-63.68817,-3.8742],[-63.66199,-3.86938],[-63.63769,-3.86291],[-63.59857,-3.84723],[-63.5813,-3.8421],[-63.56561,-3.83911],[-63.54339,-3.84051],[-63.52869,-3.84509],[-63.50952,-3.85303],[-63.487,-3.85998],[-63.46588,-3.86407],[-63.43768,-3.87231],[-63.4198,-3.88141],[-63.39007,-3.9032],[-63.37671,-3.91089],[-63.35419,-3.92029],[-63.33368,-3.922],[-63.24731,-3.92071],[-63.21773,-3.92525],[-63.19903,-3.93024],[-63.17985,-3.93695],[-63.16158,-3.94195]],"type":"LineString"},"id":54,"properties":{"cla_icacao":"Navegável","dominio":"União","est_estino":"AM","est_origem":"AM","extensao":164.229416932,"fonte":"LabTrans/Antaq","idantaq":2,"idhidrovia":200002080,"idm_estino":"BR130420","idm_origem":"BR130120","idseq":0,"jurisdicao":"AHIMOC","mun_estino":"Tefé","mun_origem":"Coari","navegacao":"Navegação Interior","nom_eclusa":null,"nome":"Hidrovia do Solimões","nome_rio":"Rio Solimões","observacao":"Confluência com o rio Negro _AM_ até Tabatinga _AM_.","pro_de_max":10.0,"pro_de_min":6.0,"reg_rafica":"Região Hidrográfica Amazônica","snv":"Sim","tempo":"0d 16h 25min","tipo":"Rio","vel_cional":10.0},"type":"Feature"},{"bbox":[-56.418088,-2.338289,-56.100263,-2.148049],"geometry":{"coordinates":[[-56.41809,-2.33829],[-56.40631,-2.30359],[-56.38379,-2.2713],[-56.36749,-2.26147],[-56.35303,-2.25647],[-56.32953,-2.25061],[-56.28699,-2.23388],[-56.24701,-2.20788],[-56.16858,-2.17108],[-56.13818,-2.16028],[-56.1178,-2.15668],[-56.10321,-2.15088],[-56.10026,-2.14805]],"type":"LineString"},"id":55,"properties":{"cla_icacao":"Navegável","dominio":"União","est_estino":"AM","est_origem":"PA","extensao":42.9995550577,"fonte":"LabTrans/Antaq","idantaq":1,"idhidrovia":200002081,"idm_estino":"BR130340","idm_origem":"BR150390","idseq":0,"jurisdicao":"AHIMOC","mun_estino":"Parintins","mun_origem":"Juruti","navegacao":"Navegação Interior","nom_eclusa":null,"nome":"Hidrovia do Amazonas","nome_rio":"Rio Amazonas","observacao":"Foz no oceano Atlântico _PA_ até a confluência dos rios Negro e Solimões.","pro_de_max":7.5,"pro_de_min":5.0,"reg_rafica":"Região Hidrográfica Amazônica","snv":"Sim","tempo":"0d 1h 43min","tipo":"Rio","vel_cional":25.0},"type":"Feature"},{"bbox":[-53.475707,-1.817381,-52.573721,-1.537286],"geometry":{"coordinates":[[-53.47571,-1.81738],[-53.44311,-1.81183],[-53.40308,-1.8031],[-53.39441,-1.80029],[-53.34363,-1.78821],[-53.3313,-1.7843],[-53.30438,-1.77252],[-53.2962,-1.77002],[-53.2586,-1.76068],[-53.24213,-1.75763],[-53.23389,-1.75708],[-53.21222,-1.7597],[-53.20288,-1.76141],[-53.1795,-1.76849],[-53.15918,-1.7724],[-53.14581,-1.77447],[-53.13659,-1.77502],[-53.11651,-1.7785],[-53.09961,-1.77771],[-53.08868,-1.77337],[-53.07068,-1.77228],[-53.04413,-1.76629],[-53.0343,-1.7619],[-53.02338,-1.75818],[-53.01599,-1.75207],[-53.00769,-1.7489],[-53.00158,-1.7456],[-52.99463,-1.73859],[-52.98907,-1.73199],[-52.96033,-1.67981],[-52.95538,-1.67279],[-52.94513,-1.66138],[-52.9331,-1.6543],[-52.91302,-1.6499],[-52.87207,-1.64337],[-52.8363,-1.64099],[-52.77777,-1.6242],[-52.74469,-1.61328],[-52.73681,-1.60541],[-52.72778,-1.6001],[-52.69769,-1.58771],[-52.67657,-1.58179],[-52.64647,-1.57748],[-52.63032,-1.57633],[-52.60682,-1.56933],[-52.57861,-1.55337],[-52.57525,-1.54756],[-52.57434,-1.53769],[-52.57372,-1.53729]],"type":"LineString"},"id":56,"properties":{"cla_icacao":"Navegável","dominio":"União","est_estino":"PA","est_origem":"PA","extensao":110.95942691,"fonte":"LabTrans/Antaq","idantaq":1,"idhidrovia":200002082,"idm_estino":"BR150600","idm_origem":"BR150050","idseq":0,"jurisdicao":"AHIMOR","mun_estino":"Prainha","mun_origem":"Almeirim","navegacao":"Navegação Interior","nom_eclusa":null,"nome":"Hidrovia do Amazonas","nome_rio":"Rio Amazonas","observacao":"Foz no oceano Atlântico _PA_ até a confluência dos rios Negro e Solimões.","pro_de_max":7.5,"pro_de_min":5.0,"reg_rafica":"Região Hidrográfica Amazônica","snv":"Sim","tempo":"0d 4h 26min","tipo":"Rio","vel_cional":25.0},"type":"Feature"},{"bbox":[-57.553282,-2.631468,-56.734381,-2.379515],"geometry":{"coordinates":[[-57.55328,-2.41028],[-57.53131,-2.3902],[-57.5036,-2.37952],[-57.47571,-2.38031],[-57.43841,-2.38519],[-57.39648,-2.40198],[-57.35382,-2.43377],[-57.32568,-2.47088],[-57.30688,-2.50452],[-57.2832,-2.54992],[-57.2691,-2.58301],[-57.24701,-2.61468],[-57.22198,-2.62781],[-57.20093,-2.63147],[-57.16931,-2.63061],[-57.14728,-2.62597],[-57.13507,-2.62231],[-57.12579,-2.6167],[-57.11627,-2.60937],[-57.10309,-2.5954],[-57.0697,-2.55627],[-57.04352,-2.5423],[-57.02478,-2.54059],[-56.99109,-2.5412],[-56.9588,-2.54797],[-56.90021,-2.56879],[-56.85681,-2.58783],[-56.81909,-2.60058],[-56.78737,-2.60991],[-56.75809,-2.61984],[-56.74247,-2.62256],[-56.73438,-2.62129]],"type":"LineString"},"id":57,"properties":{"cla_icacao":"Navegável","dominio":"União","est_estino":"AM","est_origem":"AM","extensao":110.63821000299998,"fonte":"LabTrans/Antaq","idantaq":1,"idhidrovia":200002083,"idm_estino":"BR130430","idm_origem":"BR130340","idseq":0,"jurisdicao":"AHIMOC","mun_estino":"Urucará","mun_origem":"Parintins","navegacao":"Navegação Interior","nom_eclusa":null,"nome":"Hidrovia do Amazonas","nome_rio":"Rio Amazonas","observacao":"Foz no oceano Atlântico _PA_ até a confluência dos rios Negro e Solimões.","pro_de_max":7.5,"pro_de_min":5.0,"reg_rafica":"Região Hidrográfica Amazônica","snv":"Sim","tempo":"0d 4h 25min","tipo":"Rio","vel_cional":25.0},"type":"Feature"},{"bbox":[-55.517628,-2.428709,-54.670592,-1.920063],"geometry":{"coordinates":[[-55.51763,-1.92006],[-55.4801,-1.96087],[-55.44171,-1.99609],[-55.40088,-2.03778],[-55.32721,-2.10589],[-55.30609,-2.1228],[-55.27869,-2.13238],[-55.2323,-2.14429],[-55.19879,-2.15069],[-55.17358,-2.1568],[-55.143,-2.16211],[-55.09491,-2.16791],[-55.08313,-2.17023],[-55.06909,-2.1709],[-55.0451,-2.16888],[-55.00989,-2.1593],[-54.99121,-2.15008],[-54.98071,-2.14618],[-54.97308,-2.14148],[-54.96393,-2.13751],[-54.95202,-2.1333],[-54.92609,-2.12762],[-54.9104,-2.12671],[-54.89148,-2.12872],[-54.86621,-2.138],[-54.84991,-2.14673],[-54.83691,-2.15649],[-54.82208,-2.17828],[-54.80542,-2.20831],[-54.79523,-2.2207],[-54.77978,-2.23321],[-54.77099,-2.24402],[-54.75403,-2.26867],[-54.73199,-2.29761],[-54.7243,-2.31219],[-54.7135,-2.34399],[-54.69971,-2.3739],[-54.6803,-2.40729],[-54.67059,-2.42871]],"type":"LineString"},"id":58,"properties":{"cla_icacao":"Navegável","dominio":"União","est_estino":"PA","est_origem":"PA","extensao":122.678066293,"fonte":"LabTrans/Antaq","idantaq":1,"idhidrovia":200002084,"idm_estino":"BR150510","idm_origem":"BR150680","idseq":0,"jurisdicao":"AHIMOR","mun_estino":"Óbidos","mun_origem":"Santarém","navegacao":"Navegação Interior","nom_eclusa":null,"nome":"Hidrovia do Amazonas","nome_rio":"Rio Amazonas","observacao":"Foz no oceano Atlântico _PA_ até a confluência dos rios Negro e Solimões.","pro_de_max":7.5,"pro_de_min":5.0,"reg_rafica":"Região Hidrográfica Amazônica","snv":"Sim","tempo":"0d 4h 54min","tipo":"Rio","vel_cional":25.0},"type":"Feature"},{"bbox":[-50.278013,-1.816893,-50.018515,-1.782286],"geometry":{"coordinates":[[-50.01852,-1.78426],[-50.0354,-1.78229],[-50.0517,-1.7829],[-50.10589,-1.8053],[-50.13959,-1.81512],[-50.1582,-1.81689],[-50.19488,-1.81689],[-50.24371,-1.81091],[-50.26837,-1.80957],[-50.27801,-1.80981]],"type":"LineString"},"id":59,"properties":{"cla_icacao":"Navegável","dominio":null,"est_estino":"PA","est_origem":"PA","extensao":29.5792117848,"fonte":"ANA/Antaq","idantaq":1,"idhidrovia":200002085,"idm_estino":"BR150280","idm_origem":"BR150110","idseq":0,"jurisdicao":"AHIMOR","mun_estino":"Curralinho","mun_origem":"Bagre","navegacao":"Navegação Interior","nom_eclusa":null,"nome":"Hidrovia do Tocantins","nome_rio":"Rio Pará","observacao":null,"pro_de_max":2.0,"pro_de_min":1.8,"reg_rafica":"Região Hidrográfica do Tocantins","snv":"Não","tempo":"0d 1h 10min","tipo":"Rio","vel_cional":25.0},"type":"Feature"},{"bbox":[-49.052615,-1.602501,-48.752081,-1.527892],"geometry":{"coordinates":[[-49.05262,-1.6025],[-49.04217,-1.59088],[-49.02808,-1.57977],[-49.0072,-1.56897],[-48.89191,-1.53149],[-48.85901,-1.52789],[-48.79716,-1.55036],[-48.77082,-1.54572],[-48.75208,-1.53721]],"type":"LineString"},"id":60,"properties":{"cla_icacao":"Navegável","dominio":"União","est_estino":"PA","est_origem":"PA","extensao":36.0933413343,"fonte":"ANA/Antaq","idantaq":9,"idhidrovia":200002086,"idm_estino":"BR150490","idm_origem":"BR150130","idseq":0,"jurisdicao":"AHIMOR","mun_estino":"Muaná","mun_origem":"Barcarena","navegacao":"Navegação Interior","nom_eclusa":null,"nome":"Hidrovia do Tocantins","nome_rio":"Rio Tocantins","observacao":"Foz no oceano Atlântico _PA_ até o Lago da Barragem de Serra da Mesa _GO_, na confluência com o rio Tocantizinho _GO_.","pro_de_max":4.0,"pro_de_min":1.5,"reg_rafica":"Região Hidrográfica do Tocantins","snv":"Sim","tempo":"0d 1h 26min","tipo":"Rio","vel_cional":25.0},"type":"Feature"},{"bbox":[-48.523985,-1.556578,-48.505614,-1.542601],"geometry":{"coordinates":[[-48.50561,-1.55658],[-48.52399,-1.5426]],"type":"LineString"},"id":61,"properties":{"cla_icacao":"Navegável","dominio":"Estados ou Distrito Federal","est_estino":"PA","est_origem":"PA","extensao":2.56604522252,"fonte":"ANA/Antaq","idantaq":9,"idhidrovia":200002087,"idm_estino":"BR150130","idm_origem":"BR150130","idseq":0,"jurisdicao":"AHIMOR","mun_estino":"Barcarena","mun_origem":"Barcarena","navegacao":"Navegação Interior","nom_eclusa":null,"nome":"Hidrovia do Tocantins","nome_rio":"Rio Moju","observacao":"Foz no rio Guamá _PA_ até Cairari _PA_.","pro_de_max":1.8,"pro_de_min":1.2,"reg_rafica":"Região Hidrográfica do Tocantins","snv":"Sim","tempo":"0d 0h 10min","tipo":"Rio","vel_cional":15.0},"type":"Feature"},{"bbox":[-52.249083,-1.505797,-52.009825,-1.440306],"geometry":{"coordinates":[[-52.24908,-1.5058],[-52.2276,-1.49109],[-52.21399,-1.48767],[-52.19238,-1.48572],[-52.14819,-1.48511],[-52.13843,-1.48419],[-52.12549,-1.47998],[-52.10461,-1.46899],[-52.0852,-1.46197],[-52.0639,-1.45648],[-52.00982,-1.44031]],"type":"LineString"},"id":62,"properties":{"cla_icacao":"Navegável","dominio":"União","est_estino":"PA","est_origem":"PA","extensao":28.0260688728,"fonte":"LabTrans/Antaq","idantaq":1,"idhidrovia":200002090,"idm_estino":"BR150310","idm_origem":"BR150310","idseq":0,"jurisdicao":"AHIMOR","mun_estino":"Gurupá","mun_origem":"Gurupá","navegacao":"Navegação Interior","nom_eclusa":null,"nome":"Hidrovia do Amazonas","nome_rio":"Rio Amazonas","observacao":"Foz no oceano Atlântico _PA_ até a confluência dos rios Negro e Solimões.","pro_de_max":7.5,"pro_de_min":5.0,"reg_rafica":"Região Hidrográfica Amazônica","snv":"Sim","tempo":"0d 1h 7min","tipo":"Rio","vel_cional":25.0},"type":"Feature"},{"bbox":[-56.378073,-1.768451,-55.876593,-1.458922],"geometry":{"coordinates":[[-56.37807,-1.45988],[-56.36078,-1.45892],[-56.3518,-1.4599],[-56.34161,-1.46271],[-56.328,-1.47137],[-56.32318,-1.47778],[-56.31708,-1.48828],[-56.31329,-1.49103],[-56.307,-1.49212],[-56.3034,-1.49402],[-56.29822,-1.49939],[-56.29529,-1.5105],[-56.29289,-1.51571],[-56.28607,-1.52331],[-56.27942,-1.52728],[-56.2746,-1.5282],[-56.27209,-1.52789],[-56.27008,-1.52679],[-56.26507,-1.52008],[-56.26037,-1.51819],[-56.25207,-1.51867],[-56.24811,-1.52069],[-56.23498,-1.53491],[-56.23212,-1.53699],[-56.22522,-1.53778],[-56.22137,-1.53711],[-56.21759,-1.53497],[-56.21228,-1.52777],[-56.2063,-1.5177],[-56.20318,-1.5141],[-56.19922,-1.51099],[-56.18939,-1.50909],[-56.17987,-1.50958],[-56.14947,-1.52222],[-56.13977,-1.5235],[-56.1369,-1.52337],[-56.12951,-1.52087],[-56.11181,-1.51721],[-56.10559,-1.51782],[-56.09308,-1.52148],[-56.08179,-1.52368],[-56.07409,-1.5227],[-56.06848,-1.52069],[-56.0484,-1.5199],[-56.0448,-1.52038],[-56.03509,-1.52539],[-56.02917,-1.53137],[-56.02099,-1.54211],[-56.00891,-1.56378],[-55.98968,-1.61041],[-55.97339,-1.6416],[-55.95972,-1.65887],[-55.92248,-1.70172],[-55.91369,-1.7146],[-55.89911,-1.74048],[-55.8902,-1.7536],[-55.88421,-1.76111],[-55.87659,-1.76845]],"type":"LineString"},"id":63,"properties":{"cla_icacao":"Navegável","dominio":"Estados ou Distrito Federal","est_estino":"PA","est_origem":"PA","extensao":77.4815574034,"fonte":"LabTrans/ANA/Antaq","idantaq":1,"idhidrovia":200002091,"idm_estino":"BR150530","idm_origem":"BR150530","idseq":0,"jurisdicao":"AHIMOR","mun_estino":"Oriximiná","mun_origem":"Oriximiná","navegacao":"Navegação Interior","nom_eclusa":null,"nome":"Hidrovia do Amazonas","nome_rio":"Rio Trombetas","observacao":"Foz no rio Amazonas _PA_ até o sopé Cachoeira Porteira _Oriximiná-PA_.","pro_de_max":4.0,"pro_de_min":1.5,"reg_rafica":"Região Hidrográfica Amazônica","snv":"Sim","tempo":"0d 5h 9min","tipo":"Rio","vel_cional":15.0},"type":"Feature"},{"bbox":[-48.59381,-1.542601,-48.523985,-1.453612],"geometry":{"coordinates":[[-48.59381,-1.45361],[-48.58362,-1.47558],[-48.57739,-1.487],[-48.57092,-1.4956],[-48.56341,-1.50293],[-48.55371,-1.50989],[-48.53912,-1.526],[-48.53162,-1.53589],[-48.52399,-1.5426]],"type":"LineString"},"id":64,"properties":{"cla_icacao":"Navegável","dominio":null,"est_estino":"PA","est_origem":"PA","extensao":12.728873397,"fonte":"LabTrans/Antaq","idantaq":9,"idhidrovia":200002092,"idm_estino":"BR150130","idm_origem":"BR150130","idseq":0,"jurisdicao":"AHIMOR","mun_estino":"Barcarena","mun_origem":"Barcarena","navegacao":"Navegação Interior","nom_eclusa":null,"nome":"Hidrovia do Tocantins","nome_rio":"Baía de Guajará","observacao":null,"pro_de_max":10.0,"pro_de_min":4.0,"reg_rafica":"Região Hidrográfica do Tocantins","snv":"Não","tempo":"0d 0h 50min","tipo":"Baía","vel_cional":15.0},"type":"Feature"},{"bbox":[-52.009825,-1.440306,-51.778807,-1.142394],"geometry":{"coordinates":[[-52.00982,-1.44031],[-51.99267,-1.43219],[-51.97748,-1.42218],[-51.96539,-1.41308],[-51.95129,-1.39911],[-51.91998,-1.36468],[-51.90741,-1.34668],[-51.8988,-1.3324],[-51.89398,-1.31708],[-51.89129,-1.30011],[-51.89148,-1.28198],[-51.88721,-1.27398],[-51.87237,-1.26459],[-51.86902,-1.25879],[-51.86529,-1.24701],[-51.86328,-1.24438],[-51.86023,-1.2417],[-51.85449,-1.23968],[-51.84637,-1.2384],[-51.81561,-1.2204],[-51.79468,-1.20617],[-51.78589,-1.19769],[-51.78339,-1.19318],[-51.78192,-1.1875],[-51.78113,-1.17578],[-51.77881,-1.16662],[-51.77929,-1.14239]],"type":"LineString"},"id":65,"properties":{"cla_icacao":"Navegável","dominio":"União","est_estino":"PA","est_origem":"PA","extensao":44.9748711858,"fonte":"LabTrans/Antaq","idantaq":1,"idhidrovia":200002093,"idm_estino":"BR150310","idm_origem":"BR150050","idseq":0,"jurisdicao":"AHIMOR","mun_estino":"Gurupá","mun_origem":"Almeirim","navegacao":"Navegação Interior","nom_eclusa":null,"nome":"Hidrovia do Amazonas","nome_rio":"Rio Amazonas","observacao":"Foz no oceano Atlântico _PA_ até a confluência dos rios Negro e Solimões.","pro_de_max":7.5,"pro_de_min":5.0,"reg_rafica":"Região Hidrográfica Amazônica","snv":"Sim","tempo":"0d 1h 47min","tipo":"Rio","vel_cional":25.0},"type":"Feature"},{"bbox":[-61.833311,-2.595089,-60.939367,-1.378722],"geometry":{"coordinates":[[-61.83331,-1.40143],[-61.8258,-1.40271],[-61.81561,-1.39819],[-61.80011,-1.38391],[-61.78711,-1.37872],[-61.77289,-1.38],[-61.75409,-1.38501],[-61.73651,-1.39819],[-61.72089,-1.40729],[-61.69458,-1.41839],[-61.63019,-1.43628],[-61.60522,-1.44879],[-61.5899,-1.4599],[-61.56061,-1.49127],[-61.55328,-1.51117],[-61.54181,-1.52612],[-61.51849,-1.54809],[-61.50451,-1.56317],[-61.50067,-1.57013],[-61.49371,-1.57989],[-61.48401,-1.58807],[-61.47919,-1.5899],[-61.47339,-1.59399],[-61.4671,-1.60309],[-61.46051,-1.61023],[-61.45239,-1.61481],[-61.4378,-1.6159],[-61.43219,-1.61712],[-61.42578,-1.6203],[-61.42102,-1.62451],[-61.41638,-1.63147],[-61.41418,-1.63721],[-61.41327,-1.64337],[-61.41443,-1.65259],[-61.41839,-1.66699],[-61.41687,-1.67987],[-61.41101,-1.70093],[-61.41058,-1.70471],[-61.41607,-1.72259],[-61.41821,-1.73907],[-61.42358,-1.75708],[-61.42493,-1.76422],[-61.42468,-1.77447],[-61.42279,-1.78668],[-61.41571,-1.80182],[-61.40808,-1.81518],[-61.40149,-1.82959],[-61.39288,-1.8457],[-61.3833,-1.8692],[-61.36621,-1.89148],[-61.30072,-1.94879],[-61.2489,-1.9992],[-61.23212,-2.02502],[-61.22192,-2.05121],[-61.21472,-2.06457],[-61.19592,-2.09479],[-61.17987,-2.10321],[-61.14838,-2.12311],[-61.0993,-2.1673],[-61.08288,-2.19031],[-61.06439,-2.2453],[-61.05591,-2.27319],[-61.04657,-2.29437],[-61.03497,-2.31561],[-61.02862,-2.3371],[-61.02649,-2.3512],[-61.02161,-2.36682],[-61.01739,-2.38379],[-61.01922,-2.41919],[-61.01813,-2.44488],[-61.0144,-2.45727],[-61.00171,-2.474],[-60.99377,-2.4917],[-60.99109,-2.50629],[-60.98797,-2.54779],[-60.98297,-2.5603],[-60.97729,-2.57031],[-60.96619,-2.58429],[-60.95221,-2.59192],[-60.93937,-2.59509]],"type":"LineString"},"id":66,"properties":{"cla_icacao":"Navegável","dominio":"União","est_estino":"AM","est_origem":"AM","extensao":184.9384627,"fonte":"LabTrans/Antaq","idantaq":20,"idhidrovia":200002094,"idm_estino":"BR130040","idm_origem":"BR130320","idseq":0,"jurisdicao":"AHIMOC","mun_estino":"Barcelos","mun_origem":"Novo Airão","navegacao":"Navegação Interior","nom_eclusa":null,"nome":"Hidrovia do Negro","nome_rio":"Rio Negro","observacao":"Confluência com o rio Solimões_AM_ até Cucuí _AM_.","pro_de_max":4.0,"pro_de_min":1.8,"reg_rafica":"Região Hidrográfica Amazônica","snv":"Sim","tempo":"0d 18h 29min","tipo":"Rio","vel_cional":10.0},"type":"Feature"},{"bbox":[-52.435912,-1.235777,-51.779295,-0.919265],"geometry":{"coordinates":[[-52.42231,-0.91926],[-52.43377,-0.9317],[-52.43548,-0.935],[-52.43591,-0.9397],[-52.4339,-0.94708],[-52.42309,-0.95758],[-52.41931,-0.96289],[-52.41559,-0.97259],[-52.41351,-0.9848],[-52.41321,-0.99389],[-52.41498,-1.00378],[-52.4129,-1.01507],[-52.41308,-1.01867],[-52.41492,-1.02649],[-52.42401,-1.03912],[-52.4256,-1.04242],[-52.42609,-1.04529],[-52.4248,-1.04858],[-52.42132,-1.05151],[-52.4154,-1.05139],[-52.41101,-1.04999],[-52.40802,-1.04687],[-52.40381,-1.04498],[-52.40002,-1.04382],[-52.39648,-1.04401],[-52.39221,-1.04559],[-52.38049,-1.05328],[-52.37158,-1.05688],[-52.36023,-1.06378],[-52.34637,-1.07019],[-52.34271,-1.073],[-52.34039,-1.07672],[-52.3399,-1.08398],[-52.34088,-1.1015],[-52.33868,-1.10827],[-52.3324,-1.11578],[-52.32721,-1.1192],[-52.323,-1.11969],[-52.3064,-1.11822],[-52.29968,-1.11969],[-52.28088,-1.13],[-52.27209,-1.1308],[-52.25403,-1.12872],[-52.24402,-1.12878],[-52.229,-1.13159],[-52.20379,-1.13428],[-52.18487,-1.13208],[-52.17438,-1.13269],[-52.16748,-1.13489],[-52.15588,-1.14367],[-52.15143,-1.14538],[-52.14441,-1.1477],[-52.13128,-1.1477],[-52.12091,-1.15161],[-52.11371,-1.16498],[-52.10901,-1.17822],[-52.10937,-1.19391],[-52.11169,-1.19983],[-52.11297,-1.211],[-52.11218,-1.21948],[-52.10712,-1.22443],[-52.08618,-1.23309],[-52.06592,-1.23578],[-52.06048,-1.23498],[-52.05579,-1.23151],[-52.0517,-1.22149],[-52.05182,-1.21411],[-52.0592,-1.20331],[-52.06592,-1.19049],[-52.065,-1.18609],[-52.0578,-1.1803],[-52.04901,-1.17169],[-52.04217,-1.16809],[-52.03558,-1.16681],[-52.0144,-1.16638],[-51.99371,-1.16968],[-51.98889,-1.16839],[-51.98712,-1.1651],[-51.98681,-1.16168],[-51.98822,-1.14892],[-51.99438,-1.13232],[-51.99402,-1.12799],[-51.98968,-1.12128],[-51.98389,-1.11798],[-51.98053,-1.11712],[-51.97082,-1.1178],[-51.96631,-1.1217],[-51.96081,-1.12872],[-51.95892,-1.13391],[-51.95929,-1.13812],[-51.96289,-1.1499],[-51.96338,-1.15802],[-51.96222,-1.16272],[-51.95923,-1.16571],[-51.95379,-1.16711],[-51.94848,-1.16638],[-51.94513,-1.16412],[-51.9433,-1.1618],[-51.94141,-1.15869],[-51.93341,-1.13721],[-51.9306,-1.13299],[-51.92749,-1.1311],[-51.9234,-1.1311],[-51.91351,-1.13568],[-51.89661,-1.15301],[-51.88611,-1.16009],[-51.87408,-1.16443],[-51.86108,-1.16528],[-51.85028,-1.16351],[-51.83429,-1.15851],[-51.82452,-1.15649],[-51.81219,-1.15521],[-51.79748,-1.15069],[-51.77929,-1.14239]],"type":"LineString"},"id":67,"properties":{"cla_icacao":"Navegável","dominio":"União","est_estino":"AP","est_origem":"PA","extensao":123.436367231,"fonte":"LabTrans/ANA/Antaq","idantaq":1,"idhidrovia":200002095,"idm_estino":"BR160080","idm_origem":"BR150050","idseq":0,"jurisdicao":"AHIMOR","mun_estino":"Vitória do Jari","mun_origem":"Almeirim","navegacao":"Navegação Interior","nom_eclusa":null,"nome":"Hidrovia do Amazonas","nome_rio":"Rio Jari","observacao":"Foz no rio Amazonas _AP_ até Laranjal do Jari _AP_.","pro_de_max":3.0,"pro_de_min":1.2,"reg_rafica":"Região Hidrográfica Amazônica","snv":"Sim","tempo":"0d 8h 13min","tipo":"Rio","vel_cional":15.0},"type":"Feature"},{"bbox":[-65.02107,-0.940855,-62.902846,-0.322203],"geometry":{"coordinates":[[-65.02107,-0.42468],[-65.00818,-0.42718],[-65.00049,-0.43048],[-64.98572,-0.4425],[-64.97937,-0.44537],[-64.9718,-0.44757],[-64.91742,-0.4508],[-64.90491,-0.45288],[-64.89709,-0.4552],[-64.87091,-0.46558],[-64.86102,-0.47259],[-64.85449,-0.47857],[-64.8479,-0.48291],[-64.83679,-0.48858],[-64.82959,-0.49127],[-64.8233,-0.49158],[-64.81708,-0.49078],[-64.8009,-0.48547],[-64.7688,-0.47229],[-64.75561,-0.47162],[-64.73291,-0.47748],[-64.71899,-0.4834],[-64.7066,-0.48382],[-64.68439,-0.47333],[-64.67999,-0.47278],[-64.66998,-0.47339],[-64.65588,-0.47101],[-64.64947,-0.46777],[-64.62597,-0.46753],[-64.60522,-0.45453],[-64.59259,-0.45032],[-64.55908,-0.45019],[-64.53137,-0.45203],[-64.5191,-0.45111],[-64.5014,-0.44739],[-64.49432,-0.43909],[-64.49121,-0.43249],[-64.4895,-0.4245],[-64.48559,-0.41351],[-64.47577,-0.40259],[-64.43847,-0.38019],[-64.41308,-0.35998],[-64.3949,-0.35303],[-64.3808,-0.35022],[-64.35412,-0.34692],[-64.3269,-0.34869],[-64.30548,-0.349],[-64.28302,-0.34289],[-64.26068,-0.3432],[-64.24231,-0.34949],[-64.23389,-0.35339],[-64.2146,-0.35718],[-64.19208,-0.35571],[-64.15167,-0.35467],[-64.1419,-0.35608],[-64.1308,-0.36108],[-64.1206,-0.3681],[-64.1015,-0.37237],[-64.08929,-0.37201],[-64.06738,-0.36828],[-64.0426,-0.35809],[-64.03528,-0.35388],[-64.01959,-0.349],[-63.99768,-0.349],[-63.96979,-0.3573],[-63.94781,-0.35907],[-63.90771,-0.35937],[-63.8949,-0.35669],[-63.87341,-0.3479],[-63.8584,-0.34271],[-63.7948,-0.32251],[-63.77698,-0.3222],[-63.75372,-0.32648],[-63.7456,-0.32928],[-63.71167,-0.33807],[-63.70093,-0.34418],[-63.69079,-0.34778],[-63.6784,-0.35541],[-63.66321,-0.35858],[-63.65369,-0.35828],[-63.64679,-0.36059],[-63.62878,-0.36969],[-63.61792,-0.37768],[-63.59308,-0.3927],[-63.56207,-0.40649],[-63.544,-0.41803],[-63.53222,-0.42657],[-63.51251,-0.44623],[-63.50311,-0.46161],[-63.49988,-0.4765],[-63.48669,-0.49701],[-63.44989,-0.5144],[-63.44208,-0.52081],[-63.42889,-0.52948],[-63.39691,-0.5401],[-63.38269,-0.54651],[-63.35681,-0.56201],[-63.34472,-0.57458],[-63.3316,-0.58581],[-63.30591,-0.6037],[-63.28229,-0.61737],[-63.2702,-0.6214],[-63.25171,-0.61981],[-63.2326,-0.62189],[-63.20581,-0.6286],[-63.19678,-0.62921],[-63.1889,-0.63128],[-63.17889,-0.63971],[-63.17169,-0.65228],[-63.15051,-0.68042],[-63.12597,-0.69153],[-63.11529,-0.69897],[-63.10498,-0.70459],[-63.09039,-0.71637],[-63.07159,-0.71972],[-63.0611,-0.72308],[-63.05249,-0.72742],[-63.02112,-0.76147],[-63.00909,-0.77038],[-62.99988,-0.77417],[-62.98907,-0.78149],[-62.98327,-0.78912],[-62.9779,-0.80517],[-62.97632,-0.81579],[-62.96661,-0.83227],[-62.95941,-0.85071],[-62.9527,-0.85828],[-62.94879,-0.867],[-62.94317,-0.88458],[-62.932,-0.8999],[-62.92328,-0.90668],[-62.9173,-0.91748],[-62.914,-0.92908],[-62.91199,-0.9328],[-62.90285,-0.94085]],"type":"LineString"},"id":68,"properties":{"cla_icacao":"Navegável","dominio":"União","est_estino":"AM","est_origem":"AM","extensao":274.244391364,"fonte":"LabTrans/Antaq","idantaq":20,"idhidrovia":200002096,"idm_estino":"BR130360","idm_origem":"BR130040","idseq":0,"jurisdicao":"AHIMOC","mun_estino":"Santa Isabel do Rio Negro","mun_origem":"Barcelos","navegacao":"Navegação Interior","nom_eclusa":null,"nome":"Hidrovia do Negro","nome_rio":"Rio Negro","observacao":"Confluência com o rio Solimões_AM_ até Cucuí _AM_.","pro_de_max":4.0,"pro_de_min":1.0,"reg_rafica":"Região Hidrográfica Amazônica","snv":"Sim","tempo":"1d 3h 25min","tipo":"Rio","vel_cional":10.0},"type":"Feature"},{"bbox":[-61.888426,-1.401427,-61.120604,1.821105],"geometry":{"coordinates":[[-61.1206,1.8211],[-61.1253,1.81128],[-61.13019,1.79608],[-61.13299,1.78351],[-61.13482,1.7605],[-61.14099,1.74329],[-61.14551,1.73547],[-61.15839,1.7185],[-61.16272,1.7149],[-61.16839,1.71191],[-61.17438,1.70752],[-61.17987,1.70288],[-61.18451,1.69751],[-61.19232,1.67969],[-61.19592,1.66931],[-61.20099,1.66028],[-61.21667,1.64868],[-61.22241,1.64227],[-61.22638,1.63647],[-61.22912,1.62909],[-61.2301,1.62372],[-61.2312,1.6159],[-61.2301,1.60931],[-61.23108,1.60132],[-61.23389,1.59088],[-61.23797,1.58533],[-61.24237,1.58228],[-61.24627,1.57812],[-61.24811,1.57251],[-61.25061,1.56128],[-61.24719,1.53772],[-61.24798,1.52991],[-61.2486,1.52692],[-61.2536,1.51727],[-61.25628,1.50732],[-61.26141,1.49548],[-61.26251,1.48889],[-61.26269,1.47467],[-61.26788,1.45691],[-61.27222,1.44672],[-61.27789,1.42511],[-61.2782,1.42188],[-61.27728,1.41608],[-61.27161,1.40649],[-61.27179,1.39032],[-61.26929,1.36767],[-61.27081,1.35852],[-61.27881,1.33191],[-61.29107,1.30969],[-61.29321,1.30353],[-61.2948,1.2807],[-61.2962,1.27307],[-61.30279,1.25653],[-61.31152,1.23889],[-61.31598,1.23328],[-61.32098,1.22931],[-61.33002,1.21527],[-61.33331,1.20508],[-61.33331,1.19849],[-61.33209,1.18988],[-61.32721,1.17328],[-61.32422,1.15808],[-61.32379,1.14227],[-61.3266,1.1347],[-61.32879,1.12048],[-61.3385,1.09369],[-61.34009,1.08289],[-61.34381,1.0675],[-61.3479,1.05829],[-61.3501,1.04431],[-61.35071,1.02832],[-61.35357,1.01709],[-61.3562,1.00091],[-61.36102,0.98828],[-61.36871,0.97168],[-61.37079,0.96149],[-61.37189,0.9505],[-61.37909,0.92511],[-61.38708,0.91467],[-61.40088,0.90491],[-61.4057,0.89569],[-61.40649,0.89111],[-61.40649,0.87909],[-61.41199,0.86151],[-61.41388,0.84833],[-61.41638,0.84192],[-61.42651,0.82867],[-61.44378,0.8103],[-61.44842,0.80267],[-61.4563,0.78528],[-61.47461,0.75848],[-61.49908,0.7287],[-61.52722,0.70367],[-61.54669,0.69012],[-61.56012,0.6745],[-61.5639,0.66852],[-61.57202,0.66193],[-61.57721,0.65491],[-61.57989,0.6477],[-61.58362,0.6427],[-61.58789,0.62872],[-61.59192,0.62488],[-61.59778,0.6225],[-61.60419,0.6167],[-61.60937,0.61047],[-61.61328,0.60413],[-61.6228,0.56769],[-61.62518,0.55432],[-61.6308,0.54669],[-61.6319,0.5437],[-61.63299,0.5343],[-61.63489,0.5285],[-61.64709,0.51532],[-61.651,0.50989],[-61.6629,0.50049],[-61.66803,0.49792],[-61.67352,0.49609],[-61.6792,0.4953],[-61.68298,0.49371],[-61.68579,0.49188],[-61.69281,0.48389],[-61.7019,0.47607],[-61.72778,0.43909],[-61.73199,0.42969],[-61.73242,0.42108],[-61.72888,0.4115],[-61.72308,0.39972],[-61.72302,0.37707],[-61.72571,0.36529],[-61.729,0.35968],[-61.7337,0.35492],[-61.73981,0.34527],[-61.75659,0.31189],[-61.75848,0.30408],[-61.75891,0.28448],[-61.76068,0.26532],[-61.7605,0.25531],[-61.76147,0.25152],[-61.76532,0.24731],[-61.77051,0.23651],[-61.77173,0.23028],[-61.76929,0.22272],[-61.77099,0.2027],[-61.77081,0.17969],[-61.77539,0.15869],[-61.77148,0.14008],[-61.7713,0.13391],[-61.768,0.1253],[-61.76648,0.1059],[-61.7641,0.09412],[-61.76312,0.08087],[-61.76349,0.06567],[-61.76538,0.05951],[-61.77063,0.05548],[-61.77649,0.0495],[-61.77869,0.04608],[-61.77972,0.0329],[-61.78149,0.02808],[-61.79382,0.0097],[-61.80139,-0.01349],[-61.8081,-0.01892],[-61.81079,-0.0227],[-61.81311,-0.02881],[-61.8136,-0.04321],[-61.8111,-0.052],[-61.80469,-0.06549],[-61.7973,-0.07629],[-61.78888,-0.0852],[-61.78802,-0.09588],[-61.78918,-0.10431],[-61.79541,-0.12323],[-61.80139,-0.13098],[-61.80499,-0.13751],[-61.80579,-0.16211],[-61.81018,-0.18329],[-61.81561,-0.20038],[-61.82672,-0.22522],[-61.83099,-0.242],[-61.83508,-0.24988],[-61.83771,-0.25818],[-61.84009,-0.27099],[-61.83948,-0.27582],[-61.8371,-0.2843],[-61.83398,-0.29181],[-61.83081,-0.29687],[-61.82739,-0.30481],[-61.82739,-0.31018],[-61.83008,-0.315],[-61.83551,-0.33002],[-61.83752,-0.33819],[-61.83771,-0.34588],[-61.83899,-0.35229],[-61.84131,-0.35742],[-61.84698,-0.3659],[-61.84698,-0.3703],[-61.83429,-0.40491],[-61.82501,-0.41632],[-61.81073,-0.43121],[-61.8067,-0.43671],[-61.79822,-0.45978],[-61.79779,-0.46521],[-61.79962,-0.47168],[-61.81073,-0.4942],[-61.81457,-0.5047],[-61.81689,-0.50879],[-61.82159,-0.51233],[-61.82422,-0.51629],[-61.82239,-0.53491],[-61.80951,-0.56878],[-61.8092,-0.59088],[-61.80829,-0.59662],[-61.8056,-0.6037],[-61.80871,-0.61401],[-61.82532,-0.64911],[-61.83978,-0.67401],[-61.8482,-0.68408],[-61.85419,-0.69342],[-61.8562,-0.69781],[-61.85748,-0.70758],[-61.8595,-0.71228],[-61.86499,-0.72082],[-61.86621,-0.7265],[-61.86481,-0.73358],[-61.86059,-0.74518],[-61.86011,-0.75732],[-61.85889,-0.76428],[-61.8565,-0.77173],[-61.85193,-0.78113],[-61.84649,-0.79992],[-61.84448,-0.81232],[-61.84479,-0.8197],[-61.84649,-0.82818],[-61.85162,-0.83838],[-61.85419,-0.84192],[-61.85901,-0.84637],[-61.8692,-0.85449],[-61.87829,-0.8725],[-61.88061,-0.88238],[-61.8811,-0.89477],[-61.8786,-0.90131],[-61.8681,-0.9187],[-61.8634,-0.93017],[-61.86218,-0.93579],[-61.86407,-0.94409],[-61.87091,-0.95148],[-61.87591,-0.95923],[-61.88348,-0.97699],[-61.88843,-0.99121],[-61.88739,-1.00848],[-61.88391,-1.01648],[-61.88019,-1.0246],[-61.86059,-1.05481],[-61.85962,-1.06201],[-61.8598,-1.0683],[-61.86438,-1.0805],[-61.86999,-1.08862],[-61.87268,-1.09448],[-61.87738,-1.10541],[-61.87909,-1.11151],[-61.87811,-1.1181],[-61.8717,-1.12988],[-61.8656,-1.13879],[-61.86389,-1.14313],[-61.85461,-1.1745],[-61.85431,-1.1867],[-61.85608,-1.20361],[-61.85589,-1.21332],[-61.85303,-1.22949],[-61.84241,-1.25568],[-61.84271,-1.25958],[-61.8443,-1.26312],[-61.85028,-1.271],[-61.85699,-1.2832],[-61.86548,-1.30731],[-61.87091,-1.31988],[-61.87268,-1.33069],[-61.87298,-1.33862],[-61.87152,-1.34741],[-61.8667,-1.36371],[-61.86078,-1.37781],[-61.85467,-1.38818],[-61.83649,-1.40069],[-61.83331,-1.40143]],"type":"LineString"},"id":69,"properties":{"cla_icacao":"Navegável","dominio":"União","est_estino":"RR","est_origem":"AM","extensao":398.580793193,"fonte":"LabTrans/Antaq","idantaq":20,"idhidrovia":200002097,"idm_estino":"BR140020","idm_origem":"BR130040","idseq":0,"jurisdicao":"AHIMOC","mun_estino":"Caracaraí","mun_origem":"Barcelos","navegacao":"Navegação Interior","nom_eclusa":null,"nome":"Hidrovia do Negro","nome_rio":"Rio Branco","observacao":"Foz no rio Negro _RR_ até a confluência dos rios Uraricoera e Tacutu.","pro_de_max":2.0,"pro_de_min":1.0,"reg_rafica":"Região Hidrográfica Amazônica","snv":"Sim","tempo":"1d 15h 51min","tipo":"Rio","vel_cional":10.0},"type":"Feature"},{"bbox":[-67.200346,0.870483,-66.794188,1.229492],"geometry":{"coordinates":[[-66.85071,1.22949],[-66.8504,1.21808],[-66.849,1.2085],[-66.84161,1.19549],[-66.84338,1.17871],[-66.84802,1.1673],[-66.85528,1.15588],[-66.8609,1.13812],[-66.86078,1.1167],[-66.85577,1.10272],[-66.85101,1.09527],[-66.84851,1.07568],[-66.84448,1.06128],[-66.83197,1.05029],[-66.8219,1.04468],[-66.8114,1.04108],[-66.80658,1.03747],[-66.8042,1.02472],[-66.79657,1.0133],[-66.79547,1.0061],[-66.79687,0.99969],[-66.79687,0.99231],[-66.79419,0.98547],[-66.79419,0.97552],[-66.79669,0.9635],[-66.80048,0.95752],[-66.8056,0.95209],[-66.80701,0.94568],[-66.80652,0.94031],[-66.79962,0.9331],[-66.79858,0.93011],[-66.7987,0.92328],[-66.8092,0.91772],[-66.81659,0.91748],[-66.82287,0.91589],[-66.82727,0.91309],[-66.85071,0.89429],[-66.85498,0.88733],[-66.86041,0.88068],[-66.86999,0.87652],[-66.89929,0.87128],[-66.90881,0.87048],[-66.92621,0.87128],[-66.93701,0.87408],[-66.96399,0.87927],[-66.97088,0.88269],[-66.97711,0.89172],[-66.98468,0.8985],[-67.00049,0.9057],[-67.01239,0.90692],[-67.02661,0.90613],[-67.03821,0.90668],[-67.04327,0.90448],[-67.04938,0.89972],[-67.06109,0.88409],[-67.07129,0.87793],[-67.08038,0.87811],[-67.09308,0.88049],[-67.1001,0.88489],[-67.10553,0.89252],[-67.12018,0.89868],[-67.12518,0.90167],[-67.12939,0.90747],[-67.13312,0.91528],[-67.13708,0.9201],[-67.14679,0.92248],[-67.1543,0.92071],[-67.20035,0.91643]],"type":"LineString"},"id":70,"properties":{"cla_icacao":"Navegável","dominio":"União","est_estino":"AM","est_origem":"AM","extensao":89.4993732278,"fonte":"LabTrans/Antaq","idantaq":20,"idhidrovia":200002099,"idm_estino":"BR130380","idm_origem":"BR130380","idseq":0,"jurisdicao":"AHIMOC","mun_estino":"São Gabriel da Cachoeira","mun_origem":"São Gabriel da Cachoeira","navegacao":"Navegação Interior","nom_eclusa":null,"nome":"Hidrovia do Negro","nome_rio":"Rio Negro","observacao":"Confluência com o rio Solimões_AM_ até Cucuí _AM_.","pro_de_max":5.0,"pro_de_min":1.0,"reg_rafica":"Região Hidrográfica Amazônica","snv":"Sim","tempo":"0d 8h 56min","tipo":"Rio","vel_cional":10.0},"type":"Feature"},{"bbox":[-60.098832,-3.146591,-60.064831,-3.113728],"geometry":{"coordinates":[[-60.09883,-3.14659],[-60.08625,-3.14095],[-60.08202,-3.13716],[-60.08031,-3.13327],[-60.07715,-3.1196],[-60.07436,-3.11575],[-60.07068,-3.11373],[-60.06483,-3.11455]],"type":"LineString"},"id":71,"properties":{"cla_icacao":"Navegável","dominio":"União","est_estino":"AM","est_origem":"AM","extensao":5.83865019308,"fonte":"LabTrans/Antaq","idantaq":20,"idhidrovia":200002100,"idm_estino":"BR130260","idm_origem":"BR130260","idseq":0,"jurisdicao":"AHIMOC","mun_estino":"Manaus","mun_origem":"Manaus","navegacao":"Navegação Interior","nom_eclusa":null,"nome":"Hidrovia do Negro","nome_rio":"Rio Negro","observacao":"Confluência com o rio Solimões_AM_ até Cucuí _AM_.","pro_de_max":4.0,"pro_de_min":1.8,"reg_rafica":"Região Hidrográfica Amazônica","snv":"Sim","tempo":"0d 0h 35min","tipo":"Rio","vel_cional":10.0},"type":"Feature"},{"bbox":[-60.064831,-3.140692,-60.0291,-3.114549],"geometry":{"coordinates":[[-60.06483,-3.11455],[-60.0291,-3.14069]],"type":"LineString"},"id":72,"properties":{"cla_icacao":"Navegável","dominio":"União","est_estino":"AM","est_origem":"AM","extensao":4.91706310529,"fonte":"LabTrans/Antaq","idantaq":20,"idhidrovia":200002101,"idm_estino":"BR130260","idm_origem":"BR130260","idseq":0,"jurisdicao":"AHIMOC","mun_estino":"Manaus","mun_origem":"Manaus","navegacao":"Navegação Interior","nom_eclusa":null,"nome":"Hidrovia do Negro","nome_rio":"Rio Negro","observacao":"Confluência com o rio Solimões_AM_ até Cucuí _AM_.","pro_de_max":4.0,"pro_de_min":1.8,"reg_rafica":"Região Hidrográfica Amazônica","snv":"Sim","tempo":"0d 0h 29min","tipo":"Rio","vel_cional":10.0},"type":"Feature"},{"bbox":[-60.0291,-3.155807,-60.000475,-3.140692],"geometry":{"coordinates":[[-60.0291,-3.14069],[-60.01032,-3.15233],[-60.00048,-3.15581]],"type":"LineString"},"id":73,"properties":{"cla_icacao":"Navegável","dominio":"União","est_estino":"AM","est_origem":"AM","extensao":3.61768755047,"fonte":"LabTrans/Antaq","idantaq":20,"idhidrovia":200002102,"idm_estino":"BR130260","idm_origem":"BR130260","idseq":0,"jurisdicao":"AHIMOC","mun_estino":"Manaus","mun_origem":"Manaus","navegacao":"Navegação Interior","nom_eclusa":null,"nome":"Hidrovia do Negro","nome_rio":"Rio Negro","observacao":"Confluência com o rio Solimões_AM_ até Cucuí _AM_.","pro_de_max":4.0,"pro_de_min":1.8,"reg_rafica":"Região Hidrográfica Amazônica","snv":"Sim","tempo":"0d 0h 8min","tipo":"Rio","vel_cional":25.0},"type":"Feature"},{"bbox":[-60.000475,-3.159301,-59.992361,-3.155807],"geometry":{"coordinates":[[-60.00048,-3.15581],[-59.99236,-3.1593]],"type":"LineString"},"id":74,"properties":{"cla_icacao":"Navegável","dominio":"União","est_estino":"AM","est_origem":"AM","extensao":0.982111613384,"fonte":"LabTrans/Antaq","idantaq":20,"idhidrovia":200002103,"idm_estino":"BR130260","idm_origem":"BR130260","idseq":0,"jurisdicao":"AHIMOC","mun_estino":"Manaus","mun_origem":"Manaus","navegacao":"Navegação Interior","nom_eclusa":null,"nome":"Hidrovia do Negro","nome_rio":"Rio Negro","observacao":"Confluência com o rio Solimões_AM_ até Cucuí _AM_.","pro_de_max":4.0,"pro_de_min":1.8,"reg_rafica":"Região Hidrográfica Amazônica","snv":"Sim","tempo":"0d 0h 2min","tipo":"Rio","vel_cional":25.0},"type":"Feature"},{"bbox":[-59.992361,-3.168756,-59.951527,-3.153029],"geometry":{"coordinates":[[-59.99236,-3.1593],[-59.98035,-3.16541],[-59.97162,-3.16876],[-59.96123,-3.16709],[-59.9555,-3.16112],[-59.95153,-3.15303]],"type":"LineString"},"id":75,"properties":{"cla_icacao":"Navegável","dominio":"União","est_estino":"AM","est_origem":"AM","extensao":5.6248942882,"fonte":"LabTrans/Antaq","idantaq":20,"idhidrovia":200002104,"idm_estino":"BR130260","idm_origem":"BR130260","idseq":0,"jurisdicao":"AHIMOC","mun_estino":"Manaus","mun_origem":"Manaus","navegacao":"Navegação Interior","nom_eclusa":null,"nome":"Hidrovia do Negro","nome_rio":"Rio Negro","observacao":"Confluência com o rio Solimões_AM_ até Cucuí _AM_.","pro_de_max":4.0,"pro_de_min":1.8,"reg_rafica":"Região Hidrográfica Amazônica","snv":"Sim","tempo":"0d 0h 13min","tipo":"Rio","vel_cional":25.0},"type":"Feature"},{"bbox":[-59.923233,-3.126621,-59.8963,-3.12176],"geometry":{"coordinates":[[-59.92323,-3.12662],[-59.9125,-3.12176],[-59.8963,-3.125]],"type":"LineString"},"id":76,"properties":{"cla_icacao":"Navegável","dominio":"União","est_estino":"AM","est_origem":"AM","extensao":3.14727818792,"fonte":"LabTrans/Antaq","idantaq":1,"idhidrovia":200002105,"idm_estino":"BR130260","idm_origem":"BR130260","idseq":0,"jurisdicao":"AHIMOC","mun_estino":"Manaus","mun_origem":"Manaus","navegacao":"Navegação Interior","nom_eclusa":null,"nome":"Hidrovia do Amazonas","nome_rio":"Rio Negro","observacao":"Confluência com o rio Solimões_AM_ até Cucuí _AM_.","pro_de_max":4.0,"pro_de_min":1.8,"reg_rafica":"Região Hidrográfica Amazônica","snv":"Sim","tempo":"0d 0h 7min","tipo":"Rio","vel_cional":25.0},"type":"Feature"},{"bbox":[-59.951527,-3.153029,-59.923233,-3.126621],"geometry":{"coordinates":[[-59.95153,-3.15303],[-59.93256,-3.1368],[-59.92323,-3.12662]],"type":"LineString"},"id":77,"properties":{"cla_icacao":"Navegável","dominio":"União","est_estino":"AM","est_origem":"AM","extensao":4.3028227297,"fonte":"LabTrans/Antaq","idantaq":20,"idhidrovia":200002106,"idm_estino":"BR130260","idm_origem":"BR130260","idseq":0,"jurisdicao":"AHIMOC","mun_estino":"Manaus","mun_origem":"Manaus","navegacao":"Navegação Interior","nom_eclusa":null,"nome":"Hidrovia do Negro","nome_rio":"Rio Negro","observacao":"Confluência com o rio Solimões_AM_ até Cucuí _AM_.","pro_de_max":4.0,"pro_de_min":1.8,"reg_rafica":"Região Hidrográfica Amazônica","snv":"Sim","tempo":"0d 0h 10min","tipo":"Rio","vel_cional":25.0},"type":"Feature"},{"bbox":[-62.061443,-3.97711,-61.618009,-3.776553],"geometry":{"coordinates":[[-62.06144,-3.8465],[-62.05831,-3.84759],[-62.0423,-3.85884],[-62.01771,-3.88009],[-62.00751,-3.89117],[-61.99182,-3.90503],[-61.9743,-3.9173],[-61.9577,-3.93072],[-61.94171,-3.94232],[-61.91028,-3.9563],[-61.85742,-3.9729],[-61.83429,-3.97711],[-61.81158,-3.97528],[-61.79889,-3.96557],[-61.78351,-3.95007],[-61.77557,-3.93701],[-61.76941,-3.92248],[-61.76489,-3.90417],[-61.75769,-3.8891],[-61.74829,-3.87927],[-61.72931,-3.86951],[-61.6676,-3.85608],[-61.64899,-3.84601],[-61.63647,-3.8338],[-61.62549,-3.79138],[-61.61801,-3.77655]],"type":"LineString"},"id":78,"properties":{"cla_icacao":"Navegável","dominio":"União","est_estino":"AM","est_origem":"AM","extensao":65.581122769,"fonte":"LabTrans/Antaq","idantaq":2,"idhidrovia":200002107,"idm_estino":"BR130130","idm_origem":"BR130010","idseq":0,"jurisdicao":"AHIMOC","mun_estino":"Codajás","mun_origem":"Anori","navegacao":"Navegação Interior","nom_eclusa":null,"nome":"Hidrovia do Solimões","nome_rio":"Rio Solimões","observacao":"Confluência com o rio Negro _AM_ até Tabatinga _AM_.","pro_de_max":10.0,"pro_de_min":6.0,"reg_rafica":"Região Hidrográfica Amazônica","snv":"Sim","tempo":"0d 6h 33min","tipo":"Rio","vel_cional":10.0},"type":"Feature"},{"bbox":[-63.128468,-4.081603,-62.061443,-3.761107],"geometry":{"coordinates":[[-63.12847,-4.06869],[-63.1264,-4.07147],[-63.11041,-4.07989],[-63.09442,-4.0816],[-63.06531,-4.07239],[-63.03589,-4.0564],[-63.02191,-4.04809],[-62.99103,-4.02533],[-62.97961,-4.0152],[-62.96088,-3.98327],[-62.94671,-3.96631],[-62.91388,-3.9469],[-62.90308,-3.93957],[-62.89581,-3.93249],[-62.88849,-3.922],[-62.87988,-3.91498],[-62.85553,-3.90668],[-62.81091,-3.8891],[-62.78912,-3.88592],[-62.75781,-3.88989],[-62.74231,-3.8941],[-62.71918,-3.89679],[-62.69208,-3.8985],[-62.67077,-3.90161],[-62.6488,-3.90191],[-62.63208,-3.89789],[-62.61969,-3.89349],[-62.6029,-3.8855],[-62.58948,-3.87732],[-62.56531,-3.86047],[-62.5426,-3.85028],[-62.51837,-3.84491],[-62.48651,-3.8446],[-62.45782,-3.83789],[-62.43597,-3.82959],[-62.39972,-3.8053],[-62.3761,-3.79657],[-62.35162,-3.78949],[-62.3266,-3.78113],[-62.28369,-3.76361],[-62.26739,-3.76111],[-62.25439,-3.7641],[-62.24182,-3.77081],[-62.22259,-3.78479],[-62.20282,-3.79608],[-62.17248,-3.81],[-62.10528,-3.83411],[-62.07773,-3.84082],[-62.06144,-3.8465]],"type":"LineString"},"id":79,"properties":{"cla_icacao":"Navegável","dominio":"União","est_estino":"AM","est_origem":"AM","extensao":131.987783446,"fonte":"LabTrans/Antaq","idantaq":2,"idhidrovia":200002108,"idm_estino":"BR130120","idm_origem":"BR130130","idseq":0,"jurisdicao":"AHIMOC","mun_estino":"Coari","mun_origem":"Codajás","navegacao":"Navegação Interior","nom_eclusa":null,"nome":"Hidrovia do Solimões","nome_rio":"Rio Solimões","observacao":"Confluência com o rio Negro _AM_ até Tabatinga _AM_.","pro_de_max":10.0,"pro_de_min":6.0,"reg_rafica":"Região Hidrográfica Amazônica","snv":"Sim","tempo":"0d 13h 11min","tipo":"Rio","vel_cional":10.0},"type":"Feature"},{"bbox":[-67.630533,-5.60327,-66.817625,-4.902892],"geometry":{"coordinates":[[-67.63053,-5.60289],[-67.62341,-5.59839],[-67.62048,-5.59369],[-67.61908,-5.58801],[-67.62018,-5.58191],[-67.62451,-5.5722],[-67.62439,-5.56671],[-67.61908,-5.56207],[-67.61462,-5.56061],[-67.60852,-5.56122],[-67.60571,-5.56268],[-67.6026,-5.56598],[-67.59869,-5.573],[-67.59619,-5.58117],[-67.59558,-5.58661],[-67.59631,-5.59479],[-67.59527,-5.59979],[-67.59058,-5.60327],[-67.5863,-5.60309],[-67.58258,-5.60162],[-67.57861,-5.59668],[-67.57532,-5.5863],[-67.57428,-5.58032],[-67.57501,-5.57379],[-67.57727,-5.56659],[-67.5769,-5.56018],[-67.57452,-5.55579],[-67.5686,-5.55041],[-67.56732,-5.54828],[-67.57001,-5.54462],[-67.57281,-5.54401],[-67.58209,-5.54761],[-67.58618,-5.54687],[-67.59118,-5.54358],[-67.59222,-5.53991],[-67.59167,-5.52337],[-67.59021,-5.521],[-67.58648,-5.5177],[-67.58118,-5.51489],[-67.5744,-5.51288],[-67.56817,-5.51221],[-67.56109,-5.51269],[-67.55408,-5.51587],[-67.55011,-5.51898],[-67.53888,-5.53637],[-67.53607,-5.53869],[-67.53351,-5.53961],[-67.52777,-5.5393],[-67.52032,-5.5354],[-67.51532,-5.52881],[-67.51068,-5.52521],[-67.50488,-5.52283],[-67.49548,-5.5213],[-67.48993,-5.518],[-67.48657,-5.51318],[-67.48498,-5.50439],[-67.48108,-5.49811],[-67.47729,-5.49652],[-67.46588,-5.49627],[-67.4624,-5.49463],[-67.46179,-5.49182],[-67.46338,-5.48657],[-67.46698,-5.48327],[-67.47479,-5.4801],[-67.4765,-5.47809],[-67.47601,-5.47369],[-67.47241,-5.4696],[-67.4682,-5.46869],[-67.46448,-5.46979],[-67.45831,-5.47729],[-67.45618,-5.48273],[-67.45392,-5.49231],[-67.4516,-5.49609],[-67.44769,-5.49792],[-67.44287,-5.49579],[-67.44153,-5.49237],[-67.44177,-5.48578],[-67.4494,-5.46753],[-67.4505,-5.46252],[-67.45019,-5.4588],[-67.44769,-5.45489],[-67.4433,-5.45202],[-67.43738,-5.44958],[-67.43158,-5.44488],[-67.427,-5.44421],[-67.42529,-5.44531],[-67.42493,-5.4469],[-67.42529,-5.44928],[-67.42938,-5.45581],[-67.42981,-5.45819],[-67.4295,-5.4638],[-67.42798,-5.46863],[-67.4237,-5.47339],[-67.42059,-5.47479],[-67.41577,-5.4751],[-67.41351,-5.47351],[-67.409,-5.46698],[-67.40417,-5.45331],[-67.3974,-5.44269],[-67.39331,-5.43341],[-67.39319,-5.42608],[-67.3938,-5.42419],[-67.3985,-5.41559],[-67.41052,-5.39892],[-67.41388,-5.39148],[-67.41388,-5.38659],[-67.41247,-5.38348],[-67.4068,-5.3789],[-67.40057,-5.37707],[-67.39148,-5.37781],[-67.3869,-5.38031],[-67.38177,-5.38568],[-67.37829,-5.39282],[-67.37628,-5.3999],[-67.37628,-5.4107],[-67.37518,-5.4209],[-67.37121,-5.42529],[-67.36468,-5.42682],[-67.35858,-5.42602],[-67.35553,-5.42462],[-67.35071,-5.42047],[-67.34759,-5.41339],[-67.3493,-5.401],[-67.34869,-5.39422],[-67.34729,-5.39191],[-67.34527,-5.39081],[-67.34308,-5.39081],[-67.33978,-5.39148],[-67.33508,-5.39477],[-67.33337,-5.39709],[-67.33008,-5.40747],[-67.32562,-5.41083],[-67.32049,-5.41058],[-67.30939,-5.4068],[-67.3067,-5.40698],[-67.30432,-5.4082],[-67.30127,-5.41211],[-67.29968,-5.42419],[-67.29779,-5.42578],[-67.29608,-5.42578],[-67.29303,-5.42401],[-67.28839,-5.41669],[-67.28747,-5.40723],[-67.28589,-5.4021],[-67.27301,-5.37768],[-67.26538,-5.36987],[-67.26062,-5.36627],[-67.25738,-5.36517],[-67.25421,-5.36511],[-67.24829,-5.36829],[-67.2456,-5.37079],[-67.23968,-5.38068],[-67.23798,-5.38251],[-67.23547,-5.3833],[-67.23297,-5.38318],[-67.2193,-5.3772],[-67.21509,-5.37359],[-67.21283,-5.36767],[-67.2157,-5.34918],[-67.2146,-5.3432],[-67.21148,-5.33929],[-67.20093,-5.33411],[-67.198,-5.33038],[-67.19061,-5.31738],[-67.19043,-5.31073],[-67.19519,-5.30658],[-67.20019,-5.30511],[-67.20422,-5.30517],[-67.21759,-5.30798],[-67.22778,-5.30652],[-67.23431,-5.30359],[-67.24029,-5.29919],[-67.24329,-5.29248],[-67.24219,-5.28558],[-67.23828,-5.27759],[-67.2287,-5.26752],[-67.22748,-5.26507],[-67.2276,-5.2605],[-67.22888,-5.25891],[-67.23352,-5.25781],[-67.23639,-5.2583],[-67.24121,-5.26178],[-67.25067,-5.26678],[-67.26202,-5.27618],[-67.26569,-5.27728],[-67.26898,-5.27722],[-67.27222,-5.27502],[-67.27429,-5.27228],[-67.27569,-5.268],[-67.27502,-5.2605],[-67.2713,-5.25598],[-67.26343,-5.2522],[-67.2569,-5.25152],[-67.2467,-5.25268],[-67.23871,-5.2514],[-67.23431,-5.24469],[-67.23321,-5.23938],[-67.23358,-5.23541],[-67.23541,-5.23169],[-67.2381,-5.22858],[-67.24389,-5.22528],[-67.2572,-5.22192],[-67.26233,-5.21631],[-67.263,-5.2102],[-67.26129,-5.20587],[-67.25928,-5.20331],[-67.25519,-5.20032],[-67.24847,-5.1983],[-67.2395,-5.1994],[-67.2315,-5.19708],[-67.22601,-5.1897],[-67.2204,-5.17639],[-67.21429,-5.17169],[-67.20929,-5.17157],[-67.2063,-5.17279],[-67.20367,-5.17517],[-67.19849,-5.18268],[-67.19598,-5.1839],[-67.19159,-5.1839],[-67.18738,-5.18017],[-67.1853,-5.17578],[-67.1853,-5.17151],[-67.18799,-5.1604],[-67.18689,-5.13769],[-67.18371,-5.12121],[-67.18213,-5.11719],[-67.17859,-5.1134],[-67.17438,-5.11188],[-67.17139,-5.112],[-67.16748,-5.1131],[-67.1618,-5.11609],[-67.15509,-5.12109],[-67.13751,-5.13659],[-67.12921,-5.14758],[-67.12597,-5.14978],[-67.12268,-5.15051],[-67.12042,-5.15002],[-67.11652,-5.1474],[-67.1131,-5.14038],[-67.11298,-5.13281],[-67.11688,-5.12689],[-67.12628,-5.11737],[-67.1336,-5.11188],[-67.15088,-5.104],[-67.15552,-5.10278],[-67.16498,-5.10309],[-67.16778,-5.10248],[-67.169,-5.10138],[-67.16949,-5.09851],[-67.16803,-5.09381],[-67.1626,-5.0888],[-67.159,-5.08331],[-67.15631,-5.07739],[-67.15198,-5.073],[-67.14911,-5.07159],[-67.1463,-5.07129],[-67.1438,-5.0722],[-67.13898,-5.07611],[-67.13208,-5.0852],[-67.12799,-5.08838],[-67.12518,-5.09009],[-67.11951,-5.09058],[-67.11359,-5.08801],[-67.11041,-5.08398],[-67.10907,-5.08081],[-67.10889,-5.06769],[-67.10748,-5.0636],[-67.10541,-5.06262],[-67.10052,-5.06317],[-67.09692,-5.06708],[-67.09277,-5.07941],[-67.08478,-5.09241],[-67.08288,-5.09833],[-67.08148,-5.10718],[-67.07971,-5.10931],[-67.0766,-5.11029],[-67.07379,-5.10968],[-67.0683,-5.10541],[-67.06268,-5.09869],[-67.06,-5.09668],[-67.05481,-5.09412],[-67.05212,-5.09387],[-67.04938,-5.09442],[-67.04449,-5.09851],[-67.03918,-5.11242],[-67.0354,-5.1156],[-67.03198,-5.1159],[-67.02649,-5.11261],[-67.02398,-5.1095],[-67.0224,-5.10449],[-67.0224,-5.09729],[-67.02661,-5.08331],[-67.02667,-5.0788],[-67.02588,-5.0766],[-67.02197,-5.07489],[-67.01752,-5.07471],[-67.00787,-5.07819],[-67.00061,-5.0777],[-66.99609,-5.0758],[-66.9917,-5.06818],[-66.98919,-5.06628],[-66.98199,-5.06427],[-66.97259,-5.06421],[-66.96661,-5.06299],[-66.96197,-5.05969],[-66.96051,-5.05701],[-66.95972,-5.04687],[-66.95892,-5.04449],[-66.95618,-5.04211],[-66.95093,-5.04138],[-66.94879,-5.0423],[-66.94458,-5.04687],[-66.94171,-5.05243],[-66.94043,-5.06018],[-66.94098,-5.06598],[-66.94018,-5.07049],[-66.93921,-5.073],[-66.93439,-5.07709],[-66.93079,-5.07819],[-66.9248,-5.07757],[-66.91809,-5.07342],[-66.90857,-5.07489],[-66.8985,-5.078],[-66.8919,-5.07837],[-66.8891,-5.078],[-66.88409,-5.07519],[-66.88037,-5.0708],[-66.87909,-5.06677],[-66.88031,-5.05951],[-66.88348,-5.05401],[-66.8858,-5.052],[-66.89459,-5.04883],[-66.89709,-5.04651],[-66.90033,-5.04199],[-66.901,-5.0368],[-66.89538,-5.01489],[-66.89069,-5.00781],[-66.88702,-5.00568],[-66.88202,-5.00629],[-66.87329,-5.01031],[-66.86529,-5.01721],[-66.86188,-5.02569],[-66.86072,-5.03637],[-66.85699,-5.04498],[-66.85828,-5.05579],[-66.8609,-5.05951],[-66.86493,-5.06238],[-66.8703,-5.06427],[-66.87323,-5.06671],[-66.87439,-5.06988],[-66.87421,-5.07287],[-66.87042,-5.07471],[-66.8645,-5.07428],[-66.8587,-5.0697],[-66.84241,-5.0603],[-66.83789,-5.05487],[-66.83679,-5.05249],[-66.83648,-5.04748],[-66.83752,-5.04138],[-66.84167,-5.02991],[-66.84198,-5.01898],[-66.84289,-5.01471],[-66.84448,-5.01159],[-66.84881,-5.00848],[-66.8631,-5.0069],[-66.86609,-5.00519],[-66.86829,-5.00207],[-66.86963,-4.99591],[-66.8681,-4.99231],[-66.86438,-4.98828],[-66.85638,-4.98511],[-66.85419,-4.9834],[-66.85272,-4.98028],[-66.85339,-4.97589],[-66.85681,-4.97223],[-66.86761,-4.96869],[-66.86938,-4.96728],[-66.8703,-4.96558],[-66.8706,-4.9621],[-66.86951,-4.95721],[-66.86462,-4.9516],[-66.85699,-4.94751],[-66.84888,-4.94629],[-66.83807,-4.9425],[-66.8269,-4.93683],[-66.82159,-4.93219],[-66.8186,-4.92798],[-66.81763,-4.92279],[-66.8186,-4.91821],[-66.82428,-4.91229],[-66.83679,-4.90887],[-66.83838,-4.90771],[-66.83929,-4.90539],[-66.83911,-4.90289]],"type":"LineString"},"id":80,"properties":{"cla_icacao":"Navegável","dominio":"União","est_estino":"AM","est_origem":"AM","extensao":290.499689343,"fonte":"LabTrans/Antaq","idantaq":21,"idhidrovia":200002109,"idm_estino":"BR130100","idm_origem":"BR130100","idseq":0,"jurisdicao":"AHIMOC","mun_estino":"Carauari","mun_origem":"Carauari","navegacao":"Navegação Interior","nom_eclusa":null,"nome":"Hidrovia do Juruá","nome_rio":"Rio Juruá","observacao":"Foz no rio Solimões _AM_ até  Marechal Taumaturgo _AC_.","pro_de_max":4.0,"pro_de_min":1.8,"reg_rafica":"Região Hidrográfica Amazônica","snv":"Sim","tempo":"1d 5h 2min","tipo":"Rio","vel_cional":10.0},"type":"Feature"},{"bbox":[-69.793578,-6.692992,-68.246187,-6.432921],"geometry":{"coordinates":[[-69.76599,-6.69299],[-69.76251,-6.6842],[-69.76208,-6.68097],[-69.76312,-6.67718],[-69.76977,-6.66803],[-69.77222,-6.66302],[-69.77398,-6.65637],[-69.77661,-6.65259],[-69.78692,-6.64758],[-69.789,-6.64508],[-69.7893,-6.63891],[-69.78619,-6.63422],[-69.78052,-6.63068],[-69.77868,-6.62762],[-69.77911,-6.62488],[-69.78351,-6.61841],[-69.79108,-6.61358],[-69.79358,-6.60998],[-69.79309,-6.60638],[-69.789,-6.60248],[-69.78003,-6.60248],[-69.7655,-6.61059],[-69.7572,-6.61371],[-69.75317,-6.6131],[-69.75061,-6.612],[-69.74701,-6.6084],[-69.74621,-6.5957],[-69.74329,-6.59021],[-69.73919,-6.5874],[-69.72821,-6.58472],[-69.72589,-6.58117],[-69.72693,-6.57837],[-69.72919,-6.57611],[-69.73962,-6.57239],[-69.7428,-6.57287],[-69.75421,-6.58331],[-69.75751,-6.58539],[-69.76129,-6.58587],[-69.7644,-6.58533],[-69.76752,-6.58368],[-69.77032,-6.5802],[-69.77179,-6.57648],[-69.77173,-6.56921],[-69.77051,-6.56708],[-69.7688,-6.56549],[-69.7514,-6.55969],[-69.74548,-6.5592],[-69.7334,-6.56048],[-69.72552,-6.55981],[-69.72162,-6.55719],[-69.71618,-6.54931],[-69.71448,-6.54809],[-69.71002,-6.54907],[-69.7027,-6.55261],[-69.68872,-6.5628],[-69.6828,-6.56567],[-69.67999,-6.56653],[-69.67639,-6.56622],[-69.67248,-6.56439],[-69.67023,-6.56231],[-69.66418,-6.552],[-69.66058,-6.54907],[-69.6543,-6.547],[-69.65271,-6.54541],[-69.65179,-6.54162],[-69.65417,-6.53729],[-69.65631,-6.53637],[-69.66449,-6.53558],[-69.66809,-6.53229],[-69.66791,-6.53058],[-69.66699,-6.52972],[-69.65851,-6.52777],[-69.64807,-6.5282],[-69.64129,-6.53052],[-69.63647,-6.53387],[-69.62842,-6.54931],[-69.62488,-6.55041],[-69.62158,-6.55017],[-69.61603,-6.54608],[-69.59991,-6.52398],[-69.59741,-6.52301],[-69.59448,-6.52392],[-69.5888,-6.5285],[-69.58783,-6.53088],[-69.58661,-6.54413],[-69.58368,-6.54968],[-69.5802,-6.55231],[-69.5711,-6.55377],[-69.57013,-6.55621],[-69.57098,-6.55859],[-69.57397,-6.56042],[-69.58063,-6.5617],[-69.58972,-6.56042],[-69.60602,-6.55548],[-69.60998,-6.55548],[-69.61359,-6.55749],[-69.61548,-6.55957],[-69.6159,-6.56122],[-69.61407,-6.56567],[-69.59918,-6.57892],[-69.57233,-6.59698],[-69.56439,-6.6037],[-69.5628,-6.6095],[-69.56341,-6.61242],[-69.57001,-6.62189],[-69.5697,-6.62433],[-69.5661,-6.62598],[-69.56128,-6.6242],[-69.55231,-6.6159],[-69.5451,-6.6131],[-69.5415,-6.61279],[-69.5354,-6.61468],[-69.52808,-6.62402],[-69.52539,-6.625],[-69.52319,-6.62469],[-69.51837,-6.61951],[-69.51709,-6.6134],[-69.52008,-6.60358],[-69.53082,-6.58551],[-69.53088,-6.5827],[-69.52978,-6.58081],[-69.5235,-6.57538],[-69.51898,-6.57269],[-69.5144,-6.57129],[-69.50958,-6.57092],[-69.49933,-6.573],[-69.48639,-6.57898],[-69.48211,-6.578],[-69.474,-6.56518],[-69.4696,-6.56268],[-69.46008,-6.56091],[-69.45837,-6.55981],[-69.45752,-6.55731],[-69.45788,-6.55481],[-69.46039,-6.552],[-69.46301,-6.55041],[-69.4696,-6.54852],[-69.47308,-6.54468],[-69.4751,-6.54059],[-69.47339,-6.53381],[-69.4718,-6.5318],[-69.46808,-6.52917],[-69.46442,-6.52887],[-69.46088,-6.53003],[-69.45691,-6.5346],[-69.45471,-6.5357],[-69.44928,-6.5354],[-69.44549,-6.53351],[-69.44061,-6.52569],[-69.43683,-6.52148],[-69.42938,-6.51947],[-69.42261,-6.52038],[-69.41949,-6.52222],[-69.41687,-6.52661],[-69.4162,-6.53039],[-69.41821,-6.5346],[-69.42822,-6.547],[-69.43542,-6.56299],[-69.44153,-6.57141],[-69.44299,-6.57788],[-69.4425,-6.5813],[-69.43768,-6.58502],[-69.43121,-6.58539],[-69.42548,-6.5835],[-69.41498,-6.57318],[-69.41009,-6.57019],[-69.40552,-6.56927],[-69.3974,-6.57049],[-69.38733,-6.56781],[-69.37958,-6.56848],[-69.37121,-6.57538],[-69.36981,-6.57568],[-69.36621,-6.573],[-69.36529,-6.5711],[-69.36438,-6.56592],[-69.3656,-6.56128],[-69.36529,-6.55877],[-69.36468,-6.55731],[-69.36182,-6.55658],[-69.35858,-6.56018],[-69.35773,-6.56268],[-69.35571,-6.57098],[-69.35541,-6.57739],[-69.35608,-6.5813],[-69.36059,-6.59289],[-69.36218,-6.59961],[-69.362,-6.6051],[-69.3598,-6.61719],[-69.35559,-6.62018],[-69.34839,-6.61737],[-69.34442,-6.61419],[-69.3407,-6.61297],[-69.33557,-6.61352],[-69.32519,-6.61932],[-69.32257,-6.61951],[-69.32129,-6.61871],[-69.32141,-6.61419],[-69.3233,-6.61078],[-69.32989,-6.60602],[-69.33282,-6.6029],[-69.33429,-6.60028],[-69.33533,-6.5957],[-69.33459,-6.59137],[-69.3316,-6.58661],[-69.32629,-6.5827],[-69.31708,-6.5791],[-69.31171,-6.57831],[-69.29962,-6.57898],[-69.29547,-6.57971],[-69.2923,-6.58148],[-69.28961,-6.5852],[-69.28888,-6.58862],[-69.29028,-6.59241],[-69.29248,-6.59491],[-69.29578,-6.59668],[-69.29797,-6.59918],[-69.29828,-6.60101],[-69.29608,-6.60528],[-69.29242,-6.6062],[-69.27447,-6.60492],[-69.27099,-6.60358],[-69.26587,-6.60028],[-69.2572,-6.59051],[-69.2522,-6.58697],[-69.24981,-6.58648],[-69.23871,-6.58728],[-69.22571,-6.58411],[-69.2232,-6.58441],[-69.2204,-6.58691],[-69.21808,-6.59271],[-69.21802,-6.59949],[-69.21698,-6.60229],[-69.21521,-6.60358],[-69.2135,-6.60358],[-69.21179,-6.6029],[-69.2066,-6.5968],[-69.19879,-6.59167],[-69.18847,-6.58252],[-69.17743,-6.57648],[-69.16449,-6.56549],[-69.15613,-6.56097],[-69.1521,-6.56128],[-69.1466,-6.56543],[-69.14477,-6.56891],[-69.1438,-6.57409],[-69.14508,-6.58117],[-69.14819,-6.58911],[-69.151,-6.5932],[-69.1521,-6.59637],[-69.15149,-6.60467],[-69.14868,-6.60718],[-69.14477,-6.60888],[-69.1383,-6.61011],[-69.1311,-6.61011],[-69.12378,-6.6131],[-69.1214,-6.61249],[-69.11963,-6.61078],[-69.11829,-6.60809],[-69.11798,-6.60211],[-69.1214,-6.59167],[-69.12891,-6.57739],[-69.13,-6.57391],[-69.1308,-6.56769],[-69.12982,-6.56317],[-69.12329,-6.55591],[-69.11889,-6.55279],[-69.10882,-6.54791],[-69.10589,-6.54541],[-69.10382,-6.54272],[-69.10321,-6.53991],[-69.104,-6.53668],[-69.10638,-6.53412],[-69.1131,-6.53052],[-69.1159,-6.52972],[-69.13037,-6.53088],[-69.13348,-6.5293],[-69.13483,-6.52759],[-69.13489,-6.52417],[-69.13141,-6.52087],[-69.12561,-6.51861],[-69.11938,-6.5177],[-69.11407,-6.51837],[-69.10791,-6.52069],[-69.10309,-6.52368],[-69.09839,-6.5282],[-69.09381,-6.53308],[-69.09021,-6.53851],[-69.08612,-6.5423],[-69.0827,-6.5437],[-69.07678,-6.54388],[-69.07318,-6.54242],[-69.0639,-6.53277],[-69.06012,-6.53131],[-69.0567,-6.53113],[-69.05371,-6.53223],[-69.05157,-6.53528],[-69.05029,-6.539],[-69.05029,-6.54327],[-69.05218,-6.55078],[-69.052,-6.55328],[-69.05109,-6.55572],[-69.04901,-6.55731],[-69.04632,-6.55768],[-69.0437,-6.5564],[-69.03808,-6.55121],[-69.0357,-6.54468],[-69.0357,-6.54162],[-69.0412,-6.53271],[-69.04339,-6.52417],[-69.04278,-6.51922],[-69.03808,-6.51349],[-69.03509,-6.51221],[-69.03119,-6.5119],[-69.02679,-6.51269],[-69.02319,-6.5152],[-69.02081,-6.51813],[-69.01678,-6.52771],[-69.01391,-6.53162],[-69.01117,-6.53332],[-69.0069,-6.53448],[-69.00238,-6.5346],[-68.99811,-6.5329],[-68.99408,-6.53009],[-68.98981,-6.52887],[-68.98639,-6.52917],[-68.98407,-6.53113],[-68.98291,-6.53338],[-68.98328,-6.5365],[-68.98419,-6.5401],[-68.98779,-6.5462],[-68.99029,-6.55621],[-68.99017,-6.5683],[-68.99267,-6.57648],[-68.99811,-6.58002],[-69.00537,-6.57959],[-69.00879,-6.57782],[-69.01111,-6.57532],[-69.01721,-6.56671],[-69.02112,-6.56482],[-69.02331,-6.56518],[-69.02478,-6.56653],[-69.02539,-6.56848],[-69.02551,-6.57098],[-69.02362,-6.57648],[-69.0199,-6.58038],[-69.00909,-6.5835],[-69.0014,-6.58423],[-68.9942,-6.58429],[-68.98889,-6.58282],[-68.98407,-6.5791],[-68.98071,-6.57251],[-68.97858,-6.5581],[-68.97558,-6.55041],[-68.97351,-6.5487],[-68.96948,-6.5423],[-68.96448,-6.52978],[-68.96197,-6.52582],[-68.96008,-6.5249],[-68.95752,-6.5249],[-68.95221,-6.5282],[-68.94867,-6.53399],[-68.94733,-6.53882],[-68.94287,-6.54797],[-68.9375,-6.5708],[-68.93469,-6.57678],[-68.9306,-6.58081],[-68.92529,-6.58301],[-68.92279,-6.58313],[-68.9176,-6.58142],[-68.91199,-6.57507],[-68.91058,-6.57178],[-68.9104,-6.56543],[-68.91229,-6.56109],[-68.91669,-6.55688],[-68.92798,-6.5545],[-68.9328,-6.55188],[-68.93689,-6.54779],[-68.93768,-6.54211],[-68.93658,-6.53979],[-68.93219,-6.53491],[-68.92779,-6.5332],[-68.9223,-6.5332],[-68.91778,-6.53619],[-68.91589,-6.5393],[-68.9107,-6.5448],[-68.90167,-6.55072],[-68.89581,-6.55719],[-68.89282,-6.56427],[-68.893,-6.57391],[-68.89142,-6.578],[-68.8855,-6.57892],[-68.88299,-6.57819],[-68.87579,-6.57312],[-68.86871,-6.56378],[-68.86078,-6.55621],[-68.85791,-6.5509],[-68.85821,-6.5451],[-68.86352,-6.54162],[-68.86627,-6.54077],[-68.86981,-6.5412],[-68.87268,-6.54199],[-68.87628,-6.54437],[-68.87988,-6.5487],[-68.88458,-6.55127],[-68.89062,-6.55261],[-68.89581,-6.55151],[-68.89862,-6.5498],[-68.90161,-6.54358],[-68.90179,-6.5404],[-68.90021,-6.5357],[-68.8974,-6.53168],[-68.87109,-6.51922],[-68.8634,-6.51752],[-68.85559,-6.51813],[-68.85229,-6.51922],[-68.83929,-6.52588],[-68.8349,-6.5271],[-68.8313,-6.52728],[-68.82812,-6.52649],[-68.81781,-6.5177],[-68.81427,-6.51691],[-68.81073,-6.51819],[-68.80798,-6.52087],[-68.8053,-6.52197],[-68.80182,-6.52161],[-68.79687,-6.51208],[-68.79559,-6.4978],[-68.8006,-6.48431],[-68.80102,-6.47967],[-68.7973,-6.47357],[-68.7893,-6.47088],[-68.78497,-6.47137],[-68.78088,-6.4743],[-68.77887,-6.47839],[-68.77838,-6.48169],[-68.78021,-6.49109],[-68.78332,-6.4964],[-68.78827,-6.50171],[-68.79053,-6.50537],[-68.79089,-6.50842],[-68.78967,-6.51251],[-68.78747,-6.51459],[-68.78168,-6.51703],[-68.77447,-6.51739],[-68.7677,-6.51678],[-68.75769,-6.51379],[-68.75427,-6.51111],[-68.75201,-6.5072],[-68.75177,-6.50299],[-68.7525,-6.4989],[-68.7605,-6.48688],[-68.76147,-6.47772],[-68.75909,-6.46661],[-68.75598,-6.46197],[-68.75317,-6.4602],[-68.74829,-6.45959],[-68.74658,-6.46008],[-68.73651,-6.46588],[-68.71002,-6.47522],[-68.70471,-6.47992],[-68.70129,-6.4895],[-68.69708,-6.49261],[-68.6944,-6.492],[-68.69122,-6.4895],[-68.6886,-6.48089],[-68.68719,-6.47949],[-68.68451,-6.47827],[-68.68188,-6.47821],[-68.67621,-6.47931],[-68.67389,-6.48059],[-68.67059,-6.48608],[-68.66791,-6.49481],[-68.66461,-6.49811],[-68.66009,-6.49969],[-68.65478,-6.49878],[-68.65118,-6.49609],[-68.6463,-6.48797],[-68.64538,-6.47931],[-68.6463,-6.47387],[-68.64838,-6.4693],[-68.64801,-6.4657],[-68.63928,-6.46368],[-68.63129,-6.46332],[-68.62402,-6.46429],[-68.6073,-6.46899],[-68.6001,-6.46948],[-68.59552,-6.46789],[-68.59027,-6.46307],[-68.58752,-6.45929],[-68.58252,-6.45709],[-68.5805,-6.45819],[-68.57959,-6.46179],[-68.5802,-6.46558],[-68.58197,-6.46887],[-68.58789,-6.47162],[-68.59759,-6.47308],[-68.60358,-6.47601],[-68.6065,-6.47967],[-68.60773,-6.48529],[-68.60608,-6.48968],[-68.60071,-6.4939],[-68.59668,-6.49908],[-68.59149,-6.513],[-68.58752,-6.51672],[-68.58288,-6.51691],[-68.57831,-6.51428],[-68.57342,-6.50738],[-68.56921,-6.50378],[-68.55939,-6.50061],[-68.55737,-6.49737],[-68.55768,-6.49463],[-68.56048,-6.4909],[-68.56958,-6.48541],[-68.57141,-6.4834],[-68.57202,-6.48181],[-68.57159,-6.47638],[-68.56817,-6.47247],[-68.56341,-6.46948],[-68.54852,-6.46301],[-68.54059,-6.46191],[-68.53528,-6.46332],[-68.52899,-6.46832],[-68.5274,-6.47302],[-68.52759,-6.47522],[-68.53229,-6.48919],[-68.53192,-6.49139],[-68.5293,-6.49518],[-68.52679,-6.49701],[-68.52398,-6.49768],[-68.51758,-6.49591],[-68.5155,-6.4942],[-68.51239,-6.48968],[-68.50983,-6.48248],[-68.51031,-6.46612],[-68.50928,-6.46338],[-68.50677,-6.46191],[-68.50012,-6.46112],[-68.4964,-6.46228],[-68.49237,-6.46741],[-68.48779,-6.47632],[-68.48541,-6.4779],[-68.48358,-6.47809],[-68.48163,-6.47711],[-68.47778,-6.47162],[-68.47741,-6.46899],[-68.47827,-6.46258],[-68.48199,-6.4527],[-68.48633,-6.4472],[-68.48761,-6.44018],[-68.48682,-6.4378],[-68.48389,-6.43591],[-68.4801,-6.43481],[-68.47851,-6.43512],[-68.4743,-6.43683],[-68.46411,-6.43909],[-68.46069,-6.44153],[-68.46008,-6.44318],[-68.45978,-6.4469],[-68.46148,-6.4516],[-68.47009,-6.46118],[-68.47333,-6.46759],[-68.47388,-6.47021],[-68.47119,-6.47601],[-68.46661,-6.47882],[-68.46301,-6.4798],[-68.45673,-6.4798],[-68.45038,-6.47809],[-68.44141,-6.47168],[-68.43671,-6.47101],[-68.43457,-6.47101],[-68.43219,-6.4721],[-68.42969,-6.47558],[-68.42999,-6.4826],[-68.43451,-6.48889],[-68.4389,-6.49249],[-68.45001,-6.49481],[-68.45679,-6.49798],[-68.45959,-6.5011],[-68.46002,-6.50458],[-68.45868,-6.50751],[-68.45679,-6.50873],[-68.45221,-6.50922],[-68.44671,-6.50763],[-68.43408,-6.4975],[-68.42987,-6.49518],[-68.4259,-6.49438],[-68.42071,-6.49548],[-68.41461,-6.50018],[-68.41217,-6.50519],[-68.41211,-6.51208],[-68.41321,-6.51782],[-68.41669,-6.52722],[-68.41632,-6.52991],[-68.41278,-6.53241],[-68.4082,-6.53259],[-68.4024,-6.52942],[-68.39947,-6.52551],[-68.39691,-6.52051],[-68.3963,-6.51587],[-68.39709,-6.51159],[-68.39978,-6.50818],[-68.40722,-6.50152],[-68.4107,-6.4906],[-68.41168,-6.47998],[-68.41107,-6.46777],[-68.41028,-6.46301],[-68.40582,-6.45532],[-68.39947,-6.45239],[-68.39551,-6.45221],[-68.38971,-6.45319],[-68.3836,-6.45758],[-68.38171,-6.46148],[-68.38129,-6.46478],[-68.3847,-6.48028],[-68.38483,-6.48932],[-68.38379,-6.4956],[-68.38037,-6.50708],[-68.375,-6.5155],[-68.36938,-6.52161],[-68.3659,-6.52411],[-68.35699,-6.52612],[-68.35199,-6.52441],[-68.34759,-6.52051],[-68.34631,-6.51867],[-68.3446,-6.51312],[-68.34491,-6.50928],[-68.34607,-6.50568],[-68.35882,-6.49597],[-68.36212,-6.49109],[-68.36407,-6.48541],[-68.36407,-6.47937],[-68.36011,-6.4704],[-68.35138,-6.45892],[-68.34888,-6.45697],[-68.3465,-6.4563],[-68.34167,-6.4566],[-68.3385,-6.45978],[-68.33679,-6.46429],[-68.33728,-6.47699],[-68.33478,-6.48242],[-68.32867,-6.48688],[-68.31579,-6.49072],[-68.30499,-6.4917],[-68.30078,-6.48993],[-68.29639,-6.4845],[-68.29059,-6.47418],[-68.28802,-6.47333],[-68.28589,-6.47369],[-68.28308,-6.47717],[-68.28351,-6.48089],[-68.29108,-6.49609],[-68.29181,-6.50238],[-68.28961,-6.50799],[-68.28619,-6.5119],[-68.28003,-6.51398],[-68.27667,-6.51349],[-68.27289,-6.5119],[-68.27038,-6.50909],[-68.26849,-6.50659],[-68.26727,-6.5025],[-68.26758,-6.49371],[-68.27209,-6.48297],[-68.27252,-6.47369],[-68.26782,-6.46081],[-68.25983,-6.45062],[-68.25897,-6.44848],[-68.25818,-6.44409],[-68.25989,-6.4389],[-68.26019,-6.4339],[-68.25879,-6.43292],[-68.25677,-6.43292],[-68.24619,-6.44182]],"type":"LineString"},"id":81,"properties":{"cla_icacao":"Navegável","dominio":"União","est_estino":"AM","est_origem":"AM","extensao":473.978645098,"fonte":"LabTrans/Antaq","idantaq":21,"idhidrovia":200002110,"idm_estino":"BR130140","idm_origem":"BR130195","idseq":0,"jurisdicao":"AHIMOC","mun_estino":"Eirunepé","mun_origem":"Itamarati","navegacao":"Navegação Interior","nom_eclusa":null,"nome":"Hidrovia do Juruá","nome_rio":"Rio Juruá","observacao":"Foz no rio Solimões _AM_ até  Marechal Taumaturgo _AC_.","pro_de_max":4.0,"pro_de_min":1.8,"reg_rafica":"Região Hidrográfica Amazônica","snv":"Sim","tempo":"1d 23h 23min","tipo":"Rio","vel_cional":10.0},"type":"Feature"},{"bbox":[-72.578681,-7.560973,-71.693587,-7.054381],"geometry":{"coordinates":[[-72.57868,-7.54864],[-72.57031,-7.5412],[-72.55957,-7.539],[-72.55548,-7.539],[-72.5506,-7.54089],[-72.5495,-7.54059],[-72.5484,-7.53821],[-72.54938,-7.53637],[-72.55627,-7.53198],[-72.55749,-7.52978],[-72.55701,-7.5274],[-72.5545,-7.52569],[-72.55151,-7.5263],[-72.54791,-7.53259],[-72.54339,-7.53631],[-72.53998,-7.53717],[-72.53778,-7.53668],[-72.5365,-7.53491],[-72.5365,-7.53332],[-72.53912,-7.52661],[-72.53857,-7.5249],[-72.53058,-7.5227],[-72.52832,-7.51788],[-72.52618,-7.51611],[-72.52508,-7.51617],[-72.52331,-7.51678],[-72.52191,-7.5188],[-72.5227,-7.52429],[-72.5224,-7.5293],[-72.51892,-7.5448],[-72.5191,-7.54718],[-72.52197,-7.55292],[-72.5216,-7.5553],[-72.5188,-7.56018],[-72.51489,-7.56097],[-72.51208,-7.55798],[-72.51587,-7.54602],[-72.51361,-7.54291],[-72.50848,-7.54169],[-72.49597,-7.5437],[-72.4931,-7.54309],[-72.49127,-7.5412],[-72.4884,-7.53332],[-72.4862,-7.53271],[-72.48279,-7.53351],[-72.48041,-7.53271],[-72.48028,-7.53021],[-72.4837,-7.52588],[-72.4845,-7.52362],[-72.48401,-7.52142],[-72.48242,-7.51941],[-72.48022,-7.51831],[-72.47809,-7.51837],[-72.46631,-7.52081],[-72.46301,-7.51898],[-72.4624,-7.5166],[-72.46289,-7.51391],[-72.46692,-7.50818],[-72.46722,-7.50012],[-72.47009,-7.49829],[-72.47748,-7.49627],[-72.4787,-7.49487],[-72.47839,-7.49182],[-72.47601,-7.48999],[-72.46118,-7.48828],[-72.45679,-7.48608],[-72.45398,-7.48291],[-72.45349,-7.47998],[-72.45569,-7.4718],[-72.45538,-7.47027],[-72.45349,-7.46918],[-72.44531,-7.47027],[-72.44391,-7.4685],[-72.44427,-7.46631],[-72.44659,-7.46417],[-72.45648,-7.4657],[-72.46161,-7.46399],[-72.46332,-7.4613],[-72.46271,-7.45959],[-72.45978,-7.45819],[-72.44928,-7.4621],[-72.44629,-7.4621],[-72.43292,-7.4552],[-72.43249,-7.453],[-72.4331,-7.45148],[-72.43658,-7.44769],[-72.43579,-7.44513],[-72.4339,-7.44391],[-72.43011,-7.44348],[-72.42139,-7.44049],[-72.4176,-7.43872],[-72.41699,-7.43738],[-72.41888,-7.43451],[-72.4234,-7.43359],[-72.42609,-7.43469],[-72.43182,-7.43927],[-72.4339,-7.4397],[-72.43561,-7.4378],[-72.43591,-7.43591],[-72.43231,-7.4295],[-72.42792,-7.42657],[-72.41858,-7.42389],[-72.41681,-7.42212],[-72.41412,-7.4151],[-72.4115,-7.41498],[-72.4046,-7.4209],[-72.4013,-7.4198],[-72.39917,-7.41669],[-72.39929,-7.41369],[-72.4035,-7.40838],[-72.40417,-7.40631],[-72.40222,-7.40332],[-72.40021,-7.4024],[-72.39441,-7.40271],[-72.39331,-7.40198],[-72.39239,-7.39978],[-72.39337,-7.39148],[-72.39148,-7.39007],[-72.38867,-7.3905],[-72.38299,-7.39441],[-72.38141,-7.39752],[-72.38129,-7.40558],[-72.38019,-7.40662],[-72.37762,-7.40588],[-72.37622,-7.4035],[-72.37561,-7.39837],[-72.37628,-7.3941],[-72.37878,-7.388],[-72.37848,-7.38537],[-72.3753,-7.38269],[-72.36889,-7.38],[-72.36481,-7.37561],[-72.3598,-7.37268],[-72.35998,-7.37158],[-72.36157,-7.37091],[-72.36621,-7.36999],[-72.36877,-7.36719],[-72.3703,-7.36401],[-72.37109,-7.35968],[-72.36841,-7.35101],[-72.37189,-7.3479],[-72.3728,-7.34601],[-72.3681,-7.3421],[-72.3595,-7.33697],[-72.35351,-7.32849],[-72.33801,-7.31897],[-72.3374,-7.31628],[-72.33807,-7.31311],[-72.34149,-7.30279],[-72.34741,-7.29718],[-72.34772,-7.29498],[-72.3457,-7.29388],[-72.3432,-7.29388],[-72.33191,-7.29742],[-72.32922,-7.2973],[-72.3277,-7.29608],[-72.3277,-7.29211],[-72.33148,-7.28619],[-72.3302,-7.2843],[-72.3258,-7.28137],[-72.32928,-7.2746],[-72.32788,-7.26977],[-72.32861,-7.26813],[-72.33099,-7.2677],[-72.33478,-7.26941],[-72.341,-7.27801],[-72.34479,-7.27759],[-72.34692,-7.27508],[-72.34601,-7.27087],[-72.3432,-7.26648],[-72.341,-7.26098],[-72.33429,-7.25531],[-72.33551,-7.25018],[-72.33423,-7.2489],[-72.32977,-7.24829],[-72.32721,-7.2492],[-72.32129,-7.25488],[-72.31622,-7.25751],[-72.31329,-7.25598],[-72.31219,-7.25372],[-72.31091,-7.24658],[-72.30188,-7.24261],[-72.30121,-7.24011],[-72.3034,-7.23498],[-72.30298,-7.23291],[-72.2868,-7.23559],[-72.27759,-7.23871],[-72.26471,-7.24078],[-72.25281,-7.2439],[-72.24988,-7.242],[-72.24878,-7.23669],[-72.24921,-7.23151],[-72.2489,-7.23041],[-72.24737,-7.23041],[-72.22497,-7.23791],[-72.22027,-7.2417],[-72.21753,-7.2478],[-72.2157,-7.24908],[-72.21258,-7.24829],[-72.20679,-7.24408],[-72.20569,-7.23712],[-72.20459,-7.23578],[-72.20227,-7.23529],[-72.1961,-7.23657],[-72.19238,-7.24017],[-72.19379,-7.24841],[-72.19311,-7.2514],[-72.19,-7.2525],[-72.18817,-7.2522],[-72.18079,-7.2475],[-72.17438,-7.24481],[-72.17352,-7.24267],[-72.17389,-7.23871],[-72.17572,-7.23608],[-72.1792,-7.23327],[-72.18017,-7.23028],[-72.1795,-7.22772],[-72.17718,-7.22443],[-72.17389,-7.22198],[-72.16827,-7.22052],[-72.16138,-7.2207],[-72.15527,-7.21887],[-72.13208,-7.22192],[-72.12939,-7.22088],[-72.12219,-7.21338],[-72.11871,-7.21179],[-72.11621,-7.21228],[-72.11377,-7.21417],[-72.11133,-7.22162],[-72.10962,-7.22302],[-72.10522,-7.22278],[-72.10217,-7.22119],[-72.10028,-7.21863],[-72.09881,-7.21289],[-72.09808,-7.20099],[-72.09668,-7.19867],[-72.09527,-7.19818],[-72.0918,-7.1983],[-72.09021,-7.19928],[-72.08838,-7.20221],[-72.08899,-7.20819],[-72.09607,-7.22027],[-72.0946,-7.22351],[-72.09228,-7.22449],[-72.091,-7.22418],[-72.08868,-7.2218],[-72.08789,-7.21319],[-72.08551,-7.20532],[-72.07928,-7.19922],[-72.0733,-7.19128],[-72.07147,-7.19012],[-72.06909,-7.18951],[-72.06457,-7.19171],[-72.06219,-7.1961],[-72.06122,-7.19989],[-72.06201,-7.2027],[-72.06347,-7.20361],[-72.07178,-7.20361],[-72.07458,-7.2063],[-72.07519,-7.21069],[-72.07361,-7.2121],[-72.06012,-7.21161],[-72.05157,-7.21478],[-72.04822,-7.21399],[-72.04748,-7.21087],[-72.05377,-7.20471],[-72.05499,-7.20257],[-72.05517,-7.20019],[-72.05231,-7.19818],[-72.04809,-7.19983],[-72.044,-7.20898],[-72.04169,-7.21179],[-72.03827,-7.21307],[-72.0354,-7.21258],[-72.0321,-7.2088],[-72.03241,-7.19928],[-72.03149,-7.19641],[-72.02917,-7.19598],[-72.02392,-7.19971],[-72.02051,-7.2005],[-72.01861,-7.19983],[-72.0155,-7.19598],[-72.01471,-7.1911],[-72.01538,-7.1889],[-72.0202,-7.18249],[-72.02032,-7.17987],[-72.018,-7.17871],[-72.01453,-7.17908],[-72.01159,-7.1814],[-72.00909,-7.1875],[-72.00769,-7.1983],[-72.00531,-7.20129],[-72.00329,-7.20221],[-71.99829,-7.20257],[-71.98981,-7.2016],[-71.98181,-7.19769],[-71.97198,-7.19549],[-71.96881,-7.1933],[-71.96631,-7.19379],[-71.96618,-7.19702],[-71.96869,-7.20257],[-71.9682,-7.2063],[-71.96429,-7.20801],[-71.95758,-7.20581],[-71.95489,-7.20617],[-71.95367,-7.20819],[-71.9544,-7.211],[-71.95892,-7.21698],[-71.9591,-7.2185],[-71.95752,-7.22149],[-71.95618,-7.22223],[-71.95178,-7.22339],[-71.94879,-7.22259],[-71.94531,-7.21869],[-71.9447,-7.21332],[-71.94263,-7.20959],[-71.9342,-7.2008],[-71.9306,-7.20221],[-71.92798,-7.20978],[-71.9259,-7.21197],[-71.92187,-7.21142],[-71.9198,-7.20929],[-71.91522,-7.20691],[-71.91461,-7.20532],[-71.91571,-7.2038],[-71.92517,-7.20172],[-71.92932,-7.19861],[-71.93079,-7.19647],[-71.93139,-7.19379],[-71.9292,-7.1911],[-71.92029,-7.18982],[-71.91278,-7.18609],[-71.90887,-7.18561],[-71.90411,-7.19262],[-71.89447,-7.1983],[-71.89258,-7.19848],[-71.89081,-7.1961],[-71.89069,-7.19269],[-71.89337,-7.1839],[-71.89319,-7.18219],[-71.89081,-7.17987],[-71.88721,-7.17932],[-71.87793,-7.18042],[-71.87201,-7.17871],[-71.86798,-7.1784],[-71.86011,-7.18079],[-71.85779,-7.18079],[-71.85077,-7.17877],[-71.8454,-7.17908],[-71.84338,-7.17761],[-71.84198,-7.17023],[-71.83868,-7.16809],[-71.83569,-7.16998],[-71.83459,-7.17492],[-71.83539,-7.17743],[-71.83697,-7.17901],[-71.84271,-7.18298],[-71.84241,-7.18518],[-71.83978,-7.18707],[-71.83801,-7.1875],[-71.83362,-7.1867],[-71.83191,-7.18548],[-71.82709,-7.17828],[-71.82379,-7.17749],[-71.81879,-7.17822],[-71.81671,-7.17749],[-71.81653,-7.17541],[-71.81799,-7.1734],[-71.82409,-7.17169],[-71.82629,-7.17029],[-71.82648,-7.16901],[-71.8255,-7.16681],[-71.82049,-7.16528],[-71.81091,-7.16962],[-71.8092,-7.1698],[-71.80609,-7.16821],[-71.80438,-7.16553],[-71.80438,-7.1618],[-71.8053,-7.15997],[-71.8125,-7.15308],[-71.8125,-7.1513],[-71.81091,-7.1485],[-71.80579,-7.14758],[-71.79748,-7.15228],[-71.794,-7.1532],[-71.7923,-7.15259],[-71.79162,-7.15149],[-71.79138,-7.14801],[-71.79431,-7.14429],[-71.79742,-7.14282],[-71.8045,-7.14221],[-71.80591,-7.14148],[-71.8067,-7.1391],[-71.80371,-7.13751],[-71.79968,-7.13733],[-71.79639,-7.1391],[-71.79162,-7.14331],[-71.7887,-7.14349],[-71.78692,-7.1427],[-71.78369,-7.13678],[-71.78241,-7.12817],[-71.7807,-7.12372],[-71.7782,-7.12189],[-71.77362,-7.1206],[-71.76599,-7.11493],[-71.75787,-7.1112],[-71.755,-7.10901],[-71.75458,-7.10541],[-71.7569,-7.10162],[-71.75958,-7.08838],[-71.7594,-7.0849],[-71.7586,-7.08398],[-71.75329,-7.08411],[-71.7409,-7.0932],[-71.74078,-7.0971],[-71.74841,-7.10358],[-71.74768,-7.10663],[-71.74627,-7.10742],[-71.7428,-7.1076],[-71.73602,-7.10669],[-71.7334,-7.1048],[-71.7323,-7.10248],[-71.73242,-7.10052],[-71.73279,-7.09918],[-71.73749,-7.09399],[-71.73901,-7.08771],[-71.7362,-7.08179],[-71.72998,-7.07471],[-71.72931,-7.0722],[-71.72961,-7.07123],[-71.7315,-7.07049],[-71.73431,-7.07037],[-71.7381,-7.07367],[-71.74078,-7.08069],[-71.74371,-7.0813],[-71.74542,-7.08008],[-71.74621,-7.07648],[-71.7456,-7.07318],[-71.74359,-7.06952],[-71.74011,-7.06677],[-71.73779,-7.06628],[-71.72803,-7.06671],[-71.72058,-7.06561],[-71.71527,-7.0661],[-71.7077,-7.0683],[-71.70459,-7.06579],[-71.70148,-7.0581],[-71.69989,-7.05621],[-71.69659,-7.05438],[-71.69359,-7.0546]],"type":"LineString"},"id":82,"properties":{"cla_icacao":"Navegação sazonal","dominio":"União","est_estino":"AM","est_origem":"AM","extensao":247.175858544,"fonte":"LabTrans/Antaq","idantaq":21,"idhidrovia":200002111,"idm_estino":"BR130165","idm_origem":"BR130180","idseq":0,"jurisdicao":"AHIMOC","mun_estino":"Guajará","mun_origem":"Ipixuna","navegacao":"Navegação Interior","nom_eclusa":null,"nome":"Hidrovia do Juruá","nome_rio":"Rio Juruá","observacao":"Foz no rio Solimões _AM_ até  Marechal Taumaturgo _AC_.","pro_de_max":4.0,"pro_de_min":1.8,"reg_rafica":"Região Hidrográfica Amazônica","snv":"Sim","tempo":"1d 0h 43min","tipo":"Rio","vel_cional":10.0},"type":"Feature"},{"bbox":[-72.666691,-7.647704,-72.578681,-7.548639],"geometry":{"coordinates":[[-72.66669,-7.63976],[-72.65875,-7.63299],[-72.65479,-7.63314],[-72.6466,-7.63818],[-72.63971,-7.64728],[-72.6383,-7.6477],[-72.63708,-7.64709],[-72.63629,-7.64459],[-72.63678,-7.64288],[-72.64288,-7.63568],[-72.64618,-7.62781],[-72.64978,-7.62292],[-72.64972,-7.62158],[-72.64038,-7.61938],[-72.63098,-7.61462],[-72.62781,-7.612],[-72.6261,-7.60968],[-72.62518,-7.60419],[-72.62842,-7.5968],[-72.62829,-7.59412],[-72.61761,-7.58429],[-72.61328,-7.58142],[-72.60309,-7.5766],[-72.59839,-7.57178],[-72.59619,-7.5683],[-72.59479,-7.5675],[-72.5874,-7.5711],[-72.58533,-7.5711],[-72.58331,-7.56848],[-72.5824,-7.56421],[-72.58349,-7.55249],[-72.57868,-7.54864]],"type":"LineString"},"id":83,"properties":{"cla_icacao":"Navegação sazonal","dominio":"União","est_estino":"AC","est_origem":"AM","extensao":21.2059617841,"fonte":"LabTrans/Antaq","idantaq":21,"idhidrovia":200002112,"idm_estino":"BR120020","idm_origem":"BR130165","idseq":0,"jurisdicao":"AHIMOC","mun_estino":"Cruzeiro do Sul","mun_origem":"Guajará","navegacao":"Navegação Interior","nom_eclusa":null,"nome":"Hidrovia do Juruá","nome_rio":"Rio Juruá","observacao":"Foz no rio Solimões _AM_ até  Marechal Taumaturgo _AC_.","pro_de_max":4.0,"pro_de_min":1.8,"reg_rafica":"Região Hidrográfica Amazônica","snv":"Sim","tempo":"0d 2h 7min","tipo":"Rio","vel_cional":10.0},"type":"Feature"},{"bbox":[-61.477904,-3.894205,-61.370299,-3.677428],"geometry":{"coordinates":[[-61.37795,-3.8942],[-61.37311,-3.88721],[-61.37048,-3.8811],[-61.3703,-3.87378],[-61.37677,-3.86291],[-61.39648,-3.84259],[-61.4032,-3.83368],[-61.40899,-3.82342],[-61.41931,-3.80109],[-61.43121,-3.76361],[-61.43731,-3.74939],[-61.45849,-3.71692],[-61.46741,-3.70111],[-61.47229,-3.68847],[-61.4779,-3.67743]],"type":"LineString"},"id":84,"properties":{"cla_icacao":"Navegável","dominio":"União","est_estino":"AM","est_origem":"AM","extensao":27.5283495121,"fonte":"ANA/Antaq","idantaq":2,"idhidrovia":200002113,"idm_estino":"BR130063","idm_origem":"BR130008","idseq":0,"jurisdicao":"AHIMOC","mun_estino":"Beruri","mun_origem":"Anamã","navegacao":"Navegação Interior","nom_eclusa":null,"nome":"Hidrovia do Solimões","nome_rio":"Rio Purus","observacao":"Foz no rio Solimões _AM_ até cidade de Manoel Urbano _AC_.","pro_de_max":6.0,"pro_de_min":2.3,"reg_rafica":"Região Hidrográfica Amazônica","snv":"Sim","tempo":"0d 2h 45min","tipo":"Rio","vel_cional":10.0},"type":"Feature"},{"bbox":[-63.204283,-5.617934,-61.377948,-3.894205],"geometry":{"coordinates":[[-63.18956,-5.61793],[-63.18772,-5.61423],[-63.1871,-5.6089],[-63.1875,-5.58838],[-63.19098,-5.57709],[-63.19641,-5.56543],[-63.20038,-5.5589],[-63.20398,-5.54999],[-63.20428,-5.5423],[-63.20288,-5.53601],[-63.19769,-5.52991],[-63.19421,-5.52777],[-63.18219,-5.5235],[-63.17322,-5.52179],[-63.1654,-5.52179],[-63.15869,-5.52301],[-63.14728,-5.52771],[-63.13898,-5.53522],[-63.13251,-5.5448],[-63.12658,-5.54962],[-63.12018,-5.55182],[-63.11438,-5.55139],[-63.10937,-5.54931],[-63.10742,-5.54687],[-63.10449,-5.5376],[-63.10449,-5.53387],[-63.10919,-5.5213],[-63.11157,-5.51221],[-63.11517,-5.50488],[-63.12042,-5.49988],[-63.12799,-5.4942],[-63.13629,-5.48993],[-63.1582,-5.48352],[-63.16522,-5.48089],[-63.17047,-5.47717],[-63.17322,-5.47223],[-63.17419,-5.4668],[-63.17438,-5.46118],[-63.17261,-5.4538],[-63.16711,-5.44488],[-63.16058,-5.43927],[-63.15271,-5.43518],[-63.14447,-5.43469],[-63.13519,-5.43689],[-63.11529,-5.45068],[-63.10901,-5.45099],[-63.10199,-5.44751],[-63.09381,-5.44122],[-63.086,-5.42871],[-63.08398,-5.4198],[-63.08392,-5.41052],[-63.08569,-5.3949],[-63.08288,-5.388],[-63.07739,-5.38348],[-63.0694,-5.3811],[-63.06311,-5.38141],[-63.05267,-5.38708],[-63.04822,-5.3949],[-63.04431,-5.40613],[-63.044,-5.42029],[-63.04291,-5.42529],[-63.039,-5.43121],[-63.03418,-5.43341],[-63.02881,-5.43268],[-63.02142,-5.42871],[-63.01361,-5.41998],[-63.005,-5.41357],[-62.99591,-5.41137],[-62.98657,-5.41412],[-62.98028,-5.41699],[-62.97198,-5.42547],[-62.96399,-5.43127],[-62.95428,-5.43548],[-62.94519,-5.4339],[-62.94092,-5.43091],[-62.93768,-5.42749],[-62.93377,-5.41882],[-62.93341,-5.41199],[-62.93561,-5.40271],[-62.94012,-5.39508],[-62.94879,-5.38922],[-62.95831,-5.38659],[-62.96619,-5.38721],[-62.97387,-5.39007],[-62.97778,-5.39239],[-62.98309,-5.39239],[-62.98712,-5.3894],[-62.98871,-5.38348],[-62.99121,-5.35748],[-62.99011,-5.34869],[-62.98822,-5.34131],[-62.98498,-5.33691],[-62.97461,-5.33191],[-62.96881,-5.33117],[-62.96142,-5.33179],[-62.95441,-5.33411],[-62.93079,-5.34729],[-62.9234,-5.34869],[-62.91577,-5.34418],[-62.91418,-5.34058],[-62.91388,-5.33569],[-62.9154,-5.33111],[-62.9176,-5.32641],[-62.92242,-5.32013],[-62.9248,-5.31549],[-62.9267,-5.30108],[-62.9259,-5.29608],[-62.92187,-5.28442],[-62.91687,-5.27643],[-62.91272,-5.2677],[-62.91278,-5.25799],[-62.91461,-5.25091],[-62.9176,-5.24627],[-62.92468,-5.24292],[-62.94848,-5.24072],[-62.9527,-5.23718],[-62.95453,-5.23138],[-62.95459,-5.22638],[-62.95129,-5.2193],[-62.9469,-5.21558],[-62.92981,-5.2088],[-62.92309,-5.20471],[-62.91803,-5.19861],[-62.9154,-5.19171],[-62.91589,-5.18481],[-62.92029,-5.17529],[-62.9267,-5.1698],[-62.93457,-5.1665],[-62.94928,-5.16443],[-62.96521,-5.164],[-62.98132,-5.16571],[-62.99261,-5.16601],[-62.9975,-5.16302],[-63.00201,-5.15698],[-63.00409,-5.15002],[-63.00122,-5.14001],[-62.98108,-5.12012],[-62.97699,-5.10687],[-62.97632,-5.09381],[-62.9751,-5.08807],[-62.9718,-5.08282],[-62.95959,-5.07202],[-62.9508,-5.06708],[-62.93072,-5.06128],[-62.9284,-5.05877],[-62.92853,-5.05432],[-62.93072,-5.04999],[-62.93079,-5.0473],[-62.92822,-5.0462],[-62.92279,-5.04651],[-62.91211,-5.04449],[-62.8949,-5.0343],[-62.88989,-5.02838],[-62.88568,-5.02142],[-62.88208,-5.01208],[-62.88098,-5.00568],[-62.88177,-5.00049],[-62.88458,-4.99237],[-62.88898,-4.98572],[-62.89429,-4.98022],[-62.90631,-4.96148],[-62.91217,-4.95569],[-62.91888,-4.95428],[-62.94171,-4.95862],[-62.94549,-4.95819],[-62.94848,-4.95441],[-62.94909,-4.94952],[-62.94751,-4.9447],[-62.94201,-4.9389],[-62.92999,-4.93329],[-62.9096,-4.92761],[-62.90228,-4.9237],[-62.89929,-4.92041],[-62.89337,-4.91101],[-62.89111,-4.90289],[-62.89368,-4.88208],[-62.89368,-4.87793],[-62.89111,-4.8739],[-62.88489,-4.86902],[-62.87219,-4.8634],[-62.85998,-4.86139],[-62.83319,-4.86218],[-62.81482,-4.86377],[-62.7868,-4.86841],[-62.77399,-4.86902],[-62.76489,-4.86749],[-62.75909,-4.86481],[-62.75628,-4.86011],[-62.74988,-4.84552],[-62.74768,-4.84192],[-62.7439,-4.8388],[-62.73541,-4.8374],[-62.7251,-4.84082],[-62.7207,-4.84387],[-62.71649,-4.8515],[-62.70727,-4.87811],[-62.7041,-4.89069],[-62.7055,-4.90289],[-62.70911,-4.91107],[-62.71558,-4.91949],[-62.72369,-4.92517],[-62.73938,-4.93298],[-62.74591,-4.9375],[-62.75091,-4.9444],[-62.75409,-4.95111],[-62.75378,-4.95617],[-62.75207,-4.96179],[-62.74719,-4.96997],[-62.73828,-4.9751],[-62.72931,-4.97638],[-62.7182,-4.97461],[-62.70941,-4.97101],[-62.7008,-4.96368],[-62.69141,-4.95129],[-62.68921,-4.94348],[-62.68762,-4.92749],[-62.68377,-4.91632],[-62.67767,-4.9093],[-62.67279,-4.90552],[-62.66589,-4.9032],[-62.64868,-4.90039],[-62.6405,-4.89709],[-62.63733,-4.89252],[-62.63482,-4.8858],[-62.63519,-4.87689],[-62.63818,-4.87097],[-62.6452,-4.86548],[-62.65552,-4.86011],[-62.66101,-4.85467],[-62.66247,-4.84723],[-62.66168,-4.83807],[-62.65899,-4.82941],[-62.65839,-4.82037],[-62.66278,-4.80951],[-62.66711,-4.80279],[-62.67853,-4.7937],[-62.68219,-4.78918],[-62.68341,-4.78338],[-62.68127,-4.77691],[-62.6756,-4.77118],[-62.66937,-4.7677],[-62.6579,-4.7652],[-62.64429,-4.76599],[-62.6322,-4.77008],[-62.6217,-4.77649],[-62.61108,-4.78619],[-62.57977,-4.82751],[-62.5744,-4.8313],[-62.5683,-4.83392],[-62.55987,-4.83447],[-62.55371,-4.83227],[-62.54669,-4.8266],[-62.54077,-4.81799],[-62.53918,-4.80792],[-62.53912,-4.79999],[-62.54107,-4.79169],[-62.54028,-4.7807],[-62.53851,-4.77569],[-62.53399,-4.77038],[-62.5285,-4.76813],[-62.52118,-4.76788],[-62.5133,-4.77118],[-62.50879,-4.77643],[-62.50458,-4.7843],[-62.4975,-4.802],[-62.49139,-4.81231],[-62.48431,-4.81891],[-62.47662,-4.82147],[-62.47149,-4.8211],[-62.46411,-4.81787],[-62.45972,-4.81421],[-62.45691,-4.8103],[-62.4563,-4.79907],[-62.4588,-4.79352],[-62.46271,-4.78888],[-62.47571,-4.78039],[-62.48218,-4.77521],[-62.49518,-4.7619],[-62.49933,-4.75641],[-62.50049,-4.75171],[-62.50018,-4.74512],[-62.4975,-4.74017],[-62.49341,-4.73633],[-62.48797,-4.73358],[-62.48041,-4.73309],[-62.4754,-4.7345],[-62.46948,-4.73981],[-62.46679,-4.74402],[-62.4621,-4.75458],[-62.45898,-4.75897],[-62.453,-4.76269],[-62.44513,-4.76349],[-62.4353,-4.76092],[-62.42999,-4.75769],[-62.42328,-4.75549],[-62.4151,-4.75482],[-62.3855,-4.7655],[-62.37561,-4.76599],[-62.36572,-4.76379],[-62.3612,-4.7605],[-62.3584,-4.75537],[-62.35687,-4.74689],[-62.3548,-4.74219],[-62.3501,-4.73962],[-62.34552,-4.7395],[-62.34198,-4.742],[-62.3399,-4.74591],[-62.3374,-4.75738],[-62.33288,-4.76147],[-62.32727,-4.76349],[-62.31732,-4.76202],[-62.3111,-4.75952],[-62.30591,-4.75348],[-62.30322,-4.74823],[-62.30279,-4.74341],[-62.30401,-4.73608],[-62.3067,-4.7279],[-62.31,-4.72339],[-62.31122,-4.71918],[-62.31048,-4.71411],[-62.30713,-4.71148],[-62.29999,-4.71252],[-62.29431,-4.71698],[-62.27917,-4.73559],[-62.27258,-4.74139],[-62.26532,-4.74432],[-62.25732,-4.74518],[-62.23797,-4.73962],[-62.2315,-4.73871],[-62.22571,-4.7395],[-62.21979,-4.74249],[-62.2135,-4.74841],[-62.20642,-4.7536],[-62.20239,-4.75512],[-62.19739,-4.75561],[-62.1922,-4.7536],[-62.18433,-4.74451],[-62.18017,-4.74103],[-62.1618,-4.73633],[-62.15387,-4.73187],[-62.14038,-4.72058],[-62.1275,-4.71332],[-62.11407,-4.7016],[-62.1098,-4.69562],[-62.09637,-4.66327],[-62.091,-4.65399],[-62.07159,-4.63171],[-62.06891,-4.6253],[-62.06799,-4.61578],[-62.06817,-4.60827],[-62.06982,-4.59802],[-62.06988,-4.59192],[-62.06781,-4.58069],[-62.06732,-4.56659],[-62.07098,-4.5404],[-62.07129,-4.52801],[-62.0675,-4.51703],[-62.05847,-4.50421],[-62.04639,-4.4992],[-62.02942,-4.49872],[-62.01111,-4.49109],[-61.99359,-4.48871],[-61.98602,-4.4862],[-61.98108,-4.48218],[-61.97809,-4.4776],[-61.97748,-4.47131],[-61.98071,-4.46258],[-61.98578,-4.45752],[-61.99261,-4.45428],[-61.99878,-4.453],[-62.00671,-4.45288],[-62.01428,-4.45508],[-62.02069,-4.45929],[-62.0282,-4.46649],[-62.0329,-4.47229],[-62.03601,-4.4776],[-62.0437,-4.4845],[-62.04931,-4.48578],[-62.0564,-4.48572],[-62.06347,-4.48273],[-62.0661,-4.4798],[-62.07031,-4.46832],[-62.07001,-4.46118],[-62.0672,-4.45288],[-62.06158,-4.4461],[-62.05218,-4.44049],[-62.03699,-4.43512],[-62.02338,-4.41778],[-62.01379,-4.40149],[-62.0086,-4.39441],[-62.00097,-4.38659],[-61.99298,-4.3819],[-61.98559,-4.38012],[-61.9765,-4.38049],[-61.96942,-4.38391],[-61.96039,-4.38977],[-61.95349,-4.39691],[-61.92511,-4.4093],[-61.9165,-4.41199],[-61.9082,-4.41009],[-61.90033,-4.40582],[-61.89337,-4.3977],[-61.88788,-4.38611],[-61.88598,-4.37848],[-61.88879,-4.36938],[-61.89569,-4.35718],[-61.8963,-4.35071],[-61.89349,-4.34497],[-61.88647,-4.33911],[-61.87848,-4.33508],[-61.87329,-4.33081],[-61.8714,-4.32702],[-61.87018,-4.3211],[-61.87298,-4.2973],[-61.87121,-4.29327],[-61.86719,-4.28827],[-61.85901,-4.28479],[-61.85309,-4.28552],[-61.82922,-4.29681],[-61.81982,-4.297],[-61.8125,-4.29291],[-61.78821,-4.2699],[-61.77392,-4.25873],[-61.76239,-4.25152],[-61.7373,-4.24481],[-61.71942,-4.2456],[-61.70587,-4.25122],[-61.69012,-4.25439],[-61.67602,-4.2503],[-61.6441,-4.21612],[-61.62671,-4.19458],[-61.59046,-4.14405],[-61.58371,-4.1287],[-61.57397,-4.09588],[-61.56618,-4.07636],[-61.54291,-4.04779],[-61.50207,-4.00451],[-61.4826,-3.98791],[-61.46368,-3.95941],[-61.44922,-3.9425],[-61.43188,-3.92779],[-61.41882,-3.9154],[-61.39728,-3.906],[-61.37872,-3.89532],[-61.37795,-3.8942]],"type":"LineString"},"id":85,"properties":{"cla_icacao":"Navegável","dominio":"União","est_estino":"AM","est_origem":"AM","extensao":522.688281442,"fonte":"ANA/Antaq","idantaq":2,"idhidrovia":200002114,"idm_estino":"BR130410","idm_origem":"BR130063","idseq":0,"jurisdicao":"AHIMOC","mun_estino":"Tapauá","mun_origem":"Beruri","navegacao":"Navegação Interior","nom_eclusa":null,"nome":"Hidrovia do Solimões","nome_rio":"Rio Purus","observacao":"Foz no rio Solimões _AM_ até cidade de Manoel Urbano _AC_.","pro_de_max":6.0,"pro_de_min":2.3,"reg_rafica":"Região Hidrográfica Amazônica","snv":"Sim","tempo":"2d 4h 16min","tipo":"Rio","vel_cional":10.0},"type":"Feature"},{"bbox":[-64.494994,-6.538207,-63.189559,-5.543517],"geometry":{"coordinates":[[-64.38108,-6.53732],[-64.37402,-6.53369],[-64.36481,-6.5318],[-64.341,-6.53802],[-64.33539,-6.53821],[-64.33313,-6.53662],[-64.32989,-6.53149],[-64.33069,-6.51239],[-64.33038,-6.50848],[-64.32819,-6.50128],[-64.32611,-6.49823],[-64.32312,-6.49609],[-64.31061,-6.49048],[-64.30719,-6.48419],[-64.30688,-6.47369],[-64.31201,-6.45929],[-64.31598,-6.45257],[-64.3172,-6.44281],[-64.31659,-6.4397],[-64.31372,-6.435],[-64.30188,-6.4295],[-64.28851,-6.4256],[-64.28448,-6.42187],[-64.2829,-6.41858],[-64.28222,-6.41479],[-64.2829,-6.40521],[-64.2865,-6.39801],[-64.29547,-6.3894],[-64.30652,-6.3847],[-64.32379,-6.38098],[-64.3269,-6.37872],[-64.32812,-6.37481],[-64.32849,-6.36438],[-64.32709,-6.36041],[-64.32178,-6.35431],[-64.30548,-6.34588],[-64.302,-6.3407],[-64.30109,-6.33478],[-64.302,-6.33081],[-64.31109,-6.31378],[-64.31097,-6.31109],[-64.30933,-6.30829],[-64.30548,-6.30481],[-64.29938,-6.30371],[-64.294,-6.3067],[-64.28827,-6.31848],[-64.2818,-6.32202],[-64.27911,-6.3208],[-64.2774,-6.31781],[-64.27661,-6.31579],[-64.27692,-6.30877],[-64.28479,-6.29358],[-64.28699,-6.28229],[-64.2857,-6.27008],[-64.28332,-6.26391],[-64.27991,-6.26092],[-64.26629,-6.25818],[-64.263,-6.2569],[-64.2594,-6.25421],[-64.25873,-6.25122],[-64.2583,-6.22418],[-64.25567,-6.21258],[-64.24921,-6.19238],[-64.24823,-6.18072],[-64.25451,-6.16919],[-64.25989,-6.16559],[-64.26703,-6.16339],[-64.27179,-6.1604],[-64.27447,-6.156],[-64.2763,-6.14972],[-64.27557,-6.13171],[-64.2771,-6.12311],[-64.2782,-6.1048],[-64.27978,-6.1026],[-64.2821,-6.10052],[-64.28552,-6.099],[-64.29101,-6.09967],[-64.29461,-6.104],[-64.29828,-6.11407],[-64.30041,-6.11731],[-64.3031,-6.11938],[-64.30658,-6.12073],[-64.31518,-6.1189],[-64.31879,-6.11651],[-64.32251,-6.10968],[-64.32342,-6.10571],[-64.32287,-6.09778],[-64.32049,-6.09241],[-64.31817,-6.0899],[-64.31,-6.08368],[-64.30371,-6.08081],[-64.2821,-6.07361],[-64.2782,-6.06982],[-64.27643,-6.06329],[-64.27661,-6.05871],[-64.27777,-6.05481],[-64.28009,-6.05157],[-64.2843,-6.0487],[-64.29138,-6.04669],[-64.30029,-6.04889],[-64.30627,-6.05169],[-64.31848,-6.06299],[-64.32428,-6.06628],[-64.3277,-6.06671],[-64.3316,-6.06671],[-64.33612,-6.06543],[-64.33917,-6.06329],[-64.34259,-6.05798],[-64.34363,-6.04919],[-64.34131,-6.04089],[-64.341,-6.03699],[-64.3421,-6.0177],[-64.341,-6.00922],[-64.33948,-6.00598],[-64.3363,-6.00342],[-64.32031,-5.99548],[-64.31311,-5.99072],[-64.30969,-5.98767],[-64.30609,-5.98071],[-64.30579,-5.97619],[-64.30731,-5.97058],[-64.31341,-5.95929],[-64.31567,-5.94641],[-64.32049,-5.93628],[-64.32409,-5.93231],[-64.32819,-5.93127],[-64.33252,-5.93121],[-64.33722,-5.9331],[-64.3421,-5.9367],[-64.34991,-5.93872],[-64.35358,-5.93817],[-64.3562,-5.93689],[-64.35791,-5.93469],[-64.36023,-5.92798],[-64.36078,-5.922],[-64.36298,-5.9176],[-64.36468,-5.91638],[-64.3706,-5.91748],[-64.37433,-5.92309],[-64.37421,-5.92828],[-64.37158,-5.93377],[-64.36713,-5.9538],[-64.36371,-5.96112],[-64.35998,-5.96637],[-64.3587,-5.9704],[-64.35962,-5.97497],[-64.36322,-5.97778],[-64.36621,-5.97809],[-64.37298,-5.97619],[-64.37781,-5.96887],[-64.38031,-5.96069],[-64.38,-5.953],[-64.3764,-5.94379],[-64.37518,-5.9367],[-64.37707,-5.93249],[-64.38067,-5.9295],[-64.40198,-5.9248],[-64.4068,-5.9223],[-64.4093,-5.91858],[-64.40991,-5.91449],[-64.40918,-5.91168],[-64.40588,-5.90631],[-64.3963,-5.89972],[-64.3941,-5.89661],[-64.39349,-5.893],[-64.39423,-5.89038],[-64.39752,-5.88629],[-64.40308,-5.8847],[-64.4057,-5.88501],[-64.40973,-5.88739],[-64.41919,-5.89929],[-64.42432,-5.9032],[-64.42908,-5.9082],[-64.43249,-5.91699],[-64.4331,-5.92651],[-64.43451,-5.9306],[-64.4364,-5.93292],[-64.43872,-5.9342],[-64.44281,-5.935],[-64.44659,-5.93451],[-64.45331,-5.93188],[-64.4599,-5.92517],[-64.46502,-5.91638],[-64.46722,-5.90881],[-64.46832,-5.90039],[-64.46618,-5.88428],[-64.46692,-5.87549],[-64.4693,-5.87311],[-64.47601,-5.86963],[-64.4834,-5.86963],[-64.4881,-5.8706],[-64.49127,-5.86987],[-64.49359,-5.86798],[-64.49499,-5.86517],[-64.49389,-5.86249],[-64.48981,-5.85968],[-64.48169,-5.85858],[-64.4732,-5.85528],[-64.46979,-5.85528],[-64.46051,-5.85992],[-64.45282,-5.86609],[-64.44928,-5.867],[-64.44488,-5.86688],[-64.43957,-5.86279],[-64.43561,-5.85351],[-64.43359,-5.84601],[-64.43249,-5.83661],[-64.43249,-5.82751],[-64.43121,-5.81579],[-64.43017,-5.81378],[-64.42743,-5.81079],[-64.4237,-5.80933],[-64.42029,-5.8092],[-64.4165,-5.80987],[-64.40869,-5.81329],[-64.40271,-5.81299],[-64.3974,-5.81109],[-64.39459,-5.8067],[-64.38959,-5.79401],[-64.38721,-5.7843],[-64.3869,-5.7763],[-64.39032,-5.7688],[-64.39087,-5.7633],[-64.38849,-5.75769],[-64.38061,-5.74579],[-64.36859,-5.73291],[-64.35858,-5.72351],[-64.3548,-5.7168],[-64.35321,-5.7113],[-64.35339,-5.70752],[-64.35498,-5.7027],[-64.35852,-5.69958],[-64.36517,-5.69751],[-64.37921,-5.69598],[-64.3938,-5.69672],[-64.3985,-5.6983],[-64.406,-5.70239],[-64.41138,-5.70319],[-64.4154,-5.70202],[-64.41821,-5.69848],[-64.4176,-5.69079],[-64.41589,-5.6875],[-64.40948,-5.68048],[-64.39972,-5.66119],[-64.3966,-5.65692],[-64.38599,-5.6513],[-64.37298,-5.64709],[-64.36871,-5.64642],[-64.35968,-5.64679],[-64.35211,-5.64972],[-64.3468,-5.65552],[-64.34418,-5.6626],[-64.34418,-5.66778],[-64.34759,-5.6828],[-64.3465,-5.6922],[-64.34308,-5.69659],[-64.33642,-5.70178],[-64.33173,-5.703],[-64.32648,-5.70288],[-64.31909,-5.70001],[-64.31317,-5.69427],[-64.30908,-5.68683],[-64.30719,-5.67987],[-64.3078,-5.67389],[-64.31079,-5.66528],[-64.31531,-5.65698],[-64.32342,-5.63409],[-64.3269,-5.63019],[-64.34741,-5.61297],[-64.35351,-5.6062],[-64.3576,-5.59692],[-64.35669,-5.59241],[-64.35467,-5.5896],[-64.3454,-5.58728],[-64.32782,-5.58478],[-64.31158,-5.58801],[-64.29773,-5.59198],[-64.28271,-5.59442],[-64.27338,-5.59387],[-64.26721,-5.58948],[-64.2655,-5.58691],[-64.26129,-5.57611],[-64.255,-5.57013],[-64.25152,-5.5683],[-64.24627,-5.56738],[-64.24158,-5.56781],[-64.23559,-5.57312],[-64.22858,-5.58148],[-64.2265,-5.58661],[-64.2185,-5.60077],[-64.21539,-5.60309],[-64.20788,-5.60528],[-64.20117,-5.60211],[-64.19531,-5.59631],[-64.18957,-5.57831],[-64.1886,-5.56799],[-64.18487,-5.56109],[-64.18121,-5.55658],[-64.17688,-5.55542],[-64.16998,-5.5556],[-64.16412,-5.55737],[-64.14978,-5.56671],[-64.14148,-5.57641],[-64.13928,-5.58117],[-64.13702,-5.5935],[-64.13769,-5.59887],[-64.13928,-5.60339],[-64.14129,-5.60651],[-64.14569,-5.61072],[-64.15167,-5.61279],[-64.15777,-5.61267],[-64.16418,-5.61139],[-64.17669,-5.6073],[-64.1803,-5.6073],[-64.18939,-5.60931],[-64.19568,-5.61169],[-64.20709,-5.61322],[-64.2146,-5.6156],[-64.21759,-5.61798],[-64.22082,-5.62347],[-64.22088,-5.62909],[-64.21887,-5.63489],[-64.21612,-5.63788],[-64.2041,-5.6452],[-64.19171,-5.6499],[-64.18262,-5.65088],[-64.17401,-5.64862],[-64.16968,-5.646],[-64.16461,-5.64148],[-64.15619,-5.63019],[-64.15039,-5.62628],[-64.14069,-5.62402],[-64.12738,-5.62372],[-64.1228,-5.62488],[-64.11829,-5.6286],[-64.11371,-5.63489],[-64.10882,-5.64758],[-64.10608,-5.65118],[-64.10303,-5.6532],[-64.09369,-5.65381],[-64.08557,-5.651],[-64.0813,-5.64789],[-64.07538,-5.6413],[-64.07001,-5.62598],[-64.06042,-5.61188],[-64.05841,-5.6073],[-64.05658,-5.59369],[-64.05829,-5.586],[-64.0614,-5.58038],[-64.07001,-5.57287],[-64.07641,-5.5686],[-64.07989,-5.56158],[-64.07922,-5.55182],[-64.07519,-5.54657],[-64.07049,-5.54419],[-64.06512,-5.54352],[-64.05829,-5.54388],[-64.04748,-5.54992],[-64.0437,-5.55389],[-64.0412,-5.55823],[-64.03747,-5.56781],[-64.0393,-5.59241],[-64.03882,-5.5968],[-64.0332,-5.60882],[-64.02429,-5.61639],[-64.01819,-5.61951],[-64.00043,-5.62439],[-63.99103,-5.63019],[-63.98559,-5.63977],[-63.9776,-5.64697],[-63.97101,-5.65002],[-63.95898,-5.65069],[-63.9508,-5.64783],[-63.9378,-5.63812],[-63.92059,-5.62268],[-63.91559,-5.61658],[-63.90308,-5.59741],[-63.89648,-5.5813],[-63.89209,-5.57361],[-63.88537,-5.56482],[-63.87958,-5.56],[-63.86682,-5.55749],[-63.8595,-5.5589],[-63.85211,-5.56378],[-63.84662,-5.57172],[-63.84509,-5.57959],[-63.8454,-5.58362],[-63.84912,-5.59869],[-63.85669,-5.6112],[-63.87219,-5.63031],[-63.87658,-5.6402],[-63.87512,-5.64642],[-63.87292,-5.65033],[-63.86621,-5.65631],[-63.85919,-5.66028],[-63.8518,-5.66302],[-63.84271,-5.66498],[-63.83349,-5.66418],[-63.82611,-5.6604],[-63.82251,-5.65637],[-63.8186,-5.64911],[-63.81531,-5.63891],[-63.81347,-5.62738],[-63.81097,-5.61969],[-63.8067,-5.6156],[-63.80072,-5.61297],[-63.79278,-5.61157],[-63.789,-5.6123],[-63.7832,-5.61548],[-63.77972,-5.61999],[-63.77521,-5.63568],[-63.77283,-5.6394],[-63.77032,-5.64111],[-63.76379,-5.64282],[-63.73761,-5.64209],[-63.73108,-5.64319],[-63.70581,-5.65039],[-63.69928,-5.65008],[-63.69238,-5.6474],[-63.6842,-5.64111],[-63.66962,-5.61829],[-63.66461,-5.61358],[-63.65881,-5.6112],[-63.64862,-5.61139],[-63.64429,-5.61438],[-63.63898,-5.61963],[-63.63751,-5.6242],[-63.63647,-5.62958],[-63.63739,-5.63849],[-63.63879,-5.64581],[-63.64642,-5.65991],[-63.65131,-5.66638],[-63.6596,-5.6737],[-63.67169,-5.67718],[-63.68341,-5.67517],[-63.69189,-5.66888],[-63.69909,-5.66699],[-63.70471,-5.66962],[-63.71069,-5.6748],[-63.71521,-5.68262],[-63.71582,-5.69177],[-63.71002,-5.6983],[-63.7008,-5.70611],[-63.68182,-5.71429],[-63.67059,-5.71551],[-63.66058,-5.71502],[-63.65118,-5.71197],[-63.64398,-5.7088],[-63.6236,-5.69501],[-63.61352,-5.69482],[-63.6065,-5.69867],[-63.60309,-5.70392],[-63.6015,-5.711],[-63.60339,-5.71759],[-63.60827,-5.72461],[-63.61761,-5.72967],[-63.62781,-5.73169],[-63.63769,-5.73071],[-63.6499,-5.72778],[-63.6582,-5.73089],[-63.6629,-5.73437],[-63.66662,-5.73938],[-63.66809,-5.74609],[-63.6643,-5.75488],[-63.65839,-5.75922],[-63.64807,-5.76172],[-63.6319,-5.75641],[-63.6239,-5.75519],[-63.61481,-5.75451],[-63.60712,-5.75537],[-63.5954,-5.75403],[-63.58301,-5.7492],[-63.57617,-5.74298],[-63.56641,-5.72729],[-63.56091,-5.71948],[-63.55609,-5.7146],[-63.55127,-5.70697],[-63.5462,-5.70587],[-63.5404,-5.70758],[-63.5329,-5.7138],[-63.52228,-5.71997],[-63.51642,-5.72052],[-63.51111,-5.71838],[-63.5072,-5.71551],[-63.50409,-5.70459],[-63.50317,-5.6983],[-63.50519,-5.68793],[-63.51031,-5.67792],[-63.5213,-5.6662],[-63.52557,-5.65851],[-63.52771,-5.65039],[-63.52808,-5.6452],[-63.52661,-5.63751],[-63.52069,-5.63232],[-63.51629,-5.63092],[-63.5014,-5.63037],[-63.4721,-5.63483],[-63.46258,-5.63422],[-63.45471,-5.63159],[-63.4469,-5.62701],[-63.44098,-5.62091],[-63.4397,-5.61609],[-63.4361,-5.61157],[-63.43091,-5.6095],[-63.4267,-5.60931],[-63.42157,-5.61047],[-63.41687,-5.61529],[-63.41492,-5.6206],[-63.41388,-5.6344],[-63.41449,-5.64007],[-63.41687,-5.64917],[-63.41998,-5.65472],[-63.43042,-5.66632],[-63.43329,-5.67077],[-63.43341,-5.6748],[-63.43017,-5.6814],[-63.42657,-5.68359],[-63.41998,-5.6831],[-63.41058,-5.67981],[-63.40521,-5.67743],[-63.4024,-5.67511],[-63.40112,-5.67041],[-63.40008,-5.65887],[-63.3905,-5.64337],[-63.38391,-5.63782],[-63.3482,-5.62237],[-63.34149,-5.61749],[-63.32989,-5.60699],[-63.3219,-5.59778],[-63.3128,-5.58948],[-63.30243,-5.5852],[-63.29242,-5.5849],[-63.27942,-5.58758],[-63.27191,-5.59021],[-63.2652,-5.59088],[-63.25842,-5.5885],[-63.25329,-5.58539],[-63.24591,-5.573],[-63.24219,-5.56927],[-63.23932,-5.56787],[-63.23633,-5.5694],[-63.23431,-5.57202],[-63.23327,-5.5816],[-63.23688,-5.5871],[-63.24231,-5.59137],[-63.24811,-5.5954],[-63.25891,-5.59997],[-63.26147,-5.60278],[-63.26233,-5.60779],[-63.26172,-5.612],[-63.25519,-5.61829],[-63.24829,-5.6203],[-63.24127,-5.62121],[-63.22479,-5.61932],[-63.21899,-5.62042],[-63.2074,-5.62451],[-63.20068,-5.62457],[-63.19476,-5.62296],[-63.19123,-5.62056],[-63.18956,-5.61793]],"type":"LineString"},"id":86,"properties":{"cla_icacao":"Navegável","dominio":"União","est_estino":"AM","est_origem":"AM","extensao":530.091171941,"fonte":"ANA/Antaq","idantaq":2,"idhidrovia":200002115,"idm_estino":"BR130090","idm_origem":"BR130410","idseq":0,"jurisdicao":"AHIMOC","mun_estino":"Canutama","mun_origem":"Tapauá","navegacao":"Navegação Interior","nom_eclusa":null,"nome":"Hidrovia do Solimões","nome_rio":"Rio Purus","observacao":"Foz no rio Solimões _AM_ até cidade de Manoel Urbano _AC_.","pro_de_max":6.0,"pro_de_min":2.3,"reg_rafica":"Região Hidrográfica Amazônica","snv":"Sim","tempo":"2d 5h 0min","tipo":"Rio","vel_cional":10.0},"type":"Feature"},{"bbox":[-67.809386,-9.980223,-67.52861,-9.589756],"geometry":{"coordinates":[[-67.80939,-9.98022],[-67.80432,-9.97558],[-67.79712,-9.97443],[-67.7901,-9.97198],[-67.78387,-9.96551],[-67.77946,-9.95885],[-67.77532,-9.95663],[-67.77209,-9.95681],[-67.77001,-9.95785],[-67.76868,-9.9637],[-67.75904,-9.97133],[-67.7557,-9.97072],[-67.75266,-9.96894],[-67.74867,-9.96278],[-67.74215,-9.96694],[-67.7391,-9.96728],[-67.73545,-9.96074],[-67.728,-9.96086],[-67.72517,-9.95832],[-67.72259,-9.95368],[-67.7196,-9.94065],[-67.7187,-9.93967],[-67.71614,-9.94087],[-67.7146,-9.94906],[-67.7134,-9.95129],[-67.70746,-9.94971],[-67.6975,-9.95119],[-67.68948,-9.94904],[-67.68292,-9.95062],[-67.67635,-9.95355],[-67.67262,-9.95341],[-67.66969,-9.9478],[-67.66999,-9.94528],[-67.67325,-9.94032],[-67.67433,-9.93644],[-67.67272,-9.92185],[-67.66481,-9.92058],[-67.65843,-9.91741],[-67.6571,-9.91952],[-67.65728,-9.9279],[-67.65672,-9.92924],[-67.6547,-9.92898],[-67.6504,-9.92499],[-67.64444,-9.92375],[-67.64248,-9.92548],[-67.64218,-9.93214],[-67.64062,-9.93335],[-67.639,-9.93289],[-67.62957,-9.92326],[-67.6282,-9.9193],[-67.62879,-9.91591],[-67.63371,-9.91191],[-67.63241,-9.90324],[-67.63702,-9.89569],[-67.6377,-9.89261],[-67.63611,-9.88971],[-67.63238,-9.88922],[-67.61714,-9.8905],[-67.61673,-9.89201],[-67.6178,-9.89327],[-67.62235,-9.895],[-67.62365,-9.89667],[-67.62299,-9.89929],[-67.62047,-9.90051],[-67.61749,-9.8988],[-67.61341,-9.89466],[-67.60859,-9.89367],[-67.60716,-9.89221],[-67.60677,-9.88954],[-67.60886,-9.88699],[-67.61199,-9.88672],[-67.61491,-9.88788],[-67.61627,-9.88637],[-67.61584,-9.88392],[-67.61454,-9.88204],[-67.60647,-9.87964],[-67.60752,-9.87782],[-67.61153,-9.87497],[-67.61209,-9.87346],[-67.61152,-9.87277],[-67.60533,-9.87223],[-67.60264,-9.87478],[-67.5978,-9.87692],[-67.59199,-9.87725],[-67.59028,-9.87565],[-67.59099,-9.86906],[-67.59239,-9.86495],[-67.59396,-9.86406],[-67.59806,-9.86586],[-67.6006,-9.86515],[-67.60199,-9.85969],[-67.60935,-9.85164],[-67.60759,-9.85016],[-67.60329,-9.85147],[-67.59901,-9.85115],[-67.59284,-9.84498],[-67.59153,-9.8424],[-67.59134,-9.8388],[-67.59438,-9.82917],[-67.59153,-9.82415],[-67.5904,-9.82375],[-67.58151,-9.8252],[-67.58003,-9.82345],[-67.58137,-9.82056],[-67.58842,-9.81581],[-67.58986,-9.81275],[-67.59086,-9.80527],[-67.58943,-9.80337],[-67.58554,-9.80287],[-67.58153,-9.80065],[-67.58065,-9.79787],[-67.58171,-9.79389],[-67.58427,-9.79326],[-67.58965,-9.79586],[-67.59306,-9.79302],[-67.59495,-9.78916],[-67.59411,-9.78714],[-67.58379,-9.78137],[-67.58214,-9.77963],[-67.58201,-9.77581],[-67.58242,-9.77471],[-67.58462,-9.77335],[-67.58861,-9.77377],[-67.59085,-9.77257],[-67.5945,-9.76758],[-67.59611,-9.76293],[-67.5933,-9.76106],[-67.58844,-9.75964],[-67.58742,-9.75991],[-67.5838,-9.76452],[-67.58155,-9.76483],[-67.58021,-9.76294],[-67.58029,-9.75969],[-67.5837,-9.75571],[-67.5839,-9.75158],[-67.58339,-9.7505],[-67.57978,-9.7492],[-67.57779,-9.7473],[-67.57562,-9.74151],[-67.57422,-9.73258],[-67.57501,-9.73138],[-67.57721,-9.73071],[-67.58437,-9.7325],[-67.58727,-9.73225],[-67.58791,-9.7301],[-67.58524,-9.726],[-67.5755,-9.72364],[-67.57326,-9.72782],[-67.55785,-9.73713],[-67.55558,-9.73527],[-67.55591,-9.73102],[-67.55831,-9.72714],[-67.56276,-9.72557],[-67.56422,-9.7232],[-67.56215,-9.71422],[-67.56392,-9.70891],[-67.5637,-9.7069],[-67.56139,-9.70502],[-67.55769,-9.70478],[-67.5564,-9.70627],[-67.55646,-9.71195],[-67.55355,-9.7155],[-67.55011,-9.71862],[-67.54447,-9.72028],[-67.54164,-9.7192],[-67.53581,-9.71512],[-67.53455,-9.71257],[-67.53543,-9.70995],[-67.54017,-9.70775],[-67.54578,-9.70208],[-67.54714,-9.70282],[-67.54755,-9.70505],[-67.54541,-9.71009],[-67.54556,-9.7115],[-67.54857,-9.71295],[-67.55096,-9.71134],[-67.55233,-9.70654],[-67.5502,-9.7025],[-67.54443,-9.69511],[-67.54114,-9.69491],[-67.53607,-9.69767],[-67.53462,-9.70425],[-67.53219,-9.70494],[-67.52972,-9.7025],[-67.53015,-9.69975],[-67.52861,-9.6935],[-67.52901,-9.69235],[-67.53687,-9.68627],[-67.53964,-9.68272],[-67.53912,-9.68098],[-67.53506,-9.67901],[-67.53441,-9.67743],[-67.53491,-9.67515],[-67.53924,-9.67037],[-67.54076,-9.66687],[-67.54099,-9.65617],[-67.54321,-9.65381],[-67.551,-9.64971],[-67.55275,-9.64622],[-67.5511,-9.64128],[-67.54735,-9.63884],[-67.54141,-9.6398],[-67.53396,-9.64489],[-67.53286,-9.64502],[-67.53156,-9.6435],[-67.53084,-9.63932],[-67.53323,-9.62622],[-67.53487,-9.62435],[-67.53879,-9.62436],[-67.5402,-9.62368],[-67.54244,-9.6183],[-67.53711,-9.60528],[-67.53653,-9.60277],[-67.53691,-9.59551],[-67.5358,-9.59356],[-67.53086,-9.58976]],"type":"LineString"},"id":87,"properties":{"cla_icacao":"Navegação inexpressiva","dominio":"União","est_estino":"AC","est_origem":"AC","extensao":117.352798898,"fonte":"ANA/Antaq","idantaq":2,"idhidrovia":200002116,"idm_estino":"BR120040","idm_origem":"BR120080","idseq":0,"jurisdicao":"AHIMOC","mun_estino":"Rio Branco","mun_origem":"Porto Acre","navegacao":"Navegação Interior","nom_eclusa":null,"nome":"Hidrovia do Solimões","nome_rio":"Rio Acre","observacao":"Foz no rio Purus _AM_ à Brasiléia _AC_","pro_de_max":4.0,"pro_de_min":0.8,"reg_rafica":"Região Hidrográfica Amazônica","snv":"Sim","tempo":"0d 11h 44min","tipo":"Rio","vel_cional":10.0},"type":"Feature"},{"bbox":[-67.530857,-9.589756,-67.302611,-8.747499],"geometry":{"coordinates":[[-67.53086,-9.58976],[-67.52832,-9.58758],[-67.52693,-9.58486],[-67.5294,-9.57839],[-67.52363,-9.57393],[-67.52206,-9.57174],[-67.51752,-9.56042],[-67.5163,-9.55308],[-67.51798,-9.54635],[-67.51104,-9.54489],[-67.50012,-9.53423],[-67.49955,-9.53186],[-67.50026,-9.52981],[-67.50191,-9.52827],[-67.51137,-9.53129],[-67.51414,-9.53132],[-67.51908,-9.52713],[-67.51988,-9.52336],[-67.51924,-9.51587],[-67.51461,-9.51562],[-67.51248,-9.5147],[-67.51128,-9.50755],[-67.50831,-9.49975],[-67.50782,-9.49617],[-67.51021,-9.49591],[-67.51299,-9.4984],[-67.51515,-9.49913],[-67.51784,-9.49803],[-67.51927,-9.49533],[-67.51946,-9.48664],[-67.52294,-9.48037],[-67.52155,-9.47833],[-67.51585,-9.47665],[-67.51501,-9.47009],[-67.51663,-9.46544],[-67.52039,-9.46082],[-67.52097,-9.45468],[-67.52298,-9.45036],[-67.52187,-9.44922],[-67.51764,-9.4492],[-67.51449,-9.44817],[-67.50521,-9.43977],[-67.50491,-9.4357],[-67.50801,-9.43072],[-67.50909,-9.4274],[-67.50734,-9.42088],[-67.50736,-9.4129],[-67.50601,-9.41214],[-67.50308,-9.41331],[-67.49819,-9.41743],[-67.49585,-9.41731],[-67.49377,-9.41613],[-67.49213,-9.4068],[-67.49324,-9.39471],[-67.49443,-9.39115],[-67.49758,-9.38711],[-67.49764,-9.37885],[-67.49877,-9.37683],[-67.50163,-9.3763],[-67.50364,-9.37752],[-67.50371,-9.37977],[-67.50192,-9.38406],[-67.50223,-9.38494],[-67.50489,-9.38632],[-67.50739,-9.38553],[-67.50987,-9.37965],[-67.51587,-9.37711],[-67.51694,-9.3759],[-67.51691,-9.37461],[-67.51432,-9.37024],[-67.5125,-9.36877],[-67.5109,-9.36798],[-67.50484,-9.36811],[-67.50205,-9.3673],[-67.50089,-9.36457],[-67.50031,-9.35759],[-67.4989,-9.35351],[-67.49627,-9.3512],[-67.49231,-9.34943],[-67.4906,-9.34668],[-67.492,-9.33893],[-67.49109,-9.33441],[-67.48919,-9.33173],[-67.48511,-9.32861],[-67.4762,-9.32538],[-67.47223,-9.31848],[-67.46521,-9.3103],[-67.46393,-9.30389],[-67.46502,-9.29938],[-67.46863,-9.29669],[-67.4718,-9.29559],[-67.47259,-9.2923],[-67.47101,-9.28912],[-67.46863,-9.28772],[-67.46521,-9.28711],[-67.46301,-9.28509],[-67.46228,-9.27881],[-67.45972,-9.27112],[-67.45941,-9.26642],[-67.46551,-9.26288],[-67.46588,-9.25848],[-67.45471,-9.255],[-67.4516,-9.25311],[-67.44623,-9.24719],[-67.44012,-9.24231],[-67.43921,-9.2395],[-67.44092,-9.237],[-67.44531,-9.23651],[-67.45062,-9.2373],[-67.45288,-9.23401],[-67.45422,-9.22668],[-67.45019,-9.21869],[-67.44958,-9.21148],[-67.44049,-9.20892],[-67.42981,-9.20209],[-67.43091,-9.19787],[-67.435,-9.19629],[-67.44531,-9.19641],[-67.45203,-9.19452],[-67.45508,-9.19122],[-67.45422,-9.18841],[-67.44952,-9.18292],[-67.4386,-9.1737],[-67.43811,-9.16992],[-67.44,-9.16571],[-67.43872,-9.16351],[-67.43469,-9.16302],[-67.43249,-9.1604],[-67.43262,-9.15631],[-67.43518,-9.15307],[-67.4353,-9.14972],[-67.4306,-9.14758],[-67.42383,-9.15161],[-67.42059,-9.15069],[-67.41601,-9.14569],[-67.40948,-9.14331],[-67.3952,-9.14563],[-67.38849,-9.14081],[-67.3844,-9.14148],[-67.38391,-9.13861],[-67.38501,-9.13501],[-67.3883,-9.13263],[-67.39551,-9.13379],[-67.39758,-9.12921],[-67.3966,-9.12518],[-67.39178,-9.11658],[-67.39172,-9.11298],[-67.39477,-9.11023],[-67.3949,-9.10638],[-67.38922,-9.10181],[-67.3891,-9.0979],[-67.3905,-9.09491],[-67.39148,-9.08642],[-67.39471,-9.0863],[-67.39801,-9.09442],[-67.40002,-9.09741],[-67.4032,-9.09833],[-67.4068,-9.0968],[-67.40832,-9.09381],[-67.40722,-9.08648],[-67.4046,-9.0852],[-67.3999,-9.08551],[-67.39709,-9.08209],[-67.39709,-9.07782],[-67.39868,-9.07428],[-67.3988,-9.07049],[-67.39282,-9.06348],[-67.38971,-9.0614],[-67.37433,-9.05951],[-67.37091,-9.05719],[-67.36951,-9.05371],[-67.36243,-9.05121],[-67.35101,-9.05109],[-67.32812,-9.05621],[-67.32428,-9.05591],[-67.31543,-9.04779],[-67.31531,-9.04468],[-67.31641,-9.04138],[-67.31848,-9.03912],[-67.32428,-9.03619],[-67.32831,-9.03637],[-67.33173,-9.03918],[-67.33191,-9.04309],[-67.33319,-9.04669],[-67.33771,-9.04822],[-67.34131,-9.04107],[-67.34869,-9.04101],[-67.34942,-9.03662],[-67.34558,-9.0329],[-67.34961,-9.02551],[-67.3421,-9.0188],[-67.34149,-9.01489],[-67.34241,-9.01068],[-67.34479,-9.00812],[-67.35101,-9.00561],[-67.34888,-9.00293],[-67.34058,-8.9978],[-67.33697,-8.99231],[-67.33618,-8.98828],[-67.33331,-8.98559],[-67.3294,-8.98401],[-67.32031,-8.98419],[-67.3183,-8.98071],[-67.31402,-8.97259],[-67.31671,-8.96973],[-67.32031,-8.96753],[-67.3183,-8.96319],[-67.32171,-8.96008],[-67.32971,-8.96252],[-67.3324,-8.96008],[-67.33142,-8.9527],[-67.32849,-8.9461],[-67.32519,-8.94281],[-67.32129,-8.94171],[-67.3147,-8.94171],[-67.31189,-8.93921],[-67.31079,-8.93481],[-67.3125,-8.92651],[-67.31091,-8.92328],[-67.30261,-8.922],[-67.30261,-8.9187],[-67.30682,-8.9118],[-67.31598,-8.90082],[-67.32062,-8.88751],[-67.32361,-8.88678],[-67.32922,-8.89221],[-67.3327,-8.89331],[-67.33728,-8.89081],[-67.33661,-8.88531],[-67.3338,-8.8819],[-67.33099,-8.87079],[-67.32709,-8.86261],[-67.3211,-8.85681],[-67.32239,-8.85229],[-67.33288,-8.85101],[-67.3341,-8.84778],[-67.3313,-8.84412],[-67.32678,-8.84241],[-67.32879,-8.83801],[-67.33722,-8.83032],[-67.3421,-8.82208],[-67.34332,-8.81579],[-67.34521,-8.81329],[-67.3512,-8.81543],[-67.3573,-8.8125],[-67.36169,-8.8117],[-67.37207,-8.81916],[-67.37369,-8.81837],[-67.37682,-8.81468],[-67.37846,-8.81079],[-67.37667,-8.80379],[-67.37962,-8.79707],[-67.38012,-8.79349],[-67.3786,-8.78991],[-67.37477,-8.7866],[-67.37323,-8.7836],[-67.37457,-8.78045],[-67.37993,-8.77535],[-67.37622,-8.7692],[-67.37645,-8.76689],[-67.38067,-8.7626],[-67.38474,-8.76153],[-67.40087,-8.75317],[-67.40029,-8.7475]],"type":"LineString"},"id":88,"properties":{"cla_icacao":"Navegação inexpressiva","dominio":"União","est_estino":"AC","est_origem":"AM","extensao":165.60142342,"fonte":"ANA/Antaq","idantaq":2,"idhidrovia":200002117,"idm_estino":"BR120080","idm_origem":"BR130070","idseq":0,"jurisdicao":"AHIMOC","mun_estino":"Porto Acre","mun_origem":"Boca do Acre","navegacao":"Navegação Interior","nom_eclusa":null,"nome":"Hidrovia do Solimões","nome_rio":"Rio Acre","observacao":"Foz no rio Purus _AM_ à Brasiléia _AC_","pro_de_max":4.0,"pro_de_min":0.8,"reg_rafica":"Região Hidrográfica Amazônica","snv":"Sim","tempo":"0d 16h 33min","tipo":"Rio","vel_cional":10.0},"type":"Feature"},{"bbox":[-63.502329,-8.446312,-62.877351,-8.015659],"geometry":{"coordinates":[[-63.50233,-8.44631],[-63.47229,-8.42548],[-63.44482,-8.40509],[-63.42547,-8.38617],[-63.41962,-8.3786],[-63.4118,-8.35632],[-63.40899,-8.3454],[-63.40478,-8.33459],[-63.39838,-8.32361],[-63.39129,-8.30829],[-63.37878,-8.27759],[-63.36749,-8.26111],[-63.36188,-8.24811],[-63.35748,-8.22119],[-63.35382,-8.21002],[-63.34881,-8.1983],[-63.34332,-8.1875],[-63.32837,-8.17682],[-63.31842,-8.1712],[-63.30401,-8.17309],[-63.29712,-8.17908],[-63.28418,-8.20117],[-63.27539,-8.21362],[-63.2583,-8.22839],[-63.24298,-8.23407],[-63.22937,-8.23169],[-63.21869,-8.22729],[-63.20227,-8.22302],[-63.1795,-8.21399],[-63.12988,-8.1969],[-63.09961,-8.18811],[-63.04639,-8.17718],[-63.02978,-8.172],[-62.99017,-8.1546],[-62.9768,-8.14691],[-62.96448,-8.12921],[-62.94568,-8.07452],[-62.93872,-8.06518],[-62.92798,-8.05499],[-62.8902,-8.03711],[-62.88238,-8.0307],[-62.87781,-8.02368],[-62.87735,-8.01566]],"type":"LineString"},"id":89,"properties":{"cla_icacao":"Navegável","dominio":"União","est_estino":"RO","est_origem":"RO","extensao":99.6677441315,"fonte":"LabTrans/Antaq","idantaq":5,"idhidrovia":200002119,"idm_estino":"BR110020","idm_origem":"BR110020","idseq":0,"jurisdicao":"AHIMOC","mun_estino":"Porto Velho","mun_origem":"Porto Velho","navegacao":"Navegação Interior","nom_eclusa":null,"nome":"Hidrovia do Madeira","nome_rio":"Rio Madeira","observacao":"Foz no rio Amazonas _AM_ até a confluência dos rios Beni _rio boliviano_ e Mamoré _RO_.","pro_de_max":7.0,"pro_de_min":2.0,"reg_rafica":"Região Hidrográfica Amazônica","snv":"Sim","tempo":"0d 4h 31min","tipo":"Rio","vel_cional":22.0},"type":"Feature"},{"bbox":[-54.736067,-2.416847,-54.695666,-2.413084],"geometry":{"coordinates":[[-54.73607,-2.41313],[-54.72397,-2.41431],[-54.70819,-2.41308],[-54.69567,-2.41685]],"type":"LineString"},"id":90,"properties":{"cla_icacao":"Navegável","dominio":"União","est_estino":"PA","est_origem":"PA","extensao":4.56762125006,"fonte":"LabTrans/Antaq","idantaq":17,"idhidrovia":200002122,"idm_estino":"BR150680","idm_origem":"BR150680","idseq":0,"jurisdicao":"AHIMOR","mun_estino":"Santarém","mun_origem":"Santarém","navegacao":"Navegação Interior","nom_eclusa":null,"nome":"Hidrovia do Tapajós","nome_rio":"Rio Tapajós","observacao":"Foz no rio Amazonas _PA_ até a confluência dos rios Juruena e Teles Pires.","pro_de_max":9.9,"pro_de_min":2.6,"reg_rafica":"Região Hidrográfica Amazônica","snv":"Sim","tempo":"0d 0h 10min","tipo":"Rio","vel_cional":25.0},"type":"Feature"},{"bbox":[-52.573721,-1.565489,-52.249083,-1.505797],"geometry":{"coordinates":[[-52.57372,-1.53729],[-52.57109,-1.53555],[-52.56728,-1.53645],[-52.53516,-1.55809],[-52.52171,-1.56229],[-52.49921,-1.56549],[-52.47717,-1.56549],[-52.427,-1.56299],[-52.39398,-1.5581],[-52.37201,-1.552],[-52.35229,-1.5448],[-52.33368,-1.53589],[-52.31842,-1.52978],[-52.2937,-1.52392],[-52.26922,-1.51538],[-52.24908,-1.5058]],"type":"LineString"},"id":91,"properties":{"cla_icacao":"Navegável","dominio":"União","est_estino":"PA","est_origem":"PA","extensao":38.1207780321,"fonte":"LabTrans/Antaq","idantaq":1,"idhidrovia":200002123,"idm_estino":"BR150050","idm_origem":"BR150310","idseq":0,"jurisdicao":"AHIMOR","mun_estino":"Almeirim","mun_origem":"Gurupá","navegacao":"Navegação Interior","nom_eclusa":null,"nome":"Hidrovia do Amazonas","nome_rio":"Rio Amazonas","observacao":"Foz no oceano Atlântico _PA_ até a confluência dos rios Negro e Solimões.","pro_de_max":7.5,"pro_de_min":5.0,"reg_rafica":"Região Hidrográfica Amazônica","snv":"Sim","tempo":"0d 1h 31min","tipo":"Rio","vel_cional":25.0},"type":"Feature"},{"bbox":[-58.746703,-3.371275,-58.483587,-3.137599],"geometry":{"coordinates":[[-58.7467,-3.35217],[-58.72711,-3.35858],[-58.68579,-3.3681],[-58.64752,-3.37127],[-58.62732,-3.36938],[-58.60052,-3.3565],[-58.59369,-3.34918],[-58.5852,-3.33557],[-58.57239,-3.30609],[-58.57013,-3.29278],[-58.56659,-3.25989],[-58.56268,-3.24371],[-58.55408,-3.21679],[-58.5415,-3.19842],[-58.52502,-3.17999],[-58.51285,-3.15938],[-58.49937,-3.14445],[-58.49181,-3.14],[-58.48359,-3.1376]],"type":"LineString"},"id":92,"properties":{"cla_icacao":"Navegável","dominio":"União","est_estino":"AM","est_origem":"AM","extensao":45.3979089678,"fonte":"LabTrans/Antaq","idantaq":1,"idhidrovia":200002124,"idm_estino":"BR130190","idm_origem":"BR130190","idseq":0,"jurisdicao":"AHIMOC","mun_estino":"Itacoatiara","mun_origem":"Itacoatiara","navegacao":"Navegação Interior","nom_eclusa":null,"nome":"Hidrovia do Amazonas","nome_rio":"Rio Amazonas","observacao":"Foz no oceano Atlântico _PA_ até a confluência dos rios Negro e Solimões.","pro_de_max":7.5,"pro_de_min":5.0,"reg_rafica":"Região Hidrográfica Amazônica","snv":"Sim","tempo":"0d 1h 48min","tipo":"Rio","vel_cional":25.0},"type":"Feature"},{"bbox":[-57.072521,-2.790633,-56.888516,-2.705626],"geometry":{"coordinates":[[-57.07252,-2.79063],[-57.06641,-2.789],[-57.06238,-2.7865],[-57.0545,-2.77881],[-57.05139,-2.7746],[-57.03992,-2.75378],[-57.0177,-2.72589],[-57.00738,-2.71728],[-56.9931,-2.70911],[-56.98028,-2.70581],[-56.96411,-2.70563],[-56.95398,-2.71033],[-56.9505,-2.71319],[-56.94787,-2.71728],[-56.94659,-2.72302],[-56.95007,-2.7439],[-56.94861,-2.7478],[-56.94531,-2.75061],[-56.927,-2.75922],[-56.9115,-2.76867],[-56.901,-2.77392],[-56.89532,-2.77539],[-56.89288,-2.7749],[-56.88852,-2.77134]],"type":"LineString"},"id":93,"properties":{"cla_icacao":"Navegável","dominio":null,"est_estino":"AM","est_origem":"AM","extensao":29.5805587926,"fonte":"LabTrans/Antaq","idantaq":1,"idhidrovia":200002125,"idm_estino":"BR130050","idm_origem":"BR130050","idseq":0,"jurisdicao":"AHIMOC","mun_estino":"Barreirinha","mun_origem":"Barreirinha","navegacao":"Navegação Interior","nom_eclusa":null,"nome":"Hidrovia do Amazonas","nome_rio":"Rio Andirá","observacao":null,"pro_de_max":3.0,"pro_de_min":1.5,"reg_rafica":"Região Hidrográfica Amazônica","snv":"Não","tempo":"0d 1h 58min","tipo":"Rio","vel_cional":15.0},"type":"Feature"},{"bbox":[-56.734381,-2.621291,-56.667784,-2.594115],"geometry":{"coordinates":[[-56.73438,-2.62129],[-56.66778,-2.59411]],"type":"LineString"},"id":94,"properties":{"cla_icacao":"Navegável","dominio":"União","est_estino":"AM","est_origem":"AM","extensao":7.99335855809,"fonte":"LabTrans/Antaq","idantaq":1,"idhidrovia":200002126,"idm_estino":"BR130340","idm_origem":"BR130340","idseq":0,"jurisdicao":"AHIMOC","mun_estino":"Parintins","mun_origem":"Parintins","navegacao":"Navegação Interior","nom_eclusa":null,"nome":"Hidrovia do Amazonas","nome_rio":"Rio Amazonas","observacao":"Foz no oceano Atlântico _PA_ até a confluência dos rios Negro e Solimões.","pro_de_max":7.5,"pro_de_min":5.0,"reg_rafica":"Região Hidrográfica Amazônica","snv":"Sim","tempo":"0d 0h 19min","tipo":"Rio","vel_cional":25.0},"type":"Feature"},{"bbox":[-56.092106,-2.005492,-55.586974,-1.895811],"geometry":{"coordinates":[[-56.09211,-2.0054],[-56.08667,-1.97967],[-56.08172,-1.96771],[-56.06897,-1.95379],[-56.05121,-1.94488],[-56.03979,-1.94171],[-56.02289,-1.94208],[-56.01239,-1.9461],[-55.987,-1.95819],[-55.95782,-1.96899],[-55.91968,-1.99121],[-55.90259,-1.99951],[-55.86511,-2.00549],[-55.80658,-2.00519],[-55.78772,-2.00421],[-55.76269,-1.99859],[-55.74408,-1.99127],[-55.72552,-1.98077],[-55.70129,-1.96381],[-55.62518,-1.91571],[-55.61438,-1.90668],[-55.58697,-1.89581]],"type":"LineString"},"id":95,"properties":{"cla_icacao":"Navegável","dominio":"União","est_estino":"PA","est_origem":"PA","extensao":65.0807013837,"fonte":"LabTrans/Antaq","idantaq":1,"idhidrovia":200002127,"idm_estino":"BR150390","idm_origem":"BR150510","idseq":0,"jurisdicao":"AHIMOC","mun_estino":"Juruti","mun_origem":"Óbidos","navegacao":"Navegação Interior","nom_eclusa":null,"nome":"Hidrovia do Amazonas","nome_rio":"Rio Amazonas","observacao":"Foz no oceano Atlântico _PA_ até a confluência dos rios Negro e Solimões.","pro_de_max":7.5,"pro_de_min":5.0,"reg_rafica":"Região Hidrográfica Amazônica","snv":"Sim","tempo":"0d 2h 36min","tipo":"Rio","vel_cional":25.0},"type":"Feature"},{"bbox":[-55.586974,-1.920063,-55.517628,-1.895811],"geometry":{"coordinates":[[-55.58697,-1.89581],[-55.56158,-1.90149],[-55.5451,-1.9071],[-55.53851,-1.9104],[-55.52618,-1.91402],[-55.51763,-1.92006]],"type":"LineString"},"id":96,"properties":{"cla_icacao":"Navegável","dominio":"União","est_estino":"PA","est_origem":"PA","extensao":8.24363090011,"fonte":"LabTrans/Antaq","idantaq":1,"idhidrovia":200002128,"idm_estino":"BR150510","idm_origem":"BR150510","idseq":0,"jurisdicao":"AHIMOR","mun_estino":"Óbidos","mun_origem":"Óbidos","navegacao":"Navegação Interior","nom_eclusa":null,"nome":"Hidrovia do Amazonas","nome_rio":"Rio Amazonas","observacao":"Foz no oceano Atlântico _PA_ até a confluência dos rios Negro e Solimões.","pro_de_max":7.5,"pro_de_min":5.0,"reg_rafica":"Região Hidrográfica Amazônica","snv":"Sim","tempo":"0d 0h 19min","tipo":"Rio","vel_cional":25.0},"type":"Feature"},{"bbox":[-59.899107,-3.188275,-59.875485,-3.124998],"geometry":{"coordinates":[[-59.87548,-3.18827],[-59.87794,-3.1816],[-59.88373,-3.17543],[-59.89477,-3.15979],[-59.89892,-3.14642],[-59.89911,-3.13659],[-59.8963,-3.125]],"type":"LineString"},"id":97,"properties":{"cla_icacao":"Navegável","dominio":"União","est_estino":"AM","est_origem":"AM","extensao":7.80776465313,"fonte":"LabTrans/Antaq","idantaq":2,"idhidrovia":200002129,"idm_estino":"BR130115","idm_origem":"BR130260","idseq":0,"jurisdicao":"AHIMOC","mun_estino":"Careiro da Várzea","mun_origem":"Manaus","navegacao":"Navegação Interior","nom_eclusa":null,"nome":"Hidrovia do Solimões","nome_rio":"Rio Solimões","observacao":"Confluência com o rio Negro _AM_ até Tabatinga _AM_.","pro_de_max":10.0,"pro_de_min":6.0,"reg_rafica":"Região Hidrográfica Amazônica","snv":"Sim","tempo":"0d 0h 18min","tipo":"Rio","vel_cional":25.0},"type":"Feature"},{"bbox":[-51.779295,-1.142394,-51.241824,-0.1576],"geometry":{"coordinates":[[-51.77929,-1.14239],[-51.75311,-1.13739],[-51.72638,-1.1297],[-51.70697,-1.11999],[-51.67181,-1.09552],[-51.66199,-1.08429],[-51.6568,-1.06781],[-51.65887,-1.05328],[-51.66357,-1.0423],[-51.67218,-1.03277],[-51.67981,-1.01782],[-51.6842,-1.00061],[-51.69061,-0.91778],[-51.69,-0.87597],[-51.68707,-0.83209],[-51.68249,-0.80408],[-51.6759,-0.78448],[-51.63562,-0.71252],[-51.59857,-0.65808],[-51.58282,-0.6383],[-51.52368,-0.57519],[-51.50488,-0.55841],[-51.45129,-0.49957],[-51.4331,-0.47339],[-51.42828,-0.45788],[-51.42309,-0.43329],[-51.41949,-0.42352],[-51.40289,-0.40369],[-51.38122,-0.3822],[-51.36767,-0.36578],[-51.35357,-0.31329],[-51.34131,-0.28351],[-51.33227,-0.27081],[-51.3017,-0.24219],[-51.28558,-0.22278],[-51.24847,-0.16601],[-51.24182,-0.1576]],"type":"LineString"},"id":98,"properties":{"cla_icacao":"Navegável","dominio":"União","est_estino":"PA","est_origem":"AP","extensao":134.8270867,"fonte":"LabTrans/Antaq","idantaq":1,"idhidrovia":200002130,"idm_estino":"BR150050","idm_origem":"BR160040","idseq":0,"jurisdicao":"AHIMOR","mun_estino":"Almeirim","mun_origem":"Mazagão","navegacao":"Navegação Interior","nom_eclusa":null,"nome":"Hidrovia do Amazonas","nome_rio":"Rio Amazonas","observacao":"Foz no oceano Atlântico _PA_ até a confluência dos rios Negro e Solimões.","pro_de_max":7.5,"pro_de_min":5.0,"reg_rafica":"Região Hidrográfica Amazônica","snv":"Sim","tempo":"0d 5h 23min","tipo":"Rio","vel_cional":25.0},"type":"Feature"},{"bbox":[-48.676888,-1.453612,-48.59381,-1.376871],"geometry":{"coordinates":[[-48.67689,-1.37687],[-48.63571,-1.38078],[-48.60687,-1.42248],[-48.59381,-1.45361]],"type":"LineString"},"id":99,"properties":{"cla_icacao":"Navegável","dominio":null,"est_estino":"PA","est_origem":"PA","extensao":14.01,"fonte":"LabTrans/Antaq","idantaq":9,"idhidrovia":200002131,"idm_estino":"BR150130","idm_origem":"BR150130","idseq":0,"jurisdicao":"AHIMOR","mun_estino":"Barcarena","mun_origem":"Barcarena","navegacao":"Navegação Interior","nom_eclusa":null,"nome":"Hidrovia do Tocantins","nome_rio":"Baía de Marajó","observacao":null,"pro_de_max":10.0,"pro_de_min":5.0,"reg_rafica":"Região Hidrográfica do Tocantins","snv":"Não","tempo":"0d 0h 56min","tipo":"Baía","vel_cional":15.0},"type":"Feature"},{"bbox":[-48.523985,-1.542601,-48.509398,-1.490179],"geometry":{"coordinates":[[-48.52399,-1.5426],[-48.52112,-1.53839],[-48.51398,-1.53271],[-48.5094,-1.52191],[-48.51211,-1.49018]],"type":"LineString"},"id":100,"properties":{"cla_icacao":"Navegável","dominio":null,"est_estino":"PA","est_origem":"PA","extensao":6.40093368013,"fonte":"LabTrans/Antaq","idantaq":9,"idhidrovia":200002133,"idm_estino":"BR150130","idm_origem":"BR150130","idseq":0,"jurisdicao":"AHIMOR","mun_estino":"Barcarena","mun_origem":"Barcarena","navegacao":"Navegação Interior","nom_eclusa":null,"nome":"Hidrovia do Tocantins","nome_rio":"Baía de Guajará","observacao":null,"pro_de_max":10.0,"pro_de_min":4.0,"reg_rafica":"Região Hidrográfica do Tocantins","snv":"Não","tempo":"0d 0h 25min","tipo":"Baía","vel_cional":15.0},"type":"Feature"},{"bbox":[-48.497618,-1.33087,-48.4942,-1.288023],"geometry":{"coordinates":[[-48.4942,-1.33087],[-48.49762,-1.30749],[-48.49591,-1.28802]],"type":"LineString"},"id":101,"properties":{"cla_icacao":"Navegável","dominio":null,"est_estino":"PA","est_origem":"PA","extensao":4.77670403365,"fonte":"LabTrans/Antaq","idantaq":9,"idhidrovia":200002135,"idm_estino":"BR150140","idm_origem":"BR150140","idseq":0,"jurisdicao":"AHIMOR","mun_estino":"Belém","mun_origem":"Belém","navegacao":"Navegação Interior","nom_eclusa":null,"nome":"Hidrovia do Tocantins","nome_rio":"Baía de Guajará","observacao":null,"pro_de_max":10.0,"pro_de_min":4.0,"reg_rafica":"Região Hidrográfica do Tocantins","snv":"Não","tempo":"0d 0h 19min","tipo":"Baía","vel_cional":15.0},"type":"Feature"},{"bbox":[-49.663065,-3.775448,-49.659041,-3.763289],"geometry":{"coordinates":[[-49.65904,-3.77545],[-49.65993,-3.77081],[-49.66307,-3.76329]],"type":"LineString"},"id":102,"properties":{"cla_icacao":"Navegável","dominio":"União","est_estino":"PA","est_origem":"PA","extensao":1.43105227481,"fonte":"LabTrans/ANA/Antaq","idantaq":9,"idhidrovia":200002136,"idm_estino":"BR150810","idm_origem":"BR150810","idseq":0,"jurisdicao":"AHIMOR","mun_estino":"Tucuruí","mun_origem":"Tucuruí","navegacao":"Navegação Interior","nom_eclusa":null,"nome":"Hidrovia do Tocantins","nome_rio":"Rio Tocantins","observacao":"Foz no oceano Atlântico _PA_ até o Lago da Barragem de Serra da Mesa _GO_, na confluência com o rio Tocantizinho _GO_.","pro_de_max":1.0,"pro_de_min":1.0,"reg_rafica":"Região Hidrográfica do Tocantins","snv":"Sim","tempo":"0d 0h 8min","tipo":"Rio","vel_cional":10.0},"type":"Feature"},{"bbox":[-49.661421,-3.834275,-49.659041,-3.775448],"geometry":{"coordinates":[[-49.66142,-3.83427],[-49.65986,-3.81646],[-49.6602,-3.80576],[-49.65904,-3.77545]],"type":"LineString"},"id":103,"properties":{"cla_icacao":"Navegável","dominio":"União","est_estino":"PA","est_origem":"PA","extensao":6.52880227374,"fonte":"LabTrans/ANA/Antaq","idantaq":9,"idhidrovia":200002137,"idm_estino":"BR150810","idm_origem":"BR150810","idseq":0,"jurisdicao":"AHIMOR","mun_estino":"Tucuruí","mun_origem":"Tucuruí","navegacao":"Navegação Interior","nom_eclusa":"Eclusa de Tucuruí","nome":"Hidrovia do Tocantins","nome_rio":"Rio Tocantins","observacao":"Foz no oceano Atlântico _PA_ até o Lago da Barragem de Serra da Mesa _GO_, na confluência com o rio Tocantizinho _GO_.","pro_de_max":5.5,"pro_de_min":5.0,"reg_rafica":"Região Hidrográfica do Tocantins","snv":"Sim","tempo":"0d 1h 18min","tipo":"Eclusa","vel_cional":5.0},"type":"Feature"},{"bbox":[-49.661716,-5.134738,-49.318637,-3.834275],"geometry":{"coordinates":[[-49.31864,-5.13474],[-49.31891,-5.1131],[-49.3233,-5.08899],[-49.32379,-5.07898],[-49.32312,-5.06927],[-49.32562,-5.06061],[-49.32989,-5.05029],[-49.33087,-5.04541],[-49.33118,-5.03949],[-49.32849,-5.02228],[-49.32953,-5.00549],[-49.33087,-4.99689],[-49.33411,-4.98651],[-49.33929,-4.97351],[-49.34448,-4.9649],[-49.3479,-4.94562],[-49.35193,-4.93793],[-49.35681,-4.93268],[-49.36511,-4.91888],[-49.36859,-4.91461],[-49.37421,-4.91162],[-49.40143,-4.906],[-49.4295,-4.89648],[-49.43152,-4.89172],[-49.43152,-4.87848],[-49.44049,-4.86572],[-49.4433,-4.8595],[-49.44702,-4.84527],[-49.448,-4.83789],[-49.44781,-4.83179],[-49.44287,-4.802],[-49.4353,-4.78851],[-49.43359,-4.78241],[-49.4342,-4.7677],[-49.43249,-4.75378],[-49.43371,-4.72528],[-49.43298,-4.68017],[-49.43011,-4.65777],[-49.42627,-4.64239],[-49.4234,-4.62579],[-49.4234,-4.61609],[-49.42578,-4.60748],[-49.43408,-4.59668],[-49.48437,-4.53747],[-49.49518,-4.5177],[-49.49683,-4.50189],[-49.49591,-4.4787],[-49.49341,-4.46332],[-49.49292,-4.42908],[-49.4986,-4.4079],[-49.51221,-4.38238],[-49.52429,-4.367],[-49.53888,-4.3548],[-49.55279,-4.34021],[-49.5611,-4.32318],[-49.57971,-4.27691],[-49.61261,-4.21142],[-49.63049,-4.12878],[-49.63818,-4.07178],[-49.63843,-4.05859],[-49.62689,-3.99652],[-49.62549,-3.98468],[-49.62262,-3.92688],[-49.6275,-3.88678],[-49.63085,-3.87236],[-49.63383,-3.86496],[-49.63809,-3.85796],[-49.64646,-3.84752],[-49.66049,-3.84002],[-49.66172,-3.83713],[-49.66142,-3.83427]],"type":"LineString"},"id":104,"properties":{"cla_icacao":"Navegável","dominio":"União","est_estino":"PA","est_origem":"PA","extensao":159.625164228,"fonte":"LabTrans/ANA/Antaq","idantaq":9,"idhidrovia":200002138,"idm_estino":"BR150370","idm_origem":"BR150810","idseq":0,"jurisdicao":"AHIMOR","mun_estino":"Itupiranga","mun_origem":"Tucuruí","navegacao":"Navegação Interior","nom_eclusa":null,"nome":"Hidrovia do Tocantins","nome_rio":"Rio Tocantins","observacao":"Foz no oceano Atlântico _PA_ até o Lago da Barragem de Serra da Mesa _GO_, na confluência com o rio Tocantizinho _GO_.","pro_de_max":3.0,"pro_de_min":1.0,"reg_rafica":"Região Hidrográfica do Tocantins","snv":"Sim","tempo":"0d 15h 57min","tipo":"Rio","vel_cional":10.0},"type":"Feature"},{"bbox":[-57.755983,-2.545775,-57.553282,-2.409911],"geometry":{"coordinates":[[-57.75598,-2.54075],[-57.7456,-2.54382],[-57.72882,-2.54577],[-57.7229,-2.54529],[-57.71881,-2.5448],[-57.70288,-2.53979],[-57.69281,-2.53528],[-57.6767,-2.52301],[-57.67059,-2.5169],[-57.6607,-2.5025],[-57.65808,-2.49701],[-57.65381,-2.48358],[-57.64807,-2.47443],[-57.64038,-2.46588],[-57.63458,-2.46112],[-57.61279,-2.43731],[-57.59582,-2.42407],[-57.58893,-2.41717],[-57.5816,-2.41229],[-57.57617,-2.41028],[-57.57178,-2.40991],[-57.55328,-2.41028]],"type":"LineString"},"id":105,"properties":{"cla_icacao":"Navegável","dominio":"Estados ou Distrito Federal","est_estino":"AM","est_origem":"AM","extensao":29.1890202879,"fonte":"LabTrans/ANA/Antaq","idantaq":1,"idhidrovia":200002149,"idm_estino":"BR130430","idm_origem":"BR130430","idseq":0,"jurisdicao":"AHIMOC","mun_estino":"Urucará","mun_origem":"Urucará","navegacao":"Navegação Interior","nom_eclusa":null,"nome":"Hidrovia do Amazonas","nome_rio":"Rio Uatumã","observacao":"Foz no rio Amazonas _AM_ até a barragem da UHE de Balbina _AM_.","pro_de_max":3.5,"pro_de_min":2.0,"reg_rafica":"Região Hidrográfica Amazônica","snv":"Sim","tempo":"0d 1h 56min","tipo":"Rio","vel_cional":15.0},"type":"Feature"},{"bbox":[-52.21918,-32.038542,-52.075164,-31.788054],"geometry":{"coordinates":[[-52.21918,-31.78805],[-52.19067,-31.80021],[-52.16831,-31.8132],[-52.14645,-31.83158],[-52.10145,-31.87312],[-52.08876,-31.89228],[-52.08267,-31.91567],[-52.0811,-31.94955],[-52.08182,-31.96815],[-52.08136,-31.98038],[-52.07973,-32.00612],[-52.07516,-32.03854]],"type":"LineString"},"id":106,"properties":{"cla_icacao":"Navegável","dominio":"Estados ou Distrito Federal","est_estino":"RS","est_origem":"RS","extensao":33.5058110656,"fonte":"LabTrans/Antaq","idantaq":18,"idhidrovia":200002152,"idm_estino":"BR431440","idm_origem":"BR431560","idseq":0,"jurisdicao":"SPH","mun_estino":"Pelotas","mun_origem":"Rio Grande","navegacao":"Navegação Interior","nom_eclusa":null,"nome":"Hidrovia do Sul","nome_rio":"Lagoa dos Patos","observacao":"Confluência com o oceano Atlântico até a confluência com o Lago Guaíba _RS_.","pro_de_max":5.4,"pro_de_min":5.4,"reg_rafica":"Região Hidrográfica Atlântico Sul","snv":"Sim","tempo":"0d 1h 20min","tipo":"Laguna","vel_cional":25.0},"type":"Feature"},{"bbox":[-51.246557,-30.957512,-50.942831,-30.363611],"geometry":{"coordinates":[[-51.08676,-30.36361],[-51.08142,-30.37732],[-51.07736,-30.3971],[-51.0741,-30.40843],[-51.06749,-30.42018],[-51.01489,-30.47677],[-50.99212,-30.49251],[-50.97448,-30.50611],[-50.95342,-30.53469],[-50.94283,-30.58068],[-50.95862,-30.62812],[-50.97914,-30.68071],[-50.99679,-30.71052],[-51.02117,-30.73239],[-51.08709,-30.7857],[-51.16638,-30.86025],[-51.22586,-30.92802],[-51.24656,-30.95751]],"type":"LineString"},"id":107,"properties":{"cla_icacao":"Navegável","dominio":"Estados ou Distrito Federal","est_estino":"RS","est_origem":"RS","extensao":80.4344187083,"fonte":"LabTrans/Antaq","idantaq":18,"idhidrovia":200002153,"idm_estino":"BR430190","idm_origem":"BR431250","idseq":0,"jurisdicao":"SPH","mun_estino":"Barra do Ribeiro","mun_origem":"Mostardas","navegacao":"Navegação Interior","nom_eclusa":null,"nome":"Hidrovia do Sul","nome_rio":"Lagoa dos Patos","observacao":"Confluência com o oceano Atlântico até a confluência com o Lago Guaíba _RS_.","pro_de_max":5.4,"pro_de_min":5.4,"reg_rafica":"Região Hidrográfica Atlântico Sul","snv":"Sim","tempo":"0d 3h 13min","tipo":"Laguna","vel_cional":25.0},"type":"Feature"},{"bbox":[-51.23573,-29.991349,-51.209111,-29.936126],"geometry":{"coordinates":[[-51.23573,-29.93613],[-51.23133,-29.94173],[-51.23038,-29.94452],[-51.22629,-29.96513],[-51.22484,-29.96924],[-51.22237,-29.97408],[-51.21591,-29.98326],[-51.20911,-29.99135]],"type":"LineString"},"id":108,"properties":{"cla_icacao":"Navegável","dominio":"Estados ou Distrito Federal","est_estino":"RS","est_origem":"RS","extensao":6.76577052638,"fonte":"LabTrans/ANA/Antaq","idantaq":18,"idhidrovia":200002154,"idm_estino":"BR431337","idm_origem":"BR431490","idseq":0,"jurisdicao":"SPH","mun_estino":"Nova Santa Rita","mun_origem":"Porto Alegre","navegacao":"Navegação Interior","nom_eclusa":null,"nome":"Hidrovia do Sul","nome_rio":"Rio Jacuí","observacao":"Foz na Lagoa Guaíba _RS_ até Dona Francisca _RS_.","pro_de_max":1.2,"pro_de_min":1.0,"reg_rafica":"Região Hidrográfica Atlântico Sul","snv":"Sim","tempo":"0d 0h 40min","tipo":"Rio","vel_cional":10.0},"type":"Feature"},{"bbox":[-51.209111,-29.991349,-51.202024,-29.972752],"geometry":{"coordinates":[[-51.20202,-29.97275],[-51.20443,-29.97795],[-51.20619,-29.98585],[-51.20911,-29.99135]],"type":"LineString"},"id":109,"properties":{"cla_icacao":"Navegável","dominio":"Estados ou Distrito Federal","est_estino":"RS","est_origem":"RS","extensao":2.18871157013,"fonte":"LabTrans/ANA/Antaq","idantaq":18,"idhidrovia":200002155,"idm_estino":"BR431490","idm_origem":"BR431490","idseq":0,"jurisdicao":"SPH","mun_estino":"Porto Alegre","mun_origem":"Porto Alegre","navegacao":"Navegação Interior","nom_eclusa":null,"nome":"Hidrovia do Sul","nome_rio":"Rio Gravataí","observacao":"Foz no Delta do rio Jacuí _RS_ até Gravataí _RS_.","pro_de_max":1.6,"pro_de_min":1.0,"reg_rafica":"Região Hidrográfica Atlântico Sul","snv":"Sim","tempo":"0d 0h 13min","tipo":"Rio","vel_cional":10.0},"type":"Feature"},{"bbox":[-51.204421,-29.972752,-51.201961,-29.967418],"geometry":{"coordinates":[[-51.20442,-29.96742],[-51.20196,-29.97101],[-51.20202,-29.97275]],"type":"LineString"},"id":110,"properties":{"cla_icacao":"Navegável","dominio":"Estados ou Distrito Federal","est_estino":"RS","est_origem":"RS","extensao":0.668711117797,"fonte":"LabTrans/ANA/Antaq","idantaq":18,"idhidrovia":200002156,"idm_estino":"BR431490","idm_origem":"BR431490","idseq":0,"jurisdicao":"SPH","mun_estino":"Porto Alegre","mun_origem":"Porto Alegre","navegacao":"Navegação Interior","nom_eclusa":null,"nome":"Hidrovia do Sul","nome_rio":"Rio Gravataí _acesso_","observacao":"Foz no Delta do rio Jacuí _RS_ até Gravataí _RS_.","pro_de_max":1.6,"pro_de_min":1.0,"reg_rafica":"Região Hidrográfica Atlântico Sul","snv":"Sim","tempo":"0d 0h 4min","tipo":"Rio","vel_cional":10.0},"type":"Feature"},{"bbox":[-51.19917,-29.970596,-51.179198,-29.967898],"geometry":{"coordinates":[[-51.1792,-29.9679],[-51.18311,-29.96886],[-51.18701,-29.96819],[-51.19357,-29.96876],[-51.19917,-29.9706]],"type":"LineString"},"id":111,"properties":{"cla_icacao":"Navegável","dominio":"Estados ou Distrito Federal","est_estino":"RS","est_origem":"RS","extensao":2.000766552,"fonte":"LabTrans/ANA/Antaq","idantaq":18,"idhidrovia":200002157,"idm_estino":"BR430460","idm_origem":"BR431490","idseq":0,"jurisdicao":"SPH","mun_estino":"Canoas","mun_origem":"Porto Alegre","navegacao":"Navegação Interior","nom_eclusa":null,"nome":"Hidrovia do Sul","nome_rio":"Rio Gravataí","observacao":"Foz no Delta do rio Jacuí _RS_ até Gravataí _RS_.","pro_de_max":1.6,"pro_de_min":1.0,"reg_rafica":"Região Hidrográfica Atlântico Sul","snv":"Sim","tempo":"0d 0h 12min","tipo":"Rio","vel_cional":10.0},"type":"Feature"},{"bbox":[-51.62404,-29.987596,-51.314435,-29.927266],"geometry":{"coordinates":[[-51.62404,-29.94798],[-51.58587,-29.94025],[-51.56611,-29.93885],[-51.54021,-29.92824],[-51.52666,-29.92765],[-51.51667,-29.92845],[-51.50712,-29.92727],[-51.49937,-29.92977],[-51.48596,-29.94017],[-51.48143,-29.94202],[-51.47555,-29.94316],[-51.47024,-29.9455],[-51.46472,-29.94933],[-51.45387,-29.96109],[-51.44806,-29.972],[-51.44383,-29.97761],[-51.43802,-29.98168],[-51.42281,-29.98632],[-51.41067,-29.9876],[-51.40266,-29.98632],[-51.37461,-29.97442],[-51.368,-29.97028],[-51.35736,-29.95988],[-51.34368,-29.95138],[-51.32702,-29.9468],[-51.31444,-29.94627]],"type":"LineString"},"id":112,"properties":{"cla_icacao":"Navegável","dominio":"Estados ou Distrito Federal","est_estino":"RS","est_origem":"RS","extensao":34.4300656377,"fonte":"LabTrans/ANA/Antaq","idantaq":18,"idhidrovia":200002159,"idm_estino":"BR430535","idm_origem":"BR432200","idseq":0,"jurisdicao":"SPH","mun_estino":"Charqueadas","mun_origem":"Triunfo","navegacao":"Navegação Interior","nom_eclusa":null,"nome":"Hidrovia do Sul","nome_rio":"Rio Jacuí","observacao":"Foz na Lagoa Guaíba _RS_ até Dona Francisca _RS_.","pro_de_max":1.2,"pro_de_min":1.0,"reg_rafica":"Região Hidrográfica Atlântico Sul","snv":"Sim","tempo":"0d 3h 26min","tipo":"Rio","vel_cional":10.0},"type":"Feature"},{"bbox":[-51.266069,-29.936126,-51.23573,-29.933025],"geometry":{"coordinates":[[-51.26607,-29.93463],[-51.25482,-29.93303],[-51.24407,-29.93369],[-51.23573,-29.93613]],"type":"LineString"},"id":113,"properties":{"cla_icacao":"Navegável","dominio":"Estados ou Distrito Federal","est_estino":"RS","est_origem":"RS","extensao":2.99,"fonte":"LabTrans/ANA/Antaq","idantaq":18,"idhidrovia":200002160,"idm_estino":"BR432200","idm_origem":"BR431337","idseq":0,"jurisdicao":"SPH","mun_estino":"Triunfo","mun_origem":"Nova Santa Rita","navegacao":"Navegação Interior","nom_eclusa":null,"nome":"Hidrovia do Sul","nome_rio":"Rio Jacuí","observacao":"Foz na Lagoa Guaíba _RS_ até Dona Francisca _RS_.","pro_de_max":1.2,"pro_de_min":1.0,"reg_rafica":"Região Hidrográfica Atlântico Sul","snv":"Sim","tempo":"0d 0h 17min","tipo":"Rio","vel_cional":10.0},"type":"Feature"},{"bbox":[-51.244302,-29.936126,-51.23573,-29.916215],"geometry":{"coordinates":[[-51.24012,-29.91622],[-51.24104,-29.91836],[-51.24422,-29.9207],[-51.2443,-29.92279],[-51.23978,-29.92624],[-51.23833,-29.92836],[-51.23573,-29.93613]],"type":"LineString"},"id":114,"properties":{"cla_icacao":"Navegável","dominio":"Estados ou Distrito Federal","est_estino":"RS","est_origem":"RS","extensao":2.65023569732,"fonte":"LabTrans/ANA/Antaq","idantaq":18,"idhidrovia":200002161,"idm_estino":"BR430460","idm_origem":"BR431337","idseq":0,"jurisdicao":"SPH","mun_estino":"Canoas","mun_origem":"Nova Santa Rita","navegacao":"Navegação Interior","nom_eclusa":null,"nome":"Hidrovia do Sul","nome_rio":"Rio dos Sinos","observacao":"Foz no Delata do rio Jacuí _RS_ até São Leopoldo _RS_.","pro_de_max":1.2,"pro_de_min":1.0,"reg_rafica":"Região Hidrográfica Atlântico Sul","snv":"Sim","tempo":"0d 0h 15min","tipo":"Rio","vel_cional":10.0},"type":"Feature"},{"bbox":[-51.373363,-29.946275,-51.314435,-29.901741],"geometry":{"coordinates":[[-51.37336,-29.90174],[-51.32702,-29.93594],[-51.31444,-29.94627]],"type":"LineString"},"id":115,"properties":{"cla_icacao":"Navegável","dominio":null,"est_estino":"RS","est_origem":"RS","extensao":7.53489204496,"fonte":"LabTrans/Antaq","idantaq":18,"idhidrovia":200002162,"idm_estino":"BR432200","idm_origem":"BR432200","idseq":0,"jurisdicao":"SPH","mun_estino":"Triunfo","mun_origem":"Triunfo","navegacao":"Navegação Interior","nom_eclusa":null,"nome":"Hidrovia do Sul","nome_rio":"Canal Santa Clara","observacao":null,"pro_de_max":3.0,"pro_de_min":2.5,"reg_rafica":"Região Hidrográfica Atlântico Sul","snv":"Não","tempo":"0d 0h 45min","tipo":"Canal","vel_cional":10.0},"type":"Feature"},{"bbox":[-52.334335,-31.788054,-52.21918,-31.773412],"geometry":{"coordinates":[[-52.33434,-31.78271],[-52.32084,-31.78295],[-52.31752,-31.78196],[-52.3048,-31.77451],[-52.29937,-31.77341],[-52.26727,-31.77666],[-52.25695,-31.77921],[-52.24313,-31.78562],[-52.23537,-31.78771],[-52.21918,-31.78805]],"type":"LineString"},"id":116,"properties":{"cla_icacao":"Navegável","dominio":"Estados ou Distrito Federal","est_estino":"RS","est_origem":"RS","extensao":11.4860568014,"fonte":"LabTrans/Antaq","idantaq":18,"idhidrovia":200002171,"idm_estino":"BR431440","idm_origem":"BR431440","idseq":0,"jurisdicao":"SPH","mun_estino":"Pelotas","mun_origem":"Pelotas","navegacao":"Navegação Interior","nom_eclusa":null,"nome":"Hidrovia do Sul","nome_rio":"Canal de São Gonçalo","observacao":"Foz na Lagoa dos Patos _RS_ até o emboque de montante na Lagoa Mirim.","pro_de_max":6.0,"pro_de_min":6.0,"reg_rafica":"Região Hidrográfica Atlântico Sul","snv":"Sim","tempo":"0d 0h 27min","tipo":"Canal","vel_cional":25.0},"type":"Feature"},{"bbox":[-51.307583,-30.138361,-51.21088,-30.005884],"geometry":{"coordinates":[[-51.21088,-30.00588],[-51.21602,-30.01266],[-51.22249,-30.01861],[-51.24031,-30.02887],[-51.2462,-30.03658],[-51.24985,-30.04819],[-51.25536,-30.05776],[-51.26011,-30.06369],[-51.2739,-30.07533],[-51.28277,-30.08606],[-51.28804,-30.09558],[-51.29816,-30.11898],[-51.30078,-30.13078],[-51.30255,-30.13478],[-51.30485,-30.13718],[-51.30758,-30.13836]],"type":"LineString"},"id":117,"properties":{"cla_icacao":"Navegável","dominio":"Estados ou Distrito Federal","est_estino":"RS","est_origem":"RS","extensao":17.9341330308,"fonte":"LabTrans/Antaq","idantaq":18,"idhidrovia":200002173,"idm_estino":"BR431490","idm_origem":"BR430930","idseq":0,"jurisdicao":"SPH","mun_estino":"Porto Alegre","mun_origem":"Guaíba","navegacao":"Navegação Interior","nom_eclusa":null,"nome":"Hidrovia do Sul","nome_rio":"Lago Guaíba","observacao":"Confluência com a Lagoa dos Patos _RS_ até o Delta do rio Jacuí.","pro_de_max":12.0,"pro_de_min":2.0,"reg_rafica":"Região Hidrográfica Atlântico Sul","snv":"Sim","tempo":"0d 0h 43min","tipo":"Lago","vel_cional":25.0},"type":"Feature"},{"bbox":[-51.202024,-29.972752,-51.19917,-29.970596],"geometry":{"coordinates":[[-51.19917,-29.9706],[-51.20202,-29.97275]],"type":"LineString"},"id":118,"properties":{"cla_icacao":"Navegável","dominio":"Estados ou Distrito Federal","est_estino":"RS","est_origem":"RS","extensao":0.364692191743,"fonte":"LabTrans/ANA/Antaq","idantaq":18,"idhidrovia":200002174,"idm_estino":"BR431490","idm_origem":"BR431490","idseq":0,"jurisdicao":"SPH","mun_estino":"Porto Alegre","mun_origem":"Porto Alegre","navegacao":"Navegação Interior","nom_eclusa":null,"nome":"Hidrovia do Sul","nome_rio":"Rio Gravataí","observacao":"Foz no Delta do rio Jacuí _RS_ até Gravataí _RS_.","pro_de_max":1.6,"pro_de_min":1.0,"reg_rafica":"Região Hidrográfica Atlântico Sul","snv":"Sim","tempo":"0d 0h 2min","tipo":"Rio","vel_cional":10.0},"type":"Feature"},{"bbox":[-51.21088,-30.005884,-51.208674,-29.991349],"geometry":{"coordinates":[[-51.20911,-29.99135],[-51.20867,-29.99596],[-51.21088,-30.00588]],"type":"LineString"},"id":119,"properties":{"cla_icacao":"Navegável","dominio":"Estados ou Distrito Federal","est_estino":"RS","est_origem":"RS","extensao":1.63712669418,"fonte":"LabTrans/Antaq","idantaq":18,"idhidrovia":200002185,"idm_estino":"BR431490","idm_origem":"BR431490","idseq":0,"jurisdicao":"SPH","mun_estino":"Porto Alegre","mun_origem":"Porto Alegre","navegacao":"Navegação Interior","nom_eclusa":null,"nome":"Hidrovia do Sul","nome_rio":"Lago Guaíba","observacao":"Confluência com a Lagoa dos Patos _RS_ até o Delta do rio Jacuí.","pro_de_max":12.0,"pro_de_min":2.0,"reg_rafica":"Região Hidrográfica Atlântico Sul","snv":"Sim","tempo":"0d 0h 9min","tipo":"Lago","vel_cional":10.0},"type":"Feature"},{"bbox":[-54.591033,-25.592547,-54.580187,-25.59191],"geometry":{"coordinates":[[-54.59103,-25.59255],[-54.58019,-25.59191]],"type":"LineString"},"id":120,"properties":{"cla_icacao":"Navegável","dominio":"União","est_estino":"PR","est_origem":"PR","extensao":1.10095625695,"fonte":"LabTrans/ANA/Antaq","idantaq":3,"idhidrovia":200002203,"idm_estino":"BR410830","idm_origem":"BR410830","idseq":0,"jurisdicao":"AHRANA","mun_estino":"Foz do Iguaçu","mun_origem":"Foz do Iguaçu","navegacao":"Navegação Interior","nom_eclusa":null,"nome":"Hidrovia do Tietê - Paraná","nome_rio":"Rio Iguaçu","observacao":"Foz no rio Paraná _PR_ até o sopé das Cataratas do Iguaçu.","pro_de_max":5.0,"pro_de_min":2.0,"reg_rafica":"Região Hidrográfica do Paraná","snv":"Sim","tempo":"0d 0h 6min","tipo":"Rio","vel_cional":10.0},"type":"Feature"},{"bbox":[-68.505932,-10.650436,-67.809386,-9.975606],"geometry":{"coordinates":[[-68.50593,-10.65044],[-68.50482,-10.64577],[-68.50139,-10.64347],[-68.48728,-10.64142],[-68.47965,-10.63297],[-68.46907,-10.6315],[-68.46437,-10.62829],[-68.45937,-10.62756],[-68.45702,-10.62858],[-68.45582,-10.63962],[-68.45332,-10.64311],[-68.44964,-10.64368],[-68.44774,-10.64194],[-68.44863,-10.6351],[-68.44658,-10.63088],[-68.44379,-10.63161],[-68.44304,-10.63771],[-68.44025,-10.63974],[-68.43452,-10.63392],[-68.42673,-10.63143],[-68.42129,-10.6243],[-68.41044,-10.62209],[-68.40912,-10.61889],[-68.41398,-10.61439],[-68.41295,-10.61178],[-68.39297,-10.60781],[-68.39413,-10.62061],[-68.39235,-10.62294],[-68.39029,-10.62323],[-68.38781,-10.61667],[-68.38355,-10.61405],[-68.38047,-10.61419],[-68.37693,-10.61985],[-68.37295,-10.62159],[-68.36915,-10.6117],[-68.36695,-10.60937],[-68.36213,-10.60767],[-68.3596,-10.6095],[-68.36208,-10.61779],[-68.35914,-10.62084],[-68.3512,-10.62286],[-68.34841,-10.62023],[-68.34783,-10.61544],[-68.34328,-10.61048],[-68.33065,-10.61002],[-68.33063,-10.61584],[-68.32652,-10.61583],[-68.31861,-10.60345],[-68.30922,-10.59617],[-68.30657,-10.5963],[-68.30568,-10.59805],[-68.31302,-10.60519],[-68.31331,-10.60824],[-68.31081,-10.61056],[-68.30595,-10.61012],[-68.2995,-10.60327],[-68.29627,-10.60195],[-68.29392,-10.60209],[-68.29347,-10.605],[-68.29654,-10.60894],[-68.29419,-10.61125],[-68.28802,-10.60979],[-68.28478,-10.61124],[-68.28097,-10.61036],[-68.27612,-10.60584],[-68.27703,-10.59697],[-68.27512,-10.59347],[-68.27012,-10.59361],[-68.26365,-10.5984],[-68.25835,-10.59984],[-68.25747,-10.59736],[-68.2591,-10.59518],[-68.26748,-10.59069],[-68.26838,-10.58706],[-68.26691,-10.58517],[-68.25604,-10.58398],[-68.2475,-10.5908],[-68.2447,-10.59035],[-68.2453,-10.58716],[-68.25164,-10.58019],[-68.2493,-10.57713],[-68.24122,-10.57493],[-68.24034,-10.5729],[-68.24373,-10.56897],[-68.24344,-10.56442],[-68.21445,-10.56243],[-68.20554,-10.55754],[-68.18894,-10.55503],[-68.18926,-10.54704],[-68.18103,-10.54716],[-68.17737,-10.54264],[-68.17252,-10.53987],[-68.17122,-10.5339],[-68.15876,-10.52137],[-68.15303,-10.5215],[-68.14655,-10.52497],[-68.14354,-10.52511],[-68.13481,-10.52014],[-68.12776,-10.51969],[-68.12395,-10.51605],[-68.1244,-10.51328],[-68.13438,-10.51491],[-68.13644,-10.5136],[-68.1366,-10.51012],[-68.13455,-10.50792],[-68.12604,-10.50456],[-68.11017,-10.5051],[-68.10502,-10.50378],[-68.1018,-10.5013],[-68.09269,-10.50127],[-68.08932,-10.49821],[-68.0861,-10.49122],[-68.07908,-10.48378],[-68.06279,-10.4756],[-68.06621,-10.46121],[-68.06534,-10.45918],[-68.06254,-10.45887],[-68.05385,-10.46975],[-68.0462,-10.46973],[-68.04108,-10.46536],[-68.04051,-10.45721],[-68.0389,-10.45401],[-68.02524,-10.45411],[-68.01292,-10.44957],[-68.00811,-10.43603],[-67.99944,-10.436],[-67.99753,-10.43469],[-67.99565,-10.42581],[-67.99287,-10.42159],[-67.98964,-10.421],[-67.98303,-10.42287],[-67.97621,-10.41715],[-67.97593,-10.41428],[-67.98028,-10.40817],[-67.98015,-10.40367],[-67.97868,-10.40235],[-67.9756,-10.40176],[-67.95854,-10.40912],[-67.95487,-10.40897],[-67.95312,-10.40503],[-67.95241,-10.39427],[-67.94233,-10.38115],[-67.9447,-10.37403],[-67.94338,-10.37228],[-67.93165,-10.36687],[-67.92885,-10.36758],[-67.92576,-10.37325],[-67.92399,-10.37324],[-67.92238,-10.36919],[-67.92476,-10.36263],[-67.91803,-10.35533],[-67.92275,-10.34881],[-67.92261,-10.34604],[-67.92019,-10.34436],[-67.91704,-10.34443],[-67.91232,-10.34964],[-67.90454,-10.34802],[-67.89996,-10.35615],[-67.89554,-10.35831],[-67.89335,-10.35656],[-67.89484,-10.34988],[-67.89293,-10.34871],[-67.88618,-10.3497],[-67.88369,-10.34766],[-67.8805,-10.33456],[-67.88463,-10.32833],[-67.88145,-10.31348],[-67.87926,-10.31202],[-67.8725,-10.31316],[-67.86869,-10.31154],[-67.86752,-10.30907],[-67.8687,-10.30587],[-67.87372,-10.30138],[-67.87387,-10.29877],[-67.87138,-10.29716],[-67.86388,-10.29946],[-67.86007,-10.29668],[-67.85922,-10.28825],[-67.85776,-10.28635],[-67.84984,-10.28356],[-67.84913,-10.27832],[-67.85206,-10.27702],[-67.85763,-10.2817],[-67.8616,-10.28055],[-67.8597,-10.27632],[-67.85677,-10.27515],[-67.85298,-10.26656],[-67.84813,-10.26683],[-67.8424,-10.27015],[-67.83887,-10.27029],[-67.83418,-10.26954],[-67.82906,-10.26444],[-67.82731,-10.25847],[-67.83821,-10.25037],[-67.83852,-10.24658],[-67.83472,-10.24206],[-67.82932,-10.24046],[-67.82041,-10.21961],[-67.82336,-10.2157],[-67.83233,-10.21195],[-67.83365,-10.20978],[-67.83309,-10.20483],[-67.83016,-10.20235],[-67.82591,-10.20146],[-67.81291,-10.20162],[-67.81117,-10.20065],[-67.8107,-10.19691],[-67.81596,-10.19401],[-67.81611,-10.19139],[-67.80982,-10.1838],[-67.80939,-10.18104],[-67.81072,-10.17872],[-67.81763,-10.17598],[-67.81942,-10.16843],[-67.8142,-10.1587],[-67.81669,-10.15746],[-67.82254,-10.15826],[-67.82314,-10.15331],[-67.82067,-10.14705],[-67.82832,-10.14156],[-67.82847,-10.13981],[-67.82584,-10.13776],[-67.8191,-10.13658],[-67.81837,-10.13527],[-67.82118,-10.12786],[-67.83368,-10.1218],[-67.83545,-10.11817],[-67.83269,-10.11074],[-67.83652,-10.10857],[-67.83667,-10.10653],[-67.82846,-10.10374],[-67.82907,-10.09764],[-67.82688,-10.09414],[-67.82777,-10.09022],[-67.83159,-10.08819],[-67.83364,-10.09097],[-67.83584,-10.09141],[-67.841,-10.08561],[-67.84598,-10.08766],[-67.84761,-10.08375],[-67.84206,-10.07747],[-67.8409,-10.07179],[-67.84399,-10.0686],[-67.8503,-10.06863],[-67.85747,-10.07447],[-67.86188,-10.07362],[-67.85867,-10.0672],[-67.85824,-10.06284],[-67.85988,-10.05935],[-67.86807,-10.05182],[-67.87168,-10.04078],[-67.88225,-10.03922],[-67.88416,-10.03617],[-67.88183,-10.03121],[-67.87054,-10.02943],[-67.8609,-10.01849],[-67.85284,-10.01454],[-67.84744,-10.00652],[-67.83835,-10.00605],[-67.83279,-10.0008],[-67.82546,-9.99917],[-67.82165,-9.9961],[-67.82109,-9.99131],[-67.82256,-9.98841],[-67.82815,-9.98362],[-67.82701,-9.97722],[-67.82246,-9.97561],[-67.80939,-9.98022]],"type":"LineString"},"id":121,"properties":{"cla_icacao":"Navegação inexpressiva","dominio":"União","est_estino":"AC","est_origem":"AC","extensao":194.98675729,"fonte":"ANA/Antaq","idantaq":2,"idhidrovia":200002206,"idm_estino":"BR120070","idm_origem":"BR120040","idseq":0,"jurisdicao":"AHIMOC","mun_estino":"Xapuri","mun_origem":"Rio Branco","navegacao":"Navegação Interior","nom_eclusa":null,"nome":"Hidrovia do Solimões","nome_rio":"Rio Acre","observacao":"Foz no rio Purus _AM_ à Brasiléia _AC_","pro_de_max":3.0,"pro_de_min":0.3,"reg_rafica":"Região Hidrográfica Amazônica","snv":"Sim","tempo":"0d 19h 29min","tipo":"Rio","vel_cional":10.0},"type":"Feature"},{"bbox":[-68.595007,-9.09533,-67.400294,-8.747499],"geometry":{"coordinates":[[-68.59448,-9.02957],[-68.59501,-9.03357],[-68.59045,-9.03909],[-68.58623,-9.04137],[-68.5586,-9.03779],[-68.54365,-9.03877],[-68.54169,-9.03617],[-68.54104,-9.02284],[-68.55112,-9.00107],[-68.55112,-8.99651],[-68.54852,-8.99424],[-68.54332,-8.99456],[-68.52869,-9.00626],[-68.52252,-9.00626],[-68.51179,-8.99098],[-68.50594,-8.98839],[-68.50074,-8.98806],[-68.49424,-8.98969],[-68.48455,-9.00864],[-68.48026,-9.02057],[-68.48514,-9.03747],[-68.48514,-9.04202],[-68.48318,-9.04429],[-68.47408,-9.04397],[-68.46303,-9.04169],[-68.45783,-9.03909],[-68.45263,-9.03909],[-68.451,-9.0469],[-68.45263,-9.05437],[-68.46239,-9.05892],[-68.46401,-9.06185],[-68.46303,-9.06542],[-68.45172,-9.07313],[-68.4315,-9.0768],[-68.4107,-9.0651],[-68.4055,-9.06445],[-68.40127,-9.06672],[-68.4003,-9.0703],[-68.40224,-9.07518],[-68.4094,-9.08297],[-68.4107,-9.0898],[-68.40322,-9.09338],[-68.3873,-9.09533],[-68.38209,-9.09403],[-68.38372,-9.08818],[-68.38859,-9.08005],[-68.38892,-9.07355],[-68.37462,-9.06542],[-68.36519,-9.05567],[-68.36064,-9.05535],[-68.35772,-9.0573],[-68.35674,-9.06542],[-68.34894,-9.0807],[-68.34504,-9.08298],[-68.33756,-9.082],[-68.32228,-9.07062],[-68.31383,-9.06672],[-68.30798,-9.06835],[-68.30505,-9.07615],[-68.30505,-9.08525],[-68.30115,-9.0911],[-68.29757,-9.09046],[-68.29498,-9.0872],[-68.28718,-9.07127],[-68.28815,-9.06087],[-68.29303,-9.0586],[-68.29563,-9.05405],[-68.29336,-9.05275],[-68.28425,-9.05502],[-68.27775,-9.06282],[-68.26995,-9.06705],[-68.26539,-9.06608],[-68.2576,-9.05502],[-68.22086,-9.04982],[-68.21339,-9.0521],[-68.20917,-9.05502],[-68.20851,-9.06477],[-68.21046,-9.06997],[-68.20981,-9.0794],[-68.20299,-9.08103],[-68.18576,-9.069],[-68.17893,-9.06867],[-68.17763,-9.07062],[-68.17861,-9.08428],[-68.17568,-9.08785],[-68.16691,-9.09045],[-68.15456,-9.0885],[-68.13895,-9.07583],[-68.13668,-9.06932],[-68.13537,-9.02999],[-68.13277,-9.02089],[-68.12627,-9.01829],[-68.11685,-9.02024],[-68.10125,-9.02772],[-68.09799,-9.02707],[-68.09507,-9.02382],[-68.09929,-9.01374],[-68.09929,-9.00919],[-68.09702,-9.00821],[-68.09117,-9.00984],[-68.07491,-9.02122],[-68.07036,-9.02284],[-68.05834,-9.02382],[-68.05281,-9.02609],[-68.04664,-9.03357],[-68.04205,-9.03576],[-68.04014,-9.03455],[-68.03851,-9.01732],[-68.03331,-9.00626],[-68.03526,-8.99326],[-68.03428,-8.98709],[-68.03136,-8.98448],[-68.02583,-8.98416],[-68.019,-8.98644],[-67.99917,-8.99976],[-67.9722,-9.00366],[-67.96992,-9.00204],[-67.96797,-8.98904],[-67.9722,-8.96855],[-67.9722,-8.96498],[-67.97057,-8.96303],[-67.96765,-8.96303],[-67.96407,-8.96596],[-67.96049,-8.97246],[-67.95985,-8.97831],[-67.95627,-8.98383],[-67.95107,-8.98904],[-67.94554,-8.98969],[-67.94132,-8.98286],[-67.93904,-8.96433],[-67.93677,-8.95978],[-67.90556,-8.93833],[-67.90458,-8.93313],[-67.90719,-8.93118],[-67.91369,-8.9289],[-67.91727,-8.92565],[-67.91824,-8.92272],[-67.91731,-8.92017],[-67.91109,-8.91557],[-67.89938,-8.91557],[-67.88769,-8.91947],[-67.87891,-8.93573],[-67.87403,-8.95588],[-67.86753,-8.96628],[-67.86233,-8.96466],[-67.86005,-8.96043],[-67.86038,-8.95263],[-67.86493,-8.93508],[-67.86493,-8.91915],[-67.86298,-8.91525],[-67.85876,-8.91232],[-67.85518,-8.91167],[-67.84575,-8.9146],[-67.83893,-8.91948],[-67.83405,-8.92077],[-67.83047,-8.9198],[-67.82852,-8.91622],[-67.82982,-8.91265],[-67.83762,-8.90062],[-67.83568,-8.89542],[-67.83307,-8.89477],[-67.82658,-8.89672],[-67.81325,-8.91037],[-67.8061,-8.91135],[-67.79927,-8.90615],[-67.79927,-8.90257],[-67.80187,-8.89639],[-67.80967,-8.89282],[-67.81064,-8.88924],[-67.80935,-8.88502],[-67.80025,-8.88274],[-67.79537,-8.88307],[-67.79114,-8.88502],[-67.77944,-8.89542],[-67.77521,-8.89574],[-67.77034,-8.89119],[-67.76351,-8.87234],[-67.76026,-8.86779],[-67.75506,-8.86714],[-67.74011,-8.87007],[-67.73458,-8.87006],[-67.73231,-8.86779],[-67.72938,-8.85284],[-67.72613,-8.84796],[-67.71866,-8.84699],[-67.7115,-8.85121],[-67.7089,-8.85023],[-67.70533,-8.83756],[-67.6946,-8.82976],[-67.68452,-8.82716],[-67.68094,-8.82748],[-67.67315,-8.83983],[-67.66957,-8.84309],[-67.65169,-8.84731],[-67.64551,-8.85284],[-67.62893,-8.85382],[-67.62731,-8.85641],[-67.62731,-8.86096],[-67.63544,-8.86974],[-67.62991,-8.87592],[-67.62374,-8.87201],[-67.61789,-8.86162],[-67.61496,-8.85934],[-67.61139,-8.86031],[-67.59968,-8.87624],[-67.59773,-8.87722],[-67.59416,-8.87624],[-67.59188,-8.87299],[-67.59123,-8.85739],[-67.59513,-8.84731],[-67.60781,-8.84764],[-67.61041,-8.84634],[-67.60976,-8.84179],[-67.60391,-8.83431],[-67.59611,-8.82846],[-67.58213,-8.82098],[-67.56848,-8.80343],[-67.55678,-8.79985],[-67.53662,-8.79758],[-67.52849,-8.79888],[-67.52362,-8.8018],[-67.51647,-8.81188],[-67.50997,-8.81383],[-67.50639,-8.81091],[-67.50639,-8.80831],[-67.51192,-8.79985],[-67.51192,-8.79368],[-67.50899,-8.78978],[-67.50509,-8.78913],[-67.48266,-8.79401],[-67.47648,-8.7966],[-67.47129,-8.80116],[-67.46088,-8.81676],[-67.45438,-8.82293],[-67.45048,-8.82358],[-67.44788,-8.82229],[-67.44755,-8.81806],[-67.45796,-8.80733],[-67.46771,-8.79302],[-67.46609,-8.78458],[-67.46381,-8.78262],[-67.44301,-8.78197],[-67.44398,-8.76995],[-67.43878,-8.76572],[-67.42351,-8.76215],[-67.4157,-8.75825],[-67.40029,-8.7475]],"type":"LineString"},"id":122,"properties":{"cla_icacao":"Navegação sazonal","dominio":"União","est_estino":"AM","est_origem":"AM","extensao":256.866070745,"fonte":"ANA/Antaq","idantaq":2,"idhidrovia":200002215,"idm_estino":"BR130070","idm_origem":"BR130070","idseq":0,"jurisdicao":"AHIMOC","mun_estino":"Boca do Acre","mun_origem":"Boca do Acre","navegacao":"Navegação Interior","nom_eclusa":null,"nome":"Hidrovia do Solimões","nome_rio":"Rio Purus","observacao":"Foz no rio Solimões _AM_ até cidade de Manoel Urbano _AC_.","pro_de_max":5.0,"pro_de_min":0.6,"reg_rafica":"Região Hidrográfica Amazônica","snv":"Sim","tempo":"1d 8h 6min","tipo":"Rio","vel_cional":8.0},"type":"Feature"},{"bbox":[-72.854529,-8.947847,-72.708799,-8.267738],"geometry":{"coordinates":[[-72.78492,-8.94785],[-72.78031,-8.93452],[-72.7824,-8.92431],[-72.78172,-8.91975],[-72.77917,-8.91411],[-72.7748,-8.90757],[-72.7683,-8.90132],[-72.76718,-8.89885],[-72.76864,-8.89713],[-72.77049,-8.89675],[-72.77531,-8.89704],[-72.7811,-8.89913],[-72.78317,-8.89868],[-72.78644,-8.8954],[-72.78723,-8.8922],[-72.78692,-8.88863],[-72.78451,-8.88237],[-72.78032,-8.87507],[-72.77745,-8.87135],[-72.77276,-8.86838],[-72.76813,-8.86318],[-72.76591,-8.85796],[-72.7631,-8.85411],[-72.76537,-8.84943],[-72.7711,-8.84818],[-72.77606,-8.8486],[-72.77996,-8.84733],[-72.7823,-8.8433],[-72.78237,-8.8414],[-72.78037,-8.83909],[-72.77679,-8.83877],[-72.77479,-8.839],[-72.77022,-8.84196],[-72.76846,-8.84222],[-72.76559,-8.84089],[-72.76324,-8.83818],[-72.763,-8.836],[-72.76783,-8.83217],[-72.77556,-8.82932],[-72.77834,-8.82724],[-72.77889,-8.82138],[-72.78038,-8.81989],[-72.78801,-8.82296],[-72.79284,-8.82695],[-72.80298,-8.83294],[-72.80771,-8.83433],[-72.81156,-8.82958],[-72.81137,-8.82668],[-72.80132,-8.82237],[-72.79828,-8.82013],[-72.79595,-8.81513],[-72.79566,-8.81271],[-72.79798,-8.80405],[-72.79585,-8.802],[-72.7911,-8.80168],[-72.79067,-8.79932],[-72.79206,-8.79769],[-72.80037,-8.79263],[-72.80841,-8.78977],[-72.83172,-8.78621],[-72.83276,-8.78087],[-72.82888,-8.77261],[-72.82086,-8.75916],[-72.82121,-8.75741],[-72.82259,-8.75634],[-72.82603,-8.75534],[-72.83557,-8.75849],[-72.83738,-8.75634],[-72.83752,-8.75322],[-72.83388,-8.74596],[-72.82693,-8.73672],[-72.82196,-8.73322],[-72.81606,-8.7311],[-72.81407,-8.72942],[-72.81273,-8.72748],[-72.81159,-8.72302],[-72.80611,-8.71733],[-72.80605,-8.716],[-72.80884,-8.71189],[-72.81121,-8.71044],[-72.81321,-8.70983],[-72.8197,-8.71191],[-72.82137,-8.71175],[-72.82209,-8.70982],[-72.82121,-8.70376],[-72.82179,-8.70031],[-72.82044,-8.69754],[-72.81557,-8.69355],[-72.81136,-8.69336],[-72.8078,-8.69507],[-72.80579,-8.69487],[-72.80361,-8.6909],[-72.79602,-8.68549],[-72.79501,-8.68409],[-72.79492,-8.68009],[-72.79718,-8.67745],[-72.80204,-8.67881],[-72.80546,-8.68213],[-72.8085,-8.6878],[-72.81062,-8.68754],[-72.81202,-8.68614],[-72.81308,-8.67912],[-72.81831,-8.67465],[-72.81929,-8.67266],[-72.81783,-8.66663],[-72.81907,-8.66415],[-72.8217,-8.6615],[-72.82826,-8.65775],[-72.83156,-8.65739],[-72.8381,-8.65944],[-72.83941,-8.6585],[-72.83957,-8.65401],[-72.83573,-8.64945],[-72.83394,-8.64598],[-72.83349,-8.63676],[-72.83158,-8.6334],[-72.83211,-8.63161],[-72.84058,-8.63125],[-72.8427,-8.62939],[-72.84585,-8.61535],[-72.84799,-8.61097],[-72.8455,-8.60773],[-72.83623,-8.60008],[-72.82579,-8.5965],[-72.825,-8.59244],[-72.82656,-8.58618],[-72.82579,-8.58364],[-72.82321,-8.58165],[-72.82151,-8.58109],[-72.81752,-8.58176],[-72.81145,-8.58693],[-72.81051,-8.59155],[-72.8089,-8.59272],[-72.80786,-8.59239],[-72.8069,-8.58876],[-72.80776,-8.58625],[-72.81478,-8.57704],[-72.81125,-8.56541],[-72.81149,-8.56283],[-72.81071,-8.56199],[-72.80891,-8.56202],[-72.80677,-8.56298],[-72.80276,-8.56766],[-72.80102,-8.56816],[-72.79926,-8.56681],[-72.79951,-8.56438],[-72.80215,-8.55936],[-72.81079,-8.54909],[-72.81333,-8.54255],[-72.81304,-8.53936],[-72.80946,-8.53271],[-72.81051,-8.53062],[-72.81619,-8.52882],[-72.82288,-8.52885],[-72.82788,-8.52714],[-72.83021,-8.52765],[-72.83098,-8.52867],[-72.83141,-8.5337],[-72.83325,-8.53452],[-72.83557,-8.53424],[-72.83819,-8.53042],[-72.83966,-8.52034],[-72.84146,-8.5153],[-72.84086,-8.5143],[-72.83935,-8.51431],[-72.83456,-8.51774],[-72.83238,-8.51784],[-72.83155,-8.51422],[-72.8328,-8.51108],[-72.83784,-8.50524],[-72.84264,-8.50346],[-72.84606,-8.5031],[-72.84797,-8.5055],[-72.84886,-8.51128],[-72.85075,-8.5124],[-72.85393,-8.50946],[-72.85453,-8.50485],[-72.83926,-8.48106],[-72.83396,-8.47497],[-72.83311,-8.47226],[-72.83365,-8.46923],[-72.83463,-8.46812],[-72.84302,-8.46688],[-72.84508,-8.46584],[-72.84507,-8.46265],[-72.8422,-8.46003],[-72.83334,-8.45984],[-72.83205,-8.45823],[-72.83197,-8.45715],[-72.83507,-8.45246],[-72.83519,-8.44991],[-72.82378,-8.44922],[-72.81832,-8.44411],[-72.818,-8.43944],[-72.81897,-8.43811],[-72.82492,-8.4371],[-72.8277,-8.43525],[-72.82803,-8.43257],[-72.82733,-8.43036],[-72.8247,-8.42843],[-72.82231,-8.42783],[-72.81909,-8.43048],[-72.81832,-8.43563],[-72.8162,-8.43684],[-72.81261,-8.4344],[-72.8119,-8.43109],[-72.8126,-8.42804],[-72.81999,-8.41966],[-72.82278,-8.41984],[-72.82667,-8.42234],[-72.8287,-8.42212],[-72.82984,-8.42112],[-72.83003,-8.41444],[-72.82693,-8.40641],[-72.82691,-8.40095],[-72.82554,-8.39882],[-72.81968,-8.39574],[-72.82099,-8.39343],[-72.8266,-8.3912],[-72.82936,-8.385],[-72.82925,-8.38302],[-72.82678,-8.38192],[-72.81832,-8.3814],[-72.80518,-8.37302],[-72.80124,-8.37223],[-72.79661,-8.3734],[-72.79067,-8.37856],[-72.78648,-8.37845],[-72.7815,-8.37312],[-72.77587,-8.36987],[-72.77496,-8.36839],[-72.77464,-8.36388],[-72.75646,-8.36237],[-72.75267,-8.36105],[-72.75155,-8.35969],[-72.75159,-8.35726],[-72.75247,-8.35534],[-72.75573,-8.35333],[-72.7563,-8.3519],[-72.75493,-8.34974],[-72.75104,-8.34763],[-72.74744,-8.34779],[-72.74394,-8.34897],[-72.74204,-8.35276],[-72.74197,-8.35709],[-72.73986,-8.3589],[-72.73843,-8.35837],[-72.73746,-8.35718],[-72.73707,-8.35441],[-72.74138,-8.342],[-72.7285,-8.33824],[-72.72869,-8.33624],[-72.73183,-8.33365],[-72.73616,-8.33314],[-72.73953,-8.33433],[-72.74324,-8.33742],[-72.74663,-8.33732],[-72.749,-8.33541],[-72.75111,-8.3315],[-72.75035,-8.3272],[-72.74942,-8.32634],[-72.74577,-8.32583],[-72.73788,-8.32243],[-72.7346,-8.32182],[-72.73329,-8.32208],[-72.73121,-8.32424],[-72.72924,-8.33102],[-72.72717,-8.33055],[-72.72615,-8.32747],[-72.72688,-8.32236],[-72.72975,-8.31778],[-72.73376,-8.31423],[-72.73452,-8.31226],[-72.73335,-8.30943],[-72.72771,-8.3084],[-72.70978,-8.31045],[-72.7088,-8.30967],[-72.70923,-8.30617],[-72.7109,-8.30511],[-72.7221,-8.30571],[-72.72747,-8.30474],[-72.72892,-8.3037],[-72.72925,-8.29977],[-72.72683,-8.29284],[-72.72691,-8.29113],[-72.72933,-8.28832],[-72.73307,-8.28621],[-72.73392,-8.28278],[-72.73269,-8.28074],[-72.72714,-8.27689],[-72.72714,-8.27487],[-72.72911,-8.27267],[-72.73699,-8.27101],[-72.73918,-8.26969],[-72.74057,-8.26774]],"type":"LineString"},"id":123,"properties":{"cla_icacao":"Navegação sazonal","dominio":"União","est_estino":"AC","est_origem":"AC","extensao":162.767890805,"fonte":"LabTrans/Antaq","idantaq":21,"idhidrovia":200002217,"idm_estino":"BR120035","idm_origem":"BR120039","idseq":0,"jurisdicao":"AHIMOC","mun_estino":"Marechal Thaumaturgo","mun_origem":"Porto Walter","navegacao":"Navegação Interior","nom_eclusa":null,"nome":"Hidrovia do Juruá","nome_rio":"Rio Juruá","observacao":"Foz no rio Solimões _AM_ até  Marechal Taumaturgo _AC_.","pro_de_max":1.8,"pro_de_min":0.7,"reg_rafica":"Região Hidrográfica Amazônica","snv":"Sim","tempo":"0d 16h 16min","tipo":"Rio","vel_cional":10.0},"type":"Feature"},{"bbox":[-71.956545,-9.192403,-70.769126,-8.177069],"geometry":{"coordinates":[[-71.95287,-9.1924],[-71.9525,-9.18857],[-71.9544,-9.18158],[-71.95371,-9.17939],[-71.95282,-9.1783],[-71.95091,-9.178],[-71.94766,-9.1788],[-71.94593,-9.17525],[-71.95182,-9.17091],[-71.9523,-9.16799],[-71.95463,-9.1633],[-71.9553,-9.15891],[-71.95655,-9.1571],[-71.95586,-9.15509],[-71.94726,-9.15289],[-71.94642,-9.1515],[-71.94737,-9.14957],[-71.94856,-9.14905],[-71.95557,-9.14755],[-71.9561,-9.14534],[-71.95459,-9.14131],[-71.95312,-9.14023],[-71.95109,-9.14019],[-71.94373,-9.14388],[-71.94102,-9.14323],[-71.93773,-9.14061],[-71.93888,-9.13963],[-71.94411,-9.13982],[-71.94559,-9.13829],[-71.94461,-9.13391],[-71.94568,-9.129],[-71.94526,-9.12755],[-71.9445,-9.12638],[-71.93817,-9.12379],[-71.93754,-9.12283],[-71.93812,-9.12133],[-71.94109,-9.11973],[-71.94645,-9.12121],[-71.94858,-9.11877],[-71.94982,-9.11487],[-71.94844,-9.1129],[-71.94527,-9.11241],[-71.94346,-9.11116],[-71.94027,-9.10546],[-71.94021,-9.10276],[-71.94426,-9.09878],[-71.94397,-9.09593],[-71.94249,-9.09481],[-71.93622,-9.0939],[-71.93472,-9.0922],[-71.93382,-9.08922],[-71.93445,-9.08703],[-71.93776,-9.08572],[-71.94043,-9.08149],[-71.94752,-9.07973],[-71.94853,-9.07803],[-71.94792,-9.07419],[-71.94598,-9.07232],[-71.94286,-9.0715],[-71.94285,-9.07085],[-71.94504,-9.0616],[-71.94796,-9.05969],[-71.94849,-9.05794],[-71.94562,-9.05509],[-71.94282,-9.05047],[-71.9384,-9.04807],[-71.93473,-9.04862],[-71.92733,-9.05266],[-71.92482,-9.0505],[-71.92281,-9.04572],[-71.91969,-9.0428],[-71.91965,-9.04144],[-71.92543,-9.03496],[-71.92904,-9.03387],[-71.93877,-9.03344],[-71.94047,-9.03201],[-71.93221,-9.027],[-71.9305,-9.02198],[-71.92628,-9.01703],[-71.92122,-9.016],[-71.91683,-9.01772],[-71.91622,-9.01666],[-71.91698,-9.01413],[-71.9216,-9.01258],[-71.92114,-9.01052],[-71.9196,-9.00917],[-71.91774,-9.00867],[-71.91158,-9.01023],[-71.90888,-9.00684],[-71.9088,-9.00255],[-71.90102,-9.00157],[-71.90087,-8.99982],[-71.90274,-8.99581],[-71.90541,-8.99286],[-71.89789,-8.98718],[-71.89756,-8.98571],[-71.90107,-8.98257],[-71.90556,-8.98136],[-71.90733,-8.97991],[-71.90552,-8.97467],[-71.90554,-8.97038],[-71.89998,-8.96618],[-71.90185,-8.9643],[-71.90326,-8.96131],[-71.90239,-8.95861],[-71.8996,-8.95798],[-71.89501,-8.96102],[-71.89063,-8.95931],[-71.88692,-8.96049],[-71.88487,-8.95506],[-71.88376,-8.95436],[-71.87423,-8.95352],[-71.87175,-8.95229],[-71.86999,-8.95225],[-71.86848,-8.95329],[-71.86408,-8.95777],[-71.86052,-8.95648],[-71.85655,-8.95693],[-71.855,-8.95589],[-71.8566,-8.94646],[-71.8523,-8.94146],[-71.85188,-8.93958],[-71.8555,-8.93433],[-71.85575,-8.93203],[-71.85336,-8.92944],[-71.84766,-8.92739],[-71.84876,-8.92005],[-71.84704,-8.91485],[-71.84704,-8.91252],[-71.84636,-8.91176],[-71.84265,-8.91168],[-71.83675,-8.906],[-71.8368,-8.90279],[-71.84038,-8.90154],[-71.84141,-8.89985],[-71.84044,-8.89879],[-71.83972,-8.899],[-71.82743,-8.90492],[-71.82569,-8.90476],[-71.82409,-8.90356],[-71.82507,-8.89837],[-71.82653,-8.89528],[-71.83071,-8.8915],[-71.83664,-8.89113],[-71.83681,-8.89043],[-71.83626,-8.88916],[-71.83445,-8.88932],[-71.83258,-8.88804],[-71.8312,-8.8849],[-71.83351,-8.88144],[-71.83455,-8.87356],[-71.83342,-8.87067],[-71.82843,-8.86736],[-71.82757,-8.8657],[-71.82794,-8.86349],[-71.83052,-8.85972],[-71.82921,-8.85804],[-71.82526,-8.85774],[-71.82326,-8.85641],[-71.82349,-8.85505],[-71.82497,-8.85358],[-71.82485,-8.85125],[-71.82154,-8.84717],[-71.8212,-8.84502],[-71.82413,-8.84103],[-71.82352,-8.83795],[-71.81928,-8.83667],[-71.81835,-8.83324],[-71.81114,-8.83235],[-71.81069,-8.83158],[-71.81234,-8.82578],[-71.81391,-8.8228],[-71.81299,-8.82124],[-71.80604,-8.82178],[-71.80139,-8.81922],[-71.7955,-8.81897],[-71.79445,-8.81794],[-71.79449,-8.80964],[-71.79657,-8.80709],[-71.79655,-8.80519],[-71.78873,-8.8039],[-71.78544,-8.80514],[-71.78516,-8.80884],[-71.78642,-8.81284],[-71.78331,-8.81498],[-71.78087,-8.81356],[-71.77653,-8.80632],[-71.76906,-8.80268],[-71.76457,-8.79887],[-71.76342,-8.79289],[-71.76546,-8.78583],[-71.76516,-8.78479],[-71.76311,-8.78422],[-71.75798,-8.77998],[-71.74999,-8.7773],[-71.74735,-8.77516],[-71.74845,-8.77249],[-71.75372,-8.77007],[-71.75449,-8.76871],[-71.75374,-8.76683],[-71.75223,-8.76621],[-71.75048,-8.76362],[-71.74569,-8.76155],[-71.7437,-8.76165],[-71.74032,-8.76332],[-71.73909,-8.76285],[-71.73883,-8.75964],[-71.74018,-8.75733],[-71.74045,-8.75491],[-71.73956,-8.75327],[-71.73431,-8.75284],[-71.7301,-8.75561],[-71.72884,-8.75545],[-71.72747,-8.74793],[-71.72573,-8.74592],[-71.71986,-8.74788],[-71.7174,-8.74576],[-71.71725,-8.74349],[-71.71904,-8.74037],[-71.71874,-8.73924],[-71.7142,-8.7362],[-71.71398,-8.73493],[-71.71529,-8.73194],[-71.71919,-8.72779],[-71.71876,-8.72529],[-71.7157,-8.72146],[-71.71133,-8.72202],[-71.71185,-8.72742],[-71.70806,-8.73092],[-71.70658,-8.73075],[-71.70513,-8.72875],[-71.70172,-8.72714],[-71.69932,-8.72712],[-71.69195,-8.73011],[-71.69099,-8.72955],[-71.69072,-8.72709],[-71.69346,-8.72224],[-71.69383,-8.71946],[-71.68448,-8.71636],[-71.68084,-8.71661],[-71.67787,-8.71859],[-71.67616,-8.71855],[-71.6747,-8.71806],[-71.6736,-8.71585],[-71.67533,-8.71249],[-71.68174,-8.70913],[-71.68326,-8.70157],[-71.68267,-8.6994],[-71.68037,-8.69896],[-71.6746,-8.70051],[-71.66935,-8.69728],[-71.66767,-8.69899],[-71.6653,-8.70478],[-71.66351,-8.70607],[-71.65947,-8.70681],[-71.65738,-8.70595],[-71.65657,-8.70469],[-71.65499,-8.69897],[-71.64894,-8.69447],[-71.64643,-8.69426],[-71.64202,-8.69882],[-71.63936,-8.69725],[-71.63825,-8.69481],[-71.63753,-8.68877],[-71.63497,-8.68628],[-71.63161,-8.68638],[-71.62213,-8.69069],[-71.61973,-8.69073],[-71.61852,-8.68865],[-71.61919,-8.68692],[-71.62744,-8.67716],[-71.62704,-8.67609],[-71.62346,-8.67396],[-71.61863,-8.67255],[-71.6158,-8.66964],[-71.61415,-8.66494],[-71.6132,-8.66453],[-71.61109,-8.66603],[-71.60705,-8.6721],[-71.60694,-8.6738],[-71.61051,-8.67675],[-71.6103,-8.67783],[-71.60589,-8.67844],[-71.60224,-8.67683],[-71.60063,-8.67488],[-71.60092,-8.67176],[-71.60498,-8.6641],[-71.60459,-8.66265],[-71.60044,-8.65993],[-71.59463,-8.65701],[-71.58654,-8.65684],[-71.5832,-8.65318],[-71.58217,-8.65313],[-71.58018,-8.65414],[-71.57636,-8.6595],[-71.57505,-8.65975],[-71.57294,-8.65892],[-71.56646,-8.64845],[-71.56116,-8.65014],[-71.55911,-8.64986],[-71.55498,-8.64716],[-71.55521,-8.63927],[-71.55033,-8.63698],[-71.54906,-8.63548],[-71.55443,-8.63181],[-71.55597,-8.62955],[-71.55331,-8.61866],[-71.54755,-8.61358],[-71.54518,-8.60856],[-71.54037,-8.60234],[-71.53233,-8.60271],[-71.53015,-8.60082],[-71.53053,-8.59006],[-71.52943,-8.58761],[-71.52727,-8.58692],[-71.5254,-8.58805],[-71.52607,-8.59319],[-71.52497,-8.59875],[-71.52426,-8.5996],[-71.52212,-8.59965],[-71.51986,-8.59779],[-71.51939,-8.59138],[-71.52043,-8.58582],[-71.5202,-8.58288],[-71.51871,-8.58241],[-71.51554,-8.58479],[-71.5154,-8.58963],[-71.51301,-8.59169],[-71.50804,-8.59011],[-71.50634,-8.58865],[-71.50133,-8.57949],[-71.4986,-8.57924],[-71.49694,-8.58061],[-71.49525,-8.58469],[-71.49346,-8.58427],[-71.49272,-8.58083],[-71.49317,-8.57845],[-71.49497,-8.57677],[-71.49586,-8.57407],[-71.49404,-8.57244],[-71.48744,-8.57258],[-71.48703,-8.57107],[-71.48828,-8.56121],[-71.49058,-8.55499],[-71.48816,-8.55265],[-71.48374,-8.55071],[-71.47948,-8.54553],[-71.47444,-8.54688],[-71.47426,-8.54514],[-71.47554,-8.54322],[-71.476,-8.54013],[-71.47383,-8.53794],[-71.4687,-8.53521],[-71.46348,-8.53027],[-71.46304,-8.52866],[-71.46429,-8.52621],[-71.4664,-8.5248],[-71.47057,-8.52432],[-71.47064,-8.52305],[-71.46913,-8.52142],[-71.46432,-8.51986],[-71.4637,-8.51397],[-71.45923,-8.51377],[-71.44958,-8.51614],[-71.44503,-8.51894],[-71.44119,-8.52263],[-71.43992,-8.52079],[-71.44018,-8.51845],[-71.44129,-8.5167],[-71.44346,-8.51489],[-71.44631,-8.51424],[-71.44806,-8.51252],[-71.44613,-8.50457],[-71.44516,-8.5035],[-71.44276,-8.50366],[-71.4398,-8.5054],[-71.43525,-8.50481],[-71.43338,-8.5097],[-71.42977,-8.50644],[-71.42531,-8.50029],[-71.40922,-8.50275],[-71.40633,-8.50187],[-71.40545,-8.49873],[-71.4061,-8.49589],[-71.40808,-8.49137],[-71.41252,-8.48614],[-71.41318,-8.48463],[-71.41276,-8.48194],[-71.41098,-8.4798],[-71.40713,-8.47818],[-71.405,-8.4786],[-71.40339,-8.48235],[-71.40161,-8.48093],[-71.40005,-8.47842],[-71.39958,-8.47512],[-71.40048,-8.46907],[-71.39984,-8.46801],[-71.39592,-8.46732],[-71.39508,-8.46631],[-71.39523,-8.4597],[-71.39434,-8.45736],[-71.39314,-8.45697],[-71.39109,-8.45774],[-71.38893,-8.46166],[-71.38757,-8.46211],[-71.383,-8.4613],[-71.37857,-8.46339],[-71.37826,-8.46252],[-71.38229,-8.45441],[-71.38309,-8.45123],[-71.38252,-8.44946],[-71.37743,-8.44782],[-71.37631,-8.44632],[-71.37845,-8.44488],[-71.38214,-8.44537],[-71.38264,-8.44063],[-71.38147,-8.43787],[-71.37461,-8.43723],[-71.36786,-8.43962],[-71.36203,-8.43937],[-71.36048,-8.44301],[-71.36417,-8.44513],[-71.36614,-8.44824],[-71.36499,-8.45069],[-71.36275,-8.45186],[-71.35918,-8.45134],[-71.3575,-8.44985],[-71.35179,-8.44167],[-71.35067,-8.44168],[-71.34985,-8.4428],[-71.34882,-8.44915],[-71.34801,-8.44921],[-71.34623,-8.44676],[-71.34459,-8.44215],[-71.34196,-8.43969],[-71.33903,-8.44082],[-71.33548,-8.44563],[-71.33318,-8.44578],[-71.3286,-8.44079],[-71.32789,-8.43867],[-71.32862,-8.43671],[-71.33356,-8.43835],[-71.33547,-8.43658],[-71.33535,-8.43342],[-71.33231,-8.42858],[-71.32923,-8.42925],[-71.329,-8.43171],[-71.32982,-8.43412],[-71.32827,-8.43527],[-71.3242,-8.43238],[-71.32229,-8.42458],[-71.31351,-8.42219],[-71.31285,-8.42047],[-71.31293,-8.41586],[-71.31086,-8.41616],[-71.31013,-8.41985],[-71.30766,-8.4201],[-71.30635,-8.41719],[-71.3089,-8.40948],[-71.3066,-8.4064],[-71.30301,-8.4081],[-71.30454,-8.4136],[-71.30345,-8.4164],[-71.30203,-8.41711],[-71.29913,-8.41598],[-71.29824,-8.41477],[-71.29682,-8.41031],[-71.29734,-8.40408],[-71.29652,-8.39929],[-71.29909,-8.39709],[-71.30004,-8.39505],[-71.29787,-8.39119],[-71.29559,-8.39174],[-71.2895,-8.39542],[-71.28388,-8.39523],[-71.28295,-8.39606],[-71.2822,-8.40109],[-71.28136,-8.40202],[-71.2801,-8.4025],[-71.27807,-8.4011],[-71.27728,-8.39828],[-71.27466,-8.39624],[-71.27449,-8.39384],[-71.27797,-8.39003],[-71.27918,-8.38572],[-71.28023,-8.38477],[-71.28267,-8.38451],[-71.28472,-8.38534],[-71.28673,-8.38401],[-71.2863,-8.38102],[-71.28453,-8.37927],[-71.27991,-8.37946],[-71.27928,-8.37618],[-71.27997,-8.3728],[-71.27878,-8.37121],[-71.27749,-8.37032],[-71.26124,-8.37221],[-71.25891,-8.3736],[-71.25834,-8.37494],[-71.25819,-8.38068],[-71.25539,-8.3813],[-71.2527,-8.38004],[-71.25175,-8.37124],[-71.24868,-8.36813],[-71.24575,-8.36789],[-71.24383,-8.36942],[-71.24372,-8.3707],[-71.24413,-8.37177],[-71.24818,-8.37278],[-71.25002,-8.37476],[-71.24865,-8.3785],[-71.23776,-8.37932],[-71.23456,-8.37591],[-71.232,-8.37504],[-71.22973,-8.373],[-71.22933,-8.36923],[-71.22692,-8.36547],[-71.22741,-8.36426],[-71.23007,-8.36258],[-71.2247,-8.35698],[-71.22355,-8.35703],[-71.22159,-8.3589],[-71.22043,-8.36505],[-71.21744,-8.36624],[-71.21217,-8.36391],[-71.21101,-8.35959],[-71.20881,-8.35782],[-71.20026,-8.35997],[-71.19926,-8.35947],[-71.19774,-8.35622],[-71.19745,-8.34771],[-71.20194,-8.34125],[-71.20346,-8.33623],[-71.20624,-8.3321],[-71.20508,-8.32962],[-71.20134,-8.32658],[-71.19938,-8.32256],[-71.19199,-8.32078],[-71.18702,-8.3178],[-71.18451,-8.3193],[-71.18527,-8.32466],[-71.18326,-8.32717],[-71.18183,-8.3274],[-71.17986,-8.32623],[-71.17967,-8.32074],[-71.17882,-8.31982],[-71.17582,-8.32025],[-71.17465,-8.32174],[-71.17197,-8.32296],[-71.17085,-8.32152],[-71.17113,-8.31869],[-71.17371,-8.31656],[-71.17748,-8.31596],[-71.17737,-8.3139],[-71.17323,-8.31089],[-71.17167,-8.31056],[-71.15413,-8.31069],[-71.15376,-8.30894],[-71.15747,-8.3039],[-71.1579,-8.3016],[-71.15569,-8.30041],[-71.14979,-8.30086],[-71.14646,-8.29917],[-71.14424,-8.29688],[-71.142,-8.29802],[-71.14224,-8.30358],[-71.14161,-8.305],[-71.13958,-8.30555],[-71.1381,-8.30426],[-71.13603,-8.29974],[-71.13063,-8.29597],[-71.1306,-8.29514],[-71.13613,-8.28978],[-71.13632,-8.28803],[-71.13547,-8.28609],[-71.1279,-8.28401],[-71.12414,-8.28522],[-71.12086,-8.29015],[-71.11867,-8.28989],[-71.11708,-8.28782],[-71.11789,-8.28449],[-71.1167,-8.28233],[-71.11126,-8.28377],[-71.10657,-8.28721],[-71.10254,-8.29284],[-71.10568,-8.2995],[-71.10557,-8.30071],[-71.09983,-8.30258],[-71.09809,-8.30159],[-71.09711,-8.29979],[-71.09413,-8.29868],[-71.08963,-8.29846],[-71.08898,-8.28743],[-71.08705,-8.28567],[-71.08247,-8.28513],[-71.08292,-8.2821],[-71.08651,-8.28096],[-71.08775,-8.27936],[-71.08783,-8.2762],[-71.0858,-8.27379],[-71.08124,-8.27393],[-71.07407,-8.2785],[-71.06916,-8.27862],[-71.06385,-8.28091],[-71.05671,-8.27504],[-71.05416,-8.27051],[-71.05454,-8.26716],[-71.04999,-8.26263],[-71.05355,-8.25927],[-71.058,-8.2569],[-71.05873,-8.25561],[-71.05835,-8.25399],[-71.0571,-8.2532],[-71.05394,-8.25352],[-71.05115,-8.25738],[-71.0502,-8.25741],[-71.04825,-8.25614],[-71.04719,-8.25379],[-71.04568,-8.25352],[-71.04287,-8.25565],[-71.04071,-8.25998],[-71.03884,-8.26007],[-71.0382,-8.25854],[-71.03848,-8.254],[-71.03689,-8.25303],[-71.0288,-8.25229],[-71.0244,-8.25624],[-71.01698,-8.2526],[-71.01236,-8.25244],[-71.00563,-8.24956],[-71.00259,-8.24954],[-71.00146,-8.25189],[-71.00232,-8.25568],[-70.99985,-8.25733],[-70.99629,-8.25661],[-70.99046,-8.2529],[-70.98823,-8.2511],[-70.98677,-8.24729],[-70.98566,-8.2469],[-70.98456,-8.24784],[-70.98419,-8.25049],[-70.98692,-8.25575],[-70.98738,-8.26029],[-70.9845,-8.2629],[-70.98099,-8.26219],[-70.9783,-8.26006],[-70.97572,-8.25713],[-70.97334,-8.25002],[-70.96679,-8.24467],[-70.963,-8.24479],[-70.96138,-8.24598],[-70.96174,-8.25089],[-70.96396,-8.25498],[-70.9628,-8.25627],[-70.96039,-8.25588],[-70.9591,-8.25503],[-70.95795,-8.25088],[-70.95652,-8.24957],[-70.95484,-8.24906],[-70.95202,-8.25014],[-70.95089,-8.24942],[-70.95023,-8.24771],[-70.95149,-8.24244],[-70.95044,-8.23895],[-70.94241,-8.23645],[-70.94154,-8.23336],[-70.94018,-8.23231],[-70.93297,-8.2325],[-70.93104,-8.23316],[-70.92867,-8.2354],[-70.92665,-8.23428],[-70.92555,-8.23011],[-70.92597,-8.22833],[-70.92796,-8.22349],[-70.93103,-8.21986],[-70.93137,-8.21749],[-70.92529,-8.21169],[-70.92274,-8.21037],[-70.91641,-8.21119],[-70.91057,-8.20828],[-70.90662,-8.20761],[-70.90345,-8.20594],[-70.90082,-8.20739],[-70.89636,-8.21292],[-70.89306,-8.21447],[-70.89342,-8.21063],[-70.89788,-8.20503],[-70.89809,-8.20313],[-70.89033,-8.19061],[-70.88854,-8.18971],[-70.88713,-8.19],[-70.88408,-8.19372],[-70.87922,-8.19443],[-70.87229,-8.19126],[-70.86211,-8.19051],[-70.8453,-8.19875],[-70.84398,-8.19716],[-70.84477,-8.19576],[-70.84668,-8.19571],[-70.85032,-8.19325],[-70.85189,-8.19139],[-70.85176,-8.18932],[-70.84904,-8.18506],[-70.84394,-8.18155],[-70.84051,-8.18292],[-70.83468,-8.18841],[-70.83117,-8.18913],[-70.82545,-8.18883],[-70.81657,-8.1915],[-70.81404,-8.19133],[-70.81154,-8.1894],[-70.80599,-8.18028],[-70.80257,-8.17727],[-70.79918,-8.17723],[-70.79367,-8.17927],[-70.78844,-8.17726],[-70.78519,-8.17707],[-70.78283,-8.17911],[-70.78129,-8.18681],[-70.77403,-8.18695],[-70.77083,-8.18545],[-70.76913,-8.18327]],"type":"LineString"},"id":124,"properties":{"cla_icacao":"Navegação sazonal","dominio":"União","est_estino":"AC","est_origem":"AC","extensao":332.566422627,"fonte":"LabTrans/Antaq","idantaq":21,"idhidrovia":200002218,"idm_estino":"BR120032","idm_origem":"BR120060","idseq":0,"jurisdicao":"AHIMOC","mun_estino":"Jordão","mun_origem":"Tarauacá","navegacao":"Navegação Interior","nom_eclusa":null,"nome":"Hidrovia do Juruá","nome_rio":"Rio Tarauacá","observacao":"Foz no rio Juruá _AM_ até Tarauacá _AC_.","pro_de_max":1.2,"pro_de_min":0.9,"reg_rafica":"Região Hidrográfica Amazônica","snv":"Sim","tempo":"1d 9h 15min","tipo":"Rio","vel_cional":10.0},"type":"Feature"},{"bbox":[-50.04114,0.503566,-48.957469,0.727426],"geometry":{"coordinates":[[-50.04114,0.72239],[-50.02037,0.72552],[-49.9857,0.72538],[-49.81926,0.72085],[-49.72051,0.72019],[-49.65291,0.72249],[-49.59448,0.72743],[-49.53789,0.71998],[-49.47947,0.70937],[-49.41167,0.6941],[-49.3444,0.67576],[-49.27766,0.65436],[-49.21146,0.62989],[-49.14362,0.60138],[-49.07851,0.57067],[-49.00965,0.53453],[-48.96267,0.50766],[-48.95747,0.50357]],"type":"LineString"},"id":125,"properties":{"cla_icacao":"Navegável","dominio":"União","est_estino":"AP","est_origem":null,"extensao":125.46221961999998,"fonte":"LabTrans/Antaq","idantaq":1,"idhidrovia":200002220,"idm_estino":"BR160030","idm_origem":null,"idseq":0,"jurisdicao":"AHIMOR","mun_estino":"Macapá","mun_origem":null,"navegacao":"Navegação Interior","nom_eclusa":null,"nome":"Hidrovia do Amazonas","nome_rio":"Rio Amazonas","observacao":"Foz no oceano Atlântico _PA_ até a confluência dos rios Negro e Solimões.","pro_de_max":7.5,"pro_de_min":5.0,"reg_rafica":"Região Hidrográfica Amazônica","snv":"Sim","tempo":"0d 5h 1min","tipo":"Rio","vel_cional":25.0},"type":"Feature"},{"bbox":[-48.380958,-0.882866,-48.124537,-0.352203],"geometry":{"coordinates":[[-48.38096,-0.88287],[-48.37539,-0.87503],[-48.34844,-0.82602],[-48.24469,-0.61309],[-48.1744,-0.45525],[-48.12454,-0.3522]],"type":"LineString"},"id":126,"properties":{"cla_icacao":"Navegável","dominio":null,"est_estino":"PA","est_origem":"PA","extensao":65.3344187696,"fonte":"LabTrans/Antaq","idantaq":9,"idhidrovia":200002221,"idm_estino":"BR150260","idm_origem":"BR150710","idseq":0,"jurisdicao":"AHIMOR","mun_estino":"Colares","mun_origem":"São Caetano de Odivelas","navegacao":"Navegação Interior","nom_eclusa":null,"nome":"Hidrovia do Tocantins","nome_rio":"Baía de Marajó","observacao":null,"pro_de_max":10.0,"pro_de_min":5.0,"reg_rafica":"Região Hidrográfica do Tocantins","snv":"Não","tempo":"0d 4h 21min","tipo":"Baía","vel_cional":15.0},"type":"Feature"},{"bbox":[-70.029296,-7.431891,-69.72932,-6.692992],"geometry":{"coordinates":[[-70.02643,-7.43189],[-70.0231,-7.42877],[-70.01977,-7.42169],[-70.02131,-7.4174],[-70.02591,-7.41366],[-70.02884,-7.41029],[-70.0293,-7.40847],[-70.01045,-7.37581],[-70.0087,-7.37333],[-70.00174,-7.36735],[-69.99685,-7.36677],[-69.98942,-7.36851],[-69.98627,-7.36703],[-69.98297,-7.36245],[-69.98213,-7.35797],[-69.98352,-7.35467],[-69.98514,-7.35364],[-69.992,-7.35227],[-69.99567,-7.35405],[-70.00375,-7.36059],[-70.00562,-7.36059],[-70.0092,-7.35799],[-70.01046,-7.35636],[-70.01048,-7.35113],[-70.0084,-7.34129],[-70.01005,-7.33463],[-70.01193,-7.33227],[-70.01165,-7.32813],[-70.00994,-7.3267],[-70.00482,-7.3276],[-70.00176,-7.33079],[-69.99916,-7.34114],[-69.99612,-7.34617],[-69.99279,-7.34821],[-69.98896,-7.34804],[-69.98717,-7.34655],[-69.98554,-7.34216],[-69.98608,-7.33376],[-69.98455,-7.33107],[-69.9819,-7.32877],[-69.97544,-7.3281],[-69.97064,-7.32596],[-69.96842,-7.32041],[-69.96711,-7.32134],[-69.96637,-7.32395],[-69.96556,-7.33357],[-69.96431,-7.33776],[-69.9614,-7.34039],[-69.95478,-7.34107],[-69.95022,-7.33857],[-69.94888,-7.33672],[-69.94804,-7.33228],[-69.94851,-7.32915],[-69.95143,-7.32355],[-69.95927,-7.31577],[-69.95985,-7.31333],[-69.95822,-7.31007],[-69.95612,-7.30834],[-69.95302,-7.30741],[-69.94992,-7.3078],[-69.94609,-7.31091],[-69.94425,-7.31456],[-69.94165,-7.32702],[-69.93925,-7.33372],[-69.93437,-7.33636],[-69.92987,-7.33509],[-69.92642,-7.3319],[-69.92501,-7.32808],[-69.92485,-7.32449],[-69.92771,-7.31362],[-69.92517,-7.31138],[-69.92215,-7.31074],[-69.91504,-7.31321],[-69.91074,-7.31347],[-69.90783,-7.31072],[-69.90654,-7.30685],[-69.90646,-7.30136],[-69.91457,-7.28687],[-69.91512,-7.28346],[-69.91394,-7.27935],[-69.91179,-7.27813],[-69.90884,-7.27804],[-69.90641,-7.27905],[-69.9031,-7.28271],[-69.89934,-7.29004],[-69.89514,-7.28911],[-69.88809,-7.28054],[-69.88526,-7.27624],[-69.88472,-7.27369],[-69.88608,-7.27079],[-69.88751,-7.26978],[-69.89154,-7.26822],[-69.8975,-7.26762],[-69.89935,-7.2657],[-69.89991,-7.26359],[-69.89894,-7.26166],[-69.89433,-7.25872],[-69.88899,-7.25832],[-69.88474,-7.26011],[-69.87775,-7.26554],[-69.87378,-7.26588],[-69.87269,-7.26466],[-69.87204,-7.26189],[-69.87331,-7.25756],[-69.87225,-7.25365],[-69.86527,-7.24851],[-69.86513,-7.24635],[-69.86727,-7.24378],[-69.87351,-7.24305],[-69.88317,-7.23985],[-69.89022,-7.23889],[-69.8913,-7.23596],[-69.88975,-7.23283],[-69.88497,-7.22727],[-69.87617,-7.22262],[-69.87578,-7.22097],[-69.877,-7.21809],[-69.88076,-7.21426],[-69.87768,-7.2055],[-69.8725,-7.20015],[-69.86222,-7.19189],[-69.85971,-7.18788],[-69.85946,-7.18532],[-69.86028,-7.18369],[-69.86862,-7.17632],[-69.86914,-7.17426],[-69.86813,-7.17234],[-69.86478,-7.16955],[-69.86276,-7.16917],[-69.86043,-7.16904],[-69.85182,-7.17148],[-69.84741,-7.17149],[-69.83669,-7.16819],[-69.82957,-7.16814],[-69.8273,-7.16707],[-69.82645,-7.16468],[-69.82913,-7.16124],[-69.83232,-7.15873],[-69.83369,-7.15458],[-69.82989,-7.14751],[-69.82818,-7.14596],[-69.82748,-7.1395],[-69.83,-7.13311],[-69.83018,-7.13047],[-69.82928,-7.12878],[-69.82216,-7.12507],[-69.81391,-7.1164],[-69.8096,-7.11539],[-69.80702,-7.1155],[-69.80297,-7.1182],[-69.80087,-7.12568],[-69.79836,-7.12934],[-69.79435,-7.12964],[-69.78488,-7.12119],[-69.7822,-7.11771],[-69.78312,-7.1147],[-69.78467,-7.11336],[-69.78787,-7.11329],[-69.7916,-7.11061],[-69.79197,-7.10816],[-69.79033,-7.10512],[-69.78456,-7.10234],[-69.77622,-7.10101],[-69.76495,-7.1021],[-69.76262,-7.10141],[-69.76179,-7.09934],[-69.76392,-7.09612],[-69.76607,-7.09483],[-69.77005,-7.09448],[-69.77548,-7.09506],[-69.7811,-7.09688],[-69.7959,-7.10454],[-69.79801,-7.10439],[-69.80026,-7.10276],[-69.80154,-7.09744],[-69.8013,-7.09468],[-69.79994,-7.09223],[-69.79673,-7.08993],[-69.77706,-7.08771],[-69.76517,-7.07911],[-69.76467,-7.07798],[-69.76639,-7.0758],[-69.77163,-7.07602],[-69.77742,-7.07473],[-69.77965,-7.07203],[-69.77975,-7.06782],[-69.77914,-7.06624],[-69.77799,-7.06567],[-69.76431,-7.06583],[-69.76311,-7.06448],[-69.76245,-7.06056],[-69.76322,-7.05815],[-69.76582,-7.05512],[-69.77286,-7.05145],[-69.78262,-7.04833],[-69.78539,-7.04654],[-69.79146,-7.03705],[-69.79138,-7.03346],[-69.79061,-7.03226],[-69.78908,-7.03083],[-69.78487,-7.02971],[-69.77908,-7.03086],[-69.77026,-7.03788],[-69.76343,-7.04625],[-69.76016,-7.04706],[-69.75472,-7.04579],[-69.74441,-7.04857],[-69.74244,-7.04837],[-69.74047,-7.04696],[-69.73843,-7.04326],[-69.73951,-7.0376],[-69.73685,-7.027],[-69.73984,-7.02475],[-69.74904,-7.02555],[-69.75187,-7.02237],[-69.75251,-7.01998],[-69.75225,-7.01759],[-69.75101,-7.01559],[-69.74379,-7.01009],[-69.74387,-7.00546],[-69.74742,-7.00173],[-69.75592,-6.9996],[-69.75728,-6.99558],[-69.75582,-6.99184],[-69.75381,-6.99026],[-69.7483,-6.98899],[-69.74378,-6.99242],[-69.74093,-6.99865],[-69.7386,-7.00036],[-69.73424,-7.00041],[-69.73171,-6.99941],[-69.7301,-6.99513],[-69.73028,-6.9929],[-69.73446,-6.98292],[-69.73987,-6.97732],[-69.74966,-6.9715],[-69.7524,-6.96851],[-69.75317,-6.96615],[-69.75167,-6.96328],[-69.74765,-6.96255],[-69.7452,-6.96318],[-69.73854,-6.96735],[-69.73508,-6.96754],[-69.73048,-6.96569],[-69.72932,-6.96276],[-69.72948,-6.96081],[-69.73268,-6.95847],[-69.73657,-6.95767],[-69.74581,-6.95988],[-69.75229,-6.95969],[-69.75546,-6.95867],[-69.76242,-6.95191],[-69.76422,-6.94844],[-69.76243,-6.94702],[-69.75585,-6.94804],[-69.7528,-6.94768],[-69.74977,-6.94486],[-69.7494,-6.94049],[-69.75162,-6.93361],[-69.75359,-6.93067],[-69.75566,-6.92929],[-69.75964,-6.92941],[-69.7682,-6.93377],[-69.77083,-6.93415],[-69.77296,-6.93402],[-69.77755,-6.93105],[-69.77834,-6.92809],[-69.77786,-6.92465],[-69.77289,-6.91875],[-69.77165,-6.91615],[-69.77172,-6.91452],[-69.77448,-6.91051],[-69.7816,-6.90759],[-69.78311,-6.90622],[-69.78338,-6.90354],[-69.78284,-6.90196],[-69.7787,-6.89754],[-69.77638,-6.89626],[-69.77541,-6.89452],[-69.77564,-6.89122],[-69.78014,-6.88753],[-69.78032,-6.88548],[-69.77894,-6.88223],[-69.77409,-6.87676],[-69.77407,-6.87436],[-69.77556,-6.87306],[-69.78281,-6.87353],[-69.78503,-6.86896],[-69.78421,-6.86351],[-69.78074,-6.85304],[-69.77708,-6.84665],[-69.77061,-6.84026],[-69.7702,-6.83641],[-69.77325,-6.83491],[-69.78092,-6.83684],[-69.78824,-6.83267],[-69.78919,-6.83038],[-69.7883,-6.82682],[-69.78547,-6.82516],[-69.77694,-6.82297],[-69.77336,-6.82093],[-69.75052,-6.7959],[-69.74914,-6.79175],[-69.75098,-6.78941],[-69.75963,-6.78822],[-69.76415,-6.78558],[-69.76482,-6.7828],[-69.76389,-6.7728],[-69.76555,-6.76802],[-69.76875,-6.76469],[-69.77042,-6.76444],[-69.7733,-6.76611],[-69.77403,-6.76782],[-69.77436,-6.77677],[-69.77639,-6.78254],[-69.77783,-6.7845],[-69.78051,-6.78506],[-69.78316,-6.78195],[-69.78396,-6.77935],[-69.78269,-6.77628],[-69.77733,-6.77096],[-69.77529,-6.76338],[-69.77172,-6.75883],[-69.76654,-6.7573],[-69.76176,-6.75743],[-69.76088,-6.75675],[-69.76003,-6.75453],[-69.76142,-6.75109],[-69.76731,-6.74833],[-69.77633,-6.74874],[-69.78109,-6.74777],[-69.78551,-6.74468],[-69.79078,-6.73898],[-69.79805,-6.73904],[-69.79941,-6.7384],[-69.79957,-6.73598],[-69.7986,-6.73409],[-69.79444,-6.72969],[-69.79215,-6.72846],[-69.78958,-6.7276],[-69.78091,-6.72806],[-69.76904,-6.72701],[-69.76581,-6.72575],[-69.76529,-6.722],[-69.76648,-6.72017],[-69.77156,-6.7163],[-69.77296,-6.71279],[-69.77294,-6.70733],[-69.77122,-6.70503],[-69.76813,-6.70357],[-69.76132,-6.7033],[-69.76027,-6.70128],[-69.76136,-6.69752],[-69.76599,-6.69299]],"type":"LineString"},"id":127,"properties":{"cla_icacao":"Navegação sazonal","dominio":"União","est_estino":"AM","est_origem":"AM","extensao":205.614988956,"fonte":"LabTrans/Antaq","idantaq":21,"idhidrovia":200002223,"idm_estino":"BR130150","idm_origem":"BR130140","idseq":0,"jurisdicao":"AHIMOC","mun_estino":"Envira","mun_origem":"Eirunepé","navegacao":"Navegação Interior","nom_eclusa":null,"nome":"Hidrovia do Juruá","nome_rio":"Rio Tarauacá","observacao":"Foz no rio Juruá _AM_ até Tarauacá _AC_.","pro_de_max":1.5,"pro_de_min":1.2,"reg_rafica":"Região Hidrográfica Amazônica","snv":"Sim","tempo":"0d 20h 33min","tipo":"Rio","vel_cional":10.0},"type":"Feature"},{"bbox":[-69.872191,-6.723082,-69.76599,-6.668272],"geometry":{"coordinates":[[-69.87219,-6.67041],[-69.86938,-6.66827],[-69.86684,-6.66899],[-69.85919,-6.67853],[-69.85199,-6.68451],[-69.8435,-6.68683],[-69.8407,-6.68841],[-69.83441,-6.69409],[-69.82703,-6.69458],[-69.82703,-6.69702],[-69.83111,-6.70111],[-69.83319,-6.70569],[-69.84058,-6.7113],[-69.84332,-6.71539],[-69.84271,-6.71979],[-69.84167,-6.72168],[-69.83942,-6.72308],[-69.83099,-6.72302],[-69.82812,-6.72162],[-69.82599,-6.72009],[-69.8211,-6.71148],[-69.81579,-6.70788],[-69.80261,-6.70782],[-69.79742,-6.70599],[-69.794,-6.70209],[-69.79321,-6.69641],[-69.78998,-6.69379],[-69.77081,-6.69421],[-69.76599,-6.69299]],"type":"LineString"},"id":128,"properties":{"cla_icacao":"Navegável","dominio":"União","est_estino":"AM","est_origem":"AM","extensao":20.1357605054,"fonte":"LabTrans/Antaq","idantaq":21,"idhidrovia":200002224,"idm_estino":"BR130140","idm_origem":"BR130140","idseq":0,"jurisdicao":"AHIMOC","mun_estino":"Eirunepé","mun_origem":"Eirunepé","navegacao":"Navegação Interior","nom_eclusa":null,"nome":"Hidrovia do Juruá","nome_rio":"Rio Juruá","observacao":"Foz no rio Solimões _AM_ até  Marechal Taumaturgo _AC_.","pro_de_max":5.0,"pro_de_min":2.0,"reg_rafica":"Região Hidrográfica Amazônica","snv":"Sim","tempo":"0d 2h 0min","tipo":"Rio","vel_cional":10.0},"type":"Feature"},{"bbox":[-70.028273,-4.356806,-69.93579,-4.293089],"geometry":{"coordinates":[[-70.02827,-4.35503],[-70.02642,-4.35607],[-69.98832,-4.35681],[-69.93579,-4.29309]],"type":"LineString"},"id":129,"properties":{"cla_icacao":"Navegável","dominio":"União","est_estino":"AM","est_origem":"AM","extensao":13.6074218586,"fonte":"ANA/Antaq","idantaq":2,"idhidrovia":200002227,"idm_estino":"BR130060","idm_origem":"BR130060","idseq":0,"jurisdicao":"AHIMOC","mun_estino":"Benjamin Constant","mun_origem":"Benjamin Constant","navegacao":"Navegação Interior","nom_eclusa":null,"nome":"Hidrovia do Solimões","nome_rio":"Rio Javari","observacao":"Foz no rio Solimões _AM_ até a confluência do rio Javari-Mirim.","pro_de_max":3.0,"pro_de_min":0.9,"reg_rafica":"Região Hidrográfica Amazônica","snv":"Sim","tempo":"0d 1h 21min","tipo":"Rio","vel_cional":10.0},"type":"Feature"},{"bbox":[-70.195407,-4.361431,-70.028273,-4.257346],"geometry":{"coordinates":[[-70.19541,-4.36143],[-70.18563,-4.35631],[-70.18192,-4.34171],[-70.17474,-4.33429],[-70.16608,-4.33355],[-70.15842,-4.32935],[-70.15644,-4.32489],[-70.15941,-4.31895],[-70.16905,-4.31252],[-70.17103,-4.30955],[-70.1698,-4.29941],[-70.16225,-4.28258],[-70.15804,-4.27887],[-70.15186,-4.27689],[-70.1333,-4.28407],[-70.12563,-4.28555],[-70.12217,-4.28382],[-70.1192,-4.28011],[-70.1187,-4.26477],[-70.11697,-4.25982],[-70.1145,-4.25735],[-70.1098,-4.25858],[-70.10782,-4.26155],[-70.10337,-4.28332],[-70.09792,-4.28926],[-70.08048,-4.29025],[-70.06316,-4.29421],[-70.05178,-4.29223],[-70.04856,-4.29347],[-70.04683,-4.2952],[-70.04683,-4.30213],[-70.0545,-4.3051],[-70.07801,-4.30658],[-70.08246,-4.31301],[-70.08196,-4.31475],[-70.0785,-4.31994],[-70.07207,-4.32217],[-70.05375,-4.32538],[-70.04881,-4.33009],[-70.04658,-4.33726],[-70.04027,-4.34592],[-70.0331,-4.35235],[-70.02827,-4.35503]],"type":"LineString"},"id":130,"properties":{"cla_icacao":"Navegável","dominio":"União","est_estino":"AM","est_origem":"AM","extensao":43.5766216147,"fonte":"ANA/Antaq","idantaq":2,"idhidrovia":200002228,"idm_estino":"BR130020","idm_origem":"BR130060","idseq":0,"jurisdicao":"AHIMOC","mun_estino":"Atalaia do Norte","mun_origem":"Benjamin Constant","navegacao":"Navegação Interior","nom_eclusa":null,"nome":"Hidrovia do Solimões","nome_rio":"Rio Javari","observacao":"Foz no rio Solimões _AM_ até a confluência do rio Javari-Mirim.","pro_de_max":3.0,"pro_de_min":0.9,"reg_rafica":"Região Hidrográfica Amazônica","snv":"Sim","tempo":"0d 4h 21min","tipo":"Rio","vel_cional":10.0},"type":"Feature"},{"bbox":[-69.93579,-4.381712,-69.381468,-4.063475],"geometry":{"coordinates":[[-69.93579,-4.29309],[-69.92248,-4.29919],[-69.90729,-4.30182],[-69.9032,-4.30517],[-69.89618,-4.30859],[-69.88659,-4.31457],[-69.87878,-4.32062],[-69.87127,-4.32819],[-69.86389,-4.33758],[-69.85632,-4.3446],[-69.8446,-4.34387],[-69.82562,-4.35199],[-69.8175,-4.35827],[-69.80029,-4.3772],[-69.79053,-4.38171],[-69.7478,-4.36389],[-69.73468,-4.36133],[-69.7196,-4.35998],[-69.7091,-4.35577],[-69.69958,-4.35028],[-69.67328,-4.33191],[-69.64917,-4.31927],[-69.63922,-4.31531],[-69.60882,-4.30951],[-69.57831,-4.31262],[-69.57147,-4.31061],[-69.56299,-4.30621],[-69.54571,-4.29278],[-69.51117,-4.27118],[-69.50519,-4.26318],[-69.49127,-4.23358],[-69.48498,-4.21771],[-69.47741,-4.20691],[-69.46789,-4.19739],[-69.45599,-4.18848],[-69.43939,-4.17871],[-69.42157,-4.17108],[-69.40387,-4.16479],[-69.39062,-4.15832],[-69.3836,-4.15191],[-69.38147,-4.14508],[-69.3819,-4.13659],[-69.38452,-4.12799],[-69.3938,-4.11389],[-69.39868,-4.10321],[-69.40411,-4.09991],[-69.4129,-4.09631],[-69.4223,-4.09778],[-69.4494,-4.1112],[-69.47168,-4.12359],[-69.48639,-4.12921],[-69.49939,-4.12939],[-69.51471,-4.12543],[-69.53131,-4.1134],[-69.53552,-4.10339],[-69.53619,-4.09149],[-69.5346,-4.07672],[-69.53082,-4.06348]],"type":"LineString"},"id":131,"properties":{"cla_icacao":"Navegável","dominio":"União","est_estino":"AM","est_origem":"AM","extensao":223.057043847,"fonte":"LabTrans/Antaq","idantaq":2,"idhidrovia":200002229,"idm_estino":"BR130060","idm_origem":"BR130390","idseq":0,"jurisdicao":"AHIMOC","mun_estino":"Benjamin Constant","mun_origem":"São Paulo de Olivença","navegacao":"Navegação Interior","nom_eclusa":null,"nome":"Hidrovia do Solimões","nome_rio":"Rio Solimões","observacao":"Confluência com o rio Negro _AM_ até Tabatinga _AM_.","pro_de_max":10.0,"pro_de_min":6.0,"reg_rafica":"Região Hidrográfica Amazônica","snv":"Sim","tempo":"0d 22h 18min","tipo":"Rio","vel_cional":10.0},"type":"Feature"},{"bbox":[-66.067809,-3.468962,-65.69818,-2.617796],"geometry":{"coordinates":[[-66.06283,-3.46896],[-66.06061,-3.46667],[-66.06,-3.45947],[-66.06097,-3.45349],[-66.06579,-3.44537],[-66.0675,-3.44043],[-66.06781,-3.43609],[-66.06567,-3.42621],[-66.06238,-3.41949],[-66.05548,-3.4154],[-66.0534,-3.41327],[-66.05249,-3.41058],[-66.05261,-3.40777],[-66.05517,-3.40088],[-66.0542,-3.3963],[-66.05041,-3.39429],[-66.04138,-3.39349],[-66.03857,-3.39148],[-66.03729,-3.3894],[-66.03601,-3.38458],[-66.03778,-3.37952],[-66.044,-3.37158],[-66.04907,-3.36877],[-66.0603,-3.36829],[-66.06347,-3.3678],[-66.06549,-3.36627],[-66.06622,-3.36377],[-66.06561,-3.3598],[-66.06421,-3.35797],[-66.05792,-3.35449],[-66.05639,-3.35242],[-66.05682,-3.34601],[-66.05499,-3.33551],[-66.05481,-3.32617],[-66.05267,-3.32031],[-66.04889,-3.31769],[-66.03991,-3.31341],[-66.03729,-3.31109],[-66.03619,-3.30609],[-66.0368,-3.30389],[-66.04071,-3.2995],[-66.04938,-3.2959],[-66.05359,-3.2923],[-66.0545,-3.2876],[-66.05371,-3.28442],[-66.05188,-3.28241],[-66.04541,-3.27917],[-66.04339,-3.27551],[-66.04449,-3.25989],[-66.0451,-3.25677],[-66.04901,-3.25049],[-66.05432,-3.2326],[-66.0581,-3.22601],[-66.06439,-3.22052],[-66.06592,-3.2182],[-66.06769,-3.21368],[-66.06763,-3.20929],[-66.0647,-3.20581],[-66.06231,-3.20471],[-66.05597,-3.2041],[-66.05249,-3.20489],[-66.0451,-3.20959],[-66.04022,-3.21051],[-66.03589,-3.2085],[-66.02991,-3.20251],[-66.02588,-3.20141],[-66.00751,-3.20941],[-65.99042,-3.21307],[-65.98059,-3.21258],[-65.97772,-3.21081],[-65.97558,-3.20813],[-65.97278,-3.19879],[-65.97302,-3.19342],[-65.97461,-3.18799],[-65.9776,-3.18408],[-65.9815,-3.18079],[-65.99158,-3.1756],[-65.9964,-3.17181],[-65.99829,-3.1673],[-65.99811,-3.16247],[-65.99591,-3.15509],[-65.99188,-3.15198],[-65.98761,-3.15002],[-65.98089,-3.1496],[-65.96033,-3.151],[-65.95697,-3.1488],[-65.9552,-3.1441],[-65.95831,-3.1355],[-65.96161,-3.13122],[-65.96521,-3.12921],[-65.9693,-3.12762],[-65.97497,-3.1286],[-65.98389,-3.13251],[-65.98749,-3.13299],[-65.99109,-3.13171],[-65.99408,-3.12799],[-65.9953,-3.12121],[-65.98859,-3.10382],[-65.98211,-3.09179],[-65.9815,-3.08691],[-65.98382,-3.08258],[-65.98743,-3.0813],[-65.9989,-3.08081],[-66.00409,-3.07831],[-66.00671,-3.07532],[-66.00702,-3.06927],[-66.00482,-3.06402],[-66.00421,-3.0567],[-66.00549,-3.05267],[-66.00799,-3.04858],[-66.01312,-3.04242],[-66.0133,-3.03747],[-66.01208,-3.03399],[-66.01037,-3.03198],[-66.00598,-3.03082],[-65.99872,-3.03247],[-65.99579,-3.03198],[-65.99158,-3.02899],[-65.99048,-3.02691],[-65.99042,-3.02441],[-65.99408,-3.00928],[-65.99389,-3.0061],[-65.99109,-3.00409],[-65.98602,-3.00458],[-65.97577,-3.01758],[-65.97259,-3.0191],[-65.96887,-3.01831],[-65.96478,-3.01629],[-65.96069,-3.01239],[-65.95959,-3.00958],[-65.95978,-3.00531],[-65.96271,-2.99859],[-65.96753,-2.992],[-65.96771,-2.98572],[-65.966,-2.98321],[-65.95618,-2.9798],[-65.94678,-2.98199],[-65.94287,-2.97992],[-65.94317,-2.97638],[-65.94482,-2.97357],[-65.94849,-2.97198],[-65.953,-2.96838],[-65.95428,-2.96527],[-65.95538,-2.9599],[-65.95459,-2.9566],[-65.95319,-2.953],[-65.95001,-2.9505],[-65.94678,-2.94928],[-65.94317,-2.94909],[-65.9375,-2.95038],[-65.9317,-2.95691],[-65.92828,-2.9635],[-65.92419,-2.96881],[-65.9212,-2.97101],[-65.91217,-2.97357],[-65.909,-2.97528],[-65.90118,-2.9823],[-65.89868,-2.9826],[-65.8952,-2.98181],[-65.88568,-2.97577],[-65.88019,-2.96991],[-65.87768,-2.96588],[-65.87567,-2.95978],[-65.8753,-2.95538],[-65.87652,-2.95117],[-65.87958,-2.9469],[-65.89349,-2.93701],[-65.8952,-2.93298],[-65.89477,-2.92963],[-65.8919,-2.9248],[-65.88971,-2.92279],[-65.88629,-2.92157],[-65.8667,-2.922],[-65.86359,-2.92071],[-65.85919,-2.91388],[-65.85901,-2.9104],[-65.86041,-2.90613],[-65.86188,-2.90381],[-65.86822,-2.90069],[-65.88617,-2.90021],[-65.89007,-2.90051],[-65.89599,-2.9024],[-65.89868,-2.90448],[-65.90179,-2.90851],[-65.9035,-2.91241],[-65.90399,-2.91852],[-65.90308,-2.92352],[-65.90381,-2.9267],[-65.90662,-2.92859],[-65.91162,-2.92902],[-65.91681,-2.92627],[-65.92108,-2.91931],[-65.92419,-2.89648],[-65.92291,-2.8894],[-65.92078,-2.88598],[-65.91699,-2.8833],[-65.91229,-2.88232],[-65.90668,-2.88312],[-65.89203,-2.89319],[-65.88861,-2.89361],[-65.8858,-2.89221],[-65.8811,-2.88611],[-65.8786,-2.87958],[-65.87591,-2.8667],[-65.87732,-2.85919],[-65.87872,-2.85577],[-65.88647,-2.8421],[-65.8869,-2.83441],[-65.88568,-2.83258],[-65.88263,-2.83117],[-65.87878,-2.83099],[-65.87408,-2.83191],[-65.87042,-2.83368],[-65.86627,-2.83728],[-65.86419,-2.8407],[-65.8634,-2.84448],[-65.86322,-2.85321],[-65.86182,-2.85638],[-65.85882,-2.85797],[-65.84747,-2.85449],[-65.84088,-2.8512],[-65.83789,-2.84881],[-65.836,-2.84607],[-65.83447,-2.84167],[-65.83441,-2.83832],[-65.83508,-2.83508],[-65.83752,-2.83142],[-65.84021,-2.8294],[-65.85632,-2.82251],[-65.85919,-2.81952],[-65.86731,-2.8064],[-65.8753,-2.80102],[-65.8833,-2.79809],[-65.88531,-2.79529],[-65.88733,-2.79138],[-65.88788,-2.78387],[-65.8855,-2.7785],[-65.88318,-2.77649],[-65.88049,-2.77521],[-65.87689,-2.77478],[-65.87268,-2.77588],[-65.86481,-2.7807],[-65.84949,-2.79358],[-65.84472,-2.79529],[-65.84009,-2.79461],[-65.83642,-2.79248],[-65.83398,-2.78998],[-65.8327,-2.78601],[-65.83258,-2.78192],[-65.836,-2.76587],[-65.83551,-2.7608],[-65.8324,-2.75677],[-65.82849,-2.75519],[-65.8233,-2.75458],[-65.81848,-2.75531],[-65.81189,-2.76269],[-65.80969,-2.76678],[-65.8034,-2.77289],[-65.7998,-2.77868],[-65.79358,-2.7846],[-65.78949,-2.78412],[-65.78589,-2.7807],[-65.7843,-2.77752],[-65.78357,-2.77301],[-65.7846,-2.76782],[-65.79028,-2.7572],[-65.79181,-2.75207],[-65.79217,-2.74707],[-65.7912,-2.74219],[-65.7843,-2.73877],[-65.77478,-2.73742],[-65.77063,-2.73523],[-65.76849,-2.73279],[-65.7677,-2.73022],[-65.76941,-2.72137],[-65.77179,-2.7182],[-65.77508,-2.716],[-65.7865,-2.71197],[-65.79022,-2.70831],[-65.8053,-2.6853],[-65.81152,-2.68121],[-65.81769,-2.6784],[-65.81909,-2.67639],[-65.8194,-2.6737],[-65.8186,-2.67029],[-65.81671,-2.66809],[-65.80639,-2.66778],[-65.8031,-2.66662],[-65.79748,-2.66229],[-65.7937,-2.65661],[-65.79181,-2.65161],[-65.79108,-2.64618],[-65.7915,-2.6405],[-65.79437,-2.63428],[-65.79968,-2.62579],[-65.80029,-2.62298],[-65.79809,-2.6192],[-65.7948,-2.6178],[-65.79169,-2.61829],[-65.78821,-2.6206],[-65.78491,-2.62439],[-65.77862,-2.62958],[-65.77252,-2.63269],[-65.76569,-2.63318],[-65.75171,-2.6308],[-65.74689,-2.63287],[-65.72809,-2.6438],[-65.72009,-2.64697],[-65.7124,-2.64941],[-65.7016,-2.6499],[-65.69818,-2.64911]],"type":"LineString"},"id":132,"properties":{"cla_icacao":"Navegável","dominio":"União","est_estino":"AM","est_origem":"AM","extensao":219.883560318,"fonte":"LabTrans/Antaq","idantaq":21,"idhidrovia":200002230,"idm_estino":"BR130220","idm_origem":"BR130220","idseq":0,"jurisdicao":"AHIMOC","mun_estino":"Juruá","mun_origem":"Juruá","navegacao":"Navegação Interior","nom_eclusa":null,"nome":"Hidrovia do Juruá","nome_rio":"Rio Juruá","observacao":"Foz no rio Solimões _AM_ até  Marechal Taumaturgo _AC_.","pro_de_max":4.0,"pro_de_min":1.8,"reg_rafica":"Região Hidrográfica Amazônica","snv":"Sim","tempo":"0d 21h 59min","tipo":"Rio","vel_cional":10.0},"type":"Feature"},{"bbox":[-65.599426,-3.164,-64.730627,-1.866635],"geometry":{"coordinates":[[-65.59943,-1.87723],[-65.58899,-1.88255],[-65.57573,-1.88436],[-65.57167,-1.89045],[-65.5562,-1.90175],[-65.55085,-1.90948],[-65.54014,-1.91305],[-65.53419,-1.919],[-65.5211,-1.92435],[-65.5098,-1.93149],[-65.48601,-1.93804],[-65.47352,-1.93863],[-65.45448,-1.92257],[-65.42993,-1.88131],[-65.4183,-1.87605],[-65.38424,-1.86664],[-65.36333,-1.86664],[-65.3089,-1.87408],[-65.28898,-1.88076],[-65.27181,-1.89433],[-65.26904,-1.90512],[-65.27015,-1.91177],[-65.26973,-1.92977],[-65.26322,-1.96023],[-65.24702,-2.0026],[-65.23761,-2.02116],[-65.2257,-2.035],[-65.20646,-2.05106],[-65.20006,-2.06162],[-65.19039,-2.08402],[-65.18693,-2.10728],[-65.18694,-2.13383],[-65.18471,-2.14163],[-65.16187,-2.16698],[-65.15351,-2.19261],[-65.15407,-2.20487],[-65.15853,-2.22325],[-65.16117,-2.25584],[-65.17064,-2.28928],[-65.17106,-2.30042],[-65.16549,-2.31268],[-65.15435,-2.32605],[-65.14432,-2.3344],[-65.13304,-2.35307],[-65.10866,-2.41269],[-65.0698,-2.47537],[-65.06701,-2.48261],[-65.05002,-2.5113],[-65.00642,-2.55783],[-64.98901,-2.59097],[-64.98637,-2.6322],[-64.98692,-2.64195],[-64.99055,-2.65867],[-64.9918,-2.67678],[-64.98957,-2.70352],[-64.98316,-2.71522],[-64.97954,-2.71856],[-64.97341,-2.72079],[-64.945,-2.72358],[-64.91296,-2.71578],[-64.90195,-2.71661],[-64.88692,-2.72274],[-64.87855,-2.73138],[-64.87494,-2.73779],[-64.86853,-2.75283],[-64.86894,-2.80799],[-64.87396,-2.8247],[-64.8936,-2.85785],[-64.89429,-2.87513],[-64.88692,-2.89156],[-64.88357,-2.9027],[-64.87382,-2.90995],[-64.85293,-2.9158],[-64.82388,-2.92909],[-64.81379,-2.93613],[-64.80961,-2.94254],[-64.80738,-2.95006],[-64.80682,-2.95842],[-64.80807,-2.97458],[-64.80166,-2.9938],[-64.7798,-3.0445],[-64.77367,-3.05508],[-64.73453,-3.09214],[-64.73063,-3.09938],[-64.73063,-3.10634],[-64.73398,-3.11275],[-64.74177,-3.11777],[-64.76587,-3.12473],[-64.77256,-3.13197],[-64.77646,-3.1395],[-64.77679,-3.164]],"type":"LineString"},"id":133,"properties":{"cla_icacao":"Navegável","dominio":"União","est_estino":"AM","est_origem":"AM","extensao":216.551518616,"fonte":"ANA/Antaq","idantaq":2,"idhidrovia":200002231,"idm_estino":"BR130280","idm_origem":"BR130002","idseq":0,"jurisdicao":"AHIMOC","mun_estino":"Maraã","mun_origem":"Alvarães","navegacao":"Navegação Interior","nom_eclusa":null,"nome":"Hidrovia do Solimões","nome_rio":"Rio Japurá","observacao":"Foz no rio Solimões _AM_ até Vila Bittencourt _AM_.","pro_de_max":4.0,"pro_de_min":2.0,"reg_rafica":"Região Hidrográfica Amazônica","snv":"Sim","tempo":"0d 21h 39min","tipo":"Rio","vel_cional":10.0},"type":"Feature"},{"bbox":[-68.952407,-3.458215,-68.197435,-3.350717],"geometry":{"coordinates":[[-68.95241,-3.45822],[-68.92749,-3.453],[-68.90069,-3.45129],[-68.8576,-3.44629],[-68.84369,-3.4458],[-68.815,-3.44928],[-68.797,-3.44909],[-68.78412,-3.44739],[-68.77112,-3.44299],[-68.7608,-3.43793],[-68.74249,-3.4267],[-68.7315,-3.41821],[-68.70758,-3.40277],[-68.69708,-3.39899],[-68.68609,-3.393],[-68.67029,-3.38269],[-68.65613,-3.37597],[-68.62707,-3.37091],[-68.61548,-3.37323],[-68.60498,-3.3772],[-68.59479,-3.38281],[-68.57739,-3.39783],[-68.5683,-3.40338],[-68.55841,-3.40417],[-68.52398,-3.40149],[-68.50879,-3.39648],[-68.49621,-3.38928],[-68.48651,-3.3819],[-68.4577,-3.36969],[-68.4154,-3.35498],[-68.40033,-3.35522],[-68.38879,-3.35919],[-68.3819,-3.3642],[-68.36328,-3.37549],[-68.35419,-3.37939],[-68.34051,-3.38251],[-68.33227,-3.38159],[-68.30792,-3.37671],[-68.29468,-3.37237],[-68.27569,-3.36298],[-68.24921,-3.35339],[-68.24078,-3.35181],[-68.21509,-3.35248],[-68.19743,-3.35072]],"type":"LineString"},"id":134,"properties":{"cla_icacao":"Navegável","dominio":"União","est_estino":"AM","est_origem":"AM","extensao":89.6862051535,"fonte":"LabTrans/Antaq","idantaq":2,"idhidrovia":200002232,"idm_estino":"BR130390","idm_origem":"BR130006","idseq":0,"jurisdicao":"AHIMOC","mun_estino":"São Paulo de Olivença","mun_origem":"Amaturá","navegacao":"Navegação Interior","nom_eclusa":null,"nome":"Hidrovia do Solimões","nome_rio":"Rio Solimões","observacao":"Confluência com o rio Negro _AM_ até Tabatinga _AM_.","pro_de_max":10.0,"pro_de_min":6.0,"reg_rafica":"Região Hidrográfica Amazônica","snv":"Sim","tempo":"0d 8h 58min","tipo":"Rio","vel_cional":10.0},"type":"Feature"},{"bbox":[-68.197435,-3.352904,-67.924315,-3.14337],"geometry":{"coordinates":[[-68.19743,-3.35072],[-68.18921,-3.34839],[-68.17187,-3.34179],[-68.15918,-3.34149],[-68.14728,-3.33941],[-68.12347,-3.3324],[-68.10791,-3.32892],[-68.09228,-3.32831],[-68.0824,-3.33173],[-68.06311,-3.34363],[-68.0506,-3.3468],[-68.03039,-3.3493],[-68.01629,-3.34961],[-68.00201,-3.35168],[-67.98419,-3.3529],[-67.96979,-3.34778],[-67.95007,-3.33557],[-67.9422,-3.32538],[-67.93439,-3.3089],[-67.9295,-3.29248],[-67.92578,-3.2633],[-67.92432,-3.23437],[-67.9292,-3.21771],[-67.93341,-3.20831],[-67.93542,-3.19739],[-67.93573,-3.18622],[-67.93182,-3.17279],[-67.92859,-3.16492],[-67.92621,-3.1546],[-67.9248,-3.14337]],"type":"LineString"},"id":135,"properties":{"cla_icacao":"Navegável","dominio":"União","est_estino":"AM","est_origem":"AM","extensao":43.2072668181,"fonte":"LabTrans","idantaq":2,"idhidrovia":200002233,"idm_estino":"BR130006","idm_origem":"BR130370","idseq":0,"jurisdicao":"AHIMOC","mun_estino":"Amaturá","mun_origem":"Santo Antônio do Içá","navegacao":"Navegação Interior","nom_eclusa":null,"nome":"Hidrovia do Solimões","nome_rio":"Rio Solimões","observacao":"Confluência com o rio Negro _AM_ até Tabatinga _AM_.","pro_de_max":10.0,"pro_de_min":6.0,"reg_rafica":"Região Hidrográfica Amazônica","snv":"Sim","tempo":"0d 4h 19min","tipo":"Rio","vel_cional":10.0},"type":"Feature"},{"bbox":[-67.762443,-2.901509,-66.765804,-2.549803],"geometry":{"coordinates":[[-67.76244,-2.90151],[-67.74438,-2.8833],[-67.73859,-2.87512],[-67.7345,-2.86798],[-67.71948,-2.83508],[-67.69348,-2.81207],[-67.68591,-2.8081],[-67.67438,-2.79992],[-67.66339,-2.78888],[-67.65417,-2.78229],[-67.62622,-2.76721],[-67.60541,-2.76111],[-67.5744,-2.75958],[-67.54651,-2.76111],[-67.53509,-2.76019],[-67.52258,-2.75671],[-67.51001,-2.75171],[-67.50067,-2.74682],[-67.47601,-2.72998],[-67.46741,-2.72168],[-67.46088,-2.70831],[-67.45001,-2.6806],[-67.44281,-2.6698],[-67.43341,-2.6604],[-67.40997,-2.63232],[-67.40228,-2.62518],[-67.39069,-2.60467],[-67.37518,-2.57019],[-67.36877,-2.56201],[-67.35449,-2.55243],[-67.34222,-2.55048],[-67.32757,-2.5498],[-67.31518,-2.55011],[-67.29791,-2.55292],[-67.2829,-2.5578],[-67.2749,-2.56378],[-67.24939,-2.58008],[-67.24371,-2.5863],[-67.24078,-2.59588],[-67.23981,-2.60968],[-67.24298,-2.62658],[-67.24341,-2.63812],[-67.23981,-2.65179],[-67.23181,-2.66388],[-67.22479,-2.672],[-67.21881,-2.67718],[-67.20941,-2.68219],[-67.19702,-2.68487],[-67.18231,-2.68457],[-67.17261,-2.6817],[-67.16138,-2.67407],[-67.15399,-2.66461],[-67.14569,-2.65021],[-67.13141,-2.6322],[-67.12677,-2.62469],[-67.12073,-2.61859],[-67.11438,-2.61499],[-67.10711,-2.61261],[-67.09808,-2.61157],[-67.08948,-2.61108],[-67.0813,-2.61169],[-67.07269,-2.61401],[-67.06268,-2.6189],[-67.05432,-2.62701],[-67.05151,-2.6333],[-67.0506,-2.64911],[-67.05377,-2.66601],[-67.05658,-2.6886],[-67.05713,-2.70129],[-67.05481,-2.71679],[-67.04999,-2.729],[-67.03998,-2.7456],[-67.02032,-2.76019],[-67.00171,-2.7699],[-66.98218,-2.77539],[-66.96899,-2.77551],[-66.9555,-2.77258],[-66.94482,-2.76831],[-66.93768,-2.76129],[-66.93377,-2.75519],[-66.9245,-2.72888],[-66.92291,-2.72149],[-66.91491,-2.70019],[-66.90912,-2.69012],[-66.90051,-2.67981],[-66.88843,-2.67218],[-66.8764,-2.66681],[-66.86298,-2.6651],[-66.85278,-2.66839],[-66.84118,-2.67468],[-66.83392,-2.6795],[-66.80719,-2.70172],[-66.79828,-2.71008],[-66.78369,-2.7196],[-66.77338,-2.72528],[-66.7658,-2.72697]],"type":"LineString"},"id":136,"properties":{"cla_icacao":"Navegável","dominio":"União","est_estino":"AM","est_origem":"AM","extensao":164.701120878,"fonte":"LabTrans/Antaq","idantaq":2,"idhidrovia":200002234,"idm_estino":"BR130423","idm_origem":"BR130230","idseq":0,"jurisdicao":"AHIMOC","mun_estino":"Tonantins","mun_origem":"Jutaí","navegacao":"Navegação Interior","nom_eclusa":null,"nome":"Hidrovia do Solimões","nome_rio":"Rio Solimões","observacao":"Confluência com o rio Negro _AM_ até Tabatinga _AM_.","pro_de_max":10.0,"pro_de_min":6.0,"reg_rafica":"Região Hidrográfica Amazônica","snv":"Sim","tempo":"0d 16h 28min","tipo":"Rio","vel_cional":10.0},"type":"Feature"},{"bbox":[-66.092494,-2.649107,-65.69818,-2.45471],"geometry":{"coordinates":[[-66.09249,-2.49316],[-66.07892,-2.49219],[-66.06848,-2.4895],[-66.04761,-2.48218],[-66.03491,-2.47601],[-66.0144,-2.46771],[-65.97412,-2.45587],[-65.9668,-2.45471],[-65.95978,-2.45563],[-65.95038,-2.45941],[-65.93262,-2.47101],[-65.90491,-2.48358],[-65.87659,-2.49762],[-65.86841,-2.49908],[-65.85089,-2.49939],[-65.84131,-2.50238],[-65.82867,-2.50848],[-65.81879,-2.51819],[-65.80469,-2.53949],[-65.8006,-2.55279],[-65.797,-2.56122],[-65.7912,-2.56763],[-65.78369,-2.57361],[-65.7782,-2.58288],[-65.76343,-2.599],[-65.7478,-2.61432],[-65.73657,-2.6214],[-65.7207,-2.62988],[-65.69818,-2.64911]],"type":"LineString"},"id":137,"properties":{"cla_icacao":"Navegável","dominio":"União","est_estino":"AM","est_origem":"AM","extensao":53.2004399159,"fonte":"LabTrans/Antaq","idantaq":2,"idhidrovia":200002235,"idm_estino":"BR130160","idm_origem":"BR130220","idseq":0,"jurisdicao":"AHIMOC","mun_estino":"Fonte Boa","mun_origem":"Juruá","navegacao":"Navegação Interior","nom_eclusa":null,"nome":"Hidrovia do Solimões","nome_rio":"Rio Solimões","observacao":"Confluência com o rio Negro _AM_ até Tabatinga _AM_.","pro_de_max":10.0,"pro_de_min":6.0,"reg_rafica":"Região Hidrográfica Amazônica","snv":"Sim","tempo":"0d 5h 19min","tipo":"Rio","vel_cional":10.0},"type":"Feature"},{"bbox":[-65.69818,-2.94609,-65.10122,-2.44879],"geometry":{"coordinates":[[-65.69818,-2.64911],[-65.69501,-2.65069],[-65.68628,-2.65899],[-65.67419,-2.66382],[-65.65069,-2.6665],[-65.63599,-2.66559],[-65.61731,-2.66217],[-65.59479,-2.66119],[-65.58502,-2.65887],[-65.57147,-2.65271],[-65.55078,-2.6394],[-65.53088,-2.6214],[-65.52191,-2.60937],[-65.5094,-2.57678],[-65.50348,-2.56958],[-65.49322,-2.55951],[-65.4917,-2.55658],[-65.48999,-2.5506],[-65.49139,-2.54303],[-65.4906,-2.5379],[-65.48859,-2.53399],[-65.48071,-2.5274],[-65.47662,-2.52588],[-65.4602,-2.5224],[-65.43658,-2.5141],[-65.42761,-2.49859],[-65.41998,-2.47858],[-65.41211,-2.46527],[-65.40228,-2.45367],[-65.39221,-2.44879],[-65.38501,-2.44879],[-65.3753,-2.45209],[-65.36841,-2.45581],[-65.35248,-2.47339],[-65.33911,-2.48138],[-65.33301,-2.4881],[-65.31543,-2.51703],[-65.30298,-2.5343],[-65.28668,-2.55157],[-65.28131,-2.55957],[-65.27838,-2.57019],[-65.28052,-2.58179],[-65.2948,-2.61279],[-65.30243,-2.62451],[-65.31012,-2.62939],[-65.3305,-2.63702],[-65.34228,-2.63843],[-65.35028,-2.64068],[-65.3623,-2.64709],[-65.37433,-2.65198],[-65.38177,-2.65979],[-65.39459,-2.68487],[-65.39929,-2.69769],[-65.3999,-2.7074],[-65.39722,-2.72107],[-65.37848,-2.7453],[-65.36951,-2.75421],[-65.341,-2.77063],[-65.32721,-2.7771],[-65.31738,-2.77929],[-65.30408,-2.7796],[-65.2904,-2.77862],[-65.27868,-2.77392],[-65.25592,-2.76062],[-65.2456,-2.75799],[-65.23389,-2.75659],[-65.22418,-2.75238],[-65.21741,-2.74689],[-65.20929,-2.742],[-65.20068,-2.7392],[-65.1922,-2.73993],[-65.18347,-2.74213],[-65.17218,-2.74658],[-65.16669,-2.75189],[-65.16162,-2.76129],[-65.15851,-2.77038],[-65.1546,-2.78918],[-65.15301,-2.80627],[-65.15332,-2.81402],[-65.1626,-2.84289],[-65.16662,-2.86261],[-65.16821,-2.88299],[-65.1662,-2.89239],[-65.1618,-2.90259],[-65.14618,-2.92627],[-65.14007,-2.93341],[-65.12939,-2.9397],[-65.11609,-2.94549],[-65.10122,-2.94609]],"type":"LineString"},"id":138,"properties":{"cla_icacao":"Navegável","dominio":"União","est_estino":"AM","est_origem":"AM","extensao":145.443627677,"fonte":"LabTrans/Antaq","idantaq":2,"idhidrovia":200002236,"idm_estino":"BR130220","idm_origem":"BR130426","idseq":0,"jurisdicao":"AHIMOC","mun_estino":"Juruá","mun_origem":"Uarini","navegacao":"Navegação Interior","nom_eclusa":null,"nome":"Hidrovia do Solimões","nome_rio":"Rio Solimões","observacao":"Confluência com o rio Negro _AM_ até Tabatinga _AM_.","pro_de_max":10.0,"pro_de_min":6.0,"reg_rafica":"Região Hidrográfica Amazônica","snv":"Sim","tempo":"0d 14h 32min","tipo":"Rio","vel_cional":10.0},"type":"Feature"},{"bbox":[-65.10122,-3.164,-64.776793,-2.94609],"geometry":{"coordinates":[[-65.10122,-2.94609],[-65.08447,-2.95111],[-65.07251,-2.95758],[-65.05829,-2.96808],[-65.04889,-2.98163],[-65.04492,-2.98889],[-65.04162,-3.00128],[-65.03912,-3.0199],[-65.034,-3.02868],[-65.02301,-3.03693],[-64.99798,-3.04858],[-64.99127,-3.0509],[-64.974,-3.05981],[-64.95422,-3.06567],[-64.92938,-3.07629],[-64.92279,-3.0802],[-64.91138,-3.08917],[-64.90442,-3.09588],[-64.89722,-3.09943],[-64.89142,-3.10071],[-64.88861,-3.10052],[-64.88568,-3.09961],[-64.88348,-3.0979],[-64.87781,-3.09619],[-64.86841,-3.0968],[-64.84869,-3.1051],[-64.8371,-3.10827],[-64.82611,-3.11279],[-64.82159,-3.1178],[-64.81512,-3.13098],[-64.80328,-3.14899],[-64.8006,-3.15112],[-64.7854,-3.15851],[-64.77679,-3.164]],"type":"LineString"},"id":139,"properties":{"cla_icacao":"Navegável","dominio":"União","est_estino":"AM","est_origem":"AM","extensao":46.5687386127,"fonte":"LabTrans/Antaq","idantaq":2,"idhidrovia":200002237,"idm_estino":"BR130426","idm_origem":"BR130002","idseq":0,"jurisdicao":"AHIMOC","mun_estino":"Uarini","mun_origem":"Alvarães","navegacao":"Navegação Interior","nom_eclusa":null,"nome":"Hidrovia do Solimões","nome_rio":"Rio Solimões","observacao":"Confluência com o rio Negro _AM_ até Tabatinga _AM_.","pro_de_max":10.0,"pro_de_min":6.0,"reg_rafica":"Região Hidrográfica Amazônica","snv":"Sim","tempo":"0d 4h 39min","tipo":"Rio","vel_cional":10.0},"type":"Feature"},{"bbox":[-64.776793,-3.27838,-64.654784,-3.164],"geometry":{"coordinates":[[-64.77679,-3.164],[-64.76159,-3.177],[-64.7337,-3.20617],[-64.70679,-3.22247],[-64.69958,-3.22919],[-64.68457,-3.24652],[-64.67798,-3.2586],[-64.669,-3.27069],[-64.65478,-3.27838]],"type":"LineString"},"id":140,"properties":{"cla_icacao":"Navegável","dominio":"União","est_estino":"AM","est_origem":"AM","extensao":18.8091051142,"fonte":"LabTrans/Antaq","idantaq":2,"idhidrovia":200002238,"idm_estino":"BR130002","idm_origem":"BR130420","idseq":0,"jurisdicao":"AHIMOC","mun_estino":"Alvarães","mun_origem":"Tefé","navegacao":"Navegação Interior","nom_eclusa":null,"nome":"Hidrovia do Solimões","nome_rio":"Rio Solimões","observacao":"Confluência com o rio Negro _AM_ até Tabatinga _AM_.","pro_de_max":10.0,"pro_de_min":6.0,"reg_rafica":"Região Hidrográfica Amazônica","snv":"Sim","tempo":"0d 1h 52min","tipo":"Rio","vel_cional":10.0},"type":"Feature"},{"bbox":[-63.161578,-4.068692,-63.128468,-3.941946],"geometry":{"coordinates":[[-63.16158,-3.94195],[-63.15348,-3.94564],[-63.14668,-3.95349],[-63.14473,-3.96014],[-63.1477,-3.97961],[-63.15088,-3.99109],[-63.15118,-4.00879],[-63.14398,-4.04248],[-63.13971,-4.0531],[-63.12847,-4.06869]],"type":"LineString"},"id":141,"properties":{"cla_icacao":"Navegável","dominio":"União","est_estino":"AM","est_origem":"AM","extensao":15.5581980968,"fonte":"LabTrans/Antaq","idantaq":2,"idhidrovia":200002239,"idm_estino":"BR130120","idm_origem":"BR130120","idseq":0,"jurisdicao":"AHIMOC","mun_estino":"Coari","mun_origem":"Coari","navegacao":"Navegação Interior","nom_eclusa":null,"nome":"Hidrovia do Solimões","nome_rio":"Rio Solimões","observacao":"Confluência com o rio Negro _AM_ até Tabatinga _AM_.","pro_de_max":10.0,"pro_de_min":6.0,"reg_rafica":"Região Hidrográfica Amazônica","snv":"Sim","tempo":"0d 1h 33min","tipo":"Rio","vel_cional":10.0},"type":"Feature"},{"bbox":[-61.618009,-3.776553,-61.477904,-3.677428],"geometry":{"coordinates":[[-61.61801,-3.77655],[-61.61481,-3.7702],[-61.60058,-3.75989],[-61.5813,-3.75091],[-61.52942,-3.70563],[-61.50519,-3.69122],[-61.4779,-3.67743]],"type":"LineString"},"id":142,"properties":{"cla_icacao":"Navegável","dominio":"União","est_estino":"AM","est_origem":"AM","extensao":19.2518377357,"fonte":"LabTrans/Antaq","idantaq":2,"idhidrovia":200002240,"idm_estino":"BR130010","idm_origem":"BR130008","idseq":0,"jurisdicao":"AHIMOC","mun_estino":"Anori","mun_origem":"Anamã","navegacao":"Navegação Interior","nom_eclusa":null,"nome":"Hidrovia do Solimões","nome_rio":"Rio Solimões","observacao":"Confluência com o rio Negro _AM_ até Tabatinga _AM_.","pro_de_max":10.0,"pro_de_min":6.0,"reg_rafica":"Região Hidrográfica Amazônica","snv":"Sim","tempo":"0d 1h 55min","tipo":"Rio","vel_cional":10.0},"type":"Feature"},{"bbox":[-58.483587,-3.155995,-58.44147,-3.137599],"geometry":{"coordinates":[[-58.48359,-3.1376],[-58.47565,-3.13768],[-58.46381,-3.14182],[-58.44456,-3.15522],[-58.44147,-3.15599]],"type":"LineString"},"id":143,"properties":{"cla_icacao":"Navegável","dominio":"União","est_estino":"AM","est_origem":"AM","extensao":5.23167353438,"fonte":"LabTrans/Antaq","idantaq":1,"idhidrovia":200002241,"idm_estino":"BR130190","idm_origem":"BR130190","idseq":0,"jurisdicao":"AHIMOC","mun_estino":"Itacoatiara","mun_origem":"Itacoatiara","navegacao":"Navegação Interior","nom_eclusa":null,"nome":"Hidrovia do Amazonas","nome_rio":"Rio Amazonas","observacao":"Foz no oceano Atlântico _PA_ até a confluência dos rios Negro e Solimões.","pro_de_max":7.5,"pro_de_min":5.0,"reg_rafica":"Região Hidrográfica Amazônica","snv":"Sim","tempo":"0d 0h 12min","tipo":"Rio","vel_cional":25.0},"type":"Feature"},{"bbox":[-58.44147,-3.159465,-58.219821,-3.066611],"geometry":{"coordinates":[[-58.44147,-3.15599],[-58.42795,-3.15941],[-58.41469,-3.15946],[-58.39544,-3.15289],[-58.36389,-3.1369],[-58.34869,-3.12439],[-58.32641,-3.11249],[-58.27808,-3.09381],[-58.24969,-3.08661],[-58.23169,-3.07751],[-58.21982,-3.06661]],"type":"LineString"},"id":144,"properties":{"cla_icacao":"Navegável","dominio":"União","est_estino":"AM","est_origem":"AM","extensao":27.2339798321,"fonte":"LabTrans/Antaq","idantaq":1,"idhidrovia":200002242,"idm_estino":"BR130190","idm_origem":"BR130190","idseq":0,"jurisdicao":"AHIMOC","mun_estino":"Itacoatiara","mun_origem":"Itacoatiara","navegacao":"Navegação Interior","nom_eclusa":null,"nome":"Hidrovia do Amazonas","nome_rio":"Rio Amazonas","observacao":"Foz no oceano Atlântico _PA_ até a confluência dos rios Negro e Solimões.","pro_de_max":7.5,"pro_de_min":5.0,"reg_rafica":"Região Hidrográfica Amazônica","snv":"Sim","tempo":"0d 1h 5min","tipo":"Rio","vel_cional":25.0},"type":"Feature"},{"bbox":[-70.067412,-7.495096,-70.02643,-7.425402],"geometry":{"coordinates":[[-70.06741,-7.4951],[-70.06662,-7.48065],[-70.06266,-7.46797],[-70.06011,-7.45624],[-70.05876,-7.45443],[-70.05661,-7.45302],[-70.05324,-7.45444],[-70.05119,-7.46247],[-70.04938,-7.4634],[-70.04662,-7.46322],[-70.03928,-7.46005],[-70.03377,-7.45564],[-70.03293,-7.45175],[-70.03295,-7.44765],[-70.03707,-7.44214],[-70.0551,-7.43297],[-70.06169,-7.43162],[-70.06339,-7.42965],[-70.06287,-7.42794],[-70.0601,-7.42556],[-70.05778,-7.4254],[-70.05173,-7.42935],[-70.0446,-7.43248],[-70.03358,-7.43431],[-70.02957,-7.43461],[-70.02643,-7.43189]],"type":"LineString"},"id":145,"properties":{"cla_icacao":"Navegação sazonal","dominio":"União","est_estino":"AM","est_origem":"AM","extensao":18.0724798647,"fonte":"LabTrans/Antaq","idantaq":21,"idhidrovia":200002244,"idm_estino":"BR130150","idm_origem":"BR130150","idseq":0,"jurisdicao":"AHIMOC","mun_estino":"Envira","mun_origem":"Envira","navegacao":"Navegação Interior","nom_eclusa":null,"nome":"Hidrovia do Juruá","nome_rio":"Rio Tarauacá","observacao":"Foz no rio Juruá _AM_ até Tarauacá _AC_.","pro_de_max":1.5,"pro_de_min":1.2,"reg_rafica":"Região Hidrográfica Amazônica","snv":"Sim","tempo":"0d 1h 48min","tipo":"Rio","vel_cional":10.0},"type":"Feature"},{"bbox":[-64.796075,-7.255556,-64.381076,-6.537315],"geometry":{"coordinates":[[-64.79608,-7.25556],[-64.79071,-7.24951],[-64.78387,-7.23633],[-64.78277,-7.23151],[-64.78259,-7.22162],[-64.7854,-7.20288],[-64.78418,-7.19842],[-64.78168,-7.19488],[-64.77862,-7.19397],[-64.77557,-7.19409],[-64.76611,-7.19989],[-64.76367,-7.20227],[-64.75531,-7.21948],[-64.74811,-7.23041],[-64.74438,-7.23431],[-64.73828,-7.23559],[-64.73529,-7.23437],[-64.73089,-7.22912],[-64.71832,-7.19733],[-64.71502,-7.1922],[-64.71197,-7.1842],[-64.71191,-7.17438],[-64.71521,-7.16699],[-64.71649,-7.15991],[-64.71649,-7.15649],[-64.71509,-7.1513],[-64.71271,-7.14831],[-64.7066,-7.14477],[-64.69098,-7.14209],[-64.67132,-7.13702],[-64.6662,-7.13702],[-64.66119,-7.13843],[-64.64532,-7.14673],[-64.63818,-7.14447],[-64.63409,-7.14172],[-64.63159,-7.138],[-64.63122,-7.12811],[-64.63739,-7.11981],[-64.66681,-7.10718],[-64.67627,-7.104],[-64.67963,-7.10199],[-64.68109,-7.09881],[-64.68017,-7.09119],[-64.67731,-7.0863],[-64.66992,-7.08191],[-64.66589,-7.0816],[-64.6618,-7.08191],[-64.64911,-7.08569],[-64.64178,-7.09119],[-64.63592,-7.09241],[-64.63177,-7.09149],[-64.62549,-7.08771],[-64.62219,-7.0838],[-64.61969,-7.07898],[-64.61548,-7.07562],[-64.6098,-7.07471],[-64.60278,-7.07178],[-64.6012,-7.06927],[-64.6004,-7.06518],[-64.60199,-7.06201],[-64.6087,-7.05841],[-64.62079,-7.05719],[-64.63208,-7.05908],[-64.64911,-7.06561],[-64.65277,-7.06671],[-64.65509,-7.0664],[-64.66089,-7.0628],[-64.66302,-7.0589],[-64.66308,-7.04938],[-64.65948,-7.04272],[-64.65222,-7.03857],[-64.64581,-7.03711],[-64.63098,-7.03808],[-64.62329,-7.0412],[-64.61151,-7.04931],[-64.6062,-7.05151],[-64.6004,-7.05151],[-64.5932,-7.0498],[-64.58252,-7.05102],[-64.57971,-7.05261],[-64.57721,-7.05499],[-64.5758,-7.06708],[-64.57397,-7.073],[-64.57141,-7.07348],[-64.56769,-7.0719],[-64.56372,-7.0661],[-64.56341,-7.05713],[-64.56219,-7.05267],[-64.56201,-7.04779],[-64.56457,-7.0415],[-64.56842,-7.03729],[-64.57379,-7.03351],[-64.59131,-7.03259],[-64.5979,-7.03009],[-64.6098,-7.0199],[-64.61999,-7.01538],[-64.62488,-7.01459],[-64.6297,-7.01251],[-64.63379,-7.00928],[-64.6358,-7.0061],[-64.63739,-7.00201],[-64.63782,-6.99689],[-64.63721,-6.99109],[-64.63281,-6.98468],[-64.6272,-6.98163],[-64.625,-6.98089],[-64.60638,-6.98077],[-64.59772,-6.97809],[-64.59442,-6.97601],[-64.5918,-6.9704],[-64.59161,-6.96741],[-64.59332,-6.9621],[-64.59851,-6.95392],[-64.59888,-6.95099],[-64.59808,-6.94751],[-64.5935,-6.94391],[-64.59021,-6.94311],[-64.57782,-6.94678],[-64.57471,-6.94549],[-64.57159,-6.94281],[-64.57062,-6.94043],[-64.57031,-6.93652],[-64.57208,-6.9331],[-64.5769,-6.9284],[-64.58539,-6.92438],[-64.59918,-6.92261],[-64.61328,-6.92261],[-64.61938,-6.92023],[-64.62268,-6.91742],[-64.63098,-6.9043],[-64.6347,-6.901],[-64.63928,-6.89862],[-64.64538,-6.89728],[-64.66022,-6.8963],[-64.6643,-6.89532],[-64.67151,-6.89069],[-64.67328,-6.88739],[-64.67401,-6.88391],[-64.67401,-6.88049],[-64.67279,-6.87677],[-64.66961,-6.87237],[-64.6637,-6.86719],[-64.65558,-6.86407],[-64.651,-6.86297],[-64.6419,-6.86328],[-64.63171,-6.8689],[-64.62579,-6.8703],[-64.62311,-6.8706],[-64.6167,-6.8692],[-64.61359,-6.8634],[-64.61139,-6.84509],[-64.61078,-6.83282],[-64.60852,-6.8269],[-64.59772,-6.81531],[-64.59009,-6.81409],[-64.58368,-6.81732],[-64.58099,-6.82318],[-64.5802,-6.82898],[-64.58227,-6.84119],[-64.58209,-6.8443],[-64.58118,-6.84668],[-64.57861,-6.8493],[-64.57611,-6.85058],[-64.57379,-6.85101],[-64.5711,-6.84949],[-64.56427,-6.84009],[-64.5603,-6.8324],[-64.55987,-6.82489],[-64.56219,-6.81482],[-64.565,-6.81061],[-64.5694,-6.80609],[-64.58661,-6.7948],[-64.59021,-6.79321],[-64.60248,-6.7926],[-64.61157,-6.79431],[-64.61493,-6.79419],[-64.61749,-6.79217],[-64.62048,-6.78662],[-64.62109,-6.78412],[-64.61841,-6.77789],[-64.61468,-6.77557],[-64.60559,-6.7746],[-64.59949,-6.77258],[-64.57397,-6.76001],[-64.57141,-6.75659],[-64.57031,-6.75317],[-64.57031,-6.7492],[-64.57281,-6.73932],[-64.57361,-6.73273],[-64.57159,-6.72491],[-64.56909,-6.7193],[-64.57098,-6.71399],[-64.57867,-6.71033],[-64.58282,-6.71039],[-64.58819,-6.71167],[-64.59131,-6.71338],[-64.59851,-6.71863],[-64.60339,-6.7337],[-64.6062,-6.7359],[-64.60937,-6.73639],[-64.612,-6.73511],[-64.6145,-6.73242],[-64.61658,-6.72387],[-64.61517,-6.71338],[-64.61059,-6.70141],[-64.6062,-6.69458],[-64.6029,-6.69128],[-64.58429,-6.67731],[-64.57281,-6.66601],[-64.56909,-6.66351],[-64.56518,-6.66211],[-64.5614,-6.66241],[-64.55841,-6.66382],[-64.5567,-6.66638],[-64.55517,-6.67242],[-64.55579,-6.68481],[-64.55499,-6.6886],[-64.55328,-6.6925],[-64.55029,-6.69641],[-64.5473,-6.69909],[-64.54278,-6.7016],[-64.53491,-6.70331],[-64.52917,-6.7016],[-64.52698,-6.69958],[-64.52551,-6.69757],[-64.52447,-6.69189],[-64.52808,-6.68249],[-64.52692,-6.6756],[-64.52429,-6.672],[-64.51849,-6.66949],[-64.51343,-6.66992],[-64.50909,-6.67187],[-64.5061,-6.67492],[-64.50299,-6.68298],[-64.50268,-6.68909],[-64.50079,-6.69537],[-64.49878,-6.69641],[-64.4928,-6.69531],[-64.48761,-6.68988],[-64.48682,-6.6875],[-64.48498,-6.67541],[-64.48602,-6.66748],[-64.4881,-6.66199],[-64.49451,-6.65741],[-64.5011,-6.65411],[-64.50488,-6.6485],[-64.505,-6.64477],[-64.50207,-6.63739],[-64.49292,-6.62671],[-64.48981,-6.61981],[-64.4873,-6.6087],[-64.48657,-6.60168],[-64.4873,-6.59558],[-64.487,-6.5885],[-64.4848,-6.58148],[-64.47937,-6.57831],[-64.47388,-6.57971],[-64.4602,-6.5918],[-64.45209,-6.5943],[-64.44849,-6.59369],[-64.44549,-6.59241],[-64.44391,-6.59051],[-64.44098,-6.58282],[-64.44177,-6.57648],[-64.44421,-6.56762],[-64.44421,-6.56348],[-64.44299,-6.55951],[-64.44012,-6.5567],[-64.43628,-6.55548],[-64.43268,-6.55548],[-64.42969,-6.5567],[-64.42529,-6.56128],[-64.42218,-6.57013],[-64.41852,-6.57519],[-64.4129,-6.5758],[-64.40857,-6.57452],[-64.40521,-6.57251],[-64.40198,-6.56848],[-64.3988,-6.56238],[-64.3938,-6.55548],[-64.38721,-6.54278],[-64.38108,-6.53732]],"type":"LineString"},"id":146,"properties":{"cla_icacao":"Navegável","dominio":"União","est_estino":"AM","est_origem":"AM","extensao":229.311803679,"fonte":"ANA/Antaq","idantaq":2,"idhidrovia":200002245,"idm_estino":"BR130240","idm_origem":"BR130090","idseq":0,"jurisdicao":"AHIMOC","mun_estino":"Lábrea","mun_origem":"Canutama","navegacao":"Navegação Interior","nom_eclusa":null,"nome":"Hidrovia do Solimões","nome_rio":"Rio Purus","observacao":"Foz no rio Solimões _AM_ até cidade de Manoel Urbano _AC_.","pro_de_max":6.0,"pro_de_min":1.8,"reg_rafica":"Região Hidrográfica Amazônica","snv":"Sim","tempo":"0d 22h 55min","tipo":"Rio","vel_cional":10.0},"type":"Feature"},{"bbox":[-67.415404,-8.747499,-66.971312,-7.719451],"geometry":{"coordinates":[[-67.40029,-8.7475],[-67.40668,-8.73279],[-67.4068,-8.7301],[-67.40527,-8.72742],[-67.40259,-8.7265],[-67.3905,-8.72888],[-67.38702,-8.72839],[-67.38348,-8.72607],[-67.3822,-8.72229],[-67.38379,-8.71631],[-67.39069,-8.70819],[-67.39288,-8.69501],[-67.39862,-8.68628],[-67.3986,-8.68197],[-67.39667,-8.68048],[-67.39172,-8.67999],[-67.37909,-8.6756],[-67.37579,-8.67218],[-67.3753,-8.66919],[-67.37628,-8.66662],[-67.38208,-8.6618],[-67.38348,-8.659],[-67.38348,-8.65759],[-67.38129,-8.65478],[-67.36889,-8.6485],[-67.35663,-8.6466],[-67.35303,-8.64532],[-67.35248,-8.64111],[-67.35541,-8.63708],[-67.3659,-8.6311],[-67.36731,-8.62872],[-67.3681,-8.62488],[-67.36761,-8.62262],[-67.36548,-8.61871],[-67.35937,-8.61328],[-67.35498,-8.61212],[-67.3482,-8.61279],[-67.34558,-8.612],[-67.34521,-8.61029],[-67.3493,-8.60449],[-67.34961,-8.60101],[-67.3482,-8.59369],[-67.349,-8.58758],[-67.35748,-8.57971],[-67.3623,-8.57287],[-67.36389,-8.56708],[-67.36432,-8.55981],[-67.36511,-8.55841],[-67.36749,-8.5581],[-67.37127,-8.56457],[-67.38177,-8.57239],[-67.38898,-8.57971],[-67.3916,-8.58142],[-67.39691,-8.58337],[-67.39911,-8.58319],[-67.4013,-8.58099],[-67.40271,-8.57678],[-67.4032,-8.56842],[-67.4013,-8.56329],[-67.3977,-8.5578],[-67.39441,-8.55481],[-67.38898,-8.55151],[-67.37408,-8.54748],[-67.36938,-8.54529],[-67.3681,-8.54089],[-67.36932,-8.53699],[-67.37189,-8.53412],[-67.38421,-8.53058],[-67.38989,-8.52679],[-67.39331,-8.52283],[-67.39551,-8.52258],[-67.39819,-8.5246],[-67.39978,-8.54089],[-67.40198,-8.5531],[-67.4032,-8.55469],[-67.40491,-8.55511],[-67.40832,-8.55377],[-67.414,-8.54169],[-67.4154,-8.53332],[-67.41418,-8.52838],[-67.40411,-8.5188],[-67.4032,-8.51642],[-67.4046,-8.51202],[-67.41138,-8.505],[-67.41272,-8.50152],[-67.41229,-8.49859],[-67.40979,-8.49438],[-67.40387,-8.48962],[-67.3963,-8.47558],[-67.39349,-8.46789],[-67.39361,-8.46362],[-67.39459,-8.4591],[-67.39728,-8.45288],[-67.39758,-8.44891],[-67.39349,-8.4378],[-67.38818,-8.4342],[-67.38232,-8.4339],[-67.37701,-8.43487],[-67.3725,-8.4328],[-67.36639,-8.4223],[-67.3645,-8.41669],[-67.36572,-8.4104],[-67.37579,-8.39789],[-67.3764,-8.39618],[-67.37707,-8.3883],[-67.37488,-8.38373],[-67.37268,-8.38208],[-67.3595,-8.37652],[-67.35602,-8.37561],[-67.35132,-8.37591],[-67.34851,-8.3789],[-67.34802,-8.38098],[-67.34857,-8.39441],[-67.3479,-8.39679],[-67.3465,-8.39807],[-67.33783,-8.40082],[-67.33191,-8.3996],[-67.32892,-8.3963],[-67.32678,-8.39099],[-67.3269,-8.38721],[-67.32861,-8.38281],[-67.33081,-8.38031],[-67.33539,-8.37781],[-67.34509,-8.3703],[-67.35412,-8.35571],[-67.35748,-8.35309],[-67.36639,-8.34967],[-67.37012,-8.3465],[-67.3706,-8.34387],[-67.36609,-8.3269],[-67.36627,-8.32019],[-67.36951,-8.31567],[-67.37439,-8.31451],[-67.37939,-8.31482],[-67.38159,-8.31189],[-67.38129,-8.3092],[-67.38019,-8.30749],[-67.37701,-8.30591],[-67.37018,-8.30371],[-67.36658,-8.3034],[-67.36078,-8.30511],[-67.34869,-8.31189],[-67.34491,-8.31262],[-67.34039,-8.30987],[-67.33838,-8.30579],[-67.33832,-8.30322],[-67.34369,-8.28711],[-67.34332,-8.27978],[-67.34137,-8.27618],[-67.3371,-8.27228],[-67.33447,-8.27118],[-67.32953,-8.26587],[-67.32788,-8.25232],[-67.32617,-8.24823],[-67.32489,-8.24127],[-67.32568,-8.237],[-67.33832,-8.22857],[-67.33972,-8.22729],[-67.34027,-8.224],[-67.33771,-8.22101],[-67.32672,-8.21362],[-67.31872,-8.20959],[-67.30908,-8.2063],[-67.30469,-8.2066],[-67.30212,-8.20892],[-67.29809,-8.21069],[-67.29321,-8.211],[-67.2901,-8.20849],[-67.2868,-8.19971],[-67.2832,-8.19739],[-67.2746,-8.19379],[-67.27118,-8.1889],[-67.27063,-8.18591],[-67.27228,-8.17389],[-67.27521,-8.16901],[-67.27759,-8.16778],[-67.2832,-8.16888],[-67.2887,-8.17169],[-67.30157,-8.18127],[-67.30511,-8.18201],[-67.3078,-8.18017],[-67.30847,-8.17798],[-67.3078,-8.17548],[-67.30469,-8.17059],[-67.30218,-8.16888],[-67.29669,-8.16571],[-67.27539,-8.15802],[-67.2716,-8.156],[-67.2655,-8.15179],[-67.26001,-8.14587],[-67.25482,-8.13702],[-67.25378,-8.13342],[-67.25317,-8.12738],[-67.25421,-8.11029],[-67.2525,-8.10522],[-67.24859,-8.09961],[-67.24872,-8.09662],[-67.25189,-8.09338],[-67.2605,-8.09179],[-67.26288,-8.0907],[-67.26367,-8.08893],[-67.26318,-8.08447],[-67.2605,-8.07989],[-67.2511,-8.07001],[-67.2453,-8.06531],[-67.2312,-8.05719],[-67.21661,-8.04639],[-67.21252,-8.04089],[-67.21191,-8.03882],[-67.21228,-8.03418],[-67.21429,-8.03009],[-67.21698,-8.02777],[-67.21991,-8.02679],[-67.224,-8.02649],[-67.22821,-8.02722],[-67.23651,-8.03009],[-67.24292,-8.03668],[-67.24389,-8.0415],[-67.2464,-8.04541],[-67.24951,-8.04523],[-67.25171,-8.04339],[-67.25262,-8.03711],[-67.25189,-8.03052],[-67.24969,-8.02533],[-67.23981,-8.01062],[-67.23999,-8.00329],[-67.24347,-7.99792],[-67.24451,-7.99451],[-67.242,-7.99029],[-67.24042,-7.98919],[-67.23639,-7.98858],[-67.22058,-7.99798],[-67.21558,-7.99902],[-67.21051,-7.9975],[-67.20923,-7.99579],[-67.211,-7.9848],[-67.22119,-7.96899],[-67.22491,-7.96661],[-67.2359,-7.96179],[-67.23919,-7.95929],[-67.24017,-7.9566],[-67.23822,-7.95239],[-67.22931,-7.94861],[-67.2254,-7.94598],[-67.2218,-7.9414],[-67.21948,-7.9364],[-67.21899,-7.93249],[-67.21979,-7.92889],[-67.22198,-7.92438],[-67.2215,-7.92102],[-67.22027,-7.91913],[-67.2124,-7.91052],[-67.20618,-7.90118],[-67.20093,-7.89709],[-67.19513,-7.8949],[-67.19079,-7.89508],[-67.18487,-7.89722],[-67.18139,-7.89941],[-67.17877,-7.9021],[-67.1709,-7.91418],[-67.16711,-7.91778],[-67.159,-7.92187],[-67.15649,-7.92389],[-67.15088,-7.92419],[-67.14917,-7.91839],[-67.15118,-7.91278],[-67.1546,-7.90741],[-67.15851,-7.9035],[-67.1651,-7.89898],[-67.16711,-7.89648],[-67.16699,-7.893],[-67.16528,-7.89191],[-67.16308,-7.89239],[-67.14728,-7.90308],[-67.1427,-7.9046],[-67.13818,-7.90417],[-67.13678,-7.90338],[-67.13428,-7.89978],[-67.13379,-7.89471],[-67.13159,-7.88733],[-67.12439,-7.87768],[-67.12329,-7.87402],[-67.1253,-7.87189],[-67.12811,-7.87079],[-67.13031,-7.87121],[-67.13501,-7.87402],[-67.14129,-7.88049],[-67.14477,-7.88281],[-67.14691,-7.88342],[-67.151,-7.88263],[-67.1535,-7.88098],[-67.15613,-7.8761],[-67.15662,-7.86761],[-67.15491,-7.86291],[-67.15118,-7.85827],[-67.14868,-7.85718],[-67.13849,-7.85632],[-67.13379,-7.8548],[-67.13208,-7.85303],[-67.13,-7.84759],[-67.12982,-7.84479],[-67.1333,-7.8371],[-67.13373,-7.83362],[-67.12958,-7.8244],[-67.12793,-7.82208],[-67.12488,-7.81982],[-67.12012,-7.82019],[-67.1178,-7.82208],[-67.11621,-7.82568],[-67.11798,-7.83691],[-67.12121,-7.84491],[-67.12189,-7.84869],[-67.12109,-7.85101],[-67.11877,-7.85241],[-67.11652,-7.85199],[-67.1026,-7.84289],[-67.08789,-7.82458],[-67.08771,-7.81982],[-67.0946,-7.8139],[-67.09588,-7.81061],[-67.09192,-7.80267],[-67.09039,-7.79388],[-67.08648,-7.78949],[-67.07648,-7.78747],[-67.07361,-7.7879],[-67.06817,-7.79181],[-67.06402,-7.79791],[-67.05719,-7.8175],[-67.05402,-7.82098],[-67.04999,-7.82159],[-67.0459,-7.8211],[-67.04077,-7.81952],[-67.0376,-7.8172],[-67.03351,-7.8125],[-67.03308,-7.80768],[-67.0346,-7.80322],[-67.03729,-7.7998],[-67.05322,-7.79321],[-67.05639,-7.78961],[-67.0578,-7.78418],[-67.05731,-7.77862],[-67.05243,-7.75879],[-67.0498,-7.7536],[-67.04828,-7.75238],[-67.04523,-7.75152],[-67.03912,-7.75159],[-67.03003,-7.75427],[-67.0246,-7.7572],[-67.01813,-7.76721],[-67.01318,-7.77228],[-67.01001,-7.77398],[-67.00128,-7.77588],[-66.99158,-7.78058],[-66.9895,-7.781],[-66.98437,-7.77972],[-66.9768,-7.77032],[-66.97131,-7.75989],[-66.97131,-7.75598],[-66.97241,-7.75403],[-66.9751,-7.75293],[-66.98138,-7.75238],[-66.99121,-7.74811],[-66.9975,-7.74121],[-66.99988,-7.73681],[-67.0014,-7.72888],[-67.0011,-7.7221],[-67.00049,-7.72009],[-66.99919,-7.71945]],"type":"LineString"},"id":147,"properties":{"cla_icacao":"Navegável","dominio":"União","est_estino":"AM","est_origem":"AM","extensao":263.082100416,"fonte":"ANA/Antaq","idantaq":2,"idhidrovia":200002246,"idm_estino":"BR130070","idm_origem":"BR130350","idseq":0,"jurisdicao":"AHIMOC","mun_estino":"Boca do Acre","mun_origem":"Pauini","navegacao":"Navegação Interior","nom_eclusa":null,"nome":"Hidrovia do Solimões","nome_rio":"Rio Purus","observacao":"Foz no rio Solimões _AM_ até cidade de Manoel Urbano _AC_.","pro_de_max":4.0,"pro_de_min":0.8,"reg_rafica":"Região Hidrográfica Amazônica","snv":"Sim","tempo":"1d 2h 18min","tipo":"Rio","vel_cional":10.0},"type":"Feature"},{"bbox":[-61.477904,-3.677428,-61.390924,-3.604004],"geometry":{"coordinates":[[-61.4779,-3.67743],[-61.46728,-3.66968],[-61.44891,-3.6477],[-61.44018,-3.63879],[-61.43109,-3.63098],[-61.39092,-3.604]],"type":"LineString"},"id":148,"properties":{"cla_icacao":"Navegável","dominio":"União","est_estino":"AM","est_origem":"AM","extensao":12.7120304495,"fonte":"LabTrans/Antaq","idantaq":2,"idhidrovia":200002247,"idm_estino":"BR130008","idm_origem":"BR130008","idseq":0,"jurisdicao":"AHIMOC","mun_estino":"Anamã","mun_origem":"Anamã","navegacao":"Navegação Interior","nom_eclusa":null,"nome":"Hidrovia do Solimões","nome_rio":"Rio Solimões","observacao":"Confluência com o rio Negro _AM_ até Tabatinga _AM_.","pro_de_max":10.0,"pro_de_min":6.0,"reg_rafica":"Região Hidrográfica Amazônica","snv":"Sim","tempo":"0d 1h 16min","tipo":"Rio","vel_cional":10.0},"type":"Feature"},{"bbox":[-60.612615,-3.33618,-60.464226,-3.325804],"geometry":{"coordinates":[[-60.61261,-3.33318],[-60.5849,-3.3269],[-60.56848,-3.3258],[-60.54089,-3.32702],[-60.50659,-3.3327],[-60.47809,-3.33618],[-60.46423,-3.33585]],"type":"LineString"},"id":149,"properties":{"cla_icacao":"Navegável","dominio":"União","est_estino":"AM","est_origem":"AM","extensao":16.659285508,"fonte":"LabTrans/Antaq","idantaq":2,"idhidrovia":200002248,"idm_estino":"BR130250","idm_origem":"BR130250","idseq":0,"jurisdicao":"AHIMOC","mun_estino":"Manacapuru","mun_origem":"Manacapuru","navegacao":"Navegação Interior","nom_eclusa":null,"nome":"Hidrovia do Solimões","nome_rio":"Rio Solimões","observacao":"Confluência com o rio Negro _AM_ até Tabatinga _AM_.","pro_de_max":10.0,"pro_de_min":6.0,"reg_rafica":"Região Hidrográfica Amazônica","snv":"Sim","tempo":"0d 1h 39min","tipo":"Rio","vel_cional":10.0},"type":"Feature"},{"bbox":[-60.194724,-3.324889,-59.875485,-3.188275],"geometry":{"coordinates":[[-60.19472,-3.29816],[-60.17328,-3.31238],[-60.15399,-3.32361],[-60.13611,-3.32489],[-60.1087,-3.32361],[-60.07501,-3.31659],[-60.04748,-3.3045],[-60.02521,-3.2904],[-59.9787,-3.28168],[-59.95239,-3.27411],[-59.94018,-3.26758],[-59.9032,-3.24237],[-59.8988,-3.23767],[-59.88503,-3.21434],[-59.87866,-3.19683],[-59.87603,-3.19217],[-59.87548,-3.18827]],"type":"LineString"},"id":150,"properties":{"cla_icacao":"Navegável","dominio":"União","est_estino":"AM","est_origem":"AM","extensao":42.1125845633,"fonte":"LabTrans/Antaq","idantaq":2,"idhidrovia":200002249,"idm_estino":"BR130185","idm_origem":"BR130115","idseq":0,"jurisdicao":"AHIMOC","mun_estino":"Iranduba","mun_origem":"Careiro da Várzea","navegacao":"Navegação Interior","nom_eclusa":null,"nome":"Hidrovia do Solimões","nome_rio":"Rio Solimões","observacao":"Confluência com o rio Negro _AM_ até Tabatinga _AM_.","pro_de_max":10.0,"pro_de_min":6.0,"reg_rafica":"Região Hidrográfica Amazônica","snv":"Sim","tempo":"0d 4h 12min","tipo":"Rio","vel_cional":10.0},"type":"Feature"},{"bbox":[-59.043298,-3.645903,-58.746703,-3.352171],"geometry":{"coordinates":[[-59.0433,-3.6459],[-59.01062,-3.61291],[-59.00567,-3.60919],[-58.99847,-3.60669],[-58.9892,-3.60827],[-58.97693,-3.60602],[-58.96912,-3.60028],[-58.94671,-3.5766],[-58.93262,-3.5581],[-58.91858,-3.54742],[-58.91278,-3.5401],[-58.90039,-3.52069],[-58.88531,-3.50091],[-58.85138,-3.46618],[-58.83569,-3.46069],[-58.8269,-3.46051],[-58.81732,-3.45911],[-58.8056,-3.45508],[-58.79901,-3.44989],[-58.7962,-3.44079],[-58.79498,-3.43188],[-58.78418,-3.40759],[-58.78052,-3.38928],[-58.77569,-3.38068],[-58.76098,-3.367],[-58.7467,-3.35217]],"type":"LineString"},"id":151,"properties":{"cla_icacao":"Navegável","dominio":"União","est_estino":"AM","est_origem":"AM","extensao":48.9258982892,"fonte":"LabTrans/Antaq","idantaq":5,"idhidrovia":200002250,"idm_estino":"BR130310","idm_origem":"BR130190","idseq":0,"jurisdicao":"AHIMOC","mun_estino":"Nova Olinda do Norte","mun_origem":"Itacoatiara","navegacao":"Navegação Interior","nom_eclusa":null,"nome":"Hidrovia do Madeira","nome_rio":"Rio Madeira","observacao":"Foz no rio Amazonas _AM_ até a confluência dos rios Beni _rio boliviano_ e Mamoré _RO_.","pro_de_max":7.0,"pro_de_min":2.0,"reg_rafica":"Região Hidrográfica Amazônica","snv":"Sim","tempo":"0d 2h 13min","tipo":"Rio","vel_cional":22.0},"type":"Feature"},{"bbox":[-59.103275,-3.873363,-59.043298,-3.645903],"geometry":{"coordinates":[[-59.10327,-3.87336],[-59.09241,-3.86658],[-59.08728,-3.86078],[-59.07989,-3.84527],[-59.05768,-3.81183],[-59.05109,-3.79773],[-59.05029,-3.78387],[-59.05182,-3.76813],[-59.06171,-3.75189],[-59.07239,-3.73718],[-59.0824,-3.724],[-59.09601,-3.70801],[-59.09887,-3.70019],[-59.09979,-3.69141],[-59.0968,-3.68579],[-59.07379,-3.669],[-59.05951,-3.65991],[-59.0433,-3.6459]],"type":"LineString"},"id":152,"properties":{"cla_icacao":"Navegável","dominio":"União","est_estino":"AM","est_origem":"AM","extensao":31.9392400379,"fonte":"LabTrans/Antaq","idantaq":5,"idhidrovia":200002251,"idm_estino":"BR130310","idm_origem":"BR130310","idseq":0,"jurisdicao":"AHIMOC","mun_estino":"Nova Olinda do Norte","mun_origem":"Nova Olinda do Norte","navegacao":"Navegação Interior","nom_eclusa":null,"nome":"Hidrovia do Madeira","nome_rio":"Rio Madeira","observacao":"Foz no rio Amazonas _AM_ até a confluência dos rios Beni _rio boliviano_ e Mamoré _RO_.","pro_de_max":7.0,"pro_de_min":2.0,"reg_rafica":"Região Hidrográfica Amazônica","snv":"Sim","tempo":"0d 1h 27min","tipo":"Rio","vel_cional":22.0},"type":"Feature"},{"bbox":[-59.59558,-4.38098,-59.103275,-3.873363],"geometry":{"coordinates":[[-59.59558,-4.38098],[-59.58349,-4.37201],[-59.57232,-4.36511],[-59.5636,-4.35321],[-59.55713,-4.34119],[-59.55658,-4.31317],[-59.55151,-4.30182],[-59.53583,-4.28589],[-59.52991,-4.26489],[-59.52191,-4.2514],[-59.51452,-4.24719],[-59.50061,-4.24872],[-59.49121,-4.25098],[-59.47778,-4.26019],[-59.46679,-4.27112],[-59.45819,-4.27478],[-59.44342,-4.2666],[-59.4143,-4.24548],[-59.40301,-4.2348],[-59.39459,-4.22308],[-59.38702,-4.21118],[-59.3764,-4.1875],[-59.35571,-4.12158],[-59.35229,-4.09668],[-59.34839,-4.08197],[-59.3277,-4.03448],[-59.3219,-4.0061],[-59.31457,-3.98962],[-59.30517,-3.97449],[-59.28943,-3.96417],[-59.27179,-3.95532],[-59.25659,-3.94879],[-59.2348,-3.93799],[-59.20868,-3.92718],[-59.18829,-3.91083],[-59.1756,-3.89142],[-59.16998,-3.88891],[-59.15039,-3.88788],[-59.13458,-3.88409],[-59.12018,-3.88019],[-59.10687,-3.87561],[-59.10327,-3.87336]],"type":"LineString"},"id":153,"properties":{"cla_icacao":"Navegável","dominio":"União","est_estino":"AM","est_origem":"AM","extensao":89.9369332883,"fonte":"LabTrans/Antaq","idantaq":5,"idhidrovia":200002252,"idm_estino":"BR130080","idm_origem":"BR130310","idseq":0,"jurisdicao":"AHIMOC","mun_estino":"Borba","mun_origem":"Nova Olinda do Norte","navegacao":"Navegação Interior","nom_eclusa":null,"nome":"Hidrovia do Madeira","nome_rio":"Rio Madeira","observacao":"Foz no rio Amazonas _AM_ até a confluência dos rios Beni _rio boliviano_ e Mamoré _RO_.","pro_de_max":7.0,"pro_de_min":2.0,"reg_rafica":"Região Hidrográfica Amazônica","snv":"Sim","tempo":"0d 4h 5min","tipo":"Rio","vel_cional":22.0},"type":"Feature"},{"bbox":[-62.902846,-1.405577,-61.833311,-0.940855],"geometry":{"coordinates":[[-62.90285,-0.94085],[-62.89337,-0.94549],[-62.88678,-0.95831],[-62.87958,-0.96948],[-62.8736,-0.97479],[-62.86279,-0.98712],[-62.83862,-1.02209],[-62.82831,-1.0307],[-62.8136,-1.0404],[-62.75458,-1.06329],[-62.74933,-1.06659],[-62.742,-1.07538],[-62.73932,-1.0813],[-62.73321,-1.08758],[-62.72552,-1.09271],[-62.71539,-1.09778],[-62.70398,-1.1004],[-62.67322,-1.10138],[-62.66168,-1.1037],[-62.64191,-1.11029],[-62.62457,-1.12048],[-62.5968,-1.12689],[-62.58612,-1.12829],[-62.58008,-1.12799],[-62.56927,-1.1297],[-62.5556,-1.13501],[-62.54681,-1.14111],[-62.53821,-1.1524],[-62.52808,-1.1607],[-62.50171,-1.17529],[-62.47589,-1.18292],[-62.44189,-1.18829],[-62.43701,-1.19049],[-62.4256,-1.19757],[-62.4173,-1.20019],[-62.40759,-1.20129],[-62.38757,-1.20868],[-62.37799,-1.21118],[-62.36078,-1.21558],[-62.34228,-1.21667],[-62.33008,-1.2221],[-62.32257,-1.22638],[-62.29028,-1.2359],[-62.2846,-1.23938],[-62.27643,-1.24231],[-62.26959,-1.2442],[-62.25952,-1.24408],[-62.24951,-1.2417],[-62.23999,-1.24078],[-62.23169,-1.24109],[-62.22137,-1.24402],[-62.20099,-1.25171],[-62.16339,-1.27417],[-62.1557,-1.27948],[-62.15411,-1.28192],[-62.1524,-1.28729],[-62.14758,-1.29419],[-62.13519,-1.29931],[-62.12579,-1.30688],[-62.1214,-1.30908],[-62.11548,-1.31],[-62.08789,-1.3114],[-62.0816,-1.3125],[-62.06988,-1.31653],[-62.06347,-1.31958],[-62.05157,-1.3302],[-62.04199,-1.3363],[-62.03131,-1.34509],[-61.99719,-1.36639],[-61.9859,-1.37042],[-61.97601,-1.37268],[-61.96661,-1.37262],[-61.95679,-1.37152],[-61.9378,-1.37457],[-61.88977,-1.39319],[-61.87347,-1.40088],[-61.86047,-1.40491],[-61.8446,-1.40558],[-61.83667,-1.40362],[-61.83331,-1.40143]],"type":"LineString"},"id":154,"properties":{"cla_icacao":"Navegável","dominio":"União","est_estino":"AM","est_origem":"AM","extensao":135.0981819,"fonte":"LabTrans/Antaq","idantaq":20,"idhidrovia":200002255,"idm_estino":"BR130040","idm_origem":"BR130040","idseq":0,"jurisdicao":"AHIMOC","mun_estino":"Barcelos","mun_origem":"Barcelos","navegacao":"Navegação Interior","nom_eclusa":null,"nome":"Hidrovia do Negro","nome_rio":"Rio Negro","observacao":"Confluência com o rio Solimões_AM_ até Cucuí _AM_.","pro_de_max":4.0,"pro_de_min":1.0,"reg_rafica":"Região Hidrográfica Amazônica","snv":"Sim","tempo":"0d 13h 30min","tipo":"Rio","vel_cional":10.0},"type":"Feature"},{"bbox":[-67.090236,-0.427,-65.02107,-0.135698],"geometry":{"coordinates":[[-67.09024,-0.1357],[-67.08825,-0.13833],[-67.08771,-0.14203],[-67.08551,-0.14581],[-67.0813,-0.15033],[-67.07831,-0.15191],[-67.07379,-0.15179],[-67.06622,-0.14929],[-67.06189,-0.14978],[-67.0346,-0.15851],[-67.03162,-0.16089],[-67.0307,-0.16681],[-67.0282,-0.17139],[-67.0263,-0.18097],[-67.02148,-0.1875],[-67.0199,-0.18878],[-67.00519,-0.1925],[-67.0014,-0.19098],[-66.99158,-0.18988],[-66.98907,-0.18738],[-66.97577,-0.18188],[-66.96521,-0.18011],[-66.96338,-0.17902],[-66.96148,-0.17608],[-66.95349,-0.1712],[-66.94537,-0.16449],[-66.94043,-0.16351],[-66.93237,-0.16412],[-66.92963,-0.16559],[-66.92609,-0.1662],[-66.92157,-0.16449],[-66.91559,-0.164],[-66.90838,-0.1676],[-66.90399,-0.16839],[-66.901,-0.16839],[-66.89618,-0.16577],[-66.89239,-0.16559],[-66.88568,-0.16809],[-66.88141,-0.17169],[-66.86908,-0.17682],[-66.85241,-0.17511],[-66.84808,-0.1756],[-66.80072,-0.19488],[-66.78168,-0.20611],[-66.77301,-0.21008],[-66.7572,-0.21399],[-66.75201,-0.21789],[-66.74158,-0.22339],[-66.73358,-0.22931],[-66.71057,-0.24103],[-66.69641,-0.25171],[-66.69189,-0.25622],[-66.67621,-0.27777],[-66.65741,-0.29681],[-66.60968,-0.3374],[-66.60058,-0.34222],[-66.57141,-0.3548],[-66.55719,-0.35809],[-66.54761,-0.35779],[-66.52338,-0.362],[-66.51269,-0.36242],[-66.50079,-0.36407],[-66.44897,-0.3775],[-66.4303,-0.39007],[-66.4201,-0.39789],[-66.41418,-0.40369],[-66.40521,-0.4096],[-66.39838,-0.4118],[-66.38721,-0.41357],[-66.36401,-0.41559],[-66.35412,-0.41571],[-66.33002,-0.4129],[-66.31561,-0.40613],[-66.2984,-0.39209],[-66.29132,-0.38898],[-66.28387,-0.38739],[-66.26312,-0.38],[-66.25232,-0.37909],[-66.24658,-0.3772],[-66.23682,-0.37018],[-66.23291,-0.3659],[-66.22369,-0.34692],[-66.20428,-0.31348],[-66.1933,-0.30267],[-66.17621,-0.29657],[-66.15668,-0.29968],[-66.13849,-0.30377],[-66.11023,-0.30798],[-66.09881,-0.31201],[-66.09039,-0.31659],[-66.07861,-0.31897],[-66.06439,-0.31787],[-66.05188,-0.31811],[-66.01892,-0.3147],[-66.00647,-0.31708],[-65.98181,-0.32391],[-65.961,-0.32361],[-65.95129,-0.31958],[-65.9458,-0.31848],[-65.93658,-0.32068],[-65.93152,-0.3208],[-65.92731,-0.31921],[-65.91821,-0.3128],[-65.91571,-0.31189],[-65.90149,-0.3092],[-65.89081,-0.30908],[-65.88611,-0.30639],[-65.88049,-0.30121],[-65.87811,-0.29651],[-65.8739,-0.27679],[-65.87018,-0.26691],[-65.86371,-0.25909],[-65.84967,-0.24689],[-65.83642,-0.24249],[-65.81799,-0.2384],[-65.79968,-0.23578],[-65.7807,-0.2381],[-65.7666,-0.24762],[-65.75891,-0.2594],[-65.7558,-0.2699],[-65.75378,-0.281],[-65.7478,-0.29462],[-65.73999,-0.30462],[-65.7268,-0.30951],[-65.71692,-0.31048],[-65.6875,-0.30487],[-65.66791,-0.30469],[-65.63592,-0.30969],[-65.59833,-0.3128],[-65.58838,-0.3161],[-65.57751,-0.31769],[-65.57049,-0.31488],[-65.56457,-0.31122],[-65.55359,-0.30621],[-65.54217,-0.29791],[-65.53668,-0.297],[-65.52588,-0.29828],[-65.51562,-0.2984],[-65.49719,-0.30212],[-65.48248,-0.3053],[-65.46789,-0.31171],[-65.45831,-0.3136],[-65.427,-0.31311],[-65.41632,-0.31427],[-65.40759,-0.31708],[-65.3808,-0.31952],[-65.3714,-0.32202],[-65.34979,-0.33471],[-65.3324,-0.35022],[-65.32593,-0.36041],[-65.31329,-0.37579],[-65.30701,-0.38287],[-65.2962,-0.39209],[-65.28418,-0.39721],[-65.26599,-0.39978],[-65.25567,-0.3996],[-65.2359,-0.40332],[-65.22381,-0.41308],[-65.2074,-0.4201],[-65.19861,-0.42279],[-65.18829,-0.42389],[-65.17828,-0.42352],[-65.15918,-0.4245],[-65.14697,-0.42261],[-65.13458,-0.42218],[-65.12207,-0.4256],[-65.10248,-0.427],[-65.0697,-0.42578],[-65.05829,-0.42328],[-65.03808,-0.42657],[-65.02832,-0.4248],[-65.02107,-0.42468]],"type":"LineString"},"id":155,"properties":{"cla_icacao":"Navegável","dominio":"União","est_estino":"AM","est_origem":"AM","extensao":264.118815768,"fonte":"LabTrans/Antaq","idantaq":20,"idhidrovia":200002256,"idm_estino":"BR130380","idm_origem":"BR130360","idseq":0,"jurisdicao":"AHIMOC","mun_estino":"São Gabriel da Cachoeira","mun_origem":"Santa Isabel do Rio Negro","navegacao":"Navegação Interior","nom_eclusa":null,"nome":"Hidrovia do Negro","nome_rio":"Rio Negro","observacao":"Confluência com o rio Solimões_AM_ até Cucuí _AM_.","pro_de_max":5.0,"pro_de_min":1.0,"reg_rafica":"Região Hidrográfica Amazônica","snv":"Sim","tempo":"1d 2h 24min","tipo":"Rio","vel_cional":10.0},"type":"Feature"},{"bbox":[-60.939367,-2.865037,-60.681583,-2.595089],"geometry":{"coordinates":[[-60.93937,-2.59509],[-60.92749,-2.59778],[-60.88849,-2.6131],[-60.87872,-2.62152],[-60.86188,-2.63971],[-60.85388,-2.65161],[-60.84167,-2.66717],[-60.82959,-2.68927],[-60.82611,-2.70093],[-60.82068,-2.71161],[-60.79327,-2.73859],[-60.77569,-2.76239],[-60.76831,-2.77679],[-60.76239,-2.79651],[-60.75311,-2.81268],[-60.73968,-2.82849],[-60.72229,-2.84149],[-60.68158,-2.86504]],"type":"LineString"},"id":156,"properties":{"cla_icacao":"Navegável","dominio":"União","est_estino":"AM","est_origem":"AM","extensao":43.0587632055,"fonte":"LabTrans/Antaq","idantaq":20,"idhidrovia":200002257,"idm_estino":"BR130320","idm_origem":"BR130260","idseq":0,"jurisdicao":"AHIMOC","mun_estino":"Novo Airão","mun_origem":"Manaus","navegacao":"Navegação Interior","nom_eclusa":null,"nome":"Hidrovia do Negro","nome_rio":"Rio Negro","observacao":"Confluência com o rio Solimões_AM_ até Cucuí _AM_.","pro_de_max":4.0,"pro_de_min":1.8,"reg_rafica":"Região Hidrográfica Amazônica","snv":"Sim","tempo":"0d 4h 18min","tipo":"Rio","vel_cional":10.0},"type":"Feature"},{"bbox":[-60.681583,-3.146591,-60.098832,-2.865037],"geometry":{"coordinates":[[-60.68158,-2.86504],[-60.66009,-2.88019],[-60.63879,-2.90838],[-60.61792,-2.92969],[-60.60211,-2.95172],[-60.544,-3.01129],[-60.5144,-3.03369],[-60.48529,-3.0498],[-60.45782,-3.0506],[-60.43079,-3.06518],[-60.40131,-3.06958],[-60.37982,-3.07397],[-60.35638,-3.06958],[-60.33679,-3.06317],[-60.31653,-3.06122],[-60.30298,-3.06317],[-60.28589,-3.06799],[-60.22711,-3.07409],[-60.2121,-3.08069],[-60.17969,-3.10852],[-60.16931,-3.1159],[-60.1593,-3.11999],[-60.13898,-3.1253],[-60.10458,-3.14484],[-60.09883,-3.14659]],"type":"LineString"},"id":157,"properties":{"cla_icacao":"Navegável","dominio":"União","est_estino":"AM","est_origem":"AM","extensao":76.2822067681,"fonte":"LabTrans/Antaq","idantaq":20,"idhidrovia":200002258,"idm_estino":"BR130260","idm_origem":"BR130260","idseq":0,"jurisdicao":"AHIMOC","mun_estino":"Manaus","mun_origem":"Manaus","navegacao":"Navegação Interior","nom_eclusa":null,"nome":"Hidrovia do Negro","nome_rio":"Rio Negro","observacao":"Confluência com o rio Solimões_AM_ até Cucuí _AM_.","pro_de_max":4.0,"pro_de_min":1.8,"reg_rafica":"Região Hidrográfica Amazônica","snv":"Sim","tempo":"0d 7h 37min","tipo":"Rio","vel_cional":10.0},"type":"Feature"},{"bbox":[-54.695666,-2.428709,-54.670592,-2.416847],"geometry":{"coordinates":[[-54.69567,-2.41685],[-54.67059,-2.42871]],"type":"LineString"},"id":158,"properties":{"cla_icacao":"Navegável","dominio":"União","est_estino":"PA","est_origem":"PA","extensao":3.08429572297,"fonte":"LabTrans/Antaq","idantaq":17,"idhidrovia":200002259,"idm_estino":"BR150680","idm_origem":"BR150680","idseq":0,"jurisdicao":"AHIMOR","mun_estino":"Santarém","mun_origem":"Santarém","navegacao":"Navegação Interior","nom_eclusa":null,"nome":"Hidrovia do Tapajós","nome_rio":"Rio Tapajós","observacao":"Foz no rio Amazonas _PA_ até a confluência dos rios Juruena e Teles Pires.","pro_de_max":9.9,"pro_de_min":2.6,"reg_rafica":"Região Hidrográfica Amazônica","snv":"Sim","tempo":"0d 0h 7min","tipo":"Rio","vel_cional":25.0},"type":"Feature"},{"bbox":[-55.876593,-1.895811,-55.586974,-1.768451],"geometry":{"coordinates":[[-55.87659,-1.76845],[-55.8725,-1.7724],[-55.85718,-1.79291],[-55.83472,-1.81372],[-55.82831,-1.8208],[-55.81641,-1.83069],[-55.80322,-1.84021],[-55.7923,-1.84509],[-55.7713,-1.85357],[-55.75909,-1.85638],[-55.72009,-1.85858],[-55.69989,-1.86188],[-55.64227,-1.87811],[-55.6322,-1.88318],[-55.61572,-1.88989],[-55.58697,-1.89581]],"type":"LineString"},"id":159,"properties":{"cla_icacao":"Navegável","dominio":"Estados ou Distrito Federal","est_estino":"PA","est_origem":"PA","extensao":36.4598902779,"fonte":"LabTrans/ANA/Antaq","idantaq":1,"idhidrovia":200002260,"idm_estino":"BR150530","idm_origem":"BR150510","idseq":0,"jurisdicao":"AHIMOR","mun_estino":"Oriximiná","mun_origem":"Óbidos","navegacao":"Navegação Interior","nom_eclusa":null,"nome":"Hidrovia do Amazonas","nome_rio":"Rio Trombetas","observacao":"Foz no rio Amazonas _PA_ até o sopé Cachoeira Porteira _Oriximiná-PA_.","pro_de_max":4.0,"pro_de_min":2.0,"reg_rafica":"Região Hidrográfica Amazônica","snv":"Sim","tempo":"0d 2h 25min","tipo":"Rio","vel_cional":15.0},"type":"Feature"},{"bbox":[-56.19685,-4.390196,-55.971373,-4.284641],"geometry":{"coordinates":[[-56.19685,-4.35185],[-56.19125,-4.35188],[-56.18369,-4.35516],[-56.17545,-4.35993],[-56.16229,-4.3717],[-56.15271,-4.37878],[-56.14551,-4.38269],[-56.13098,-4.38739],[-56.12262,-4.38891],[-56.11169,-4.3902],[-56.10119,-4.38843],[-56.08557,-4.38141],[-56.08288,-4.37817],[-56.07818,-4.36542],[-56.0722,-4.34271],[-56.06421,-4.31909],[-56.0564,-4.30939],[-56.04968,-4.30328],[-56.04431,-4.29968],[-56.03528,-4.29559],[-56.02978,-4.29327],[-56.02087,-4.29101],[-56.00158,-4.29468],[-55.99377,-4.29529],[-55.98419,-4.29449],[-55.97528,-4.2893],[-55.97137,-4.28464]],"type":"LineString"},"id":160,"properties":{"cla_icacao":"Navegável","dominio":"União","est_estino":"PA","est_origem":"PA","extensao":32.8564906748,"fonte":"LabTrans/Antaq","idantaq":17,"idhidrovia":200002261,"idm_estino":"BR150360","idm_origem":"BR150360","idseq":0,"jurisdicao":"AHIMOR","mun_estino":"Itaituba","mun_origem":"Itaituba","navegacao":"Navegação Interior","nom_eclusa":null,"nome":"Hidrovia do Tapajós","nome_rio":"Rio Tapajós","observacao":"Foz no rio Amazonas _PA_ até a confluência dos rios Juruena e Teles Pires.","pro_de_max":6.6,"pro_de_min":2.0,"reg_rafica":"Região Hidrográfica Amazônica","snv":"Sim","tempo":"0d 3h 17min","tipo":"Rio","vel_cional":10.0},"type":"Feature"},{"bbox":[-55.971373,-4.284641,-55.342045,-3.59524],"geometry":{"coordinates":[[-55.97137,-4.28464],[-55.96332,-4.27502],[-55.94928,-4.26172],[-55.90948,-4.2334],[-55.90228,-4.22729],[-55.87829,-4.19568],[-55.86023,-4.18091],[-55.8518,-4.17608],[-55.8399,-4.1734],[-55.8327,-4.1709],[-55.82001,-4.16211],[-55.8147,-4.15539],[-55.81048,-4.14661],[-55.79742,-4.12958],[-55.79468,-4.12768],[-55.78711,-4.12518],[-55.7785,-4.12079],[-55.7702,-4.11481],[-55.75818,-4.10211],[-55.75268,-4.09802],[-55.73492,-4.0885],[-55.73071,-4.0871],[-55.71393,-4.08533],[-55.70672,-4.08661],[-55.7008,-4.09167],[-55.698,-4.09521],[-55.69519,-4.09698],[-55.69098,-4.09723],[-55.68298,-4.09338],[-55.67822,-4.08948],[-55.6737,-4.08392],[-55.66913,-4.0661],[-55.6643,-4.0542],[-55.65979,-4.04602],[-55.64349,-4.02728],[-55.63721,-4.01489],[-55.62671,-4.0022],[-55.6217,-3.99359],[-55.61639,-3.98968],[-55.60742,-3.9798],[-55.59039,-3.96399],[-55.5816,-3.95788],[-55.5777,-3.95178],[-55.56891,-3.92932],[-55.5611,-3.90619],[-55.55841,-3.89429],[-55.55749,-3.88318],[-55.55829,-3.8717],[-55.5564,-3.86481],[-55.55249,-3.8609],[-55.53552,-3.84888],[-55.52533,-3.83411],[-55.51147,-3.81641],[-55.49121,-3.79742],[-55.47589,-3.77228],[-55.46301,-3.75561],[-55.42029,-3.72839],[-55.4096,-3.716],[-55.3988,-3.69848],[-55.3855,-3.6806],[-55.37658,-3.67322],[-55.36297,-3.66791],[-55.35718,-3.66101],[-55.35168,-3.65082],[-55.34851,-3.6402],[-55.34741,-3.62952],[-55.3479,-3.61969],[-55.34582,-3.60242],[-55.34204,-3.59524]],"type":"LineString"},"id":161,"properties":{"cla_icacao":"Navegável","dominio":"União","est_estino":"PA","est_origem":"PA","extensao":110.875477266,"fonte":"LabTrans/Antaq","idantaq":17,"idhidrovia":200002262,"idm_estino":"BR150360","idm_origem":"BR150100","idseq":0,"jurisdicao":"AHIMOR","mun_estino":"Itaituba","mun_origem":"Aveiro","navegacao":"Navegação Interior","nom_eclusa":null,"nome":"Hidrovia do Tapajós","nome_rio":"Rio Tapajós","observacao":"Foz no rio Amazonas _PA_ até a confluência dos rios Juruena e Teles Pires.","pro_de_max":9.9,"pro_de_min":2.6,"reg_rafica":"Região Hidrográfica Amazônica","snv":"Sim","tempo":"0d 11h 5min","tipo":"Rio","vel_cional":10.0},"type":"Feature"},{"bbox":[-52.25415,-2.596371,-51.993788,-1.758549],"geometry":{"coordinates":[[-51.99379,-2.59637],[-51.99768,-2.54858],[-52.0022,-2.5285],[-52.02179,-2.492],[-52.04242,-2.46112],[-52.06268,-2.4118],[-52.07287,-2.37378],[-52.08618,-2.33911],[-52.1062,-2.3017],[-52.13959,-2.26312],[-52.15289,-2.2511],[-52.16949,-2.22339],[-52.17688,-2.21509],[-52.19238,-2.18579],[-52.20813,-2.1488],[-52.21411,-2.12652],[-52.21832,-2.099],[-52.2348,-2.00922],[-52.23743,-1.992],[-52.24103,-1.95227],[-52.2467,-1.92187],[-52.24798,-1.88861],[-52.2384,-1.83911],[-52.23419,-1.80939],[-52.2362,-1.78528],[-52.2381,-1.77582],[-52.24438,-1.76819],[-52.25415,-1.75855]],"type":"LineString"},"id":162,"properties":{"cla_icacao":"Navegável","dominio":"União","est_estino":"PA","est_origem":"PA","extensao":100.32165233199999,"fonte":"LabTrans/ANA/Antaq","idantaq":1,"idhidrovia":200002265,"idm_estino":"BR150590","idm_origem":"BR150590","idseq":0,"jurisdicao":"AHIMOR","mun_estino":"Porto de Moz","mun_origem":"Porto de Moz","navegacao":"Navegação Interior","nom_eclusa":null,"nome":"Hidrovia do Amazonas","nome_rio":"Rio Xingu","observacao":"Foz no rio Amazonas _AM_ até PK 1522.","pro_de_max":6.0,"pro_de_min":2.3,"reg_rafica":"Região Hidrográfica Amazônica","snv":"Sim","tempo":"0d 6h 41min","tipo":"Rio","vel_cional":15.0},"type":"Feature"},{"bbox":[-49.288889,-1.948081,-49.121703,-1.677977],"geometry":{"coordinates":[[-49.28889,-1.94808],[-49.28369,-1.94421],[-49.27399,-1.93487],[-49.26691,-1.92609],[-49.26343,-1.92041],[-49.26037,-1.91321],[-49.25067,-1.87903],[-49.23102,-1.83508],[-49.22021,-1.8161],[-49.21057,-1.79638],[-49.19922,-1.7569],[-49.19092,-1.73602],[-49.1734,-1.71142],[-49.14831,-1.6936],[-49.1217,-1.67798]],"type":"LineString"},"id":163,"properties":{"cla_icacao":"Navegável","dominio":"União","est_estino":"PA","est_origem":"PA","extensao":36.4029961344,"fonte":"LabTrans/ANA/Antaq","idantaq":9,"idhidrovia":200002266,"idm_estino":"BR150400","idm_origem":"BR150010","idseq":0,"jurisdicao":"AHIMOR","mun_estino":"Limoeiro do Ajuru","mun_origem":"Abaetetuba","navegacao":"Navegação Interior","nom_eclusa":null,"nome":"Hidrovia do Tocantins","nome_rio":"Rio Tocantins","observacao":"Foz no oceano Atlântico _PA_ até o Lago da Barragem de Serra da Mesa _GO_, na confluência com o rio Tocantizinho _GO_.","pro_de_max":4.0,"pro_de_min":1.5,"reg_rafica":"Região Hidrográfica do Tocantins","snv":"Sim","tempo":"0d 3h 38min","tipo":"Rio","vel_cional":10.0},"type":"Feature"},{"bbox":[-49.415892,-2.233487,-49.288889,-1.948081],"geometry":{"coordinates":[[-49.41534,-2.23349],[-49.41589,-2.22491],[-49.41443,-2.21698],[-49.39532,-2.19049],[-49.3883,-2.1759],[-49.38519,-2.16449],[-49.38348,-2.15149],[-49.38348,-2.14288],[-49.38159,-2.13171],[-49.37781,-2.12182],[-49.34839,-2.0888],[-49.33807,-2.08227],[-49.32678,-2.0733],[-49.3186,-2.0628],[-49.31311,-2.05109],[-49.30933,-2.03949],[-49.30688,-2.02801],[-49.3067,-2.01111],[-49.30987,-1.99249],[-49.30957,-1.98022],[-49.30731,-1.9693],[-49.3034,-1.96148],[-49.29419,-1.95202],[-49.28889,-1.94808]],"type":"LineString"},"id":164,"properties":{"cla_icacao":"Navegável","dominio":"União","est_estino":"PA","est_origem":"PA","extensao":36.5233515064,"fonte":"LabTrans/ANA/Antaq","idantaq":9,"idhidrovia":200002267,"idm_estino":"BR150210","idm_origem":"BR150400","idseq":0,"jurisdicao":"AHIMOR","mun_estino":"Cametá","mun_origem":"Limoeiro do Ajuru","navegacao":"Navegação Interior","nom_eclusa":null,"nome":"Hidrovia do Tocantins","nome_rio":"Rio Tocantins","observacao":"Foz no oceano Atlântico _PA_ até o Lago da Barragem de Serra da Mesa _GO_, na confluência com o rio Tocantizinho _GO_.","pro_de_max":4.0,"pro_de_min":1.5,"reg_rafica":"Região Hidrográfica do Tocantins","snv":"Sim","tempo":"0d 3h 39min","tipo":"Rio","vel_cional":10.0},"type":"Feature"},{"bbox":[-49.318637,-5.35089,-49.148329,-5.134738],"geometry":{"coordinates":[[-49.14833,-5.34949],[-49.15741,-5.35089],[-49.16607,-5.34918],[-49.18939,-5.3468],[-49.1972,-5.34399],[-49.2066,-5.33679],[-49.21381,-5.33008],[-49.22241,-5.31958],[-49.2312,-5.30279],[-49.23529,-5.29687],[-49.25281,-5.27728],[-49.26428,-5.25549],[-49.27612,-5.24158],[-49.28802,-5.22967],[-49.29571,-5.2185],[-49.3114,-5.2016],[-49.31439,-5.1936],[-49.31488,-5.18512],[-49.3139,-5.16913],[-49.315,-5.15991],[-49.3186,-5.14648],[-49.31864,-5.13474]],"type":"LineString"},"id":165,"properties":{"cla_icacao":"Navegável","dominio":"União","est_estino":"PA","est_origem":"PA","extensao":33.4165341175,"fonte":"LabTrans/ANA/Antaq","idantaq":9,"idhidrovia":200002268,"idm_estino":"BR150420","idm_origem":"BR150370","idseq":0,"jurisdicao":"AHIMOR","mun_estino":"Marabá","mun_origem":"Itupiranga","navegacao":"Navegação Interior","nom_eclusa":null,"nome":"Hidrovia do Tocantins","nome_rio":"Rio Tocantins","observacao":"Foz no oceano Atlântico _PA_ até o Lago da Barragem de Serra da Mesa _GO_, na confluência com o rio Tocantizinho _GO_.","pro_de_max":3.0,"pro_de_min":1.0,"reg_rafica":"Região Hidrográfica do Tocantins","snv":"Sim","tempo":"0d 3h 20min","tipo":"Rio","vel_cional":10.0},"type":"Feature"},{"bbox":[-54.670591,-2.448561,-54.619992,-2.428709],"geometry":{"coordinates":[[-54.67059,-2.42871],[-54.61999,-2.44856]],"type":"LineString"},"id":166,"properties":{"cla_icacao":"Navegável","dominio":"União","est_estino":"PA","est_origem":"PA","extensao":6.391209,"fonte":"LabTrans/Antaq","idantaq":1,"idhidrovia":200002281,"idm_estino":"BR150680","idm_origem":"BR150480","idseq":0,"jurisdicao":"AHIMOR","mun_estino":"Santarém","mun_origem":"Monte Alegre","navegacao":"Navegação Interior","nom_eclusa":null,"nome":"Hidrovia do Amazonas","nome_rio":"Rio Amazonas","observacao":null,"pro_de_max":7.5,"pro_de_min":5.0,"reg_rafica":"Região Hidrográfica Amazônica","snv":"Sim","tempo":"0d 0h 15min","tipo":"Rio","vel_cional":25.0},"type":"Feature"},{"bbox":[-57.458353,-19.609293,-57.335619,-19.411226],"geometry":{"coordinates":[[-57.33562,-19.41123],[-57.35029,-19.41903],[-57.35439,-19.42019],[-57.36022,-19.42122],[-57.37573,-19.41878],[-57.37927,-19.4194],[-57.3846,-19.42311],[-57.39528,-19.439],[-57.40313,-19.44695],[-57.40897,-19.4543],[-57.41279,-19.4668],[-57.41404,-19.47769],[-57.41431,-19.48319],[-57.41307,-19.4959],[-57.41422,-19.50511],[-57.42004,-19.51452],[-57.43007,-19.5229],[-57.43631,-19.52971],[-57.43766,-19.53355],[-57.43804,-19.53847],[-57.43592,-19.54602],[-57.43271,-19.54868],[-57.42673,-19.55136],[-57.42021,-19.55148],[-57.41174,-19.5498],[-57.4061,-19.54978],[-57.40409,-19.55069],[-57.40351,-19.55219],[-57.40419,-19.55593],[-57.40617,-19.56083],[-57.41578,-19.57415],[-57.42976,-19.58465],[-57.44204,-19.60211],[-57.44658,-19.60537],[-57.45835,-19.60929]],"type":"LineString"},"id":167,"properties":{"cla_icacao":"Navegável","dominio":"União","est_estino":"MS","est_origem":"MS","extensao":33.6978980213,"fonte":"LabTrans/ANA/Antaq","idantaq":4,"idhidrovia":200002282,"idm_estino":"BR500320","idm_origem":"BR500320","idseq":0,"jurisdicao":"AHIPAR","mun_estino":"Corumbá","mun_origem":"Corumbá","navegacao":"Navegação Interior","nom_eclusa":null,"nome":"Hidrovia Paraguai - Paraná","nome_rio":"Rio Paraguai","observacao":"Foz do rio Apa _MS_ até a foz do Ribeirão Vermelho _MT_.","pro_de_max":3.3,"pro_de_min":3.3,"reg_rafica":"Região Hidrográfica do Paraguai","snv":"Sim","tempo":"0d 4h 48min","tipo":"Rio","vel_cional":7.0},"type":"Feature"},{"bbox":[-49.525206,-1.750182,-49.121703,-1.667601],"geometry":{"coordinates":[[-49.52521,-1.75018],[-49.49872,-1.75018],[-49.48437,-1.7445],[-49.45611,-1.73169],[-49.43359,-1.7229],[-49.40198,-1.7171],[-49.35138,-1.71289],[-49.31451,-1.7027],[-49.28821,-1.68957],[-49.27148,-1.6792],[-49.25372,-1.67077],[-49.21521,-1.6676],[-49.19067,-1.67419],[-49.1217,-1.67798]],"type":"LineString"},"id":168,"properties":{"cla_icacao":"Navegável","dominio":"União","est_estino":"PA","est_origem":"PA","extensao":46.7298499792,"fonte":"ANA/Antaq","idantaq":null,"idhidrovia":200002289,"idm_estino":"BR150770","idm_origem":"BR150010","idseq":0,"jurisdicao":"AHIMOR","mun_estino":"São Sebastião da Boa Vista","mun_origem":"Abaetetuba","navegacao":"Navegação Interior","nom_eclusa":null,"nome":"Hidrovia do Tocantins","nome_rio":"Rio Pará","observacao":"Foz no rio Tocantins _TO_ até Portel _PA_.","pro_de_max":2.8,"pro_de_min":1.4,"reg_rafica":"Região Hidrográfica do Tocantins","snv":"Sim","tempo":"0d 1h 52min","tipo":"Rio","vel_cional":25.0},"type":"Feature"},{"bbox":[-49.837842,-1.854795,-49.525205,-1.745115],"geometry":{"coordinates":[[-49.83784,-1.85334],[-49.82471,-1.85479],[-49.81421,-1.85309],[-49.80682,-1.85071],[-49.7998,-1.84637],[-49.7937,-1.84009],[-49.77832,-1.8305],[-49.7666,-1.8269],[-49.75152,-1.8208],[-49.74139,-1.81879],[-49.72851,-1.82251],[-49.71521,-1.82239],[-49.69159,-1.81579],[-49.64288,-1.77942],[-49.59527,-1.75452],[-49.57739,-1.74811],[-49.55841,-1.74511],[-49.5412,-1.74683],[-49.5252,-1.75018]],"type":"LineString"},"id":169,"properties":{"cla_icacao":"Navegável","dominio":"União","est_estino":"PA","est_origem":"PA","extensao":38.1463757515,"fonte":"LabTrans/Antaq","idantaq":null,"idhidrovia":200002290,"idm_estino":"BR150520","idm_origem":"BR150770","idseq":0,"jurisdicao":"AHIMOR","mun_estino":"Oeiras do Pará","mun_origem":"São Sebastião da Boa Vista","navegacao":"Navegação Interior","nom_eclusa":null,"nome":"Hidrovia do Tocantins","nome_rio":"Rio Pará","observacao":null,"pro_de_max":2.8,"pro_de_min":1.4,"reg_rafica":"Região Hidrográfica do Tocantins","snv":"Sim","tempo":"0d 1h 31min","tipo":"Rio","vel_cional":25.0},"type":"Feature"},{"bbox":[-48.991999,-22.020002,-48.861764,-21.754764],"geometry":{"coordinates":[[-48.88506,-22.02],[-48.88731,-22.01204],[-48.88463,-22.00097],[-48.87921,-21.99049],[-48.86503,-21.97272],[-48.86176,-21.96476],[-48.86221,-21.96003],[-48.86982,-21.94781],[-48.87535,-21.94189],[-48.8843,-21.93788],[-48.89786,-21.93471],[-48.90271,-21.93287],[-48.90503,-21.93078],[-48.90627,-21.92834],[-48.90768,-21.92377],[-48.9074,-21.91931],[-48.90527,-21.91602],[-48.89617,-21.91068],[-48.89438,-21.90451],[-48.89478,-21.90045],[-48.89791,-21.89188],[-48.90082,-21.87912],[-48.90465,-21.86846],[-48.90832,-21.86463],[-48.92061,-21.85958],[-48.93402,-21.85544],[-48.95906,-21.85008],[-48.97445,-21.84508],[-48.98138,-21.84059],[-48.98523,-21.83632],[-48.98925,-21.82511],[-48.98785,-21.81883],[-48.98348,-21.80972],[-48.97707,-21.80258],[-48.96842,-21.79469],[-48.96377,-21.78844],[-48.96121,-21.78229],[-48.96004,-21.77531],[-48.96059,-21.76822],[-48.96298,-21.76271],[-48.9691,-21.75956],[-48.97803,-21.75908],[-48.9833,-21.75769],[-48.9898,-21.75476],[-48.992,-21.75481]],"type":"LineString"},"id":170,"properties":{"cla_icacao":"Navegável","dominio":"Estados ou Distrito Federal","est_estino":"SP","est_origem":"SP","extensao":42.5666984222,"fonte":"LabTrans/ANA/Antaq","idantaq":3,"idhidrovia":200002291,"idm_estino":"BR350340","idm_origem":"BR351960","idseq":0,"jurisdicao":"DH-SEST-SP","mun_estino":"Arealva","mun_origem":"Ibitinga","navegacao":"Navegação Interior","nom_eclusa":null,"nome":"Hidrovia do Tietê - Paraná","nome_rio":"Rio Tietê","observacao":"Foz no rio Paraná _SP_ até Biritiba-Mirim _SP_, Represa Ponte Nova.","pro_de_max":5.7,"pro_de_min":3.0,"reg_rafica":"Região Hidrográfica do Paraná","snv":"Sim","tempo":"0d 4h 15min","tipo":"Rio","vel_cional":10.0},"type":"Feature"},{"bbox":[-49.781361,-21.772824,-48.997953,-21.298138],"geometry":{"coordinates":[[-48.99795,-21.75905],[-49.01103,-21.76806],[-49.03218,-21.77282],[-49.045,-21.77223],[-49.06082,-21.76852],[-49.07104,-21.76328],[-49.08353,-21.75849],[-49.09647,-21.75604],[-49.10543,-21.7527],[-49.11598,-21.74072],[-49.1415,-21.70164],[-49.14479,-21.69325],[-49.14673,-21.68516],[-49.14672,-21.67397],[-49.14764,-21.6669],[-49.15417,-21.65566],[-49.15898,-21.64988],[-49.16401,-21.64648],[-49.17077,-21.64517],[-49.18366,-21.6463],[-49.19224,-21.64804],[-49.19897,-21.651],[-49.20454,-21.65426],[-49.21027,-21.66099],[-49.21297,-21.67102],[-49.21866,-21.67425],[-49.22781,-21.67482],[-49.23745,-21.67345],[-49.25026,-21.66955],[-49.27356,-21.65687],[-49.28992,-21.63805],[-49.29803,-21.62685],[-49.3133,-21.60972],[-49.31907,-21.595],[-49.32605,-21.5678],[-49.33181,-21.55934],[-49.33942,-21.55224],[-49.3475,-21.54725],[-49.37003,-21.53984],[-49.38007,-21.53759],[-49.38959,-21.53817],[-49.39903,-21.54173],[-49.40911,-21.54307],[-49.41637,-21.54124],[-49.42261,-21.53866],[-49.44798,-21.52029],[-49.46521,-21.51121],[-49.47318,-21.50442],[-49.5206,-21.44514],[-49.52844,-21.43675],[-49.54625,-21.42145],[-49.55893,-21.40532],[-49.57453,-21.38997],[-49.59357,-21.3795],[-49.63048,-21.37112],[-49.66104,-21.35518],[-49.67366,-21.34465],[-49.69164,-21.32654],[-49.70374,-21.31648],[-49.71556,-21.31041],[-49.72891,-21.30685],[-49.7657,-21.30458],[-49.78136,-21.29814]],"type":"LineString"},"id":171,"properties":{"cla_icacao":"Navegável","dominio":"Estados ou Distrito Federal","est_estino":"SP","est_origem":"SP","extensao":109.17116860299998,"fonte":"LabTrans/ANA/Antaq","idantaq":3,"idhidrovia":200002292,"idm_estino":"BR351960","idm_origem":"BR354160","idseq":0,"jurisdicao":"DH-SEST-SP","mun_estino":"Ibitinga","mun_origem":"Promissão","navegacao":"Navegação Interior","nom_eclusa":null,"nome":"Hidrovia do Tietê - Paraná","nome_rio":"Rio Tietê","observacao":"Foz no rio Paraná _SP_ até Biritiba-Mirim _SP_, Represa Ponte Nova.","pro_de_max":5.7,"pro_de_min":3.0,"reg_rafica":"Região Hidrográfica do Paraná","snv":"Sim","tempo":"0d 10h 55min","tipo":"Rio","vel_cional":10.0},"type":"Feature"},{"bbox":[-48.997953,-21.759045,-48.991999,-21.75481],"geometry":{"coordinates":[[-48.99795,-21.75905],[-48.99668,-21.75752],[-48.992,-21.75481]],"type":"LineString"},"id":172,"properties":{"cla_icacao":"Navegável","dominio":"Estados ou Distrito Federal","est_estino":"SP","est_origem":"SP","extensao":0.786864185227,"fonte":"LabTrans/ANA/Antaq","idantaq":3,"idhidrovia":200002293,"idm_estino":"BR351960","idm_origem":"BR351960","idseq":0,"jurisdicao":"DH-SEST-SP","mun_estino":"Ibitinga","mun_origem":"Ibitinga","navegacao":"Navegação Interior","nom_eclusa":"Eclusa de Ibitinga","nome":"Hidrovia do Tietê - Paraná","nome_rio":"Rio Tietê","observacao":"Foz no rio Paraná _SP_ até Biritiba-Mirim _SP_, Represa Ponte Nova.","pro_de_max":4.0,"pro_de_min":4.0,"reg_rafica":"Região Hidrográfica do Paraná","snv":"Sim","tempo":"0d 0h 9min","tipo":"Eclusa","vel_cional":5.0},"type":"Feature"},{"bbox":[-48.40262,-1.542702,-48.055025,-1.460551],"geometry":{"coordinates":[[-48.05503,-1.51409],[-48.05553,-1.5196],[-48.06323,-1.53586],[-48.07606,-1.54185],[-48.09575,-1.5427],[-48.16207,-1.53757],[-48.17918,-1.51789],[-48.20742,-1.48794],[-48.2485,-1.46654],[-48.29043,-1.46141],[-48.33065,-1.46055],[-48.38114,-1.46312],[-48.40262,-1.46196]],"type":"LineString"},"id":173,"properties":{"cla_icacao":"Navegação inexpressiva","dominio":"União","est_estino":"PA","est_origem":"PA","extensao":43.6083396853,"fonte":"ANA/Antaq","idantaq":9,"idhidrovia":200002312,"idm_estino":"BR150340","idm_origem":"BR150140","idseq":0,"jurisdicao":"AHIMOR","mun_estino":"Inhangapi","mun_origem":"Belém","navegacao":"Navegação Interior","nom_eclusa":null,"nome":"Hidrovia do Tocantins","nome_rio":"Rio Guamá","observacao":"Foz no rio Tocantins _PA_ até São Miguel do Guamá _PA_,","pro_de_max":1.5,"pro_de_min":1.5,"reg_rafica":"Região Hidrográfica do Tocantins","snv":"Sim","tempo":"0d 2h 54min","tipo":"Rio","vel_cional":15.0},"type":"Feature"},{"bbox":[-50.018515,-1.85334,-49.837843,-1.784258],"geometry":{"coordinates":[[-50.01852,-1.78426],[-50.01398,-1.78479],[-49.94708,-1.80377],[-49.84619,-1.85241],[-49.83784,-1.85334]],"type":"LineString"},"id":174,"properties":{"cla_icacao":"Navegável","dominio":"União","est_estino":"PA","est_origem":"PA","extensao":21.6196585196,"fonte":"ANA/Antaq","idantaq":null,"idhidrovia":200002315,"idm_estino":"BR150280","idm_origem":"BR150520","idseq":0,"jurisdicao":"AHIMOR","mun_estino":"Curralinho","mun_origem":"Oeiras do Pará","navegacao":"Navegação Interior","nom_eclusa":null,"nome":"Hidrovia do Tocantins","nome_rio":"Rio Pará","observacao":"Foz no rio Tocantins _TO_ até Portel _PA_.","pro_de_max":2.8,"pro_de_min":1.4,"reg_rafica":"Região Hidrográfica do Tocantins","snv":"Sim","tempo":"0d 0h 51min","tipo":"Rio","vel_cional":25.0},"type":"Feature"},{"bbox":[-48.513304,-1.490179,-48.504393,-1.445494],"geometry":{"coordinates":[[-48.51211,-1.49018],[-48.5133,-1.47619],[-48.5133,-1.46558],[-48.51037,-1.45508],[-48.50439,-1.44549]],"type":"LineString"},"id":175,"properties":{"cla_icacao":"Navegável","dominio":null,"est_estino":"PA","est_origem":"PA","extensao":5.18648600745,"fonte":"LabTrans/Antaq","idantaq":9,"idhidrovia":200002316,"idm_estino":"BR150130","idm_origem":"BR150140","idseq":0,"jurisdicao":"AHIMOR","mun_estino":"Barcarena","mun_origem":"Belém","navegacao":"Navegação Interior","nom_eclusa":null,"nome":"Hidrovia do Tocantins","nome_rio":"Baía de Guajará","observacao":null,"pro_de_max":10.0,"pro_de_min":4.0,"reg_rafica":"Região Hidrográfica do Tocantins","snv":"Não","tempo":"0d 0h 20min","tipo":"Baía","vel_cional":15.0},"type":"Feature"},{"bbox":[-48.764386,-1.872831,-48.434885,-1.556578],"geometry":{"coordinates":[[-48.76439,-1.87283],[-48.75882,-1.86969],[-48.73683,-1.84394],[-48.72712,-1.83117],[-48.70814,-1.83322],[-48.68615,-1.8182],[-48.67864,-1.81552],[-48.66944,-1.81751],[-48.64163,-1.83054],[-48.62286,-1.82946],[-48.61214,-1.81177],[-48.60999,-1.79353],[-48.58639,-1.76189],[-48.57513,-1.74527],[-48.57137,-1.73793],[-48.55904,-1.74687],[-48.54671,-1.76028],[-48.53008,-1.7694],[-48.51613,-1.76242],[-48.50353,-1.76028],[-48.49656,-1.734],[-48.48798,-1.72489],[-48.45097,-1.70933],[-48.44347,-1.69646],[-48.44239,-1.66857],[-48.43489,-1.66213],[-48.43596,-1.64873],[-48.45419,-1.61655],[-48.47537,-1.58383],[-48.47732,-1.56912],[-48.48639,-1.56156],[-48.50561,-1.55658]],"type":"LineString"},"id":176,"properties":{"cla_icacao":"Navegação inexpressiva","dominio":"Estados ou Distrito Federal","est_estino":"PA","est_origem":"PA","extensao":69.364866767,"fonte":"ANA/Antaq","idantaq":9,"idhidrovia":200002319,"idm_estino":"BR150470","idm_origem":"BR150130","idseq":0,"jurisdicao":"AHIMOR","mun_estino":"Moju","mun_origem":"Barcarena","navegacao":"Navegação Interior","nom_eclusa":null,"nome":"Hidrovia do Tocantins","nome_rio":"Rio Moju","observacao":"Foz no rio Guamá _PA_ até Cairari _PA_.","pro_de_max":1.6,"pro_de_min":1.2,"reg_rafica":"Região Hidrográfica do Tocantins","snv":"Sim","tempo":"0d 4h 37min","tipo":"Rio","vel_cional":15.0},"type":"Feature"},{"bbox":[-51.314435,-29.947082,-51.285291,-29.942696],"geometry":{"coordinates":[[-51.31444,-29.94627],[-51.29685,-29.94708],[-51.28797,-29.94599],[-51.28529,-29.9427]],"type":"LineString"},"id":177,"properties":{"cla_icacao":"Navegação inexpressiva","dominio":"Estados ou Distrito Federal","est_estino":"RS","est_origem":"RS","extensao":3.01,"fonte":"LabTrans/ANA/Antaq","idantaq":18,"idhidrovia":200002323,"idm_estino":"BR432200","idm_origem":"BR432200","idseq":0,"jurisdicao":"SPH","mun_estino":"Triunfo","mun_origem":"Triunfo","navegacao":"Navegação Interior","nom_eclusa":null,"nome":"Hidrovia do Sul","nome_rio":"Rio Jacuí","observacao":"Foz na Lagoa Guaíba _RS_ até Dona Francisca _RS_.","pro_de_max":1.2,"pro_de_min":1.0,"reg_rafica":"Região Hidrográfica Atlântico Sul","snv":"Sim","tempo":"0d 0h 18min","tipo":"Rio","vel_cional":10.0},"type":"Feature"},{"bbox":[-52.536908,-0.919265,-52.398875,-0.824106],"geometry":{"coordinates":[[-52.53691,-0.85359],[-52.53385,-0.85557],[-52.51973,-0.85676],[-52.51242,-0.85387],[-52.49864,-0.8452],[-52.4778,-0.83976],[-52.46402,-0.83432],[-52.45858,-0.8304],[-52.45569,-0.82479],[-52.45093,-0.82411],[-52.43962,-0.82972],[-52.43366,-0.83856],[-52.43026,-0.84095],[-52.41699,-0.84707],[-52.40449,-0.86374],[-52.39887,-0.88347],[-52.39887,-0.88977],[-52.40219,-0.90695],[-52.42231,-0.91926]],"type":"LineString"},"id":178,"properties":{"cla_icacao":"Navegação inexpressiva","dominio":"União","est_estino":"AP","est_origem":"AP","extensao":25.1885877609,"fonte":"LabTrans/ANA/Antaq","idantaq":1,"idhidrovia":200002325,"idm_estino":"BR160027","idm_origem":"BR160080","idseq":0,"jurisdicao":"AHIMOR","mun_estino":"Laranjal do Jari","mun_origem":"Vitória do Jari","navegacao":"Navegação Interior","nom_eclusa":null,"nome":"Hidrovia do Amazonas","nome_rio":"Rio Jari","observacao":"Foz no rio Amazonas _AP_ até Laranjal do Jari _AP_.","pro_de_max":3.0,"pro_de_min":1.2,"reg_rafica":"Região Hidrográfica Amazônica","snv":"Sim","tempo":"0d 1h 40min","tipo":"Rio","vel_cional":15.0},"type":"Feature"},{"bbox":[-50.723873,-0.990624,-49.945208,-0.533095],"geometry":{"coordinates":[[-49.94521,-0.98487],[-49.9468,-0.98876],[-49.94864,-0.99062],[-49.95455,-0.98926],[-49.95985,-0.98555],[-49.962,-0.97909],[-49.96355,-0.96919],[-49.96786,-0.96486],[-49.97303,-0.96226],[-49.97876,-0.96183],[-49.98494,-0.95866],[-49.9878,-0.95837],[-49.99254,-0.96069],[-49.99799,-0.96127],[-50.00201,-0.96344],[-50.00516,-0.96156],[-50.01435,-0.95926],[-50.02123,-0.962],[-50.02137,-0.96114],[-50.0264,-0.95695],[-50.03213,-0.96085],[-50.035,-0.9597],[-50.03472,-0.95407],[-50.03558,-0.94988],[-50.04075,-0.94541],[-50.05682,-0.93964],[-50.06127,-0.93618],[-50.06673,-0.92694],[-50.07146,-0.9229],[-50.07649,-0.92001],[-50.0874,-0.90731],[-50.08697,-0.90688],[-50.08812,-0.90457],[-50.08926,-0.90413],[-50.09386,-0.89198],[-50.09846,-0.88508],[-50.10606,-0.87786],[-50.10765,-0.87122],[-50.10837,-0.85909],[-50.10995,-0.84927],[-50.11814,-0.84517],[-50.12415,-0.83955],[-50.12978,-0.83703],[-50.13404,-0.83373],[-50.13753,-0.8283],[-50.13909,-0.82054],[-50.13947,-0.8091],[-50.13753,-0.8027],[-50.12693,-0.78017],[-50.12693,-0.77563],[-50.12845,-0.77033],[-50.13754,-0.76161],[-50.14095,-0.75631],[-50.14057,-0.75366],[-50.13148,-0.74836],[-50.12731,-0.74495],[-50.12428,-0.74078],[-50.12428,-0.73358],[-50.12542,-0.72752],[-50.14247,-0.71237],[-50.14966,-0.70934],[-50.1633,-0.69949],[-50.16898,-0.6976],[-50.17239,-0.69419],[-50.17618,-0.68396],[-50.18375,-0.67373],[-50.18944,-0.66956],[-50.19512,-0.66729],[-50.20118,-0.6654],[-50.20724,-0.6654],[-50.21216,-0.66237],[-50.21595,-0.65858],[-50.21785,-0.65479],[-50.2152,-0.64646],[-50.21406,-0.63888],[-50.21482,-0.63358],[-50.21898,-0.6279],[-50.22703,-0.62183],[-50.23104,-0.61749],[-50.23204,-0.60714],[-50.22971,-0.60013],[-50.23071,-0.59445],[-50.23605,-0.59712],[-50.24507,-0.60547],[-50.24674,-0.61048],[-50.25208,-0.61248],[-50.25375,-0.61616],[-50.25475,-0.6215],[-50.25208,-0.63786],[-50.25241,-0.64587],[-50.25508,-0.65122],[-50.25943,-0.65623],[-50.27612,-0.6589],[-50.28948,-0.65689],[-50.29749,-0.65823],[-50.30651,-0.67226],[-50.31218,-0.67626],[-50.31753,-0.68261],[-50.32087,-0.69797],[-50.32521,-0.70798],[-50.32621,-0.72535],[-50.32888,-0.73503],[-50.33523,-0.73637],[-50.34391,-0.73637],[-50.35059,-0.74038],[-50.36595,-0.74438],[-50.37263,-0.74238],[-50.38097,-0.7367],[-50.39333,-0.72568],[-50.40068,-0.72301],[-50.41871,-0.72234],[-50.42439,-0.72568],[-50.43541,-0.72535],[-50.45043,-0.72034],[-50.46613,-0.72168],[-50.47347,-0.72034],[-50.48583,-0.715],[-50.50586,-0.70298],[-50.51788,-0.68394],[-50.5239,-0.6786],[-50.53358,-0.67493],[-50.54727,-0.67259],[-50.57666,-0.67392],[-50.59903,-0.67326],[-50.60871,-0.66825],[-50.61572,-0.65823],[-50.62174,-0.64554],[-50.63443,-0.63886],[-50.65446,-0.63886],[-50.66949,-0.63619],[-50.68351,-0.62116],[-50.68719,-0.59745],[-50.69253,-0.58477],[-50.70488,-0.56039],[-50.7159,-0.54136],[-50.72387,-0.53309]],"type":"LineString"},"id":179,"properties":{"cla_icacao":"Navegação inexpressiva","dominio":"Estados ou Distrito Federal","est_estino":"PA","est_origem":"PA","extensao":145.379853702,"fonte":"ANA/Antaq","idantaq":1,"idhidrovia":200002347,"idm_estino":"BR150070","idm_origem":"BR150030","idseq":0,"jurisdicao":"AHIMOR","mun_estino":"Anajás","mun_origem":"Afuá","navegacao":"Navegação Interior","nom_eclusa":null,"nome":"Hidrovia do Amazonas","nome_rio":"Rio Anajás","observacao":"Foz no rio Amazonas _AM_  até o PK 261.","pro_de_max":2.1,"pro_de_min":2.1,"reg_rafica":"Região Hidrográfica Amazônica","snv":"Sim","tempo":"0d 9h 41min","tipo":"Rio","vel_cional":15.0},"type":"Feature"},{"bbox":[-60.76189,-7.500002,-60.193927,-5.104477],"geometry":{"coordinates":[[-60.66056,-7.5],[-60.64746,-7.45913],[-60.64619,-7.44744],[-60.64664,-7.4284],[-60.64911,-7.40807],[-60.64886,-7.39436],[-60.64632,-7.37124],[-60.64238,-7.35524],[-60.64314,-7.33568],[-60.64111,-7.32146],[-60.63489,-7.30799],[-60.63412,-7.29148],[-60.63615,-7.27497],[-60.64365,-7.25541],[-60.64924,-7.24754],[-60.65279,-7.23662],[-60.65279,-7.23128],[-60.6472,-7.21528],[-60.64924,-7.20639],[-60.6552,-7.19725],[-60.6707,-7.16423],[-60.67743,-7.15407],[-60.6847,-7.14744],[-60.6975,-7.14365],[-60.71985,-7.14365],[-60.729,-7.14137],[-60.73306,-7.13755],[-60.74017,-7.11597],[-60.75757,-7.08955],[-60.76113,-7.07863],[-60.76189,-7.06872],[-60.75909,-7.05831],[-60.75325,-7.04789],[-60.73712,-7.02528],[-60.72976,-7.01792],[-60.70486,-7.00547],[-60.68429,-6.99811],[-60.66638,-7.0042],[-60.65825,-7.0042],[-60.64907,-7.00192],[-60.626,-6.99379],[-60.61177,-6.98719],[-60.57862,-6.98058],[-60.54027,-6.96991],[-60.53112,-6.96585],[-60.52291,-6.95891],[-60.52007,-6.95289],[-60.52083,-6.9473],[-60.52261,-6.94375],[-60.53278,-6.93308],[-60.5343,-6.92724],[-60.52299,-6.89803],[-60.52172,-6.88965],[-60.52477,-6.88101],[-60.52579,-6.87212],[-60.52477,-6.86145],[-60.51779,-6.84215],[-60.50839,-6.83122],[-60.4741,-6.80963],[-60.44349,-6.77585],[-60.43536,-6.77407],[-60.41682,-6.77661],[-60.40488,-6.77196],[-60.39878,-6.76594],[-60.39828,-6.75985],[-60.40057,-6.75426],[-60.41236,-6.74355],[-60.42177,-6.73927],[-60.42533,-6.73622],[-60.42787,-6.73191],[-60.42939,-6.71464],[-60.43193,-6.71006],[-60.44031,-6.7027],[-60.4454,-6.69609],[-60.45289,-6.65951],[-60.45251,-6.62345],[-60.45352,-6.61583],[-60.45861,-6.60008],[-60.46572,-6.59068],[-60.46394,-6.57823],[-60.45721,-6.56375],[-60.44374,-6.55461],[-60.43536,-6.55232],[-60.42266,-6.53708],[-60.41885,-6.52972],[-60.41606,-6.52261],[-60.41314,-6.5033],[-60.40348,-6.48755],[-60.40069,-6.48044],[-60.40018,-6.46875],[-60.4031,-6.43954],[-60.40132,-6.43599],[-60.39726,-6.43396],[-60.38278,-6.43269],[-60.37821,-6.42786],[-60.37008,-6.41338],[-60.36538,-6.39636],[-60.36665,-6.38823],[-60.36335,-6.3763],[-60.35878,-6.36994],[-60.35484,-6.35267],[-60.35637,-6.33337],[-60.35916,-6.32626],[-60.35967,-6.31762],[-60.35548,-6.29476],[-60.35091,-6.2879],[-60.34049,-6.27952],[-60.31496,-6.23177],[-60.31369,-6.21196],[-60.31141,-6.20281],[-60.30607,-6.19519],[-60.30201,-6.19265],[-60.28106,-6.19011],[-60.26556,-6.19112],[-60.25362,-6.18909],[-60.23609,-6.17944],[-60.21641,-6.16395],[-60.21057,-6.15684],[-60.20498,-6.14642],[-60.20041,-6.12889],[-60.20866,-6.0913],[-60.20815,-6.07301],[-60.19584,-6.0311],[-60.19482,-6.02526],[-60.19634,-6.01637],[-60.19584,-6.00926],[-60.19393,-6.00544],[-60.19495,-5.99605],[-60.20003,-5.97649],[-60.20955,-5.94601],[-60.21057,-5.93737],[-60.21539,-5.92391],[-60.21539,-5.91654],[-60.21412,-5.91197],[-60.20853,-5.90537],[-60.2093,-5.9008],[-60.21857,-5.88632],[-60.22152,-5.87666],[-60.22949,-5.86828],[-60.24308,-5.83171],[-60.24384,-5.81723],[-60.2507,-5.79995],[-60.25172,-5.79106],[-60.25946,-5.77074],[-60.26556,-5.75906],[-60.26124,-5.74839],[-60.262,-5.73696],[-60.27244,-5.72072],[-60.27305,-5.70699],[-60.27458,-5.70191],[-60.28702,-5.68337],[-60.29655,-5.676],[-60.30442,-5.65466],[-60.31458,-5.64399],[-60.33567,-5.62926],[-60.349,-5.61478],[-60.35281,-5.6125],[-60.35865,-5.59294],[-60.3683,-5.58278],[-60.373,-5.56728],[-60.37732,-5.56373],[-60.39637,-5.55484],[-60.39942,-5.55204],[-60.4012,-5.54417],[-60.40145,-5.53655],[-60.40018,-5.53274],[-60.40348,-5.52004],[-60.40488,-5.50582],[-60.40387,-5.49896],[-60.39955,-5.4888],[-60.39701,-5.46949],[-60.40907,-5.41006],[-60.40641,-5.39659],[-60.40971,-5.38313],[-60.41301,-5.37805],[-60.41377,-5.34604],[-60.41183,-5.33902],[-60.39789,-5.30464],[-60.39714,-5.29194],[-60.38786,-5.27594],[-60.3871,-5.26349],[-60.3838,-5.24596],[-60.37656,-5.22818],[-60.3664,-5.19415],[-60.36945,-5.18323],[-60.37618,-5.17561],[-60.38075,-5.17179],[-60.38964,-5.17027],[-60.39396,-5.16544],[-60.40073,-5.14426],[-60.40234,-5.14157],[-60.40234,-5.13547],[-60.39786,-5.10448]],"type":"LineString"},"id":180,"properties":{"cla_icacao":"Navegação inexpressiva","dominio":"Estados ou Distrito Federal","est_estino":"AM","est_origem":"AM","extensao":330.398839315,"fonte":"ANA/Antaq","idantaq":5,"idhidrovia":200002349,"idm_estino":"BR130330","idm_origem":"BR130330","idseq":0,"jurisdicao":"AHIMOC","mun_estino":"Novo Aripuanã","mun_origem":"Novo Aripuanã","navegacao":"Navegação Interior","nom_eclusa":null,"nome":"Hidrovia do Madeira","nome_rio":"Rio Aripuanã","observacao":"Foz no rio Madeira _AM_ até o PK 330.","pro_de_max":1.5,"pro_de_min":1.2,"reg_rafica":"Região Hidrográfica Amazônica","snv":"Sim","tempo":"0d 22h 1min","tipo":"Rio","vel_cional":15.0},"type":"Feature"},{"bbox":[-49.121703,-1.677977,-49.086529,-1.63409],"geometry":{"coordinates":[[-49.1217,-1.67798],[-49.08653,-1.63409]],"type":"LineString"},"id":181,"properties":{"cla_icacao":"Navegável","dominio":"União","est_estino":"PA","est_origem":"PA","extensao":6.23573685357,"fonte":"ANA/Antaq","idantaq":9,"idhidrovia":200002350,"idm_estino":"BR150010","idm_origem":"BR150490","idseq":0,"jurisdicao":"AHIMOR","mun_estino":"Abaetetuba","mun_origem":"Muaná","navegacao":"Navegação Interior","nom_eclusa":null,"nome":"Hidrovia do Tocantins","nome_rio":"Rio Tocantins","observacao":"Foz no oceano Atlântico _PA_ até o Lago da Barragem de Serra da Mesa _GO_, na confluência com o rio Tocantizinho _GO_.","pro_de_max":4.0,"pro_de_min":1.5,"reg_rafica":"Região Hidrográfica do Tocantins","snv":"Sim","tempo":"0d 0h 14min","tipo":"Rio","vel_cional":25.0},"type":"Feature"},{"bbox":[-64.654784,-3.375538,-64.495477,-3.27838],"geometry":{"coordinates":[[-64.65478,-3.27838],[-64.63,-3.28918],[-64.6012,-3.29712],[-64.56518,-3.3045],[-64.54608,-3.31012],[-64.5379,-3.3139],[-64.52539,-3.32257],[-64.5155,-3.33398],[-64.51361,-3.33868],[-64.50989,-3.35412],[-64.50647,-3.36181],[-64.50043,-3.3706],[-64.49548,-3.37554]],"type":"LineString"},"id":182,"properties":{"cla_icacao":"Navegável","dominio":"União","est_estino":"AM","est_origem":"AM","extensao":22.1992578326,"fonte":"LabTrans/Antaq","idantaq":2,"idhidrovia":200002367,"idm_estino":"BR130420","idm_origem":"BR130420","idseq":0,"jurisdicao":"AHIMOC","mun_estino":"Tefé","mun_origem":"Tefé","navegacao":"Navegação Interior","nom_eclusa":null,"nome":"Hidrovia do Solimões","nome_rio":"Rio Solimões","observacao":"Confluência com o rio Negro _AM_ até Tabatinga _AM_.","pro_de_max":10.0,"pro_de_min":6.0,"reg_rafica":"Região Hidrográfica Amazônica","snv":"Sim","tempo":"0d 2h 13min","tipo":"Rio","vel_cional":10.0},"type":"Feature"},{"bbox":[-63.008983,-8.015659,-62.869627,-7.516709],"geometry":{"coordinates":[[-62.87735,-8.01566],[-62.86963,-7.95178],[-62.87109,-7.93481],[-62.87329,-7.92187],[-62.88019,-7.90308],[-62.89111,-7.88098],[-62.8952,-7.86847],[-62.90002,-7.85797],[-62.90887,-7.84637],[-62.91559,-7.82941],[-62.9306,-7.77691],[-62.93451,-7.76587],[-62.94079,-7.75622],[-62.94781,-7.7489],[-62.94861,-7.74231],[-62.94531,-7.72919],[-62.935,-7.71631],[-62.9281,-7.70221],[-62.92462,-7.68738],[-62.91778,-7.66559],[-62.91778,-7.6579],[-62.92139,-7.65021],[-62.9433,-7.6242],[-62.95099,-7.59607],[-62.95599,-7.58191],[-62.9718,-7.55621],[-62.97809,-7.5487],[-62.98932,-7.54468],[-63.0,-7.53528],[-63.00531,-7.52698],[-63.00898,-7.51671]],"type":"LineString"},"id":183,"properties":{"cla_icacao":"Navegável","dominio":"União","est_estino":"RO","est_origem":"AM","extensao":61.492063569,"fonte":"LabTrans/Antaq","idantaq":5,"idhidrovia":200002369,"idm_estino":"BR110020","idm_origem":"BR130170","idseq":0,"jurisdicao":"AHIMOC","mun_estino":"Porto Velho","mun_origem":"Humaitá","navegacao":"Navegação Interior","nom_eclusa":null,"nome":"Hidrovia do Madeira","nome_rio":"Rio Madeira","observacao":"Foz no rio Amazonas _AM_ até a confluência dos rios Beni _rio boliviano_ e Mamoré _RO_.","pro_de_max":7.0,"pro_de_min":2.0,"reg_rafica":"Região Hidrográfica Amazônica","snv":"Sim","tempo":"0d 2h 47min","tipo":"Rio","vel_cional":22.0},"type":"Feature"},{"bbox":[-52.249083,-1.641155,-52.206297,-1.505797],"geometry":{"coordinates":[[-52.21158,-1.64115],[-52.21118,-1.6366],[-52.21283,-1.6253],[-52.2063,-1.6084],[-52.20691,-1.59918],[-52.20929,-1.58972],[-52.21069,-1.58533],[-52.21521,-1.5766],[-52.22418,-1.56622],[-52.23779,-1.54559],[-52.242,-1.53369],[-52.24908,-1.5058]],"type":"LineString"},"id":184,"properties":{"cla_icacao":"Navegável","dominio":"União","est_estino":"PA","est_origem":"PA","extensao":16.3217700373,"fonte":"LabTrans/ANA/Antaq","idantaq":1,"idhidrovia":200002373,"idm_estino":"BR150590","idm_origem":"BR150310","idseq":0,"jurisdicao":"AHIMOR","mun_estino":"Porto de Moz","mun_origem":"Gurupá","navegacao":"Navegação Interior","nom_eclusa":null,"nome":"Hidrovia do Amazonas","nome_rio":"Rio Xingu","observacao":"Foz no rio Amazonas _AM_ até PK 1522.","pro_de_max":7.2,"pro_de_min":4.2,"reg_rafica":"Região Hidrográfica Amazônica","snv":"Sim","tempo":"0d 1h 5min","tipo":"Rio","vel_cional":15.0},"type":"Feature"},{"bbox":[-56.667784,-2.594115,-56.418088,-2.338289],"geometry":{"coordinates":[[-56.66778,-2.59411],[-56.65979,-2.59009],[-56.6463,-2.58117],[-56.60835,-2.56327],[-56.59079,-2.55342],[-56.57775,-2.54382],[-56.56329,-2.531],[-56.54077,-2.51391],[-56.52399,-2.50317],[-56.50348,-2.48578],[-56.45581,-2.41748],[-56.44299,-2.3974],[-56.42767,-2.3692],[-56.41809,-2.33829]],"type":"LineString"},"id":185,"properties":{"cla_icacao":"Navegável","dominio":"União","est_estino":"AM","est_origem":"AM","extensao":40.9473358882,"fonte":"LabTrans/Antaq","idantaq":1,"idhidrovia":200002376,"idm_estino":"BR130340","idm_origem":"BR130340","idseq":0,"jurisdicao":"AHIMOC","mun_estino":"Parintins","mun_origem":"Parintins","navegacao":"Navegação Interior","nom_eclusa":null,"nome":"Hidrovia do Amazonas","nome_rio":"Rio Amazonas","observacao":"Foz no oceano Atlântico _PA_ até a confluência dos rios Negro e Solimões.","pro_de_max":7.5,"pro_de_min":5.0,"reg_rafica":"Região Hidrográfica Amazônica","snv":"Sim","tempo":"0d 1h 38min","tipo":"Rio","vel_cional":25.0},"type":"Feature"},{"bbox":[-52.21918,-31.788054,-51.687525,-31.473246],"geometry":{"coordinates":[[-51.68753,-31.47325],[-51.84588,-31.65447],[-51.89211,-31.70038],[-51.93827,-31.73224],[-51.98246,-31.74867],[-52.03387,-31.7648],[-52.0756,-31.77689],[-52.13261,-31.78334],[-52.17642,-31.78702],[-52.21918,-31.78805]],"type":"LineString"},"id":186,"properties":{"cla_icacao":"Navegável","dominio":"Estados ou Distrito Federal","est_estino":"RS","est_origem":"RS","extensao":65.0144955043,"fonte":"LabTrans/Antaq","idantaq":18,"idhidrovia":200002394,"idm_estino":"BR430350","idm_origem":"BR431440","idseq":0,"jurisdicao":"SPH","mun_estino":"Camaquã","mun_origem":"Pelotas","navegacao":"Navegação Interior","nom_eclusa":null,"nome":"Hidrovia do Sul","nome_rio":"Lagoa dos Patos","observacao":"Confluência com o oceano Atlântico até a confluência com o Lago Guaíba _RS_.","pro_de_max":5.4,"pro_de_min":5.4,"reg_rafica":"Região Hidrográfica Atlântico Sul","snv":"Sim","tempo":"0d 2h 36min","tipo":"Laguna","vel_cional":25.0},"type":"Feature"},{"bbox":[-51.233398,-30.363611,-51.086764,-30.247404],"geometry":{"coordinates":[[-51.2334,-30.2474],[-51.21664,-30.26037],[-51.133,-30.30547],[-51.11297,-30.31854],[-51.1034,-30.32843],[-51.0973,-30.33841],[-51.08676,-30.36361]],"type":"LineString"},"id":187,"properties":{"cla_icacao":"Navegável","dominio":"Estados ou Distrito Federal","est_estino":"RS","est_origem":"RS","extensao":19.6928152213,"fonte":"LabTrans/Antaq","idantaq":18,"idhidrovia":200002396,"idm_estino":"BR430190","idm_origem":"BR430190","idseq":0,"jurisdicao":"SPH","mun_estino":"Barra do Ribeiro","mun_origem":"Barra do Ribeiro","navegacao":"Navegação Interior","nom_eclusa":null,"nome":"Hidrovia do Sul","nome_rio":"Lago Guaíba","observacao":"Confluência com a Lagoa dos Patos _RS_ até o Delta do rio Jacuí.","pro_de_max":12.0,"pro_de_min":2.0,"reg_rafica":"Região Hidrográfica Atlântico Sul","snv":"Sim","tempo":"0d 0h 47min","tipo":"Lago","vel_cional":25.0},"type":"Feature"},{"bbox":[-57.235072,-19.259756,-57.227355,-19.24363],"geometry":{"coordinates":[[-57.22783,-19.24363],[-57.22736,-19.24932],[-57.22798,-19.25358],[-57.22975,-19.25617],[-57.23507,-19.25976]],"type":"LineString"},"id":188,"properties":{"cla_icacao":"Navegável","dominio":"União","est_estino":"MS","est_origem":"MS","extensao":2.13824849078,"fonte":"LabTrans/ANA/Antaq","idantaq":4,"idhidrovia":200002399,"idm_estino":"BR500320","idm_origem":"BR500320","idseq":0,"jurisdicao":"AHIPAR","mun_estino":"Corumbá","mun_origem":"Corumbá","navegacao":"Navegação Interior","nom_eclusa":null,"nome":"Hidrovia Paraguai - Paraná","nome_rio":"Rio Paraguai","observacao":"Foz do rio Apa _MS_ até a foz do Ribeirão Vermelho _MT_.","pro_de_max":1.8,"pro_de_min":1.5,"reg_rafica":"Região Hidrográfica do Paraguai","snv":"Sim","tempo":"0d 0h 18min","tipo":"Rio","vel_cional":7.0},"type":"Feature"},{"bbox":[-57.335619,-19.411226,-57.235072,-19.259756],"geometry":{"coordinates":[[-57.23507,-19.25976],[-57.2424,-19.26521],[-57.24539,-19.26955],[-57.24909,-19.27755],[-57.25532,-19.28467],[-57.25869,-19.30683],[-57.2588,-19.31651],[-57.26232,-19.32312],[-57.2661,-19.32691],[-57.29227,-19.34412],[-57.29462,-19.34831],[-57.29467,-19.35015],[-57.29154,-19.35782],[-57.28557,-19.36526],[-57.27783,-19.3772],[-57.27666,-19.38243],[-57.27863,-19.38771],[-57.28273,-19.39205],[-57.28886,-19.39532],[-57.30084,-19.39916],[-57.30729,-19.40222],[-57.33562,-19.41123]],"type":"LineString"},"id":189,"properties":{"cla_icacao":"Navegável","dominio":"União","est_estino":"MS","est_origem":"MS","extensao":23.9149362557,"fonte":"LabTrans/ANA/Antaq","idantaq":4,"idhidrovia":200002405,"idm_estino":"BR500320","idm_origem":"BR500320","idseq":0,"jurisdicao":"AHIPAR","mun_estino":"Corumbá","mun_origem":"Corumbá","navegacao":"Navegação Interior","nom_eclusa":null,"nome":"Hidrovia Paraguai - Paraná","nome_rio":"Rio Paraguai","observacao":"Foz do rio Apa _MS_ até a foz do Ribeirão Vermelho _MT_.","pro_de_max":3.3,"pro_de_min":3.3,"reg_rafica":"Região Hidrográfica do Paraguai","snv":"Sim","tempo":"0d 3h 24min","tipo":"Rio","vel_cional":7.0},"type":"Feature"},{"bbox":[-51.043746,-20.108166,-50.922759,-19.469169],"geometry":{"coordinates":[[-50.94132,-19.46917],[-50.94612,-19.46996],[-50.9522,-19.47264],[-50.95841,-19.47776],[-50.96212,-19.48335],[-50.96284,-19.4907],[-50.95978,-19.50128],[-50.95457,-19.51077],[-50.9315,-19.53897],[-50.92561,-19.54927],[-50.9237,-19.55485],[-50.92276,-19.56716],[-50.92494,-19.57995],[-50.92901,-19.58516],[-50.93659,-19.58704],[-50.94666,-19.5881],[-50.95426,-19.5851],[-50.96962,-19.58115],[-50.97504,-19.58221],[-50.9796,-19.58478],[-50.98634,-19.59165],[-50.99748,-19.61897],[-51.00917,-19.63768],[-51.01207,-19.6411],[-51.02555,-19.66806],[-51.0368,-19.69653],[-51.04322,-19.72699],[-51.04375,-19.73202],[-51.04259,-19.73829],[-51.03987,-19.74245],[-51.03056,-19.7517],[-51.02975,-19.75579],[-51.03009,-19.76236],[-51.03552,-19.77652],[-51.03641,-19.78297],[-51.03542,-19.78909],[-51.03316,-19.79336],[-51.02805,-19.79969],[-51.02311,-19.80955],[-51.01879,-19.83046],[-51.01817,-19.86994],[-51.00644,-19.89491],[-51.00089,-19.90245],[-50.99903,-19.91349],[-51.00089,-19.91987],[-51.00953,-19.93729],[-51.01447,-19.94368],[-51.01906,-19.95569],[-51.02025,-19.96164],[-51.02043,-19.96509],[-51.01914,-19.97138],[-51.0083,-19.98955],[-51.00429,-19.99726],[-51.00306,-20.00164],[-51.00284,-20.00633],[-51.00498,-20.02117],[-51.00596,-20.02442],[-51.0149,-20.03916],[-51.01542,-20.04345],[-51.01392,-20.06013],[-51.01201,-20.06647],[-51.0092,-20.08201],[-51.00857,-20.0931],[-51.00968,-20.10817]],"type":"LineString"},"id":190,"properties":{"cla_icacao":"Navegável","dominio":"União","est_estino":"MG","est_origem":"MS","extensao":83.2014720873,"fonte":"LabTrans/ANA/Antaq","idantaq":3,"idhidrovia":200002420,"idm_estino":"BR311455","idm_origem":"BR500100","idseq":0,"jurisdicao":"AHRANA","mun_estino":"Carneirinho","mun_origem":"Aparecida do Taboado","navegacao":"Navegação Interior","nom_eclusa":null,"nome":"Hidrovia do Tietê - Paraná","nome_rio":"Rio Paranaíba","observacao":"Confluência com o rio Grande até o PK 790.","pro_de_max":2.0,"pro_de_min":1.6,"reg_rafica":"Região Hidrográfica do Paraná","snv":"Sim","tempo":"0d 8h 19min","tipo":"Rio","vel_cional":10.0},"type":"Feature"},{"bbox":[-52.15843,-21.770443,-52.107084,-21.752344],"geometry":{"coordinates":[[-52.10708,-21.75287],[-52.12299,-21.75234],[-52.13391,-21.75312],[-52.14252,-21.75568],[-52.14843,-21.75925],[-52.15234,-21.76278],[-52.15843,-21.77044]],"type":"LineString"},"id":191,"properties":{"cla_icacao":"Navegável","dominio":"União","est_estino":"SP","est_origem":"SP","extensao":6.06149900414,"fonte":"ANA/Antaq","idantaq":3,"idhidrovia":200002433,"idm_estino":"BR354130","idm_origem":"BR354130","idseq":0,"jurisdicao":"AHRANA","mun_estino":"Presidente Epitácio","mun_origem":"Presidente Epitácio","navegacao":"Navegação Interior","nom_eclusa":null,"nome":"Hidrovia do Tietê - Paraná","nome_rio":"Rio Paraná","observacao":"Confluência com o rio Iguaçu até a confluência dos rios Grande e Paranaíba.","pro_de_max":4.0,"pro_de_min":2.5,"reg_rafica":"Região Hidrográfica do Paraná","snv":"Sim","tempo":"0d 0h 36min","tipo":"Rio","vel_cional":10.0},"type":"Feature"},{"bbox":[-53.165009,-22.689987,-53.065687,-22.571763],"geometry":{"coordinates":[[-53.06569,-22.57176],[-53.07547,-22.57663],[-53.08026,-22.58086],[-53.08522,-22.59045],[-53.09295,-22.61174],[-53.0959,-22.61594],[-53.11881,-22.63908],[-53.13497,-22.66229],[-53.14935,-22.67934],[-53.16501,-22.68999]],"type":"LineString"},"id":192,"properties":{"cla_icacao":"Navegável","dominio":"União","est_estino":"SP","est_origem":"MS","extensao":16.9921418489,"fonte":"ANA/Antaq","idantaq":3,"idhidrovia":200002453,"idm_estino":"BR354425","idm_origem":"BR500200","idseq":0,"jurisdicao":"AHRANA","mun_estino":"Rosana","mun_origem":"Batayporã","navegacao":"Navegação Interior","nom_eclusa":null,"nome":"Hidrovia do Tietê - Paraná","nome_rio":"Rio Paraná","observacao":"Confluência com o rio Iguaçu até a confluência dos rios Grande e Paranaíba.","pro_de_max":4.0,"pro_de_min":2.5,"reg_rafica":"Região Hidrográfica do Paraná","snv":"Sim","tempo":"0d 1h 41min","tipo":"Rio","vel_cional":10.0},"type":"Feature"},{"bbox":[-47.776554,-1.673635,-47.484759,-1.605552],"geometry":{"coordinates":[[-47.48476,-1.62929],[-47.49163,-1.62856],[-47.49449,-1.62538],[-47.49764,-1.62538],[-47.49994,-1.62725],[-47.50109,-1.63056],[-47.50281,-1.632],[-47.50539,-1.63243],[-47.50725,-1.632],[-47.51155,-1.62867],[-47.51813,-1.62967],[-47.5263,-1.62851],[-47.53059,-1.62533],[-47.53059,-1.62374],[-47.52702,-1.61791],[-47.52701,-1.61589],[-47.53687,-1.6109],[-47.54374,-1.60628],[-47.54804,-1.60555],[-47.56093,-1.60755],[-47.56036,-1.61159],[-47.55536,-1.61664],[-47.55508,-1.62068],[-47.55665,-1.62183],[-47.5631,-1.62297],[-47.56897,-1.61748],[-47.57298,-1.61705],[-47.57455,-1.61747],[-47.57556,-1.61877],[-47.57701,-1.624],[-47.57839,-1.62538],[-47.58159,-1.62554],[-47.58401,-1.61833],[-47.58673,-1.61616],[-47.59474,-1.6111],[-47.60044,-1.60906],[-47.60305,-1.60936],[-47.61007,-1.61353],[-47.61868,-1.62173],[-47.61974,-1.62461],[-47.62001,-1.62981],[-47.61641,-1.63397],[-47.62465,-1.64197],[-47.6315,-1.64282],[-47.65594,-1.65464],[-47.65974,-1.64711],[-47.66316,-1.64625],[-47.66915,-1.65224],[-47.67429,-1.65053],[-47.68102,-1.63973],[-47.69141,-1.64368],[-47.69996,-1.64882],[-47.71622,-1.65566],[-47.73162,-1.65738],[-47.74703,-1.67278],[-47.765,-1.67278],[-47.77655,-1.67363]],"type":"LineString"},"id":193,"properties":{"cla_icacao":"Navegação inexpressiva","dominio":"União","est_estino":"PA","est_origem":"PA","extensao":44.7810190785,"fonte":"ANA/Antaq","idantaq":9,"idhidrovia":200002517,"idm_estino":"BR150350","idm_origem":"BR150720","idseq":0,"jurisdicao":"AHIMOR","mun_estino":"Irituia","mun_origem":"São Domingos do Capim","navegacao":"Navegação Interior","nom_eclusa":null,"nome":"Hidrovia do Tocantins","nome_rio":"Rio Guamá","observacao":"Foz no rio Tocantins _PA_ até São Miguel do Guamá _PA_,","pro_de_max":1.5,"pro_de_min":1.5,"reg_rafica":"Região Hidrográfica do Tocantins","snv":"Sim","tempo":"0d 2h 59min","tipo":"Rio","vel_cional":15.0},"type":"Feature"},{"bbox":[-67.312889,-0.135698,-67.090236,0.111436],"geometry":{"coordinates":[[-67.31289,0.11144],[-67.31079,0.10968],[-67.30048,0.0957],[-67.29651,0.09192],[-67.2854,0.0863],[-67.28113,0.08313],[-67.26898,0.07349],[-67.26599,0.06872],[-67.26489,0.05908],[-67.27392,0.04791],[-67.27398,0.04449],[-67.27051,0.0379],[-67.26971,0.02948],[-67.26721,0.02551],[-67.25769,0.02148],[-67.24737,0.01269],[-67.24237,0.00952],[-67.2121,-0.00732],[-67.20563,-0.0094],[-67.20062,-0.00891],[-67.18579,-0.01239],[-67.1803,-0.01569],[-67.17609,-0.02331],[-67.17401,-0.0296],[-67.1709,-0.03558],[-67.1643,-0.0404],[-67.14038,-0.06341],[-67.1369,-0.07678],[-67.13659,-0.08301],[-67.13519,-0.08941],[-67.13141,-0.099],[-67.12988,-0.10651],[-67.12549,-0.11261],[-67.11511,-0.1225],[-67.0993,-0.13031],[-67.09024,-0.1357]],"type":"LineString"},"id":194,"properties":{"cla_icacao":"Navegável","dominio":"União","est_estino":"AM","est_origem":"AM","extensao":40.9256952127,"fonte":"LabTrans/Antaq","idantaq":20,"idhidrovia":200002560,"idm_estino":"BR130380","idm_origem":"BR130380","idseq":0,"jurisdicao":"AHIMOC","mun_estino":"São Gabriel da Cachoeira","mun_origem":"São Gabriel da Cachoeira","navegacao":"Navegação Interior","nom_eclusa":null,"nome":"Hidrovia do Negro","nome_rio":"Rio Negro","observacao":"Confluência com o rio Solimões_AM_ até Cucuí _AM_.","pro_de_max":5.0,"pro_de_min":1.0,"reg_rafica":"Região Hidrográfica Amazônica","snv":"Sim","tempo":"0d 4h 5min","tipo":"Rio","vel_cional":10.0},"type":"Feature"},{"bbox":[-54.248313,-24.065456,-54.242252,-24.049747],"geometry":{"coordinates":[[-54.24225,-24.04975],[-54.24608,-24.05293],[-54.24831,-24.0571],[-54.24785,-24.06546]],"type":"LineString"},"id":195,"properties":{"cla_icacao":"Navegável","dominio":"União","est_estino":"MS","est_origem":"PR","extensao":1.97054116788,"fonte":"ANA/Antaq","idantaq":3,"idhidrovia":200002594,"idm_estino":"BR500568","idm_origem":"BR410880","idseq":0,"jurisdicao":"AHRANA","mun_estino":"Mundo Novo","mun_origem":"Guaíra","navegacao":"Navegação Interior","nom_eclusa":null,"nome":"Hidrovia do Tietê - Paraná","nome_rio":"Rio Paraná","observacao":"Confluência com o rio Iguaçu até a confluência dos rios Grande e Paranaíba.","pro_de_max":4.0,"pro_de_min":2.5,"reg_rafica":"Região Hidrográfica do Paraná","snv":"Sim","tempo":"0d 0h 11min","tipo":"Rio","vel_cional":10.0},"type":"Feature"},{"bbox":[-51.166963,-0.533095,-50.723873,-0.062676],"geometry":{"coordinates":[[-50.72387,-0.53309],[-50.73496,-0.5238],[-50.74383,-0.51243],[-50.75103,-0.49905],[-50.75621,-0.48396],[-50.75908,-0.46866],[-50.75948,-0.45959],[-50.75818,-0.45418],[-50.75217,-0.43926],[-50.75018,-0.42774],[-50.74983,-0.41771],[-50.75066,-0.40889],[-50.75231,-0.40263],[-50.75565,-0.39641],[-50.76093,-0.38972],[-50.7738,-0.37905],[-50.78741,-0.37072],[-50.8023,-0.36441],[-50.81798,-0.36036],[-50.83355,-0.35921],[-50.84767,-0.35955],[-50.86506,-0.3609],[-50.89217,-0.3649],[-50.90465,-0.36575],[-50.92509,-0.3647],[-50.93658,-0.36205],[-50.94013,-0.36038],[-50.94207,-0.35789],[-50.94356,-0.35408],[-50.94286,-0.3433],[-50.94473,-0.33577],[-50.95022,-0.32653],[-50.95764,-0.31803],[-50.97381,-0.30557],[-51.00421,-0.28745],[-51.04113,-0.26153],[-51.05279,-0.25189],[-51.06305,-0.24034],[-51.06493,-0.23554],[-51.06693,-0.22657],[-51.06822,-0.21241],[-51.06811,-0.19139],[-51.06522,-0.15804],[-51.06554,-0.13797],[-51.06751,-0.12873],[-51.07056,-0.12053],[-51.07498,-0.11274],[-51.08223,-0.10264],[-51.09006,-0.09491],[-51.09464,-0.09219],[-51.09844,-0.09121],[-51.10894,-0.09311],[-51.12551,-0.10004],[-51.13187,-0.10073],[-51.1352,-0.09992],[-51.1393,-0.09728],[-51.14305,-0.09321],[-51.14868,-0.08272],[-51.15514,-0.07391],[-51.16696,-0.06268]],"type":"LineString"},"id":196,"properties":{"cla_icacao":"Navegável","dominio":"União","est_estino":"PA","est_origem":"AP","extensao":86.3309136282,"fonte":"LabTrans/Antaq","idantaq":1,"idhidrovia":200002602,"idm_estino":"BR150030","idm_origem":"BR160060","idseq":0,"jurisdicao":"AHIMOR","mun_estino":"Afuá","mun_origem":"Santana","navegacao":"Navegação Interior","nom_eclusa":null,"nome":"Hidrovia do Amazonas","nome_rio":"Rio Amazonas","observacao":"Foz no oceano Atlântico _PA_ até a confluência dos rios Negro e Solimões.","pro_de_max":7.5,"pro_de_min":5.0,"reg_rafica":"Região Hidrográfica Amazônica","snv":"Sim","tempo":"0d 3h 27min","tipo":"Rio","vel_cional":25.0},"type":"Feature"},{"bbox":[-70.775661,-8.183273,-70.067412,-7.479291],"geometry":{"coordinates":[[-70.76913,-8.18327],[-70.76897,-8.17992],[-70.7706,-8.179],[-70.77138,-8.17942],[-70.77141,-8.18084],[-70.77377,-8.18156],[-70.77508,-8.18067],[-70.77566,-8.17908],[-70.77235,-8.17276],[-70.7702,-8.17102],[-70.76243,-8.17072],[-70.7599,-8.16927],[-70.76089,-8.16173],[-70.76008,-8.16179],[-70.7598,-8.15972],[-70.75826,-8.15807],[-70.74929,-8.1542],[-70.74452,-8.14482],[-70.74005,-8.14303],[-70.73672,-8.14318],[-70.7252,-8.14696],[-70.72392,-8.14907],[-70.72242,-8.14917],[-70.70565,-8.14338],[-70.70189,-8.14003],[-70.70427,-8.13383],[-70.70989,-8.1263],[-70.71652,-8.1217],[-70.72391,-8.11926],[-70.72522,-8.11756],[-70.72526,-8.11425],[-70.72427,-8.11257],[-70.72184,-8.11165],[-70.7145,-8.11609],[-70.70814,-8.11639],[-70.70425,-8.11933],[-70.70216,-8.11853],[-70.70176,-8.11761],[-70.70174,-8.1164],[-70.70583,-8.10926],[-70.70676,-8.10464],[-70.70476,-8.09812],[-70.70473,-8.09563],[-70.7149,-8.08904],[-70.72197,-8.08777],[-70.72286,-8.08603],[-70.72203,-8.08379],[-70.71788,-8.08063],[-70.7169,-8.07833],[-70.71695,-8.07509],[-70.71777,-8.07328],[-70.72086,-8.07039],[-70.72121,-8.06842],[-70.71896,-8.0654],[-70.71678,-8.06413],[-70.71111,-8.06295],[-70.70774,-8.06452],[-70.70466,-8.06863],[-70.70232,-8.07019],[-70.69854,-8.06957],[-70.6962,-8.06817],[-70.69501,-8.0665],[-70.69414,-8.0617],[-70.69743,-8.05388],[-70.69795,-8.04845],[-70.6971,-8.04608],[-70.69551,-8.0449],[-70.69334,-8.04471],[-70.68788,-8.04554],[-70.68609,-8.04303],[-70.68827,-8.041],[-70.69087,-8.04043],[-70.70645,-8.04399],[-70.70889,-8.04389],[-70.70948,-8.04217],[-70.70874,-8.03879],[-70.70695,-8.03655],[-70.70316,-8.03411],[-70.69882,-8.0263],[-70.69512,-8.02639],[-70.69393,-8.02965],[-70.69104,-8.03105],[-70.6882,-8.02928],[-70.6861,-8.02525],[-70.68614,-8.02073],[-70.68747,-8.01917],[-70.69323,-8.0169],[-70.69617,-8.01402],[-70.69897,-8.00812],[-70.69914,-8.00579],[-70.69628,-8.0025],[-70.68546,-7.99588],[-70.68031,-7.99424],[-70.67884,-7.99278],[-70.67902,-7.987],[-70.67806,-7.98389],[-70.67628,-7.98162],[-70.67612,-7.97945],[-70.67711,-7.97797],[-70.6815,-7.97736],[-70.6821,-7.97511],[-70.68029,-7.9734],[-70.67751,-7.97251],[-70.67337,-7.97271],[-70.66817,-7.97438],[-70.6637,-7.97253],[-70.66433,-7.96992],[-70.66748,-7.96715],[-70.67385,-7.96662],[-70.67749,-7.96517],[-70.677,-7.95765],[-70.67937,-7.95238],[-70.67946,-7.95069],[-70.67846,-7.94914],[-70.67219,-7.94658],[-70.66972,-7.94419],[-70.66594,-7.93809],[-70.66415,-7.93694],[-70.66093,-7.93647],[-70.65944,-7.93691],[-70.65887,-7.93985],[-70.66177,-7.94308],[-70.66206,-7.94462],[-70.65997,-7.94671],[-70.65224,-7.94749],[-70.64906,-7.94655],[-70.64616,-7.94471],[-70.64187,-7.94027],[-70.63808,-7.94079],[-70.63597,-7.94521],[-70.63478,-7.94556],[-70.63366,-7.94517],[-70.63201,-7.94266],[-70.63204,-7.93879],[-70.63366,-7.93556],[-70.64026,-7.93336],[-70.64128,-7.93124],[-70.64083,-7.92952],[-70.6393,-7.9287],[-70.63564,-7.92817],[-70.63044,-7.92919],[-70.62999,-7.92709],[-70.64051,-7.92399],[-70.6418,-7.91943],[-70.64683,-7.91331],[-70.64587,-7.9089],[-70.6414,-7.90831],[-70.63921,-7.90945],[-70.63799,-7.9111],[-70.63755,-7.91995],[-70.63531,-7.92113],[-70.63266,-7.91945],[-70.63094,-7.9164],[-70.63135,-7.90833],[-70.63085,-7.9055],[-70.62859,-7.90097],[-70.62982,-7.89799],[-70.63237,-7.89516],[-70.63279,-7.89261],[-70.63093,-7.88658],[-70.63201,-7.88462],[-70.63816,-7.8835],[-70.63896,-7.88047],[-70.6345,-7.87439],[-70.63224,-7.87285],[-70.62821,-7.87373],[-70.62618,-7.87706],[-70.62526,-7.88144],[-70.62409,-7.88232],[-70.62199,-7.88077],[-70.61992,-7.87502],[-70.61936,-7.87],[-70.61745,-7.86655],[-70.61518,-7.86592],[-70.60955,-7.86614],[-70.60764,-7.8644],[-70.60968,-7.86161],[-70.61453,-7.86014],[-70.61601,-7.85834],[-70.61571,-7.85562],[-70.6119,-7.85114],[-70.6063,-7.85026],[-70.60388,-7.84768],[-70.60404,-7.84478],[-70.60599,-7.84194],[-70.61489,-7.83377],[-70.62115,-7.82943],[-70.62307,-7.8232],[-70.62486,-7.82072],[-70.62151,-7.81661],[-70.61208,-7.81125],[-70.61243,-7.80888],[-70.6194,-7.80526],[-70.62014,-7.80402],[-70.62017,-7.79984],[-70.61224,-7.79371],[-70.60734,-7.78796],[-70.60913,-7.78606],[-70.61041,-7.78609],[-70.61489,-7.79005],[-70.61672,-7.79022],[-70.6181,-7.78798],[-70.61859,-7.78138],[-70.62027,-7.77888],[-70.62089,-7.77602],[-70.61941,-7.77469],[-70.61599,-7.77638],[-70.61253,-7.78298],[-70.60967,-7.78362],[-70.60819,-7.78278],[-70.60725,-7.78088],[-70.60764,-7.77288],[-70.61471,-7.76702],[-70.61531,-7.76493],[-70.61471,-7.75624],[-70.61306,-7.7543],[-70.61065,-7.7555],[-70.60843,-7.76078],[-70.60771,-7.76504],[-70.60659,-7.7665],[-70.60512,-7.76656],[-70.60013,-7.76317],[-70.59807,-7.75981],[-70.59904,-7.75711],[-70.60277,-7.7545],[-70.60247,-7.75125],[-70.60112,-7.75003],[-70.59665,-7.74967],[-70.59051,-7.75498],[-70.58857,-7.75572],[-70.58061,-7.75461],[-70.57885,-7.75333],[-70.57827,-7.7516],[-70.57848,-7.74467],[-70.57994,-7.74036],[-70.58159,-7.73941],[-70.58816,-7.7408],[-70.58957,-7.7397],[-70.58987,-7.73722],[-70.58898,-7.73594],[-70.58534,-7.73412],[-70.58135,-7.73442],[-70.57697,-7.73673],[-70.57532,-7.73581],[-70.57418,-7.73279],[-70.57466,-7.73165],[-70.57727,-7.72877],[-70.58264,-7.72692],[-70.58335,-7.72533],[-70.58025,-7.72121],[-70.57256,-7.72023],[-70.57163,-7.71923],[-70.57178,-7.71683],[-70.57516,-7.71358],[-70.57734,-7.71271],[-70.5816,-7.71289],[-70.58517,-7.7142],[-70.58614,-7.71344],[-70.58622,-7.71077],[-70.58585,-7.70955],[-70.58419,-7.70851],[-70.58093,-7.70778],[-70.57782,-7.70805],[-70.57005,-7.71277],[-70.56811,-7.71291],[-70.56677,-7.71158],[-70.56615,-7.70809],[-70.56827,-7.70525],[-70.57303,-7.70355],[-70.57983,-7.705],[-70.58077,-7.70398],[-70.58061,-7.70151],[-70.5791,-7.69777],[-70.57674,-7.69701],[-70.56942,-7.69757],[-70.56575,-7.69691],[-70.56518,-7.69425],[-70.56606,-7.69295],[-70.57422,-7.68945],[-70.57547,-7.68771],[-70.5752,-7.68603],[-70.56619,-7.67956],[-70.56148,-7.67489],[-70.5601,-7.66577],[-70.55861,-7.66444],[-70.55696,-7.6642],[-70.55145,-7.6648],[-70.5497,-7.66267],[-70.54972,-7.66127],[-70.55315,-7.65766],[-70.55673,-7.65449],[-70.55999,-7.65292],[-70.56081,-7.65075],[-70.55963,-7.64839],[-70.55805,-7.64719],[-70.5485,-7.64808],[-70.54486,-7.64673],[-70.54369,-7.6429],[-70.54408,-7.6377],[-70.54364,-7.63641],[-70.54211,-7.6357],[-70.53995,-7.63565],[-70.53797,-7.63705],[-70.53607,-7.64293],[-70.53414,-7.64379],[-70.53077,-7.64204],[-70.52522,-7.63666],[-70.5269,-7.63565],[-70.53497,-7.63563],[-70.5369,-7.63274],[-70.53675,-7.63101],[-70.53622,-7.62957],[-70.53372,-7.62834],[-70.53006,-7.62872],[-70.52245,-7.63487],[-70.52068,-7.63467],[-70.51875,-7.6322],[-70.51904,-7.62987],[-70.52224,-7.62587],[-70.52398,-7.62159],[-70.52357,-7.61991],[-70.52011,-7.61716],[-70.50942,-7.61466],[-70.50637,-7.61268],[-70.50481,-7.61329],[-70.5037,-7.61449],[-70.50378,-7.61665],[-70.50625,-7.62042],[-70.50622,-7.62177],[-70.5054,-7.62318],[-70.50334,-7.62378],[-70.50033,-7.6227],[-70.49509,-7.61863],[-70.49235,-7.61835],[-70.48679,-7.62087],[-70.4848,-7.62034],[-70.48109,-7.61702],[-70.47447,-7.61373],[-70.47125,-7.60966],[-70.46282,-7.60566],[-70.45709,-7.60117],[-70.45517,-7.59866],[-70.45498,-7.59593],[-70.45708,-7.58569],[-70.45576,-7.57747],[-70.45406,-7.57584],[-70.45104,-7.57696],[-70.45015,-7.58041],[-70.45005,-7.5846],[-70.4538,-7.58976],[-70.45354,-7.59163],[-70.44919,-7.59377],[-70.44747,-7.59296],[-70.44496,-7.58952],[-70.43843,-7.57062],[-70.43447,-7.57316],[-70.43278,-7.5798],[-70.4305,-7.58323],[-70.41881,-7.58248],[-70.41765,-7.58032],[-70.42008,-7.57415],[-70.41897,-7.57221],[-70.41632,-7.57013],[-70.41605,-7.56776],[-70.42044,-7.56245],[-70.42038,-7.56059],[-70.41208,-7.55947],[-70.41107,-7.5578],[-70.41068,-7.55098],[-70.40772,-7.55212],[-70.4066,-7.55682],[-70.40679,-7.55923],[-70.41004,-7.56652],[-70.41038,-7.56882],[-70.40934,-7.57383],[-70.40785,-7.57842],[-70.40576,-7.57951],[-70.40339,-7.57944],[-70.39928,-7.57688],[-70.39705,-7.57266],[-70.39731,-7.57071],[-70.40129,-7.56436],[-70.40221,-7.56076],[-70.39942,-7.55753],[-70.39646,-7.55703],[-70.39029,-7.55978],[-70.38683,-7.56012],[-70.38378,-7.55939],[-70.37826,-7.55384],[-70.36744,-7.55133],[-70.36451,-7.55372],[-70.36609,-7.56069],[-70.35791,-7.56582],[-70.35547,-7.56558],[-70.353,-7.56277],[-70.35272,-7.56036],[-70.34943,-7.55812],[-70.34261,-7.55887],[-70.3392,-7.55612],[-70.33315,-7.55496],[-70.33093,-7.55349],[-70.32947,-7.54826],[-70.3303,-7.54604],[-70.33154,-7.54549],[-70.33387,-7.54635],[-70.33563,-7.54821],[-70.33981,-7.54884],[-70.34198,-7.54567],[-70.34095,-7.54377],[-70.33597,-7.54199],[-70.33003,-7.54237],[-70.32789,-7.54142],[-70.3262,-7.53859],[-70.32558,-7.53541],[-70.32371,-7.53336],[-70.32156,-7.53249],[-70.31788,-7.5326],[-70.31399,-7.5303],[-70.31261,-7.53015],[-70.30582,-7.53851],[-70.30399,-7.53859],[-70.30214,-7.53731],[-70.30204,-7.53231],[-70.30065,-7.53132],[-70.29207,-7.53109],[-70.28998,-7.53028],[-70.28919,-7.52818],[-70.28936,-7.52554],[-70.29113,-7.52168],[-70.29085,-7.52034],[-70.28859,-7.51917],[-70.27946,-7.52111],[-70.27731,-7.52376],[-70.2766,-7.52826],[-70.27375,-7.52836],[-70.26942,-7.52372],[-70.26421,-7.52164],[-70.26274,-7.52005],[-70.26309,-7.51681],[-70.26625,-7.51251],[-70.26516,-7.51045],[-70.26113,-7.51137],[-70.25893,-7.51473],[-70.25686,-7.5159],[-70.2528,-7.51558],[-70.24846,-7.5115],[-70.24717,-7.51155],[-70.24556,-7.51347],[-70.24559,-7.5152],[-70.24838,-7.52026],[-70.24781,-7.52156],[-70.24598,-7.522],[-70.24262,-7.52003],[-70.23963,-7.51164],[-70.23629,-7.51101],[-70.23345,-7.51239],[-70.23153,-7.5167],[-70.22884,-7.51993],[-70.22709,-7.52135],[-70.225,-7.52145],[-70.22344,-7.5197],[-70.22382,-7.51658],[-70.22918,-7.50666],[-70.23271,-7.50307],[-70.23229,-7.50062],[-70.23016,-7.49878],[-70.22715,-7.4984],[-70.22135,-7.50082],[-70.21937,-7.50396],[-70.21845,-7.51281],[-70.21638,-7.51454],[-70.21248,-7.5159],[-70.2109,-7.51623],[-70.20856,-7.51518],[-70.20709,-7.51289],[-70.20728,-7.50629],[-70.20643,-7.50348],[-70.20457,-7.50174],[-70.20234,-7.50131],[-70.20016,-7.50199],[-70.19742,-7.50429],[-70.1966,-7.50917],[-70.19526,-7.51078],[-70.19084,-7.51175],[-70.18854,-7.50957],[-70.18853,-7.49894],[-70.18812,-7.49703],[-70.18654,-7.49601],[-70.18361,-7.49539],[-70.17795,-7.49656],[-70.17142,-7.50202],[-70.16918,-7.50258],[-70.16723,-7.50089],[-70.16774,-7.4978],[-70.17469,-7.49232],[-70.17625,-7.48913],[-70.17612,-7.48751],[-70.17344,-7.484],[-70.17074,-7.48204],[-70.16769,-7.48221],[-70.16668,-7.48298],[-70.16322,-7.49007],[-70.16033,-7.49205],[-70.15524,-7.49303],[-70.15324,-7.4947],[-70.15324,-7.49799],[-70.15506,-7.50105],[-70.15324,-7.50469],[-70.1501,-7.50458],[-70.14803,-7.50318],[-70.14695,-7.50085],[-70.14485,-7.50037],[-70.14137,-7.50373],[-70.13925,-7.50488],[-70.13737,-7.50451],[-70.13412,-7.50044],[-70.13196,-7.49925],[-70.12383,-7.49723],[-70.12128,-7.49701],[-70.11578,-7.4996],[-70.11424,-7.49949],[-70.11316,-7.49862],[-70.11333,-7.49616],[-70.11534,-7.4946],[-70.12076,-7.49248],[-70.12203,-7.49104],[-70.1223,-7.48827],[-70.11863,-7.48684],[-70.11178,-7.48782],[-70.10292,-7.49292],[-70.10099,-7.49192],[-70.09961,-7.48906],[-70.10045,-7.481],[-70.09763,-7.47929],[-70.09448,-7.48054],[-70.09398,-7.48331],[-70.09455,-7.48729],[-70.09343,-7.48867],[-70.09145,-7.48926],[-70.08818,-7.48811],[-70.08443,-7.4806],[-70.083,-7.47965],[-70.08035,-7.48098],[-70.07849,-7.48606],[-70.07659,-7.48738],[-70.07061,-7.48877],[-70.06966,-7.49186],[-70.07035,-7.49363],[-70.07668,-7.49713],[-70.07693,-7.50005],[-70.07394,-7.50079],[-70.0701,-7.49836],[-70.06741,-7.4951]],"type":"LineString"},"id":197,"properties":{"cla_icacao":"Navegação sazonal","dominio":"União","est_estino":"AC","est_origem":"AM","extensao":258.040824258,"fonte":"LabTrans/Antaq","idantaq":21,"idhidrovia":200002603,"idm_estino":"BR120060","idm_origem":"BR130150","idseq":0,"jurisdicao":"AHIMOC","mun_estino":"Tarauacá","mun_origem":"Envira","navegacao":"Navegação Interior","nom_eclusa":null,"nome":"Hidrovia do Juruá","nome_rio":"Rio Tarauacá","observacao":"Foz no rio Juruá _AM_ até Tarauacá _AC_.","pro_de_max":1.3,"pro_de_min":1.0,"reg_rafica":"Região Hidrográfica Amazônica","snv":"Sim","tempo":"1d 1h 48min","tipo":"Rio","vel_cional":10.0},"type":"Feature"},{"bbox":[-70.392889,-8.169229,-70.015616,-7.495096],"geometry":{"coordinates":[[-70.39289,-8.16923],[-70.38747,-8.16352],[-70.37519,-8.1621],[-70.36605,-8.16409],[-70.36205,-8.16123],[-70.36205,-8.15781],[-70.36947,-8.15495],[-70.37233,-8.15181],[-70.37305,-8.14325],[-70.37219,-8.14011],[-70.36705,-8.13469],[-70.36362,-8.13354],[-70.35677,-8.1344],[-70.35563,-8.13326],[-70.35363,-8.12869],[-70.35341,-8.12073],[-70.34964,-8.103],[-70.34735,-8.101],[-70.34421,-8.10071],[-70.33964,-8.103],[-70.3365,-8.10871],[-70.33307,-8.11156],[-70.32879,-8.11013],[-70.32822,-8.09929],[-70.32622,-8.09643],[-70.32337,-8.09529],[-70.31995,-8.08701],[-70.31566,-8.08701],[-70.31195,-8.09015],[-70.3091,-8.08986],[-70.3001,-8.07759],[-70.29754,-8.06845],[-70.29325,-8.06703],[-70.28669,-8.06902],[-70.28412,-8.0636],[-70.27698,-8.05732],[-70.27669,-8.05019],[-70.28184,-8.04419],[-70.28297,-8.03105],[-70.28497,-8.0282],[-70.27884,-8.01906],[-70.27512,-8.01821],[-70.26427,-8.02192],[-70.25342,-8.01707],[-70.24629,-8.01678],[-70.24772,-8.00393],[-70.24715,-7.9928],[-70.24429,-7.98566],[-70.24229,-7.98452],[-70.23858,-7.9848],[-70.23002,-7.99423],[-70.22145,-7.99594],[-70.21745,-7.9948],[-70.19633,-7.98166],[-70.19476,-7.97595],[-70.19504,-7.96767],[-70.1979,-7.95454],[-70.19504,-7.95283],[-70.17877,-7.95426],[-70.17221,-7.95112],[-70.16192,-7.93827],[-70.16421,-7.93513],[-70.1742,-7.93485],[-70.17849,-7.93627],[-70.18334,-7.93427],[-70.18905,-7.92799],[-70.18791,-7.92628],[-70.17792,-7.92428],[-70.17563,-7.92171],[-70.1812,-7.91058],[-70.18062,-7.90715],[-70.17377,-7.90516],[-70.16007,-7.90601],[-70.15265,-7.89745],[-70.13809,-7.88945],[-70.13181,-7.88945],[-70.12467,-7.89145],[-70.11497,-7.89916],[-70.11325,-7.8963],[-70.11668,-7.88803],[-70.11582,-7.88032],[-70.11154,-7.87546],[-70.10869,-7.86604],[-70.10426,-7.85834],[-70.09912,-7.85634],[-70.07771,-7.85377],[-70.068,-7.8512],[-70.06144,-7.86062],[-70.05659,-7.86119],[-70.0543,-7.85862],[-70.05144,-7.8452],[-70.04887,-7.83978],[-70.04916,-7.83492],[-70.05402,-7.82836],[-70.05329,-7.82584],[-70.04174,-7.8158],[-70.03746,-7.80952],[-70.03032,-7.80894],[-70.02889,-7.80752],[-70.03003,-7.80209],[-70.03246,-7.79867],[-70.03189,-7.78896],[-70.04102,-7.78468],[-70.04274,-7.78183],[-70.03702,-7.76641],[-70.03674,-7.76041],[-70.04046,-7.75584],[-70.05073,-7.75699],[-70.05359,-7.75299],[-70.0503,-7.74014],[-70.0386,-7.72444],[-70.03717,-7.7076],[-70.04059,-7.70046],[-70.04716,-7.69389],[-70.05407,-7.69028],[-70.05744,-7.68762],[-70.05659,-7.68333],[-70.05173,-7.68162],[-70.04288,-7.6859],[-70.04031,-7.68504],[-70.03831,-7.68362],[-70.03789,-7.67705],[-70.03503,-7.6742],[-70.02932,-7.6742],[-70.02789,-7.67305],[-70.02704,-7.65935],[-70.03589,-7.65164],[-70.0356,-7.64822],[-70.02761,-7.64822],[-70.01876,-7.6545],[-70.01647,-7.65279],[-70.01562,-7.65021],[-70.0179,-7.64365],[-70.02704,-7.63508],[-70.04274,-7.62852],[-70.04759,-7.62424],[-70.0553,-7.62738],[-70.05772,-7.61681],[-70.0583,-7.60368],[-70.06058,-7.6034],[-70.06401,-7.60654],[-70.06572,-7.61367],[-70.07,-7.61196],[-70.07571,-7.59512],[-70.076,-7.58084],[-70.08627,-7.57113],[-70.08627,-7.56514],[-70.08942,-7.56143],[-70.09212,-7.56114],[-70.09299,-7.55972],[-70.0907,-7.54858],[-70.09527,-7.5403],[-70.0947,-7.53887],[-70.08756,-7.53831],[-70.08727,-7.53631],[-70.09212,-7.5286],[-70.09241,-7.52003],[-70.0907,-7.51232],[-70.07271,-7.51632],[-70.06929,-7.51461],[-70.06701,-7.51118],[-70.06486,-7.50291],[-70.06544,-7.49662],[-70.06741,-7.4951]],"type":"LineString"},"id":198,"properties":{"cla_icacao":"Navegação sazonal","dominio":"União","est_estino":"AC","est_origem":"AM","extensao":141.568701071,"fonte":"ANA/Antaq","idantaq":21,"idhidrovia":200002604,"idm_estino":"BR120030","idm_origem":"BR130150","idseq":0,"jurisdicao":"AHIMOC","mun_estino":"Feijó","mun_origem":"Envira","navegacao":"Navegação Interior","nom_eclusa":null,"nome":"Hidrovia do Juruá","nome_rio":"Rio Embira ou Envira","observacao":"Foz no rio Tarauacá _AM_ até Feijó _AC_.","pro_de_max":1.2,"pro_de_min":0.6,"reg_rafica":"Região Hidrográfica Amazônica","snv":"Sim","tempo":"0d 14h 9min","tipo":"Rio","vel_cional":10.0},"type":"Feature"},{"bbox":[-60.464226,-3.335853,-60.194724,-3.262877],"geometry":{"coordinates":[[-60.46423,-3.33585],[-60.4574,-3.33569],[-60.44128,-3.32672],[-60.42572,-3.31518],[-60.41449,-3.3045],[-60.39227,-3.29938],[-60.37549,-3.29449],[-60.32428,-3.28491],[-60.30542,-3.2796],[-60.28351,-3.2699],[-60.24512,-3.26288],[-60.23297,-3.26599],[-60.224,-3.27008],[-60.19472,-3.29816]],"type":"LineString"},"id":199,"properties":{"cla_icacao":"Navegável","dominio":"União","est_estino":"AM","est_origem":"AM","extensao":33.125702158,"fonte":"LabTrans/Antaq","idantaq":2,"idhidrovia":200002682,"idm_estino":"BR130250","idm_origem":"BR130185","idseq":0,"jurisdicao":"AHIMOC","mun_estino":"Manacapuru","mun_origem":"Iranduba","navegacao":"Navegação Interior","nom_eclusa":null,"nome":"Hidrovia do Solimões","nome_rio":"Rio Solimões","observacao":"Confluência com o rio Negro _AM_ até Tabatinga _AM_.","pro_de_max":10.0,"pro_de_min":6.0,"reg_rafica":"Região Hidrográfica Amazônica","snv":"Sim","tempo":"0d 3h 18min","tipo":"Rio","vel_cional":10.0},"type":"Feature"},{"bbox":[-54.004312,-2.050884,-53.475707,-1.817381],"geometry":{"coordinates":[[-54.00431,-2.05088],[-53.99121,-2.03149],[-53.9801,-2.02051],[-53.96283,-2.00598],[-53.94452,-1.99212],[-53.92779,-1.98181],[-53.89508,-1.96918],[-53.87671,-1.9649],[-53.84961,-1.95721],[-53.82599,-1.94647],[-53.81262,-1.9389],[-53.7876,-1.9209],[-53.755,-1.90179],[-53.73498,-1.89441],[-53.7146,-1.88898],[-53.68573,-1.88482],[-53.63458,-1.88769],[-53.604,-1.8822],[-53.58209,-1.87237],[-53.56341,-1.86279],[-53.5318,-1.8504],[-53.48797,-1.82349],[-53.47571,-1.81738]],"type":"LineString"},"id":200,"properties":{"cla_icacao":"Navegável","dominio":"União","est_estino":"PA","est_origem":"PA","extensao":66.0837332872,"fonte":"LabTrans/Antaq","idantaq":1,"idhidrovia":200002683,"idm_estino":"BR150480","idm_origem":"BR150600","idseq":0,"jurisdicao":"AHIMOR","mun_estino":"Monte Alegre","mun_origem":"Prainha","navegacao":"Navegação Interior","nom_eclusa":null,"nome":"Hidrovia do Amazonas","nome_rio":"Rio Amazonas","observacao":"Foz no oceano Atlântico _PA_ até a confluência dos rios Negro e Solimões.","pro_de_max":7.5,"pro_de_min":5.0,"reg_rafica":"Região Hidrográfica Amazônica","snv":"Sim","tempo":"0d 2h 38min","tipo":"Rio","vel_cional":25.0},"type":"Feature"},{"bbox":[-49.683104,-2.791598,-49.411681,-2.233487],"geometry":{"coordinates":[[-49.67876,-2.7916],[-49.67938,-2.7846],[-49.682,-2.7735],[-49.6831,-2.7503],[-49.68042,-2.73798],[-49.67877,-2.72241],[-49.67871,-2.69989],[-49.6767,-2.67987],[-49.67889,-2.66327],[-49.67889,-2.65729],[-49.677,-2.64917],[-49.67438,-2.64349],[-49.67157,-2.64068],[-49.66339,-2.63769],[-49.65472,-2.63818],[-49.6192,-2.64929],[-49.61529,-2.64899],[-49.60168,-2.63769],[-49.58722,-2.6181],[-49.58008,-2.6142],[-49.56988,-2.61139],[-49.55871,-2.61023],[-49.547,-2.60309],[-49.5401,-2.5968],[-49.52331,-2.5769],[-49.50049,-2.54211],[-49.48028,-2.51538],[-49.47101,-2.50482],[-49.4649,-2.49548],[-49.46088,-2.48639],[-49.46039,-2.47809],[-49.46258,-2.46039],[-49.46179,-2.44519],[-49.4599,-2.43249],[-49.46112,-2.41998],[-49.4613,-2.40698],[-49.45801,-2.38952],[-49.45318,-2.3775],[-49.44458,-2.36822],[-49.4375,-2.35907],[-49.42859,-2.3446],[-49.41949,-2.31879],[-49.4173,-2.30652],[-49.41858,-2.29248],[-49.4173,-2.28491],[-49.41168,-2.26391],[-49.41168,-2.2558],[-49.41534,-2.23349]],"type":"LineString"},"id":201,"properties":{"cla_icacao":"Navegável","dominio":"União","est_estino":"PA","est_origem":"PA","extensao":78.5909196834,"fonte":"LabTrans/ANA/Antaq","idantaq":9,"idhidrovia":200002685,"idm_estino":"BR150120","idm_origem":"BR150210","idseq":0,"jurisdicao":"AHIMOR","mun_estino":"Baião","mun_origem":"Cametá","navegacao":"Navegação Interior","nom_eclusa":null,"nome":"Hidrovia do Tocantins","nome_rio":"Rio Tocantins","observacao":"Foz no oceano Atlântico _PA_ até o Lago da Barragem de Serra da Mesa _GO_, na confluência com o rio Tocantizinho _GO_.","pro_de_max":4.0,"pro_de_min":1.5,"reg_rafica":"Região Hidrográfica do Tocantins","snv":"Sim","tempo":"0d 7h 51min","tipo":"Rio","vel_cional":10.0},"type":"Feature"},{"bbox":[-67.339781,0.111436,-67.307664,0.377857],"geometry":{"coordinates":[[-67.30766,0.37786],[-67.30987,0.36853],[-67.31482,0.35828],[-67.31641,0.35309],[-67.31689,0.33929],[-67.31579,0.33368],[-67.31598,0.31708],[-67.31677,0.31049],[-67.31891,0.30249],[-67.31958,0.28589],[-67.32062,0.2793],[-67.33301,0.26892],[-67.33508,0.2627],[-67.33588,0.25568],[-67.33557,0.24371],[-67.33209,0.23291],[-67.33099,0.22607],[-67.33111,0.22113],[-67.3327,0.20947],[-67.33771,0.1983],[-67.33978,0.18951],[-67.3396,0.17328],[-67.3385,0.16669],[-67.33319,0.15912],[-67.3255,0.12891],[-67.31289,0.11144]],"type":"LineString"},"id":202,"properties":{"cla_icacao":"Navegável","dominio":"União","est_estino":"AM","est_origem":"AM","extensao":31.399011947,"fonte":"LabTrans/Antaq","idantaq":20,"idhidrovia":200002693,"idm_estino":"BR130380","idm_origem":"BR130380","idseq":0,"jurisdicao":"AHIMOC","mun_estino":"São Gabriel da Cachoeira","mun_origem":"São Gabriel da Cachoeira","navegacao":"Navegação Interior","nom_eclusa":null,"nome":"Hidrovia do Negro","nome_rio":"Rio Negro","observacao":"Confluência com o rio Solimões_AM_ até Cucuí _AM_.","pro_de_max":5.0,"pro_de_min":1.0,"reg_rafica":"Região Hidrográfica Amazônica","snv":"Sim","tempo":"0d 3h 8min","tipo":"Rio","vel_cional":10.0},"type":"Feature"},{"bbox":[-68.252501,-6.444579,-67.630533,-5.555296],"geometry":{"coordinates":[[-68.24619,-6.44182],[-68.2395,-6.44458],[-68.23779,-6.4433],[-68.2362,-6.44049],[-68.2359,-6.43628],[-68.23767,-6.43048],[-68.23938,-6.42792],[-68.24981,-6.42187],[-68.25171,-6.41968],[-68.2525,-6.41479],[-68.2503,-6.40808],[-68.24627,-6.4035],[-68.24322,-6.4013],[-68.23889,-6.40008],[-68.22693,-6.401],[-68.22009,-6.39801],[-68.21118,-6.39099],[-68.20849,-6.39007],[-68.1922,-6.38959],[-68.18439,-6.38769],[-68.1817,-6.38568],[-68.17902,-6.3819],[-68.17511,-6.37109],[-68.16992,-6.36371],[-68.16638,-6.35937],[-68.16272,-6.35681],[-68.15912,-6.35559],[-68.1532,-6.35827],[-68.15002,-6.36267],[-68.14898,-6.36829],[-68.14941,-6.37201],[-68.14868,-6.37781],[-68.14618,-6.37958],[-68.143,-6.37958],[-68.13971,-6.37598],[-68.13788,-6.36999],[-68.13769,-6.3667],[-68.13867,-6.35968],[-68.14349,-6.34588],[-68.14459,-6.33581],[-68.14398,-6.33288],[-68.1416,-6.3288],[-68.13861,-6.32672],[-68.13177,-6.32367],[-68.12671,-6.32318],[-68.1228,-6.32159],[-68.12158,-6.31708],[-68.1253,-6.31348],[-68.1297,-6.31158],[-68.1369,-6.31091],[-68.1427,-6.3089],[-68.14819,-6.30169],[-68.15149,-6.30047],[-68.1568,-6.30011],[-68.16327,-6.30243],[-68.16852,-6.302],[-68.17248,-6.29748],[-68.1734,-6.29419],[-68.17212,-6.28839],[-68.1665,-6.28192],[-68.1618,-6.27417],[-68.15838,-6.27081],[-68.15582,-6.26959],[-68.15167,-6.26929],[-68.14929,-6.2702],[-68.14282,-6.27551],[-68.1369,-6.2771],[-68.13421,-6.27612],[-68.13141,-6.27301],[-68.13049,-6.27002],[-68.1311,-6.26379],[-68.13751,-6.2539],[-68.13928,-6.24689],[-68.13788,-6.24347],[-68.13391,-6.23981],[-68.12921,-6.23828],[-68.12518,-6.23797],[-68.11859,-6.23511],[-68.11499,-6.2345],[-68.10748,-6.23468],[-68.1018,-6.23712],[-68.09942,-6.23901],[-68.09729,-6.24219],[-68.09369,-6.25519],[-68.08868,-6.26727],[-68.08838,-6.27478],[-68.09131,-6.28241],[-68.09472,-6.2876],[-68.09418,-6.29303],[-68.09259,-6.29523],[-68.09009,-6.29687],[-68.08667,-6.2973],[-68.07971,-6.29462],[-68.0755,-6.29059],[-68.07379,-6.28241],[-68.07379,-6.25989],[-68.0758,-6.25342],[-68.07953,-6.24658],[-68.08661,-6.2406],[-68.0993,-6.23279],[-68.1012,-6.22931],[-68.10229,-6.22369],[-68.1001,-6.21582],[-68.09991,-6.21228],[-68.10107,-6.20599],[-68.1037,-6.1994],[-68.10419,-6.19629],[-68.10351,-6.19018],[-68.0979,-6.18622],[-68.0932,-6.1853],[-68.08063,-6.1886],[-68.07409,-6.18799],[-68.05658,-6.18298],[-68.05127,-6.18042],[-68.04822,-6.17798],[-68.04602,-6.17261],[-68.04608,-6.16687],[-68.05231,-6.15332],[-68.05169,-6.14868],[-68.0498,-6.1463],[-68.04468,-6.146],[-68.04138,-6.14801],[-68.03509,-6.15851],[-68.03222,-6.1607],[-68.02899,-6.16137],[-68.01648,-6.15991],[-68.0141,-6.16131],[-68.0108,-6.16632],[-68.0108,-6.17529],[-68.01001,-6.17779],[-68.0072,-6.18011],[-67.98919,-6.1842],[-67.98511,-6.18188],[-67.97748,-6.16949],[-67.96399,-6.16022],[-67.95203,-6.14642],[-67.93738,-6.14062],[-67.919,-6.12659],[-67.91229,-6.1225],[-67.90912,-6.12152],[-67.9032,-6.1214],[-67.8974,-6.12469],[-67.89441,-6.12738],[-67.89099,-6.13409],[-67.888,-6.14661],[-67.8858,-6.14978],[-67.88312,-6.151],[-67.88061,-6.151],[-67.8753,-6.14837],[-67.8728,-6.14349],[-67.8728,-6.13672],[-67.87561,-6.13318],[-67.88458,-6.1289],[-67.89709,-6.1178],[-67.90051,-6.11401],[-67.90192,-6.10821],[-67.90112,-6.1051],[-67.8974,-6.0993],[-67.88861,-6.09473],[-67.86932,-6.09741],[-67.86438,-6.09588],[-67.86023,-6.0932],[-67.85388,-6.08667],[-67.84881,-6.08368],[-67.84058,-6.07318],[-67.83978,-6.07147],[-67.83948,-6.0647],[-67.84241,-6.0553],[-67.84241,-6.04968],[-67.84002,-6.0462],[-67.82849,-6.03772],[-67.82819,-6.03522],[-67.83099,-6.03003],[-67.83648,-6.02441],[-67.83789,-6.0202],[-67.8363,-6.01587],[-67.83227,-6.01178],[-67.8313,-6.00812],[-67.83191,-6.0058],[-67.83337,-6.0036],[-67.83752,-6.00098],[-67.84363,-5.99957],[-67.84527,-5.9942],[-67.84448,-5.9917],[-67.83948,-5.98761],[-67.83551,-5.98712],[-67.82819,-5.98889],[-67.8222,-5.99182],[-67.81482,-5.99212],[-67.80609,-5.99542],[-67.797,-5.99579],[-67.79278,-5.99329],[-67.7887,-5.98718],[-67.78699,-5.98218],[-67.78711,-5.97479],[-67.78998,-5.96802],[-67.7901,-5.9494],[-67.79199,-5.94391],[-67.79468,-5.9411],[-67.79773,-5.93988],[-67.80987,-5.94],[-67.81592,-5.93628],[-67.81817,-5.93298],[-67.82013,-5.92639],[-67.82141,-5.91467],[-67.8194,-5.901],[-67.81958,-5.893],[-67.82123,-5.89087],[-67.82489,-5.88959],[-67.82989,-5.88989],[-67.8341,-5.8916],[-67.83862,-5.89581],[-67.85419,-5.9068],[-67.85638,-5.90771],[-67.85998,-5.90759],[-67.86157,-5.90637],[-67.86169,-5.90381],[-67.85901,-5.89917],[-67.84479,-5.88379],[-67.84302,-5.88031],[-67.84259,-5.87451],[-67.8454,-5.86871],[-67.84979,-5.8634],[-67.8512,-5.85931],[-67.85132,-5.85638],[-67.85071,-5.8526],[-67.84949,-5.85077],[-67.84149,-5.84289],[-67.83819,-5.83441],[-67.8374,-5.82599],[-67.84039,-5.81427],[-67.84302,-5.80957],[-67.84949,-5.80481],[-67.85809,-5.80169],[-67.85968,-5.79938],[-67.85962,-5.79541],[-67.8565,-5.7923],[-67.85229,-5.7912],[-67.84778,-5.79187],[-67.8418,-5.79468],[-67.83588,-5.7951],[-67.83032,-5.79657],[-67.82709,-5.79907],[-67.82452,-5.80353],[-67.82361,-5.81079],[-67.8194,-5.81732],[-67.8114,-5.82049],[-67.80591,-5.82049],[-67.80188,-5.8186],[-67.80017,-5.81701],[-67.79828,-5.81268],[-67.79858,-5.80841],[-67.80157,-5.80029],[-67.80591,-5.79559],[-67.8114,-5.79162],[-67.82489,-5.78601],[-67.83069,-5.78223],[-67.83319,-5.7782],[-67.83423,-5.77191],[-67.83209,-5.7652],[-67.8186,-5.75482],[-67.81293,-5.75152],[-67.80688,-5.74939],[-67.79187,-5.74872],[-67.789,-5.74798],[-67.78222,-5.74438],[-67.77222,-5.73651],[-67.76849,-5.73578],[-67.7655,-5.7362],[-67.75879,-5.74029],[-67.7558,-5.7409],[-67.75317,-5.74011],[-67.75128,-5.73828],[-67.7489,-5.73218],[-67.74737,-5.71838],[-67.7475,-5.71112],[-67.75049,-5.69641],[-67.74921,-5.69098],[-67.74548,-5.68841],[-67.74213,-5.68799],[-67.7362,-5.6889],[-67.72668,-5.68658],[-67.71869,-5.6828],[-67.71478,-5.67901],[-67.71368,-5.67669],[-67.7138,-5.67212],[-67.71539,-5.66571],[-67.7232,-5.64532],[-67.72412,-5.64038],[-67.72388,-5.63678],[-67.7229,-5.63409],[-67.71912,-5.63098],[-67.7113,-5.62707],[-67.70758,-5.62408],[-67.70697,-5.6203],[-67.71271,-5.61481],[-67.72229,-5.6087],[-67.74078,-5.59448],[-67.74188,-5.58819],[-67.73877,-5.5824],[-67.73498,-5.57861],[-67.72931,-5.57458],[-67.72198,-5.57348],[-67.71179,-5.57532],[-67.703,-5.5802],[-67.69849,-5.58862],[-67.69769,-5.59649],[-67.6994,-5.60278],[-67.70257,-5.60919],[-67.7027,-5.61389],[-67.69958,-5.61829],[-67.69708,-5.61999],[-67.69,-5.62073],[-67.68597,-5.62018],[-67.68292,-5.61877],[-67.68011,-5.61578],[-67.67499,-5.60791],[-67.67322,-5.59961],[-67.67328,-5.59338],[-67.67548,-5.5874],[-67.67731,-5.58508],[-67.6878,-5.57593],[-67.69049,-5.57031],[-67.69079,-5.56531],[-67.68902,-5.56048],[-67.68671,-5.55719],[-67.68359,-5.5553],[-67.67798,-5.5556],[-67.6662,-5.5603],[-67.66119,-5.56451],[-67.65979,-5.5672],[-67.65857,-5.57422],[-67.6604,-5.58227],[-67.66479,-5.59448],[-67.6637,-5.59912],[-67.66131,-5.60168],[-67.65637,-5.60528],[-67.65069,-5.60663],[-67.63849,-5.60541],[-67.63053,-5.60289]],"type":"LineString"},"id":203,"properties":{"cla_icacao":"Navegável","dominio":"União","est_estino":"AM","est_origem":"AM","extensao":257.591614799,"fonte":"LabTrans/Antaq","idantaq":21,"idhidrovia":200002694,"idm_estino":"BR130195","idm_origem":"BR130100","idseq":0,"jurisdicao":"AHIMOC","mun_estino":"Itamarati","mun_origem":"Carauari","navegacao":"Navegação Interior","nom_eclusa":null,"nome":"Hidrovia do Juruá","nome_rio":"Rio Juruá","observacao":"Foz no rio Solimões _AM_ até  Marechal Taumaturgo _AC_.","pro_de_max":4.0,"pro_de_min":1.8,"reg_rafica":"Região Hidrográfica Amazônica","snv":"Sim","tempo":"1d 1h 45min","tipo":"Rio","vel_cional":10.0},"type":"Feature"},{"bbox":[-51.921227,-3.157511,-51.603697,-2.897896],"geometry":{"coordinates":[[-51.60921,-3.15751],[-51.60827,-3.15417],[-51.60431,-3.14838],[-51.6037,-3.14551],[-51.60809,-3.14361],[-51.60638,-3.13898],[-51.60669,-3.1358],[-51.62658,-3.1239],[-51.63019,-3.12311],[-51.63208,-3.12152],[-51.63281,-3.12042],[-51.63092,-3.1167],[-51.6311,-3.11438],[-51.64032,-3.1134],[-51.64148,-3.1142],[-51.64929,-3.11548],[-51.65088,-3.11652],[-51.65192,-3.12158],[-51.65558,-3.12189],[-51.65692,-3.12408],[-51.6604,-3.12671],[-51.66162,-3.12891],[-51.67187,-3.12988],[-51.67657,-3.12927],[-51.68628,-3.12597],[-51.70099,-3.12439],[-51.71088,-3.12189],[-51.7149,-3.1192],[-51.71759,-3.11609],[-51.7196,-3.11047],[-51.72809,-3.10663],[-51.74158,-3.10437],[-51.76349,-3.1076],[-51.77429,-3.10742],[-51.78229,-3.1062],[-51.79828,-3.09741],[-51.80487,-3.0921],[-51.81317,-3.08472],[-51.81799,-3.07782],[-51.82129,-3.06958],[-51.82367,-3.05908],[-51.83252,-3.0343],[-51.84179,-3.01489],[-51.86981,-2.974],[-51.8764,-2.96033],[-51.88208,-2.9505],[-51.88898,-2.94098],[-51.89392,-2.93127],[-51.90832,-2.9115],[-51.92123,-2.8979]],"type":"LineString"},"id":204,"properties":{"cla_icacao":"Navegação inexpressiva","dominio":"União","est_estino":"PA","est_origem":"PA","extensao":54.1637749275,"fonte":"LabTrans/ANA/Antaq","idantaq":1,"idhidrovia":200002698,"idm_estino":"BR150085","idm_origem":"BR150780","idseq":0,"jurisdicao":"AHIMOR","mun_estino":"Anapu","mun_origem":"Senador José Porfírio","navegacao":"Navegação Interior","nom_eclusa":null,"nome":"Hidrovia do Amazonas","nome_rio":"Rio Xingu","observacao":"Foz no rio Amazonas _AM_ até PK 1522.","pro_de_max":6.0,"pro_de_min":3.0,"reg_rafica":"Região Hidrográfica Amazônica","snv":"Sim","tempo":"0d 7h 44min","tipo":"Rio","vel_cional":7.0},"type":"Feature"},{"bbox":[-68.663603,-9.080621,-68.594481,-9.023865],"geometry":{"coordinates":[[-68.66338,-9.08062],[-68.6636,-9.07886],[-68.6603,-9.07375],[-68.6579,-9.07315],[-68.65429,-9.06894],[-68.65399,-9.06173],[-68.65549,-9.05632],[-68.65182,-9.04979],[-68.64647,-9.05272],[-68.63175,-9.0434],[-68.61853,-9.0449],[-68.61552,-9.0431],[-68.61552,-9.03679],[-68.62363,-9.02897],[-68.62363,-9.02476],[-68.61912,-9.02387],[-68.6056,-9.02837],[-68.59448,-9.02957]],"type":"LineString"},"id":205,"properties":{"cla_icacao":"Navegação inexpressiva","dominio":"União","est_estino":"AC","est_origem":"AM","extensao":14.1404681982,"fonte":"ANA/Antaq","idantaq":2,"idhidrovia":200002750,"idm_estino":"BR120050","idm_origem":"BR130070","idseq":0,"jurisdicao":"AHIMOC","mun_estino":"Sena Madureira","mun_origem":"Boca do Acre","navegacao":"Navegação Interior","nom_eclusa":null,"nome":"Hidrovia do Solimões","nome_rio":"Rio Iaco","observacao":"Foz no rio Purus _AM_ até São Pedro do Icó _AC_, BR 364.","pro_de_max":2.0,"pro_de_min":1.5,"reg_rafica":"Região Hidrográfica Amazônica","snv":"Sim","tempo":"0d 1h 24min","tipo":"Rio","vel_cional":10.0},"type":"Feature"},{"bbox":[-50.808557,-1.017648,-50.723873,-0.533095],"geometry":{"coordinates":[[-50.80811,-1.01765],[-50.80856,-0.98247],[-50.80262,-0.91053],[-50.80162,-0.86708],[-50.78423,-0.80651],[-50.78179,-0.79051],[-50.78283,-0.75847],[-50.79127,-0.68714],[-50.79087,-0.66393],[-50.78851,-0.64327],[-50.78062,-0.61612],[-50.75365,-0.5657],[-50.74076,-0.54861],[-50.72387,-0.53309]],"type":"LineString"},"id":206,"properties":{"cla_icacao":"Navegação inexpressiva","dominio":null,"est_estino":"PA","est_origem":"PA","extensao":56.1493075753,"fonte":"LabTrans/Antaq","idantaq":1,"idhidrovia":200002751,"idm_estino":"BR150180","idm_origem":"BR150030","idseq":0,"jurisdicao":"AHIMOR","mun_estino":"Breves","mun_origem":"Afuá","navegacao":"Navegação Interior","nom_eclusa":null,"nome":"Hidrovia do Amazonas","nome_rio":"Rio Jacaré","observacao":null,"pro_de_max":2.0,"pro_de_min":1.8,"reg_rafica":"Região Hidrográfica Amazônica","snv":"Não","tempo":"0d 2h 14min","tipo":"Rio","vel_cional":25.0},"type":"Feature"},{"bbox":[-50.499876,-1.809812,-50.278013,-1.675475],"geometry":{"coordinates":[[-50.27801,-1.80981],[-50.29791,-1.79791],[-50.30957,-1.79352],[-50.31988,-1.79059],[-50.3377,-1.78711],[-50.35022,-1.78351],[-50.36041,-1.78009],[-50.3692,-1.77508],[-50.3847,-1.76971],[-50.39929,-1.77069],[-50.40613,-1.77319],[-50.41479,-1.77331],[-50.42517,-1.77148],[-50.43658,-1.771],[-50.44501,-1.76709],[-50.45318,-1.75568],[-50.4563,-1.74719],[-50.45849,-1.7348],[-50.45837,-1.71551],[-50.46002,-1.7099],[-50.46252,-1.70538],[-50.46667,-1.70093],[-50.47149,-1.6983],[-50.4834,-1.69391],[-50.49029,-1.68908],[-50.49548,-1.68011],[-50.49988,-1.67548]],"type":"LineString"},"id":207,"properties":{"cla_icacao":"Navegável","dominio":null,"est_estino":"PA","est_origem":"PA","extensao":32.4387729373,"fonte":"LabTrans/Antaq","idantaq":1,"idhidrovia":200002752,"idm_estino":"BR150110","idm_origem":"BR150180","idseq":0,"jurisdicao":"AHIMOR","mun_estino":"Bagre","mun_origem":"Breves","navegacao":"Navegação Interior","nom_eclusa":null,"nome":"Hidrovia do Amazonas","nome_rio":"Rio de Breves","observacao":null,"pro_de_max":2.0,"pro_de_min":1.8,"reg_rafica":"Região Hidrográfica Amazônica","snv":"Não","tempo":"0d 1h 17min","tipo":"Rio","vel_cional":25.0},"type":"Feature"},{"bbox":[-50.822761,-1.31399,-50.765125,-1.017648],"geometry":{"coordinates":[[-50.80508,-1.31399],[-50.7928,-1.30023],[-50.78588,-1.28315],[-50.77926,-1.23824],[-50.76687,-1.20203],[-50.76512,-1.17861],[-50.76979,-1.15312],[-50.78749,-1.10889],[-50.79891,-1.08752],[-50.81663,-1.06591],[-50.8217,-1.05512],[-50.82276,-1.04609],[-50.82125,-1.0371],[-50.81236,-1.0259],[-50.80811,-1.01765]],"type":"LineString"},"id":208,"properties":{"cla_icacao":"Navegação inexpressiva","dominio":null,"est_estino":"PA","est_origem":"PA","extensao":35.7900363106,"fonte":"LabTrans/Antaq","idantaq":1,"idhidrovia":200002753,"idm_estino":"BR150180","idm_origem":"BR150180","idseq":0,"jurisdicao":"AHIMOR","mun_estino":"Breves","mun_origem":"Breves","navegacao":"Navegação Interior","nom_eclusa":null,"nome":"Hidrovia do Amazonas","nome_rio":"Rio Companhia","observacao":null,"pro_de_max":2.0,"pro_de_min":1.8,"reg_rafica":"Região Hidrográfica Amazônica","snv":"Não","tempo":"0d 1h 25min","tipo":"Rio","vel_cional":25.0},"type":"Feature"},{"bbox":[-50.589629,-1.675475,-50.499876,-1.552278],"geometry":{"coordinates":[[-50.49988,-1.67548],[-50.52031,-1.66891],[-50.52813,-1.66432],[-50.53273,-1.65963],[-50.53781,-1.6485],[-50.54336,-1.61939],[-50.54759,-1.60756],[-50.55403,-1.59824],[-50.56822,-1.58958],[-50.5751,-1.58225],[-50.58397,-1.56738],[-50.58963,-1.55228]],"type":"LineString"},"id":209,"properties":{"cla_icacao":"Navegável","dominio":null,"est_estino":"PA","est_origem":"PA","extensao":18.0578766546,"fonte":"LabTrans/Antaq","idantaq":1,"idhidrovia":200002754,"idm_estino":"BR150180","idm_origem":"BR150180","idseq":0,"jurisdicao":"AHIMOR","mun_estino":"Breves","mun_origem":"Breves","navegacao":"Navegação Interior","nom_eclusa":null,"nome":"Hidrovia do Amazonas","nome_rio":"Rio de Breves","observacao":null,"pro_de_max":2.0,"pro_de_min":1.8,"reg_rafica":"Região Hidrográfica Amazônica","snv":"Não","tempo":"0d 0h 43min","tipo":"Rio","vel_cional":25.0},"type":"Feature"},{"bbox":[-50.790117,-1.552278,-50.589629,-1.37744],"geometry":{"coordinates":[[-50.58963,-1.55228],[-50.62188,-1.52477],[-50.64918,-1.50872],[-50.65998,-1.49678],[-50.6685,-1.48371],[-50.67362,-1.46951],[-50.67362,-1.45871],[-50.67191,-1.45018],[-50.66509,-1.43711],[-50.66339,-1.42631],[-50.66339,-1.41268],[-50.66509,-1.40586],[-50.6793,-1.39563],[-50.68328,-1.39506],[-50.68271,-1.40813],[-50.68612,-1.41154],[-50.70828,-1.40245],[-50.71738,-1.40188],[-50.72761,-1.40301],[-50.73272,-1.39847],[-50.7384,-1.38653],[-50.74636,-1.38426],[-50.76,-1.37744],[-50.76796,-1.37972],[-50.7725,-1.38483],[-50.77989,-1.38653],[-50.79012,-1.38312]],"type":"LineString"},"id":210,"properties":{"cla_icacao":"Navegável","dominio":null,"est_estino":"PA","est_origem":"PA","extensao":38.4473556396,"fonte":"LabTrans/Antaq","idantaq":1,"idhidrovia":200002755,"idm_estino":"BR150180","idm_origem":"BR150180","idseq":0,"jurisdicao":"AHIMOR","mun_estino":"Breves","mun_origem":"Breves","navegacao":"Navegação Interior","nom_eclusa":null,"nome":"Hidrovia do Amazonas","nome_rio":"Rio Jaburu","observacao":null,"pro_de_max":2.0,"pro_de_min":1.8,"reg_rafica":"Região Hidrográfica Amazônica","snv":"Não","tempo":"0d 1h 32min","tipo":"Rio","vel_cional":25.0},"type":"Feature"},{"bbox":[-51.166963,-0.062755,-50.750398,0.125209],"geometry":{"coordinates":[[-51.16696,-0.06267],[-51.15877,-0.06276],[-51.15041,-0.05957],[-51.14406,-0.05828],[-51.13161,-0.05937],[-51.12007,-0.06141],[-51.10704,-0.06266],[-51.10108,-0.06244],[-51.07499,-0.0531],[-51.0366,-0.01713],[-51.01059,0.01503],[-50.99535,0.03052],[-50.97753,0.04625],[-50.93979,0.0702],[-50.91282,0.07867],[-50.80299,0.10687],[-50.75328,0.12333],[-50.7504,0.12521]],"type":"LineString"},"id":211,"properties":{"cla_icacao":"Navegável","dominio":"União","est_estino":"AP","est_origem":"PA","extensao":53.3558725999,"fonte":"LabTrans/Antaq","idantaq":1,"idhidrovia":200002797,"idm_estino":"BR160060","idm_origem":"BR150030","idseq":0,"jurisdicao":"AHIMOR","mun_estino":"Santana","mun_origem":"Afuá","navegacao":"Navegação Interior","nom_eclusa":null,"nome":"Hidrovia do Amazonas","nome_rio":"Rio Amazonas","observacao":null,"pro_de_max":7.5,"pro_de_min":5.0,"reg_rafica":"Região Hidrográfica Amazônica","snv":"Sim","tempo":"0d 2h 8min","tipo":"Rio","vel_cional":25.0},"type":"Feature"},{"bbox":[-50.519926,0.383103,-50.04114,0.722391],"geometry":{"coordinates":[[-50.51993,0.3831],[-50.51412,0.39831],[-50.50007,0.43046],[-50.48765,0.45345],[-50.47516,0.48212],[-50.46511,0.53467],[-50.4513,0.57197],[-50.43022,0.6074],[-50.40654,0.62713],[-50.36967,0.65399],[-50.34904,0.66855],[-50.31504,0.68053],[-50.26837,0.69065],[-50.19468,0.70162],[-50.15012,0.70587],[-50.09115,0.70583],[-50.06287,0.71628],[-50.04114,0.72239]],"type":"LineString"},"id":212,"properties":{"cla_icacao":"Navegável","dominio":"União","est_estino":"PA","est_origem":"AP","extensao":73.2209718675,"fonte":"LabTrans/Antaq","idantaq":1,"idhidrovia":200002798,"idm_estino":"BR150250","idm_origem":"BR160030","idseq":0,"jurisdicao":"AHIMOR","mun_estino":"Chaves","mun_origem":"Macapá","navegacao":"Navegação Interior","nom_eclusa":null,"nome":"Hidrovia do Amazonas","nome_rio":"Rio Amazonas","observacao":"Foz no oceano Atlântico _PA_ até a confluência dos rios Negro e Solimões.","pro_de_max":7.5,"pro_de_min":5.0,"reg_rafica":"Região Hidrográfica Amazônica","snv":"Sim","tempo":"0d 2h 55min","tipo":"Rio","vel_cional":25.0},"type":"Feature"},{"bbox":[-63.733642,-8.614378,-63.502329,-8.446312],"geometry":{"coordinates":[[-63.73364,-8.5793],[-63.71869,-8.5722],[-63.69549,-8.565],[-63.67749,-8.56457],[-63.65308,-8.55969],[-63.64203,-8.56048],[-63.63611,-8.5639],[-63.61969,-8.58148],[-63.60052,-8.59741],[-63.58227,-8.61029],[-63.56372,-8.61438],[-63.54632,-8.60742],[-63.53662,-8.5982],[-63.53039,-8.5874],[-63.53119,-8.57989],[-63.5357,-8.57013],[-63.5462,-8.55517],[-63.55621,-8.54309],[-63.5802,-8.52698],[-63.5907,-8.51837],[-63.59412,-8.5025],[-63.59332,-8.4953],[-63.5899,-8.48651],[-63.58252,-8.48102],[-63.55591,-8.48022],[-63.54602,-8.47418],[-63.53387,-8.46869],[-63.5238,-8.46039],[-63.50233,-8.44631]],"type":"LineString"},"id":213,"properties":{"cla_icacao":"Navegável","dominio":"União","est_estino":"RO","est_origem":"RO","extensao":51.1158094082,"fonte":"LabTrans/Antaq","idantaq":5,"idhidrovia":200002799,"idm_estino":"BR110020","idm_origem":"BR110020","idseq":0,"jurisdicao":"AHIMOC","mun_estino":"Porto Velho","mun_origem":"Porto Velho","navegacao":"Navegação Interior","nom_eclusa":null,"nome":"Hidrovia do Madeira","nome_rio":"Rio Madeira","observacao":"Foz no rio Amazonas _AM_ até a confluência dos rios Beni _rio boliviano_ e Mamoré _RO_.","pro_de_max":7.0,"pro_de_min":2.0,"reg_rafica":"Região Hidrográfica Amazônica","snv":"Sim","tempo":"0d 2h 19min","tipo":"Rio","vel_cional":22.0},"type":"Feature"},{"bbox":[-51.687525,-31.473246,-51.311861,-31.066179],"geometry":{"coordinates":[[-51.31186,-31.06618],[-51.32894,-31.09746],[-51.35656,-31.16068],[-51.40393,-31.22868],[-51.45596,-31.29047],[-51.53244,-31.34144],[-51.58608,-31.38041],[-51.65801,-31.43972],[-51.68753,-31.47325]],"type":"LineString"},"id":214,"properties":{"cla_icacao":"Navegável","dominio":"Estados ou Distrito Federal","est_estino":"RS","est_origem":"RS","extensao":58.5896486433,"fonte":"LabTrans/Antaq","idantaq":18,"idhidrovia":200002803,"idm_estino":"BR430085","idm_origem":"BR430350","idseq":0,"jurisdicao":"SPH","mun_estino":"Arambaré","mun_origem":"Camaquã","navegacao":"Navegação Interior","nom_eclusa":null,"nome":"Hidrovia do Sul","nome_rio":"Lagoa dos Patos","observacao":"Confluência com o oceano Atlântico até a confluência com o Lago Guaíba _RS_.","pro_de_max":5.4,"pro_de_min":5.4,"reg_rafica":"Região Hidrográfica Atlântico Sul","snv":"Sim","tempo":"0d 2h 20min","tipo":"Laguna","vel_cional":25.0},"type":"Feature"},{"bbox":[-51.311861,-31.066179,-51.246557,-30.957512],"geometry":{"coordinates":[[-51.24656,-30.95751],[-51.27343,-30.9958],[-51.31186,-31.06618]],"type":"LineString"},"id":215,"properties":{"cla_icacao":"Navegável","dominio":"Estados ou Distrito Federal","est_estino":"RS","est_origem":"RS","extensao":13.5780538546,"fonte":"LabTrans/Antaq","idantaq":18,"idhidrovia":200002804,"idm_estino":"BR431250","idm_origem":"BR430085","idseq":0,"jurisdicao":"SPH","mun_estino":"Mostardas","mun_origem":"Arambaré","navegacao":"Navegação Interior","nom_eclusa":null,"nome":"Hidrovia do Sul","nome_rio":"Lagoa dos Patos","observacao":"Confluência com o oceano Atlântico até a confluência com o Lago Guaíba _RS_.","pro_de_max":5.4,"pro_de_min":5.4,"reg_rafica":"Região Hidrográfica Atlântico Sul","snv":"Sim","tempo":"0d 0h 32min","tipo":"Laguna","vel_cional":25.0},"type":"Feature"},{"bbox":[-51.311215,-30.247404,-51.233398,-30.138361],"geometry":{"coordinates":[[-51.30758,-30.13836],[-51.30988,-30.14088],[-51.31121,-30.14413],[-51.31052,-30.1555],[-51.30834,-30.16049],[-51.30063,-30.17098],[-51.29844,-30.17628],[-51.29668,-30.18923],[-51.29155,-30.1978],[-51.2826,-30.20658],[-51.26337,-30.22165],[-51.2334,-30.2474]],"type":"LineString"},"id":216,"properties":{"cla_icacao":"Navegável","dominio":"Estados ou Distrito Federal","est_estino":"RS","est_origem":"RS","extensao":14.9648876612,"fonte":"LabTrans/Antaq","idantaq":18,"idhidrovia":200002805,"idm_estino":"BR430930","idm_origem":"BR430190","idseq":0,"jurisdicao":"SPH","mun_estino":"Guaíba","mun_origem":"Barra do Ribeiro","navegacao":"Navegação Interior","nom_eclusa":null,"nome":"Hidrovia do Sul","nome_rio":"Lago Guaíba","observacao":"Confluência com a Lagoa dos Patos _RS_ até o Delta do rio Jacuí.","pro_de_max":12.0,"pro_de_min":2.0,"reg_rafica":"Região Hidrográfica Atlântico Sul","snv":"Sim","tempo":"0d 0h 35min","tipo":"Lago","vel_cional":25.0},"type":"Feature"},{"bbox":[-52.009824,-1.529719,-51.643943,-1.399809],"geometry":{"coordinates":[[-51.64394,-1.39981],[-51.65135,-1.4116],[-51.68594,-1.41195],[-51.70829,-1.42068],[-51.73022,-1.4544],[-51.74489,-1.45639],[-51.76175,-1.45713],[-51.77595,-1.46127],[-51.79046,-1.47275],[-51.79842,-1.48585],[-51.81317,-1.50683],[-51.83098,-1.5257],[-51.86243,-1.52972],[-51.89198,-1.51903],[-51.90637,-1.51109],[-51.93011,-1.48734],[-51.93411,-1.4572],[-51.94685,-1.44491],[-51.95512,-1.44074],[-51.97108,-1.44189],[-51.98397,-1.44557],[-52.00982,-1.44031]],"type":"LineString"},"id":217,"properties":{"cla_icacao":"Navegável","dominio":null,"est_estino":"PA","est_origem":"PA","extensao":52.2804326395,"fonte":"LabTrans/Antaq","idantaq":1,"idhidrovia":200002814,"idm_estino":"BR150310","idm_origem":"BR150310","idseq":0,"jurisdicao":"AHIMOR","mun_estino":"Gurupá","mun_origem":"Gurupá","navegacao":"Navegação Interior","nom_eclusa":null,"nome":"Hidrovia do Amazonas","nome_rio":"Canal do Gurupá","observacao":null,"pro_de_max":3.5,"pro_de_min":2.0,"reg_rafica":"Região Hidrográfica Amazônica","snv":"Não","tempo":"0d 7h 28min","tipo":"Canal","vel_cional":7.0},"type":"Feature"},{"bbox":[-50.810796,-1.383124,-50.790118,-1.31399],"geometry":{"coordinates":[[-50.79012,-1.38312],[-50.79765,-1.37069],[-50.80927,-1.35723],[-50.8108,-1.35039],[-50.8104,-1.34077],[-50.80508,-1.31399]],"type":"LineString"},"id":218,"properties":{"cla_icacao":"Navegação inexpressiva","dominio":null,"est_estino":"PA","est_origem":"PA","extensao":8.44398516965,"fonte":"LabTrans/Antaq","idantaq":1,"idhidrovia":200002816,"idm_estino":"BR150180","idm_origem":"BR150180","idseq":0,"jurisdicao":"AHIMOR","mun_estino":"Breves","mun_origem":"Breves","navegacao":"Navegação Interior","nom_eclusa":null,"nome":"Hidrovia do Amazonas","nome_rio":"Rio Companhia","observacao":null,"pro_de_max":2.0,"pro_de_min":1.8,"reg_rafica":"Região Hidrográfica Amazônica","snv":"Não","tempo":"0d 0h 20min","tipo":"Rio","vel_cional":25.0},"type":"Feature"},{"bbox":[-49.086529,-1.63409,-49.052615,-1.602501],"geometry":{"coordinates":[[-49.08653,-1.63409],[-49.08038,-1.62658],[-49.06567,-1.61468],[-49.05262,-1.6025]],"type":"LineString"},"id":219,"properties":{"cla_icacao":"Navegável","dominio":"União","est_estino":"PA","est_origem":"PA","extensao":5.15793048372,"fonte":"ANA/Antaq","idantaq":9,"idhidrovia":200002818,"idm_estino":"BR150490","idm_origem":"BR150490","idseq":0,"jurisdicao":"AHIMOR","mun_estino":"Muaná","mun_origem":"Muaná","navegacao":"Navegação Interior","nom_eclusa":null,"nome":"Hidrovia do Tocantins","nome_rio":"Rio Tocantins","observacao":"Foz no oceano Atlântico _PA_ até o Lago da Barragem de Serra da Mesa _GO_, na confluência com o rio Tocantizinho _GO_.","pro_de_max":4.0,"pro_de_min":1.5,"reg_rafica":"Região Hidrográfica do Tocantins","snv":"Sim","tempo":"0d 0h 12min","tipo":"Rio","vel_cional":25.0},"type":"Feature"},{"bbox":[-49.216199,-1.63409,-49.086529,-1.528549],"geometry":{"coordinates":[[-49.2162,-1.52855],[-49.21039,-1.53342],[-49.21209,-1.53683],[-49.20868,-1.54081],[-49.19732,-1.54422],[-49.18936,-1.54422],[-49.18482,-1.54763],[-49.18595,-1.55218],[-49.19164,-1.55729],[-49.18879,-1.56581],[-49.17743,-1.56922],[-49.16209,-1.57775],[-49.13424,-1.58457],[-49.11378,-1.59309],[-49.10128,-1.60957],[-49.08653,-1.63409]],"type":"LineString"},"id":220,"properties":{"cla_icacao":"Navegação inexpressiva","dominio":null,"est_estino":"PA","est_origem":"PA","extensao":21.429023527,"fonte":"LabTrans/Antaq","idantaq":9,"idhidrovia":200002819,"idm_estino":"BR150490","idm_origem":"BR150490","idseq":0,"jurisdicao":"AHIMOR","mun_estino":"Muaná","mun_origem":"Muaná","navegacao":"Navegação Interior","nom_eclusa":null,"nome":"Hidrovia do Tocantins","nome_rio":"Rio Muaná","observacao":null,"pro_de_max":2.8,"pro_de_min":1.4,"reg_rafica":"Região Hidrográfica Amazônica","snv":"Não","tempo":"0d 2h 8min","tipo":"Rio","vel_cional":10.0},"type":"Feature"},{"bbox":[-57.772511,-3.393801,-57.642872,-3.038767],"geometry":{"coordinates":[[-57.72372,-3.3938],[-57.72824,-3.38622],[-57.7321,-3.37566],[-57.73396,-3.36642],[-57.72989,-3.36026],[-57.72899,-3.35093],[-57.73154,-3.342],[-57.73353,-3.33034],[-57.7322,-3.32386],[-57.72978,-3.31847],[-57.72229,-3.31737],[-57.70653,-3.31045],[-57.6964,-3.29998],[-57.6932,-3.29427],[-57.68946,-3.29536],[-57.68803,-3.29845],[-57.68726,-3.30813],[-57.6844,-3.31352],[-57.68209,-3.31242],[-57.68055,-3.30836],[-57.68221,-3.30418],[-57.68218,-3.29569],[-57.67888,-3.26961],[-57.67899,-3.25443],[-57.68373,-3.24927],[-57.69761,-3.23761],[-57.70037,-3.23233],[-57.72306,-3.2077],[-57.73253,-3.19604],[-57.73484,-3.18474],[-57.74055,-3.17352],[-57.75656,-3.15517],[-57.75893,-3.13688],[-57.7598,-3.12109],[-57.76287,-3.11345],[-57.76814,-3.10806],[-57.772,-3.09844],[-57.77251,-3.09186],[-57.77014,-3.08462],[-57.76737,-3.07962],[-57.7654,-3.07265],[-57.76685,-3.05685],[-57.76499,-3.05238],[-57.75906,-3.05014],[-57.75299,-3.0508],[-57.74509,-3.05304],[-57.7377,-3.05686],[-57.72978,-3.05949],[-57.72031,-3.05778],[-57.71477,-3.05962],[-57.70791,-3.06581],[-57.70647,-3.07409],[-57.70303,-3.08093],[-57.69843,-3.08541],[-57.69224,-3.08817],[-57.6838,-3.08633],[-57.67669,-3.08186],[-57.66747,-3.07265],[-57.65231,-3.05337],[-57.64287,-3.03877]],"type":"LineString"},"id":221,"properties":{"cla_icacao":"Navegável","dominio":null,"est_estino":"AM","est_origem":"AM","extensao":67.5732343967,"fonte":"LabTrans/Antaq","idantaq":1,"idhidrovia":200002820,"idm_estino":"BR130290","idm_origem":"BR130068","idseq":0,"jurisdicao":"AHIMOC","mun_estino":"Maués","mun_origem":"Boa Vista do Ramos","navegacao":"Navegação Interior","nom_eclusa":null,"nome":"Hidrovia do Amazonas","nome_rio":"Paraná Urariá","observacao":null,"pro_de_max":3.0,"pro_de_min":1.5,"reg_rafica":"Região Hidrográfica Amazônica","snv":"Não","tempo":"0d 4h 30min","tipo":"Paraná","vel_cional":15.0},"type":"Feature"},{"bbox":[-59.016673,-3.352171,-58.746703,-3.238585],"geometry":{"coordinates":[[-59.01667,-3.24021],[-59.0097,-3.23859],[-58.99591,-3.2395],[-58.96051,-3.25531],[-58.9422,-3.26269],[-58.9248,-3.26819],[-58.9079,-3.27868],[-58.8855,-3.29791],[-58.87329,-3.30371],[-58.85193,-3.31018],[-58.83661,-3.31659],[-58.7771,-3.3443],[-58.7467,-3.35217]],"type":"LineString"},"id":222,"properties":{"cla_icacao":"Navegável","dominio":"União","est_estino":"AM","est_origem":"AM","extensao":32.9472289494,"fonte":"LabTrans/Antaq","idantaq":1,"idhidrovia":200002821,"idm_estino":"BR130190","idm_origem":"BR130190","idseq":0,"jurisdicao":"AHIMOC","mun_estino":"Itacoatiara","mun_origem":"Itacoatiara","navegacao":"Navegação Interior","nom_eclusa":null,"nome":"Hidrovia do Amazonas","nome_rio":"Rio Amazonas","observacao":"Foz no oceano Atlântico _PA_ até a confluência dos rios Negro e Solimões.","pro_de_max":7.5,"pro_de_min":5.0,"reg_rafica":"Região Hidrográfica Amazônica","snv":"Sim","tempo":"0d 1h 19min","tipo":"Rio","vel_cional":25.0},"type":"Feature"},{"bbox":[-59.214965,-3.277281,-59.016673,-3.240205],"geometry":{"coordinates":[[-59.21496,-3.24169],[-59.18799,-3.25513],[-59.1557,-3.2735],[-59.13348,-3.27728],[-59.11542,-3.27429],[-59.09723,-3.26471],[-59.05841,-3.25293],[-59.04742,-3.24762],[-59.0343,-3.24499],[-59.01667,-3.24021]],"type":"LineString"},"id":223,"properties":{"cla_icacao":"Navegável","dominio":"União","est_estino":"AM","est_origem":"AM","extensao":23.6786241644,"fonte":"LabTrans/Antaq","idantaq":1,"idhidrovia":200002822,"idm_estino":"BR130190","idm_origem":"BR130190","idseq":0,"jurisdicao":"AHIMOC","mun_estino":"Itacoatiara","mun_origem":"Itacoatiara","navegacao":"Navegação Interior","nom_eclusa":null,"nome":"Hidrovia do Amazonas","nome_rio":"Rio Amazonas","observacao":"Foz no oceano Atlântico _PA_ até a confluência dos rios Negro e Solimões.","pro_de_max":7.5,"pro_de_min":5.0,"reg_rafica":"Região Hidrográfica Amazônica","snv":"Sim","tempo":"0d 0h 56min","tipo":"Rio","vel_cional":25.0},"type":"Feature"},{"bbox":[-72.677389,-7.655109,-72.666691,-7.639758],"geometry":{"coordinates":[[-72.67641,-7.65511],[-72.67738,-7.65417],[-72.67739,-7.65179],[-72.67507,-7.64534],[-72.67223,-7.64256],[-72.66669,-7.63976]],"type":"LineString"},"id":224,"properties":{"cla_icacao":"Navegação sazonal","dominio":"União","est_estino":"AC","est_origem":"AC","extensao":2.30003584873,"fonte":"LabTrans/Antaq","idantaq":21,"idhidrovia":200002824,"idm_estino":"BR120020","idm_origem":"BR120020","idseq":0,"jurisdicao":"AHIMOC","mun_estino":"Cruzeiro do Sul","mun_origem":"Cruzeiro do Sul","navegacao":"Navegação Interior","nom_eclusa":null,"nome":"Hidrovia do Juruá","nome_rio":"Rio Juruá","observacao":"Foz no rio Solimões _AM_ até  Marechal Taumaturgo _AC_.","pro_de_max":4.0,"pro_de_min":1.8,"reg_rafica":"Região Hidrográfica Amazônica","snv":"Sim","tempo":"0d 0h 13min","tipo":"Rio","vel_cional":10.0},"type":"Feature"},{"bbox":[-52.028075,-2.851081,-51.970073,-2.596371],"geometry":{"coordinates":[[-51.97007,-2.85108],[-51.98041,-2.8399],[-51.98828,-2.83319],[-51.99548,-2.82898],[-52.00409,-2.81689],[-52.02038,-2.76648],[-52.02808,-2.72711],[-52.0249,-2.68793],[-52.01831,-2.67548],[-52.0072,-2.664],[-51.9964,-2.64319],[-51.99249,-2.6242],[-51.99379,-2.59637]],"type":"LineString"},"id":225,"properties":{"cla_icacao":"Navegável","dominio":"União","est_estino":"PA","est_origem":"PA","extensao":31.1993633667,"fonte":"LabTrans/ANA/Antaq","idantaq":1,"idhidrovia":200002827,"idm_estino":"BR150780","idm_origem":"BR150590","idseq":0,"jurisdicao":"AHIMOR","mun_estino":"Senador José Porfírio","mun_origem":"Porto de Moz","navegacao":"Navegação Interior","nom_eclusa":null,"nome":"Hidrovia do Amazonas","nome_rio":"Rio Xingu","observacao":"Foz no rio Amazonas _AM_ até PK 1522.","pro_de_max":6.0,"pro_de_min":2.3,"reg_rafica":"Região Hidrográfica Amazônica","snv":"Sim","tempo":"0d 2h 4min","tipo":"Rio","vel_cional":15.0},"type":"Feature"},{"bbox":[-48.055025,-1.673635,-47.776554,-1.468253],"geometry":{"coordinates":[[-47.77655,-1.67363],[-47.78596,-1.66165],[-47.80394,-1.64283],[-47.84672,-1.63684],[-47.86384,-1.62999],[-47.86897,-1.60945],[-47.88172,-1.58664],[-47.89162,-1.5806],[-47.9137,-1.57699],[-47.93904,-1.58784],[-47.9554,-1.59747],[-47.99049,-1.5872],[-47.99391,-1.57009],[-47.98792,-1.53158],[-47.98792,-1.50847],[-47.99648,-1.48023],[-48.01188,-1.46996],[-48.029,-1.46825],[-48.04098,-1.47424],[-48.05296,-1.49136],[-48.05503,-1.51409]],"type":"LineString"},"id":226,"properties":{"cla_icacao":"Navegação inexpressiva","dominio":"União","est_estino":"PA","est_origem":"PA","extensao":52.0914624288,"fonte":"ANA/Antaq","idantaq":9,"idhidrovia":200002828,"idm_estino":"BR150720","idm_origem":"BR150340","idseq":0,"jurisdicao":"AHIMOR","mun_estino":"São Domingos do Capim","mun_origem":"Inhangapi","navegacao":"Navegação Interior","nom_eclusa":null,"nome":"Hidrovia do Tocantins","nome_rio":"Rio Guamá","observacao":"Foz no rio Tocantins _PA_ até São Miguel do Guamá _PA_,","pro_de_max":1.5,"pro_de_min":1.5,"reg_rafica":"Região Hidrográfica do Tocantins","snv":"Sim","tempo":"0d 3h 28min","tipo":"Rio","vel_cional":15.0},"type":"Feature"},{"bbox":[-48.512109,-1.491282,-48.40262,-1.461406],"geometry":{"coordinates":[[-48.40262,-1.46196],[-48.4128,-1.46141],[-48.42818,-1.46692],[-48.43676,-1.47082],[-48.45973,-1.48515],[-48.4786,-1.48987],[-48.49369,-1.49128],[-48.51211,-1.49018]],"type":"LineString"},"id":227,"properties":{"cla_icacao":"Navegação inexpressiva","dominio":"União","est_estino":"PA","est_origem":"PA","extensao":12.9191244197,"fonte":"ANA/Antaq","idantaq":9,"idhidrovia":200002829,"idm_estino":"BR150140","idm_origem":"BR150130","idseq":0,"jurisdicao":"AHIMOR","mun_estino":"Belém","mun_origem":"Barcarena","navegacao":"Navegação Interior","nom_eclusa":null,"nome":"Hidrovia do Tocantins","nome_rio":"Rio Guamá","observacao":"Foz no rio Tocantins _PA_ até São Miguel do Guamá _PA_,","pro_de_max":1.5,"pro_de_min":1.5,"reg_rafica":"Região Hidrográfica do Tocantins","snv":"Sim","tempo":"0d 0h 51min","tipo":"Rio","vel_cional":15.0},"type":"Feature"},{"bbox":[-51.241824,-0.1576,-51.166963,-0.058409],"geometry":{"coordinates":[[-51.24182,-0.1576],[-51.211,-0.11859],[-51.21088,-0.10303],[-51.20788,-0.08368],[-51.20441,-0.07709],[-51.20398,-0.07287],[-51.20038,-0.06372],[-51.19769,-0.06122],[-51.1925,-0.05871],[-51.18689,-0.05841],[-51.17419,-0.06171],[-51.16696,-0.06268]],"type":"LineString"},"id":228,"properties":{"cla_icacao":"Navegável","dominio":"União","est_estino":"AP","est_origem":"AP","extensao":15.7257173683,"fonte":"LabTrans/Antaq","idantaq":1,"idhidrovia":200002844,"idm_estino":"BR160040","idm_origem":"BR160060","idseq":0,"jurisdicao":"AHIMOR","mun_estino":"Mazagão","mun_origem":"Santana","navegacao":"Navegação Interior","nom_eclusa":null,"nome":"Hidrovia do Amazonas","nome_rio":"Rio Amazonas","observacao":"Foz no oceano Atlântico _PA_ até a confluência dos rios Negro e Solimões.","pro_de_max":7.5,"pro_de_min":5.0,"reg_rafica":"Região Hidrográfica Amazônica","snv":"Sim","tempo":"0d 0h 37min","tipo":"Rio","vel_cional":25.0},"type":"Feature"},{"bbox":[-52.271788,-1.758549,-52.211579,-1.641155],"geometry":{"coordinates":[[-52.25415,-1.75855],[-52.2608,-1.7514],[-52.26977,-1.72741],[-52.27179,-1.71368],[-52.2666,-1.70099],[-52.25848,-1.6911],[-52.25262,-1.68628],[-52.2464,-1.67657],[-52.23541,-1.66241],[-52.23511,-1.65887],[-52.23871,-1.6521],[-52.23797,-1.65002],[-52.22479,-1.6441],[-52.22149,-1.643],[-52.21362,-1.64221],[-52.21158,-1.64115]],"type":"LineString"},"id":229,"properties":{"cla_icacao":"Navegável","dominio":"União","est_estino":"PA","est_origem":"PA","extensao":17.1586082828,"fonte":"LabTrans/ANA/Antaq","idantaq":1,"idhidrovia":200002846,"idm_estino":"BR150590","idm_origem":"BR150590","idseq":0,"jurisdicao":"AHIMOR","mun_estino":"Porto de Moz","mun_origem":"Porto de Moz","navegacao":"Navegação Interior","nom_eclusa":null,"nome":"Hidrovia do Amazonas","nome_rio":"Rio Xingu","observacao":"Foz no rio Amazonas _AM_ até PK 1522.","pro_de_max":7.2,"pro_de_min":4.2,"reg_rafica":"Região Hidrográfica Amazônica","snv":"Sim","tempo":"0d 1h 8min","tipo":"Rio","vel_cional":15.0},"type":"Feature"},{"bbox":[-63.923705,-8.749998,-63.733642,-8.579304],"geometry":{"coordinates":[[-63.91749,-8.75],[-63.92187,-8.73859],[-63.92358,-8.72888],[-63.9237,-8.71197],[-63.91778,-8.6651],[-63.91449,-8.65277],[-63.9118,-8.64581],[-63.9071,-8.63959],[-63.90198,-8.6358],[-63.89477,-8.6344],[-63.88898,-8.63501],[-63.88409,-8.6369],[-63.87842,-8.63782],[-63.8471,-8.63531],[-63.84289,-8.63391],[-63.83649,-8.62512],[-63.82989,-8.61951],[-63.81671,-8.6159],[-63.77338,-8.59869],[-63.75189,-8.5874],[-63.73364,-8.5793]],"type":"LineString"},"id":230,"properties":{"cla_icacao":"Navegável","dominio":"União","est_estino":"RO","est_origem":"RO","extensao":33.6098407451,"fonte":"LabTrans/Antaq","idantaq":5,"idhidrovia":200002848,"idm_estino":"BR110020","idm_origem":"BR110020","idseq":0,"jurisdicao":"AHIMOC","mun_estino":"Porto Velho","mun_origem":"Porto Velho","navegacao":"Navegação Interior","nom_eclusa":null,"nome":"Hidrovia do Madeira","nome_rio":"Rio Madeira","observacao":"Foz no rio Amazonas _AM_ até a confluência dos rios Beni _rio boliviano_ e Mamoré _RO_.","pro_de_max":7.0,"pro_de_min":2.0,"reg_rafica":"Região Hidrográfica Amazônica","snv":"Sim","tempo":"0d 1h 31min","tipo":"Rio","vel_cional":22.0},"type":"Feature"},{"bbox":[-72.676414,-7.732572,-72.641513,-7.655109],"geometry":{"coordinates":[[-72.64627,-7.73257],[-72.64555,-7.72479],[-72.64177,-7.70441],[-72.64151,-7.68329],[-72.64226,-7.67968],[-72.64458,-7.67624],[-72.64617,-7.67552],[-72.64956,-7.67621],[-72.65801,-7.68133],[-72.66223,-7.68203],[-72.66695,-7.67975],[-72.66973,-7.6772],[-72.67287,-7.67247],[-72.67274,-7.67004],[-72.66555,-7.66683],[-72.66414,-7.6628],[-72.66551,-7.66059],[-72.66796,-7.65888],[-72.67507,-7.65641],[-72.67641,-7.65511]],"type":"LineString"},"id":231,"properties":{"cla_icacao":"Navegação sazonal","dominio":"União","est_estino":"AC","est_origem":"AC","extensao":13.4264439467,"fonte":"LabTrans/Antaq","idantaq":21,"idhidrovia":200002849,"idm_estino":"BR120042","idm_origem":"BR120020","idseq":0,"jurisdicao":"AHIMOC","mun_estino":"Rodrigues Alves","mun_origem":"Cruzeiro do Sul","navegacao":"Navegação Interior","nom_eclusa":null,"nome":"Hidrovia do Juruá","nome_rio":"Rio Juruá","observacao":"Foz no rio Solimões _AM_ até  Marechal Taumaturgo _AC_.","pro_de_max":4.0,"pro_de_min":1.8,"reg_rafica":"Região Hidrográfica Amazônica","snv":"Sim","tempo":"0d 1h 20min","tipo":"Rio","vel_cional":10.0},"type":"Feature"},{"bbox":[-72.810343,-8.267738,-72.620754,-7.732572],"geometry":{"coordinates":[[-72.74057,-8.26774],[-72.73892,-8.26204],[-72.73405,-8.25629],[-72.73257,-8.25132],[-72.73347,-8.24891],[-72.73729,-8.24503],[-72.75319,-8.23947],[-72.75335,-8.23639],[-72.75237,-8.23548],[-72.74239,-8.23559],[-72.73888,-8.23375],[-72.73829,-8.2324],[-72.73953,-8.22991],[-72.74573,-8.22405],[-72.75021,-8.21589],[-72.75417,-8.21373],[-72.76005,-8.21194],[-72.75974,-8.20818],[-72.7547,-8.20437],[-72.75466,-8.20241],[-72.75828,-8.20046],[-72.76235,-8.20113],[-72.77439,-8.20081],[-72.78327,-8.2027],[-72.78836,-8.20525],[-72.79291,-8.20637],[-72.79657,-8.20571],[-72.7985,-8.20448],[-72.79919,-8.20343],[-72.79882,-8.19926],[-72.79507,-8.19225],[-72.79461,-8.18915],[-72.79664,-8.18113],[-72.79484,-8.17392],[-72.79531,-8.17118],[-72.79835,-8.16309],[-72.79948,-8.16207],[-72.80092,-8.16251],[-72.80477,-8.16866],[-72.80807,-8.16769],[-72.80993,-8.16492],[-72.81034,-8.16215],[-72.80915,-8.15793],[-72.80337,-8.15135],[-72.80289,-8.14987],[-72.80271,-8.14725],[-72.80536,-8.14035],[-72.80545,-8.13267],[-72.80658,-8.12874],[-72.8076,-8.12767],[-72.80699,-8.12322],[-72.80507,-8.12146],[-72.80311,-8.12163],[-72.80102,-8.12331],[-72.7949,-8.13371],[-72.79346,-8.13494],[-72.79173,-8.13506],[-72.79066,-8.13129],[-72.78957,-8.11857],[-72.79104,-8.11551],[-72.79709,-8.11151],[-72.79703,-8.10763],[-72.79624,-8.10661],[-72.78732,-8.10457],[-72.78615,-8.10261],[-72.7852,-8.09775],[-72.78603,-8.08863],[-72.78487,-8.08514],[-72.78318,-8.08445],[-72.77497,-8.08733],[-72.77044,-8.08691],[-72.76814,-8.084],[-72.76618,-8.07801],[-72.76543,-8.073],[-72.76719,-8.07213],[-72.77609,-8.07487],[-72.78062,-8.07353],[-72.78362,-8.0712],[-72.78252,-8.06719],[-72.77941,-8.06451],[-72.77811,-8.06134],[-72.77961,-8.05478],[-72.77827,-8.05311],[-72.77684,-8.05309],[-72.77116,-8.05857],[-72.7684,-8.05834],[-72.76735,-8.05742],[-72.7666,-8.0545],[-72.76871,-8.04436],[-72.7671,-8.0427],[-72.76495,-8.04303],[-72.76207,-8.04512],[-72.75942,-8.04386],[-72.75872,-8.04152],[-72.75673,-8.04073],[-72.75519,-8.04109],[-72.7478,-8.04765],[-72.74463,-8.04732],[-72.74295,-8.04362],[-72.74944,-8.03429],[-72.75272,-8.02762],[-72.7555,-8.02559],[-72.75919,-8.02543],[-72.76194,-8.02408],[-72.7619,-8.02259],[-72.75973,-8.02157],[-72.7506,-8.02045],[-72.74415,-8.01629],[-72.74434,-8.01467],[-72.75435,-8.00711],[-72.75982,-8.00453],[-72.76043,-8.0029],[-72.75953,-8.00058],[-72.75359,-7.99723],[-72.75269,-7.99451],[-72.75303,-7.99303],[-72.75488,-7.99108],[-72.76355,-7.99119],[-72.76517,-7.9906],[-72.76667,-7.98647],[-72.76566,-7.98004],[-72.76648,-7.97882],[-72.7734,-7.97519],[-72.77522,-7.97188],[-72.77738,-7.97217],[-72.7793,-7.97991],[-72.78099,-7.98116],[-72.78352,-7.97946],[-72.78437,-7.97671],[-72.78317,-7.97182],[-72.77739,-7.96427],[-72.77725,-7.96008],[-72.77845,-7.95697],[-72.7806,-7.95547],[-72.78972,-7.95189],[-72.79045,-7.94842],[-72.78865,-7.94558],[-72.78611,-7.94482],[-72.7802,-7.9467],[-72.77747,-7.94943],[-72.77496,-7.95105],[-72.77372,-7.95095],[-72.77088,-7.94955],[-72.76689,-7.94592],[-72.75961,-7.94558],[-72.75834,-7.9443],[-72.7594,-7.93934],[-72.76443,-7.93056],[-72.76657,-7.93064],[-72.77301,-7.93545],[-72.7772,-7.93534],[-72.77795,-7.93372],[-72.77598,-7.93083],[-72.7707,-7.92731],[-72.76944,-7.91556],[-72.76662,-7.91465],[-72.75994,-7.91671],[-72.75738,-7.91503],[-72.75611,-7.91249],[-72.75657,-7.90906],[-72.75853,-7.9058],[-72.76434,-7.90298],[-72.7668,-7.90073],[-72.76643,-7.89342],[-72.76863,-7.8903],[-72.76979,-7.88636],[-72.76845,-7.88346],[-72.76476,-7.88116],[-72.75704,-7.88125],[-72.75564,-7.88061],[-72.75406,-7.87824],[-72.75383,-7.86948],[-72.75301,-7.86864],[-72.75028,-7.86848],[-72.74666,-7.86964],[-72.74186,-7.87453],[-72.74003,-7.87506],[-72.73789,-7.8744],[-72.73242,-7.87052],[-72.72746,-7.87244],[-72.72568,-7.87239],[-72.72346,-7.86941],[-72.72435,-7.8658],[-72.72703,-7.86274],[-72.73588,-7.85973],[-72.73614,-7.85752],[-72.73417,-7.85638],[-72.72596,-7.85454],[-72.71928,-7.85111],[-72.71525,-7.85009],[-72.71239,-7.84708],[-72.71119,-7.84383],[-72.70932,-7.84306],[-72.70315,-7.84759],[-72.7007,-7.84806],[-72.68738,-7.84651],[-72.68692,-7.84274],[-72.6886,-7.83773],[-72.68858,-7.8351],[-72.68465,-7.82911],[-72.67944,-7.825],[-72.67518,-7.82688],[-72.67224,-7.82928],[-72.6597,-7.83482],[-72.65577,-7.83438],[-72.65428,-7.83151],[-72.65585,-7.82557],[-72.65573,-7.82373],[-72.65466,-7.82244],[-72.65369,-7.82171],[-72.65064,-7.822],[-72.64541,-7.82391],[-72.64206,-7.82376],[-72.64085,-7.82093],[-72.64031,-7.81564],[-72.63917,-7.8138],[-72.63279,-7.81032],[-72.63269,-7.8083],[-72.63742,-7.80405],[-72.63786,-7.80175],[-72.63605,-7.79602],[-72.63593,-7.79284],[-72.64154,-7.78541],[-72.64116,-7.78439],[-72.63964,-7.78392],[-72.63001,-7.78358],[-72.62806,-7.78285],[-72.62096,-7.77525],[-72.62075,-7.77286],[-72.62135,-7.77206],[-72.62396,-7.77195],[-72.62979,-7.77414],[-72.63587,-7.77399],[-72.64104,-7.77529],[-72.64249,-7.77448],[-72.64237,-7.77187],[-72.63763,-7.76749],[-72.62731,-7.76684],[-72.62431,-7.7632],[-72.62358,-7.75833],[-72.62591,-7.75366],[-72.63677,-7.74789],[-72.63982,-7.74479],[-72.6436,-7.73498],[-72.64598,-7.73358],[-72.64627,-7.73257]],"type":"LineString"},"id":232,"properties":{"cla_icacao":"Navegação sazonal","dominio":"União","est_estino":"AC","est_origem":"AC","extensao":130.469848012,"fonte":"LabTrans/Antaq","idantaq":21,"idhidrovia":200002850,"idm_estino":"BR120039","idm_origem":"BR120042","idseq":0,"jurisdicao":"AHIMOC","mun_estino":"Porto Walter","mun_origem":"Rodrigues Alves","navegacao":"Navegação Interior","nom_eclusa":null,"nome":"Hidrovia do Juruá","nome_rio":"Rio Juruá","observacao":"Foz no rio Solimões _AM_ até  Marechal Taumaturgo _AC_.","pro_de_max":4.0,"pro_de_min":1.8,"reg_rafica":"Região Hidrográfica Amazônica","snv":"Sim","tempo":"0d 13h 2min","tipo":"Rio","vel_cional":10.0},"type":"Feature"},{"bbox":[-51.970073,-2.897896,-51.921227,-2.851081],"geometry":{"coordinates":[[-51.92123,-2.8979],[-51.9317,-2.88629],[-51.93829,-2.88238],[-51.9461,-2.87378],[-51.96368,-2.8587],[-51.97007,-2.85108]],"type":"LineString"},"id":233,"properties":{"cla_icacao":"Navegação inexpressiva","dominio":"União","est_estino":"PA","est_origem":"PA","extensao":7.54407459858,"fonte":"LabTrans/ANA/Antaq","idantaq":1,"idhidrovia":200002851,"idm_estino":"BR150780","idm_origem":"BR150780","idseq":0,"jurisdicao":"AHIMOR","mun_estino":"Senador José Porfírio","mun_origem":"Senador José Porfírio","navegacao":"Navegação Interior","nom_eclusa":null,"nome":"Hidrovia do Amazonas","nome_rio":"Rio Xingu","observacao":"Foz no rio Amazonas _AM_ até PK 1522.","pro_de_max":6.0,"pro_de_min":2.3,"reg_rafica":"Região Hidrográfica Amazônica","snv":"Sim","tempo":"0d 1h 4min","tipo":"Rio","vel_cional":7.0},"type":"Feature"},{"bbox":[-64.495477,-3.489852,-64.419711,-3.375538],"geometry":{"coordinates":[[-64.49548,-3.37554],[-64.48089,-3.39007],[-64.47339,-3.4024],[-64.46429,-3.43017],[-64.4599,-3.45428],[-64.45502,-3.4657],[-64.44317,-3.4787],[-64.4284,-3.48669],[-64.41971,-3.48985]],"type":"LineString"},"id":234,"properties":{"cla_icacao":"Navegável","dominio":"União","est_estino":"AM","est_origem":"AM","extensao":16.0389038491,"fonte":"LabTrans/Antaq","idantaq":2,"idhidrovia":200002852,"idm_estino":"BR130420","idm_origem":"BR130420","idseq":0,"jurisdicao":"AHIMOC","mun_estino":"Tefé","mun_origem":"Tefé","navegacao":"Navegação Interior","nom_eclusa":null,"nome":"Hidrovia do Solimões","nome_rio":"Rio Solimões","observacao":"Confluência com o rio Negro _AM_ até Tabatinga _AM_.","pro_de_max":10.0,"pro_de_min":6.0,"reg_rafica":"Região Hidrográfica Amazônica","snv":"Sim","tempo":"0d 1h 36min","tipo":"Rio","vel_cional":10.0},"type":"Feature"},{"bbox":[-59.8963,-3.124998,-59.850531,-3.093378],"geometry":{"coordinates":[[-59.8963,-3.125],[-59.8634,-3.10089],[-59.85053,-3.09338]],"type":"LineString"},"id":235,"properties":{"cla_icacao":"Navegável","dominio":"União","est_estino":"AM","est_origem":"AM","extensao":6.18632425237,"fonte":"LabTrans/Antaq","idantaq":1,"idhidrovia":200002853,"idm_estino":"BR130260","idm_origem":"BR130260","idseq":0,"jurisdicao":"AHIMOC","mun_estino":"Manaus","mun_origem":"Manaus","navegacao":"Navegação Interior","nom_eclusa":null,"nome":"Hidrovia do Amazonas","nome_rio":"Rio Amazonas","observacao":"Foz no oceano Atlântico _PA_ até a confluência dos rios Negro e Solimões.","pro_de_max":7.5,"pro_de_min":5.0,"reg_rafica":"Região Hidrográfica Amazônica","snv":"Sim","tempo":"0d 0h 14min","tipo":"Rio","vel_cional":25.0},"type":"Feature"},{"bbox":[-56.705154,-2.213059,-56.494886,-2.139083],"geometry":{"coordinates":[[-56.70515,-2.18481],[-56.69924,-2.18629],[-56.69512,-2.19218],[-56.69002,-2.20689],[-56.67812,-2.21306],[-56.66652,-2.21208],[-56.64189,-2.20568],[-56.634,-2.20519],[-56.62637,-2.20544],[-56.61208,-2.20938],[-56.60764,-2.2079],[-56.60641,-2.19362],[-56.60345,-2.18157],[-56.60197,-2.17738],[-56.5963,-2.17295],[-56.59212,-2.17369],[-56.58645,-2.17836],[-56.5819,-2.17982],[-56.57709,-2.17982],[-56.56666,-2.17324],[-56.56056,-2.16555],[-56.55189,-2.16058],[-56.54467,-2.15496],[-56.53808,-2.15287],[-56.53086,-2.14245],[-56.52829,-2.14052],[-56.52188,-2.13908],[-56.51175,-2.14261],[-56.50502,-2.14598],[-56.49489,-2.15284]],"type":"LineString"},"id":236,"properties":{"cla_icacao":"Navegação inexpressiva","dominio":"União","est_estino":"PA","est_origem":"PA","extensao":30.5445604741,"fonte":"ANA/Antaq","idantaq":1,"idhidrovia":200002859,"idm_estino":"BR150300","idm_origem":"BR150797","idseq":0,"jurisdicao":"AHIMOC","mun_estino":"Faro","mun_origem":"Terra Santa","navegacao":"Navegação Interior","nom_eclusa":null,"nome":"Hidrovia do Amazonas","nome_rio":"Rio Nhamundá","observacao":"Foz no Rio Amazonas _AM_ até Nhaumndá _AM_","pro_de_max":2.5,"pro_de_min":1.4,"reg_rafica":"Região Hidrográfica Amazônica","snv":"Sim","tempo":"0d 2h 2min","tipo":"Rio","vel_cional":15.0},"type":"Feature"},{"bbox":[-56.100263,-2.148049,-56.081114,-2.005402],"geometry":{"coordinates":[[-56.10026,-2.14805],[-56.0971,-2.14502],[-56.0943,-2.13977],[-56.09131,-2.12817],[-56.09058,-2.1217],[-56.08368,-2.10272],[-56.08148,-2.09277],[-56.08111,-2.06531],[-56.08447,-2.04687],[-56.08881,-2.02899],[-56.09259,-2.00769],[-56.09211,-2.0054]],"type":"LineString"},"id":237,"properties":{"cla_icacao":"Navegável","dominio":"União","est_estino":"PA","est_origem":"PA","extensao":16.3428247719,"fonte":"LabTrans/Antaq","idantaq":1,"idhidrovia":200002860,"idm_estino":"BR150390","idm_origem":"BR150390","idseq":0,"jurisdicao":"AHIMOC","mun_estino":"Juruti","mun_origem":"Juruti","navegacao":"Navegação Interior","nom_eclusa":null,"nome":"Hidrovia do Amazonas","nome_rio":"Rio Amazonas","observacao":"Foz no oceano Atlântico _PA_ até a confluência dos rios Negro e Solimões.","pro_de_max":7.5,"pro_de_min":5.0,"reg_rafica":"Região Hidrográfica Amazônica","snv":"Sim","tempo":"0d 0h 39min","tipo":"Rio","vel_cional":25.0},"type":"Feature"},{"bbox":[-56.494886,-2.179036,-56.092106,-2.005402],"geometry":{"coordinates":[[-56.49489,-2.15284],[-56.49284,-2.15401],[-56.48658,-2.16203],[-56.48048,-2.16829],[-56.47518,-2.16877],[-56.46876,-2.16492],[-56.46154,-2.16203],[-56.45801,-2.15754],[-56.44773,-2.15529],[-56.44292,-2.15513],[-56.43602,-2.15786],[-56.42848,-2.16444],[-56.42429,-2.17037],[-56.41947,-2.17422],[-56.40967,-2.17903],[-56.40068,-2.17904],[-56.39554,-2.17807],[-56.39521,-2.16909],[-56.38959,-2.16556],[-56.38541,-2.16026],[-56.38545,-2.14759],[-56.38075,-2.14133],[-56.36962,-2.13747],[-56.36078,-2.14385],[-56.34899,-2.14483],[-56.32786,-2.14482],[-56.32,-2.14139],[-56.31852,-2.13893],[-56.31214,-2.13304],[-56.31067,-2.12568],[-56.30231,-2.12077],[-56.30084,-2.11586],[-56.30084,-2.10947],[-56.29346,-2.09965],[-56.28068,-2.09278],[-56.2674,-2.09277],[-56.25953,-2.0908],[-56.24784,-2.07843],[-56.23223,-2.06004],[-56.22664,-2.05724],[-56.21913,-2.0593],[-56.21206,-2.05959],[-56.19791,-2.0571],[-56.191,-2.04488],[-56.18288,-2.04032],[-56.1761,-2.03915],[-56.16918,-2.03915],[-56.163,-2.04209],[-56.13293,-2.03517],[-56.12696,-2.03098],[-56.12048,-2.02273],[-56.11032,-2.01464],[-56.09588,-2.00992],[-56.09211,-2.0054]],"type":"LineString"},"id":238,"properties":{"cla_icacao":"Navegação inexpressiva","dominio":"União","est_estino":"PA","est_origem":"PA","extensao":57.5109251782,"fonte":"ANA/Antaq","idantaq":1,"idhidrovia":200002861,"idm_estino":"BR150797","idm_origem":"BR150390","idseq":0,"jurisdicao":"AHIMOC","mun_estino":"Terra Santa","mun_origem":"Juruti","navegacao":"Navegação Interior","nom_eclusa":null,"nome":"Hidrovia do Amazonas","nome_rio":"Rio Nhamundá","observacao":"Foz no Rio Amazonas _AM_ até Nhaumndá _AM_","pro_de_max":2.5,"pro_de_min":1.4,"reg_rafica":"Região Hidrográfica Amazônica","snv":"Sim","tempo":"0d 3h 50min","tipo":"Rio","vel_cional":15.0},"type":"Feature"},{"bbox":[-48.495909,-1.288023,-48.487148,-1.222956],"geometry":{"coordinates":[[-48.49591,-1.28802],[-48.49371,-1.25681],[-48.48715,-1.23168],[-48.48728,-1.22296]],"type":"LineString"},"id":239,"properties":{"cla_icacao":"Navegável","dominio":null,"est_estino":"PA","est_origem":"PA","extensao":7.30214508494,"fonte":"LabTrans/Antaq","idantaq":9,"idhidrovia":200002863,"idm_estino":"BR150140","idm_origem":"BR150140","idseq":0,"jurisdicao":"AHIMOR","mun_estino":"Belém","mun_origem":"Belém","navegacao":"Navegação Interior","nom_eclusa":null,"nome":"Hidrovia do Tocantins","nome_rio":"Baía de Marajó","observacao":null,"pro_de_max":10.0,"pro_de_min":5.0,"reg_rafica":"Região Hidrográfica do Tocantins","snv":"Não","tempo":"0d 0h 29min","tipo":"Baía","vel_cional":15.0},"type":"Feature"},{"bbox":[-48.500185,-1.222956,-48.472728,-1.019857],"geometry":{"coordinates":[[-48.48728,-1.22296],[-48.48749,-1.20877],[-48.48972,-1.18741],[-48.49793,-1.16323],[-48.49952,-1.14846],[-48.50019,-1.0845],[-48.48203,-1.03802],[-48.47273,-1.01986]],"type":"LineString"},"id":240,"properties":{"cla_icacao":"Navegável","dominio":null,"est_estino":"PA","est_origem":"PA","extensao":23.2797124052,"fonte":"LabTrans/Antaq","idantaq":9,"idhidrovia":200002864,"idm_estino":"BR150140","idm_origem":"BR150200","idseq":0,"jurisdicao":"AHIMOR","mun_estino":"Belém","mun_origem":"Cachoeira do Arari","navegacao":"Navegação Interior","nom_eclusa":null,"nome":"Hidrovia do Tocantins","nome_rio":"Baía de Marajó","observacao":null,"pro_de_max":10.0,"pro_de_min":5.0,"reg_rafica":"Região Hidrográfica do Tocantins","snv":"Não","tempo":"0d 1h 33min","tipo":"Baía","vel_cional":15.0},"type":"Feature"},{"bbox":[-50.515043,-19.066117,-50.503343,-19.041637],"geometry":{"coordinates":[[-50.50334,-19.04164],[-50.50803,-19.05569],[-50.51504,-19.06612]],"type":"LineString"},"id":241,"properties":{"cla_icacao":"Navegação inexpressiva","dominio":"União","est_estino":"GO","est_origem":"MG","extensao":3.00552166685,"fonte":"LabTrans/ANA/Antaq","idantaq":3,"idhidrovia":200002868,"idm_estino":"BR522040","idm_origem":"BR315980","idseq":0,"jurisdicao":"AHRANA","mun_estino":"São Simão","mun_origem":"Santa Vitória","navegacao":"Navegação Interior","nom_eclusa":null,"nome":"Hidrovia do Tietê - Paraná","nome_rio":"Rio Paranaíba","observacao":"Confluência com o rio Grande até o PK 790.","pro_de_max":1.3,"pro_de_min":1.1,"reg_rafica":"Região Hidrográfica do Paraná","snv":"Sim","tempo":"0d 0h 18min","tipo":"Rio","vel_cional":10.0},"type":"Feature"},{"bbox":[-51.035459,-20.168892,-51.009682,-20.108166],"geometry":{"coordinates":[[-51.00968,-20.10817],[-51.01583,-20.12441],[-51.02747,-20.14391],[-51.03546,-20.16889]],"type":"LineString"},"id":242,"properties":{"cla_icacao":"Navegável","dominio":"União","est_estino":"MS","est_origem":"MS","extensao":7.2739791344,"fonte":"ANA/Antaq","idantaq":3,"idhidrovia":200002870,"idm_estino":"BR500100","idm_origem":"BR500100","idseq":0,"jurisdicao":"AHRANA","mun_estino":"Aparecida do Taboado","mun_origem":"Aparecida do Taboado","navegacao":"Navegação Interior","nom_eclusa":null,"nome":"Hidrovia do Tietê - Paraná","nome_rio":"Rio Paraná","observacao":"Confluência com o rio Iguaçu até a confluência dos rios Grande e Paranaíba.","pro_de_max":4.0,"pro_de_min":2.5,"reg_rafica":"Região Hidrográfica do Paraná","snv":"Sim","tempo":"0d 0h 43min","tipo":"Rio","vel_cional":10.0},"type":"Feature"},{"bbox":[-47.795806,-1.825835,-47.765276,-1.673635],"geometry":{"coordinates":[[-47.76528,-1.82584],[-47.77185,-1.81826],[-47.78811,-1.79258],[-47.79239,-1.76092],[-47.79581,-1.69759],[-47.79324,-1.68561],[-47.77655,-1.67363]],"type":"LineString"},"id":243,"properties":{"cla_icacao":"Navegação inexpressiva","dominio":"Estados ou Distrito Federal","est_estino":"PA","est_origem":"PA","extensao":18.6749017512,"fonte":"ANA/Antaq","idantaq":9,"idhidrovia":200002890,"idm_estino":"BR150720","idm_origem":"BR150720","idseq":0,"jurisdicao":"AHIMOR","mun_estino":"São Domingos do Capim","mun_origem":"São Domingos do Capim","navegacao":"Navegação Interior","nom_eclusa":null,"nome":"Hidrovia do Tocantins","nome_rio":"Rio Capim","observacao":"Foz no rio Guamá _PA_ até Paragominas _PA_, no cruzamento com a rodovia PA-256,","pro_de_max":1.5,"pro_de_min":1.2,"reg_rafica":"Região Hidrográfica do Tocantins","snv":"Sim","tempo":"0d 1h 52min","tipo":"Rio","vel_cional":10.0},"type":"Feature"},{"bbox":[-58.219821,-3.066611,-58.13872,-2.971408],"geometry":{"coordinates":[[-58.21982,-3.06661],[-58.19989,-3.0498],[-58.18518,-3.03931],[-58.15802,-3.01141],[-58.14868,-2.9975],[-58.13872,-2.97141]],"type":"LineString"},"id":244,"properties":{"cla_icacao":"Navegável","dominio":"União","est_estino":"AM","est_origem":"AM","extensao":14.1612463872,"fonte":"LabTrans/Antaq","idantaq":1,"idhidrovia":200002893,"idm_estino":"BR130190","idm_origem":"BR130440","idseq":0,"jurisdicao":"AHIMOC","mun_estino":"Itacoatiara","mun_origem":"Urucurituba","navegacao":"Navegação Interior","nom_eclusa":null,"nome":"Hidrovia do Amazonas","nome_rio":"Rio Amazonas","observacao":"Foz no oceano Atlântico _PA_ até a confluência dos rios Negro e Solimões.","pro_de_max":7.5,"pro_de_min":5.0,"reg_rafica":"Região Hidrográfica Amazônica","snv":"Sim","tempo":"0d 0h 33min","tipo":"Rio","vel_cional":25.0},"type":"Feature"},{"bbox":[-53.165009,-22.693878,-53.021844,-22.600951],"geometry":{"coordinates":[[-53.02184,-22.60095],[-53.0346,-22.61115],[-53.03748,-22.61681],[-53.04061,-22.61943],[-53.0597,-22.63085],[-53.06904,-22.63332],[-53.0742,-22.63657],[-53.07814,-22.6407],[-53.08623,-22.65298],[-53.1002,-22.66706],[-53.12344,-22.68583],[-53.13686,-22.69388],[-53.16501,-22.68999]],"type":"LineString"},"id":245,"properties":{"cla_icacao":"Navegação inexpressiva","dominio":"União","est_estino":"SP","est_origem":"MS","extensao":18.9051053368,"fonte":"ANA/Antaq","idantaq":3,"idhidrovia":200002895,"idm_estino":"BR354425","idm_origem":"BR500200","idseq":0,"jurisdicao":"AHRANA","mun_estino":"Rosana","mun_origem":"Batayporã","navegacao":"Navegação Interior","nom_eclusa":null,"nome":"Hidrovia do Tietê - Paraná","nome_rio":"Rio Paranapanema","observacao":"Foz no rio Paraná _PR_ até o PK 786.","pro_de_max":1.5,"pro_de_min":1.1,"reg_rafica":"Região Hidrográfica do Paraná","snv":"Sim","tempo":"0d 1h 53min","tipo":"Rio","vel_cional":10.0},"type":"Feature"},{"bbox":[-48.472728,-1.019857,-48.380958,-0.882866],"geometry":{"coordinates":[[-48.47273,-1.01986],[-48.45822,-0.99152],[-48.38096,-0.88287]],"type":"LineString"},"id":246,"properties":{"cla_icacao":"Navegável","dominio":null,"est_estino":"PA","est_origem":"PA","extensao":18.3110777725,"fonte":"LabTrans/Antaq","idantaq":9,"idhidrovia":200002897,"idm_estino":"BR150200","idm_origem":"BR150260","idseq":0,"jurisdicao":"AHIMOR","mun_estino":"Cachoeira do Arari","mun_origem":"Colares","navegacao":"Navegação Interior","nom_eclusa":null,"nome":"Hidrovia do Tocantins","nome_rio":"Baía de Marajó","observacao":null,"pro_de_max":10.0,"pro_de_min":5.0,"reg_rafica":"Região Hidrográfica do Tocantins","snv":"Não","tempo":"0d 1h 13min","tipo":"Baía","vel_cional":15.0},"type":"Feature"},{"bbox":[-56.888516,-2.771335,-56.720885,-2.724425],"geometry":{"coordinates":[[-56.88852,-2.77134],[-56.88238,-2.7655],[-56.87543,-2.76129],[-56.86359,-2.75079],[-56.8518,-2.74371],[-56.84277,-2.74219],[-56.8399,-2.7431],[-56.83569,-2.74768],[-56.8316,-2.75531],[-56.82593,-2.76361],[-56.823,-2.76471],[-56.82001,-2.76343],[-56.81549,-2.75329],[-56.80481,-2.73889],[-56.79761,-2.7348],[-56.78747,-2.73041],[-56.7619,-2.72449],[-56.75799,-2.72443],[-56.75097,-2.72589],[-56.7409,-2.73077],[-56.73199,-2.73352],[-56.72552,-2.73327],[-56.72089,-2.73028]],"type":"LineString"},"id":247,"properties":{"cla_icacao":"Navegável","dominio":null,"est_estino":"AM","est_origem":"AM","extensao":23.1112401426,"fonte":"LabTrans/Antaq","idantaq":1,"idhidrovia":200002900,"idm_estino":"BR130050","idm_origem":"BR130340","idseq":0,"jurisdicao":"AHIMOC","mun_estino":"Barreirinha","mun_origem":"Parintins","navegacao":"Navegação Interior","nom_eclusa":null,"nome":"Hidrovia do Amazonas","nome_rio":"Rio Andirá","observacao":null,"pro_de_max":3.0,"pro_de_min":1.5,"reg_rafica":"Região Hidrográfica Amazônica","snv":"Não","tempo":"0d 1h 32min","tipo":"Rio","vel_cional":15.0},"type":"Feature"},{"bbox":[-57.642872,-3.038767,-57.591795,-2.96881],"geometry":{"coordinates":[[-57.64287,-3.03877],[-57.62161,-3.0081],[-57.61236,-2.99217],[-57.60724,-2.98555],[-57.5979,-2.97818],[-57.59179,-2.96881]],"type":"LineString"},"id":248,"properties":{"cla_icacao":"Navegável","dominio":null,"est_estino":"AM","est_origem":"AM","extensao":9.65630018355,"fonte":"LabTrans/Antaq","idantaq":1,"idhidrovia":200002901,"idm_estino":"BR130068","idm_origem":"BR130068","idseq":0,"jurisdicao":"AHIMOC","mun_estino":"Boa Vista do Ramos","mun_origem":"Boa Vista do Ramos","navegacao":"Navegação Interior","nom_eclusa":null,"nome":"Hidrovia do Amazonas","nome_rio":"Rio Curuçá","observacao":null,"pro_de_max":3.0,"pro_de_min":1.5,"reg_rafica":"Região Hidrográfica Amazônica","snv":"Não","tempo":"0d 0h 38min","tipo":"Rio","vel_cional":15.0},"type":"Feature"},{"bbox":[-56.720885,-2.730284,-56.665587,-2.594115],"geometry":{"coordinates":[[-56.72089,-2.73028],[-56.71832,-2.72748],[-56.71478,-2.72149],[-56.7135,-2.71051],[-56.71142,-2.70349],[-56.70831,-2.69769],[-56.7019,-2.6897],[-56.69452,-2.6759],[-56.67859,-2.65588],[-56.66931,-2.6463],[-56.66662,-2.64129],[-56.66559,-2.63769],[-56.66607,-2.63299],[-56.6723,-2.6214],[-56.67291,-2.61859],[-56.67297,-2.61249],[-56.67187,-2.60718],[-56.66778,-2.59411]],"type":"LineString"},"id":249,"properties":{"cla_icacao":"Navegável","dominio":null,"est_estino":"AM","est_origem":"AM","extensao":17.2742279605,"fonte":"LabTrans/Antaq","idantaq":1,"idhidrovia":200002902,"idm_estino":"BR130340","idm_origem":"BR130340","idseq":0,"jurisdicao":"AHIMOC","mun_estino":"Parintins","mun_origem":"Parintins","navegacao":"Navegação Interior","nom_eclusa":null,"nome":"Hidrovia do Amazonas","nome_rio":"Rio Mamuru","observacao":null,"pro_de_max":3.0,"pro_de_min":1.5,"reg_rafica":"Região Hidrográfica Amazônica","snv":"Não","tempo":"0d 1h 9min","tipo":"Rio","vel_cional":15.0},"type":"Feature"},{"bbox":[-67.324278,0.377857,-67.200346,0.916426],"geometry":{"coordinates":[[-67.20035,0.91643],[-67.20642,0.91632],[-67.21399,0.91131],[-67.2268,0.8905],[-67.2301,0.88013],[-67.23907,0.86407],[-67.25043,0.85431],[-67.25311,0.84589],[-67.25177,0.83929],[-67.25567,0.81427],[-67.25299,0.81128],[-67.24689,0.80829],[-67.2431,0.8045],[-67.24121,0.79907],[-67.2431,0.77032],[-67.23889,0.75848],[-67.23828,0.75311],[-67.23798,0.73767],[-67.23968,0.73248],[-67.23993,0.72888],[-67.2373,0.71832],[-67.23248,0.70813],[-67.23089,0.69971],[-67.22589,0.69312],[-67.22442,0.68829],[-67.22308,0.67871],[-67.22058,0.67273],[-67.22009,0.66711],[-67.22131,0.6607],[-67.22369,0.65588],[-67.23138,0.64868],[-67.23688,0.64752],[-67.2456,0.63751],[-67.25018,0.62988],[-67.25342,0.6203],[-67.25293,0.60571],[-67.25567,0.59192],[-67.25799,0.58227],[-67.26019,0.57751],[-67.26233,0.57568],[-67.263,0.57373],[-67.26147,0.56189],[-67.25842,0.55133],[-67.25879,0.53668],[-67.2608,0.53229],[-67.26758,0.52808],[-67.27991,0.53052],[-67.2973,0.52148],[-67.30139,0.51727],[-67.30212,0.50891],[-67.30109,0.50427],[-67.30121,0.50012],[-67.3056,0.49249],[-67.31457,0.48212],[-67.3222,0.47791],[-67.32269,0.4751],[-67.32123,0.46631],[-67.32379,0.45813],[-67.32428,0.44952],[-67.32251,0.44311],[-67.3197,0.43829],[-67.30847,0.4057],[-67.3067,0.39111],[-67.30766,0.37786]],"type":"LineString"},"id":250,"properties":{"cla_icacao":"Navegável","dominio":"União","est_estino":"AM","est_origem":"AM","extensao":70.2072721887,"fonte":"LabTrans/Antaq","idantaq":20,"idhidrovia":200002904,"idm_estino":"BR130380","idm_origem":"BR130380","idseq":0,"jurisdicao":"AHIMOC","mun_estino":"São Gabriel da Cachoeira","mun_origem":"São Gabriel da Cachoeira","navegacao":"Navegação Interior","nom_eclusa":null,"nome":"Hidrovia do Negro","nome_rio":"Rio Negro","observacao":"Confluência com o rio Solimões_AM_ até Cucuí _AM_.","pro_de_max":5.0,"pro_de_min":1.0,"reg_rafica":"Região Hidrográfica Amazônica","snv":"Sim","tempo":"0d 7h 1min","tipo":"Rio","vel_cional":10.0},"type":"Feature"},{"bbox":[-67.924803,-3.14337,-67.762443,-2.901509],"geometry":{"coordinates":[[-67.9248,-3.14337],[-67.9245,-3.1142],[-67.92218,-3.10309],[-67.91699,-3.08679],[-67.90399,-3.065],[-67.89368,-3.03961],[-67.88757,-3.02838],[-67.8797,-3.01959],[-67.86847,-3.0133],[-67.8576,-3.00879],[-67.80688,-2.97589],[-67.79761,-2.96771],[-67.7901,-2.95978],[-67.78589,-2.95379],[-67.78332,-2.94629],[-67.78168,-2.93542],[-67.7793,-2.92621],[-67.77441,-2.9165],[-67.76244,-2.90151]],"type":"LineString"},"id":251,"properties":{"cla_icacao":"Navegável","dominio":"União","est_estino":"AM","est_origem":"AM","extensao":42.1072668181,"fonte":"LabTrans","idantaq":2,"idhidrovia":200002911,"idm_estino":"BR130370","idm_origem":"BR130423","idseq":0,"jurisdicao":"AHIMOC","mun_estino":"Santo Antônio do Içá","mun_origem":"Tonantins","navegacao":"Navegação Interior","nom_eclusa":null,"nome":"Hidrovia do Solimões","nome_rio":"Rio Solimões","observacao":"Confluência com o rio Negro _AM_ até Tabatinga _AM_.","pro_de_max":10.0,"pro_de_min":6.0,"reg_rafica":"Região Hidrográfica Amazônica","snv":"Sim","tempo":"0d 4h 12min","tipo":"Rio","vel_cional":10.0},"type":"Feature"},{"bbox":[-52.100738,-32.09926,-52.093025,-32.080998],"geometry":{"coordinates":[[-52.09302,-32.081],[-52.09838,-32.09152],[-52.10074,-32.09926]],"type":"LineString"},"id":252,"properties":{"cla_icacao":"Navegável","dominio":"Estados ou Distrito Federal","est_estino":"RS","est_origem":"RS","extensao":2.2,"fonte":"LabTrans/Antaq","idantaq":18,"idhidrovia":200002913,"idm_estino":"BR431560","idm_origem":"BR431560","idseq":0,"jurisdicao":"SPH","mun_estino":"Rio Grande","mun_origem":"Rio Grande","navegacao":"Navegação Interior","nom_eclusa":null,"nome":"Hidrovia do Sul","nome_rio":"Lagoa dos Patos","observacao":"Confluência com o oceano Atlântico até a confluência com o Lago Guaíba _RS_.","pro_de_max":5.4,"pro_de_min":5.4,"reg_rafica":"Região Hidrográfica Atlântico Sul","snv":"Sim","tempo":"0d 0h 13min","tipo":"Laguna","vel_cional":10.0},"type":"Feature"},{"bbox":[-52.093025,-32.080998,-52.070576,-32.038542],"geometry":{"coordinates":[[-52.07516,-32.03854],[-52.07321,-32.04042],[-52.07184,-32.04572],[-52.07058,-32.05298],[-52.07109,-32.05737],[-52.07459,-32.06268],[-52.08545,-32.0716],[-52.09302,-32.081]],"type":"LineString"},"id":253,"properties":{"cla_icacao":"Navegável","dominio":"Estados ou Distrito Federal","est_estino":"RS","est_origem":"RS","extensao":5.9,"fonte":"LabTrans/Antaq","idantaq":18,"idhidrovia":200002914,"idm_estino":"BR431560","idm_origem":"BR431560","idseq":0,"jurisdicao":"SPH","mun_estino":"Rio Grande","mun_origem":"Rio Grande","navegacao":"Navegação Interior","nom_eclusa":null,"nome":"Hidrovia do Sul","nome_rio":"Lagoa dos Patos","observacao":"Confluência com o oceano Atlântico até a confluência com o Lago Guaíba _RS_.","pro_de_max":5.4,"pro_de_min":5.4,"reg_rafica":"Região Hidrográfica Atlântico Sul","snv":"Sim","tempo":"0d 0h 35min","tipo":"Laguna","vel_cional":10.0},"type":"Feature"},{"bbox":[-52.101884,-32.103936,-52.100738,-32.09926],"geometry":{"coordinates":[[-52.10074,-32.09926],[-52.10188,-32.10394]],"type":"LineString"},"id":254,"properties":{"cla_icacao":"Navegável","dominio":"Estados ou Distrito Federal","est_estino":"RS","est_origem":"RS","extensao":0.44,"fonte":"LabTrans/Antaq","idantaq":18,"idhidrovia":200002915,"idm_estino":"BR431560","idm_origem":"BR431560","idseq":0,"jurisdicao":"SPH","mun_estino":"Rio Grande","mun_origem":"Rio Grande","navegacao":"Navegação Interior","nom_eclusa":null,"nome":"Hidrovia do Sul","nome_rio":"Lagoa dos Patos","observacao":"Confluência com o oceano Atlântico até a confluência com o Lago Guaíba _RS_.","pro_de_max":5.4,"pro_de_min":5.4,"reg_rafica":"Região Hidrográfica Atlântico Sul","snv":"Sim","tempo":"0d 0h 2min","tipo":"Laguna","vel_cional":10.0},"type":"Feature"},{"bbox":[-64.709039,-3.400012,-64.495476,-3.339332],"geometry":{"coordinates":[[-64.70904,-3.34213],[-64.70074,-3.34374],[-64.6934,-3.33933],[-64.68533,-3.34521],[-64.68459,-3.35402],[-64.66109,-3.37091],[-64.64053,-3.38266],[-64.6189,-3.39287],[-64.58737,-3.40001],[-64.53265,-3.39287],[-64.49548,-3.37554]],"type":"LineString"},"id":255,"properties":{"cla_icacao":"Navegação inexpressiva","dominio":"Estados ou Distrito Federal","est_estino":"AM","est_origem":"AM","extensao":27.30003,"fonte":"LabTrans/Antaq","idantaq":2,"idhidrovia":200002917,"idm_estino":"BR130420","idm_origem":"BR130420","idseq":0,"jurisdicao":"AHIMOC","mun_estino":"Tefé","mun_origem":"Tefé","navegacao":"Navegação Interior","nom_eclusa":null,"nome":"Hidrovia do Solimões","nome_rio":"Lago Tefé","observacao":"Foz no rio Solimões _AM_ até a foz do rio Tefé.","pro_de_max":3.0,"pro_de_min":1.8,"reg_rafica":"Região Hidrográfica Amazônica","snv":"Sim","tempo":"0d 2h 43min","tipo":"Lago","vel_cional":10.0},"type":"Feature"},{"bbox":[-54.619992,-2.457212,-54.004311,-2.050883],"geometry":{"coordinates":[[-54.61999,-2.44856],[-54.60101,-2.45379],[-54.58362,-2.45721],[-54.55463,-2.45337],[-54.52319,-2.4563],[-54.49902,-2.45208],[-54.461,-2.44397],[-54.43847,-2.43518],[-54.41101,-2.42071],[-54.39661,-2.4118],[-54.38678,-2.40832],[-54.37658,-2.40619],[-54.35052,-2.40448],[-54.33197,-2.40558],[-54.29571,-2.40521],[-54.28741,-2.40637],[-54.27258,-2.41089],[-54.26147,-2.41162],[-54.25018,-2.40741],[-54.23181,-2.3977],[-54.17761,-2.37408],[-54.15179,-2.3609],[-54.1275,-2.34338],[-54.11029,-2.32989],[-54.10101,-2.3186],[-54.09198,-2.30621],[-54.06372,-2.2622],[-54.0567,-2.25079],[-54.04791,-2.23358],[-54.0426,-2.21899],[-54.03821,-2.203],[-54.03631,-2.17248],[-54.03699,-2.14068],[-54.03851,-2.12842],[-54.03851,-2.1217],[-54.03699,-2.11468],[-54.02533,-2.09418],[-54.02002,-2.0838],[-54.01709,-2.07599],[-54.00431,-2.05088]],"type":"LineString"},"id":256,"properties":{"cla_icacao":"Navegável","dominio":"União","est_estino":"PA","est_origem":"PA","extensao":94.182277912,"fonte":"LabTrans/Antaq","idantaq":1,"idhidrovia":200002920,"idm_estino":"BR150680","idm_origem":"BR150480","idseq":0,"jurisdicao":"AHIMOR","mun_estino":"Santarém","mun_origem":"Monte Alegre","navegacao":"Navegação Interior","nom_eclusa":null,"nome":"Hidrovia do Amazonas","nome_rio":"Rio Amazonas","observacao":null,"pro_de_max":7.5,"pro_de_min":5.0,"reg_rafica":"Região Hidrográfica Amazônica","snv":"Sim","tempo":"0d 3h 46min","tipo":"Rio","vel_cional":25.0},"type":"Feature"},{"bbox":[-50.750398,0.125209,-50.519925,0.383103],"geometry":{"coordinates":[[-50.7504,0.12521],[-50.71272,0.14986],[-50.67107,0.18489],[-50.65536,0.20062],[-50.64294,0.2187],[-50.627,0.23607],[-50.60544,0.25649],[-50.56958,0.29428],[-50.52863,0.3603],[-50.51993,0.3831]],"type":"LineString"},"id":257,"properties":{"cla_icacao":"Navegável","dominio":"União","est_estino":"PA","est_origem":"PA","extensao":38.490398,"fonte":"LabTrans/Antaq","idantaq":1,"idhidrovia":200002921,"idm_estino":"BR150030","idm_origem":"BR150250","idseq":0,"jurisdicao":"AHIMOR","mun_estino":"Afuá","mun_origem":"Chaves","navegacao":"Navegação Interior","nom_eclusa":null,"nome":"Hidrovia do Amazonas","nome_rio":"Rio Amazonas","observacao":null,"pro_de_max":7.5,"pro_de_min":5.0,"reg_rafica":"Região Hidrográfica Amazônica","snv":"Sim","tempo":"0d 2h 33min","tipo":"Rio","vel_cional":15.0},"type":"Feature"},{"bbox":[-50.750397,-0.086356,-50.382272,0.125208],"geometry":{"coordinates":[[-50.38227,-0.08034],[-50.42843,-0.08636],[-50.47682,-0.08015],[-50.5128,-0.05409],[-50.55002,-0.01935],[-50.59097,0.01415],[-50.64185,0.03648],[-50.689,0.05509],[-50.72746,0.09108],[-50.7504,0.12521]],"type":"LineString"},"id":258,"properties":{"cla_icacao":"Navegável","dominio":null,"est_estino":"PA","est_origem":"PA","extensao":50.402732,"fonte":"LabTrans/Antaq","idantaq":1,"idhidrovia":200002922,"idm_estino":"BR150030","idm_origem":"BR150030","idseq":0,"jurisdicao":"AHIMOR","mun_estino":"Afuá","mun_origem":"Afuá","navegacao":"Navegação Interior","nom_eclusa":null,"nome":"Hidrovia do Amazonas","nome_rio":"Canal Perigoso ou da Caviana","observacao":null,"pro_de_max":5.0,"pro_de_min":2.0,"reg_rafica":"Região Hidrográfica Amazônica","snv":"Não","tempo":"0d 3h 21min","tipo":"Canal","vel_cional":15.0},"type":"Feature"},{"bbox":[-50.382272,-0.142193,-49.97429,-0.071466],"geometry":{"coordinates":[[-49.97429,-0.14219],[-50.03261,-0.1273],[-50.09713,-0.11489],[-50.16289,-0.10993],[-50.23238,-0.0938],[-50.28573,-0.08015],[-50.32916,-0.07147],[-50.38227,-0.08034]],"type":"LineString"},"id":259,"properties":{"cla_icacao":"Navegável","dominio":null,"est_estino":"PA","est_origem":"PA","extensao":46.066607,"fonte":"LabTrans/Antaq","idantaq":1,"idhidrovia":200002923,"idm_estino":"BR150030","idm_origem":"BR150250","idseq":0,"jurisdicao":"AHIMOR","mun_estino":"Afuá","mun_origem":"Chaves","navegacao":"Navegação Interior","nom_eclusa":null,"nome":"Hidrovia do Amazonas","nome_rio":"Canal Perigoso ou da Caviana","observacao":null,"pro_de_max":5.0,"pro_de_min":2.0,"reg_rafica":"Região Hidrográfica Amazônica","snv":"Não","tempo":"0d 3h 4min","tipo":"Canal","vel_cional":15.0},"type":"Feature"},{"bbox":[-50.394011,-0.156946,-50.37738,-0.080336],"geometry":{"coordinates":[[-50.38227,-0.08034],[-50.37738,-0.10389],[-50.37759,-0.11842],[-50.38559,-0.13926],[-50.39296,-0.15147],[-50.39401,-0.15695]],"type":"LineString"},"id":260,"properties":{"cla_icacao":"Navegável","dominio":null,"est_estino":"PA","est_origem":"PA","extensao":9.010367,"fonte":"LabTrans/Antaq","idantaq":1,"idhidrovia":200002924,"idm_estino":"BR150030","idm_origem":"BR150030","idseq":0,"jurisdicao":"AHIMOR","mun_estino":"Afuá","mun_origem":"Afuá","navegacao":"Navegação Interior","nom_eclusa":null,"nome":"Hidrovia do Amazonas","nome_rio":"Canal Perigoso ou da Caviana","observacao":null,"pro_de_max":5.0,"pro_de_min":2.0,"reg_rafica":"Região Hidrográfica Amazônica","snv":"Não","tempo":"0d 0h 36min","tipo":"Canal","vel_cional":15.0},"type":"Feature"},{"bbox":[-48.503498,-0.882866,-48.380957,-0.749731],"geometry":{"coordinates":[[-48.5035,-0.74973],[-48.48065,-0.78443],[-48.41784,-0.85797],[-48.38096,-0.88287]],"type":"LineString"},"id":261,"properties":{"cla_icacao":"Navegável","dominio":null,"est_estino":"PA","est_origem":"PA","extensao":19.989675,"fonte":"LabTrans/Antaq","idantaq":null,"idhidrovia":200002925,"idm_estino":"BR150260","idm_origem":"BR150630","idseq":0,"jurisdicao":"AHIMOR","mun_estino":"Colares","mun_origem":"Salvaterra","navegacao":"Navegação Interior","nom_eclusa":null,"nome":"Hidrovia do Tocantins","nome_rio":"Baía de Marajó","observacao":null,"pro_de_max":7.5,"pro_de_min":5.0,"reg_rafica":"Região Hidrográfica do Tocantins","snv":"Não","tempo":"0d 1h 19min","tipo":"Rio","vel_cional":15.0},"type":"Feature"},{"bbox":[-48.518064,-0.749731,-48.503498,-0.731078],"geometry":{"coordinates":[[-48.51806,-0.73108],[-48.5035,-0.74973]],"type":"LineString"},"id":262,"properties":{"cla_icacao":"Navegável","dominio":null,"est_estino":"PA","est_origem":"PA","extensao":2.659716,"fonte":"LabTrans/Antaq","idantaq":null,"idhidrovia":200002926,"idm_estino":"BR150630","idm_origem":"BR150790","idseq":0,"jurisdicao":"AHIMOR","mun_estino":"Salvaterra","mun_origem":"Soure","navegacao":"Navegação Interior","nom_eclusa":null,"nome":"Hidrovia do Tocantins","nome_rio":"Baía de Marajó","observacao":null,"pro_de_max":7.5,"pro_de_min":5.0,"reg_rafica":"Região Hidrográfica do Tocantins","snv":"Não","tempo":"0d 0h 10min","tipo":"Rio","vel_cional":15.0},"type":"Feature"},{"bbox":[-54.625154,-2.448561,-54.513387,-2.078848],"geometry":{"coordinates":[[-54.5529,-2.07885],[-54.54885,-2.08519],[-54.5266,-2.10173],[-54.52167,-2.10741],[-54.51533,-2.11768],[-54.51339,-2.13173],[-54.52137,-2.15559],[-54.53103,-2.17214],[-54.53673,-2.19026],[-54.54742,-2.20965],[-54.55315,-2.23245],[-54.56111,-2.2514],[-54.58295,-2.28339],[-54.59748,-2.31777],[-54.60208,-2.33389],[-54.61452,-2.35528],[-54.62515,-2.38806],[-54.62351,-2.42512],[-54.61999,-2.44856]],"type":"LineString"},"id":263,"properties":{"cla_icacao":"Navegável","dominio":null,"est_estino":"PA","est_origem":"PA","extensao":41.933474,"fonte":"LabTrans/Antaq","idantaq":1,"idhidrovia":200002927,"idm_estino":"BR150040","idm_origem":"BR150680","idseq":0,"jurisdicao":"AHIMOR","mun_estino":"Alenquer","mun_origem":"Santarém","navegacao":"Navegação Interior","nom_eclusa":null,"nome":"Hidrovia do Amazonas","nome_rio":"Rio Saracura","observacao":null,"pro_de_max":5.0,"pro_de_min":2.0,"reg_rafica":"Região Hidrográfica Amazônica","snv":"Não","tempo":"0d 2h 47min","tipo":"Rio","vel_cional":15.0},"type":"Feature"},{"bbox":[-54.730804,-2.078848,-54.552902,-1.964956],"geometry":{"coordinates":[[-54.7308,-1.96496],[-54.72826,-1.96875],[-54.71989,-1.97649],[-54.71145,-1.98919],[-54.69859,-2.00047],[-54.69657,-2.00047],[-54.68964,-1.99493],[-54.68746,-1.99444],[-54.68485,-1.9951],[-54.68163,-1.99958],[-54.67996,-2.00804],[-54.6759,-2.01416],[-54.6724,-2.0149],[-54.66284,-2.01336],[-54.65049,-2.00784],[-54.64668,-2.00846],[-54.63859,-2.01194],[-54.63196,-2.01762],[-54.62709,-2.0244],[-54.62474,-2.03014],[-54.6223,-2.04045],[-54.62043,-2.04289],[-54.61758,-2.04328],[-54.61195,-2.03957],[-54.60544,-2.03438],[-54.59814,-2.02671],[-54.59455,-2.02572],[-54.59255,-2.02649],[-54.57928,-2.04639],[-54.57392,-2.04981],[-54.55864,-2.06721],[-54.5529,-2.07885]],"type":"LineString"},"id":264,"properties":{"cla_icacao":"Navegável","dominio":null,"est_estino":"PA","est_origem":"PA","extensao":34.934003,"fonte":"LabTrans/Antaq","idantaq":1,"idhidrovia":200002928,"idm_estino":"BR150040","idm_origem":"BR150680","idseq":0,"jurisdicao":"AHIMOR","mun_estino":"Alenquer","mun_origem":"Santarém","navegacao":"Navegação Interior","nom_eclusa":null,"nome":"Hidrovia do Amazonas","nome_rio":"Paraná de Alenquer","observacao":null,"pro_de_max":4.0,"pro_de_min":1.5,"reg_rafica":"Região Hidrográfica Amazônica","snv":"Não","tempo":"0d 2h 19min","tipo":"Rio","vel_cional":15.0},"type":"Feature"},{"bbox":[-54.540854,-25.342834,-54.431158,-25.001617],"geometry":{"coordinates":[[-54.44285,-25.00162],[-54.45328,-25.04795],[-54.45531,-25.06053],[-54.45702,-25.07243],[-54.45662,-25.09669],[-54.45345,-25.10497],[-54.43663,-25.1259],[-54.43366,-25.13206],[-54.43116,-25.14063],[-54.43195,-25.14754],[-54.43463,-25.15642],[-54.43919,-25.16517],[-54.44661,-25.175],[-54.4609,-25.19103],[-54.4647,-25.1978],[-54.4796,-25.23369],[-54.49849,-25.29492],[-54.51388,-25.3172],[-54.52334,-25.32638],[-54.52923,-25.33083],[-54.54085,-25.34283]],"type":"LineString"},"id":265,"properties":{"cla_icacao":"Navegável","dominio":"União","est_estino":"PR","est_origem":"PR","extensao":41.7219713219,"fonte":"ANA/Antaq","idantaq":3,"idhidrovia":200002929,"idm_estino":"BR412350","idm_origem":"BR410830","idseq":0,"jurisdicao":"AHRANA","mun_estino":"Santa Helena","mun_origem":"Foz do Iguaçu","navegacao":"Navegação Interior","nom_eclusa":null,"nome":"Hidrovia do Tietê - Paraná","nome_rio":"Rio Paraná","observacao":null,"pro_de_max":22.0,"pro_de_min":12.0,"reg_rafica":"Região Hidrográfica do Paraná","snv":"Sim","tempo":"0d 4h 10min","tipo":"Rio","vel_cional":10.0},"type":"Feature"},{"bbox":[-54.242252,-24.060997,-54.162753,-24.049746],"geometry":{"coordinates":[[-54.16275,-24.05648],[-54.19952,-24.061],[-54.21741,-24.0601],[-54.24225,-24.04975]],"type":"LineString"},"id":266,"properties":{"cla_icacao":"Navegação inexpressiva","dominio":"Estados ou Distrito Federal","est_estino":"PR","est_origem":"MS","extensao":8.37547387846,"fonte":"ANA/Antaq","idantaq":3,"idhidrovia":200002931,"idm_estino":"BR411790","idm_origem":"BR500568","idseq":0,"jurisdicao":"AHRANA","mun_estino":"Palotina","mun_origem":"Mundo Novo","navegacao":"Navegação Interior","nom_eclusa":null,"nome":"Hidrovia do Tietê - Paraná","nome_rio":"Rio Piquiri","observacao":null,"pro_de_max":1.4,"pro_de_min":1.0,"reg_rafica":"Região Hidrográfica do Paraná","snv":"Sim","tempo":"0d 0h 50min","tipo":"Rio","vel_cional":10.0},"type":"Feature"},{"bbox":[-54.418658,-24.917022,-54.379922,-24.87231],"geometry":{"coordinates":[[-54.37992,-24.87231],[-54.38098,-24.87405],[-54.38764,-24.87824],[-54.39607,-24.88192],[-54.40007,-24.88461],[-54.40301,-24.88773],[-54.41086,-24.89735],[-54.41866,-24.91702]],"type":"LineString"},"id":267,"properties":{"cla_icacao":"Navegável","dominio":"União","est_estino":"PR","est_origem":"PR","extensao":6.59290909009,"fonte":"ANA/Antaq","idantaq":3,"idhidrovia":200002932,"idm_estino":"BR412350","idm_origem":"BR410830","idseq":0,"jurisdicao":"AHRANA","mun_estino":"Santa Helena","mun_origem":"Foz do Iguaçu","navegacao":"Navegação Interior","nom_eclusa":null,"nome":"Hidrovia do Tietê - Paraná","nome_rio":"Rio Paraná","observacao":null,"pro_de_max":22.0,"pro_de_min":12.0,"reg_rafica":"Região Hidrográfica do Paraná","snv":"Sim","tempo":"0d 0h 39min","tipo":"Rio","vel_cional":10.0},"type":"Feature"},{"bbox":[-54.442848,-25.001617,-54.418658,-24.917022],"geometry":{"coordinates":[[-54.41866,-24.91702],[-54.43061,-24.94566],[-54.43782,-24.96949],[-54.44285,-25.00162]],"type":"LineString"},"id":268,"properties":{"cla_icacao":"Navegável","dominio":"União","est_estino":"PR","est_origem":"PR","extensao":9.73183244382,"fonte":"ANA/Antaq","idantaq":3,"idhidrovia":200002933,"idm_estino":"BR412350","idm_origem":"BR410830","idseq":0,"jurisdicao":"AHRANA","mun_estino":"Santa Helena","mun_origem":"Foz do Iguaçu","navegacao":"Navegação Interior","nom_eclusa":null,"nome":"Hidrovia do Tietê - Paraná","nome_rio":"Rio Paraná","observacao":null,"pro_de_max":22.0,"pro_de_min":12.0,"reg_rafica":"Região Hidrográfica do Paraná","snv":"Sim","tempo":"0d 0h 58min","tipo":"Rio","vel_cional":10.0},"type":"Feature"},{"bbox":[-54.623899,-25.396401,-54.540854,-25.342834],"geometry":{"coordinates":[[-54.54085,-25.34283],[-54.56318,-25.3673],[-54.59181,-25.38963],[-54.59992,-25.39177],[-54.61288,-25.39066],[-54.61766,-25.39157],[-54.6239,-25.39555],[-54.62377,-25.3964]],"type":"LineString"},"id":269,"properties":{"cla_icacao":"Navegável","dominio":"União","est_estino":"PR","est_origem":"PR","extensao":10.8416290162,"fonte":"ANA/Antaq","idantaq":3,"idhidrovia":200002934,"idm_estino":"BR412350","idm_origem":"BR410830","idseq":0,"jurisdicao":"AHRANA","mun_estino":"Santa Helena","mun_origem":"Foz do Iguaçu","navegacao":"Navegação Interior","nom_eclusa":null,"nome":"Hidrovia do Tietê - Paraná","nome_rio":"Rio Paraná","observacao":null,"pro_de_max":22.0,"pro_de_min":12.0,"reg_rafica":"Região Hidrográfica do Paraná","snv":"Sim","tempo":"0d 1h 5min","tipo":"Rio","vel_cional":10.0},"type":"Feature"},{"bbox":[-51.205871,-1.234007,-50.802917,-1.109191],"geometry":{"coordinates":[[-50.80292,-1.23401],[-50.80957,-1.2146],[-50.81311,-1.20673],[-50.81671,-1.2016],[-50.81818,-1.20038],[-50.8233,-1.19958],[-50.83228,-1.20129],[-50.83698,-1.19739],[-50.84399,-1.18311],[-50.84668,-1.17963],[-50.8576,-1.17297],[-50.8808,-1.16327],[-50.89673,-1.15161],[-50.9292,-1.12488],[-50.9361,-1.12042],[-50.9472,-1.11737],[-50.95813,-1.1159],[-50.96698,-1.11621],[-50.98639,-1.1195],[-50.992,-1.11932],[-51.00391,-1.11548],[-51.00989,-1.11609],[-51.02789,-1.1297],[-51.03729,-1.1347],[-51.05078,-1.14478],[-51.0578,-1.14868],[-51.06543,-1.15112],[-51.08411,-1.15259],[-51.09021,-1.15381],[-51.10211,-1.15747],[-51.12659,-1.16669],[-51.13422,-1.16589],[-51.13751,-1.16461],[-51.14709,-1.15253],[-51.1535,-1.14941],[-51.15857,-1.14868],[-51.16309,-1.14679],[-51.16748,-1.14209],[-51.17212,-1.1319],[-51.1795,-1.12158],[-51.18622,-1.11847],[-51.19421,-1.11157],[-51.19983,-1.10937],[-51.20587,-1.10919]],"type":"LineString"},"id":270,"properties":{"cla_icacao":"Navegável","dominio":null,"est_estino":"PA","est_origem":"PA","extensao":48.7509976234,"fonte":"LabTrans/Antaq","idantaq":1,"idhidrovia":200002935,"idm_estino":"BR150450","idm_origem":"BR150450","idseq":0,"jurisdicao":"AHIMOR","mun_estino":"Melgaço","mun_origem":"Melgaço","navegacao":"Navegação Interior","nom_eclusa":null,"nome":"Hidrovia do Amazonas","nome_rio":"Furo Tajapuru","observacao":null,"pro_de_max":3.0,"pro_de_min":2.0,"reg_rafica":"Região Hidrográfica Amazônica","snv":"Não","tempo":"0d 3h 15min","tipo":"Furo","vel_cional":15.0},"type":"Feature"},{"bbox":[-51.366683,-1.224968,-51.205871,-1.109191],"geometry":{"coordinates":[[-51.20587,-1.10919],[-51.21039,-1.11133],[-51.21319,-1.1145],[-51.22778,-1.14948],[-51.2384,-1.1701],[-51.24847,-1.18268],[-51.26642,-1.19208],[-51.30859,-1.20251],[-51.32879,-1.21118],[-51.36668,-1.22497]],"type":"LineString"},"id":271,"properties":{"cla_icacao":"Navegável","dominio":null,"est_estino":"PA","est_origem":"PA","extensao":21.0087320771,"fonte":"LabTrans/Antaq","idantaq":1,"idhidrovia":200002936,"idm_estino":"BR150450","idm_origem":"BR150310","idseq":0,"jurisdicao":"AHIMOR","mun_estino":"Melgaço","mun_origem":"Gurupá","navegacao":"Navegação Interior","nom_eclusa":null,"nome":"Hidrovia do Amazonas","nome_rio":"Canal do Vieira","observacao":null,"pro_de_max":3.0,"pro_de_min":2.0,"reg_rafica":"Região Hidrográfica Amazônica","snv":"Não","tempo":"0d 1h 24min","tipo":"Canal","vel_cional":15.0},"type":"Feature"},{"bbox":[-51.643943,-1.399809,-51.366683,-1.224968],"geometry":{"coordinates":[[-51.36668,-1.22497],[-51.37311,-1.22717],[-51.38989,-1.23761],[-51.40759,-1.2547],[-51.4444,-1.30298],[-51.45599,-1.31561],[-51.47137,-1.32428],[-51.4978,-1.3324],[-51.51959,-1.34009],[-51.54962,-1.35468],[-51.59399,-1.37061],[-51.61573,-1.38695],[-51.64394,-1.39981]],"type":"LineString"},"id":272,"properties":{"cla_icacao":"Navegável","dominio":null,"est_estino":"PA","est_origem":"PA","extensao":55.5314045392,"fonte":"LabTrans/Antaq","idantaq":1,"idhidrovia":200002937,"idm_estino":"BR150310","idm_origem":"BR150310","idseq":0,"jurisdicao":"AHIMOR","mun_estino":"Gurupá","mun_origem":"Gurupá","navegacao":"Navegação Interior","nom_eclusa":null,"nome":"Hidrovia do Amazonas","nome_rio":"Canal do Gurupá","observacao":null,"pro_de_max":3.0,"pro_de_min":2.0,"reg_rafica":"Região Hidrográfica Amazônica","snv":"Não","tempo":"0d 3h 42min","tipo":"Canal","vel_cional":15.0},"type":"Feature"},{"bbox":[-50.808104,-1.313989,-50.800476,-1.234007],"geometry":{"coordinates":[[-50.80508,-1.31399],[-50.8081,-1.30408],[-50.80627,-1.29748],[-50.80432,-1.28192],[-50.80499,-1.27441],[-50.80139,-1.26038],[-50.80048,-1.25281],[-50.8006,-1.24737],[-50.80292,-1.23401]],"type":"LineString"},"id":273,"properties":{"cla_icacao":"Navegável","dominio":null,"est_estino":"PA","est_origem":"PA","extensao":17.528101286,"fonte":"LabTrans/Antaq","idantaq":1,"idhidrovia":200002938,"idm_estino":"BR150180","idm_origem":"BR150450","idseq":0,"jurisdicao":"AHIMOR","mun_estino":"Breves","mun_origem":"Melgaço","navegacao":"Navegação Interior","nom_eclusa":null,"nome":"Hidrovia do Amazonas","nome_rio":"Rio Companhia","observacao":null,"pro_de_max":3.0,"pro_de_min":2.0,"reg_rafica":"Região Hidrográfica Amazônica","snv":"Não","tempo":"0d 1h 10min","tipo":"Rio","vel_cional":15.0},"type":"Feature"},{"bbox":[-50.814467,-1.911685,-50.277007,-1.782351],"geometry":{"coordinates":[[-50.81447,-1.91116],[-50.7882,-1.91169],[-50.7727,-1.90901],[-50.74865,-1.90314],[-50.73957,-1.89084],[-50.72727,-1.85183],[-50.71284,-1.8358],[-50.70376,-1.8235],[-50.6904,-1.79731],[-50.6765,-1.78823],[-50.66528,-1.78395],[-50.64978,-1.78235],[-50.62199,-1.78663],[-50.59206,-1.79464],[-50.5771,-1.79731],[-50.56587,-1.80106],[-50.55893,-1.80854],[-50.54343,-1.81923],[-50.52793,-1.82778],[-50.50816,-1.83366],[-50.48891,-1.83793],[-50.45364,-1.84221],[-50.38684,-1.84809],[-50.35851,-1.84648],[-50.33286,-1.84221],[-50.2901,-1.84542],[-50.27701,-1.83041],[-50.27801,-1.80981]],"type":"LineString"},"id":274,"properties":{"cla_icacao":"Navegável","dominio":"União","est_estino":"PA","est_origem":"PA","extensao":71.8537509353,"fonte":"ANA/Antaq","idantaq":0,"idhidrovia":200002939,"idm_estino":"BR150110","idm_origem":"BR150580","idseq":0,"jurisdicao":"AHIMOR","mun_estino":"Bagre","mun_origem":"Portel","navegacao":"Navegação Interior","nom_eclusa":null,"nome":"Hidrovia do Tocantins","nome_rio":"Rio Pará","observacao":"Foz no rio Tocantins _TO_ até Portel _PA_.","pro_de_max":2.8,"pro_de_min":1.4,"reg_rafica":"Região Hidrográfica do Tocantins","snv":"Sim","tempo":"0d 4h 47min","tipo":"Rio","vel_cional":15.0},"type":"Feature"},{"bbox":[-62.651712,-6.840401,-62.21201,-6.212727],"geometry":{"coordinates":[[-62.65171,-6.8404],[-62.6394,-6.8172],[-62.62689,-6.80481],[-62.61493,-6.79712],[-62.59509,-6.78961],[-62.58099,-6.78259],[-62.56817,-6.77533],[-62.54608,-6.7605],[-62.5354,-6.75421],[-62.52502,-6.7503],[-62.518,-6.74981],[-62.50439,-6.75189],[-62.48248,-6.76159],[-62.4685,-6.77142],[-62.45868,-6.7738],[-62.44983,-6.77368],[-62.42987,-6.76867],[-62.41479,-6.77209],[-62.4057,-6.77533],[-62.39819,-6.77508],[-62.39288,-6.77368],[-62.38782,-6.7702],[-62.37817,-6.76172],[-62.37311,-6.75512],[-62.3634,-6.737],[-62.35077,-6.71753],[-62.34601,-6.70569],[-62.3435,-6.6969],[-62.33819,-6.6698],[-62.33618,-6.65521],[-62.33588,-6.64069],[-62.33948,-6.6253],[-62.34289,-6.59887],[-62.34601,-6.58648],[-62.35327,-6.57721],[-62.37268,-6.55847],[-62.37311,-6.55298],[-62.36877,-6.5462],[-62.34338,-6.53522],[-62.33337,-6.52942],[-62.32568,-6.5224],[-62.30768,-6.51068],[-62.2998,-6.5036],[-62.29419,-6.49688],[-62.28961,-6.4906],[-62.2843,-6.47967],[-62.28229,-6.47198],[-62.28021,-6.4508],[-62.27582,-6.43347],[-62.26611,-6.41009],[-62.2619,-6.38629],[-62.25818,-6.37292],[-62.2511,-6.36059],[-62.24591,-6.34943],[-62.24182,-6.33459],[-62.24011,-6.3233],[-62.24121,-6.29467],[-62.24487,-6.28168],[-62.24737,-6.25549],[-62.2442,-6.24017],[-62.23639,-6.22912],[-62.22742,-6.22241],[-62.21201,-6.21273]],"type":"LineString"},"id":275,"properties":{"cla_icacao":"Navegável","dominio":"União","est_estino":"AM","est_origem":"AM","extensao":105.9152904,"fonte":"LabTrans/Antaq","idantaq":5,"idhidrovia":200002948,"idm_estino":"BR130270","idm_origem":"BR130170","idseq":0,"jurisdicao":"AHIMOC","mun_estino":"Manicoré","mun_origem":"Humaitá","navegacao":"Navegação Interior","nom_eclusa":null,"nome":"Hidrovia do Madeira","nome_rio":"Rio Madeira","observacao":"Foz no rio Amazonas _AM_ até a confluência dos rios Beni _rio boliviano_ e Mamoré _RO_.","pro_de_max":7.0,"pro_de_min":2.0,"reg_rafica":"Região Hidrográfica Amazônica","snv":"Sim","tempo":"0d 4h 48min","tipo":"Rio","vel_cional":22.0},"type":"Feature"},{"bbox":[-62.804591,-13.149212,-62.276969,-12.940315],"geometry":{"coordinates":[[-62.27697,-13.14894],[-62.27826,-13.14921],[-62.28665,-13.13539],[-62.29186,-13.13675],[-62.29639,-13.14355],[-62.30002,-13.14196],[-62.30523,-13.1329],[-62.31236,-13.12905],[-62.3178,-13.13199],[-62.31916,-13.14287],[-62.32211,-13.14491],[-62.32686,-13.13675],[-62.32891,-13.13675],[-62.3323,-13.1406],[-62.33842,-13.144],[-62.33774,-13.13426],[-62.3391,-13.13222],[-62.34499,-13.13199],[-62.34907,-13.13494],[-62.35949,-13.13426],[-62.36516,-13.13562],[-62.37286,-13.12973],[-62.38136,-13.12565],[-62.39133,-13.12678],[-62.39518,-13.12565],[-62.39676,-13.11885],[-62.39518,-13.11069],[-62.39608,-13.10843],[-62.3987,-13.10714],[-62.40537,-13.11726],[-62.41081,-13.12089],[-62.41287,-13.12066],[-62.41534,-13.1184],[-62.41761,-13.11183],[-62.43279,-13.09801],[-62.43483,-13.0937],[-62.43358,-13.07739],[-62.44015,-13.07648],[-62.4517,-13.08215],[-62.45442,-13.08192],[-62.4576,-13.07399],[-62.45669,-13.06742],[-62.46031,-13.06357],[-62.47482,-13.05496],[-62.48093,-13.05519],[-62.48388,-13.05904],[-62.48252,-13.06969],[-62.48501,-13.07263],[-62.502,-13.07694],[-62.51186,-13.07082],[-62.51662,-13.06221],[-62.52387,-13.06312],[-62.5318,-13.06923],[-62.5361,-13.07127],[-62.53928,-13.07105],[-62.54993,-13.06719],[-62.55264,-13.06244],[-62.55786,-13.05995],[-62.58878,-13.04612],[-62.59853,-13.04363],[-62.60713,-13.03955],[-62.61212,-13.03593],[-62.61507,-13.02913],[-62.61507,-13.02482],[-62.6128,-13.02097],[-62.59943,-13.01417],[-62.60056,-13.00806],[-62.60464,-13.00557],[-62.61903,-13.01327],[-62.62515,-13.0135],[-62.62809,-13.01032],[-62.62945,-13.00172],[-62.62605,-12.98676],[-62.62764,-12.98404],[-62.63466,-12.98427],[-62.64259,-12.98767],[-62.64554,-12.98744],[-62.64735,-12.98314],[-62.64667,-12.97928],[-62.64214,-12.97158],[-62.64214,-12.9675],[-62.64269,-12.96538],[-62.6469,-12.96343],[-62.6546,-12.96456],[-62.65687,-12.96637],[-62.66298,-12.9786],[-62.67295,-12.9854],[-62.69142,-12.98789],[-62.6955,-12.99129],[-62.69391,-12.99718],[-62.69527,-12.9999],[-62.70252,-12.99809],[-62.70773,-13.00058],[-62.71385,-13.00149],[-62.72404,-12.99854],[-62.72699,-13.00172],[-62.72631,-13.01214],[-62.72925,-13.01576],[-62.73333,-13.01576],[-62.73718,-13.01055],[-62.74376,-13.00534],[-62.74795,-12.99741],[-62.75044,-12.99628],[-62.75271,-12.99786],[-62.75406,-13.01304],[-62.75792,-13.01599],[-62.76086,-13.01508],[-62.77083,-13.0033],[-62.77627,-13.00217],[-62.78715,-12.99695],[-62.7919,-12.99152],[-62.79417,-12.98178],[-62.803,-12.96819],[-62.80437,-12.9632],[-62.80459,-12.95481],[-62.80108,-12.94621],[-62.8013,-12.94032]],"type":"LineString"},"id":276,"properties":{"cla_icacao":"Navegação inexpressiva","dominio":"União","est_estino":"RO","est_origem":"RO","extensao":99.5326083167,"fonte":"ANA/Antaq","idantaq":5,"idhidrovia":200002950,"idm_estino":"BR110001","idm_origem":"BR110037","idseq":0,"jurisdicao":"AHIMOC","mun_estino":"Alta Floresta D'Oeste","mun_origem":"Alto Alegre dos Parecis","navegacao":"Navegação Interior","nom_eclusa":null,"nome":"Hidrovia do Madeira","nome_rio":"Rio Guaporé","observacao":"Foz no rio Mamoré _RO_ até a confluência no rio Alegre _MT_.","pro_de_max":1.2,"pro_de_min":0.6,"reg_rafica":"Região Hidrográfica Amazônica","snv":"Sim","tempo":"0d 9h 57min","tipo":"Rio","vel_cional":10.0},"type":"Feature"},{"bbox":[-59.928221,-4.788878,-59.595579,-4.32072],"geometry":{"coordinates":[[-59.91987,-4.78888],[-59.9259,-4.77209],[-59.9281,-4.7511],[-59.92261,-4.73199],[-59.92041,-4.7204],[-59.92273,-4.69708],[-59.92547,-4.68518],[-59.92822,-4.67859],[-59.92822,-4.66669],[-59.92419,-4.6532],[-59.92309,-4.63391],[-59.91888,-4.61261],[-59.90899,-4.59619],[-59.88019,-4.56122],[-59.8703,-4.54388],[-59.8573,-4.51288],[-59.85168,-4.4967],[-59.84112,-4.48437],[-59.8233,-4.44958],[-59.7821,-4.40417],[-59.7691,-4.38458],[-59.75708,-4.36938],[-59.74408,-4.34997],[-59.72688,-4.33172],[-59.71592,-4.32291],[-59.70981,-4.32072],[-59.70188,-4.32159],[-59.68542,-4.32721],[-59.6734,-4.34021],[-59.6665,-4.3548],[-59.65161,-4.3667],[-59.63391,-4.37689],[-59.62097,-4.38299],[-59.6076,-4.38483],[-59.59558,-4.38098]],"type":"LineString"},"id":277,"properties":{"cla_icacao":"Navegável","dominio":"União","est_estino":"AM","est_origem":"AM","extensao":75.7416798619,"fonte":"LabTrans/Antaq","idantaq":5,"idhidrovia":200002951,"idm_estino":"BR130080","idm_origem":"BR130080","idseq":0,"jurisdicao":"AHIMOC","mun_estino":"Borba","mun_origem":"Borba","navegacao":"Navegação Interior","nom_eclusa":null,"nome":"Hidrovia do Madeira","nome_rio":"Rio Madeira","observacao":"Foz no rio Amazonas _AM_ até a confluência dos rios Beni _rio boliviano_ e Mamoré _RO_.","pro_de_max":7.0,"pro_de_min":2.0,"reg_rafica":"Região Hidrográfica Amazônica","snv":"Sim","tempo":"0d 3h 26min","tipo":"Rio","vel_cional":22.0},"type":"Feature"},{"bbox":[-61.306063,-5.812313,-60.815287,-5.498831],"geometry":{"coordinates":[[-61.30606,-5.81231],[-61.30279,-5.7995],[-61.28888,-5.77008],[-61.27978,-5.742],[-61.27661,-5.72571],[-61.27447,-5.68719],[-61.27179,-5.66937],[-61.26391,-5.65869],[-61.24957,-5.65399],[-61.23401,-5.6546],[-61.2121,-5.65149],[-61.18561,-5.6405],[-61.16772,-5.63409],[-61.1488,-5.62579],[-61.10797,-5.57971],[-61.1018,-5.57507],[-61.0896,-5.57391],[-61.05231,-5.58221],[-61.01892,-5.59448],[-61.00439,-5.60278],[-60.99591,-5.60541],[-60.98651,-5.60449],[-60.97387,-5.59759],[-60.94378,-5.57678],[-60.92383,-5.56409],[-60.91168,-5.55072],[-60.893,-5.5282],[-60.88098,-5.51867],[-60.867,-5.51569],[-60.84601,-5.51342],[-60.82922,-5.5061],[-60.81529,-5.49883]],"type":"LineString"},"id":278,"properties":{"cla_icacao":"Navegável","dominio":"União","est_estino":"AM","est_origem":"AM","extensao":75.3008205013,"fonte":"LabTrans/Antaq","idantaq":5,"idhidrovia":200002952,"idm_estino":"BR130270","idm_origem":"BR130270","idseq":0,"jurisdicao":"AHIMOC","mun_estino":"Manicoré","mun_origem":"Manicoré","navegacao":"Navegação Interior","nom_eclusa":null,"nome":"Hidrovia do Madeira","nome_rio":"Rio Madeira","observacao":"Foz no rio Amazonas _AM_ até a confluência dos rios Beni _rio boliviano_ e Mamoré _RO_.","pro_de_max":7.0,"pro_de_min":2.0,"reg_rafica":"Região Hidrográfica Amazônica","snv":"Sim","tempo":"0d 3h 25min","tipo":"Rio","vel_cional":22.0},"type":"Feature"},{"bbox":[-65.357695,-11.521907,-65.207555,-11.04647],"geometry":{"coordinates":[[-65.20755,-11.52191],[-65.21502,-11.51739],[-65.22971,-11.51354],[-65.25945,-11.51219],[-65.26691,-11.50563],[-65.27256,-11.50337],[-65.28274,-11.50404],[-65.29495,-11.50156],[-65.29789,-11.49952],[-65.30603,-11.48008],[-65.30625,-11.47103],[-65.31338,-11.43712],[-65.31892,-11.39528],[-65.32683,-11.37471],[-65.32717,-11.34916],[-65.32604,-11.34305],[-65.32377,-11.34034],[-65.31586,-11.33672],[-65.28983,-11.33638],[-65.28579,-11.33243],[-65.28398,-11.32564],[-65.28489,-11.32248],[-65.28907,-11.31772],[-65.29608,-11.31411],[-65.32615,-11.31456],[-65.3309,-11.3123],[-65.34017,-11.30303],[-65.34356,-11.29828],[-65.34582,-11.282],[-65.34899,-11.27499],[-65.35408,-11.25532],[-65.35589,-11.23904],[-65.35453,-11.22773],[-65.35057,-11.21711],[-65.34605,-11.21394],[-65.32004,-11.21213],[-65.31598,-11.20897],[-65.3119,-11.20241],[-65.31032,-11.19585],[-65.31553,-11.18726],[-65.32502,-11.18636],[-65.33203,-11.18952],[-65.33949,-11.19042],[-65.34311,-11.18726],[-65.3577,-11.14588],[-65.35408,-11.1339],[-65.34266,-11.12033],[-65.32661,-11.10902],[-65.31756,-11.10405],[-65.28308,-11.09591],[-65.27765,-11.09026],[-65.27426,-11.08189],[-65.27222,-11.06991],[-65.27426,-11.06199],[-65.2772,-11.05499],[-65.28081,-11.05091],[-65.28945,-11.04647]],"type":"LineString"},"id":279,"properties":{"cla_icacao":"Navegação inexpressiva","dominio":"União","est_estino":"RO","est_origem":"RO","extensao":82.8723074562,"fonte":"LabTrans/ANA/Antaq","idantaq":5,"idhidrovia":200002953,"idm_estino":"BR110010","idm_origem":"BR110010","idseq":0,"jurisdicao":"AHIMOC","mun_estino":"Guajará-Mirim","mun_origem":"Guajará-Mirim","navegacao":"Navegação Interior","nom_eclusa":null,"nome":"Hidrovia do Madeira","nome_rio":"Rio Mamoré","observacao":"Da confluência com o rio Beni _rio boliviano_ até a foz do rio Guaporé.","pro_de_max":3.8,"pro_de_min":1.0,"reg_rafica":"Região Hidrográfica Amazônica","snv":"Sim","tempo":"0d 8h 17min","tipo":"Rio","vel_cional":10.0},"type":"Feature"},{"bbox":[-64.993346,-12.16159,-64.696341,-11.989846],"geometry":{"coordinates":[[-64.70248,-12.11438],[-64.69816,-12.10993],[-64.69634,-12.10517],[-64.69771,-12.09883],[-64.70575,-12.09203],[-64.71005,-12.09022],[-64.7232,-12.09339],[-64.73724,-12.10427],[-64.73248,-12.12013],[-64.73225,-12.1344],[-64.7361,-12.1412],[-64.73894,-12.15366],[-64.74121,-12.15683],[-64.75004,-12.16159],[-64.75435,-12.16113],[-64.75933,-12.15842],[-64.76454,-12.15389],[-64.76636,-12.15026],[-64.76704,-12.14301],[-64.75706,-12.12081],[-64.75509,-12.10856],[-64.75706,-12.10064],[-64.77157,-12.09566],[-64.78618,-12.08773],[-64.79528,-12.0887],[-64.8043,-12.09203],[-64.81563,-12.11061],[-64.81676,-12.12057],[-64.81926,-12.12421],[-64.82538,-12.12466],[-64.83082,-12.12307],[-64.83965,-12.11469],[-64.84192,-12.10155],[-64.83942,-12.0952],[-64.82809,-12.08206],[-64.8179,-12.07889],[-64.81563,-12.07685],[-64.80839,-12.06553],[-64.80771,-12.0585],[-64.81031,-12.04128],[-64.82867,-12.01953],[-64.8375,-12.01364],[-64.84498,-12.01137],[-64.85993,-12.01409],[-64.86423,-12.01658],[-64.87579,-12.015],[-64.91351,-12.03086],[-64.92099,-12.02723],[-64.93594,-12.01319],[-64.93708,-12.00797],[-64.93435,-11.99914],[-64.93811,-11.9922],[-64.94093,-11.98985],[-64.94772,-11.9903],[-64.95645,-11.99415],[-64.95962,-11.9971],[-64.96279,-12.0218],[-64.97053,-12.02723],[-64.97774,-12.02565],[-64.98228,-12.02316],[-64.9859,-12.01885],[-64.98884,-12.01409],[-64.99089,-12.0048],[-64.99043,-11.99823],[-64.99335,-11.9917]],"type":"LineString"},"id":280,"properties":{"cla_icacao":"Navegação inexpressiva","dominio":"União","est_estino":"RO","est_origem":"RO","extensao":74.6259733651,"fonte":"ANA/Antaq","idantaq":5,"idhidrovia":200002954,"idm_estino":"BR110010","idm_origem":"BR110010","idseq":0,"jurisdicao":"AHIMOC","mun_estino":"Guajará-Mirim","mun_origem":"Guajará-Mirim","navegacao":"Navegação Interior","nom_eclusa":null,"nome":"Hidrovia do Madeira","nome_rio":"Rio Guaporé","observacao":"Foz no rio Mamoré _RO_ até a confluência no rio Alegre _MT_.","pro_de_max":1.2,"pro_de_min":0.6,"reg_rafica":"Região Hidrográfica Amazônica","snv":"Sim","tempo":"0d 7h 27min","tipo":"Rio","vel_cional":10.0},"type":"Feature"},{"bbox":[-61.958688,-13.548237,-61.492021,-13.385452],"geometry":{"coordinates":[[-61.49202,-13.54824],[-61.50872,-13.54639],[-61.51325,-13.54367],[-61.51869,-13.53665],[-61.52322,-13.5337],[-61.52979,-13.53212],[-61.53726,-13.526],[-61.55403,-13.51875],[-61.57134,-13.51707],[-61.57782,-13.51241],[-61.57918,-13.50629],[-61.57408,-13.49156],[-61.57454,-13.48907],[-61.5768,-13.48658],[-61.5836,-13.4868],[-61.58858,-13.5004],[-61.60331,-13.49881],[-61.60603,-13.50108],[-61.60558,-13.50629],[-61.60943,-13.50923],[-61.61419,-13.50969],[-61.61623,-13.50855],[-61.62121,-13.49995],[-61.62325,-13.50108],[-61.62393,-13.5038],[-61.62189,-13.50855],[-61.62461,-13.5149],[-61.63231,-13.51399],[-61.64137,-13.50787],[-61.64319,-13.5081],[-61.64897,-13.51422],[-61.65508,-13.51376],[-61.66165,-13.51218],[-61.66936,-13.5081],[-61.67298,-13.50266],[-61.68635,-13.50108],[-61.69088,-13.50198],[-61.69428,-13.5047],[-61.69904,-13.5124],[-61.71535,-13.51535],[-61.72339,-13.51875],[-61.73404,-13.51512],[-61.73585,-13.51807],[-61.73472,-13.52283],[-61.74152,-13.52238],[-61.74446,-13.51988],[-61.75285,-13.51694],[-61.75738,-13.51807],[-61.75919,-13.52147],[-61.75511,-13.52985],[-61.75534,-13.53257],[-61.75625,-13.53529],[-61.75987,-13.53778],[-61.76191,-13.53801],[-61.76599,-13.53552],[-61.76622,-13.52215],[-61.7678,-13.5192],[-61.77029,-13.51671],[-61.77777,-13.51467],[-61.77913,-13.51784],[-61.778,-13.52169],[-61.77868,-13.52781],[-61.78615,-13.53506],[-61.79171,-13.53506],[-61.80575,-13.52736],[-61.82116,-13.52328],[-61.82274,-13.52804],[-61.83766,-13.53802],[-61.83974,-13.52668],[-61.8445,-13.52396],[-61.84835,-13.52441],[-61.85243,-13.5328],[-61.85798,-13.53665],[-61.86953,-13.52441],[-61.87384,-13.50765],[-61.88222,-13.49654],[-61.88324,-13.46619],[-61.8889,-13.44104],[-61.88828,-13.4389],[-61.89445,-13.42903],[-61.90035,-13.42381],[-61.90488,-13.42563],[-61.90827,-13.42994],[-61.91236,-13.43152],[-61.92595,-13.42563],[-61.93161,-13.41974],[-61.93229,-13.41271],[-61.93456,-13.40773],[-61.93863,-13.40546],[-61.95325,-13.40297],[-61.95778,-13.40048],[-61.95869,-13.39436],[-61.95755,-13.38689],[-61.9584,-13.38545]],"type":"LineString"},"id":281,"properties":{"cla_icacao":"Navegação inexpressiva","dominio":"União","est_estino":"RO","est_origem":null,"extensao":83.2893510606,"fonte":"ANA/Antaq","idantaq":5,"idhidrovia":200002957,"idm_estino":"BR110146","idm_origem":null,"idseq":0,"jurisdicao":"AHIMOC","mun_estino":"Pimenteiras do Oeste","mun_origem":null,"navegacao":"Navegação Interior","nom_eclusa":null,"nome":"Hidrovia do Madeira","nome_rio":"Rio Guaporé","observacao":"Foz no rio Mamoré _RO_ até a confluência no rio Alegre _MT_.","pro_de_max":1.2,"pro_de_min":0.6,"reg_rafica":"Região Hidrográfica Amazônica","snv":"Sim","tempo":"0d 8h 19min","tipo":"Rio","vel_cional":10.0},"type":"Feature"},{"bbox":[-64.266424,-12.527727,-63.633988,-12.425319],"geometry":{"coordinates":[[-63.63399,-12.46752],[-63.63633,-12.46588],[-63.64857,-12.46157],[-63.66239,-12.46089],[-63.67428,-12.45772],[-63.67836,-12.45568],[-63.68561,-12.44752],[-63.69875,-12.44548],[-63.73138,-12.43597],[-63.76253,-12.43959],[-63.7648,-12.43914],[-63.76694,-12.43583],[-63.77091,-12.43506],[-63.7802,-12.42668],[-63.78315,-12.42532],[-63.7861,-12.42577],[-63.80037,-12.44231],[-63.81294,-12.44367],[-63.81838,-12.44616],[-63.82631,-12.45613],[-63.83266,-12.45931],[-63.84716,-12.45931],[-63.85962,-12.45341],[-63.868,-12.44662],[-63.87944,-12.4439],[-63.88443,-12.44548],[-63.88896,-12.44979],[-63.88851,-12.45976],[-63.89123,-12.46678],[-63.89145,-12.47176],[-63.8953,-12.47471],[-63.89802,-12.48128],[-63.8978,-12.48491],[-63.89553,-12.4874],[-63.897,-12.49782],[-63.90018,-12.50281],[-63.90516,-12.5062],[-63.91671,-12.50824],[-63.93915,-12.52252],[-63.95025,-12.52773],[-63.95727,-12.5275],[-63.96475,-12.52524],[-63.97619,-12.51255],[-63.98117,-12.50892],[-63.98366,-12.50348],[-63.99613,-12.49986],[-64.00179,-12.50304],[-64.00496,-12.5121],[-64.00882,-12.5096],[-64.0104,-12.50507],[-64.01584,-12.50258],[-64.02331,-12.50824],[-64.02626,-12.51187],[-64.02649,-12.51527],[-64.03034,-12.51549],[-64.0411,-12.51096],[-64.05153,-12.49216],[-64.05605,-12.48944],[-64.06126,-12.48876],[-64.06534,-12.49125],[-64.06987,-12.49759],[-64.07532,-12.49963],[-64.08007,-12.4985],[-64.08347,-12.49601],[-64.08868,-12.48876],[-64.0914,-12.48808],[-64.10267,-12.49189],[-64.11553,-12.49487],[-64.11349,-12.48853],[-64.11349,-12.48083],[-64.11712,-12.4763],[-64.1323,-12.4729],[-64.13773,-12.47539],[-64.14159,-12.48174],[-64.14226,-12.49941],[-64.14612,-12.50666],[-64.1545,-12.51187],[-64.16311,-12.51232],[-64.16651,-12.51119],[-64.17025,-12.50281],[-64.17229,-12.48037],[-64.17002,-12.47086],[-64.17138,-12.46678],[-64.18362,-12.46497],[-64.19018,-12.46633],[-64.19245,-12.46406],[-64.19743,-12.46248],[-64.21103,-12.45976],[-64.21602,-12.45749],[-64.22009,-12.45341],[-64.22995,-12.45454],[-64.23924,-12.46066],[-64.24399,-12.46519],[-64.24694,-12.47109],[-64.25306,-12.47516],[-64.26642,-12.48831]],"type":"LineString"},"id":282,"properties":{"cla_icacao":"Navegação inexpressiva","dominio":"União","est_estino":"RO","est_origem":"RO","extensao":95.8217066851,"fonte":"ANA/Antaq","idantaq":5,"idhidrovia":200002958,"idm_estino":"BR110008","idm_origem":"BR110149","idseq":0,"jurisdicao":"AHIMOC","mun_estino":"Costa Marques","mun_origem":"São Francisco do Guaporé","navegacao":"Navegação Interior","nom_eclusa":null,"nome":"Hidrovia do Madeira","nome_rio":"Rio Guaporé","observacao":"Foz no rio Mamoré _RO_ até a confluência no rio Alegre _MT_.","pro_de_max":1.2,"pro_de_min":0.6,"reg_rafica":"Região Hidrográfica Amazônica","snv":"Sim","tempo":"0d 9h 34min","tipo":"Rio","vel_cional":10.0},"type":"Feature"},{"bbox":[-60.397863,-5.104477,-59.912596,-4.788878],"geometry":{"coordinates":[[-60.39786,-5.10448],[-60.3941,-5.09979],[-60.38049,-5.09259],[-60.34912,-5.08868],[-60.31079,-5.06378],[-60.294,-5.0459],[-60.2771,-5.02032],[-60.25409,-4.9798],[-60.24029,-4.9356],[-60.23169,-4.9212],[-60.22418,-4.91388],[-60.21399,-4.90637],[-60.20019,-4.90051],[-60.18249,-4.89868],[-60.1604,-4.90228],[-60.11041,-4.92151],[-60.0943,-4.92218],[-60.07593,-4.91669],[-60.05188,-4.9021],[-60.0094,-4.8844],[-59.98999,-4.87457],[-59.97229,-4.8703],[-59.95611,-4.86767],[-59.9361,-4.86047],[-59.92621,-4.85528],[-59.91839,-4.84912],[-59.9143,-4.8435],[-59.91321,-4.83411],[-59.91479,-4.82629],[-59.91492,-4.81952],[-59.9126,-4.81042],[-59.91418,-4.79992],[-59.91987,-4.78888]],"type":"LineString"},"id":283,"properties":{"cla_icacao":"Navegável","dominio":"União","est_estino":"AM","est_origem":"AM","extensao":73.9873049167,"fonte":"LabTrans/Antaq","idantaq":5,"idhidrovia":200002959,"idm_estino":"BR130080","idm_origem":"BR130330","idseq":0,"jurisdicao":"AHIMOC","mun_estino":"Borba","mun_origem":"Novo Aripuanã","navegacao":"Navegação Interior","nom_eclusa":null,"nome":"Hidrovia do Madeira","nome_rio":"Rio Madeira","observacao":"Foz no rio Amazonas _AM_ até a confluência dos rios Beni _rio boliviano_ e Mamoré _RO_.","pro_de_max":7.0,"pro_de_min":2.0,"reg_rafica":"Região Hidrográfica Amazônica","snv":"Sim","tempo":"0d 3h 21min","tipo":"Rio","vel_cional":22.0},"type":"Feature"},{"bbox":[-60.815287,-5.498831,-60.397863,-5.104477],"geometry":{"coordinates":[[-60.81529,-5.49883],[-60.77508,-5.4787],[-60.73541,-5.46069],[-60.73242,-5.45721],[-60.73071,-5.44922],[-60.73608,-5.43329],[-60.7417,-5.41967],[-60.74658,-5.40417],[-60.75128,-5.38812],[-60.75268,-5.37549],[-60.74957,-5.36023],[-60.74481,-5.34479],[-60.7406,-5.33441],[-60.73669,-5.32519],[-60.72558,-5.31109],[-60.71612,-5.3053],[-60.70929,-5.30328],[-60.69201,-5.30121],[-60.64502,-5.30078],[-60.62127,-5.29687],[-60.61359,-5.29358],[-60.60077,-5.28399],[-60.58411,-5.27331],[-60.55102,-5.25421],[-60.53912,-5.24359],[-60.52887,-5.2312],[-60.5235,-5.22058],[-60.51141,-5.20788],[-60.49499,-5.19861],[-60.47351,-5.19159],[-60.4527,-5.18683],[-60.44238,-5.17981],[-60.43109,-5.16949],[-60.42498,-5.16131],[-60.41821,-5.1391],[-60.41192,-5.12628],[-60.40503,-5.1134],[-60.39786,-5.10448]],"type":"LineString"},"id":284,"properties":{"cla_icacao":"Navegável","dominio":"União","est_estino":"AM","est_origem":"AM","extensao":73.5961747896,"fonte":"LabTrans/Antaq","idantaq":5,"idhidrovia":200002960,"idm_estino":"BR130330","idm_origem":"BR130270","idseq":0,"jurisdicao":"AHIMOC","mun_estino":"Novo Aripuanã","mun_origem":"Manicoré","navegacao":"Navegação Interior","nom_eclusa":null,"nome":"Hidrovia do Madeira","nome_rio":"Rio Madeira","observacao":"Foz no rio Amazonas _AM_ até a confluência dos rios Beni _rio boliviano_ e Mamoré _RO_.","pro_de_max":7.0,"pro_de_min":2.0,"reg_rafica":"Região Hidrográfica Amazônica","snv":"Sim","tempo":"0d 3h 20min","tipo":"Rio","vel_cional":22.0},"type":"Feature"},{"bbox":[-61.703794,-5.984166,-61.306063,-5.794493],"geometry":{"coordinates":[[-61.66542,-5.98417],[-61.66681,-5.97443],[-61.67108,-5.96558],[-61.68262,-5.95319],[-61.6936,-5.93872],[-61.69928,-5.92688],[-61.70282,-5.9154],[-61.70379,-5.9013],[-61.7027,-5.89429],[-61.6994,-5.88739],[-61.69159,-5.88019],[-61.6795,-5.87378],[-61.63898,-5.86548],[-61.58398,-5.84649],[-61.5686,-5.84271],[-61.5473,-5.83868],[-61.53277,-5.83838],[-61.52063,-5.84198],[-61.50989,-5.84808],[-61.48541,-5.86963],[-61.47607,-5.87018],[-61.46753,-5.86737],[-61.46039,-5.86029],[-61.44531,-5.83447],[-61.4331,-5.81073],[-61.42493,-5.80243],[-61.41803,-5.79883],[-61.40509,-5.79449],[-61.3891,-5.7959],[-61.3775,-5.80102],[-61.367,-5.81091],[-61.34741,-5.8363],[-61.33539,-5.83911],[-61.32361,-5.83929],[-61.31347,-5.83551],[-61.30871,-5.82568],[-61.30606,-5.81231]],"type":"LineString"},"id":285,"properties":{"cla_icacao":"Navegável","dominio":"União","est_estino":"AM","est_origem":"AM","extensao":65.8703834911,"fonte":"LabTrans/Antaq","idantaq":5,"idhidrovia":200002961,"idm_estino":"BR130270","idm_origem":"BR130270","idseq":0,"jurisdicao":"AHIMOC","mun_estino":"Manicoré","mun_origem":"Manicoré","navegacao":"Navegação Interior","nom_eclusa":null,"nome":"Hidrovia do Madeira","nome_rio":"Rio Madeira","observacao":"Foz no rio Amazonas _AM_ até a confluência dos rios Beni _rio boliviano_ e Mamoré _RO_.","pro_de_max":7.0,"pro_de_min":2.0,"reg_rafica":"Região Hidrográfica Amazônica","snv":"Sim","tempo":"0d 2h 59min","tipo":"Rio","vel_cional":22.0},"type":"Feature"},{"bbox":[-61.847401,-6.249766,-61.665416,-5.984166],"geometry":{"coordinates":[[-61.8474,-6.24977],[-61.84381,-6.24768],[-61.83758,-6.24011],[-61.83429,-6.22662],[-61.83258,-6.20788],[-61.83258,-6.1897],[-61.8313,-6.1673],[-61.82751,-6.1521],[-61.82391,-6.1452],[-61.81408,-6.1369],[-61.80847,-6.1358],[-61.79907,-6.13659],[-61.78589,-6.14209],[-61.77942,-6.14252],[-61.77502,-6.1413],[-61.76861,-6.13501],[-61.76428,-6.12799],[-61.76221,-6.12262],[-61.76178,-6.117],[-61.76599,-6.09778],[-61.76648,-6.09021],[-61.7641,-6.08411],[-61.75097,-6.07318],[-61.7362,-6.06427],[-61.71448,-6.04919],[-61.6897,-6.02911],[-61.677,-6.01532],[-61.66687,-5.99591],[-61.66542,-5.98417]],"type":"LineString"},"id":286,"properties":{"cla_icacao":"Navegável","dominio":"União","est_estino":"AM","est_origem":"AM","extensao":41.1229484703,"fonte":"LabTrans/Antaq","idantaq":5,"idhidrovia":200002962,"idm_estino":"BR130270","idm_origem":"BR130270","idseq":0,"jurisdicao":"AHIMOC","mun_estino":"Manicoré","mun_origem":"Manicoré","navegacao":"Navegação Interior","nom_eclusa":null,"nome":"Hidrovia do Madeira","nome_rio":"Rio Madeira","observacao":"Foz no rio Amazonas _AM_ até a confluência dos rios Beni _rio boliviano_ e Mamoré _RO_.","pro_de_max":7.0,"pro_de_min":2.0,"reg_rafica":"Região Hidrográfica Amazônica","snv":"Sim","tempo":"0d 1h 52min","tipo":"Rio","vel_cional":22.0},"type":"Feature"},{"bbox":[-62.21201,-6.254881,-61.847401,-6.187621],"geometry":{"coordinates":[[-62.21201,-6.21273],[-62.19427,-6.20257],[-62.16748,-6.19049],[-62.14978,-6.18762],[-62.12958,-6.19043],[-62.1123,-6.1994],[-62.0871,-6.2185],[-62.07879,-6.22369],[-62.0675,-6.22919],[-62.04492,-6.23749],[-61.99731,-6.24768],[-61.94098,-6.25043],[-61.92651,-6.24737],[-61.90271,-6.24969],[-61.88611,-6.25232],[-61.8562,-6.25488],[-61.8474,-6.24977]],"type":"LineString"},"id":287,"properties":{"cla_icacao":"Navegável","dominio":"União","est_estino":"AM","est_origem":"AM","extensao":42.7589753399,"fonte":"LabTrans/Antaq","idantaq":5,"idhidrovia":200002963,"idm_estino":"BR130270","idm_origem":"BR130270","idseq":0,"jurisdicao":"AHIMOC","mun_estino":"Manicoré","mun_origem":"Manicoré","navegacao":"Navegação Interior","nom_eclusa":null,"nome":"Hidrovia do Madeira","nome_rio":"Rio Madeira","observacao":"Foz no rio Amazonas _AM_ até a confluência dos rios Beni _rio boliviano_ e Mamoré _RO_.","pro_de_max":7.0,"pro_de_min":2.0,"reg_rafica":"Região Hidrográfica Amazônica","snv":"Sim","tempo":"0d 1h 56min","tipo":"Rio","vel_cional":22.0},"type":"Feature"},{"bbox":[-63.020383,-7.516708,-62.651712,-6.840401],"geometry":{"coordinates":[[-63.00898,-7.51671],[-63.01581,-7.49408],[-63.01922,-7.47778],[-63.02038,-7.46008],[-63.018,-7.44818],[-63.00659,-7.4187],[-62.9975,-7.39789],[-62.98962,-7.3855],[-62.97528,-7.37188],[-62.96728,-7.36541],[-62.95868,-7.35608],[-62.95239,-7.3471],[-62.9469,-7.33477],[-62.93939,-7.30768],[-62.93048,-7.26239],[-62.91418,-7.2221],[-62.91022,-7.20111],[-62.9035,-7.1814],[-62.87903,-7.1231],[-62.87579,-7.1112],[-62.8689,-7.09167],[-62.86682,-7.0824],[-62.86377,-7.07367],[-62.8598,-7.06592],[-62.85681,-7.05322],[-62.85937,-7.04382],[-62.85998,-7.03698],[-62.85827,-7.02429],[-62.85382,-7.01849],[-62.84839,-7.01398],[-62.83789,-7.0086],[-62.82739,-7.00451],[-62.81732,-7.00311],[-62.80579,-7.00403],[-62.7854,-7.01251],[-62.77539,-7.01861],[-62.7475,-7.03308],[-62.73828,-7.03662],[-62.72803,-7.03759],[-62.71997,-7.0354],[-62.71411,-7.02881],[-62.70563,-7.01617],[-62.69269,-6.9931],[-62.66638,-6.95001],[-62.6582,-6.93323],[-62.6546,-6.92047],[-62.6521,-6.90301],[-62.65222,-6.89178],[-62.65381,-6.87878],[-62.65802,-6.8648],[-62.6568,-6.85028],[-62.65171,-6.8404]],"type":"LineString"},"id":288,"properties":{"cla_icacao":"Navegável","dominio":"União","est_estino":"AM","est_origem":"AM","extensao":99.5351629372,"fonte":"LabTrans/Antaq","idantaq":5,"idhidrovia":200002964,"idm_estino":"BR130170","idm_origem":"BR130170","idseq":0,"jurisdicao":"AHIMOC","mun_estino":"Humaitá","mun_origem":"Humaitá","navegacao":"Navegação Interior","nom_eclusa":null,"nome":"Hidrovia do Madeira","nome_rio":"Rio Madeira","observacao":"Foz no rio Amazonas _AM_ até a confluência dos rios Beni _rio boliviano_ e Mamoré _RO_.","pro_de_max":7.0,"pro_de_min":2.0,"reg_rafica":"Região Hidrográfica Amazônica","snv":"Sim","tempo":"0d 4h 31min","tipo":"Rio","vel_cional":22.0},"type":"Feature"},{"bbox":[-65.345823,-11.04647,-65.240568,-10.795897],"geometry":{"coordinates":[[-65.28945,-11.04647],[-65.29224,-11.04504],[-65.29495,-11.04096],[-65.29336,-11.03101],[-65.28477,-11.02084],[-65.27075,-11.00931],[-65.26001,-10.998],[-65.24125,-10.98738],[-65.24057,-10.9833],[-65.24238,-10.97878],[-65.26024,-10.95979],[-65.27234,-10.9313],[-65.27007,-10.92813],[-65.26397,-10.92519],[-65.2599,-10.92067],[-65.25764,-10.91163],[-65.25798,-10.89987],[-65.26295,-10.88087],[-65.2737,-10.85849],[-65.28206,-10.85419],[-65.28771,-10.84899],[-65.29789,-10.83498],[-65.31326,-10.8196],[-65.32197,-10.81236],[-65.34398,-10.79949],[-65.34582,-10.7959]],"type":"LineString"},"id":289,"properties":{"cla_icacao":"Navegação inexpressiva","dominio":"União","est_estino":"RO","est_origem":"RO","extensao":36.572247028,"fonte":"LabTrans/ANA/Antaq","idantaq":5,"idhidrovia":200002967,"idm_estino":"BR110010","idm_origem":"BR110010","idseq":0,"jurisdicao":"AHIMOC","mun_estino":"Guajará-Mirim","mun_origem":"Guajará-Mirim","navegacao":"Navegação Interior","nom_eclusa":null,"nome":"Hidrovia do Madeira","nome_rio":"Rio Mamoré","observacao":"Da confluência com o rio Beni _rio boliviano_ até a foz do rio Guaporé.","pro_de_max":3.8,"pro_de_min":1.0,"reg_rafica":"Região Hidrográfica Amazônica","snv":"Sim","tempo":"0d 3h 39min","tipo":"Rio","vel_cional":10.0},"type":"Feature"},{"bbox":[-65.034728,-11.996415,-64.993346,-11.894047],"geometry":{"coordinates":[[-64.99335,-11.9917],[-64.99474,-11.9903],[-65.00075,-11.98962],[-65.00822,-11.99098],[-65.01456,-11.99642],[-65.01842,-11.99619],[-65.0268,-11.99076],[-65.02907,-11.98237],[-65.02544,-11.97308],[-65.02612,-11.96742],[-65.03445,-11.96254],[-65.03473,-11.95745],[-65.03155,-11.95133],[-65.02725,-11.94703],[-65.01287,-11.92122],[-65.01219,-11.90834],[-65.00722,-11.90087],[-65.00988,-11.89405]],"type":"LineString"},"id":290,"properties":{"cla_icacao":"Navegação inexpressiva","dominio":"União","est_estino":"RO","est_origem":"RO","extensao":16.3547011135,"fonte":"LabTrans/ANA/Antaq","idantaq":5,"idhidrovia":200002968,"idm_estino":"BR110010","idm_origem":"BR110010","idseq":0,"jurisdicao":"AHIMOC","mun_estino":"Guajará-Mirim","mun_origem":"Guajará-Mirim","navegacao":"Navegação Interior","nom_eclusa":null,"nome":"Hidrovia do Madeira","nome_rio":"Rio Mamoré","observacao":"Da confluência com o rio Beni _rio boliviano_ até a foz do rio Guaporé.","pro_de_max":3.8,"pro_de_min":1.0,"reg_rafica":"Região Hidrográfica Amazônica","snv":"Sim","tempo":"0d 1h 38min","tipo":"Rio","vel_cional":10.0},"type":"Feature"},{"bbox":[-65.254133,-11.894047,-65.009877,-11.521907],"geometry":{"coordinates":[[-65.00988,-11.89405],[-65.01083,-11.8916],[-65.01468,-11.88685],[-65.02587,-11.88437],[-65.04555,-11.88346],[-65.05798,-11.8751],[-65.06589,-11.86221],[-65.06364,-11.84344],[-65.05583,-11.81744],[-65.05289,-11.79505],[-65.05707,-11.77108],[-65.0711,-11.74214],[-65.07528,-11.71795],[-65.07799,-11.71139],[-65.08251,-11.70551],[-65.0893,-11.70257],[-65.10264,-11.70393],[-65.11033,-11.71365],[-65.11417,-11.71659],[-65.13316,-11.71592],[-65.15385,-11.71818],[-65.16877,-11.71704],[-65.17895,-11.72157],[-65.17759,-11.72857],[-65.16652,-11.74486],[-65.16742,-11.75209],[-65.17171,-11.7539],[-65.17759,-11.7539],[-65.18663,-11.75141],[-65.19184,-11.74757],[-65.21275,-11.73875],[-65.24531,-11.71885],[-65.25277,-11.70642],[-65.25413,-11.70077],[-65.25244,-11.69579],[-65.25017,-11.69262],[-65.23548,-11.68245],[-65.22394,-11.67001],[-65.21762,-11.65464],[-65.21592,-11.64243],[-65.21683,-11.63338],[-65.22519,-11.61982],[-65.22519,-11.61213],[-65.21784,-11.59879],[-65.21897,-11.59404],[-65.22576,-11.58477],[-65.22847,-11.57798],[-65.22802,-11.56758],[-65.22508,-11.56284],[-65.20959,-11.55017],[-65.20348,-11.53706],[-65.20348,-11.52892],[-65.20755,-11.52191]],"type":"LineString"},"id":291,"properties":{"cla_icacao":"Navegação inexpressiva","dominio":"União","est_estino":"RO","est_origem":"RO","extensao":76.0128361402,"fonte":"LabTrans/ANA/Antaq","idantaq":5,"idhidrovia":200002969,"idm_estino":"BR110010","idm_origem":"BR110010","idseq":0,"jurisdicao":"AHIMOC","mun_estino":"Guajará-Mirim","mun_origem":"Guajará-Mirim","navegacao":"Navegação Interior","nom_eclusa":null,"nome":"Hidrovia do Madeira","nome_rio":"Rio Mamoré","observacao":"Da confluência com o rio Beni _rio boliviano_ até a foz do rio Guaporé.","pro_de_max":3.8,"pro_de_min":1.0,"reg_rafica":"Região Hidrográfica Amazônica","snv":"Sim","tempo":"0d 7h 36min","tipo":"Rio","vel_cional":10.0},"type":"Feature"},{"bbox":[-64.416892,-12.503005,-64.266424,-12.438526],"geometry":{"coordinates":[[-64.26642,-12.48831],[-64.27588,-12.503],[-64.27742,-12.50167],[-64.28761,-12.50213],[-64.29464,-12.4976],[-64.29667,-12.49284],[-64.29712,-12.48944],[-64.2884,-12.4704],[-64.28818,-12.46474],[-64.28999,-12.46066],[-64.30675,-12.45681],[-64.33734,-12.45931],[-64.36204,-12.45749],[-64.37235,-12.45296],[-64.38685,-12.45205],[-64.40339,-12.4473],[-64.41018,-12.4439],[-64.41689,-12.43853]],"type":"LineString"},"id":292,"properties":{"cla_icacao":"Navegação inexpressiva","dominio":"União","est_estino":"RO","est_origem":null,"extensao":22.8966758042,"fonte":"ANA/Antaq","idantaq":5,"idhidrovia":200002970,"idm_estino":"BR110008","idm_origem":null,"idseq":0,"jurisdicao":"AHIMOC","mun_estino":"Costa Marques","mun_origem":null,"navegacao":"Navegação Interior","nom_eclusa":null,"nome":"Hidrovia do Madeira","nome_rio":"Rio Guaporé","observacao":"Foz no rio Mamoré _RO_ até a confluência no rio Alegre _MT_.","pro_de_max":1.2,"pro_de_min":0.6,"reg_rafica":"Região Hidrográfica Amazônica","snv":"Sim","tempo":"0d 2h 17min","tipo":"Rio","vel_cional":10.0},"type":"Feature"},{"bbox":[-64.713903,-12.438526,-64.416892,-12.114375],"geometry":{"coordinates":[[-64.41689,-12.43853],[-64.42083,-12.43597],[-64.43239,-12.4183],[-64.44383,-12.41059],[-64.45289,-12.39269],[-64.45856,-12.38725],[-64.46808,-12.38204],[-64.4785,-12.37932],[-64.4896,-12.37094],[-64.50421,-12.36777],[-64.50988,-12.35848],[-64.5092,-12.34783],[-64.50512,-12.33809],[-64.49492,-12.32472],[-64.49345,-12.31022],[-64.48914,-12.29527],[-64.49425,-12.25788],[-64.49096,-12.24519],[-64.49572,-12.21801],[-64.49914,-12.21503],[-64.50365,-12.21506],[-64.51203,-12.22208],[-64.52358,-12.22457],[-64.53808,-12.23001],[-64.545,-12.23523],[-64.55156,-12.22299],[-64.55292,-12.20736],[-64.5604,-12.19943],[-64.57603,-12.19988],[-64.58577,-12.21257],[-64.59597,-12.22095],[-64.60164,-12.22231],[-64.61217,-12.2214],[-64.62622,-12.21619],[-64.63891,-12.20781],[-64.66383,-12.19762],[-64.69329,-12.19263],[-64.70234,-12.18493],[-64.7139,-12.16318],[-64.71243,-12.13259],[-64.70654,-12.11854],[-64.70248,-12.11438]],"type":"LineString"},"id":293,"properties":{"cla_icacao":"Navegação inexpressiva","dominio":"União","est_estino":"RO","est_origem":"RO","extensao":66.7994225506,"fonte":"ANA/Antaq","idantaq":5,"idhidrovia":200002971,"idm_estino":"BR110010","idm_origem":"BR110008","idseq":0,"jurisdicao":"AHIMOC","mun_estino":"Guajará-Mirim","mun_origem":"Costa Marques","navegacao":"Navegação Interior","nom_eclusa":null,"nome":"Hidrovia do Madeira","nome_rio":"Rio Guaporé","observacao":"Foz no rio Mamoré _RO_ até a confluência no rio Alegre _MT_.","pro_de_max":1.2,"pro_de_min":0.6,"reg_rafica":"Região Hidrográfica Amazônica","snv":"Sim","tempo":"0d 6h 40min","tipo":"Rio","vel_cional":10.0},"type":"Feature"},{"bbox":[-63.633988,-12.691993,-63.163705,-12.467517],"geometry":{"coordinates":[[-63.16371,-12.61201],[-63.16846,-12.61677],[-63.16824,-12.62334],[-63.16665,-12.62765],[-63.16439,-12.62946],[-63.16643,-12.63716],[-63.1739,-12.63829],[-63.17662,-12.63671],[-63.18387,-12.62334],[-63.18682,-12.6213],[-63.19701,-12.62107],[-63.19622,-12.62991],[-63.19214,-12.63331],[-63.19055,-12.64147],[-63.19599,-12.65098],[-63.20052,-12.65415],[-63.20528,-12.65506],[-63.21661,-12.6537],[-63.23213,-12.66141],[-63.23734,-12.65982],[-63.23961,-12.65551],[-63.24323,-12.65574],[-63.24799,-12.66163],[-63.25365,-12.66209],[-63.2489,-12.66684],[-63.24119,-12.67092],[-63.23802,-12.67432],[-63.23462,-12.6818],[-63.23757,-12.68633],[-63.24573,-12.69199],[-63.24663,-12.68655],[-63.25615,-12.6818],[-63.28175,-12.68157],[-63.30293,-12.67772],[-63.3086,-12.67477],[-63.30996,-12.6716],[-63.31902,-12.67092],[-63.33284,-12.66526],[-63.34077,-12.65869],[-63.35278,-12.65257],[-63.36807,-12.6571],[-63.3862,-12.64871],[-63.39684,-12.63422],[-63.40002,-12.63218],[-63.41044,-12.60907],[-63.4152,-12.60431],[-63.42143,-12.60295],[-63.43389,-12.60544],[-63.44023,-12.60408],[-63.4425,-12.60023],[-63.44159,-12.59638],[-63.43933,-12.59525],[-63.43276,-12.59615],[-63.42981,-12.59072],[-63.43842,-12.58211],[-63.43842,-12.56421],[-63.44024,-12.56149],[-63.45247,-12.56262],[-63.45949,-12.55831],[-63.47399,-12.55582],[-63.49336,-12.5633],[-63.49676,-12.56353],[-63.50764,-12.56036],[-63.51512,-12.55084],[-63.52758,-12.54109],[-63.53301,-12.53476],[-63.54231,-12.51799],[-63.54412,-12.51164],[-63.54944,-12.50417],[-63.57844,-12.4942],[-63.58796,-12.4831],[-63.60042,-12.48513],[-63.6088,-12.48264],[-63.62342,-12.48423],[-63.62772,-12.47924],[-63.6318,-12.46905],[-63.63399,-12.46752]],"type":"LineString"},"id":294,"properties":{"cla_icacao":"Navegação inexpressiva","dominio":"União","est_estino":"RO","est_origem":"RO","extensao":81.8889221309,"fonte":"ANA/Antaq","idantaq":5,"idhidrovia":200002972,"idm_estino":"BR110149","idm_origem":"BR110149","idseq":0,"jurisdicao":"AHIMOC","mun_estino":"São Francisco do Guaporé","mun_origem":"São Francisco do Guaporé","navegacao":"Navegação Interior","nom_eclusa":null,"nome":"Hidrovia do Madeira","nome_rio":"Rio Guaporé","observacao":"Foz no rio Mamoré _RO_ até a confluência no rio Alegre _MT_.","pro_de_max":1.2,"pro_de_min":0.6,"reg_rafica":"Região Hidrográfica Amazônica","snv":"Sim","tempo":"0d 8h 11min","tipo":"Rio","vel_cional":10.0},"type":"Feature"},{"bbox":[-62.276969,-13.148942,-62.179014,-13.105937],"geometry":{"coordinates":[[-62.17901,-13.11126],[-62.18254,-13.11523],[-62.18322,-13.12066],[-62.1805,-13.12724],[-62.18005,-13.13517],[-62.18526,-13.14536],[-62.18888,-13.14695],[-62.19228,-13.14785],[-62.19636,-13.14695],[-62.19817,-13.14423],[-62.20067,-13.13811],[-62.19772,-13.12361],[-62.20316,-13.11364],[-62.2095,-13.11002],[-62.21335,-13.10594],[-62.2206,-13.10639],[-62.22718,-13.11455],[-62.23171,-13.11477],[-62.23442,-13.11273],[-62.23884,-13.11205],[-62.24247,-13.11409],[-62.24133,-13.1252],[-62.24406,-13.1372],[-62.247,-13.13924],[-62.25991,-13.14015],[-62.26309,-13.14423],[-62.26603,-13.14446],[-62.27056,-13.14128],[-62.27305,-13.14128],[-62.27396,-13.14332],[-62.27283,-13.14808],[-62.27697,-13.14894]],"type":"LineString"},"id":295,"properties":{"cla_icacao":"Navegação inexpressiva","dominio":"União","est_estino":"RO","est_origem":"RO","extensao":21.8930821094,"fonte":"ANA/Antaq","idantaq":5,"idhidrovia":200002973,"idm_estino":"BR110037","idm_origem":"BR110037","idseq":0,"jurisdicao":"AHIMOC","mun_estino":"Alto Alegre dos Parecis","mun_origem":"Alto Alegre dos Parecis","navegacao":"Navegação Interior","nom_eclusa":null,"nome":"Hidrovia do Madeira","nome_rio":"Rio Guaporé","observacao":"Foz no rio Mamoré _RO_ até a confluência no rio Alegre _MT_.","pro_de_max":1.2,"pro_de_min":0.6,"reg_rafica":"Região Hidrográfica Amazônica","snv":"Sim","tempo":"0d 2h 11min","tipo":"Rio","vel_cional":10.0},"type":"Feature"},{"bbox":[-63.163705,-12.946884,-62.801305,-12.612012],"geometry":{"coordinates":[[-62.8013,-12.94032],[-62.80289,-12.93759],[-62.80855,-12.93442],[-62.8217,-12.93216],[-62.82917,-12.9351],[-62.83348,-12.9428],[-62.83824,-12.94688],[-62.84503,-12.94281],[-62.84639,-12.93986],[-62.83982,-12.9274],[-62.84028,-12.9197],[-62.85432,-12.91222],[-62.86656,-12.90905],[-62.86916,-12.89885],[-62.87369,-12.89024],[-62.88797,-12.87416],[-62.89023,-12.86849],[-62.88853,-12.85604],[-62.89171,-12.85286],[-62.90349,-12.85104],[-62.91504,-12.83813],[-62.92003,-12.83677],[-62.9334,-12.83926],[-62.93929,-12.85399],[-62.9411,-12.85558],[-62.94382,-12.85557],[-62.94631,-12.84628],[-62.94993,-12.84312],[-62.95719,-12.84425],[-62.96228,-12.84764],[-62.96681,-12.85422],[-62.97134,-12.85399],[-62.97633,-12.8515],[-62.97973,-12.83587],[-62.98313,-12.83473],[-62.98992,-12.83813],[-63.00125,-12.83858],[-63.00986,-12.83496],[-63.01553,-12.82703],[-63.01666,-12.82318],[-63.01213,-12.80913],[-63.01711,-12.80527],[-63.0221,-12.80415],[-63.02368,-12.79916],[-63.02267,-12.78965],[-63.02788,-12.78285],[-63.03286,-12.78013],[-63.03377,-12.76993],[-63.03807,-12.76246],[-63.04102,-12.75317],[-63.05336,-12.73142],[-63.05563,-12.72915],[-63.06265,-12.72666],[-63.07126,-12.72847],[-63.07512,-12.72756],[-63.0801,-12.72416],[-63.08441,-12.71465],[-63.08441,-12.71012],[-63.08123,-12.70174],[-63.06367,-12.69018],[-63.06299,-12.68587],[-63.0648,-12.68202],[-63.07364,-12.68021],[-63.0784,-12.68248],[-63.10242,-12.6793],[-63.09358,-12.66435],[-63.09381,-12.65937],[-63.09607,-12.65665],[-63.10718,-12.65325],[-63.11919,-12.65596],[-63.12235,-12.6537],[-63.12836,-12.6426],[-63.1313,-12.64305],[-63.13969,-12.64827],[-63.14128,-12.64554],[-63.14082,-12.64011],[-63.14263,-12.63693],[-63.1483,-12.63739],[-63.15192,-12.63512],[-63.15759,-12.61246],[-63.16371,-12.61201]],"type":"LineString"},"id":296,"properties":{"cla_icacao":"Navegação inexpressiva","dominio":"União","est_estino":"RO","est_origem":"RO","extensao":77.8412141959,"fonte":"ANA/Antaq","idantaq":5,"idhidrovia":200002974,"idm_estino":"BR110149","idm_origem":"BR110001","idseq":0,"jurisdicao":"AHIMOC","mun_estino":"São Francisco do Guaporé","mun_origem":"Alta Floresta D'Oeste","navegacao":"Navegação Interior","nom_eclusa":null,"nome":"Hidrovia do Madeira","nome_rio":"Rio Guaporé","observacao":"Foz no rio Mamoré _RO_ até a confluência no rio Alegre _MT_.","pro_de_max":1.2,"pro_de_min":0.6,"reg_rafica":"Região Hidrográfica Amazônica","snv":"Sim","tempo":"0d 7h 47min","tipo":"Rio","vel_cional":10.0},"type":"Feature"},{"bbox":[-61.492021,-13.550345,-61.034776,-13.473762],"geometry":{"coordinates":[[-61.0466,-13.48354],[-61.04978,-13.4859],[-61.04946,-13.48878],[-61.04501,-13.49307],[-61.03675,-13.49387],[-61.03478,-13.50091],[-61.03681,-13.50468],[-61.04238,-13.50746],[-61.05284,-13.50798],[-61.0552,-13.50742],[-61.06322,-13.49912],[-61.06869,-13.49657],[-61.07592,-13.49634],[-61.08293,-13.49426],[-61.09129,-13.48957],[-61.09546,-13.49093],[-61.09548,-13.49981],[-61.10195,-13.51662],[-61.10014,-13.52268],[-61.10204,-13.52668],[-61.10571,-13.52685],[-61.11534,-13.52029],[-61.12288,-13.51704],[-61.12524,-13.51705],[-61.12815,-13.52126],[-61.13182,-13.52287],[-61.13642,-13.51858],[-61.13974,-13.5101],[-61.14298,-13.50912],[-61.14558,-13.51452],[-61.1457,-13.51952],[-61.13799,-13.52465],[-61.13784,-13.52624],[-61.1418,-13.52814],[-61.15233,-13.51971],[-61.1571,-13.51182],[-61.16259,-13.50711],[-61.16687,-13.50671],[-61.17258,-13.51021],[-61.17715,-13.50981],[-61.1813,-13.50696],[-61.18454,-13.50655],[-61.18659,-13.50786],[-61.18836,-13.51519],[-61.18699,-13.52164],[-61.18424,-13.5263],[-61.19318,-13.5317],[-61.19761,-13.53087],[-61.20798,-13.52359],[-61.2263,-13.5229],[-61.2338,-13.51902],[-61.24182,-13.50971],[-61.24276,-13.50266],[-61.24529,-13.4985],[-61.24974,-13.49535],[-61.25505,-13.49352],[-61.25959,-13.49443],[-61.26944,-13.50025],[-61.27356,-13.50115],[-61.27769,-13.50017],[-61.28964,-13.4782],[-61.29249,-13.47538],[-61.29844,-13.47376],[-61.30118,-13.47456],[-61.30307,-13.47702],[-61.30403,-13.48421],[-61.30247,-13.49469],[-61.30377,-13.49862],[-61.30627,-13.50008],[-61.3148,-13.50115],[-61.32306,-13.50034],[-61.3305,-13.50181],[-61.34311,-13.51386],[-61.35386,-13.51915],[-61.3854,-13.51648],[-61.39547,-13.51936],[-61.40053,-13.52249],[-61.40724,-13.53335],[-61.41075,-13.53611],[-61.45531,-13.54894],[-61.47298,-13.55035],[-61.49202,-13.54824]],"type":"LineString"},"id":297,"properties":{"cla_icacao":"Navegação inexpressiva","dominio":"União","est_estino":"RO","est_origem":"RO","extensao":73.5899286142,"fonte":"ANA/Antaq","idantaq":5,"idhidrovia":200002975,"idm_estino":"BR110146","idm_origem":"BR110146","idseq":0,"jurisdicao":"AHIMOC","mun_estino":"Pimenteiras do Oeste","mun_origem":"Pimenteiras do Oeste","navegacao":"Navegação Interior","nom_eclusa":null,"nome":"Hidrovia do Madeira","nome_rio":"Rio Guaporé","observacao":"Foz no rio Mamoré _RO_ até a confluência no rio Alegre _MT_.","pro_de_max":1.2,"pro_de_min":0.6,"reg_rafica":"Região Hidrográfica Amazônica","snv":"Sim","tempo":"0d 7h 21min","tipo":"Rio","vel_cional":10.0},"type":"Feature"},{"bbox":[-62.179014,-13.385452,-61.958402,-13.107749],"geometry":{"coordinates":[[-61.9584,-13.38545],[-61.9605,-13.3819],[-61.96775,-13.38145],[-61.97138,-13.38349],[-61.97409,-13.38099],[-61.97364,-13.3674],[-61.97613,-13.36468],[-61.99075,-13.35811],[-61.99324,-13.35313],[-61.99664,-13.35086],[-62.00049,-13.35585],[-62.00027,-13.35947],[-62.00389,-13.36083],[-62.00819,-13.35766],[-62.01522,-13.34769],[-62.0134,-13.33409],[-62.0159,-13.32571],[-62.01816,-13.32458],[-62.02496,-13.3248],[-62.02972,-13.3282],[-62.03334,-13.32707],[-62.04467,-13.31234],[-62.05476,-13.31008],[-62.05792,-13.30169],[-62.05611,-13.29059],[-62.05679,-13.28674],[-62.05815,-13.28515],[-62.06087,-13.28515],[-62.06722,-13.29014],[-62.07333,-13.28991],[-62.0756,-13.28085],[-62.07786,-13.27813],[-62.08126,-13.27609],[-62.09123,-13.27473],[-62.09236,-13.26975],[-62.09576,-13.26658],[-62.10471,-13.25955],[-62.11332,-13.25661],[-62.11378,-13.25366],[-62.10902,-13.24437],[-62.10675,-13.22851],[-62.11298,-13.20019],[-62.11117,-13.18795],[-62.11321,-13.17773],[-62.11196,-13.16281],[-62.11763,-13.15012],[-62.12239,-13.14559],[-62.12669,-13.14377],[-62.1319,-13.14377],[-62.13485,-13.14559],[-62.14482,-13.15782],[-62.14776,-13.15737],[-62.15048,-13.15352],[-62.15093,-13.14513],[-62.15388,-13.14309],[-62.16271,-13.12882],[-62.16555,-13.11183],[-62.17053,-13.10775],[-62.1771,-13.10911],[-62.17901,-13.11126]],"type":"LineString"},"id":298,"properties":{"cla_icacao":"Navegação inexpressiva","dominio":"União","est_estino":"RO","est_origem":"RO","extensao":52.6454575155,"fonte":"ANA/Antaq","idantaq":5,"idhidrovia":200002976,"idm_estino":"BR110037","idm_origem":"BR110146","idseq":0,"jurisdicao":"AHIMOC","mun_estino":"Alto Alegre dos Parecis","mun_origem":"Pimenteiras do Oeste","navegacao":"Navegação Interior","nom_eclusa":null,"nome":"Hidrovia do Madeira","nome_rio":"Rio Guaporé","observacao":"Foz no rio Mamoré _RO_ até a confluência no rio Alegre _MT_.","pro_de_max":1.2,"pro_de_min":0.6,"reg_rafica":"Região Hidrográfica Amazônica","snv":"Sim","tempo":"0d 5h 15min","tipo":"Rio","vel_cional":10.0},"type":"Feature"},{"bbox":[-69.950459,-4.293089,-69.935789,-4.232952],"geometry":{"coordinates":[[-69.94764,-4.23295],[-69.95013,-4.2457],[-69.95046,-4.25789],[-69.94848,-4.27074],[-69.94387,-4.28261],[-69.93579,-4.29309]],"type":"LineString"},"id":299,"properties":{"cla_icacao":"Navegável","dominio":"União","est_estino":"AM","est_origem":"AM","extensao":7.09516331745,"fonte":"ANA/Antaq","idantaq":2,"idhidrovia":200002980,"idm_estino":"BR130060","idm_origem":"BR130406","idseq":0,"jurisdicao":"AHIMOC","mun_estino":"Benjamin Constant","mun_origem":"Tabatinga","navegacao":"Navegação Interior","nom_eclusa":null,"nome":"Hidrovia do Solimões","nome_rio":"Rio Solimões","observacao":"Confluência com o rio Negro _AM_ até Tabatinga _AM_.","pro_de_max":10.0,"pro_de_min":6.0,"reg_rafica":"Região Hidrográfica Amazônica","snv":"Sim","tempo":"0d 0h 42min","tipo":"Rio","vel_cional":10.0},"type":"Feature"},{"bbox":[-48.585666,-2.254091,-48.1655,-1.661909],"geometry":{"coordinates":[[-48.43473,-1.66191],[-48.42383,-1.67593],[-48.40975,-1.6817],[-48.39568,-1.68286],[-48.38383,-1.68542],[-48.36089,-1.69819],[-48.35585,-1.70399],[-48.3516,-1.7126],[-48.35115,-1.72605],[-48.35508,-1.73149],[-48.36617,-1.75386],[-48.36564,-1.75676],[-48.36325,-1.75816],[-48.34845,-1.77451],[-48.33626,-1.78555],[-48.327,-1.78631],[-48.31988,-1.78338],[-48.3162,-1.77862],[-48.31225,-1.77596],[-48.30882,-1.77568],[-48.30114,-1.78041],[-48.28603,-1.79645],[-48.28049,-1.79538],[-48.27521,-1.79246],[-48.27072,-1.79402],[-48.267,-1.7985],[-48.26563,-1.80933],[-48.26377,-1.81249],[-48.26006,-1.81486],[-48.25317,-1.82117],[-48.24626,-1.83539],[-48.23937,-1.8417],[-48.22005,-1.84877],[-48.21205,-1.86355],[-48.2107,-1.86925],[-48.21385,-1.87547],[-48.21308,-1.88199],[-48.21048,-1.88817],[-48.20593,-1.88921],[-48.20139,-1.88814],[-48.19658,-1.87903],[-48.19586,-1.86753],[-48.19164,-1.86343],[-48.18679,-1.86158],[-48.18058,-1.86247],[-48.17694,-1.86564],[-48.17554,-1.87138],[-48.1772,-1.87517],[-48.18174,-1.8805],[-48.18368,-1.88534],[-48.18426,-1.89155],[-48.18287,-1.89866],[-48.17937,-1.90834],[-48.18041,-1.91136],[-48.18539,-1.91471],[-48.19432,-1.91717],[-48.19521,-1.92141],[-48.19353,-1.93109],[-48.18972,-1.93607],[-48.18472,-1.93666],[-48.1817,-1.9318],[-48.17946,-1.92559],[-48.17206,-1.92405],[-48.16736,-1.92706],[-48.1655,-1.93416],[-48.16958,-1.94115],[-48.1702,-1.9485],[-48.16895,-1.95708],[-48.1695,-1.96199],[-48.17143,-1.96477],[-48.17969,-1.96698],[-48.18479,-1.96687],[-48.19518,-1.96415],[-48.19802,-1.96409],[-48.20163,-1.96586],[-48.20447,-1.96625],[-48.21268,-1.96402],[-48.21816,-1.96436],[-48.2246,-1.96595],[-48.22729,-1.96798],[-48.22861,-1.97337],[-48.23155,-1.97956],[-48.24004,-1.9817],[-48.24343,-1.99608],[-48.24369,-2.00222],[-48.24241,-2.00653],[-48.23953,-2.00796],[-48.23497,-2.00798],[-48.23334,-2.009],[-48.23124,-2.01339],[-48.23154,-2.01552],[-48.23785,-2.02373],[-48.2396,-2.03207],[-48.24747,-2.0414],[-48.24955,-2.04218],[-48.25662,-2.0421],[-48.25848,-2.04126],[-48.25985,-2.04018],[-48.26198,-2.03536],[-48.26458,-2.03371],[-48.27176,-2.03386],[-48.28442,-2.04005],[-48.28616,-2.04111],[-48.28744,-2.04355],[-48.285,-2.05219],[-48.28526,-2.05444],[-48.28604,-2.057],[-48.28917,-2.05931],[-48.30204,-2.06061],[-48.30517,-2.05952],[-48.30736,-2.05786],[-48.3081,-2.05578],[-48.30832,-2.05344],[-48.30714,-2.04881],[-48.31152,-2.04198],[-48.3145,-2.04022],[-48.31723,-2.04008],[-48.31858,-2.03826],[-48.32115,-2.03775],[-48.32531,-2.03938],[-48.32867,-2.04403],[-48.32735,-2.04996],[-48.32312,-2.05323],[-48.32268,-2.05833],[-48.32355,-2.06058],[-48.32465,-2.06193],[-48.33336,-2.06551],[-48.33598,-2.06487],[-48.33718,-2.06369],[-48.33682,-2.05942],[-48.33788,-2.05437],[-48.33992,-2.05282],[-48.34431,-2.05127],[-48.34625,-2.04763],[-48.34414,-2.03867],[-48.34264,-2.03653],[-48.33873,-2.03411],[-48.33874,-2.03276],[-48.34173,-2.02761],[-48.34784,-2.02034],[-48.35493,-2.01985],[-48.3567,-2.02043],[-48.35809,-2.0222],[-48.36264,-2.03497],[-48.36047,-2.04262],[-48.36166,-2.047],[-48.37607,-2.05993],[-48.3793,-2.06035],[-48.38108,-2.05953],[-48.38783,-2.05226],[-48.38825,-2.05028],[-48.38753,-2.0483],[-48.38509,-2.04605],[-48.38358,-2.04589],[-48.38015,-2.04056],[-48.38085,-2.03635],[-48.38257,-2.03495],[-48.38627,-2.03423],[-48.38726,-2.0346],[-48.39058,-2.04107],[-48.39162,-2.0418],[-48.39459,-2.04161],[-48.39929,-2.0397],[-48.4036,-2.04268],[-48.40427,-2.04383],[-48.40369,-2.04763],[-48.40122,-2.05168],[-48.40221,-2.05866],[-48.40413,-2.06132],[-48.40694,-2.06279],[-48.41683,-2.06465],[-48.42466,-2.06088],[-48.42894,-2.06083],[-48.43264,-2.06179],[-48.43477,-2.0631],[-48.43731,-2.0667],[-48.43708,-2.07029],[-48.43833,-2.07624],[-48.44189,-2.07921],[-48.44434,-2.08016],[-48.44933,-2.07965],[-48.45439,-2.0743],[-48.45611,-2.07342],[-48.46398,-2.07341],[-48.46471,-2.07538],[-48.47225,-2.08],[-48.47515,-2.0837],[-48.47576,-2.08645],[-48.47532,-2.09268],[-48.47762,-2.0975],[-48.48016,-2.09938],[-48.48989,-2.10123],[-48.49892,-2.10744],[-48.50023,-2.11099],[-48.49916,-2.11517],[-48.49716,-2.11611],[-48.49488,-2.11651],[-48.48976,-2.113],[-48.48235,-2.11216],[-48.47004,-2.1169],[-48.46621,-2.12037],[-48.46692,-2.12758],[-48.46941,-2.13241],[-48.47321,-2.13842],[-48.48101,-2.14631],[-48.48333,-2.14727],[-48.48626,-2.14314],[-48.49082,-2.13943],[-48.4955,-2.13999],[-48.49721,-2.14545],[-48.49229,-2.15697],[-48.4791,-2.1677],[-48.47681,-2.17314],[-48.47538,-2.18242],[-48.47884,-2.18353],[-48.48822,-2.18265],[-48.49577,-2.18382],[-48.49709,-2.18359],[-48.50197,-2.17938],[-48.50623,-2.1833],[-48.50907,-2.1889],[-48.50947,-2.19345],[-48.5081,-2.19509],[-48.50281,-2.19815],[-48.50066,-2.20133],[-48.49941,-2.2063],[-48.49977,-2.20739],[-48.50236,-2.20854],[-48.50718,-2.20737],[-48.50991,-2.20779],[-48.51235,-2.21157],[-48.51102,-2.21579],[-48.50619,-2.21886],[-48.50614,-2.22069],[-48.51414,-2.22176],[-48.51864,-2.22087],[-48.52265,-2.21563],[-48.52618,-2.20751],[-48.52842,-2.20488],[-48.53138,-2.20471],[-48.53314,-2.20776],[-48.53425,-2.21358],[-48.53319,-2.21776],[-48.52946,-2.22012],[-48.52868,-2.22138],[-48.529,-2.22257],[-48.53104,-2.22425],[-48.53581,-2.22427],[-48.54223,-2.22156],[-48.54355,-2.22303],[-48.54336,-2.22457],[-48.54015,-2.22903],[-48.54069,-2.23121],[-48.54282,-2.23272],[-48.54837,-2.23328],[-48.54845,-2.23674],[-48.54557,-2.24155],[-48.54452,-2.24566],[-48.54478,-2.24811],[-48.54692,-2.24844],[-48.55624,-2.23892],[-48.56493,-2.23768],[-48.56684,-2.23874],[-48.568,-2.24665],[-48.57007,-2.25169],[-48.57215,-2.25407],[-48.57479,-2.25353],[-48.57561,-2.25254],[-48.57606,-2.24218],[-48.57693,-2.24055],[-48.57826,-2.23991],[-48.58052,-2.24137],[-48.58214,-2.24943],[-48.58567,-2.25409]],"type":"LineString"},"id":300,"properties":{"cla_icacao":"Navegável","dominio":"Estados ou Distrito Federal","est_estino":"PA","est_origem":"PA","extensao":184.404163029301,"fonte":"ANA/Google Earth","idantaq":null,"idhidrovia":200300040,"idm_estino":"BR150020","idm_origem":"BR150020","idseq":0,"jurisdicao":null,"mun_estino":"Acará","mun_origem":"Acará","navegacao":"Navegação Interior","nom_eclusa":null,"nome":"Hidrovia do Tocantins","nome_rio":"Rio Acará","observacao":"Georreferenciado por vetorização utilizando imagem do aplicativo Google Earth, em 29 de abril de 2014.","pro_de_max":null,"pro_de_min":null,"reg_rafica":"Região Hidrográfica do Tocantins","snv":"Não","tempo":"0d 12h 17min","tipo":"Rio","vel_cional":15.0},"type":"Feature"},{"bbox":[-48.505614,-1.661909,-48.434731,-1.556578],"geometry":{"coordinates":[[-48.43473,-1.66191],[-48.43475,-1.65034],[-48.44081,-1.63862],[-48.47515,-1.58247],[-48.47717,-1.56914],[-48.48525,-1.56186],[-48.50561,-1.55658]],"type":"LineString"},"id":301,"properties":{"cla_icacao":"Navegável","dominio":"Estados ou Distrito Federal","est_estino":"PA","est_origem":"PA","extensao":15.1110680744519,"fonte":"ANA/ANTAQ","idantaq":null,"idhidrovia":200300041,"idm_estino":"BR150130","idm_origem":"BR150020","idseq":0,"jurisdicao":null,"mun_estino":"Barcarena","mun_origem":"Acará","navegacao":"Navegação Interior","nom_eclusa":null,"nome":"Hidrovia do Tocantins","nome_rio":"Rio Moju","observacao":"Trecho Intermediário_Vetorizado a partir de imagens do aplicativo Google Earth em 29/04/2014","pro_de_max":null,"pro_de_min":null,"reg_rafica":"Região Hidrográfica do Tocantins","snv":"Sim","tempo":"0d 1h 0min","tipo":"Rio","vel_cional":15.0},"type":"Feature"},{"bbox":[-48.75208,-1.537207,-48.676887,-1.37687],"geometry":{"coordinates":[[-48.75208,-1.53721],[-48.74367,-1.52147],[-48.73645,-1.49044],[-48.71787,-1.4445],[-48.69689,-1.40275],[-48.67689,-1.37687]],"type":"LineString"},"id":302,"properties":{"cla_icacao":"Navegável","dominio":null,"est_estino":"PA","est_origem":"PA","extensao":19.8568958969547,"fonte":null,"idantaq":null,"idhidrovia":200300044,"idm_estino":"BR150130","idm_origem":"BR150130","idseq":0,"jurisdicao":null,"mun_estino":"Barcarena","mun_origem":"Barcarena","navegacao":"Navegação Interior","nom_eclusa":null,"nome":"Hidrovia do Tocantins","nome_rio":"Rio Tocantins","observacao":null,"pro_de_max":null,"pro_de_min":null,"reg_rafica":"Região Hidrográfica do Tocantins","snv":null,"tempo":"0d 1h 19min","tipo":"Rio","vel_cional":15.0},"type":"Feature"},{"bbox":[-56.755996,-2.184811,-56.705154,-2.167162],"geometry":{"coordinates":[[-56.756,-2.16716],[-56.75453,-2.16866],[-56.75223,-2.17433],[-56.74469,-2.17998],[-56.73828,-2.18224],[-56.72321,-2.18412],[-56.71102,-2.18335],[-56.70515,-2.18481]],"type":"LineString"},"id":303,"properties":{"cla_icacao":"Navegável","dominio":"ANA/Antaq","est_estino":"PA","est_origem":"PA","extensao":6.42805104685222,"fonte":null,"idantaq":null,"idhidrovia":200300072,"idm_estino":"BR150300","idm_origem":"BR150300","idseq":0,"jurisdicao":"AHIMOC","mun_estino":"Faro","mun_origem":"Faro","navegacao":"Navegação Interior","nom_eclusa":null,"nome":"Hidrovia do Amazonas","nome_rio":"Rio Nhamundá","observacao":"Nhaumndá _AM_até_Faro_PA","pro_de_max":null,"pro_de_min":null,"reg_rafica":"Região Hidrográfica Amazônica","snv":"Sim","tempo":"0d 0h 25min","tipo":"Rio","vel_cional":15.0},"type":"Feature"},{"bbox":[-48.996135,-2.499858,-48.764386,-1.87283],"geometry":{"coordinates":[[-48.98889,-2.49986],[-48.99104,-2.48484],[-48.98648,-2.45642],[-48.97737,-2.44515],[-48.98219,-2.43711],[-48.98648,-2.43711],[-48.99506,-2.42853],[-48.99614,-2.41566],[-48.99453,-2.40654],[-48.98541,-2.39957],[-48.98166,-2.39045],[-48.98166,-2.3808],[-48.9923,-2.37487],[-48.98595,-2.36632],[-48.98595,-2.35291],[-48.98273,-2.3454],[-48.97308,-2.34165],[-48.97093,-2.33575],[-48.97093,-2.32556],[-48.96476,-2.30786],[-48.9653,-2.30142],[-48.99095,-2.30107],[-48.98253,-2.29437],[-48.97441,-2.28426],[-48.96476,-2.28479],[-48.95279,-2.27719],[-48.95296,-2.26978],[-48.95886,-2.25423],[-48.95511,-2.24672],[-48.94706,-2.23706],[-48.94438,-2.2258],[-48.94706,-2.22044],[-48.95993,-2.21829],[-48.96476,-2.21561],[-48.97173,-2.19469],[-48.97173,-2.18236],[-48.97013,-2.17807],[-48.96101,-2.17807],[-48.95296,-2.17914],[-48.94545,-2.17217],[-48.9417,-2.15876],[-48.94358,-2.14857],[-48.93446,-2.14267],[-48.9291,-2.13302],[-48.93017,-2.12122],[-48.935,-2.10942],[-48.935,-2.09601],[-48.93017,-2.08958],[-48.92266,-2.08421],[-48.9173,-2.0751],[-48.9114,-2.06169],[-48.91301,-2.05525],[-48.92373,-2.05257],[-48.93446,-2.04507],[-48.93285,-2.03219],[-48.92213,-2.02576],[-48.90765,-2.01932],[-48.89853,-2.01396],[-48.88994,-2.00001],[-48.88056,-1.9925],[-48.86179,-1.98178],[-48.84248,-1.9673],[-48.82907,-1.94048],[-48.82854,-1.91957],[-48.82907,-1.90991],[-48.82586,-1.90401],[-48.81631,-1.8996],[-48.81017,-1.90118],[-48.79797,-1.89114],[-48.76439,-1.87283]],"type":"LineString"},"id":304,"properties":{"cla_icacao":"Navegável","dominio":"Estados ou Distrito Federal","est_estino":"PA","est_origem":"PA","extensao":97.3829957724757,"fonte":"ANA/ANTAQ","idantaq":null,"idhidrovia":200300074,"idm_estino":"BR150470","idm_origem":"BR150470","idseq":0,"jurisdicao":"AHIMOR","mun_estino":"Moju","mun_origem":"Moju","navegacao":"Navegação Interior","nom_eclusa":null,"nome":"Hidrovia do Tocantins","nome_rio":"Rio Moju","observacao":null,"pro_de_max":null,"pro_de_min":null,"reg_rafica":"Região Hidrográfica do Tocantins","snv":"Sim","tempo":"0d 9h 44min","tipo":"Rio","vel_cional":10.0},"type":"Feature"},{"bbox":[-51.285291,-29.942696,-51.266069,-29.934629],"geometry":{"coordinates":[[-51.28529,-29.9427],[-51.27603,-29.93738],[-51.26607,-29.93463]],"type":"LineString"},"id":305,"properties":{"cla_icacao":"Navegável","dominio":"Estados ou Distrito Federal","est_estino":"RS","est_origem":"RS","extensao":2.07875660358363,"fonte":"LabTrans/ANA/Antaq","idantaq":null,"idhidrovia":200300120,"idm_estino":"BR432200","idm_origem":"BR432200","idseq":0,"jurisdicao":"SPH","mun_estino":"Triunfo","mun_origem":"Triunfo","navegacao":"Navegação Interior","nom_eclusa":null,"nome":"Hidrovia do Sul","nome_rio":"Rio Jacuí","observacao":"Modificado em 17/11/2015 por ajustes. Utilização da Base BCIM250/IBGE","pro_de_max":1.0,"pro_de_min":1.2,"reg_rafica":"Região Hidrográfica Atlântico Sul","snv":"Sim","tempo":"0d 0h 12min","tipo":"Rio","vel_cional":10.0},"type":"Feature"},{"bbox":[-69.530821,-4.063475,-68.952406,-3.430601],"geometry":{"coordinates":[[-69.53082,-4.06348],[-69.52582,-4.0542],[-69.51678,-4.04687],[-69.4978,-4.0368],[-69.44861,-4.0155],[-69.43762,-4.01019],[-69.42511,-4.00281],[-69.419,-3.99579],[-69.4143,-3.98639],[-69.40802,-3.9516],[-69.39319,-3.91241],[-69.39172,-3.90289],[-69.39239,-3.8761],[-69.39142,-3.8443],[-69.38989,-3.8302],[-69.39038,-3.81659],[-69.3894,-3.78491],[-69.393,-3.77362],[-69.40143,-3.76312],[-69.41168,-3.75671],[-69.41748,-3.75018],[-69.42279,-3.74011],[-69.42609,-3.73071],[-69.42969,-3.71911],[-69.43079,-3.71197],[-69.4303,-3.69897],[-69.42718,-3.67541],[-69.42389,-3.6651],[-69.4201,-3.65899],[-69.41259,-3.65362],[-69.40503,-3.65051],[-69.38818,-3.64062],[-69.37268,-3.62848],[-69.3584,-3.61328],[-69.34778,-3.59772],[-69.34619,-3.58911],[-69.35229,-3.56592],[-69.3526,-3.56012],[-69.35229,-3.54938],[-69.35058,-3.53699],[-69.34491,-3.51867],[-69.34009,-3.50848],[-69.3338,-3.49841],[-69.3277,-3.49109],[-69.31628,-3.4823],[-69.30597,-3.47827],[-69.29229,-3.47693],[-69.26507,-3.47601],[-69.21142,-3.47137],[-69.19427,-3.46631],[-69.16559,-3.45361],[-69.15149,-3.4494],[-69.13751,-3.44672],[-69.11987,-3.4461],[-69.10571,-3.44299],[-69.09137,-3.4375],[-69.08569,-3.43408],[-69.07629,-3.43079],[-69.06378,-3.4306],[-69.04498,-3.43329],[-69.03528,-3.43573],[-69.01947,-3.43737],[-69.00769,-3.44061],[-68.9931,-3.44897],[-68.9859,-3.45489],[-68.97198,-3.46161],[-68.9671,-3.4621],[-68.95241,-3.45822]],"type":"LineString"},"id":306,"properties":{"cla_icacao":"Navegável","dominio":"União","est_estino":"AM","est_origem":"AM","extensao":223.057,"fonte":"LabTrans/Antaq","idantaq":null,"idhidrovia":200300177,"idm_estino":"BR130390","idm_origem":"BR130390","idseq":0,"jurisdicao":"AHIMOC","mun_estino":"São Paulo de Olivença","mun_origem":"São Paulo de Olivença","navegacao":"Navegação Interior","nom_eclusa":null,"nome":"Hidrovia do Solimões","nome_rio":"Rio Solimões","observacao":null,"pro_de_max":10.0,"pro_de_min":6.0,"reg_rafica":"Região Hidrográfica Amazônica","snv":null,"tempo":"0d 22h 18min","tipo":"Rio","vel_cional":10.0},"type":"Feature"},{"bbox":[-48.500186,-1.307495,-48.487149,-1.084503],"geometry":{"coordinates":[[-48.49762,-1.3075],[-48.49372,-1.25681],[-48.48715,-1.23169],[-48.48749,-1.20877],[-48.48972,-1.18741],[-48.49793,-1.16323],[-48.49952,-1.14847],[-48.50019,-1.0845]],"type":"LineString"},"id":307,"properties":{"cla_icacao":"Acesso simples","dominio":null,"est_estino":"PA","est_origem":"PA","extensao":25.0653010956239,"fonte":null,"idantaq":null,"idhidrovia":200300180,"idm_estino":"BR150140","idm_origem":"BR150140","idseq":0,"jurisdicao":null,"mun_estino":"Belém","mun_origem":"Belém","navegacao":"Navegação Interior","nom_eclusa":null,"nome":"Acesso ao Porto de Belém","nome_rio":null,"observacao":null,"pro_de_max":null,"pro_de_min":null,"reg_rafica":"Região Hidrográfica do Tocantins","snv":null,"tempo":"0d 1h 40min","tipo":"Canal","vel_cional":15.0},"type":"Feature"},{"bbox":[-48.566671,-1.330869,-48.494199,-1.303183],"geometry":{"coordinates":[[-48.4942,-1.33087],[-48.52117,-1.32341],[-48.53697,-1.31709],[-48.56667,-1.30318]],"type":"LineString"},"id":308,"properties":{"cla_icacao":"Acesso simples","dominio":null,"est_estino":"PA","est_origem":"PA","extensao":8.6434675991067,"fonte":null,"idantaq":null,"idhidrovia":200300181,"idm_estino":"BR150130","idm_origem":"BR150140","idseq":0,"jurisdicao":null,"mun_estino":"Barcarena","mun_origem":"Belém","navegacao":"Navegação Interior","nom_eclusa":null,"nome":"Acesso aos Terminais de Belém","nome_rio":null,"observacao":null,"pro_de_max":null,"pro_de_min":null,"reg_rafica":"Região Hidrográfica do Tocantins","snv":null,"tempo":"0d 0h 34min","tipo":"Canal","vel_cional":15.0},"type":"Feature"},{"bbox":[-48.676889,-1.376872,-48.56667,-1.303182],"geometry":{"coordinates":[[-48.67689,-1.37687],[-48.64693,-1.34237],[-48.61786,-1.32088],[-48.59069,-1.31077],[-48.56667,-1.30318]],"type":"LineString"},"id":309,"properties":{"cla_icacao":"Acesso simples","dominio":null,"est_estino":"PA","est_origem":"PA","extensao":15.1139327573339,"fonte":null,"idantaq":null,"idhidrovia":200300182,"idm_estino":"BR150130","idm_origem":"BR150130","idseq":0,"jurisdicao":null,"mun_estino":"Barcarena","mun_origem":"Barcarena","navegacao":"Navegação Interior","nom_eclusa":null,"nome":"Acesso aos Terminais de Belém","nome_rio":null,"observacao":null,"pro_de_max":null,"pro_de_min":null,"reg_rafica":null,"snv":null,"tempo":"0d 1h 0min","tipo":"Canal","vel_cional":15.0},"type":"Feature"},{"bbox":[-48.747906,-1.202093,-48.717114,-1.184687],"geometry":{"coordinates":[[-48.74791,-1.18535],[-48.74439,-1.18469],[-48.74157,-1.18579],[-48.71711,-1.20209]],"type":"LineString"},"id":310,"properties":{"cla_icacao":"Acesso simples","dominio":null,"est_estino":"PA","est_origem":"PA","extensao":4.00205156718685,"fonte":null,"idantaq":null,"idhidrovia":200300183,"idm_estino":"BR150570","idm_origem":"BR150200","idseq":0,"jurisdicao":null,"mun_estino":"Ponta de Pedras","mun_origem":"Cachoeira do Arari","navegacao":"Navegação Interior","nom_eclusa":null,"nome":"Acesso ao Rio Arari","nome_rio":"Rio Tocantins","observacao":null,"pro_de_max":null,"pro_de_min":null,"reg_rafica":"Região Hidrográfica do Tocantins","snv":null,"tempo":"0d 0h 16min","tipo":"Canal","vel_cional":15.0},"type":"Feature"},{"bbox":[-48.717114,-1.303182,-48.56667,-1.202093],"geometry":{"coordinates":[[-48.56667,-1.30318],[-48.60862,-1.28071],[-48.6321,-1.26521],[-48.65558,-1.25103],[-48.68836,-1.22667],[-48.71711,-1.20209]],"type":"LineString"},"id":311,"properties":{"cla_icacao":"Acesso simples","dominio":null,"est_estino":"PA","est_origem":"PA","extensao":20.2024194392288,"fonte":null,"idantaq":null,"idhidrovia":200300185,"idm_estino":"BR150570","idm_origem":"BR150130","idseq":0,"jurisdicao":null,"mun_estino":"Ponta de Pedras","mun_origem":"Barcarena","navegacao":"Navegação Interior","nom_eclusa":null,"nome":"Ligação Belém - Rio Arari","nome_rio":"Rio Tocantins","observacao":null,"pro_de_max":null,"pro_de_min":null,"reg_rafica":"Região Hidrográfica do Tocantins","snv":null,"tempo":"0d 1h 20min","tipo":"Baía","vel_cional":15.0},"type":"Feature"},{"bbox":[-48.967599,-1.213241,-48.747906,-1.020726],"geometry":{"coordinates":[[-48.74791,-1.18535],[-48.76692,-1.19852],[-48.8004,-1.21324],[-48.82153,-1.21272],[-48.8449,-1.208],[-48.85695,-1.2028],[-48.86381,-1.20088],[-48.86837,-1.20136],[-48.87222,-1.19935],[-48.87689,-1.1949],[-48.88041,-1.19002],[-48.88294,-1.17855],[-48.88523,-1.17636],[-48.89252,-1.17333],[-48.89442,-1.17005],[-48.89508,-1.16751],[-48.89451,-1.16304],[-48.89303,-1.16064],[-48.89421,-1.1567],[-48.89657,-1.15282],[-48.90684,-1.14317],[-48.91041,-1.14181],[-48.91469,-1.14286],[-48.91719,-1.14123],[-48.91786,-1.13967],[-48.91726,-1.13391],[-48.91948,-1.13046],[-48.9196,-1.12896],[-48.91566,-1.1248],[-48.91506,-1.11206],[-48.91351,-1.10729],[-48.91821,-1.09863],[-48.91719,-1.09484],[-48.9149,-1.09211],[-48.91469,-1.09054],[-48.92171,-1.07963],[-48.9211,-1.07416],[-48.92353,-1.07196],[-48.92433,-1.06914],[-48.92162,-1.06654],[-48.92056,-1.06156],[-48.91704,-1.05863],[-48.9168,-1.05476],[-48.91478,-1.05107],[-48.91646,-1.0487],[-48.91721,-1.04471],[-48.91857,-1.04403],[-48.9216,-1.04435],[-48.92312,-1.04266],[-48.92856,-1.04],[-48.93128,-1.04055],[-48.93438,-1.03984],[-48.94074,-1.04201],[-48.94683,-1.04139],[-48.94951,-1.04334],[-48.95117,-1.04356],[-48.95357,-1.04268],[-48.95922,-1.03982],[-48.96648,-1.03398],[-48.9676,-1.03192],[-48.96662,-1.02384],[-48.96758,-1.02073]],"type":"LineString"},"id":312,"properties":{"cla_icacao":"Acesso simples","dominio":null,"est_estino":"PA","est_origem":"PA","extensao":44.0121000235158,"fonte":"Antaq","idantaq":null,"idhidrovia":200300224,"idm_estino":"BR150570","idm_origem":"BR150200","idseq":0,"jurisdicao":null,"mun_estino":"Ponta de Pedras","mun_origem":"Cachoeira do Arari","navegacao":"Navegação Interior","nom_eclusa":null,"nome":"Rio Arari","nome_rio":"Rio Arari","observacao":null,"pro_de_max":4.0,"pro_de_min":2.0,"reg_rafica":null,"snv":null,"tempo":"0d 4h 24min","tipo":"Canal","vel_cional":10.0},"type":"Feature"}],"type":"FeatureCollection"}