mmsi,timestamp,lat,lon,sog,cog,heading,nav_status,porto_origem,porto_destino,porto_proximo,atraso_h,status
710043426,2026-09-25T19:28:55.119048+00:00,-3.45822,-68.95241,952.2,77.9,77.9,0,Amaturá/AM,São Paulo de Olivença/AM,,0.04,no_prazo
710043426,2026-09-25T19:29:00.632510+00:00,-3.45563,-68.94031,952.2,78.4,78.4,0,Amaturá/AM,São Paulo de Olivença/AM,,0.04,no_prazo
710043426,2026-09-25T19:29:06.461474+00:00,-3.453,-68.92749,952.2,88.4,88.4,0,Amaturá/AM,São Paulo de Olivença/AM,,0.04,no_prazo
710043426,2026-09-25T19:29:11.276175+00:00,-3.4527,-68.91669,952.2,85.0,85.0,0,Amaturá/AM,São Paulo de Olivença/AM,,0.04,no_prazo
710043426,2026-09-25T19:29:18.428180+00:00,-3.45129,-68.90069,952.2,81.5,81.5,0,Amaturá/AM,São Paulo de Olivença/AM,,0.04,no_prazo
710043426,2026-09-25T19:29:20.462245+00:00,-3.45062,-68.89618,952.2,84.4,84.4,0,Amaturá/AM,São Paulo de Olivença/AM,,0.04,no_prazo
710043426,2026-09-25T19:29:29.588688+00:00,-3.44861,-68.87579,952.2,82.7,82.7,0,Amaturá/AM,São Paulo de Olivença/AM,,0.04,no_prazo
710043426,2026-09-25T19:29:37.757831+00:00,-3.44629,-68.8576,952.2,88.0,88.0,0,Amaturá/AM,São Paulo de Olivença/AM,,0.04,no_prazo
710043426,2026-09-25T19:29:43.961345+00:00,-3.4458,-68.84369,952.2,96.9,96.9,0,Amaturá/AM,São Paulo de Olivença/AM,,0.04,no_prazo
710043426,2026-09-25T19:29:56.835116+00:00,-3.44928,-68.815,952.2,89.4,89.4,0,Amaturá/AM,São Paulo de Olivença/AM,,0.04,no_prazo
710043426,2026-09-25T19:30:04.856857+00:00,-3.44909,-68.797,952.2,82.5,82.5,0,Amaturá/AM,São Paulo de Olivença/AM,,0.04,no_prazo
710043426,2026-09-25T19:30:10.645003+00:00,-3.44739,-68.78412,952.2,71.3,71.3,0,Amaturá/AM,São Paulo de Olivença/AM,,0.04,no_prazo
710043426,2026-09-25T19:30:16.759616+00:00,-3.44299,-68.77112,952.2,63.8,63.8,0,Amaturá/AM,São Paulo de Olivença/AM,,0.04,no_prazo
710043426,2026-09-25T19:30:21.881161+00:00,-3.43793,-68.7608,952.2,58.4,58.4,0,Amaturá/AM,São Paulo de Olivença/AM,,0.04,no_prazo
710043426,2026-09-25T19:30:31.455881+00:00,-3.4267,-68.74249,952.2,52.3,52.3,0,Amaturá/AM,São Paulo de Olivença/AM,,0.04,no_prazo
710043426,2026-09-25T19:30:37.644057+00:00,-3.41821,-68.7315,952.2,56.7,56.7,0,Amaturá/AM,São Paulo de Olivença/AM,,0.04,no_prazo
710043426,2026-09-25T19:30:42.458291+00:00,-3.41229,-68.72247,952.2,57.4,57.4,0,Amaturá/AM,São Paulo de Olivença/AM,,0.04,no_prazo
710043426,2026-09-25T19:30:50.337802+00:00,-3.40277,-68.70758,952.2,70.2,70.2,0,Amaturá/AM,São Paulo de Olivença/AM,,0.04,no_prazo
710043426,2026-09-25T19:30:55.310524+00:00,-3.39899,-68.69708,952.2,61.4,61.4,0,Amaturá/AM,São Paulo de Olivença/AM,,0.04,no_prazo
710043426,2026-09-25T19:31:00.885716+00:00,-3.393,-68.68609,952.2,53.7,53.7,0,Amaturá/AM,São Paulo de Olivença/AM,,0.04,no_prazo
710043426,2026-09-25T19:31:04.194921+00:00,-3.38861,-68.68011,952.2,58.9,58.9,0,Amaturá/AM,São Paulo de Olivença/AM,,0.04,no_prazo
710043426,2026-09-25T19:31:09.308283+00:00,-3.38269,-68.67029,952.2,64.6,64.6,0,Amaturá/AM,São Paulo de Olivença/AM,,0.04,no_prazo
710043426,2026-09-25T19:31:16.292987+00:00,-3.37597,-68.65613,952.2,86.9,86.9,0,Amaturá/AM,São Paulo de Olivença/AM,,0.04,no_prazo
710043426,2026-09-25T19:31:19.869095+00:00,-3.35072,-68.19743,0.0,267.0,267.0,5,Amaturá/AM,São Paulo de Olivença/AM,São Paulo de Olivença/AM,0.04,no_prazo
710043426,2026-09-25T19:31:20.139164+00:00,-3.37408,-68.6477,952.2,84.0,84.0,0,Amaturá/AM,São Paulo de Olivença/AM,,0.04,no_prazo
710043426,2026-09-25T19:31:24.842096+00:00,-3.37298,-68.63721,952.2,78.4,78.4,0,Amaturá/AM,São Paulo de Olivença/AM,,0.04,no_prazo
710043426,2026-09-25T19:31:29.450336+00:00,-3.37091,-68.62707,952.2,101.3,101.3,0,Amaturá/AM,São Paulo de Olivença/AM,,0.04,no_prazo
710043426,2026-09-25T19:31:34.719919+00:00,-3.37323,-68.61548,952.2,110.7,110.7,0,Amaturá/AM,São Paulo de Olivença/AM,,0.04,no_prazo
710043426,2026-09-25T19:31:39.721245+00:00,-3.3772,-68.60498,952.2,118.9,118.9,0,Amaturá/AM,São Paulo de Olivença/AM,,0.04,no_prazo
710043426,2026-09-25T19:31:44.908178+00:00,-3.38281,-68.59479,952.2,132.4,132.4,0,Amaturá/AM,São Paulo de Olivença/AM,,0.04,no_prazo
710043426,2026-09-25T19:31:49.916862+00:00,-3.39038,-68.58648,952.2,129.4,129.4,0,Amaturá/AM,São Paulo de Olivença/AM,,0.04,no_prazo
710043426,2026-09-25T19:31:55.157369+00:00,-3.39783,-68.57739,952.2,121.5,121.5,0,Amaturá/AM,São Paulo de Olivença/AM,,0.04,no_prazo
710043426,2026-09-25T19:31:59.907138+00:00,-3.40338,-68.5683,952.2,94.6,94.6,0,Amaturá/AM,São Paulo de Olivença/AM,,0.04,no_prazo
710043426,2026-09-25T19:32:04.326699+00:00,-3.40417,-68.55841,952.2,87.1,87.1,0,Amaturá/AM,São Paulo de Olivença/AM,,0.04,no_prazo
710043426,2026-09-25T19:32:07.512394+00:00,-3.40381,-68.55127,952.2,86.5,86.5,0,Amaturá/AM,São Paulo de Olivença/AM,,0.04,no_prazo
710043426,2026-09-25T19:32:10.672474+00:00,-3.40338,-68.54419,952.2,84.6,84.6,0,Amaturá/AM,São Paulo de Olivença/AM,,0.04,no_prazo
710043426,2026-09-25T19:32:19.712982+00:00,-3.40149,-68.52398,952.2,71.7,71.7,0,Amaturá/AM,São Paulo de Olivença/AM,,0.04,no_prazo
710043426,2026-09-25T19:32:26.842656+00:00,-3.39648,-68.50879,952.2,60.2,60.2,0,Amaturá/AM,São Paulo de Olivença/AM,,0.04,no_prazo
710043426,2026-09-25T19:32:33.301429+00:00,-3.38928,-68.49621,952.2,52.7,52.7,0,Amaturá/AM,São Paulo de Olivença/AM,,0.04,no_prazo
710043426,2026-09-25T19:32:38.738261+00:00,-3.3819,-68.48651,952.2,66.9,66.9,0,Amaturá/AM,São Paulo de Olivença/AM,,0.04,no_prazo
710043426,2026-09-25T19:32:45.185164+00:00,-3.37622,-68.4732,952.2,67.1,67.1,0,Amaturá/AM,São Paulo de Olivença/AM,,0.04,no_prazo
710043426,2026-09-25T19:32:52.682241+00:00,-3.36969,-68.4577,952.2,72.5,72.5,0,Amaturá/AM,São Paulo de Olivença/AM,,0.04,no_prazo
710043426,2026-09-25T19:32:58.755010+00:00,-3.3656,-68.4447,952.2,70.0,70.0,0,Amaturá/AM,São Paulo de Olivença/AM,,0.04,no_prazo
710043426,2026-09-25T19:33:04.253190+00:00,-3.36139,-68.4331,952.2,67.9,67.9,0,Amaturá/AM,São Paulo de Olivença/AM,,0.04,no_prazo
710043426,2026-09-25T19:33:07.950430+00:00,-3.35827,-68.42541,952.2,71.8,71.8,0,Amaturá/AM,São Paulo de Olivença/AM,,0.04,no_prazo
710043426,2026-09-25T19:33:12.646709+00:00,-3.35498,-68.4154,952.2,87.9,87.9,0,Amaturá/AM,São Paulo de Olivença/AM,,0.04,no_prazo
710043426,2026-09-25T19:33:16.347715+00:00,-3.35467,-68.4071,952.2,94.7,94.7,0,Amaturá/AM,São Paulo de Olivença/AM,,0.04,no_prazo
710043426,2026-09-25T19:33:19.376238+00:00,-3.35522,-68.40033,952.2,109.0,109.0,0,Amaturá/AM,São Paulo de Olivença/AM,,0.04,no_prazo
710043426,2026-09-25T19:33:24.812480+00:00,-3.35919,-68.38879,952.2,126.1,126.1,0,Amaturá/AM,São Paulo de Olivença/AM,,0.04,no_prazo
710043426,2026-09-25T19:33:28.611528+00:00,-3.3642,-68.3819,952.2,122.1,122.1,0,Amaturá/AM,São Paulo de Olivença/AM,,0.04,no_prazo
710043426,2026-09-25T19:33:33.072640+00:00,-3.36951,-68.37341,952.2,120.6,120.6,0,Amaturá/AM,São Paulo de Olivença/AM,,0.04,no_prazo
710043426,2026-09-25T19:33:38.317283+00:00,-3.37549,-68.36328,952.2,113.3,113.3,0,Amaturá/AM,São Paulo de Olivença/AM,,0.04,no_prazo
710043426,2026-09-25T19:33:42.728135+00:00,-3.37939,-68.35419,952.2,102.9,102.9,0,Amaturá/AM,São Paulo de Olivença/AM,,0.04,no_prazo
710043426,2026-09-25T19:33:48.975959+00:00,-3.38251,-68.34051,952.2,83.6,83.6,0,Amaturá/AM,São Paulo de Olivença/AM,,0.04,no_prazo
710043426,2026-09-25T19:33:52.669873+00:00,-3.38159,-68.33227,952.2,79.8,79.8,0,Amaturá/AM,São Paulo de Olivença/AM,,0.04,no_prazo
710043426,2026-09-25T19:33:57.865614+00:00,-3.37952,-68.3208,952.2,77.7,77.7,0,Amaturá/AM,São Paulo de Olivença/AM,,0.04,no_prazo
710043426,2026-09-25T19:34:03.738533+00:00,-3.37671,-68.30792,952.2,71.8,71.8,0,Amaturá/AM,São Paulo de Olivença/AM,,0.04,no_prazo
710043426,2026-09-25T19:34:09.948508+00:00,-3.37237,-68.29468,952.2,63.3,63.3,0,Amaturá/AM,São Paulo de Olivença/AM,,0.04,no_prazo
710043426,2026-09-25T19:34:14.364710+00:00,-3.36792,-68.28583,952.2,64.0,64.0,0,Amaturá/AM,São Paulo de Olivença/AM,,0.04,no_prazo
710043426,2026-09-25T19:34:19.389199+00:00,-3.36298,-68.27569,952.2,69.8,69.8,0,Amaturá/AM,São Paulo de Olivença/AM,,0.04,no_prazo
710043426,2026-09-25T19:34:24.052972+00:00,-3.35937,-68.26587,952.2,70.7,70.7,0,Amaturá/AM,São Paulo de Olivença/AM,,0.04,no_prazo
710043426,2026-09-25T19:34:28.749808+00:00,-3.35589,-68.25592,952.2,69.5,69.5,0,Amaturá/AM,São Paulo de Olivença/AM,,0.04,no_prazo
710043426,2026-09-25T19:34:31.942854+00:00,-3.35339,-68.24921,952.2,79.4,79.4,0,Amaturá/AM,São Paulo de Olivença/AM,,0.04,no_prazo
710043426,2026-09-25T19:34:35.761978+00:00,-3.35181,-68.24078,952.2,90.8,90.8,0,Amaturá/AM,São Paulo de Olivença/AM,,0.04,no_prazo
710043426,2026-09-25T19:34:41.364477+00:00,-3.35199,-68.22821,952.2,92.1,92.1,0,Amaturá/AM,São Paulo de Olivença/AM,,0.04,no_prazo
710043426,2026-09-25T19:34:47.215504+00:00,-3.35248,-68.21509,952.2,84.3,84.3,0,Amaturá/AM,São Paulo de Olivença/AM,,0.04,no_prazo
710043426,2026-09-25T20:39:22.981063+00:00,-3.35072,-68.19743,0.0,0.0,0.0,5,Amaturá/AM,São Paulo de Olivença/AM,São Paulo de Olivença/AM,0.04,no_prazo
710043426,2026-09-25T21:47:26.093032+00:00,-3.35072,-68.19743,0.0,0.0,0.0,5,Amaturá/AM,São Paulo de Olivença/AM,São Paulo de Olivença/AM,0.04,no_prazo
710043426,2026-09-25T22:55:29.205000+00:00,-3.35072,-68.19743,0.0,0.0,0.0,5,Amaturá/AM,São Paulo de Olivença/AM,São Paulo de Olivença/AM,0.04,no_prazo
710043426,2026-09-26T00:03:32.316969+00:00,-3.35072,-68.19743,0.0,0.0,0.0,5,Amaturá/AM,São Paulo de Olivença/AM,São Paulo de Olivença/AM,0.04,no_prazo
710043426,2026-09-26T01:11:35.428937+00:00,-3.35072,-68.19743,62.5,84.0,84.0,0,Santo Antônio do Içá/AM,Amaturá/AM,,0.58,atencao
710043426,2026-09-26T01:11:44.512415+00:00,-3.35058,-68.1961,62.5,72.3,72.3,0,Santo Antônio do Içá/AM,Amaturá/AM,,0.58,atencao
710043426,2026-09-26T01:12:33.673900+00:00,-3.34839,-68.18921,62.5,69.4,69.4,0,Santo Antônio do Içá/AM,Amaturá/AM,,0.58,atencao
710043426,2026-09-26T01:13:23.254270+00:00,-3.34582,-68.18237,62.5,69.0,69.0,0,Santo Antônio do Içá/AM,Amaturá/AM,,0.58,atencao
710043426,2026-09-26T01:14:39.635601+00:00,-3.34179,-68.17187,62.5,88.6,88.6,0,Santo Antônio do Içá/AM,Amaturá/AM,,0.58,atencao
710043426,2026-09-26T01:16:05.868251+00:00,-3.34149,-68.15918,62.5,80.1,80.1,0,Santo Antônio do Içá/AM,Amaturá/AM,,0.58,atencao
710043426,2026-09-26T01:17:27.914244+00:00,-3.33941,-68.14728,62.5,75.3,75.3,0,Santo Antônio do Içá/AM,Amaturá/AM,,0.58,atencao
710043426,2026-09-26T01:18:46.334599+00:00,-3.33649,-68.13611,62.5,72.0,72.0,0,Santo Antônio do Içá/AM,Amaturá/AM,,0.58,atencao
710043426,2026-09-26T01:20:16.524761+00:00,-3.3324,-68.12347,62.5,77.4,77.4,0,Santo Antônio do Içá/AM,Amaturá/AM,,0.58,atencao
710043426,2026-09-26T01:22:04.833074+00:00,-3.32892,-68.10791,62.5,87.8,87.8,0,Santo Antônio do Içá/AM,Amaturá/AM,,0.58,atencao
710043426,2026-09-26T01:23:51.019964+00:00,-3.32831,-68.09228,62.5,109.1,109.1,0,Santo Antônio do Içá/AM,Amaturá/AM,,0.58,atencao
710043426,2026-09-26T01:25:02.078331+00:00,-3.33173,-68.0824,62.5,123.5,123.5,0,Santo Antônio do Içá/AM,Amaturá/AM,,0.58,atencao
710043426,2026-09-26T01:26:33.051225+00:00,-3.33911,-68.07123,62.5,119.1,119.1,0,Santo Antônio do Içá/AM,Amaturá/AM,,0.58,atencao
710043426,2026-09-26T01:27:36.159173+00:00,-3.34363,-68.06311,62.5,104.2,104.2,0,Santo Antônio do Içá/AM,Amaturá/AM,,0.58,atencao
710043426,2026-09-26T01:29:03.824104+00:00,-3.3468,-68.0506,62.5,97.1,97.1,0,Santo Antônio do Içá/AM,Amaturá/AM,,0.58,atencao
710043426,2026-09-26T01:31:22.067789+00:00,-3.3493,-68.03039,62.5,91.3,91.3,0,Santo Antônio do Içá/AM,Amaturá/AM,,0.58,atencao
710043426,2026-09-26T01:32:57.831306+00:00,-3.34961,-68.01629,62.5,98.3,98.3,0,Santo Antônio do Içá/AM,Amaturá/AM,,0.58,atencao
710043426,2026-09-26T01:34:35.836632+00:00,-3.35168,-68.00201,62.5,93.9,93.9,0,Santo Antônio do Içá/AM,Amaturá/AM,,0.58,atencao
710043426,2026-09-26T01:36:37.150261+00:00,-3.3529,-67.98419,62.5,70.4,70.4,0,Santo Antônio do Içá/AM,Amaturá/AM,,0.58,atencao
710043426,2026-09-26T01:38:20.993794+00:00,-3.34778,-67.96979,62.5,57.2,57.2,0,Santo Antônio do Içá/AM,Amaturá/AM,,0.58,atencao
710043426,2026-09-26T01:39:34.495490+00:00,-3.34192,-67.96069,62.5,59.1,59.1,0,Santo Antônio do Içá/AM,Amaturá/AM,,0.58,atencao
710043426,2026-09-26T01:40:58.548320+00:00,-3.33557,-67.95007,62.5,37.6,37.6,0,Santo Antônio do Içá/AM,Amaturá/AM,,0.58,atencao
710043426,2026-09-26T01:42:26.106698+00:00,-3.32538,-67.9422,62.5,25.3,25.3,0,Santo Antônio do Içá/AM,Amaturá/AM,,0.58,atencao
710043426,2026-09-26T01:44:30.126669+00:00,-3.3089,-67.93439,62.5,16.6,16.6,0,Santo Antônio do Içá/AM,Amaturá/AM,,0.58,atencao
710043426,2026-09-26T01:46:26.625015+00:00,-3.29248,-67.9295,62.5,7.4,7.4,0,Santo Antônio do Içá/AM,Amaturá/AM,,0.58,atencao
710043426,2026-09-26T01:48:45.202188+00:00,-3.27228,-67.92688,62.5,7.0,7.0,0,Santo Antônio do Içá/AM,Amaturá/AM,,0.58,atencao
710043426,2026-09-26T01:49:46.685792+00:00,-3.2633,-67.92578,62.5,3.8,3.8,0,Santo Antônio do Içá/AM,Amaturá/AM,,0.58,atencao
710043426,2026-09-26T01:51:40.684343+00:00,-3.24658,-67.92468,62.5,1.7,1.7,0,Santo Antônio do Içá/AM,Amaturá/AM,,0.58,atencao
710043426,2026-09-26T01:53:03.763358+00:00,-3.23437,-67.92432,62.5,343.7,343.7,0,Santo Antônio do Içá/AM,Amaturá/AM,,0.58,atencao
710043426,2026-09-26T01:55:01.854432+00:00,-3.21771,-67.9292,62.5,335.9,335.9,0,Santo Antônio do Içá/AM,Amaturá/AM,,0.58,atencao
710043426,2026-09-26T01:56:11.900004+00:00,-3.20831,-67.93341,62.5,349.6,349.6,0,Santo Antônio do Içá/AM,Amaturá/AM,,0.58,atencao
710043426,2026-09-26T01:57:27.462875+00:00,-3.19739,-67.93542,62.5,358.4,358.4,0,Santo Antônio do Içá/AM,Amaturá/AM,,0.58,atencao
710043426,2026-09-26T01:58:43.465397+00:00,-3.18622,-67.93573,62.5,16.2,16.2,0,Santo Antônio do Içá/AM,Amaturá/AM,,0.58,atencao
710043426,2026-09-26T02:00:18.580427+00:00,-3.17279,-67.93182,62.5,22.3,22.3,0,Santo Antônio do Içá/AM,Amaturá/AM,,0.58,atencao
710043426,2026-09-26T02:01:16.472747+00:00,-3.16492,-67.92859,62.5,13.0,13.0,0,Santo Antônio do Içá/AM,Amaturá/AM,,0.58,atencao
710043426,2026-09-26T02:02:28.469241+00:00,-3.1546,-67.92621,62.5,7.1,7.1,0,Santo Antônio do Içá/AM,Amaturá/AM,,0.58,atencao
710043426,2026-09-26T02:03:45.458117+00:00,-3.14337,-67.9248,0.0,0.0,0.0,5,Santo Antônio do Içá/AM,Amaturá/AM,Amaturá/AM,0.58,atencao
710043426,2026-09-26T03:05:30.412497+00:00,-3.14337,-67.9248,0.0,0.0,0.0,5,Santo Antônio do Içá/AM,Amaturá/AM,Amaturá/AM,0.58,atencao
710043426,2026-09-26T04:07:15.366876+00:00,-3.14337,-67.9248,0.0,0.0,0.0,5,Santo Antônio do Içá/AM,Amaturá/AM,Amaturá/AM,0.58,atencao
710043426,2026-09-26T05:09:00.321256+00:00,-3.14337,-67.9248,0.0,0.0,0.0,5,Santo Antônio do Içá/AM,Amaturá/AM,Amaturá/AM,0.58,atencao
710043426,2026-09-26T06:10:45.275635+00:00,-3.14337,-67.9248,0.0,0.0,0.0,5,Santo Antônio do Içá/AM,Amaturá/AM,Amaturá/AM,0.58,atencao
710043426,2026-09-26T07:12:30.230014+00:00,-3.14337,-67.9248,0.0,33.8,33.8,5,Santo Antônio do Içá/AM,Amaturá/AM,Amaturá/AM,0.58,atencao
710043426,2026-09-26T08:00:22.772692+00:00,-2.90151,-67.76244,0.0,213.8,213.8,5,Tonantins/AM,Santo Antônio do Içá/AM,Santo Antônio do Içá/AM,0.52,atencao
710043426,2026-09-26T08:14:15.184394+00:00,-3.14337,-67.9248,0.0,33.8,33.8,5,Santo Antônio do Içá/AM,Amaturá/AM,Amaturá/AM,0.58,atencao
710043426,2026-09-26T09:11:44.953439+00:00,-2.90151,-67.76244,0.0,213.8,213.8,5,Tonantins/AM,Santo Antônio do Içá/AM,Santo Antônio do Içá/AM,0.52,atencao
710043426,2026-09-26T09:16:00.138773+00:00,-3.14337,-67.9248,364.9,0.0,0.0,0,Tonantins/AM,Santo Antônio do Içá/AM,,0.52,atencao
710043426,2026-09-26T09:16:23.172408+00:00,-3.12359,-67.9248,364.9,1.8,1.8,0,Tonantins/AM,Santo Antônio do Içá/AM,,0.52,atencao
710043426,2026-09-26T09:16:34.127137+00:00,-3.1142,-67.9245,364.9,11.8,11.8,0,Tonantins/AM,Santo Antônio do Içá/AM,,0.52,atencao
710043426,2026-09-26T09:16:47.343713+00:00,-3.10309,-67.92218,364.9,18.4,18.4,0,Tonantins/AM,Santo Antônio do Içá/AM,,0.52,atencao
710043426,2026-09-26T09:16:55.661031+00:00,-3.09631,-67.91992,364.9,17.1,17.1,0,Tonantins/AM,Santo Antônio do Içá/AM,,0.52,atencao
710043426,2026-09-26T09:17:07.263521+00:00,-3.08679,-67.91699,364.9,32.8,32.8,0,Tonantins/AM,Santo Antônio do Içá/AM,,0.52,atencao
710043426,2026-09-26T09:17:21.139633+00:00,-3.07678,-67.91052,364.9,29.0,29.0,0,Tonantins/AM,Santo Antônio do Içá/AM,,0.52,atencao
710043426,2026-09-26T09:17:36.823199+00:00,-3.065,-67.90399,364.9,23.3,23.3,0,Tonantins/AM,Santo Antônio do Içá/AM,,0.52,atencao
710043426,2026-09-26T09:17:45.960044+00:00,-3.0578,-67.90088,364.9,20.2,20.2,0,Tonantins/AM,Santo Antônio do Içá/AM,,0.52,atencao
710043426,2026-09-26T09:17:56.641997+00:00,-3.04919,-67.8977,364.9,22.7,22.7,0,Tonantins/AM,Santo Antônio do Içá/AM,,0.52,atencao
710043426,2026-09-26T09:18:08.747978+00:00,-3.03961,-67.89368,364.9,28.5,28.5,0,Tonantins/AM,Santo Antônio do Içá/AM,,0.52,atencao
710043426,2026-09-26T09:18:23.630600+00:00,-3.02838,-67.88757,364.9,41.8,41.8,0,Tonantins/AM,Santo Antônio do Içá/AM,,0.52,atencao
710043426,2026-09-26T09:18:37.366867+00:00,-3.01959,-67.8797,364.9,60.7,60.7,0,Tonantins/AM,Santo Antônio do Içá/AM,,0.52,atencao
710043426,2026-09-26T09:18:52.341953+00:00,-3.0133,-67.86847,364.9,67.4,67.4,0,Tonantins/AM,Santo Antônio do Içá/AM,,0.52,atencao
710043426,2026-09-26T09:19:06.030872+00:00,-3.00879,-67.8576,364.9,56.4,56.4,0,Tonantins/AM,Santo Antônio do Içá/AM,,0.52,atencao
710043426,2026-09-26T09:19:25.454391+00:00,-2.99957,-67.84369,364.9,55.4,55.4,0,Tonantins/AM,Santo Antônio do Içá/AM,,0.52,atencao
710043426,2026-09-26T09:19:38.732323+00:00,-2.9931,-67.83429,364.9,59.0,59.0,0,Tonantins/AM,Santo Antônio do Içá/AM,,0.52,atencao
710043426,2026-09-26T09:19:54.725618+00:00,-2.98602,-67.82251,364.9,57.3,57.3,0,Tonantins/AM,Santo Antônio do Içá/AM,,0.52,atencao
710043426,2026-09-26T09:20:05.521240+00:00,-2.98102,-67.8147,364.9,56.7,56.7,0,Tonantins/AM,Santo Antônio do Içá/AM,,0.52,atencao
710043426,2026-09-26T09:20:16.395890+00:00,-2.97589,-67.80688,364.9,48.5,48.5,0,Tonantins/AM,Santo Antônio do Içá/AM,,0.52,atencao
710043426,2026-09-26T09:20:30.790653+00:00,-2.96771,-67.79761,364.9,43.4,43.4,0,Tonantins/AM,Santo Antônio do Içá/AM,,0.52,atencao
710043426,2026-09-26T09:20:43.505963+00:00,-2.95978,-67.7901,364.9,35.1,35.1,0,Tonantins/AM,Santo Antônio do Içá/AM,,0.52,atencao
710043426,2026-09-26T09:20:52.022935+00:00,-2.95379,-67.78589,364.9,18.9,18.9,0,Tonantins/AM,Santo Antônio do Içá/AM,,0.52,atencao
710043426,2026-09-26T09:21:01.261280+00:00,-2.94629,-67.78332,364.9,8.3,8.3,0,Tonantins/AM,Santo Antônio do Içá/AM,,0.52,atencao
710043426,2026-09-26T09:21:08.088702+00:00,-2.94049,-67.78247,364.9,8.8,8.8,0,Tonantins/AM,Santo Antônio do Içá/AM,,0.52,atencao
710043426,2026-09-26T09:21:14.061174+00:00,-2.93542,-67.78168,364.9,14.5,14.5,0,Tonantins/AM,Santo Antônio do Içá/AM,,0.52,atencao
710043426,2026-09-26T09:21:25.147399+00:00,-2.92621,-67.7793,364.9,26.7,26.7,0,Tonantins/AM,Santo Antônio do Içá/AM,,0.52,atencao
710043426,2026-09-26T09:21:37.798013+00:00,-2.9165,-67.77441,364.9,38.9,38.9,0,Tonantins/AM,Santo Antônio do Içá/AM,,0.52,atencao
710043426,2026-09-26T09:21:47.396601+00:00,-2.91009,-67.76923,364.9,37.7,37.7,0,Tonantins/AM,Santo Antônio do Içá/AM,,0.52,atencao
710043426,2026-09-26T09:21:58.441324+00:00,-2.90259,-67.76343,364.9,42.5,42.5,0,Tonantins/AM,Santo Antônio do Içá/AM,,0.52,atencao
710043426,2026-09-26T10:23:07.134187+00:00,-2.90151,-67.76244,0.0,0.0,0.0,5,Tonantins/AM,Santo Antônio do Içá/AM,Santo Antônio do Içá/AM,0.52,atencao
710043426,2026-09-26T11:34:29.314934+00:00,-2.90151,-67.76244,0.0,0.0,0.0,5,Tonantins/AM,Santo Antônio do Içá/AM,Santo Antônio do Içá/AM,0.52,atencao
710043426,2026-09-26T12:45:51.495681+00:00,-2.90151,-67.76244,0.0,0.0,0.0,5,Tonantins/AM,Santo Antônio do Içá/AM,Santo Antônio do Içá/AM,0.52,atencao
710043426,2026-09-26T13:57:13.676429+00:00,-2.90151,-67.76244,886.3,42.3,42.3,0,Jutaí/AM,Tonantins/AM,,0.67,atencao
710043426,2026-09-26T13:57:17.055802+00:00,-2.8963,-67.75769,886.3,48.0,48.0,0,Jutaí/AM,Tonantins/AM,,0.67,atencao
710043426,2026-09-26T13:57:21.425097+00:00,-2.8902,-67.75091,886.3,43.4,43.4,0,Jutaí/AM,Tonantins/AM,,0.67,atencao
710043426,2026-09-26T13:57:25.976636+00:00,-2.8833,-67.74438,886.3,35.3,35.3,0,Jutaí/AM,Tonantins/AM,,0.67,atencao
710043426,2026-09-26T13:57:30.781192+00:00,-2.87512,-67.73859,886.3,29.8,29.8,0,Jutaí/AM,Tonantins/AM,,0.67,atencao
710043426,2026-09-26T13:57:34.725864+00:00,-2.86798,-67.7345,886.3,24.5,24.5,0,Jutaí/AM,Tonantins/AM,,0.67,atencao
710043426,2026-09-26T13:57:39.098787+00:00,-2.85968,-67.73071,886.3,22.4,22.4,0,Jutaí/AM,Tonantins/AM,,0.67,atencao
710043426,2026-09-26T13:57:44.005557+00:00,-2.85022,-67.7268,886.3,24.1,24.1,0,Jutaí/AM,Tonantins/AM,,0.67,atencao
710043426,2026-09-26T13:57:47.436955+00:00,-2.84369,-67.72388,886.3,27.0,27.0,0,Jutaí/AM,Tonantins/AM,,0.67,atencao
710043426,2026-09-26T13:57:52.068392+00:00,-2.83508,-67.71948,886.3,46.2,46.2,0,Jutaí/AM,Tonantins/AM,,0.67,atencao
710043426,2026-09-26T13:57:56.763883+00:00,-2.82831,-67.7124,886.3,48.9,48.9,0,Jutaí/AM,Tonantins/AM,,0.67,atencao
710043426,2026-09-26T13:58:01.220772+00:00,-2.8222,-67.70538,886.3,48.9,48.9,0,Jutaí/AM,Tonantins/AM,,0.67,atencao
710043426,2026-09-26T13:58:05.097212+00:00,-2.81689,-67.69928,886.3,50.2,50.2,0,Jutaí/AM,Tonantins/AM,,0.67,atencao
710043426,2026-09-26T13:58:08.710372+00:00,-2.81207,-67.69348,886.3,62.3,62.3,0,Jutaí/AM,Tonantins/AM,,0.67,atencao
710043426,2026-09-26T13:58:12.803428+00:00,-2.8081,-67.68591,886.3,54.6,54.6,0,Jutaí/AM,Tonantins/AM,,0.67,atencao
710043426,2026-09-26T13:58:19.578334+00:00,-2.79992,-67.67438,886.3,45.5,45.5,0,Jutaí/AM,Tonantins/AM,,0.67,atencao
710043426,2026-09-26T13:58:22.204695+00:00,-2.79608,-67.67047,886.3,44.5,44.5,0,Jutaí/AM,Tonantins/AM,,0.67,atencao
710043426,2026-09-26T13:58:27.044162+00:00,-2.78888,-67.66339,886.3,54.4,54.4,0,Jutaí/AM,Tonantins/AM,,0.67,atencao
710043426,2026-09-26T13:58:32.473125+00:00,-2.78229,-67.65417,886.3,60.7,60.7,0,Jutaí/AM,Tonantins/AM,,0.67,atencao
710043426,2026-09-26T13:58:38.337334+00:00,-2.7763,-67.64349,886.3,62.4,62.4,0,Jutaí/AM,Tonantins/AM,,0.67,atencao
710043426,2026-09-26T13:58:44.013210+00:00,-2.77081,-67.63299,886.3,62.0,62.0,0,Jutaí/AM,Tonantins/AM,,0.67,atencao
710043426,2026-09-26T13:58:47.688610+00:00,-2.76721,-67.62622,886.3,70.2,70.2,0,Jutaí/AM,Tonantins/AM,,0.67,atencao
710043426,2026-09-26T13:58:51.664582+00:00,-2.7644,-67.61841,886.3,75.8,75.8,0,Jutaí/AM,Tonantins/AM,,0.67,atencao
710043426,2026-09-26T13:58:58.088347+00:00,-2.76111,-67.60541,886.3,86.4,86.4,0,Jutaí/AM,Tonantins/AM,,0.67,atencao
710043426,2026-09-26T13:59:03.711724+00:00,-2.76037,-67.59369,886.3,89.0,89.0,0,Jutaí/AM,Tonantins/AM,,0.67,atencao
710043426,2026-09-26T13:59:08.593598+00:00,-2.76019,-67.58349,886.3,86.2,86.2,0,Jutaí/AM,Tonantins/AM,,0.67,atencao
710043426,2026-09-26T13:59:12.959125+00:00,-2.75958,-67.5744,886.3,92.3,92.3,0,Jutaí/AM,Tonantins/AM,,0.67,atencao
710043426,2026-09-26T13:59:20.389481+00:00,-2.76019,-67.5589,886.3,94.3,94.3,0,Jutaí/AM,Tonantins/AM,,0.67,atencao
710043426,2026-09-26T13:59:26.339447+00:00,-2.76111,-67.54651,886.3,85.4,85.4,0,Jutaí/AM,Tonantins/AM,,0.67,atencao
710043426,2026-09-26T13:59:31.822901+00:00,-2.76019,-67.53509,886.3,74.4,74.4,0,Jutaí/AM,Tonantins/AM,,0.67,atencao
710043426,2026-09-26T13:59:38.042919+00:00,-2.75671,-67.52258,886.3,68.3,68.3,0,Jutaí/AM,Tonantins/AM,,0.67,atencao
710043426,2026-09-26T13:59:44.525350+00:00,-2.75171,-67.51001,886.3,62.3,62.3,0,Jutaí/AM,Tonantins/AM,,0.67,atencao
710043426,2026-09-26T13:59:49.573042+00:00,-2.74682,-67.50067,886.3,57.1,57.1,0,Jutaí/AM,Tonantins/AM,,0.67,atencao
710043426,2026-09-26T13:59:56.467338+00:00,-2.73901,-67.48859,886.3,54.3,54.3,0,Jutaí/AM,Tonantins/AM,,0.67,atencao
710043426,2026-09-26T14:00:03.884653+00:00,-2.72998,-67.47601,886.3,46.0,46.0,0,Jutaí/AM,Tonantins/AM,,0.67,atencao
710043426,2026-09-26T14:00:09.614312+00:00,-2.72168,-67.46741,886.3,26.0,26.0,0,Jutaí/AM,Tonantins/AM,,0.67,atencao
710043426,2026-09-26T14:00:16.745929+00:00,-2.70831,-67.46088,886.3,22.1,22.1,0,Jutaí/AM,Tonantins/AM,,0.67,atencao
710043426,2026-09-26T14:00:20.788265+00:00,-2.7005,-67.4577,886.3,20.1,20.1,0,Jutaí/AM,Tonantins/AM,,0.67,atencao
710043426,2026-09-26T14:00:26.055589+00:00,-2.69018,-67.45392,886.3,22.2,22.2,0,Jutaí/AM,Tonantins/AM,,0.67,atencao
710043426,2026-09-26T14:00:31.016144+00:00,-2.6806,-67.45001,886.3,33.7,33.7,0,Jutaí/AM,Tonantins/AM,,0.67,atencao
710043426,2026-09-26T14:00:37.239695+00:00,-2.6698,-67.44281,886.3,45.0,45.0,0,Jutaí/AM,Tonantins/AM,,0.67,atencao
710043426,2026-09-26T14:00:43.609791+00:00,-2.6604,-67.43341,886.3,41.1,41.1,0,Jutaí/AM,Tonantins/AM,,0.67,atencao
710043426,2026-09-26T14:00:49.974552+00:00,-2.65039,-67.42468,886.3,38.7,38.7,0,Jutaí/AM,Tonantins/AM,,0.67,atencao
710043426,2026-09-26T14:00:56.840718+00:00,-2.63922,-67.41571,886.3,39.7,39.7,0,Jutaí/AM,Tonantins/AM,,0.67,atencao
710043426,2026-09-26T14:01:01.140258+00:00,-2.63232,-67.40997,886.3,47.1,47.1,0,Jutaí/AM,Tonantins/AM,,0.67,atencao
710043426,2026-09-26T14:01:06.169457+00:00,-2.62518,-67.40228,886.3,27.2,27.2,0,Jutaí/AM,Tonantins/AM,,0.67,atencao
710043426,2026-09-26T14:01:10.252408+00:00,-2.61761,-67.39838,886.3,33.1,33.1,0,Jutaí/AM,Tonantins/AM,,0.67,atencao
710043426,2026-09-26T14:01:14.374533+00:00,-2.61041,-67.39368,886.3,27.5,27.5,0,Jutaí/AM,Tonantins/AM,,0.67,atencao
710043426,2026-09-26T14:01:17.475733+00:00,-2.60467,-67.39069,886.3,22.0,22.0,0,Jutaí/AM,Tonantins/AM,,0.67,atencao
710043426,2026-09-26T14:01:19.904808+00:00,-2.59997,-67.38879,886.3,24.7,24.7,0,Jutaí/AM,Tonantins/AM,,0.67,atencao
710043426,2026-09-26T14:01:24.735573+00:00,-2.59082,-67.38458,886.3,24.7,24.7,0,Jutaí/AM,Tonantins/AM,,0.67,atencao
710043426,2026-09-26T14:01:32.499303+00:00,-2.57611,-67.37781,886.3,23.9,23.9,0,Jutaí/AM,Tonantins/AM,,0.67,atencao
710043426,2026-09-26T14:01:35.603584+00:00,-2.57019,-67.37518,886.3,38.1,38.1,0,Jutaí/AM,Tonantins/AM,,0.67,atencao
710043426,2026-09-26T14:01:40.583817+00:00,-2.56201,-67.36877,886.3,56.1,56.1,0,Jutaí/AM,Tonantins/AM,,0.67,atencao
710043426,2026-09-26T14:01:48.824341+00:00,-2.55243,-67.35449,886.3,81.0,81.0,0,Jutaí/AM,Tonantins/AM,,0.67,atencao
710043426,2026-09-26T14:01:54.774785+00:00,-2.55048,-67.34222,886.3,87.3,87.3,0,Jutaí/AM,Tonantins/AM,,0.67,atencao
710043426,2026-09-26T14:02:01.798974+00:00,-2.5498,-67.32757,886.3,91.4,91.4,0,Jutaí/AM,Tonantins/AM,,0.67,atencao
710043426,2026-09-26T14:02:07.735523+00:00,-2.55011,-67.31518,886.3,99.3,99.3,0,Jutaí/AM,Tonantins/AM,,0.67,atencao
710043426,2026-09-26T14:02:16.118021+00:00,-2.55292,-67.29791,886.3,108.0,108.0,0,Jutaí/AM,Tonantins/AM,,0.67,atencao
710043426,2026-09-26T14:02:23.681581+00:00,-2.5578,-67.2829,886.3,126.8,126.8,0,Jutaí/AM,Tonantins/AM,,0.67,atencao
710043426,2026-09-26T14:02:28.465833+00:00,-2.56378,-67.2749,886.3,121.1,121.1,0,Jutaí/AM,Tonantins/AM,,0.67,atencao
710043426,2026-09-26T14:02:37.583686+00:00,-2.57361,-67.2586,886.3,125.1,125.1,0,Jutaí/AM,Tonantins/AM,,0.67,atencao
710043426,2026-09-26T14:02:42.979028+00:00,-2.58008,-67.24939,886.3,137.6,137.6,0,Jutaí/AM,Tonantins/AM,,0.67,atencao
710043426,2026-09-26T14:02:47.016327+00:00,-2.5863,-67.24371,886.3,163.0,163.0,0,Jutaí/AM,Tonantins/AM,,0.67,atencao
710043426,2026-09-26T14:02:51.820633+00:00,-2.59588,-67.24078,886.3,176.0,176.0,0,Jutaí/AM,Tonantins/AM,,0.67,atencao
710043426,2026-09-26T14:02:58.450939+00:00,-2.60968,-67.23981,886.3,190.6,190.6,0,Jutaí/AM,Tonantins/AM,,0.67,atencao
710043426,2026-09-26T14:03:06.698093+00:00,-2.62658,-67.24298,886.3,182.1,182.1,0,Jutaí/AM,Tonantins/AM,,0.67,atencao
710043426,2026-09-26T14:03:12.233053+00:00,-2.63812,-67.24341,886.3,165.3,165.3,0,Jutaí/AM,Tonantins/AM,,0.67,atencao
710043426,2026-09-26T14:03:19.011458+00:00,-2.65179,-67.23981,886.3,146.5,146.5,0,Jutaí/AM,Tonantins/AM,,0.67,atencao
710043426,2026-09-26T14:03:25.957082+00:00,-2.66388,-67.23181,886.3,139.2,139.2,0,Jutaí/AM,Tonantins/AM,,0.67,atencao
710043426,2026-09-26T14:03:31.100198+00:00,-2.672,-67.22479,886.3,130.9,130.9,0,Jutaí/AM,Tonantins/AM,,0.67,atencao
710043426,2026-09-26T14:03:34.894067+00:00,-2.67718,-67.21881,886.3,118.1,118.1,0,Jutaí/AM,Tonantins/AM,,0.67,atencao
710043426,2026-09-26T14:03:39.995563+00:00,-2.68219,-67.20941,886.3,102.2,102.2,0,Jutaí/AM,Tonantins/AM,,0.67,atencao
710043426,2026-09-26T14:03:46.067819+00:00,-2.68487,-67.19702,886.3,88.8,88.8,0,Jutaí/AM,Tonantins/AM,,0.67,atencao
710043426,2026-09-26T14:03:53.114115+00:00,-2.68457,-67.18231,886.3,73.5,73.5,0,Jutaí/AM,Tonantins/AM,,0.67,atencao
710043426,2026-09-26T14:03:57.961547+00:00,-2.6817,-67.17261,886.3,55.8,55.8,0,Jutaí/AM,Tonantins/AM,,0.67,atencao
710043426,2026-09-26T14:04:04.466480+00:00,-2.67407,-67.16138,886.3,38.0,38.0,0,Jutaí/AM,Tonantins/AM,,0.67,atencao
710043426,2026-09-26T14:04:10.218726+00:00,-2.66461,-67.15399,886.3,29.9,29.9,0,Jutaí/AM,Tonantins/AM,,0.67,atencao
710043426,2026-09-26T14:04:18.187647+00:00,-2.65021,-67.14569,886.3,35.7,35.7,0,Jutaí/AM,Tonantins/AM,,0.67,atencao
710043426,2026-09-26T14:04:21.394396+00:00,-2.64477,-67.14178,886.3,40.2,40.2,0,Jutaí/AM,Tonantins/AM,,0.67,atencao
710043426,2026-09-26T14:04:25.836232+00:00,-2.63769,-67.1358,886.3,38.6,38.6,0,Jutaí/AM,Tonantins/AM,,0.67,atencao
710043426,2026-09-26T14:04:29.207836+00:00,-2.6322,-67.13141,886.3,31.7,31.7,0,Jutaí/AM,Tonantins/AM,,0.67,atencao
710043426,2026-09-26T14:04:33.437940+00:00,-2.62469,-67.12677,886.3,44.7,44.7,0,Jutaí/AM,Tonantins/AM,,0.67,atencao
710043426,2026-09-26T14:04:37.553792+00:00,-2.61859,-67.12073,886.3,60.4,60.4,0,Jutaí/AM,Tonantins/AM,,0.67,atencao
710043426,2026-09-26T14:04:41.050317+00:00,-2.61499,-67.11438,886.3,71.9,71.9,0,Jutaí/AM,Tonantins/AM,,0.67,atencao
710043426,2026-09-26T14:04:44.711614+00:00,-2.61261,-67.10711,886.3,83.4,83.4,0,Jutaí/AM,Tonantins/AM,,0.67,atencao
710043426,2026-09-26T14:04:49.066640+00:00,-2.61157,-67.09808,886.3,86.7,86.7,0,Jutaí/AM,Tonantins/AM,,0.67,atencao
710043426,2026-09-26T14:04:53.195334+00:00,-2.61108,-67.08948,886.3,94.3,94.3,0,Jutaí/AM,Tonantins/AM,,0.67,atencao
710043426,2026-09-26T14:04:57.123783+00:00,-2.61169,-67.0813,886.3,105.1,105.1,0,Jutaí/AM,Tonantins/AM,,0.67,atencao
710043426,2026-09-26T14:05:01.393139+00:00,-2.61401,-67.07269,886.3,116.1,116.1,0,Jutaí/AM,Tonantins/AM,,0.67,atencao
710043426,2026-09-26T14:05:06.728303+00:00,-2.6189,-67.06268,886.3,134.2,134.2,0,Jutaí/AM,Tonantins/AM,,0.67,atencao
710043426,2026-09-26T14:05:12.313220+00:00,-2.62701,-67.05432,886.3,156.0,156.0,0,Jutaí/AM,Tonantins/AM,,0.67,atencao
710043426,2026-09-26T14:05:15.613632+00:00,-2.6333,-67.05151,886.3,174.9,174.9,0,Jutaí/AM,Tonantins/AM,,0.67,atencao
710043426,2026-09-26T14:05:19.844773+00:00,-2.64209,-67.05072,886.3,179.0,179.0,0,Jutaí/AM,Tonantins/AM,,0.67,atencao
710043426,2026-09-26T14:05:23.210678+00:00,-2.64911,-67.0506,886.3,189.9,189.9,0,Jutaí/AM,Tonantins/AM,,0.67,atencao
710043426,2026-09-26T14:05:27.637204+00:00,-2.6582,-67.05218,886.3,191.5,191.5,0,Jutaí/AM,Tonantins/AM,,0.67,atencao
710043426,2026-09-26T14:05:31.459071+00:00,-2.66601,-67.05377,886.3,184.0,184.0,0,Jutaí/AM,Tonantins/AM,,0.67,atencao
710043426,2026-09-26T14:05:34.422101+00:00,-2.67218,-67.0542,886.3,188.4,188.4,0,Jutaí/AM,Tonantins/AM,,0.67,atencao
710043426,2026-09-26T14:05:37.616671+00:00,-2.67877,-67.05517,886.3,188.2,188.2,0,Jutaí/AM,Tonantins/AM,,0.67,atencao
710043426,2026-09-26T14:05:42.376161+00:00,-2.6886,-67.05658,886.3,183.2,183.2,0,Jutaí/AM,Tonantins/AM,,0.67,atencao
710043426,2026-09-26T14:05:44.955533+00:00,-2.69397,-67.05688,886.3,182.0,182.0,0,Jutaí/AM,Tonantins/AM,,0.67,atencao
710043426,2026-09-26T14:05:48.469113+00:00,-2.70129,-67.05713,886.3,171.5,171.5,0,Jutaí/AM,Tonantins/AM,,0.67,atencao
710043426,2026-09-26T14:05:55.984848+00:00,-2.71679,-67.05481,886.3,158.5,158.5,0,Jutaí/AM,Tonantins/AM,,0.67,atencao
710043426,2026-09-26T14:06:02.276873+00:00,-2.729,-67.04999,886.3,148.9,148.9,0,Jutaí/AM,Tonantins/AM,,0.67,atencao
710043426,2026-09-26T14:06:11.568916+00:00,-2.7456,-67.03998,886.3,126.6,126.6,0,Jutaí/AM,Tonantins/AM,,0.67,atencao
710043426,2026-09-26T14:06:23.295546+00:00,-2.76019,-67.02032,886.3,117.6,117.6,0,Jutaí/AM,Tonantins/AM,,0.67,atencao
710043426,2026-09-26T14:06:33.352255+00:00,-2.7699,-67.00171,886.3,105.7,105.7,0,Jutaí/AM,Tonantins/AM,,0.67,atencao
710043426,2026-09-26T14:06:43.069539+00:00,-2.77539,-66.98218,886.3,90.5,90.5,0,Jutaí/AM,Tonantins/AM,,0.67,atencao
710043426,2026-09-26T14:06:49.383244+00:00,-2.77551,-66.96899,886.3,77.7,77.7,0,Jutaí/AM,Tonantins/AM,,0.67,atencao
710043426,2026-09-26T14:06:55.994121+00:00,-2.77258,-66.9555,886.3,68.2,68.2,0,Jutaí/AM,Tonantins/AM,,0.67,atencao
710043426,2026-09-26T14:07:01.504389+00:00,-2.76831,-66.94482,886.3,45.5,45.5,0,Jutaí/AM,Tonantins/AM,,0.67,atencao
710043426,2026-09-26T14:07:06.302479+00:00,-2.76129,-66.93768,886.3,32.6,32.6,0,Jutaí/AM,Tonantins/AM,,0.67,atencao
710043426,2026-09-26T14:07:09.776174+00:00,-2.75519,-66.93377,886.3,18.1,18.1,0,Jutaí/AM,Tonantins/AM,,0.67,atencao
710043426,2026-09-26T14:07:13.717787+00:00,-2.74737,-66.93121,886.3,20.0,20.0,0,Jutaí/AM,Tonantins/AM,,0.67,atencao
710043426,2026-09-26T14:07:19.169965+00:00,-2.73669,-66.92731,886.3,19.8,19.8,0,Jutaí/AM,Tonantins/AM,,0.67,atencao
710043426,2026-09-26T14:07:23.150138+00:00,-2.72888,-66.9245,886.3,12.1,12.1,0,Jutaí/AM,Tonantins/AM,,0.67,atencao
710043426,2026-09-26T14:07:26.771677+00:00,-2.72149,-66.92291,886.3,21.3,21.3,0,Jutaí/AM,Tonantins/AM,,0.67,atencao
710043426,2026-09-26T14:07:32.960682+00:00,-2.70947,-66.91821,886.3,19.6,19.6,0,Jutaí/AM,Tonantins/AM,,0.67,atencao
710043426,2026-09-26T14:07:37.680528+00:00,-2.70019,-66.91491,886.3,29.9,29.9,0,Jutaí/AM,Tonantins/AM,,0.67,atencao
710043426,2026-09-26T14:07:43.250792+00:00,-2.69012,-66.90912,886.3,39.8,39.8,0,Jutaí/AM,Tonantins/AM,,0.67,atencao
710043426,2026-09-26T14:07:49.688911+00:00,-2.67981,-66.90051,886.3,57.7,57.7,0,Jutaí/AM,Tonantins/AM,,0.67,atencao
710043426,2026-09-26T14:07:56.535941+00:00,-2.67218,-66.88843,886.3,65.9,65.9,0,Jutaí/AM,Tonantins/AM,,0.67,atencao
710043426,2026-09-26T14:08:02.844396+00:00,-2.66681,-66.8764,886.3,82.7,82.7,0,Jutaí/AM,Tonantins/AM,,0.67,atencao
710043426,2026-09-26T14:08:09.327262+00:00,-2.6651,-66.86298,886.3,107.9,107.9,0,Jutaí/AM,Tonantins/AM,,0.67,atencao
710043426,2026-09-26T14:08:14.458470+00:00,-2.66839,-66.85278,886.3,118.5,118.5,0,Jutaí/AM,Tonantins/AM,,0.67,atencao
710043426,2026-09-26T14:08:20.778102+00:00,-2.67468,-66.84118,886.3,123.6,123.6,0,Jutaí/AM,Tonantins/AM,,0.67,atencao
710043426,2026-09-26T14:08:24.954935+00:00,-2.6795,-66.83392,886.3,134.2,134.2,0,Jutaí/AM,Tonantins/AM,,0.67,atencao
710043426,2026-09-26T14:08:27.560979+00:00,-2.68329,-66.83002,886.3,128.5,128.5,0,Jutaí/AM,Tonantins/AM,,0.67,atencao
710043426,2026-09-26T14:08:34.804656+00:00,-2.69269,-66.81817,886.3,129.5,129.5,0,Jutaí/AM,Tonantins/AM,,0.67,atencao
710043426,2026-09-26T14:08:41.620213+00:00,-2.70172,-66.80719,886.3,133.2,133.2,0,Jutaí/AM,Tonantins/AM,,0.67,atencao
710043426,2026-09-26T14:08:47.475870+00:00,-2.71008,-66.79828,886.3,123.2,123.2,0,Jutaí/AM,Tonantins/AM,,0.67,atencao
710043426,2026-09-26T14:08:55.821297+00:00,-2.7196,-66.78369,886.3,118.9,118.9,0,Jutaí/AM,Tonantins/AM,,0.67,atencao
710043426,2026-09-26T14:09:01.461462+00:00,-2.72528,-66.77338,886.3,102.6,102.6,0,Jutaí/AM,Tonantins/AM,,0.67,atencao
710043426,2026-09-26T14:09:05.176856+00:00,-2.72697,-66.7658,0.0,0.0,0.0,5,Jutaí/AM,Tonantins/AM,Tonantins/AM,0.67,atencao
710043426,2026-09-26T15:15:26.992587+00:00,-2.72697,-66.7658,0.0,0.0,0.0,5,Jutaí/AM,Tonantins/AM,Tonantins/AM,0.67,atencao
710043426,2026-09-26T16:21:48.808317+00:00,-2.72697,-66.7658,0.0,0.0,0.0,5,Jutaí/AM,Tonantins/AM,Tonantins/AM,0.67,atencao
710043426,2026-09-26T17:28:10.624047+00:00,-2.72697,-66.7658,0.0,0.0,0.0,5,Jutaí/AM,Tonantins/AM,Tonantins/AM,0.67,atencao
710043426,2026-09-26T18:34:32.439778+00:00,-2.72697,-66.7658,0.0,0.0,0.0,5,Jutaí/AM,Tonantins/AM,Tonantins/AM,0.67,atencao
710043426,2026-09-26T19:40:54.255508+00:00,-2.72697,-66.7658,230.5,102.6,102.6,0,Fonte Boa/AM,Jutaí-AM,,0.79,atencao
710043426,2026-09-26T19:41:07.841097+00:00,-2.72858,-66.7586,230.5,87.8,87.8,0,Fonte Boa/AM,Jutaí-AM,,0.79,atencao
710043426,2026-09-26T19:41:30.899873+00:00,-2.72809,-66.74609,230.5,72.2,72.2,0,Fonte Boa/AM,Jutaí-AM,,0.79,atencao
710043426,2026-09-26T19:41:43.411905+00:00,-2.72601,-66.73962,230.5,68.4,68.4,0,Fonte Boa/AM,Jutaí-AM,,0.79,atencao
710043426,2026-09-26T19:42:08.192288+00:00,-2.72107,-66.72711,230.5,62.5,62.5,0,Fonte Boa/AM,Jutaí-AM,,0.79,atencao
710043426,2026-09-26T19:42:29.613807+00:00,-2.7157,-66.7168,230.5,58.4,58.4,0,Fonte Boa/AM,Jutaí-AM,,0.79,atencao
710043426,2026-09-26T19:43:02.067215+00:00,-2.70648,-66.70178,230.5,63.9,63.9,0,Fonte Boa/AM,Jutaí-AM,,0.79,atencao
710043426,2026-09-26T19:43:27.105962+00:00,-2.7005,-66.68957,230.5,67.4,67.4,0,Fonte Boa/AM,Jutaí-AM,,0.79,atencao
710043426,2026-09-26T19:43:58.505612+00:00,-2.69397,-66.67383,230.5,67.2,67.2,0,Fonte Boa/AM,Jutaí-AM,,0.79,atencao
710043426,2026-09-26T19:44:32.163096+00:00,-2.68689,-66.65698,230.5,64.6,64.6,0,Fonte Boa/AM,Jutaí-AM,,0.79,atencao
710043426,2026-09-26T19:45:12.092188+00:00,-2.67761,-66.63739,230.5,49.6,49.6,0,Fonte Boa/AM,Jutaí-AM,,0.79,atencao
710043426,2026-09-26T19:45:39.696233+00:00,-2.66791,-66.62597,230.5,39.3,39.3,0,Fonte Boa/AM,Jutaí-AM,,0.79,atencao
710043426,2026-09-26T19:46:05.747998+00:00,-2.65698,-66.617,230.5,35.2,35.2,0,Fonte Boa/AM,Jutaí-AM,,0.79,atencao
710043426,2026-09-26T19:46:35.209524+00:00,-2.64392,-66.60779,230.5,29.0,29.0,0,Fonte Boa/AM,Jutaí-AM,,0.79,atencao
710043426,2026-09-26T19:47:09.803548+00:00,-2.6275,-66.59869,230.5,18.0,18.0,0,Fonte Boa/AM,Jutaí-AM,,0.79,atencao
710043426,2026-09-26T19:47:52.643397+00:00,-2.60541,-66.59149,230.5,13.2,13.2,0,Fonte Boa/AM,Jutaí-AM,,0.79,atencao
710043426,2026-09-26T19:48:24.658283+00:00,-2.5885,-66.58752,230.5,9.5,9.5,0,Fonte Boa/AM,Jutaí-AM,,0.79,atencao
710043426,2026-09-26T19:48:55.124914+00:00,-2.5722,-66.58478,230.5,348.1,348.1,0,Fonte Boa/AM,Jutaí-AM,,0.79,atencao
710043426,2026-09-26T19:49:32.618716+00:00,-2.55231,-66.58899,230.5,333.0,333.0,0,Fonte Boa/AM,Jutaí-AM,,0.79,atencao
710043426,2026-09-26T19:50:01.800847+00:00,-2.53821,-66.59619,230.5,328.5,328.5,0,Fonte Boa/AM,Jutaí-AM,,0.79,atencao
710043426,2026-09-26T19:50:27.808844+00:00,-2.52618,-66.60358,230.5,341.3,341.3,0,Fonte Boa/AM,Jutaí-AM,,0.79,atencao
710043426,2026-09-26T19:50:56.558909+00:00,-2.51141,-66.60858,230.5,337.6,337.6,0,Fonte Boa/AM,Jutaí-AM,,0.79,atencao
710043426,2026-09-26T19:51:14.568844+00:00,-2.50238,-66.6123,230.5,330.2,330.2,0,Fonte Boa/AM,Jutaí-AM,,0.79,atencao
710043426,2026-09-26T19:51:41.275931+00:00,-2.48981,-66.61951,230.5,331.2,331.2,0,Fonte Boa/AM,Jutaí-AM,,0.79,atencao
710043426,2026-09-26T19:52:24.427995+00:00,-2.4693,-66.6308,230.5,348.1,348.1,0,Fonte Boa/AM,Jutaí-AM,,0.79,atencao
710043426,2026-09-26T19:52:45.702691+00:00,-2.45801,-66.63318,230.5,19.6,19.6,0,Fonte Boa/AM,Jutaí-AM,,0.79,atencao
710043426,2026-09-26T19:53:06.485510+00:00,-2.44739,-66.62939,230.5,44.9,44.9,0,Fonte Boa/AM,Jutaí-AM,,0.79,atencao
710043426,2026-09-26T19:53:25.731458+00:00,-2.44,-66.62201,230.5,55.2,55.2,0,Fonte Boa/AM,Jutaí-AM,,0.79,atencao
710043426,2026-09-26T19:53:46.415749+00:00,-2.43359,-66.61279,230.5,67.9,67.9,0,Fonte Boa/AM,Jutaí-AM,,0.79,atencao
710043426,2026-09-26T19:54:10.321466+00:00,-2.42871,-66.60077,230.5,75.8,75.8,0,Fonte Boa/AM,Jutaí-AM,,0.79,atencao
710043426,2026-09-26T19:54:29.109852+00:00,-2.42621,-66.59088,230.5,77.8,77.8,0,Fonte Boa/AM,Jutaí-AM,,0.79,atencao
710043426,2026-09-26T19:55:00.402563+00:00,-2.42261,-66.57428,230.5,75.2,75.2,0,Fonte Boa/AM,Jutaí-AM,,0.79,atencao
710043426,2026-09-26T19:55:25.163490+00:00,-2.41919,-66.56128,230.5,68.5,68.5,0,Fonte Boa/AM,Jutaí-AM,,0.79,atencao
710043426,2026-09-26T19:55:47.276398+00:00,-2.41479,-66.55011,230.5,67.9,67.9,0,Fonte Boa/AM,Jutaí-AM,,0.79,atencao
710043426,2026-09-26T19:56:15.672391+00:00,-2.40899,-66.53583,230.5,68.6,68.6,0,Fonte Boa/AM,Jutaí-AM,,0.79,atencao
710043426,2026-09-26T19:56:36.927618+00:00,-2.40478,-66.52508,230.5,75.9,75.9,0,Fonte Boa/AM,Jutaí-AM,,0.79,atencao
710043426,2026-09-26T19:56:58.716300+00:00,-2.40191,-66.51361,230.5,77.5,77.5,0,Fonte Boa/AM,Jutaí-AM,,0.79,atencao
710043426,2026-09-26T19:57:33.031802+00:00,-2.39789,-66.49542,230.5,84.2,84.2,0,Fonte Boa/AM,Jutaí-AM,,0.79,atencao
710043426,2026-09-26T19:58:16.427342+00:00,-2.39551,-66.47198,230.5,83.0,83.0,0,Fonte Boa/AM,Jutaí-AM,,0.79,atencao
710043426,2026-09-26T19:58:54.482036+00:00,-2.393,-66.45148,230.5,92.7,92.7,0,Fonte Boa/AM,Jutaí-AM,,0.79,atencao
710043426,2026-09-26T19:59:33.537301+00:00,-2.39398,-66.4303,230.5,123.2,123.2,0,Fonte Boa/AM,Jutaí-AM,,0.79,atencao
710043426,2026-09-26T19:59:58.801770+00:00,-2.40149,-66.41882,230.5,143.8,143.8,0,Fonte Boa/AM,Jutaí-AM,,0.79,atencao
710043426,2026-09-26T20:00:28.501124+00:00,-2.41449,-66.4093,230.5,170.8,170.8,0,Fonte Boa/AM,Jutaí-AM,,0.79,atencao
710043426,2026-09-26T20:00:50.163745+00:00,-2.42609,-66.40741,230.5,186.0,186.0,0,Fonte Boa/AM,Jutaí-AM,,0.79,atencao
710043426,2026-09-26T20:01:23.205030+00:00,-2.44391,-66.4093,230.5,182.4,182.4,0,Fonte Boa/AM,Jutaí-AM,,0.79,atencao
710043426,2026-09-26T20:01:58.568249+00:00,-2.46307,-66.41009,230.5,183.0,183.0,0,Fonte Boa/AM,Jutaí-AM,,0.79,atencao
710043426,2026-09-26T20:02:37.554295+00:00,-2.48419,-66.41119,230.5,175.4,175.4,0,Fonte Boa/AM,Jutaí-AM,,0.79,atencao
710043426,2026-09-26T20:03:09.952200+00:00,-2.50171,-66.40979,230.5,173.6,173.6,0,Fonte Boa/AM,Jutaí-AM,,0.79,atencao
710043426,2026-09-26T20:03:41.428436+00:00,-2.51867,-66.4079,230.5,167.4,167.4,0,Fonte Boa/AM,Jutaí-AM,,0.79,atencao
710043426,2026-09-26T20:04:06.570185+00:00,-2.53198,-66.40491,230.5,161.9,161.9,0,Fonte Boa/AM,Jutaí-AM,,0.79,atencao
710043426,2026-09-26T20:04:33.327301+00:00,-2.54577,-66.40039,230.5,162.8,162.8,0,Fonte Boa/AM,Jutaí-AM,,0.79,atencao
710043426,2026-09-26T20:04:53.826035+00:00,-2.5564,-66.39709,230.5,151.6,151.6,0,Fonte Boa/AM,Jutaí-AM,,0.79,atencao
710043426,2026-09-26T20:05:12.501379+00:00,-2.56531,-66.39227,230.5,142.2,142.2,0,Fonte Boa/AM,Jutaí-AM,,0.79,atencao
710043426,2026-09-26T20:05:37.430166+00:00,-2.57599,-66.38397,230.5,139.2,139.2,0,Fonte Boa/AM,Jutaí-AM,,0.79,atencao
710043426,2026-09-26T20:06:06.697847+00:00,-2.58801,-66.37359,230.5,112.3,112.3,0,Fonte Boa/AM,Jutaí-AM,,0.79,atencao
710043426,2026-09-26T20:06:25.655793+00:00,-2.59192,-66.36407,230.5,97.2,97.2,0,Fonte Boa/AM,Jutaí-AM,,0.79,atencao
710043426,2026-09-26T20:07:00.890053+00:00,-2.5943,-66.34509,230.5,100.0,100.0,0,Fonte Boa/AM,Jutaí-AM,,0.79,atencao
710043426,2026-09-26T20:07:26.115824+00:00,-2.59668,-66.3316,230.5,93.0,93.0,0,Fonte Boa/AM,Jutaí-AM,,0.79,atencao
710043426,2026-09-26T20:07:45.703059+00:00,-2.59723,-66.32098,230.5,83.0,83.0,0,Fonte Boa/AM,Jutaí-AM,,0.79,atencao
710043426,2026-09-26T20:08:01.445016+00:00,-2.59619,-66.3125,230.5,61.0,61.0,0,Fonte Boa/AM,Jutaí-AM,,0.79,atencao
710043426,2026-09-26T20:08:24.193384+00:00,-2.59021,-66.30169,230.5,54.0,54.0,0,Fonte Boa/AM,Jutaí-AM,,0.79,atencao
710043426,2026-09-26T20:08:37.395653+00:00,-2.586,-66.2959,230.5,23.1,23.1,0,Fonte Boa/AM,Jutaí-AM,,0.79,atencao
710043426,2026-09-26T20:08:49.998017+00:00,-2.57971,-66.29321,230.5,8.1,8.1,0,Fonte Boa/AM,Jutaí-AM,,0.79,atencao
710043426,2026-09-26T20:09:04.318949+00:00,-2.57202,-66.29211,230.5,29.6,29.6,0,Fonte Boa/AM,Jutaí-AM,,0.79,atencao
710043426,2026-09-26T20:09:18.175175+00:00,-2.56549,-66.28839,230.5,53.5,53.5,0,Fonte Boa/AM,Jutaí-AM,,0.79,atencao
710043426,2026-09-26T20:09:41.093829+00:00,-2.5581,-66.27838,230.5,55.9,55.9,0,Fonte Boa/AM,Jutaí-AM,,0.79,atencao
710043426,2026-09-26T20:10:07.978658+00:00,-2.54992,-66.26629,230.5,54.1,54.1,0,Fonte Boa/AM,Jutaí-AM,,0.79,atencao
710043426,2026-09-26T20:10:30.450665+00:00,-2.54278,-66.25641,230.5,48.9,48.9,0,Fonte Boa/AM,Jutaí-AM,,0.79,atencao
710043426,2026-09-26T20:10:56.433662+00:00,-2.53351,-66.24579,230.5,40.8,40.8,0,Fonte Boa/AM,Jutaí-AM,,0.79,atencao
710043426,2026-09-26T20:11:09.829555+00:00,-2.52801,-66.24103,230.5,51.1,51.1,0,Fonte Boa/AM,Jutaí-AM,,0.79,atencao
710043426,2026-09-26T20:11:20.384283+00:00,-2.52441,-66.23657,230.5,54.0,54.0,0,Fonte Boa/AM,Jutaí-AM,,0.79,atencao
710043426,2026-09-26T20:11:31.496445+00:00,-2.52087,-66.23169,230.5,61.3,61.3,0,Fonte Boa/AM,Jutaí-AM,,0.79,atencao
710043426,2026-09-26T20:11:42.014391+00:00,-2.51813,-66.22668,230.5,41.1,41.1,0,Fonte Boa/AM,Jutaí-AM,,0.79,atencao
710043426,2026-09-26T20:11:50.384415+00:00,-2.51471,-66.22369,230.5,46.1,46.1,0,Fonte Boa/AM,Jutaí-AM,,0.79,atencao
710043426,2026-09-26T20:11:58.338089+00:00,-2.51172,-66.22058,230.5,56.4,56.4,0,Fonte Boa/AM,Jutaí-AM,,0.79,atencao
710043426,2026-09-26T20:12:09.129671+00:00,-2.50848,-66.2157,230.5,85.7,85.7,0,Fonte Boa/AM,Jutaí-AM,,0.79,atencao
710043426,2026-09-26T20:12:18.036682+00:00,-2.50812,-66.21088,230.5,98.1,98.1,0,Fonte Boa/AM,Jutaí-AM,,0.79,atencao
710043426,2026-09-26T20:12:33.252236+00:00,-2.50928,-66.2027,230.5,115.1,115.1,0,Fonte Boa/AM,Jutaí-AM,,0.79,atencao
710043426,2026-09-26T20:12:47.285866+00:00,-2.51251,-66.1958,230.5,130.8,130.8,0,Fonte Boa/AM,Jutaí-AM,,0.79,atencao
710043426,2026-09-26T20:13:03.314517+00:00,-2.51819,-66.18921,230.5,121.7,121.7,0,Fonte Boa/AM,Jutaí-AM,,0.79,atencao
710043426,2026-09-26T20:13:12.706704+00:00,-2.52087,-66.18487,230.5,114.9,114.9,0,Fonte Boa/AM,Jutaí-AM,,0.79,atencao
710043426,2026-09-26T20:13:26.087736+00:00,-2.52392,-66.17828,230.5,89.1,89.1,0,Fonte Boa/AM,Jutaí-AM,,0.79,atencao
710043426,2026-09-26T20:13:40.814892+00:00,-2.5238,-66.17029,230.5,88.5,88.5,0,Fonte Boa/AM,Jutaí-AM,,0.79,atencao
710043426,2026-09-26T20:13:53.859421+00:00,-2.52362,-66.16321,230.5,73.9,73.9,0,Fonte Boa/AM,Jutaí-AM,,0.79,atencao
710043426,2026-09-26T20:14:04.037927+00:00,-2.52209,-66.1579,230.5,74.3,74.3,0,Fonte Boa/AM,Jutaí-AM,,0.79,atencao
710043426,2026-09-26T20:14:16.884771+00:00,-2.5202,-66.15118,230.5,68.3,68.3,0,Fonte Boa/AM,Jutaí-AM,,0.79,atencao
710043426,2026-09-26T20:14:33.942282+00:00,-2.51678,-66.14258,230.5,54.2,54.2,0,Fonte Boa/AM,Jutaí-AM,,0.79,atencao
710043426,2026-09-26T20:14:49.329158+00:00,-2.5119,-66.1358,230.5,42.7,42.7,0,Fonte Boa/AM,Jutaí-AM,,0.79,atencao
710043426,2026-09-26T20:14:57.288035+00:00,-2.50873,-66.13287,230.5,44.5,44.5,0,Fonte Boa/AM,Jutaí-AM,,0.79,atencao
710043426,2026-09-26T20:15:06.435614+00:00,-2.50519,-66.12939,230.5,40.9,40.9,0,Fonte Boa/AM,Jutaí-AM,,0.79,atencao
710043426,2026-09-26T20:15:15.683446+00:00,-2.5014,-66.1261,230.5,52.7,52.7,0,Fonte Boa/AM,Jutaí-AM,,0.79,atencao
710043426,2026-09-26T20:15:33.338721+00:00,-2.4956,-66.11847,230.5,80.6,80.6,0,Fonte Boa/AM,Jutaí-AM,,0.79,atencao
710043426,2026-09-26T20:15:49.178092+00:00,-2.4942,-66.10998,230.5,87.0,87.0,0,Fonte Boa/AM,Jutaí-AM,,0.79,atencao
710043426,2026-09-26T20:16:10.680080+00:00,-2.49359,-66.09833,230.5,85.8,85.8,0,Fonte Boa/AM,Jutaí-AM,,0.79,atencao
710043426,2026-09-26T20:16:21.450967+00:00,-2.49316,-66.09249,0.0,0.0,0.0,5,Fonte Boa/AM,Jutaí-AM,Jutaí-AM,0.79,atencao
710043426,2026-09-26T21:23:53.226592+00:00,-2.49316,-66.09249,0.0,0.0,0.0,5,Fonte Boa/AM,Jutaí-AM,Jutaí-AM,0.79,atencao
710043426,2026-09-26T22:31:25.002218+00:00,-2.49316,-66.09249,0.0,0.0,0.0,5,Fonte Boa/AM,Jutaí-AM,Jutaí-AM,0.79,atencao
710043426,2026-09-26T23:38:56.777843+00:00,-2.49316,-66.09249,0.0,0.0,0.0,5,Fonte Boa/AM,Jutaí-AM,Jutaí-AM,0.79,atencao
710043426,2026-09-27T00:46:28.553469+00:00,-2.49316,-66.09249,0.0,111.6,111.6,5,Fonte Boa/AM,Jutaí-AM,Jutaí-AM,0.79,atencao
710043426,2026-09-27T01:52:07.969613+00:00,-2.64911,-65.69818,0.0,291.6,291.6,5,Manaus/AM,Fonte Boa/AM,Fonte Boa/AM,0.39,no_prazo
710043426,2026-09-27T01:54:00.329094+00:00,-2.49316,-66.09249,0.0,111.6,111.6,5,Fonte Boa/AM,Jutaí-AM,Jutaí-AM,0.79,atencao
710043426,2026-09-27T02:54:42.072944+00:00,-2.64911,-65.69818,0.0,291.6,291.6,5,Manaus/AM,Fonte Boa/AM,Fonte Boa/AM,0.39,no_prazo
710043426,2026-09-27T03:01:32.104720+00:00,-2.49316,-66.09249,564.8,85.8,85.8,0,Manaus/AM,Fonte Boa/AM,,0.39,no_prazo
710043426,2026-09-27T03:01:33.965864+00:00,-2.49298,-66.09002,564.8,85.9,85.9,0,Manaus/AM,Fonte Boa/AM,,0.39,no_prazo
710043426,2026-09-27T03:01:42.337725+00:00,-2.49219,-66.07892,564.8,75.5,75.5,0,Manaus/AM,Fonte Boa/AM,,0.39,no_prazo
710043426,2026-09-27T03:01:50.440012+00:00,-2.4895,-66.06848,564.8,71.8,71.8,0,Manaus/AM,Fonte Boa/AM,,0.39,no_prazo
710043426,2026-09-27T03:01:57.928028+00:00,-2.48639,-66.05902,564.8,69.7,69.7,0,Manaus/AM,Fonte Boa/AM,,0.39,no_prazo
710043426,2026-09-27T03:02:07.074616+00:00,-2.48218,-66.04761,564.8,64.1,64.1,0,Manaus/AM,Fonte Boa/AM,,0.39,no_prazo
710043426,2026-09-27T03:02:17.685731+00:00,-2.47601,-66.03491,564.8,69.8,69.8,0,Manaus/AM,Fonte Boa/AM,,0.39,no_prazo
710043426,2026-09-27T03:02:26.194344+00:00,-2.4721,-66.02429,564.8,66.0,66.0,0,Manaus/AM,Fonte Boa/AM,,0.39,no_prazo
710043426,2026-09-27T03:02:34.329362+00:00,-2.46771,-66.0144,564.8,74.1,74.1,0,Manaus/AM,Fonte Boa/AM,,0.39,no_prazo
710043426,2026-09-27T03:02:39.863485+00:00,-2.4657,-66.00732,564.8,73.4,73.4,0,Manaus/AM,Fonte Boa/AM,,0.39,no_prazo
710043426,2026-09-27T03:02:45.991064+00:00,-2.46338,-65.99951,564.8,73.3,73.3,0,Manaus/AM,Fonte Boa/AM,,0.39,no_prazo
710043426,2026-09-27T03:02:50.157799+00:00,-2.46179,-65.9942,564.8,71.5,71.5,0,Manaus/AM,Fonte Boa/AM,,0.39,no_prazo
710043426,2026-09-27T03:02:54.366072+00:00,-2.46002,-65.98889,564.8,74.1,74.1,0,Manaus/AM,Fonte Boa/AM,,0.39,no_prazo
710043426,2026-09-27T03:03:00.234103+00:00,-2.45788,-65.98138,564.8,74.5,74.5,0,Manaus/AM,Fonte Boa/AM,,0.39,no_prazo
710043426,2026-09-27T03:03:05.900705+00:00,-2.45587,-65.97412,564.8,81.0,81.0,0,Manaus/AM,Fonte Boa/AM,,0.39,no_prazo
710043426,2026-09-27T03:03:11.476263+00:00,-2.45471,-65.9668,564.8,97.5,97.5,0,Manaus/AM,Fonte Boa/AM,,0.39,no_prazo
710043426,2026-09-27T03:03:16.797854+00:00,-2.45563,-65.95978,564.8,111.9,111.9,0,Manaus/AM,Fonte Boa/AM,,0.39,no_prazo
710043426,2026-09-27T03:03:24.415973+00:00,-2.45941,-65.95038,564.8,126.8,126.8,0,Manaus/AM,Fonte Boa/AM,,0.39,no_prazo
710043426,2026-09-27T03:03:30.319101+00:00,-2.46411,-65.94409,564.8,121.8,121.8,0,Manaus/AM,Fonte Boa/AM,,0.39,no_prazo
710043426,2026-09-27T03:03:36.152297+00:00,-2.4682,-65.9375,564.8,120.0,120.0,0,Manaus/AM,Fonte Boa/AM,,0.39,no_prazo
710043426,2026-09-27T03:03:40.387229+00:00,-2.47101,-65.93262,564.8,115.6,115.6,0,Manaus/AM,Fonte Boa/AM,,0.39,no_prazo
710043426,2026-09-27T03:03:48.577795+00:00,-2.47571,-65.92279,564.8,115.0,115.0,0,Manaus/AM,Fonte Boa/AM,,0.39,no_prazo
710043426,2026-09-27T03:03:55.866390+00:00,-2.4798,-65.914,564.8,112.6,112.6,0,Manaus/AM,Fonte Boa/AM,,0.39,no_prazo
710043426,2026-09-27T03:04:03.272215+00:00,-2.48358,-65.90491,564.8,117.9,117.9,0,Manaus/AM,Fonte Boa/AM,,0.39,no_prazo
710043426,2026-09-27T03:04:11.627843+00:00,-2.48877,-65.89508,564.8,113.8,113.8,0,Manaus/AM,Fonte Boa/AM,,0.39,no_prazo
710043426,2026-09-27T03:04:19.148082+00:00,-2.4928,-65.88592,564.8,117.3,117.3,0,Manaus/AM,Fonte Boa/AM,,0.39,no_prazo
710043426,2026-09-27T03:04:27.050964+00:00,-2.49762,-65.87659,564.8,100.1,100.1,0,Manaus/AM,Fonte Boa/AM,,0.39,no_prazo
710043426,2026-09-27T03:04:33.296896+00:00,-2.49908,-65.86841,564.8,90.7,90.7,0,Manaus/AM,Fonte Boa/AM,,0.39,no_prazo
710043426,2026-09-27T03:04:40.364016+00:00,-2.4992,-65.85901,564.8,91.3,91.3,0,Manaus/AM,Fonte Boa/AM,,0.39,no_prazo
710043426,2026-09-27T03:04:46.467588+00:00,-2.49939,-65.85089,564.8,107.3,107.3,0,Manaus/AM,Fonte Boa/AM,,0.39,no_prazo
710043426,2026-09-27T03:04:54.015057+00:00,-2.50238,-65.84131,564.8,115.8,115.8,0,Manaus/AM,Fonte Boa/AM,,0.39,no_prazo
710043426,2026-09-27T03:05:04.564714+00:00,-2.50848,-65.82867,564.8,134.5,134.5,0,Manaus/AM,Fonte Boa/AM,,0.39,no_prazo
710043426,2026-09-27T03:05:14.985089+00:00,-2.51819,-65.81879,564.8,145.7,145.7,0,Manaus/AM,Fonte Boa/AM,,0.39,no_prazo
710043426,2026-09-27T03:05:22.715083+00:00,-2.52667,-65.81299,564.8,147.1,147.1,0,Manaus/AM,Fonte Boa/AM,,0.39,no_prazo
710043426,2026-09-27T03:05:34.202265+00:00,-2.53949,-65.80469,564.8,161.8,161.8,0,Manaus/AM,Fonte Boa/AM,,0.39,no_prazo
710043426,2026-09-27T03:05:40.388998+00:00,-2.5473,-65.80212,564.8,164.5,164.5,0,Manaus/AM,Fonte Boa/AM,,0.39,no_prazo
710043426,2026-09-27T03:05:44.678567+00:00,-2.55279,-65.8006,564.8,156.9,156.9,0,Manaus/AM,Fonte Boa/AM,,0.39,no_prazo
710043426,2026-09-27T03:05:51.570516+00:00,-2.56122,-65.797,564.8,137.9,137.9,0,Manaus/AM,Fonte Boa/AM,,0.39,no_prazo
710043426,2026-09-27T03:05:58.070753+00:00,-2.56763,-65.7912,564.8,128.6,128.6,0,Manaus/AM,Fonte Boa/AM,,0.39,no_prazo
710043426,2026-09-27T03:06:05.289247+00:00,-2.57361,-65.78369,564.8,149.4,149.4,0,Manaus/AM,Fonte Boa/AM,,0.39,no_prazo
710043426,2026-09-27T03:06:13.399737+00:00,-2.58288,-65.7782,564.8,136.3,136.3,0,Manaus/AM,Fonte Boa/AM,,0.39,no_prazo
710043426,2026-09-27T03:06:20.705026+00:00,-2.5899,-65.77148,564.8,138.5,138.5,0,Manaus/AM,Fonte Boa/AM,,0.39,no_prazo
710043426,2026-09-27T03:06:29.843825+00:00,-2.599,-65.76343,564.8,131.7,131.7,0,Manaus/AM,Fonte Boa/AM,,0.39,no_prazo
710043426,2026-09-27T03:06:37.223106+00:00,-2.60553,-65.7561,564.8,136.7,136.7,0,Manaus/AM,Fonte Boa/AM,,0.39,no_prazo
710043426,2026-09-27T03:06:46.315598+00:00,-2.61432,-65.7478,564.8,122.3,122.3,0,Manaus/AM,Fonte Boa/AM,,0.39,no_prazo
710043426,2026-09-27T03:06:56.297614+00:00,-2.6214,-65.73657,564.8,118.1,118.1,0,Manaus/AM,Fonte Boa/AM,,0.39,no_prazo
710043426,2026-09-27T03:07:09.826975+00:00,-2.62988,-65.7207,564.8,128.5,128.5,0,Manaus/AM,Fonte Boa/AM,,0.39,no_prazo
710043426,2026-09-27T03:07:18.680279+00:00,-2.63721,-65.71148,564.8,131.9,131.9,0,Manaus/AM,Fonte Boa/AM,,0.39,no_prazo
710043426,2026-09-27T03:57:16.176276+00:00,-2.64911,-65.69818,0.0,0.0,0.0,5,Manaus/AM,Fonte Boa/AM,Fonte Boa/AM,0.39,no_prazo
710043426,2026-09-27T04:59:50.279607+00:00,-2.64911,-65.69818,0.0,0.0,0.0,5,Manaus/AM,Fonte Boa/AM,Fonte Boa/AM,0.39,no_prazo
710043426,2026-09-27T06:02:24.382939+00:00,-2.64911,-65.69818,0.0,0.0,0.0,5,Manaus/AM,Fonte Boa/AM,Fonte Boa/AM,0.39,no_prazo
710043426,2026-09-27T07:04:58.486270+00:00,-2.64911,-65.69818,156.7,116.5,116.5,0,Manaus/AM,Fonte Boa/AM,,0.59,atencao
710043426,2026-09-27T07:05:08.101109+00:00,-2.65069,-65.69501,156.7,133.6,133.6,0,Manaus/AM,Fonte Boa/AM,,0.59,atencao
710043426,2026-09-27T07:05:40.746177+00:00,-2.65899,-65.68628,156.7,111.8,111.8,0,Manaus/AM,Fonte Boa/AM,,0.59,atencao
710043426,2026-09-27T07:06:15.997426+00:00,-2.66382,-65.67419,156.7,97.5,97.5,0,Manaus/AM,Fonte Boa/AM,,0.59,atencao
710043426,2026-09-27T07:06:49.015312+00:00,-2.6654,-65.66211,156.7,95.5,95.5,0,Manaus/AM,Fonte Boa/AM,,0.59,atencao
710043426,2026-09-27T07:07:20.076912+00:00,-2.6665,-65.65069,156.7,86.5,86.5,0,Manaus/AM,Fonte Boa/AM,,0.59,atencao
710043426,2026-09-27T07:07:59.998242+00:00,-2.66559,-65.63599,156.7,78.5,78.5,0,Manaus/AM,Fonte Boa/AM,,0.59,atencao
710043426,2026-09-27T07:08:28.176881+00:00,-2.66351,-65.62579,156.7,81.0,81.0,0,Manaus/AM,Fonte Boa/AM,,0.59,atencao
710043426,2026-09-27T07:08:51.445409+00:00,-2.66217,-65.61731,156.7,86.0,86.0,0,Manaus/AM,Fonte Boa/AM,,0.59,atencao
710043426,2026-09-27T07:09:12.659146+00:00,-2.66162,-65.6095,156.7,88.3,88.3,0,Manaus/AM,Fonte Boa/AM,,0.59,atencao
710043426,2026-09-27T07:09:52.523050+00:00,-2.66119,-65.59479,156.7,76.6,76.6,0,Manaus/AM,Fonte Boa/AM,,0.59,atencao
710043426,2026-09-27T07:10:19.714756+00:00,-2.65887,-65.58502,156.7,65.5,65.5,0,Manaus/AM,Fonte Boa/AM,,0.59,atencao
710043426,2026-09-27T07:11:00.045196+00:00,-2.65271,-65.57147,156.7,58.5,58.5,0,Manaus/AM,Fonte Boa/AM,,0.59,atencao
710043426,2026-09-27T07:11:31.076020+00:00,-2.64673,-65.56171,156.7,56.1,56.1,0,Manaus/AM,Fonte Boa/AM,,0.59,atencao
710043426,2026-09-27T07:12:06.717166+00:00,-2.6394,-65.55078,156.7,46.7,46.7,0,Manaus/AM,Fonte Boa/AM,,0.59,atencao
710043426,2026-09-27T07:12:38.781233+00:00,-2.63129,-65.54217,156.7,48.8,48.8,0,Manaus/AM,Fonte Boa/AM,,0.59,atencao
710043426,2026-09-27T07:13:19.458948+00:00,-2.6214,-65.53088,156.7,36.7,36.7,0,Manaus/AM,Fonte Boa/AM,,0.59,atencao
710043426,2026-09-27T07:14:00.126869+00:00,-2.60937,-65.52191,156.7,20.2,20.2,0,Manaus/AM,Fonte Boa/AM,,0.59,atencao
710043426,2026-09-27T07:14:26.933755+00:00,-2.6001,-65.51849,156.7,19.6,19.6,0,Manaus/AM,Fonte Boa/AM,,0.59,atencao
710043426,2026-09-27T07:14:55.933857+00:00,-2.59002,-65.51489,156.7,22.5,22.5,0,Manaus/AM,Fonte Boa/AM,,0.59,atencao
710043426,2026-09-27T07:15:34.809157+00:00,-2.57678,-65.5094,156.7,39.4,39.4,0,Manaus/AM,Fonte Boa/AM,,0.59,atencao
710043426,2026-09-27T07:16:00.080192+00:00,-2.56958,-65.50348,156.7,43.5,43.5,0,Manaus/AM,Fonte Boa/AM,,0.59,atencao
710043426,2026-09-27T07:16:18.803470+00:00,-2.56457,-65.49872,156.7,47.4,47.4,0,Manaus/AM,Fonte Boa/AM,,0.59,atencao
710043426,2026-09-27T07:16:39.056020+00:00,-2.55951,-65.49322,156.7,27.4,27.4,0,Manaus/AM,Fonte Boa/AM,,0.59,atencao
710043426,2026-09-27T07:16:48.012615+00:00,-2.55658,-65.4917,156.7,15.9,15.9,0,Manaus/AM,Fonte Boa/AM,,0.59,atencao
710043426,2026-09-27T07:17:04.879527+00:00,-2.5506,-65.48999,156.7,352.6,352.6,0,Manaus/AM,Fonte Boa/AM,,0.59,atencao
710043426,2026-09-27T07:17:15.228340+00:00,-2.54681,-65.49048,156.7,346.5,346.5,0,Manaus/AM,Fonte Boa/AM,,0.59,atencao
710043426,2026-09-27T07:17:25.785444+00:00,-2.54303,-65.49139,156.7,8.7,8.7,0,Manaus/AM,Fonte Boa/AM,,0.59,atencao
710043426,2026-09-27T07:17:39.854065+00:00,-2.5379,-65.4906,156.7,27.2,27.2,0,Manaus/AM,Fonte Boa/AM,,0.59,atencao
710043426,2026-09-27T07:17:51.768889+00:00,-2.53399,-65.48859,156.7,45.9,45.9,0,Manaus/AM,Fonte Boa/AM,,0.59,atencao
710043426,2026-09-27T07:18:06.508938+00:00,-2.53021,-65.48468,156.7,54.7,54.7,0,Manaus/AM,Fonte Boa/AM,,0.59,atencao
710043426,2026-09-27T07:18:19.682423+00:00,-2.5274,-65.48071,156.7,69.6,69.6,0,Manaus/AM,Fonte Boa/AM,,0.59,atencao
710043426,2026-09-27T07:18:31.507731+00:00,-2.52588,-65.47662,156.7,78.2,78.2,0,Manaus/AM,Fonte Boa/AM,,0.59,atencao
710043426,2026-09-27T07:18:44.512801+00:00,-2.5249,-65.47192,156.7,79.5,79.5,0,Manaus/AM,Fonte Boa/AM,,0.59,atencao
710043426,2026-09-27T07:19:00.825404+00:00,-2.5238,-65.466,156.7,76.4,76.4,0,Manaus/AM,Fonte Boa/AM,,0.59,atencao
710043426,2026-09-27T07:19:16.987800+00:00,-2.5224,-65.4602,156.7,69.2,69.2,0,Manaus/AM,Fonte Boa/AM,,0.59,atencao
710043426,2026-09-27T07:19:35.201942+00:00,-2.52002,-65.45392,156.7,72.0,72.0,0,Manaus/AM,Fonte Boa/AM,,0.59,atencao
710043426,2026-09-27T07:20:00.931188+00:00,-2.51709,-65.44488,156.7,70.2,70.2,0,Manaus/AM,Fonte Boa/AM,,0.59,atencao
710043426,2026-09-27T07:20:24.836874+00:00,-2.5141,-65.43658,156.7,32.0,32.0,0,Manaus/AM,Fonte Boa/AM,,0.59,atencao
710043426,2026-09-27T07:20:52.934939+00:00,-2.50531,-65.43109,156.7,27.4,27.4,0,Manaus/AM,Fonte Boa/AM,,0.59,atencao
710043426,2026-09-27T07:21:13.436686+00:00,-2.49859,-65.42761,156.7,19.9,19.9,0,Manaus/AM,Fonte Boa/AM,,0.59,atencao
710043426,2026-09-27T07:21:39.141469+00:00,-2.48968,-65.42438,156.7,21.6,21.6,0,Manaus/AM,Fonte Boa/AM,,0.59,atencao
710043426,2026-09-27T07:22:11.534224+00:00,-2.47858,-65.41998,156.7,30.6,30.6,0,Manaus/AM,Fonte Boa/AM,,0.59,atencao
710043426,2026-09-27T07:22:53.449908+00:00,-2.46527,-65.41211,156.7,40.3,40.3,0,Manaus/AM,Fonte Boa/AM,,0.59,atencao
710043426,2026-09-27T07:23:34.652581+00:00,-2.45367,-65.40228,156.7,64.1,64.1,0,Manaus/AM,Fonte Boa/AM,,0.59,atencao
710043426,2026-09-27T07:24:04.981100+00:00,-2.44879,-65.39221,156.7,90.0,90.0,0,Manaus/AM,Fonte Boa/AM,,0.59,atencao
710043426,2026-09-27T07:24:24.493380+00:00,-2.44879,-65.38501,156.7,108.8,108.8,0,Manaus/AM,Fonte Boa/AM,,0.59,atencao
710043426,2026-09-27T07:24:52.262029+00:00,-2.45209,-65.3753,156.7,118.4,118.4,0,Manaus/AM,Fonte Boa/AM,,0.59,atencao
710043426,2026-09-27T07:25:13.500886+00:00,-2.45581,-65.36841,156.7,137.2,137.2,0,Manaus/AM,Fonte Boa/AM,,0.59,atencao
710043426,2026-09-27T07:25:28.602323+00:00,-2.4599,-65.36462,156.7,140.2,140.2,0,Manaus/AM,Fonte Boa/AM,,0.59,atencao
710043426,2026-09-27T07:25:46.927144+00:00,-2.46509,-65.36029,156.7,137.2,137.2,0,Manaus/AM,Fonte Boa/AM,,0.59,atencao
710043426,2026-09-27T07:26:02.030525+00:00,-2.46918,-65.3565,156.7,136.3,136.3,0,Manaus/AM,Fonte Boa/AM,,0.59,atencao
710043426,2026-09-27T07:26:17.825732+00:00,-2.47339,-65.35248,156.7,117.6,117.6,0,Manaus/AM,Fonte Boa/AM,,0.59,atencao
710043426,2026-09-27T07:26:37.061340+00:00,-2.47668,-65.34619,156.7,123.6,123.6,0,Manaus/AM,Fonte Boa/AM,,0.59,atencao
710043426,2026-09-27T07:27:00.090996+00:00,-2.48138,-65.33911,156.7,137.8,137.8,0,Manaus/AM,Fonte Boa/AM,,0.59,atencao
710043426,2026-09-27T07:27:24.686936+00:00,-2.4881,-65.33301,156.7,146.0,146.0,0,Manaus/AM,Fonte Boa/AM,,0.59,atencao
710043426,2026-09-27T07:27:43.042953+00:00,-2.49371,-65.32922,156.7,148.4,148.4,0,Manaus/AM,Fonte Boa/AM,,0.59,atencao
710043426,2026-09-27T07:28:21.525597+00:00,-2.5058,-65.32178,156.7,150.5,150.5,0,Manaus/AM,Fonte Boa/AM,,0.59,atencao
710043426,2026-09-27T07:28:56.499204+00:00,-2.51703,-65.31543,156.7,143.9,143.9,0,Manaus/AM,Fonte Boa/AM,,0.59,atencao
710043426,2026-09-27T07:29:29.660517+00:00,-2.52691,-65.30823,156.7,144.6,144.6,0,Manaus/AM,Fonte Boa/AM,,0.59,atencao
710043426,2026-09-27T07:29:54.222040+00:00,-2.5343,-65.30298,156.7,135.2,135.2,0,Manaus/AM,Fonte Boa/AM,,0.59,atencao
710043426,2026-09-27T07:30:19.841158+00:00,-2.54101,-65.29632,156.7,137.6,137.6,0,Manaus/AM,Fonte Boa/AM,,0.59,atencao
710043426,2026-09-27T07:30:58.601004+00:00,-2.55157,-65.28668,156.7,146.2,146.2,0,Manaus/AM,Fonte Boa/AM,,0.59,atencao
710043426,2026-09-27T07:31:24.713788+00:00,-2.55957,-65.28131,156.7,164.6,164.6,0,Manaus/AM,Fonte Boa/AM,,0.59,atencao
710043426,2026-09-27T07:31:54.586549+00:00,-2.57019,-65.27838,156.7,190.4,190.4,0,Manaus/AM,Fonte Boa/AM,,0.59,atencao
710043426,2026-09-27T07:32:26.562785+00:00,-2.58179,-65.28052,156.7,204.4,204.4,0,Manaus/AM,Fonte Boa/AM,,0.59,atencao
710043426,2026-09-27T07:32:46.186874+00:00,-2.58838,-65.28351,156.7,205.9,205.9,0,Manaus/AM,Fonte Boa/AM,,0.59,atencao
710043426,2026-09-27T07:33:17.641309+00:00,-2.59881,-65.28857,156.7,204.0,204.0,0,Manaus/AM,Fonte Boa/AM,,0.59,atencao
710043426,2026-09-27T07:33:59.125701+00:00,-2.61279,-65.2948,156.7,213.0,213.0,0,Manaus/AM,Fonte Boa/AM,,0.59,atencao
710043426,2026-09-27T07:34:37.035169+00:00,-2.62451,-65.30243,156.7,237.6,237.6,0,Manaus/AM,Fonte Boa/AM,,0.59,atencao
710043426,2026-09-27T07:35:01.718998+00:00,-2.62939,-65.31012,156.7,250.4,250.4,0,Manaus/AM,Fonte Boa/AM,,0.59,atencao
710043426,2026-09-27T07:35:39.639236+00:00,-2.63409,-65.3233,156.7,247.8,247.8,0,Manaus/AM,Fonte Boa/AM,,0.59,atencao
710043426,2026-09-27T07:36:00.703571+00:00,-2.63702,-65.3305,156.7,263.2,263.2,0,Manaus/AM,Fonte Boa/AM,,0.59,atencao
710043426,2026-09-27T07:36:32.840617+00:00,-2.63843,-65.34228,156.7,254.3,254.3,0,Manaus/AM,Fonte Boa/AM,,0.59,atencao
710043426,2026-09-27T07:36:55.347846+00:00,-2.64068,-65.35028,156.7,241.9,241.9,0,Manaus/AM,Fonte Boa/AM,,0.59,atencao
710043426,2026-09-27T07:37:32.264830+00:00,-2.64709,-65.3623,156.7,247.9,247.9,0,Manaus/AM,Fonte Boa/AM,,0.59,atencao
710043426,2026-09-27T07:38:07.424936+00:00,-2.65198,-65.37433,156.7,223.6,223.6,0,Manaus/AM,Fonte Boa/AM,,0.59,atencao
710043426,2026-09-27T07:38:36.677660+00:00,-2.65979,-65.38177,156.7,208.2,208.2,0,Manaus/AM,Fonte Boa/AM,,0.59,atencao
710043426,2026-09-27T07:39:05.031468+00:00,-2.669,-65.38672,156.7,206.4,206.4,0,Manaus/AM,Fonte Boa/AM,,0.59,atencao
710043426,2026-09-27T07:39:53.060285+00:00,-2.68487,-65.39459,156.7,200.1,200.1,0,Manaus/AM,Fonte Boa/AM,,0.59,atencao
710043426,2026-09-27T07:40:30.074348+00:00,-2.69769,-65.39929,156.7,183.6,183.6,0,Manaus/AM,Fonte Boa/AM,,0.59,atencao
710043426,2026-09-27T07:40:56.443995+00:00,-2.7074,-65.3999,156.7,168.9,168.9,0,Manaus/AM,Fonte Boa/AM,,0.59,atencao
710043426,2026-09-27T07:41:34.226354+00:00,-2.72107,-65.39722,156.7,143.8,143.8,0,Manaus/AM,Fonte Boa/AM,,0.59,atencao
710043426,2026-09-27T07:42:13.407406+00:00,-2.73273,-65.38867,156.7,141.0,141.0,0,Manaus/AM,Fonte Boa/AM,,0.59,atencao
710043426,2026-09-27T07:42:57.277659+00:00,-2.7453,-65.37848,156.7,134.8,134.8,0,Manaus/AM,Fonte Boa/AM,,0.59,atencao
710043426,2026-09-27T07:43:31.550666+00:00,-2.75421,-65.36951,156.7,121.4,121.4,0,Manaus/AM,Fonte Boa/AM,,0.59,atencao
710043426,2026-09-27T07:44:18.233195+00:00,-2.76318,-65.3548,156.7,118.4,118.4,0,Manaus/AM,Fonte Boa/AM,,0.59,atencao
710043426,2026-09-27T07:45:00.702721+00:00,-2.77063,-65.341,156.7,115.2,115.2,0,Manaus/AM,Fonte Boa/AM,,0.59,atencao
710043426,2026-09-27T07:45:41.979431+00:00,-2.7771,-65.32721,156.7,102.6,102.6,0,Manaus/AM,Fonte Boa/AM,,0.59,atencao
710043426,2026-09-27T07:46:09.255218+00:00,-2.77929,-65.31738,156.7,91.3,91.3,0,Manaus/AM,Fonte Boa/AM,,0.59,atencao
710043426,2026-09-27T07:46:45.302329+00:00,-2.7796,-65.30408,156.7,85.9,85.9,0,Manaus/AM,Fonte Boa/AM,,0.59,atencao
710043426,2026-09-27T07:47:22.428598+00:00,-2.77862,-65.2904,156.7,68.1,68.1,0,Manaus/AM,Fonte Boa/AM,,0.59,atencao
710043426,2026-09-27T07:47:56.633674+00:00,-2.77392,-65.27868,156.7,60.2,60.2,0,Manaus/AM,Fonte Boa/AM,,0.59,atencao
710043426,2026-09-27T07:48:30.557958+00:00,-2.7677,-65.26782,156.7,59.2,59.2,0,Manaus/AM,Fonte Boa/AM,,0.59,atencao
710043426,2026-09-27T07:49:08.079834+00:00,-2.76062,-65.25592,156.7,75.7,75.7,0,Manaus/AM,Fonte Boa/AM,,0.59,atencao
710043426,2026-09-27T07:49:36.911787+00:00,-2.75799,-65.2456,156.7,83.2,83.2,0,Manaus/AM,Fonte Boa/AM,,0.59,atencao
710043426,2026-09-27T07:50:08.881661+00:00,-2.75659,-65.23389,156.7,66.5,66.5,0,Manaus/AM,Fonte Boa/AM,,0.59,atencao
710043426,2026-09-27T07:50:37.539575+00:00,-2.75238,-65.22418,156.7,50.9,50.9,0,Manaus/AM,Fonte Boa/AM,,0.59,atencao
710043426,2026-09-27T07:51:01.175204+00:00,-2.74689,-65.21741,156.7,58.9,58.9,0,Manaus/AM,Fonte Boa/AM,,0.59,atencao
710043426,2026-09-27T07:51:26.843228+00:00,-2.742,-65.20929,156.7,72.0,72.0,0,Manaus/AM,Fonte Boa/AM,,0.59,atencao
710043426,2026-09-27T07:51:51.366138+00:00,-2.7392,-65.20068,156.7,94.9,94.9,0,Manaus/AM,Fonte Boa/AM,,0.59,atencao
710043426,2026-09-27T07:52:14.432245+00:00,-2.73993,-65.1922,156.7,104.2,104.2,0,Manaus/AM,Fonte Boa/AM,,0.59,atencao
710043426,2026-09-27T07:52:38.812573+00:00,-2.74213,-65.18347,156.7,111.5,111.5,0,Manaus/AM,Fonte Boa/AM,,0.59,atencao
710043426,2026-09-27T07:53:11.696581+00:00,-2.74658,-65.17218,156.7,134.1,134.1,0,Manaus/AM,Fonte Boa/AM,,0.59,atencao
710043426,2026-09-27T07:53:32.402045+00:00,-2.75189,-65.16669,156.7,151.7,151.7,0,Manaus/AM,Fonte Boa/AM,,0.59,atencao
710043426,2026-09-27T07:54:01.348915+00:00,-2.76129,-65.16162,156.7,161.1,161.1,0,Manaus/AM,Fonte Boa/AM,,0.59,atencao
710043426,2026-09-27T07:54:27.411346+00:00,-2.77038,-65.15851,156.7,167.9,167.9,0,Manaus/AM,Fonte Boa/AM,,0.59,atencao
710043426,2026-09-27T07:54:53.479087+00:00,-2.77978,-65.15649,156.7,168.6,168.6,0,Manaus/AM,Fonte Boa/AM,,0.59,atencao
710043426,2026-09-27T07:55:19.477018+00:00,-2.78918,-65.1546,156.7,173.9,173.9,0,Manaus/AM,Fonte Boa/AM,,0.59,atencao
710043426,2026-09-27T07:55:47.277835+00:00,-2.79938,-65.1535,156.7,175.9,175.9,0,Manaus/AM,Fonte Boa/AM,,0.59,atencao
710043426,2026-09-27T07:56:06.027510+00:00,-2.80627,-65.15301,156.7,182.3,182.3,0,Manaus/AM,Fonte Boa/AM,,0.59,atencao
710043426,2026-09-27T07:56:27.062610+00:00,-2.81402,-65.15332,156.7,196.3,196.3,0,Manaus/AM,Fonte Boa/AM,,0.59,atencao
710043426,2026-09-27T07:56:47.067559+00:00,-2.8211,-65.15539,156.7,199.8,199.8,0,Manaus/AM,Fonte Boa/AM,,0.59,atencao
710043426,2026-09-27T07:57:12.037006+00:00,-2.82977,-65.15851,156.7,194.9,194.9,0,Manaus/AM,Fonte Boa/AM,,0.59,atencao
710043426,2026-09-27T07:57:30.022522+00:00,-2.83618,-65.16022,156.7,199.5,199.5,0,Manaus/AM,Fonte Boa/AM,,0.59,atencao
710043426,2026-09-27T07:57:49.336726+00:00,-2.84289,-65.1626,156.7,191.2,191.2,0,Manaus/AM,Fonte Boa/AM,,0.59,atencao
710043426,2026-09-27T07:58:08.908958+00:00,-2.84997,-65.164,156.7,191.7,191.7,0,Manaus/AM,Fonte Boa/AM,,0.59,atencao
710043426,2026-09-27T07:58:43.898710+00:00,-2.86261,-65.16662,156.7,184.0,184.0,0,Manaus/AM,Fonte Boa/AM,,0.59,atencao
710043426,2026-09-27T07:59:05.303027+00:00,-2.87048,-65.16717,156.7,184.7,184.7,0,Manaus/AM,Fonte Boa/AM,,0.59,atencao
710043426,2026-09-27T07:59:39.348645+00:00,-2.88299,-65.16821,156.7,167.9,167.9,0,Manaus/AM,Fonte Boa/AM,,0.59,atencao
710043426,2026-09-27T08:00:05.416275+00:00,-2.89239,-65.1662,156.7,156.7,156.7,0,Manaus/AM,Fonte Boa/AM,,0.59,atencao
710043426,2026-09-27T08:00:35.507650+00:00,-2.90259,-65.1618,156.7,145.5,145.5,0,Manaus/AM,Fonte Boa/AM,,0.59,atencao
710043426,2026-09-27T08:01:03.823351+00:00,-2.91119,-65.15588,156.7,147.3,147.3,0,Manaus/AM,Fonte Boa/AM,,0.59,atencao
710043426,2026-09-27T08:01:52.424408+00:00,-2.92627,-65.14618,156.7,139.5,139.5,0,Manaus/AM,Fonte Boa/AM,,0.59,atencao
710043426,2026-09-27T08:02:17.885442+00:00,-2.93341,-65.14007,156.7,120.5,120.5,0,Manaus/AM,Fonte Boa/AM,,0.59,atencao
710043426,2026-09-27T08:02:51.462138+00:00,-2.9397,-65.12939,156.7,113.6,113.6,0,Manaus/AM,Fonte Boa/AM,,0.59,atencao
710043426,2026-09-27T08:03:30.778009+00:00,-2.94549,-65.11609,156.7,90.8,90.8,0,Manaus/AM,Fonte Boa/AM,,0.59,atencao
710043426,2026-09-27T08:04:07.309311+00:00,-2.94568,-65.1026,156.7,106.6,106.6,0,Manaus/AM,Fonte Boa/AM,,0.59,atencao
710043426,2026-09-27T08:04:11.208207+00:00,-2.94609,-65.10122,0.0,0.0,0.0,5,Manaus/AM,Fonte Boa/AM,Fonte Boa/AM,0.59,atencao
710043426,2026-09-27T09:11:27.122216+00:00,-2.94609,-65.10122,0.0,0.0,0.0,5,Manaus/AM,Fonte Boa/AM,Fonte Boa/AM,0.59,atencao
710043426,2026-09-27T10:18:43.036225+00:00,-2.94609,-65.10122,0.0,0.0,0.0,5,Manaus/AM,Fonte Boa/AM,Fonte Boa/AM,0.59,atencao
710043426,2026-09-27T11:25:58.950235+00:00,-2.94609,-65.10122,0.0,0.0,0.0,5,Manaus/AM,Fonte Boa/AM,Fonte Boa/AM,0.59,atencao
710043426,2026-09-27T12:33:14.864244+00:00,-2.94609,-65.10122,0.0,0.0,0.0,5,Manaus/AM,Fonte Boa/AM,Fonte Boa/AM,0.59,atencao
710043426,2026-09-27T13:40:30.778253+00:00,-2.94609,-65.10122,0.0,123.9,123.9,5,Manaus/AM,Fonte Boa/AM,Fonte Boa/AM,0.59,atencao
710043426,2026-09-27T14:14:07.398872+00:00,-3.164,-64.77679,0.0,303.9,303.9,5,Manaus/AM,Fonte Boa/AM,Fonte Boa/AM,0.75,atencao
710043426,2026-09-27T14:47:46.692262+00:00,-2.94609,-65.10122,494.9,106.7,106.7,0,Manaus/AM,Fonte Boa/AM,,0.75,atencao
710043426,2026-09-27T14:48:01.688393+00:00,-2.95111,-65.08447,494.9,118.4,118.4,0,Manaus/AM,Fonte Boa/AM,,0.75,atencao
710043426,2026-09-27T14:48:13.355268+00:00,-2.95758,-65.07251,494.9,126.5,126.5,0,Manaus/AM,Fonte Boa/AM,,0.75,atencao
710043426,2026-09-27T14:48:28.520759+00:00,-2.96808,-65.05829,494.9,145.3,145.3,0,Manaus/AM,Fonte Boa/AM,,0.75,atencao
710043426,2026-09-27T14:48:42.675276+00:00,-2.98163,-65.04889,494.9,151.4,151.4,0,Manaus/AM,Fonte Boa/AM,,0.75,atencao
710043426,2026-09-27T14:48:49.779939+00:00,-2.98889,-65.04492,494.9,165.1,165.1,0,Manaus/AM,Fonte Boa/AM,,0.75,atencao
710043426,2026-09-27T14:49:00.788366+00:00,-3.00128,-65.04162,494.9,172.4,172.4,0,Manaus/AM,Fonte Boa/AM,,0.75,atencao
710043426,2026-09-27T14:49:16.917417+00:00,-3.0199,-65.03912,494.9,149.8,149.8,0,Manaus/AM,Fonte Boa/AM,,0.75,atencao
710043426,2026-09-27T14:49:25.651771+00:00,-3.02868,-65.034,494.9,126.9,126.9,0,Manaus/AM,Fonte Boa/AM,,0.75,atencao
710043426,2026-09-27T14:49:37.433672+00:00,-3.03693,-65.02301,494.9,113.3,113.3,0,Manaus/AM,Fonte Boa/AM,,0.75,atencao
710043426,2026-09-27T14:49:46.040114+00:00,-3.04089,-65.01379,494.9,116.0,116.0,0,Manaus/AM,Fonte Boa/AM,,0.75,atencao
710043426,2026-09-27T14:50:01.118306+00:00,-3.04858,-64.99798,494.9,109.1,109.1,0,Manaus/AM,Fonte Boa/AM,,0.75,atencao
710043426,2026-09-27T14:50:07.210452+00:00,-3.0509,-64.99127,494.9,118.4,118.4,0,Manaus/AM,Fonte Boa/AM,,0.75,atencao
710043426,2026-09-27T14:50:16.252147+00:00,-3.05591,-64.98199,494.9,116.0,116.0,0,Manaus/AM,Fonte Boa/AM,,0.75,atencao
710043426,2026-09-27T14:50:23.884270+00:00,-3.05981,-64.974,494.9,107.6,107.6,0,Manaus/AM,Fonte Boa/AM,,0.75,atencao
710043426,2026-09-27T14:50:35.141721+00:00,-3.06378,-64.96148,494.9,104.6,104.6,0,Manaus/AM,Fonte Boa/AM,,0.75,atencao
710043426,2026-09-27T14:50:41.578027+00:00,-3.06567,-64.95422,494.9,111.4,111.4,0,Manaus/AM,Fonte Boa/AM,,0.75,atencao
710043426,2026-09-27T14:50:49.617049+00:00,-3.06909,-64.94549,494.9,113.7,113.7,0,Manaus/AM,Fonte Boa/AM,,0.75,atencao
710043426,2026-09-27T14:50:58.993439+00:00,-3.07348,-64.93548,494.9,114.8,114.8,0,Manaus/AM,Fonte Boa/AM,,0.75,atencao
710043426,2026-09-27T14:51:04.755025+00:00,-3.07629,-64.92938,494.9,120.7,120.7,0,Manaus/AM,Fonte Boa/AM,,0.75,atencao
710043426,2026-09-27T14:51:11.328144+00:00,-3.0802,-64.92279,494.9,128.2,128.2,0,Manaus/AM,Fonte Boa/AM,,0.75,atencao
710043426,2026-09-27T14:51:23.783822+00:00,-3.08917,-64.91138,494.9,134.0,134.0,0,Manaus/AM,Fonte Boa/AM,,0.75,atencao
710043426,2026-09-27T14:51:32.080502+00:00,-3.09588,-64.90442,494.9,116.3,116.3,0,Manaus/AM,Fonte Boa/AM,,0.75,atencao
710043426,2026-09-27T14:51:38.963515+00:00,-3.09943,-64.89722,494.9,102.6,102.6,0,Manaus/AM,Fonte Boa/AM,,0.75,atencao
710043426,2026-09-27T14:51:42.074340+00:00,-3.10022,-64.89368,494.9,102.3,102.3,0,Manaus/AM,Fonte Boa/AM,,0.75,atencao
710043426,2026-09-27T14:51:44.055477+00:00,-3.10071,-64.89142,494.9,86.1,86.1,0,Manaus/AM,Fonte Boa/AM,,0.75,atencao
710043426,2026-09-27T14:51:46.468378+00:00,-3.10052,-64.88861,494.9,72.7,72.7,0,Manaus/AM,Fonte Boa/AM,,0.75,atencao
710043426,2026-09-27T14:51:49.099892+00:00,-3.09961,-64.88568,494.9,52.1,52.1,0,Manaus/AM,Fonte Boa/AM,,0.75,atencao
710043426,2026-09-27T14:51:51.488547+00:00,-3.0979,-64.88348,494.9,71.8,71.8,0,Manaus/AM,Fonte Boa/AM,,0.75,atencao
710043426,2026-09-27T14:51:54.020688+00:00,-3.09698,-64.88067,494.9,74.5,74.5,0,Manaus/AM,Fonte Boa/AM,,0.75,atencao
710043426,2026-09-27T14:51:56.573233+00:00,-3.09619,-64.87781,494.9,87.7,87.7,0,Manaus/AM,Fonte Boa/AM,,0.75,atencao
710043426,2026-09-27T14:52:00.448686+00:00,-3.09601,-64.87329,494.9,99.2,99.2,0,Manaus/AM,Fonte Boa/AM,,0.75,atencao
710043426,2026-09-27T14:52:04.690650+00:00,-3.0968,-64.86841,494.9,112.0,112.0,0,Manaus/AM,Fonte Boa/AM,,0.75,atencao
710043426,2026-09-27T14:52:08.189875+00:00,-3.09833,-64.86462,494.9,118.0,118.0,0,Manaus/AM,Fonte Boa/AM,,0.75,atencao
710043426,2026-09-27T14:52:11.984321+00:00,-3.1004,-64.86072,494.9,110.8,110.8,0,Manaus/AM,Fonte Boa/AM,,0.75,atencao
710043426,2026-09-27T14:52:17.583729+00:00,-3.10272,-64.85461,494.9,111.9,111.9,0,Manaus/AM,Fonte Boa/AM,,0.75,atencao
710043426,2026-09-27T14:52:23.056595+00:00,-3.1051,-64.84869,494.9,104.2,104.2,0,Manaus/AM,Fonte Boa/AM,,0.75,atencao
710043426,2026-09-27T14:52:28.616117+00:00,-3.10669,-64.84241,494.9,106.6,106.6,0,Manaus/AM,Fonte Boa/AM,,0.75,atencao
710043426,2026-09-27T14:52:33.368725+00:00,-3.10827,-64.8371,494.9,109.9,109.9,0,Manaus/AM,Fonte Boa/AM,,0.75,atencao
710043426,2026-09-27T14:52:36.929100+00:00,-3.10968,-64.83319,494.9,112.1,112.1,0,Manaus/AM,Fonte Boa/AM,,0.75,atencao
710043426,2026-09-27T14:52:40.826632+00:00,-3.11139,-64.82898,494.9,116.0,116.0,0,Manaus/AM,Fonte Boa/AM,,0.75,atencao
710043426,2026-09-27T14:52:43.565805+00:00,-3.11279,-64.82611,494.9,133.7,133.7,0,Manaus/AM,Fonte Boa/AM,,0.75,atencao
710043426,2026-09-27T14:52:46.677371+00:00,-3.11529,-64.82349,494.9,142.9,142.9,0,Manaus/AM,Fonte Boa/AM,,0.75,atencao
710043426,2026-09-27T14:52:49.369540+00:00,-3.1178,-64.82159,494.9,154.4,154.4,0,Manaus/AM,Fonte Boa/AM,,0.75,atencao
710043426,2026-09-27T14:52:52.509962+00:00,-3.12109,-64.82001,494.9,155.9,155.9,0,Manaus/AM,Fonte Boa/AM,,0.75,atencao
710043426,2026-09-27T14:52:55.723470+00:00,-3.12451,-64.81848,494.9,154.3,154.3,0,Manaus/AM,Fonte Boa/AM,,0.75,atencao
710043426,2026-09-27T14:52:58.863888+00:00,-3.12781,-64.81689,494.9,150.9,150.9,0,Manaus/AM,Fonte Boa/AM,,0.75,atencao
710043426,2026-09-27T14:53:01.983475+00:00,-3.13098,-64.81512,494.9,147.9,147.9,0,Manaus/AM,Fonte Boa/AM,,0.75,atencao
710043426,2026-09-27T14:53:08.480871+00:00,-3.13739,-64.81109,494.9,146.5,146.5,0,Manaus/AM,Fonte Boa/AM,,0.75,atencao
710043426,2026-09-27T14:53:13.318859+00:00,-3.14209,-64.80798,494.9,142.8,142.8,0,Manaus/AM,Fonte Boa/AM,,0.75,atencao
710043426,2026-09-27T14:53:17.730123+00:00,-3.14618,-64.80487,494.9,150.5,150.5,0,Manaus/AM,Fonte Boa/AM,,0.75,atencao
710043426,2026-09-27T14:53:20.498072+00:00,-3.14899,-64.80328,494.9,128.5,128.5,0,Manaus/AM,Fonte Boa/AM,,0.75,atencao
710043426,2026-09-27T14:53:23.442105+00:00,-3.15112,-64.8006,494.9,115.5,115.5,0,Manaus/AM,Fonte Boa/AM,,0.75,atencao
710043426,2026-09-27T14:53:25.994325+00:00,-3.1524,-64.79791,494.9,116.0,116.0,0,Manaus/AM,Fonte Boa/AM,,0.75,atencao
710043426,2026-09-27T14:53:27.914158+00:00,-3.15338,-64.7959,494.9,114.7,114.7,0,Manaus/AM,Fonte Boa/AM,,0.75,atencao
710043426,2026-09-27T14:53:29.413033+00:00,-3.15411,-64.79431,494.9,116.3,116.3,0,Manaus/AM,Fonte Boa/AM,,0.75,atencao
710043426,2026-09-27T14:53:37.934657+00:00,-3.15851,-64.7854,494.9,122.6,122.6,0,Manaus/AM,Fonte Boa/AM,,0.75,atencao
710043426,2026-09-27T15:16:54.894903+00:00,-3.164,-64.77679,0.0,0.0,0.0,5,Manaus/AM,Fonte Boa/AM,Fonte Boa/AM,0.75,atencao
710043426,2026-09-27T16:19:42.390934+00:00,-3.164,-64.77679,0.0,0.0,0.0,5,Manaus/AM,Fonte Boa/AM,Fonte Boa/AM,0.75,atencao
710043426,2026-09-27T17:22:29.886965+00:00,-3.164,-64.77679,0.0,0.0,0.0,5,Manaus/AM,Fonte Boa/AM,Fonte Boa/AM,0.75,atencao
710043426,2026-09-27T18:25:17.382996+00:00,-3.164,-64.77679,0.0,0.0,0.0,5,Manaus/AM,Fonte Boa/AM,Fonte Boa/AM,0.75,atencao
710043426,2026-09-27T19:28:04.879027+00:00,-3.164,-64.77679,22.7,128.3,128.3,0,Manaus/AM,Fonte Boa/AM,,0.87,atencao
710043426,2026-09-27T19:30:41.814533+00:00,-3.16919,-64.7702,22.7,132.3,132.3,0,Manaus/AM,Fonte Boa/AM,,0.87,atencao
710043426,2026-09-27T19:34:19.277370+00:00,-3.177,-64.76159,22.7,136.4,136.4,0,Manaus/AM,Fonte Boa/AM,,0.87,atencao
710043426,2026-09-27T19:37:42.846610+00:00,-3.18487,-64.75409,22.7,137.6,137.6,0,Manaus/AM,Fonte Boa/AM,,0.87,atencao
710043426,2026-09-27T19:42:20.116562+00:00,-3.1958,-64.74408,22.7,135.0,135.0,0,Manaus/AM,Fonte Boa/AM,,0.87,atencao
710043426,2026-09-27T19:46:54.680662+00:00,-3.20617,-64.7337,22.7,122.2,122.2,0,Manaus/AM,Fonte Boa/AM,,0.87,atencao
710043426,2026-09-27T19:52:44.049531+00:00,-3.21612,-64.71789,22.7,119.8,119.8,0,Manaus/AM,Fonte Boa/AM,,0.87,atencao
710043426,2026-09-27T19:56:43.339712+00:00,-3.22247,-64.70679,22.7,133.0,133.0,0,Manaus/AM,Fonte Boa/AM,,0.87,atencao
710043426,2026-09-27T19:59:47.572913+00:00,-3.22919,-64.69958,22.7,137.4,137.4,0,Manaus/AM,Fonte Boa/AM,,0.87,atencao
710043426,2026-09-27T20:03:23.361064+00:00,-3.23767,-64.69177,22.7,140.9,140.9,0,Manaus/AM,Fonte Boa/AM,,0.87,atencao
710043426,2026-09-27T20:06:56.887518+00:00,-3.24652,-64.68457,22.7,151.4,151.4,0,Manaus/AM,Fonte Boa/AM,,0.87,atencao
710043426,2026-09-27T20:11:14.569334+00:00,-3.2586,-64.67798,22.7,143.4,143.4,0,Manaus/AM,Fonte Boa/AM,,0.87,atencao
710043426,2026-09-27T20:15:56.254191+00:00,-3.27069,-64.669,22.7,118.4,118.4,0,Manaus/AM,Fonte Boa/AM,,0.87,atencao
710043426,2026-09-27T20:20:58.619400+00:00,-3.27838,-64.65478,0.0,0.0,0.0,5,Manaus/AM,Fonte Boa/AM,Fonte Boa/AM,0.87,atencao
710043426,2026-09-27T21:25:30.952778+00:00,-3.27838,-64.65478,0.0,0.0,0.0,5,Manaus/AM,Fonte Boa/AM,Fonte Boa/AM,0.87,atencao
710043426,2026-09-27T22:30:03.286156+00:00,-3.27838,-64.65478,0.0,0.0,0.0,5,Manaus/AM,Fonte Boa/AM,Fonte Boa/AM,0.87,atencao
710043426,2026-09-27T23:34:35.619534+00:00,-3.27838,-64.65478,0.0,0.0,0.0,5,Manaus/AM,Fonte Boa/AM,Fonte Boa/AM,0.87,atencao
710043426,2026-09-28T00:39:07.952912+00:00,-3.27838,-64.65478,0.0,0.0,0.0,5,Manaus/AM,Fonte Boa/AM,Fonte Boa/AM,0.87,atencao
710043426,2026-09-28T01:43:40.286290+00:00,-3.27838,-64.65478,0.0,121.4,121.4,5,Manaus/AM,Fonte Boa/AM,Fonte Boa/AM,0.87,atencao
710043426,2026-09-28T02:27:39.543441+00:00,-3.37554,-64.49548,0.0,301.4,301.4,5,Manaus/AM,Fonte Boa/AM,Fonte Boa/AM,0.98,atencao
710043426,2026-09-28T02:48:12.619668+00:00,-3.27838,-64.65478,235.9,114.1,114.1,0,Manaus/AM,Fonte Boa/AM,,0.98,atencao
710043426,2026-09-28T02:48:34.639936+00:00,-3.28338,-64.64361,235.9,113.1,113.1,0,Manaus/AM,Fonte Boa/AM,,0.98,atencao
710043426,2026-09-28T02:49:01.254953+00:00,-3.28918,-64.63,235.9,105.7,105.7,0,Manaus/AM,Fonte Boa/AM,,0.98,atencao
710043426,2026-09-28T02:49:24.056645+00:00,-3.2926,-64.6178,235.9,105.3,105.3,0,Manaus/AM,Fonte Boa/AM,,0.98,atencao
710043426,2026-09-28T02:49:55.002806+00:00,-3.29712,-64.6012,235.9,102.7,102.7,0,Manaus/AM,Fonte Boa/AM,,0.98,atencao
710043426,2026-09-28T02:50:13.459706+00:00,-3.29938,-64.59118,235.9,100.5,100.5,0,Manaus/AM,Fonte Boa/AM,,0.98,atencao
710043426,2026-09-28T02:50:41.041790+00:00,-3.30218,-64.57611,235.9,102.0,102.0,0,Manaus/AM,Fonte Boa/AM,,0.98,atencao
710043426,2026-09-28T02:51:01.129606+00:00,-3.3045,-64.56518,235.9,105.1,105.1,0,Manaus/AM,Fonte Boa/AM,,0.98,atencao
710043426,2026-09-28T02:51:16.362651+00:00,-3.3067,-64.55701,235.9,107.4,107.4,0,Manaus/AM,Fonte Boa/AM,,0.98,atencao
710043426,2026-09-28T02:51:36.953386+00:00,-3.31012,-64.54608,235.9,114.8,114.8,0,Manaus/AM,Fonte Boa/AM,,0.98,atencao
710043426,2026-09-28T02:51:53.165957+00:00,-3.3139,-64.5379,235.9,122.4,122.4,0,Manaus/AM,Fonte Boa/AM,,0.98,atencao
710043426,2026-09-28T02:52:10.196535+00:00,-3.31897,-64.52991,235.9,128.6,128.6,0,Manaus/AM,Fonte Boa/AM,,0.98,atencao
710043426,2026-09-28T02:52:20.592570+00:00,-3.32257,-64.52539,235.9,141.5,141.5,0,Manaus/AM,Fonte Boa/AM,,0.98,atencao
710043426,2026-09-28T02:52:32.398847+00:00,-3.3277,-64.5213,235.9,131.5,131.5,0,Manaus/AM,Fonte Boa/AM,,0.98,atencao
710043426,2026-09-28T02:52:41.348039+00:00,-3.33099,-64.51758,235.9,145.2,145.2,0,Manaus/AM,Fonte Boa/AM,,0.98,atencao
710043426,2026-09-28T02:52:47.903415+00:00,-3.33398,-64.5155,235.9,158.9,158.9,0,Manaus/AM,Fonte Boa/AM,,0.98,atencao
710043426,2026-09-28T02:52:52.740465+00:00,-3.33649,-64.51453,235.9,157.2,157.2,0,Manaus/AM,Fonte Boa/AM,,0.98,atencao
710043426,2026-09-28T02:52:57.029158+00:00,-3.33868,-64.51361,235.9,171.4,171.4,0,Manaus/AM,Fonte Boa/AM,,0.98,atencao
710043426,2026-09-28T02:53:02.920916+00:00,-3.34192,-64.51312,235.9,168.5,168.5,0,Manaus/AM,Fonte Boa/AM,,0.98,atencao
710043426,2026-09-28T02:53:08.419723+00:00,-3.34491,-64.51251,235.9,164.1,164.1,0,Manaus/AM,Fonte Boa/AM,,0.98,atencao
710043426,2026-09-28T02:53:25.680403+00:00,-3.35412,-64.50989,235.9,156.1,156.1,0,Manaus/AM,Fonte Boa/AM,,0.98,atencao
710043426,2026-09-28T02:53:40.838022+00:00,-3.36181,-64.50647,235.9,145.6,145.6,0,Manaus/AM,Fonte Boa/AM,,0.98,atencao
710043426,2026-09-28T02:54:00.041153+00:00,-3.3706,-64.50043,235.9,135.0,135.0,0,Manaus/AM,Fonte Boa/AM,,0.98,atencao
710043426,2026-09-28T03:36:18.446596+00:00,-3.37554,-64.49548,0.0,0.0,0.0,5,Manaus/AM,Fonte Boa/AM,Fonte Boa/AM,0.98,atencao
710043426,2026-09-28T04:44:57.349751+00:00,-3.37554,-64.49548,0.0,0.0,0.0,5,Manaus/AM,Fonte Boa/AM,Fonte Boa/AM,0.98,atencao
710043426,2026-09-28T05:53:36.252906+00:00,-3.37554,-64.49548,0.0,0.0,0.0,5,Manaus/AM,Fonte Boa/AM,Fonte Boa/AM,0.98,atencao
710043426,2026-09-28T07:02:15.156061+00:00,-3.37554,-64.49548,0.0,0.0,0.0,5,Manaus/AM,Fonte Boa/AM,Fonte Boa/AM,0.98,atencao
710043426,2026-09-28T08:10:54.059217+00:00,-3.37554,-64.49548,0.0,146.5,146.5,5,Manaus/AM,Fonte Boa/AM,Fonte Boa/AM,0.98,atencao
710043426,2026-09-28T08:38:19.190010+00:00,-3.48985,-64.41971,0.0,326.5,326.5,5,Manaus/AM,Fonte Boa/AM,Fonte Boa/AM,1.16,atencao
710043426,2026-09-28T09:19:32.962372+00:00,-3.37554,-64.49548,170.9,134.9,134.9,0,Manaus/AM,Fonte Boa/AM,,1.16,atencao
710043426,2026-09-28T09:20:24.134302+00:00,-3.39007,-64.48089,170.9,148.7,148.7,0,Manaus/AM,Fonte Boa/AM,,1.16,atencao
710043426,2026-09-28T09:21:00.022329+00:00,-3.4024,-64.47339,170.9,161.9,161.9,0,Manaus/AM,Fonte Boa/AM,,1.16,atencao
710043426,2026-09-28T09:22:12.697427+00:00,-3.43017,-64.46429,170.9,172.1,172.1,0,Manaus/AM,Fonte Boa/AM,,1.16,atencao
710043426,2026-09-28T09:22:41.360997+00:00,-3.44159,-64.46271,170.9,167.5,167.5,0,Manaus/AM,Fonte Boa/AM,,1.16,atencao
710043426,2026-09-28T09:23:13.699328+00:00,-3.45428,-64.4599,170.9,156.9,156.9,0,Manaus/AM,Fonte Boa/AM,,1.16,atencao
710043426,2026-09-28T09:23:44.570073+00:00,-3.4657,-64.45502,170.9,137.7,137.7,0,Manaus/AM,Fonte Boa/AM,,1.16,atencao
710043426,2026-09-28T09:24:28.273365+00:00,-3.4787,-64.44317,170.9,118.5,118.5,0,Manaus/AM,Fonte Boa/AM,,1.16,atencao
710043426,2026-09-28T09:25:09.993385+00:00,-3.48669,-64.4284,170.9,110.0,110.0,0,Manaus/AM,Fonte Boa/AM,,1.16,atencao
710043426,2026-09-28T09:45:51.716627+00:00,-3.48985,-64.41971,0.0,0.0,0.0,5,Manaus/AM,Fonte Boa/AM,Fonte Boa/AM,1.16,atencao
710043426,2026-09-28T10:53:24.243244+00:00,-3.48985,-64.41971,0.0,0.0,0.0,5,Manaus/AM,Fonte Boa/AM,Fonte Boa/AM,1.16,atencao
710043426,2026-09-28T12:00:56.769861+00:00,-3.48985,-64.41971,0.0,0.0,0.0,5,Manaus/AM,Fonte Boa/AM,Fonte Boa/AM,1.16,atencao
710043426,2026-09-28T13:08:29.296478+00:00,-3.48985,-64.41971,0.0,0.0,0.0,5,Manaus/AM,Fonte Boa/AM,Fonte Boa/AM,1.16,atencao
710043426,2026-09-28T14:16:01.823095+00:00,-3.48985,-64.41971,1744.7,110.0,110.0,0,Manaus/AM,Fonte Boa/AM,,0.82,atencao
710043426,2026-09-28T14:16:04.832529+00:00,-3.49408,-64.40808,1744.7,113.0,113.0,0,Manaus/AM,Fonte Boa/AM,,0.82,atencao
710043426,2026-09-28T14:16:08.896486+00:00,-3.50061,-64.3927,1744.7,121.0,121.0,0,Manaus/AM,Fonte Boa/AM,,0.82,atencao
710043426,2026-09-28T14:16:11.440122+00:00,-3.50598,-64.38373,1744.7,128.6,128.6,0,Manaus/AM,Fonte Boa/AM,,0.82,atencao
710043426,2026-09-28T14:16:13.321157+00:00,-3.5108,-64.37768,1744.7,138.9,138.9,0,Manaus/AM,Fonte Boa/AM,,0.82,atencao
710043426,2026-09-28T14:16:15.868640+00:00,-3.51867,-64.37079,1744.7,142.5,142.5,0,Manaus/AM,Fonte Boa/AM,,0.82,atencao
710043426,2026-09-28T14:16:18.305367+00:00,-3.52661,-64.36468,1744.7,146.5,146.5,0,Manaus/AM,Fonte Boa/AM,,0.82,atencao
710043426,2026-09-28T14:16:21.425128+00:00,-3.53729,-64.3576,1744.7,127.6,127.6,0,Manaus/AM,Fonte Boa/AM,,0.82,atencao
710043426,2026-09-28T14:16:24.104202+00:00,-3.544,-64.34888,1744.7,119.3,119.3,0,Manaus/AM,Fonte Boa/AM,,0.82,atencao
710043426,2026-09-28T14:16:26.689541+00:00,-3.54919,-64.3396,1744.7,119.2,119.2,0,Manaus/AM,Fonte Boa/AM,,0.82,atencao
710043426,2026-09-28T14:16:30.923126+00:00,-3.55768,-64.3244,1744.7,124.4,124.4,0,Manaus/AM,Fonte Boa/AM,,0.82,atencao
710043426,2026-09-28T14:16:34.341138+00:00,-3.56561,-64.3128,1744.7,126.6,126.6,0,Manaus/AM,Fonte Boa/AM,,0.82,atencao
710043426,2026-09-28T14:16:37.887146+00:00,-3.57428,-64.30109,1744.7,127.8,127.8,0,Manaus/AM,Fonte Boa/AM,,0.82,atencao
710043426,2026-09-28T14:16:43.052476+00:00,-3.58728,-64.2843,1744.7,121.1,121.1,0,Manaus/AM,Fonte Boa/AM,,0.82,atencao
710043426,2026-09-28T14:16:46.881716+00:00,-3.5954,-64.27081,1744.7,117.1,117.1,0,Manaus/AM,Fonte Boa/AM,,0.82,atencao
710043426,2026-09-28T14:16:54.316962+00:00,-3.60931,-64.24359,1744.7,112.0,112.0,0,Manaus/AM,Fonte Boa/AM,,0.82,atencao
710043426,2026-09-28T14:16:57.886225+00:00,-3.61481,-64.22998,1744.7,127.3,127.3,0,Manaus/AM,Fonte Boa/AM,,0.82,atencao
710043426,2026-09-28T14:17:01.616210+00:00,-3.62408,-64.21777,1744.7,139.6,139.6,0,Manaus/AM,Fonte Boa/AM,,0.82,atencao
710043426,2026-09-28T14:17:04.155611+00:00,-3.63202,-64.211,1744.7,145.5,145.5,0,Manaus/AM,Fonte Boa/AM,,0.82,atencao
710043426,2026-09-28T14:17:08.375764+00:00,-3.6463,-64.20117,1744.7,141.7,141.7,0,Manaus/AM,Fonte Boa/AM,,0.82,atencao
710043426,2026-09-28T14:17:12.563577+00:00,-3.65979,-64.19049,1744.7,135.7,135.7,0,Manaus/AM,Fonte Boa/AM,,0.82,atencao
710043426,2026-09-28T14:17:15.451770+00:00,-3.66827,-64.18219,1744.7,119.8,119.8,0,Manaus/AM,Fonte Boa/AM,,0.82,atencao
710043426,2026-09-28T14:17:18.749239+00:00,-3.67499,-64.17041,1744.7,108.2,108.2,0,Manaus/AM,Fonte Boa/AM,,0.82,atencao
710043426,2026-09-28T14:17:23.278024+00:00,-3.68079,-64.15271,1744.7,115.2,115.2,0,Manaus/AM,Fonte Boa/AM,,0.82,atencao
710043426,2026-09-28T14:17:29.001222+00:00,-3.69079,-64.13141,1744.7,110.3,110.3,0,Manaus/AM,Fonte Boa/AM,,0.82,atencao
710043426,2026-09-28T14:17:34.062675+00:00,-3.698,-64.11188,1744.7,110.0,110.0,0,Manaus/AM,Fonte Boa/AM,,0.82,atencao
710043426,2026-09-28T14:17:37.850954+00:00,-3.70331,-64.09723,1744.7,103.3,103.3,0,Manaus/AM,Fonte Boa/AM,,0.82,atencao
710043426,2026-09-28T14:17:41.205267+00:00,-3.70648,-64.0838,1744.7,97.4,97.4,0,Manaus/AM,Fonte Boa/AM,,0.82,atencao
710043426,2026-09-28T14:17:44.661315+00:00,-3.70831,-64.0697,1744.7,101.2,101.2,0,Manaus/AM,Fonte Boa/AM,,0.82,atencao
710043426,2026-09-28T14:17:49.395692+00:00,-3.7121,-64.0506,1744.7,90.9,90.9,0,Manaus/AM,Fonte Boa/AM,,0.82,atencao
710043426,2026-09-28T14:17:54.203338+00:00,-3.7124,-64.03082,1744.7,79.7,79.7,0,Manaus/AM,Fonte Boa/AM,,0.82,atencao
710043426,2026-09-28T14:17:57.611316+00:00,-3.7099,-64.01703,1744.7,85.7,85.7,0,Manaus/AM,Fonte Boa/AM,,0.82,atencao
710043426,2026-09-28T14:18:02.134294+00:00,-3.7085,-63.99847,1744.7,111.6,111.6,0,Manaus/AM,Fonte Boa/AM,,0.82,atencao
710043426,2026-09-28T14:18:05.245588+00:00,-3.71319,-63.98657,1744.7,151.7,151.7,0,Manaus/AM,Fonte Boa/AM,,0.82,atencao
710043426,2026-09-28T14:18:07.592740+00:00,-3.72168,-63.98199,1744.7,159.0,159.0,0,Manaus/AM,Fonte Boa/AM,,0.82,atencao
710043426,2026-09-28T14:18:10.157102+00:00,-3.7315,-63.97821,1744.7,104.5,104.5,0,Manaus/AM,Fonte Boa/AM,,0.82,atencao
710043426,2026-09-28T14:18:11.013367+00:00,-3.94195,-63.16158,0.0,283.8,283.8,5,Manaus/AM,Fonte Boa/AM,Fonte Boa/AM,0.82,atencao
710043426,2026-09-28T14:18:12.515971+00:00,-3.74109,-63.9768,1744.7,180.8,180.8,0,Manaus/AM,Fonte Boa/AM,,0.82,atencao
710043426,2026-09-28T14:18:14.880170+00:00,-3.75079,-63.97693,1744.7,183.1,183.1,0,Manaus/AM,Fonte Boa/AM,,0.82,atencao
710043426,2026-09-28T14:18:17.098526+00:00,-3.75989,-63.97742,1744.7,187.4,187.4,0,Manaus/AM,Fonte Boa/AM,,0.82,atencao
710043426,2026-09-28T14:18:20.067442+00:00,-3.77197,-63.979,1744.7,179.0,179.0,0,Manaus/AM,Fonte Boa/AM,,0.82,atencao
710043426,2026-09-28T14:18:21.822007+00:00,-3.77917,-63.97888,1744.7,153.2,153.2,0,Manaus/AM,Fonte Boa/AM,,0.82,atencao
710043426,2026-09-28T14:18:23.104714+00:00,-3.78387,-63.9765,1744.7,135.6,135.6,0,Manaus/AM,Fonte Boa/AM,,0.82,atencao
710043426,2026-09-28T14:18:26.307723+00:00,-3.79327,-63.96728,1744.7,132.7,132.7,0,Manaus/AM,Fonte Boa/AM,,0.82,atencao
710043426,2026-09-28T14:18:30.343427+00:00,-3.8045,-63.95508,1744.7,128.8,128.8,0,Manaus/AM,Fonte Boa/AM,,0.82,atencao
710043426,2026-09-28T14:18:33.828640+00:00,-3.81347,-63.94391,1744.7,105.0,105.0,0,Manaus/AM,Fonte Boa/AM,,0.82,atencao
710043426,2026-09-28T14:18:36.592499+00:00,-3.81641,-63.93292,1744.7,99.9,99.9,0,Manaus/AM,Fonte Boa/AM,,0.82,atencao
710043426,2026-09-28T14:18:40.131391+00:00,-3.81891,-63.91858,1744.7,101.4,101.4,0,Manaus/AM,Fonte Boa/AM,,0.82,atencao
710043426,2026-09-28T14:18:45.185290+00:00,-3.823,-63.89819,1744.7,86.3,86.3,0,Manaus/AM,Fonte Boa/AM,,0.82,atencao
710043426,2026-09-28T14:18:50.953080+00:00,-3.82147,-63.87451,1744.7,76.5,76.5,0,Manaus/AM,Fonte Boa/AM,,0.82,atencao
710043426,2026-09-28T14:18:55.285681+00:00,-3.81732,-63.85718,1744.7,74.4,74.4,0,Manaus/AM,Fonte Boa/AM,,0.82,atencao
710043426,2026-09-28T14:19:01.077673+00:00,-3.81091,-63.83423,1744.7,78.7,78.7,0,Manaus/AM,Fonte Boa/AM,,0.82,atencao
710043426,2026-09-28T14:19:05.569893+00:00,-3.80731,-63.8161,1744.7,74.3,74.3,0,Manaus/AM,Fonte Boa/AM,,0.82,atencao
710043426,2026-09-28T14:19:11.178671+00:00,-3.80109,-63.79388,1744.7,81.4,81.4,0,Manaus/AM,Fonte Boa/AM,,0.82,atencao
710043426,2026-09-28T14:19:13.578987+00:00,-3.79962,-63.78412,1744.7,83.7,83.7,0,Manaus/AM,Fonte Boa/AM,,0.82,atencao
710043426,2026-09-28T14:19:16.295141+00:00,-3.7984,-63.77301,1744.7,100.6,100.6,0,Manaus/AM,Fonte Boa/AM,,0.82,atencao
710043426,2026-09-28T14:19:18.151745+00:00,-3.7998,-63.7655,1744.7,111.3,111.3,0,Manaus/AM,Fonte Boa/AM,,0.82,atencao
710043426,2026-09-28T14:19:21.384108+00:00,-3.80463,-63.75311,1744.7,130.7,130.7,0,Manaus/AM,Fonte Boa/AM,,0.82,atencao
710043426,2026-09-28T14:19:24.732408+00:00,-3.8136,-63.74267,1744.7,142.9,142.9,0,Manaus/AM,Fonte Boa/AM,,0.82,atencao
710043426,2026-09-28T14:19:27.510354+00:00,-3.82269,-63.73578,1744.7,161.8,161.8,0,Manaus/AM,Fonte Boa/AM,,0.82,atencao
710043426,2026-09-28T14:19:30.076881+00:00,-3.8327,-63.73248,1744.7,171.0,171.0,0,Manaus/AM,Fonte Boa/AM,,0.82,atencao
710043426,2026-09-28T14:19:33.584134+00:00,-3.84692,-63.73022,1744.7,177.2,177.2,0,Manaus/AM,Fonte Boa/AM,,0.82,atencao
710043426,2026-09-28T14:19:35.653332+00:00,-3.85541,-63.7298,1744.7,148.8,148.8,0,Manaus/AM,Fonte Boa/AM,,0.82,atencao
710043426,2026-09-28T14:19:37.719946+00:00,-3.86267,-63.7254,1744.7,126.6,126.6,0,Manaus/AM,Fonte Boa/AM,,0.82,atencao
710043426,2026-09-28T14:19:38.293004+00:00,-3.86407,-63.72351,1744.7,117.1,117.1,0,Manaus/AM,Fonte Boa/AM,,0.82,atencao
710043426,2026-09-28T14:19:42.640280+00:00,-3.87219,-63.70758,1744.7,95.9,95.9,0,Manaus/AM,Fonte Boa/AM,,0.82,atencao
710043426,2026-09-28T14:19:47.382708+00:00,-3.8742,-63.68817,1744.7,79.5,79.5,0,Manaus/AM,Fonte Boa/AM,,0.82,atencao
710043426,2026-09-28T14:19:53.853730+00:00,-3.86938,-63.66199,1744.7,75.1,75.1,0,Manaus/AM,Fonte Boa/AM,,0.82,atencao
710043426,2026-09-28T14:19:59.964159+00:00,-3.86291,-63.63769,1744.7,67.1,67.1,0,Manaus/AM,Fonte Boa/AM,,0.82,atencao
710043426,2026-09-28T14:20:05.456946+00:00,-3.85412,-63.61688,1744.7,69.3,69.3,0,Manaus/AM,Fonte Boa/AM,,0.82,atencao
710043426,2026-09-28T14:20:10.213670+00:00,-3.84723,-63.59857,1744.7,73.4,73.4,0,Manaus/AM,Fonte Boa/AM,,0.82,atencao
710043426,2026-09-28T14:20:14.593508+00:00,-3.8421,-63.5813,1744.7,79.2,79.2,0,Manaus/AM,Fonte Boa/AM,,0.82,atencao
710043426,2026-09-28T14:20:18.474829+00:00,-3.83911,-63.56561,1744.7,93.6,93.6,0,Manaus/AM,Fonte Boa/AM,,0.82,atencao
710043426,2026-09-28T14:20:23.885276+00:00,-3.84051,-63.54339,1744.7,107.3,107.3,0,Manaus/AM,Fonte Boa/AM,,0.82,atencao
710043426,2026-09-28T14:20:27.629963+00:00,-3.84509,-63.52869,1744.7,112.5,112.5,0,Manaus/AM,Fonte Boa/AM,,0.82,atencao
710043426,2026-09-28T14:20:32.672902+00:00,-3.85303,-63.50952,1744.7,107.2,107.2,0,Manaus/AM,Fonte Boa/AM,,0.82,atencao
710043426,2026-09-28T14:20:38.402948+00:00,-3.85998,-63.487,1744.7,101.0,101.0,0,Manaus/AM,Fonte Boa/AM,,0.82,atencao
710043426,2026-09-28T14:20:43.631095+00:00,-3.86407,-63.46588,1744.7,104.7,104.7,0,Manaus/AM,Fonte Boa/AM,,0.82,atencao
710043426,2026-09-28T14:20:47.801751+00:00,-3.86841,-63.44928,1744.7,108.6,108.6,0,Manaus/AM,Fonte Boa/AM,,0.82,atencao
710043426,2026-09-28T14:20:50.776222+00:00,-3.87231,-63.43768,1744.7,117.0,117.0,0,Manaus/AM,Fonte Boa/AM,,0.82,atencao
710043426,2026-09-28T14:20:55.654515+00:00,-3.88141,-63.4198,1744.7,125.0,125.0,0,Manaus/AM,Fonte Boa/AM,,0.82,atencao
710043426,2026-09-28T14:21:00.867903+00:00,-3.89367,-63.40222,1744.7,128.2,128.2,0,Manaus/AM,Fonte Boa/AM,,0.82,atencao
710043426,2026-09-28T14:21:04.621927+00:00,-3.9032,-63.39007,1744.7,120.0,120.0,0,Manaus/AM,Fonte Boa/AM,,0.82,atencao
710043426,2026-09-28T14:21:08.371771+00:00,-3.91089,-63.37671,1744.7,112.7,112.7,0,Manaus/AM,Fonte Boa/AM,,0.82,atencao
710043426,2026-09-28T14:21:14.304458+00:00,-3.92029,-63.35419,1744.7,94.8,94.8,0,Manaus/AM,Fonte Boa/AM,,0.82,atencao
710043426,2026-09-28T14:21:19.305605+00:00,-3.922,-63.33368,1744.7,90.0,90.0,0,Manaus/AM,Fonte Boa/AM,,0.82,atencao
710043426,2026-09-28T14:21:22.821085+00:00,-3.922,-63.31921,1744.7,89.3,89.3,0,Manaus/AM,Fonte Boa/AM,,0.82,atencao
710043426,2026-09-28T14:21:28.976907+00:00,-3.92169,-63.29388,1744.7,88.5,88.5,0,Manaus/AM,Fonte Boa/AM,,0.82,atencao
710043426,2026-09-28T14:21:35.268065+00:00,-3.92102,-63.268,1744.7,89.1,89.1,0,Manaus/AM,Fonte Boa/AM,,0.82,atencao
710043426,2026-09-28T14:21:40.296879+00:00,-3.92071,-63.24731,1744.7,98.7,98.7,0,Manaus/AM,Fonte Boa/AM,,0.82,atencao
710043426,2026-09-28T14:21:47.570926+00:00,-3.92525,-63.21773,1744.7,105.0,105.0,0,Manaus/AM,Fonte Boa/AM,,0.82,atencao
710043426,2026-09-28T14:21:52.273990+00:00,-3.93024,-63.19903,1744.7,109.3,109.3,0,Manaus/AM,Fonte Boa/AM,,0.82,atencao
710043426,2026-09-28T14:21:57.213097+00:00,-3.93695,-63.17985,1744.7,104.5,104.5,0,Manaus/AM,Fonte Boa/AM,,0.82,atencao
710043426,2026-09-28T14:22:01.455060+00:00,-3.94132,-63.16295,1744.7,114.7,114.7,0,Manaus/AM,Fonte Boa/AM,,0.82,atencao
710043426,2026-09-28T15:21:34.809315+00:00,-3.94195,-63.16158,0.0,0.0,0.0,5,Manaus/AM,Fonte Boa/AM,Fonte Boa/AM,0.82,atencao
710043426,2026-09-28T16:24:58.605263+00:00,-3.94195,-63.16158,0.0,0.0,0.0,5,Manaus/AM,Fonte Boa/AM,Fonte Boa/AM,0.82,atencao
710043426,2026-09-28T17:28:22.401212+00:00,-3.94195,-63.16158,0.0,0.0,0.0,5,Manaus/AM,Fonte Boa/AM,Fonte Boa/AM,0.82,atencao
710043426,2026-09-28T18:31:46.197160+00:00,-3.94195,-63.16158,0.0,0.0,0.0,5,Manaus/AM,Fonte Boa/AM,Fonte Boa/AM,0.82,atencao
710043426,2026-09-28T19:35:09.993108+00:00,-3.94195,-63.16158,0.0,165.4,165.4,5,Manaus/AM,Fonte Boa/AM,Fonte Boa/AM,0.82,atencao
710043426,2026-09-28T20:16:56.186211+00:00,-4.06869,-63.12847,0.0,345.4,345.4,5,Manaus/AM,Fonte Boa/AM,Fonte Boa/AM,0.8,atencao
710043426,2026-09-28T20:38:33.789056+00:00,-3.94195,-63.16158,166.0,114.5,114.5,0,Manaus/AM,Fonte Boa/AM,,0.8,atencao
710043426,2026-09-28T20:38:56.533516+00:00,-3.94564,-63.15348,166.0,139.2,139.2,0,Manaus/AM,Fonte Boa/AM,,0.8,atencao
710043426,2026-09-28T20:39:23.080430+00:00,-3.95349,-63.14668,166.0,163.7,163.7,0,Manaus/AM,Fonte Boa/AM,,0.8,atencao
710043426,2026-09-28T20:39:40.823279+00:00,-3.96014,-63.14473,166.0,186.7,186.7,0,Manaus/AM,Fonte Boa/AM,,0.8,atencao
710043426,2026-09-28T20:40:05.194912+00:00,-3.96959,-63.14585,166.0,190.4,190.4,0,Manaus/AM,Fonte Boa/AM,,0.8,atencao
710043426,2026-09-28T20:40:31.294858+00:00,-3.97961,-63.1477,166.0,195.4,195.4,0,Manaus/AM,Fonte Boa/AM,,0.8,atencao
710043426,2026-09-28T20:41:01.771767+00:00,-3.99109,-63.15088,166.0,181.0,181.0,0,Manaus/AM,Fonte Boa/AM,,0.8,atencao
710043426,2026-09-28T20:41:47.102352+00:00,-4.00879,-63.15118,166.0,168.1,168.1,0,Manaus/AM,Fonte Boa/AM,,0.8,atencao
710043426,2026-09-28T20:42:21.916940+00:00,-4.02209,-63.14838,166.0,167.9,167.9,0,Manaus/AM,Fonte Boa/AM,,0.8,atencao
710043426,2026-09-28T20:43:15.309220+00:00,-4.04248,-63.14398,166.0,158.1,158.1,0,Manaus/AM,Fonte Boa/AM,,0.8,atencao
710043426,2026-09-28T20:43:44.609438+00:00,-4.0531,-63.13971,166.0,144.9,144.9,0,Manaus/AM,Fonte Boa/AM,,0.8,atencao
710043426,2026-09-28T20:44:13.072804+00:00,-4.06219,-63.1333,166.0,143.5,143.5,0,Manaus/AM,Fonte Boa/AM,,0.8,atencao
710043426,2026-09-28T21:19:02.484091+00:00,-4.06869,-63.12847,0.0,0.0,0.0,5,Manaus/AM,Fonte Boa/AM,Fonte Boa/AM,0.8,atencao
710043426,2026-09-28T22:21:08.781972+00:00,-4.06869,-63.12847,0.0,0.0,0.0,5,Manaus/AM,Fonte Boa/AM,Fonte Boa/AM,0.8,atencao
710043426,2026-09-28T23:23:15.079853+00:00,-4.06869,-63.12847,0.0,0.0,0.0,5,Manaus/AM,Fonte Boa/AM,Fonte Boa/AM,0.8,atencao
710043426,2026-09-29T00:25:21.377734+00:00,-4.06869,-63.12847,0.0,0.0,0.0,5,Manaus/AM,Fonte Boa/AM,Fonte Boa/AM,0.8,atencao
710043426,2026-09-29T01:27:27.675615+00:00,-4.06869,-63.12847,0.0,0.0,0.0,5,Manaus/AM,Fonte Boa/AM,Fonte Boa/AM,0.8,atencao
710043426,2026-09-29T02:29:33.973496+00:00,-4.06869,-63.12847,365.9,143.4,143.4,0,Manaus/AM,Fonte Boa/AM,,1.39,atencao
710043426,2026-09-29T02:29:37.991307+00:00,-4.07147,-63.1264,365.9,117.8,117.8,0,Manaus/AM,Fonte Boa/AM,,1.39,atencao
710043426,2026-09-29T02:29:58.938943+00:00,-4.07989,-63.11041,365.9,96.1,96.1,0,Manaus/AM,Fonte Boa/AM,,1.39,atencao
710043426,2026-09-29T02:30:17.568386+00:00,-4.0816,-63.09442,365.9,74.5,74.5,0,Manaus/AM,Fonte Boa/AM,,1.39,atencao
710043426,2026-09-29T02:30:29.749554+00:00,-4.0788,-63.08429,365.9,71.3,71.3,0,Manaus/AM,Fonte Boa/AM,,1.39,atencao
710043426,2026-09-29T02:30:52.963307+00:00,-4.07239,-63.06531,365.9,62.1,62.1,0,Manaus/AM,Fonte Boa/AM,,1.39,atencao
710043426,2026-09-29T02:31:15.525705+00:00,-4.06329,-63.04809,365.9,60.5,60.5,0,Manaus/AM,Fonte Boa/AM,,1.39,atencao
710043426,2026-09-29T02:31:31.777095+00:00,-4.0564,-63.03589,365.9,59.2,59.2,0,Manaus/AM,Fonte Boa/AM,,1.39,atencao
710043426,2026-09-29T02:31:50.620668+00:00,-4.04809,-63.02191,365.9,53.2,53.2,0,Manaus/AM,Fonte Boa/AM,,1.39,atencao
710043426,2026-09-29T02:32:11.199654+00:00,-4.03747,-63.00769,365.9,53.9,53.9,0,Manaus/AM,Fonte Boa/AM,,1.39,atencao
710043426,2026-09-29T02:32:35.107087+00:00,-4.02533,-62.99103,365.9,48.4,48.4,0,Manaus/AM,Fonte Boa/AM,,1.39,atencao
710043426,2026-09-29T02:32:52.806062+00:00,-4.0152,-62.97961,365.9,30.8,30.8,0,Manaus/AM,Fonte Boa/AM,,1.39,atencao
710043426,2026-09-29T02:33:12.946994+00:00,-4.0003,-62.9707,365.9,29.9,29.9,0,Manaus/AM,Fonte Boa/AM,,1.39,atencao
710043426,2026-09-29T02:33:35.765734+00:00,-3.98327,-62.96088,365.9,39.8,39.8,0,Manaus/AM,Fonte Boa/AM,,1.39,atencao
710043426,2026-09-29T02:34:01.405581+00:00,-3.96631,-62.94671,365.9,58.3,58.3,0,Manaus/AM,Fonte Boa/AM,,1.39,atencao
710043426,2026-09-29T02:34:25.009543+00:00,-3.95563,-62.92938,365.9,60.6,60.6,0,Manaus/AM,Fonte Boa/AM,,1.39,atencao
710043426,2026-09-29T02:34:45.633168+00:00,-3.9469,-62.91388,365.9,55.8,55.8,0,Manaus/AM,Fonte Boa/AM,,1.39,atencao
710043426,2026-09-29T02:35:00.765612+00:00,-3.93957,-62.90308,365.9,45.7,45.7,0,Manaus/AM,Fonte Boa/AM,,1.39,atencao
710043426,2026-09-29T02:35:12.531203+00:00,-3.93249,-62.89581,365.9,34.8,34.8,0,Manaus/AM,Fonte Boa/AM,,1.39,atencao
710043426,2026-09-29T02:35:27.384956+00:00,-3.922,-62.88849,365.9,50.7,50.7,0,Manaus/AM,Fonte Boa/AM,,1.39,atencao
710043426,2026-09-29T02:35:40.263652+00:00,-3.91498,-62.87988,365.9,69.8,69.8,0,Manaus/AM,Fonte Boa/AM,,1.39,atencao
710043426,2026-09-29T02:35:50.960398+00:00,-3.9118,-62.87121,365.9,71.9,71.9,0,Manaus/AM,Fonte Boa/AM,,1.39,atencao
710043426,2026-09-29T02:36:10.084779+00:00,-3.90668,-62.85553,365.9,67.8,67.8,0,Manaus/AM,Fonte Boa/AM,,1.39,atencao
710043426,2026-09-29T02:36:30.012319+00:00,-3.90021,-62.8396,365.9,68.8,68.8,0,Manaus/AM,Fonte Boa/AM,,1.39,atencao
710043426,2026-09-29T02:37:05.664300+00:00,-3.8891,-62.81091,365.9,81.7,81.7,0,Manaus/AM,Fonte Boa/AM,,1.39,atencao
710043426,2026-09-29T02:37:31.178672+00:00,-3.88592,-62.78912,365.9,96.9,96.9,0,Manaus/AM,Fonte Boa/AM,,1.39,atencao
710043426,2026-09-29T02:37:55.967487+00:00,-3.88849,-62.76788,365.9,97.9,97.9,0,Manaus/AM,Fonte Boa/AM,,1.39,atencao
710043426,2026-09-29T02:38:07.749468+00:00,-3.88989,-62.75781,365.9,105.2,105.2,0,Manaus/AM,Fonte Boa/AM,,1.39,atencao
710043426,2026-09-29T02:38:26.365834+00:00,-3.8941,-62.74231,365.9,96.6,96.6,0,Manaus/AM,Fonte Boa/AM,,1.39,atencao
710043426,2026-09-29T02:38:53.347962+00:00,-3.89679,-62.71918,365.9,93.6,93.6,0,Manaus/AM,Fonte Boa/AM,,1.39,atencao
710043426,2026-09-29T02:39:24.809327+00:00,-3.8985,-62.69208,365.9,98.3,98.3,0,Manaus/AM,Fonte Boa/AM,,1.39,atencao
710043426,2026-09-29T02:39:49.752473+00:00,-3.90161,-62.67077,365.9,90.8,90.8,0,Manaus/AM,Fonte Boa/AM,,1.39,atencao
710043426,2026-09-29T02:40:15.213251+00:00,-3.90191,-62.6488,365.9,76.5,76.5,0,Manaus/AM,Fonte Boa/AM,,1.39,atencao
710043426,2026-09-29T02:40:35.145531+00:00,-3.89789,-62.63208,365.9,70.4,70.4,0,Manaus/AM,Fonte Boa/AM,,1.39,atencao
710043426,2026-09-29T02:40:50.382348+00:00,-3.89349,-62.61969,365.9,64.5,64.5,0,Manaus/AM,Fonte Boa/AM,,1.39,atencao
710043426,2026-09-29T02:41:11.931655+00:00,-3.8855,-62.6029,365.9,58.6,58.6,0,Manaus/AM,Fonte Boa/AM,,1.39,atencao
710043426,2026-09-29T02:41:30.160186+00:00,-3.87732,-62.58948,365.9,55.1,55.1,0,Manaus/AM,Fonte Boa/AM,,1.39,atencao
710043426,2026-09-29T02:42:04.321588+00:00,-3.86047,-62.56531,365.9,65.8,65.8,0,Manaus/AM,Fonte Boa/AM,,1.39,atencao
710043426,2026-09-29T02:42:33.169878+00:00,-3.85028,-62.5426,365.9,77.5,77.5,0,Manaus/AM,Fonte Boa/AM,,1.39,atencao
710043426,2026-09-29T02:43:01.930652+00:00,-3.84491,-62.51837,365.9,89.4,89.4,0,Manaus/AM,Fonte Boa/AM,,1.39,atencao
710043426,2026-09-29T02:43:38.848409+00:00,-3.8446,-62.48651,365.9,76.8,76.8,0,Manaus/AM,Fonte Boa/AM,,1.39,atencao
710043426,2026-09-29T02:44:12.990292+00:00,-3.83789,-62.45782,365.9,69.2,69.2,0,Manaus/AM,Fonte Boa/AM,,1.39,atencao
710043426,2026-09-29T02:44:40.081306+00:00,-3.82959,-62.43597,365.9,56.1,56.1,0,Manaus/AM,Fonte Boa/AM,,1.39,atencao
710043426,2026-09-29T02:45:30.684304+00:00,-3.8053,-62.39972,365.9,69.7,69.7,0,Manaus/AM,Fonte Boa/AM,,1.39,atencao
710043426,2026-09-29T02:45:59.871735+00:00,-3.79657,-62.3761,365.9,73.8,73.8,0,Manaus/AM,Fonte Boa/AM,,1.39,atencao
710043426,2026-09-29T02:46:29.400318+00:00,-3.78949,-62.35162,365.9,71.5,71.5,0,Manaus/AM,Fonte Boa/AM,,1.39,atencao
710043426,2026-09-29T02:46:59.980371+00:00,-3.78113,-62.3266,365.9,68.5,68.5,0,Manaus/AM,Fonte Boa/AM,,1.39,atencao
710043426,2026-09-29T02:47:20.055184+00:00,-3.77478,-62.31048,365.9,66.3,66.3,0,Manaus/AM,Fonte Boa/AM,,1.39,atencao
710043426,2026-09-29T02:47:41.060199+00:00,-3.76752,-62.29388,365.9,69.0,69.0,0,Manaus/AM,Fonte Boa/AM,,1.39,atencao
710043426,2026-09-29T02:47:53.713348+00:00,-3.76361,-62.28369,365.9,81.3,81.3,0,Manaus/AM,Fonte Boa/AM,,1.39,atencao
710043426,2026-09-29T02:48:12.819494+00:00,-3.76111,-62.26739,365.9,103.0,103.0,0,Manaus/AM,Fonte Boa/AM,,1.39,atencao
710043426,2026-09-29T02:48:28.280369+00:00,-3.7641,-62.25439,365.9,118.1,118.1,0,Manaus/AM,Fonte Boa/AM,,1.39,atencao
710043426,2026-09-29T02:48:44.804554+00:00,-3.77081,-62.24182,365.9,126.1,126.1,0,Manaus/AM,Fonte Boa/AM,,1.39,atencao
710043426,2026-09-29T02:49:12.369921+00:00,-3.78479,-62.22259,365.9,119.8,119.8,0,Manaus/AM,Fonte Boa/AM,,1.39,atencao
710043426,2026-09-29T02:49:38.771979+00:00,-3.79608,-62.20282,365.9,114.2,114.2,0,Manaus/AM,Fonte Boa/AM,,1.39,atencao
710043426,2026-09-29T02:49:58.627825+00:00,-3.8031,-62.18719,365.9,115.2,115.2,0,Manaus/AM,Fonte Boa/AM,,1.39,atencao
710043426,2026-09-29T02:50:17.460021+00:00,-3.81,-62.17248,365.9,110.2,110.2,0,Manaus/AM,Fonte Boa/AM,,1.39,atencao
710043426,2026-09-29T02:50:42.258834+00:00,-3.81738,-62.1524,365.9,109.5,109.5,0,Manaus/AM,Fonte Boa/AM,,1.39,atencao
710043426,2026-09-29T02:51:04.989869+00:00,-3.82391,-62.13391,365.9,109.2,109.2,0,Manaus/AM,Fonte Boa/AM,,1.39,atencao
710043426,2026-09-29T02:51:26.109033+00:00,-3.82989,-62.1167,365.9,110.3,110.3,0,Manaus/AM,Fonte Boa/AM,,1.39,atencao
710043426,2026-09-29T02:51:40.209745+00:00,-3.83411,-62.10528,365.9,103.7,103.7,0,Manaus/AM,Fonte Boa/AM,,1.39,atencao
710043426,2026-09-29T02:52:13.070239+00:00,-3.84082,-62.07773,365.9,109.3,109.3,0,Manaus/AM,Fonte Boa/AM,,1.39,atencao
710043426,2026-09-29T02:52:33.067439+00:00,-3.8465,-62.06144,0.0,0.0,0.0,5,Manaus/AM,Fonte Boa/AM,Fonte Boa/AM,1.39,atencao
710043426,2026-09-29T04:01:02.465104+00:00,-3.8465,-62.06144,0.0,0.0,0.0,5,Manaus/AM,Fonte Boa/AM,Fonte Boa/AM,1.39,atencao
710043426,2026-09-29T05:09:31.862770+00:00,-3.8465,-62.06144,0.0,0.0,0.0,5,Manaus/AM,Fonte Boa/AM,Fonte Boa/AM,1.39,atencao
710043426,2026-09-29T06:18:01.260436+00:00,-3.8465,-62.06144,0.0,0.0,0.0,5,Manaus/AM,Fonte Boa/AM,Fonte Boa/AM,1.39,atencao
710043426,2026-09-29T07:26:30.658102+00:00,-3.8465,-62.06144,0.0,81.0,81.0,5,Manaus/AM,Fonte Boa/AM,Fonte Boa/AM,1.39,atencao
710043426,2026-09-29T08:31:53.073058+00:00,-3.77655,-61.61801,0.0,261.0,261.0,5,Manaus/AM,Fonte Boa/AM,Fonte Boa/AM,1.05,atencao
710043426,2026-09-29T08:35:00.055768+00:00,-3.8465,-62.06144,697.4,109.2,109.2,0,Manaus/AM,Fonte Boa/AM,,1.05,atencao
710043426,2026-09-29T08:35:02.071912+00:00,-3.84759,-62.05831,697.4,125.2,125.2,0,Manaus/AM,Fonte Boa/AM,,1.05,atencao
710043426,2026-09-29T08:35:13.980834+00:00,-3.85884,-62.0423,697.4,130.7,130.7,0,Manaus/AM,Fonte Boa/AM,,1.05,atencao
710043426,2026-09-29T08:35:22.508534+00:00,-3.86796,-62.03166,697.4,131.1,131.1,0,Manaus/AM,Fonte Boa/AM,,1.05,atencao
710043426,2026-09-29T08:35:33.760271+00:00,-3.88009,-62.01771,697.4,137.4,137.4,0,Manaus/AM,Fonte Boa/AM,,1.05,atencao
710043426,2026-09-29T08:35:42.929658+00:00,-3.89117,-62.00751,697.4,131.5,131.5,0,Manaus/AM,Fonte Boa/AM,,1.05,atencao
710043426,2026-09-29T08:35:55.667237+00:00,-3.90503,-61.99182,697.4,125.1,125.1,0,Manaus/AM,Fonte Boa/AM,,1.05,atencao
710043426,2026-09-29T08:36:08.679523+00:00,-3.9173,-61.9743,697.4,129.0,129.0,0,Manaus/AM,Fonte Boa/AM,,1.05,atencao
710043426,2026-09-29T08:36:21.673605+00:00,-3.93072,-61.9577,697.4,126.0,126.0,0,Manaus/AM,Fonte Boa/AM,,1.05,atencao
710043426,2026-09-29T08:36:33.692621+00:00,-3.94232,-61.94171,697.4,114.2,114.2,0,Manaus/AM,Fonte Boa/AM,,1.05,atencao
710043426,2026-09-29T08:36:44.227388+00:00,-3.9494,-61.9259,697.4,113.9,113.9,0,Manaus/AM,Fonte Boa/AM,,1.05,atencao
710043426,2026-09-29T08:36:54.615062+00:00,-3.9563,-61.91028,697.4,107.2,107.2,0,Manaus/AM,Fonte Boa/AM,,1.05,atencao
710043426,2026-09-29T08:37:12.294343+00:00,-3.9649,-61.88251,697.4,107.7,107.7,0,Manaus/AM,Fonte Boa/AM,,1.05,atencao
710043426,2026-09-29T08:37:28.304847+00:00,-3.9729,-61.85742,697.4,100.3,100.3,0,Manaus/AM,Fonte Boa/AM,,1.05,atencao
710043426,2026-09-29T08:37:42.600001+00:00,-3.97711,-61.83429,697.4,85.4,85.4,0,Manaus/AM,Fonte Boa/AM,,1.05,atencao
710043426,2026-09-29T08:37:56.448344+00:00,-3.97528,-61.81158,697.4,52.5,52.5,0,Manaus/AM,Fonte Boa/AM,,1.05,atencao
710043426,2026-09-29T08:38:06.171380+00:00,-3.96557,-61.79889,697.4,44.7,44.7,0,Manaus/AM,Fonte Boa/AM,,1.05,atencao
710043426,2026-09-29T08:38:19.464187+00:00,-3.95007,-61.78351,697.4,31.2,31.2,0,Manaus/AM,Fonte Boa/AM,,1.05,atencao
710043426,2026-09-29T08:38:28.772038+00:00,-3.93701,-61.77557,697.4,22.9,22.9,0,Manaus/AM,Fonte Boa/AM,,1.05,atencao
710043426,2026-09-29T08:38:38.384888+00:00,-3.92248,-61.76941,697.4,13.8,13.8,0,Manaus/AM,Fonte Boa/AM,,1.05,atencao
710043426,2026-09-29T08:38:49.876740+00:00,-3.90417,-61.76489,697.4,25.5,25.5,0,Manaus/AM,Fonte Boa/AM,,1.05,atencao
710043426,2026-09-29T08:39:00.053769+00:00,-3.8891,-61.75769,697.4,43.7,43.7,0,Manaus/AM,Fonte Boa/AM,,1.05,atencao
710043426,2026-09-29T08:39:08.331543+00:00,-3.87927,-61.74829,697.4,62.7,62.7,0,Manaus/AM,Fonte Boa/AM,,1.05,atencao
710043426,2026-09-29T08:39:21.317037+00:00,-3.86951,-61.72931,697.4,76.6,76.6,0,Manaus/AM,Fonte Boa/AM,,1.05,atencao
710043426,2026-09-29T08:39:34.937830+00:00,-3.86432,-61.70752,697.4,77.7,77.7,0,Manaus/AM,Fonte Boa/AM,,1.05,atencao
710043426,2026-09-29T08:39:46.141105+00:00,-3.86041,-61.68951,697.4,78.8,78.8,0,Manaus/AM,Fonte Boa/AM,,1.05,atencao
710043426,2026-09-29T08:39:59.723354+00:00,-3.85608,-61.6676,697.4,61.5,61.5,0,Manaus/AM,Fonte Boa/AM,,1.05,atencao
710043426,2026-09-29T08:40:12.599297+00:00,-3.84601,-61.64899,697.4,45.7,45.7,0,Manaus/AM,Fonte Boa/AM,,1.05,atencao
710043426,2026-09-29T08:40:23.239697+00:00,-3.8338,-61.63647,697.4,14.8,14.8,0,Manaus/AM,Fonte Boa/AM,,1.05,atencao
710043426,2026-09-29T08:40:37.934684+00:00,-3.81048,-61.63031,697.4,14.1,14.1,0,Manaus/AM,Fonte Boa/AM,,1.05,atencao
710043426,2026-09-29T08:40:49.940378+00:00,-3.79138,-61.62549,697.4,26.7,26.7,0,Manaus/AM,Fonte Boa/AM,,1.05,atencao
710043426,2026-09-29T09:37:16.067837+00:00,-3.77655,-61.61801,0.0,0.0,0.0,5,Manaus/AM,Fonte Boa/AM,Fonte Boa/AM,1.05,atencao
710043426,2026-09-29T10:42:39.062615+00:00,-3.77655,-61.61801,0.0,0.0,0.0,5,Manaus/AM,Fonte Boa/AM,Fonte Boa/AM,1.05,atencao
710043426,2026-09-29T11:48:02.057394+00:00,-3.77655,-61.61801,0.0,0.0,0.0,5,Manaus/AM,Fonte Boa/AM,Fonte Boa/AM,1.05,atencao
710043426,2026-09-29T12:53:25.052173+00:00,-3.77655,-61.61801,0.0,0.0,0.0,5,Manaus/AM,Fonte Boa/AM,Fonte Boa/AM,1.05,atencao
710043426,2026-09-29T13:58:48.046951+00:00,-3.77655,-61.61801,47.0,26.7,26.7,0,Manaus/AM,Fonte Boa/AM,,0.93,atencao
710043426,2026-09-29T13:59:52.400171+00:00,-3.7702,-61.61481,47.0,54.0,54.0,0,Manaus/AM,Fonte Boa/AM,,0.93,atencao
710043426,2026-09-29T14:02:31.175913+00:00,-3.75989,-61.60058,47.0,65.0,65.0,0,Manaus/AM,Fonte Boa/AM,,0.93,atencao
710043426,2026-09-29T14:05:43.347966+00:00,-3.75091,-61.5813,47.0,48.3,48.3,0,Manaus/AM,Fonte Boa/AM,,0.93,atencao
710043426,2026-09-29T14:08:50.926721+00:00,-3.73712,-61.56579,47.0,48.6,48.6,0,Manaus/AM,Fonte Boa/AM,,0.93,atencao
710043426,2026-09-29T14:12:14.580001+00:00,-3.72223,-61.54889,47.0,49.5,49.5,0,Manaus/AM,Fonte Boa/AM,,0.93,atencao
710043426,2026-09-29T14:16:05.873561+00:00,-3.70563,-61.52942,47.0,59.2,59.2,0,Manaus/AM,Fonte Boa/AM,,0.93,atencao
710043426,2026-09-29T14:20:20.594944+00:00,-3.69122,-61.50519,47.0,62.3,62.3,0,Manaus/AM,Fonte Boa/AM,,0.93,atencao
710043426,2026-09-29T14:22:52.544966+00:00,-3.68341,-61.49029,47.0,64.2,64.2,0,Manaus/AM,Fonte Boa/AM,,0.93,atencao
710043426,2026-09-29T14:24:56.849176+00:00,-3.67743,-61.4779,0.0,0.0,0.0,5,Manaus/AM,Fonte Boa/AM,Fonte Boa/AM,0.93,atencao
710043426,2026-09-29T15:28:40.942659+00:00,-3.67743,-61.4779,0.0,0.0,0.0,5,Manaus/AM,Fonte Boa/AM,Fonte Boa/AM,0.93,atencao
710043426,2026-09-29T16:32:25.036142+00:00,-3.67743,-61.4779,0.0,0.0,0.0,5,Manaus/AM,Fonte Boa/AM,Fonte Boa/AM,0.93,atencao
710043426,2026-09-29T17:36:09.129625+00:00,-3.67743,-61.4779,0.0,0.0,0.0,5,Manaus/AM,Fonte Boa/AM,Fonte Boa/AM,0.93,atencao
710043426,2026-09-29T18:39:53.223108+00:00,-3.67743,-61.4779,0.0,0.0,0.0,5,Manaus/AM,Fonte Boa/AM,Fonte Boa/AM,0.93,atencao
710043426,2026-09-29T19:43:37.316590+00:00,-3.67743,-61.4779,0.0,49.8,49.8,5,Manaus/AM,Fonte Boa/AM,Fonte Boa/AM,0.93,atencao
710043426,2026-09-29T20:42:01.457408+00:00,-3.604,-61.39092,0.0,229.8,229.8,5,Manaus/AM,Fonte Boa/AM,Fonte Boa/AM,1.22,atencao
710043426,2026-09-29T20:47:21.410073+00:00,-3.67743,-61.4779,0.0,49.8,49.8,5,Manaus/AM,Fonte Boa/AM,Fonte Boa/AM,0.93,atencao
710043426,2026-09-29T21:43:29.478947+00:00,-3.604,-61.39092,0.0,229.8,229.8,5,Manaus/AM,Fonte Boa/AM,Fonte Boa/AM,1.22,atencao
710043426,2026-09-29T21:51:05.503556+00:00,-3.67743,-61.4779,135.2,53.8,53.8,0,Manaus/AM,Fonte Boa/AM,,1.22,atencao
710043426,2026-09-29T21:51:46.782418+00:00,-3.66968,-61.46728,135.2,40.8,40.8,0,Manaus/AM,Fonte Boa/AM,,1.22,atencao
710043426,2026-09-29T21:52:39.516369+00:00,-3.65698,-61.4563,135.2,38.5,38.5,0,Manaus/AM,Fonte Boa/AM,,1.22,atencao
710043426,2026-09-29T21:53:16.763461+00:00,-3.6477,-61.44891,135.2,44.4,44.4,0,Manaus/AM,Fonte Boa/AM,,1.22,atencao
710043426,2026-09-29T21:53:55.939258+00:00,-3.63879,-61.44018,135.2,49.3,49.3,0,Manaus/AM,Fonte Boa/AM,,1.22,atencao
710043426,2026-09-29T21:54:33.584362+00:00,-3.63098,-61.43109,135.2,57.3,57.3,0,Manaus/AM,Fonte Boa/AM,,1.22,atencao
710043426,2026-09-29T21:55:04.518496+00:00,-3.62567,-61.42279,135.2,56.5,56.5,0,Manaus/AM,Fonte Boa/AM,,1.22,atencao
710043426,2026-09-29T21:55:50.009880+00:00,-3.61767,-61.4107,135.2,56.4,56.4,0,Manaus/AM,Fonte Boa/AM,,1.22,atencao
710043426,2026-09-29T21:56:18.759579+00:00,-3.61261,-61.40308,135.2,54.6,54.6,0,Manaus/AM,Fonte Boa/AM,,1.22,atencao
710043426,2026-09-29T22:44:57.500487+00:00,-3.604,-61.39092,0.0,0.0,0.0,5,Manaus/AM,Fonte Boa/AM,Fonte Boa/AM,1.22,atencao
710043426,2026-09-29T23:46:25.522026+00:00,-3.604,-61.39092,0.0,0.0,0.0,5,Manaus/AM,Fonte Boa/AM,Fonte Boa/AM,1.22,atencao
710043426,2026-09-30T00:47:53.543565+00:00,-3.604,-61.39092,0.0,0.0,0.0,5,Manaus/AM,Fonte Boa/AM,Fonte Boa/AM,1.22,atencao
710043426,2026-09-30T01:49:21.565105+00:00,-3.604,-61.39092,0.0,0.0,0.0,5,Manaus/AM,Fonte Boa/AM,Fonte Boa/AM,1.22,atencao
710043426,2026-09-30T02:50:49.586644+00:00,-3.604,-61.39092,0.0,70.8,70.8,5,Manaus/AM,Fonte Boa/AM,Fonte Boa/AM,1.22,atencao
710043426,2026-09-30T03:05:38.471895+00:00,-3.33318,-60.61261,0.0,250.8,250.8,5,Manaus/AM,Fonte Boa/AM,Fonte Boa/AM,1.61,atencao
710043426,2026-09-30T03:52:17.608183+00:00,-3.604,-61.39092,1130.9,55.0,55.0,0,Manaus/AM,Fonte Boa/AM,,1.61,atencao
710043426,2026-09-30T03:52:17.886839+00:00,-3.60358,-61.39032,1130.9,54.8,54.8,0,Manaus/AM,Fonte Boa/AM,,1.61,atencao
710043426,2026-09-30T03:52:23.492255+00:00,-3.59497,-61.37811,1130.9,82.0,82.0,0,Manaus/AM,Fonte Boa/AM,,1.61,atencao
710043426,2026-09-30T03:52:27.930628+00:00,-3.59332,-61.36639,1130.9,95.5,95.5,0,Manaus/AM,Fonte Boa/AM,,1.61,atencao
710043426,2026-09-30T03:52:35.381812+00:00,-3.59521,-61.34662,1130.9,101.3,101.3,0,Manaus/AM,Fonte Boa/AM,,1.61,atencao
710043426,2026-09-30T03:52:42.430540+00:00,-3.59888,-61.32818,1130.9,95.6,95.6,0,Manaus/AM,Fonte Boa/AM,,1.61,atencao
710043426,2026-09-30T03:52:46.640243+00:00,-3.59997,-61.31701,1130.9,78.8,78.8,0,Manaus/AM,Fonte Boa/AM,,1.61,atencao
710043426,2026-09-30T03:52:50.631636+00:00,-3.5979,-61.30658,1130.9,80.9,80.9,0,Manaus/AM,Fonte Boa/AM,,1.61,atencao
710043426,2026-09-30T03:52:53.969985+00:00,-3.59649,-61.29779,1130.9,91.7,91.7,0,Manaus/AM,Fonte Boa/AM,,1.61,atencao
710043426,2026-09-30T03:52:57.840415+00:00,-3.5968,-61.28747,1130.9,88.2,88.2,0,Manaus/AM,Fonte Boa/AM,,1.61,atencao
710043426,2026-09-30T03:53:10.735172+00:00,-3.5957,-61.25311,1130.9,83.8,83.8,0,Manaus/AM,Fonte Boa/AM,,1.61,atencao
710043426,2026-09-30T03:53:17.689620+00:00,-3.59369,-61.23468,1130.9,82.3,82.3,0,Manaus/AM,Fonte Boa/AM,,1.61,atencao
710043426,2026-09-30T03:53:26.052417+00:00,-3.5907,-61.21258,1130.9,84.6,84.6,0,Manaus/AM,Fonte Boa/AM,,1.61,atencao
710043426,2026-09-30T03:53:35.549222+00:00,-3.58832,-61.18738,1130.9,87.3,87.3,0,Manaus/AM,Fonte Boa/AM,,1.61,atencao
710043426,2026-09-30T03:53:42.974049+00:00,-3.5874,-61.1676,1130.9,85.5,85.5,0,Manaus/AM,Fonte Boa/AM,,1.61,atencao
710043426,2026-09-30T03:53:51.700058+00:00,-3.58557,-61.14441,1130.9,90.3,90.3,0,Manaus/AM,Fonte Boa/AM,,1.61,atencao
710043426,2026-09-30T03:53:59.437752+00:00,-3.58569,-61.12378,1130.9,89.3,89.3,0,Manaus/AM,Fonte Boa/AM,,1.61,atencao
710043426,2026-09-30T03:54:08.847291+00:00,-3.58539,-61.09869,1130.9,92.9,92.9,0,Manaus/AM,Fonte Boa/AM,,1.61,atencao
710043426,2026-09-30T03:54:18.336608+00:00,-3.58667,-61.07342,1130.9,102.2,102.2,0,Manaus/AM,Fonte Boa/AM,,1.61,atencao
710043426,2026-09-30T03:54:28.242420+00:00,-3.59222,-61.04761,1130.9,95.3,95.3,0,Manaus/AM,Fonte Boa/AM,,1.61,atencao
710043426,2026-09-30T03:54:35.483944+00:00,-3.59399,-61.02838,1130.9,107.3,107.3,0,Manaus/AM,Fonte Boa/AM,,1.61,atencao
710043426,2026-09-30T03:54:43.565640+00:00,-3.6004,-61.00781,1130.9,111.5,111.5,0,Manaus/AM,Fonte Boa/AM,,1.61,atencao
710043426,2026-09-30T03:54:53.013986+00:00,-3.60962,-60.98437,1130.9,109.0,109.0,0,Manaus/AM,Fonte Boa/AM,,1.61,atencao
710043426,2026-09-30T03:55:00.109792+00:00,-3.61578,-60.96649,1130.9,102.9,102.9,0,Manaus/AM,Fonte Boa/AM,,1.61,atencao
710043426,2026-09-30T03:55:08.540012+00:00,-3.62079,-60.94458,1130.9,86.3,86.3,0,Manaus/AM,Fonte Boa/AM,,1.61,atencao
710043426,2026-09-30T03:55:15.375695+00:00,-3.61963,-60.92639,1130.9,91.1,91.1,0,Manaus/AM,Fonte Boa/AM,,1.61,atencao
710043426,2026-09-30T03:55:20.137836+00:00,-3.61987,-60.91369,1130.9,113.7,113.7,0,Manaus/AM,Fonte Boa/AM,,1.61,atencao
710043426,2026-09-30T03:55:23.337255+00:00,-3.62329,-60.90588,1130.9,127.5,127.5,0,Manaus/AM,Fonte Boa/AM,,1.61,atencao
710043426,2026-09-30T03:55:26.883389+00:00,-3.62903,-60.89838,1130.9,128.9,128.9,0,Manaus/AM,Fonte Boa/AM,,1.61,atencao
710043426,2026-09-30T03:55:28.854686+00:00,-3.63232,-60.89429,1130.9,101.6,101.6,0,Manaus/AM,Fonte Boa/AM,,1.61,atencao
710043426,2026-09-30T03:55:31.027904+00:00,-3.63348,-60.88861,1130.9,95.5,95.5,0,Manaus/AM,Fonte Boa/AM,,1.61,atencao
710043426,2026-09-30T03:55:32.246607+00:00,-3.63379,-60.88537,1130.9,75.2,75.2,0,Manaus/AM,Fonte Boa/AM,,1.61,atencao
710043426,2026-09-30T03:55:33.951232+00:00,-3.63263,-60.88098,1130.9,68.3,68.3,0,Manaus/AM,Fonte Boa/AM,,1.61,atencao
710043426,2026-09-30T03:55:37.425065+00:00,-3.62921,-60.87237,1130.9,63.4,63.4,0,Manaus/AM,Fonte Boa/AM,,1.61,atencao
710043426,2026-09-30T03:55:40.190296+00:00,-3.62591,-60.86578,1130.9,61.4,61.4,0,Manaus/AM,Fonte Boa/AM,,1.61,atencao
710043426,2026-09-30T03:55:43.736267+00:00,-3.6214,-60.85748,1130.9,57.5,57.5,0,Manaus/AM,Fonte Boa/AM,,1.61,atencao
710043426,2026-09-30T03:55:45.959782+00:00,-3.61822,-60.85248,1130.9,55.6,55.6,0,Manaus/AM,Fonte Boa/AM,,1.61,atencao
710043426,2026-09-30T03:55:47.904184+00:00,-3.61529,-60.8482,1130.9,60.8,60.8,0,Manaus/AM,Fonte Boa/AM,,1.61,atencao
710043426,2026-09-30T03:55:52.887137+00:00,-3.60882,-60.83661,1130.9,52.1,52.1,0,Manaus/AM,Fonte Boa/AM,,1.61,atencao
710043426,2026-09-30T03:55:56.804974+00:00,-3.60242,-60.82837,1130.9,49.4,49.4,0,Manaus/AM,Fonte Boa/AM,,1.61,atencao
710043426,2026-09-30T03:55:59.697509+00:00,-3.59741,-60.82251,1130.9,36.5,36.5,0,Manaus/AM,Fonte Boa/AM,,1.61,atencao
710043426,2026-09-30T03:56:02.237380+00:00,-3.59198,-60.81848,1130.9,19.3,19.3,0,Manaus/AM,Fonte Boa/AM,,1.61,atencao
710043426,2026-09-30T03:56:04.180779+00:00,-3.5871,-60.81677,1130.9,7.8,7.8,0,Manaus/AM,Fonte Boa/AM,,1.61,atencao
710043426,2026-09-30T03:56:06.032983+00:00,-3.58221,-60.8161,1130.9,3.2,3.2,0,Manaus/AM,Fonte Boa/AM,,1.61,atencao
710043426,2026-09-30T03:56:08.100435+00:00,-3.57672,-60.81579,1130.9,356.2,356.2,0,Manaus/AM,Fonte Boa/AM,,1.61,atencao
710043426,2026-09-30T03:56:09.847541+00:00,-3.57208,-60.8161,1130.9,358.9,358.9,0,Manaus/AM,Fonte Boa/AM,,1.61,atencao
710043426,2026-09-30T03:56:12.256471+00:00,-3.56567,-60.81622,1130.9,13.5,13.5,0,Manaus/AM,Fonte Boa/AM,,1.61,atencao
710043426,2026-09-30T03:56:15.488144+00:00,-3.55731,-60.81421,1130.9,22.0,22.0,0,Manaus/AM,Fonte Boa/AM,,1.61,atencao
710043426,2026-09-30T03:56:17.813296+00:00,-3.55157,-60.81189,1130.9,8.4,8.4,0,Manaus/AM,Fonte Boa/AM,,1.61,atencao
710043426,2026-09-30T03:56:20.803783+00:00,-3.5437,-60.81073,1130.9,7.3,7.3,0,Manaus/AM,Fonte Boa/AM,,1.61,atencao
710043426,2026-09-30T03:56:23.347149+00:00,-3.53699,-60.80987,1130.9,23.4,23.4,0,Manaus/AM,Fonte Boa/AM,,1.61,atencao
710043426,2026-09-30T03:56:25.021421+00:00,-3.5329,-60.8081,1130.9,31.6,31.6,0,Manaus/AM,Fonte Boa/AM,,1.61,atencao
710043426,2026-09-30T03:56:28.253445+00:00,-3.52557,-60.80359,1130.9,43.7,43.7,0,Manaus/AM,Fonte Boa/AM,,1.61,atencao
710043426,2026-09-30T03:56:30.473738+00:00,-3.5213,-60.7995,1130.9,43.6,43.6,0,Manaus/AM,Fonte Boa/AM,,1.61,atencao
710043426,2026-09-30T03:56:33.893964+00:00,-3.51471,-60.79321,1130.9,36.4,36.4,0,Manaus/AM,Fonte Boa/AM,,1.61,atencao
710043426,2026-09-30T03:56:40.844133+00:00,-3.49981,-60.78222,1130.9,40.0,40.0,0,Manaus/AM,Fonte Boa/AM,,1.61,atencao
710043426,2026-09-30T03:56:46.114472+00:00,-3.48907,-60.77319,1130.9,43.9,43.9,0,Manaus/AM,Fonte Boa/AM,,1.61,atencao
710043426,2026-09-30T03:56:52.321953+00:00,-3.47717,-60.76172,1130.9,35.4,35.4,0,Manaus/AM,Fonte Boa/AM,,1.61,atencao
710043426,2026-09-30T03:57:00.228235+00:00,-3.46002,-60.74951,1130.9,35.2,35.2,0,Manaus/AM,Fonte Boa/AM,,1.61,atencao
710043426,2026-09-30T03:57:09.291114+00:00,-3.44031,-60.73559,1130.9,30.5,30.5,0,Manaus/AM,Fonte Boa/AM,,1.61,atencao
710043426,2026-09-30T03:57:18.181347+00:00,-3.41992,-60.72357,1130.9,32.4,32.4,0,Manaus/AM,Fonte Boa/AM,,1.61,atencao
710043426,2026-09-30T03:57:28.426718+00:00,-3.39691,-60.70892,1130.9,20.3,20.3,0,Manaus/AM,Fonte Boa/AM,,1.61,atencao
710043426,2026-09-30T03:57:36.328294+00:00,-3.3772,-60.7016,1130.9,20.0,20.0,0,Manaus/AM,Fonte Boa/AM,,1.61,atencao
710043426,2026-09-30T03:57:43.038874+00:00,-3.36041,-60.69549,1130.9,31.0,31.0,0,Manaus/AM,Fonte Boa/AM,,1.61,atencao
710043426,2026-09-30T03:57:48.735899+00:00,-3.34741,-60.68768,1130.9,66.7,66.7,0,Manaus/AM,Fonte Boa/AM,,1.61,atencao
710043426,2026-09-30T03:57:54.820154+00:00,-3.341,-60.67279,1130.9,80.6,80.6,0,Manaus/AM,Fonte Boa/AM,,1.61,atencao
710043426,2026-09-30T03:58:01.969171+00:00,-3.33789,-60.65399,1130.9,86.0,86.0,0,Manaus/AM,Fonte Boa/AM,,1.61,atencao
710043426,2026-09-30T03:58:09.979435+00:00,-3.33642,-60.63269,1130.9,80.8,80.8,0,Manaus/AM,Fonte Boa/AM,,1.61,atencao
710043426,2026-09-30T04:07:22.567312+00:00,-3.33318,-60.61261,0.0,0.0,0.0,5,Manaus/AM,Fonte Boa/AM,Fonte Boa/AM,1.61,atencao
710043426,2026-09-30T05:09:06.662730+00:00,-3.33318,-60.61261,0.0,0.0,0.0,5,Manaus/AM,Fonte Boa/AM,Fonte Boa/AM,1.61,atencao
710043426,2026-09-30T06:10:50.758147+00:00,-3.33318,-60.61261,0.0,0.0,0.0,5,Manaus/AM,Fonte Boa/AM,Fonte Boa/AM,1.61,atencao
710043426,2026-09-30T07:12:34.853564+00:00,-3.33318,-60.61261,0.0,0.0,0.0,5,Manaus/AM,Fonte Boa/AM,Fonte Boa/AM,1.61,atencao
710043426,2026-09-30T08:14:18.948982+00:00,-3.33318,-60.61261,0.0,0.0,0.0,5,Manaus/AM,Fonte Boa/AM,Fonte Boa/AM,1.61,atencao
710043426,2026-09-30T09:16:03.044399+00:00,-3.33318,-60.61261,7.0,81.2,81.2,0,Manaus/AM,Fonte Boa/AM,,4.31,atrasado
710043426,2026-09-30T09:17:10.989945+00:00,-3.33301,-60.61151,7.0,77.0,77.0,0,Manaus/AM,Fonte Boa/AM,,4.31,atrasado
710043426,2026-09-30T09:44:48.290013+00:00,-3.3269,-60.5849,7.0,86.2,86.2,0,Manaus/AM,Fonte Boa/AM,,4.31,atrasado
710043426,2026-09-30T10:01:27.030146+00:00,-3.3258,-60.56848,7.0,92.5,92.5,0,Manaus/AM,Fonte Boa/AM,,4.31,atrasado
710043426,2026-09-30T10:29:23.148637+00:00,-3.32702,-60.54089,7.0,99.4,99.4,0,Manaus/AM,Fonte Boa/AM,,4.31,atrasado
710043426,2026-09-30T11:04:33.532049+00:00,-3.3327,-60.50659,7.0,97.0,97.0,0,Manaus/AM,Fonte Boa/AM,,4.31,atrasado
710043426,2026-09-30T11:33:36.410829+00:00,-3.33618,-60.47809,7.0,88.6,88.6,0,Manaus/AM,Fonte Boa/AM,,4.31,atrasado
710043426,2026-09-30T11:47:37.940999+00:00,-3.33585,-60.46423,0.0,0.0,0.0,5,Manaus/AM,Fonte Boa/AM,Fonte Boa/AM,4.31,atrasado
710043426,2026-09-30T12:49:34.534780+00:00,-3.33585,-60.46423,0.0,0.0,0.0,5,Manaus/AM,Fonte Boa/AM,Fonte Boa/AM,4.31,atrasado
710043426,2026-09-30T13:51:31.128561+00:00,-3.33585,-60.46423,0.0,0.0,0.0,5,Manaus/AM,Fonte Boa/AM,Fonte Boa/AM,4.31,atrasado
710043426,2026-09-30T14:53:27.722342+00:00,-3.33585,-60.46423,0.0,0.0,0.0,5,Manaus/AM,Fonte Boa/AM,Fonte Boa/AM,4.31,atrasado
710043426,2026-09-30T15:55:24.316123+00:00,-3.33585,-60.46423,0.0,0.0,0.0,5,Manaus/AM,Fonte Boa/AM,Fonte Boa/AM,4.31,atrasado
710043426,2026-09-30T16:57:20.909903+00:00,-3.33585,-60.46423,0.0,0.0,0.0,5,Manaus/AM,Fonte Boa/AM,Fonte Boa/AM,4.31,atrasado
710043426,2026-09-30T17:59:17.503684+00:00,-3.33585,-60.46423,71.2,88.7,88.7,0,Manaus/AM,Fonte Boa/AM,,5.0,atrasado
710043426,2026-09-30T17:59:58.228063+00:00,-3.33569,-60.4574,71.2,60.9,60.9,0,Manaus/AM,Fonte Boa/AM,,5.0,atrasado
710043426,2026-09-30T18:01:48.206721+00:00,-3.32672,-60.44128,71.2,53.4,53.4,0,Manaus/AM,Fonte Boa/AM,,5.0,atrasado
710043426,2026-09-30T18:03:43.758783+00:00,-3.31518,-60.42572,71.2,46.4,46.4,0,Manaus/AM,Fonte Boa/AM,,5.0,atrasado
710043426,2026-09-30T18:05:16.222759+00:00,-3.3045,-60.41449,71.2,77.0,77.0,0,Manaus/AM,Fonte Boa/AM,,5.0,atrasado
710043426,2026-09-30T18:07:32.153037+00:00,-3.29938,-60.39227,71.2,73.7,73.7,0,Manaus/AM,Fonte Boa/AM,,5.0,atrasado
710043426,2026-09-30T18:09:16.366675+00:00,-3.29449,-60.37549,71.2,78.4,78.4,0,Manaus/AM,Fonte Boa/AM,,5.0,atrasado
710043426,2026-09-30T18:11:29.742208+00:00,-3.28998,-60.35357,71.2,80.2,80.2,0,Manaus/AM,Fonte Boa/AM,,5.0,atrasado
710043426,2026-09-30T18:14:26.987859+00:00,-3.28491,-60.32428,71.2,74.3,74.3,0,Manaus/AM,Fonte Boa/AM,,5.0,atrasado
710043426,2026-09-30T18:16:23.801955+00:00,-3.2796,-60.30542,71.2,66.1,66.1,0,Manaus/AM,Fonte Boa/AM,,5.0,atrasado
710043426,2026-09-30T18:18:46.697093+00:00,-3.2699,-60.28351,71.2,79.0,79.0,0,Manaus/AM,Fonte Boa/AM,,5.0,atrasado
710043426,2026-09-30T18:20:49.371107+00:00,-3.26599,-60.2633,71.2,80.3,80.3,0,Manaus/AM,Fonte Boa/AM,,5.0,atrasado
710043426,2026-09-30T18:22:39.377726+00:00,-3.26288,-60.24512,71.2,104.4,104.4,0,Manaus/AM,Fonte Boa/AM,,5.0,atrasado
710043426,2026-09-30T18:23:54.131984+00:00,-3.26599,-60.23297,71.2,114.5,114.5,0,Manaus/AM,Fonte Boa/AM,,5.0,atrasado
710043426,2026-09-30T18:24:52.926190+00:00,-3.27008,-60.224,71.2,133.7,133.7,0,Manaus/AM,Fonte Boa/AM,,5.0,atrasado
710043426,2026-09-30T18:26:54.748535+00:00,-3.28418,-60.20923,71.2,135.0,135.0,0,Manaus/AM,Fonte Boa/AM,,5.0,atrasado
710043426,2026-09-30T18:28:43.923653+00:00,-3.29712,-60.19629,71.2,123.6,123.6,0,Manaus/AM,Fonte Boa/AM,,5.0,atrasado
710043426,2026-09-30T18:28:55.119048+00:00,-3.29816,-60.19472,0.0,0.0,0.0,5,Manaus/AM,Fonte Boa/AM,Fonte Boa/AM,5.0,atrasado
710043426,2026-09-30T19:30:31.615382+00:00,-3.29816,-60.19472,0.0,0.0,0.0,5,Manaus/AM,Fonte Boa/AM,Fonte Boa/AM,5.0,atrasado
710043426,2026-09-30T20:32:08.111715+00:00,-3.29816,-60.19472,0.0,0.0,0.0,5,Manaus/AM,Fonte Boa/AM,Fonte Boa/AM,5.0,atrasado
710043426,2026-09-30T21:33:44.608049+00:00,-3.29816,-60.19472,0.0,0.0,0.0,5,Manaus/AM,Fonte Boa/AM,Fonte Boa/AM,5.0,atrasado
710043426,2026-09-30T22:35:21.104383+00:00,-3.29816,-60.19472,0.0,0.0,0.0,5,Manaus/AM,Fonte Boa/AM,Fonte Boa/AM,5.0,atrasado
710043426,2026-09-30T23:36:57.600717+00:00,-3.29816,-60.19472,53.1,123.6,123.6,0,Manaus/AM,Fonte Boa/AM,,4.97,atrasado
710043426,2026-09-30T23:40:23.126273+00:00,-3.31238,-60.17328,53.1,120.2,120.2,0,Manaus/AM,Fonte Boa/AM,,4.97,atrasado
710043426,2026-09-30T23:43:21.365709+00:00,-3.32361,-60.15399,53.1,94.1,94.1,0,Manaus/AM,Fonte Boa/AM,,4.97,atrasado
710043426,2026-09-30T23:45:44.487224+00:00,-3.32489,-60.13611,53.1,87.3,87.3,0,Manaus/AM,Fonte Boa/AM,,4.97,atrasado
710043426,2026-09-30T23:49:23.492097+00:00,-3.32361,-60.1087,53.1,78.2,78.2,0,Manaus/AM,Fonte Boa/AM,,4.97,atrasado
710043426,2026-09-30T23:53:58.230850+00:00,-3.31659,-60.07501,53.1,66.3,66.3,0,Manaus/AM,Fonte Boa/AM,,4.97,atrasado
710043426,2026-09-30T23:57:58.281656+00:00,-3.3045,-60.04748,53.1,57.6,57.6,0,Manaus/AM,Fonte Boa/AM,,4.97,atrasado
710043426,2026-10-01T00:01:28.846735+00:00,-3.2904,-60.02521,53.1,79.0,79.0,0,Manaus/AM,Fonte Boa/AM,,4.97,atrasado
710043426,2026-10-01T00:05:02.810536+00:00,-3.28528,-59.9989,53.1,79.9,79.9,0,Manaus/AM,Fonte Boa/AM,,4.97,atrasado
710043426,2026-10-01T00:07:46.641058+00:00,-3.28168,-59.9787,53.1,73.9,73.9,0,Manaus/AM,Fonte Boa/AM,,4.97,atrasado
710043426,2026-10-01T00:11:25.190121+00:00,-3.27411,-59.95239,53.1,61.8,61.8,0,Manaus/AM,Fonte Boa/AM,,4.97,atrasado
710043426,2026-10-01T00:13:15.746842+00:00,-3.26758,-59.94018,53.1,54.4,54.4,0,Manaus/AM,Fonte Boa/AM,,4.97,atrasado
710043426,2026-10-01T00:15:46.728097+00:00,-3.25659,-59.9248,53.1,59.2,59.2,0,Manaus/AM,Fonte Boa/AM,,4.97,atrasado
710043426,2026-10-01T00:17:12.415002+00:00,-3.2511,-59.91559,53.1,54.8,54.8,0,Manaus/AM,Fonte Boa/AM,,4.97,atrasado
710043426,2026-10-01T00:19:13.470404+00:00,-3.24237,-59.9032,53.1,43.1,43.1,0,Manaus/AM,Fonte Boa/AM,,4.97,atrasado
710043426,2026-10-01T00:20:04.885069+00:00,-3.23767,-59.8988,53.1,32.0,32.0,0,Manaus/AM,Fonte Boa/AM,,4.97,atrasado
710043426,2026-10-01T00:21:23.116228+00:00,-3.22937,-59.89361,53.1,29.7,29.7,0,Manaus/AM,Fonte Boa/AM,,4.97,atrasado
710043426,2026-10-01T00:23:41.461611+00:00,-3.21434,-59.88503,53.1,20.0,20.0,0,Manaus/AM,Fonte Boa/AM,,4.97,atrasado
710043426,2026-10-01T00:26:10.450182+00:00,-3.19683,-59.87866,53.1,29.4,29.4,0,Manaus/AM,Fonte Boa/AM,,4.97,atrasado
710043426,2026-10-01T00:26:53.183844+00:00,-3.19217,-59.87603,53.1,8.0,8.0,0,Manaus/AM,Fonte Boa/AM,,4.97,atrasado
710043426,2026-10-01T00:27:24.652740+00:00,-3.18827,-59.87548,0.0,0.0,0.0,5,Manaus/AM,Fonte Boa/AM,Fonte Boa/AM,4.97,atrasado
710043426,2026-10-01T01:31:33.976040+00:00,-3.18827,-59.87548,0.0,0.0,0.0,5,Manaus/AM,Fonte Boa/AM,Fonte Boa/AM,4.97,atrasado
710043426,2026-10-01T02:35:43.299341+00:00,-3.18827,-59.87548,0.0,0.0,0.0,5,Manaus/AM,Fonte Boa/AM,Fonte Boa/AM,4.97,atrasado
710043426,2026-10-01T03:39:52.622642+00:00,-3.18827,-59.87548,0.0,0.0,0.0,5,Manaus/AM,Fonte Boa/AM,Fonte Boa/AM,4.97,atrasado
710043426,2026-10-01T04:44:01.945942+00:00,-3.18827,-59.87548,0.0,0.0,0.0,5,Manaus/AM,Fonte Boa/AM,Fonte Boa/AM,4.97,atrasado
710043426,2026-10-01T05:48:11.269243+00:00,-3.18827,-59.87548,0.0,341.8,341.8,5,Manaus/AM,Fonte Boa/AM,Fonte Boa/AM,4.97,atrasado
710043426,2026-10-01T06:28:55.119048+00:00,-3.125,-59.8963,0.0,161.8,161.8,5,Manaus/AM,Fonte Boa/AM,Fonte Boa/AM,5.0,atrasado
710043426,2026-10-01T06:52:20.592543+00:00,-3.18827,-59.87548,0.0,341.8,341.8,5,Manaus/AM,Fonte Boa/AM,Fonte Boa/AM,4.97,atrasado
710043426,2026-10-01T07:38:41.230293+00:00,-3.125,-59.8963,0.0,161.8,161.8,5,Manaus/AM,Fonte Boa/AM,Fonte Boa/AM,5.0,atrasado
710043426,2026-10-01T07:56:29.915844+00:00,-3.18827,-59.87548,83.2,339.8,339.8,0,Manaus/AM,Fonte Boa/AM,,5.0,atrasado
710043426,2026-10-01T07:57:06.275601+00:00,-3.1816,-59.87794,83.2,316.9,316.9,0,Manaus/AM,Fonte Boa/AM,,5.0,atrasado
710043426,2026-10-01T07:57:49.448391+00:00,-3.17543,-59.88373,83.2,324.8,324.8,0,Manaus/AM,Fonte Boa/AM,,5.0,atrasado
710043426,2026-10-01T07:59:27.218738+00:00,-3.15979,-59.89477,83.2,342.8,342.8,0,Manaus/AM,Fonte Boa/AM,,5.0,atrasado
710043426,2026-10-01T08:00:38.721738+00:00,-3.14642,-59.89892,83.2,358.9,358.9,0,Manaus/AM,Fonte Boa/AM,,5.0,atrasado
710043426,2026-10-01T08:01:28.940006+00:00,-3.13659,-59.89911,83.2,14.8,14.8,0,Manaus/AM,Fonte Boa/AM,,5.0,atrasado
710043426,2026-10-01T08:02:03.127959+00:00,-3.13013,-59.8974,83.2,12.1,12.1,0,Manaus/AM,Fonte Boa/AM,,5.0,atrasado
710043426,2026-10-01T08:48:27.341538+00:00,-3.125,-59.8963,0.0,0.0,0.0,5,Manaus/AM,Fonte Boa/AM,Fonte Boa/AM,5.0,atrasado
710043426,2026-10-01T09:58:13.452782+00:00,-3.125,-59.8963,0.0,0.0,0.0,5,Manaus/AM,Fonte Boa/AM,Fonte Boa/AM,5.0,atrasado
710043426,2026-10-01T11:07:59.564027+00:00,-3.125,-59.8963,0.0,0.0,0.0,5,Manaus/AM,Fonte Boa/AM,Fonte Boa/AM,5.0,atrasado
710043426,2026-10-01T12:17:45.675272+00:00,-3.125,-59.8963,0.0,266.6,266.6,5,Manaus/AM,Fonte Boa/AM,Fonte Boa/AM,5.0,atrasado
710043426,2026-10-01T12:27:46.364796+00:00,-3.12662,-59.92323,0.0,86.6,86.6,5,Fonte Boa/AM,Manaus/AM,Manaus/AM,4.98,atrasado
710043426,2026-10-01T13:27:31.786517+00:00,-3.125,-59.8963,33.4,266.6,266.6,0,Fonte Boa/AM,Manaus/AM,,4.98,atrasado
710043426,2026-10-01T13:28:50.446302+00:00,-3.12662,-59.92323,0.0,65.6,65.6,5,Fonte Boa/AM,Manaus/AM,Manaus/AM,4.98,atrasado
710043426,2026-10-01T13:31:01.853954+00:00,-3.12176,-59.9125,33.4,245.6,245.6,0,Fonte Boa/AM,Manaus/AM,,4.98,atrasado
710043426,2026-10-01T14:29:54.527808+00:00,-3.12662,-59.92323,0.0,0.0,0.0,5,Fonte Boa/AM,Manaus/AM,Manaus/AM,4.98,atrasado
710043426,2026-10-01T15:30:58.609314+00:00,-3.12662,-59.92323,0.0,0.0,0.0,5,Fonte Boa/AM,Manaus/AM,Manaus/AM,4.98,atrasado
710043426,2026-10-01T16:32:02.690820+00:00,-3.12662,-59.92323,0.0,0.0,0.0,5,Fonte Boa/AM,Manaus/AM,Manaus/AM,4.98,atrasado
710043426,2026-10-01T17:33:06.772326+00:00,-3.12662,-59.92323,0.0,226.9,226.9,5,Fonte Boa/AM,Manaus/AM,Manaus/AM,4.98,atrasado
710043426,2026-10-01T18:28:55.119048+00:00,-3.15303,-59.95153,0.0,46.9,46.9,5,Fonte Boa/AM,Manaus/AM,Manaus/AM,5.0,atrasado
710043426,2026-10-01T18:34:10.853832+00:00,-3.12662,-59.92323,45.7,222.5,222.5,0,Fonte Boa/AM,Manaus/AM,,5.0,atrasado
710043426,2026-10-01T18:36:19.115109+00:00,-3.1368,-59.93256,45.7,229.6,229.6,0,Fonte Boa/AM,Manaus/AM,,5.0,atrasado
710043426,2026-10-01T18:38:40.585306+00:00,-3.14667,-59.94418,45.7,229.1,229.1,0,Fonte Boa/AM,Manaus/AM,,5.0,atrasado
710043426,2026-10-01T19:34:26.660030+00:00,-3.15303,-59.95153,0.0,0.0,0.0,5,Fonte Boa/AM,Manaus/AM,Manaus/AM,5.0,atrasado
710043426,2026-10-01T20:39:58.201011+00:00,-3.15303,-59.95153,0.0,0.0,0.0,5,Fonte Boa/AM,Manaus/AM,Manaus/AM,5.0,atrasado
710043426,2026-10-01T21:45:29.741993+00:00,-3.15303,-59.95153,0.0,0.0,0.0,5,Fonte Boa/AM,Manaus/AM,Manaus/AM,5.0,atrasado
710043426,2026-10-01T22:51:01.282974+00:00,-3.15303,-59.95153,0.0,0.0,0.0,5,Fonte Boa/AM,Manaus/AM,Manaus/AM,5.0,atrasado
710043426,2026-10-01T23:56:32.823956+00:00,-3.15303,-59.95153,0.0,261.3,261.3,5,Fonte Boa/AM,Manaus/AM,Manaus/AM,5.0,atrasado
710043426,2026-10-02T00:28:55.119048+00:00,-3.1593,-59.99236,0.0,81.3,81.3,5,Fonte Boa/AM,Manaus/AM,Manaus/AM,5.0,atrasado
710043426,2026-10-02T01:02:04.364938+00:00,-3.15303,-59.95153,59.7,206.1,206.1,0,Fonte Boa/AM,Manaus/AM,,5.0,atrasado
710043426,2026-10-02T01:03:08.515592+00:00,-3.16112,-59.9555,59.7,223.8,223.8,0,Fonte Boa/AM,Manaus/AM,,5.0,atrasado
710043426,2026-10-02T01:04:07.340742+00:00,-3.16709,-59.96123,59.7,260.9,260.9,0,Fonte Boa/AM,Manaus/AM,,5.0,atrasado
710043426,2026-10-02T01:05:22.074890+00:00,-3.16876,-59.97162,59.7,291.0,291.0,0,Fonte Boa/AM,Manaus/AM,,5.0,atrasado
710043426,2026-10-02T01:06:28.570827+00:00,-3.16541,-59.98035,59.7,297.8,297.8,0,Fonte Boa/AM,Manaus/AM,,5.0,atrasado
710043426,2026-10-02T01:07:46.580862+00:00,-3.16029,-59.99006,59.7,293.3,293.3,0,Fonte Boa/AM,Manaus/AM,,5.0,atrasado
710043426,2026-10-02T01:35:09.137278+00:00,-3.1593,-59.99236,0.0,0.0,0.0,5,Fonte Boa/AM,Manaus/AM,Manaus/AM,5.0,atrasado
710043426,2026-10-02T02:41:23.155509+00:00,-3.1593,-59.99236,0.0,0.0,0.0,5,Fonte Boa/AM,Manaus/AM,Manaus/AM,5.0,atrasado
710043426,2026-10-02T03:47:37.173739+00:00,-3.1593,-59.99236,0.0,0.0,0.0,5,Fonte Boa/AM,Manaus/AM,Manaus/AM,5.0,atrasado
710043426,2026-10-02T04:53:51.191970+00:00,-3.1593,-59.99236,0.0,0.0,0.0,5,Fonte Boa/AM,Manaus/AM,Manaus/AM,5.0,atrasado
710043426,2026-10-02T06:00:05.210200+00:00,-3.1593,-59.99236,2.2,293.3,293.3,0,Fonte Boa/AM,Manaus/AM,,5.0,atrasado
710043426,2026-10-02T06:28:55.119048+00:00,-3.15581,-60.00048,0.0,0.0,0.0,5,Fonte Boa/AM,Manaus/AM,Manaus/AM,5.0,atrasado
710043426,2026-10-02T07:34:07.983435+00:00,-3.15581,-60.00048,0.0,0.0,0.0,5,Fonte Boa/AM,Manaus/AM,Manaus/AM,5.0,atrasado
710043426,2026-10-02T08:39:20.847822+00:00,-3.15581,-60.00048,0.0,0.0,0.0,5,Fonte Boa/AM,Manaus/AM,Manaus/AM,5.0,atrasado
710043426,2026-10-02T09:44:33.712209+00:00,-3.15581,-60.00048,0.0,0.0,0.0,5,Fonte Boa/AM,Manaus/AM,Manaus/AM,5.0,atrasado
710043426,2026-10-02T10:49:46.576596+00:00,-3.15581,-60.00048,0.0,0.0,0.0,5,Fonte Boa/AM,Manaus/AM,Manaus/AM,5.0,atrasado
710043426,2026-10-02T11:54:59.440983+00:00,-3.15581,-60.00048,38.4,289.5,289.5,0,Fonte Boa/AM,Manaus/AM,,4.49,atrasado
710043426,2026-10-02T11:56:54.904495+00:00,-3.15233,-60.01032,38.4,301.8,301.8,0,Fonte Boa/AM,Manaus/AM,,4.49,atrasado
710043426,2026-10-02T11:58:17.941893+00:00,-3.14069,-60.0291,0.0,120.5,120.5,5,Fonte Boa/AM,Manaus/AM,Manaus/AM,4.49,atrasado
710043426,2026-10-02T11:58:29.433852+00:00,-3.14757,-60.01742,38.4,299.7,299.7,0,Fonte Boa/AM,Manaus/AM,,4.49,atrasado
710043426,2026-10-02T12:00:37.427128+00:00,-3.14185,-60.02748,38.4,305.6,305.6,0,Fonte Boa/AM,Manaus/AM,,4.49,atrasado
710043426,2026-10-02T13:03:08.658686+00:00,-3.14069,-60.0291,0.0,0.0,0.0,5,Fonte Boa/AM,Manaus/AM,Manaus/AM,4.49,atrasado
710043426,2026-10-02T14:07:59.375478+00:00,-3.14069,-60.0291,0.0,0.0,0.0,5,Fonte Boa/AM,Manaus/AM,Manaus/AM,4.49,atrasado
710043426,2026-10-02T15:12:50.092271+00:00,-3.14069,-60.0291,0.0,0.0,0.0,5,Fonte Boa/AM,Manaus/AM,Manaus/AM,4.49,atrasado
710043426,2026-10-02T16:17:40.809064+00:00,-3.14069,-60.0291,0.0,0.0,0.0,5,Fonte Boa/AM,Manaus/AM,Manaus/AM,4.49,atrasado
710043426,2026-10-02T17:22:31.525857+00:00,-3.14069,-60.0291,0.0,263.0,263.0,5,Fonte Boa/AM,Manaus/AM,Manaus/AM,4.49,atrasado
710043426,2026-10-02T17:45:08.860169+00:00,-4.29309,-69.93579,0.0,236.1,236.1,5,Benjamin Constant/AM,Tabatinga/AM,Tabatinga/AM,4.27,atrasado
710043426,2026-10-02T18:27:22.242649+00:00,-4.35503,-70.02827,144.7,119.4,119.4,0,Benjamin Constant/AM,Tabatinga/AM,,4.27,atrasado
710043426,2026-10-02T18:27:28.456830+00:00,-4.35607,-70.02642,144.7,91.5,91.5,0,Benjamin Constant/AM,Tabatinga/AM,,4.27,atrasado
710043426,2026-10-02T18:27:37.619080+00:00,-4.35615,-70.02329,144.7,91.1,91.1,0,Benjamin Constant/AM,Tabatinga/AM,,4.27,atrasado
710043426,2026-10-02T18:29:20.036901+00:00,-4.35681,-69.98832,144.7,39.4,39.4,0,Benjamin Constant/AM,Tabatinga/AM,,4.27,atrasado
710043426,2026-10-02T18:52:43.341506+00:00,-4.29309,-69.93579,0.0,0.0,0.0,5,Benjamin Constant/AM,Tabatinga/AM,Tabatinga/AM,4.27,atrasado
710043426,2026-10-02T20:00:17.822843+00:00,-4.29309,-69.93579,0.0,0.0,0.0,5,Benjamin Constant/AM,Tabatinga/AM,Tabatinga/AM,4.27,atrasado
710043426,2026-10-02T21:07:52.304180+00:00,-4.29309,-69.93579,0.0,0.0,0.0,5,Benjamin Constant/AM,Tabatinga/AM,Tabatinga/AM,4.27,atrasado
710043426,2026-10-02T22:15:26.785517+00:00,-4.29309,-69.93579,0.0,0.0,0.0,5,Benjamin Constant/AM,Tabatinga/AM,Tabatinga/AM,4.27,atrasado
710043426,2026-10-02T23:23:01.266855+00:00,-4.29309,-69.93579,0.0,236.1,236.1,5,Benjamin Constant/AM,Tabatinga/AM,Tabatinga/AM,4.27,atrasado
710043426,2026-10-02T23:58:45.785126+00:00,-4.35503,-70.02827,0.0,56.1,56.1,5,Benjamin Constant/AM,São Paulo de Olivença/AM,São Paulo de Olivença/AM,4.5,atrasado
710043426,2026-10-03T00:30:35.748192+00:00,-4.29309,-69.93579,144.7,219.4,219.4,0,Benjamin Constant/AM,São Paulo de Olivença/AM,,4.5,atrasado
710043426,2026-10-03T00:34:37.953940+00:00,-4.35681,-69.98832,144.7,271.1,271.1,0,Benjamin Constant/AM,São Paulo de Olivença/AM,,4.5,atrasado
710043426,2026-10-03T00:36:20.371761+00:00,-4.35615,-70.02329,144.7,271.5,271.5,0,Benjamin Constant/AM,São Paulo de Olivença/AM,,4.5,atrasado
710043426,2026-10-03T00:36:29.534011+00:00,-4.35607,-70.02642,144.7,299.4,299.4,0,Benjamin Constant/AM,São Paulo de Olivença/AM,,4.5,atrasado
710043426,2026-10-03T01:08:27.527166+00:00,-4.35503,-70.02827,0.0,0.0,0.0,5,Benjamin Constant/AM,São Paulo de Olivença/AM,São Paulo de Olivença/AM,4.5,atrasado
710043426,2026-10-03T02:18:09.269206+00:00,-4.35503,-70.02827,0.0,0.0,0.0,5,Benjamin Constant/AM,São Paulo de Olivença/AM,São Paulo de Olivença/AM,4.5,atrasado
710043426,2026-10-03T03:27:51.011246+00:00,-4.35503,-70.02827,0.0,0.0,0.0,5,Benjamin Constant/AM,São Paulo de Olivença/AM,São Paulo de Olivença/AM,4.5,atrasado
710043426,2026-10-03T04:37:32.753286+00:00,-4.35503,-70.02827,0.0,0.0,0.0,5,Benjamin Constant/AM,São Paulo de Olivença/AM,São Paulo de Olivença/AM,4.5,atrasado
710043426,2026-10-03T05:47:14.495326+00:00,-4.35503,-70.02827,0.0,56.1,56.1,5,Benjamin Constant/AM,São Paulo de Olivença/AM,São Paulo de Olivença/AM,4.5,atrasado
710043426,2026-10-03T06:16:15.096703+00:00,-4.29309,-69.93579,0.0,348.9,348.9,5,Benjamin Constant/AM,Tabatinga/AM,Tabatinga/AM,4.79,atrasado
710043426,2026-10-03T06:56:56.237366+00:00,-4.23295,-69.94764,75.7,191.0,191.0,0,Benjamin Constant/AM,Tabatinga/AM,,4.79,atrasado
710043426,2026-10-03T06:58:09.158179+00:00,-4.2457,-69.95013,75.7,181.5,181.5,0,Benjamin Constant/AM,Tabatinga/AM,,4.79,atrasado
710043426,2026-10-03T06:59:17.617640+00:00,-4.25789,-69.95046,75.7,171.3,171.3,0,Benjamin Constant/AM,Tabatinga/AM,,4.79,atrasado
710043426,2026-10-03T07:00:30.601259+00:00,-4.27074,-69.94848,75.7,158.8,158.8,0,Benjamin Constant/AM,Tabatinga/AM,,4.79,atrasado
710043426,2026-10-03T07:01:42.020965+00:00,-4.28261,-69.94387,75.7,142.4,142.4,0,Benjamin Constant/AM,Tabatinga/AM,,4.79,atrasado
710043426,2026-10-03T07:16:52.805152+00:00,-4.29309,-69.93579,0.0,0.0,0.0,5,Benjamin Constant/AM,Tabatinga/AM,Tabatinga/AM,4.79,atrasado
710043426,2026-10-03T08:17:30.513601+00:00,-4.29309,-69.93579,0.0,0.0,0.0,5,Benjamin Constant/AM,Tabatinga/AM,Tabatinga/AM,4.79,atrasado
710043426,2026-10-03T09:18:08.222050+00:00,-4.29309,-69.93579,0.0,0.0,0.0,5,Benjamin Constant/AM,Tabatinga/AM,Tabatinga/AM,4.79,atrasado
710043426,2026-10-03T10:18:45.930499+00:00,-4.29309,-69.93579,0.0,0.0,0.0,5,Benjamin Constant/AM,Tabatinga/AM,Tabatinga/AM,4.79,atrasado
710043426,2026-10-03T11:19:23.638948+00:00,-4.29309,-69.93579,0.0,0.0,0.0,5,Benjamin Constant/AM,Tabatinga/AM,Tabatinga/AM,4.79,atrasado
710043426,2026-10-03T12:20:01.347397+00:00,-4.29309,-69.93579,1600.4,114.7,114.7,0,São Paulo de Olivença/AM,Benjamin Constant/AM,,5.0,atrasado
710043426,2026-10-03T12:20:05.225772+00:00,-4.29919,-69.92248,1600.4,100.7,100.7,0,São Paulo de Olivença/AM,Benjamin Constant/AM,,5.0,atrasado
710043426,2026-10-03T12:20:06.804645+00:00,-4.30029,-69.91662,1600.4,99.3,99.3,0,São Paulo de Olivença/AM,Benjamin Constant/AM,,5.0,atrasado
710043426,2026-10-03T12:20:09.310311+00:00,-4.30182,-69.90729,1600.4,129.4,129.4,0,São Paulo de Olivença/AM,Benjamin Constant/AM,,5.0,atrasado
710043426,2026-10-03T12:20:10.712815+00:00,-4.30517,-69.9032,1600.4,116.0,116.0,0,São Paulo de Olivença/AM,Benjamin Constant/AM,,5.0,atrasado
710043426,2026-10-03T12:20:12.781196+00:00,-4.30859,-69.89618,1600.4,122.0,122.0,0,São Paulo de Olivença/AM,Benjamin Constant/AM,,5.0,atrasado
710043426,2026-10-03T12:20:15.774911+00:00,-4.31457,-69.88659,1600.4,127.8,127.8,0,São Paulo de Olivença/AM,Benjamin Constant/AM,,5.0,atrasado
710043426,2026-10-03T12:20:18.392755+00:00,-4.32062,-69.87878,1600.4,135.3,135.3,0,São Paulo de Olivença/AM,Benjamin Constant/AM,,5.0,atrasado
710043426,2026-10-03T12:20:21.219778+00:00,-4.32819,-69.87127,1600.4,141.9,141.9,0,São Paulo de Olivença/AM,Benjamin Constant/AM,,5.0,atrasado
710043426,2026-10-03T12:20:24.390443+00:00,-4.33758,-69.86389,1600.4,132.9,132.9,0,São Paulo de Olivença/AM,Benjamin Constant/AM,,5.0,atrasado
710043426,2026-10-03T12:20:27.127146+00:00,-4.3446,-69.85632,1600.4,86.4,86.4,0,São Paulo de Olivença/AM,Benjamin Constant/AM,,5.0,atrasado
710043426,2026-10-03T12:20:30.236217+00:00,-4.34387,-69.8446,1600.4,112.0,112.0,0,São Paulo de Olivença/AM,Benjamin Constant/AM,,5.0,atrasado
710043426,2026-10-03T12:20:34.175149+00:00,-4.34943,-69.83081,1600.4,116.3,116.3,0,São Paulo de Olivença/AM,Benjamin Constant/AM,,5.0,atrasado
710043426,2026-10-03T12:20:35.708187+00:00,-4.35199,-69.82562,1600.4,127.8,127.8,0,São Paulo de Olivença/AM,Benjamin Constant/AM,,5.0,atrasado
710043426,2026-10-03T12:20:38.429846+00:00,-4.35827,-69.8175,1600.4,136.9,136.9,0,São Paulo de Olivença/AM,Benjamin Constant/AM,,5.0,atrasado
710043426,2026-10-03T12:20:41.338134+00:00,-4.36627,-69.81,1600.4,138.5,138.5,0,São Paulo de Olivença/AM,Benjamin Constant/AM,,5.0,atrasado
710043426,2026-10-03T12:20:45.213802+00:00,-4.3772,-69.80029,1600.4,114.9,114.9,0,São Paulo de Olivença/AM,Benjamin Constant/AM,,5.0,atrasado
710043426,2026-10-03T12:20:48.063855+00:00,-4.38171,-69.79053,1600.4,68.9,68.9,0,São Paulo de Olivença/AM,Benjamin Constant/AM,,5.0,atrasado
710043426,2026-10-03T12:20:51.390374+00:00,-4.3772,-69.77881,1600.4,66.0,66.0,0,São Paulo de Olivença/AM,Benjamin Constant/AM,,5.0,atrasado
710043426,2026-10-03T12:20:57.600656+00:00,-4.36767,-69.75738,1600.4,68.4,68.4,0,São Paulo de Olivença/AM,Benjamin Constant/AM,,5.0,atrasado
710043426,2026-10-03T12:21:00.329715+00:00,-4.36389,-69.7478,1600.4,78.9,78.9,0,São Paulo de Olivença/AM,Benjamin Constant/AM,,5.0,atrasado
710043426,2026-10-03T12:21:03.870142+00:00,-4.36133,-69.73468,1600.4,84.9,84.9,0,São Paulo de Olivença/AM,Benjamin Constant/AM,,5.0,atrasado
710043426,2026-10-03T12:21:07.877818+00:00,-4.35998,-69.7196,1600.4,68.1,68.1,0,São Paulo de Olivença/AM,Benjamin Constant/AM,,5.0,atrasado
710043426,2026-10-03T12:21:10.874046+00:00,-4.35577,-69.7091,1600.4,60.0,60.0,0,São Paulo de Olivença/AM,Benjamin Constant/AM,,5.0,atrasado
710043426,2026-10-03T12:21:13.786818+00:00,-4.35028,-69.69958,1600.4,53.4,53.4,0,São Paulo de Olivença/AM,Benjamin Constant/AM,,5.0,atrasado
710043426,2026-10-03T12:21:16.886402+00:00,-4.34332,-69.69018,1600.4,55.1,55.1,0,São Paulo de Olivença/AM,Benjamin Constant/AM,,5.0,atrasado
710043426,2026-10-03T12:21:19.210824+00:00,-4.33832,-69.68298,1600.4,56.5,56.5,0,São Paulo de Olivença/AM,Benjamin Constant/AM,,5.0,atrasado
710043426,2026-10-03T12:21:22.292885+00:00,-4.33191,-69.67328,1600.4,63.2,63.2,0,São Paulo de Olivença/AM,Benjamin Constant/AM,,5.0,atrasado
710043426,2026-10-03T12:21:25.605030+00:00,-4.32629,-69.66211,1600.4,61.5,61.5,0,São Paulo de Olivença/AM,Benjamin Constant/AM,,5.0,atrasado
710043426,2026-10-03T12:21:29.505557+00:00,-4.31927,-69.64917,1600.4,68.2,68.2,0,São Paulo de Olivença/AM,Benjamin Constant/AM,,5.0,atrasado
710043426,2026-10-03T12:21:32.342536+00:00,-4.31531,-69.63922,1600.4,77.7,77.7,0,São Paulo de Olivença/AM,Benjamin Constant/AM,,5.0,atrasado
710043426,2026-10-03T12:21:37.602156+00:00,-4.31109,-69.61981,1600.4,81.8,81.8,0,São Paulo de Olivença/AM,Benjamin Constant/AM,,5.0,atrasado
710043426,2026-10-03T12:21:40.541818+00:00,-4.30951,-69.60882,1600.4,92.9,92.9,0,São Paulo de Olivença/AM,Benjamin Constant/AM,,5.0,atrasado
710043426,2026-10-03T12:21:42.435213+00:00,-4.30987,-69.60168,1600.4,100.6,100.6,0,São Paulo de Olivença/AM,Benjamin Constant/AM,,5.0,atrasado
710043426,2026-10-03T12:21:44.638550+00:00,-4.3114,-69.5935,1600.4,96.7,96.7,0,São Paulo de Olivença/AM,Benjamin Constant/AM,,5.0,atrasado
710043426,2026-10-03T12:21:46.721342+00:00,-4.31231,-69.58569,1600.4,92.4,92.4,0,São Paulo de Olivença/AM,Benjamin Constant/AM,,5.0,atrasado
710043426,2026-10-03T12:21:48.678532+00:00,-4.31262,-69.57831,1600.4,73.6,73.6,0,São Paulo de Olivença/AM,Benjamin Constant/AM,,5.0,atrasado
710043426,2026-10-03T12:21:50.566093+00:00,-4.31061,-69.57147,1600.4,62.5,62.5,0,São Paulo de Olivença/AM,Benjamin Constant/AM,,5.0,atrasado
710043426,2026-10-03T12:21:53.097555+00:00,-4.30621,-69.56299,1600.4,53.2,53.2,0,São Paulo de Olivença/AM,Benjamin Constant/AM,,5.0,atrasado
710043426,2026-10-03T12:21:55.582655+00:00,-4.3006,-69.55548,1600.4,51.2,51.2,0,São Paulo de Olivença/AM,Benjamin Constant/AM,,5.0,atrasado
710043426,2026-10-03T12:21:58.897862+00:00,-4.29278,-69.54571,1600.4,57.7,57.7,0,São Paulo de Olivença/AM,Benjamin Constant/AM,,5.0,atrasado
710043426,2026-10-03T12:22:01.630851+00:00,-4.28729,-69.53699,1600.4,57.5,57.5,0,São Paulo de Olivença/AM,Benjamin Constant/AM,,5.0,atrasado
710043426,2026-10-03T12:22:05.521394+00:00,-4.27942,-69.5246,1600.4,62.2,62.2,0,São Paulo de Olivença/AM,Benjamin Constant/AM,,5.0,atrasado
710043426,2026-10-03T12:22:07.532516+00:00,-4.27588,-69.51788,1600.4,54.9,54.9,0,São Paulo de Olivença/AM,Benjamin Constant/AM,,5.0,atrasado
710043426,2026-10-03T12:22:09.704609+00:00,-4.27118,-69.51117,1600.4,36.7,36.7,0,São Paulo de Olivença/AM,Benjamin Constant/AM,,5.0,atrasado
710043426,2026-10-03T12:22:12.353714+00:00,-4.26318,-69.50519,1600.4,23.4,23.4,0,São Paulo de Olivença/AM,Benjamin Constant/AM,,5.0,atrasado
710043426,2026-10-03T12:22:14.755432+00:00,-4.25488,-69.50159,1600.4,25.7,25.7,0,São Paulo de Olivença/AM,Benjamin Constant/AM,,5.0,atrasado
710043426,2026-10-03T12:22:17.812828+00:00,-4.24451,-69.49658,1600.4,25.8,25.8,0,São Paulo de Olivença/AM,Benjamin Constant/AM,,5.0,atrasado
710043426,2026-10-03T12:22:21.036865+00:00,-4.23358,-69.49127,1600.4,21.6,21.6,0,São Paulo de Olivença/AM,Benjamin Constant/AM,,5.0,atrasado
710043426,2026-10-03T12:22:25.567702+00:00,-4.21771,-69.48498,1600.4,35.0,35.0,0,São Paulo de Olivença/AM,Benjamin Constant/AM,,5.0,atrasado
710043426,2026-10-03T12:22:29.067322+00:00,-4.20691,-69.47741,1600.4,44.9,44.9,0,São Paulo de Olivença/AM,Benjamin Constant/AM,,5.0,atrasado
710043426,2026-10-03T12:22:32.638207+00:00,-4.19739,-69.46789,1600.4,53.1,53.1,0,São Paulo de Olivença/AM,Benjamin Constant/AM,,5.0,atrasado
710043426,2026-10-03T12:22:36.579626+00:00,-4.18848,-69.45599,1600.4,59.5,59.5,0,São Paulo de Olivença/AM,Benjamin Constant/AM,,5.0,atrasado
710043426,2026-10-03T12:22:41.684054+00:00,-4.17871,-69.43939,1600.4,66.8,66.8,0,São Paulo de Olivença/AM,Benjamin Constant/AM,,5.0,atrasado
710043426,2026-10-03T12:22:46.820679+00:00,-4.17108,-69.42157,1600.4,70.4,70.4,0,São Paulo de Olivença/AM,Benjamin Constant/AM,,5.0,atrasado
710043426,2026-10-03T12:22:51.796819+00:00,-4.16479,-69.40387,1600.4,63.9,63.9,0,São Paulo de Olivença/AM,Benjamin Constant/AM,,5.0,atrasado
710043426,2026-10-03T12:22:55.702725+00:00,-4.15832,-69.39062,1600.4,47.5,47.5,0,São Paulo de Olivença/AM,Benjamin Constant/AM,,5.0,atrasado
710043426,2026-10-03T12:22:58.223073+00:00,-4.15191,-69.3836,1600.4,17.3,17.3,0,São Paulo de Olivença/AM,Benjamin Constant/AM,,5.0,atrasado
710043426,2026-10-03T12:23:00.124452+00:00,-4.14508,-69.38147,1600.4,357.1,357.1,0,São Paulo de Olivença/AM,Benjamin Constant/AM,,5.0,atrasado
710043426,2026-10-03T12:23:02.380178+00:00,-4.13659,-69.3819,1600.4,343.1,343.1,0,São Paulo de Olivença/AM,Benjamin Constant/AM,,5.0,atrasado
710043426,2026-10-03T12:23:04.768880+00:00,-4.12799,-69.38452,1600.4,325.9,325.9,0,São Paulo de Olivença/AM,Benjamin Constant/AM,,5.0,atrasado
710043426,2026-10-03T12:23:07.077587+00:00,-4.12079,-69.3894,1600.4,327.5,327.5,0,São Paulo de Olivença/AM,Benjamin Constant/AM,,5.0,atrasado
710043426,2026-10-03T12:23:09.247540+00:00,-4.11389,-69.3938,1600.4,332.2,332.2,0,São Paulo de Olivença/AM,Benjamin Constant/AM,,5.0,atrasado
710043426,2026-10-03T12:23:11.225734+00:00,-4.1073,-69.39728,1600.4,341.1,341.1,0,São Paulo de Olivença/AM,Benjamin Constant/AM,,5.0,atrasado
710043426,2026-10-03T12:23:12.373464+00:00,-4.10321,-69.39868,1600.4,301.4,301.4,0,São Paulo de Olivença/AM,Benjamin Constant/AM,,5.0,atrasado
710043426,2026-10-03T12:23:14.057519+00:00,-4.09991,-69.40411,1600.4,292.3,292.3,0,São Paulo de Olivença/AM,Benjamin Constant/AM,,5.0,atrasado
710043426,2026-10-03T12:23:16.574175+00:00,-4.09631,-69.4129,1600.4,261.1,261.1,0,São Paulo de Olivença/AM,Benjamin Constant/AM,,5.0,atrasado
710043426,2026-10-03T12:23:19.094134+00:00,-4.09778,-69.4223,1600.4,245.2,245.2,0,São Paulo de Olivença/AM,Benjamin Constant/AM,,5.0,atrasado
710043426,2026-10-03T12:23:21.250493+00:00,-4.10119,-69.42969,1600.4,243.0,243.0,0,São Paulo de Olivença/AM,Benjamin Constant/AM,,5.0,atrasado
710043426,2026-10-03T12:23:24.462169+00:00,-4.10669,-69.44049,1600.4,243.1,243.1,0,São Paulo de Olivença/AM,Benjamin Constant/AM,,5.0,atrasado
710043426,2026-10-03T12:23:27.109667+00:00,-4.1112,-69.4494,1600.4,240.9,240.9,0,São Paulo de Olivença/AM,Benjamin Constant/AM,,5.0,atrasado
710043426,2026-10-03T12:23:33.865509+00:00,-4.12359,-69.47168,1600.4,249.0,249.0,0,São Paulo de Olivença/AM,Benjamin Constant/AM,,5.0,atrasado
710043426,2026-10-03T12:23:38.037128+00:00,-4.12921,-69.48639,1600.4,269.2,269.2,0,São Paulo de Olivença/AM,Benjamin Constant/AM,,5.0,atrasado
710043426,2026-10-03T12:23:41.480603+00:00,-4.12939,-69.49939,1600.4,284.5,284.5,0,São Paulo de Olivença/AM,Benjamin Constant/AM,,5.0,atrasado
710043426,2026-10-03T12:23:45.672723+00:00,-4.12543,-69.51471,1600.4,304.7,304.7,0,São Paulo de Olivença/AM,Benjamin Constant/AM,,5.0,atrasado
710043426,2026-10-03T12:23:48.859252+00:00,-4.11859,-69.5246,1600.4,307.8,307.8,0,São Paulo de Olivença/AM,Benjamin Constant/AM,,5.0,atrasado
710043426,2026-10-03T12:23:51.108737+00:00,-4.1134,-69.53131,1600.4,337.2,337.2,0,São Paulo de Olivença/AM,Benjamin Constant/AM,,5.0,atrasado
710043426,2026-10-03T12:23:53.991364+00:00,-4.10339,-69.53552,1600.4,356.8,356.8,0,São Paulo de Olivença/AM,Benjamin Constant/AM,,5.0,atrasado
710043426,2026-10-03T12:23:57.156881+00:00,-4.09149,-69.53619,1600.4,6.1,6.1,0,São Paulo de Olivença/AM,Benjamin Constant/AM,,5.0,atrasado
710043426,2026-10-03T12:24:01.101451+00:00,-4.07672,-69.5346,1600.4,15.9,15.9,0,São Paulo de Olivença/AM,Benjamin Constant/AM,,5.0,atrasado
710043426,2026-10-03T12:24:04.758628+00:00,-4.06348,-69.53082,1600.4,28.3,28.3,0,São Paulo de Olivença/AM,Benjamin Constant/AM,,5.0,atrasado
710043426,2026-10-03T12:24:07.556164+00:00,-4.0542,-69.52582,1600.4,50.9,50.9,0,São Paulo de Olivença/AM,Benjamin Constant/AM,,5.0,atrasado
710043426,2026-10-03T12:24:10.639738+00:00,-4.04687,-69.51678,1600.4,62.5,62.5,0,São Paulo de Olivença/AM,Benjamin Constant/AM,,5.0,atrasado
710043426,2026-10-03T12:24:13.265971+00:00,-4.0423,-69.50799,1600.4,61.6,61.6,0,São Paulo de Olivença/AM,Benjamin Constant/AM,,5.0,atrasado
710043426,2026-10-03T12:24:16.334772+00:00,-4.0368,-69.4978,1600.4,65.6,65.6,0,São Paulo de Olivença/AM,Benjamin Constant/AM,,5.0,atrasado
710043426,2026-10-03T12:24:19.744231+00:00,-4.03149,-69.48608,1600.4,66.0,66.0,0,São Paulo de Olivença/AM,Benjamin Constant/AM,,5.0,atrasado
710043426,2026-10-03T12:24:22.930115+00:00,-4.02661,-69.4751,1600.4,67.3,67.3,0,São Paulo de Olivença/AM,Benjamin Constant/AM,,5.0,atrasado
710043426,2026-10-03T12:24:27.012091+00:00,-4.02069,-69.46088,1600.4,67.0,67.0,0,São Paulo de Olivença/AM,Benjamin Constant/AM,,5.0,atrasado
710043426,2026-10-03T12:24:30.541752+00:00,-4.0155,-69.44861,1600.4,64.2,64.2,0,São Paulo de Olivença/AM,Benjamin Constant/AM,,5.0,atrasado
710043426,2026-10-03T12:24:33.775497+00:00,-4.01019,-69.43762,1600.4,59.4,59.4,0,São Paulo de Olivença/AM,Benjamin Constant/AM,,5.0,atrasado
710043426,2026-10-03T12:24:37.626815+00:00,-4.00281,-69.42511,1600.4,41.0,41.0,0,São Paulo de Olivença/AM,Benjamin Constant/AM,,5.0,atrasado
710043426,2026-10-03T12:24:40.094130+00:00,-3.99579,-69.419,1600.4,26.5,26.5,0,São Paulo de Olivença/AM,Benjamin Constant/AM,,5.0,atrasado
710043426,2026-10-03T12:24:42.883297+00:00,-3.98639,-69.4143,1600.4,11.7,11.7,0,São Paulo de Olivença/AM,Benjamin Constant/AM,,5.0,atrasado
710043426,2026-10-03T12:24:46.706834+00:00,-3.97229,-69.41138,1600.4,6.1,6.1,0,São Paulo de Olivença/AM,Benjamin Constant/AM,,5.0,atrasado
710043426,2026-10-03T12:24:49.461338+00:00,-3.96197,-69.41028,1600.4,12.3,12.3,0,São Paulo de Olivença/AM,Benjamin Constant/AM,,5.0,atrasado
710043426,2026-10-03T12:24:52.280823+00:00,-3.9516,-69.40802,1600.4,19.5,19.5,0,São Paulo de Olivença/AM,Benjamin Constant/AM,,5.0,atrasado
710043426,2026-10-03T12:24:55.719669+00:00,-3.93939,-69.40368,1600.4,23.9,23.9,0,São Paulo de Olivença/AM,Benjamin Constant/AM,,5.0,atrasado
710043426,2026-10-03T12:24:58.911144+00:00,-3.9284,-69.3988,1600.4,19.3,19.3,0,São Paulo de Olivença/AM,Benjamin Constant/AM,,5.0,atrasado
710043426,2026-10-03T12:25:03.410500+00:00,-3.91241,-69.39319,1600.4,8.8,8.8,0,São Paulo de Olivença/AM,Benjamin Constant/AM,,5.0,atrasado
710043426,2026-10-03T12:25:05.968377+00:00,-3.90289,-69.39172,1600.4,1.9,1.9,0,São Paulo de Olivença/AM,Benjamin Constant/AM,,5.0,atrasado
710043426,2026-10-03T12:25:07.930762+00:00,-3.89551,-69.39148,1600.4,357.6,357.6,0,São Paulo de Olivença/AM,Benjamin Constant/AM,,5.0,atrasado
710043426,2026-10-03T12:25:10.542465+00:00,-3.88568,-69.3919,1600.4,357.1,357.1,0,São Paulo de Olivença/AM,Benjamin Constant/AM,,5.0,atrasado
710043426,2026-10-03T12:25:13.090484+00:00,-3.8761,-69.39239,1600.4,1.9,1.9,0,São Paulo de Olivença/AM,Benjamin Constant/AM,,5.0,atrasado
710043426,2026-10-03T12:25:17.971508+00:00,-3.85773,-69.39178,1600.4,2.0,2.0,0,São Paulo de Olivença/AM,Benjamin Constant/AM,,5.0,atrasado
710043426,2026-10-03T12:25:20.209658+00:00,-3.8493,-69.39148,1600.4,0.7,0.7,0,São Paulo de Olivença/AM,Benjamin Constant/AM,,5.0,atrasado
710043426,2026-10-03T12:25:21.538812+00:00,-3.8443,-69.39142,1600.4,6.2,6.2,0,São Paulo de Olivença/AM,Benjamin Constant/AM,,5.0,atrasado
710043426,2026-10-03T12:25:25.304508+00:00,-3.8302,-69.38989,1600.4,357.9,357.9,0,São Paulo de Olivença/AM,Benjamin Constant/AM,,5.0,atrasado
710043426,2026-10-03T12:25:28.921161+00:00,-3.81659,-69.39038,1600.4,2.0,2.0,0,São Paulo de Olivença/AM,Benjamin Constant/AM,,5.0,atrasado
710043426,2026-10-03T12:25:31.305007+00:00,-3.80762,-69.39007,1600.4,1.5,1.5,0,São Paulo de Olivença/AM,Benjamin Constant/AM,,5.0,atrasado
710043426,2026-10-03T12:25:35.001612+00:00,-3.7937,-69.38971,1600.4,2.0,2.0,0,São Paulo de Olivença/AM,Benjamin Constant/AM,,5.0,atrasado
710043426,2026-10-03T12:25:37.336891+00:00,-3.78491,-69.3894,1600.4,342.4,342.4,0,São Paulo de Olivença/AM,Benjamin Constant/AM,,5.0,atrasado
710043426,2026-10-03T12:25:40.483580+00:00,-3.77362,-69.393,1600.4,321.3,321.3,0,São Paulo de Olivença/AM,Benjamin Constant/AM,,5.0,atrasado
710043426,2026-10-03T12:25:44.054636+00:00,-3.76312,-69.40143,1600.4,302.1,302.1,0,São Paulo de Olivença/AM,Benjamin Constant/AM,,5.0,atrasado
710043426,2026-10-03T12:25:47.260682+00:00,-3.75671,-69.41168,1600.4,318.4,318.4,0,São Paulo de Olivença/AM,Benjamin Constant/AM,,5.0,atrasado
710043426,2026-10-03T12:25:49.577385+00:00,-3.75018,-69.41748,1600.4,332.2,332.2,0,São Paulo de Olivença/AM,Benjamin Constant/AM,,5.0,atrasado
710043426,2026-10-03T12:25:52.599252+00:00,-3.74011,-69.42279,1600.4,340.7,340.7,0,São Paulo de Olivença/AM,Benjamin Constant/AM,,5.0,atrasado
710043426,2026-10-03T12:25:55.243766+00:00,-3.73071,-69.42609,1600.4,342.8,342.8,0,São Paulo de Olivença/AM,Benjamin Constant/AM,,5.0,atrasado
710043426,2026-10-03T12:25:58.467491+00:00,-3.71911,-69.42969,1600.4,351.3,351.3,0,São Paulo de Olivença/AM,Benjamin Constant/AM,,5.0,atrasado
710043426,2026-10-03T12:26:00.385984+00:00,-3.71197,-69.43079,1600.4,2.2,2.2,0,São Paulo de Olivença/AM,Benjamin Constant/AM,,5.0,atrasado
710043426,2026-10-03T12:26:03.840774+00:00,-3.69897,-69.4303,1600.4,6.9,6.9,0,São Paulo de Olivença/AM,Benjamin Constant/AM,,5.0,atrasado
710043426,2026-10-03T12:26:06.273111+00:00,-3.68988,-69.4292,1600.4,7.9,7.9,0,São Paulo de Olivença/AM,Benjamin Constant/AM,,5.0,atrasado
710043426,2026-10-03T12:26:10.151129+00:00,-3.67541,-69.42718,1600.4,14.1,14.1,0,São Paulo de Olivença/AM,Benjamin Constant/AM,,5.0,atrasado
710043426,2026-10-03T12:26:11.204724+00:00,-3.67157,-69.42621,1600.4,19.7,19.7,0,São Paulo de Olivença/AM,Benjamin Constant/AM,,5.0,atrasado
710043426,2026-10-03T12:26:13.029154+00:00,-3.6651,-69.42389,1600.4,31.8,31.8,0,São Paulo de Olivença/AM,Benjamin Constant/AM,,5.0,atrasado
710043426,2026-10-03T12:26:14.935294+00:00,-3.65899,-69.4201,1600.4,54.3,54.3,0,São Paulo de Olivença/AM,Benjamin Constant/AM,,5.0,atrasado
710043426,2026-10-03T12:26:17.383122+00:00,-3.65362,-69.4126,1600.4,67.6,67.6,0,São Paulo de Olivença/AM,Benjamin Constant/AM,,5.0,atrasado
710043426,2026-10-03T12:26:19.552372+00:00,-3.65051,-69.40503,1600.4,59.4,59.4,0,São Paulo de Olivença/AM,Benjamin Constant/AM,,5.0,atrasado
710043426,2026-10-03T12:26:22.483371+00:00,-3.6449,-69.39551,1600.4,59.7,59.7,0,São Paulo de Olivença/AM,Benjamin Constant/AM,,5.0,atrasado
710043426,2026-10-03T12:26:24.731635+00:00,-3.64062,-69.38818,1600.4,50.3,50.3,0,São Paulo de Olivença/AM,Benjamin Constant/AM,,5.0,atrasado
710043426,2026-10-03T12:26:28.031179+00:00,-3.63269,-69.3786,1600.4,54.5,54.5,0,São Paulo de Olivença/AM,Benjamin Constant/AM,,5.0,atrasado
710043426,2026-10-03T12:26:29.957989+00:00,-3.62848,-69.37268,1600.4,42.8,42.8,0,São Paulo de Olivença/AM,Benjamin Constant/AM,,5.0,atrasado
710043426,2026-10-03T12:26:32.673709+00:00,-3.62097,-69.36572,1600.4,43.5,43.5,0,São Paulo de Olivença/AM,Benjamin Constant/AM,,5.0,atrasado
710043426,2026-10-03T12:26:35.491041+00:00,-3.61328,-69.3584,1600.4,35.9,35.9,0,São Paulo de Olivença/AM,Benjamin Constant/AM,,5.0,atrasado
710043426,2026-10-03T12:26:38.530124+00:00,-3.604,-69.35168,1600.4,31.8,31.8,0,São Paulo de Olivença/AM,Benjamin Constant/AM,,5.0,atrasado
710043426,2026-10-03T12:26:40.494272+00:00,-3.59772,-69.34778,1600.4,10.4,10.4,0,São Paulo de Olivença/AM,Benjamin Constant/AM,,5.0,atrasado
710043426,2026-10-03T12:26:42.817939+00:00,-3.58911,-69.34619,1600.4,347.6,347.6,0,São Paulo de Olivença/AM,Benjamin Constant/AM,,5.0,atrasado
710043426,2026-10-03T12:26:44.776102+00:00,-3.58191,-69.34778,1600.4,341.7,341.7,0,São Paulo de Olivença/AM,Benjamin Constant/AM,,5.0,atrasado
710043426,2026-10-03T12:26:46.738683+00:00,-3.57489,-69.3501,1600.4,346.3,346.3,0,São Paulo de Olivença/AM,Benjamin Constant/AM,,5.0,atrasado
710043426,2026-10-03T12:26:49.191538+00:00,-3.56592,-69.35229,1600.4,356.9,356.9,0,São Paulo de Olivença/AM,Benjamin Constant/AM,,5.0,atrasado
710043426,2026-10-03T12:26:50.733306+00:00,-3.56012,-69.3526,1600.4,1.7,1.7,0,São Paulo de Olivença/AM,Benjamin Constant/AM,,5.0,atrasado
710043426,2026-10-03T12:26:53.586949+00:00,-3.54938,-69.35229,1600.4,7.8,7.8,0,São Paulo de Olivença/AM,Benjamin Constant/AM,,5.0,atrasado
710043426,2026-10-03T12:26:56.908092+00:00,-3.53699,-69.35058,1600.4,14.5,14.5,0,São Paulo de Olivença/AM,Benjamin Constant/AM,,5.0,atrasado
710043426,2026-10-03T12:26:59.286114+00:00,-3.52832,-69.34833,1600.4,19.5,19.5,0,São Paulo de Olivença/AM,Benjamin Constant/AM,,5.0,atrasado
710043426,2026-10-03T12:27:02.002547+00:00,-3.51867,-69.34491,1600.4,25.3,25.3,0,São Paulo de Olivença/AM,Benjamin Constant/AM,,5.0,atrasado
710043426,2026-10-03T12:27:04.995820+00:00,-3.50848,-69.34009,1600.4,31.9,31.9,0,São Paulo de Olivença/AM,Benjamin Constant/AM,,5.0,atrasado
710043426,2026-10-03T12:27:08.146440+00:00,-3.49841,-69.3338,1600.4,39.8,39.8,0,São Paulo de Olivença/AM,Benjamin Constant/AM,,5.0,atrasado
710043426,2026-10-03T12:27:10.676464+00:00,-3.49109,-69.3277,1600.4,52.4,52.4,0,São Paulo de Olivença/AM,Benjamin Constant/AM,,5.0,atrasado
710043426,2026-10-03T12:27:14.497197+00:00,-3.4823,-69.31628,1600.4,68.6,68.6,0,São Paulo de Olivença/AM,Benjamin Constant/AM,,5.0,atrasado
710043426,2026-10-03T12:27:17.433030+00:00,-3.47827,-69.30597,1600.4,84.4,84.4,0,São Paulo de Olivença/AM,Benjamin Constant/AM,,5.0,atrasado
710043426,2026-10-03T12:27:21.074391+00:00,-3.47693,-69.2923,1600.4,89.0,89.0,0,São Paulo de Olivença/AM,Benjamin Constant/AM,,5.0,atrasado
710043426,2026-10-03T12:27:24.763491+00:00,-3.47668,-69.27838,1600.4,87.1,87.1,0,São Paulo de Olivença/AM,Benjamin Constant/AM,,5.0,atrasado
710043426,2026-10-03T12:27:28.294837+00:00,-3.47601,-69.26507,1600.4,84.8,84.8,0,São Paulo de Olivença/AM,Benjamin Constant/AM,,5.0,atrasado
710043426,2026-10-03T12:27:33.671555+00:00,-3.47418,-69.24487,1600.4,83.9,83.9,0,São Paulo de Olivença/AM,Benjamin Constant/AM,,5.0,atrasado
710043426,2026-10-03T12:27:38.358016+00:00,-3.47229,-69.22729,1600.4,86.7,86.7,0,São Paulo de Olivença/AM,Benjamin Constant/AM,,5.0,atrasado
710043426,2026-10-03T12:27:42.571253+00:00,-3.47137,-69.21142,1600.4,73.2,73.2,0,São Paulo de Olivença/AM,Benjamin Constant/AM,,5.0,atrasado
710043426,2026-10-03T12:27:45.478688+00:00,-3.4682,-69.20093,1600.4,74.1,74.1,0,São Paulo de Olivença/AM,Benjamin Constant/AM,,5.0,atrasado
710043426,2026-10-03T12:27:47.312302+00:00,-3.46631,-69.19427,1600.4,66.4,66.4,0,São Paulo de Olivença/AM,Benjamin Constant/AM,,5.0,atrasado
710043426,2026-10-03T12:27:50.225350+00:00,-3.46191,-69.1842,1600.4,64.8,64.8,0,São Paulo de Olivença/AM,Benjamin Constant/AM,,5.0,atrasado
710043426,2026-10-03T12:27:53.157498+00:00,-3.45721,-69.17419,1600.4,67.2,67.2,0,São Paulo de Olivença/AM,Benjamin Constant/AM,,5.0,atrasado
710043426,2026-10-03T12:27:55.630944+00:00,-3.45361,-69.16559,1600.4,73.3,73.3,0,São Paulo de Olivença/AM,Benjamin Constant/AM,,5.0,atrasado
710043426,2026-10-03T12:27:59.531865+00:00,-3.4494,-69.15149,1600.4,79.1,79.1,0,São Paulo de Olivença/AM,Benjamin Constant/AM,,5.0,atrasado
710043426,2026-10-03T12:28:03.304661+00:00,-3.44672,-69.13751,1600.4,88.0,88.0,0,São Paulo de Olivença/AM,Benjamin Constant/AM,,5.0,atrasado
710043426,2026-10-03T12:28:07.982963+00:00,-3.4461,-69.11987,1600.4,77.6,77.6,0,São Paulo de Olivença/AM,Benjamin Constant/AM,,5.0,atrasado
710043426,2026-10-03T12:28:11.826451+00:00,-3.44299,-69.10571,1600.4,69.0,69.0,0,São Paulo de Olivença/AM,Benjamin Constant/AM,,5.0,atrasado
710043426,2026-10-03T12:28:15.898617+00:00,-3.4375,-69.09137,1600.4,58.9,58.9,0,São Paulo de Olivença/AM,Benjamin Constant/AM,,5.0,atrasado
710043426,2026-10-03T12:28:17.655581+00:00,-3.43408,-69.08569,1600.4,70.7,70.7,0,São Paulo de Olivença/AM,Benjamin Constant/AM,,5.0,atrasado
710043426,2026-10-03T12:28:20.296484+00:00,-3.43079,-69.07629,1600.4,89.1,89.1,0,São Paulo de Olivença/AM,Benjamin Constant/AM,,5.0,atrasado
710043426,2026-10-03T12:28:23.613392+00:00,-3.4306,-69.06378,1600.4,98.2,98.2,0,São Paulo de Olivença/AM,Benjamin Constant/AM,,5.0,atrasado
710043426,2026-10-03T12:28:28.647182+00:00,-3.43329,-69.04498,1600.4,104.1,104.1,0,São Paulo de Olivença/AM,Benjamin Constant/AM,,5.0,atrasado
710043426,2026-10-03T12:28:31.299824+00:00,-3.43573,-69.03528,1600.4,96.0,96.0,0,São Paulo de Olivença/AM,Benjamin Constant/AM,,5.0,atrasado
710043426,2026-10-03T12:28:35.512811+00:00,-3.43738,-69.01947,1600.4,105.4,105.4,0,São Paulo de Olivença/AM,Benjamin Constant/AM,,5.0,atrasado
710043426,2026-10-03T12:28:38.751317+00:00,-3.44061,-69.00769,1600.4,119.9,119.9,0,São Paulo de Olivença/AM,Benjamin Constant/AM,,5.0,atrasado
710043426,2026-10-03T12:28:43.210075+00:00,-3.44897,-68.9931,1600.4,129.5,129.5,0,São Paulo de Olivença/AM,Benjamin Constant/AM,,5.0,atrasado
710043426,2026-10-03T12:28:45.683407+00:00,-3.45489,-68.9859,1600.4,118.2,118.2,0,São Paulo de Olivença/AM,Benjamin Constant/AM,,5.0,atrasado
710043426,2026-10-03T12:28:48.050955+00:00,-3.45911,-68.97803,1600.4,112.5,112.5,0,São Paulo de Olivença/AM,Benjamin Constant/AM,,5.0,atrasado
710043426,2026-10-03T12:28:49.785048+00:00,-3.46161,-68.97198,1600.4,95.7,95.7,0,São Paulo de Olivença/AM,Benjamin Constant/AM,,5.0,atrasado
710043426,2026-10-03T12:28:51.085574+00:00,-3.4621,-68.9671,1600.4,77.7,77.7,0,São Paulo de Olivença/AM,Benjamin Constant/AM,,5.0,atrasado
710043426,2026-10-03T12:28:52.691499+00:00,-3.46081,-68.96118,1600.4,72.4,72.4,0,São Paulo de Olivença/AM,Benjamin Constant/AM,,5.0,atrasado
710043426,2026-10-03T12:28:54.610462+00:00,-3.45862,-68.95428,1600.4,77.9,77.9,0,São Paulo de Olivença/AM,Benjamin Constant/AM,,5.0,atrasado
710043426,2026-10-03T12:28:55.119048+00:00,-3.45822,-68.95241,0.0,0.0,0.0,5,São Paulo de Olivença/AM,Benjamin Constant/AM,Benjamin Constant/AM,5.0,atrasado
710043426,2026-10-03T13:29:07.733808+00:00,-3.45822,-68.95241,0.0,0.0,0.0,5,São Paulo de Olivença/AM,Benjamin Constant/AM,Benjamin Constant/AM,5.0,atrasado
710043426,2026-10-03T14:29:20.348568+00:00,-3.45822,-68.95241,0.0,0.0,0.0,5,São Paulo de Olivença/AM,Benjamin Constant/AM,Benjamin Constant/AM,5.0,atrasado
710043426,2026-10-03T15:29:32.963328+00:00,-3.45822,-68.95241,0.0,0.0,0.0,5,São Paulo de Olivença/AM,Benjamin Constant/AM,Benjamin Constant/AM,5.0,atrasado
710043426,2026-10-03T16:29:45.578087+00:00,-3.45822,-68.95241,0.0,0.0,0.0,5,São Paulo de Olivença/AM,Benjamin Constant/AM,Benjamin Constant/AM,5.0,atrasado
710043426,2026-10-03T17:29:58.192847+00:00,-3.45822,-68.95241,0.0,0.0,0.0,5,São Paulo de Olivença/AM,Benjamin Constant/AM,Benjamin Constant/AM,5.0,atrasado
710043426,2026-10-03T18:30:10.807607+00:00,-3.45822,-68.95241,0.0,0.0,0.0,5,São Paulo de Olivença/AM,Benjamin Constant/AM,Benjamin Constant/AM,5.0,atrasado
710043426,2026-10-03T19:30:23.422367+00:00,-3.45822,-68.95241,0.0,0.0,0.0,5,São Paulo de Olivença/AM,Benjamin Constant/AM,Benjamin Constant/AM,5.0,atrasado
710043426,2026-10-03T20:30:36.037127+00:00,-3.45822,-68.95241,0.0,0.0,0.0,5,São Paulo de Olivença/AM,Benjamin Constant/AM,Benjamin Constant/AM,5.0,atrasado
710043426,2026-10-03T21:30:48.651887+00:00,-3.45822,-68.95241,0.0,0.0,0.0,5,São Paulo de Olivença/AM,Benjamin Constant/AM,Benjamin Constant/AM,5.0,atrasado
710043426,2026-10-03T22:31:01.266646+00:00,-3.45822,-68.95241,0.0,0.0,0.0,5,São Paulo de Olivença/AM,Benjamin Constant/AM,Benjamin Constant/AM,5.0,atrasado
710043426,2026-10-03T23:31:13.881406+00:00,-3.45822,-68.95241,0.0,0.0,0.0,5,São Paulo de Olivença/AM,Benjamin Constant/AM,Benjamin Constant/AM,5.0,atrasado
710043426,2026-10-04T00:31:26.496166+00:00,-3.45822,-68.95241,0.0,0.0,0.0,5,São Paulo de Olivença/AM,Benjamin Constant/AM,Benjamin Constant/AM,5.0,atrasado
710043426,2026-10-04T01:31:39.110926+00:00,-3.45822,-68.95241,0.0,0.0,0.0,5,São Paulo de Olivença/AM,Benjamin Constant/AM,Benjamin Constant/AM,5.0,atrasado
710043426,2026-10-04T02:31:51.725686+00:00,-3.45822,-68.95241,0.0,0.0,0.0,5,São Paulo de Olivença/AM,Benjamin Constant/AM,Benjamin Constant/AM,5.0,atrasado
710043426,2026-10-04T03:32:04.340446+00:00,-3.45822,-68.95241,0.0,0.0,0.0,5,São Paulo de Olivença/AM,Benjamin Constant/AM,Benjamin Constant/AM,5.0,atrasado
710043426,2026-10-04T04:32:16.955205+00:00,-3.45822,-68.95241,0.0,0.0,0.0,5,São Paulo de Olivença/AM,Benjamin Constant/AM,Benjamin Constant/AM,5.0,atrasado
710043426,2026-10-04T05:32:29.569965+00:00,-3.45822,-68.95241,0.0,0.0,0.0,5,São Paulo de Olivença/AM,Benjamin Constant/AM,Benjamin Constant/AM,5.0,atrasado
710043426,2026-10-04T06:32:42.184725+00:00,-3.45822,-68.95241,0.0,0,0,5,São Paulo de Olivença/AM,Benjamin Constant/AM,Benjamin Constant/AM,5.0,atrasado
710269174,2026-09-26T04:18:13.948137+00:00,-3.15599,-58.44147,10.9,104.2,104.2,0,ITACOATIARA/AM,PARINTINS/AM,,1.55,atencao
710269174,2026-09-26T04:27:14.868889+00:00,-3.15941,-58.42795,10.9,90.2,90.2,0,ITACOATIARA/AM,PARINTINS/AM,,1.55,atencao
710269174,2026-09-26T04:35:49.492309+00:00,-3.15946,-58.41469,10.9,71.1,71.1,0,ITACOATIARA/AM,PARINTINS/AM,,1.55,atencao
710269174,2026-09-26T04:48:58.472931+00:00,-3.15289,-58.39544,10.9,61.5,61.5,0,ITACOATIARA/AM,PARINTINS/AM,,1.55,atencao
710269174,2026-09-26T04:58:29.656534+00:00,-3.14587,-58.38251,10.9,64.2,64.2,0,ITACOATIARA/AM,PARINTINS/AM,,1.55,atencao
710269174,2026-09-26T05:11:51.568637+00:00,-3.1369,-58.36389,10.9,50.5,50.5,0,ITACOATIARA/AM,PARINTINS/AM,,1.55,atencao
710269174,2026-09-26T05:24:35.708548+00:00,-3.12439,-58.34869,10.9,61.9,61.9,0,ITACOATIARA/AM,PARINTINS/AM,,1.55,atencao
710269174,2026-09-26T05:40:55.853615+00:00,-3.11249,-58.32641,10.9,69.6,69.6,0,ITACOATIARA/AM,PARINTINS/AM,,1.55,atencao
710269174,2026-09-26T05:57:51.203798+00:00,-3.10339,-58.30188,10.9,68.0,68.0,0,ITACOATIARA/AM,PARINTINS/AM,,1.55,atencao
710269174,2026-09-26T06:14:26.848441+00:00,-3.09381,-58.27808,10.9,75.8,75.8,0,ITACOATIARA/AM,PARINTINS/AM,,1.55,atencao
710269174,2026-09-26T06:33:22.932242+00:00,-3.08661,-58.24969,10.9,63.1,63.1,0,ITACOATIARA/AM,PARINTINS/AM,,1.55,atencao
710269174,2026-09-26T06:46:25.712502+00:00,-3.07751,-58.23169,10.9,47.4,47.4,0,ITACOATIARA/AM,PARINTINS/AM,,1.55,atencao
710269174,2026-09-26T06:56:51.298657+00:00,-3.06661,-58.21982,0.0,0.0,0.0,5,ITACOATIARA/AM,PARINTINS/AM,PARINTINS/AM,1.55,atencao
710269174,2026-09-26T08:05:00.385850+00:00,-3.06661,-58.21982,0.0,0.0,0.0,5,ITACOATIARA/AM,PARINTINS/AM,PARINTINS/AM,1.55,atencao
710269174,2026-09-26T09:13:09.473042+00:00,-3.06661,-58.21982,0.0,0.0,0.0,5,ITACOATIARA/AM,PARINTINS/AM,PARINTINS/AM,1.55,atencao
710269174,2026-09-26T10:21:18.560235+00:00,-3.06661,-58.21982,0.0,0.0,0.0,5,ITACOATIARA/AM,PARINTINS/AM,PARINTINS/AM,1.55,atencao
710269174,2026-09-26T11:29:27.647428+00:00,-3.06661,-58.21982,0.0,0.0,0.0,5,ITACOATIARA/AM,PARINTINS/AM,PARINTINS/AM,1.55,atencao
710269174,2026-09-26T12:37:36.734621+00:00,-3.06661,-58.21982,16.1,47.4,47.4,0,ITACOATIARA/AM,PARINTINS/AM,,1.6,atencao
710269174,2026-09-26T12:39:28.593710+00:00,-3.06372,-58.21667,16.1,50.3,50.3,0,ITACOATIARA/AM,PARINTINS/AM,,1.6,atencao
710269174,2026-09-26T12:48:59.073950+00:00,-3.0498,-58.19989,16.1,54.5,54.5,0,ITACOATIARA/AM,PARINTINS/AM,,1.6,atencao
710269174,2026-09-26T12:56:51.891050+00:00,-3.03931,-58.18518,16.1,43.4,43.4,0,ITACOATIARA/AM,PARINTINS/AM,,1.6,atencao
710269174,2026-09-26T13:04:45.286992+00:00,-3.02618,-58.17273,16.1,44.8,44.8,0,ITACOATIARA/AM,PARINTINS/AM,,1.6,atencao
710269174,2026-09-26T13:13:50.806070+00:00,-3.01141,-58.15802,16.1,33.8,33.8,0,ITACOATIARA/AM,PARINTINS/AM,,1.6,atencao
710269174,2026-09-26T13:21:09.503867+00:00,-2.9975,-58.14868,16.1,23.0,23.0,0,ITACOATIARA/AM,PARINTINS/AM,,1.6,atencao
710269174,2026-09-26T13:27:05.376105+00:00,-2.98498,-58.14337,16.1,19.4,19.4,0,ITACOATIARA/AM,PARINTINS/AM,,1.6,atencao
710269174,2026-09-26T13:33:06.279105+00:00,-2.97198,-58.13879,16.1,7.0,7.0,0,ITACOATIARA/AM,PARINTINS/AM,,1.6,atencao
710269174,2026-09-26T13:33:21.454281+00:00,-2.97141,-58.13872,0.0,0.0,0.0,5,ITACOATIARA/AM,PARINTINS/AM,PARINTINS/AM,1.6,atencao
710269174,2026-09-26T14:40:17.724944+00:00,-2.97141,-58.13872,0.0,0.0,0.0,5,ITACOATIARA/AM,PARINTINS/AM,PARINTINS/AM,1.6,atencao
710269174,2026-09-26T15:47:13.995608+00:00,-2.97141,-58.13872,0.0,0.0,0.0,5,ITACOATIARA/AM,PARINTINS/AM,PARINTINS/AM,1.6,atencao
710269174,2026-09-26T16:54:10.266271+00:00,-2.97141,-58.13872,0.0,0.0,0.0,5,ITACOATIARA/AM,PARINTINS/AM,PARINTINS/AM,1.6,atencao
710269174,2026-09-26T18:01:06.536935+00:00,-2.97141,-58.13872,0.0,0.0,0.0,5,ITACOATIARA/AM,PARINTINS/AM,PARINTINS/AM,1.6,atencao
710269174,2026-09-26T19:08:02.807598+00:00,-2.97141,-58.13872,15.9,7.2,7.2,0,ITACOATIARA/AM,PARINTINS/AM,,3.77,atrasado
710269174,2026-09-26T19:12:43.688661+00:00,-2.96088,-58.13739,15.9,8.2,8.2,0,ITACOATIARA/AM,PARINTINS/AM,,3.77,atrasado
710269174,2026-09-26T19:22:57.062530+00:00,-2.93793,-58.13409,15.9,14.2,14.2,0,ITACOATIARA/AM,PARINTINS/AM,,3.77,atrasado
710269174,2026-09-26T19:34:11.819278+00:00,-2.91321,-58.12781,15.9,33.3,33.3,0,ITACOATIARA/AM,PARINTINS/AM,,3.77,atrasado
710269174,2026-09-26T19:40:07.301672+00:00,-2.90198,-58.12042,15.9,30.8,30.8,0,ITACOATIARA/AM,PARINTINS/AM,,3.77,atrasado
710269174,2026-09-26T19:48:59.398309+00:00,-2.8847,-58.11011,15.9,25.7,25.7,0,ITACOATIARA/AM,PARINTINS/AM,,3.77,atrasado
710269174,2026-09-26T19:55:30.049374+00:00,-2.8714,-58.1037,15.9,26.7,26.7,0,ITACOATIARA/AM,PARINTINS/AM,,3.77,atrasado
710269174,2026-09-26T20:01:58.464534+00:00,-2.85827,-58.0971,15.9,50.6,50.6,0,ITACOATIARA/AM,PARINTINS/AM,,3.77,atrasado
710269174,2026-09-26T20:10:21.748962+00:00,-2.84619,-58.0824,15.9,52.6,52.6,0,ITACOATIARA/AM,PARINTINS/AM,,3.77,atrasado
710269174,2026-09-26T20:19:07.787406+00:00,-2.83411,-58.06659,15.9,60.6,60.6,0,ITACOATIARA/AM,PARINTINS/AM,,3.77,atrasado
710269174,2026-09-26T20:30:32.564011+00:00,-2.82141,-58.044,15.9,74.9,74.9,0,ITACOATIARA/AM,PARINTINS/AM,,3.77,atrasado
710269174,2026-09-26T20:38:58.888340+00:00,-2.81641,-58.02551,15.9,81.5,81.5,0,ITACOATIARA/AM,PARINTINS/AM,,3.77,atrasado
710269174,2026-09-26T20:48:15.004660+00:00,-2.81329,-58.0047,15.9,85.8,85.8,0,ITACOATIARA/AM,PARINTINS/AM,,3.77,atrasado
710269174,2026-09-26T20:59:43.903837+00:00,-2.8114,-57.9787,15.9,69.1,69.1,0,ITACOATIARA/AM,PARINTINS/AM,,3.77,atrasado
710269174,2026-09-26T21:12:13.453796+00:00,-2.80127,-57.95221,15.9,57.9,57.9,0,ITACOATIARA/AM,PARINTINS/AM,,3.77,atrasado
710269174,2026-09-26T21:20:01.715155+00:00,-2.79187,-57.93719,15.9,49.3,49.3,0,ITACOATIARA/AM,PARINTINS/AM,,3.77,atrasado
710269174,2026-09-26T21:24:44.375664+00:00,-2.78491,-57.92908,15.9,37.9,37.9,0,ITACOATIARA/AM,PARINTINS/AM,,3.77,atrasado
710269174,2026-09-26T21:28:35.549791+00:00,-2.77801,-57.9237,15.9,31.6,31.6,0,ITACOATIARA/AM,PARINTINS/AM,,3.77,atrasado
710269174,2026-09-26T21:33:21.854833+00:00,-2.7688,-57.91803,15.9,43.2,43.2,0,ITACOATIARA/AM,PARINTINS/AM,,3.77,atrasado
710269174,2026-09-26T21:35:57.112098+00:00,-2.76452,-57.914,15.9,54.4,54.4,0,ITACOATIARA/AM,PARINTINS/AM,,3.77,atrasado
710269174,2026-09-26T21:38:10.098566+00:00,-2.76159,-57.90991,15.9,61.6,61.6,0,ITACOATIARA/AM,PARINTINS/AM,,3.77,atrasado
710269174,2026-09-26T21:40:02.009210+00:00,-2.75958,-57.90619,15.9,66.2,66.2,0,ITACOATIARA/AM,PARINTINS/AM,,3.77,atrasado
710269174,2026-09-26T21:42:45.961883+00:00,-2.75708,-57.90051,15.9,70.5,70.5,0,ITACOATIARA/AM,PARINTINS/AM,,3.77,atrasado
710269174,2026-09-26T21:46:33.498524+00:00,-2.75421,-57.89239,15.9,78.1,78.1,0,ITACOATIARA/AM,PARINTINS/AM,,3.77,atrasado
710269174,2026-09-26T21:51:30.256916+00:00,-2.75189,-57.88141,15.9,91.2,91.2,0,ITACOATIARA/AM,PARINTINS/AM,,3.77,atrasado
710269174,2026-09-26T21:55:12.899304+00:00,-2.75207,-57.87298,15.9,104.0,104.0,0,ITACOATIARA/AM,PARINTINS/AM,,3.77,atrasado
710269174,2026-09-26T21:58:20.686798+00:00,-2.75378,-57.86609,15.9,109.3,109.3,0,ITACOATIARA/AM,PARINTINS/AM,,3.77,atrasado
710269174,2026-09-26T22:02:30.150518+00:00,-2.7569,-57.85718,15.9,107.0,107.0,0,ITACOATIARA/AM,PARINTINS/AM,,3.77,atrasado
710269174,2026-09-26T22:06:16.182901+00:00,-2.7594,-57.849,15.9,97.0,97.0,0,ITACOATIARA/AM,PARINTINS/AM,,3.77,atrasado
710269174,2026-09-26T22:09:06.843250+00:00,-2.76019,-57.84259,15.9,84.0,84.0,0,ITACOATIARA/AM,PARINTINS/AM,,3.77,atrasado
710269174,2026-09-26T22:11:11.715842+00:00,-2.7597,-57.83789,15.9,64.9,64.9,0,ITACOATIARA/AM,PARINTINS/AM,,3.77,atrasado
710269174,2026-09-26T22:12:58.530631+00:00,-2.75799,-57.83423,15.9,66.3,66.3,0,ITACOATIARA/AM,PARINTINS/AM,,3.77,atrasado
710269174,2026-09-26T22:14:54.821243+00:00,-2.75622,-57.8302,15.9,60.3,60.3,0,ITACOATIARA/AM,PARINTINS/AM,,3.77,atrasado
710269174,2026-09-26T22:18:13.541150+00:00,-2.7525,-57.82367,15.9,65.7,65.7,0,ITACOATIARA/AM,PARINTINS/AM,,3.77,atrasado
710269174,2026-09-26T22:20:22.791798+00:00,-2.75049,-57.81921,15.9,63.5,63.5,0,ITACOATIARA/AM,PARINTINS/AM,,3.77,atrasado
710269174,2026-09-26T22:26:35.804155+00:00,-2.7442,-57.80658,15.9,62.1,62.1,0,ITACOATIARA/AM,PARINTINS/AM,,3.77,atrasado
710269174,2026-09-26T22:31:07.890630+00:00,-2.73938,-57.79748,15.9,68.0,68.0,0,ITACOATIARA/AM,PARINTINS/AM,,3.77,atrasado
710269174,2026-09-26T22:35:21.921250+00:00,-2.73578,-57.78857,15.9,74.4,74.4,0,ITACOATIARA/AM,PARINTINS/AM,,3.77,atrasado
710269174,2026-09-26T22:37:40.857014+00:00,-2.73437,-57.78351,15.9,91.1,91.1,0,ITACOATIARA/AM,PARINTINS/AM,,3.77,atrasado
710269174,2026-09-26T22:40:47.987113+00:00,-2.7345,-57.77643,15.9,90.0,90.0,0,ITACOATIARA/AM,PARINTINS/AM,,3.77,atrasado
710269174,2026-09-26T22:42:55.417175+00:00,-2.7345,-57.77161,15.9,85.0,85.0,0,ITACOATIARA/AM,PARINTINS/AM,,3.77,atrasado
710269174,2026-09-26T22:45:24.366649+00:00,-2.73401,-57.76599,15.9,83.3,83.3,0,ITACOATIARA/AM,PARINTINS/AM,,3.77,atrasado
710269174,2026-09-26T22:48:11.637004+00:00,-2.73327,-57.7597,15.9,74.1,74.1,0,ITACOATIARA/AM,PARINTINS/AM,,3.77,atrasado
710269174,2026-09-26T22:51:43.008756+00:00,-2.73108,-57.75201,15.9,78.6,78.6,0,ITACOATIARA/AM,PARINTINS/AM,,3.77,atrasado
710269174,2026-09-26T22:55:16.868383+00:00,-2.72949,-57.74408,15.9,57.7,57.7,0,ITACOATIARA/AM,PARINTINS/AM,,3.77,atrasado
710269174,2026-09-26T22:58:54.427676+00:00,-2.7251,-57.73712,15.9,41.4,41.4,0,ITACOATIARA/AM,PARINTINS/AM,,3.77,atrasado
710269174,2026-09-26T23:01:40.229784+00:00,-2.7204,-57.73297,15.9,40.3,40.3,0,ITACOATIARA/AM,PARINTINS/AM,,3.77,atrasado
710269174,2026-09-26T23:06:21.902894+00:00,-2.71228,-57.72607,15.9,28.5,28.5,0,ITACOATIARA/AM,PARINTINS/AM,,3.77,atrasado
710269174,2026-09-26T23:09:51.398433+00:00,-2.70532,-57.72229,15.9,19.5,19.5,0,ITACOATIARA/AM,PARINTINS/AM,,3.77,atrasado
710269174,2026-09-26T23:15:01.395435+00:00,-2.69427,-57.71838,15.9,28.8,28.8,0,ITACOATIARA/AM,PARINTINS/AM,,3.77,atrasado
710269174,2026-09-26T23:20:56.845811+00:00,-2.68249,-57.71191,15.9,32.3,32.3,0,ITACOATIARA/AM,PARINTINS/AM,,3.77,atrasado
710269174,2026-09-26T23:31:00.548238+00:00,-2.66321,-57.69971,15.9,35.5,35.5,0,ITACOATIARA/AM,PARINTINS/AM,,3.77,atrasado
710269174,2026-09-26T23:35:30.213547+00:00,-2.65491,-57.69378,15.9,33.8,33.8,0,ITACOATIARA/AM,PARINTINS/AM,,3.77,atrasado
710269174,2026-09-26T23:43:57.473293+00:00,-2.63898,-57.6831,15.9,33.2,33.2,0,ITACOATIARA/AM,PARINTINS/AM,,3.77,atrasado
710269174,2026-09-26T23:53:52.069935+00:00,-2.62018,-57.67077,15.9,32.7,32.7,0,ITACOATIARA/AM,PARINTINS/AM,,3.77,atrasado
710269174,2026-09-26T23:58:59.265373+00:00,-2.61041,-57.66449,15.9,34.3,34.3,0,ITACOATIARA/AM,PARINTINS/AM,,3.77,atrasado
710269174,2026-09-27T00:06:05.525719+00:00,-2.5971,-57.65539,15.9,35.8,35.8,0,ITACOATIARA/AM,PARINTINS/AM,,3.77,atrasado
710269174,2026-09-27T00:11:47.798579+00:00,-2.58661,-57.64783,15.9,33.9,33.9,0,ITACOATIARA/AM,PARINTINS/AM,,3.77,atrasado
710269174,2026-09-27T00:23:16.404345+00:00,-2.565,-57.6333,15.9,34.4,34.4,0,ITACOATIARA/AM,PARINTINS/AM,,3.77,atrasado
710269174,2026-09-27T00:36:50.439425+00:00,-2.53961,-57.6159,15.9,33.3,33.3,0,ITACOATIARA/AM,PARINTINS/AM,,3.77,atrasado
710269174,2026-09-27T00:41:28.926195+00:00,-2.53082,-57.61011,15.9,32.6,32.6,0,ITACOATIARA/AM,PARINTINS/AM,,3.77,atrasado
710269174,2026-09-27T00:47:37.007832+00:00,-2.5191,-57.6026,15.9,34.4,34.4,0,ITACOATIARA/AM,PARINTINS/AM,,3.77,atrasado
710269174,2026-09-27T00:53:19.579171+00:00,-2.50842,-57.59527,15.9,26.2,26.2,0,ITACOATIARA/AM,PARINTINS/AM,,3.77,atrasado
710269174,2026-09-27T00:56:55.464191+00:00,-2.5011,-57.59167,15.9,24.7,24.7,0,ITACOATIARA/AM,PARINTINS/AM,,3.77,atrasado
710269174,2026-09-27T01:02:27.766149+00:00,-2.48968,-57.58642,15.9,10.6,10.6,0,ITACOATIARA/AM,PARINTINS/AM,,3.77,atrasado
710269174,2026-09-27T01:08:25.960078+00:00,-2.47638,-57.58392,15.9,13.3,13.3,0,ITACOATIARA/AM,PARINTINS/AM,,3.77,atrasado
710269174,2026-09-27T01:13:49.479596+00:00,-2.46448,-57.58111,15.9,5.9,5.9,0,ITACOATIARA/AM,PARINTINS/AM,,3.77,atrasado
710269174,2026-09-27T01:18:12.517836+00:00,-2.45459,-57.58008,15.9,18.0,18.0,0,ITACOATIARA/AM,PARINTINS/AM,,3.77,atrasado
710269174,2026-09-27T01:25:40.828635+00:00,-2.43847,-57.57483,15.9,23.6,23.6,0,ITACOATIARA/AM,PARINTINS/AM,,3.77,atrasado
710269174,2026-09-27T01:30:35.104650+00:00,-2.42828,-57.57037,15.9,41.1,41.1,0,ITACOATIARA/AM,PARINTINS/AM,,3.77,atrasado
710269174,2026-09-27T01:38:11.561858+00:00,-2.41528,-57.55902,15.9,48.9,48.9,0,ITACOATIARA/AM,PARINTINS/AM,,3.77,atrasado
710269174,2026-09-27T01:41:32.886533+00:00,-2.41028,-57.55328,0.0,0.0,0.0,5,ITACOATIARA/AM,PARINTINS/AM,PARINTINS/AM,3.77,atrasado
710269174,2026-09-27T02:45:06.803243+00:00,-2.41028,-57.55328,0.0,0.0,0.0,5,ITACOATIARA/AM,PARINTINS/AM,PARINTINS/AM,3.77,atrasado
710269174,2026-09-27T03:48:40.719954+00:00,-2.41028,-57.55328,0.0,0.0,0.0,5,ITACOATIARA/AM,PARINTINS/AM,PARINTINS/AM,3.77,atrasado
710269174,2026-09-27T04:52:14.636665+00:00,-2.41028,-57.55328,0.0,0.0,0.0,5,ITACOATIARA/AM,PARINTINS/AM,PARINTINS/AM,3.77,atrasado
710269174,2026-09-27T05:55:48.553376+00:00,-2.41028,-57.55328,0.0,0.0,0.0,5,ITACOATIARA/AM,PARINTINS/AM,PARINTINS/AM,3.77,atrasado
710269174,2026-09-27T06:59:22.470087+00:00,-2.41028,-57.55328,0.0,0.0,0.0,5,ITACOATIARA/AM,PARINTINS/AM,PARINTINS/AM,3.77,atrasado
710269174,2026-09-27T08:02:56.386797+00:00,-2.41028,-57.55328,30.0,47.5,47.5,0,ITACOATIARA/AM,PARINTINS/AM,,3.6,atrasado
710269174,2026-09-27T08:09:54.887951+00:00,-2.3902,-57.53131,30.0,68.9,68.9,0,ITACOATIARA/AM,PARINTINS/AM,,3.6,atrasado
710269174,2026-09-27T08:16:52.307308+00:00,-2.37952,-57.5036,30.0,91.6,91.6,0,ITACOATIARA/AM,PARINTINS/AM,,3.6,atrasado
710269174,2026-09-27T08:23:24.482675+00:00,-2.38031,-57.47571,30.0,97.5,97.5,0,ITACOATIARA/AM,PARINTINS/AM,,3.6,atrasado
710269174,2026-09-27T08:32:13.087880+00:00,-2.38519,-57.43841,30.0,111.8,111.8,0,ITACOATIARA/AM,PARINTINS/AM,,3.6,atrasado
710269174,2026-09-27T08:42:47.930679+00:00,-2.40198,-57.39648,30.0,126.1,126.1,0,ITACOATIARA/AM,PARINTINS/AM,,3.6,atrasado
710269174,2026-09-27T08:49:31.421396+00:00,-2.41888,-57.37329,30.0,127.4,127.4,0,ITACOATIARA/AM,PARINTINS/AM,,3.6,atrasado
710269174,2026-09-27T08:55:16.037848+00:00,-2.43377,-57.35382,30.0,143.5,143.5,0,ITACOATIARA/AM,PARINTINS/AM,,3.6,atrasado
710269174,2026-09-27T09:01:39.520463+00:00,-2.45569,-57.33758,30.0,142.0,142.0,0,ITACOATIARA/AM,PARINTINS/AM,,3.6,atrasado
710269174,2026-09-27T09:06:10.960556+00:00,-2.47088,-57.32568,30.0,150.8,150.8,0,ITACOATIARA/AM,PARINTINS/AM,,3.6,atrasado
710269174,2026-09-27T09:15:12.785108+00:00,-2.50452,-57.30688,30.0,152.5,152.5,0,ITACOATIARA/AM,PARINTINS/AM,,3.6,atrasado
710269174,2026-09-27T09:27:13.030928+00:00,-2.54992,-57.2832,30.0,156.9,156.9,0,ITACOATIARA/AM,PARINTINS/AM,,3.6,atrasado
710269174,2026-09-27T09:35:38.784016+00:00,-2.58301,-57.2691,30.0,145.1,145.1,0,ITACOATIARA/AM,PARINTINS/AM,,3.6,atrasado
710269174,2026-09-27T09:44:41.879280+00:00,-2.61468,-57.24701,30.0,117.7,117.7,0,ITACOATIARA/AM,PARINTINS/AM,,3.6,atrasado
710269174,2026-09-27T09:51:19.022911+00:00,-2.62781,-57.22198,30.0,99.9,99.9,0,ITACOATIARA/AM,PARINTINS/AM,,3.6,atrasado
710269174,2026-09-27T09:56:19.358051+00:00,-2.63147,-57.20093,30.0,88.4,88.4,0,ITACOATIARA/AM,PARINTINS/AM,,3.6,atrasado
710269174,2026-09-27T10:03:43.775642+00:00,-2.63061,-57.16931,30.0,78.1,78.1,0,ITACOATIARA/AM,PARINTINS/AM,,3.6,atrasado
710269174,2026-09-27T10:09:00.190921+00:00,-2.62597,-57.14728,30.0,73.3,73.3,0,ITACOATIARA/AM,PARINTINS/AM,,3.6,atrasado
710269174,2026-09-27T10:11:59.287328+00:00,-2.62231,-57.13507,30.0,58.8,58.8,0,ITACOATIARA/AM,PARINTINS/AM,,3.6,atrasado
710269174,2026-09-27T10:14:31.706080+00:00,-2.6167,-57.12579,30.0,52.4,52.4,0,ITACOATIARA/AM,PARINTINS/AM,,3.6,atrasado
710269174,2026-09-27T10:17:20.582640+00:00,-2.60937,-57.11627,30.0,43.3,43.3,0,ITACOATIARA/AM,PARINTINS/AM,,3.6,atrasado
710269174,2026-09-27T10:21:50.712797+00:00,-2.5954,-57.10309,30.0,40.6,40.6,0,ITACOATIARA/AM,PARINTINS/AM,,3.6,atrasado
710269174,2026-09-27T10:27:18.734651+00:00,-2.5777,-57.08789,30.0,40.3,40.3,0,ITACOATIARA/AM,PARINTINS/AM,,3.6,atrasado
710269174,2026-09-27T10:33:53.869626+00:00,-2.55627,-57.0697,30.0,61.9,61.9,0,ITACOATIARA/AM,PARINTINS/AM,,3.6,atrasado
710269174,2026-09-27T10:40:51.052783+00:00,-2.5423,-57.04352,30.0,84.8,84.8,0,ITACOATIARA/AM,PARINTINS/AM,,3.6,atrasado
710269174,2026-09-27T10:45:15.465222+00:00,-2.54059,-57.02478,30.0,91.0,91.0,0,ITACOATIARA/AM,PARINTINS/AM,,3.6,atrasado
710269174,2026-09-27T10:53:09.002929+00:00,-2.5412,-56.99109,30.0,101.9,101.9,0,ITACOATIARA/AM,PARINTINS/AM,,3.6,atrasado
710269174,2026-09-27T11:00:52.618269+00:00,-2.54797,-56.9588,30.0,109.6,109.6,0,ITACOATIARA/AM,PARINTINS/AM,,3.6,atrasado
710269174,2026-09-27T11:15:26.503986+00:00,-2.56879,-56.90021,30.0,113.7,113.7,0,ITACOATIARA/AM,PARINTINS/AM,,3.6,atrasado
710269174,2026-09-27T11:26:32.551354+00:00,-2.58783,-56.85681,30.0,108.7,108.7,0,ITACOATIARA/AM,PARINTINS/AM,,3.6,atrasado
710269174,2026-09-27T11:35:52.140289+00:00,-2.60058,-56.81909,30.0,106.4,106.4,0,ITACOATIARA/AM,PARINTINS/AM,,3.6,atrasado
710269174,2026-09-27T11:43:36.699952+00:00,-2.60991,-56.78737,30.0,108.8,108.8,0,ITACOATIARA/AM,PARINTINS/AM,,3.6,atrasado
710269174,2026-09-27T11:50:51.239805+00:00,-2.61984,-56.75809,30.0,99.9,99.9,0,ITACOATIARA/AM,PARINTINS/AM,,3.6,atrasado
710269174,2026-09-27T11:54:34.016161+00:00,-2.62256,-56.74247,30.0,81.1,81.1,0,ITACOATIARA/AM,PARINTINS/AM,,3.6,atrasado
710269174,2026-09-27T11:56:29.123196+00:00,-2.62129,-56.73438,0.0,0.0,0.0,5,ITACOATIARA/AM,PARINTINS/AM,PARINTINS/AM,3.6,atrasado
710269174,2026-09-27T12:58:43.915525+00:00,-2.62129,-56.73438,0.0,0.0,0.0,5,ITACOATIARA/AM,PARINTINS/AM,PARINTINS/AM,3.6,atrasado
710269174,2026-09-27T14:00:58.707855+00:00,-2.62129,-56.73438,0.0,0.0,0.0,5,ITACOATIARA/AM,PARINTINS/AM,PARINTINS/AM,3.6,atrasado
710269174,2026-09-27T15:03:13.500184+00:00,-2.62129,-56.73438,0.0,0.0,0.0,5,ITACOATIARA/AM,PARINTINS/AM,PARINTINS/AM,3.6,atrasado
710269174,2026-09-27T16:05:28.292513+00:00,-2.62129,-56.73438,0.0,0.0,0.0,5,ITACOATIARA/AM,PARINTINS/AM,PARINTINS/AM,3.6,atrasado
710269174,2026-09-27T17:07:43.084842+00:00,-2.62129,-56.73438,0.0,0.0,0.0,5,ITACOATIARA/AM,PARINTINS/AM,PARINTINS/AM,3.6,atrasado
710269174,2026-09-27T18:09:57.877172+00:00,-2.62129,-56.73438,0.0,67.8,67.8,5,ITACOATIARA/AM,PARINTINS/AM,PARINTINS/AM,3.6,atrasado
710269174,2026-09-27T18:33:34.132343+00:00,-2.59411,-56.66778,0.0,247.8,247.8,5,PARINTINS/AM,JURUTI/PA,JURUTI/PA,3.9,atrasado
710269174,2026-09-27T19:12:12.669501+00:00,-2.62129,-56.73438,84.2,67.9,67.9,0,PARINTINS/AM,JURUTI/PA,,3.9,atrasado
710269174,2026-09-27T19:13:07.909801+00:00,-2.61714,-56.72415,84.2,64.6,64.6,0,PARINTINS/AM,JURUTI/PA,,3.9,atrasado
710269174,2026-09-27T19:13:54.718102+00:00,-2.61313,-56.71569,84.2,69.3,69.3,0,PARINTINS/AM,JURUTI/PA,,3.9,atrasado
710269174,2026-09-27T19:15:49.223588+00:00,-2.60506,-56.69427,84.2,67.1,67.1,0,PARINTINS/AM,JURUTI/PA,,3.9,atrasado
710269174,2026-09-27T19:16:51.522746+00:00,-2.60022,-56.6828,84.2,69.6,69.6,0,PARINTINS/AM,JURUTI/PA,,3.9,atrasado
710269174,2026-09-27T19:17:43.304364+00:00,-2.59662,-56.67309,84.2,64.7,64.7,0,PARINTINS/AM,JURUTI/PA,,3.9,atrasado
710269174,2026-09-27T19:42:42.524207+00:00,-2.59411,-56.66778,0.0,0.0,0.0,5,PARINTINS/AM,JURUTI/PA,JURUTI/PA,3.9,atrasado
710269174,2026-09-27T20:51:50.916071+00:00,-2.59411,-56.66778,0.0,0.0,0.0,5,PARINTINS/AM,JURUTI/PA,JURUTI/PA,3.9,atrasado
710269174,2026-09-27T22:00:59.307935+00:00,-2.59411,-56.66778,0.0,0.0,0.0,5,PARINTINS/AM,JURUTI/PA,JURUTI/PA,3.9,atrasado
710269174,2026-09-27T23:10:07.699799+00:00,-2.59411,-56.66778,0.0,0.0,0.0,5,PARINTINS/AM,JURUTI/PA,JURUTI/PA,3.9,atrasado
710269174,2026-09-28T00:19:16.091663+00:00,-2.59411,-56.66778,0.0,0.0,0.0,5,PARINTINS/AM,JURUTI/PA,JURUTI/PA,3.9,atrasado
710269174,2026-09-28T01:28:24.483528+00:00,-2.59411,-56.66778,117.2,63.3,63.3,0,PARINTINS/AM,JURUTI/PA,,3.54,atrasado
710269174,2026-09-28T01:28:56.661089+00:00,-2.59009,-56.65979,117.2,56.5,56.5,0,PARINTINS/AM,JURUTI/PA,,3.54,atrasado
710269174,2026-09-28T01:29:54.772172+00:00,-2.58117,-56.6463,117.2,63.2,63.2,0,PARINTINS/AM,JURUTI/PA,,3.54,atrasado
710269174,2026-09-28T01:30:35.094856+00:00,-2.57611,-56.63629,117.2,65.3,65.3,0,PARINTINS/AM,JURUTI/PA,,3.54,atrasado
710269174,2026-09-28T01:32:25.598316+00:00,-2.56327,-56.60835,117.2,60.7,60.7,0,PARINTINS/AM,JURUTI/PA,,3.54,atrasado
710269174,2026-09-28T01:33:37.979443+00:00,-2.55342,-56.59079,117.2,53.6,53.6,0,PARINTINS/AM,JURUTI/PA,,3.54,atrasado
710269174,2026-09-28T01:34:36.197476+00:00,-2.54382,-56.57775,117.2,48.4,48.4,0,PARINTINS/AM,JURUTI/PA,,3.54,atrasado
710269174,2026-09-28T01:35:45.643426+00:00,-2.531,-56.56329,117.2,52.8,52.8,0,PARINTINS/AM,JURUTI/PA,,3.54,atrasado
710269174,2026-09-28T01:37:27.275067+00:00,-2.51391,-56.54077,117.2,57.4,57.4,0,PARINTINS/AM,JURUTI/PA,,3.54,atrasado
710269174,2026-09-28T01:38:38.910703+00:00,-2.50317,-56.52399,117.2,49.7,49.7,0,PARINTINS/AM,JURUTI/PA,,3.54,atrasado
710269174,2026-09-28T01:40:15.585850+00:00,-2.48578,-56.50348,117.2,36.1,36.1,0,PARINTINS/AM,JURUTI/PA,,3.54,atrasado
710269174,2026-09-28T01:41:12.307202+00:00,-2.47304,-56.49417,117.2,34.8,34.8,0,PARINTINS/AM,JURUTI/PA,,3.54,atrasado
710269174,2026-09-28T01:42:59.347091+00:00,-2.44861,-56.47717,117.2,34.4,34.4,0,PARINTINS/AM,JURUTI/PA,,3.54,atrasado
710269174,2026-09-28T01:45:15.107761+00:00,-2.41748,-56.45581,117.2,32.5,32.5,0,PARINTINS/AM,JURUTI/PA,,3.54,atrasado
710269174,2026-09-28T01:46:40.777711+00:00,-2.3974,-56.44299,117.2,28.5,28.5,0,PARINTINS/AM,JURUTI/PA,,3.54,atrasado
710269174,2026-09-28T01:48:36.188170+00:00,-2.3692,-56.42767,117.2,16.9,16.9,0,PARINTINS/AM,JURUTI/PA,,3.54,atrasado
710269174,2026-09-28T01:50:12.095961+00:00,-2.34369,-56.41992,117.2,18.7,18.7,0,PARINTINS/AM,JURUTI/PA,,3.54,atrasado
710269174,2026-09-28T01:50:32.598915+00:00,-2.33829,-56.41809,0.0,0.0,0.0,5,PARINTINS/AM,JURUTI/PA,JURUTI/PA,3.54,atrasado
710269174,2026-09-28T02:59:22.811603+00:00,-2.33829,-56.41809,0.0,0.0,0.0,5,PARINTINS/AM,JURUTI/PA,JURUTI/PA,3.54,atrasado
710269174,2026-09-28T04:08:13.024291+00:00,-2.33829,-56.41809,0.0,0.0,0.0,5,PARINTINS/AM,JURUTI/PA,JURUTI/PA,3.54,atrasado
710269174,2026-09-28T05:17:03.236978+00:00,-2.33829,-56.41809,0.0,0.0,0.0,5,PARINTINS/AM,JURUTI/PA,JURUTI/PA,3.54,atrasado
710269174,2026-09-28T06:25:53.449666+00:00,-2.33829,-56.41809,0.0,0.0,0.0,5,PARINTINS/AM,JURUTI/PA,JURUTI/PA,3.54,atrasado
710269174,2026-09-28T07:34:43.662353+00:00,-2.33829,-56.41809,0.0,0.0,0.0,5,PARINTINS/AM,JURUTI/PA,JURUTI/PA,3.54,atrasado
710269174,2026-09-28T08:43:33.875041+00:00,-2.33829,-56.41809,30.7,18.7,18.7,0,PARINTINS/AM,JURUTI/PA,,4.18,atrasado
710269174,2026-09-28T08:51:56.738512+00:00,-2.30359,-56.40631,30.7,34.9,34.9,0,PARINTINS/AM,JURUTI/PA,,4.18,atrasado
710269174,2026-09-28T09:00:56.828615+00:00,-2.2713,-56.38379,30.7,58.9,58.9,0,PARINTINS/AM,JURUTI/PA,,4.18,atrasado
710269174,2026-09-28T09:05:17.839900+00:00,-2.26147,-56.36749,30.7,70.9,70.9,0,PARINTINS/AM,JURUTI/PA,,4.18,atrasado
710269174,2026-09-28T09:08:47.747825+00:00,-2.25647,-56.35303,30.7,76.0,76.0,0,PARINTINS/AM,JURUTI/PA,,4.18,atrasado
710269174,2026-09-28T09:14:19.860962+00:00,-2.25061,-56.32953,30.7,68.5,68.5,0,PARINTINS/AM,JURUTI/PA,,4.18,atrasado
710269174,2026-09-28T09:24:46.738407+00:00,-2.23388,-56.28699,30.7,56.9,56.9,0,PARINTINS/AM,JURUTI/PA,,4.18,atrasado
710269174,2026-09-28T09:35:40.848448+00:00,-2.20788,-56.24701,30.7,64.8,64.8,0,PARINTINS/AM,JURUTI/PA,,4.18,atrasado
710269174,2026-09-28T09:55:29.064758+00:00,-2.17108,-56.16858,30.7,70.4,70.4,0,PARINTINS/AM,JURUTI/PA,,4.18,atrasado
710269174,2026-09-28T10:02:51.477753+00:00,-2.16028,-56.13818,30.7,80.0,80.0,0,PARINTINS/AM,JURUTI/PA,,4.18,atrasado
710269174,2026-09-28T10:07:35.375479+00:00,-2.15668,-56.1178,30.7,68.3,68.3,0,PARINTINS/AM,JURUTI/PA,,4.18,atrasado
710269174,2026-09-28T10:11:10.663665+00:00,-2.15088,-56.10321,30.7,46.2,46.2,0,PARINTINS/AM,JURUTI/PA,,4.18,atrasado
710269174,2026-09-28T10:12:06.684601+00:00,-2.14805,-56.10026,0.0,0.0,0.0,5,PARINTINS/AM,JURUTI/PA,JURUTI/PA,4.18,atrasado
710269174,2026-09-28T11:20:47.958105+00:00,-2.14805,-56.10026,0.0,0.0,0.0,5,PARINTINS/AM,JURUTI/PA,JURUTI/PA,4.18,atrasado
710269174,2026-09-28T12:29:29.231608+00:00,-2.14805,-56.10026,0.0,0.0,0.0,5,PARINTINS/AM,JURUTI/PA,JURUTI/PA,4.18,atrasado
710269174,2026-09-28T13:38:10.505112+00:00,-2.14805,-56.10026,0.0,0.0,0.0,5,PARINTINS/AM,JURUTI/PA,JURUTI/PA,4.18,atrasado
710269174,2026-09-28T14:46:51.778615+00:00,-2.14805,-56.10026,0.0,0.0,0.0,5,PARINTINS/AM,JURUTI/PA,JURUTI/PA,4.18,atrasado
710269174,2026-09-28T15:55:33.052119+00:00,-2.14805,-56.10026,0.0,3.3,3.3,5,PARINTINS/AM,JURUTI/PA,JURUTI/PA,4.18,atrasado
710269174,2026-09-28T17:03:40.050215+00:00,-2.0054,-56.09211,0.0,183.3,183.3,5,JURUTI/PA,ÓBIDOS/PA,ÓBIDOS/PA,4.39,atrasado
710269174,2026-09-28T17:04:14.325622+00:00,-2.14805,-56.10026,173.1,46.2,46.2,0,JURUTI/PA,ÓBIDOS/PA,,4.39,atrasado
710269174,2026-09-28T17:04:24.985396+00:00,-2.14502,-56.0971,173.1,28.1,28.1,0,JURUTI/PA,ÓBIDOS/PA,,4.39,atrasado
710269174,2026-09-28T17:04:39.484309+00:00,-2.13977,-56.0943,173.1,14.4,14.4,0,JURUTI/PA,ÓBIDOS/PA,,4.39,atrasado
710269174,2026-09-28T17:05:08.659973+00:00,-2.12817,-56.09131,173.1,6.4,6.4,0,JURUTI/PA,ÓBIDOS/PA,,4.39,atrasado
710269174,2026-09-28T17:05:24.520068+00:00,-2.1217,-56.09058,173.1,20.1,20.1,0,JURUTI/PA,ÓBIDOS/PA,,4.39,atrasado
710269174,2026-09-28T17:05:42.723332+00:00,-2.11468,-56.08801,173.1,19.9,19.9,0,JURUTI/PA,ÓBIDOS/PA,,4.39,atrasado
710269174,2026-09-28T17:06:13.717735+00:00,-2.10272,-56.08368,173.1,12.5,12.5,0,JURUTI/PA,ÓBIDOS/PA,,4.39,atrasado
710269174,2026-09-28T17:06:38.538989+00:00,-2.09277,-56.08148,173.1,0.8,0.8,0,JURUTI/PA,ÓBIDOS/PA,,4.39,atrasado
710269174,2026-09-28T17:07:45.457092+00:00,-2.06531,-56.08111,173.1,349.7,349.7,0,JURUTI/PA,ÓBIDOS/PA,,4.39,atrasado
710269174,2026-09-28T17:08:31.100923+00:00,-2.04687,-56.08447,173.1,346.4,346.4,0,JURUTI/PA,ÓBIDOS/PA,,4.39,atrasado
710269174,2026-09-28T17:09:15.926768+00:00,-2.02899,-56.08881,173.1,349.9,349.9,0,JURUTI/PA,ÓBIDOS/PA,,4.39,atrasado
710269174,2026-09-28T17:10:08.631325+00:00,-2.00769,-56.09259,173.1,11.8,11.8,0,JURUTI/PA,ÓBIDOS/PA,,4.39,atrasado
710269174,2026-09-28T18:10:15.009157+00:00,-2.0054,-56.09211,0.0,0.0,0.0,5,JURUTI/PA,ÓBIDOS/PA,ÓBIDOS/PA,4.39,atrasado
710269174,2026-09-28T19:16:49.968100+00:00,-2.0054,-56.09211,0.0,0.0,0.0,5,JURUTI/PA,ÓBIDOS/PA,ÓBIDOS/PA,4.39,atrasado
710269174,2026-09-28T20:23:24.927042+00:00,-2.0054,-56.09211,0.0,0.0,0.0,5,JURUTI/PA,ÓBIDOS/PA,ÓBIDOS/PA,4.39,atrasado
710269174,2026-09-28T21:29:59.885984+00:00,-2.0054,-56.09211,0.0,0.0,0.0,5,JURUTI/PA,ÓBIDOS/PA,ÓBIDOS/PA,4.39,atrasado
710269174,2026-09-28T22:36:34.844926+00:00,-2.0054,-56.09211,25.0,11.9,11.9,0,JURUTI/PA,ÓBIDOS/PA,,4.08,atrasado
710269174,2026-09-28T22:43:58.695821+00:00,-1.97967,-56.08667,25.0,22.5,22.5,0,JURUTI/PA,ÓBIDOS/PA,,4.08,atrasado
710269174,2026-09-28T22:47:37.160850+00:00,-1.96771,-56.08172,25.0,42.5,42.5,0,JURUTI/PA,ÓBIDOS/PA,,4.08,atrasado
710269174,2026-09-28T22:52:55.728759+00:00,-1.95379,-56.06897,25.0,63.3,63.3,0,JURUTI/PA,ÓBIDOS/PA,,4.08,atrasado
710269174,2026-09-28T22:58:30.981148+00:00,-1.94488,-56.05121,25.0,74.5,74.5,0,JURUTI/PA,ÓBIDOS/PA,,4.08,atrasado
710269174,2026-09-28T23:01:50.843800+00:00,-1.94171,-56.03979,25.0,91.3,91.3,0,JURUTI/PA,ÓBIDOS/PA,,4.08,atrasado
710269174,2026-09-28T23:06:36.106447+00:00,-1.94208,-56.02289,25.0,111.0,111.0,0,JURUTI/PA,ÓBIDOS/PA,,4.08,atrasado
710269174,2026-09-28T23:09:45.804805+00:00,-1.9461,-56.01239,25.0,115.5,115.5,0,JURUTI/PA,ÓBIDOS/PA,,4.08,atrasado
710269174,2026-09-28T23:17:40.227821+00:00,-1.95819,-55.987,25.0,110.3,110.3,0,JURUTI/PA,ÓBIDOS/PA,,4.08,atrasado
710269174,2026-09-28T23:26:25.088661+00:00,-1.96899,-55.95782,25.0,120.2,120.2,0,JURUTI/PA,ÓBIDOS/PA,,4.08,atrasado
710269174,2026-09-28T23:38:49.881356+00:00,-1.99121,-55.91968,25.0,115.9,115.9,0,JURUTI/PA,ÓBIDOS/PA,,4.08,atrasado
710269174,2026-09-28T23:44:10.417447+00:00,-1.99951,-55.90259,25.0,99.1,99.1,0,JURUTI/PA,ÓBIDOS/PA,,4.08,atrasado
710269174,2026-09-28T23:54:50.591866+00:00,-2.00549,-55.86511,25.0,89.1,89.1,0,JURUTI/PA,ÓBIDOS/PA,,4.08,atrasado
710269174,2026-09-29T00:03:54.287140+00:00,-2.005,-55.83288,25.0,90.4,90.4,0,JURUTI/PA,ÓBIDOS/PA,,4.08,atrasado
710269174,2026-09-29T00:11:18.050054+00:00,-2.00519,-55.80658,25.0,87.0,87.0,0,JURUTI/PA,ÓBIDOS/PA,,4.08,atrasado
710269174,2026-09-29T00:16:36.623023+00:00,-2.00421,-55.78772,25.0,77.3,77.3,0,JURUTI/PA,ÓBIDOS/PA,,4.08,atrasado
710269174,2026-09-29T00:23:49.259156+00:00,-1.99859,-55.76269,25.0,68.5,68.5,0,JURUTI/PA,ÓBIDOS/PA,,4.08,atrasado
710269174,2026-09-29T00:29:26.754846+00:00,-1.99127,-55.74408,25.0,60.5,60.5,0,JURUTI/PA,ÓBIDOS/PA,,4.08,atrasado
710269174,2026-09-29T00:35:26.437138+00:00,-1.98077,-55.72552,25.0,55.0,55.0,0,JURUTI/PA,ÓBIDOS/PA,,4.08,atrasado
710269174,2026-09-29T00:43:45.537755+00:00,-1.96381,-55.70129,25.0,58.6,58.6,0,JURUTI/PA,ÓBIDOS/PA,,4.08,atrasado
710269174,2026-09-29T00:52:01.460496+00:00,-1.94849,-55.67621,25.0,57.3,57.3,0,JURUTI/PA,ÓBIDOS/PA,,4.08,atrasado
710269174,2026-09-29T01:09:04.687273+00:00,-1.91571,-55.62518,25.0,50.1,50.1,0,JURUTI/PA,ÓBIDOS/PA,,4.08,atrasado
710269174,2026-09-29T01:13:02.313496+00:00,-1.90668,-55.61438,25.0,68.2,68.2,0,JURUTI/PA,ÓBIDOS/PA,,4.08,atrasado
710269174,2026-09-29T01:16:16.399460+00:00,-1.9024,-55.6037,25.0,68.3,68.3,0,JURUTI/PA,ÓBIDOS/PA,,4.08,atrasado
710269174,2026-09-29T01:18:38.276042+00:00,-1.89929,-55.59589,25.0,68.7,68.7,0,JURUTI/PA,ÓBIDOS/PA,,4.08,atrasado
710269174,2026-09-29T01:21:19.666453+00:00,-1.89581,-55.58697,0.0,0.0,0.0,5,JURUTI/PA,ÓBIDOS/PA,ÓBIDOS/PA,4.08,atrasado
710269174,2026-09-29T02:28:18.379281+00:00,-1.89581,-55.58697,0.0,0.0,0.0,5,JURUTI/PA,ÓBIDOS/PA,ÓBIDOS/PA,4.08,atrasado
710269174,2026-09-29T03:35:17.092108+00:00,-1.89581,-55.58697,0.0,0.0,0.0,5,JURUTI/PA,ÓBIDOS/PA,ÓBIDOS/PA,4.08,atrasado
710269174,2026-09-29T04:42:15.804936+00:00,-1.89581,-55.58697,0.0,0.0,0.0,5,JURUTI/PA,ÓBIDOS/PA,ÓBIDOS/PA,4.08,atrasado
710269174,2026-09-29T05:49:14.517763+00:00,-1.89581,-55.58697,0.0,0.0,0.0,5,JURUTI/PA,ÓBIDOS/PA,ÓBIDOS/PA,4.08,atrasado
710269174,2026-09-29T06:56:13.230591+00:00,-1.89581,-55.58697,0.0,109.3,109.3,5,JURUTI/PA,ÓBIDOS/PA,ÓBIDOS/PA,4.08,atrasado
710269174,2026-09-29T07:28:09.325284+00:00,-1.92006,-55.51763,0.0,289.3,289.3,5,JURUTI/PA,ÓBIDOS/PA,ÓBIDOS/PA,3.86,atrasado
710269174,2026-09-29T08:03:11.943418+00:00,-1.89581,-55.58697,86.8,101.3,101.3,0,JURUTI/PA,ÓBIDOS/PA,,3.86,atrasado
710269174,2026-09-29T08:03:46.982056+00:00,-1.89722,-55.57989,86.8,104.1,104.1,0,JURUTI/PA,ÓBIDOS/PA,,3.86,atrasado
710269174,2026-09-29T08:04:42.893759+00:00,-1.90002,-55.56872,86.8,101.6,101.6,0,JURUTI/PA,ÓBIDOS/PA,,3.86,atrasado
710269174,2026-09-29T08:05:18.281193+00:00,-1.90149,-55.56158,86.8,111.0,111.0,0,JURUTI/PA,ÓBIDOS/PA,,3.86,atrasado
710269174,2026-09-29T08:06:12.868058+00:00,-1.90552,-55.55109,86.8,104.8,104.8,0,JURUTI/PA,ÓBIDOS/PA,,3.86,atrasado
710269174,2026-09-29T08:06:42.912104+00:00,-1.9071,-55.5451,86.8,116.6,116.6,0,JURUTI/PA,ÓBIDOS/PA,,3.86,atrasado
710269174,2026-09-29T08:07:18.688281+00:00,-1.9104,-55.53851,86.8,106.4,106.4,0,JURUTI/PA,ÓBIDOS/PA,,3.86,atrasado
710269174,2026-09-29T08:08:21.099964+00:00,-1.91402,-55.52618,86.8,125.1,125.1,0,JURUTI/PA,ÓBIDOS/PA,,3.86,atrasado
710269174,2026-09-29T08:09:11.238528+00:00,-1.91996,-55.51772,86.8,138.0,138.0,0,JURUTI/PA,ÓBIDOS/PA,,3.86,atrasado
710269174,2026-09-29T08:31:59.055319+00:00,-1.92006,-55.51763,0.0,0.0,0.0,5,JURUTI/PA,ÓBIDOS/PA,ÓBIDOS/PA,3.86,atrasado
710269174,2026-09-29T09:35:48.785354+00:00,-1.92006,-55.51763,0.0,0.0,0.0,5,JURUTI/PA,ÓBIDOS/PA,ÓBIDOS/PA,3.86,atrasado
710269174,2026-09-29T10:39:38.515389+00:00,-1.92006,-55.51763,0.0,0.0,0.0,5,JURUTI/PA,ÓBIDOS/PA,ÓBIDOS/PA,3.86,atrasado
710269174,2026-09-29T11:43:28.245424+00:00,-1.92006,-55.51763,0.0,0.0,0.0,5,JURUTI/PA,ÓBIDOS/PA,ÓBIDOS/PA,3.86,atrasado
710269174,2026-09-29T12:47:17.975459+00:00,-1.92006,-55.51763,24.1,138.3,138.3,0,ÓBIDOS/PA,SANTARÉM/PA,,3.64,atrasado
710269174,2026-09-29T12:50:10.088568+00:00,-1.9274,-55.51108,24.1,135.5,135.5,0,ÓBIDOS/PA,SANTARÉM/PA,,3.64,atrasado
710269174,2026-09-29T12:53:48.347462+00:00,-1.93629,-55.50233,24.1,139.8,139.8,0,ÓBIDOS/PA,SANTARÉM/PA,,3.64,atrasado
710269174,2026-09-29T12:56:48.043268+00:00,-1.94413,-55.4957,24.1,138.0,138.0,0,ÓBIDOS/PA,SANTARÉM/PA,,3.64,atrasado
710269174,2026-09-29T13:00:11.777026+00:00,-1.95278,-55.48791,24.1,136.0,136.0,0,ÓBIDOS/PA,SANTARÉM/PA,,3.64,atrasado
710269174,2026-09-29T13:03:28.590809+00:00,-1.96087,-55.4801,24.1,130.8,130.8,0,ÓBIDOS/PA,SANTARÉM/PA,,3.64,atrasado
710269174,2026-09-29T13:07:01.396678+00:00,-1.96881,-55.47089,24.1,132.4,132.4,0,ÓBIDOS/PA,SANTARÉM/PA,,3.64,atrasado
710269174,2026-09-29T13:09:15.970899+00:00,-1.974,-55.46521,24.1,134.2,134.2,0,ÓBIDOS/PA,SANTARÉM/PA,,3.64,atrasado
710269174,2026-09-29T13:11:06.231035+00:00,-1.97839,-55.46069,24.1,133.0,133.0,0,ÓBIDOS/PA,SANTARÉM/PA,,3.64,atrasado
710269174,2026-09-29T13:18:40.393417+00:00,-1.99609,-55.44171,24.1,136.7,136.7,0,ÓBIDOS/PA,SANTARÉM/PA,,3.64,atrasado
710269174,2026-09-29T13:26:03.912463+00:00,-2.01452,-55.42431,24.1,134.8,134.8,0,ÓBIDOS/PA,SANTARÉM/PA,,3.64,atrasado
710269174,2026-09-29T13:35:41.664942+00:00,-2.03778,-55.40088,24.1,133.3,133.3,0,ÓBIDOS/PA,SANTARÉM/PA,,3.64,atrasado
710269174,2026-09-29T13:45:00.764313+00:00,-2.05969,-55.37762,24.1,132.9,132.9,0,ÓBIDOS/PA,SANTARÉM/PA,,3.64,atrasado
710269174,2026-09-29T13:51:58.684391+00:00,-2.07593,-55.36011,24.1,130.8,130.8,0,ÓBIDOS/PA,SANTARÉM/PA,,3.64,atrasado
710269174,2026-09-29T13:57:56.863681+00:00,-2.08929,-55.3446,24.1,133.7,133.7,0,ÓBIDOS/PA,SANTARÉM/PA,,3.64,atrasado
710269174,2026-09-29T14:04:57.616217+00:00,-2.10589,-55.32721,24.1,128.7,128.7,0,ÓBIDOS/PA,SANTARÉM/PA,,3.64,atrasado
710269174,2026-09-29T14:12:50.951330+00:00,-2.1228,-55.30609,24.1,109.3,109.3,0,ÓBIDOS/PA,SANTARÉM/PA,,3.64,atrasado
710269174,2026-09-29T14:21:18.830872+00:00,-2.13238,-55.27869,24.1,103.2,103.2,0,ÓBIDOS/PA,SANTARÉM/PA,,3.64,atrasado
710269174,2026-09-29T14:27:14.140086+00:00,-2.13702,-55.25891,24.1,105.3,105.3,0,ÓBIDOS/PA,SANTARÉM/PA,,3.64,atrasado
710269174,2026-09-29T14:35:16.696152+00:00,-2.14429,-55.2323,24.1,100.8,100.8,0,ÓBIDOS/PA,SANTARÉM/PA,,3.64,atrasado
710269174,2026-09-29T14:45:13.458868+00:00,-2.15069,-55.19879,24.1,103.6,103.6,0,ÓBIDOS/PA,SANTARÉM/PA,,3.64,atrasado
710269174,2026-09-29T14:52:47.159404+00:00,-2.1568,-55.17358,24.1,99.9,99.9,0,ÓBIDOS/PA,SANTARÉM/PA,,3.64,atrasado
710269174,2026-09-29T15:01:50.045651+00:00,-2.16211,-55.143,24.1,97.2,97.2,0,ÓBIDOS/PA,SANTARÉM/PA,,3.64,atrasado
710269174,2026-09-29T15:10:37.353724+00:00,-2.16589,-55.1131,24.1,96.3,96.3,0,ÓBIDOS/PA,SANTARÉM/PA,,3.64,atrasado
710269174,2026-09-29T15:15:57.461209+00:00,-2.16791,-55.09491,24.1,101.1,101.1,0,ÓBIDOS/PA,SANTARÉM/PA,,3.64,atrasado
710269174,2026-09-29T15:19:27.479285+00:00,-2.17023,-55.08313,24.1,92.7,92.7,0,ÓBIDOS/PA,SANTARÉM/PA,,3.64,atrasado
710269174,2026-09-29T15:23:33.310819+00:00,-2.1709,-55.06909,24.1,85.2,85.2,0,ÓBIDOS/PA,SANTARÉM/PA,,3.64,atrasado
710269174,2026-09-29T15:30:34.366795+00:00,-2.16888,-55.0451,24.1,76.2,76.2,0,ÓBIDOS/PA,SANTARÉM/PA,,3.64,atrasado
710269174,2026-09-29T15:36:09.694643+00:00,-2.16431,-55.02649,24.1,73.2,73.2,0,ÓBIDOS/PA,SANTARÉM/PA,,3.64,atrasado
710269174,2026-09-29T15:41:13.023736+00:00,-2.1593,-55.00989,24.1,63.7,63.7,0,ÓBIDOS/PA,SANTARÉM/PA,,3.64,atrasado
710269174,2026-09-29T15:47:17.381522+00:00,-2.15008,-54.99121,24.1,69.6,69.6,0,ÓBIDOS/PA,SANTARÉM/PA,,3.64,atrasado
710269174,2026-09-29T15:50:33.329444+00:00,-2.14618,-54.98071,24.1,58.3,58.3,0,ÓBIDOS/PA,SANTARÉM/PA,,3.64,atrasado
710269174,2026-09-29T15:53:10.099310+00:00,-2.14148,-54.97308,24.1,66.5,66.5,0,ÓBIDOS/PA,SANTARÉM/PA,,3.64,atrasado
710269174,2026-09-29T15:56:04.647726+00:00,-2.13751,-54.96393,24.1,70.5,70.5,0,ÓBIDOS/PA,SANTARÉM/PA,,3.64,atrasado
710269174,2026-09-29T15:59:45.510176+00:00,-2.1333,-54.95202,24.1,75.7,75.7,0,ÓBIDOS/PA,SANTARÉM/PA,,3.64,atrasado
710269174,2026-09-29T16:03:04.896680+00:00,-2.13049,-54.94098,24.1,78.0,78.0,0,ÓBIDOS/PA,SANTARÉM/PA,,3.64,atrasado
710269174,2026-09-29T16:05:02.796037+00:00,-2.12909,-54.93439,24.1,79.9,79.9,0,ÓBIDOS/PA,SANTARÉM/PA,,3.64,atrasado
710269174,2026-09-29T16:07:30.247074+00:00,-2.12762,-54.92609,24.1,90.0,90.0,0,ÓBIDOS/PA,SANTARÉM/PA,,3.64,atrasado
710269174,2026-09-29T16:09:39.428121+00:00,-2.12762,-54.9187,24.1,83.7,83.7,0,ÓBIDOS/PA,SANTARÉM/PA,,3.64,atrasado
710269174,2026-09-29T16:12:05.514800+00:00,-2.12671,-54.9104,24.1,93.4,93.4,0,ÓBIDOS/PA,SANTARÉM/PA,,3.64,atrasado
710269174,2026-09-29T16:14:30.970981+00:00,-2.1272,-54.9021,24.1,98.2,98.2,0,ÓBIDOS/PA,SANTARÉM/PA,,3.64,atrasado
710269174,2026-09-29T16:17:38.650378+00:00,-2.12872,-54.89148,24.1,110.2,110.2,0,ÓBIDOS/PA,SANTARÉM/PA,,3.64,atrasado
710269174,2026-09-29T16:25:29.548724+00:00,-2.138,-54.86621,24.1,118.2,118.2,0,ÓBIDOS/PA,SANTARÉM/PA,,3.64,atrasado
710269174,2026-09-29T16:30:52.962299+00:00,-2.14673,-54.84991,24.1,126.9,126.9,0,ÓBIDOS/PA,SANTARÉM/PA,,3.64,atrasado
710269174,2026-09-29T16:35:37.449049+00:00,-2.15649,-54.83691,24.1,144.9,144.9,0,ÓBIDOS/PA,SANTARÉM/PA,,3.64,atrasado
710269174,2026-09-29T16:40:11.868161+00:00,-2.16931,-54.82788,24.1,147.1,147.1,0,ÓBIDOS/PA,SANTARÉM/PA,,3.64,atrasado
710269174,2026-09-29T16:43:18.817711+00:00,-2.17828,-54.82208,24.1,152.6,152.6,0,ÓBIDOS/PA,SANTARÉM/PA,,3.64,atrasado
710269174,2026-09-29T16:47:29.185876+00:00,-2.19098,-54.81549,24.1,149.9,149.9,0,ÓBIDOS/PA,SANTARÉM/PA,,3.64,atrasado
710269174,2026-09-29T16:53:20.021204+00:00,-2.20831,-54.80542,24.1,140.6,140.6,0,ÓBIDOS/PA,SANTARÉM/PA,,3.64,atrasado
710269174,2026-09-29T16:58:00.779624+00:00,-2.2207,-54.79523,24.1,129.0,129.0,0,ÓBIDOS/PA,SANTARÉM/PA,,3.64,atrasado
710269174,2026-09-29T17:03:48.516984+00:00,-2.23321,-54.77978,24.1,140.9,140.9,0,ÓBIDOS/PA,SANTARÉM/PA,,3.64,atrasado
710269174,2026-09-29T17:07:52.220718+00:00,-2.24402,-54.77099,24.1,145.3,145.3,0,ÓBIDOS/PA,SANTARÉM/PA,,3.64,atrasado
710269174,2026-09-29T17:13:05.408558+00:00,-2.25873,-54.7608,24.1,145.8,145.8,0,ÓBIDOS/PA,SANTARÉM/PA,,3.64,atrasado
710269174,2026-09-29T17:16:36.038282+00:00,-2.26867,-54.75403,24.1,142.2,142.2,0,ÓBIDOS/PA,SANTARÉM/PA,,3.64,atrasado
710269174,2026-09-29T17:22:15.523253+00:00,-2.28399,-54.74213,24.1,143.4,143.4,0,ÓBIDOS/PA,SANTARÉM/PA,,3.64,atrasado
710269174,2026-09-29T17:27:12.455610+00:00,-2.29761,-54.73199,24.1,152.2,152.2,0,ÓBIDOS/PA,SANTARÉM/PA,,3.64,atrasado
710269174,2026-09-29T17:32:01.050954+00:00,-2.31219,-54.7243,24.1,162.1,162.1,0,ÓBIDOS/PA,SANTARÉM/PA,,3.64,atrasado
710269174,2026-09-29T17:36:46.191496+00:00,-2.3277,-54.7193,24.1,160.4,160.4,0,ÓBIDOS/PA,SANTARÉM/PA,,3.64,atrasado
710269174,2026-09-29T17:41:48.954643+00:00,-2.34399,-54.7135,24.1,154.9,154.9,0,ÓBIDOS/PA,SANTARÉM/PA,,3.64,atrasado
710269174,2026-09-29T17:47:19.156106+00:00,-2.36108,-54.7055,24.1,155.7,155.7,0,ÓBIDOS/PA,SANTARÉM/PA,,3.64,atrasado
710269174,2026-09-29T17:51:25.378427+00:00,-2.3739,-54.69971,24.1,148.8,148.8,0,ÓBIDOS/PA,SANTARÉM/PA,,3.64,atrasado
710269174,2026-09-29T17:56:36.438283+00:00,-2.3891,-54.69049,24.1,150.8,150.8,0,ÓBIDOS/PA,SANTARÉM/PA,,3.64,atrasado
710269174,2026-09-29T18:02:41.319934+00:00,-2.40729,-54.6803,24.1,156.3,156.3,0,ÓBIDOS/PA,SANTARÉM/PA,,3.64,atrasado
710269174,2026-09-29T18:06:40.477815+00:00,-2.4198,-54.6748,24.1,154.7,154.7,0,ÓBIDOS/PA,SANTARÉM/PA,,3.64,atrasado
710269174,2026-09-29T18:09:32.971195+00:00,-2.42871,-54.67059,0.0,0.0,0.0,5,ÓBIDOS/PA,SANTARÉM/PA,SANTARÉM/PA,3.64,atrasado
710269174,2026-09-29T19:13:39.559169+00:00,-2.42871,-54.67059,0.0,0.0,0.0,5,ÓBIDOS/PA,SANTARÉM/PA,SANTARÉM/PA,3.64,atrasado
710269174,2026-09-29T20:17:46.147144+00:00,-2.42871,-54.67059,0.0,0.0,0.0,5,ÓBIDOS/PA,SANTARÉM/PA,SANTARÉM/PA,3.64,atrasado
710269174,2026-09-29T21:21:52.735118+00:00,-2.42871,-54.67059,0.0,0.0,0.0,5,ÓBIDOS/PA,SANTARÉM/PA,SANTARÉM/PA,3.64,atrasado
710269174,2026-09-29T22:25:59.323093+00:00,-2.42871,-54.67059,0.0,0.0,0.0,5,ÓBIDOS/PA,SANTARÉM/PA,SANTARÉM/PA,3.64,atrasado
710269174,2026-09-29T23:30:05.911067+00:00,-2.42871,-54.67059,0.0,295.3,295.3,5,ÓBIDOS/PA,SANTARÉM/PA,SANTARÉM/PA,3.64,atrasado
710269174,2026-09-30T00:15:36.393864+00:00,-2.41685,-54.69567,0.0,115.3,115.3,5,SANTARÉM/PA,ÓBIDOS/PA,ÓBIDOS/PA,3.62,atrasado
710269174,2026-09-30T00:34:12.499042+00:00,-2.42871,-54.67059,32.5,292.3,292.3,0,SANTARÉM/PA,ÓBIDOS/PA,,3.62,atrasado
710269174,2026-09-30T00:34:50.131279+00:00,-2.42761,-54.67328,32.5,295.9,295.9,0,SANTARÉM/PA,ÓBIDOS/PA,,3.62,atrasado
710269174,2026-09-30T00:40:06.035432+00:00,-2.41699,-54.69519,32.5,286.3,286.3,0,SANTARÉM/PA,ÓBIDOS/PA,,3.62,atrasado
710269174,2026-09-30T01:17:08.941531+00:00,-2.41685,-54.69567,0.0,0.0,0.0,5,SANTARÉM/PA,ÓBIDOS/PA,ÓBIDOS/PA,3.62,atrasado
710269174,2026-09-30T02:18:41.489197+00:00,-2.41685,-54.69567,0.0,0.0,0.0,5,SANTARÉM/PA,ÓBIDOS/PA,ÓBIDOS/PA,3.62,atrasado
710269174,2026-09-30T03:20:14.036863+00:00,-2.41685,-54.69567,0.0,0.0,0.0,5,SANTARÉM/PA,ÓBIDOS/PA,ÓBIDOS/PA,3.62,atrasado
710269174,2026-09-30T04:21:46.584529+00:00,-2.41685,-54.69567,0.0,0.0,0.0,5,SANTARÉM/PA,ÓBIDOS/PA,ÓBIDOS/PA,3.62,atrasado
710269174,2026-09-30T05:23:19.132195+00:00,-2.41685,-54.69567,0.0,275.3,275.3,5,SANTARÉM/PA,ÓBIDOS/PA,ÓBIDOS/PA,3.62,atrasado
710269174,2026-09-30T06:13:16.805334+00:00,-2.41313,-54.73607,0.0,95.3,95.3,5,SANTARÉM/PA,ÓBIDOS/PA,ÓBIDOS/PA,3.4,atrasado
710269174,2026-09-30T06:24:51.679861+00:00,-2.41685,-54.69567,48.0,286.8,286.8,0,SANTARÉM/PA,ÓBIDOS/PA,,3.4,atrasado
710269174,2026-09-30T06:26:46.335178+00:00,-2.41308,-54.70819,48.0,265.5,265.5,0,SANTARÉM/PA,ÓBIDOS/PA,,3.4,atrasado
710269174,2026-09-30T06:29:05.114283+00:00,-2.41431,-54.72397,48.0,275.7,275.7,0,SANTARÉM/PA,ÓBIDOS/PA,,3.4,atrasado
710269174,2026-09-30T06:30:47.594972+00:00,-2.41316,-54.7356,48.0,273.7,273.7,0,SANTARÉM/PA,ÓBIDOS/PA,,3.4,atrasado
710269174,2026-09-30T07:23:05.127782+00:00,-2.41313,-54.73607,0.0,0.0,0.0,5,SANTARÉM/PA,ÓBIDOS/PA,ÓBIDOS/PA,3.4,atrasado
710269174,2026-09-30T08:32:53.450231+00:00,-2.41313,-54.73607,0.0,0.0,0.0,5,SANTARÉM/PA,ÓBIDOS/PA,ÓBIDOS/PA,3.4,atrasado
710269174,2026-09-30T09:42:41.772680+00:00,-2.41313,-54.73607,0.0,0.0,0.0,5,SANTARÉM/PA,ÓBIDOS/PA,ÓBIDOS/PA,3.4,atrasado
710269174,2026-09-30T10:52:30.095129+00:00,-2.41313,-54.73607,0.0,0.0,0.0,5,SANTARÉM/PA,ÓBIDOS/PA,ÓBIDOS/PA,3.4,atrasado
710269174,2026-09-30T12:02:18.417578+00:00,-2.41313,-54.73607,9.6,93.7,93.7,0,SANTARÉM/PA,MONTE ALEGRE/PA,,3.53,atrasado
710269174,2026-09-30T12:02:38.825739+00:00,-2.41316,-54.7356,9.6,95.7,95.7,0,SANTARÉM/PA,MONTE ALEGRE/PA,,3.53,atrasado
710269174,2026-09-30T12:11:10.820605+00:00,-2.41431,-54.72397,9.6,85.5,85.5,0,SANTARÉM/PA,MONTE ALEGRE/PA,,3.53,atrasado
710269174,2026-09-30T12:22:44.162839+00:00,-2.41308,-54.70819,9.6,106.8,106.8,0,SANTARÉM/PA,MONTE ALEGRE/PA,,3.53,atrasado
710269174,2026-09-30T12:32:16.982309+00:00,-2.41685,-54.69567,0.0,0.0,0.0,5,SANTARÉM/PA,MONTE ALEGRE/PA,MONTE ALEGRE/PA,3.53,atrasado
710269174,2026-09-30T13:32:58.027818+00:00,-2.41685,-54.69567,0.0,0.0,0.0,5,SANTARÉM/PA,MONTE ALEGRE/PA,MONTE ALEGRE/PA,3.53,atrasado
710269174,2026-09-30T14:33:39.073328+00:00,-2.41685,-54.69567,0.0,0.0,0.0,5,SANTARÉM/PA,MONTE ALEGRE/PA,MONTE ALEGRE/PA,3.53,atrasado
710269174,2026-09-30T15:34:20.118837+00:00,-2.41685,-54.69567,0.0,0.0,0.0,5,SANTARÉM/PA,MONTE ALEGRE/PA,MONTE ALEGRE/PA,3.53,atrasado
710269174,2026-09-30T16:35:01.164347+00:00,-2.41685,-54.69567,0.0,0.0,0.0,5,SANTARÉM/PA,MONTE ALEGRE/PA,MONTE ALEGRE/PA,3.53,atrasado
710269174,2026-09-30T17:35:42.209856+00:00,-2.41685,-54.69567,0.0,0.0,0.0,5,SANTARÉM/PA,MONTE ALEGRE/PA,MONTE ALEGRE/PA,3.53,atrasado
710269174,2026-09-30T18:36:23.255366+00:00,-2.41685,-54.69567,0.0,0.0,0.0,5,SANTARÉM/PA,MONTE ALEGRE/PA,MONTE ALEGRE/PA,3.53,atrasado
710269174,2026-09-30T19:37:04.300875+00:00,-2.41685,-54.69567,6.4,106.3,106.3,0,SANTARÉM/PA,MONTE ALEGRE/PA,,5.0,atrasado
710269174,2026-09-30T19:37:37.240278+00:00,-2.41699,-54.69519,6.4,115.9,115.9,0,SANTARÉM/PA,MONTE ALEGRE/PA,,5.0,atrasado
710269174,2026-09-30T20:04:27.129318+00:00,-2.42761,-54.67328,6.4,112.3,112.3,0,SANTARÉM/PA,MONTE ALEGRE/PA,,5.0,atrasado
710269174,2026-09-30T20:07:38.908137+00:00,-2.42871,-54.67059,0.0,0.0,0.0,5,SANTARÉM/PA,MONTE ALEGRE/PA,MONTE ALEGRE/PA,5.0,atrasado
710269174,2026-09-30T21:11:55.932488+00:00,-2.42871,-54.67059,0.0,0.0,0.0,5,SANTARÉM/PA,MONTE ALEGRE/PA,MONTE ALEGRE/PA,5.0,atrasado
710269174,2026-09-30T22:16:12.956839+00:00,-2.42871,-54.67059,0.0,0.0,0.0,5,SANTARÉM/PA,MONTE ALEGRE/PA,MONTE ALEGRE/PA,5.0,atrasado
710269174,2026-09-30T23:20:29.981190+00:00,-2.42871,-54.67059,0.0,0.0,0.0,5,SANTARÉM/PA,MONTE ALEGRE/PA,MONTE ALEGRE/PA,5.0,atrasado
710269174,2026-10-01T00:24:47.005541+00:00,-2.42871,-54.67059,0.0,0.0,0.0,5,SANTARÉM/PA,MONTE ALEGRE/PA,MONTE ALEGRE/PA,5.0,atrasado
710269174,2026-10-01T01:29:04.029892+00:00,-2.42871,-54.67059,0.0,111.4,111.4,5,SANTARÉM/PA,MONTE ALEGRE/PA,MONTE ALEGRE/PA,5.0,atrasado
710269174,2026-10-01T02:22:59.068137+00:00,-2.44856,-54.61999,0.0,291.4,291.4,5,SANTARÉM/PA,MONTE ALEGRE/PA,MONTE ALEGRE/PA,5.0,atrasado
710269174,2026-10-01T02:33:21.054243+00:00,-2.42871,-54.67059,0.0,111.4,111.4,5,SANTARÉM/PA,MONTE ALEGRE/PA,MONTE ALEGRE/PA,5.0,atrasado
710269174,2026-10-01T03:29:16.700120+00:00,-2.44856,-54.61999,0.0,291.4,291.4,5,SANTARÉM/PA,MONTE ALEGRE/PA,MONTE ALEGRE/PA,5.0,atrasado
710269174,2026-10-01T03:37:38.078594+00:00,-2.42871,-54.67059,63.6,112.0,112.0,0,SANTARÉM/PA,MONTE ALEGRE/PA,,5.0,atrasado
710269174,2026-10-01T03:41:03.758282+00:00,-2.44031,-54.64178,63.6,110.8,110.8,0,SANTARÉM/PA,MONTE ALEGRE/PA,,5.0,atrasado
710269174,2026-10-01T04:35:34.332103+00:00,-2.44856,-54.61999,0.0,0.0,0.0,5,SANTARÉM/PA,MONTE ALEGRE/PA,MONTE ALEGRE/PA,5.0,atrasado
710269174,2026-10-01T05:41:51.964086+00:00,-2.44856,-54.61999,0.0,0.0,0.0,5,SANTARÉM/PA,MONTE ALEGRE/PA,MONTE ALEGRE/PA,5.0,atrasado
710269174,2026-10-01T06:48:09.596068+00:00,-2.44856,-54.61999,0.0,0.0,0.0,5,SANTARÉM/PA,MONTE ALEGRE/PA,MONTE ALEGRE/PA,5.0,atrasado
710269174,2026-10-01T07:54:27.228051+00:00,-2.44856,-54.61999,0.0,0.0,0.0,5,SANTARÉM/PA,MONTE ALEGRE/PA,MONTE ALEGRE/PA,5.0,atrasado
710269174,2026-10-01T09:00:44.860034+00:00,-2.44856,-54.61999,31.7,110.9,110.9,0,SANTARÉM/PA,MONTE ALEGRE/PA,,5.0,atrasado
710269174,2026-10-01T09:01:11.682136+00:00,-2.44928,-54.6181,31.7,104.8,104.8,0,SANTARÉM/PA,MONTE ALEGRE/PA,,5.0,atrasado
710269174,2026-10-01T09:05:06.229929+00:00,-2.45379,-54.60101,31.7,101.1,101.1,0,SANTARÉM/PA,MONTE ALEGRE/PA,,5.0,atrasado
710269174,2026-10-01T09:09:01.435132+00:00,-2.45721,-54.58362,31.7,82.4,82.4,0,SANTARÉM/PA,MONTE ALEGRE/PA,,5.0,atrasado
710269174,2026-10-01T09:15:29.439052+00:00,-2.45337,-54.55463,31.7,97.1,97.1,0,SANTARÉM/PA,MONTE ALEGRE/PA,,5.0,atrasado
710269174,2026-10-01T09:18:46.107912+00:00,-2.4552,-54.53992,31.7,88.7,88.7,0,SANTARÉM/PA,MONTE ALEGRE/PA,,5.0,atrasado
710269174,2026-10-01T09:20:33.825471+00:00,-2.45502,-54.5318,31.7,98.5,98.5,0,SANTARÉM/PA,MONTE ALEGRE/PA,,5.0,atrasado
710269174,2026-10-01T09:22:29.263809+00:00,-2.4563,-54.52319,31.7,79.7,79.7,0,SANTARÉM/PA,MONTE ALEGRE/PA,,5.0,atrasado
710269174,2026-10-01T09:25:03.196027+00:00,-2.45422,-54.51178,31.7,80.5,80.5,0,SANTARÉM/PA,MONTE ALEGRE/PA,,5.0,atrasado
710269174,2026-10-01T09:27:54.796360+00:00,-2.45208,-54.49902,31.7,77.2,77.2,0,SANTARÉM/PA,MONTE ALEGRE/PA,,5.0,atrasado
710269174,2026-10-01T09:33:05.383929+00:00,-2.4469,-54.47619,31.7,79.1,79.1,0,SANTARÉM/PA,MONTE ALEGRE/PA,,5.0,atrasado
710269174,2026-10-01T09:36:30.743588+00:00,-2.44397,-54.461,31.7,68.7,68.7,0,SANTARÉM/PA,MONTE ALEGRE/PA,,5.0,atrasado
710269174,2026-10-01T09:41:51.532699+00:00,-2.43518,-54.43847,31.7,62.4,62.4,0,SANTARÉM/PA,MONTE ALEGRE/PA,,5.0,atrasado
710269174,2026-10-01T09:44:55.206464+00:00,-2.42877,-54.42621,31.7,62.0,62.0,0,SANTARÉM/PA,MONTE ALEGRE/PA,,5.0,atrasado
710269174,2026-10-01T09:48:43.474570+00:00,-2.42071,-54.41101,31.7,58.2,58.2,0,SANTARÉM/PA,MONTE ALEGRE/PA,,5.0,atrasado
710269174,2026-10-01T09:52:28.240423+00:00,-2.4118,-54.39661,31.7,70.5,70.5,0,SANTARÉM/PA,MONTE ALEGRE/PA,,5.0,atrasado
710269174,2026-10-01T09:54:46.577878+00:00,-2.40832,-54.38678,31.7,78.2,78.2,0,SANTARÉM/PA,MONTE ALEGRE/PA,,5.0,atrasado
710269174,2026-10-01T09:57:04.758596+00:00,-2.40619,-54.37658,31.7,84.4,84.4,0,SANTARÉM/PA,MONTE ALEGRE/PA,,5.0,atrasado
710269174,2026-10-01T10:00:00.480802+00:00,-2.4049,-54.3634,31.7,88.1,88.1,0,SANTARÉM/PA,MONTE ALEGRE/PA,,5.0,atrasado
710269174,2026-10-01T10:02:51.450426+00:00,-2.40448,-54.35052,31.7,90.9,90.9,0,SANTARÉM/PA,MONTE ALEGRE/PA,,5.0,atrasado
710269174,2026-10-01T10:04:28.650331+00:00,-2.4046,-54.3432,31.7,95.0,95.0,0,SANTARÉM/PA,MONTE ALEGRE/PA,,5.0,atrasado
710269174,2026-10-01T10:06:58.197886+00:00,-2.40558,-54.33197,31.7,90.0,90.0,0,SANTARÉM/PA,MONTE ALEGRE/PA,,5.0,atrasado
710269174,2026-10-01T10:09:07.770812+00:00,-2.40558,-54.3222,31.7,90.0,90.0,0,SANTARÉM/PA,MONTE ALEGRE/PA,,5.0,atrasado
710269174,2026-10-01T10:11:03.585072+00:00,-2.40558,-54.31347,31.7,87.9,87.9,0,SANTARÉM/PA,MONTE ALEGRE/PA,,5.0,atrasado
710269174,2026-10-01T10:13:18.897875+00:00,-2.40521,-54.30328,31.7,90.0,90.0,0,SANTARÉM/PA,MONTE ALEGRE/PA,,5.0,atrasado
710269174,2026-10-01T10:14:59.321564+00:00,-2.40521,-54.29571,31.7,98.0,98.0,0,SANTARÉM/PA,MONTE ALEGRE/PA,,5.0,atrasado
710269174,2026-10-01T10:16:50.517946+00:00,-2.40637,-54.28741,31.7,109.0,109.0,0,SANTARÉM/PA,MONTE ALEGRE/PA,,5.0,atrasado
710269174,2026-10-01T10:18:37.575676+00:00,-2.40899,-54.27978,31.7,104.8,104.8,0,SANTARÉM/PA,MONTE ALEGRE/PA,,5.0,atrasado
710269174,2026-10-01T10:20:16.377681+00:00,-2.41089,-54.27258,31.7,93.8,93.8,0,SANTARÉM/PA,MONTE ALEGRE/PA,,5.0,atrasado
710269174,2026-10-01T10:22:44.077296+00:00,-2.41162,-54.26147,31.7,69.5,69.5,0,SANTARÉM/PA,MONTE ALEGRE/PA,,5.0,atrasado
710269174,2026-10-01T10:25:23.984442+00:00,-2.40741,-54.25018,31.7,63.9,63.9,0,SANTARÉM/PA,MONTE ALEGRE/PA,,5.0,atrasado
710269174,2026-10-01T10:27:31.124656+00:00,-2.4032,-54.24158,31.7,60.6,60.6,0,SANTARÉM/PA,MONTE ALEGRE/PA,,5.0,atrasado
710269174,2026-10-01T10:29:59.819335+00:00,-2.3977,-54.23181,31.7,66.2,66.2,0,SANTARÉM/PA,MONTE ALEGRE/PA,,5.0,atrasado
710269174,2026-10-01T10:34:32.515123+00:00,-2.3894,-54.21301,31.7,64.7,64.7,0,SANTARÉM/PA,MONTE ALEGRE/PA,,5.0,atrasado
710269174,2026-10-01T10:37:03.958250+00:00,-2.38452,-54.2027,31.7,67.4,67.4,0,SANTARÉM/PA,MONTE ALEGRE/PA,,5.0,atrasado
710269174,2026-10-01T10:43:04.503254+00:00,-2.37408,-54.17761,31.7,63.3,63.3,0,SANTARÉM/PA,MONTE ALEGRE/PA,,5.0,atrasado
710269174,2026-10-01T10:46:37.482078+00:00,-2.36688,-54.16327,31.7,62.5,62.5,0,SANTARÉM/PA,MONTE ALEGRE/PA,,5.0,atrasado
710269174,2026-10-01T10:49:29.223475+00:00,-2.3609,-54.15179,31.7,55.3,55.3,0,SANTARÉM/PA,MONTE ALEGRE/PA,,5.0,atrasado
710269174,2026-10-01T10:52:02.900830+00:00,-2.35431,-54.14227,31.7,50.1,50.1,0,SANTARÉM/PA,MONTE ALEGRE/PA,,5.0,atrasado
710269174,2026-10-01T10:54:05.422294+00:00,-2.34839,-54.13519,31.7,56.9,56.9,0,SANTARÉM/PA,MONTE ALEGRE/PA,,5.0,atrasado
710269174,2026-10-01T10:56:07.175241+00:00,-2.34338,-54.1275,31.7,51.9,51.9,0,SANTARÉM/PA,MONTE ALEGRE/PA,,5.0,atrasado
710269174,2026-10-01T11:00:57.419907+00:00,-2.32989,-54.11029,31.7,39.4,39.4,0,SANTARÉM/PA,MONTE ALEGRE/PA,,5.0,atrasado
710269174,2026-10-01T11:04:11.431406+00:00,-2.3186,-54.10101,31.7,36.1,36.1,0,SANTARÉM/PA,MONTE ALEGRE/PA,,5.0,atrasado
710269174,2026-10-01T11:07:34.998388+00:00,-2.30621,-54.09198,31.7,31.2,31.2,0,SANTARÉM/PA,MONTE ALEGRE/PA,,5.0,atrasado
710269174,2026-10-01T11:11:52.782471+00:00,-2.28961,-54.08191,31.7,33.7,33.7,0,SANTARÉM/PA,MONTE ALEGRE/PA,,5.0,atrasado
710269174,2026-10-01T11:16:06.954725+00:00,-2.27368,-54.07129,31.7,33.4,33.4,0,SANTARÉM/PA,MONTE ALEGRE/PA,,5.0,atrasado
710269174,2026-10-01T11:19:09.464371+00:00,-2.2622,-54.06372,31.7,31.6,31.6,0,SANTARÉM/PA,MONTE ALEGRE/PA,,5.0,atrasado
710269174,2026-10-01T11:22:07.352922+00:00,-2.25079,-54.0567,31.7,27.0,27.0,0,SANTARÉM/PA,MONTE ALEGRE/PA,,5.0,atrasado
710269174,2026-10-01T11:26:23.964765+00:00,-2.23358,-54.04791,31.7,20.0,20.0,0,SANTARÉM/PA,MONTE ALEGRE/PA,,5.0,atrasado
710269174,2026-10-01T11:29:50.076774+00:00,-2.21899,-54.0426,31.7,15.3,15.3,0,SANTARÉM/PA,MONTE ALEGRE/PA,,5.0,atrasado
710269174,2026-10-01T11:33:30.313556+00:00,-2.203,-54.03821,31.7,4.7,4.7,0,SANTARÉM/PA,MONTE ALEGRE/PA,,5.0,atrasado
710269174,2026-10-01T11:36:46.298744+00:00,-2.18829,-54.03699,31.7,2.5,2.5,0,SANTARÉM/PA,MONTE ALEGRE/PA,,5.0,atrasado
710269174,2026-10-01T11:40:16.423041+00:00,-2.17248,-54.03631,31.7,0.0,0.0,0,SANTARÉM/PA,MONTE ALEGRE/PA,,5.0,atrasado
710269174,2026-10-01T11:43:47.154803+00:00,-2.15661,-54.03631,31.7,357.6,357.6,0,SANTARÉM/PA,MONTE ALEGRE/PA,,5.0,atrasado
710269174,2026-10-01T11:47:18.884486+00:00,-2.14068,-54.03699,31.7,352.9,352.9,0,SANTARÉM/PA,MONTE ALEGRE/PA,,5.0,atrasado
710269174,2026-10-01T11:50:03.050671+00:00,-2.12842,-54.03851,31.7,0.0,0.0,0,SANTARÉM/PA,MONTE ALEGRE/PA,,5.0,atrasado
710269174,2026-10-01T11:51:32.195690+00:00,-2.1217,-54.03851,31.7,12.2,12.2,0,SANTARÉM/PA,MONTE ALEGRE/PA,,5.0,atrasado
710269174,2026-10-01T11:53:07.578698+00:00,-2.11468,-54.03699,31.7,27.9,27.9,0,SANTARÉM/PA,MONTE ALEGRE/PA,,5.0,atrasado
710269174,2026-10-01T11:54:58.515165+00:00,-2.1073,-54.03308,31.7,33.1,33.1,0,SANTARÉM/PA,MONTE ALEGRE/PA,,5.0,atrasado
710269174,2026-10-01T11:56:49.767455+00:00,-2.10028,-54.0285,31.7,27.4,27.4,0,SANTARÉM/PA,MONTE ALEGRE/PA,,5.0,atrasado
710269174,2026-10-01T11:58:21.104077+00:00,-2.09418,-54.02533,31.7,27.1,27.1,0,SANTARÉM/PA,MONTE ALEGRE/PA,,5.0,atrasado
710269174,2026-10-01T12:00:55.865359+00:00,-2.0838,-54.02002,31.7,20.6,20.6,0,SANTARÉM/PA,MONTE ALEGRE/PA,,5.0,atrasado
710269174,2026-10-01T12:02:46.664583+00:00,-2.07599,-54.01709,31.7,26.6,26.6,0,SANTARÉM/PA,MONTE ALEGRE/PA,,5.0,atrasado
710269174,2026-10-01T12:05:20.701714+00:00,-2.06561,-54.0119,31.7,25.4,25.4,0,SANTARÉM/PA,MONTE ALEGRE/PA,,5.0,atrasado
710269174,2026-10-01T12:07:59.483383+00:00,-2.05481,-54.00677,31.7,32.0,32.0,0,SANTARÉM/PA,MONTE ALEGRE/PA,,5.0,atrasado
710269174,2026-10-01T12:09:00.988137+00:00,-2.05088,-54.00431,0.0,0.0,0.0,5,SANTARÉM/PA,MONTE ALEGRE/PA,MONTE ALEGRE/PA,5.0,atrasado
710269174,2026-10-01T13:09:37.672168+00:00,-2.05088,-54.00431,0.0,0.0,0.0,5,SANTARÉM/PA,MONTE ALEGRE/PA,MONTE ALEGRE/PA,5.0,atrasado
710269174,2026-10-01T14:10:14.356199+00:00,-2.05088,-54.00431,0.0,0.0,0.0,5,SANTARÉM/PA,MONTE ALEGRE/PA,MONTE ALEGRE/PA,5.0,atrasado
710269174,2026-10-01T15:10:51.040231+00:00,-2.05088,-54.00431,0.0,0.0,0.0,5,SANTARÉM/PA,MONTE ALEGRE/PA,MONTE ALEGRE/PA,5.0,atrasado
710269174,2026-10-01T16:11:27.724262+00:00,-2.05088,-54.00431,0.0,259.6,259.6,5,SANTARÉM/PA,MONTE ALEGRE/PA,MONTE ALEGRE/PA,5.0,atrasado
710269174,2026-10-01T17:12:04.408293+00:00,-3.14069,-60.0291,5.3,125.6,125.6,0,MANAUS/AM,ITACOATIARA/AM,,4.63,atrasado
710269174,2026-10-01T17:14:43.132126+00:00,-3.14185,-60.02748,5.3,119.7,119.7,0,MANAUS/AM,ITACOATIARA/AM,,4.63,atrasado
710269174,2026-10-01T17:30:05.986573+00:00,-3.14757,-60.01742,5.3,123.9,123.9,0,MANAUS/AM,ITACOATIARA/AM,,4.63,atrasado
710269174,2026-10-01T17:41:27.560164+00:00,-3.15233,-60.01032,5.3,109.5,109.5,0,MANAUS/AM,ITACOATIARA/AM,,4.63,atrasado
710269174,2026-10-01T17:55:20.072767+00:00,-3.15581,-60.00048,0.0,0.0,0.0,5,MANAUS/AM,ITACOATIARA/AM,ITACOATIARA/AM,4.63,atrasado
710269174,2026-10-01T18:59:26.027140+00:00,-3.15581,-60.00048,0.0,0.0,0.0,5,MANAUS/AM,ITACOATIARA/AM,ITACOATIARA/AM,4.63,atrasado
710269174,2026-10-01T20:03:31.981513+00:00,-3.15581,-60.00048,0.0,0.0,0.0,5,MANAUS/AM,ITACOATIARA/AM,ITACOATIARA/AM,4.63,atrasado
710269174,2026-10-01T21:07:37.935886+00:00,-3.15581,-60.00048,0.0,0.0,0.0,5,MANAUS/AM,ITACOATIARA/AM,ITACOATIARA/AM,4.63,atrasado
710269174,2026-10-01T22:11:43.890259+00:00,-3.15581,-60.00048,0.0,0.0,0.0,5,MANAUS/AM,ITACOATIARA/AM,ITACOATIARA/AM,4.63,atrasado
710269174,2026-10-01T23:15:49.844632+00:00,-3.15581,-60.00048,0.0,113.3,113.3,5,MANAUS/AM,ITACOATIARA/AM,ITACOATIARA/AM,4.63,atrasado
710269174,2026-10-02T00:04:47.988058+00:00,-3.1593,-59.99236,0.0,293.3,293.3,5,MANAUS/AM,ITACOATIARA/AM,ITACOATIARA/AM,4.75,atrasado
710269174,2026-10-02T00:19:55.799004+00:00,-3.15581,-60.00048,10.3,113.3,113.3,0,MANAUS/AM,ITACOATIARA/AM,,4.75,atrasado
710269174,2026-10-02T01:09:50.008516+00:00,-3.1593,-59.99236,0.0,0.0,0.0,5,MANAUS/AM,ITACOATIARA/AM,ITACOATIARA/AM,4.75,atrasado
710269174,2026-10-02T02:14:52.028974+00:00,-3.1593,-59.99236,0.0,0.0,0.0,5,MANAUS/AM,ITACOATIARA/AM,ITACOATIARA/AM,4.75,atrasado
710269174,2026-10-02T03:19:54.049432+00:00,-3.1593,-59.99236,0.0,0.0,0.0,5,MANAUS/AM,ITACOATIARA/AM,ITACOATIARA/AM,4.75,atrasado
710269174,2026-10-02T04:24:56.069890+00:00,-3.1593,-59.99236,0.0,0.0,0.0,5,MANAUS/AM,ITACOATIARA/AM,ITACOATIARA/AM,4.75,atrasado
710269174,2026-10-02T05:29:58.090348+00:00,-3.1593,-59.99236,5.6,113.3,113.3,0,MANAUS/AM,ITACOATIARA/AM,,5.0,atrasado
710269174,2026-10-02T05:33:06.531288+00:00,-3.16029,-59.99006,5.6,117.8,117.8,0,MANAUS/AM,ITACOATIARA/AM,,5.0,atrasado
710269174,2026-10-02T05:46:53.129476+00:00,-3.16541,-59.98035,5.6,111.0,111.0,0,MANAUS/AM,ITACOATIARA/AM,,5.0,atrasado
710269174,2026-10-02T05:58:37.723714+00:00,-3.16876,-59.97162,5.6,80.9,80.9,0,MANAUS/AM,ITACOATIARA/AM,,5.0,atrasado
710269174,2026-10-02T06:11:49.610439+00:00,-3.16709,-59.96123,5.6,43.8,43.8,0,MANAUS/AM,ITACOATIARA/AM,,5.0,atrasado
710269174,2026-10-02T06:22:12.924636+00:00,-3.16112,-59.9555,5.6,26.1,26.1,0,MANAUS/AM,ITACOATIARA/AM,,5.0,atrasado
710269174,2026-10-02T06:33:32.668137+00:00,-3.15303,-59.95153,0.0,0.0,0.0,5,MANAUS/AM,ITACOATIARA/AM,ITACOATIARA/AM,5.0,atrasado
710269174,2026-10-02T07:33:57.483933+00:00,-3.15303,-59.95153,0.0,0.0,0.0,5,MANAUS/AM,ITACOATIARA/AM,ITACOATIARA/AM,5.0,atrasado
710269174,2026-10-02T08:34:22.299728+00:00,-3.15303,-59.95153,0.0,0.0,0.0,5,MANAUS/AM,ITACOATIARA/AM,ITACOATIARA/AM,5.0,atrasado
710269174,2026-10-02T09:34:47.115524+00:00,-3.15303,-59.95153,0.0,0.0,0.0,5,MANAUS/AM,ITACOATIARA/AM,ITACOATIARA/AM,5.0,atrasado
710269174,2026-10-02T10:35:11.931319+00:00,-3.15303,-59.95153,0.0,0.0,0.0,5,MANAUS/AM,ITACOATIARA/AM,ITACOATIARA/AM,5.0,atrasado
710269174,2026-10-02T11:35:36.747115+00:00,-3.15303,-59.95153,0.0,0.0,0.0,5,MANAUS/AM,ITACOATIARA/AM,ITACOATIARA/AM,5.0,atrasado
710269174,2026-10-02T12:36:01.562910+00:00,-3.15303,-59.95153,0.0,46.9,46.9,5,MANAUS/AM,ITACOATIARA/AM,ITACOATIARA/AM,5.0,atrasado
710269174,2026-10-02T12:43:51.868137+00:00,-3.12662,-59.92323,0.0,226.9,226.9,5,MANAUS/AM,ITACOATIARA/AM,ITACOATIARA/AM,5.0,atrasado
710269174,2026-10-02T13:36:26.378706+00:00,-3.15303,-59.95153,45.4,49.1,49.1,0,MANAUS/AM,ITACOATIARA/AM,,5.0,atrasado
710269174,2026-10-02T13:37:56.647232+00:00,-3.14667,-59.94418,45.4,49.6,49.6,0,MANAUS/AM,ITACOATIARA/AM,,5.0,atrasado
710269174,2026-10-02T13:40:18.117429+00:00,-3.1368,-59.93256,45.4,42.5,42.5,0,MANAUS/AM,ITACOATIARA/AM,,5.0,atrasado
710269174,2026-10-02T13:50:47.889067+00:00,-3.12662,-59.92323,0.0,0.0,0.0,5,MANAUS/AM,ITACOATIARA/AM,ITACOATIARA/AM,5.0,atrasado
710269174,2026-10-02T14:57:43.909998+00:00,-3.12662,-59.92323,0.0,0.0,0.0,5,MANAUS/AM,ITACOATIARA/AM,ITACOATIARA/AM,5.0,atrasado
710269174,2026-10-02T16:04:39.930928+00:00,-3.12662,-59.92323,0.0,0.0,0.0,5,MANAUS/AM,ITACOATIARA/AM,ITACOATIARA/AM,5.0,atrasado
710269174,2026-10-02T17:11:35.951858+00:00,-3.12662,-59.92323,0.0,0.0,0.0,5,MANAUS/AM,ITACOATIARA/AM,ITACOATIARA/AM,5.0,atrasado
710269174,2026-10-02T18:18:31.972788+00:00,-3.12662,-59.92323,0.0,86.6,86.6,5,MANAUS/AM,ITACOATIARA/AM,ITACOATIARA/AM,5.0,atrasado
710269174,2026-10-02T18:51:25.468137+00:00,-3.125,-59.8963,0.0,266.6,266.6,5,MANAUS/AM,ITACOATIARA/AM,ITACOATIARA/AM,5.0,atrasado
710269174,2026-10-02T19:25:27.993719+00:00,-3.12662,-59.92323,33.1,65.6,65.6,0,MANAUS/AM,ITACOATIARA/AM,,5.0,atrasado
710269174,2026-10-02T19:27:57.926281+00:00,-3.12176,-59.9125,33.1,101.3,101.3,0,MANAUS/AM,ITACOATIARA/AM,,5.0,atrasado
710269174,2026-10-02T19:53:42.261797+00:00,-3.125,-59.8963,0.0,0.0,0.0,5,MANAUS/AM,ITACOATIARA/AM,ITACOATIARA/AM,5.0,atrasado
710269174,2026-10-02T20:55:59.055457+00:00,-3.125,-59.8963,0.0,0.0,0.0,5,MANAUS/AM,ITACOATIARA/AM,ITACOATIARA/AM,5.0,atrasado
710269174,2026-10-02T21:58:15.849117+00:00,-3.125,-59.8963,0.0,0.0,0.0,5,MANAUS/AM,ITACOATIARA/AM,ITACOATIARA/AM,5.0,atrasado
710269174,2026-10-02T23:00:32.642777+00:00,-3.125,-59.8963,0.0,0.0,0.0,5,MANAUS/AM,ITACOATIARA/AM,ITACOATIARA/AM,5.0,atrasado
710269174,2026-10-03T00:02:49.436438+00:00,-3.125,-59.8963,6.2,55.0,55.0,0,MANAUS/AM,ITACOATIARA/AM,,5.0,atrasado
710269174,2026-10-03T00:27:26.314462+00:00,-3.11261,-59.8786,6.2,52.3,52.3,0,MANAUS/AM,ITACOATIARA/AM,,5.0,atrasado
710269174,2026-10-03T00:49:18.227517+00:00,-3.10089,-59.8634,6.2,59.7,59.7,0,MANAUS/AM,ITACOATIARA/AM,,5.0,atrasado
710269174,2026-10-03T01:06:16.828137+00:00,-3.09338,-59.85053,0.0,0.0,0.0,5,MANAUS/AM,ITACOATIARA/AM,ITACOATIARA/AM,5.0,atrasado
710269174,2026-10-03T02:15:35.549464+00:00,-3.09338,-59.85053,0.0,0.0,0.0,5,MANAUS/AM,ITACOATIARA/AM,ITACOATIARA/AM,5.0,atrasado
710269174,2026-10-03T03:24:54.270792+00:00,-3.09338,-59.85053,0.0,0.0,0.0,5,MANAUS/AM,ITACOATIARA/AM,ITACOATIARA/AM,5.0,atrasado
710269174,2026-10-03T04:34:12.992119+00:00,-3.09338,-59.85053,0.0,0.0,0.0,5,MANAUS/AM,ITACOATIARA/AM,ITACOATIARA/AM,5.0,atrasado
710269174,2026-10-03T05:43:31.713447+00:00,-3.09338,-59.85053,0.0,0.0,0.0,5,MANAUS/AM,ITACOATIARA/AM,ITACOATIARA/AM,5.0,atrasado
710269174,2026-10-03T06:52:50.434774+00:00,-3.09338,-59.85053,0.0,0.0,0.0,5,MANAUS/AM,ITACOATIARA/AM,ITACOATIARA/AM,5.0,atrasado
710269174,2026-10-03T08:02:09.156102+00:00,-3.09338,-59.85053,38.1,59.7,59.7,0,MANAUS/AM,ITACOATIARA/AM,,5.0,atrasado
710269174,2026-10-03T08:02:54.521771+00:00,-3.09131,-59.84698,38.1,64.2,64.2,0,MANAUS/AM,ITACOATIARA/AM,,5.0,atrasado
710269174,2026-10-03T08:06:48.724811+00:00,-3.08209,-59.82788,38.1,73.2,73.2,0,MANAUS/AM,ITACOATIARA/AM,,5.0,atrasado
710269174,2026-10-03T08:12:55.383885+00:00,-3.07251,-59.79608,38.1,81.6,81.6,0,MANAUS/AM,ITACOATIARA/AM,,5.0,atrasado
710269174,2026-10-03T08:19:13.384721+00:00,-3.0675,-59.76221,38.1,81.9,81.9,0,MANAUS/AM,ITACOATIARA/AM,,5.0,atrasado
710269174,2026-10-03T08:23:54.485851+00:00,-3.0639,-59.737,38.1,89.8,89.8,0,MANAUS/AM,ITACOATIARA/AM,,5.0,atrasado
710269174,2026-10-03T08:31:12.434291+00:00,-3.06378,-59.69732,38.1,101.2,101.2,0,MANAUS/AM,ITACOATIARA/AM,,5.0,atrasado
710269174,2026-10-03T08:36:31.157970+00:00,-3.0694,-59.669,38.1,101.6,101.6,0,MANAUS/AM,ITACOATIARA/AM,,5.0,atrasado
710269174,2026-10-03T08:40:43.553425+00:00,-3.07397,-59.64661,38.1,109.5,109.5,0,MANAUS/AM,ITACOATIARA/AM,,5.0,atrasado
710269174,2026-10-03T08:45:32.976640+00:00,-3.0827,-59.62189,38.1,115.0,115.0,0,MANAUS/AM,ITACOATIARA/AM,,5.0,atrasado
710269174,2026-10-03T08:50:51.962235+00:00,-3.09491,-59.5957,38.1,116.8,116.8,0,MANAUS/AM,ITACOATIARA/AM,,5.0,atrasado
710269174,2026-10-03T08:56:11.143513+00:00,-3.10791,-59.56988,38.1,109.7,109.7,0,MANAUS/AM,ITACOATIARA/AM,,5.0,atrasado
710269174,2026-10-03T09:02:53.337083+00:00,-3.12018,-59.53558,38.1,98.0,98.0,0,MANAUS/AM,ITACOATIARA/AM,,5.0,atrasado
710269174,2026-10-03T09:08:36.258921+00:00,-3.12451,-59.50482,38.1,99.3,99.3,0,MANAUS/AM,ITACOATIARA/AM,,5.0,atrasado
710269174,2026-10-03T09:12:41.372185+00:00,-3.12811,-59.48291,38.1,107.3,107.3,0,MANAUS/AM,ITACOATIARA/AM,,5.0,atrasado
710269174,2026-10-03T09:15:54.678873+00:00,-3.1333,-59.46619,38.1,114.4,114.4,0,MANAUS/AM,ITACOATIARA/AM,,5.0,atrasado
710269174,2026-10-03T09:19:15.853532+00:00,-3.14081,-59.44958,38.1,113.8,113.8,0,MANAUS/AM,ITACOATIARA/AM,,5.0,atrasado
710269174,2026-10-03T09:22:13.264073+00:00,-3.14728,-59.43487,38.1,110.7,110.7,0,MANAUS/AM,ITACOATIARA/AM,,5.0,atrasado
710269174,2026-10-03T09:26:15.939073+00:00,-3.15503,-59.4143,38.1,107.5,107.5,0,MANAUS/AM,ITACOATIARA/AM,,5.0,atrasado
710269174,2026-10-03T09:28:46.383530+00:00,-3.15912,-59.40131,38.1,111.7,111.7,0,MANAUS/AM,ITACOATIARA/AM,,5.0,atrasado
710269174,2026-10-03T09:32:08.719305+00:00,-3.16589,-59.38428,38.1,111.1,111.1,0,MANAUS/AM,ITACOATIARA/AM,,5.0,atrasado
710269174,2026-10-03T09:34:42.518673+00:00,-3.1709,-59.37127,38.1,115.7,115.7,0,MANAUS/AM,ITACOATIARA/AM,,5.0,atrasado
710269174,2026-10-03T09:37:49.383580+00:00,-3.17822,-59.35602,38.1,122.2,122.2,0,MANAUS/AM,ITACOATIARA/AM,,5.0,atrasado
710269174,2026-10-03T09:39:59.912372+00:00,-3.18451,-59.34601,38.1,117.7,117.7,0,MANAUS/AM,ITACOATIARA/AM,,5.0,atrasado
710269174,2026-10-03T09:42:22.191590+00:00,-3.19049,-59.33459,38.1,119.4,119.4,0,MANAUS/AM,ITACOATIARA/AM,,5.0,atrasado
710269174,2026-10-03T09:45:56.443915+00:00,-3.20001,-59.31769,38.1,112.0,112.0,0,MANAUS/AM,ITACOATIARA/AM,,5.0,atrasado
710269174,2026-10-03T09:50:47.857736+00:00,-3.2099,-59.29321,38.1,109.7,109.7,0,MANAUS/AM,ITACOATIARA/AM,,5.0,atrasado
710269174,2026-10-03T09:53:21.727232+00:00,-3.2146,-59.28009,38.1,111.3,111.3,0,MANAUS/AM,ITACOATIARA/AM,,5.0,atrasado
710269174,2026-10-03T09:56:45.684936+00:00,-3.22131,-59.26288,38.1,110.5,110.5,0,MANAUS/AM,ITACOATIARA/AM,,5.0,atrasado
710269174,2026-10-03T10:01:52.692120+00:00,-3.23102,-59.23681,38.1,116.1,116.1,0,MANAUS/AM,ITACOATIARA/AM,,5.0,atrasado
710269174,2026-10-03T10:06:21.148137+00:00,-3.24169,-59.21496,0.0,0.0,0.0,5,MANAUS/AM,ITACOATIARA/AM,ITACOATIARA/AM,5.0,atrasado
710269174,2026-10-03T11:10:17.519446+00:00,-3.24169,-59.21496,0.0,0.0,0.0,5,MANAUS/AM,ITACOATIARA/AM,ITACOATIARA/AM,5.0,atrasado
710269174,2026-10-03T12:14:13.890755+00:00,-3.24169,-59.21496,0.0,0.0,0.0,5,MANAUS/AM,ITACOATIARA/AM,ITACOATIARA/AM,5.0,atrasado
710269174,2026-10-03T13:18:10.262064+00:00,-3.24169,-59.21496,0.0,0.0,0.0,5,MANAUS/AM,ITACOATIARA/AM,ITACOATIARA/AM,5.0,atrasado
710269174,2026-10-03T14:22:06.633373+00:00,-3.24169,-59.21496,0.0,0.0,0.0,5,MANAUS/AM,ITACOATIARA/AM,ITACOATIARA/AM,5.0,atrasado
710269174,2026-10-03T15:26:03.004682+00:00,-3.24169,-59.21496,0.0,0.0,0.0,5,MANAUS/AM,ITACOATIARA/AM,ITACOATIARA/AM,5.0,atrasado
710269174,2026-10-03T16:29:59.375992+00:00,-3.24169,-59.21496,0.0,89.6,89.6,5,MANAUS/AM,ITACOATIARA/AM,ITACOATIARA/AM,5.0,atrasado
710269174,2026-10-03T17:03:11.068137+00:00,-3.24021,-59.01667,0.0,269.6,269.6,5,MANAUS/AM,ITACOATIARA/AM,ITACOATIARA/AM,5.0,atrasado
710269174,2026-10-03T17:33:55.747301+00:00,-3.24169,-59.21496,249.2,116.0,116.0,0,MANAUS/AM,ITACOATIARA/AM,,5.0,atrasado
710269174,2026-10-03T17:34:08.485020+00:00,-3.24499,-59.20819,249.2,116.7,116.7,0,MANAUS/AM,ITACOATIARA/AM,,5.0,atrasado
710269174,2026-10-03T17:34:46.662807+00:00,-3.25513,-59.18799,249.2,120.8,120.8,0,MANAUS/AM,ITACOATIARA/AM,,5.0,atrasado
710269174,2026-10-03T17:35:27.726132+00:00,-3.26758,-59.16711,249.2,117.5,117.5,0,MANAUS/AM,ITACOATIARA/AM,,5.0,atrasado
710269174,2026-10-03T17:35:49.446854+00:00,-3.2735,-59.1557,249.2,99.7,99.7,0,MANAUS/AM,ITACOATIARA/AM,,5.0,atrasado
710269174,2026-10-03T17:36:27.506662+00:00,-3.27728,-59.13348,249.2,80.6,80.6,0,MANAUS/AM,ITACOATIARA/AM,,5.0,atrasado
710269174,2026-10-03T17:36:58.431275+00:00,-3.27429,-59.11542,249.2,62.2,62.2,0,MANAUS/AM,ITACOATIARA/AM,,5.0,atrasado
710269174,2026-10-03T17:37:33.159457+00:00,-3.26471,-59.09723,249.2,72.8,72.8,0,MANAUS/AM,ITACOATIARA/AM,,5.0,atrasado
710269174,2026-10-03T17:38:16.853585+00:00,-3.25708,-59.07251,249.2,73.6,73.6,0,MANAUS/AM,ITACOATIARA/AM,,5.0,atrasado
710269174,2026-10-03T17:38:41.676681+00:00,-3.25293,-59.05841,249.2,64.2,64.2,0,MANAUS/AM,ITACOATIARA/AM,,5.0,atrasado
710269174,2026-10-03T17:39:02.288925+00:00,-3.24762,-59.04742,249.2,78.6,78.6,0,MANAUS/AM,ITACOATIARA/AM,,5.0,atrasado
710269174,2026-10-03T17:39:24.890410+00:00,-3.24499,-59.0343,249.2,74.1,74.1,0,MANAUS/AM,ITACOATIARA/AM,,5.0,atrasado
710269174,2026-10-03T17:39:48.253543+00:00,-3.24121,-59.02099,249.2,76.9,76.9,0,MANAUS/AM,ITACOATIARA/AM,,5.0,atrasado
710269174,2026-10-03T18:14:18.095714+00:00,-3.24021,-59.01667,0.0,0.0,0.0,5,MANAUS/AM,ITACOATIARA/AM,ITACOATIARA/AM,5.0,atrasado
710269174,2026-10-03T19:25:25.123291+00:00,-3.24021,-59.01667,0.0,0.0,0.0,5,MANAUS/AM,ITACOATIARA/AM,ITACOATIARA/AM,5.0,atrasado
710269174,2026-10-03T20:36:32.150869+00:00,-3.24021,-59.01667,0.0,0.0,0.0,5,MANAUS/AM,ITACOATIARA/AM,ITACOATIARA/AM,5.0,atrasado
710269174,2026-10-03T21:47:39.178446+00:00,-3.24021,-59.01667,0.0,0.0,0.0,5,MANAUS/AM,ITACOATIARA/AM,ITACOATIARA/AM,5.0,atrasado
710269174,2026-10-03T22:58:46.206023+00:00,-3.24021,-59.01667,25.4,76.9,76.9,0,MANAUS/AM,ITACOATIARA/AM,,4.98,atrasado
710269174,2026-10-03T23:00:44.939026+00:00,-3.23859,-59.0097,25.4,93.8,93.8,0,MANAUS/AM,ITACOATIARA/AM,,4.98,atrasado
710269174,2026-10-03T23:04:34.302966+00:00,-3.2395,-58.99591,25.4,113.8,113.8,0,MANAUS/AM,ITACOATIARA/AM,,4.98,atrasado
710269174,2026-10-03T23:09:26.387666+00:00,-3.24658,-58.9798,25.4,114.4,114.4,0,MANAUS/AM,ITACOATIARA/AM,,4.98,atrasado
710269174,2026-10-03T23:15:17.715095+00:00,-3.25531,-58.96051,25.4,112.0,112.0,0,MANAUS/AM,ITACOATIARA/AM,,4.98,atrasado
710269174,2026-10-03T23:20:45.362359+00:00,-3.26269,-58.9422,25.4,107.6,107.6,0,MANAUS/AM,ITACOATIARA/AM,,4.98,atrasado
710269174,2026-10-03T23:25:48.051030+00:00,-3.26819,-58.9248,25.4,121.9,121.9,0,MANAUS/AM,ITACOATIARA/AM,,4.98,atrasado
710269174,2026-10-03T23:31:18.374017+00:00,-3.27868,-58.9079,25.4,131.4,131.4,0,MANAUS/AM,ITACOATIARA/AM,,4.98,atrasado
710269174,2026-10-03T23:35:45.477196+00:00,-3.28931,-58.89581,25.4,129.9,129.9,0,MANAUS/AM,ITACOATIARA/AM,,4.98,atrasado
710269174,2026-10-03T23:39:28.484188+00:00,-3.29791,-58.8855,25.4,115.4,115.4,0,MANAUS/AM,ITACOATIARA/AM,,4.98,atrasado
710269174,2026-10-03T23:43:12.752509+00:00,-3.30371,-58.87329,25.4,106.9,106.9,0,MANAUS/AM,ITACOATIARA/AM,,4.98,atrasado
710269174,2026-10-03T23:49:23.116439+00:00,-3.31018,-58.85193,25.4,112.7,112.7,0,MANAUS/AM,ITACOATIARA/AM,,4.98,atrasado
710269174,2026-10-03T23:53:58.687860+00:00,-3.31659,-58.83661,25.4,115.4,115.4,0,MANAUS/AM,ITACOATIARA/AM,,4.98,atrasado
710269174,2026-10-03T23:58:25.539292+00:00,-3.32348,-58.82208,25.4,114.0,114.0,0,MANAUS/AM,ITACOATIARA/AM,,4.98,atrasado
710269174,2026-10-04T00:05:52.161234+00:00,-3.33441,-58.79748,25.4,115.9,115.9,0,MANAUS/AM,ITACOATIARA/AM,,4.98,atrasado
710269174,2026-10-04T00:12:08.160696+00:00,-3.3443,-58.7771,25.4,103.5,103.5,0,MANAUS/AM,ITACOATIARA/AM,,4.98,atrasado
710269174,2026-10-04T00:18:38.677646+00:00,-3.34979,-58.75421,25.4,107.6,107.6,0,MANAUS/AM,ITACOATIARA/AM,,4.98,atrasado
710269174,2026-10-04T00:20:49.343342+00:00,-3.35217,-58.7467,0.0,0.0,0.0,5,MANAUS/AM,ITACOATIARA/AM,ITACOATIARA/AM,4.98,atrasado
710269174,2026-10-04T01:21:18.054522+00:00,-3.35217,-58.7467,0.0,0.0,0.0,5,MANAUS/AM,ITACOATIARA/AM,ITACOATIARA/AM,4.98,atrasado
710269174,2026-10-04T02:21:46.765703+00:00,-3.35217,-58.7467,0.0,0.0,0.0,5,MANAUS/AM,ITACOATIARA/AM,ITACOATIARA/AM,4.98,atrasado
710269174,2026-10-04T03:22:15.476883+00:00,-3.35217,-58.7467,0.0,0.0,0.0,5,MANAUS/AM,ITACOATIARA/AM,ITACOATIARA/AM,4.98,atrasado
710269174,2026-10-04T04:22:44.188064+00:00,-3.35217,-58.7467,0.0,0.0,0.0,5,MANAUS/AM,ITACOATIARA/AM,ITACOATIARA/AM,4.98,atrasado
710269174,2026-10-04T05:23:12.899244+00:00,-3.35217,-58.7467,0.0,0.0,0.0,5,MANAUS/AM,ITACOATIARA/AM,ITACOATIARA/AM,4.98,atrasado
710269174,2026-10-04T06:23:41.610424+00:00,-3.35217,-58.7467,0.0,0.0,0.0,5,MANAUS/AM,ITACOATIARA/AM,ITACOATIARA/AM,4.98,atrasado
710269174,2026-10-04T07:24:10.321605+00:00,-3.35217,-58.7467,61.1,108.1,108.1,0,MANAUS/AM,ITACOATIARA/AM,,5.0,atrasado
710269174,2026-10-04T07:26:32.338054+00:00,-3.35858,-58.72711,61.1,103.0,103.0,0,MANAUS/AM,ITACOATIARA/AM,,5.0,atrasado
710269174,2026-10-04T07:31:24.431924+00:00,-3.3681,-58.68579,61.1,94.7,94.7,0,MANAUS/AM,ITACOATIARA/AM,,5.0,atrasado
710269174,2026-10-04T07:35:48.938730+00:00,-3.37127,-58.64752,61.1,84.6,84.6,0,MANAUS/AM,ITACOATIARA/AM,,5.0,atrasado
710269174,2026-10-04T07:38:08.698631+00:00,-3.36938,-58.62732,61.1,65.1,65.1,0,MANAUS/AM,ITACOATIARA/AM,,5.0,atrasado
710269174,2026-10-04T07:40:20.398512+00:00,-3.36133,-58.60998,61.1,62.9,62.9,0,MANAUS/AM,ITACOATIARA/AM,,5.0,atrasado
710269174,2026-10-04T07:41:33.567391+00:00,-3.3565,-58.60052,61.1,43.0,43.0,0,MANAUS/AM,ITACOATIARA/AM,,5.0,atrasado
710269174,2026-10-04T07:42:42.638605+00:00,-3.34918,-58.59369,61.1,31.9,31.9,0,MANAUS/AM,ITACOATIARA/AM,,5.0,atrasado
710269174,2026-10-04T07:44:33.245816+00:00,-3.33557,-58.5852,61.1,23.1,23.1,0,MANAUS/AM,ITACOATIARA/AM,,5.0,atrasado
710269174,2026-10-04T07:46:09.831058+00:00,-3.32269,-58.57971,61.1,23.8,23.8,0,MANAUS/AM,ITACOATIARA/AM,,5.0,atrasado
710269174,2026-10-04T07:48:14.992721+00:00,-3.30609,-58.57239,61.1,9.6,9.6,0,MANAUS/AM,ITACOATIARA/AM,,5.0,atrasado
710269174,2026-10-04T07:49:48.109826+00:00,-3.29278,-58.57013,61.1,5.3,5.3,0,MANAUS/AM,ITACOATIARA/AM,,5.0,atrasado
710269174,2026-10-04T07:51:27.924339+00:00,-3.27838,-58.56878,61.1,6.7,6.7,0,MANAUS/AM,ITACOATIARA/AM,,5.0,atrasado
710269174,2026-10-04T07:53:36.423773+00:00,-3.25989,-58.56659,61.1,13.6,13.6,0,MANAUS/AM,ITACOATIARA/AM,,5.0,atrasado
710269174,2026-10-04T07:55:31.219288+00:00,-3.24371,-58.56268,61.1,17.7,17.7,0,MANAUS/AM,ITACOATIARA/AM,,5.0,atrasado
710269174,2026-10-04T07:58:46.174400+00:00,-3.21679,-58.55408,61.1,34.4,34.4,0,MANAUS/AM,ITACOATIARA/AM,,5.0,atrasado
710269174,2026-10-04T08:01:19.701633+00:00,-3.19842,-58.5415,61.1,41.8,41.8,0,MANAUS/AM,ITACOATIARA/AM,,5.0,atrasado
710269174,2026-10-04T08:04:10.183149+00:00,-3.17999,-58.52502,61.1,30.5,30.5,0,MANAUS/AM,ITACOATIARA/AM,,5.0,atrasado
710269174,2026-10-04T08:06:55.281863+00:00,-3.15938,-58.51285,61.1,42.0,42.0,0,MANAUS/AM,ITACOATIARA/AM,,5.0,atrasado
710269174,2026-10-04T08:09:13.953055+00:00,-3.14445,-58.49937,61.1,59.5,59.5,0,MANAUS/AM,ITACOATIARA/AM,,5.0,atrasado
710269174,2026-10-04T08:10:14.458579+00:00,-3.14,-58.49181,61.1,73.7,73.7,0,MANAUS/AM,ITACOATIARA/AM,,5.0,atrasado
710269174,2026-10-04T08:11:13.468137+00:00,-3.1376,-58.48359,0.0,0.0,0.0,5,MANAUS/AM,ITACOATIARA/AM,ITACOATIARA/AM,5.0,atrasado
710269174,2026-10-04T09:11:50.377537+00:00,-3.1376,-58.48359,0.0,0.0,0.0,5,MANAUS/AM,ITACOATIARA/AM,ITACOATIARA/AM,5.0,atrasado
710269174,2026-10-04T10:12:27.286937+00:00,-3.1376,-58.48359,0.0,0.0,0.0,5,MANAUS/AM,ITACOATIARA/AM,ITACOATIARA/AM,5.0,atrasado
710269174,2026-10-04T11:13:04.196337+00:00,-3.1376,-58.48359,0.0,0.0,0.0,5,MANAUS/AM,ITACOATIARA/AM,ITACOATIARA/AM,5.0,atrasado
710269174,2026-10-04T12:13:41.105736+00:00,-3.1376,-58.48359,0.0,0.0,0.0,5,MANAUS/AM,ITACOATIARA/AM,ITACOATIARA/AM,5.0,atrasado
710269174,2026-10-04T13:14:18.015136+00:00,-3.1376,-58.48359,0.0,0.0,0.0,5,MANAUS/AM,ITACOATIARA/AM,ITACOATIARA/AM,5.0,atrasado
710269174,2026-10-04T14:14:54.924536+00:00,-3.1376,-58.48359,0.0,113.6,113.6,5,MANAUS/AM,ITACOATIARA/AM,ITACOATIARA/AM,5.0,atrasado
710269174,2026-10-04T14:23:46.588137+00:00,-3.15599,-58.44147,0.0,293.6,293.6,5,MANAUS/AM,ITACOATIARA/AM,ITACOATIARA/AM,5.0,atrasado
710269174,2026-10-04T15:15:31.833936+00:00,-3.1376,-58.48359,55.1,90.6,90.6,0,MANAUS/AM,ITACOATIARA/AM,,5.0,atrasado
710269174,2026-10-04T15:16:32.476173+00:00,-3.13768,-58.47565,55.1,109.3,109.3,0,MANAUS/AM,ITACOATIARA/AM,,5.0,atrasado
710269174,2026-10-04T15:18:08.275052+00:00,-3.14182,-58.46381,55.1,124.7,124.7,0,MANAUS/AM,ITACOATIARA/AM,,5.0,atrasado
710269174,2026-10-04T15:19:30.868448+00:00,-3.14796,-58.45492,55.1,125.1,125.1,0,MANAUS/AM,ITACOATIARA/AM,,5.0,atrasado
710269174,2026-10-04T15:21:07.519587+00:00,-3.15522,-58.44456,55.1,104.0,104.0,0,MANAUS/AM,ITACOATIARA/AM,,5.0,atrasado
710269174,2026-10-04T15:25:04.970431+00:00,-3.15599,-58.44147,0.0,0.0,0.0,5,MANAUS/AM,ITACOATIARA/AM,ITACOATIARA/AM,5.0,atrasado
710269174,2026-10-04T16:26:23.352724+00:00,-3.15599,-58.44147,0.0,0.0,0.0,5,MANAUS/AM,ITACOATIARA/AM,ITACOATIARA/AM,5.0,atrasado
710269174,2026-10-04T17:27:41.735018+00:00,-3.15599,-58.44147,0.0,0.0,0.0,5,MANAUS/AM,ITACOATIARA/AM,ITACOATIARA/AM,5.0,atrasado
710269174,2026-10-04T18:29:00.117312+00:00,-3.15599,-58.44147,0.0,0.0,0.0,5,MANAUS/AM,ITACOATIARA/AM,ITACOATIARA/AM,5.0,atrasado
710269174,2026-10-04T19:30:18.499606+00:00,-3.15599,-58.44147,0.0,0.0,0.0,5,MANAUS/AM,ITACOATIARA/AM,ITACOATIARA/AM,5.0,atrasado
710269174,2026-10-04T20:31:36.881899+00:00,-3.15599,-58.44147,0.0,0.0,0.0,5,MANAUS/AM,ITACOATIARA/AM,ITACOATIARA/AM,5.0,atrasado
710269174,2026-10-04T21:32:55.264193+00:00,-3.15599,-58.44147,0.0,0.0,0.0,5,MANAUS/AM,ITACOATIARA/AM,ITACOATIARA/AM,5.0,atrasado
710269174,2026-10-04T22:34:13.646487+00:00,-3.15599,-58.44147,0.0,0.0,0.0,5,MANAUS/AM,ITACOATIARA/AM,ITACOATIARA/AM,5.0,atrasado
710269174,2026-10-04T23:35:32.028781+00:00,-3.15599,-58.44147,0.0,0.0,0.0,5,MANAUS/AM,ITACOATIARA/AM,ITACOATIARA/AM,5.0,atrasado
710269174,2026-10-05T00:36:50.411074+00:00,-3.15599,-58.44147,0.0,0.0,0.0,5,MANAUS/AM,ITACOATIARA/AM,ITACOATIARA/AM,5.0,atrasado
710269174,2026-10-05T01:38:08.793368+00:00,-3.15599,-58.44147,0.0,0.0,0.0,5,MANAUS/AM,ITACOATIARA/AM,ITACOATIARA/AM,5.0,atrasado
710269174,2026-10-05T02:39:27.175662+00:00,-3.15599,-58.44147,0.0,0.0,0.0,5,MANAUS/AM,ITACOATIARA/AM,ITACOATIARA/AM,5.0,atrasado
710269174,2026-10-05T03:40:45.557956+00:00,-3.15599,-58.44147,0.0,0.0,0.0,5,MANAUS/AM,ITACOATIARA/AM,ITACOATIARA/AM,5.0,atrasado
710269174,2026-10-05T04:42:03.940249+00:00,-3.15599,-58.44147,0.0,0.0,0.0,5,MANAUS/AM,ITACOATIARA/AM,ITACOATIARA/AM,5.0,atrasado
710269174,2026-10-05T05:43:22.322543+00:00,-3.15599,-58.44147,0.0,0.0,0.0,5,MANAUS/AM,ITACOATIARA/AM,ITACOATIARA/AM,5.0,atrasado
710269174,2026-10-05T06:44:40.704837+00:00,-3.15599,-58.44147,0.0,0.0,0.0,5,MANAUS/AM,ITACOATIARA/AM,ITACOATIARA/AM,5.0,atrasado
710269174,2026-10-05T07:45:59.087131+00:00,-3.15599,-58.44147,0.0,0.0,0.0,5,MANAUS/AM,ITACOATIARA/AM,ITACOATIARA/AM,5.0,atrasado
710269174,2026-10-05T08:47:17.469424+00:00,-3.15599,-58.44147,0.0,0,0,5,MANAUS/AM,ITACOATIARA/AM,ITACOATIARA/AM,5.0,atrasado
710529470,2026-09-25T20:09:45.629981+00:00,-1.81738,-53.47571,24.9,79.3,79.3,0,ALMEIRIM/PA,PRAINHA/PA,,0.14,no_prazo
710529470,2026-09-25T20:14:37.793843+00:00,-1.81408,-53.45831,24.9,81.6,81.6,0,ALMEIRIM/PA,PRAINHA/PA,,0.14,no_prazo
710529470,2026-09-25T20:18:51.315985+00:00,-1.81183,-53.44311,24.9,76.8,76.8,0,ALMEIRIM/PA,PRAINHA/PA,,0.14,no_prazo
710529470,2026-09-25T20:25:10.962711+00:00,-1.80658,-53.42071,24.9,78.8,78.8,0,ALMEIRIM/PA,PRAINHA/PA,,0.14,no_prazo
710529470,2026-09-25T20:30:07.638888+00:00,-1.8031,-53.40308,24.9,72.0,72.0,0,ALMEIRIM/PA,PRAINHA/PA,,0.14,no_prazo
710529470,2026-09-25T20:32:37.980204+00:00,-1.80029,-53.39441,24.9,76.4,76.4,0,ALMEIRIM/PA,PRAINHA/PA,,0.14,no_prazo
710529470,2026-09-25T20:36:37.375925+00:00,-1.79687,-53.38031,24.9,76.3,76.3,0,ALMEIRIM/PA,PRAINHA/PA,,0.14,no_prazo
710529470,2026-09-25T20:42:30.848995+00:00,-1.79181,-53.3595,24.9,77.2,77.2,0,ALMEIRIM/PA,PRAINHA/PA,,0.14,no_prazo
710529470,2026-09-25T20:46:59.387285+00:00,-1.78821,-53.34363,24.9,72.4,72.4,0,ALMEIRIM/PA,PRAINHA/PA,,0.14,no_prazo
710529470,2026-09-25T20:50:32.812060+00:00,-1.7843,-53.3313,24.9,67.2,67.2,0,ALMEIRIM/PA,PRAINHA/PA,,0.14,no_prazo
710529470,2026-09-25T20:52:24.293938+00:00,-1.78168,-53.32507,24.9,68.4,68.4,0,ALMEIRIM/PA,PRAINHA/PA,,0.14,no_prazo
710529470,2026-09-25T20:54:33.163309+00:00,-1.77881,-53.31781,24.9,64.9,64.9,0,ALMEIRIM/PA,PRAINHA/PA,,0.14,no_prazo
710529470,2026-09-25T20:58:37.849199+00:00,-1.77252,-53.30438,24.9,73.0,73.0,0,ALMEIRIM/PA,PRAINHA/PA,,0.14,no_prazo
710529470,2026-09-25T21:00:58.993835+00:00,-1.77002,-53.2962,24.9,77.0,77.0,0,ALMEIRIM/PA,PRAINHA/PA,,0.14,no_prazo
710529470,2026-09-25T21:02:15.459334+00:00,-1.76898,-53.29169,24.9,75.7,75.7,0,ALMEIRIM/PA,PRAINHA/PA,,0.14,no_prazo
710529470,2026-09-25T21:03:49.030463+00:00,-1.76758,-53.28619,24.9,73.2,73.2,0,ALMEIRIM/PA,PRAINHA/PA,,0.14,no_prazo
710529470,2026-09-25T21:05:13.142940+00:00,-1.76611,-53.28131,24.9,78.2,78.2,0,ALMEIRIM/PA,PRAINHA/PA,,0.14,no_prazo
710529470,2026-09-25T21:07:01.200090+00:00,-1.76477,-53.2749,24.9,78.9,78.9,0,ALMEIRIM/PA,PRAINHA/PA,,0.14,no_prazo
710529470,2026-09-25T21:08:51.029929+00:00,-1.76349,-53.26837,24.9,73.9,73.9,0,ALMEIRIM/PA,PRAINHA/PA,,0.14,no_prazo
710529470,2026-09-25T21:11:38.714375+00:00,-1.76068,-53.2586,24.9,77.6,77.6,0,ALMEIRIM/PA,PRAINHA/PA,,0.14,no_prazo
710529470,2026-09-25T21:14:09.252946+00:00,-1.75873,-53.24969,24.9,81.7,81.7,0,ALMEIRIM/PA,PRAINHA/PA,,0.14,no_prazo
710529470,2026-09-25T21:16:15.447748+00:00,-1.75763,-53.24213,24.9,86.2,86.2,0,ALMEIRIM/PA,PRAINHA/PA,,0.14,no_prazo
710529470,2026-09-25T21:18:31.722267+00:00,-1.75708,-53.23389,24.9,97.7,97.7,0,ALMEIRIM/PA,PRAINHA/PA,,0.14,no_prazo
710529470,2026-09-25T21:20:47.883960+00:00,-1.75818,-53.22571,24.9,96.4,96.4,0,ALMEIRIM/PA,PRAINHA/PA,,0.14,no_prazo
710529470,2026-09-25T21:24:31.894362+00:00,-1.7597,-53.21222,24.9,100.4,100.4,0,ALMEIRIM/PA,PRAINHA/PA,,0.14,no_prazo
710529470,2026-09-25T21:27:08.563571+00:00,-1.76141,-53.20288,24.9,106.9,106.9,0,ALMEIRIM/PA,PRAINHA/PA,,0.14,no_prazo
710529470,2026-09-25T21:30:43.311164+00:00,-1.7652,-53.19043,24.9,106.8,106.8,0,ALMEIRIM/PA,PRAINHA/PA,,0.14,no_prazo
710529470,2026-09-25T21:33:51.622885+00:00,-1.76849,-53.1795,24.9,100.9,100.9,0,ALMEIRIM/PA,PRAINHA/PA,,0.14,no_prazo
710529470,2026-09-25T21:39:33.157544+00:00,-1.7724,-53.15918,24.9,98.8,98.8,0,ALMEIRIM/PA,PRAINHA/PA,,0.14,no_prazo
710529470,2026-09-25T21:43:16.378712+00:00,-1.77447,-53.14581,24.9,93.4,93.4,0,ALMEIRIM/PA,PRAINHA/PA,,0.14,no_prazo
710529470,2026-09-25T21:45:48.725427+00:00,-1.77502,-53.13659,24.9,100.9,100.9,0,ALMEIRIM/PA,PRAINHA/PA,,0.14,no_prazo
710529470,2026-09-25T21:49:00.516671+00:00,-1.77722,-53.12518,24.9,98.4,98.4,0,ALMEIRIM/PA,PRAINHA/PA,,0.14,no_prazo
710529470,2026-09-25T21:51:25.091631+00:00,-1.7785,-53.11651,24.9,90.0,90.0,0,ALMEIRIM/PA,PRAINHA/PA,,0.14,no_prazo
710529470,2026-09-25T21:54:13.290017+00:00,-1.7785,-53.10632,24.9,83.3,83.3,0,ALMEIRIM/PA,PRAINHA/PA,,0.14,no_prazo
710529470,2026-09-25T21:56:04.852968+00:00,-1.77771,-53.09961,24.9,70.1,70.1,0,ALMEIRIM/PA,PRAINHA/PA,,0.14,no_prazo
710529470,2026-09-25T21:57:21.958449+00:00,-1.77612,-53.09521,24.9,67.2,67.2,0,ALMEIRIM/PA,PRAINHA/PA,,0.14,no_prazo
710529470,2026-09-25T21:59:18.867262+00:00,-1.77337,-53.08868,24.9,81.6,81.6,0,ALMEIRIM/PA,PRAINHA/PA,,0.14,no_prazo
710529470,2026-09-25T22:00:48.474387+00:00,-1.77258,-53.08331,24.9,88.6,88.6,0,ALMEIRIM/PA,PRAINHA/PA,,0.14,no_prazo
710529470,2026-09-25T22:04:17.014483+00:00,-1.77228,-53.07068,24.9,78.8,78.8,0,ALMEIRIM/PA,PRAINHA/PA,,0.14,no_prazo
710529470,2026-09-25T22:06:32.507274+00:00,-1.77069,-53.06262,24.9,78.6,78.6,0,ALMEIRIM/PA,PRAINHA/PA,,0.14,no_prazo
710529470,2026-09-25T22:09:36.414264+00:00,-1.76849,-53.0517,24.9,73.8,73.8,0,ALMEIRIM/PA,PRAINHA/PA,,0.14,no_prazo
710529470,2026-09-25T22:11:46.457954+00:00,-1.76629,-53.04413,24.9,65.9,65.9,0,ALMEIRIM/PA,PRAINHA/PA,,0.14,no_prazo
710529470,2026-09-25T22:14:44.111102+00:00,-1.7619,-53.0343,24.9,71.2,71.2,0,ALMEIRIM/PA,PRAINHA/PA,,0.14,no_prazo
710529470,2026-09-25T22:17:54.580069+00:00,-1.75818,-53.02338,24.9,50.4,50.4,0,ALMEIRIM/PA,PRAINHA/PA,,0.14,no_prazo
710529470,2026-09-25T22:20:32.702489+00:00,-1.75207,-53.01599,24.9,69.1,69.1,0,ALMEIRIM/PA,PRAINHA/PA,,0.14,no_prazo
710529470,2026-09-25T22:22:59.362997+00:00,-1.7489,-53.00769,24.9,61.6,61.6,0,ALMEIRIM/PA,PRAINHA/PA,,0.14,no_prazo
710529470,2026-09-25T22:24:53.847442+00:00,-1.7456,-53.00158,24.9,44.7,44.7,0,ALMEIRIM/PA,PRAINHA/PA,,0.14,no_prazo
710529470,2026-09-25T22:27:36.977005+00:00,-1.73859,-52.99463,24.9,40.1,40.1,0,ALMEIRIM/PA,PRAINHA/PA,,0.14,no_prazo
710529470,2026-09-25T22:29:59.257320+00:00,-1.73199,-52.98907,24.9,27.6,27.6,0,ALMEIRIM/PA,PRAINHA/PA,,0.14,no_prazo
710529470,2026-09-25T22:33:31.962703+00:00,-1.72058,-52.98309,24.9,31.2,31.2,0,ALMEIRIM/PA,PRAINHA/PA,,0.14,no_prazo
710529470,2026-09-25T22:36:07.481454+00:00,-1.71252,-52.97821,24.9,28.6,28.6,0,ALMEIRIM/PA,PRAINHA/PA,,0.14,no_prazo
710529470,2026-09-25T22:41:04.598937+00:00,-1.69671,-52.9696,24.9,27.1,27.1,0,ALMEIRIM/PA,PRAINHA/PA,,0.14,no_prazo
710529470,2026-09-25T22:42:46.437492+00:00,-1.69122,-52.96679,24.9,29.5,29.5,0,ALMEIRIM/PA,PRAINHA/PA,,0.14,no_prazo
710529470,2026-09-25T22:46:23.012496+00:00,-1.67981,-52.96033,24.9,35.2,35.2,0,ALMEIRIM/PA,PRAINHA/PA,,0.14,no_prazo
710529470,2026-09-25T22:48:44.731847+00:00,-1.67279,-52.95538,24.9,41.9,41.9,0,ALMEIRIM/PA,PRAINHA/PA,,0.14,no_prazo
710529470,2026-09-25T22:52:57.995140+00:00,-1.66138,-52.94513,24.9,59.5,59.5,0,ALMEIRIM/PA,PRAINHA/PA,,0.14,no_prazo
710529470,2026-09-25T22:56:48.287938+00:00,-1.6543,-52.9331,24.9,77.3,77.3,0,ALMEIRIM/PA,PRAINHA/PA,,0.14,no_prazo
710529470,2026-09-25T22:58:10.883094+00:00,-1.6532,-52.92822,24.9,78.5,78.5,0,ALMEIRIM/PA,PRAINHA/PA,,0.14,no_prazo
710529470,2026-09-25T22:59:42.342142+00:00,-1.6521,-52.92279,24.9,77.3,77.3,0,ALMEIRIM/PA,PRAINHA/PA,,0.14,no_prazo
710529470,2026-09-25T23:02:27.536296+00:00,-1.6499,-52.91302,24.9,81.7,81.7,0,ALMEIRIM/PA,PRAINHA/PA,,0.14,no_prazo
710529470,2026-09-25T23:06:24.705135+00:00,-1.64783,-52.8988,24.9,80.5,80.5,0,ALMEIRIM/PA,PRAINHA/PA,,0.14,no_prazo
710529470,2026-09-25T23:13:51.958259+00:00,-1.64337,-52.87207,24.9,85.4,85.4,0,ALMEIRIM/PA,PRAINHA/PA,,0.14,no_prazo
710529470,2026-09-25T23:19:52.733798+00:00,-1.6416,-52.85028,24.9,87.5,87.5,0,ALMEIRIM/PA,PRAINHA/PA,,0.14,no_prazo
710529470,2026-09-25T23:23:43.609571+00:00,-1.64099,-52.8363,24.9,75.1,75.1,0,ALMEIRIM/PA,PRAINHA/PA,,0.14,no_prazo
710529470,2026-09-25T23:27:57.946951+00:00,-1.63702,-52.82141,24.9,73.6,73.6,0,ALMEIRIM/PA,PRAINHA/PA,,0.14,no_prazo
710529470,2026-09-25T23:34:01.302005+00:00,-1.6308,-52.80029,24.9,73.7,73.7,0,ALMEIRIM/PA,PRAINHA/PA,,0.14,no_prazo
710529470,2026-09-25T23:40:28.580345+00:00,-1.6242,-52.77777,24.9,73.0,73.0,0,ALMEIRIM/PA,PRAINHA/PA,,0.14,no_prazo
710529470,2026-09-25T23:46:20.340639+00:00,-1.61798,-52.75738,24.9,69.7,69.7,0,ALMEIRIM/PA,PRAINHA/PA,,0.14,no_prazo
710529470,2026-09-25T23:50:03.760468+00:00,-1.61328,-52.74469,24.9,45.0,45.0,0,ALMEIRIM/PA,PRAINHA/PA,,0.14,no_prazo
710529470,2026-09-25T23:53:07.552317+00:00,-1.60541,-52.73681,24.9,59.5,59.5,0,ALMEIRIM/PA,PRAINHA/PA,,0.14,no_prazo
710529470,2026-09-25T23:56:00.488759+00:00,-1.6001,-52.72778,24.9,67.6,67.6,0,ALMEIRIM/PA,PRAINHA/PA,,0.14,no_prazo
710529470,2026-09-26T00:04:57.556812+00:00,-1.58771,-52.69769,24.9,74.3,74.3,0,ALMEIRIM/PA,PRAINHA/PA,,0.14,no_prazo
710529470,2026-09-26T00:10:59.512106+00:00,-1.58179,-52.67657,24.9,81.8,81.8,0,ALMEIRIM/PA,PRAINHA/PA,,0.14,no_prazo
710529470,2026-09-26T00:19:21.307703+00:00,-1.57748,-52.64647,24.9,85.9,85.9,0,ALMEIRIM/PA,PRAINHA/PA,,0.14,no_prazo
710529470,2026-09-26T00:23:48.519310+00:00,-1.57633,-52.63032,24.9,73.4,73.4,0,ALMEIRIM/PA,PRAINHA/PA,,0.14,no_prazo
710529470,2026-09-26T00:30:33.257496+00:00,-1.56933,-52.60682,24.9,60.5,60.5,0,ALMEIRIM/PA,PRAINHA/PA,,0.14,no_prazo
710529470,2026-09-26T00:39:28.271345+00:00,-1.55337,-52.57861,24.9,30.0,30.0,0,ALMEIRIM/PA,PRAINHA/PA,,0.14,no_prazo
710529470,2026-09-26T00:41:18.993181+00:00,-1.54756,-52.57525,24.9,7.9,7.9,0,ALMEIRIM/PA,PRAINHA/PA,,0.14,no_prazo
710529470,2026-09-26T00:42:54.340360+00:00,-1.54184,-52.57446,24.9,1.7,1.7,0,ALMEIRIM/PA,PRAINHA/PA,,0.14,no_prazo
710529470,2026-09-26T00:44:02.798244+00:00,-1.53769,-52.57434,24.9,57.2,57.2,0,ALMEIRIM/PA,PRAINHA/PA,,0.14,no_prazo
710529470,2026-09-26T00:44:15.011769+00:00,-1.53729,-52.57372,0.0,0.0,0.0,5,ALMEIRIM/PA,PRAINHA/PA,PRAINHA/PA,0.14,no_prazo
710529470,2026-09-26T01:53:42.951487+00:00,-1.53729,-52.57372,0.0,0.0,0.0,5,ALMEIRIM/PA,PRAINHA/PA,PRAINHA/PA,0.14,no_prazo
710529470,2026-09-26T03:03:10.891204+00:00,-1.53729,-52.57372,0.0,0.0,0.0,5,ALMEIRIM/PA,PRAINHA/PA,PRAINHA/PA,0.14,no_prazo
710529470,2026-09-26T04:12:38.830922+00:00,-1.53729,-52.57372,0.0,0.0,0.0,5,ALMEIRIM/PA,PRAINHA/PA,PRAINHA/PA,0.14,no_prazo
710529470,2026-09-26T05:22:06.770640+00:00,-1.53729,-52.57372,0.0,0.0,0.0,5,ALMEIRIM/PA,PRAINHA/PA,PRAINHA/PA,0.14,no_prazo
710529470,2026-09-26T06:31:34.710358+00:00,-1.53729,-52.57372,0.0,0.0,0.0,5,ALMEIRIM/PA,PRAINHA/PA,PRAINHA/PA,0.14,no_prazo
710529470,2026-09-26T07:41:02.650076+00:00,-1.53729,-52.57372,88.7,56.5,56.5,0,GURUPÁ/PA,ALMEIRIM/PA,,0.0,no_prazo
710529470,2026-09-26T07:41:17.280634+00:00,-1.53555,-52.57109,88.7,103.3,103.3,0,GURUPÁ/PA,ALMEIRIM/PA,,0.0,no_prazo
710529470,2026-09-26T07:41:35.423991+00:00,-1.53645,-52.56728,88.7,127.3,127.3,0,GURUPÁ/PA,ALMEIRIM/PA,,0.0,no_prazo
710529470,2026-09-26T07:42:10.958526+00:00,-1.54109,-52.56119,88.7,123.7,123.7,0,GURUPÁ/PA,ALMEIRIM/PA,,0.0,no_prazo
710529470,2026-09-26T07:43:23.450017+00:00,-1.54975,-52.54818,88.7,122.7,122.7,0,GURUPÁ/PA,ALMEIRIM/PA,,0.0,no_prazo
710529470,2026-09-26T07:44:35.179333+00:00,-1.55809,-52.53516,88.7,107.3,107.3,0,GURUPÁ/PA,ALMEIRIM/PA,,0.0,no_prazo
710529470,2026-09-26T07:45:40.584996+00:00,-1.56229,-52.52171,88.7,98.1,98.1,0,GURUPÁ/PA,ALMEIRIM/PA,,0.0,no_prazo
710529470,2026-09-26T07:47:26.035868+00:00,-1.56549,-52.49921,88.7,90.0,90.0,0,GURUPÁ/PA,ALMEIRIM/PA,,0.0,no_prazo
710529470,2026-09-26T07:49:08.257807+00:00,-1.56549,-52.47717,88.7,87.4,87.4,0,GURUPÁ/PA,ALMEIRIM/PA,,0.0,no_prazo
710529470,2026-09-26T07:50:41.511347+00:00,-1.56457,-52.45709,88.7,87.0,87.0,0,GURUPÁ/PA,ALMEIRIM/PA,,0.0,no_prazo
710529470,2026-09-26T07:53:01.306255+00:00,-1.56299,-52.427,88.7,81.6,81.6,0,GURUPÁ/PA,ALMEIRIM/PA,,0.0,no_prazo
710529470,2026-09-26T07:55:36.162890+00:00,-1.5581,-52.39398,88.7,74.5,74.5,0,GURUPÁ/PA,ALMEIRIM/PA,,0.0,no_prazo
710529470,2026-09-26T07:57:21.960921+00:00,-1.552,-52.37201,88.7,69.9,69.9,0,GURUPÁ/PA,ALMEIRIM/PA,,0.0,no_prazo
710529470,2026-09-26T07:58:59.341104+00:00,-1.5448,-52.35229,88.7,66.3,66.3,0,GURUPÁ/PA,ALMEIRIM/PA,,0.0,no_prazo
710529470,2026-09-26T08:00:00.584479+00:00,-1.53949,-52.34021,88.7,61.1,61.1,0,GURUPÁ/PA,ALMEIRIM/PA,,0.0,no_prazo
710529470,2026-09-26T08:00:35.183355+00:00,-1.53589,-52.33368,88.7,67.0,67.0,0,GURUPÁ/PA,ALMEIRIM/PA,,0.0,no_prazo
710529470,2026-09-26T08:01:13.002332+00:00,-1.53271,-52.32617,88.7,69.3,69.3,0,GURUPÁ/PA,ALMEIRIM/PA,,0.0,no_prazo
710529470,2026-09-26T08:01:51.445549+00:00,-1.52978,-52.31842,88.7,76.7,76.7,0,GURUPÁ/PA,ALMEIRIM/PA,,0.0,no_prazo
710529470,2026-09-26T08:03:49.306729+00:00,-1.52392,-52.2937,88.7,67.4,67.4,0,GURUPÁ/PA,ALMEIRIM/PA,,0.0,no_prazo
710529470,2026-09-26T08:04:22.438598+00:00,-1.52118,-52.28711,88.7,71.9,71.9,0,GURUPÁ/PA,ALMEIRIM/PA,,0.0,no_prazo
710529470,2026-09-26T08:05:14.286962+00:00,-1.5177,-52.27649,88.7,72.3,72.3,0,GURUPÁ/PA,ALMEIRIM/PA,,0.0,no_prazo
710529470,2026-09-26T08:05:49.661301+00:00,-1.51538,-52.26922,88.7,64.6,64.6,0,GURUPÁ/PA,ALMEIRIM/PA,,0.0,no_prazo
710529470,2026-09-26T08:07:33.149981+00:00,-1.5058,-52.24908,0.0,0.0,0.0,5,GURUPÁ/PA,ALMEIRIM/PA,ALMEIRIM/PA,0.0,no_prazo
710529470,2026-09-26T09:08:08.208117+00:00,-1.5058,-52.24908,0.0,0.0,0.0,5,GURUPÁ/PA,ALMEIRIM/PA,ALMEIRIM/PA,0.0,no_prazo
710529470,2026-09-26T10:08:43.266254+00:00,-1.5058,-52.24908,0.0,0.0,0.0,5,GURUPÁ/PA,ALMEIRIM/PA,ALMEIRIM/PA,0.0,no_prazo
710529470,2026-09-26T11:09:18.324390+00:00,-1.5058,-52.24908,0.0,0.0,0.0,5,GURUPÁ/PA,ALMEIRIM/PA,ALMEIRIM/PA,0.0,no_prazo
710529470,2026-09-26T12:09:53.382526+00:00,-1.5058,-52.24908,0.0,0.0,0.0,5,GURUPÁ/PA,ALMEIRIM/PA,ALMEIRIM/PA,0.0,no_prazo
710529470,2026-09-26T13:10:28.440662+00:00,-1.5058,-52.24908,10.7,55.3,55.3,0,GURUPÁ/PA,ALMEIRIM/PA,,0.62,atencao
710529470,2026-09-26T13:19:58.305403+00:00,-1.49737,-52.23688,10.7,55.9,55.9,0,GURUPÁ/PA,ALMEIRIM/PA,,0.62,atencao
710529470,2026-09-26T13:27:08.909273+00:00,-1.49109,-52.2276,10.7,75.9,75.9,0,GURUPÁ/PA,ALMEIRIM/PA,,0.62,atencao
710529470,2026-09-26T13:36:08.089984+00:00,-1.48767,-52.21399,10.7,84.8,84.8,0,GURUPÁ/PA,ALMEIRIM/PA,,0.62,atencao
710529470,2026-09-26T13:50:01.616581+00:00,-1.48572,-52.19238,10.7,88.9,88.9,0,GURUPÁ/PA,ALMEIRIM/PA,,0.62,atencao
710529470,2026-09-26T14:00:46.564110+00:00,-1.48541,-52.1756,10.7,89.2,89.2,0,GURUPÁ/PA,ALMEIRIM/PA,,0.62,atencao
710529470,2026-09-26T14:09:24.859040+00:00,-1.48523,-52.16211,10.7,89.5,89.5,0,GURUPÁ/PA,ALMEIRIM/PA,,0.62,atencao
710529470,2026-09-26T14:18:19.532179+00:00,-1.48511,-52.14819,10.7,84.6,84.6,0,GURUPÁ/PA,ALMEIRIM/PA,,0.62,atencao
710529470,2026-09-26T14:24:36.389826+00:00,-1.48419,-52.13843,10.7,72.0,72.0,0,GURUPÁ/PA,ALMEIRIM/PA,,0.62,atencao
710529470,2026-09-26T14:33:19.187823+00:00,-1.47998,-52.12549,10.7,62.5,62.5,0,GURUPÁ/PA,ALMEIRIM/PA,,0.62,atencao
710529470,2026-09-26T14:40:46.029010+00:00,-1.47461,-52.11517,10.7,62.0,62.0,0,GURUPÁ/PA,ALMEIRIM/PA,,0.62,atencao
710529470,2026-09-26T14:48:25.534727+00:00,-1.46899,-52.10461,10.7,70.1,70.1,0,GURUPÁ/PA,ALMEIRIM/PA,,0.62,atencao
710529470,2026-09-26T15:01:38.528740+00:00,-1.46197,-52.0852,10.7,74.9,74.9,0,GURUPÁ/PA,ALMEIRIM/PA,,0.62,atencao
710529470,2026-09-26T15:09:00.550198+00:00,-1.45898,-52.07409,10.7,76.2,76.2,0,GURUPÁ/PA,ALMEIRIM/PA,,0.62,atencao
710529470,2026-09-26T15:15:43.811919+00:00,-1.45648,-52.0639,10.7,72.8,72.8,0,GURUPÁ/PA,ALMEIRIM/PA,,0.62,atencao
710529470,2026-09-26T15:26:56.545832+00:00,-1.45129,-52.04718,10.7,73.1,73.1,0,GURUPÁ/PA,ALMEIRIM/PA,,0.62,atencao
710529470,2026-09-26T15:36:54.487997+00:00,-1.44678,-52.03229,10.7,73.9,73.9,0,GURUPÁ/PA,ALMEIRIM/PA,,0.62,atencao
710529470,2026-09-26T15:51:52.566498+00:00,-1.44031,-52.00982,0.0,0.0,0.0,5,GURUPÁ/PA,ALMEIRIM/PA,ALMEIRIM/PA,0.62,atencao
710529470,2026-09-26T17:01:06.091924+00:00,-1.44031,-52.00982,0.0,0.0,0.0,5,GURUPÁ/PA,ALMEIRIM/PA,ALMEIRIM/PA,0.62,atencao
710529470,2026-09-26T18:10:19.617350+00:00,-1.44031,-52.00982,0.0,0.0,0.0,5,GURUPÁ/PA,ALMEIRIM/PA,ALMEIRIM/PA,0.62,atencao
710529470,2026-09-26T19:19:33.142776+00:00,-1.44031,-52.00982,0.0,0.0,0.0,5,GURUPÁ/PA,ALMEIRIM/PA,ALMEIRIM/PA,0.62,atencao
710529470,2026-09-26T20:28:46.668201+00:00,-1.44031,-52.00982,0.0,0.0,0.0,5,GURUPÁ/PA,ALMEIRIM/PA,ALMEIRIM/PA,0.62,atencao
710529470,2026-09-26T21:38:00.193627+00:00,-1.44031,-52.00982,6.8,101.5,101.5,0,ALMEIRIM/PA,GURUPÁ/PA,,0.8,atencao
710529470,2026-09-26T22:04:29.841949+00:00,-1.44557,-51.98397,6.8,74.1,74.1,0,ALMEIRIM/PA,GURUPÁ/PA,,0.8,atencao
710529470,2026-09-26T22:17:57.355274+00:00,-1.44189,-51.97108,6.8,85.9,85.9,0,ALMEIRIM/PA,GURUPÁ/PA,,0.8,atencao
710529470,2026-09-26T22:34:00.892618+00:00,-1.44074,-51.95512,6.8,116.8,116.8,0,ALMEIRIM/PA,GURUPÁ/PA,,0.8,atencao
710529470,2026-09-26T22:43:19.146473+00:00,-1.44491,-51.94685,6.8,134.0,134.0,0,ALMEIRIM/PA,GURUPÁ/PA,,0.8,atencao
710529470,2026-09-26T23:01:05.641277+00:00,-1.4572,-51.93411,6.8,172.4,172.4,0,ALMEIRIM/PA,GURUPÁ/PA,,0.8,atencao
710529470,2026-09-26T23:31:37.912820+00:00,-1.48734,-51.93011,6.8,135.0,135.0,0,ALMEIRIM/PA,GURUPÁ/PA,,0.8,atencao
710529470,2026-09-27T00:05:20.760009+00:00,-1.51109,-51.90637,6.8,118.9,118.9,0,ALMEIRIM/PA,GURUPÁ/PA,,0.8,atencao
710529470,2026-09-27T00:21:50.874752+00:00,-1.51903,-51.89198,6.8,109.9,109.9,0,ALMEIRIM/PA,GURUPÁ/PA,,0.8,atencao
710529470,2026-09-27T00:37:37.552683+00:00,-1.52438,-51.87721,6.8,109.9,109.9,0,ALMEIRIM/PA,GURUPÁ/PA,,0.8,atencao
710529470,2026-09-27T00:53:24.012709+00:00,-1.52972,-51.86243,6.8,82.7,82.7,0,ALMEIRIM/PA,GURUPÁ/PA,,0.8,atencao
710529470,2026-09-27T01:25:13.725375+00:00,-1.5257,-51.83098,6.8,43.3,43.3,0,ALMEIRIM/PA,GURUPÁ/PA,,0.8,atencao
710529470,2026-09-27T01:51:17.299900+00:00,-1.50683,-51.81317,6.8,35.1,35.1,0,ALMEIRIM/PA,GURUPÁ/PA,,0.8,atencao
710529470,2026-09-27T02:17:02.719027+00:00,-1.48585,-51.79842,6.8,31.3,31.3,0,ALMEIRIM/PA,GURUPÁ/PA,,0.8,atencao
710529470,2026-09-27T02:32:26.028074+00:00,-1.47275,-51.79046,6.8,51.6,51.6,0,ALMEIRIM/PA,GURUPÁ/PA,,0.8,atencao
710529470,2026-09-27T02:51:00.723959+00:00,-1.46127,-51.77595,6.8,73.7,73.7,0,ALMEIRIM/PA,GURUPÁ/PA,,0.8,atencao
710529470,2026-09-27T03:05:51.836314+00:00,-1.45713,-51.76175,6.8,87.5,87.5,0,ALMEIRIM/PA,GURUPÁ/PA,,0.8,atencao
710529470,2026-09-27T03:22:48.121063+00:00,-1.45639,-51.74489,6.8,82.3,82.3,0,ALMEIRIM/PA,GURUPÁ/PA,,0.8,atencao
710529470,2026-09-27T03:37:40.292836+00:00,-1.4544,-51.73022,6.8,31.8,31.8,0,ALMEIRIM/PA,GURUPÁ/PA,,0.8,atencao
710529470,2026-09-27T03:54:49.103096+00:00,-1.43989,-51.72121,6.8,33.9,33.9,0,ALMEIRIM/PA,GURUPÁ/PA,,0.8,atencao
710529470,2026-09-27T04:18:04.243440+00:00,-1.42068,-51.70829,6.8,68.7,68.7,0,ALMEIRIM/PA,GURUPÁ/PA,,0.8,atencao
710529470,2026-09-27T04:42:10.008641+00:00,-1.41195,-51.68594,6.8,89.4,89.4,0,ALMEIRIM/PA,GURUPÁ/PA,,0.8,atencao
710529470,2026-09-27T05:16:53.322122+00:00,-1.4116,-51.65135,6.8,32.1,32.1,0,ALMEIRIM/PA,GURUPÁ/PA,,0.8,atencao
710529470,2026-09-27T05:30:52.356587+00:00,-1.39981,-51.64394,0.0,0.0,0.0,5,ALMEIRIM/PA,GURUPÁ/PA,GURUPÁ/PA,0.8,atencao
710529470,2026-09-27T06:33:26.532800+00:00,-1.39981,-51.64394,0.0,0.0,0.0,5,ALMEIRIM/PA,GURUPÁ/PA,GURUPÁ/PA,0.8,atencao
710529470,2026-09-27T07:36:00.709014+00:00,-1.39981,-51.64394,0.0,0.0,0.0,5,ALMEIRIM/PA,GURUPÁ/PA,GURUPÁ/PA,0.8,atencao
710529470,2026-09-27T08:38:34.885228+00:00,-1.39981,-51.64394,0.0,0.0,0.0,5,ALMEIRIM/PA,GURUPÁ/PA,GURUPÁ/PA,0.8,atencao
710529470,2026-09-27T09:41:09.061442+00:00,-1.39981,-51.64394,0.0,0.0,0.0,5,ALMEIRIM/PA,GURUPÁ/PA,GURUPÁ/PA,0.8,atencao
710529470,2026-09-27T10:43:43.237655+00:00,-1.39981,-51.64394,9.1,65.5,65.5,0,GURUPÁ/PA,BREVES/PA,,0.55,atencao
710529470,2026-09-27T11:07:09.863231+00:00,-1.38695,-51.61573,9.1,53.1,53.1,0,GURUPÁ/PA,BREVES/PA,,0.55,atencao
710529470,2026-09-27T11:27:43.564423+00:00,-1.37061,-51.59399,9.1,70.2,70.2,0,GURUPÁ/PA,BREVES/PA,,0.55,atencao
710529470,2026-09-27T12:03:22.270777+00:00,-1.35468,-51.54962,9.1,64.1,64.1,0,GURUPÁ/PA,BREVES/PA,,0.55,atencao
710529470,2026-09-27T12:28:36.771670+00:00,-1.34009,-51.51959,9.1,70.6,70.6,0,GURUPÁ/PA,BREVES/PA,,0.55,atencao
710529470,2026-09-27T12:46:05.005277+00:00,-1.3324,-51.4978,9.1,72.9,72.9,0,GURUPÁ/PA,BREVES/PA,,0.55,atencao
710529470,2026-09-27T13:06:59.224298+00:00,-1.32428,-51.47137,9.1,60.6,60.6,0,GURUPÁ/PA,BREVES/PA,,0.55,atencao
710529470,2026-09-27T13:20:20.127651+00:00,-1.31561,-51.45599,9.1,42.5,42.5,0,GURUPÁ/PA,BREVES/PA,,0.55,atencao
710529470,2026-09-27T13:33:18.231031+00:00,-1.30298,-51.4444,9.1,36.9,36.9,0,GURUPÁ/PA,BREVES/PA,,0.55,atencao
710529470,2026-09-27T13:54:22.090919+00:00,-1.2807,-51.42767,9.1,37.7,37.7,0,GURUPÁ/PA,BREVES/PA,,0.55,atencao
710529470,2026-09-27T14:19:12.581874+00:00,-1.2547,-51.40759,9.1,46.0,46.0,0,GURUPÁ/PA,BREVES/PA,,0.55,atencao
710529470,2026-09-27T14:37:48.884860+00:00,-1.23761,-51.38989,9.1,58.1,58.1,0,GURUPÁ/PA,BREVES/PA,,0.55,atencao
710529470,2026-09-27T14:52:45.624730+00:00,-1.22717,-51.37311,9.1,71.1,71.1,0,GURUPÁ/PA,BREVES/PA,,0.55,atencao
710529470,2026-09-27T14:57:53.671474+00:00,-1.22497,-51.36668,0.0,0.0,0.0,5,GURUPÁ/PA,BREVES/PA,BREVES/PA,0.55,atencao
710529470,2026-09-27T16:07:02.423118+00:00,-1.22497,-51.36668,0.0,0.0,0.0,5,GURUPÁ/PA,BREVES/PA,BREVES/PA,0.55,atencao
710529470,2026-09-27T17:16:11.174762+00:00,-1.22497,-51.36668,0.0,0.0,0.0,5,GURUPÁ/PA,BREVES/PA,BREVES/PA,0.55,atencao
710529470,2026-09-27T18:25:19.926406+00:00,-1.22497,-51.36668,0.0,0.0,0.0,5,GURUPÁ/PA,BREVES/PA,BREVES/PA,0.55,atencao
710529470,2026-09-27T19:34:28.678050+00:00,-1.22497,-51.36668,0.0,0.0,0.0,5,GURUPÁ/PA,BREVES/PA,BREVES/PA,0.55,atencao
710529470,2026-09-27T20:43:37.429694+00:00,-1.22497,-51.36668,0.0,0.0,0.0,5,GURUPÁ/PA,BREVES/PA,BREVES/PA,0.55,atencao
710529470,2026-09-27T21:52:46.181338+00:00,-1.22497,-51.36668,63.8,71.0,71.0,0,GURUPÁ/PA,BREVES/PA,,0.44,no_prazo
710529470,2026-09-27T21:53:57.622292+00:00,-1.22137,-51.3562,63.8,67.9,67.9,0,GURUPÁ/PA,BREVES/PA,,0.44,no_prazo
710529470,2026-09-27T21:55:36.994286+00:00,-1.21558,-51.34192,63.8,71.5,71.5,0,GURUPÁ/PA,BREVES/PA,,0.44,no_prazo
710529470,2026-09-27T21:57:06.200716+00:00,-1.21118,-51.32879,63.8,66.8,66.8,0,GURUPÁ/PA,BREVES/PA,,0.44,no_prazo
710529470,2026-09-27T21:59:27.912198+00:00,-1.20251,-51.30859,63.8,77.3,77.3,0,GURUPÁ/PA,BREVES/PA,,0.44,no_prazo
710529470,2026-09-27T22:01:30.951191+00:00,-1.1983,-51.28998,63.8,75.2,75.2,0,GURUPÁ/PA,BREVES/PA,,0.44,no_prazo
710529470,2026-09-27T22:04:08.034270+00:00,-1.19208,-51.26642,63.8,62.4,62.4,0,GURUPÁ/PA,BREVES/PA,,0.44,no_prazo
710529470,2026-09-27T22:06:18.623852+00:00,-1.18268,-51.24847,63.8,38.7,38.7,0,GURUPÁ/PA,BREVES/PA,,0.44,no_prazo
710529470,2026-09-27T22:08:02.486708+00:00,-1.1701,-51.2384,63.8,27.2,27.2,0,GURUPÁ/PA,BREVES/PA,,0.44,no_prazo
710529470,2026-09-27T22:10:32.078287+00:00,-1.14948,-51.22778,63.8,23.7,23.7,0,GURUPÁ/PA,BREVES/PA,,0.44,no_prazo
710529470,2026-09-27T22:12:32.436641+00:00,-1.13238,-51.22028,63.8,21.4,21.4,0,GURUPÁ/PA,BREVES/PA,,0.44,no_prazo
710529470,2026-09-27T22:14:32.059607+00:00,-1.11511,-51.2135,63.8,26.9,26.9,0,GURUPÁ/PA,BREVES/PA,,0.44,no_prazo
710529470,2026-09-27T22:14:36.471206+00:00,-1.1145,-51.21319,63.8,41.4,41.4,0,GURUPÁ/PA,BREVES/PA,,0.44,no_prazo
710529470,2026-09-27T22:15:03.775025+00:00,-1.11133,-51.21039,63.8,64.7,64.7,0,GURUPÁ/PA,BREVES/PA,,0.44,no_prazo
710529470,2026-09-27T22:15:35.989359+00:00,-1.10919,-51.20587,0.0,0.0,0.0,5,GURUPÁ/PA,BREVES/PA,BREVES/PA,0.44,no_prazo
710529470,2026-09-27T23:23:33.091291+00:00,-1.10919,-51.20587,0.0,0.0,0.0,5,GURUPÁ/PA,BREVES/PA,BREVES/PA,0.44,no_prazo
710529470,2026-09-28T00:31:30.193223+00:00,-1.10919,-51.20587,0.0,0.0,0.0,5,GURUPÁ/PA,BREVES/PA,BREVES/PA,0.44,no_prazo
710529470,2026-09-28T01:39:27.295155+00:00,-1.10919,-51.20587,0.0,0.0,0.0,5,GURUPÁ/PA,BREVES/PA,BREVES/PA,0.44,no_prazo
710529470,2026-09-28T02:47:24.397087+00:00,-1.10919,-51.20587,0.0,0.0,0.0,5,GURUPÁ/PA,BREVES/PA,BREVES/PA,0.44,no_prazo
710529470,2026-09-28T03:55:21.499019+00:00,-1.10919,-51.20587,14.9,91.7,91.7,0,GURUPÁ/PA,BREVES/PA,,0.67,atencao
710529470,2026-09-28T03:58:08.802831+00:00,-1.10937,-51.19983,14.9,111.4,111.4,0,GURUPÁ/PA,BREVES/PA,,0.67,atencao
710529470,2026-09-28T04:00:55.750068+00:00,-1.11157,-51.19421,14.9,128.2,128.2,0,GURUPÁ/PA,BREVES/PA,,0.67,atencao
710529470,2026-09-28T04:03:06.852037+00:00,-1.1145,-51.19049,14.9,132.9,132.9,0,GURUPÁ/PA,BREVES/PA,,0.67,atencao
710529470,2026-09-28T04:05:48.239813+00:00,-1.11847,-51.18622,14.9,120.7,120.7,0,GURUPÁ/PA,BREVES/PA,,0.67,atencao
710529470,2026-09-28T04:06:37.488548+00:00,-1.11938,-51.18469,14.9,108.7,108.7,0,GURUPÁ/PA,BREVES/PA,,0.67,atencao
710529470,2026-09-28T04:07:41.574464+00:00,-1.12012,-51.1825,14.9,105.3,105.3,0,GURUPÁ/PA,BREVES/PA,,0.67,atencao
710529470,2026-09-28T04:08:13.168609+00:00,-1.12042,-51.1814,14.9,121.4,121.4,0,GURUPÁ/PA,BREVES/PA,,0.67,atencao
710529470,2026-09-28T04:09:14.572351+00:00,-1.12158,-51.1795,14.9,140.3,140.3,0,GURUPÁ/PA,BREVES/PA,,0.67,atencao
710529470,2026-09-28T04:10:20.528399+00:00,-1.12341,-51.17798,14.9,148.4,148.4,0,GURUPÁ/PA,BREVES/PA,,0.67,atencao
710529470,2026-09-28T04:13:15.004510+00:00,-1.12878,-51.17468,14.9,140.6,140.6,0,GURUPÁ/PA,BREVES/PA,,0.67,atencao
710529470,2026-09-28T04:15:06.582447+00:00,-1.1319,-51.17212,14.9,154.9,154.9,0,GURUPÁ/PA,BREVES/PA,,0.67,atencao
710529470,2026-09-28T04:16:38.021253+00:00,-1.13489,-51.17072,14.9,164.6,164.6,0,GURUPÁ/PA,BREVES/PA,,0.67,atencao
710529470,2026-09-28T04:17:55.102041+00:00,-1.13757,-51.16998,14.9,151.1,151.1,0,GURUPÁ/PA,BREVES/PA,,0.67,atencao
710529470,2026-09-28T04:20:18.014622+00:00,-1.14209,-51.16748,14.9,142.9,142.9,0,GURUPÁ/PA,BREVES/PA,,0.67,atencao
710529470,2026-09-28T04:21:44.888051+00:00,-1.14459,-51.16559,14.9,131.4,131.4,0,GURUPÁ/PA,BREVES/PA,,0.67,atencao
710529470,2026-09-28T04:23:17.052126+00:00,-1.14679,-51.16309,14.9,112.7,112.7,0,GURUPÁ/PA,BREVES/PA,,0.67,atencao
710529470,2026-09-28T04:25:32.597445+00:00,-1.14868,-51.15857,14.9,98.2,98.2,0,GURUPÁ/PA,BREVES/PA,,0.67,atencao
710529470,2026-09-28T04:27:54.238754+00:00,-1.14941,-51.1535,14.9,111.6,111.6,0,GURUPÁ/PA,BREVES/PA,,0.67,atencao
710529470,2026-09-28T04:29:44.999762+00:00,-1.15088,-51.14978,14.9,121.5,121.5,0,GURUPÁ/PA,BREVES/PA,,0.67,atencao
710529470,2026-09-28T04:31:12.184317+00:00,-1.15253,-51.14709,14.9,134.1,134.1,0,GURUPÁ/PA,BREVES/PA,,0.67,atencao
710529470,2026-09-28T04:32:29.856999+00:00,-1.15448,-51.14508,14.9,150.5,150.5,0,GURUPÁ/PA,BREVES/PA,,0.67,atencao
710529470,2026-09-28T04:33:59.130652+00:00,-1.15729,-51.14349,14.9,147.7,147.7,0,GURUPÁ/PA,BREVES/PA,,0.67,atencao
710529470,2026-09-28T04:35:21.192514+00:00,-1.15979,-51.14191,14.9,142.2,142.2,0,GURUPÁ/PA,BREVES/PA,,0.67,atencao
710529470,2026-09-28T04:37:05.910718+00:00,-1.16278,-51.13959,14.9,131.3,131.3,0,GURUPÁ/PA,BREVES/PA,,0.67,atencao
710529470,2026-09-28T04:38:22.506735+00:00,-1.16461,-51.13751,14.9,111.3,111.3,0,GURUPÁ/PA,BREVES/PA,,0.67,atencao
710529470,2026-09-28T04:40:00.389971+00:00,-1.16589,-51.13422,14.9,96.9,96.9,0,GURUPÁ/PA,BREVES/PA,,0.67,atencao
710529470,2026-09-28T04:41:52.739647+00:00,-1.16638,-51.13019,14.9,94.9,94.9,0,GURUPÁ/PA,BREVES/PA,,0.67,atencao
710529470,2026-09-28T04:43:32.738244+00:00,-1.16669,-51.12659,14.9,73.3,73.3,0,GURUPÁ/PA,BREVES/PA,,0.67,atencao
710529470,2026-09-28T04:46:06.128476+00:00,-1.1651,-51.12128,14.9,70.3,70.3,0,GURUPÁ/PA,BREVES/PA,,0.67,atencao
710529470,2026-09-28T04:49:16.376157+00:00,-1.16278,-51.11481,14.9,66.6,66.6,0,GURUPÁ/PA,BREVES/PA,,0.67,atencao
710529470,2026-09-28T04:52:02.056841+00:00,-1.1604,-51.10931,14.9,67.9,67.9,0,GURUPÁ/PA,BREVES/PA,,0.67,atencao
710529470,2026-09-28T04:55:37.267419+00:00,-1.15747,-51.10211,14.9,71.9,71.9,0,GURUPÁ/PA,BREVES/PA,,0.67,atencao
710529470,2026-09-28T04:58:15.391947+00:00,-1.1557,-51.09668,14.9,73.7,73.7,0,GURUPÁ/PA,BREVES/PA,,0.67,atencao
710529470,2026-09-28T05:01:21.964574+00:00,-1.15381,-51.09021,14.9,78.7,78.7,0,GURUPÁ/PA,BREVES/PA,,0.67,atencao
710529470,2026-09-28T05:04:14.247797+00:00,-1.15259,-51.08411,14.9,86.7,86.7,0,GURUPÁ/PA,BREVES/PA,,0.67,atencao
710529470,2026-09-28T05:06:41.455155+00:00,-1.15228,-51.07879,14.9,87.0,87.0,0,GURUPÁ/PA,BREVES/PA,,0.67,atencao
710529470,2026-09-28T05:09:22.148554+00:00,-1.15198,-51.073,14.9,83.5,83.5,0,GURUPÁ/PA,BREVES/PA,,0.67,atencao
710529470,2026-09-28T05:12:52.941396+00:00,-1.15112,-51.06543,14.9,76.6,76.6,0,GURUPÁ/PA,BREVES/PA,,0.67,atencao
710529470,2026-09-28T05:14:56.280947+00:00,-1.15009,-51.0611,14.9,66.9,66.9,0,GURUPÁ/PA,BREVES/PA,,0.67,atencao
710529470,2026-09-28T05:16:35.413644+00:00,-1.14868,-51.0578,14.9,65.4,65.4,0,GURUPÁ/PA,BREVES/PA,,0.67,atencao
710529470,2026-09-28T05:18:21.250936+00:00,-1.14709,-51.05432,14.9,56.9,56.9,0,GURUPÁ/PA,BREVES/PA,,0.67,atencao
710529470,2026-09-28T05:20:18.385912+00:00,-1.14478,-51.05078,14.9,51.9,51.9,0,GURUPÁ/PA,BREVES/PA,,0.67,atencao
710529470,2026-09-28T05:22:46.462138+00:00,-1.14148,-51.04657,14.9,51.9,51.9,0,GURUPÁ/PA,BREVES/PA,,0.67,atencao
710529470,2026-09-28T05:25:44.544216+00:00,-1.13751,-51.0415,14.9,56.3,56.3,0,GURUPÁ/PA,BREVES/PA,,0.67,atencao
710529470,2026-09-28T05:28:04.629295+00:00,-1.1347,-51.03729,14.9,62.0,62.0,0,GURUPÁ/PA,BREVES/PA,,0.67,atencao
710529470,2026-09-28T05:32:59.375224+00:00,-1.1297,-51.02789,14.9,53.1,53.1,0,GURUPÁ/PA,BREVES/PA,,0.67,atencao
710529470,2026-09-28T05:35:31.433650+00:00,-1.1264,-51.0235,14.9,50.0,50.0,0,GURUPÁ/PA,BREVES/PA,,0.67,atencao
710529470,2026-09-28T05:38:32.480797+00:00,-1.12219,-51.01849,14.9,52.2,52.2,0,GURUPÁ/PA,BREVES/PA,,0.67,atencao
710529470,2026-09-28T05:41:23.471692+00:00,-1.11841,-51.01361,14.9,58.0,58.0,0,GURUPÁ/PA,BREVES/PA,,0.67,atencao
710529470,2026-09-28T05:43:24.905071+00:00,-1.11609,-51.00989,14.9,78.9,78.9,0,GURUPÁ/PA,BREVES/PA,,0.67,atencao
710529470,2026-09-28T05:44:52.676781+00:00,-1.11548,-51.00677,14.9,90.0,90.0,0,GURUPÁ/PA,BREVES/PA,,0.67,atencao
710529470,2026-09-28T05:46:12.055514+00:00,-1.11548,-51.00391,14.9,108.4,108.4,0,GURUPÁ/PA,BREVES/PA,,0.67,atencao
710529470,2026-09-28T05:47:16.176489+00:00,-1.11621,-51.00171,14.9,108.9,108.9,0,GURUPÁ/PA,BREVES/PA,,0.67,atencao
710529470,2026-09-28T05:48:34.706286+00:00,-1.11713,-50.99902,14.9,108.8,108.8,0,GURUPÁ/PA,BREVES/PA,,0.67,atencao
710529470,2026-09-28T05:49:47.922731+00:00,-1.11798,-50.99652,14.9,106.5,106.5,0,GURUPÁ/PA,BREVES/PA,,0.67,atencao
710529470,2026-09-28T05:51:58.307005+00:00,-1.11932,-50.992,14.9,91.8,91.8,0,GURUPÁ/PA,BREVES/PA,,0.67,atencao
710529470,2026-09-28T05:54:33.796947+00:00,-1.1195,-50.98639,14.9,83.6,83.6,0,GURUPÁ/PA,BREVES/PA,,0.67,atencao
710529470,2026-09-28T05:57:50.975287+00:00,-1.11871,-50.97931,14.9,75.3,75.3,0,GURUPÁ/PA,BREVES/PA,,0.67,atencao
710529470,2026-09-28T06:00:36.976273+00:00,-1.11719,-50.97351,14.9,81.5,81.5,0,GURUPÁ/PA,BREVES/PA,,0.67,atencao
710529470,2026-09-28T06:03:39.721954+00:00,-1.11621,-50.96698,14.9,88.0,88.0,0,GURUPÁ/PA,BREVES/PA,,0.67,atencao
710529470,2026-09-28T06:07:44.839878+00:00,-1.1159,-50.95813,14.9,95.3,95.3,0,GURUPÁ/PA,BREVES/PA,,0.67,atencao
710529470,2026-09-28T06:10:12.431394+00:00,-1.11639,-50.95282,14.9,99.9,99.9,0,GURUPÁ/PA,BREVES/PA,,0.67,atencao
710529470,2026-09-28T06:12:50.166204+00:00,-1.11737,-50.9472,14.9,105.4,105.4,0,GURUPÁ/PA,BREVES/PA,,0.67,atencao
710529470,2026-09-28T06:15:48.835105+00:00,-1.11908,-50.94098,14.9,105.4,105.4,0,GURUPÁ/PA,BREVES/PA,,0.67,atencao
710529470,2026-09-28T06:18:09.011254+00:00,-1.12042,-50.9361,14.9,118.5,118.5,0,GURUPÁ/PA,BREVES/PA,,0.67,atencao
710529470,2026-09-28T06:19:58.599209+00:00,-1.12231,-50.93262,14.9,126.9,126.9,0,GURUPÁ/PA,BREVES/PA,,0.67,atencao
710529470,2026-09-28T06:21:56.855919+00:00,-1.12488,-50.9292,14.9,130.0,130.0,0,GURUPÁ/PA,BREVES/PA,,0.67,atencao
710529470,2026-09-28T06:28:04.996947+00:00,-1.13342,-50.91901,14.9,127.9,127.9,0,GURUPÁ/PA,BREVES/PA,,0.67,atencao
710529470,2026-09-28T06:35:02.743645+00:00,-1.1427,-50.9071,14.9,131.7,131.7,0,GURUPÁ/PA,BREVES/PA,,0.67,atencao
710529470,2026-09-28T06:37:27.506545+00:00,-1.14618,-50.9032,14.9,127.5,127.5,0,GURUPÁ/PA,BREVES/PA,,0.67,atencao
710529470,2026-09-28T06:39:07.549309+00:00,-1.14838,-50.90033,14.9,131.9,131.9,0,GURUPÁ/PA,BREVES/PA,,0.67,atencao
710529470,2026-09-28T06:41:21.498726+00:00,-1.15161,-50.89673,14.9,123.5,123.5,0,GURUPÁ/PA,BREVES/PA,,0.67,atencao
710529470,2026-09-28T06:43:14.922909+00:00,-1.15387,-50.89331,14.9,126.0,126.0,0,GURUPÁ/PA,BREVES/PA,,0.67,atencao
710529470,2026-09-28T06:46:10.284702+00:00,-1.15759,-50.88818,14.9,127.6,127.6,0,GURUPÁ/PA,BREVES/PA,,0.67,atencao
710529470,2026-09-28T06:50:28.128054+00:00,-1.16327,-50.8808,14.9,115.4,115.4,0,GURUPÁ/PA,BREVES/PA,,0.67,atencao
710529470,2026-09-28T06:52:57.746460+00:00,-1.16559,-50.87591,14.9,111.3,111.3,0,GURUPÁ/PA,BREVES/PA,,0.67,atencao
710529470,2026-09-28T06:56:17.262134+00:00,-1.16821,-50.8692,14.9,113.7,113.7,0,GURUPÁ/PA,BREVES/PA,,0.67,atencao
710529470,2026-09-28T06:58:15.230224+00:00,-1.16992,-50.8653,14.9,111.6,111.6,0,GURUPÁ/PA,BREVES/PA,,0.67,atencao
710529470,2026-09-28T07:02:04.257040+00:00,-1.17297,-50.8576,14.9,119.3,119.3,0,GURUPÁ/PA,BREVES/PA,,0.67,atencao
710529470,2026-09-28T07:06:02.518899+00:00,-1.17718,-50.8501,14.9,125.6,125.6,0,GURUPÁ/PA,BREVES/PA,,0.67,atencao
710529470,2026-09-28T07:07:58.767203+00:00,-1.17963,-50.84668,14.9,142.3,142.3,0,GURUPÁ/PA,BREVES/PA,,0.67,atencao
710529470,2026-09-28T07:10:00.412125+00:00,-1.18311,-50.84399,14.9,155.7,155.7,0,GURUPÁ/PA,BREVES/PA,,0.67,atencao
710529470,2026-09-28T07:11:55.358404+00:00,-1.18689,-50.84228,14.9,156.3,156.3,0,GURUPÁ/PA,BREVES/PA,,0.67,atencao
710529470,2026-09-28T07:14:59.937599+00:00,-1.19299,-50.8396,14.9,149.2,149.2,0,GURUPÁ/PA,BREVES/PA,,0.67,atencao
710529470,2026-09-28T07:17:21.591457+00:00,-1.19739,-50.83698,14.9,135.7,135.7,0,GURUPÁ/PA,BREVES/PA,,0.67,atencao
710529470,2026-09-28T07:18:39.283282+00:00,-1.1994,-50.83502,14.9,124.6,124.6,0,GURUPÁ/PA,BREVES/PA,,0.67,atencao
710529470,2026-09-28T07:20:11.559837+00:00,-1.20129,-50.83228,14.9,90.0,90.0,0,GURUPÁ/PA,BREVES/PA,,0.67,atencao
710529470,2026-09-28T07:21:22.522497+00:00,-1.20129,-50.82971,14.9,79.8,79.8,0,GURUPÁ/PA,BREVES/PA,,0.67,atencao
710529470,2026-09-28T07:22:19.171456+00:00,-1.20093,-50.8277,14.9,72.9,72.9,0,GURUPÁ/PA,BREVES/PA,,0.67,atencao
710529470,2026-09-28T07:24:26.346250+00:00,-1.19958,-50.8233,14.9,95.1,95.1,0,GURUPÁ/PA,BREVES/PA,,0.67,atencao
710529470,2026-09-28T07:25:44.359824+00:00,-1.19983,-50.8205,14.9,103.3,103.3,0,GURUPÁ/PA,BREVES/PA,,0.67,atencao
710529470,2026-09-28T07:26:50.310200+00:00,-1.20038,-50.81818,14.9,129.7,129.7,0,GURUPÁ/PA,BREVES/PA,,0.67,atencao
710529470,2026-09-28T07:27:43.136141+00:00,-1.2016,-50.81671,14.9,135.0,135.0,0,GURUPÁ/PA,BREVES/PA,,0.67,atencao
710529470,2026-09-28T07:28:26.097604+00:00,-1.2027,-50.81561,14.9,143.4,143.4,0,GURUPÁ/PA,BREVES/PA,,0.67,atencao
710529470,2026-09-28T07:29:14.451112+00:00,-1.2041,-50.81457,14.9,151.0,151.0,0,GURUPÁ/PA,BREVES/PA,,0.67,atencao
710529470,2026-09-28T07:30:37.626810+00:00,-1.20673,-50.81311,14.9,155.3,155.3,0,GURUPÁ/PA,BREVES/PA,,0.67,atencao
710529470,2026-09-28T07:32:10.621670+00:00,-1.20978,-50.81171,14.9,156.1,156.1,0,GURUPÁ/PA,BREVES/PA,,0.67,atencao
710529470,2026-09-28T07:34:36.586833+00:00,-1.2146,-50.80957,14.9,158.3,158.3,0,GURUPÁ/PA,BREVES/PA,,0.67,atencao
710529470,2026-09-28T07:37:11.260721+00:00,-1.21979,-50.8075,14.9,160.5,160.5,0,GURUPÁ/PA,BREVES/PA,,0.67,atencao
710529470,2026-09-28T07:40:14.059439+00:00,-1.22601,-50.8053,14.9,164.8,164.8,0,GURUPÁ/PA,BREVES/PA,,0.67,atencao
710529470,2026-09-28T07:41:57.312819+00:00,-1.22961,-50.80432,14.9,162.4,162.4,0,GURUPÁ/PA,BREVES/PA,,0.67,atencao
710529470,2026-09-28T07:44:05.006101+00:00,-1.23401,-50.80292,0.0,0.0,0.0,5,GURUPÁ/PA,BREVES/PA,BREVES/PA,0.67,atencao
710529470,2026-09-28T08:47:33.950234+00:00,-1.23401,-50.80292,0.0,0.0,0.0,5,GURUPÁ/PA,BREVES/PA,BREVES/PA,0.67,atencao
710529470,2026-09-28T09:51:02.894367+00:00,-1.23401,-50.80292,0.0,0.0,0.0,5,GURUPÁ/PA,BREVES/PA,BREVES/PA,0.67,atencao
710529470,2026-09-28T10:54:31.838500+00:00,-1.23401,-50.80292,0.0,0.0,0.0,5,GURUPÁ/PA,BREVES/PA,BREVES/PA,0.67,atencao
710529470,2026-09-28T11:58:00.782633+00:00,-1.23401,-50.80292,0.0,0.0,0.0,5,GURUPÁ/PA,BREVES/PA,BREVES/PA,0.67,atencao
710529470,2026-09-28T13:01:29.726766+00:00,-1.23401,-50.80292,0.0,0.0,0.0,5,GURUPÁ/PA,BREVES/PA,BREVES/PA,0.67,atencao
710529470,2026-09-28T14:04:58.670900+00:00,-1.23401,-50.80292,11.7,170.5,170.5,0,GURUPÁ/PA,BREVES/PA,,0.64,atencao
710529470,2026-09-28T14:09:17.590559+00:00,-1.24127,-50.8017,11.7,169.8,169.8,0,GURUPÁ/PA,BREVES/PA,,0.64,atencao
710529470,2026-09-28T14:12:55.550696+00:00,-1.24737,-50.8006,11.7,178.7,178.7,0,GURUPÁ/PA,BREVES/PA,,0.64,atencao
710529470,2026-09-28T14:16:06.571700+00:00,-1.25281,-50.80048,11.7,184.7,184.7,0,GURUPÁ/PA,BREVES/PA,,0.64,atencao
710529470,2026-09-28T14:18:15.738454+00:00,-1.25647,-50.80078,11.7,188.9,188.9,0,GURUPÁ/PA,BREVES/PA,,0.64,atencao
710529470,2026-09-28T14:20:34.699865+00:00,-1.26038,-50.80139,11.7,194.3,194.3,0,GURUPÁ/PA,BREVES/PA,,0.64,atencao
710529470,2026-09-28T14:22:45.297342+00:00,-1.26398,-50.80231,11.7,194.6,194.6,0,GURUPÁ/PA,BREVES/PA,,0.64,atencao
710529470,2026-09-28T14:25:35.952088+00:00,-1.26867,-50.80353,11.7,194.3,194.3,0,GURUPÁ/PA,BREVES/PA,,0.64,atencao
710529470,2026-09-28T14:29:04.104092+00:00,-1.27441,-50.80499,11.7,177.6,177.6,0,GURUPÁ/PA,BREVES/PA,,0.64,atencao
710529470,2026-09-28T14:30:45.040597+00:00,-1.27728,-50.80487,11.7,173.2,173.2,0,GURUPÁ/PA,BREVES/PA,,0.64,atencao
710529470,2026-09-28T14:33:29.241301+00:00,-1.28192,-50.80432,11.7,186.0,186.0,0,GURUPÁ/PA,BREVES/PA,,0.64,atencao
710529470,2026-09-28T14:37:54.583836+00:00,-1.28943,-50.80511,11.7,188.2,188.2,0,GURUPÁ/PA,BREVES/PA,,0.64,atencao
710529470,2026-09-28T14:42:40.675657+00:00,-1.29748,-50.80627,11.7,195.5,195.5,0,GURUPÁ/PA,BREVES/PA,,0.64,atencao
710529470,2026-09-28T14:46:41.146558+00:00,-1.30408,-50.8081,11.7,163.1,163.1,0,GURUPÁ/PA,BREVES/PA,,0.64,atencao
710529470,2026-09-28T14:52:45.397088+00:00,-1.31399,-50.80508,0.0,0.0,0.0,5,GURUPÁ/PA,BREVES/PA,BREVES/PA,0.64,atencao
710529470,2026-09-28T15:56:56.303403+00:00,-1.31399,-50.80508,0.0,0.0,0.0,5,GURUPÁ/PA,BREVES/PA,BREVES/PA,0.64,atencao
710529470,2026-09-28T17:01:07.209719+00:00,-1.31399,-50.80508,0.0,0.0,0.0,5,GURUPÁ/PA,BREVES/PA,BREVES/PA,0.64,atencao
710529470,2026-09-28T18:05:18.116035+00:00,-1.31399,-50.80508,0.0,0.0,0.0,5,GURUPÁ/PA,BREVES/PA,BREVES/PA,0.64,atencao
710529470,2026-09-28T19:09:29.022350+00:00,-1.31399,-50.80508,0.0,0.0,0.0,5,GURUPÁ/PA,BREVES/PA,BREVES/PA,0.64,atencao
710529470,2026-09-28T20:13:39.928666+00:00,-1.31399,-50.80508,0.0,0.0,0.0,5,GURUPÁ/PA,BREVES/PA,BREVES/PA,0.64,atencao
710529470,2026-09-28T21:17:50.834982+00:00,-1.31399,-50.80508,0.0,167.8,167.8,5,GURUPÁ/PA,BREVES/PA,BREVES/PA,0.64,atencao
710529470,2026-09-28T21:20:32.265833+00:00,-1.38312,-50.79012,0.0,347.8,347.8,5,GURUPÁ/PA,BREVES/PA,BREVES/PA,0.77,atencao
710529470,2026-09-28T22:22:01.741297+00:00,-1.31399,-50.80508,87.2,222.0,222.0,0,GURUPÁ/PA,BREVES/PA,,0.77,atencao
710529470,2026-09-28T22:22:03.612271+00:00,-1.31429,-50.80535,87.2,167.5,167.5,0,GURUPÁ/PA,BREVES/PA,,0.77,atencao
710529470,2026-09-28T22:24:10.073385+00:00,-1.38312,-50.79012,0.0,334.4,334.4,5,GURUPÁ/PA,BREVES/PA,BREVES/PA,0.77,atencao
710529470,2026-09-28T22:24:10.806046+00:00,-1.34077,-50.8104,87.2,182.4,182.4,0,GURUPÁ/PA,BREVES/PA,,0.77,atencao
710529470,2026-09-28T22:24:56.220613+00:00,-1.35039,-50.8108,87.2,167.4,167.4,0,GURUPÁ/PA,BREVES/PA,,0.77,atencao
710529470,2026-09-28T22:25:29.302041+00:00,-1.35723,-50.80927,87.2,139.2,139.2,0,GURUPÁ/PA,BREVES/PA,,0.77,atencao
710529470,2026-09-28T22:26:53.174637+00:00,-1.37069,-50.79765,87.2,148.8,148.8,0,GURUPÁ/PA,BREVES/PA,,0.77,atencao
710529470,2026-09-28T23:27:47.880938+00:00,-1.38312,-50.79012,0.0,0.0,0.0,5,GURUPÁ/PA,BREVES/PA,BREVES/PA,0.77,atencao
710529470,2026-09-29T00:31:25.688491+00:00,-1.38312,-50.79012,0.0,0.0,0.0,5,GURUPÁ/PA,BREVES/PA,BREVES/PA,0.77,atencao
710529470,2026-09-29T01:35:03.496043+00:00,-1.38312,-50.79012,0.0,0.0,0.0,5,GURUPÁ/PA,BREVES/PA,BREVES/PA,0.77,atencao
710529470,2026-09-29T02:38:41.303596+00:00,-1.38312,-50.79012,19.2,108.4,108.4,0,GURUPÁ/PA,BREVES/PA,,0.6,atencao
710529470,2026-09-29T02:42:32.842342+00:00,-1.38653,-50.77989,19.2,77.0,77.0,0,GURUPÁ/PA,BREVES/PA,,0.6,atencao
710529470,2026-09-29T02:45:15.657739+00:00,-1.38483,-50.7725,19.2,41.6,41.6,0,GURUPÁ/PA,BREVES/PA,,0.6,atencao
710529470,2026-09-29T02:47:42.600458+00:00,-1.37972,-50.76796,19.2,74.0,74.0,0,GURUPÁ/PA,BREVES/PA,,0.6,atencao
710529470,2026-09-29T02:50:40.297282+00:00,-1.37744,-50.76,19.2,114.0,114.0,0,GURUPÁ/PA,BREVES/PA,,0.6,atencao
710529470,2026-09-29T02:52:40.535317+00:00,-1.37972,-50.75488,19.2,118.1,118.1,0,GURUPÁ/PA,BREVES/PA,,0.6,atencao
710529470,2026-09-29T02:56:08.004143+00:00,-1.38426,-50.74636,19.2,105.9,105.9,0,GURUPÁ/PA,BREVES/PA,,0.6,atencao
710529470,2026-09-29T02:59:05.688685+00:00,-1.38653,-50.7384,19.2,155.0,155.0,0,GURUPÁ/PA,BREVES/PA,,0.6,atencao
710529470,2026-09-29T03:02:27.760520+00:00,-1.39506,-50.73443,19.2,153.4,153.4,0,GURUPÁ/PA,BREVES/PA,,0.6,atencao
710529470,2026-09-29T03:03:49.628881+00:00,-1.39847,-50.73272,19.2,131.6,131.6,0,GURUPÁ/PA,BREVES/PA,,0.6,atencao
710529470,2026-09-29T03:06:16.580209+00:00,-1.40301,-50.72761,19.2,83.7,83.7,0,GURUPÁ/PA,BREVES/PA,,0.6,atencao
710529470,2026-09-29T03:09:57.608315+00:00,-1.40188,-50.71738,19.2,90.0,90.0,0,GURUPÁ/PA,BREVES/PA,,0.6,atencao
710529470,2026-09-29T03:11:47.424194+00:00,-1.40188,-50.71226,19.2,98.2,98.2,0,GURUPÁ/PA,BREVES/PA,,0.6,atencao
710529470,2026-09-29T03:13:13.737273+00:00,-1.40245,-50.70828,19.2,110.6,110.6,0,GURUPÁ/PA,BREVES/PA,,0.6,atencao
710529470,2026-09-29T03:16:42.275159+00:00,-1.40586,-50.69919,19.2,111.8,111.8,0,GURUPÁ/PA,BREVES/PA,,0.6,atencao
710529470,2026-09-29T03:19:59.427033+00:00,-1.40926,-50.69067,19.2,116.6,116.6,0,GURUPÁ/PA,BREVES/PA,,0.6,atencao
710529470,2026-09-29T03:21:48.584093+00:00,-1.41154,-50.68612,19.2,45.0,45.0,0,GURUPÁ/PA,BREVES/PA,,0.6,atencao
710529470,2026-09-29T03:23:32.139879+00:00,-1.40813,-50.68271,19.2,352.9,352.9,0,GURUPÁ/PA,BREVES/PA,,0.6,atencao
710529470,2026-09-29T03:25:10.568105+00:00,-1.40358,-50.68328,19.2,0.0,0.0,0,GURUPÁ/PA,BREVES/PA,,0.6,atencao
710529470,2026-09-29T03:28:13.663687+00:00,-1.39506,-50.68328,19.2,98.2,98.2,0,GURUPÁ/PA,BREVES/PA,,0.6,atencao
710529470,2026-09-29T03:29:39.970939+00:00,-1.39563,-50.6793,19.2,128.1,128.1,0,GURUPÁ/PA,BREVES/PA,,0.6,atencao
710529470,2026-09-29T03:33:17.264565+00:00,-1.40188,-50.67134,19.2,122.5,122.5,0,GURUPÁ/PA,BREVES/PA,,0.6,atencao
710529470,2026-09-29T03:35:56.384932+00:00,-1.40586,-50.66509,19.2,158.3,158.3,0,GURUPÁ/PA,BREVES/PA,,0.6,atencao
710529470,2026-09-29T03:37:02.152485+00:00,-1.4087,-50.66396,19.2,171.9,171.9,0,GURUPÁ/PA,BREVES/PA,,0.6,atencao
710529470,2026-09-29T03:38:28.466073+00:00,-1.41268,-50.66339,19.2,180.0,180.0,0,GURUPÁ/PA,BREVES/PA,,0.6,atencao
710529470,2026-09-29T03:43:21.410413+00:00,-1.42631,-50.66339,19.2,188.9,188.9,0,GURUPÁ/PA,BREVES/PA,,0.6,atencao
710529470,2026-09-29T03:47:16.244577+00:00,-1.43711,-50.66509,19.2,207.5,207.5,0,GURUPÁ/PA,BREVES/PA,,0.6,atencao
710529470,2026-09-29T03:52:32.879227+00:00,-1.45018,-50.67191,19.2,191.3,191.3,0,GURUPÁ/PA,BREVES/PA,,0.6,atencao
710529470,2026-09-29T03:55:39.603557+00:00,-1.45871,-50.67362,19.2,180.0,180.0,0,GURUPÁ/PA,BREVES/PA,,0.6,atencao
710529470,2026-09-29T03:59:31.544676+00:00,-1.46951,-50.67362,19.2,160.2,160.2,0,GURUPÁ/PA,BREVES/PA,,0.6,atencao
710529470,2026-09-29T04:04:55.887732+00:00,-1.48371,-50.6685,19.2,146.9,146.9,0,GURUPÁ/PA,BREVES/PA,,0.6,atencao
710529470,2026-09-29T04:10:31.038745+00:00,-1.49678,-50.65998,19.2,137.9,137.9,0,GURUPÁ/PA,BREVES/PA,,0.6,atencao
710529470,2026-09-29T04:16:16.700613+00:00,-1.50872,-50.64918,19.2,120.0,120.0,0,GURUPÁ/PA,BREVES/PA,,0.6,atencao
710529470,2026-09-29T04:22:23.000566+00:00,-1.51724,-50.63441,19.2,121.0,121.0,0,GURUPÁ/PA,BREVES/PA,,0.6,atencao
710529470,2026-09-29T04:27:36.759947+00:00,-1.52477,-50.62188,19.2,131.2,131.2,0,GURUPÁ/PA,BREVES/PA,,0.6,atencao
710529470,2026-09-29T04:34:49.869434+00:00,-1.53805,-50.6067,19.2,129.8,129.8,0,GURUPÁ/PA,BREVES/PA,,0.6,atencao
710529470,2026-09-29T04:42:47.207459+00:00,-1.55228,-50.58963,0.0,0.0,0.0,5,GURUPÁ/PA,BREVES/PA,BREVES/PA,0.6,atencao
710529470,2026-09-29T05:49:41.413977+00:00,-1.55228,-50.58963,0.0,0.0,0.0,5,GURUPÁ/PA,BREVES/PA,BREVES/PA,0.6,atencao
710529470,2026-09-29T06:56:35.620496+00:00,-1.55228,-50.58963,0.0,0.0,0.0,5,GURUPÁ/PA,BREVES/PA,BREVES/PA,0.6,atencao
710529470,2026-09-29T08:03:29.827015+00:00,-1.55228,-50.58963,0.0,0.0,0.0,5,GURUPÁ/PA,BREVES/PA,BREVES/PA,0.6,atencao
710529470,2026-09-29T09:10:24.033533+00:00,-1.55228,-50.58963,0.0,0.0,0.0,5,GURUPÁ/PA,BREVES/PA,BREVES/PA,0.6,atencao
710529470,2026-09-29T10:17:18.240052+00:00,-1.55228,-50.58963,24.4,159.5,159.5,0,GURUPÁ/PA,BREVES/PA,,0.22,no_prazo
710529470,2026-09-29T10:21:50.399605+00:00,-1.56738,-50.58397,24.4,149.2,149.2,0,GURUPÁ/PA,BREVES/PA,,0.22,no_prazo
710529470,2026-09-29T10:26:42.577722+00:00,-1.58225,-50.5751,24.4,136.8,136.8,0,GURUPÁ/PA,BREVES/PA,,0.22,no_prazo
710529470,2026-09-29T10:29:32.311629+00:00,-1.58958,-50.56822,24.4,121.4,121.4,0,GURUPÁ/PA,BREVES/PA,,0.22,no_prazo
710529470,2026-09-29T10:34:12.806577+00:00,-1.59824,-50.55403,24.4,145.4,145.4,0,GURUPÁ/PA,BREVES/PA,,0.22,no_prazo
710529470,2026-09-29T10:37:23.966657+00:00,-1.60756,-50.54759,24.4,160.3,160.3,0,GURUPÁ/PA,BREVES/PA,,0.22,no_prazo
710529470,2026-09-29T10:40:56.119185+00:00,-1.61939,-50.54336,24.4,169.2,169.2,0,GURUPÁ/PA,BREVES/PA,,0.22,no_prazo
710529470,2026-09-29T10:49:16.239455+00:00,-1.6485,-50.53781,24.4,155.5,155.5,0,GURUPÁ/PA,BREVES/PA,,0.22,no_prazo
710529470,2026-09-29T10:52:42.827037+00:00,-1.65963,-50.53273,24.4,135.6,135.6,0,GURUPÁ/PA,BREVES/PA,,0.22,no_prazo
710529470,2026-09-29T10:54:33.671647+00:00,-1.66432,-50.52813,24.4,120.4,120.4,0,GURUPÁ/PA,BREVES/PA,,0.22,no_prazo
710529470,2026-09-29T10:57:06.620515+00:00,-1.66891,-50.52031,24.4,107.8,107.8,0,GURUPÁ/PA,BREVES/PA,,0.22,no_prazo
710529470,2026-09-29T11:03:08.698838+00:00,-1.67548,-50.49988,0.0,0.0,0.0,5,GURUPÁ/PA,BREVES/PA,BREVES/PA,0.22,no_prazo
710529470,2026-09-29T12:10:00.794049+00:00,-1.67548,-50.49988,0.0,0.0,0.0,5,GURUPÁ/PA,BREVES/PA,BREVES/PA,0.22,no_prazo
710529470,2026-09-29T13:16:52.889260+00:00,-1.67548,-50.49988,0.0,0.0,0.0,5,GURUPÁ/PA,BREVES/PA,BREVES/PA,0.22,no_prazo
710529470,2026-09-29T14:23:44.984471+00:00,-1.67548,-50.49988,0.0,0.0,0.0,5,GURUPÁ/PA,BREVES/PA,BREVES/PA,0.22,no_prazo
710529470,2026-09-29T15:30:37.079682+00:00,-1.67548,-50.49988,0.0,0.0,0.0,5,GURUPÁ/PA,BREVES/PA,BREVES/PA,0.22,no_prazo
710529470,2026-09-29T16:37:29.174893+00:00,-1.67548,-50.49988,8.8,143.6,143.6,0,BREVES/PA,BELÉM/PA,,2.28,atrasado
710529470,2026-09-29T16:38:22.182252+00:00,-1.67639,-50.49921,8.8,139.6,139.6,0,BREVES/PA,BELÉM/PA,,2.28,atrasado
710529470,2026-09-29T16:40:25.604147+00:00,-1.6784,-50.4975,8.8,130.3,130.3,0,BREVES/PA,BELÉM/PA,,2.28,atrasado
710529470,2026-09-29T16:42:28.921310+00:00,-1.68011,-50.49548,8.8,146.4,146.4,0,BREVES/PA,BELÉM/PA,,2.28,atrasado
710529470,2026-09-29T16:44:42.598558+00:00,-1.68249,-50.4939,8.8,159.0,159.0,0,BREVES/PA,BELÉM/PA,,2.28,atrasado
710529470,2026-09-29T16:46:02.032901+00:00,-1.68408,-50.49329,8.8,158.4,158.4,0,BREVES/PA,BELÉM/PA,,2.28,atrasado
710529470,2026-09-29T16:47:58.540945+00:00,-1.6864,-50.49237,8.8,142.2,142.2,0,BREVES/PA,BELÉM/PA,,2.28,atrasado
710529470,2026-09-29T16:50:37.063822+00:00,-1.68908,-50.49029,8.8,128.7,128.7,0,BREVES/PA,BELÉM/PA,,2.28,atrasado
710529470,2026-09-29T16:53:53.912680+00:00,-1.69171,-50.487,8.8,121.4,121.4,0,BREVES/PA,BELÉM/PA,,2.28,atrasado
710529470,2026-09-29T16:57:10.942530+00:00,-1.69391,-50.4834,8.8,111.2,111.2,0,BREVES/PA,BELÉM/PA,,2.28,atrasado
710529470,2026-09-29T16:59:56.118649+00:00,-1.69519,-50.4801,8.8,108.2,108.2,0,BREVES/PA,BELÉM/PA,,2.28,atrasado
710529470,2026-09-29T17:02:59.098523+00:00,-1.69641,-50.47638,8.8,111.1,111.1,0,BREVES/PA,BELÉM/PA,,2.28,atrasado
710529470,2026-09-29T17:07:03.682395+00:00,-1.6983,-50.47149,8.8,118.6,118.6,0,BREVES/PA,BELÉM/PA,,2.28,atrasado
710529470,2026-09-29T17:11:20.052146+00:00,-1.70093,-50.46667,8.8,137.0,137.0,0,BREVES/PA,BELÉM/PA,,2.28,atrasado
710529470,2026-09-29T17:16:04.533248+00:00,-1.70538,-50.46252,8.8,151.1,151.1,0,BREVES/PA,BELÉM/PA,,2.28,atrasado
710529470,2026-09-29T17:20:05.729897+00:00,-1.7099,-50.46002,8.8,163.6,163.6,0,BREVES/PA,BELÉM/PA,,2.28,atrasado
710529470,2026-09-29T17:24:39.169406+00:00,-1.71551,-50.45837,8.8,180.0,180.0,0,BREVES/PA,BELÉM/PA,,2.28,atrasado
710529470,2026-09-29T17:30:18.567253+00:00,-1.72278,-50.45837,8.8,183.3,183.3,0,BREVES/PA,BELÉM/PA,,2.28,atrasado
710529470,2026-09-29T17:34:32.764853+00:00,-1.72821,-50.45868,8.8,178.3,178.3,0,BREVES/PA,BELÉM/PA,,2.28,atrasado
710529470,2026-09-29T17:39:40.883213+00:00,-1.7348,-50.45849,8.8,171.2,171.2,0,BREVES/PA,BELÉM/PA,,2.28,atrasado
710529470,2026-09-29T17:45:53.129012+00:00,-1.74267,-50.45727,8.8,167.9,167.9,0,BREVES/PA,BELÉM/PA,,2.28,atrasado
710529470,2026-09-29T17:49:29.008225+00:00,-1.74719,-50.4563,8.8,159.8,159.8,0,BREVES/PA,BELÉM/PA,,2.28,atrasado
710529470,2026-09-29T17:56:31.255102+00:00,-1.75568,-50.45318,8.8,146.6,146.6,0,BREVES/PA,BELÉM/PA,,2.28,atrasado
710529470,2026-09-29T18:02:02.617233+00:00,-1.7616,-50.44928,8.8,142.1,142.1,0,BREVES/PA,BELÉM/PA,,2.28,atrasado
710529470,2026-09-29T18:07:27.653906+00:00,-1.76709,-50.44501,8.8,114.9,114.9,0,BREVES/PA,BELÉM/PA,,2.28,atrasado
710529470,2026-09-29T18:14:41.329895+00:00,-1.771,-50.43658,8.8,94.5,94.5,0,BREVES/PA,BELÉM/PA,,2.28,atrasado
710529470,2026-09-29T18:19:27.299180+00:00,-1.77148,-50.43048,8.8,90.0,90.0,0,BREVES/PA,BELÉM/PA,,2.28,atrasado
710529470,2026-09-29T18:23:35.281179+00:00,-1.77148,-50.42517,8.8,97.0,97.0,0,BREVES/PA,BELÉM/PA,,2.28,atrasado
710529470,2026-09-29T18:27:27.876703+00:00,-1.77209,-50.42023,8.8,102.6,102.6,0,BREVES/PA,BELÉM/PA,,2.28,atrasado
710529470,2026-09-29T18:31:47.901982+00:00,-1.77331,-50.41479,8.8,89.2,89.2,0,BREVES/PA,BELÉM/PA,,2.28,atrasado
710529470,2026-09-29T18:38:32.698792+00:00,-1.77319,-50.40613,8.8,69.9,69.9,0,BREVES/PA,BELÉM/PA,,2.28,atrasado
710529470,2026-09-29T18:44:12.708865+00:00,-1.77069,-50.39929,8.8,84.1,84.1,0,BREVES/PA,BELÉM/PA,,2.28,atrasado
710529470,2026-09-29T18:51:11.051442+00:00,-1.76977,-50.39038,8.8,89.4,89.4,0,BREVES/PA,BELÉM/PA,,2.28,atrasado
710529470,2026-09-29T18:55:36.141058+00:00,-1.76971,-50.3847,8.8,109.4,109.4,0,BREVES/PA,BELÉM/PA,,2.28,atrasado
710529470,2026-09-29T19:02:36.319487+00:00,-1.7727,-50.37622,8.8,108.7,108.7,0,BREVES/PA,BELÉM/PA,,2.28,atrasado
710529470,2026-09-29T19:08:22.461531+00:00,-1.77508,-50.3692,8.8,119.7,119.7,0,BREVES/PA,BELÉM/PA,,2.28,atrasado
710529470,2026-09-29T19:16:14.857189+00:00,-1.78009,-50.36041,8.8,108.6,108.6,0,BREVES/PA,BELÉM/PA,,2.28,atrasado
710529470,2026-09-29T19:24:36.937154+00:00,-1.78351,-50.35022,8.8,106.0,106.0,0,BREVES/PA,BELÉM/PA,,2.28,atrasado
710529470,2026-09-29T19:34:44.995972+00:00,-1.78711,-50.3377,8.8,101.1,101.1,0,BREVES/PA,BELÉM/PA,,2.28,atrasado
710529470,2026-09-29T19:48:52.971236+00:00,-1.79059,-50.31988,8.8,105.9,105.9,0,BREVES/PA,BELÉM/PA,,2.28,atrasado
710529470,2026-09-29T19:57:13.773953+00:00,-1.79352,-50.30957,8.8,110.6,110.6,0,BREVES/PA,BELÉM/PA,,2.28,atrasado
710529470,2026-09-29T20:06:55.672941+00:00,-1.79791,-50.29791,8.8,123.9,123.9,0,BREVES/PA,BELÉM/PA,,2.28,atrasado
710529470,2026-09-29T20:12:38.755376+00:00,-1.802,-50.29181,8.8,119.5,119.5,0,BREVES/PA,BELÉM/PA,,2.28,atrasado
710529470,2026-09-29T20:24:59.198182+00:00,-1.80981,-50.27801,0.0,0.0,0.0,5,BREVES/PA,BELÉM/PA,BELÉM/PA,2.28,atrasado
710529470,2026-09-29T21:31:42.664849+00:00,-1.80981,-50.27801,0.0,0.0,0.0,5,BREVES/PA,BELÉM/PA,BELÉM/PA,2.28,atrasado
710529470,2026-09-29T22:38:26.131517+00:00,-1.80981,-50.27801,0.0,0.0,0.0,5,BREVES/PA,BELÉM/PA,BELÉM/PA,2.28,atrasado
710529470,2026-09-29T23:45:09.598184+00:00,-1.80981,-50.27801,0.0,0.0,0.0,5,BREVES/PA,BELÉM/PA,BELÉM/PA,2.28,atrasado
710529470,2026-09-30T00:51:53.064852+00:00,-1.80981,-50.27801,0.0,0.0,0.0,5,BREVES/PA,BELÉM/PA,BELÉM/PA,2.28,atrasado
710529470,2026-09-30T01:58:36.531519+00:00,-1.80981,-50.27801,0.0,0.0,0.0,5,BREVES/PA,BELÉM/PA,BELÉM/PA,2.28,atrasado
710529470,2026-09-30T03:05:19.998187+00:00,-1.80981,-50.27801,174.9,88.6,88.6,0,BREVES/PA,BELÉM/PA,,1.95,atencao
710529470,2026-09-30T03:05:42.679378+00:00,-1.80957,-50.26837,174.9,93.1,93.1,0,BREVES/PA,BELÉM/PA,,1.95,atencao
710529470,2026-09-30T03:06:40.736369+00:00,-1.81091,-50.24371,174.9,95.8,95.8,0,BREVES/PA,BELÉM/PA,,1.95,atencao
710529470,2026-09-30T03:07:36.124601+00:00,-1.81329,-50.22027,174.9,98.1,98.1,0,BREVES/PA,BELÉM/PA,,1.95,atencao
710529470,2026-09-30T03:08:36.416953+00:00,-1.81689,-50.19488,174.9,91.2,91.2,0,BREVES/PA,BELÉM/PA,,1.95,atencao
710529470,2026-09-30T03:09:11.438969+00:00,-1.8172,-50.17999,174.9,89.2,89.2,0,BREVES/PA,BELÉM/PA,,1.95,atencao
710529470,2026-09-30T03:10:02.671722+00:00,-1.81689,-50.1582,174.9,84.6,84.6,0,BREVES/PA,BELÉM/PA,,1.95,atencao
710529470,2026-09-30T03:10:46.637078+00:00,-1.81512,-50.13959,174.9,71.9,71.9,0,BREVES/PA,BELÉM/PA,,1.95,atencao
710529470,2026-09-30T03:11:20.767129+00:00,-1.81061,-50.12579,174.9,75.1,75.1,0,BREVES/PA,BELÉM/PA,,1.95,atencao
710529470,2026-09-30T03:12:09.187335+00:00,-1.8053,-50.10589,174.9,68.8,68.8,0,BREVES/PA,BELÉM/PA,,1.95,atencao
710529470,2026-09-30T03:12:56.115303+00:00,-1.79809,-50.08728,174.9,66.9,66.9,0,BREVES/PA,BELÉM/PA,,1.95,atencao
710529470,2026-09-30T03:13:36.686165+00:00,-1.79132,-50.07141,174.9,66.9,66.9,0,BREVES/PA,BELÉM/PA,,1.95,atencao
710529470,2026-09-30T03:14:27.095490+00:00,-1.7829,-50.0517,174.9,87.9,87.9,0,BREVES/PA,BELÉM/PA,,1.95,atencao
710529470,2026-09-30T03:15:05.438658+00:00,-1.78229,-50.0354,174.9,96.7,96.7,0,BREVES/PA,BELÉM/PA,,1.95,atencao
710529470,2026-09-30T03:15:45.402559+00:00,-1.78426,-50.01852,0.0,0.0,0.0,5,BREVES/PA,BELÉM/PA,BELÉM/PA,1.95,atencao
710529470,2026-09-30T04:20:01.967199+00:00,-1.78426,-50.01852,0.0,0.0,0.0,5,BREVES/PA,BELÉM/PA,BELÉM/PA,1.95,atencao
710529470,2026-09-30T05:24:18.531839+00:00,-1.78426,-50.01852,0.0,0.0,0.0,5,BREVES/PA,BELÉM/PA,BELÉM/PA,1.95,atencao
710529470,2026-09-30T06:28:35.096479+00:00,-1.78426,-50.01852,0.0,0.0,0.0,5,BREVES/PA,BELÉM/PA,BELÉM/PA,1.95,atencao
710529470,2026-09-30T07:32:51.661119+00:00,-1.78426,-50.01852,0.0,0.0,0.0,5,BREVES/PA,BELÉM/PA,BELÉM/PA,1.95,atencao
710529470,2026-09-30T08:37:08.225759+00:00,-1.78426,-50.01852,0.0,0.0,0.0,5,BREVES/PA,BELÉM/PA,BELÉM/PA,1.95,atencao
710529470,2026-09-30T09:41:24.790399+00:00,-1.78426,-50.01852,29.6,96.7,96.7,0,BELÉM/PA,BREVES/PA,,2.26,atrasado
710529470,2026-09-30T09:42:28.324604+00:00,-1.78479,-50.01398,29.6,106.1,106.1,0,BELÉM/PA,BREVES/PA,,2.26,atrasado
710529470,2026-09-30T09:46:09.091062+00:00,-1.78918,-49.99872,29.6,106.3,106.3,0,BELÉM/PA,BREVES/PA,,2.26,atrasado
710529470,2026-09-30T09:50:47.556049+00:00,-1.7948,-49.97949,29.6,105.5,105.5,0,BELÉM/PA,BREVES/PA,,2.26,atrasado
710529470,2026-09-30T09:58:35.094881+00:00,-1.80377,-49.94708,29.6,116.6,116.6,0,BELÉM/PA,BREVES/PA,,2.26,atrasado
710529470,2026-09-30T10:04:04.514640+00:00,-1.81439,-49.9259,29.6,115.9,115.9,0,BELÉM/PA,BREVES/PA,,2.26,atrasado
710529470,2026-09-30T10:12:33.086562+00:00,-1.83038,-49.893,29.6,115.2,115.2,0,BELÉM/PA,BREVES/PA,,2.26,atrasado
710529470,2026-09-30T10:24:32.443488+00:00,-1.85241,-49.84619,29.6,96.4,96.4,0,BELÉM/PA,BREVES/PA,,2.26,atrasado
710529470,2026-09-30T10:26:29.194349+00:00,-1.85334,-49.83784,0.0,0.0,0.0,5,BELÉM/PA,BREVES/PA,BREVES/PA,2.26,atrasado
710529470,2026-09-30T11:32:11.932195+00:00,-1.85334,-49.83784,0.0,0.0,0.0,5,BELÉM/PA,BREVES/PA,BREVES/PA,2.26,atrasado
710529470,2026-09-30T12:37:54.670041+00:00,-1.85334,-49.83784,0.0,0.0,0.0,5,BELÉM/PA,BREVES/PA,BREVES/PA,2.26,atrasado
710529470,2026-09-30T13:43:37.407886+00:00,-1.85334,-49.83784,0.0,0.0,0.0,5,BELÉM/PA,BREVES/PA,BREVES/PA,2.26,atrasado
710529470,2026-09-30T14:49:20.145732+00:00,-1.85334,-49.83784,0.0,0.0,0.0,5,BELÉM/PA,BREVES/PA,BREVES/PA,2.26,atrasado
710529470,2026-09-30T15:55:02.883578+00:00,-1.85334,-49.83784,20.7,96.3,96.3,0,BELÉM/PA,BREVES/PA,,2.1,atrasado
710529470,2026-09-30T15:59:25.320738+00:00,-1.85479,-49.82471,20.7,80.8,80.8,0,BELÉM/PA,BREVES/PA,,2.1,atrasado
710529470,2026-09-30T16:02:56.507900+00:00,-1.85309,-49.81421,20.7,72.1,72.1,0,BELÉM/PA,BREVES/PA,,2.1,atrasado
710529470,2026-09-30T16:05:30.586006+00:00,-1.85071,-49.80682,20.7,58.3,58.3,0,BELÉM/PA,BREVES/PA,,2.1,atrasado
710529470,2026-09-30T16:08:14.400686+00:00,-1.84637,-49.7998,20.7,44.2,44.2,0,BELÉM/PA,BREVES/PA,,2.1,atrasado
710529470,2026-09-30T16:11:08.406329+00:00,-1.84009,-49.7937,20.7,55.3,55.3,0,BELÉM/PA,BREVES/PA,,2.1,atrasado
710529470,2026-09-30T16:14:24.453027+00:00,-1.83447,-49.78558,20.7,61.3,61.3,0,BELÉM/PA,BREVES/PA,,2.1,atrasado
710529470,2026-09-30T16:17:08.774222+00:00,-1.8305,-49.77832,20.7,72.9,72.9,0,BELÉM/PA,BREVES/PA,,2.1,atrasado
710529470,2026-09-30T16:21:12.228263+00:00,-1.8269,-49.7666,20.7,68.0,68.0,0,BELÉM/PA,BREVES/PA,,2.1,atrasado
710529470,2026-09-30T16:26:35.173042+00:00,-1.8208,-49.75152,20.7,78.8,78.8,0,BELÉM/PA,BREVES/PA,,2.1,atrasado
710529470,2026-09-30T16:30:00.270650+00:00,-1.81879,-49.74139,20.7,106.1,106.1,0,BELÉM/PA,BREVES/PA,,2.1,atrasado
710529470,2026-09-30T16:34:26.490803+00:00,-1.82251,-49.72851,20.7,89.5,89.5,0,BELÉM/PA,BREVES/PA,,2.1,atrasado
710529470,2026-09-30T16:38:50.700483+00:00,-1.82239,-49.71521,20.7,74.4,74.4,0,BELÉM/PA,BREVES/PA,,2.1,atrasado
710529470,2026-09-30T16:46:57.616582+00:00,-1.81579,-49.69159,20.7,53.2,53.2,0,BELÉM/PA,BREVES/PA,,2.1,atrasado
710529470,2026-09-30T17:07:04.878039+00:00,-1.77942,-49.64288,20.7,62.5,62.5,0,BELÉM/PA,BREVES/PA,,2.1,atrasado
710529470,2026-09-30T17:14:34.303673+00:00,-1.76898,-49.6228,20.7,60.8,60.8,0,BELÉM/PA,BREVES/PA,,2.1,atrasado
710529470,2026-09-30T17:19:22.952448+00:00,-1.7619,-49.61011,20.7,63.5,63.5,0,BELÉM/PA,BREVES/PA,,2.1,atrasado
710529470,2026-09-30T17:24:51.978959+00:00,-1.75452,-49.59527,20.7,70.3,70.3,0,BELÉM/PA,BREVES/PA,,2.1,atrasado
710529470,2026-09-30T17:31:09.231071+00:00,-1.74811,-49.57739,20.7,81.0,81.0,0,BELÉM/PA,BREVES/PA,,2.1,atrasado
710529470,2026-09-30T17:37:30.797150+00:00,-1.74511,-49.55841,20.7,95.7,95.7,0,BELÉM/PA,BREVES/PA,,2.1,atrasado
710529470,2026-09-30T17:43:14.249976+00:00,-1.74683,-49.5412,20.7,101.8,101.8,0,BELÉM/PA,BREVES/PA,,2.1,atrasado
710529470,2026-09-30T17:48:38.697220+00:00,-1.75018,-49.5252,0.0,0.0,0.0,5,BELÉM/PA,BREVES/PA,BREVES/PA,2.1,atrasado
710529470,2026-09-30T18:50:19.234222+00:00,-1.75018,-49.5252,0.0,0.0,0.0,5,BELÉM/PA,BREVES/PA,BREVES/PA,2.1,atrasado
710529470,2026-09-30T19:51:59.771224+00:00,-1.75018,-49.5252,0.0,0.0,0.0,5,BELÉM/PA,BREVES/PA,BREVES/PA,2.1,atrasado
710529470,2026-09-30T20:53:40.308226+00:00,-1.75018,-49.5252,0.0,0.0,0.0,5,BELÉM/PA,BREVES/PA,BREVES/PA,2.1,atrasado
710529470,2026-09-30T21:55:20.845228+00:00,-1.75018,-49.5252,0.0,0.0,0.0,5,BELÉM/PA,BREVES/PA,BREVES/PA,2.1,atrasado
710529470,2026-09-30T22:57:01.382230+00:00,-1.75018,-49.5252,0.0,270.0,270.0,5,BELÉM/PA,BREVES/PA,BREVES/PA,2.1,atrasado
710529470,2026-09-30T23:58:41.919232+00:00,-1.75018,-49.52521,23.4,90.0,90.0,0,BELÉM/PA,BREVES/PA,,2.46,atrasado
710529470,2026-10-01T00:06:28.279791+00:00,-1.75018,-49.49872,23.4,68.4,68.4,0,BELÉM/PA,BREVES/PA,,2.46,atrasado
710529470,2026-10-01T00:10:59.894500+00:00,-1.7445,-49.48437,23.4,65.6,65.6,0,BELÉM/PA,BREVES/PA,,2.46,atrasado
710529470,2026-10-01T00:20:06.245441+00:00,-1.73169,-49.45611,23.4,68.7,68.7,0,BELÉM/PA,BREVES/PA,,2.46,atrasado
710529470,2026-10-01T00:27:11.917401+00:00,-1.7229,-49.43359,23.4,79.6,79.6,0,BELÉM/PA,BREVES/PA,,2.46,atrasado
710529470,2026-10-01T00:36:37.842927+00:00,-1.7171,-49.40198,23.4,85.2,85.2,0,BELÉM/PA,BREVES/PA,,2.46,atrasado
710529470,2026-10-01T00:51:31.762752+00:00,-1.71289,-49.35138,23.4,74.5,74.5,0,BELÉM/PA,BREVES/PA,,2.46,atrasado
710529470,2026-10-01T01:02:45.190115+00:00,-1.7027,-49.31451,23.4,63.5,63.5,0,BELÉM/PA,BREVES/PA,,2.46,atrasado
710529470,2026-10-01T01:11:22.810964+00:00,-1.68957,-49.28821,23.4,58.2,58.2,0,BELÉM/PA,BREVES/PA,,2.46,atrasado
710529470,2026-10-01T01:17:09.369945+00:00,-1.6792,-49.27148,23.4,64.6,64.6,0,BELÉM/PA,BREVES/PA,,2.46,atrasado
710529470,2026-10-01T01:22:55.489368+00:00,-1.67077,-49.25372,23.4,84.3,84.3,0,BELÉM/PA,BREVES/PA,,2.46,atrasado
710529470,2026-10-01T01:28:05.475206+00:00,-1.66901,-49.2362,23.4,86.2,86.2,0,BELÉM/PA,BREVES/PA,,2.46,atrasado
710529470,2026-10-01T01:34:15.986605+00:00,-1.6676,-49.21521,23.4,105.0,105.0,0,BELÉM/PA,BREVES/PA,,2.46,atrasado
710529470,2026-10-01T01:41:43.313065+00:00,-1.67419,-49.19067,23.4,93.1,93.1,0,BELÉM/PA,BREVES/PA,,2.46,atrasado
710529470,2026-10-01T02:01:59.443645+00:00,-1.67798,-49.1217,0.0,0.0,0.0,5,BELÉM/PA,BREVES/PA,BREVES/PA,2.46,atrasado
710529470,2026-10-01T03:04:56.595813+00:00,-1.67798,-49.1217,0.0,0.0,0.0,5,BELÉM/PA,BREVES/PA,BREVES/PA,2.46,atrasado
710529470,2026-10-01T04:07:53.747981+00:00,-1.67798,-49.1217,0.0,0.0,0.0,5,BELÉM/PA,BREVES/PA,BREVES/PA,2.46,atrasado
710529470,2026-10-01T05:10:50.900149+00:00,-1.67798,-49.1217,0.0,0.0,0.0,5,BELÉM/PA,BREVES/PA,BREVES/PA,2.46,atrasado
710529470,2026-10-01T06:13:48.052317+00:00,-1.67798,-49.1217,0.0,0.0,0.0,5,BELÉM/PA,BREVES/PA,BREVES/PA,2.46,atrasado
710529470,2026-10-01T07:16:45.204485+00:00,-1.67798,-49.1217,6.9,38.3,38.3,0,BELÉM/PA,BREVES/PA,,2.38,atrasado
710529470,2026-10-01T07:49:10.497856+00:00,-1.65222,-49.10138,6.9,39.3,39.3,0,BELÉM/PA,BREVES/PA,,2.38,atrasado
710529470,2026-10-01T08:12:19.913456+00:00,-1.63409,-49.08653,0.0,0.0,0.0,5,BELÉM/PA,BREVES/PA,BREVES/PA,2.38,atrasado
710529470,2026-10-01T09:19:47.494857+00:00,-1.63409,-49.08653,0.0,0.0,0.0,5,BELÉM/PA,BREVES/PA,BREVES/PA,2.38,atrasado
710529470,2026-10-01T10:27:15.076258+00:00,-1.63409,-49.08653,0.0,0.0,0.0,5,BELÉM/PA,BREVES/PA,BREVES/PA,2.38,atrasado
710529470,2026-10-01T11:34:42.657659+00:00,-1.63409,-49.08653,0.0,0.0,0.0,5,BELÉM/PA,BREVES/PA,BREVES/PA,2.38,atrasado
710529470,2026-10-01T12:42:10.239061+00:00,-1.63409,-49.08653,0.0,0.0,0.0,5,BELÉM/PA,BREVES/PA,BREVES/PA,2.38,atrasado
710529470,2026-10-01T13:49:37.820462+00:00,-1.63409,-49.08653,10.9,39.3,39.3,0,BELÉM/PA,BREVES/PA,,2.28,atrasado
710529470,2026-10-01T13:55:45.072206+00:00,-1.62658,-49.08038,10.9,51.0,51.0,0,BELÉM/PA,BREVES/PA,,2.28,atrasado
710529470,2026-10-01T14:07:41.318638+00:00,-1.61468,-49.06567,10.9,47.0,47.0,0,BELÉM/PA,BREVES/PA,,2.28,atrasado
710529470,2026-10-01T14:18:57.336509+00:00,-1.6025,-49.05262,0.0,0.0,0.0,5,BELÉM/PA,BREVES/PA,BREVES/PA,2.28,atrasado
710529470,2026-10-01T15:27:18.717770+00:00,-1.6025,-49.05262,0.0,0.0,0.0,5,BELÉM/PA,BREVES/PA,BREVES/PA,2.28,atrasado
710529470,2026-10-01T16:35:40.099030+00:00,-1.6025,-49.05262,0.0,0.0,0.0,5,BELÉM/PA,BREVES/PA,BREVES/PA,2.28,atrasado
710529470,2026-10-01T17:44:01.480290+00:00,-1.6025,-49.05262,0.0,0.0,0.0,5,BELÉM/PA,BREVES/PA,BREVES/PA,2.28,atrasado
710529470,2026-10-01T18:52:22.861551+00:00,-1.6025,-49.05262,0.0,0.0,0.0,5,BELÉM/PA,BREVES/PA,BREVES/PA,2.28,atrasado
710529470,2026-10-01T20:00:44.242811+00:00,-1.6025,-49.05262,18.0,47.4,47.4,0,BELÉM/PA,BREVES/PA,,2.6,atrasado
710529470,2026-10-01T20:01:03.474957+00:00,-1.60193,-49.052,18.0,41.6,41.6,0,BELÉM/PA,BREVES/PA,,2.6,atrasado
710529470,2026-10-01T20:06:41.485920+00:00,-1.59088,-49.04217,18.0,51.7,51.7,0,BELÉM/PA,BREVES/PA,,2.6,atrasado
710529470,2026-10-01T20:13:31.830010+00:00,-1.57977,-49.02808,18.0,62.6,62.6,0,BELÉM/PA,BREVES/PA,,2.6,atrasado
710529470,2026-10-01T20:22:29.112113+00:00,-1.56897,-49.0072,18.0,71.2,71.2,0,BELÉM/PA,BREVES/PA,,2.6,atrasado
710529470,2026-10-01T20:36:05.338071+00:00,-1.55749,-48.97339,18.0,72.5,72.5,0,BELÉM/PA,BREVES/PA,,2.6,atrasado
710529470,2026-10-01T20:48:09.428467+00:00,-1.54797,-48.94317,18.0,71.7,71.7,0,BELÉM/PA,BREVES/PA,,2.6,atrasado
710529470,2026-10-01T20:55:50.921761+00:00,-1.54162,-48.92401,18.0,72.5,72.5,0,BELÉM/PA,BREVES/PA,,2.6,atrasado
710529470,2026-10-01T21:08:40.472133+00:00,-1.53149,-48.89191,18.0,83.8,83.8,0,BELÉM/PA,BREVES/PA,,2.6,atrasado
710529470,2026-10-01T21:21:16.950269+00:00,-1.52789,-48.85901,18.0,110.0,110.0,0,BELÉM/PA,BREVES/PA,,2.6,atrasado
710529470,2026-10-01T21:46:21.162485+00:00,-1.55036,-48.79716,18.0,80.0,80.0,0,BELÉM/PA,BREVES/PA,,2.6,atrasado
710529470,2026-10-01T21:56:32.459214+00:00,-1.54572,-48.77082,18.0,65.6,65.6,0,BELÉM/PA,BREVES/PA,,2.6,atrasado
710529470,2026-10-01T22:04:22.953041+00:00,-1.53721,-48.75208,0.0,0.0,0.0,5,BELÉM/PA,BREVES/PA,BREVES/PA,2.6,atrasado
710529470,2026-10-01T23:05:41.830462+00:00,-1.53721,-48.75208,0.0,0.0,0.0,5,BELÉM/PA,BREVES/PA,BREVES/PA,2.6,atrasado
710529470,2026-10-02T00:07:00.707882+00:00,-1.53721,-48.75208,0.0,0.0,0.0,5,BELÉM/PA,BREVES/PA,BREVES/PA,2.6,atrasado
710529470,2026-10-02T01:08:19.585303+00:00,-1.53721,-48.75208,0.0,0.0,0.0,5,BELÉM/PA,BREVES/PA,BREVES/PA,2.6,atrasado
710529470,2026-10-02T02:09:38.462723+00:00,-1.53721,-48.75208,0.0,0.0,0.0,5,BELÉM/PA,BREVES/PA,BREVES/PA,2.6,atrasado
710529470,2026-10-02T03:10:57.340143+00:00,-1.53721,-48.75208,0.0,0.0,0.0,5,BELÉM/PA,BREVES/PA,BREVES/PA,2.6,atrasado
710529470,2026-10-02T04:12:16.217564+00:00,-1.53721,-48.75208,0.0,29.1,29.1,5,BELÉM/PA,BREVES/PA,BREVES/PA,2.6,atrasado
710529470,2026-10-02T05:04:43.232993+00:00,-1.0845,-48.50019,0.0,209.1,209.1,5,BELÉM/PA,BREVES/PA,BREVES/PA,2.36,atrasado
710529470,2026-10-02T05:13:35.094984+00:00,-1.53721,-48.75208,610.2,28.1,28.1,0,BELÉM/PA,BREVES/PA,,2.36,atrasado
710529470,2026-10-02T05:13:47.125879+00:00,-1.52147,-48.74367,610.2,13.1,13.1,0,BELÉM/PA,BREVES/PA,,2.36,atrasado
710529470,2026-10-02T05:14:08.605880+00:00,-1.49044,-48.73645,610.2,22.0,22.0,0,BELÉM/PA,BREVES/PA,,2.36,atrasado
710529470,2026-10-02T05:14:42.016384+00:00,-1.4445,-48.71788,610.2,26.7,26.7,0,BELÉM/PA,BREVES/PA,,2.36,atrasado
710529470,2026-10-02T05:15:13.517827+00:00,-1.40275,-48.69689,610.2,37.7,37.7,0,BELÉM/PA,BREVES/PA,,2.36,atrasado
710529470,2026-10-02T05:15:35.566328+00:00,-1.37687,-48.67689,610.2,17.7,17.7,0,BELÉM/PA,BREVES/PA,,2.36,atrasado
710529470,2026-10-02T05:15:56.830960+00:00,-1.34682,-48.66732,610.2,15.3,15.3,0,BELÉM/PA,BREVES/PA,,2.36,atrasado
710529470,2026-10-02T05:16:10.052927+00:00,-1.3279,-48.66216,610.2,11.5,11.5,0,BELÉM/PA,BREVES/PA,,2.36,atrasado
710529470,2026-10-02T05:16:11.169437+00:00,-1.32628,-48.66183,610.2,11.8,11.8,0,BELÉM/PA,BREVES/PA,,2.36,atrasado
710529470,2026-10-02T05:16:12.284117+00:00,-1.32466,-48.66149,610.2,11.8,11.8,0,BELÉM/PA,BREVES/PA,,2.36,atrasado
710529470,2026-10-02T05:16:13.399101+00:00,-1.32304,-48.66115,610.2,12.3,12.3,0,BELÉM/PA,BREVES/PA,,2.36,atrasado
710529470,2026-10-02T05:16:14.512435+00:00,-1.32143,-48.6608,610.2,12.2,12.2,0,BELÉM/PA,BREVES/PA,,2.36,atrasado
710529470,2026-10-02T05:16:15.626117+00:00,-1.31981,-48.66045,610.2,12.6,12.6,0,BELÉM/PA,BREVES/PA,,2.36,atrasado
710529470,2026-10-02T05:16:16.738704+00:00,-1.3182,-48.66009,610.2,12.9,12.9,0,BELÉM/PA,BREVES/PA,,2.36,atrasado
710529470,2026-10-02T05:16:17.850364+00:00,-1.31659,-48.65972,610.2,13.4,13.4,0,BELÉM/PA,BREVES/PA,,2.36,atrasado
710529470,2026-10-02T05:16:18.961622+00:00,-1.31499,-48.65934,610.2,13.4,13.4,0,BELÉM/PA,BREVES/PA,,2.36,atrasado
710529470,2026-10-02T05:16:20.072651+00:00,-1.31339,-48.65896,610.2,13.7,13.7,0,BELÉM/PA,BREVES/PA,,2.36,atrasado
710529470,2026-10-02T05:16:21.182818+00:00,-1.31179,-48.65857,610.2,14.0,14.0,0,BELÉM/PA,BREVES/PA,,2.36,atrasado
710529470,2026-10-02T05:16:22.292800+00:00,-1.31019,-48.65817,610.2,14.0,14.0,0,BELÉM/PA,BREVES/PA,,2.36,atrasado
710529470,2026-10-02T05:16:23.401800+00:00,-1.30859,-48.65777,610.2,14.5,14.5,0,BELÉM/PA,BREVES/PA,,2.36,atrasado
710529470,2026-10-02T05:16:24.509836+00:00,-1.307,-48.65736,610.2,14.5,14.5,0,BELÉM/PA,BREVES/PA,,2.36,atrasado
710529470,2026-10-02T05:16:25.618569+00:00,-1.30541,-48.65695,610.2,14.8,14.8,0,BELÉM/PA,BREVES/PA,,2.36,atrasado
710529470,2026-10-02T05:16:26.726378+00:00,-1.30382,-48.65653,610.2,15.2,15.2,0,BELÉM/PA,BREVES/PA,,2.36,atrasado
710529470,2026-10-02T05:16:27.833455+00:00,-1.30224,-48.6561,610.2,15.5,15.5,0,BELÉM/PA,BREVES/PA,,2.36,atrasado
710529470,2026-10-02T05:16:28.940295+00:00,-1.30065,-48.65566,610.2,15.6,15.6,0,BELÉM/PA,BREVES/PA,,2.36,atrasado
710529470,2026-10-02T05:16:30.046447+00:00,-1.29907,-48.65522,610.2,16.0,16.0,0,BELÉM/PA,BREVES/PA,,2.36,atrasado
710529470,2026-10-02T05:16:31.152581+00:00,-1.2975,-48.65477,610.2,15.9,15.9,0,BELÉM/PA,BREVES/PA,,2.36,atrasado
710529470,2026-10-02T05:16:32.258533+00:00,-1.29592,-48.65432,610.2,16.7,16.7,0,BELÉM/PA,BREVES/PA,,2.36,atrasado
710529470,2026-10-02T05:16:33.363862+00:00,-1.29435,-48.65385,610.2,16.3,16.3,0,BELÉM/PA,BREVES/PA,,2.36,atrasado
710529470,2026-10-02T05:16:34.469238+00:00,-1.29278,-48.65339,610.2,17.0,17.0,0,BELÉM/PA,BREVES/PA,,2.36,atrasado
710529470,2026-10-02T05:16:35.573841+00:00,-1.29121,-48.65291,610.2,17.0,17.0,0,BELÉM/PA,BREVES/PA,,2.36,atrasado
710529470,2026-10-02T05:16:36.678532+00:00,-1.28964,-48.65243,610.2,17.4,17.4,0,BELÉM/PA,BREVES/PA,,2.36,atrasado
710529470,2026-10-02T05:16:37.782690+00:00,-1.28808,-48.65194,610.2,17.8,17.8,0,BELÉM/PA,BREVES/PA,,2.36,atrasado
710529470,2026-10-02T05:16:38.886776+00:00,-1.28652,-48.65144,610.2,17.8,17.8,0,BELÉM/PA,BREVES/PA,,2.36,atrasado
710529470,2026-10-02T05:16:39.990372+00:00,-1.28496,-48.65094,610.2,18.1,18.1,0,BELÉM/PA,BREVES/PA,,2.36,atrasado
710529470,2026-10-02T05:16:41.093933+00:00,-1.2834,-48.65043,610.2,18.2,18.2,0,BELÉM/PA,BREVES/PA,,2.36,atrasado
710529470,2026-10-02T05:16:42.197899+00:00,-1.28185,-48.64992,610.2,18.5,18.5,0,BELÉM/PA,BREVES/PA,,2.36,atrasado
710529470,2026-10-02T05:16:43.301228+00:00,-1.2803,-48.6494,610.2,18.9,18.9,0,BELÉM/PA,BREVES/PA,,2.36,atrasado
710529470,2026-10-02T05:16:44.404578+00:00,-1.27875,-48.64887,610.2,19.2,19.2,0,BELÉM/PA,BREVES/PA,,2.36,atrasado
710529470,2026-10-02T05:16:45.507547+00:00,-1.2772,-48.64833,610.2,19.4,19.4,0,BELÉM/PA,BREVES/PA,,2.36,atrasado
710529470,2026-10-02T05:16:46.143616+00:00,-1.27632,-48.64802,610.2,19.6,19.6,0,BELÉM/PA,BREVES/PA,,2.36,atrasado
710529470,2026-10-02T05:16:46.783125+00:00,-1.27542,-48.6477,610.2,19.6,19.6,0,BELÉM/PA,BREVES/PA,,2.36,atrasado
710529470,2026-10-02T05:16:47.425038+00:00,-1.27452,-48.64738,610.2,20.3,20.3,0,BELÉM/PA,BREVES/PA,,2.36,atrasado
710529470,2026-10-02T05:16:48.069998+00:00,-1.27363,-48.64705,610.2,19.9,19.9,0,BELÉM/PA,BREVES/PA,,2.36,atrasado
710529470,2026-10-02T05:16:48.718016+00:00,-1.27272,-48.64672,610.2,20.1,20.1,0,BELÉM/PA,BREVES/PA,,2.36,atrasado
710529470,2026-10-02T05:16:49.368865+00:00,-1.27182,-48.64639,610.2,21.0,21.0,0,BELÉM/PA,BREVES/PA,,2.36,atrasado
710529470,2026-10-02T05:16:50.023026+00:00,-1.27091,-48.64604,610.2,20.5,20.5,0,BELÉM/PA,BREVES/PA,,2.36,atrasado
710529470,2026-10-02T05:16:50.680663+00:00,-1.27,-48.6457,610.2,21.0,21.0,0,BELÉM/PA,BREVES/PA,,2.36,atrasado
710529470,2026-10-02T05:16:51.341003+00:00,-1.26909,-48.64535,610.2,21.4,21.4,0,BELÉM/PA,BREVES/PA,,2.36,atrasado
710529470,2026-10-02T05:16:52.005703+00:00,-1.26817,-48.64499,610.2,21.2,21.2,0,BELÉM/PA,BREVES/PA,,2.36,atrasado
710529470,2026-10-02T05:16:52.672639+00:00,-1.26724,-48.64463,610.2,21.9,21.9,0,BELÉM/PA,BREVES/PA,,2.36,atrasado
710529470,2026-10-02T05:16:53.344194+00:00,-1.26632,-48.64426,610.2,21.7,21.7,0,BELÉM/PA,BREVES/PA,,2.36,atrasado
710529470,2026-10-02T05:16:54.018875+00:00,-1.26539,-48.64389,610.2,22.2,22.2,0,BELÉM/PA,BREVES/PA,,2.36,atrasado
710529470,2026-10-02T05:16:54.697569+00:00,-1.26446,-48.64351,610.2,22.0,22.0,0,BELÉM/PA,BREVES/PA,,2.36,atrasado
710529470,2026-10-02T05:16:55.379776+00:00,-1.26352,-48.64313,610.2,22.5,22.5,0,BELÉM/PA,BREVES/PA,,2.36,atrasado
710529470,2026-10-02T05:16:56.066013+00:00,-1.26258,-48.64274,610.2,22.3,22.3,0,BELÉM/PA,BREVES/PA,,2.36,atrasado
710529470,2026-10-02T05:16:56.756290+00:00,-1.26163,-48.64235,610.2,23.0,23.0,0,BELÉM/PA,BREVES/PA,,2.36,atrasado
710529470,2026-10-02T05:16:57.450095+00:00,-1.26069,-48.64195,610.2,22.6,22.6,0,BELÉM/PA,BREVES/PA,,2.36,atrasado
710529470,2026-10-02T05:16:58.148577+00:00,-1.25973,-48.64155,610.2,23.6,23.6,0,BELÉM/PA,BREVES/PA,,2.36,atrasado
710529470,2026-10-02T05:16:58.851124+00:00,-1.25877,-48.64113,610.2,23.3,23.3,0,BELÉM/PA,BREVES/PA,,2.36,atrasado
710529470,2026-10-02T05:17:00.270391+00:00,-1.25684,-48.6403,610.2,23.8,23.8,0,BELÉM/PA,BREVES/PA,,2.36,atrasado
710529470,2026-10-02T05:17:01.709722+00:00,-1.25489,-48.63944,610.2,24.2,24.2,0,BELÉM/PA,BREVES/PA,,2.36,atrasado
710529470,2026-10-02T05:17:03.169789+00:00,-1.25291,-48.63855,610.2,24.2,24.2,0,BELÉM/PA,BREVES/PA,,2.36,atrasado
710529470,2026-10-02T05:17:04.651531+00:00,-1.25091,-48.63765,610.2,24.8,24.8,0,BELÉM/PA,BREVES/PA,,2.36,atrasado
710529470,2026-10-02T05:17:06.157731+00:00,-1.24888,-48.63671,610.2,25.0,25.0,0,BELÉM/PA,BREVES/PA,,2.36,atrasado
710529470,2026-10-02T05:17:07.690224+00:00,-1.24682,-48.63575,610.2,25.3,25.3,0,BELÉM/PA,BREVES/PA,,2.36,atrasado
710529470,2026-10-02T05:17:09.175494+00:00,-1.24483,-48.63481,610.2,25.9,25.9,0,BELÉM/PA,BREVES/PA,,2.36,atrasado
710529470,2026-10-02T05:17:10.688677+00:00,-1.24281,-48.63383,610.2,25.7,25.7,0,BELÉM/PA,BREVES/PA,,2.36,atrasado
710529470,2026-10-02T05:17:12.232213+00:00,-1.24075,-48.63284,610.2,26.2,26.2,0,BELÉM/PA,BREVES/PA,,2.36,atrasado
710529470,2026-10-02T05:17:13.810050+00:00,-1.23864,-48.6318,610.2,26.3,26.3,0,BELÉM/PA,BREVES/PA,,2.36,atrasado
710529470,2026-10-02T05:17:15.424034+00:00,-1.2365,-48.63074,610.2,26.6,26.6,0,BELÉM/PA,BREVES/PA,,2.36,atrasado
710529470,2026-10-02T05:17:17.080519+00:00,-1.2343,-48.62964,610.2,26.9,26.9,0,BELÉM/PA,BREVES/PA,,2.36,atrasado
710529470,2026-10-02T05:17:18.785563+00:00,-1.23205,-48.6285,610.2,27.0,27.0,0,BELÉM/PA,BREVES/PA,,2.36,atrasado
710529470,2026-10-02T05:17:20.547328+00:00,-1.22972,-48.62731,610.2,27.1,27.1,0,BELÉM/PA,BREVES/PA,,2.36,atrasado
710529470,2026-10-02T05:17:22.268140+00:00,-1.22745,-48.62615,610.2,27.5,27.5,0,BELÉM/PA,BREVES/PA,,2.36,atrasado
710529470,2026-10-02T05:17:24.059876+00:00,-1.22509,-48.62492,610.2,27.3,27.3,0,BELÉM/PA,BREVES/PA,,2.36,atrasado
710529470,2026-10-02T05:17:25.940328+00:00,-1.22261,-48.62364,610.2,27.8,27.8,0,BELÉM/PA,BREVES/PA,,2.36,atrasado
710529470,2026-10-02T05:17:27.938483+00:00,-1.21999,-48.62226,610.2,27.8,27.8,0,BELÉM/PA,BREVES/PA,,2.36,atrasado
710529470,2026-10-02T05:17:32.118071+00:00,-1.21451,-48.61937,610.2,27.9,27.9,0,BELÉM/PA,BREVES/PA,,2.36,atrasado
710529470,2026-10-02T05:17:39.005303+00:00,-1.20548,-48.61458,610.2,27.9,27.9,0,BELÉM/PA,BREVES/PA,,2.36,atrasado
710529470,2026-10-02T05:17:39.783684+00:00,-1.20446,-48.61404,610.2,27.9,27.9,0,BELÉM/PA,BREVES/PA,,2.36,atrasado
710529470,2026-10-02T05:17:40.578300+00:00,-1.20342,-48.61349,610.2,27.3,27.3,0,BELÉM/PA,BREVES/PA,,2.36,atrasado
710529470,2026-10-02T05:17:42.222006+00:00,-1.20125,-48.61237,610.2,27.2,27.2,0,BELÉM/PA,BREVES/PA,,2.36,atrasado
710529470,2026-10-02T05:17:43.951836+00:00,-1.19897,-48.6112,610.2,26.7,26.7,0,BELÉM/PA,BREVES/PA,,2.36,atrasado
710529470,2026-10-02T05:17:45.795584+00:00,-1.19653,-48.60997,610.2,26.6,26.6,0,BELÉM/PA,BREVES/PA,,2.36,atrasado
710529470,2026-10-02T05:17:47.586548+00:00,-1.19415,-48.60878,610.2,26.6,26.6,0,BELÉM/PA,BREVES/PA,,2.36,atrasado
710529470,2026-10-02T05:17:49.574706+00:00,-1.19151,-48.60746,610.2,26.2,26.2,0,BELÉM/PA,BREVES/PA,,2.36,atrasado
710529470,2026-10-02T05:17:51.605391+00:00,-1.18881,-48.60613,610.2,26.2,26.2,0,BELÉM/PA,BREVES/PA,,2.36,atrasado
710529470,2026-10-02T05:17:57.152353+00:00,-1.18143,-48.60249,610.2,26.4,26.4,0,BELÉM/PA,BREVES/PA,,2.36,atrasado
710529470,2026-10-02T05:17:58.837802+00:00,-1.17919,-48.60138,610.2,26.4,26.4,0,BELÉM/PA,BREVES/PA,,2.36,atrasado
710529470,2026-10-02T05:18:00.351383+00:00,-1.17718,-48.60038,610.2,26.7,26.7,0,BELÉM/PA,BREVES/PA,,2.36,atrasado
710529470,2026-10-02T05:18:02.082349+00:00,-1.17489,-48.59923,610.2,26.8,26.8,0,BELÉM/PA,BREVES/PA,,2.36,atrasado
710529470,2026-10-02T05:18:03.698456+00:00,-1.17275,-48.59815,610.2,27.0,27.0,0,BELÉM/PA,BREVES/PA,,2.36,atrasado
710529470,2026-10-02T05:18:05.230783+00:00,-1.17073,-48.59712,610.2,27.3,27.3,0,BELÉM/PA,BREVES/PA,,2.36,atrasado
710529470,2026-10-02T05:18:06.696247+00:00,-1.16879,-48.59612,610.2,27.7,27.7,0,BELÉM/PA,BREVES/PA,,2.36,atrasado
710529470,2026-10-02T05:18:07.584318+00:00,-1.16763,-48.59551,610.2,27.8,27.8,0,BELÉM/PA,BREVES/PA,,2.36,atrasado
710529470,2026-10-02T05:18:08.452537+00:00,-1.16649,-48.59491,610.2,27.8,27.8,0,BELÉM/PA,BREVES/PA,,2.36,atrasado
710529470,2026-10-02T05:18:09.303928+00:00,-1.16537,-48.59432,610.2,28.0,28.0,0,BELÉM/PA,BREVES/PA,,2.36,atrasado
710529470,2026-10-02T05:18:10.138817+00:00,-1.16428,-48.59374,610.2,28.5,28.5,0,BELÉM/PA,BREVES/PA,,2.36,atrasado
710529470,2026-10-02T05:18:10.959000+00:00,-1.16321,-48.59316,610.2,28.5,28.5,0,BELÉM/PA,BREVES/PA,,2.36,atrasado
710529470,2026-10-02T05:18:11.765719+00:00,-1.16216,-48.59259,610.2,28.7,28.7,0,BELÉM/PA,BREVES/PA,,2.36,atrasado
710529470,2026-10-02T05:18:12.559258+00:00,-1.16112,-48.59202,610.2,29.0,29.0,0,BELÉM/PA,BREVES/PA,,2.36,atrasado
710529470,2026-10-02T05:18:13.340866+00:00,-1.16011,-48.59146,610.2,29.2,29.2,0,BELÉM/PA,BREVES/PA,,2.36,atrasado
710529470,2026-10-02T05:18:14.112655+00:00,-1.15911,-48.5909,610.2,29.7,29.7,0,BELÉM/PA,BREVES/PA,,2.36,atrasado
710529470,2026-10-02T05:18:14.874306+00:00,-1.15813,-48.59034,610.2,29.5,29.5,0,BELÉM/PA,BREVES/PA,,2.36,atrasado
710529470,2026-10-02T05:18:15.624989+00:00,-1.15716,-48.58979,610.2,30.1,30.1,0,BELÉM/PA,BREVES/PA,,2.36,atrasado
710529470,2026-10-02T05:18:16.366815+00:00,-1.15621,-48.58924,610.2,29.9,29.9,0,BELÉM/PA,BREVES/PA,,2.36,atrasado
710529470,2026-10-02T05:18:17.100043+00:00,-1.15527,-48.5887,610.2,30.6,30.6,0,BELÉM/PA,BREVES/PA,,2.36,atrasado
710529470,2026-10-02T05:18:17.823863+00:00,-1.15434,-48.58815,610.2,30.7,30.7,0,BELÉM/PA,BREVES/PA,,2.36,atrasado
710529470,2026-10-02T05:18:18.540033+00:00,-1.15343,-48.58761,610.2,31.0,31.0,0,BELÉM/PA,BREVES/PA,,2.36,atrasado
710529470,2026-10-02T05:18:19.248335+00:00,-1.15253,-48.58707,610.2,31.5,31.5,0,BELÉM/PA,BREVES/PA,,2.36,atrasado
710529470,2026-10-02T05:18:20.082799+00:00,-1.15147,-48.58642,610.2,31.6,31.6,0,BELÉM/PA,BREVES/PA,,2.36,atrasado
710529470,2026-10-02T05:18:20.906214+00:00,-1.15043,-48.58578,610.2,32.1,32.1,0,BELÉM/PA,BREVES/PA,,2.36,atrasado
710529470,2026-10-02T05:18:21.720684+00:00,-1.14941,-48.58514,610.2,32.4,32.4,0,BELÉM/PA,BREVES/PA,,2.36,atrasado
710529470,2026-10-02T05:18:22.526030+00:00,-1.1484,-48.5845,610.2,32.9,32.9,0,BELÉM/PA,BREVES/PA,,2.36,atrasado
710529470,2026-10-02T05:18:23.322495+00:00,-1.14741,-48.58386,610.2,33.1,33.1,0,BELÉM/PA,BREVES/PA,,2.36,atrasado
710529470,2026-10-02T05:18:24.110109+00:00,-1.14643,-48.58322,610.2,33.7,33.7,0,BELÉM/PA,BREVES/PA,,2.36,atrasado
710529470,2026-10-02T05:18:24.890211+00:00,-1.14547,-48.58258,610.2,34.0,34.0,0,BELÉM/PA,BREVES/PA,,2.36,atrasado
710529470,2026-10-02T05:18:25.662465+00:00,-1.14452,-48.58194,610.2,34.2,34.2,0,BELÉM/PA,BREVES/PA,,2.36,atrasado
710529470,2026-10-02T05:18:26.427290+00:00,-1.14358,-48.5813,610.2,34.8,34.8,0,BELÉM/PA,BREVES/PA,,2.36,atrasado
710529470,2026-10-02T05:18:27.185453+00:00,-1.14266,-48.58066,610.2,35.5,35.5,0,BELÉM/PA,BREVES/PA,,2.36,atrasado
710529470,2026-10-02T05:18:27.936267+00:00,-1.14175,-48.58001,610.2,35.4,35.4,0,BELÉM/PA,BREVES/PA,,2.36,atrasado
710529470,2026-10-02T05:18:28.680329+00:00,-1.14085,-48.57937,610.2,35.7,35.7,0,BELÉM/PA,BREVES/PA,,2.36,atrasado
710529470,2026-10-02T05:18:29.418078+00:00,-1.13996,-48.57873,610.2,36.8,36.8,0,BELÉM/PA,BREVES/PA,,2.36,atrasado
710529470,2026-10-02T05:18:30.149707+00:00,-1.13909,-48.57808,610.2,37.1,37.1,0,BELÉM/PA,BREVES/PA,,2.36,atrasado
710529470,2026-10-02T05:18:30.875256+00:00,-1.13823,-48.57743,610.2,37.7,37.7,0,BELÉM/PA,BREVES/PA,,2.36,atrasado
710529470,2026-10-02T05:18:31.595174+00:00,-1.13739,-48.57678,610.2,37.3,37.3,0,BELÉM/PA,BREVES/PA,,2.36,atrasado
710529470,2026-10-02T05:18:31.953614+00:00,-1.13697,-48.57646,610.2,38.2,38.2,0,BELÉM/PA,BREVES/PA,,2.36,atrasado
710529470,2026-10-02T05:18:32.310458+00:00,-1.13655,-48.57613,610.2,37.3,37.3,0,BELÉM/PA,BREVES/PA,,2.36,atrasado
710529470,2026-10-02T05:18:32.666657+00:00,-1.13613,-48.57581,610.2,38.8,38.8,0,BELÉM/PA,BREVES/PA,,2.36,atrasado
710529470,2026-10-02T05:18:33.020742+00:00,-1.13572,-48.57548,610.2,38.8,38.8,0,BELÉM/PA,BREVES/PA,,2.36,atrasado
710529470,2026-10-02T05:18:33.373247+00:00,-1.13531,-48.57515,610.2,39.5,39.5,0,BELÉM/PA,BREVES/PA,,2.36,atrasado
710529470,2026-10-02T05:18:33.725547+00:00,-1.13491,-48.57482,610.2,39.5,39.5,0,BELÉM/PA,BREVES/PA,,2.36,atrasado
710529470,2026-10-02T05:18:34.075852+00:00,-1.13451,-48.57449,610.2,38.7,38.7,0,BELÉM/PA,BREVES/PA,,2.36,atrasado
710529470,2026-10-02T05:18:34.424498+00:00,-1.13411,-48.57417,610.2,39.5,39.5,0,BELÉM/PA,BREVES/PA,,2.36,atrasado
710529470,2026-10-02T05:18:34.773054+00:00,-1.13371,-48.57384,610.2,40.4,40.4,0,BELÉM/PA,BREVES/PA,,2.36,atrasado
710529470,2026-10-02T05:18:35.119971+00:00,-1.13331,-48.5735,610.2,40.2,40.2,0,BELÉM/PA,BREVES/PA,,2.36,atrasado
710529470,2026-10-02T05:18:35.465341+00:00,-1.13292,-48.57317,610.2,40.2,40.2,0,BELÉM/PA,BREVES/PA,,2.36,atrasado
710529470,2026-10-02T05:18:35.809684+00:00,-1.13253,-48.57284,610.2,41.0,41.0,0,BELÉM/PA,BREVES/PA,,2.36,atrasado
710529470,2026-10-02T05:18:36.153367+00:00,-1.13215,-48.57251,610.2,40.2,40.2,0,BELÉM/PA,BREVES/PA,,2.36,atrasado
710529470,2026-10-02T05:18:36.495521+00:00,-1.13176,-48.57218,610.2,41.8,41.8,0,BELÉM/PA,BREVES/PA,,2.36,atrasado
710529470,2026-10-02T05:18:36.836659+00:00,-1.13138,-48.57184,610.2,41.7,41.7,0,BELÉM/PA,BREVES/PA,,2.36,atrasado
710529470,2026-10-02T05:18:37.176217+00:00,-1.13101,-48.57151,610.2,41.8,41.8,0,BELÉM/PA,BREVES/PA,,2.36,atrasado
710529470,2026-10-02T05:18:37.515719+00:00,-1.13063,-48.57117,610.2,41.7,41.7,0,BELÉM/PA,BREVES/PA,,2.36,atrasado
710529470,2026-10-02T05:18:37.853664+00:00,-1.13026,-48.57084,610.2,42.6,42.6,0,BELÉM/PA,BREVES/PA,,2.36,atrasado
710529470,2026-10-02T05:18:38.190608+00:00,-1.12989,-48.5705,610.2,41.7,41.7,0,BELÉM/PA,BREVES/PA,,2.36,atrasado
710529470,2026-10-02T05:18:38.526514+00:00,-1.12952,-48.57017,610.2,43.4,43.4,0,BELÉM/PA,BREVES/PA,,2.36,atrasado
710529470,2026-10-02T05:18:38.861391+00:00,-1.12916,-48.56983,610.2,43.4,43.4,0,BELÉM/PA,BREVES/PA,,2.36,atrasado
710529470,2026-10-02T05:18:39.195280+00:00,-1.1288,-48.56949,610.2,43.4,43.4,0,BELÉM/PA,BREVES/PA,,2.36,atrasado
710529470,2026-10-02T05:18:39.528620+00:00,-1.12844,-48.56915,610.2,43.4,43.4,0,BELÉM/PA,BREVES/PA,,2.36,atrasado
710529470,2026-10-02T05:18:39.860982+00:00,-1.12808,-48.56881,610.2,44.2,44.2,0,BELÉM/PA,BREVES/PA,,2.36,atrasado
710529470,2026-10-02T05:18:40.191882+00:00,-1.12773,-48.56847,610.2,44.2,44.2,0,BELÉM/PA,BREVES/PA,,2.36,atrasado
710529470,2026-10-02T05:18:40.522265+00:00,-1.12738,-48.56813,610.2,44.2,44.2,0,BELÉM/PA,BREVES/PA,,2.36,atrasado
710529470,2026-10-02T05:18:40.851684+00:00,-1.12703,-48.56779,610.2,45.0,45.0,0,BELÉM/PA,BREVES/PA,,2.36,atrasado
710529470,2026-10-02T05:18:41.180614+00:00,-1.12668,-48.56744,610.2,45.0,45.0,0,BELÉM/PA,BREVES/PA,,2.36,atrasado
710529470,2026-10-02T05:18:41.508109+00:00,-1.12634,-48.5671,610.2,45.8,45.8,0,BELÉM/PA,BREVES/PA,,2.36,atrasado
710529470,2026-10-02T05:18:41.835132+00:00,-1.126,-48.56675,610.2,45.0,45.0,0,BELÉM/PA,BREVES/PA,,2.36,atrasado
710529470,2026-10-02T05:18:42.161208+00:00,-1.12566,-48.56641,610.2,45.8,45.8,0,BELÉM/PA,BREVES/PA,,2.36,atrasado
710529470,2026-10-02T05:18:42.486353+00:00,-1.12532,-48.56606,610.2,46.4,46.4,0,BELÉM/PA,BREVES/PA,,2.36,atrasado
710529470,2026-10-02T05:18:43.280235+00:00,-1.12451,-48.56521,610.2,46.4,46.4,0,BELÉM/PA,BREVES/PA,,2.36,atrasado
710529470,2026-10-02T05:18:44.074719+00:00,-1.1237,-48.56436,610.2,47.0,47.0,0,BELÉM/PA,BREVES/PA,,2.36,atrasado
710529470,2026-10-02T05:18:44.869381+00:00,-1.12289,-48.56349,610.2,47.1,47.1,0,BELÉM/PA,BREVES/PA,,2.36,atrasado
710529470,2026-10-02T05:18:45.663766+00:00,-1.12209,-48.56263,610.2,48.1,48.1,0,BELÉM/PA,BREVES/PA,,2.36,atrasado
710529470,2026-10-02T05:18:46.457908+00:00,-1.1213,-48.56175,610.2,47.8,47.8,0,BELÉM/PA,BREVES/PA,,2.36,atrasado
710529470,2026-10-02T05:18:47.253296+00:00,-1.12051,-48.56088,610.2,49.1,49.1,0,BELÉM/PA,BREVES/PA,,2.36,atrasado
710529470,2026-10-02T05:18:47.651072+00:00,-1.12012,-48.56043,610.2,48.4,48.4,0,BELÉM/PA,BREVES/PA,,2.36,atrasado
710529470,2026-10-02T05:18:48.048963+00:00,-1.11973,-48.55999,610.2,49.1,49.1,0,BELÉM/PA,BREVES/PA,,2.36,atrasado
710529470,2026-10-02T05:18:48.844554+00:00,-1.11896,-48.5591,610.2,49.1,49.1,0,BELÉM/PA,BREVES/PA,,2.36,atrasado
710529470,2026-10-02T05:18:49.640927+00:00,-1.11819,-48.55821,610.2,49.8,49.8,0,BELÉM/PA,BREVES/PA,,2.36,atrasado
710529470,2026-10-02T05:18:50.437821+00:00,-1.11742,-48.5573,610.2,49.8,49.8,0,BELÉM/PA,BREVES/PA,,2.36,atrasado
710529470,2026-10-02T05:18:51.235123+00:00,-1.11666,-48.5564,610.2,50.5,50.5,0,BELÉM/PA,BREVES/PA,,2.36,atrasado
710529470,2026-10-02T05:18:52.032430+00:00,-1.11591,-48.55549,610.2,50.8,50.8,0,BELÉM/PA,BREVES/PA,,2.36,atrasado
710529470,2026-10-02T05:18:52.831248+00:00,-1.11516,-48.55457,610.2,51.5,51.5,0,BELÉM/PA,BREVES/PA,,2.36,atrasado
710529470,2026-10-02T05:18:53.630145+00:00,-1.11442,-48.55364,610.2,51.5,51.5,0,BELÉM/PA,BREVES/PA,,2.36,atrasado
710529470,2026-10-02T05:18:54.429153+00:00,-1.11368,-48.55271,610.2,51.9,51.9,0,BELÉM/PA,BREVES/PA,,2.36,atrasado
710529470,2026-10-02T05:18:55.229785+00:00,-1.11295,-48.55178,610.2,52.5,52.5,0,BELÉM/PA,BREVES/PA,,2.36,atrasado
710529470,2026-10-02T05:18:55.629599+00:00,-1.11259,-48.55131,610.2,52.5,52.5,0,BELÉM/PA,BREVES/PA,,2.36,atrasado
710529470,2026-10-02T05:18:56.030603+00:00,-1.11223,-48.55084,610.2,52.8,52.8,0,BELÉM/PA,BREVES/PA,,2.36,atrasado
710529470,2026-10-02T05:18:56.832173+00:00,-1.11151,-48.54989,610.2,52.5,52.5,0,BELÉM/PA,BREVES/PA,,2.36,atrasado
710529470,2026-10-02T05:18:57.233155+00:00,-1.11115,-48.54942,610.2,53.1,53.1,0,BELÉM/PA,BREVES/PA,,2.36,atrasado
710529470,2026-10-02T05:18:57.634405+00:00,-1.11079,-48.54894,610.2,53.9,53.9,0,BELÉM/PA,BREVES/PA,,2.36,atrasado
710529470,2026-10-02T05:18:58.437463+00:00,-1.11009,-48.54798,610.2,53.9,53.9,0,BELÉM/PA,BREVES/PA,,2.36,atrasado
710529470,2026-10-02T05:18:59.241389+00:00,-1.10939,-48.54702,610.2,54.2,54.2,0,BELÉM/PA,BREVES/PA,,2.36,atrasado
710529470,2026-10-02T05:19:00.046069+00:00,-1.10869,-48.54605,610.2,54.8,54.8,0,BELÉM/PA,BREVES/PA,,2.36,atrasado
710529470,2026-10-02T05:19:00.852629+00:00,-1.108,-48.54507,610.2,54.8,54.8,0,BELÉM/PA,BREVES/PA,,2.36,atrasado
710529470,2026-10-02T05:19:01.659229+00:00,-1.10731,-48.54409,610.2,55.5,55.5,0,BELÉM/PA,BREVES/PA,,2.36,atrasado
710529470,2026-10-02T05:19:02.466676+00:00,-1.10663,-48.5431,610.2,55.9,55.9,0,BELÉM/PA,BREVES/PA,,2.36,atrasado
710529470,2026-10-02T05:19:03.275732+00:00,-1.10596,-48.54211,610.2,55.8,55.8,0,BELÉM/PA,BREVES/PA,,2.36,atrasado
710529470,2026-10-02T05:19:03.680720+00:00,-1.10562,-48.54161,610.2,56.6,56.6,0,BELÉM/PA,BREVES/PA,,2.36,atrasado
710529470,2026-10-02T05:19:04.085141+00:00,-1.10529,-48.54111,610.2,56.2,56.2,0,BELÉM/PA,BREVES/PA,,2.36,atrasado
710529470,2026-10-02T05:19:04.896232+00:00,-1.10462,-48.54011,610.2,57.2,57.2,0,BELÉM/PA,BREVES/PA,,2.36,atrasado
710529470,2026-10-02T05:19:05.708857+00:00,-1.10397,-48.5391,610.2,57.2,57.2,0,BELÉM/PA,BREVES/PA,,2.36,atrasado
710529470,2026-10-02T05:19:06.522114+00:00,-1.10332,-48.53809,610.2,57.7,57.7,0,BELÉM/PA,BREVES/PA,,2.36,atrasado
710529470,2026-10-02T05:19:07.336036+00:00,-1.10267,-48.53706,610.2,57.9,57.9,0,BELÉM/PA,BREVES/PA,,2.36,atrasado
710529470,2026-10-02T05:19:07.743991+00:00,-1.10235,-48.53655,610.2,57.9,57.9,0,BELÉM/PA,BREVES/PA,,2.36,atrasado
710529470,2026-10-02T05:19:08.151804+00:00,-1.10203,-48.53604,610.2,58.1,58.1,0,BELÉM/PA,BREVES/PA,,2.36,atrasado
710529470,2026-10-02T05:19:08.968660+00:00,-1.10139,-48.53501,610.2,58.8,58.8,0,BELÉM/PA,BREVES/PA,,2.36,atrasado
710529470,2026-10-02T05:19:09.787210+00:00,-1.10076,-48.53397,610.2,59.2,59.2,0,BELÉM/PA,BREVES/PA,,2.36,atrasado
710529470,2026-10-02T05:19:10.196595+00:00,-1.10045,-48.53345,610.2,59.7,59.7,0,BELÉM/PA,BREVES/PA,,2.36,atrasado
710529470,2026-10-02T05:19:10.606213+00:00,-1.10014,-48.53292,610.2,59.2,59.2,0,BELÉM/PA,BREVES/PA,,2.36,atrasado
710529470,2026-10-02T05:19:11.426973+00:00,-1.09952,-48.53188,610.2,60.1,60.1,0,BELÉM/PA,BREVES/PA,,2.36,atrasado
710529470,2026-10-02T05:19:12.249522+00:00,-1.09891,-48.53082,610.2,60.1,60.1,0,BELÉM/PA,BREVES/PA,,2.36,atrasado
710529470,2026-10-02T05:19:13.073219+00:00,-1.0983,-48.52976,610.2,60.7,60.7,0,BELÉM/PA,BREVES/PA,,2.36,atrasado
710529470,2026-10-02T05:19:13.898515+00:00,-1.0977,-48.52869,610.2,61.1,61.1,0,BELÉM/PA,BREVES/PA,,2.36,atrasado
710529470,2026-10-02T05:19:14.725034+00:00,-1.09711,-48.52762,610.2,61.3,61.3,0,BELÉM/PA,BREVES/PA,,2.36,atrasado
710529470,2026-10-02T05:19:15.553468+00:00,-1.09652,-48.52654,610.2,61.3,61.3,0,BELÉM/PA,BREVES/PA,,2.36,atrasado
710529470,2026-10-02T05:19:16.382932+00:00,-1.09593,-48.52546,610.2,62.0,62.0,0,BELÉM/PA,BREVES/PA,,2.36,atrasado
710529470,2026-10-02T05:19:17.214371+00:00,-1.09535,-48.52437,610.2,62.4,62.4,0,BELÉM/PA,BREVES/PA,,2.36,atrasado
710529470,2026-10-02T05:19:18.047499+00:00,-1.09478,-48.52328,610.2,62.6,62.6,0,BELÉM/PA,BREVES/PA,,2.36,atrasado
710529470,2026-10-02T05:19:18.881753+00:00,-1.09421,-48.52218,610.2,63.2,63.2,0,BELÉM/PA,BREVES/PA,,2.36,atrasado
710529470,2026-10-02T05:19:19.718072+00:00,-1.09365,-48.52107,610.2,63.6,63.6,0,BELÉM/PA,BREVES/PA,,2.36,atrasado
710529470,2026-10-02T05:19:20.556181+00:00,-1.0931,-48.51996,610.2,63.8,63.8,0,BELÉM/PA,BREVES/PA,,2.36,atrasado
710529470,2026-10-02T05:19:21.396116+00:00,-1.09255,-48.51884,610.2,63.8,63.8,0,BELÉM/PA,BREVES/PA,,2.36,atrasado
710529470,2026-10-02T05:19:22.237599+00:00,-1.092,-48.51772,610.2,64.5,64.5,0,BELÉM/PA,BREVES/PA,,2.36,atrasado
710529470,2026-10-02T05:19:23.080972+00:00,-1.09146,-48.51659,610.2,64.9,64.9,0,BELÉM/PA,BREVES/PA,,2.36,atrasado
710529470,2026-10-02T05:19:23.925946+00:00,-1.09093,-48.51546,610.2,65.0,65.0,0,BELÉM/PA,BREVES/PA,,2.36,atrasado
710529470,2026-10-02T05:19:24.349693+00:00,-1.09066,-48.51488,610.2,65.5,65.5,0,BELÉM/PA,BREVES/PA,,2.36,atrasado
710529470,2026-10-02T05:19:24.773485+00:00,-1.0904,-48.51431,610.2,65.5,65.5,0,BELÉM/PA,BREVES/PA,,2.36,atrasado
710529470,2026-10-02T05:19:25.622399+00:00,-1.08988,-48.51317,610.2,65.7,65.7,0,BELÉM/PA,BREVES/PA,,2.36,atrasado
710529470,2026-10-02T05:19:26.472993+00:00,-1.08936,-48.51202,610.2,66.3,66.3,0,BELÉM/PA,BREVES/PA,,2.36,atrasado
710529470,2026-10-02T05:19:27.326253+00:00,-1.08885,-48.51086,610.2,66.3,66.3,0,BELÉM/PA,BREVES/PA,,2.36,atrasado
710529470,2026-10-02T05:19:28.180978+00:00,-1.08834,-48.5097,610.2,66.9,66.9,0,BELÉM/PA,BREVES/PA,,2.36,atrasado
710529470,2026-10-02T05:19:29.037463+00:00,-1.08784,-48.50853,610.2,67.4,67.4,0,BELÉM/PA,BREVES/PA,,2.36,atrasado
710529470,2026-10-02T05:19:29.896712+00:00,-1.08735,-48.50735,610.2,67.9,67.9,0,BELÉM/PA,BREVES/PA,,2.36,atrasado
710529470,2026-10-02T05:19:30.326749+00:00,-1.08711,-48.50676,610.2,67.0,67.0,0,BELÉM/PA,BREVES/PA,,2.36,atrasado
710529470,2026-10-02T05:19:30.757773+00:00,-1.08686,-48.50617,610.2,67.9,67.9,0,BELÉM/PA,BREVES/PA,,2.36,atrasado
710529470,2026-10-02T05:19:31.621038+00:00,-1.08638,-48.50499,610.2,68.0,68.0,0,BELÉM/PA,BREVES/PA,,2.36,atrasado
710529470,2026-10-02T05:19:32.485913+00:00,-1.0859,-48.5038,610.2,68.6,68.6,0,BELÉM/PA,BREVES/PA,,2.36,atrasado
710529470,2026-10-02T05:19:33.353053+00:00,-1.08543,-48.5026,610.2,68.6,68.6,0,BELÉM/PA,BREVES/PA,,2.36,atrasado
710529470,2026-10-02T05:19:34.222736+00:00,-1.08496,-48.5014,610.2,69.2,69.2,0,BELÉM/PA,BREVES/PA,,2.36,atrasado
710529470,2026-10-02T06:05:29.554174+00:00,-1.0845,-48.50019,0.0,0.0,0.0,5,BELÉM/PA,BREVES/PA,BREVES/PA,2.36,atrasado
710529470,2026-10-02T07:06:15.875354+00:00,-1.0845,-48.50019,0.0,0.0,0.0,5,BELÉM/PA,BREVES/PA,BREVES/PA,2.36,atrasado
710529470,2026-10-02T08:07:02.196535+00:00,-1.0845,-48.50019,0.0,0.0,0.0,5,BELÉM/PA,BREVES/PA,BREVES/PA,2.36,atrasado
710529470,2026-10-02T09:07:48.517716+00:00,-1.0845,-48.50019,0.0,0.0,0.0,5,BELÉM/PA,BREVES/PA,BREVES/PA,2.36,atrasado
710529470,2026-10-02T10:08:34.838897+00:00,-1.0845,-48.50019,0.0,0.0,0.0,5,BELÉM/PA,BREVES/PA,BREVES/PA,2.36,atrasado
710529470,2026-10-02T11:09:21.160078+00:00,-1.0845,-48.50019,0.0,180.7,180.7,5,BELÉM/PA,BREVES/PA,BREVES/PA,2.36,atrasado
710529470,2026-10-02T11:49:15.363167+00:00,-1.44549,-48.50439,0.0,0.7,0.7,5,BREVES/PA,BELÉM/PA,BELÉM/PA,3.04,atrasado
710529470,2026-10-02T12:10:07.481259+00:00,-1.0845,-48.50019,418.9,179.4,179.4,0,BREVES/PA,BELÉM/PA,,3.04,atrasado
710529470,2026-10-02T12:11:10.305991+00:00,-1.14847,-48.49952,418.9,173.9,173.9,0,BREVES/PA,BELÉM/PA,,3.04,atrasado
710529470,2026-10-02T12:11:24.892991+00:00,-1.16323,-48.49793,418.9,161.2,161.2,0,BREVES/PA,BELÉM/PA,,3.04,atrasado
710529470,2026-10-02T12:11:49.973442+00:00,-1.18741,-48.48972,418.9,174.0,174.0,0,BREVES/PA,BELÉM/PA,,3.04,atrasado
710529470,2026-10-02T12:12:11.058472+00:00,-1.20877,-48.48749,418.9,179.2,179.2,0,BREVES/PA,BELÉM/PA,,3.04,atrasado
710529470,2026-10-02T12:12:33.572264+00:00,-1.23169,-48.48715,418.9,194.7,194.7,0,BREVES/PA,BELÉM/PA,,3.04,atrasado
710529470,2026-10-02T12:12:59.075656+00:00,-1.25681,-48.49372,418.9,184.0,184.0,0,BREVES/PA,BELÉM/PA,,3.04,atrasado
710529470,2026-10-02T12:13:29.809653+00:00,-1.28802,-48.49591,418.9,185.0,185.0,0,BREVES/PA,BELÉM/PA,,3.04,atrasado
710529470,2026-10-02T12:13:49.006903+00:00,-1.3075,-48.49762,418.9,171.7,171.7,0,BREVES/PA,BELÉM/PA,,3.04,atrasado
710529470,2026-10-02T12:14:12.210032+00:00,-1.33087,-48.4942,418.9,168.2,168.2,0,BREVES/PA,BELÉM/PA,,3.04,atrasado
710529470,2026-10-02T12:14:26.294646+00:00,-1.34491,-48.49127,418.9,178.0,178.0,0,BREVES/PA,BELÉM/PA,,3.04,atrasado
710529470,2026-10-02T12:14:36.731444+00:00,-1.35553,-48.4909,418.9,180.0,180.0,0,BREVES/PA,BELÉM/PA,,3.04,atrasado
710529470,2026-10-02T12:14:48.181542+00:00,-1.36719,-48.4909,418.9,200.2,200.2,0,BREVES/PA,BELÉM/PA,,3.04,atrasado
710529470,2026-10-02T12:15:02.936340+00:00,-1.38129,-48.49609,418.9,191.9,191.9,0,BREVES/PA,BELÉM/PA,,3.04,atrasado
710529470,2026-10-02T12:15:13.411935+00:00,-1.39172,-48.49829,418.9,183.4,183.4,0,BREVES/PA,BELÉM/PA,,3.04,atrasado
710529470,2026-10-02T12:15:28.545331+00:00,-1.4071,-48.49921,418.9,179.5,179.5,0,BREVES/PA,BELÉM/PA,,3.04,atrasado
710529470,2026-10-02T12:15:43.952061+00:00,-1.42279,-48.49908,418.9,178.8,178.8,0,BREVES/PA,BELÉM/PA,,3.04,atrasado
710529470,2026-10-02T12:15:52.107006+00:00,-1.43109,-48.4989,418.9,194.6,194.6,0,BREVES/PA,BELÉM/PA,,3.04,atrasado
710529470,2026-10-02T12:16:03.069459+00:00,-1.44189,-48.50171,418.9,216.7,216.7,0,BREVES/PA,BELÉM/PA,,3.04,atrasado
710529470,2026-10-02T12:54:14.723166+00:00,-1.44549,-48.50439,0.0,0.0,0.0,5,BREVES/PA,BELÉM/PA,BELÉM/PA,3.04,atrasado
710529470,2026-10-02T13:59:14.083165+00:00,-1.44549,-48.50439,0.0,0.0,0.0,5,BREVES/PA,BELÉM/PA,BELÉM/PA,3.04,atrasado
710529470,2026-10-02T15:04:13.443164+00:00,-1.44549,-48.50439,0.0,0.0,0.0,5,BREVES/PA,BELÉM/PA,BELÉM/PA,3.04,atrasado
710529470,2026-10-02T16:09:12.803163+00:00,-1.44549,-48.50439,0.0,260.2,260.2,5,BREVES/PA,BELÉM/PA,BELÉM/PA,3.04,atrasado
710529470,2026-10-02T17:14:12.163162+00:00,-3.1376,-58.48359,8.2,90.6,90.6,0,ITACOATIARA/AM,MANAUS/AM,,2.9,atrasado
710529470,2026-10-02T17:20:50.728577+00:00,-3.13768,-58.47565,8.2,109.3,109.3,0,ITACOATIARA/AM,MANAUS/AM,,2.9,atrasado
710529470,2026-10-02T17:31:20.357730+00:00,-3.14182,-58.46381,8.2,124.7,124.7,0,ITACOATIARA/AM,MANAUS/AM,,2.9,atrasado
710529470,2026-10-02T17:40:23.195084+00:00,-3.14796,-58.45492,8.2,125.1,125.1,0,ITACOATIARA/AM,MANAUS/AM,,2.9,atrasado
710529470,2026-10-02T17:50:58.425632+00:00,-3.15522,-58.44456,8.2,104.0,104.0,0,ITACOATIARA/AM,MANAUS/AM,,2.9,atrasado
710529470,2026-10-02T17:53:38.229414+00:00,-3.15599,-58.44147,0.0,0.0,0.0,5,ITACOATIARA/AM,MANAUS/AM,MANAUS/AM,2.9,atrasado
710529470,2026-10-02T18:55:23.773134+00:00,-3.15599,-58.44147,0.0,0.0,0.0,5,ITACOATIARA/AM,MANAUS/AM,MANAUS/AM,2.9,atrasado
710529470,2026-10-02T19:57:09.316854+00:00,-3.15599,-58.44147,0.0,0.0,0.0,5,ITACOATIARA/AM,MANAUS/AM,MANAUS/AM,2.9,atrasado
710529470,2026-10-02T20:58:54.860574+00:00,-3.15599,-58.44147,0.0,0.0,0.0,5,ITACOATIARA/AM,MANAUS/AM,MANAUS/AM,2.9,atrasado
710529470,2026-10-02T22:00:40.404294+00:00,-3.15599,-58.44147,0.0,0.0,0.0,5,ITACOATIARA/AM,MANAUS/AM,MANAUS/AM,2.9,atrasado
710529470,2026-10-02T23:02:25.948014+00:00,-3.15599,-58.44147,11.8,104.2,104.2,0,PARINTINS/AM,ITACOATIARA/AM,,3.33,atrasado
710529470,2026-10-02T23:10:30.936765+00:00,-3.15941,-58.42795,11.8,90.2,90.2,0,PARINTINS/AM,ITACOATIARA/AM,,3.33,atrasado
710529470,2026-10-02T23:18:12.347367+00:00,-3.15946,-58.41469,11.8,71.1,71.1,0,PARINTINS/AM,ITACOATIARA/AM,,3.33,atrasado
710529470,2026-10-02T23:29:59.746233+00:00,-3.15289,-58.39544,11.8,61.5,61.5,0,PARINTINS/AM,ITACOATIARA/AM,,3.33,atrasado
710529470,2026-10-02T23:38:31.868612+00:00,-3.14587,-58.38251,11.8,64.2,64.2,0,PARINTINS/AM,ITACOATIARA/AM,,3.33,atrasado
710529470,2026-10-02T23:50:30.861824+00:00,-3.1369,-58.36389,11.8,50.5,50.5,0,PARINTINS/AM,ITACOATIARA/AM,,3.33,atrasado
710529470,2026-10-03T00:01:55.988545+00:00,-3.12439,-58.34869,11.8,61.9,61.9,0,PARINTINS/AM,ITACOATIARA/AM,,3.33,atrasado
710529470,2026-10-03T00:16:34.785171+00:00,-3.11249,-58.32641,11.8,69.6,69.6,0,PARINTINS/AM,ITACOATIARA/AM,,3.33,atrasado
710529470,2026-10-03T00:31:45.146652+00:00,-3.10339,-58.30188,11.8,68.0,68.0,0,PARINTINS/AM,ITACOATIARA/AM,,3.33,atrasado
710529470,2026-10-03T00:46:37.840175+00:00,-3.09381,-58.27808,11.8,75.8,75.8,0,PARINTINS/AM,ITACOATIARA/AM,,3.33,atrasado
710529470,2026-10-03T01:03:36.451241+00:00,-3.08661,-58.24969,11.8,63.1,63.1,0,PARINTINS/AM,ITACOATIARA/AM,,3.33,atrasado
710529470,2026-10-03T01:15:18.290872+00:00,-3.07751,-58.23169,11.8,47.4,47.4,0,PARINTINS/AM,ITACOATIARA/AM,,3.33,atrasado
710529470,2026-10-03T01:24:39.190499+00:00,-3.06661,-58.21982,0.0,0.0,0.0,5,PARINTINS/AM,ITACOATIARA/AM,ITACOATIARA/AM,3.33,atrasado
710529470,2026-10-03T02:34:15.296402+00:00,-3.06661,-58.21982,0.0,0.0,0.0,5,PARINTINS/AM,ITACOATIARA/AM,ITACOATIARA/AM,3.33,atrasado
710529470,2026-10-03T03:43:51.402305+00:00,-3.06661,-58.21982,0.0,0.0,0.0,5,PARINTINS/AM,ITACOATIARA/AM,ITACOATIARA/AM,3.33,atrasado
710529470,2026-10-03T04:53:27.508207+00:00,-3.06661,-58.21982,0.0,0.0,0.0,5,PARINTINS/AM,ITACOATIARA/AM,ITACOATIARA/AM,3.33,atrasado
710529470,2026-10-03T06:03:03.614110+00:00,-3.06661,-58.21982,0.0,0.0,0.0,5,PARINTINS/AM,ITACOATIARA/AM,ITACOATIARA/AM,3.33,atrasado
710529470,2026-10-03T07:12:39.720013+00:00,-3.06661,-58.21982,0.0,40.4,40.4,5,PARINTINS/AM,ITACOATIARA/AM,ITACOATIARA/AM,3.33,atrasado
710529470,2026-10-03T07:59:35.507120+00:00,-2.97141,-58.13872,0.0,220.4,220.4,5,PARINTINS/AM,ITACOATIARA/AM,ITACOATIARA/AM,3.35,atrasado
710529470,2026-10-03T08:22:15.825916+00:00,-3.06661,-58.21982,146.0,47.4,47.4,0,PARINTINS/AM,ITACOATIARA/AM,,3.35,atrasado
710529470,2026-10-03T08:22:27.865572+00:00,-3.06372,-58.21667,146.0,50.3,50.3,0,PARINTINS/AM,ITACOATIARA/AM,,3.35,atrasado
710529470,2026-10-03T08:23:29.267694+00:00,-3.0498,-58.19989,146.0,54.5,54.5,0,PARINTINS/AM,ITACOATIARA/AM,,3.35,atrasado
710529470,2026-10-03T08:24:20.158105+00:00,-3.03931,-58.18518,146.0,43.4,43.4,0,PARINTINS/AM,ITACOATIARA/AM,,3.35,atrasado
710529470,2026-10-03T08:25:11.110817+00:00,-3.02618,-58.17273,146.0,44.8,44.8,0,PARINTINS/AM,ITACOATIARA/AM,,3.35,atrasado
710529470,2026-10-03T08:26:09.826311+00:00,-3.01141,-58.15802,146.0,33.8,33.8,0,PARINTINS/AM,ITACOATIARA/AM,,3.35,atrasado
710529470,2026-10-03T08:26:57.044381+00:00,-2.9975,-58.14868,146.0,23.0,23.0,0,PARINTINS/AM,ITACOATIARA/AM,,3.35,atrasado
710529470,2026-10-03T08:27:35.347743+00:00,-2.98498,-58.14337,146.0,19.4,19.4,0,PARINTINS/AM,ITACOATIARA/AM,,3.35,atrasado
710529470,2026-10-03T08:28:14.192577+00:00,-2.97198,-58.13879,146.0,7.0,7.0,0,PARINTINS/AM,ITACOATIARA/AM,,3.35,atrasado
710529470,2026-10-03T09:03:46.764863+00:00,-2.97141,-58.13872,0.0,0.0,0.0,5,PARINTINS/AM,ITACOATIARA/AM,ITACOATIARA/AM,3.35,atrasado
710529470,2026-10-03T10:07:58.022607+00:00,-2.97141,-58.13872,0.0,0.0,0.0,5,PARINTINS/AM,ITACOATIARA/AM,ITACOATIARA/AM,3.35,atrasado
710529470,2026-10-03T11:12:09.280350+00:00,-2.97141,-58.13872,0.0,0.0,0.0,5,PARINTINS/AM,ITACOATIARA/AM,ITACOATIARA/AM,3.35,atrasado
710529470,2026-10-03T12:16:20.538094+00:00,-2.97141,-58.13872,0.0,0.0,0.0,5,PARINTINS/AM,ITACOATIARA/AM,ITACOATIARA/AM,3.35,atrasado
710529470,2026-10-03T13:20:31.795838+00:00,-2.97141,-58.13872,0.0,0.0,0.0,5,PARINTINS/AM,ITACOATIARA/AM,ITACOATIARA/AM,3.35,atrasado
710529470,2026-10-03T14:24:43.053581+00:00,-2.97141,-58.13872,0.0,0.0,0.0,5,PARINTINS/AM,ITACOATIARA/AM,ITACOATIARA/AM,3.35,atrasado
710529470,2026-10-03T15:28:54.311325+00:00,-2.97141,-58.13872,36.8,7.2,7.2,0,PARINTINS/AM,ITACOATIARA/AM,,3.65,atrasado
710529470,2026-10-03T15:30:53.084175+00:00,-2.96088,-58.13739,36.8,8.2,8.2,0,PARINTINS/AM,ITACOATIARA/AM,,3.65,atrasado
710529470,2026-10-03T15:35:12.454323+00:00,-2.93793,-58.13409,36.8,14.2,14.2,0,PARINTINS/AM,ITACOATIARA/AM,,3.65,atrasado
710529470,2026-10-03T15:39:57.780722+00:00,-2.91321,-58.12781,36.8,33.3,33.3,0,PARINTINS/AM,ITACOATIARA/AM,,3.65,atrasado
710529470,2026-10-03T15:42:28.099354+00:00,-2.90198,-58.12042,36.8,30.8,30.8,0,PARINTINS/AM,ITACOATIARA/AM,,3.65,atrasado
710529470,2026-10-03T15:46:13.100760+00:00,-2.8847,-58.11011,36.8,25.7,25.7,0,PARINTINS/AM,ITACOATIARA/AM,,3.65,atrasado
710529470,2026-10-03T15:48:58.290752+00:00,-2.8714,-58.1037,36.8,26.7,26.7,0,PARINTINS/AM,ITACOATIARA/AM,,3.65,atrasado
710529470,2026-10-03T15:51:42.535273+00:00,-2.85827,-58.0971,36.8,50.6,50.6,0,PARINTINS/AM,ITACOATIARA/AM,,3.65,atrasado
710529470,2026-10-03T15:55:15.353202+00:00,-2.84619,-58.0824,36.8,52.6,52.6,0,PARINTINS/AM,ITACOATIARA/AM,,3.65,atrasado
710529470,2026-10-03T15:58:57.792852+00:00,-2.83411,-58.06659,36.8,60.6,60.6,0,PARINTINS/AM,ITACOATIARA/AM,,3.65,atrasado
710529470,2026-10-03T16:03:47.356229+00:00,-2.82141,-58.044,36.8,74.9,74.9,0,PARINTINS/AM,ITACOATIARA/AM,,3.65,atrasado
710529470,2026-10-03T16:07:21.459605+00:00,-2.81641,-58.02551,36.8,81.5,81.5,0,PARINTINS/AM,ITACOATIARA/AM,,3.65,atrasado
710529470,2026-10-03T16:11:16.617931+00:00,-2.81329,-58.0047,36.8,85.8,85.8,0,PARINTINS/AM,ITACOATIARA/AM,,3.65,atrasado
710529470,2026-10-03T16:16:07.924571+00:00,-2.8114,-57.9787,36.8,69.1,69.1,0,PARINTINS/AM,ITACOATIARA/AM,,3.65,atrasado
710529470,2026-10-03T16:21:24.877890+00:00,-2.80127,-57.95221,36.8,57.9,57.9,0,PARINTINS/AM,ITACOATIARA/AM,,3.65,atrasado
710529470,2026-10-03T16:24:42.886028+00:00,-2.79187,-57.93719,36.8,49.3,49.3,0,PARINTINS/AM,ITACOATIARA/AM,,3.65,atrasado
710529470,2026-10-03T16:26:42.411332+00:00,-2.78491,-57.92908,36.8,37.9,37.9,0,PARINTINS/AM,ITACOATIARA/AM,,3.65,atrasado
710529470,2026-10-03T16:28:20.165199+00:00,-2.77801,-57.9237,36.8,31.6,31.6,0,PARINTINS/AM,ITACOATIARA/AM,,3.65,atrasado
710529470,2026-10-03T16:30:21.231623+00:00,-2.7688,-57.91803,36.8,43.2,43.2,0,PARINTINS/AM,ITACOATIARA/AM,,3.65,atrasado
710529470,2026-10-03T16:31:26.883425+00:00,-2.76452,-57.914,36.8,54.4,54.4,0,PARINTINS/AM,ITACOATIARA/AM,,3.65,atrasado
710529470,2026-10-03T16:32:23.117838+00:00,-2.76159,-57.90991,36.8,61.6,61.6,0,PARINTINS/AM,ITACOATIARA/AM,,3.65,atrasado
710529470,2026-10-03T16:33:10.440168+00:00,-2.75958,-57.90619,36.8,66.2,66.2,0,PARINTINS/AM,ITACOATIARA/AM,,3.65,atrasado
710529470,2026-10-03T16:34:19.768894+00:00,-2.75708,-57.90051,36.8,70.5,70.5,0,PARINTINS/AM,ITACOATIARA/AM,,3.65,atrasado
710529470,2026-10-03T16:35:55.984620+00:00,-2.75421,-57.89239,36.8,78.1,78.1,0,PARINTINS/AM,ITACOATIARA/AM,,3.65,atrasado
710529470,2026-10-03T16:38:01.471328+00:00,-2.75189,-57.88141,36.8,91.2,91.2,0,PARINTINS/AM,ITACOATIARA/AM,,3.65,atrasado
710529470,2026-10-03T16:39:35.617479+00:00,-2.75207,-57.87298,36.8,104.0,104.0,0,PARINTINS/AM,ITACOATIARA/AM,,3.65,atrasado
710529470,2026-10-03T16:40:55.024954+00:00,-2.75378,-57.86609,36.8,109.3,109.3,0,PARINTINS/AM,ITACOATIARA/AM,,3.65,atrasado
710529470,2026-10-03T16:42:40.512725+00:00,-2.7569,-57.85718,36.8,107.0,107.0,0,PARINTINS/AM,ITACOATIARA/AM,,3.65,atrasado
710529470,2026-10-03T16:44:16.092363+00:00,-2.7594,-57.849,36.8,97.0,97.0,0,PARINTINS/AM,ITACOATIARA/AM,,3.65,atrasado
710529470,2026-10-03T16:45:28.257485+00:00,-2.76019,-57.84259,36.8,84.0,84.0,0,PARINTINS/AM,ITACOATIARA/AM,,3.65,atrasado
710529470,2026-10-03T16:46:21.060880+00:00,-2.7597,-57.83789,36.8,64.9,64.9,0,PARINTINS/AM,ITACOATIARA/AM,,3.65,atrasado
710529470,2026-10-03T16:47:06.228385+00:00,-2.75799,-57.83423,36.8,66.3,66.3,0,PARINTINS/AM,ITACOATIARA/AM,,3.65,atrasado
710529470,2026-10-03T16:47:55.402820+00:00,-2.75622,-57.8302,36.8,60.3,60.3,0,PARINTINS/AM,ITACOATIARA/AM,,3.65,atrasado
710529470,2026-10-03T16:49:19.433155+00:00,-2.7525,-57.82367,36.8,65.7,65.7,0,PARINTINS/AM,ITACOATIARA/AM,,3.65,atrasado
710529470,2026-10-03T16:50:14.087846+00:00,-2.75049,-57.81921,36.8,63.5,63.5,0,PARINTINS/AM,ITACOATIARA/AM,,3.65,atrasado
710529470,2026-10-03T16:52:51.819166+00:00,-2.7442,-57.80658,36.8,62.1,62.1,0,PARINTINS/AM,ITACOATIARA/AM,,3.65,atrasado
710529470,2026-10-03T16:54:46.873153+00:00,-2.73938,-57.79748,36.8,68.0,68.0,0,PARINTINS/AM,ITACOATIARA/AM,,3.65,atrasado
710529470,2026-10-03T16:56:34.292075+00:00,-2.73578,-57.78857,36.8,74.4,74.4,0,PARINTINS/AM,ITACOATIARA/AM,,3.65,atrasado
710529470,2026-10-03T16:57:33.042197+00:00,-2.73437,-57.78351,36.8,91.1,91.1,0,PARINTINS/AM,ITACOATIARA/AM,,3.65,atrasado
710529470,2026-10-03T16:58:52.171687+00:00,-2.7345,-57.77643,36.8,90.0,90.0,0,PARINTINS/AM,ITACOATIARA/AM,,3.65,atrasado
710529470,2026-10-03T16:59:46.056529+00:00,-2.7345,-57.77161,36.8,85.0,85.0,0,PARINTINS/AM,ITACOATIARA/AM,,3.65,atrasado
710529470,2026-10-03T17:00:49.041029+00:00,-2.73401,-57.76599,36.8,83.3,83.3,0,PARINTINS/AM,ITACOATIARA/AM,,3.65,atrasado
710529470,2026-10-03T17:01:59.772665+00:00,-2.73327,-57.7597,36.8,74.1,74.1,0,PARINTINS/AM,ITACOATIARA/AM,,3.65,atrasado
710529470,2026-10-03T17:03:29.152935+00:00,-2.73108,-57.75201,36.8,78.6,78.6,0,PARINTINS/AM,ITACOATIARA/AM,,3.65,atrasado
710529470,2026-10-03T17:04:59.585225+00:00,-2.72949,-57.74408,36.8,57.7,57.7,0,PARINTINS/AM,ITACOATIARA/AM,,3.65,atrasado
710529470,2026-10-03T17:06:31.581947+00:00,-2.7251,-57.73712,36.8,41.4,41.4,0,PARINTINS/AM,ITACOATIARA/AM,,3.65,atrasado
710529470,2026-10-03T17:07:41.692722+00:00,-2.7204,-57.73297,36.8,40.3,40.3,0,PARINTINS/AM,ITACOATIARA/AM,,3.65,atrasado
710529470,2026-10-03T17:09:40.800496+00:00,-2.71228,-57.72607,36.8,28.5,28.5,0,PARINTINS/AM,ITACOATIARA/AM,,3.65,atrasado
710529470,2026-10-03T17:11:09.387395+00:00,-2.70532,-57.72229,36.8,19.5,19.5,0,PARINTINS/AM,ITACOATIARA/AM,,3.65,atrasado
710529470,2026-10-03T17:13:20.472158+00:00,-2.69427,-57.71838,36.8,28.8,28.8,0,PARINTINS/AM,ITACOATIARA/AM,,3.65,atrasado
710529470,2026-10-03T17:15:50.777251+00:00,-2.68249,-57.71191,36.8,32.3,32.3,0,PARINTINS/AM,ITACOATIARA/AM,,3.65,atrasado
710529470,2026-10-03T17:20:06.057750+00:00,-2.66321,-57.69971,36.8,35.5,35.5,0,PARINTINS/AM,ITACOATIARA/AM,,3.65,atrasado
710529470,2026-10-03T17:22:00.087927+00:00,-2.65491,-57.69378,36.8,33.8,33.8,0,PARINTINS/AM,ITACOATIARA/AM,,3.65,atrasado
710529470,2026-10-03T17:25:34.586852+00:00,-2.63898,-57.6831,36.8,33.2,33.2,0,PARINTINS/AM,ITACOATIARA/AM,,3.65,atrasado
710529470,2026-10-03T17:29:46.016896+00:00,-2.62018,-57.67077,36.8,32.7,32.7,0,PARINTINS/AM,ITACOATIARA/AM,,3.65,atrasado
710529470,2026-10-03T17:31:55.916994+00:00,-2.61041,-57.66449,36.8,34.3,34.3,0,PARINTINS/AM,ITACOATIARA/AM,,3.65,atrasado
710529470,2026-10-03T17:34:56.164661+00:00,-2.5971,-57.65539,36.8,35.8,35.8,0,PARINTINS/AM,ITACOATIARA/AM,,3.65,atrasado
710529470,2026-10-03T17:37:20.897534+00:00,-2.58661,-57.64783,36.8,33.9,33.9,0,PARINTINS/AM,ITACOATIARA/AM,,3.65,atrasado
710529470,2026-10-03T17:42:12.080103+00:00,-2.565,-57.6333,36.8,34.4,34.4,0,PARINTINS/AM,ITACOATIARA/AM,,3.65,atrasado
710529470,2026-10-03T17:47:56.301482+00:00,-2.53961,-57.6159,36.8,33.3,33.3,0,PARINTINS/AM,ITACOATIARA/AM,,3.65,atrasado
710529470,2026-10-03T17:49:54.061886+00:00,-2.53082,-57.61011,36.8,32.6,32.6,0,PARINTINS/AM,ITACOATIARA/AM,,3.65,atrasado
710529470,2026-10-03T17:52:29.708211+00:00,-2.5191,-57.6026,36.8,34.4,34.4,0,PARINTINS/AM,ITACOATIARA/AM,,3.65,atrasado
710529470,2026-10-03T17:54:54.567298+00:00,-2.50842,-57.59527,36.8,26.2,26.2,0,PARINTINS/AM,ITACOATIARA/AM,,3.65,atrasado
710529470,2026-10-03T17:56:25.856041+00:00,-2.5011,-57.59167,36.8,24.7,24.7,0,PARINTINS/AM,ITACOATIARA/AM,,3.65,atrasado
710529470,2026-10-03T17:58:46.372637+00:00,-2.48968,-57.58642,36.8,10.6,10.6,0,PARINTINS/AM,ITACOATIARA/AM,,3.65,atrasado
710529470,2026-10-03T18:01:17.837864+00:00,-2.47638,-57.58392,36.8,13.3,13.3,0,PARINTINS/AM,ITACOATIARA/AM,,3.65,atrasado
710529470,2026-10-03T18:03:34.640733+00:00,-2.46448,-57.58111,36.8,5.9,5.9,0,PARINTINS/AM,ITACOATIARA/AM,,3.65,atrasado
710529470,2026-10-03T18:05:25.868600+00:00,-2.45459,-57.58008,36.8,18.0,18.0,0,PARINTINS/AM,ITACOATIARA/AM,,3.65,atrasado
710529470,2026-10-03T18:08:35.440481+00:00,-2.43847,-57.57483,36.8,23.6,23.6,0,PARINTINS/AM,ITACOATIARA/AM,,3.65,atrasado
710529470,2026-10-03T18:10:39.877496+00:00,-2.42828,-57.57037,36.8,41.1,41.1,0,PARINTINS/AM,ITACOATIARA/AM,,3.65,atrasado
710529470,2026-10-03T18:13:52.894153+00:00,-2.41528,-57.55902,36.8,48.9,48.9,0,PARINTINS/AM,ITACOATIARA/AM,,3.65,atrasado
710529470,2026-10-03T18:15:18.025935+00:00,-2.41028,-57.55328,0.0,0.0,0.0,5,PARINTINS/AM,ITACOATIARA/AM,ITACOATIARA/AM,3.65,atrasado
710529470,2026-10-03T19:24:12.100020+00:00,-2.41028,-57.55328,0.0,0.0,0.0,5,PARINTINS/AM,ITACOATIARA/AM,ITACOATIARA/AM,3.65,atrasado
710529470,2026-10-03T20:33:06.174106+00:00,-2.41028,-57.55328,0.0,0.0,0.0,5,PARINTINS/AM,ITACOATIARA/AM,ITACOATIARA/AM,3.65,atrasado
710529470,2026-10-03T21:42:00.248192+00:00,-2.41028,-57.55328,0.0,0.0,0.0,5,PARINTINS/AM,ITACOATIARA/AM,ITACOATIARA/AM,3.65,atrasado
710529470,2026-10-03T22:50:54.322278+00:00,-2.41028,-57.55328,0.0,0.0,0.0,5,PARINTINS/AM,ITACOATIARA/AM,ITACOATIARA/AM,3.65,atrasado
710529470,2026-10-03T23:59:48.396364+00:00,-2.41028,-57.55328,22.4,47.5,47.5,0,PARINTINS/AM,ITACOATIARA/AM,,4.05,atrasado
710529470,2026-10-04T00:08:54.745985+00:00,-2.3902,-57.53131,22.4,68.9,68.9,0,PARINTINS/AM,ITACOATIARA/AM,,4.05,atrasado
710529470,2026-10-04T00:17:59.683330+00:00,-2.37952,-57.5036,22.4,91.6,91.6,0,PARINTINS/AM,ITACOATIARA/AM,,4.05,atrasado
710529470,2026-10-04T00:26:31.664866+00:00,-2.38031,-57.47571,22.4,97.5,97.5,0,PARINTINS/AM,ITACOATIARA/AM,,4.05,atrasado
710529470,2026-10-04T00:38:01.754371+00:00,-2.38519,-57.43841,22.4,111.8,111.8,0,PARINTINS/AM,ITACOATIARA/AM,,4.05,atrasado
710529470,2026-10-04T00:51:50.536131+00:00,-2.40198,-57.39648,22.4,126.1,126.1,0,PARINTINS/AM,ITACOATIARA/AM,,4.05,atrasado
710529470,2026-10-04T01:00:37.289757+00:00,-2.41888,-57.37329,22.4,127.4,127.4,0,PARINTINS/AM,ITACOATIARA/AM,,4.05,atrasado
710529470,2026-10-04T01:08:07.183543+00:00,-2.43377,-57.35382,22.4,143.5,143.5,0,PARINTINS/AM,ITACOATIARA/AM,,4.05,atrasado
710529470,2026-10-04T01:16:27.816766+00:00,-2.45569,-57.33758,22.4,142.0,142.0,0,PARINTINS/AM,ITACOATIARA/AM,,4.05,atrasado
710529470,2026-10-04T01:22:22.179450+00:00,-2.47088,-57.32568,22.4,150.8,150.8,0,PARINTINS/AM,ITACOATIARA/AM,,4.05,atrasado
710529470,2026-10-04T01:34:09.526697+00:00,-2.50452,-57.30688,22.4,152.5,152.5,0,PARINTINS/AM,ITACOATIARA/AM,,4.05,atrasado
710529470,2026-10-04T01:49:49.801359+00:00,-2.54992,-57.2832,22.4,156.9,156.9,0,PARINTINS/AM,ITACOATIARA/AM,,4.05,atrasado
710529470,2026-10-04T02:00:50.057622+00:00,-2.58301,-57.2691,22.4,145.1,145.1,0,PARINTINS/AM,ITACOATIARA/AM,,4.05,atrasado
710529470,2026-10-04T02:12:39.063773+00:00,-2.61468,-57.24701,22.4,117.7,117.7,0,PARINTINS/AM,ITACOATIARA/AM,,4.05,atrasado
710529470,2026-10-04T02:21:17.531334+00:00,-2.62781,-57.22198,22.4,99.9,99.9,0,PARINTINS/AM,ITACOATIARA/AM,,4.05,atrasado
710529470,2026-10-04T02:27:49.616251+00:00,-2.63147,-57.20093,22.4,88.4,88.4,0,PARINTINS/AM,ITACOATIARA/AM,,4.05,atrasado
710529470,2026-10-04T02:37:29.799556+00:00,-2.63061,-57.16931,22.4,78.1,78.1,0,PARINTINS/AM,ITACOATIARA/AM,,4.05,atrasado
710529470,2026-10-04T02:44:22.876954+00:00,-2.62597,-57.14728,22.4,73.3,73.3,0,PARINTINS/AM,ITACOATIARA/AM,,4.05,atrasado
710529470,2026-10-04T02:48:16.685759+00:00,-2.62231,-57.13507,22.4,58.8,58.8,0,PARINTINS/AM,ITACOATIARA/AM,,4.05,atrasado
710529470,2026-10-04T02:51:35.667115+00:00,-2.6167,-57.12579,22.4,52.4,52.4,0,PARINTINS/AM,ITACOATIARA/AM,,4.05,atrasado
710529470,2026-10-04T02:55:16.133998+00:00,-2.60937,-57.11627,22.4,43.3,43.3,0,PARINTINS/AM,ITACOATIARA/AM,,4.05,atrasado
710529470,2026-10-04T03:01:08.786571+00:00,-2.5954,-57.10309,22.4,40.6,40.6,0,PARINTINS/AM,ITACOATIARA/AM,,4.05,atrasado
710529470,2026-10-04T03:08:17.016253+00:00,-2.5777,-57.08789,22.4,40.3,40.3,0,PARINTINS/AM,ITACOATIARA/AM,,4.05,atrasado
710529470,2026-10-04T03:16:52.861530+00:00,-2.55627,-57.0697,22.4,61.9,61.9,0,PARINTINS/AM,ITACOATIARA/AM,,4.05,atrasado
710529470,2026-10-04T03:25:57.490519+00:00,-2.5423,-57.04352,22.4,84.8,84.8,0,PARINTINS/AM,ITACOATIARA/AM,,4.05,atrasado
710529470,2026-10-04T03:31:42.678662+00:00,-2.54059,-57.02478,22.4,91.0,91.0,0,PARINTINS/AM,ITACOATIARA/AM,,4.05,atrasado
710529470,2026-10-04T03:42:00.878025+00:00,-2.5412,-56.99109,22.4,101.9,101.9,0,PARINTINS/AM,ITACOATIARA/AM,,4.05,atrasado
710529470,2026-10-04T03:52:06.123826+00:00,-2.54797,-56.9588,22.4,109.6,109.6,0,PARINTINS/AM,ITACOATIARA/AM,,4.05,atrasado
710529470,2026-10-04T04:11:06.974039+00:00,-2.56879,-56.90021,22.4,113.7,113.7,0,PARINTINS/AM,ITACOATIARA/AM,,4.05,atrasado
710529470,2026-10-04T04:25:36.493093+00:00,-2.58783,-56.85681,22.4,108.7,108.7,0,PARINTINS/AM,ITACOATIARA/AM,,4.05,atrasado
710529470,2026-10-04T04:37:47.031588+00:00,-2.60058,-56.81909,22.4,106.4,106.4,0,PARINTINS/AM,ITACOATIARA/AM,,4.05,atrasado
710529470,2026-10-04T04:47:53.510193+00:00,-2.60991,-56.78737,22.4,108.8,108.8,0,PARINTINS/AM,ITACOATIARA/AM,,4.05,atrasado
710529470,2026-10-04T04:57:20.798197+00:00,-2.61984,-56.75809,22.4,99.9,99.9,0,PARINTINS/AM,ITACOATIARA/AM,,4.05,atrasado
710529470,2026-10-04T05:02:11.630795+00:00,-2.62256,-56.74247,22.4,81.1,81.1,0,PARINTINS/AM,ITACOATIARA/AM,,4.05,atrasado
710529470,2026-10-04T05:04:41.902029+00:00,-2.62129,-56.73438,0.0,0.0,0.0,5,PARINTINS/AM,ITACOATIARA/AM,ITACOATIARA/AM,4.05,atrasado
710529470,2026-10-04T06:13:23.865370+00:00,-2.62129,-56.73438,0.0,0.0,0.0,5,PARINTINS/AM,ITACOATIARA/AM,ITACOATIARA/AM,4.05,atrasado
710529470,2026-10-04T07:22:05.828710+00:00,-2.62129,-56.73438,0.0,0.0,0.0,5,PARINTINS/AM,ITACOATIARA/AM,ITACOATIARA/AM,4.05,atrasado
710529470,2026-10-04T08:30:47.792051+00:00,-2.62129,-56.73438,0.0,0.0,0.0,5,PARINTINS/AM,ITACOATIARA/AM,ITACOATIARA/AM,4.05,atrasado
710529470,2026-10-04T09:39:29.755391+00:00,-2.62129,-56.73438,0.0,0.0,0.0,5,PARINTINS/AM,ITACOATIARA/AM,ITACOATIARA/AM,4.05,atrasado
710529470,2026-10-04T10:48:11.718732+00:00,-2.62129,-56.73438,0.0,67.8,67.8,5,PARINTINS/AM,ITACOATIARA/AM,ITACOATIARA/AM,4.05,atrasado
710529470,2026-10-04T11:20:37.790992+00:00,-2.59411,-56.66778,0.0,247.8,247.8,5,JURUTI/PA,PARINTINS/AM,PARINTINS/AM,3.99,atrasado
710529470,2026-10-04T11:56:53.682072+00:00,-2.62129,-56.73438,82.2,67.9,67.9,0,JURUTI/PA,PARINTINS/AM,,3.99,atrasado
710529470,2026-10-04T11:57:48.922372+00:00,-2.61714,-56.72415,82.2,64.6,64.6,0,JURUTI/PA,PARINTINS/AM,,3.99,atrasado
710529470,2026-10-04T11:58:35.730674+00:00,-2.61313,-56.71569,82.2,69.3,69.3,0,JURUTI/PA,PARINTINS/AM,,3.99,atrasado
710529470,2026-10-04T12:00:30.236160+00:00,-2.60506,-56.69427,82.2,67.1,67.1,0,JURUTI/PA,PARINTINS/AM,,3.99,atrasado
710529470,2026-10-04T12:01:32.535317+00:00,-2.60022,-56.6828,82.2,69.6,69.6,0,JURUTI/PA,PARINTINS/AM,,3.99,atrasado
710529470,2026-10-04T12:02:24.316935+00:00,-2.59662,-56.67309,82.2,64.7,64.7,0,JURUTI/PA,PARINTINS/AM,,3.99,atrasado
710529470,2026-10-04T12:21:45.573711+00:00,-2.59411,-56.66778,0.0,0.0,0.0,5,JURUTI/PA,PARINTINS/AM,PARINTINS/AM,3.99,atrasado
710529470,2026-10-04T13:22:53.356429+00:00,-2.59411,-56.66778,0.0,0.0,0.0,5,JURUTI/PA,PARINTINS/AM,PARINTINS/AM,3.99,atrasado
710529470,2026-10-04T14:24:01.139147+00:00,-2.59411,-56.66778,0.0,0.0,0.0,5,JURUTI/PA,PARINTINS/AM,PARINTINS/AM,3.99,atrasado
710529470,2026-10-04T15:25:08.921866+00:00,-2.59411,-56.66778,0.0,0.0,0.0,5,JURUTI/PA,PARINTINS/AM,PARINTINS/AM,3.99,atrasado
710529470,2026-10-04T16:26:16.704584+00:00,-2.59411,-56.66778,0.0,0.0,0.0,5,JURUTI/PA,PARINTINS/AM,PARINTINS/AM,3.99,atrasado
710529470,2026-10-04T17:27:24.487302+00:00,-2.59411,-56.66778,0.0,0.0,0.0,5,JURUTI/PA,PARINTINS/AM,PARINTINS/AM,3.99,atrasado
710529470,2026-10-04T18:28:32.270021+00:00,-2.59411,-56.66778,52.5,63.3,63.3,0,JURUTI/PA,PARINTINS/AM,,4.29,atrasado
710529470,2026-10-04T18:29:42.355362+00:00,-2.59009,-56.65979,52.5,56.5,56.5,0,JURUTI/PA,PARINTINS/AM,,4.29,atrasado
710529470,2026-10-04T18:31:48.926017+00:00,-2.58117,-56.6463,52.5,63.2,63.2,0,JURUTI/PA,PARINTINS/AM,,4.29,atrasado
710529470,2026-10-04T18:33:16.752096+00:00,-2.57611,-56.63629,52.5,65.3,65.3,0,JURUTI/PA,PARINTINS/AM,,4.29,atrasado
710529470,2026-10-04T18:37:17.437602+00:00,-2.56327,-56.60835,52.5,60.7,60.7,0,JURUTI/PA,PARINTINS/AM,,4.29,atrasado
710529470,2026-10-04T18:39:55.089571+00:00,-2.55342,-56.59079,52.5,53.6,53.6,0,JURUTI/PA,PARINTINS/AM,,4.29,atrasado
710529470,2026-10-04T18:42:01.893174+00:00,-2.54382,-56.57775,52.5,48.4,48.4,0,JURUTI/PA,PARINTINS/AM,,4.29,atrasado
710529470,2026-10-04T18:44:33.152090+00:00,-2.531,-56.56329,52.5,52.8,52.8,0,JURUTI/PA,PARINTINS/AM,,4.29,atrasado
710529470,2026-10-04T18:48:14.514054+00:00,-2.51391,-56.54077,52.5,57.4,57.4,0,JURUTI/PA,PARINTINS/AM,,4.29,atrasado
710529470,2026-10-04T18:50:50.542283+00:00,-2.50317,-56.52399,52.5,49.7,49.7,0,JURUTI/PA,PARINTINS/AM,,4.29,atrasado
710529470,2026-10-04T18:54:21.108602+00:00,-2.48578,-56.50348,52.5,36.1,36.1,0,JURUTI/PA,PARINTINS/AM,,4.29,atrasado
710529470,2026-10-04T18:56:24.652312+00:00,-2.47304,-56.49417,52.5,34.8,34.8,0,JURUTI/PA,PARINTINS/AM,,4.29,atrasado
710529470,2026-10-04T19:00:17.793878+00:00,-2.44861,-56.47717,52.5,34.4,34.4,0,JURUTI/PA,PARINTINS/AM,,4.29,atrasado
710529470,2026-10-04T19:05:13.491638+00:00,-2.41748,-56.45581,52.5,32.5,32.5,0,JURUTI/PA,PARINTINS/AM,,4.29,atrasado
710529470,2026-10-04T19:08:20.087744+00:00,-2.3974,-56.44299,52.5,28.5,28.5,0,JURUTI/PA,PARINTINS/AM,,4.29,atrasado
710529470,2026-10-04T19:12:31.461092+00:00,-2.3692,-56.42767,52.5,16.9,16.9,0,JURUTI/PA,PARINTINS/AM,,4.29,atrasado
710529470,2026-10-04T19:16:00.356046+00:00,-2.34369,-56.41992,52.5,18.7,18.7,0,JURUTI/PA,PARINTINS/AM,,4.29,atrasado
710529470,2026-10-04T19:16:45.013144+00:00,-2.33829,-56.41809,0.0,0.0,0.0,5,JURUTI/PA,PARINTINS/AM,PARINTINS/AM,4.29,atrasado
710529470,2026-10-04T20:22:19.498074+00:00,-2.33829,-56.41809,0.0,0.0,0.0,5,JURUTI/PA,PARINTINS/AM,PARINTINS/AM,4.29,atrasado
710529470,2026-10-04T21:27:53.983004+00:00,-2.33829,-56.41809,0.0,0.0,0.0,5,JURUTI/PA,PARINTINS/AM,PARINTINS/AM,4.29,atrasado
710529470,2026-10-04T22:33:28.467933+00:00,-2.33829,-56.41809,0.0,0.0,0.0,5,JURUTI/PA,PARINTINS/AM,PARINTINS/AM,4.29,atrasado
710529470,2026-10-04T23:39:02.952863+00:00,-2.33829,-56.41809,0.0,0.0,0.0,5,JURUTI/PA,PARINTINS/AM,PARINTINS/AM,4.29,atrasado
710529470,2026-10-05T00:44:37.437793+00:00,-2.33829,-56.41809,17.4,18.7,18.7,0,JURUTI/PA,PARINTINS/AM,,4.58,atrasado
710529470,2026-10-05T00:59:03.992690+00:00,-2.30359,-56.40631,17.4,34.9,34.9,0,JURUTI/PA,PARINTINS/AM,,4.58,atrasado
710529470,2026-10-05T01:14:34.698042+00:00,-2.2713,-56.38379,17.4,58.9,58.9,0,JURUTI/PA,PARINTINS/AM,,4.58,atrasado
710529470,2026-10-05T01:22:04.483363+00:00,-2.26147,-56.36749,17.4,70.9,70.9,0,JURUTI/PA,PARINTINS/AM,,4.58,atrasado
710529470,2026-10-05T01:28:06.205284+00:00,-2.25647,-56.35303,17.4,76.0,76.0,0,JURUTI/PA,PARINTINS/AM,,4.58,atrasado
710529470,2026-10-05T01:37:38.516222+00:00,-2.25061,-56.32953,17.4,68.5,68.5,0,JURUTI/PA,PARINTINS/AM,,4.58,atrasado
710529470,2026-10-05T01:55:38.777070+00:00,-2.23388,-56.28699,17.4,56.9,56.9,0,JURUTI/PA,PARINTINS/AM,,4.58,atrasado
710529470,2026-10-05T02:14:25.966244+00:00,-2.20788,-56.24701,17.4,64.8,64.8,0,JURUTI/PA,PARINTINS/AM,,4.58,atrasado
710529470,2026-10-05T02:48:33.549180+00:00,-2.17108,-56.16858,17.4,70.4,70.4,0,JURUTI/PA,PARINTINS/AM,,4.58,atrasado
710529470,2026-10-05T03:01:15.933345+00:00,-2.16028,-56.13818,17.4,80.0,80.0,0,JURUTI/PA,PARINTINS/AM,,4.58,atrasado
710529470,2026-10-05T03:09:25.157515+00:00,-2.15668,-56.1178,17.4,68.3,68.3,0,JURUTI/PA,PARINTINS/AM,,4.58,atrasado
710529470,2026-10-05T03:15:36.150921+00:00,-2.15088,-56.10321,17.4,46.2,46.2,0,JURUTI/PA,PARINTINS/AM,,4.58,atrasado
710529470,2026-10-05T03:17:12.688490+00:00,-2.14805,-56.10026,0.0,0.0,0.0,5,JURUTI/PA,PARINTINS/AM,PARINTINS/AM,4.58,atrasado
710529470,2026-10-05T04:20:48.484395+00:00,-2.14805,-56.10026,0.0,0.0,0.0,5,JURUTI/PA,PARINTINS/AM,PARINTINS/AM,4.58,atrasado
710529470,2026-10-05T05:24:24.280300+00:00,-2.14805,-56.10026,0.0,0.0,0.0,5,JURUTI/PA,PARINTINS/AM,PARINTINS/AM,4.58,atrasado
710529470,2026-10-05T06:28:00.076205+00:00,-2.14805,-56.10026,0.0,0.0,0.0,5,JURUTI/PA,PARINTINS/AM,PARINTINS/AM,4.58,atrasado
710529470,2026-10-05T07:31:35.872110+00:00,-2.14805,-56.10026,0.0,0.0,0.0,5,JURUTI/PA,PARINTINS/AM,PARINTINS/AM,4.58,atrasado
710529470,2026-10-05T08:35:11.668016+00:00,-2.14805,-56.10026,11.7,46.2,46.2,0,ÓBIDOS/PA,JURUTI/PA,,4.67,atrasado
710529470,2026-10-05T08:37:45.808278+00:00,-2.14502,-56.0971,11.7,28.1,28.1,0,ÓBIDOS/PA,JURUTI/PA,,4.67,atrasado
710529470,2026-10-05T08:41:15.462474+00:00,-2.13977,-56.0943,11.7,14.4,14.4,0,ÓBIDOS/PA,JURUTI/PA,,4.67,atrasado
710529470,2026-10-05T08:48:17.342400+00:00,-2.12817,-56.09131,11.7,6.4,6.4,0,ÓBIDOS/PA,JURUTI/PA,,4.67,atrasado
710529470,2026-10-05T08:52:06.679286+00:00,-2.1217,-56.09058,11.7,20.1,20.1,0,ÓBIDOS/PA,JURUTI/PA,,4.67,atrasado
710529470,2026-10-05T08:56:29.898368+00:00,-2.11468,-56.08801,11.7,19.9,19.9,0,ÓBIDOS/PA,JURUTI/PA,,4.67,atrasado
710529470,2026-10-05T09:03:58.077253+00:00,-2.10272,-56.08368,11.7,12.5,12.5,0,ÓBIDOS/PA,JURUTI/PA,,4.67,atrasado
710529470,2026-10-05T09:09:56.992436+00:00,-2.09277,-56.08148,11.7,0.8,0.8,0,ÓBIDOS/PA,JURUTI/PA,,4.67,atrasado
710529470,2026-10-05T09:26:04.627810+00:00,-2.06531,-56.08111,11.7,349.7,349.7,0,ÓBIDOS/PA,JURUTI/PA,,4.67,atrasado
710529470,2026-10-05T09:37:04.637331+00:00,-2.04687,-56.08447,11.7,346.4,346.4,0,ÓBIDOS/PA,JURUTI/PA,,4.67,atrasado
710529470,2026-10-05T09:47:52.818777+00:00,-2.02899,-56.08881,11.7,349.9,349.9,0,ÓBIDOS/PA,JURUTI/PA,,4.67,atrasado
710529470,2026-10-05T10:00:34.926362+00:00,-2.00769,-56.09259,11.7,11.8,11.8,0,ÓBIDOS/PA,JURUTI/PA,,4.67,atrasado
710529470,2026-10-05T10:01:57.265857+00:00,-2.0054,-56.09211,0.0,0.0,0.0,5,ÓBIDOS/PA,JURUTI/PA,JURUTI/PA,4.67,atrasado
710529470,2026-10-05T11:07:26.338123+00:00,-2.0054,-56.09211,0.0,0.0,0.0,5,ÓBIDOS/PA,JURUTI/PA,JURUTI/PA,4.67,atrasado
710529470,2026-10-05T12:12:55.410388+00:00,-2.0054,-56.09211,0.0,0.0,0.0,5,ÓBIDOS/PA,JURUTI/PA,JURUTI/PA,4.67,atrasado
710529470,2026-10-05T13:18:24.482654+00:00,-2.0054,-56.09211,0.0,0.0,0.0,5,ÓBIDOS/PA,JURUTI/PA,JURUTI/PA,4.67,atrasado
710529470,2026-10-05T14:23:53.554919+00:00,-2.0054,-56.09211,0.0,0.0,0.0,5,ÓBIDOS/PA,JURUTI/PA,JURUTI/PA,4.67,atrasado
710529470,2026-10-05T15:29:22.627185+00:00,-2.0054,-56.09211,0.0,0.0,0.0,5,ÓBIDOS/PA,JURUTI/PA,JURUTI/PA,4.67,atrasado
710529470,2026-10-05T16:34:51.699450+00:00,-2.0054,-56.09211,30.7,11.9,11.9,0,ÓBIDOS/PA,JURUTI/PA,,4.8,atrasado
710529470,2026-10-05T16:40:44.302019+00:00,-1.97967,-56.08667,30.7,22.5,22.5,0,ÓBIDOS/PA,JURUTI/PA,,4.8,atrasado
710529470,2026-10-05T16:43:37.854290+00:00,-1.96771,-56.08172,30.7,42.5,42.5,0,ÓBIDOS/PA,JURUTI/PA,,4.8,atrasado
710529470,2026-10-05T16:47:50.929962+00:00,-1.95379,-56.06897,30.7,63.3,63.3,0,ÓBIDOS/PA,JURUTI/PA,,4.8,atrasado
710529470,2026-10-05T16:52:17.260064+00:00,-1.94488,-56.05121,30.7,74.5,74.5,0,ÓBIDOS/PA,JURUTI/PA,,4.8,atrasado
710529470,2026-10-05T16:54:56.034296+00:00,-1.94171,-56.03979,30.7,91.3,91.3,0,ÓBIDOS/PA,JURUTI/PA,,4.8,atrasado
710529470,2026-10-05T16:58:42.651710+00:00,-1.94208,-56.02289,30.7,111.0,111.0,0,ÓBIDOS/PA,JURUTI/PA,,4.8,atrasado
710529470,2026-10-05T17:01:13.351257+00:00,-1.9461,-56.01239,30.7,115.5,115.5,0,ÓBIDOS/PA,JURUTI/PA,,4.8,atrasado
710529470,2026-10-05T17:07:30.240831+00:00,-1.95819,-55.987,30.7,110.3,110.3,0,ÓBIDOS/PA,JURUTI/PA,,4.8,atrasado
710529470,2026-10-05T17:14:27.199055+00:00,-1.96899,-55.95782,30.7,120.2,120.2,0,ÓBIDOS/PA,JURUTI/PA,,4.8,atrasado
710529470,2026-10-05T17:24:18.874822+00:00,-1.99121,-55.91968,30.7,115.9,115.9,0,ÓBIDOS/PA,JURUTI/PA,,4.8,atrasado
710529470,2026-10-05T17:28:33.514050+00:00,-1.99951,-55.90259,30.7,99.1,99.1,0,ÓBIDOS/PA,JURUTI/PA,,4.8,atrasado
710529470,2026-10-05T17:37:02.079309+00:00,-2.00549,-55.86511,30.7,89.1,89.1,0,ÓBIDOS/PA,JURUTI/PA,,4.8,atrasado
710529470,2026-10-05T17:44:13.999923+00:00,-2.005,-55.83288,30.7,90.4,90.4,0,ÓBIDOS/PA,JURUTI/PA,,4.8,atrasado
710529470,2026-10-05T17:50:06.532600+00:00,-2.00519,-55.80658,30.7,87.0,87.0,0,ÓBIDOS/PA,JURUTI/PA,,4.8,atrasado
710529470,2026-10-05T17:54:19.612291+00:00,-2.00421,-55.78772,30.7,77.3,77.3,0,ÓBIDOS/PA,JURUTI/PA,,4.8,atrasado
710529470,2026-10-05T18:00:03.305666+00:00,-1.99859,-55.76269,30.7,68.5,68.5,0,ÓBIDOS/PA,JURUTI/PA,,4.8,atrasado
710529470,2026-10-05T18:04:31.417884+00:00,-1.99127,-55.74408,30.7,60.5,60.5,0,ÓBIDOS/PA,JURUTI/PA,,4.8,atrasado
710529470,2026-10-05T18:09:17.155509+00:00,-1.98077,-55.72552,30.7,55.0,55.0,0,ÓBIDOS/PA,JURUTI/PA,,4.8,atrasado
710529470,2026-10-05T18:15:53.649382+00:00,-1.96381,-55.70129,30.7,58.6,58.6,0,ÓBIDOS/PA,JURUTI/PA,,4.8,atrasado
710529470,2026-10-05T18:22:27.618697+00:00,-1.94849,-55.67621,30.7,57.3,57.3,0,ÓBIDOS/PA,JURUTI/PA,,4.8,atrasado
710529470,2026-10-05T18:36:00.487152+00:00,-1.91571,-55.62518,30.7,50.1,50.1,0,ÓBIDOS/PA,JURUTI/PA,,4.8,atrasado
710529470,2026-10-05T18:39:09.261395+00:00,-1.90668,-55.61438,30.7,68.2,68.2,0,ÓBIDOS/PA,JURUTI/PA,,4.8,atrasado
710529470,2026-10-05T18:41:43.446529+00:00,-1.9024,-55.6037,30.7,68.3,68.3,0,ÓBIDOS/PA,JURUTI/PA,,4.8,atrasado
710529470,2026-10-05T18:43:36.155658+00:00,-1.89929,-55.59589,30.7,68.7,68.7,0,ÓBIDOS/PA,JURUTI/PA,,4.8,atrasado
710529470,2026-10-05T18:45:44.366898+00:00,-1.89581,-55.58697,0.0,0.0,0.0,5,ÓBIDOS/PA,JURUTI/PA,JURUTI/PA,4.8,atrasado
710529470,2026-10-05T19:48:37.560658+00:00,-1.89581,-55.58697,0.0,0.0,0.0,5,ÓBIDOS/PA,JURUTI/PA,JURUTI/PA,4.8,atrasado
710529470,2026-10-05T20:51:30.754418+00:00,-1.89581,-55.58697,0.0,0.0,0.0,5,ÓBIDOS/PA,JURUTI/PA,JURUTI/PA,4.8,atrasado
710529470,2026-10-05T21:54:23.948178+00:00,-1.89581,-55.58697,0.0,0.0,0.0,5,ÓBIDOS/PA,JURUTI/PA,JURUTI/PA,4.8,atrasado
710529470,2026-10-05T22:57:17.141938+00:00,-1.89581,-55.58697,0.0,0.0,0.0,5,ÓBIDOS/PA,JURUTI/PA,JURUTI/PA,4.8,atrasado
710529470,2026-10-06T00:00:10.335698+00:00,-1.89581,-55.58697,0.0,0.0,0.0,5,ÓBIDOS/PA,JURUTI/PA,JURUTI/PA,4.8,atrasado
710529470,2026-10-06T01:03:03.529458+00:00,-1.89581,-55.58697,0.0,109.3,109.3,5,ÓBIDOS/PA,JURUTI/PA,JURUTI/PA,4.8,atrasado
710529470,2026-10-06T01:13:01.225843+00:00,-1.92006,-55.51763,0.0,289.3,289.3,5,ÓBIDOS/PA,JURUTI/PA,JURUTI/PA,4.92,atrasado
710529470,2026-10-06T02:05:56.723217+00:00,-1.89581,-55.58697,84.7,101.3,101.3,0,ÓBIDOS/PA,JURUTI/PA,,4.92,atrasado
710529470,2026-10-06T02:06:31.761855+00:00,-1.89722,-55.57989,84.7,104.1,104.1,0,ÓBIDOS/PA,JURUTI/PA,,4.92,atrasado
710529470,2026-10-06T02:07:27.673558+00:00,-1.90002,-55.56872,84.7,101.6,101.6,0,ÓBIDOS/PA,JURUTI/PA,,4.92,atrasado
710529470,2026-10-06T02:08:03.060992+00:00,-1.90149,-55.56158,84.7,111.0,111.0,0,ÓBIDOS/PA,JURUTI/PA,,4.92,atrasado
710529470,2026-10-06T02:08:57.647857+00:00,-1.90552,-55.55109,84.7,104.8,104.8,0,ÓBIDOS/PA,JURUTI/PA,,4.92,atrasado
710529470,2026-10-06T02:09:27.691903+00:00,-1.9071,-55.5451,84.7,116.6,116.6,0,ÓBIDOS/PA,JURUTI/PA,,4.92,atrasado
710529470,2026-10-06T02:10:03.468081+00:00,-1.9104,-55.53851,84.7,106.4,106.4,0,ÓBIDOS/PA,JURUTI/PA,,4.92,atrasado
710529470,2026-10-06T02:11:05.879763+00:00,-1.91402,-55.52618,84.7,125.1,125.1,0,ÓBIDOS/PA,JURUTI/PA,,4.92,atrasado
710529470,2026-10-06T02:11:56.018327+00:00,-1.91996,-55.51772,84.7,138.0,138.0,0,ÓBIDOS/PA,JURUTI/PA,,4.92,atrasado
710529470,2026-10-06T02:24:53.640367+00:00,-1.92006,-55.51763,0.0,0.0,0.0,5,ÓBIDOS/PA,JURUTI/PA,JURUTI/PA,4.92,atrasado
710529470,2026-10-06T03:36:46.054892+00:00,-1.92006,-55.51763,0.0,0.0,0.0,5,ÓBIDOS/PA,JURUTI/PA,JURUTI/PA,4.92,atrasado
710529470,2026-10-06T04:48:38.469416+00:00,-1.92006,-55.51763,0.0,0.0,0.0,5,ÓBIDOS/PA,JURUTI/PA,JURUTI/PA,4.92,atrasado
710529470,2026-10-06T06:00:30.883940+00:00,-1.92006,-55.51763,0.0,0.0,0.0,5,ÓBIDOS/PA,JURUTI/PA,JURUTI/PA,4.92,atrasado
710529470,2026-10-06T07:12:23.298464+00:00,-1.92006,-55.51763,25.5,138.3,138.3,0,SANTARÉM/PA,ÓBIDOS/PA,,4.95,atrasado
710529470,2026-10-06T07:15:01.719838+00:00,-1.9274,-55.51108,25.5,135.5,135.5,0,SANTARÉM/PA,ÓBIDOS/PA,,4.95,atrasado
710529470,2026-10-06T07:18:22.616062+00:00,-1.93629,-55.50233,25.5,139.8,139.8,0,SANTARÉM/PA,ÓBIDOS/PA,,4.95,atrasado
710529470,2026-10-06T07:21:08.016923+00:00,-1.94413,-55.4957,25.5,138.0,138.0,0,SANTARÉM/PA,ÓBIDOS/PA,,4.95,atrasado
710529470,2026-10-06T07:24:15.543498+00:00,-1.95278,-55.48791,25.5,136.0,136.0,0,SANTARÉM/PA,ÓBIDOS/PA,,4.95,atrasado
710529470,2026-10-06T07:27:16.700588+00:00,-1.96087,-55.4801,25.5,130.8,130.8,0,SANTARÉM/PA,ÓBIDOS/PA,,4.95,atrasado
710529470,2026-10-06T07:30:32.577580+00:00,-1.96881,-55.47089,25.5,132.4,132.4,0,SANTARÉM/PA,ÓBIDOS/PA,,4.95,atrasado
710529470,2026-10-06T07:32:36.446313+00:00,-1.974,-55.46521,25.5,134.2,134.2,0,SANTARÉM/PA,ÓBIDOS/PA,,4.95,atrasado
710529470,2026-10-06T07:34:17.935168+00:00,-1.97839,-55.46069,25.5,133.0,133.0,0,SANTARÉM/PA,ÓBIDOS/PA,,4.95,atrasado
710529470,2026-10-06T07:41:15.968569+00:00,-1.99609,-55.44171,25.5,136.7,136.7,0,SANTARÉM/PA,ÓBIDOS/PA,,4.95,atrasado
710529470,2026-10-06T07:48:04.205320+00:00,-2.01452,-55.42431,25.5,134.8,134.8,0,SANTARÉM/PA,ÓBIDOS/PA,,4.95,atrasado
710529470,2026-10-06T07:56:55.997128+00:00,-2.03778,-55.40088,25.5,133.3,133.3,0,SANTARÉM/PA,ÓBIDOS/PA,,4.95,atrasado
710529470,2026-10-06T08:05:30.619697+00:00,-2.05969,-55.37762,25.5,132.9,132.9,0,SANTARÉM/PA,ÓBIDOS/PA,,4.95,atrasado
710529470,2026-10-06T08:11:55.293899+00:00,-2.07593,-55.36011,25.5,130.8,130.8,0,SANTARÉM/PA,ÓBIDOS/PA,,4.95,atrasado
710529470,2026-10-06T08:17:24.979740+00:00,-2.08929,-55.3446,25.5,133.7,133.7,0,SANTARÉM/PA,ÓBIDOS/PA,,4.95,atrasado
710529470,2026-10-06T08:23:52.261075+00:00,-2.10589,-55.32721,25.5,128.7,128.7,0,SANTARÉM/PA,ÓBIDOS/PA,,4.95,atrasado
710529470,2026-10-06T08:31:07.942002+00:00,-2.1228,-55.30609,25.5,109.3,109.3,0,SANTARÉM/PA,ÓBIDOS/PA,,4.95,atrasado
710529470,2026-10-06T08:38:55.419320+00:00,-2.13238,-55.27869,25.5,103.2,103.2,0,SANTARÉM/PA,ÓBIDOS/PA,,4.95,atrasado
710529470,2026-10-06T08:44:22.463402+00:00,-2.13702,-55.25891,25.5,105.3,105.3,0,SANTARÉM/PA,ÓBIDOS/PA,,4.95,atrasado
710529470,2026-10-06T08:51:46.631747+00:00,-2.14429,-55.2323,25.5,100.8,100.8,0,SANTARÉM/PA,ÓBIDOS/PA,,4.95,atrasado
710529470,2026-10-06T09:00:55.921512+00:00,-2.15069,-55.19879,25.5,103.6,103.6,0,SANTARÉM/PA,ÓBIDOS/PA,,4.95,atrasado
710529470,2026-10-06T09:07:53.529808+00:00,-2.1568,-55.17358,25.5,99.9,99.9,0,SANTARÉM/PA,ÓBIDOS/PA,,4.95,atrasado
710529470,2026-10-06T09:16:13.229020+00:00,-2.16211,-55.143,25.5,97.2,97.2,0,SANTARÉM/PA,ÓBIDOS/PA,,4.95,atrasado
710529470,2026-10-06T09:24:18.589315+00:00,-2.16589,-55.1131,25.5,96.3,96.3,0,SANTARÉM/PA,ÓBIDOS/PA,,4.95,atrasado
710529470,2026-10-06T09:29:13.231993+00:00,-2.16791,-55.09491,25.5,101.1,101.1,0,SANTARÉM/PA,ÓBIDOS/PA,,4.95,atrasado
710529470,2026-10-06T09:32:26.542963+00:00,-2.17023,-55.08313,25.5,92.7,92.7,0,SANTARÉM/PA,ÓBIDOS/PA,,4.95,atrasado
710529470,2026-10-06T09:36:12.818402+00:00,-2.1709,-55.06909,25.5,85.2,85.2,0,SANTARÉM/PA,ÓBIDOS/PA,,4.95,atrasado
710529470,2026-10-06T09:42:40.379039+00:00,-2.16888,-55.0451,25.5,76.2,76.2,0,SANTARÉM/PA,ÓBIDOS/PA,,4.95,atrasado
710529470,2026-10-06T09:47:49.031289+00:00,-2.16431,-55.02649,25.5,73.2,73.2,0,SANTARÉM/PA,ÓBIDOS/PA,,4.95,atrasado
710529470,2026-10-06T09:52:28.230309+00:00,-2.1593,-55.00989,25.5,63.7,63.7,0,SANTARÉM/PA,ÓBIDOS/PA,,4.95,atrasado
710529470,2026-10-06T09:58:03.603142+00:00,-2.15008,-54.99121,25.5,69.6,69.6,0,SANTARÉM/PA,ÓBIDOS/PA,,4.95,atrasado
710529470,2026-10-06T10:01:03.963251+00:00,-2.14618,-54.98071,25.5,58.3,58.3,0,SANTARÉM/PA,ÓBIDOS/PA,,4.95,atrasado
710529470,2026-10-06T10:03:28.261949+00:00,-2.14148,-54.97308,25.5,66.5,66.5,0,SANTARÉM/PA,ÓBIDOS/PA,,4.95,atrasado
710529470,2026-10-06T10:06:08.924899+00:00,-2.13751,-54.96393,25.5,70.5,70.5,0,SANTARÉM/PA,ÓBIDOS/PA,,4.95,atrasado
710529470,2026-10-06T10:09:32.217564+00:00,-2.1333,-54.95202,25.5,75.7,75.7,0,SANTARÉM/PA,ÓBIDOS/PA,,4.95,atrasado
710529470,2026-10-06T10:12:35.742712+00:00,-2.13049,-54.94098,25.5,78.0,78.0,0,SANTARÉM/PA,ÓBIDOS/PA,,4.95,atrasado
710529470,2026-10-06T10:14:24.263082+00:00,-2.12909,-54.93439,25.5,79.9,79.9,0,SANTARÉM/PA,ÓBIDOS/PA,,4.95,atrasado
710529470,2026-10-06T10:16:39.984270+00:00,-2.12762,-54.92609,25.5,90.0,90.0,0,SANTARÉM/PA,ÓBIDOS/PA,,4.95,atrasado
710529470,2026-10-06T10:18:38.888862+00:00,-2.12762,-54.9187,25.5,83.7,83.7,0,SANTARÉM/PA,ÓBIDOS/PA,,4.95,atrasado
710529470,2026-10-06T10:20:53.354229+00:00,-2.12671,-54.9104,25.5,93.4,93.4,0,SANTARÉM/PA,ÓBIDOS/PA,,4.95,atrasado
710529470,2026-10-06T10:23:07.239255+00:00,-2.1272,-54.9021,25.5,98.2,98.2,0,SANTARÉM/PA,ÓBIDOS/PA,,4.95,atrasado
710529470,2026-10-06T10:25:59.988605+00:00,-2.12872,-54.89148,25.5,110.2,110.2,0,SANTARÉM/PA,ÓBIDOS/PA,,4.95,atrasado
710529470,2026-10-06T10:33:13.426612+00:00,-2.138,-54.86621,25.5,118.2,118.2,0,SANTARÉM/PA,ÓBIDOS/PA,,4.95,atrasado
710529470,2026-10-06T10:38:11.112378+00:00,-2.14673,-54.84991,25.5,126.9,126.9,0,SANTARÉM/PA,ÓBIDOS/PA,,4.95,atrasado
710529470,2026-10-06T10:42:32.967980+00:00,-2.15649,-54.83691,25.5,144.9,144.9,0,SANTARÉM/PA,ÓBIDOS/PA,,4.95,atrasado
710529470,2026-10-06T10:46:45.556832+00:00,-2.16931,-54.82788,25.5,147.1,147.1,0,SANTARÉM/PA,ÓBIDOS/PA,,4.95,atrasado
710529470,2026-10-06T10:49:37.634396+00:00,-2.17828,-54.82208,25.5,152.6,152.6,0,SANTARÉM/PA,ÓBIDOS/PA,,4.95,atrasado
710529470,2026-10-06T10:53:28.085574+00:00,-2.19098,-54.81549,25.5,149.9,149.9,0,SANTARÉM/PA,ÓBIDOS/PA,,4.95,atrasado
710529470,2026-10-06T10:58:51.011671+00:00,-2.20831,-54.80542,25.5,140.6,140.6,0,SANTARÉM/PA,ÓBIDOS/PA,,4.95,atrasado
710529470,2026-10-06T11:03:09.435534+00:00,-2.2207,-54.79523,25.5,129.0,129.0,0,SANTARÉM/PA,ÓBIDOS/PA,,4.95,atrasado
710529470,2026-10-06T11:08:29.510109+00:00,-2.23321,-54.77978,25.5,140.9,140.9,0,SANTARÉM/PA,ÓBIDOS/PA,,4.95,atrasado
710529470,2026-10-06T11:12:13.827016+00:00,-2.24402,-54.77099,25.5,145.3,145.3,0,SANTARÉM/PA,ÓBIDOS/PA,,4.95,atrasado
710529470,2026-10-06T11:17:02.100513+00:00,-2.25873,-54.7608,25.5,145.8,145.8,0,SANTARÉM/PA,ÓBIDOS/PA,,4.95,atrasado
710529470,2026-10-06T11:20:15.974474+00:00,-2.26867,-54.75403,25.5,142.2,142.2,0,SANTARÉM/PA,ÓBIDOS/PA,,4.95,atrasado
710529470,2026-10-06T11:25:28.453145+00:00,-2.28399,-54.74213,25.5,143.4,143.4,0,SANTARÉM/PA,ÓBIDOS/PA,,4.95,atrasado
710529470,2026-10-06T11:30:01.764295+00:00,-2.29761,-54.73199,25.5,152.2,152.2,0,SANTARÉM/PA,ÓBIDOS/PA,,4.95,atrasado
710529470,2026-10-06T11:34:27.401648+00:00,-2.31219,-54.7243,25.5,162.1,162.1,0,SANTARÉM/PA,ÓBIDOS/PA,,4.95,atrasado
710529470,2026-10-06T11:38:49.859033+00:00,-2.3277,-54.7193,25.5,160.4,160.4,0,SANTARÉM/PA,ÓBIDOS/PA,,4.95,atrasado
710529470,2026-10-06T11:43:28.537129+00:00,-2.34399,-54.7135,25.5,154.9,154.9,0,SANTARÉM/PA,ÓBIDOS/PA,,4.95,atrasado
710529470,2026-10-06T11:48:32.470802+00:00,-2.36108,-54.7055,25.5,155.7,155.7,0,SANTARÉM/PA,ÓBIDOS/PA,,4.95,atrasado
710529470,2026-10-06T11:52:19.105941+00:00,-2.3739,-54.69971,25.5,148.8,148.8,0,SANTARÉM/PA,ÓBIDOS/PA,,4.95,atrasado
710529470,2026-10-06T11:57:05.420737+00:00,-2.3891,-54.69049,25.5,150.8,150.8,0,SANTARÉM/PA,ÓBIDOS/PA,,4.95,atrasado
710529470,2026-10-06T12:02:41.275760+00:00,-2.40729,-54.6803,25.5,156.3,156.3,0,SANTARÉM/PA,ÓBIDOS/PA,,4.95,atrasado
710529470,2026-10-06T12:06:21.408440+00:00,-2.4198,-54.6748,25.5,154.7,154.7,0,SANTARÉM/PA,ÓBIDOS/PA,,4.95,atrasado
710529470,2026-10-06T12:09:00.179834+00:00,-2.42871,-54.67059,0.0,0.0,0.0,5,SANTARÉM/PA,ÓBIDOS/PA,ÓBIDOS/PA,4.95,atrasado
710529470,2026-10-06T13:17:47.976573+00:00,-2.42871,-54.67059,0.0,0.0,0.0,5,SANTARÉM/PA,ÓBIDOS/PA,ÓBIDOS/PA,4.95,atrasado
710529470,2026-10-06T14:26:35.773311+00:00,-2.42871,-54.67059,0.0,0.0,0.0,5,SANTARÉM/PA,ÓBIDOS/PA,ÓBIDOS/PA,4.95,atrasado
710529470,2026-10-06T15:35:23.570050+00:00,-2.42871,-54.67059,0.0,0.0,0.0,5,SANTARÉM/PA,ÓBIDOS/PA,ÓBIDOS/PA,4.95,atrasado
710529470,2026-10-06T16:44:11.366789+00:00,-2.42871,-54.67059,0.0,0.0,0.0,5,SANTARÉM/PA,ÓBIDOS/PA,ÓBIDOS/PA,4.95,atrasado
710529470,2026-10-06T17:52:59.163527+00:00,-2.42871,-54.67059,0.0,295.3,295.3,5,SANTARÉM/PA,ÓBIDOS/PA,ÓBIDOS/PA,4.95,atrasado
710529470,2026-10-06T18:07:34.139745+00:00,-2.41685,-54.69567,0.0,115.3,115.3,5,SANTARÉM/PA,MONTE ALEGRE/PA,MONTE ALEGRE/PA,4.8,atrasado
710529470,2026-10-06T19:01:46.960266+00:00,-2.42871,-54.67059,31.7,292.3,292.3,0,SANTARÉM/PA,MONTE ALEGRE/PA,,4.8,atrasado
710529470,2026-10-06T19:02:24.592503+00:00,-2.42761,-54.67328,31.7,295.9,295.9,0,SANTARÉM/PA,MONTE ALEGRE/PA,,4.8,atrasado
710529470,2026-10-06T19:07:40.496656+00:00,-2.41699,-54.69519,31.7,286.3,286.3,0,SANTARÉM/PA,MONTE ALEGRE/PA,,4.8,atrasado
710529470,2026-10-06T19:11:46.263750+00:00,-2.41685,-54.69567,0.0,0.0,0.0,5,SANTARÉM/PA,MONTE ALEGRE/PA,MONTE ALEGRE/PA,4.8,atrasado
710529470,2026-10-06T20:15:58.387754+00:00,-2.41685,-54.69567,0.0,0.0,0.0,5,SANTARÉM/PA,MONTE ALEGRE/PA,MONTE ALEGRE/PA,4.8,atrasado
710529470,2026-10-06T21:20:10.511759+00:00,-2.41685,-54.69567,0.0,0.0,0.0,5,SANTARÉM/PA,MONTE ALEGRE/PA,MONTE ALEGRE/PA,4.8,atrasado
710529470,2026-10-06T22:24:22.635763+00:00,-2.41685,-54.69567,0.0,0.0,0.0,5,SANTARÉM/PA,MONTE ALEGRE/PA,MONTE ALEGRE/PA,4.8,atrasado
710529470,2026-10-06T23:28:34.759767+00:00,-2.41685,-54.69567,0.0,275.3,275.3,5,SANTARÉM/PA,MONTE ALEGRE/PA,MONTE ALEGRE/PA,4.8,atrasado
710529470,2026-10-06T23:57:57.973463+00:00,-2.41313,-54.73607,0.0,95.3,95.3,5,SANTARÉM/PA,MONTE ALEGRE/PA,MONTE ALEGRE/PA,4.46,atrasado
710529470,2026-10-07T00:32:46.883772+00:00,-2.41685,-54.69567,0.0,275.3,275.3,5,SANTARÉM/PA,MONTE ALEGRE/PA,MONTE ALEGRE/PA,4.8,atrasado
710529470,2026-10-07T01:00:49.306949+00:00,-2.41313,-54.73607,0.0,95.3,95.3,5,SANTARÉM/PA,MONTE ALEGRE/PA,MONTE ALEGRE/PA,4.46,atrasado
710529470,2026-10-07T01:36:59.007776+00:00,-2.41685,-54.69567,46.9,286.8,286.8,0,SANTARÉM/PA,MONTE ALEGRE/PA,,4.46,atrasado
710529470,2026-10-07T01:38:53.663093+00:00,-2.41308,-54.70819,46.9,265.5,265.5,0,SANTARÉM/PA,MONTE ALEGRE/PA,,4.46,atrasado
710529470,2026-10-07T01:41:12.442198+00:00,-2.41431,-54.72397,46.9,275.7,275.7,0,SANTARÉM/PA,MONTE ALEGRE/PA,,4.46,atrasado
710529470,2026-10-07T01:42:54.922887+00:00,-2.41316,-54.7356,46.9,273.7,273.7,0,SANTARÉM/PA,MONTE ALEGRE/PA,,4.46,atrasado
710529470,2026-10-07T02:03:40.640435+00:00,-2.41313,-54.73607,0.0,0.0,0.0,5,SANTARÉM/PA,MONTE ALEGRE/PA,MONTE ALEGRE/PA,4.46,atrasado
710529470,2026-10-07T03:06:31.973921+00:00,-2.41313,-54.73607,0.0,0.0,0.0,5,SANTARÉM/PA,MONTE ALEGRE/PA,MONTE ALEGRE/PA,4.46,atrasado
710529470,2026-10-07T04:09:23.307407+00:00,-2.41313,-54.73607,0.0,0.0,0.0,5,SANTARÉM/PA,MONTE ALEGRE/PA,MONTE ALEGRE/PA,4.46,atrasado
710529470,2026-10-07T05:12:14.640893+00:00,-2.41313,-54.73607,0.0,0.0,0.0,5,SANTARÉM/PA,MONTE ALEGRE/PA,MONTE ALEGRE/PA,4.46,atrasado
710529470,2026-10-07T06:15:05.974379+00:00,-2.41313,-54.73607,0.0,95.3,95.3,5,SANTARÉM/PA,MONTE ALEGRE/PA,MONTE ALEGRE/PA,4.46,atrasado
710529470,2026-10-07T06:41:29.927124+00:00,-2.41685,-54.69567,0.0,275.3,275.3,5,SANTARÉM/PA,ÓBIDOS/PA,ÓBIDOS/PA,5.0,atrasado
710529470,2026-10-07T07:17:57.307865+00:00,-2.41313,-54.73607,46.9,93.7,93.7,0,SANTARÉM/PA,ÓBIDOS/PA,,5.0,atrasado
710529470,2026-10-07T07:18:01.392754+00:00,-2.41316,-54.7356,46.9,95.7,95.7,0,SANTARÉM/PA,ÓBIDOS/PA,,5.0,atrasado
710529470,2026-10-07T07:19:43.873443+00:00,-2.41431,-54.72397,46.9,85.5,85.5,0,SANTARÉM/PA,ÓBIDOS/PA,,5.0,atrasado
710529470,2026-10-07T07:22:02.652548+00:00,-2.41308,-54.70819,46.9,106.8,106.8,0,SANTARÉM/PA,ÓBIDOS/PA,,5.0,atrasado
710529470,2026-10-07T07:46:13.871422+00:00,-2.41685,-54.69567,0.0,0.0,0.0,5,SANTARÉM/PA,ÓBIDOS/PA,ÓBIDOS/PA,5.0,atrasado
710529470,2026-10-07T08:50:57.815720+00:00,-2.41685,-54.69567,0.0,0.0,0.0,5,SANTARÉM/PA,ÓBIDOS/PA,ÓBIDOS/PA,5.0,atrasado
710529470,2026-10-07T09:55:41.760019+00:00,-2.41685,-54.69567,0.0,0.0,0.0,5,SANTARÉM/PA,ÓBIDOS/PA,ÓBIDOS/PA,5.0,atrasado
710529470,2026-10-07T11:00:25.704317+00:00,-2.41685,-54.69567,0.0,0.0,0.0,5,SANTARÉM/PA,ÓBIDOS/PA,ÓBIDOS/PA,5.0,atrasado
710529470,2026-10-07T12:05:09.648615+00:00,-2.41685,-54.69567,4.3,106.3,106.3,0,SANTARÉM/PA,ÓBIDOS/PA,,5.0,atrasado
710529470,2026-10-07T12:05:56.757529+00:00,-2.41699,-54.69519,4.3,115.9,115.9,0,SANTARÉM/PA,ÓBIDOS/PA,,5.0,atrasado
710529470,2026-10-07T12:44:19.170994+00:00,-2.42761,-54.67328,4.3,112.3,112.3,0,SANTARÉM/PA,ÓBIDOS/PA,,5.0,atrasado
710529470,2026-10-07T12:48:53.447124+00:00,-2.42871,-54.67059,0.0,0.0,0.0,5,SANTARÉM/PA,ÓBIDOS/PA,ÓBIDOS/PA,5.0,atrasado
710529470,2026-10-07T13:52:54.175349+00:00,-2.42871,-54.67059,0.0,0.0,0.0,5,SANTARÉM/PA,ÓBIDOS/PA,ÓBIDOS/PA,5.0,atrasado
710529470,2026-10-07T14:56:54.903573+00:00,-2.42871,-54.67059,0.0,0.0,0.0,5,SANTARÉM/PA,ÓBIDOS/PA,ÓBIDOS/PA,5.0,atrasado
710529470,2026-10-07T16:00:55.631798+00:00,-2.42871,-54.67059,0.0,0.0,0.0,5,SANTARÉM/PA,ÓBIDOS/PA,ÓBIDOS/PA,5.0,atrasado
710529470,2026-10-07T17:04:56.360023+00:00,-2.42871,-54.67059,0.0,0.0,0.0,5,SANTARÉM/PA,ÓBIDOS/PA,ÓBIDOS/PA,5.0,atrasado
710529470,2026-10-07T18:08:57.088247+00:00,-2.42871,-54.67059,0.0,111.4,111.4,5,SANTARÉM/PA,ÓBIDOS/PA,ÓBIDOS/PA,5.0,atrasado
710529470,2026-10-07T18:51:13.295044+00:00,-2.44856,-54.61999,0.0,291.4,291.4,5,MONTE ALEGRE/PA,SANTARÉM/PA,SANTARÉM/PA,4.78,atrasado
710529470,2026-10-07T19:12:57.816472+00:00,-2.42871,-54.67059,0.0,111.4,111.4,5,SANTARÉM/PA,ÓBIDOS/PA,ÓBIDOS/PA,5.0,atrasado
710529470,2026-10-07T20:00:12.176798+00:00,-2.44856,-54.61999,0.0,291.4,291.4,5,MONTE ALEGRE/PA,SANTARÉM/PA,SANTARÉM/PA,4.78,atrasado
710529470,2026-10-07T20:16:58.544697+00:00,-2.42871,-54.67059,62.1,112.0,112.0,0,MONTE ALEGRE/PA,SANTARÉM/PA,,4.78,atrasado
710529470,2026-10-07T20:20:24.224385+00:00,-2.44031,-54.64178,62.1,110.8,110.8,0,MONTE ALEGRE/PA,SANTARÉM/PA,,4.78,atrasado
710529470,2026-10-07T21:09:11.058552+00:00,-2.44856,-54.61999,0.0,0.0,0.0,5,MONTE ALEGRE/PA,SANTARÉM/PA,SANTARÉM/PA,4.78,atrasado
710529470,2026-10-07T22:18:09.940306+00:00,-2.44856,-54.61999,0.0,0.0,0.0,5,MONTE ALEGRE/PA,SANTARÉM/PA,SANTARÉM/PA,4.78,atrasado
710529470,2026-10-07T23:27:08.822060+00:00,-2.44856,-54.61999,0.0,0.0,0.0,5,MONTE ALEGRE/PA,SANTARÉM/PA,SANTARÉM/PA,4.78,atrasado
710529470,2026-10-08T00:36:07.703814+00:00,-2.44856,-54.61999,23.0,110.9,110.9,0,MONTE ALEGRE/PA,SANTARÉM/PA,,5.0,atrasado
710529470,2026-10-08T00:36:43.909022+00:00,-2.44928,-54.6181,23.0,104.8,104.8,0,MONTE ALEGRE/PA,SANTARÉM/PA,,5.0,atrasado
710529470,2026-10-08T00:42:00.508061+00:00,-2.45379,-54.60101,23.0,101.1,101.1,0,MONTE ALEGRE/PA,SANTARÉM/PA,,5.0,atrasado
710529470,2026-10-08T00:47:17.994491+00:00,-2.45721,-54.58362,23.0,82.4,82.4,0,MONTE ALEGRE/PA,SANTARÉM/PA,,5.0,atrasado
710529470,2026-10-08T00:56:01.732816+00:00,-2.45337,-54.55463,23.0,97.1,97.1,0,MONTE ALEGRE/PA,SANTARÉM/PA,,5.0,atrasado
710529470,2026-10-08T01:00:27.201834+00:00,-2.4552,-54.53992,23.0,88.7,88.7,0,MONTE ALEGRE/PA,SANTARÉM/PA,,5.0,atrasado
710529470,2026-10-08T01:02:52.601946+00:00,-2.45502,-54.5318,23.0,98.5,98.5,0,MONTE ALEGRE/PA,SANTARÉM/PA,,5.0,atrasado
710529470,2026-10-08T01:05:28.423780+00:00,-2.4563,-54.52319,23.0,79.7,79.7,0,MONTE ALEGRE/PA,SANTARÉM/PA,,5.0,atrasado
710529470,2026-10-08T01:08:56.205706+00:00,-2.45422,-54.51178,23.0,80.5,80.5,0,MONTE ALEGRE/PA,SANTARÉM/PA,,5.0,atrasado
710529470,2026-10-08T01:12:47.836540+00:00,-2.45208,-54.49902,23.0,77.2,77.2,0,MONTE ALEGRE/PA,SANTARÉM/PA,,5.0,atrasado
710529470,2026-10-08T01:19:47.076151+00:00,-2.4469,-54.47619,23.0,79.1,79.1,0,MONTE ALEGRE/PA,SANTARÉM/PA,,5.0,atrasado
710529470,2026-10-08T01:24:24.276248+00:00,-2.44397,-54.461,23.0,68.7,68.7,0,MONTE ALEGRE/PA,SANTARÉM/PA,,5.0,atrasado
710529470,2026-10-08T01:31:37.286182+00:00,-2.43518,-54.43847,23.0,62.4,62.4,0,MONTE ALEGRE/PA,SANTARÉM/PA,,5.0,atrasado
710529470,2026-10-08T01:35:45.214064+00:00,-2.42877,-54.42621,23.0,62.0,62.0,0,MONTE ALEGRE/PA,SANTARÉM/PA,,5.0,atrasado
710529470,2026-10-08T01:40:53.336610+00:00,-2.42071,-54.41101,23.0,58.2,58.2,0,MONTE ALEGRE/PA,SANTARÉM/PA,,5.0,atrasado
710529470,2026-10-08T01:45:56.731718+00:00,-2.4118,-54.39661,23.0,70.5,70.5,0,MONTE ALEGRE/PA,SANTARÉM/PA,,5.0,atrasado
710529470,2026-10-08T01:49:03.463407+00:00,-2.40832,-54.38678,23.0,78.2,78.2,0,MONTE ALEGRE/PA,SANTARÉM/PA,,5.0,atrasado
710529470,2026-10-08T01:52:09.983526+00:00,-2.40619,-54.37658,23.0,84.4,84.4,0,MONTE ALEGRE/PA,SANTARÉM/PA,,5.0,atrasado
710529470,2026-10-08T01:56:07.178176+00:00,-2.4049,-54.3634,23.0,88.1,88.1,0,MONTE ALEGRE/PA,SANTARÉM/PA,,5.0,atrasado
710529470,2026-10-08T01:59:57.957661+00:00,-2.40448,-54.35052,23.0,90.9,90.9,0,MONTE ALEGRE/PA,SANTARÉM/PA,,5.0,atrasado
710529470,2026-10-08T02:02:09.160756+00:00,-2.4046,-54.3432,23.0,95.0,95.0,0,MONTE ALEGRE/PA,SANTARÉM/PA,,5.0,atrasado
710529470,2026-10-08T02:05:31.024144+00:00,-2.40558,-54.33197,23.0,90.0,90.0,0,MONTE ALEGRE/PA,SANTARÉM/PA,,5.0,atrasado
710529470,2026-10-08T02:08:25.925231+00:00,-2.40558,-54.3222,23.0,90.0,90.0,0,MONTE ALEGRE/PA,SANTARÉM/PA,,5.0,atrasado
710529470,2026-10-08T02:11:02.254494+00:00,-2.40558,-54.31347,23.0,87.9,87.9,0,MONTE ALEGRE/PA,SANTARÉM/PA,,5.0,atrasado
710529470,2026-10-08T02:14:04.903425+00:00,-2.40521,-54.30328,23.0,90.0,90.0,0,MONTE ALEGRE/PA,SANTARÉM/PA,,5.0,atrasado
710529470,2026-10-08T02:16:20.458071+00:00,-2.40521,-54.29571,23.0,98.0,98.0,0,MONTE ALEGRE/PA,SANTARÉM/PA,,5.0,atrasado
710529470,2026-10-08T02:18:50.553996+00:00,-2.40637,-54.28741,23.0,109.0,109.0,0,MONTE ALEGRE/PA,SANTARÉM/PA,,5.0,atrasado
710529470,2026-10-08T02:21:15.063454+00:00,-2.40899,-54.27978,23.0,104.8,104.8,0,MONTE ALEGRE/PA,SANTARÉM/PA,,5.0,atrasado
710529470,2026-10-08T02:23:28.429109+00:00,-2.41089,-54.27258,23.0,93.8,93.8,0,MONTE ALEGRE/PA,SANTARÉM/PA,,5.0,atrasado
710529470,2026-10-08T02:26:47.798096+00:00,-2.41162,-54.26147,23.0,69.5,69.5,0,MONTE ALEGRE/PA,SANTARÉM/PA,,5.0,atrasado
710529470,2026-10-08T02:30:23.645145+00:00,-2.40741,-54.25018,23.0,63.9,63.9,0,MONTE ALEGRE/PA,SANTARÉM/PA,,5.0,atrasado
710529470,2026-10-08T02:33:15.262490+00:00,-2.4032,-54.24158,23.0,60.6,60.6,0,MONTE ALEGRE/PA,SANTARÉM/PA,,5.0,atrasado
710529470,2026-10-08T02:36:35.974643+00:00,-2.3977,-54.23181,23.0,66.2,66.2,0,MONTE ALEGRE/PA,SANTARÉM/PA,,5.0,atrasado
710529470,2026-10-08T02:42:44.066893+00:00,-2.3894,-54.21301,23.0,64.7,64.7,0,MONTE ALEGRE/PA,SANTARÉM/PA,,5.0,atrasado
710529470,2026-10-08T02:46:08.488975+00:00,-2.38452,-54.2027,23.0,67.4,67.4,0,MONTE ALEGRE/PA,SANTARÉM/PA,,5.0,atrasado
710529470,2026-10-08T02:54:15.162504+00:00,-2.37408,-54.17761,23.0,63.3,63.3,0,MONTE ALEGRE/PA,SANTARÉM/PA,,5.0,atrasado
710529470,2026-10-08T02:59:02.647157+00:00,-2.36688,-54.16327,23.0,62.5,62.5,0,MONTE ALEGRE/PA,SANTARÉM/PA,,5.0,atrasado
710529470,2026-10-08T03:02:54.468402+00:00,-2.3609,-54.15179,23.0,55.3,55.3,0,MONTE ALEGRE/PA,SANTARÉM/PA,,5.0,atrasado
710529470,2026-10-08T03:06:21.906307+00:00,-2.35431,-54.14227,23.0,50.1,50.1,0,MONTE ALEGRE/PA,SANTARÉM/PA,,5.0,atrasado
710529470,2026-10-08T03:09:07.289138+00:00,-2.34839,-54.13519,23.0,56.9,56.9,0,MONTE ALEGRE/PA,SANTARÉM/PA,,5.0,atrasado
710529470,2026-10-08T03:11:51.634603+00:00,-2.34338,-54.1275,23.0,51.9,51.9,0,MONTE ALEGRE/PA,SANTARÉM/PA,,5.0,atrasado
710529470,2026-10-08T03:18:23.414808+00:00,-2.32989,-54.11029,23.0,39.4,39.4,0,MONTE ALEGRE/PA,SANTARÉM/PA,,5.0,atrasado
710529470,2026-10-08T03:22:45.296846+00:00,-2.3186,-54.10101,23.0,36.1,36.1,0,MONTE ALEGRE/PA,SANTARÉM/PA,,5.0,atrasado
710529470,2026-10-08T03:27:20.077137+00:00,-2.30621,-54.09198,23.0,31.2,31.2,0,MONTE ALEGRE/PA,SANTARÉM/PA,,5.0,atrasado
710529470,2026-10-08T03:33:08.041158+00:00,-2.28961,-54.08191,23.0,33.7,33.7,0,MONTE ALEGRE/PA,SANTARÉM/PA,,5.0,atrasado
710529470,2026-10-08T03:38:51.129832+00:00,-2.27368,-54.07129,23.0,33.4,33.4,0,MONTE ALEGRE/PA,SANTARÉM/PA,,5.0,atrasado
710529470,2026-10-08T03:42:57.486354+00:00,-2.2622,-54.06372,23.0,31.6,31.6,0,MONTE ALEGRE/PA,SANTARÉM/PA,,5.0,atrasado
710529470,2026-10-08T03:46:57.605197+00:00,-2.25079,-54.0567,23.0,27.0,27.0,0,MONTE ALEGRE/PA,SANTARÉM/PA,,5.0,atrasado
710529470,2026-10-08T03:52:43.986896+00:00,-2.23358,-54.04791,23.0,20.0,20.0,0,MONTE ALEGRE/PA,SANTARÉM/PA,,5.0,atrasado
710529470,2026-10-08T03:57:22.202534+00:00,-2.21899,-54.0426,23.0,15.3,15.3,0,MONTE ALEGRE/PA,SANTARÉM/PA,,5.0,atrasado
710529470,2026-10-08T04:02:19.484178+00:00,-2.203,-54.03821,23.0,4.7,4.7,0,MONTE ALEGRE/PA,SANTARÉM/PA,,5.0,atrasado
710529470,2026-10-08T04:06:44.030356+00:00,-2.18829,-54.03699,23.0,2.5,2.5,0,MONTE ALEGRE/PA,SANTARÉM/PA,,5.0,atrasado
710529470,2026-10-08T04:11:27.661892+00:00,-2.17248,-54.03631,23.0,0.0,0.0,0,MONTE ALEGRE/PA,SANTARÉM/PA,,5.0,atrasado
710529470,2026-10-08T04:16:12.113399+00:00,-2.15661,-54.03631,23.0,357.6,357.6,0,MONTE ALEGRE/PA,SANTARÉM/PA,,5.0,atrasado
710529470,2026-10-08T04:20:57.911929+00:00,-2.14068,-54.03699,23.0,352.9,352.9,0,MONTE ALEGRE/PA,SANTARÉM/PA,,5.0,atrasado
710529470,2026-10-08T04:24:39.507944+00:00,-2.12842,-54.03851,23.0,0.0,0.0,0,MONTE ALEGRE/PA,SANTARÉM/PA,,5.0,atrasado
710529470,2026-10-08T04:26:39.838335+00:00,-2.1217,-54.03851,23.0,12.2,12.2,0,MONTE ALEGRE/PA,SANTARÉM/PA,,5.0,atrasado
710529470,2026-10-08T04:28:48.588933+00:00,-2.11468,-54.03699,23.0,27.9,27.9,0,MONTE ALEGRE/PA,SANTARÉM/PA,,5.0,atrasado
710529470,2026-10-08T04:31:18.334016+00:00,-2.1073,-54.03308,23.0,33.1,33.1,0,MONTE ALEGRE/PA,SANTARÉM/PA,,5.0,atrasado
710529470,2026-10-08T04:33:48.505407+00:00,-2.10028,-54.0285,23.0,27.4,27.4,0,MONTE ALEGRE/PA,SANTARÉM/PA,,5.0,atrasado
710529470,2026-10-08T04:35:51.794083+00:00,-2.09418,-54.02533,23.0,27.1,27.1,0,MONTE ALEGRE/PA,SANTARÉM/PA,,5.0,atrasado
710529470,2026-10-08T04:39:20.695102+00:00,-2.0838,-54.02002,23.0,20.6,20.6,0,MONTE ALEGRE/PA,SANTARÉM/PA,,5.0,atrasado
710529470,2026-10-08T04:41:50.254932+00:00,-2.07599,-54.01709,23.0,26.6,26.6,0,MONTE ALEGRE/PA,SANTARÉM/PA,,5.0,atrasado
710529470,2026-10-08T04:45:18.178472+00:00,-2.06561,-54.0119,23.0,25.4,25.4,0,MONTE ALEGRE/PA,SANTARÉM/PA,,5.0,atrasado
710529470,2026-10-08T04:48:52.506321+00:00,-2.05481,-54.00677,23.0,32.0,32.0,0,MONTE ALEGRE/PA,SANTARÉM/PA,,5.0,atrasado
710529470,2026-10-08T04:50:15.527124+00:00,-2.05088,-54.00431,0.0,0.0,0.0,5,MONTE ALEGRE/PA,SANTARÉM/PA,SANTARÉM/PA,5.0,atrasado
710529470,2026-10-08T05:53:43.298731+00:00,-2.05088,-54.00431,0.0,0.0,0.0,5,MONTE ALEGRE/PA,SANTARÉM/PA,SANTARÉM/PA,5.0,atrasado
710529470,2026-10-08T06:57:11.070337+00:00,-2.05088,-54.00431,0.0,0.0,0.0,5,MONTE ALEGRE/PA,SANTARÉM/PA,SANTARÉM/PA,5.0,atrasado
710529470,2026-10-08T08:00:38.841944+00:00,-2.05088,-54.00431,0.0,0.0,0.0,5,MONTE ALEGRE/PA,SANTARÉM/PA,SANTARÉM/PA,5.0,atrasado
710529470,2026-10-08T09:04:06.613551+00:00,-2.05088,-54.00431,0.0,0.0,0.0,5,MONTE ALEGRE/PA,SANTARÉM/PA,SANTARÉM/PA,5.0,atrasado
710529470,2026-10-08T10:07:34.385158+00:00,-2.05088,-54.00431,20.6,32.1,32.1,0,PRAINHA/PA,MONTE ALEGRE/PA,,4.95,atrasado
710529470,2026-10-08T10:09:53.762783+00:00,-2.04498,-54.00061,20.6,34.9,34.9,0,PRAINHA/PA,MONTE ALEGRE/PA,,4.95,atrasado
710529470,2026-10-08T10:15:22.587740+00:00,-2.03149,-53.99121,20.6,45.3,45.3,0,PRAINHA/PA,MONTE ALEGRE/PA,,4.95,atrasado
710529470,2026-10-08T10:20:35.045265+00:00,-2.02051,-53.9801,20.6,49.9,49.9,0,PRAINHA/PA,MONTE ALEGRE/PA,,4.95,atrasado
710529470,2026-10-08T10:28:06.379832+00:00,-2.00598,-53.96283,20.6,52.9,52.9,0,PRAINHA/PA,MONTE ALEGRE/PA,,4.95,atrasado
710529470,2026-10-08T10:35:45.545452+00:00,-1.99212,-53.94452,20.6,58.3,58.3,0,PRAINHA/PA,MONTE ALEGRE/PA,,4.95,atrasado
710529470,2026-10-08T10:42:18.460419+00:00,-1.98181,-53.92779,20.6,68.9,68.9,0,PRAINHA/PA,MONTE ALEGRE/PA,,4.95,atrasado
710529470,2026-10-08T10:53:59.675131+00:00,-1.96918,-53.89508,20.6,76.9,76.9,0,PRAINHA/PA,MONTE ALEGRE/PA,,4.95,atrasado
710529470,2026-10-08T11:00:16.809453+00:00,-1.9649,-53.87671,20.6,74.1,74.1,0,PRAINHA/PA,MONTE ALEGRE/PA,,4.95,atrasado
710529470,2026-10-08T11:09:40.029993+00:00,-1.95721,-53.84961,20.6,65.5,65.5,0,PRAINHA/PA,MONTE ALEGRE/PA,,4.95,atrasado
710529470,2026-10-08T11:18:18.891893+00:00,-1.94647,-53.82599,20.6,60.5,60.5,0,PRAINHA/PA,MONTE ALEGRE/PA,,4.95,atrasado
710529470,2026-10-08T11:23:26.044490+00:00,-1.9389,-53.81262,20.6,54.0,54.0,0,PRAINHA/PA,MONTE ALEGRE/PA,,4.95,atrasado
710529470,2026-10-08T11:28:18.772269+00:00,-1.9303,-53.80078,20.6,54.5,54.5,0,PRAINHA/PA,MONTE ALEGRE/PA,,4.95,atrasado
710529470,2026-10-08T11:33:42.561584+00:00,-1.9209,-53.7876,20.6,58.8,58.8,0,PRAINHA/PA,MONTE ALEGRE/PA,,4.95,atrasado
710529470,2026-10-08T11:38:27.859938+00:00,-1.91351,-53.77539,20.6,60.1,60.1,0,PRAINHA/PA,MONTE ALEGRE/PA,,4.95,atrasado
710529470,2026-10-08T11:46:18.072756+00:00,-1.90179,-53.755,20.6,69.8,69.8,0,PRAINHA/PA,MONTE ALEGRE/PA,,4.95,atrasado
710529470,2026-10-08T11:53:24.731899+00:00,-1.89441,-53.73498,20.6,75.1,75.1,0,PRAINHA/PA,MONTE ALEGRE/PA,,4.95,atrasado
710529470,2026-10-08T12:00:26.572436+00:00,-1.88898,-53.7146,20.6,81.8,81.8,0,PRAINHA/PA,MONTE ALEGRE/PA,,4.95,atrasado
710529470,2026-10-08T12:10:09.751737+00:00,-1.88482,-53.68573,20.6,92.7,92.7,0,PRAINHA/PA,MONTE ALEGRE/PA,,4.95,atrasado
710529470,2026-10-08T12:19:45.157172+00:00,-1.88617,-53.65698,20.6,96.2,96.2,0,PRAINHA/PA,MONTE ALEGRE/PA,,4.95,atrasado
710529470,2026-10-08T12:22:57.884933+00:00,-1.88721,-53.6474,20.6,92.1,92.1,0,PRAINHA/PA,MONTE ALEGRE/PA,,4.95,atrasado
710529470,2026-10-08T12:27:14.338236+00:00,-1.88769,-53.63458,20.6,80.1,80.1,0,PRAINHA/PA,MONTE ALEGRE/PA,,4.95,atrasado
710529470,2026-10-08T12:33:35.951718+00:00,-1.8844,-53.61578,20.6,79.4,79.4,0,PRAINHA/PA,MONTE ALEGRE/PA,,4.95,atrasado
710529470,2026-10-08T12:37:35.551220+00:00,-1.8822,-53.604,20.6,65.8,65.8,0,PRAINHA/PA,MONTE ALEGRE/PA,,4.95,atrasado
710529470,2026-10-08T12:41:04.229815+00:00,-1.87793,-53.59448,20.6,65.8,65.8,0,PRAINHA/PA,MONTE ALEGRE/PA,,4.95,atrasado
710529470,2026-10-08T12:45:35.736922+00:00,-1.87237,-53.58209,20.6,62.8,62.8,0,PRAINHA/PA,MONTE ALEGRE/PA,,4.95,atrasado
710529470,2026-10-08T12:52:35.509386+00:00,-1.86279,-53.56341,20.6,68.6,68.6,0,PRAINHA/PA,MONTE ALEGRE/PA,,4.95,atrasado
710529470,2026-10-08T13:03:54.518206+00:00,-1.8504,-53.5318,20.6,58.3,58.3,0,PRAINHA/PA,MONTE ALEGRE/PA,,4.95,atrasado
710529470,2026-10-08T13:15:01.489960+00:00,-1.83288,-53.50342,20.6,58.7,58.7,0,PRAINHA/PA,MONTE ALEGRE/PA,,4.95,atrasado
710529470,2026-10-08T13:21:02.982718+00:00,-1.82349,-53.48797,20.6,63.5,63.5,0,PRAINHA/PA,MONTE ALEGRE/PA,,4.95,atrasado
710529470,2026-10-08T13:25:36.995969+00:00,-1.81738,-53.47571,0.0,0.0,0.0,5,PRAINHA/PA,MONTE ALEGRE/PA,MONTE ALEGRE/PA,4.95,atrasado
710529470,2026-10-08T14:30:44.240710+00:00,-1.81738,-53.47571,0.0,0.0,0.0,5,PRAINHA/PA,MONTE ALEGRE/PA,MONTE ALEGRE/PA,4.95,atrasado
710529470,2026-10-08T15:35:51.485451+00:00,-1.81738,-53.47571,0.0,0.0,0.0,5,PRAINHA/PA,MONTE ALEGRE/PA,MONTE ALEGRE/PA,4.95,atrasado
710529470,2026-10-08T16:40:58.730191+00:00,-1.81738,-53.47571,0.0,0.0,0.0,5,PRAINHA/PA,MONTE ALEGRE/PA,MONTE ALEGRE/PA,4.95,atrasado
710529470,2026-10-08T17:46:05.974932+00:00,-1.81738,-53.47571,0.0,0.0,0.0,5,PRAINHA/PA,MONTE ALEGRE/PA,MONTE ALEGRE/PA,4.95,atrasado
710529470,2026-10-08T18:51:13.219672+00:00,-1.81738,-53.47571,0.0,253.6,253.6,5,PRAINHA/PA,MONTE ALEGRE/PA,MONTE ALEGRE/PA,4.95,atrasado
710529470,2026-10-08T19:56:20.464413+00:00,-3.35217,-58.7467,36.7,108.1,108.1,0,ITACOATIARA/AM,MANAUS/AM,,4.92,atrasado
710529470,2026-10-08T20:00:11.471569+00:00,-3.35858,-58.72711,36.7,103.0,103.0,0,ITACOATIARA/AM,MANAUS/AM,,4.92,atrasado
710529470,2026-10-08T20:08:06.598039+00:00,-3.3681,-58.68579,36.7,94.7,94.7,0,ITACOATIARA/AM,MANAUS/AM,,4.92,atrasado
710529470,2026-10-08T20:15:16.850769+00:00,-3.37127,-58.64752,36.7,84.6,84.6,0,ITACOATIARA/AM,MANAUS/AM,,4.92,atrasado
710529470,2026-10-08T20:19:04.187371+00:00,-3.36938,-58.62732,36.7,65.1,65.1,0,ITACOATIARA/AM,MANAUS/AM,,4.92,atrasado
710529470,2026-10-08T20:22:38.413365+00:00,-3.36133,-58.60998,36.7,62.9,62.9,0,ITACOATIARA/AM,MANAUS/AM,,4.92,atrasado
710529470,2026-10-08T20:24:37.431513+00:00,-3.3565,-58.60052,36.7,43.0,43.0,0,ITACOATIARA/AM,MANAUS/AM,,4.92,atrasado
710529470,2026-10-08T20:26:29.784305+00:00,-3.34918,-58.59369,36.7,31.9,31.9,0,ITACOATIARA/AM,MANAUS/AM,,4.92,atrasado
710529470,2026-10-08T20:29:29.700486+00:00,-3.33557,-58.5852,36.7,23.1,23.1,0,ITACOATIARA/AM,MANAUS/AM,,4.92,atrasado
710529470,2026-10-08T20:32:06.808217+00:00,-3.32269,-58.57971,36.7,23.8,23.8,0,ITACOATIARA/AM,MANAUS/AM,,4.92,atrasado
710529470,2026-10-08T20:35:30.398998+00:00,-3.30609,-58.57239,36.7,9.6,9.6,0,ITACOATIARA/AM,MANAUS/AM,,4.92,atrasado
710529470,2026-10-08T20:38:01.865378+00:00,-3.29278,-58.57013,36.7,5.3,5.3,0,ITACOATIARA/AM,MANAUS/AM,,4.92,atrasado
710529470,2026-10-08T20:40:44.225915+00:00,-3.27838,-58.56878,36.7,6.7,6.7,0,ITACOATIARA/AM,MANAUS/AM,,4.92,atrasado
710529470,2026-10-08T20:44:13.245988+00:00,-3.25989,-58.56659,36.7,13.6,13.6,0,ITACOATIARA/AM,MANAUS/AM,,4.92,atrasado
710529470,2026-10-08T20:47:19.974960+00:00,-3.24371,-58.56268,36.7,17.7,17.7,0,ITACOATIARA/AM,MANAUS/AM,,4.92,atrasado
710529470,2026-10-08T20:52:37.093337+00:00,-3.21679,-58.55408,36.7,34.4,34.4,0,ITACOATIARA/AM,MANAUS/AM,,4.92,atrasado
710529470,2026-10-08T20:56:46.824193+00:00,-3.19842,-58.5415,36.7,41.8,41.8,0,ITACOATIARA/AM,MANAUS/AM,,4.92,atrasado
710529470,2026-10-08T21:01:24.133269+00:00,-3.17999,-58.52502,36.7,30.5,30.5,0,ITACOATIARA/AM,MANAUS/AM,,4.92,atrasado
710529470,2026-10-08T21:05:52.686555+00:00,-3.15938,-58.51285,36.7,42.0,42.0,0,ITACOATIARA/AM,MANAUS/AM,,4.92,atrasado
710529470,2026-10-08T21:09:38.252241+00:00,-3.14445,-58.49937,36.7,59.5,59.5,0,ITACOATIARA/AM,MANAUS/AM,,4.92,atrasado
710529470,2026-10-08T21:11:16.671890+00:00,-3.14,-58.49181,36.7,73.7,73.7,0,ITACOATIARA/AM,MANAUS/AM,,4.92,atrasado
710529470,2026-10-08T21:12:52.658166+00:00,-3.1376,-58.48359,0.0,0.0,0.0,5,ITACOATIARA/AM,MANAUS/AM,MANAUS/AM,4.92,atrasado
710529470,2026-10-08T22:20:47.829189+00:00,-3.1376,-58.48359,0.0,0.0,0.0,5,ITACOATIARA/AM,MANAUS/AM,MANAUS/AM,4.92,atrasado
710529470,2026-10-08T23:28:43.000212+00:00,-3.1376,-58.48359,0.0,0.0,0.0,5,ITACOATIARA/AM,MANAUS/AM,MANAUS/AM,4.92,atrasado
710529470,2026-10-09T00:36:38.171235+00:00,-3.1376,-58.48359,0.0,0.0,0.0,5,ITACOATIARA/AM,MANAUS/AM,MANAUS/AM,4.92,atrasado
710529470,2026-10-09T01:44:33.342258+00:00,-3.1376,-58.48359,0.0,259.1,259.1,5,ITACOATIARA/AM,MANAUS/AM,MANAUS/AM,4.92,atrasado
710529470,2026-10-09T02:52:28.513281+00:00,-3.24021,-59.01667,19.5,76.9,76.9,0,ITACOATIARA/AM,MANAUS/AM,,5.0,atrasado
710529470,2026-10-09T02:54:59.606854+00:00,-3.23859,-59.0097,19.5,93.8,93.8,0,ITACOATIARA/AM,MANAUS/AM,,5.0,atrasado
710529470,2026-10-09T02:59:51.483723+00:00,-3.2395,-58.99591,19.5,113.8,113.8,0,ITACOATIARA/AM,MANAUS/AM,,5.0,atrasado
710529470,2026-10-09T03:06:03.175838+00:00,-3.24658,-58.9798,19.5,114.4,114.4,0,ITACOATIARA/AM,MANAUS/AM,,5.0,atrasado
710529470,2026-10-09T03:13:30.257234+00:00,-3.25531,-58.96051,19.5,112.0,112.0,0,ITACOATIARA/AM,MANAUS/AM,,5.0,atrasado
710529470,2026-10-09T03:20:27.204456+00:00,-3.26269,-58.9422,19.5,107.6,107.6,0,ITACOATIARA/AM,MANAUS/AM,,5.0,atrasado
710529470,2026-10-09T03:26:52.390645+00:00,-3.26819,-58.9248,19.5,121.9,121.9,0,ITACOATIARA/AM,MANAUS/AM,,5.0,atrasado
710529470,2026-10-09T03:33:52.742857+00:00,-3.27868,-58.9079,19.5,131.4,131.4,0,ITACOATIARA/AM,MANAUS/AM,,5.0,atrasado
710529470,2026-10-09T03:39:32.644759+00:00,-3.28931,-58.89581,19.5,129.9,129.9,0,ITACOATIARA/AM,MANAUS/AM,,5.0,atrasado
710529470,2026-10-09T03:44:16.432101+00:00,-3.29791,-58.8855,19.5,115.4,115.4,0,ITACOATIARA/AM,MANAUS/AM,,5.0,atrasado
710529470,2026-10-09T03:49:01.824546+00:00,-3.30371,-58.87329,19.5,106.9,106.9,0,ITACOATIARA/AM,MANAUS/AM,,5.0,atrasado
710529470,2026-10-09T03:56:53.130822+00:00,-3.31018,-58.85193,19.5,112.7,112.7,0,ITACOATIARA/AM,MANAUS/AM,,5.0,atrasado
710529470,2026-10-09T04:02:43.808980+00:00,-3.31659,-58.83661,19.5,115.4,115.4,0,ITACOATIARA/AM,MANAUS/AM,,5.0,atrasado
710529470,2026-10-09T04:08:23.390522+00:00,-3.32348,-58.82208,19.5,114.0,114.0,0,ITACOATIARA/AM,MANAUS/AM,,5.0,atrasado
710529470,2026-10-09T04:17:51.738862+00:00,-3.33441,-58.79748,19.5,115.9,115.9,0,ITACOATIARA/AM,MANAUS/AM,,5.0,atrasado
710529470,2026-10-09T04:25:50.216629+00:00,-3.3443,-58.7771,19.5,103.5,103.5,0,ITACOATIARA/AM,MANAUS/AM,,5.0,atrasado
710529470,2026-10-09T04:34:07.168614+00:00,-3.34979,-58.75421,19.5,107.6,107.6,0,ITACOATIARA/AM,MANAUS/AM,,5.0,atrasado
710529470,2026-10-09T04:36:53.447124+00:00,-3.35217,-58.7467,0.0,0.0,0.0,5,ITACOATIARA/AM,MANAUS/AM,MANAUS/AM,5.0,atrasado
710529470,2026-10-09T05:39:39.584366+00:00,-3.35217,-58.7467,0.0,0.0,0.0,5,ITACOATIARA/AM,MANAUS/AM,MANAUS/AM,5.0,atrasado
710529470,2026-10-09T06:42:25.721608+00:00,-3.35217,-58.7467,0.0,0.0,0.0,5,ITACOATIARA/AM,MANAUS/AM,MANAUS/AM,5.0,atrasado
710529470,2026-10-09T07:45:11.858850+00:00,-3.35217,-58.7467,0.0,0.0,0.0,5,ITACOATIARA/AM,MANAUS/AM,MANAUS/AM,5.0,atrasado
710529470,2026-10-09T08:47:57.996091+00:00,-3.35217,-58.7467,0.0,283.3,283.3,5,ITACOATIARA/AM,MANAUS/AM,MANAUS/AM,5.0,atrasado
710529470,2026-10-09T09:50:44.133333+00:00,-3.24169,-59.21496,14.2,116.0,116.0,0,ITACOATIARA/AM,MANAUS/AM,,5.0,atrasado
710529470,2026-10-09T09:54:22.770413+00:00,-3.24499,-59.20819,14.2,116.7,116.7,0,ITACOATIARA/AM,MANAUS/AM,,5.0,atrasado
710529470,2026-10-09T10:05:18.074499+00:00,-3.25513,-59.18799,14.2,120.8,120.8,0,ITACOATIARA/AM,MANAUS/AM,,5.0,atrasado
710529470,2026-10-09T10:17:02.907510+00:00,-3.26758,-59.16711,14.2,117.5,117.5,0,ITACOATIARA/AM,MANAUS/AM,,5.0,atrasado
710529470,2026-10-09T10:23:15.733664+00:00,-3.2735,-59.1557,14.2,99.7,99.7,0,ITACOATIARA/AM,MANAUS/AM,,5.0,atrasado
710529470,2026-10-09T10:34:09.012709+00:00,-3.27728,-59.13348,14.2,80.6,80.6,0,ITACOATIARA/AM,MANAUS/AM,,5.0,atrasado
710529470,2026-10-09T10:42:59.819413+00:00,-3.27429,-59.11542,14.2,62.2,62.2,0,ITACOATIARA/AM,MANAUS/AM,,5.0,atrasado
710529470,2026-10-09T10:52:55.912623+00:00,-3.26471,-59.09723,14.2,72.8,72.8,0,ITACOATIARA/AM,MANAUS/AM,,5.0,atrasado
710529470,2026-10-09T11:05:25.902147+00:00,-3.25708,-59.07251,14.2,73.6,73.6,0,ITACOATIARA/AM,MANAUS/AM,,5.0,atrasado
710529470,2026-10-09T11:12:31.979129+00:00,-3.25293,-59.05841,14.2,64.2,64.2,0,ITACOATIARA/AM,MANAUS/AM,,5.0,atrasado
710529470,2026-10-09T11:18:25.778787+00:00,-3.24762,-59.04742,14.2,78.6,78.6,0,ITACOATIARA/AM,MANAUS/AM,,5.0,atrasado
710529470,2026-10-09T11:24:53.722834+00:00,-3.24499,-59.0343,14.2,74.1,74.1,0,ITACOATIARA/AM,MANAUS/AM,,5.0,atrasado
710529470,2026-10-09T11:31:34.740226+00:00,-3.24121,-59.02099,14.2,76.9,76.9,0,ITACOATIARA/AM,MANAUS/AM,,5.0,atrasado
710529470,2026-10-09T11:33:43.367124+00:00,-3.24021,-59.01667,0.0,0.0,0.0,5,ITACOATIARA/AM,MANAUS/AM,MANAUS/AM,5.0,atrasado
710529470,2026-10-09T12:39:39.037190+00:00,-3.24021,-59.01667,0.0,0.0,0.0,5,ITACOATIARA/AM,MANAUS/AM,MANAUS/AM,5.0,atrasado
710529470,2026-10-09T13:45:34.707256+00:00,-3.24021,-59.01667,0.0,0.0,0.0,5,ITACOATIARA/AM,MANAUS/AM,MANAUS/AM,5.0,atrasado
710529470,2026-10-09T14:51:30.377322+00:00,-3.24021,-59.01667,0.0,0.0,0.0,5,ITACOATIARA/AM,MANAUS/AM,MANAUS/AM,5.0,atrasado
710529470,2026-10-09T15:57:26.047388+00:00,-3.24021,-59.01667,0.0,0.0,0.0,5,ITACOATIARA/AM,MANAUS/AM,MANAUS/AM,5.0,atrasado
710529470,2026-10-09T17:03:21.717454+00:00,-3.24021,-59.01667,0.0,280.0,280.0,5,ITACOATIARA/AM,MANAUS/AM,MANAUS/AM,5.0,atrasado
710529470,2026-10-09T18:09:17.387520+00:00,-3.09338,-59.85053,32.0,59.7,59.7,0,ITACOATIARA/AM,MANAUS/AM,,5.0,atrasado
710529470,2026-10-09T18:10:10.169910+00:00,-3.09131,-59.84698,32.0,64.2,64.2,0,ITACOATIARA/AM,MANAUS/AM,,5.0,atrasado
710529470,2026-10-09T18:14:42.662219+00:00,-3.08209,-59.82788,32.0,73.2,73.2,0,ITACOATIARA/AM,MANAUS/AM,,5.0,atrasado
710529470,2026-10-09T18:21:49.265470+00:00,-3.07251,-59.79608,32.0,81.6,81.6,0,ITACOATIARA/AM,MANAUS/AM,,5.0,atrasado
710529470,2026-10-09T18:29:09.064718+00:00,-3.0675,-59.76221,32.0,81.9,81.9,0,ITACOATIARA/AM,MANAUS/AM,,5.0,atrasado
710529470,2026-10-09T18:34:36.122370+00:00,-3.0639,-59.737,32.0,89.8,89.8,0,ITACOATIARA/AM,MANAUS/AM,,5.0,atrasado
710529470,2026-10-09T18:43:05.669907+00:00,-3.06378,-59.69732,32.0,101.2,101.2,0,ITACOATIARA/AM,MANAUS/AM,,5.0,atrasado
710529470,2026-10-09T18:49:16.500925+00:00,-3.0694,-59.669,32.0,101.6,101.6,0,ITACOATIARA/AM,MANAUS/AM,,5.0,atrasado
710529470,2026-10-09T18:54:10.159881+00:00,-3.07397,-59.64661,32.0,109.5,109.5,0,ITACOATIARA/AM,MANAUS/AM,,5.0,atrasado
710529470,2026-10-09T18:59:46.900175+00:00,-3.0827,-59.62189,32.0,115.0,115.0,0,ITACOATIARA/AM,MANAUS/AM,,5.0,atrasado
710529470,2026-10-09T19:05:58.035928+00:00,-3.09491,-59.5957,32.0,116.8,116.8,0,ITACOATIARA/AM,MANAUS/AM,,5.0,atrasado
710529470,2026-10-09T19:12:09.399358+00:00,-3.10791,-59.56988,32.0,109.7,109.7,0,ITACOATIARA/AM,MANAUS/AM,,5.0,atrasado
710529470,2026-10-09T19:19:57.346550+00:00,-3.12018,-59.53558,32.0,98.0,98.0,0,ITACOATIARA/AM,MANAUS/AM,,5.0,atrasado
710529470,2026-10-09T19:26:36.331822+00:00,-3.12451,-59.50482,32.0,99.3,99.3,0,ITACOATIARA/AM,MANAUS/AM,,5.0,atrasado
710529470,2026-10-09T19:31:21.518042+00:00,-3.12811,-59.48291,32.0,107.3,107.3,0,ITACOATIARA/AM,MANAUS/AM,,5.0,atrasado
710529470,2026-10-09T19:35:06.427957+00:00,-3.1333,-59.46619,32.0,114.4,114.4,0,ITACOATIARA/AM,MANAUS/AM,,5.0,atrasado
710529470,2026-10-09T19:39:00.492159+00:00,-3.14081,-59.44958,32.0,113.8,113.8,0,ITACOATIARA/AM,MANAUS/AM,,5.0,atrasado
710529470,2026-10-09T19:42:26.907106+00:00,-3.14728,-59.43487,32.0,110.7,110.7,0,ITACOATIARA/AM,MANAUS/AM,,5.0,atrasado
710529470,2026-10-09T19:47:09.256436+00:00,-3.15503,-59.4143,32.0,107.5,107.5,0,ITACOATIARA/AM,MANAUS/AM,,5.0,atrasado
710529470,2026-10-09T19:50:04.296682+00:00,-3.15912,-59.40131,32.0,111.7,111.7,0,ITACOATIARA/AM,MANAUS/AM,,5.0,atrasado
710529470,2026-10-09T19:53:59.711828+00:00,-3.16589,-59.38428,32.0,111.1,111.1,0,ITACOATIARA/AM,MANAUS/AM,,5.0,atrasado
710529470,2026-10-09T19:56:58.655470+00:00,-3.1709,-59.37127,32.0,115.7,115.7,0,ITACOATIARA/AM,MANAUS/AM,,5.0,atrasado
710529470,2026-10-09T20:00:36.070454+00:00,-3.17822,-59.35602,32.0,122.2,122.2,0,ITACOATIARA/AM,MANAUS/AM,,5.0,atrasado
710529470,2026-10-09T20:03:07.939073+00:00,-3.18451,-59.34601,32.0,117.7,117.7,0,ITACOATIARA/AM,MANAUS/AM,,5.0,atrasado
710529470,2026-10-09T20:05:53.479164+00:00,-3.19049,-59.33459,32.0,0,0,0,ITACOATIARA/AM,MANAUS/AM,,5.0,atrasado
710698025,2026-09-26T04:20:46.475387+00:00,-3.15599,-58.44147,21.9,104.2,104.2,0,ITACOATIARA/AM,PARINTINS/AM,,0.04,no_prazo
710698025,2026-09-26T04:24:36.653105+00:00,-3.15941,-58.42795,21.9,90.2,90.2,0,ITACOATIARA/AM,PARINTINS/AM,,0.04,no_prazo
710698025,2026-09-26T04:28:15.640534+00:00,-3.15946,-58.41469,21.9,71.1,71.1,0,ITACOATIARA/AM,PARINTINS/AM,,0.04,no_prazo
710698025,2026-09-26T04:33:51.375035+00:00,-3.15289,-58.39544,21.9,61.5,61.5,0,ITACOATIARA/AM,PARINTINS/AM,,0.04,no_prazo
710698025,2026-09-26T04:37:54.430488+00:00,-3.14587,-58.38251,21.9,64.2,64.2,0,ITACOATIARA/AM,PARINTINS/AM,,0.04,no_prazo
710698025,2026-09-26T04:43:35.667716+00:00,-3.1369,-58.36389,21.9,50.5,50.5,0,ITACOATIARA/AM,PARINTINS/AM,,0.04,no_prazo
710698025,2026-09-26T04:49:00.831763+00:00,-3.12439,-58.34869,21.9,61.9,61.9,0,ITACOATIARA/AM,PARINTINS/AM,,0.04,no_prazo
710698025,2026-09-26T04:55:57.912369+00:00,-3.11249,-58.32641,21.9,69.6,69.6,0,ITACOATIARA/AM,PARINTINS/AM,,0.04,no_prazo
710698025,2026-09-26T05:03:09.973789+00:00,-3.10339,-58.30188,21.9,68.0,68.0,0,ITACOATIARA/AM,PARINTINS/AM,,0.04,no_prazo
710698025,2026-09-26T05:10:13.649921+00:00,-3.09381,-58.27808,21.9,75.8,75.8,0,ITACOATIARA/AM,PARINTINS/AM,,0.04,no_prazo
710698025,2026-09-26T05:18:17.087053+00:00,-3.08661,-58.24969,21.9,63.1,63.1,0,ITACOATIARA/AM,PARINTINS/AM,,0.04,no_prazo
710698025,2026-09-26T05:23:50.183118+00:00,-3.07751,-58.23169,21.9,47.4,47.4,0,ITACOATIARA/AM,PARINTINS/AM,,0.04,no_prazo
710698025,2026-09-26T05:28:16.388460+00:00,-3.06661,-58.21982,0.0,0.0,0.0,5,ITACOATIARA/AM,PARINTINS/AM,PARINTINS/AM,0.04,no_prazo
710698025,2026-09-26T06:30:14.905047+00:00,-3.06661,-58.21982,0.0,0.0,0.0,5,ITACOATIARA/AM,PARINTINS/AM,PARINTINS/AM,0.04,no_prazo
710698025,2026-09-26T07:32:13.421634+00:00,-3.06661,-58.21982,0.0,0.0,0.0,5,ITACOATIARA/AM,PARINTINS/AM,PARINTINS/AM,0.04,no_prazo
710698025,2026-09-26T08:34:11.938221+00:00,-3.06661,-58.21982,0.0,0.0,0.0,5,ITACOATIARA/AM,PARINTINS/AM,PARINTINS/AM,0.04,no_prazo
710698025,2026-09-26T09:36:10.454808+00:00,-3.06661,-58.21982,0.0,0.0,0.0,5,ITACOATIARA/AM,PARINTINS/AM,PARINTINS/AM,0.04,no_prazo
710698025,2026-09-26T10:38:08.971395+00:00,-3.06661,-58.21982,0.0,0.0,0.0,5,ITACOATIARA/AM,PARINTINS/AM,PARINTINS/AM,0.04,no_prazo
710698025,2026-09-26T11:40:07.487982+00:00,-3.06661,-58.21982,0.0,0.0,0.0,5,ITACOATIARA/AM,PARINTINS/AM,PARINTINS/AM,0.04,no_prazo
710698025,2026-09-26T12:42:06.004569+00:00,-3.06661,-58.21982,128.5,47.4,47.4,0,ITACOATIARA/AM,PARINTINS/AM,,0.71,atencao
710698025,2026-09-26T12:42:18.044225+00:00,-3.06372,-58.21667,128.5,40.1,40.1,0,ITACOATIARA/AM,PARINTINS/AM,,0.71,atencao
710698025,2026-09-26T12:42:31.255849+00:00,-2.97141,-58.13872,0.0,217.9,217.9,5,ITACOATIARA/AM,PARINTINS/AM,PARINTINS/AM,0.71,atencao
710698025,2026-09-26T12:43:19.446347+00:00,-3.0498,-58.19989,128.5,54.5,54.5,0,ITACOATIARA/AM,PARINTINS/AM,,0.71,atencao
710698025,2026-09-26T12:44:10.336757+00:00,-3.03931,-58.18518,128.5,43.4,43.4,0,ITACOATIARA/AM,PARINTINS/AM,,0.71,atencao
710698025,2026-09-26T12:45:01.289470+00:00,-3.02618,-58.17273,128.5,44.8,44.8,0,ITACOATIARA/AM,PARINTINS/AM,,0.71,atencao
710698025,2026-09-26T12:46:00.004964+00:00,-3.01141,-58.15802,128.5,33.8,33.8,0,ITACOATIARA/AM,PARINTINS/AM,,0.71,atencao
710698025,2026-09-26T12:46:47.223034+00:00,-2.9975,-58.14868,128.5,23.0,23.0,0,ITACOATIARA/AM,PARINTINS/AM,,0.71,atencao
710698025,2026-09-26T12:47:25.526396+00:00,-2.98498,-58.14337,128.5,19.4,19.4,0,ITACOATIARA/AM,PARINTINS/AM,,0.71,atencao
710698025,2026-09-26T12:48:04.371230+00:00,-2.97198,-58.13879,128.5,7.0,7.0,0,ITACOATIARA/AM,PARINTINS/AM,,0.71,atencao
710698025,2026-09-26T13:45:09.288781+00:00,-2.97141,-58.13872,0.0,0.0,0.0,5,ITACOATIARA/AM,PARINTINS/AM,PARINTINS/AM,0.71,atencao
710698025,2026-09-26T14:47:47.321713+00:00,-2.97141,-58.13872,0.0,0.0,0.0,5,ITACOATIARA/AM,PARINTINS/AM,PARINTINS/AM,0.71,atencao
710698025,2026-09-26T15:50:25.354645+00:00,-2.97141,-58.13872,0.0,0.0,0.0,5,ITACOATIARA/AM,PARINTINS/AM,PARINTINS/AM,0.71,atencao
710698025,2026-09-26T16:53:03.387578+00:00,-2.97141,-58.13872,0.0,0.0,0.0,5,ITACOATIARA/AM,PARINTINS/AM,PARINTINS/AM,0.71,atencao
710698025,2026-09-26T17:55:41.420510+00:00,-2.97141,-58.13872,0.0,0.0,0.0,5,ITACOATIARA/AM,PARINTINS/AM,PARINTINS/AM,0.71,atencao
710698025,2026-09-26T18:58:19.453442+00:00,-2.97141,-58.13872,25.0,7.2,7.2,0,ITACOATIARA/AM,PARINTINS/AM,,0.61,atencao
710698025,2026-09-26T19:00:53.401148+00:00,-2.96088,-58.13739,25.0,8.2,8.2,0,ITACOATIARA/AM,PARINTINS/AM,,0.61,atencao
710698025,2026-09-26T19:06:29.584369+00:00,-2.93793,-58.13409,25.0,14.2,14.2,0,ITACOATIARA/AM,PARINTINS/AM,,0.61,atencao
710698025,2026-09-26T19:12:39.410846+00:00,-2.91321,-58.12781,25.0,33.3,33.3,0,ITACOATIARA/AM,PARINTINS/AM,,0.61,atencao
710698025,2026-09-26T19:15:54.246690+00:00,-2.90198,-58.12042,25.0,30.8,30.8,0,ITACOATIARA/AM,PARINTINS/AM,,0.61,atencao
710698025,2026-09-26T19:20:45.882788+00:00,-2.8847,-58.11011,25.0,25.7,25.7,0,ITACOATIARA/AM,PARINTINS/AM,,0.61,atencao
710698025,2026-09-26T19:24:19.994180+00:00,-2.8714,-58.1037,25.0,26.7,26.7,0,ITACOATIARA/AM,PARINTINS/AM,,0.61,atencao
710698025,2026-09-26T19:27:52.880099+00:00,-2.85827,-58.0971,25.0,50.6,50.6,0,ITACOATIARA/AM,PARINTINS/AM,,0.61,atencao
710698025,2026-09-26T19:32:28.724553+00:00,-2.84619,-58.0824,25.0,52.6,52.6,0,ITACOATIARA/AM,PARINTINS/AM,,0.61,atencao
710698025,2026-09-26T19:37:17.040223+00:00,-2.83411,-58.06659,25.0,60.6,60.6,0,ITACOATIARA/AM,PARINTINS/AM,,0.61,atencao
710698025,2026-09-26T19:43:32.358469+00:00,-2.82141,-58.044,25.0,74.9,74.9,0,ITACOATIARA/AM,PARINTINS/AM,,0.61,atencao
710698025,2026-09-26T19:48:09.869057+00:00,-2.81641,-58.02551,25.0,81.5,81.5,0,ITACOATIARA/AM,PARINTINS/AM,,0.61,atencao
710698025,2026-09-26T19:53:14.670069+00:00,-2.81329,-58.0047,25.0,85.8,85.8,0,ITACOATIARA/AM,PARINTINS/AM,,0.61,atencao
710698025,2026-09-26T19:59:32.247849+00:00,-2.8114,-57.9787,25.0,69.1,69.1,0,ITACOATIARA/AM,PARINTINS/AM,,0.61,atencao
710698025,2026-09-26T20:06:23.067632+00:00,-2.80127,-57.95221,25.0,57.9,57.9,0,ITACOATIARA/AM,PARINTINS/AM,,0.61,atencao
710698025,2026-09-26T20:10:39.716341+00:00,-2.79187,-57.93719,25.0,49.3,49.3,0,ITACOATIARA/AM,PARINTINS/AM,,0.61,atencao
710698025,2026-09-26T20:13:14.639342+00:00,-2.78491,-57.92908,25.0,37.9,37.9,0,ITACOATIARA/AM,PARINTINS/AM,,0.61,atencao
710698025,2026-09-26T20:15:21.343244+00:00,-2.77801,-57.9237,25.0,31.6,31.6,0,ITACOATIARA/AM,PARINTINS/AM,,0.61,atencao
710698025,2026-09-26T20:17:58.263771+00:00,-2.7688,-57.91803,25.0,43.2,43.2,0,ITACOATIARA/AM,PARINTINS/AM,,0.61,atencao
710698025,2026-09-26T20:19:23.358507+00:00,-2.76452,-57.914,25.0,54.4,54.4,0,ITACOATIARA/AM,PARINTINS/AM,,0.61,atencao
710698025,2026-09-26T20:20:36.246873+00:00,-2.76159,-57.90991,25.0,61.6,61.6,0,ITACOATIARA/AM,PARINTINS/AM,,0.61,atencao
710698025,2026-09-26T20:21:37.583821+00:00,-2.75958,-57.90619,25.0,66.2,66.2,0,ITACOATIARA/AM,PARINTINS/AM,,0.61,atencao
710698025,2026-09-26T20:23:07.444411+00:00,-2.75708,-57.90051,25.0,70.5,70.5,0,ITACOATIARA/AM,PARINTINS/AM,,0.61,atencao
710698025,2026-09-26T20:25:12.154648+00:00,-2.75421,-57.89239,25.0,78.1,78.1,0,ITACOATIARA/AM,PARINTINS/AM,,0.61,atencao
710698025,2026-09-26T20:27:54.804537+00:00,-2.75189,-57.88141,25.0,91.2,91.2,0,ITACOATIARA/AM,PARINTINS/AM,,0.61,atencao
710698025,2026-09-26T20:29:56.832290+00:00,-2.75207,-57.87298,25.0,104.0,104.0,0,ITACOATIARA/AM,PARINTINS/AM,,0.61,atencao
710698025,2026-09-26T20:31:39.756474+00:00,-2.75378,-57.86609,25.0,109.3,109.3,0,ITACOATIARA/AM,PARINTINS/AM,,0.61,atencao
710698025,2026-09-26T20:33:56.484693+00:00,-2.7569,-57.85718,25.0,107.0,107.0,0,ITACOATIARA/AM,PARINTINS/AM,,0.61,atencao
710698025,2026-09-26T20:36:00.370464+00:00,-2.7594,-57.849,25.0,97.0,97.0,0,ITACOATIARA/AM,PARINTINS/AM,,0.61,atencao
710698025,2026-09-26T20:37:33.907454+00:00,-2.76019,-57.84259,25.0,84.0,84.0,0,ITACOATIARA/AM,PARINTINS/AM,,0.61,atencao
710698025,2026-09-26T20:38:42.348697+00:00,-2.7597,-57.83789,25.0,64.9,64.9,0,ITACOATIARA/AM,PARINTINS/AM,,0.61,atencao
710698025,2026-09-26T20:39:40.892665+00:00,-2.75799,-57.83423,25.0,66.3,66.3,0,ITACOATIARA/AM,PARINTINS/AM,,0.61,atencao
710698025,2026-09-26T20:40:44.630223+00:00,-2.75622,-57.8302,25.0,60.3,60.3,0,ITACOATIARA/AM,PARINTINS/AM,,0.61,atencao
710698025,2026-09-26T20:42:33.546337+00:00,-2.7525,-57.82367,25.0,65.7,65.7,0,ITACOATIARA/AM,PARINTINS/AM,,0.61,atencao
710698025,2026-09-26T20:43:44.387143+00:00,-2.75049,-57.81921,25.0,63.5,63.5,0,ITACOATIARA/AM,PARINTINS/AM,,0.61,atencao
710698025,2026-09-26T20:47:08.830961+00:00,-2.7442,-57.80658,25.0,62.1,62.1,0,ITACOATIARA/AM,PARINTINS/AM,,0.61,atencao
710698025,2026-09-26T20:49:37.958454+00:00,-2.73938,-57.79748,25.0,68.0,68.0,0,ITACOATIARA/AM,PARINTINS/AM,,0.61,atencao
710698025,2026-09-26T20:51:57.189739+00:00,-2.73578,-57.78857,25.0,74.4,74.4,0,ITACOATIARA/AM,PARINTINS/AM,,0.61,atencao
710698025,2026-09-26T20:53:13.338846+00:00,-2.73437,-57.78351,25.0,91.1,91.1,0,ITACOATIARA/AM,PARINTINS/AM,,0.61,atencao
710698025,2026-09-26T20:54:55.902719+00:00,-2.7345,-57.77643,25.0,90.0,90.0,0,ITACOATIARA/AM,PARINTINS/AM,,0.61,atencao
710698025,2026-09-26T20:56:05.745682+00:00,-2.7345,-57.77161,25.0,85.0,85.0,0,ITACOATIARA/AM,PARINTINS/AM,,0.61,atencao
710698025,2026-09-26T20:57:27.383190+00:00,-2.73401,-57.76599,25.0,83.3,83.3,0,ITACOATIARA/AM,PARINTINS/AM,,0.61,atencao
710698025,2026-09-26T20:58:59.062163+00:00,-2.73327,-57.7597,25.0,74.1,74.1,0,ITACOATIARA/AM,PARINTINS/AM,,0.61,atencao
710698025,2026-09-26T21:00:54.912609+00:00,-2.73108,-57.75201,25.0,78.6,78.6,0,ITACOATIARA/AM,PARINTINS/AM,,0.61,atencao
710698025,2026-09-26T21:02:52.126632+00:00,-2.72949,-57.74408,25.0,57.7,57.7,0,ITACOATIARA/AM,PARINTINS/AM,,0.61,atencao
710698025,2026-09-26T21:04:51.368398+00:00,-2.7251,-57.73712,25.0,41.4,41.4,0,ITACOATIARA/AM,PARINTINS/AM,,0.61,atencao
710698025,2026-09-26T21:06:22.242642+00:00,-2.7204,-57.73297,25.0,40.3,40.3,0,ITACOATIARA/AM,PARINTINS/AM,,0.61,atencao
710698025,2026-09-26T21:08:56.624461+00:00,-2.71228,-57.72607,25.0,28.5,28.5,0,ITACOATIARA/AM,PARINTINS/AM,,0.61,atencao
710698025,2026-09-26T21:10:51.446576+00:00,-2.70532,-57.72229,25.0,19.5,19.5,0,ITACOATIARA/AM,PARINTINS/AM,,0.61,atencao
710698025,2026-09-26T21:13:41.352397+00:00,-2.69427,-57.71838,25.0,28.8,28.8,0,ITACOATIARA/AM,PARINTINS/AM,,0.61,atencao
710698025,2026-09-26T21:16:56.170693+00:00,-2.68249,-57.71191,25.0,32.3,32.3,0,ITACOATIARA/AM,PARINTINS/AM,,0.61,atencao
710698025,2026-09-26T21:22:27.053107+00:00,-2.66321,-57.69971,25.0,35.5,35.5,0,ITACOATIARA/AM,PARINTINS/AM,,0.61,atencao
710698025,2026-09-26T21:24:54.853586+00:00,-2.65491,-57.69378,25.0,33.8,33.8,0,ITACOATIARA/AM,PARINTINS/AM,,0.61,atencao
710698025,2026-09-26T21:29:32.876867+00:00,-2.63898,-57.6831,25.0,33.2,33.2,0,ITACOATIARA/AM,PARINTINS/AM,,0.61,atencao
710698025,2026-09-26T21:34:58.768504+00:00,-2.62018,-57.67077,25.0,32.7,32.7,0,ITACOATIARA/AM,PARINTINS/AM,,0.61,atencao
710698025,2026-09-26T21:37:47.138819+00:00,-2.61041,-57.66449,25.0,34.3,34.3,0,ITACOATIARA/AM,PARINTINS/AM,,0.61,atencao
710698025,2026-09-26T21:41:40.767252+00:00,-2.5971,-57.65539,25.0,35.8,35.8,0,ITACOATIARA/AM,PARINTINS/AM,,0.61,atencao
710698025,2026-09-26T21:44:48.363102+00:00,-2.58661,-57.64783,25.0,33.9,33.9,0,ITACOATIARA/AM,PARINTINS/AM,,0.61,atencao
710698025,2026-09-26T21:51:05.780067+00:00,-2.565,-57.6333,25.0,34.4,34.4,0,ITACOATIARA/AM,PARINTINS/AM,,0.61,atencao
710698025,2026-09-26T21:58:31.943409+00:00,-2.53961,-57.6159,25.0,33.3,33.3,0,ITACOATIARA/AM,PARINTINS/AM,,0.61,atencao
710698025,2026-09-26T22:01:04.578831+00:00,-2.53082,-57.61011,25.0,32.6,32.6,0,ITACOATIARA/AM,PARINTINS/AM,,0.61,atencao
710698025,2026-09-26T22:04:26.320177+00:00,-2.5191,-57.6026,25.0,34.4,34.4,0,ITACOATIARA/AM,PARINTINS/AM,,0.61,atencao
710698025,2026-09-26T22:07:34.079621+00:00,-2.50842,-57.59527,25.0,26.2,26.2,0,ITACOATIARA/AM,PARINTINS/AM,,0.61,atencao
710698025,2026-09-26T22:09:32.403737+00:00,-2.5011,-57.59167,25.0,24.7,24.7,0,ITACOATIARA/AM,PARINTINS/AM,,0.61,atencao
710698025,2026-09-26T22:12:34.534650+00:00,-2.48968,-57.58642,25.0,10.6,10.6,0,ITACOATIARA/AM,PARINTINS/AM,,0.61,atencao
710698025,2026-09-26T22:15:50.856657+00:00,-2.47638,-57.58392,25.0,13.3,13.3,0,ITACOATIARA/AM,PARINTINS/AM,,0.61,atencao
710698025,2026-09-26T22:18:48.174014+00:00,-2.46448,-57.58111,25.0,5.9,5.9,0,ITACOATIARA/AM,PARINTINS/AM,,0.61,atencao
710698025,2026-09-26T22:21:12.342273+00:00,-2.45459,-57.58008,25.0,18.0,18.0,0,ITACOATIARA/AM,PARINTINS/AM,,0.61,atencao
710698025,2026-09-26T22:25:18.056308+00:00,-2.43847,-57.57483,25.0,23.6,23.6,0,ITACOATIARA/AM,PARINTINS/AM,,0.61,atencao
710698025,2026-09-26T22:27:59.345634+00:00,-2.42828,-57.57037,25.0,41.1,41.1,0,ITACOATIARA/AM,PARINTINS/AM,,0.61,atencao
710698025,2026-09-26T22:32:09.524624+00:00,-2.41528,-57.55902,25.0,48.9,48.9,0,ITACOATIARA/AM,PARINTINS/AM,,0.61,atencao
710698025,2026-09-26T22:33:59.868381+00:00,-2.41028,-57.55328,0.0,0.0,0.0,5,ITACOATIARA/AM,PARINTINS/AM,PARINTINS/AM,0.61,atencao
710698025,2026-09-26T23:37:37.280602+00:00,-2.41028,-57.55328,0.0,0.0,0.0,5,ITACOATIARA/AM,PARINTINS/AM,PARINTINS/AM,0.61,atencao
710698025,2026-09-27T00:41:14.692823+00:00,-2.41028,-57.55328,0.0,0.0,0.0,5,ITACOATIARA/AM,PARINTINS/AM,PARINTINS/AM,0.61,atencao
710698025,2026-09-27T01:44:52.105044+00:00,-2.41028,-57.55328,0.0,0.0,0.0,5,ITACOATIARA/AM,PARINTINS/AM,PARINTINS/AM,0.61,atencao
710698025,2026-09-27T02:48:29.517265+00:00,-2.41028,-57.55328,0.0,0.0,0.0,5,ITACOATIARA/AM,PARINTINS/AM,PARINTINS/AM,0.61,atencao
710698025,2026-09-27T03:52:06.929486+00:00,-2.41028,-57.55328,0.0,0.0,0.0,5,ITACOATIARA/AM,PARINTINS/AM,PARINTINS/AM,0.61,atencao
710698025,2026-09-27T04:55:44.341706+00:00,-2.41028,-57.55328,24.6,47.5,47.5,0,ITACOATIARA/AM,PARINTINS/AM,,0.61,atencao
710698025,2026-09-27T05:03:01.845240+00:00,-2.3902,-57.53131,24.6,68.9,68.9,0,ITACOATIARA/AM,PARINTINS/AM,,0.61,atencao
710698025,2026-09-27T05:10:18.217856+00:00,-2.37952,-57.5036,24.6,91.6,91.6,0,ITACOATIARA/AM,PARINTINS/AM,,0.61,atencao
710698025,2026-09-27T05:17:08.200260+00:00,-2.38031,-57.47571,24.6,97.5,97.5,0,ITACOATIARA/AM,PARINTINS/AM,,0.61,atencao
710698025,2026-09-27T05:26:20.807207+00:00,-2.38519,-57.43841,24.6,111.8,111.8,0,ITACOATIARA/AM,PARINTINS/AM,,0.61,atencao
710698025,2026-09-27T05:37:24.475551+00:00,-2.40198,-57.39648,24.6,126.1,126.1,0,ITACOATIARA/AM,PARINTINS/AM,,0.61,atencao
710698025,2026-09-27T05:44:26.287087+00:00,-2.41888,-57.37329,24.6,127.4,127.4,0,ITACOATIARA/AM,PARINTINS/AM,,0.61,atencao
710698025,2026-09-27T05:50:26.551125+00:00,-2.43377,-57.35382,24.6,143.5,143.5,0,ITACOATIARA/AM,PARINTINS/AM,,0.61,atencao
710698025,2026-09-27T05:57:07.446075+00:00,-2.45569,-57.33758,24.6,142.0,142.0,0,ITACOATIARA/AM,PARINTINS/AM,,0.61,atencao
710698025,2026-09-27T06:01:51.211122+00:00,-2.47088,-57.32568,24.6,150.8,150.8,0,ITACOATIARA/AM,PARINTINS/AM,,0.61,atencao
710698025,2026-09-27T06:11:17.637651+00:00,-2.50452,-57.30688,24.6,152.5,152.5,0,ITACOATIARA/AM,PARINTINS/AM,,0.61,atencao
710698025,2026-09-27T06:23:50.586808+00:00,-2.54992,-57.2832,24.6,156.9,156.9,0,ITACOATIARA/AM,PARINTINS/AM,,0.61,atencao
710698025,2026-09-27T06:32:39.304020+00:00,-2.58301,-57.2691,24.6,145.1,145.1,0,ITACOATIARA/AM,PARINTINS/AM,,0.61,atencao
710698025,2026-09-27T06:42:07.058959+00:00,-2.61468,-57.24701,24.6,117.7,117.7,0,ITACOATIARA/AM,PARINTINS/AM,,0.61,atencao
710698025,2026-09-27T06:49:02.235214+00:00,-2.62781,-57.22198,24.6,99.9,99.9,0,ITACOATIARA/AM,PARINTINS/AM,,0.61,atencao
710698025,2026-09-27T06:54:16.207311+00:00,-2.63147,-57.20093,24.6,88.4,88.4,0,ITACOATIARA/AM,PARINTINS/AM,,0.61,atencao
710698025,2026-09-27T07:02:00.804038+00:00,-2.63061,-57.16931,24.6,78.1,78.1,0,ITACOATIARA/AM,PARINTINS/AM,,0.61,atencao
710698025,2026-09-27T07:07:31.586406+00:00,-2.62597,-57.14728,24.6,73.3,73.3,0,ITACOATIARA/AM,PARINTINS/AM,,0.61,atencao
710698025,2026-09-27T07:10:38.814829+00:00,-2.62231,-57.13507,24.6,58.8,58.8,0,ITACOATIARA/AM,PARINTINS/AM,,0.61,atencao
710698025,2026-09-27T07:13:18.154276+00:00,-2.6167,-57.12579,24.6,52.4,52.4,0,ITACOATIARA/AM,PARINTINS/AM,,0.61,atencao
710698025,2026-09-27T07:16:14.698812+00:00,-2.60937,-57.11627,24.6,43.3,43.3,0,ITACOATIARA/AM,PARINTINS/AM,,0.61,atencao
710698025,2026-09-27T07:20:57.094444+00:00,-2.5954,-57.10309,24.6,40.6,40.6,0,ITACOATIARA/AM,PARINTINS/AM,,0.61,atencao
710698025,2026-09-27T07:26:40.010393+00:00,-2.5777,-57.08789,24.6,40.3,40.3,0,ITACOATIARA/AM,PARINTINS/AM,,0.61,atencao
710698025,2026-09-27T07:33:33.086787+00:00,-2.55627,-57.0697,24.6,61.9,61.9,0,ITACOATIARA/AM,PARINTINS/AM,,0.61,atencao
710698025,2026-09-27T07:40:49.212480+00:00,-2.5423,-57.04352,24.6,84.8,84.8,0,ITACOATIARA/AM,PARINTINS/AM,,0.61,atencao
710698025,2026-09-27T07:45:25.630777+00:00,-2.54059,-57.02478,24.6,91.0,91.0,0,ITACOATIARA/AM,PARINTINS/AM,,0.61,atencao
710698025,2026-09-27T07:53:40.669842+00:00,-2.5412,-56.99109,24.6,101.9,101.9,0,ITACOATIARA/AM,PARINTINS/AM,,0.61,atencao
710698025,2026-09-27T08:01:45.336008+00:00,-2.54797,-56.9588,24.6,109.6,109.6,0,ITACOATIARA/AM,PARINTINS/AM,,0.61,atencao
710698025,2026-09-27T08:16:58.901205+00:00,-2.56879,-56.90021,24.6,113.7,113.7,0,ITACOATIARA/AM,PARINTINS/AM,,0.61,atencao
710698025,2026-09-27T08:28:35.190986+00:00,-2.58783,-56.85681,24.6,108.7,108.7,0,ITACOATIARA/AM,PARINTINS/AM,,0.61,atencao
710698025,2026-09-27T08:38:20.188505+00:00,-2.60058,-56.81909,24.6,106.4,106.4,0,ITACOATIARA/AM,PARINTINS/AM,,0.61,atencao
710698025,2026-09-27T08:46:25.841871+00:00,-2.60991,-56.78737,24.6,108.8,108.8,0,ITACOATIARA/AM,PARINTINS/AM,,0.61,atencao
710698025,2026-09-27T08:54:00.112353+00:00,-2.61984,-56.75809,24.6,99.9,99.9,0,ITACOATIARA/AM,PARINTINS/AM,,0.61,atencao
710698025,2026-09-27T08:57:53.004047+00:00,-2.62256,-56.74247,24.6,81.1,81.1,0,ITACOATIARA/AM,PARINTINS/AM,,0.61,atencao
710698025,2026-09-27T08:59:53.337609+00:00,-2.62129,-56.73438,0.0,0.0,0.0,5,ITACOATIARA/AM,PARINTINS/AM,PARINTINS/AM,0.61,atencao
710698025,2026-09-27T10:00:05.035377+00:00,-2.62129,-56.73438,0.0,0.0,0.0,5,ITACOATIARA/AM,PARINTINS/AM,PARINTINS/AM,0.61,atencao
710698025,2026-09-27T11:00:16.733144+00:00,-2.62129,-56.73438,0.0,0.0,0.0,5,ITACOATIARA/AM,PARINTINS/AM,PARINTINS/AM,0.61,atencao
710698025,2026-09-27T12:00:28.430912+00:00,-2.62129,-56.73438,0.0,0.0,0.0,5,ITACOATIARA/AM,PARINTINS/AM,PARINTINS/AM,0.61,atencao
710698025,2026-09-27T13:00:40.128679+00:00,-2.62129,-56.73438,0.0,0.0,0.0,5,ITACOATIARA/AM,PARINTINS/AM,PARINTINS/AM,0.61,atencao
710698025,2026-09-27T14:00:51.826446+00:00,-2.62129,-56.73438,5.1,67.9,67.9,0,PARINTINS/AM,JURUTI/PA,,0.73,atencao
710698025,2026-09-27T14:13:55.605578+00:00,-2.61714,-56.72415,5.1,64.6,64.6,0,PARINTINS/AM,JURUTI/PA,,0.73,atencao
710698025,2026-09-27T14:24:59.746970+00:00,-2.61313,-56.71569,5.1,69.3,69.3,0,PARINTINS/AM,JURUTI/PA,,0.73,atencao
710698025,2026-09-27T14:52:04.412489+00:00,-2.60506,-56.69427,5.1,67.1,67.1,0,PARINTINS/AM,JURUTI/PA,,0.73,atencao
710698025,2026-09-27T15:06:48.346497+00:00,-2.60022,-56.6828,5.1,69.6,69.6,0,PARINTINS/AM,JURUTI/PA,,0.73,atencao
710698025,2026-09-27T15:19:03.051988+00:00,-2.59662,-56.67309,5.1,64.7,64.7,0,PARINTINS/AM,JURUTI/PA,,0.73,atencao
710698025,2026-09-27T15:25:59.700370+00:00,-2.59411,-56.66778,0.0,0.0,0.0,5,PARINTINS/AM,JURUTI/PA,JURUTI/PA,0.73,atencao
710698025,2026-09-27T16:30:39.563469+00:00,-2.59411,-56.66778,0.0,0.0,0.0,5,PARINTINS/AM,JURUTI/PA,JURUTI/PA,0.73,atencao
710698025,2026-09-27T17:35:19.426569+00:00,-2.59411,-56.66778,0.0,0.0,0.0,5,PARINTINS/AM,JURUTI/PA,JURUTI/PA,0.73,atencao
710698025,2026-09-27T18:39:59.289669+00:00,-2.59411,-56.66778,0.0,0.0,0.0,5,PARINTINS/AM,JURUTI/PA,JURUTI/PA,0.73,atencao
710698025,2026-09-27T19:44:39.152768+00:00,-2.59411,-56.66778,0.0,0.0,0.0,5,PARINTINS/AM,JURUTI/PA,JURUTI/PA,0.73,atencao
710698025,2026-09-27T20:49:19.015868+00:00,-2.59411,-56.66778,16.0,63.3,63.3,0,PARINTINS/AM,JURUTI/PA,,0.79,atencao
710698025,2026-09-27T20:52:40.949535+00:00,-2.59009,-56.65979,16.0,56.5,56.5,0,PARINTINS/AM,JURUTI/PA,,0.79,atencao
710698025,2026-09-27T20:58:45.631739+00:00,-2.58117,-56.6463,16.0,63.2,63.2,0,PARINTINS/AM,JURUTI/PA,,0.79,atencao
710698025,2026-09-27T21:02:58.680978+00:00,-2.57611,-56.63629,16.0,65.3,65.3,0,PARINTINS/AM,JURUTI/PA,,0.79,atencao
710698025,2026-09-27T21:14:32.157050+00:00,-2.56327,-56.60835,16.0,60.7,60.7,0,PARINTINS/AM,JURUTI/PA,,0.79,atencao
710698025,2026-09-27T21:22:06.392414+00:00,-2.55342,-56.59079,16.0,53.6,53.6,0,PARINTINS/AM,JURUTI/PA,,0.79,atencao
710698025,2026-09-27T21:28:11.745799+00:00,-2.54382,-56.57775,16.0,48.4,48.4,0,PARINTINS/AM,JURUTI/PA,,0.79,atencao
710698025,2026-09-27T21:35:27.561152+00:00,-2.531,-56.56329,16.0,52.8,52.8,0,PARINTINS/AM,JURUTI/PA,,0.79,atencao
710698025,2026-09-27T21:46:05.361191+00:00,-2.51391,-56.54077,16.0,57.4,57.4,0,PARINTINS/AM,JURUTI/PA,,0.79,atencao
710698025,2026-09-27T21:53:34.918149+00:00,-2.50317,-56.52399,16.0,49.7,49.7,0,PARINTINS/AM,JURUTI/PA,,0.79,atencao
710698025,2026-09-27T22:03:41.613192+00:00,-2.48578,-56.50348,16.0,36.1,36.1,0,PARINTINS/AM,JURUTI/PA,,0.79,atencao
710698025,2026-09-27T22:09:37.573999+00:00,-2.47304,-56.49417,16.0,34.8,34.8,0,PARINTINS/AM,JURUTI/PA,,0.79,atencao
710698025,2026-09-27T22:20:49.314062+00:00,-2.44861,-56.47717,16.0,34.4,34.4,0,PARINTINS/AM,JURUTI/PA,,0.79,atencao
710698025,2026-09-27T22:35:01.294412+00:00,-2.41748,-56.45581,16.0,32.5,32.5,0,PARINTINS/AM,JURUTI/PA,,0.79,atencao
710698025,2026-09-27T22:43:58.925183+00:00,-2.3974,-56.44299,16.0,28.5,28.5,0,PARINTINS/AM,JURUTI/PA,,0.79,atencao
710698025,2026-09-27T22:56:03.195641+00:00,-2.3692,-56.42767,16.0,16.9,16.9,0,PARINTINS/AM,JURUTI/PA,,0.79,atencao
710698025,2026-09-27T23:06:05.075059+00:00,-2.34369,-56.41992,16.0,18.7,18.7,0,PARINTINS/AM,JURUTI/PA,,0.79,atencao
710698025,2026-09-27T23:08:13.743501+00:00,-2.33829,-56.41809,0.0,0.0,0.0,5,PARINTINS/AM,JURUTI/PA,JURUTI/PA,0.79,atencao
710698025,2026-09-28T00:11:07.832979+00:00,-2.33829,-56.41809,0.0,0.0,0.0,5,PARINTINS/AM,JURUTI/PA,JURUTI/PA,0.79,atencao
710698025,2026-09-28T01:14:01.922458+00:00,-2.33829,-56.41809,0.0,0.0,0.0,5,PARINTINS/AM,JURUTI/PA,JURUTI/PA,0.79,atencao
710698025,2026-09-28T02:16:56.011936+00:00,-2.33829,-56.41809,0.0,0.0,0.0,5,PARINTINS/AM,JURUTI/PA,JURUTI/PA,0.79,atencao
710698025,2026-09-28T03:19:50.101414+00:00,-2.33829,-56.41809,0.0,0.0,0.0,5,PARINTINS/AM,JURUTI/PA,JURUTI/PA,0.79,atencao
710698025,2026-09-28T04:22:44.190893+00:00,-2.33829,-56.41809,15.1,18.7,18.7,0,PARINTINS/AM,JURUTI/PA,,0.9,atencao
710698025,2026-09-28T04:37:23.678127+00:00,-2.30359,-56.40631,15.1,34.9,34.9,0,PARINTINS/AM,JURUTI/PA,,0.9,atencao
710698025,2026-09-28T04:53:08.273189+00:00,-2.2713,-56.38379,15.1,58.9,58.9,0,PARINTINS/AM,JURUTI/PA,,0.9,atencao
710698025,2026-09-28T05:00:44.771039+00:00,-2.26147,-56.36749,15.1,70.9,70.9,0,PARINTINS/AM,JURUTI/PA,,0.9,atencao
710698025,2026-09-28T05:06:51.891245+00:00,-2.25647,-56.35303,15.1,76.0,76.0,0,PARINTINS/AM,JURUTI/PA,,0.9,atencao
710698025,2026-09-28T05:16:32.743268+00:00,-2.25061,-56.32953,15.1,68.5,68.5,0,PARINTINS/AM,JURUTI/PA,,0.9,atencao
710698025,2026-09-28T05:34:49.125769+00:00,-2.23388,-56.28699,15.1,56.9,56.9,0,PARINTINS/AM,JURUTI/PA,,0.9,atencao
710698025,2026-09-28T05:53:53.136948+00:00,-2.20788,-56.24701,15.1,64.8,64.8,0,PARINTINS/AM,JURUTI/PA,,0.9,atencao
710698025,2026-09-28T06:28:31.277710+00:00,-2.17108,-56.16858,15.1,70.4,70.4,0,PARINTINS/AM,JURUTI/PA,,0.9,atencao
710698025,2026-09-28T06:41:25.039584+00:00,-2.16028,-56.13818,15.1,80.0,80.0,0,PARINTINS/AM,JURUTI/PA,,0.9,atencao
710698025,2026-09-28T06:49:41.564863+00:00,-2.15668,-56.1178,15.1,68.3,68.3,0,PARINTINS/AM,JURUTI/PA,,0.9,atencao
710698025,2026-09-28T06:55:58.094921+00:00,-2.15088,-56.10321,15.1,46.2,46.2,0,PARINTINS/AM,JURUTI/PA,,0.9,atencao
710698025,2026-09-28T06:57:36.073202+00:00,-2.14805,-56.10026,0.0,0.0,0.0,5,PARINTINS/AM,JURUTI/PA,JURUTI/PA,0.9,atencao
710698025,2026-09-28T08:05:50.670882+00:00,-2.14805,-56.10026,0.0,0.0,0.0,5,PARINTINS/AM,JURUTI/PA,JURUTI/PA,0.9,atencao
710698025,2026-09-28T09:14:05.268562+00:00,-2.14805,-56.10026,0.0,0.0,0.0,5,PARINTINS/AM,JURUTI/PA,JURUTI/PA,0.9,atencao
710698025,2026-09-28T10:22:19.866242+00:00,-2.14805,-56.10026,0.0,0.0,0.0,5,PARINTINS/AM,JURUTI/PA,JURUTI/PA,0.9,atencao
710698025,2026-09-28T11:30:34.463922+00:00,-2.14805,-56.10026,0.0,0.0,0.0,5,PARINTINS/AM,JURUTI/PA,JURUTI/PA,0.9,atencao
710698025,2026-09-28T12:38:49.061602+00:00,-2.14805,-56.10026,0.0,3.3,3.3,5,PARINTINS/AM,JURUTI/PA,JURUTI/PA,0.9,atencao
710698025,2026-09-28T13:44:37.239721+00:00,-2.0054,-56.09211,0.0,183.3,183.3,5,JURUTI/PA,ÓBIDOS/PA,ÓBIDOS/PA,1.03,atencao
710698025,2026-09-28T13:47:03.659282+00:00,-2.14805,-56.10026,148.7,46.2,46.2,0,JURUTI/PA,ÓBIDOS/PA,,1.03,atencao
710698025,2026-09-28T13:47:14.319055+00:00,-2.14502,-56.0971,148.7,28.1,28.1,0,JURUTI/PA,ÓBIDOS/PA,,1.03,atencao
710698025,2026-09-28T13:47:28.817968+00:00,-2.13977,-56.0943,148.7,14.4,14.4,0,JURUTI/PA,ÓBIDOS/PA,,1.03,atencao
710698025,2026-09-28T13:47:57.993632+00:00,-2.12817,-56.09131,148.7,6.4,6.4,0,JURUTI/PA,ÓBIDOS/PA,,1.03,atencao
710698025,2026-09-28T13:48:13.853728+00:00,-2.1217,-56.09058,148.7,20.1,20.1,0,JURUTI/PA,ÓBIDOS/PA,,1.03,atencao
710698025,2026-09-28T13:48:32.056992+00:00,-2.11468,-56.08801,148.7,19.9,19.9,0,JURUTI/PA,ÓBIDOS/PA,,1.03,atencao
710698025,2026-09-28T13:49:03.051395+00:00,-2.10272,-56.08368,148.7,12.5,12.5,0,JURUTI/PA,ÓBIDOS/PA,,1.03,atencao
710698025,2026-09-28T13:49:27.872649+00:00,-2.09277,-56.08148,148.7,0.8,0.8,0,JURUTI/PA,ÓBIDOS/PA,,1.03,atencao
710698025,2026-09-28T13:50:34.790752+00:00,-2.06531,-56.08111,148.7,349.7,349.7,0,JURUTI/PA,ÓBIDOS/PA,,1.03,atencao
710698025,2026-09-28T13:51:20.434583+00:00,-2.04687,-56.08447,148.7,346.4,346.4,0,JURUTI/PA,ÓBIDOS/PA,,1.03,atencao
710698025,2026-09-28T13:52:05.260428+00:00,-2.02899,-56.08881,148.7,349.9,349.9,0,JURUTI/PA,ÓBIDOS/PA,,1.03,atencao
710698025,2026-09-28T13:52:57.964985+00:00,-2.00769,-56.09259,148.7,11.8,11.8,0,JURUTI/PA,ÓBIDOS/PA,,1.03,atencao
710698025,2026-09-28T14:48:25.300668+00:00,-2.0054,-56.09211,0.0,0.0,0.0,5,JURUTI/PA,ÓBIDOS/PA,ÓBIDOS/PA,1.03,atencao
710698025,2026-09-28T15:52:13.361615+00:00,-2.0054,-56.09211,0.0,0.0,0.0,5,JURUTI/PA,ÓBIDOS/PA,ÓBIDOS/PA,1.03,atencao
710698025,2026-09-28T16:56:01.422562+00:00,-2.0054,-56.09211,0.0,0.0,0.0,5,JURUTI/PA,ÓBIDOS/PA,ÓBIDOS/PA,1.03,atencao
710698025,2026-09-28T17:59:49.483509+00:00,-2.0054,-56.09211,0.0,0.0,0.0,5,JURUTI/PA,ÓBIDOS/PA,ÓBIDOS/PA,1.03,atencao
710698025,2026-09-28T19:03:37.544456+00:00,-2.0054,-56.09211,0.0,0.0,0.0,5,JURUTI/PA,ÓBIDOS/PA,ÓBIDOS/PA,1.03,atencao
710698025,2026-09-28T20:07:25.605402+00:00,-2.0054,-56.09211,25.3,11.9,11.9,0,JURUTI/PA,ÓBIDOS/PA,,1.13,atencao
710698025,2026-09-28T20:13:41.633467+00:00,-1.97967,-56.08667,25.3,22.5,22.5,0,JURUTI/PA,ÓBIDOS/PA,,1.13,atencao
710698025,2026-09-28T20:16:46.715852+00:00,-1.96771,-56.08172,25.3,42.5,42.5,0,JURUTI/PA,ÓBIDOS/PA,,1.13,atencao
710698025,2026-09-28T20:21:16.604853+00:00,-1.95379,-56.06897,25.3,63.3,63.3,0,JURUTI/PA,ÓBIDOS/PA,,1.13,atencao
710698025,2026-09-28T20:26:00.628854+00:00,-1.94488,-56.05121,25.3,74.5,74.5,0,JURUTI/PA,ÓBIDOS/PA,,1.13,atencao
710698025,2026-09-28T20:28:49.951407+00:00,-1.94171,-56.03979,25.3,91.3,91.3,0,JURUTI/PA,ÓBIDOS/PA,,1.13,atencao
710698025,2026-09-28T20:32:51.624370+00:00,-1.94208,-56.02289,25.3,111.0,111.0,0,JURUTI/PA,ÓBIDOS/PA,,1.13,atencao
710698025,2026-09-28T20:35:32.335787+00:00,-1.9461,-56.01239,25.3,115.5,115.5,0,JURUTI/PA,ÓBIDOS/PA,,1.13,atencao
710698025,2026-09-28T20:42:14.264388+00:00,-1.95819,-55.987,25.3,110.3,110.3,0,JURUTI/PA,ÓBIDOS/PA,,1.13,atencao
710698025,2026-09-28T20:49:38.923638+00:00,-1.96899,-55.95782,25.3,120.2,120.2,0,JURUTI/PA,ÓBIDOS/PA,,1.13,atencao
710698025,2026-09-28T21:00:09.907961+00:00,-1.99121,-55.91968,25.3,115.9,115.9,0,JURUTI/PA,ÓBIDOS/PA,,1.13,atencao
710698025,2026-09-28T21:04:41.464394+00:00,-1.99951,-55.90259,25.3,99.1,99.1,0,JURUTI/PA,ÓBIDOS/PA,,1.13,atencao
710698025,2026-09-28T21:13:43.816682+00:00,-2.00549,-55.86511,25.3,89.1,89.1,0,JURUTI/PA,ÓBIDOS/PA,,1.13,atencao
710698025,2026-09-28T21:21:24.432362+00:00,-2.005,-55.83288,25.3,90.4,90.4,0,JURUTI/PA,ÓBIDOS/PA,,1.13,atencao
710698025,2026-09-28T21:27:40.385890+00:00,-2.00519,-55.80658,25.3,87.0,87.0,0,JURUTI/PA,ÓBIDOS/PA,,1.13,atencao
710698025,2026-09-28T21:32:10.279178+00:00,-2.00421,-55.78772,25.3,77.3,77.3,0,JURUTI/PA,ÓBIDOS/PA,,1.13,atencao
710698025,2026-09-28T21:38:16.806157+00:00,-1.99859,-55.76269,25.3,68.5,68.5,0,JURUTI/PA,ÓBIDOS/PA,,1.13,atencao
710698025,2026-09-28T21:43:02.730671+00:00,-1.99127,-55.74408,25.3,60.5,60.5,0,JURUTI/PA,ÓBIDOS/PA,,1.13,atencao
710698025,2026-09-28T21:48:07.451554+00:00,-1.98077,-55.72552,25.3,55.0,55.0,0,JURUTI/PA,ÓBIDOS/PA,,1.13,atencao
710698025,2026-09-28T21:55:10.286883+00:00,-1.96381,-55.70129,25.3,58.6,58.6,0,JURUTI/PA,ÓBIDOS/PA,,1.13,atencao
710698025,2026-09-28T22:02:10.429933+00:00,-1.94849,-55.67621,25.3,57.3,57.3,0,JURUTI/PA,ÓBIDOS/PA,,1.13,atencao
710698025,2026-09-28T22:16:37.302096+00:00,-1.91571,-55.62518,25.3,50.1,50.1,0,JURUTI/PA,ÓBIDOS/PA,,1.13,atencao
710698025,2026-09-28T22:19:58.617740+00:00,-1.90668,-55.61438,25.3,68.2,68.2,0,JURUTI/PA,ÓBIDOS/PA,,1.13,atencao
710698025,2026-09-28T22:22:43.046314+00:00,-1.9024,-55.6037,25.3,68.3,68.3,0,JURUTI/PA,ÓBIDOS/PA,,1.13,atencao
710698025,2026-09-28T22:24:43.243383+00:00,-1.89929,-55.59589,25.3,68.7,68.7,0,JURUTI/PA,ÓBIDOS/PA,,1.13,atencao
710698025,2026-09-28T22:26:59.972461+00:00,-1.89581,-55.58697,0.0,0.0,0.0,5,JURUTI/PA,ÓBIDOS/PA,ÓBIDOS/PA,1.13,atencao
710698025,2026-09-28T23:31:26.000679+00:00,-1.89581,-55.58697,0.0,0.0,0.0,5,JURUTI/PA,ÓBIDOS/PA,ÓBIDOS/PA,1.13,atencao
710698025,2026-09-29T00:35:52.028897+00:00,-1.89581,-55.58697,0.0,0.0,0.0,5,JURUTI/PA,ÓBIDOS/PA,ÓBIDOS/PA,1.13,atencao
710698025,2026-09-29T01:40:18.057115+00:00,-1.89581,-55.58697,0.0,0.0,0.0,5,JURUTI/PA,ÓBIDOS/PA,ÓBIDOS/PA,1.13,atencao
710698025,2026-09-29T02:44:44.085333+00:00,-1.89581,-55.58697,0.0,0.0,0.0,5,JURUTI/PA,ÓBIDOS/PA,ÓBIDOS/PA,1.13,atencao
710698025,2026-09-29T03:49:10.113551+00:00,-1.89581,-55.58697,0.0,109.3,109.3,5,JURUTI/PA,ÓBIDOS/PA,ÓBIDOS/PA,1.13,atencao
710698025,2026-09-29T04:44:57.994809+00:00,-1.92006,-55.51763,0.0,289.3,289.3,5,JURUTI/PA,ÓBIDOS/PA,ÓBIDOS/PA,1.1,atencao
710698025,2026-09-29T04:53:36.141769+00:00,-1.89581,-55.58697,74.6,101.3,101.3,0,JURUTI/PA,ÓBIDOS/PA,,1.1,atencao
710698025,2026-09-29T04:54:11.180406+00:00,-1.89722,-55.57989,74.6,104.1,104.1,0,JURUTI/PA,ÓBIDOS/PA,,1.1,atencao
710698025,2026-09-29T04:55:07.092109+00:00,-1.90002,-55.56872,74.6,101.6,101.6,0,JURUTI/PA,ÓBIDOS/PA,,1.1,atencao
710698025,2026-09-29T04:55:42.479544+00:00,-1.90149,-55.56158,74.6,111.0,111.0,0,JURUTI/PA,ÓBIDOS/PA,,1.1,atencao
710698025,2026-09-29T04:56:37.066409+00:00,-1.90552,-55.55109,74.6,104.8,104.8,0,JURUTI/PA,ÓBIDOS/PA,,1.1,atencao
710698025,2026-09-29T04:57:07.110455+00:00,-1.9071,-55.5451,74.6,116.6,116.6,0,JURUTI/PA,ÓBIDOS/PA,,1.1,atencao
710698025,2026-09-29T04:57:42.886632+00:00,-1.9104,-55.53851,74.6,106.4,106.4,0,JURUTI/PA,ÓBIDOS/PA,,1.1,atencao
710698025,2026-09-29T04:58:45.298314+00:00,-1.91402,-55.52618,74.6,125.1,125.1,0,JURUTI/PA,ÓBIDOS/PA,,1.1,atencao
710698025,2026-09-29T04:59:35.436878+00:00,-1.91996,-55.51772,74.6,138.0,138.0,0,JURUTI/PA,ÓBIDOS/PA,,1.1,atencao
710698025,2026-09-29T05:53:38.893144+00:00,-1.92006,-55.51763,0.0,0.0,0.0,5,JURUTI/PA,ÓBIDOS/PA,ÓBIDOS/PA,1.1,atencao
710698025,2026-09-29T07:02:19.791478+00:00,-1.92006,-55.51763,0.0,0.0,0.0,5,JURUTI/PA,ÓBIDOS/PA,ÓBIDOS/PA,1.1,atencao
710698025,2026-09-29T08:11:00.689813+00:00,-1.92006,-55.51763,0.0,0.0,0.0,5,JURUTI/PA,ÓBIDOS/PA,ÓBIDOS/PA,1.1,atencao
710698025,2026-09-29T09:19:41.588147+00:00,-1.92006,-55.51763,0.0,0.0,0.0,5,JURUTI/PA,ÓBIDOS/PA,ÓBIDOS/PA,1.1,atencao
710698025,2026-09-29T10:28:22.486482+00:00,-1.92006,-55.51763,21.8,138.3,138.3,0,ÓBIDOS/PA,SANTARÉM/PA,,1.01,atencao
710698025,2026-09-29T10:31:05.832633+00:00,-1.9274,-55.51108,21.8,135.5,135.5,0,ÓBIDOS/PA,SANTARÉM/PA,,1.01,atencao
710698025,2026-09-29T10:34:32.974032+00:00,-1.93629,-55.50233,21.8,139.8,139.8,0,ÓBIDOS/PA,SANTARÉM/PA,,1.01,atencao
710698025,2026-09-29T10:37:23.516639+00:00,-1.94413,-55.4957,21.8,138.0,138.0,0,ÓBIDOS/PA,SANTARÉM/PA,,1.01,atencao
710698025,2026-09-29T10:40:36.872773+00:00,-1.95278,-55.48791,21.8,136.0,136.0,0,ÓBIDOS/PA,SANTARÉM/PA,,1.01,atencao
710698025,2026-09-29T10:43:43.661416+00:00,-1.96087,-55.4801,21.8,130.8,130.8,0,ÓBIDOS/PA,SANTARÉM/PA,,1.01,atencao
710698025,2026-09-29T10:47:05.627553+00:00,-1.96881,-55.47089,21.8,132.4,132.4,0,ÓBIDOS/PA,SANTARÉM/PA,,1.01,atencao
710698025,2026-09-29T10:49:13.346940+00:00,-1.974,-55.46521,21.8,134.2,134.2,0,ÓBIDOS/PA,SANTARÉM/PA,,1.01,atencao
710698025,2026-09-29T10:50:57.990736+00:00,-1.97839,-55.46069,21.8,133.0,133.0,0,ÓBIDOS/PA,SANTARÉM/PA,,1.01,atencao
710698025,2026-09-29T10:58:09.019363+00:00,-1.99609,-55.44171,21.8,136.7,136.7,0,ÓBIDOS/PA,SANTARÉM/PA,,1.01,atencao
710698025,2026-09-29T11:05:09.946796+00:00,-2.01452,-55.42431,21.8,134.8,134.8,0,ÓBIDOS/PA,SANTARÉM/PA,,1.01,atencao
710698025,2026-09-29T11:14:18.270189+00:00,-2.03778,-55.40088,21.8,133.3,133.3,0,ÓBIDOS/PA,SANTARÉM/PA,,1.01,atencao
710698025,2026-09-29T11:23:08.890611+00:00,-2.05969,-55.37762,21.8,132.9,132.9,0,ÓBIDOS/PA,SANTARÉM/PA,,1.01,atencao
710698025,2026-09-29T11:29:45.523016+00:00,-2.07593,-55.36011,21.8,130.8,130.8,0,ÓBIDOS/PA,SANTARÉM/PA,,1.01,atencao
710698025,2026-09-29T11:35:25.457659+00:00,-2.08929,-55.3446,21.8,133.7,133.7,0,ÓBIDOS/PA,SANTARÉM/PA,,1.01,atencao
710698025,2026-09-29T11:42:04.778245+00:00,-2.10589,-55.32721,21.8,128.7,128.7,0,ÓBIDOS/PA,SANTARÉM/PA,,1.01,atencao
710698025,2026-09-29T11:49:34.002998+00:00,-2.1228,-55.30609,21.8,109.3,109.3,0,ÓBIDOS/PA,SANTARÉM/PA,,1.01,atencao
710698025,2026-09-29T11:57:36.012585+00:00,-2.13238,-55.27869,21.8,103.2,103.2,0,ÓBIDOS/PA,SANTARÉM/PA,,1.01,atencao
710698025,2026-09-29T12:03:13.223347+00:00,-2.13702,-55.25891,21.8,105.3,105.3,0,ÓBIDOS/PA,SANTARÉM/PA,,1.01,atencao
710698025,2026-09-29T12:10:51.199364+00:00,-2.14429,-55.2323,21.8,100.8,100.8,0,ÓBIDOS/PA,SANTARÉM/PA,,1.01,atencao
710698025,2026-09-29T12:20:17.564665+00:00,-2.15069,-55.19879,21.8,103.6,103.6,0,ÓBIDOS/PA,SANTARÉM/PA,,1.01,atencao
710698025,2026-09-29T12:27:28.154972+00:00,-2.1568,-55.17358,21.8,99.9,99.9,0,ÓBIDOS/PA,SANTARÉM/PA,,1.01,atencao
710698025,2026-09-29T12:36:03.388121+00:00,-2.16211,-55.143,21.8,97.2,97.2,0,ÓBIDOS/PA,SANTARÉM/PA,,1.01,atencao
710698025,2026-09-29T12:44:23.836604+00:00,-2.16589,-55.1131,21.8,96.3,96.3,0,ÓBIDOS/PA,SANTARÉM/PA,,1.01,atencao
710698025,2026-09-29T12:49:27.638714+00:00,-2.16791,-55.09491,21.8,101.1,101.1,0,ÓBIDOS/PA,SANTARÉM/PA,,1.01,atencao
710698025,2026-09-29T12:52:46.959059+00:00,-2.17023,-55.08313,21.8,92.7,92.7,0,ÓBIDOS/PA,SANTARÉM/PA,,1.01,atencao
710698025,2026-09-29T12:56:40.268627+00:00,-2.1709,-55.06909,21.8,85.2,85.2,0,ÓBIDOS/PA,SANTARÉM/PA,,1.01,atencao
710698025,2026-09-29T13:03:19.877195+00:00,-2.16888,-55.0451,21.8,76.2,76.2,0,ÓBIDOS/PA,SANTARÉM/PA,,1.01,atencao
710698025,2026-09-29T13:08:38.124386+00:00,-2.16431,-55.02649,21.8,73.2,73.2,0,ÓBIDOS/PA,SANTARÉM/PA,,1.01,atencao
710698025,2026-09-29T13:13:26.002748+00:00,-2.1593,-55.00989,21.8,63.7,63.7,0,ÓBIDOS/PA,SANTARÉM/PA,,1.01,atencao
710698025,2026-09-29T13:19:11.801173+00:00,-2.15008,-54.99121,21.8,69.6,69.6,0,ÓBIDOS/PA,SANTARÉM/PA,,1.01,atencao
710698025,2026-09-29T13:22:17.768060+00:00,-2.14618,-54.98071,21.8,58.3,58.3,0,ÓBIDOS/PA,SANTARÉM/PA,,1.01,atencao
710698025,2026-09-29T13:24:46.552510+00:00,-2.14148,-54.97308,21.8,66.5,66.5,0,ÓBIDOS/PA,SANTARÉM/PA,,1.01,atencao
710698025,2026-09-29T13:27:32.209920+00:00,-2.13751,-54.96393,21.8,70.5,70.5,0,ÓBIDOS/PA,SANTARÉM/PA,,1.01,atencao
710698025,2026-09-29T13:31:01.822258+00:00,-2.1333,-54.95202,21.8,75.7,75.7,0,ÓBIDOS/PA,SANTARÉM/PA,,1.01,atencao
710698025,2026-09-29T13:34:11.052574+00:00,-2.13049,-54.94098,21.8,78.0,78.0,0,ÓBIDOS/PA,SANTARÉM/PA,,1.01,atencao
710698025,2026-09-29T13:36:02.946470+00:00,-2.12909,-54.93439,21.8,79.9,79.9,0,ÓBIDOS/PA,SANTARÉM/PA,,1.01,atencao
710698025,2026-09-29T13:38:22.886765+00:00,-2.12762,-54.92609,21.8,90.0,90.0,0,ÓBIDOS/PA,SANTARÉM/PA,,1.01,atencao
710698025,2026-09-29T13:40:25.487693+00:00,-2.12762,-54.9187,21.8,83.7,83.7,0,ÓBIDOS/PA,SANTARÉM/PA,,1.01,atencao
710698025,2026-09-29T13:42:44.133127+00:00,-2.12671,-54.9104,21.8,93.4,93.4,0,ÓBIDOS/PA,SANTARÉM/PA,,1.01,atencao
710698025,2026-09-29T13:45:02.180180+00:00,-2.1272,-54.9021,21.8,98.2,98.2,0,ÓBIDOS/PA,SANTARÉM/PA,,1.01,atencao
710698025,2026-09-29T13:48:00.299716+00:00,-2.12872,-54.89148,21.8,110.2,110.2,0,ÓBIDOS/PA,SANTARÉM/PA,,1.01,atencao
710698025,2026-09-29T13:55:27.211825+00:00,-2.138,-54.86621,21.8,118.2,118.2,0,ÓBIDOS/PA,SANTARÉM/PA,,1.01,atencao
710698025,2026-09-29T14:00:34.151622+00:00,-2.14673,-54.84991,21.8,126.9,126.9,0,ÓBIDOS/PA,SANTARÉM/PA,,1.01,atencao
710698025,2026-09-29T14:05:04.147418+00:00,-2.15649,-54.83691,21.8,144.9,144.9,0,ÓBIDOS/PA,SANTARÉM/PA,,1.01,atencao
710698025,2026-09-29T14:09:24.588391+00:00,-2.16931,-54.82788,21.8,147.1,147.1,0,ÓBIDOS/PA,SANTARÉM/PA,,1.01,atencao
710698025,2026-09-29T14:12:22.015257+00:00,-2.17828,-54.82208,21.8,152.6,152.6,0,ÓBIDOS/PA,SANTARÉM/PA,,1.01,atencao
710698025,2026-09-29T14:16:19.630372+00:00,-2.19098,-54.81549,21.8,149.9,149.9,0,ÓBIDOS/PA,SANTARÉM/PA,,1.01,atencao
710698025,2026-09-29T14:21:52.595136+00:00,-2.20831,-54.80542,21.8,140.6,140.6,0,ÓBIDOS/PA,SANTARÉM/PA,,1.01,atencao
710698025,2026-09-29T14:26:19.052511+00:00,-2.2207,-54.79523,21.8,129.0,129.0,0,ÓBIDOS/PA,SANTARÉM/PA,,1.01,atencao
710698025,2026-09-29T14:31:49.077107+00:00,-2.23321,-54.77978,21.8,140.9,140.9,0,ÓBIDOS/PA,SANTARÉM/PA,,1.01,atencao
710698025,2026-09-29T14:35:40.367259+00:00,-2.24402,-54.77099,21.8,145.3,145.3,0,ÓBIDOS/PA,SANTARÉM/PA,,1.01,atencao
710698025,2026-09-29T14:40:37.602191+00:00,-2.25873,-54.7608,21.8,145.8,145.8,0,ÓBIDOS/PA,SANTARÉM/PA,,1.01,atencao
710698025,2026-09-29T14:43:57.503030+00:00,-2.26867,-54.75403,21.8,142.2,142.2,0,ÓBIDOS/PA,SANTARÉM/PA,,1.01,atencao
710698025,2026-09-29T14:49:19.695591+00:00,-2.28399,-54.74213,21.8,143.4,143.4,0,ÓBIDOS/PA,SANTARÉM/PA,,1.01,atencao
710698025,2026-09-29T14:54:01.503049+00:00,-2.29761,-54.73199,21.8,152.2,152.2,0,ÓBIDOS/PA,SANTARÉM/PA,,1.01,atencao
710698025,2026-09-29T14:58:35.398157+00:00,-2.31219,-54.7243,21.8,162.1,162.1,0,ÓBIDOS/PA,SANTARÉM/PA,,1.01,atencao
710698025,2026-09-29T15:03:06.014443+00:00,-2.3277,-54.7193,21.8,160.4,160.4,0,ÓBIDOS/PA,SANTARÉM/PA,,1.01,atencao
710698025,2026-09-29T15:07:53.355686+00:00,-2.34399,-54.7135,21.8,154.9,154.9,0,ÓBIDOS/PA,SANTARÉM/PA,,1.01,atencao
710698025,2026-09-29T15:13:06.737615+00:00,-2.36108,-54.7055,21.8,155.7,155.7,0,ÓBIDOS/PA,SANTARÉM/PA,,1.01,atencao
710698025,2026-09-29T15:17:00.418064+00:00,-2.3739,-54.69971,21.8,148.8,148.8,0,ÓBIDOS/PA,SANTARÉM/PA,,1.01,atencao
710698025,2026-09-29T15:21:55.633406+00:00,-2.3891,-54.69049,21.8,150.8,150.8,0,ÓBIDOS/PA,SANTARÉM/PA,,1.01,atencao
710698025,2026-09-29T15:27:41.929011+00:00,-2.40729,-54.6803,21.8,156.3,156.3,0,ÓBIDOS/PA,SANTARÉM/PA,,1.01,atencao
710698025,2026-09-29T15:31:28.904862+00:00,-2.4198,-54.6748,21.8,154.7,154.7,0,ÓBIDOS/PA,SANTARÉM/PA,,1.01,atencao
710698025,2026-09-29T15:34:12.611915+00:00,-2.42871,-54.67059,0.0,0.0,0.0,5,ÓBIDOS/PA,SANTARÉM/PA,SANTARÉM/PA,1.01,atencao
710698025,2026-09-29T16:42:32.964401+00:00,-2.42871,-54.67059,0.0,0.0,0.0,5,ÓBIDOS/PA,SANTARÉM/PA,SANTARÉM/PA,1.01,atencao
710698025,2026-09-29T17:50:53.316886+00:00,-2.42871,-54.67059,0.0,0.0,0.0,5,ÓBIDOS/PA,SANTARÉM/PA,SANTARÉM/PA,1.01,atencao
710698025,2026-09-29T18:59:13.669372+00:00,-2.42871,-54.67059,0.0,0.0,0.0,5,ÓBIDOS/PA,SANTARÉM/PA,SANTARÉM/PA,1.01,atencao
710698025,2026-09-29T20:07:34.021857+00:00,-2.42871,-54.67059,0.0,0.0,0.0,5,ÓBIDOS/PA,SANTARÉM/PA,SANTARÉM/PA,1.01,atencao
710698025,2026-09-29T21:15:54.374343+00:00,-2.42871,-54.67059,6.2,292.3,292.3,0,SANTARÉM/PA,ÓBIDOS/PA,,1.04,atencao
710698025,2026-09-29T21:18:44.315915+00:00,-2.42761,-54.67328,6.2,295.9,295.9,0,SANTARÉM/PA,ÓBIDOS/PA,,1.04,atencao
710698025,2026-09-29T21:42:30.891986+00:00,-2.41699,-54.69519,6.2,286.3,286.3,0,SANTARÉM/PA,ÓBIDOS/PA,,1.04,atencao
710698025,2026-09-29T21:43:00.080684+00:00,-2.41685,-54.69567,0.0,0.0,0.0,5,SANTARÉM/PA,ÓBIDOS/PA,ÓBIDOS/PA,1.04,atencao
710698025,2026-09-29T22:49:17.193339+00:00,-2.41685,-54.69567,0.0,0.0,0.0,5,SANTARÉM/PA,ÓBIDOS/PA,ÓBIDOS/PA,1.04,atencao
710698025,2026-09-29T23:55:34.305994+00:00,-2.41685,-54.69567,0.0,0.0,0.0,5,SANTARÉM/PA,ÓBIDOS/PA,ÓBIDOS/PA,1.04,atencao
710698025,2026-09-30T01:01:51.418650+00:00,-2.41685,-54.69567,0.0,0.0,0.0,5,SANTARÉM/PA,ÓBIDOS/PA,ÓBIDOS/PA,1.04,atencao
710698025,2026-09-30T02:08:08.531305+00:00,-2.41685,-54.69567,0.0,0.0,0.0,5,SANTARÉM/PA,ÓBIDOS/PA,ÓBIDOS/PA,1.04,atencao
710698025,2026-09-30T03:14:25.643961+00:00,-2.41685,-54.69567,5.6,286.8,286.8,0,SANTARÉM/PA,ÓBIDOS/PA,,1.12,atencao
710698025,2026-09-30T03:28:35.709961+00:00,-2.41308,-54.70819,5.6,265.5,265.5,0,SANTARÉM/PA,ÓBIDOS/PA,,1.12,atencao
710698025,2026-09-30T03:45:44.632145+00:00,-2.41431,-54.72397,5.6,275.7,275.7,0,SANTARÉM/PA,ÓBIDOS/PA,,1.12,atencao
710698025,2026-09-30T03:58:24.434232+00:00,-2.41316,-54.7356,5.6,273.7,273.7,0,SANTARÉM/PA,ÓBIDOS/PA,,1.12,atencao
710698025,2026-09-30T03:58:54.720011+00:00,-2.41313,-54.73607,0.0,0.0,0.0,5,SANTARÉM/PA,ÓBIDOS/PA,ÓBIDOS/PA,1.12,atencao
710698025,2026-09-30T05:04:08.416519+00:00,-2.41313,-54.73607,0.0,0.0,0.0,5,SANTARÉM/PA,ÓBIDOS/PA,ÓBIDOS/PA,1.12,atencao
710698025,2026-09-30T06:09:22.113028+00:00,-2.41313,-54.73607,0.0,0.0,0.0,5,SANTARÉM/PA,ÓBIDOS/PA,ÓBIDOS/PA,1.12,atencao
710698025,2026-09-30T07:14:35.809536+00:00,-2.41313,-54.73607,0.0,0.0,0.0,5,SANTARÉM/PA,ÓBIDOS/PA,ÓBIDOS/PA,1.12,atencao
710698025,2026-09-30T08:19:49.506045+00:00,-2.41313,-54.73607,0.0,0.0,0.0,5,SANTARÉM/PA,ÓBIDOS/PA,ÓBIDOS/PA,1.12,atencao
710698025,2026-09-30T09:25:03.202553+00:00,-2.41313,-54.73607,0.0,95.3,95.3,5,SANTARÉM/PA,ÓBIDOS/PA,ÓBIDOS/PA,1.12,atencao
710698025,2026-09-30T10:11:28.186175+00:00,-2.41685,-54.69567,0.0,275.3,275.3,5,SANTARÉM/PA,MONTE ALEGRE/PA,MONTE ALEGRE/PA,1.14,atencao
710698025,2026-09-30T10:30:16.899062+00:00,-2.41313,-54.73607,41.3,93.7,93.7,0,SANTARÉM/PA,MONTE ALEGRE/PA,,1.14,atencao
710698025,2026-09-30T10:30:20.983951+00:00,-2.41316,-54.7356,41.3,95.7,95.7,0,SANTARÉM/PA,MONTE ALEGRE/PA,,1.14,atencao
710698025,2026-09-30T10:32:03.464640+00:00,-2.41431,-54.72397,41.3,85.5,85.5,0,SANTARÉM/PA,MONTE ALEGRE/PA,,1.14,atencao
710698025,2026-09-30T10:34:22.243745+00:00,-2.41308,-54.70819,41.3,106.8,106.8,0,SANTARÉM/PA,MONTE ALEGRE/PA,,1.14,atencao
710698025,2026-09-30T11:22:51.205970+00:00,-2.41685,-54.69567,0.0,0.0,0.0,5,SANTARÉM/PA,MONTE ALEGRE/PA,MONTE ALEGRE/PA,1.14,atencao
710698025,2026-09-30T12:34:14.225766+00:00,-2.41685,-54.69567,0.0,0.0,0.0,5,SANTARÉM/PA,MONTE ALEGRE/PA,MONTE ALEGRE/PA,1.14,atencao
710698025,2026-09-30T13:45:37.245561+00:00,-2.41685,-54.69567,0.0,0.0,0.0,5,SANTARÉM/PA,MONTE ALEGRE/PA,MONTE ALEGRE/PA,1.14,atencao
710698025,2026-09-30T14:57:00.265356+00:00,-2.41685,-54.69567,0.0,0.0,0.0,5,SANTARÉM/PA,MONTE ALEGRE/PA,MONTE ALEGRE/PA,1.14,atencao
710698025,2026-09-30T16:08:23.285151+00:00,-2.41685,-54.69567,9.1,106.3,106.3,0,SANTARÉM/PA,MONTE ALEGRE/PA,,1.28,atencao
710698025,2026-09-30T16:08:43.063140+00:00,-2.41699,-54.69519,9.1,115.9,115.9,0,SANTARÉM/PA,MONTE ALEGRE/PA,,1.28,atencao
710698025,2026-09-30T16:24:49.697787+00:00,-2.42761,-54.67328,9.1,112.3,112.3,0,SANTARÉM/PA,MONTE ALEGRE/PA,,1.28,atencao
710698025,2026-09-30T16:26:44.848612+00:00,-2.42871,-54.67059,0.0,0.0,0.0,5,SANTARÉM/PA,MONTE ALEGRE/PA,MONTE ALEGRE/PA,1.28,atencao
710698025,2026-09-30T17:33:51.769988+00:00,-2.42871,-54.67059,0.0,0.0,0.0,5,SANTARÉM/PA,MONTE ALEGRE/PA,MONTE ALEGRE/PA,1.28,atencao
710698025,2026-09-30T18:40:58.691365+00:00,-2.42871,-54.67059,0.0,0.0,0.0,5,SANTARÉM/PA,MONTE ALEGRE/PA,MONTE ALEGRE/PA,1.28,atencao
710698025,2026-09-30T19:48:05.612741+00:00,-2.42871,-54.67059,0.0,0.0,0.0,5,SANTARÉM/PA,MONTE ALEGRE/PA,MONTE ALEGRE/PA,1.28,atencao
710698025,2026-09-30T20:55:12.534118+00:00,-2.42871,-54.67059,0.0,0.0,0.0,5,SANTARÉM/PA,MONTE ALEGRE/PA,MONTE ALEGRE/PA,1.28,atencao
710698025,2026-09-30T22:02:19.455494+00:00,-2.42871,-54.67059,0.0,111.4,111.4,5,SANTARÉM/PA,MONTE ALEGRE/PA,MONTE ALEGRE/PA,1.28,atencao
710698025,2026-09-30T22:50:16.868585+00:00,-2.44856,-54.61999,0.0,291.4,291.4,5,SANTARÉM/PA,MONTE ALEGRE/PA,MONTE ALEGRE/PA,1.41,atencao
710698025,2026-09-30T23:09:26.376871+00:00,-2.42871,-54.67059,54.7,112.0,112.0,0,SANTARÉM/PA,MONTE ALEGRE/PA,,1.41,atencao
710698025,2026-09-30T23:12:52.056559+00:00,-2.44031,-54.64178,54.7,110.8,110.8,0,SANTARÉM/PA,MONTE ALEGRE/PA,,1.41,atencao
710698025,2026-09-30T23:51:14.649024+00:00,-2.44856,-54.61999,0.0,0.0,0.0,5,SANTARÉM/PA,MONTE ALEGRE/PA,MONTE ALEGRE/PA,1.41,atencao
710698025,2026-10-01T00:52:12.429463+00:00,-2.44856,-54.61999,0.0,0.0,0.0,5,SANTARÉM/PA,MONTE ALEGRE/PA,MONTE ALEGRE/PA,1.41,atencao
710698025,2026-10-01T01:53:10.209902+00:00,-2.44856,-54.61999,0.0,0.0,0.0,5,SANTARÉM/PA,MONTE ALEGRE/PA,MONTE ALEGRE/PA,1.41,atencao
710698025,2026-10-01T02:54:07.990341+00:00,-2.44856,-54.61999,0.0,0.0,0.0,5,SANTARÉM/PA,MONTE ALEGRE/PA,MONTE ALEGRE/PA,1.41,atencao
710698025,2026-10-01T03:55:05.770780+00:00,-2.44856,-54.61999,18.4,110.9,110.9,0,SANTARÉM/PA,MONTE ALEGRE/PA,,1.37,atencao
710698025,2026-10-01T03:55:45.457676+00:00,-2.44928,-54.6181,18.4,104.8,104.8,0,SANTARÉM/PA,MONTE ALEGRE/PA,,1.37,atencao
710698025,2026-10-01T04:01:32.502578+00:00,-2.45379,-54.60101,18.4,101.1,101.1,0,SANTARÉM/PA,MONTE ALEGRE/PA,,1.37,atencao
710698025,2026-10-01T04:07:20.520208+00:00,-2.45721,-54.58362,18.4,82.4,82.4,0,SANTARÉM/PA,MONTE ALEGRE/PA,,1.37,atencao
710698025,2026-10-01T04:16:54.624022+00:00,-2.45337,-54.55463,18.4,97.1,97.1,0,SANTARÉM/PA,MONTE ALEGRE/PA,,1.37,atencao
710698025,2026-10-01T04:21:45.621967+00:00,-2.4552,-54.53992,18.4,88.7,88.7,0,SANTARÉM/PA,MONTE ALEGRE/PA,,1.37,atencao
710698025,2026-10-01T04:24:25.004535+00:00,-2.45502,-54.5318,18.4,98.5,98.5,0,SANTARÉM/PA,MONTE ALEGRE/PA,,1.37,atencao
710698025,2026-10-01T04:27:15.811033+00:00,-2.4563,-54.52319,18.4,79.7,79.7,0,SANTARÉM/PA,MONTE ALEGRE/PA,,1.37,atencao
710698025,2026-10-01T04:31:03.574385+00:00,-2.45422,-54.51178,18.4,80.5,80.5,0,SANTARÉM/PA,MONTE ALEGRE/PA,,1.37,atencao
710698025,2026-10-01T04:35:17.480083+00:00,-2.45208,-54.49902,18.4,77.2,77.2,0,SANTARÉM/PA,MONTE ALEGRE/PA,,1.37,atencao
710698025,2026-10-01T04:42:57.036028+00:00,-2.4469,-54.47619,18.4,79.1,79.1,0,SANTARÉM/PA,MONTE ALEGRE/PA,,1.37,atencao
710698025,2026-10-01T04:48:00.893174+00:00,-2.44397,-54.461,18.4,68.7,68.7,0,SANTARÉM/PA,MONTE ALEGRE/PA,,1.37,atencao
710698025,2026-10-01T04:55:55.543669+00:00,-2.43518,-54.43847,18.4,62.4,62.4,0,SANTARÉM/PA,MONTE ALEGRE/PA,,1.37,atencao
710698025,2026-10-01T05:00:27.313627+00:00,-2.42877,-54.42621,18.4,62.0,62.0,0,SANTARÉM/PA,MONTE ALEGRE/PA,,1.37,atencao
710698025,2026-10-01T05:06:05.066892+00:00,-2.42071,-54.41101,18.4,58.2,58.2,0,SANTARÉM/PA,MONTE ALEGRE/PA,,1.37,atencao
710698025,2026-10-01T05:11:37.638102+00:00,-2.4118,-54.39661,18.4,70.5,70.5,0,SANTARÉM/PA,MONTE ALEGRE/PA,,1.37,atencao
710698025,2026-10-01T05:15:02.326913+00:00,-2.40832,-54.38678,18.4,78.2,78.2,0,SANTARÉM/PA,MONTE ALEGRE/PA,,1.37,atencao
710698025,2026-10-01T05:18:26.783809+00:00,-2.40619,-54.37658,18.4,84.4,84.4,0,SANTARÉM/PA,MONTE ALEGRE/PA,,1.37,atencao
710698025,2026-10-01T05:22:46.788371+00:00,-2.4049,-54.3634,18.4,88.1,88.1,0,SANTARÉM/PA,MONTE ALEGRE/PA,,1.37,atencao
710698025,2026-10-01T05:26:59.760849+00:00,-2.40448,-54.35052,18.4,90.9,90.9,0,SANTARÉM/PA,MONTE ALEGRE/PA,,1.37,atencao
710698025,2026-10-01T05:29:23.581139+00:00,-2.4046,-54.3432,18.4,95.0,95.0,0,SANTARÉM/PA,MONTE ALEGRE/PA,,1.37,atencao
710698025,2026-10-01T05:33:04.856795+00:00,-2.40558,-54.33197,18.4,90.0,90.0,0,SANTARÉM/PA,MONTE ALEGRE/PA,,1.37,atencao
710698025,2026-10-01T05:36:16.577309+00:00,-2.40558,-54.3222,18.4,90.0,90.0,0,SANTARÉM/PA,MONTE ALEGRE/PA,,1.37,atencao
710698025,2026-10-01T05:39:07.940034+00:00,-2.40558,-54.31347,18.4,87.9,87.9,0,SANTARÉM/PA,MONTE ALEGRE/PA,,1.37,atencao
710698025,2026-10-01T05:42:28.153466+00:00,-2.40521,-54.30328,18.4,90.0,90.0,0,SANTARÉM/PA,MONTE ALEGRE/PA,,1.37,atencao
710698025,2026-10-01T05:44:56.743776+00:00,-2.40521,-54.29571,18.4,98.0,98.0,0,SANTARÉM/PA,MONTE ALEGRE/PA,,1.37,atencao
710698025,2026-10-01T05:47:41.273730+00:00,-2.40637,-54.28741,18.4,109.0,109.0,0,SANTARÉM/PA,MONTE ALEGRE/PA,,1.37,atencao
710698025,2026-10-01T05:50:19.679994+00:00,-2.40899,-54.27978,18.4,104.8,104.8,0,SANTARÉM/PA,MONTE ALEGRE/PA,,1.37,atencao
710698025,2026-10-01T05:52:45.870806+00:00,-2.41089,-54.27258,18.4,93.8,93.8,0,SANTARÉM/PA,MONTE ALEGRE/PA,,1.37,atencao
710698025,2026-10-01T05:56:24.412187+00:00,-2.41162,-54.26147,18.4,69.5,69.5,0,SANTARÉM/PA,MONTE ALEGRE/PA,,1.37,atencao
710698025,2026-10-01T06:00:21.016246+00:00,-2.40741,-54.25018,18.4,63.9,63.9,0,SANTARÉM/PA,MONTE ALEGRE/PA,,1.37,atencao
710698025,2026-10-01T06:03:29.137237+00:00,-2.4032,-54.24158,18.4,60.6,60.6,0,SANTARÉM/PA,MONTE ALEGRE/PA,,1.37,atencao
710698025,2026-10-01T06:07:09.150949+00:00,-2.3977,-54.23181,18.4,66.2,66.2,0,SANTARÉM/PA,MONTE ALEGRE/PA,,1.37,atencao
710698025,2026-10-01T06:13:52.640925+00:00,-2.3894,-54.21301,18.4,64.7,64.7,0,SANTARÉM/PA,MONTE ALEGRE/PA,,1.37,atencao
710698025,2026-10-01T06:17:36.721333+00:00,-2.38452,-54.2027,18.4,67.4,67.4,0,SANTARÉM/PA,MONTE ALEGRE/PA,,1.37,atencao
710698025,2026-10-01T06:26:30.196002+00:00,-2.37408,-54.17761,18.4,63.3,63.3,0,SANTARÉM/PA,MONTE ALEGRE/PA,,1.37,atencao
710698025,2026-10-01T06:31:45.326723+00:00,-2.36688,-54.16327,18.4,62.5,62.5,0,SANTARÉM/PA,MONTE ALEGRE/PA,,1.37,atencao
710698025,2026-10-01T06:35:59.441144+00:00,-2.3609,-54.15179,18.4,55.3,55.3,0,SANTARÉM/PA,MONTE ALEGRE/PA,,1.37,atencao
710698025,2026-10-01T06:39:46.827392+00:00,-2.35431,-54.14227,18.4,50.1,50.1,0,SANTARÉM/PA,MONTE ALEGRE/PA,,1.37,atencao
710698025,2026-10-01T06:42:48.114324+00:00,-2.34839,-54.13519,18.4,56.9,56.9,0,SANTARÉM/PA,MONTE ALEGRE/PA,,1.37,atencao
710698025,2026-10-01T06:45:48.264131+00:00,-2.34338,-54.1275,18.4,51.9,51.9,0,SANTARÉM/PA,MONTE ALEGRE/PA,,1.37,atencao
710698025,2026-10-01T06:52:57.720024+00:00,-2.32989,-54.11029,18.4,39.4,39.4,0,SANTARÉM/PA,MONTE ALEGRE/PA,,1.37,atencao
710698025,2026-10-01T06:57:44.786046+00:00,-2.3186,-54.10101,18.4,36.1,36.1,0,SANTARÉM/PA,MONTE ALEGRE/PA,,1.37,atencao
710698025,2026-10-01T07:02:45.990685+00:00,-2.30621,-54.09198,18.4,31.2,31.2,0,SANTARÉM/PA,MONTE ALEGRE/PA,,1.37,atencao
710698025,2026-10-01T07:09:07.416795+00:00,-2.28961,-54.08191,18.4,33.7,33.7,0,SANTARÉM/PA,MONTE ALEGRE/PA,,1.37,atencao
710698025,2026-10-01T07:15:23.498718+00:00,-2.27368,-54.07129,18.4,33.4,33.4,0,SANTARÉM/PA,MONTE ALEGRE/PA,,1.37,atencao
710698025,2026-10-01T07:19:53.546207+00:00,-2.2622,-54.06372,18.4,31.6,31.6,0,SANTARÉM/PA,MONTE ALEGRE/PA,,1.37,atencao
710698025,2026-10-01T07:24:16.756167+00:00,-2.25079,-54.0567,18.4,27.0,27.0,0,SANTARÉM/PA,MONTE ALEGRE/PA,,1.37,atencao
710698025,2026-10-01T07:30:36.447790+00:00,-2.23358,-54.04791,18.4,20.0,20.0,0,SANTARÉM/PA,MONTE ALEGRE/PA,,1.37,atencao
710698025,2026-10-01T07:35:41.418138+00:00,-2.21899,-54.0426,18.4,15.3,15.3,0,SANTARÉM/PA,MONTE ALEGRE/PA,,1.37,atencao
710698025,2026-10-01T07:41:07.287982+00:00,-2.203,-54.03821,18.4,4.7,4.7,0,SANTARÉM/PA,MONTE ALEGRE/PA,,1.37,atencao
710698025,2026-10-01T07:45:57.274341+00:00,-2.18829,-54.03699,18.4,2.5,2.5,0,SANTARÉM/PA,MONTE ALEGRE/PA,,1.37,atencao
710698025,2026-10-01T07:51:08.181408+00:00,-2.17248,-54.03631,18.4,0.0,0.0,0,SANTARÉM/PA,MONTE ALEGRE/PA,,1.37,atencao
710698025,2026-10-01T07:56:19.987300+00:00,-2.15661,-54.03631,18.4,357.6,357.6,0,SANTARÉM/PA,MONTE ALEGRE/PA,,1.37,atencao
710698025,2026-10-01T08:01:33.269751+00:00,-2.14068,-54.03699,18.4,352.9,352.9,0,SANTARÉM/PA,MONTE ALEGRE/PA,,1.37,atencao
710698025,2026-10-01T08:05:36.175629+00:00,-2.12842,-54.03851,18.4,0.0,0.0,0,SANTARÉM/PA,MONTE ALEGRE/PA,,1.37,atencao
710698025,2026-10-01T08:07:48.077636+00:00,-2.1217,-54.03851,18.4,12.2,12.2,0,SANTARÉM/PA,MONTE ALEGRE/PA,,1.37,atencao
710698025,2026-10-01T08:10:09.209583+00:00,-2.11468,-54.03699,18.4,27.9,27.9,0,SANTARÉM/PA,MONTE ALEGRE/PA,,1.37,atencao
710698025,2026-10-01T08:12:53.354958+00:00,-2.1073,-54.03308,18.4,33.1,33.1,0,SANTARÉM/PA,MONTE ALEGRE/PA,,1.37,atencao
710698025,2026-10-01T08:15:37.967636+00:00,-2.10028,-54.0285,18.4,27.4,27.4,0,SANTARÉM/PA,MONTE ALEGRE/PA,,1.37,atencao
710698025,2026-10-01T08:17:53.112413+00:00,-2.09418,-54.02533,18.4,27.1,27.1,0,SANTARÉM/PA,MONTE ALEGRE/PA,,1.37,atencao
710698025,2026-10-01T08:21:42.102476+00:00,-2.0838,-54.02002,18.4,20.6,20.6,0,SANTARÉM/PA,MONTE ALEGRE/PA,,1.37,atencao
710698025,2026-10-01T08:24:26.044782+00:00,-2.07599,-54.01709,18.4,26.6,26.6,0,SANTARÉM/PA,MONTE ALEGRE/PA,,1.37,atencao
710698025,2026-10-01T08:28:13.963367+00:00,-2.06561,-54.0119,18.4,25.4,25.4,0,SANTARÉM/PA,MONTE ALEGRE/PA,,1.37,atencao
710698025,2026-10-01T08:32:08.902133+00:00,-2.05481,-54.00677,18.4,32.0,32.0,0,SANTARÉM/PA,MONTE ALEGRE/PA,,1.37,atencao
710698025,2026-10-01T08:33:39.906662+00:00,-2.05088,-54.00431,0.0,0.0,0.0,5,SANTARÉM/PA,MONTE ALEGRE/PA,MONTE ALEGRE/PA,1.37,atencao
710698025,2026-10-01T09:36:43.647723+00:00,-2.05088,-54.00431,0.0,0.0,0.0,5,SANTARÉM/PA,MONTE ALEGRE/PA,MONTE ALEGRE/PA,1.37,atencao
710698025,2026-10-01T10:39:47.388784+00:00,-2.05088,-54.00431,0.0,0.0,0.0,5,SANTARÉM/PA,MONTE ALEGRE/PA,MONTE ALEGRE/PA,1.37,atencao
710698025,2026-10-01T11:42:51.129845+00:00,-2.05088,-54.00431,0.0,0.0,0.0,5,SANTARÉM/PA,MONTE ALEGRE/PA,MONTE ALEGRE/PA,1.37,atencao
710698025,2026-10-01T12:45:54.870907+00:00,-2.05088,-54.00431,0.0,0.0,0.0,5,SANTARÉM/PA,MONTE ALEGRE/PA,MONTE ALEGRE/PA,1.37,atencao
710698025,2026-10-01T13:48:58.611968+00:00,-2.05088,-54.00431,0.0,259.4,259.4,5,SANTARÉM/PA,MONTE ALEGRE/PA,MONTE ALEGRE/PA,1.37,atencao
710698025,2026-10-01T14:45:18.993254+00:00,-3.15581,-60.00048,0.0,79.7,79.7,5,MANAUS/AM,ITACOATIARA/AM,ITACOATIARA/AM,1.42,atencao
710698025,2026-10-01T14:52:02.353029+00:00,-2.05088,-54.00431,0.0,259.6,259.6,5,SANTARÉM/PA,MONTE ALEGRE/PA,MONTE ALEGRE/PA,1.37,atencao
710698025,2026-10-01T15:55:06.094091+00:00,-3.14069,-60.0291,32.7,125.6,125.6,0,MANAUS/AM,ITACOATIARA/AM,,1.42,atencao
710698025,2026-10-01T15:55:28.107945+00:00,-3.14185,-60.02748,32.7,117.4,117.4,0,MANAUS/AM,ITACOATIARA/AM,,1.42,atencao
710698025,2026-10-01T15:57:11.130676+00:00,-3.15581,-60.00048,0.0,296.0,296.0,5,MANAUS/AM,ITACOATIARA/AM,ITACOATIARA/AM,1.42,atencao
710698025,2026-10-01T15:57:36.101222+00:00,-3.14757,-60.01742,32.7,123.9,123.9,0,MANAUS/AM,ITACOATIARA/AM,,1.42,atencao
710698025,2026-10-01T15:59:10.630578+00:00,-3.15233,-60.01032,32.7,109.5,109.5,0,MANAUS/AM,ITACOATIARA/AM,,1.42,atencao
710698025,2026-10-01T17:09:03.268098+00:00,-3.15581,-60.00048,0.0,0.0,0.0,5,MANAUS/AM,ITACOATIARA/AM,ITACOATIARA/AM,1.42,atencao
710698025,2026-10-01T18:20:55.405520+00:00,-3.15581,-60.00048,0.0,0.0,0.0,5,MANAUS/AM,ITACOATIARA/AM,ITACOATIARA/AM,1.42,atencao
710698025,2026-10-01T19:32:47.542942+00:00,-3.15581,-60.00048,0.0,0.0,0.0,5,MANAUS/AM,ITACOATIARA/AM,ITACOATIARA/AM,1.42,atencao
710698025,2026-10-01T20:44:39.680364+00:00,-3.15581,-60.00048,6.6,113.3,113.3,0,MANAUS/AM,ITACOATIARA/AM,,1.5,atencao
710698025,2026-10-01T20:52:42.342286+00:00,-3.1593,-59.99236,0.0,0.0,0.0,5,MANAUS/AM,ITACOATIARA/AM,ITACOATIARA/AM,1.5,atencao
710698025,2026-10-01T22:00:06.271800+00:00,-3.1593,-59.99236,0.0,0.0,0.0,5,MANAUS/AM,ITACOATIARA/AM,ITACOATIARA/AM,1.5,atencao
710698025,2026-10-01T23:07:30.201314+00:00,-3.1593,-59.99236,0.0,0.0,0.0,5,MANAUS/AM,ITACOATIARA/AM,ITACOATIARA/AM,1.5,atencao
710698025,2026-10-02T00:14:54.130828+00:00,-3.1593,-59.99236,0.0,0.0,0.0,5,MANAUS/AM,ITACOATIARA/AM,ITACOATIARA/AM,1.5,atencao
710698025,2026-10-02T01:22:18.060342+00:00,-3.1593,-59.99236,0.0,0.0,0.0,5,MANAUS/AM,ITACOATIARA/AM,ITACOATIARA/AM,1.5,atencao
710698025,2026-10-02T02:29:41.989856+00:00,-3.1593,-59.99236,8.5,113.3,113.3,0,MANAUS/AM,ITACOATIARA/AM,,1.49,atencao
710698025,2026-10-02T02:31:28.691599+00:00,-3.16029,-59.99006,8.5,117.8,117.8,0,MANAUS/AM,ITACOATIARA/AM,,1.49,atencao
710698025,2026-10-02T02:39:16.739931+00:00,-3.16541,-59.98035,8.5,111.0,111.0,0,MANAUS/AM,ITACOATIARA/AM,,1.49,atencao
710698025,2026-10-02T02:45:55.705430+00:00,-3.16876,-59.97162,8.5,80.9,80.9,0,MANAUS/AM,ITACOATIARA/AM,,1.49,atencao
710698025,2026-10-02T02:53:24.098938+00:00,-3.16709,-59.96123,8.5,43.8,43.8,0,MANAUS/AM,ITACOATIARA/AM,,1.49,atencao
710698025,2026-10-02T02:59:17.040881+00:00,-3.16112,-59.9555,8.5,26.1,26.1,0,MANAUS/AM,ITACOATIARA/AM,,1.49,atencao
710698025,2026-10-02T03:05:41.935037+00:00,-3.15303,-59.95153,0.0,0.0,0.0,5,MANAUS/AM,ITACOATIARA/AM,ITACOATIARA/AM,1.49,atencao
710698025,2026-10-02T04:07:47.707316+00:00,-3.15303,-59.95153,0.0,0.0,0.0,5,MANAUS/AM,ITACOATIARA/AM,ITACOATIARA/AM,1.49,atencao
710698025,2026-10-02T05:09:53.479595+00:00,-3.15303,-59.95153,0.0,0.0,0.0,5,MANAUS/AM,ITACOATIARA/AM,ITACOATIARA/AM,1.49,atencao
710698025,2026-10-02T06:11:59.251874+00:00,-3.15303,-59.95153,0.0,0.0,0.0,5,MANAUS/AM,ITACOATIARA/AM,ITACOATIARA/AM,1.49,atencao
710698025,2026-10-02T07:14:05.024153+00:00,-3.15303,-59.95153,0.0,0.0,0.0,5,MANAUS/AM,ITACOATIARA/AM,ITACOATIARA/AM,1.49,atencao
710698025,2026-10-02T08:16:10.796432+00:00,-3.15303,-59.95153,0.0,46.9,46.9,5,MANAUS/AM,ITACOATIARA/AM,ITACOATIARA/AM,1.49,atencao
710698025,2026-10-02T09:13:32.722256+00:00,-3.12662,-59.92323,0.0,226.9,226.9,5,MANAUS/AM,ITACOATIARA/AM,ITACOATIARA/AM,1.45,atencao
710698025,2026-10-02T09:18:16.568710+00:00,-3.15303,-59.95153,0.0,46.9,46.9,5,MANAUS/AM,ITACOATIARA/AM,ITACOATIARA/AM,1.49,atencao
710698025,2026-10-02T10:16:17.011697+00:00,-3.12662,-59.92323,0.0,226.9,226.9,5,MANAUS/AM,ITACOATIARA/AM,ITACOATIARA/AM,1.45,atencao
710698025,2026-10-02T10:20:22.340989+00:00,-3.15303,-59.95153,39.0,49.1,49.1,0,MANAUS/AM,ITACOATIARA/AM,,1.45,atencao
710698025,2026-10-02T10:21:52.609516+00:00,-3.14667,-59.94418,39.0,49.6,49.6,0,MANAUS/AM,ITACOATIARA/AM,,1.45,atencao
710698025,2026-10-02T10:24:14.079713+00:00,-3.1368,-59.93256,39.0,42.5,42.5,0,MANAUS/AM,ITACOATIARA/AM,,1.45,atencao
710698025,2026-10-02T11:19:01.301137+00:00,-3.12662,-59.92323,0.0,0.0,0.0,5,MANAUS/AM,ITACOATIARA/AM,ITACOATIARA/AM,1.45,atencao
710698025,2026-10-02T12:21:45.590578+00:00,-3.12662,-59.92323,0.0,0.0,0.0,5,MANAUS/AM,ITACOATIARA/AM,ITACOATIARA/AM,1.45,atencao
710698025,2026-10-02T13:24:29.880018+00:00,-3.12662,-59.92323,0.0,0.0,0.0,5,MANAUS/AM,ITACOATIARA/AM,ITACOATIARA/AM,1.45,atencao
710698025,2026-10-02T14:27:14.169459+00:00,-3.12662,-59.92323,0.0,86.6,86.6,5,MANAUS/AM,ITACOATIARA/AM,ITACOATIARA/AM,1.45,atencao
710698025,2026-10-02T15:13:47.337129+00:00,-3.125,-59.8963,0.0,266.6,266.6,5,MANAUS/AM,ITACOATIARA/AM,ITACOATIARA/AM,1.33,atencao
710698025,2026-10-02T15:29:58.458899+00:00,-3.12662,-59.92323,28.4,65.6,65.6,0,MANAUS/AM,ITACOATIARA/AM,,1.33,atencao
710698025,2026-10-02T15:32:28.391462+00:00,-3.12176,-59.9125,28.4,101.3,101.3,0,MANAUS/AM,ITACOATIARA/AM,,1.33,atencao
710698025,2026-10-02T16:19:28.506192+00:00,-3.125,-59.8963,0.0,0.0,0.0,5,MANAUS/AM,ITACOATIARA/AM,ITACOATIARA/AM,1.33,atencao
710698025,2026-10-02T17:25:09.675254+00:00,-3.125,-59.8963,0.0,0.0,0.0,5,MANAUS/AM,ITACOATIARA/AM,ITACOATIARA/AM,1.33,atencao
710698025,2026-10-02T18:30:50.844317+00:00,-3.125,-59.8963,0.0,0.0,0.0,5,MANAUS/AM,ITACOATIARA/AM,ITACOATIARA/AM,1.33,atencao
710698025,2026-10-02T19:36:32.013379+00:00,-3.125,-59.8963,0.0,0.0,0.0,5,MANAUS/AM,ITACOATIARA/AM,ITACOATIARA/AM,1.33,atencao
710698025,2026-10-02T20:42:13.182442+00:00,-3.125,-59.8963,0.0,55.3,55.3,5,MANAUS/AM,ITACOATIARA/AM,ITACOATIARA/AM,1.33,atencao
710698025,2026-10-02T21:32:08.375162+00:00,-3.09338,-59.85053,0.0,235.3,235.3,5,MANAUS/AM,ITACOATIARA/AM,ITACOATIARA/AM,1.39,atencao
710698025,2026-10-02T21:47:54.351505+00:00,-3.125,-59.8963,56.0,55.0,55.0,0,MANAUS/AM,ITACOATIARA/AM,,1.39,atencao
710698025,2026-10-02T21:50:13.994633+00:00,-3.11261,-59.8786,56.0,52.3,52.3,0,MANAUS/AM,ITACOATIARA/AM,,1.39,atencao
710698025,2026-10-02T21:52:18.039842+00:00,-3.10089,-59.8634,56.0,59.7,59.7,0,MANAUS/AM,ITACOATIARA/AM,,1.39,atencao
710698025,2026-10-02T22:43:35.289878+00:00,-3.09338,-59.85053,0.0,0.0,0.0,5,MANAUS/AM,ITACOATIARA/AM,ITACOATIARA/AM,1.39,atencao
710698025,2026-10-02T23:55:02.204594+00:00,-3.09338,-59.85053,0.0,0.0,0.0,5,MANAUS/AM,ITACOATIARA/AM,ITACOATIARA/AM,1.39,atencao
710698025,2026-10-03T01:06:29.119309+00:00,-3.09338,-59.85053,0.0,0.0,0.0,5,MANAUS/AM,ITACOATIARA/AM,ITACOATIARA/AM,1.39,atencao
710698025,2026-10-03T02:17:56.034025+00:00,-3.09338,-59.85053,0.0,0.0,0.0,5,MANAUS/AM,ITACOATIARA/AM,ITACOATIARA/AM,1.39,atencao
710698025,2026-10-03T03:29:22.948741+00:00,-3.09338,-59.85053,21.5,59.7,59.7,0,MANAUS/AM,ITACOATIARA/AM,,1.5,atencao
710698025,2026-10-03T03:30:32.145550+00:00,-3.09131,-59.84698,21.5,64.2,64.2,0,MANAUS/AM,ITACOATIARA/AM,,1.5,atencao
710698025,2026-10-03T03:36:29.378301+00:00,-3.08209,-59.82788,21.5,73.2,73.2,0,MANAUS/AM,ITACOATIARA/AM,,1.5,atencao
710698025,2026-10-03T03:45:48.647857+00:00,-3.07251,-59.79608,21.5,81.6,81.6,0,MANAUS/AM,ITACOATIARA/AM,,1.5,atencao
710698025,2026-10-03T03:55:25.217140+00:00,-3.0675,-59.76221,21.5,81.9,81.9,0,MANAUS/AM,ITACOATIARA/AM,,1.5,atencao
710698025,2026-10-03T04:02:33.984120+00:00,-3.0639,-59.737,21.5,89.8,89.8,0,MANAUS/AM,ITACOATIARA/AM,,1.5,atencao
710698025,2026-10-03T04:13:41.992215+00:00,-3.06378,-59.69732,21.5,101.2,101.2,0,MANAUS/AM,ITACOATIARA/AM,,1.5,atencao
710698025,2026-10-03T04:21:48.145328+00:00,-3.0694,-59.669,21.5,101.6,101.6,0,MANAUS/AM,ITACOATIARA/AM,,1.5,atencao
710698025,2026-10-03T04:28:13.127191+00:00,-3.07397,-59.64661,21.5,109.5,109.5,0,MANAUS/AM,ITACOATIARA/AM,,1.5,atencao
710698025,2026-10-03T04:35:34.587949+00:00,-3.0827,-59.62189,21.5,115.0,115.0,0,MANAUS/AM,ITACOATIARA/AM,,1.5,atencao
710698025,2026-10-03T04:43:41.140566+00:00,-3.09491,-59.5957,21.5,116.8,116.8,0,MANAUS/AM,ITACOATIARA/AM,,1.5,atencao
710698025,2026-10-03T04:51:47.991661+00:00,-3.10791,-59.56988,21.5,109.7,109.7,0,MANAUS/AM,ITACOATIARA/AM,,1.5,atencao
710698025,2026-10-03T05:02:01.462416+00:00,-3.12018,-59.53558,21.5,98.0,98.0,0,MANAUS/AM,ITACOATIARA/AM,,1.5,atencao
710698025,2026-10-03T05:10:44.525276+00:00,-3.12451,-59.50482,21.5,99.3,99.3,0,MANAUS/AM,ITACOATIARA/AM,,1.5,atencao
710698025,2026-10-03T05:16:58.399526+00:00,-3.12811,-59.48291,21.5,107.3,107.3,0,MANAUS/AM,ITACOATIARA/AM,,1.5,atencao
710698025,2026-10-03T05:21:53.252573+00:00,-3.1333,-59.46619,21.5,114.4,114.4,0,MANAUS/AM,ITACOATIARA/AM,,1.5,atencao
710698025,2026-10-03T05:27:00.106733+00:00,-3.14081,-59.44958,21.5,113.8,113.8,0,MANAUS/AM,ITACOATIARA/AM,,1.5,atencao
710698025,2026-10-03T05:31:30.713194+00:00,-3.14728,-59.43487,21.5,110.7,110.7,0,MANAUS/AM,ITACOATIARA/AM,,1.5,atencao
710698025,2026-10-03T05:37:40.868329+00:00,-3.15503,-59.4143,21.5,107.5,107.5,0,MANAUS/AM,ITACOATIARA/AM,,1.5,atencao
710698025,2026-10-03T05:41:30.343094+00:00,-3.15912,-59.40131,21.5,111.7,111.7,0,MANAUS/AM,ITACOATIARA/AM,,1.5,atencao
710698025,2026-10-03T05:46:38.968319+00:00,-3.16589,-59.38428,21.5,111.1,111.1,0,MANAUS/AM,ITACOATIARA/AM,,1.5,atencao
710698025,2026-10-03T05:50:33.560369+00:00,-3.1709,-59.37127,21.5,115.7,115.7,0,MANAUS/AM,ITACOATIARA/AM,,1.5,atencao
710698025,2026-10-03T05:55:18.587690+00:00,-3.17822,-59.35602,21.5,122.2,122.2,0,MANAUS/AM,ITACOATIARA/AM,,1.5,atencao
710698025,2026-10-03T05:58:37.684848+00:00,-3.18451,-59.34601,21.5,117.7,117.7,0,MANAUS/AM,ITACOATIARA/AM,,1.5,atencao
710698025,2026-10-03T06:02:14.705073+00:00,-3.19049,-59.33459,21.5,119.4,119.4,0,MANAUS/AM,ITACOATIARA/AM,,1.5,atencao
710698025,2026-10-03T06:07:41.506756+00:00,-3.20001,-59.31769,21.5,112.0,112.0,0,MANAUS/AM,ITACOATIARA/AM,,1.5,atencao
710698025,2026-10-03T06:15:06.003811+00:00,-3.2099,-59.29321,21.5,109.7,109.7,0,MANAUS/AM,ITACOATIARA/AM,,1.5,atencao
710698025,2026-10-03T06:19:00.702829+00:00,-3.2146,-59.28009,21.5,111.3,111.3,0,MANAUS/AM,ITACOATIARA/AM,,1.5,atencao
710698025,2026-10-03T06:24:11.802000+00:00,-3.22131,-59.26288,21.5,110.5,110.5,0,MANAUS/AM,ITACOATIARA/AM,,1.5,atencao
710698025,2026-10-03T06:32:00.083801+00:00,-3.23102,-59.23681,21.5,116.1,116.1,0,MANAUS/AM,ITACOATIARA/AM,,1.5,atencao
710698025,2026-10-03T06:38:49.563036+00:00,-3.24169,-59.21496,0.0,0.0,0.0,5,MANAUS/AM,ITACOATIARA/AM,ITACOATIARA/AM,1.5,atencao
710698025,2026-10-03T07:40:07.708367+00:00,-3.24169,-59.21496,0.0,0.0,0.0,5,MANAUS/AM,ITACOATIARA/AM,ITACOATIARA/AM,1.5,atencao
710698025,2026-10-03T08:41:25.853699+00:00,-3.24169,-59.21496,0.0,0.0,0.0,5,MANAUS/AM,ITACOATIARA/AM,ITACOATIARA/AM,1.5,atencao
710698025,2026-10-03T09:42:43.999030+00:00,-3.24169,-59.21496,0.0,0.0,0.0,5,MANAUS/AM,ITACOATIARA/AM,ITACOATIARA/AM,1.5,atencao
710698025,2026-10-03T10:44:02.144362+00:00,-3.24169,-59.21496,0.0,0.0,0.0,5,MANAUS/AM,ITACOATIARA/AM,ITACOATIARA/AM,1.5,atencao
710698025,2026-10-03T11:45:20.289693+00:00,-3.24169,-59.21496,0.0,0.0,0.0,5,MANAUS/AM,ITACOATIARA/AM,ITACOATIARA/AM,1.5,atencao
710698025,2026-10-03T12:46:38.435025+00:00,-3.24169,-59.21496,0.0,89.6,89.6,5,MANAUS/AM,ITACOATIARA/AM,ITACOATIARA/AM,1.5,atencao
710698025,2026-10-03T13:35:42.602498+00:00,-3.24021,-59.01667,0.0,269.6,269.6,5,MANAUS/AM,ITACOATIARA/AM,ITACOATIARA/AM,1.5,atencao
710698025,2026-10-03T13:47:56.580356+00:00,-3.24169,-59.21496,214.2,116.0,116.0,0,MANAUS/AM,ITACOATIARA/AM,,1.5,atencao
710698025,2026-10-03T13:48:09.318076+00:00,-3.24499,-59.20819,214.2,116.7,116.7,0,MANAUS/AM,ITACOATIARA/AM,,1.5,atencao
710698025,2026-10-03T13:48:47.495863+00:00,-3.25513,-59.18799,214.2,120.8,120.8,0,MANAUS/AM,ITACOATIARA/AM,,1.5,atencao
710698025,2026-10-03T13:49:28.559187+00:00,-3.26758,-59.16711,214.2,117.5,117.5,0,MANAUS/AM,ITACOATIARA/AM,,1.5,atencao
710698025,2026-10-03T13:49:50.279909+00:00,-3.2735,-59.1557,214.2,99.7,99.7,0,MANAUS/AM,ITACOATIARA/AM,,1.5,atencao
710698025,2026-10-03T13:50:28.339718+00:00,-3.27728,-59.13348,214.2,80.6,80.6,0,MANAUS/AM,ITACOATIARA/AM,,1.5,atencao
710698025,2026-10-03T13:50:59.264331+00:00,-3.27429,-59.11542,214.2,62.2,62.2,0,MANAUS/AM,ITACOATIARA/AM,,1.5,atencao
710698025,2026-10-03T13:51:33.992513+00:00,-3.26471,-59.09723,214.2,72.8,72.8,0,MANAUS/AM,ITACOATIARA/AM,,1.5,atencao
710698025,2026-10-03T13:52:17.686640+00:00,-3.25708,-59.07251,214.2,73.6,73.6,0,MANAUS/AM,ITACOATIARA/AM,,1.5,atencao
710698025,2026-10-03T13:52:42.509736+00:00,-3.25293,-59.05841,214.2,64.2,64.2,0,MANAUS/AM,ITACOATIARA/AM,,1.5,atencao
710698025,2026-10-03T13:53:03.121980+00:00,-3.24762,-59.04742,214.2,78.6,78.6,0,MANAUS/AM,ITACOATIARA/AM,,1.5,atencao
710698025,2026-10-03T13:53:25.723465+00:00,-3.24499,-59.0343,214.2,74.1,74.1,0,MANAUS/AM,ITACOATIARA/AM,,1.5,atencao
710698025,2026-10-03T13:53:49.086598+00:00,-3.24121,-59.02099,214.2,76.9,76.9,0,MANAUS/AM,ITACOATIARA/AM,,1.5,atencao
710698025,2026-10-03T14:39:08.057993+00:00,-3.24021,-59.01667,0.0,0.0,0.0,5,MANAUS/AM,ITACOATIARA/AM,ITACOATIARA/AM,1.5,atencao
710698025,2026-10-03T15:42:33.513489+00:00,-3.24021,-59.01667,0.0,0.0,0.0,5,MANAUS/AM,ITACOATIARA/AM,ITACOATIARA/AM,1.5,atencao
710698025,2026-10-03T16:45:58.968985+00:00,-3.24021,-59.01667,0.0,0.0,0.0,5,MANAUS/AM,ITACOATIARA/AM,ITACOATIARA/AM,1.5,atencao
710698025,2026-10-03T17:49:24.424480+00:00,-3.24021,-59.01667,0.0,0.0,0.0,5,MANAUS/AM,ITACOATIARA/AM,ITACOATIARA/AM,1.5,atencao
710698025,2026-10-03T18:52:49.879976+00:00,-3.24021,-59.01667,0.0,0.0,0.0,5,MANAUS/AM,ITACOATIARA/AM,ITACOATIARA/AM,1.5,atencao
710698025,2026-10-03T19:56:15.335471+00:00,-3.24021,-59.01667,29.8,76.9,76.9,0,MANAUS/AM,ITACOATIARA/AM,,1.52,atencao
710698025,2026-10-03T19:57:42.052887+00:00,-3.23859,-59.0097,29.8,93.8,93.8,0,MANAUS/AM,ITACOATIARA/AM,,1.52,atencao
710698025,2026-10-03T20:00:29.570321+00:00,-3.2395,-58.99591,29.8,113.8,113.8,0,MANAUS/AM,ITACOATIARA/AM,,1.52,atencao
710698025,2026-10-03T20:04:02.896267+00:00,-3.24658,-58.9798,29.8,114.4,114.4,0,MANAUS/AM,ITACOATIARA/AM,,1.52,atencao
710698025,2026-10-03T20:08:19.490523+00:00,-3.25531,-58.96051,29.8,112.0,112.0,0,MANAUS/AM,ITACOATIARA/AM,,1.52,atencao
710698025,2026-10-03T20:12:18.789817+00:00,-3.26269,-58.9422,29.8,107.6,107.6,0,MANAUS/AM,ITACOATIARA/AM,,1.52,atencao
710698025,2026-10-03T20:15:59.860443+00:00,-3.26819,-58.9248,29.8,121.9,121.9,0,MANAUS/AM,ITACOATIARA/AM,,1.52,atencao
710698025,2026-10-03T20:20:01.113969+00:00,-3.27868,-58.9079,29.8,131.4,131.4,0,MANAUS/AM,ITACOATIARA/AM,,1.52,atencao
710698025,2026-10-03T20:23:16.194500+00:00,-3.28931,-58.89581,29.8,129.9,129.9,0,MANAUS/AM,ITACOATIARA/AM,,1.52,atencao
710698025,2026-10-03T20:25:59.069096+00:00,-3.29791,-58.8855,29.8,115.4,115.4,0,MANAUS/AM,ITACOATIARA/AM,,1.52,atencao
710698025,2026-10-03T20:28:42.864912+00:00,-3.30371,-58.87329,29.8,106.9,106.9,0,MANAUS/AM,ITACOATIARA/AM,,1.52,atencao
710698025,2026-10-03T20:33:13.362599+00:00,-3.31018,-58.85193,29.8,112.7,112.7,0,MANAUS/AM,ITACOATIARA/AM,,1.52,atencao
710698025,2026-10-03T20:36:34.627966+00:00,-3.31659,-58.83661,29.8,115.4,115.4,0,MANAUS/AM,ITACOATIARA/AM,,1.52,atencao
710698025,2026-10-03T20:39:49.524632+00:00,-3.32348,-58.82208,29.8,114.0,114.0,0,MANAUS/AM,ITACOATIARA/AM,,1.52,atencao
710698025,2026-10-03T20:45:15.717851+00:00,-3.33441,-58.79748,29.8,115.9,115.9,0,MANAUS/AM,ITACOATIARA/AM,,1.52,atencao
710698025,2026-10-03T20:49:50.331485+00:00,-3.3443,-58.7771,29.8,103.5,103.5,0,MANAUS/AM,ITACOATIARA/AM,,1.52,atencao
710698025,2026-10-03T20:54:35.548061+00:00,-3.34979,-58.75421,29.8,107.6,107.6,0,MANAUS/AM,ITACOATIARA/AM,,1.52,atencao
710698025,2026-10-03T20:56:10.980595+00:00,-3.35217,-58.7467,0.0,0.0,0.0,5,MANAUS/AM,ITACOATIARA/AM,ITACOATIARA/AM,1.52,atencao
710698025,2026-10-03T21:57:03.128471+00:00,-3.35217,-58.7467,0.0,0.0,0.0,5,MANAUS/AM,ITACOATIARA/AM,ITACOATIARA/AM,1.52,atencao
710698025,2026-10-03T22:57:55.276347+00:00,-3.35217,-58.7467,0.0,0.0,0.0,5,MANAUS/AM,ITACOATIARA/AM,ITACOATIARA/AM,1.52,atencao
710698025,2026-10-03T23:58:47.424223+00:00,-3.35217,-58.7467,0.0,0.0,0.0,5,MANAUS/AM,ITACOATIARA/AM,ITACOATIARA/AM,1.52,atencao
710698025,2026-10-04T00:59:39.572099+00:00,-3.35217,-58.7467,0.0,0.0,0.0,5,MANAUS/AM,ITACOATIARA/AM,ITACOATIARA/AM,1.52,atencao
710698025,2026-10-04T02:00:31.719975+00:00,-3.35217,-58.7467,0.0,0.0,0.0,5,MANAUS/AM,ITACOATIARA/AM,ITACOATIARA/AM,1.52,atencao
710698025,2026-10-04T03:01:23.867851+00:00,-3.35217,-58.7467,22.3,108.1,108.1,0,MANAUS/AM,ITACOATIARA/AM,,1.64,atencao
710698025,2026-10-04T03:06:57.610364+00:00,-3.35858,-58.72711,22.3,103.0,103.0,0,MANAUS/AM,ITACOATIARA/AM,,1.64,atencao
710698025,2026-10-04T03:18:24.038891+00:00,-3.3681,-58.68579,22.3,94.7,94.7,0,MANAUS/AM,ITACOATIARA/AM,,1.64,atencao
710698025,2026-10-04T03:28:45.637067+00:00,-3.37127,-58.64752,22.3,84.6,84.6,0,MANAUS/AM,ITACOATIARA/AM,,1.64,atencao
710698025,2026-10-04T03:34:14.076628+00:00,-3.36938,-58.62732,22.3,65.1,65.1,0,MANAUS/AM,ITACOATIARA/AM,,1.64,atencao
710698025,2026-10-04T03:39:23.574926+00:00,-3.36133,-58.60998,22.3,62.9,62.9,0,MANAUS/AM,ITACOATIARA/AM,,1.64,atencao
710698025,2026-10-04T03:42:15.523779+00:00,-3.3565,-58.60052,22.3,43.0,43.0,0,MANAUS/AM,ITACOATIARA/AM,,1.64,atencao
710698025,2026-10-04T03:44:57.843007+00:00,-3.34918,-58.59369,22.3,31.9,31.9,0,MANAUS/AM,ITACOATIARA/AM,,1.64,atencao
710698025,2026-10-04T03:49:17.772956+00:00,-3.33557,-58.5852,22.3,23.1,23.1,0,MANAUS/AM,ITACOATIARA/AM,,1.64,atencao
710698025,2026-10-04T03:53:04.750898+00:00,-3.32269,-58.57971,22.3,23.8,23.8,0,MANAUS/AM,ITACOATIARA/AM,,1.64,atencao
710698025,2026-10-04T03:57:58.884204+00:00,-3.30609,-58.57239,22.3,9.6,9.6,0,MANAUS/AM,ITACOATIARA/AM,,1.64,atencao
710698025,2026-10-04T04:01:37.711929+00:00,-3.29278,-58.57013,22.3,5.3,5.3,0,MANAUS/AM,ITACOATIARA/AM,,1.64,atencao
710698025,2026-10-04T04:05:32.278746+00:00,-3.27838,-58.56878,22.3,6.7,6.7,0,MANAUS/AM,ITACOATIARA/AM,,1.64,atencao
710698025,2026-10-04T04:10:34.255904+00:00,-3.25989,-58.56659,22.3,13.6,13.6,0,MANAUS/AM,ITACOATIARA/AM,,1.64,atencao
710698025,2026-10-04T04:15:04.028483+00:00,-3.24371,-58.56268,22.3,17.7,17.7,0,MANAUS/AM,ITACOATIARA/AM,,1.64,atencao
710698025,2026-10-04T04:22:42.178290+00:00,-3.21679,-58.55408,22.3,34.4,34.4,0,MANAUS/AM,ITACOATIARA/AM,,1.64,atencao
710698025,2026-10-04T04:28:42.971456+00:00,-3.19842,-58.5415,22.3,41.8,41.8,0,MANAUS/AM,ITACOATIARA/AM,,1.64,atencao
710698025,2026-10-04T04:35:23.607649+00:00,-3.17999,-58.52502,22.3,30.5,30.5,0,MANAUS/AM,ITACOATIARA/AM,,1.64,atencao
710698025,2026-10-04T04:41:51.594109+00:00,-3.15938,-58.51285,22.3,42.0,42.0,0,MANAUS/AM,ITACOATIARA/AM,,1.64,atencao
710698025,2026-10-04T04:47:17.475176+00:00,-3.14445,-58.49937,22.3,59.5,59.5,0,MANAUS/AM,ITACOATIARA/AM,,1.64,atencao
710698025,2026-10-04T04:49:39.664801+00:00,-3.14,-58.49181,22.3,73.7,73.7,0,MANAUS/AM,ITACOATIARA/AM,,1.64,atencao
710698025,2026-10-04T04:51:58.338864+00:00,-3.1376,-58.48359,0.0,0.0,0.0,5,MANAUS/AM,ITACOATIARA/AM,ITACOATIARA/AM,1.64,atencao
710698025,2026-10-04T05:59:52.439156+00:00,-3.1376,-58.48359,0.0,0.0,0.0,5,MANAUS/AM,ITACOATIARA/AM,ITACOATIARA/AM,1.64,atencao
710698025,2026-10-04T07:07:46.539447+00:00,-3.1376,-58.48359,0.0,0.0,0.0,5,MANAUS/AM,ITACOATIARA/AM,ITACOATIARA/AM,1.64,atencao
710698025,2026-10-04T08:15:40.639739+00:00,-3.1376,-58.48359,0.0,0.0,0.0,5,MANAUS/AM,ITACOATIARA/AM,ITACOATIARA/AM,1.64,atencao
710698025,2026-10-04T09:23:34.740030+00:00,-3.1376,-58.48359,0.0,0.0,0.0,5,MANAUS/AM,ITACOATIARA/AM,ITACOATIARA/AM,1.64,atencao
710698025,2026-10-04T10:31:28.840321+00:00,-3.1376,-58.48359,9.2,90.6,90.6,0,MANAUS/AM,ITACOATIARA/AM,,1.6,atencao
710698025,2026-10-04T10:36:42.085166+00:00,-3.13768,-58.47565,9.2,109.3,109.3,0,MANAUS/AM,ITACOATIARA/AM,,1.6,atencao
710698025,2026-10-04T10:44:56.930125+00:00,-3.14182,-58.46381,9.2,124.7,124.7,0,MANAUS/AM,ITACOATIARA/AM,,1.6,atencao
710698025,2026-10-04T10:52:03.562733+00:00,-3.14796,-58.45492,9.2,125.1,125.1,0,MANAUS/AM,ITACOATIARA/AM,,1.6,atencao
710698025,2026-10-04T11:00:22.810001+00:00,-3.15522,-58.44456,9.2,104.0,104.0,0,MANAUS/AM,ITACOATIARA/AM,,1.6,atencao
710698025,2026-10-04T11:02:28.404719+00:00,-3.15599,-58.44147,0.0,0.0,0.0,5,MANAUS/AM,ITACOATIARA/AM,ITACOATIARA/AM,1.6,atencao
710698025,2026-10-04T12:03:01.808253+00:00,-3.15599,-58.44147,0.0,0.0,0.0,5,MANAUS/AM,ITACOATIARA/AM,ITACOATIARA/AM,1.6,atencao
710698025,2026-10-04T13:03:35.211786+00:00,-3.15599,-58.44147,0.0,0.0,0.0,5,MANAUS/AM,ITACOATIARA/AM,ITACOATIARA/AM,1.6,atencao
710698025,2026-10-04T14:04:08.615319+00:00,-3.15599,-58.44147,0.0,0.0,0.0,5,MANAUS/AM,ITACOATIARA/AM,ITACOATIARA/AM,1.6,atencao
710698025,2026-10-04T15:04:42.018852+00:00,-3.15599,-58.44147,0.0,0.0,0.0,5,MANAUS/AM,ITACOATIARA/AM,ITACOATIARA/AM,1.6,atencao
710698025,2026-10-04T16:05:15.422385+00:00,-3.15599,-58.44147,0.0,0.0,0.0,5,MANAUS/AM,ITACOATIARA/AM,ITACOATIARA/AM,1.6,atencao
710698025,2026-10-04T17:05:48.825918+00:00,-3.15599,-58.44147,0.0,0.0,0.0,5,MANAUS/AM,ITACOATIARA/AM,ITACOATIARA/AM,1.6,atencao
710698025,2026-10-04T18:06:22.229451+00:00,-3.15599,-58.44147,0.0,0.0,0.0,5,MANAUS/AM,ITACOATIARA/AM,ITACOATIARA/AM,1.6,atencao
710698025,2026-10-04T19:06:55.632984+00:00,-3.15599,-58.44147,0.0,0.0,0.0,5,MANAUS/AM,ITACOATIARA/AM,ITACOATIARA/AM,1.6,atencao
710698025,2026-10-04T20:07:29.036517+00:00,-3.15599,-58.44147,0.0,0.0,0.0,5,MANAUS/AM,ITACOATIARA/AM,ITACOATIARA/AM,1.6,atencao
710698025,2026-10-04T21:08:02.440050+00:00,-3.15599,-58.44147,0.0,0.0,0.0,5,MANAUS/AM,ITACOATIARA/AM,ITACOATIARA/AM,1.6,atencao
710698025,2026-10-04T22:08:35.843583+00:00,-3.15599,-58.44147,0.0,0.0,0.0,5,MANAUS/AM,ITACOATIARA/AM,ITACOATIARA/AM,1.6,atencao
710698025,2026-10-04T23:09:09.247116+00:00,-3.15599,-58.44147,0.0,0.0,0.0,5,MANAUS/AM,ITACOATIARA/AM,ITACOATIARA/AM,1.6,atencao
710698025,2026-10-05T00:09:42.650650+00:00,-3.15599,-58.44147,0.0,0.0,0.0,5,MANAUS/AM,ITACOATIARA/AM,ITACOATIARA/AM,1.6,atencao
710698025,2026-10-05T01:10:16.054183+00:00,-3.15599,-58.44147,0.0,0.0,0.0,5,MANAUS/AM,ITACOATIARA/AM,ITACOATIARA/AM,1.6,atencao
710698025,2026-10-05T02:10:49.457716+00:00,-3.15599,-58.44147,0.0,0.0,0.0,5,MANAUS/AM,ITACOATIARA/AM,ITACOATIARA/AM,1.6,atencao
710698025,2026-10-05T03:11:22.861249+00:00,-3.15599,-58.44147,0.0,0.0,0.0,5,MANAUS/AM,ITACOATIARA/AM,ITACOATIARA/AM,1.6,atencao
710698025,2026-10-05T04:11:56.264782+00:00,-3.15599,-58.44147,0.0,0.0,0.0,5,MANAUS/AM,ITACOATIARA/AM,ITACOATIARA/AM,1.6,atencao
710698025,2026-10-05T05:12:29.668315+00:00,-3.15599,-58.44147,0.0,0,0,5,MANAUS/AM,ITACOATIARA/AM,ITACOATIARA/AM,1.6,atencao
710767367,2026-09-25T14:42:49.809904+00:00,-8.01566,-62.87735,18.7,3.3,3.3,0,HUMAITÁ/AM,PORTO VELHO/RO,,0.28,no_prazo
710767367,2026-09-25T14:44:26.736444+00:00,-8.0108,-62.87707,18.7,7.1,7.1,0,HUMAITÁ/AM,PORTO VELHO/RO,,0.28,no_prazo
710767367,2026-09-25T14:50:28.251519+00:00,-7.9928,-62.87481,18.7,8.1,8.1,0,HUMAITÁ/AM,PORTO VELHO/RO,,0.28,no_prazo
710767367,2026-09-25T14:58:45.688811+00:00,-7.96808,-62.87127,18.7,5.7,5.7,0,HUMAITÁ/AM,PORTO VELHO/RO,,0.28,no_prazo
710767367,2026-09-25T15:04:11.999662+00:00,-7.95178,-62.86963,18.7,355.1,355.1,0,HUMAITÁ/AM,PORTO VELHO/RO,,0.28,no_prazo
710767367,2026-09-25T15:09:51.309011+00:00,-7.93481,-62.87109,18.7,350.4,350.4,0,HUMAITÁ/AM,PORTO VELHO/RO,,0.28,no_prazo
710767367,2026-09-25T15:14:12.752690+00:00,-7.92187,-62.87329,18.7,342.3,342.3,0,HUMAITÁ/AM,PORTO VELHO/RO,,0.28,no_prazo
710767367,2026-09-25T15:17:58.679408+00:00,-7.91107,-62.87677,18.7,337.0,337.0,0,HUMAITÁ/AM,PORTO VELHO/RO,,0.28,no_prazo
710767367,2026-09-25T15:20:51.659721+00:00,-7.90308,-62.88019,18.7,335.7,335.7,0,HUMAITÁ/AM,PORTO VELHO/RO,,0.28,no_prazo
710767367,2026-09-25T15:23:53.137496+00:00,-7.89477,-62.88397,18.7,332.8,332.8,0,HUMAITÁ/AM,PORTO VELHO/RO,,0.28,no_prazo
710767367,2026-09-25T15:29:02.001433+00:00,-7.88098,-62.89111,18.7,342.1,342.1,0,HUMAITÁ/AM,PORTO VELHO/RO,,0.28,no_prazo
710767367,2026-09-25T15:33:24.031567+00:00,-7.86847,-62.8952,18.7,335.5,335.5,0,HUMAITÁ/AM,PORTO VELHO/RO,,0.28,no_prazo
710767367,2026-09-25T15:37:13.831005+00:00,-7.85797,-62.90002,18.7,322.9,322.9,0,HUMAITÁ/AM,PORTO VELHO/RO,,0.28,no_prazo
710767367,2026-09-25T15:42:03.488905+00:00,-7.84637,-62.90887,18.7,338.6,338.6,0,HUMAITÁ/AM,PORTO VELHO/RO,,0.28,no_prazo
710767367,2026-09-25T15:48:06.610370+00:00,-7.82941,-62.91559,18.7,342.9,342.9,0,HUMAITÁ/AM,PORTO VELHO/RO,,0.28,no_prazo
710767367,2026-09-25T15:53:29.829043+00:00,-7.8139,-62.92041,18.7,347.0,347.0,0,HUMAITÁ/AM,PORTO VELHO/RO,,0.28,no_prazo
710767367,2026-09-25T15:57:24.503884+00:00,-7.80243,-62.92309,18.7,342.6,342.6,0,HUMAITÁ/AM,PORTO VELHO/RO,,0.28,no_prazo
710767367,2026-09-25T16:03:26.493851+00:00,-7.78509,-62.92859,18.7,346.3,346.3,0,HUMAITÁ/AM,PORTO VELHO/RO,,0.28,no_prazo
710767367,2026-09-25T16:06:14.239265+00:00,-7.77691,-62.9306,18.7,340.7,340.7,0,HUMAITÁ/AM,PORTO VELHO/RO,,0.28,no_prazo
710767367,2026-09-25T16:10:07.459244+00:00,-7.76587,-62.93451,18.7,327.2,327.2,0,HUMAITÁ/AM,PORTO VELHO/RO,,0.28,no_prazo
710767367,2026-09-25T16:13:56.198534+00:00,-7.75622,-62.94079,18.7,316.5,316.5,0,HUMAITÁ/AM,PORTO VELHO/RO,,0.28,no_prazo
710767367,2026-09-25T16:17:17.434841+00:00,-7.7489,-62.94781,18.7,353.1,353.1,0,HUMAITÁ/AM,PORTO VELHO/RO,,0.28,no_prazo
710767367,2026-09-25T16:19:29.707983+00:00,-7.74231,-62.94861,18.7,14.0,14.0,0,HUMAITÁ/AM,PORTO VELHO/RO,,0.28,no_prazo
710767367,2026-09-25T16:23:59.131185+00:00,-7.72919,-62.94531,18.7,38.4,38.4,0,HUMAITÁ/AM,PORTO VELHO/RO,,0.28,no_prazo
710767367,2026-09-25T16:29:26.730924+00:00,-7.71631,-62.935,18.7,25.9,25.9,0,HUMAITÁ/AM,PORTO VELHO/RO,,0.28,no_prazo
710767367,2026-09-25T16:34:38.910114+00:00,-7.70221,-62.9281,18.7,13.1,13.1,0,HUMAITÁ/AM,PORTO VELHO/RO,,0.28,no_prazo
710767367,2026-09-25T16:39:42.306086+00:00,-7.68738,-62.92462,18.7,16.6,16.6,0,HUMAITÁ/AM,PORTO VELHO/RO,,0.28,no_prazo
710767367,2026-09-25T16:44:32.936271+00:00,-7.6734,-62.92041,18.7,18.5,18.5,0,HUMAITÁ/AM,PORTO VELHO/RO,,0.28,no_prazo
710767367,2026-09-25T16:47:16.988733+00:00,-7.66559,-62.91778,18.7,0.0,0.0,0,HUMAITÁ/AM,PORTO VELHO/RO,,0.28,no_prazo
710767367,2026-09-25T16:49:50.226553+00:00,-7.6579,-62.91778,18.7,335.0,335.0,0,HUMAITÁ/AM,PORTO VELHO/RO,,0.28,no_prazo
710767367,2026-09-25T16:52:39.141016+00:00,-7.65021,-62.92139,18.7,319.1,319.1,0,HUMAITÁ/AM,PORTO VELHO/RO,,0.28,no_prazo
710767367,2026-09-25T16:56:05.173061+00:00,-7.64239,-62.92822,18.7,321.8,321.8,0,HUMAITÁ/AM,PORTO VELHO/RO,,0.28,no_prazo
710767367,2026-09-25T17:01:22.595412+00:00,-7.62988,-62.93817,18.7,318.2,318.2,0,HUMAITÁ/AM,PORTO VELHO/RO,,0.28,no_prazo
710767367,2026-09-25T17:03:54.386777+00:00,-7.6242,-62.9433,18.7,346.2,346.2,0,HUMAITÁ/AM,PORTO VELHO/RO,,0.28,no_prazo
710767367,2026-09-25T17:08:11.148062+00:00,-7.61169,-62.94641,18.7,343.8,343.8,0,HUMAITÁ/AM,PORTO VELHO/RO,,0.28,no_prazo
710767367,2026-09-25T17:13:35.322514+00:00,-7.59607,-62.95099,18.7,340.7,340.7,0,HUMAITÁ/AM,PORTO VELHO/RO,,0.28,no_prazo
710767367,2026-09-25T17:18:34.265905+00:00,-7.58191,-62.95599,18.7,328.9,328.9,0,HUMAITÁ/AM,PORTO VELHO/RO,,0.28,no_prazo
710767367,2026-09-25T17:24:52.135845+00:00,-7.56567,-62.96588,18.7,328.2,328.2,0,HUMAITÁ/AM,PORTO VELHO/RO,,0.28,no_prazo
710767367,2026-09-25T17:28:33.941966+00:00,-7.55621,-62.9718,18.7,320.3,320.3,0,HUMAITÁ/AM,PORTO VELHO/RO,,0.28,no_prazo
710767367,2026-09-25T17:31:48.342944+00:00,-7.5487,-62.97809,18.7,289.9,289.9,0,HUMAITÁ/AM,PORTO VELHO/RO,,0.28,no_prazo
710767367,2026-09-25T17:35:44.233965+00:00,-7.54468,-62.98932,18.7,311.6,311.6,0,HUMAITÁ/AM,PORTO VELHO/RO,,0.28,no_prazo
710767367,2026-09-25T17:40:26.330481+00:00,-7.53528,-63.0,18.7,327.6,327.6,0,HUMAITÁ/AM,PORTO VELHO/RO,,0.28,no_prazo
710767367,2026-09-25T17:43:42.186273+00:00,-7.52698,-63.00531,18.7,340.9,340.9,0,HUMAITÁ/AM,PORTO VELHO/RO,,0.28,no_prazo
710767367,2026-09-25T17:45:54.754665+00:00,-7.52069,-63.00751,18.7,339.9,339.9,0,HUMAITÁ/AM,PORTO VELHO/RO,,0.28,no_prazo
710767367,2026-09-25T17:47:19.250106+00:00,-7.51671,-63.00898,0.0,0.0,0.0,5,HUMAITÁ/AM,PORTO VELHO/RO,PORTO VELHO/RO,0.28,no_prazo
710767367,2026-09-25T18:51:03.086690+00:00,-7.51671,-63.00898,0.0,0.0,0.0,5,HUMAITÁ/AM,PORTO VELHO/RO,PORTO VELHO/RO,0.28,no_prazo
710767367,2026-09-25T19:54:46.923275+00:00,-7.51671,-63.00898,0.0,0.0,0.0,5,HUMAITÁ/AM,PORTO VELHO/RO,PORTO VELHO/RO,0.28,no_prazo
710767367,2026-09-25T20:58:30.759860+00:00,-7.51671,-63.00898,0.0,0.0,0.0,5,HUMAITÁ/AM,PORTO VELHO/RO,PORTO VELHO/RO,0.28,no_prazo
710767367,2026-09-25T22:02:14.596445+00:00,-7.51671,-63.00898,0.0,0.0,0.0,5,HUMAITÁ/AM,PORTO VELHO/RO,PORTO VELHO/RO,0.28,no_prazo
710767367,2026-09-25T23:05:58.433029+00:00,-7.51671,-63.00898,16.8,339.8,339.8,0,MANAUS/AM,HUMAITÁ/AM,,0.63,atencao
710767367,2026-09-25T23:06:44.510499+00:00,-7.51477,-63.0097,16.8,343.0,343.0,0,MANAUS/AM,HUMAITÁ/AM,,0.63,atencao
710767367,2026-09-25T23:08:35.506896+00:00,-7.51001,-63.01117,16.8,343.0,343.0,0,MANAUS/AM,HUMAITÁ/AM,,0.63,atencao
710767367,2026-09-25T23:10:53.599050+00:00,-7.50409,-63.013,16.8,344.4,344.4,0,MANAUS/AM,HUMAITÁ/AM,,0.63,atencao
710767367,2026-09-25T23:14:45.298702+00:00,-7.49408,-63.01581,16.8,348.3,348.3,0,MANAUS/AM,HUMAITÁ/AM,,0.63,atencao
710767367,2026-09-25T23:20:56.476395+00:00,-7.47778,-63.01922,16.8,356.3,356.3,0,MANAUS/AM,HUMAITÁ/AM,,0.63,atencao
710767367,2026-09-25T23:27:32.046829+00:00,-7.46008,-63.02038,16.8,11.2,11.2,0,MANAUS/AM,HUMAITÁ/AM,,0.63,atencao
710767367,2026-09-25T23:32:02.633232+00:00,-7.44818,-63.018,16.8,21.1,21.1,0,MANAUS/AM,HUMAITÁ/AM,,0.63,atencao
710767367,2026-09-25T23:39:13.106420+00:00,-7.43017,-63.01098,16.8,20.8,20.8,0,MANAUS/AM,HUMAITÁ/AM,,0.63,atencao
710767367,2026-09-25T23:43:46.809271+00:00,-7.4187,-63.00659,16.8,22.4,22.4,0,MANAUS/AM,HUMAITÁ/AM,,0.63,atencao
710767367,2026-09-25T23:47:43.898456+00:00,-7.40887,-63.0025,16.8,24.3,24.3,0,MANAUS/AM,HUMAITÁ/AM,,0.63,atencao
710767367,2026-09-25T23:52:12.741964+00:00,-7.39789,-62.9975,16.8,32.2,32.2,0,MANAUS/AM,HUMAITÁ/AM,,0.63,atencao
710767367,2026-09-25T23:57:39.315239+00:00,-7.3855,-62.98962,16.8,46.2,46.2,0,MANAUS/AM,HUMAITÁ/AM,,0.63,atencao
710767367,2026-09-26T00:04:58.364899+00:00,-7.37188,-62.97528,16.8,50.8,50.8,0,MANAUS/AM,HUMAITÁ/AM,,0.63,atencao
710767367,2026-09-26T00:08:46.598658+00:00,-7.36541,-62.96728,16.8,42.4,42.4,0,MANAUS/AM,HUMAITÁ/AM,,0.63,atencao
710767367,2026-09-26T00:13:28.702864+00:00,-7.35608,-62.95868,16.8,34.8,34.8,0,MANAUS/AM,HUMAITÁ/AM,,0.63,atencao
710767367,2026-09-26T00:17:32.392176+00:00,-7.3471,-62.95239,16.8,23.8,23.8,0,MANAUS/AM,HUMAITÁ/AM,,0.63,atencao
710767367,2026-09-26T00:22:32.980347+00:00,-7.33477,-62.9469,16.8,16.8,16.8,0,MANAUS/AM,HUMAITÁ/AM,,0.63,atencao
710767367,2026-09-26T00:27:22.954830+00:00,-7.32233,-62.94311,16.8,14.1,14.1,0,MANAUS/AM,HUMAITÁ/AM,,0.63,atencao
710767367,2026-09-26T00:32:59.852771+00:00,-7.30768,-62.93939,16.8,10.8,10.8,0,MANAUS/AM,HUMAITÁ/AM,,0.63,atencao
710767367,2026-09-26T00:39:41.727759+00:00,-7.28998,-62.93597,16.8,9.8,9.8,0,MANAUS/AM,HUMAITÁ/AM,,0.63,atencao
710767367,2026-09-26T00:44:28.998135+00:00,-7.27728,-62.93377,16.8,12.4,12.4,0,MANAUS/AM,HUMAITÁ/AM,,0.63,atencao
710767367,2026-09-26T00:50:09.027088+00:00,-7.26239,-62.93048,16.8,23.9,23.9,0,MANAUS/AM,HUMAITÁ/AM,,0.63,atencao
710767367,2026-09-26T00:54:02.695114+00:00,-7.25281,-62.92621,16.8,21.0,21.0,0,MANAUS/AM,HUMAITÁ/AM,,0.63,atencao
710767367,2026-09-26T01:01:15.731526+00:00,-7.23468,-62.91919,16.8,21.6,21.6,0,MANAUS/AM,HUMAITÁ/AM,,0.63,atencao
710767367,2026-09-26T01:06:17.198890+00:00,-7.2221,-62.91418,16.8,10.6,10.6,0,MANAUS/AM,HUMAITÁ/AM,,0.63,atencao
710767367,2026-09-26T01:14:13.576918+00:00,-7.20111,-62.91022,16.8,18.8,18.8,0,MANAUS/AM,HUMAITÁ/AM,,0.63,atencao
710767367,2026-09-26T01:18:53.990847+00:00,-7.18921,-62.90613,16.8,18.5,18.5,0,MANAUS/AM,HUMAITÁ/AM,,0.63,atencao
710767367,2026-09-26T01:21:57.599671+00:00,-7.1814,-62.9035,16.8,20.3,20.3,0,MANAUS/AM,HUMAITÁ/AM,,0.63,atencao
710767367,2026-09-26T01:26:18.763221+00:00,-7.17041,-62.89941,16.8,22.7,22.7,0,MANAUS/AM,HUMAITÁ/AM,,0.63,atencao
710767367,2026-09-26T01:33:19.196803+00:00,-7.15301,-62.89209,16.8,23.4,23.4,0,MANAUS/AM,HUMAITÁ/AM,,0.63,atencao
710767367,2026-09-26T01:40:44.193278+00:00,-7.1347,-62.88409,16.8,23.4,23.4,0,MANAUS/AM,HUMAITÁ/AM,,0.63,atencao
710767367,2026-09-26T01:45:26.081933+00:00,-7.1231,-62.87903,16.8,15.1,15.1,0,MANAUS/AM,HUMAITÁ/AM,,0.63,atencao
710767367,2026-09-26T01:50:00.969801+00:00,-7.1112,-62.87579,16.8,18.2,18.2,0,MANAUS/AM,HUMAITÁ/AM,,0.63,atencao
710767367,2026-09-26T01:54:28.919627+00:00,-7.09979,-62.87201,16.8,20.8,20.8,0,MANAUS/AM,HUMAITÁ/AM,,0.63,atencao
710767367,2026-09-26T01:57:42.597814+00:00,-7.09167,-62.8689,16.8,12.6,12.6,0,MANAUS/AM,HUMAITÁ/AM,,0.63,atencao
710767367,2026-09-26T02:01:14.518426+00:00,-7.0824,-62.86682,16.8,19.1,19.1,0,MANAUS/AM,HUMAITÁ/AM,,0.63,atencao
710767367,2026-09-26T02:04:40.556183+00:00,-7.07367,-62.86377,16.8,26.9,26.9,0,MANAUS/AM,HUMAITÁ/AM,,0.63,atencao
710767367,2026-09-26T02:07:54.454338+00:00,-7.06592,-62.8598,16.8,13.2,13.2,0,MANAUS/AM,HUMAITÁ/AM,,0.63,atencao
710767367,2026-09-26T02:12:45.188738+00:00,-7.05322,-62.85681,16.8,344.9,344.9,0,MANAUS/AM,HUMAITÁ/AM,,0.63,atencao
710767367,2026-09-26T02:16:22.324379+00:00,-7.04382,-62.85937,16.8,354.9,354.9,0,MANAUS/AM,HUMAITÁ/AM,,0.63,atencao
710767367,2026-09-26T02:18:55.368541+00:00,-7.03698,-62.85998,16.8,7.6,7.6,0,MANAUS/AM,HUMAITÁ/AM,,0.63,atencao
710767367,2026-09-26T02:23:41.009937+00:00,-7.02429,-62.85827,16.8,37.3,37.3,0,MANAUS/AM,HUMAITÁ/AM,,0.63,atencao
710767367,2026-09-26T02:26:23.597574+00:00,-7.01849,-62.85382,16.8,50.1,50.1,0,MANAUS/AM,HUMAITÁ/AM,,0.63,atencao
710767367,2026-09-26T02:29:00.432397+00:00,-7.01398,-62.84839,16.8,62.7,62.7,0,MANAUS/AM,HUMAITÁ/AM,,0.63,atencao
710767367,2026-09-26T02:33:21.875497+00:00,-7.0086,-62.83789,16.8,68.6,68.6,0,MANAUS/AM,HUMAITÁ/AM,,0.63,atencao
710767367,2026-09-26T02:37:31.496844+00:00,-7.00451,-62.82739,16.8,82.0,82.0,0,MANAUS/AM,HUMAITÁ/AM,,0.63,atencao
710767367,2026-09-26T02:41:16.574548+00:00,-7.00311,-62.81732,16.8,94.6,94.6,0,MANAUS/AM,HUMAITÁ/AM,,0.63,atencao
710767367,2026-09-26T02:45:32.706221+00:00,-7.00403,-62.80579,16.8,110.5,110.5,0,MANAUS/AM,HUMAITÁ/AM,,0.63,atencao
710767367,2026-09-26T02:49:33.610315+00:00,-7.00781,-62.79559,16.8,114.9,114.9,0,MANAUS/AM,HUMAITÁ/AM,,0.63,atencao
710767367,2026-09-26T02:53:42.367589+00:00,-7.01251,-62.7854,16.8,121.6,121.6,0,MANAUS/AM,HUMAITÁ/AM,,0.63,atencao
710767367,2026-09-26T02:58:02.398463+00:00,-7.01861,-62.77539,16.8,117.1,117.1,0,MANAUS/AM,HUMAITÁ/AM,,0.63,atencao
710767367,2026-09-26T03:03:10.359999+00:00,-7.0249,-62.763,16.8,118.0,118.0,0,MANAUS/AM,HUMAITÁ/AM,,0.63,atencao
710767367,2026-09-26T03:09:38.970055+00:00,-7.03308,-62.7475,16.8,111.2,111.2,0,MANAUS/AM,HUMAITÁ/AM,,0.63,atencao
710767367,2026-09-26T03:13:17.674599+00:00,-7.03662,-62.73828,16.8,95.4,95.4,0,MANAUS/AM,HUMAITÁ/AM,,0.63,atencao
710767367,2026-09-26T03:17:05.681592+00:00,-7.03759,-62.72803,16.8,74.7,74.7,0,MANAUS/AM,HUMAITÁ/AM,,0.63,atencao
710767367,2026-09-26T03:20:10.610841+00:00,-7.0354,-62.71997,16.8,41.4,41.4,0,MANAUS/AM,HUMAITÁ/AM,,0.63,atencao
710767367,2026-09-26T03:23:26.636133+00:00,-7.02881,-62.71411,16.8,33.7,33.7,0,MANAUS/AM,HUMAITÁ/AM,,0.63,atencao
710767367,2026-09-26T03:29:05.190016+00:00,-7.01617,-62.70563,16.8,28.7,28.7,0,MANAUS/AM,HUMAITÁ/AM,,0.63,atencao
710767367,2026-09-26T03:33:44.346101+00:00,-7.00519,-62.69958,16.8,29.5,29.5,0,MANAUS/AM,HUMAITÁ/AM,,0.63,atencao
710767367,2026-09-26T03:38:54.050262+00:00,-6.9931,-62.69269,16.8,31.0,31.0,0,MANAUS/AM,HUMAITÁ/AM,,0.63,atencao
710767367,2026-09-26T03:44:16.499637+00:00,-6.98071,-62.68518,16.8,30.5,30.5,0,MANAUS/AM,HUMAITÁ/AM,,0.63,atencao
710767367,2026-09-26T03:48:18.330902+00:00,-6.97137,-62.67963,16.8,31.1,31.1,0,MANAUS/AM,HUMAITÁ/AM,,0.63,atencao
710767367,2026-09-26T03:53:24.932178+00:00,-6.95959,-62.67248,16.8,32.3,32.3,0,MANAUS/AM,HUMAITÁ/AM,,0.63,atencao
710767367,2026-09-26T03:57:37.751548+00:00,-6.95001,-62.66638,16.8,25.8,25.8,0,MANAUS/AM,HUMAITÁ/AM,,0.63,atencao
710767367,2026-09-26T04:04:33.514654+00:00,-6.93323,-62.6582,16.8,15.6,15.6,0,MANAUS/AM,HUMAITÁ/AM,,0.63,atencao
710767367,2026-09-26T04:09:28.964912+00:00,-6.92047,-62.6546,16.8,8.1,8.1,0,MANAUS/AM,HUMAITÁ/AM,,0.63,atencao
710767367,2026-09-26T04:16:02.161749+00:00,-6.90301,-62.6521,16.8,359.4,359.4,0,MANAUS/AM,HUMAITÁ/AM,,0.63,atencao
710767367,2026-09-26T04:20:12.609610+00:00,-6.89178,-62.65222,16.8,353.1,353.1,0,MANAUS/AM,HUMAITÁ/AM,,0.63,atencao
710767367,2026-09-26T04:25:04.638913+00:00,-6.87878,-62.65381,16.8,343.4,343.4,0,MANAUS/AM,HUMAITÁ/AM,,0.63,atencao
710767367,2026-09-26T04:30:30.004368+00:00,-6.8648,-62.65802,16.8,4.8,4.8,0,MANAUS/AM,HUMAITÁ/AM,,0.63,atencao
710767367,2026-09-26T04:35:55.088359+00:00,-6.85028,-62.6568,16.8,27.1,27.1,0,MANAUS/AM,HUMAITÁ/AM,,0.63,atencao
710767367,2026-09-26T04:40:02.467139+00:00,-6.8404,-62.65171,0.0,0.0,0.0,5,MANAUS/AM,HUMAITÁ/AM,HUMAITÁ/AM,0.63,atencao
710767367,2026-09-26T05:42:33.175405+00:00,-6.8404,-62.65171,0.0,0.0,0.0,5,MANAUS/AM,HUMAITÁ/AM,HUMAITÁ/AM,0.63,atencao
710767367,2026-09-26T06:45:03.883670+00:00,-6.8404,-62.65171,0.0,0.0,0.0,5,MANAUS/AM,HUMAITÁ/AM,HUMAITÁ/AM,0.63,atencao
710767367,2026-09-26T07:47:34.591936+00:00,-6.8404,-62.65171,0.0,0.0,0.0,5,MANAUS/AM,HUMAITÁ/AM,HUMAITÁ/AM,0.63,atencao
710767367,2026-09-26T08:50:05.300202+00:00,-6.8404,-62.65171,0.0,0.0,0.0,5,MANAUS/AM,HUMAITÁ/AM,HUMAITÁ/AM,0.63,atencao
710767367,2026-09-26T09:52:36.008467+00:00,-6.8404,-62.65171,0.0,0.0,0.0,5,MANAUS/AM,HUMAITÁ/AM,HUMAITÁ/AM,0.63,atencao
710767367,2026-09-26T10:55:06.716733+00:00,-6.8404,-62.65171,16.0,27.1,27.1,0,MANAUS/AM,HUMAITÁ/AM,,2.26,atrasado
710767367,2026-09-26T10:57:59.583067+00:00,-6.8338,-62.64831,16.0,28.1,28.1,0,MANAUS/AM,HUMAITÁ/AM,,2.26,atrasado
710767367,2026-09-26T11:05:18.227504+00:00,-6.8172,-62.6394,16.0,45.1,45.1,0,MANAUS/AM,HUMAITÁ/AM,,2.26,atrasado
710767367,2026-09-26T11:12:07.350078+00:00,-6.80481,-62.62689,16.0,57.1,57.1,0,MANAUS/AM,HUMAITÁ/AM,,2.26,atrasado
710767367,2026-09-26T11:17:37.324484+00:00,-6.79712,-62.61493,16.0,66.3,66.3,0,MANAUS/AM,HUMAITÁ/AM,,2.26,atrasado
710767367,2026-09-26T11:21:02.588572+00:00,-6.79358,-62.60681,16.0,71.2,71.2,0,MANAUS/AM,HUMAITÁ/AM,,2.26,atrasado
710767367,2026-09-26T11:25:49.295790+00:00,-6.78961,-62.59509,16.0,63.4,63.4,0,MANAUS/AM,HUMAITÁ/AM,,2.26,atrasado
710767367,2026-09-26T11:31:54.439691+00:00,-6.78259,-62.58099,16.0,60.3,60.3,0,MANAUS/AM,HUMAITÁ/AM,,2.26,atrasado
710767367,2026-09-26T11:37:36.148590+00:00,-6.77533,-62.56817,16.0,56.8,56.8,0,MANAUS/AM,HUMAITÁ/AM,,2.26,atrasado
710767367,2026-09-26T11:42:06.425418+00:00,-6.76898,-62.55841,16.0,55.3,55.3,0,MANAUS/AM,HUMAITÁ/AM,,2.26,atrasado
710767367,2026-09-26T11:47:53.712593+00:00,-6.7605,-62.54608,16.0,59.3,59.3,0,MANAUS/AM,HUMAITÁ/AM,,2.26,atrasado
710767367,2026-09-26T11:52:41.235312+00:00,-6.75421,-62.5354,16.0,69.2,69.2,0,MANAUS/AM,HUMAITÁ/AM,,2.26,atrasado
710767367,2026-09-26T11:56:58.179793+00:00,-6.7503,-62.52502,16.0,86.0,86.0,0,MANAUS/AM,HUMAITÁ/AM,,2.26,atrasado
710767367,2026-09-26T11:59:41.108268+00:00,-6.74981,-62.518,16.0,98.7,98.7,0,MANAUS/AM,HUMAITÁ/AM,,2.26,atrasado
710767367,2026-09-26T12:04:59.951132+00:00,-6.75189,-62.50439,16.0,114.1,114.1,0,MANAUS/AM,HUMAITÁ/AM,,2.26,atrasado
710767367,2026-09-26T12:08:15.059392+00:00,-6.75531,-62.4967,16.0,113.0,113.0,0,MANAUS/AM,HUMAITÁ/AM,,2.26,atrasado
710767367,2026-09-26T12:11:20.850253+00:00,-6.75842,-62.48932,16.0,115.0,115.0,0,MANAUS/AM,HUMAITÁ/AM,,2.26,atrasado
710767367,2026-09-26T12:14:15.575852+00:00,-6.76159,-62.48248,16.0,125.3,125.3,0,MANAUS/AM,HUMAITÁ/AM,,2.26,atrasado
710767367,2026-09-26T12:20:52.109977+00:00,-6.77142,-62.4685,16.0,103.7,103.7,0,MANAUS/AM,HUMAITÁ/AM,,2.26,atrasado
710767367,2026-09-26T12:24:46.313344+00:00,-6.7738,-62.45868,16.0,89.2,89.2,0,MANAUS/AM,HUMAITÁ/AM,,2.26,atrasado
710767367,2026-09-26T12:28:11.249924+00:00,-6.77368,-62.44983,16.0,73.3,73.3,0,MANAUS/AM,HUMAITÁ/AM,,2.26,atrasado
710767367,2026-09-26T12:30:44.690262+00:00,-6.77179,-62.44348,16.0,77.9,77.9,0,MANAUS/AM,HUMAITÁ/AM,,2.26,atrasado
710767367,2026-09-26T12:33:54.074153+00:00,-6.77008,-62.43548,16.0,75.8,75.8,0,MANAUS/AM,HUMAITÁ/AM,,2.26,atrasado
710767367,2026-09-26T12:36:08.168283+00:00,-6.76867,-62.42987,16.0,100.6,100.6,0,MANAUS/AM,HUMAITÁ/AM,,2.26,atrasado
710767367,2026-09-26T12:39:06.434481+00:00,-6.77008,-62.4223,16.0,105.1,105.1,0,MANAUS/AM,HUMAITÁ/AM,,2.26,atrasado
710767367,2026-09-26T12:42:06.487783+00:00,-6.77209,-62.41479,16.0,109.7,109.7,0,MANAUS/AM,HUMAITÁ/AM,,2.26,atrasado
710767367,2026-09-26T12:45:50.187123+00:00,-6.77533,-62.4057,16.0,88.1,88.1,0,MANAUS/AM,HUMAITÁ/AM,,2.26,atrasado
710767367,2026-09-26T12:48:44.077721+00:00,-6.77508,-62.39819,16.0,75.1,75.1,0,MANAUS/AM,HUMAITÁ/AM,,2.26,atrasado
710767367,2026-09-26T12:50:51.311450+00:00,-6.77368,-62.39288,16.0,55.3,55.3,0,MANAUS/AM,HUMAITÁ/AM,,2.26,atrasado
710767367,2026-09-26T12:53:13.916686+00:00,-6.7702,-62.38782,16.0,48.5,48.5,0,MANAUS/AM,HUMAITÁ/AM,,2.26,atrasado
710767367,2026-09-26T12:58:12.276754+00:00,-6.76172,-62.37817,16.0,37.3,37.3,0,MANAUS/AM,HUMAITÁ/AM,,2.26,atrasado
710767367,2026-09-26T13:01:25.631635+00:00,-6.75512,-62.37311,16.0,30.7,30.7,0,MANAUS/AM,HUMAITÁ/AM,,2.26,atrasado
710767367,2026-09-26T13:04:22.730150+00:00,-6.74859,-62.3692,16.0,21.2,21.2,0,MANAUS/AM,HUMAITÁ/AM,,2.26,atrasado
710767367,2026-09-26T13:06:32.356191+00:00,-6.74341,-62.36718,16.0,30.4,30.4,0,MANAUS/AM,HUMAITÁ/AM,,2.26,atrasado
710767367,2026-09-26T13:09:25.598566+00:00,-6.737,-62.3634,16.0,33.3,33.3,0,MANAUS/AM,HUMAITÁ/AM,,2.26,atrasado
710767367,2026-09-26T13:13:42.789550+00:00,-6.72778,-62.3573,16.0,32.3,32.3,0,MANAUS/AM,HUMAITÁ/AM,,2.26,atrasado
710767367,2026-09-26T13:18:25.708642+00:00,-6.71753,-62.35077,16.0,21.8,21.8,0,MANAUS/AM,HUMAITÁ/AM,,2.26,atrasado
710767367,2026-09-26T13:23:22.985294+00:00,-6.70569,-62.34601,16.0,15.8,15.8,0,MANAUS/AM,HUMAITÁ/AM,,2.26,atrasado
710767367,2026-09-26T13:26:55.959886+00:00,-6.6969,-62.3435,16.0,12.0,12.0,0,MANAUS/AM,HUMAITÁ/AM,,2.26,atrasado
710767367,2026-09-26T13:32:08.808000+00:00,-6.68377,-62.3407,16.0,10.1,10.1,0,MANAUS/AM,HUMAITÁ/AM,,2.26,atrasado
710767367,2026-09-26T13:37:39.800616+00:00,-6.6698,-62.33819,16.0,7.8,7.8,0,MANAUS/AM,HUMAITÁ/AM,,2.26,atrasado
710767367,2026-09-26T13:43:23.115218+00:00,-6.65521,-62.33618,16.0,1.2,1.2,0,MANAUS/AM,HUMAITÁ/AM,,2.26,atrasado
710767367,2026-09-26T13:49:01.894130+00:00,-6.64069,-62.33588,16.0,346.9,346.9,0,MANAUS/AM,HUMAITÁ/AM,,2.26,atrasado
710767367,2026-09-26T13:55:10.123694+00:00,-6.6253,-62.33948,16.0,352.9,352.9,0,MANAUS/AM,HUMAITÁ/AM,,2.26,atrasado
710767367,2026-09-26T14:00:32.779025+00:00,-6.61157,-62.34119,16.0,352.4,352.4,0,MANAUS/AM,HUMAITÁ/AM,,2.26,atrasado
710767367,2026-09-26T14:05:31.449097+00:00,-6.59887,-62.34289,16.0,346.0,346.0,0,MANAUS/AM,HUMAITÁ/AM,,2.26,atrasado
710767367,2026-09-26T14:10:29.211860+00:00,-6.58648,-62.34601,16.0,322.1,322.1,0,MANAUS/AM,HUMAITÁ/AM,,2.26,atrasado
710767367,2026-09-26T14:15:03.246914+00:00,-6.57721,-62.35327,16.0,314.7,314.7,0,MANAUS/AM,HUMAITÁ/AM,,2.26,atrasado
710767367,2026-09-26T14:21:05.306361+00:00,-6.56628,-62.36438,16.0,313.4,313.4,0,MANAUS/AM,HUMAITÁ/AM,,2.26,atrasado
710767367,2026-09-26T14:25:30.189028+00:00,-6.55847,-62.37268,16.0,355.6,355.6,0,MANAUS/AM,HUMAITÁ/AM,,2.26,atrasado
710767367,2026-09-26T14:27:38.628567+00:00,-6.55298,-62.37311,16.0,32.5,32.5,0,MANAUS/AM,HUMAITÁ/AM,,2.26,atrasado
710767367,2026-09-26T14:30:45.793628+00:00,-6.5462,-62.36877,16.0,64.6,64.6,0,MANAUS/AM,HUMAITÁ/AM,,2.26,atrasado
710767367,2026-09-26T14:35:00.994082+00:00,-6.5415,-62.35882,16.0,67.7,67.7,0,MANAUS/AM,HUMAITÁ/AM,,2.26,atrasado
710767367,2026-09-26T14:41:27.579966+00:00,-6.53522,-62.34338,16.0,59.7,59.7,0,MANAUS/AM,HUMAITÁ/AM,,2.26,atrasado
710767367,2026-09-26T14:45:55.984994+00:00,-6.52942,-62.33337,16.0,47.4,47.4,0,MANAUS/AM,HUMAITÁ/AM,,2.26,atrasado
710767367,2026-09-26T14:49:57.915804+00:00,-6.5224,-62.32568,16.0,56.2,56.2,0,MANAUS/AM,HUMAITÁ/AM,,2.26,atrasado
710767367,2026-09-26T14:53:20.276056+00:00,-6.51758,-62.31842,16.0,57.1,57.1,0,MANAUS/AM,HUMAITÁ/AM,,2.26,atrasado
710767367,2026-09-26T14:58:16.586134+00:00,-6.51068,-62.30768,16.0,47.9,47.9,0,MANAUS/AM,HUMAITÁ/AM,,2.26,atrasado
710767367,2026-09-26T15:02:22.613062+00:00,-6.5036,-62.2998,16.0,39.7,39.7,0,MANAUS/AM,HUMAITÁ/AM,,2.26,atrasado
710767367,2026-09-26T15:05:46.157661+00:00,-6.49688,-62.29419,16.0,35.9,35.9,0,MANAUS/AM,HUMAITÁ/AM,,2.26,atrasado
710767367,2026-09-26T15:08:47.083787+00:00,-6.4906,-62.28961,16.0,25.8,25.8,0,MANAUS/AM,HUMAITÁ/AM,,2.26,atrasado
710767367,2026-09-26T15:13:29.953493+00:00,-6.47967,-62.2843,16.0,14.6,14.6,0,MANAUS/AM,HUMAITÁ/AM,,2.26,atrasado
710767367,2026-09-26T15:16:35.285600+00:00,-6.47198,-62.28229,16.0,5.6,5.6,0,MANAUS/AM,HUMAITÁ/AM,,2.26,atrasado
710767367,2026-09-26T15:24:51.453095+00:00,-6.4508,-62.28021,16.0,14.1,14.1,0,MANAUS/AM,HUMAITÁ/AM,,2.26,atrasado
710767367,2026-09-26T15:31:48.269990+00:00,-6.43347,-62.27582,16.0,22.4,22.4,0,MANAUS/AM,HUMAITÁ/AM,,2.26,atrasado
710767367,2026-09-26T15:41:37.889707+00:00,-6.41009,-62.26611,16.0,10.0,10.0,0,MANAUS/AM,HUMAITÁ/AM,,2.26,atrasado
710767367,2026-09-26T15:51:01.448328+00:00,-6.38629,-62.2619,16.0,15.5,15.5,0,MANAUS/AM,HUMAITÁ/AM,,2.26,atrasado
710767367,2026-09-26T15:56:24.820406+00:00,-6.37292,-62.25818,16.0,29.7,29.7,0,MANAUS/AM,HUMAITÁ/AM,,2.26,atrasado
710767367,2026-09-26T16:01:55.841713+00:00,-6.36059,-62.2511,16.0,24.8,24.8,0,MANAUS/AM,HUMAITÁ/AM,,2.26,atrasado
710767367,2026-09-26T16:06:42.671836+00:00,-6.34943,-62.24591,16.0,15.3,15.3,0,MANAUS/AM,HUMAITÁ/AM,,2.26,atrasado
710767367,2026-09-26T16:12:41.282430+00:00,-6.33459,-62.24182,16.0,8.6,8.6,0,MANAUS/AM,HUMAITÁ/AM,,2.26,atrasado
710767367,2026-09-26T16:17:07.519463+00:00,-6.3233,-62.24011,16.0,357.8,357.8,0,MANAUS/AM,HUMAITÁ/AM,,2.26,atrasado
710767367,2026-09-26T16:28:15.482720+00:00,-6.29467,-62.24121,16.0,344.4,344.4,0,MANAUS/AM,HUMAITÁ/AM,,2.26,atrasado
710767367,2026-09-26T16:33:30.254508+00:00,-6.28168,-62.24487,16.0,354.6,354.6,0,MANAUS/AM,HUMAITÁ/AM,,2.26,atrasado
710767367,2026-09-26T16:43:43.540136+00:00,-6.25549,-62.24737,16.0,11.6,11.6,0,MANAUS/AM,HUMAITÁ/AM,,2.26,atrasado
710767367,2026-09-26T16:49:48.261520+00:00,-6.24017,-62.2442,16.0,35.1,35.1,0,MANAUS/AM,HUMAITÁ/AM,,2.26,atrasado
710767367,2026-09-26T16:55:03.162948+00:00,-6.22912,-62.23639,16.0,53.0,53.0,0,MANAUS/AM,HUMAITÁ/AM,,2.26,atrasado
710767367,2026-09-26T16:59:23.440877+00:00,-6.22241,-62.22742,16.0,58.0,58.0,0,MANAUS/AM,HUMAITÁ/AM,,2.26,atrasado
710767367,2026-09-26T17:03:43.763407+00:00,-6.21649,-62.21789,16.0,57.2,57.2,0,MANAUS/AM,HUMAITÁ/AM,,2.26,atrasado
710767367,2026-09-26T17:06:25.941086+00:00,-6.21273,-62.21201,0.0,0.0,0.0,5,MANAUS/AM,HUMAITÁ/AM,HUMAITÁ/AM,2.26,atrasado
710767367,2026-09-26T18:16:06.119936+00:00,-6.21273,-62.21201,0.0,0.0,0.0,5,MANAUS/AM,HUMAITÁ/AM,HUMAITÁ/AM,2.26,atrasado
710767367,2026-09-26T19:25:46.298786+00:00,-6.21273,-62.21201,0.0,0.0,0.0,5,MANAUS/AM,HUMAITÁ/AM,HUMAITÁ/AM,2.26,atrasado
710767367,2026-09-26T20:35:26.477636+00:00,-6.21273,-62.21201,0.0,0.0,0.0,5,MANAUS/AM,HUMAITÁ/AM,HUMAITÁ/AM,2.26,atrasado
710767367,2026-09-26T21:45:06.656486+00:00,-6.21273,-62.21201,0.0,0.0,0.0,5,MANAUS/AM,HUMAITÁ/AM,HUMAITÁ/AM,2.26,atrasado
710767367,2026-09-26T22:54:46.835336+00:00,-6.21273,-62.21201,22.3,57.3,57.3,0,MANAUS/AM,HUMAITÁ/AM,,1.91,atencao
710767367,2026-09-26T22:57:31.644107+00:00,-6.2074,-62.20367,22.3,62.7,62.7,0,MANAUS/AM,HUMAITÁ/AM,,1.91,atencao
710767367,2026-09-26T23:00:27.509931+00:00,-6.20257,-62.19427,22.3,63.9,63.9,0,MANAUS/AM,HUMAITÁ/AM,,1.91,atencao
710767367,2026-09-26T23:04:03.321465+00:00,-6.1969,-62.18262,22.3,66.9,66.9,0,MANAUS/AM,HUMAITÁ/AM,,1.91,atencao
710767367,2026-09-26T23:08:36.871129+00:00,-6.19049,-62.16748,22.3,80.7,80.7,0,MANAUS/AM,HUMAITÁ/AM,,1.91,atencao
710767367,2026-09-26T23:13:35.046575+00:00,-6.18762,-62.14978,22.3,98.0,98.0,0,MANAUS/AM,HUMAITÁ/AM,,1.91,atencao
710767367,2026-09-26T23:19:14.217684+00:00,-6.19043,-62.12958,22.3,117.6,117.6,0,MANAUS/AM,HUMAITÁ/AM,,1.91,atencao
710767367,2026-09-26T23:24:38.258005+00:00,-6.1994,-62.1123,22.3,128.3,128.3,0,MANAUS/AM,HUMAITÁ/AM,,1.91,atencao
710767367,2026-09-26T23:29:56.248094+00:00,-6.21118,-62.09729,22.3,125.9,125.9,0,MANAUS/AM,HUMAITÁ/AM,,1.91,atencao
710767367,2026-09-26T23:33:25.357111+00:00,-6.2185,-62.0871,22.3,122.1,122.1,0,MANAUS/AM,HUMAITÁ/AM,,1.91,atencao
710767367,2026-09-26T23:36:08.380188+00:00,-6.22369,-62.07879,22.3,116.1,116.1,0,MANAUS/AM,HUMAITÁ/AM,,1.91,atencao
710767367,2026-09-26T23:39:37.386732+00:00,-6.22919,-62.0675,22.3,110.0,110.0,0,MANAUS/AM,HUMAITÁ/AM,,1.91,atencao
710767367,2026-09-26T23:42:15.115086+00:00,-6.23242,-62.05859,22.3,110.5,110.5,0,MANAUS/AM,HUMAITÁ/AM,,1.91,atencao
710767367,2026-09-26T23:46:17.686329+00:00,-6.23749,-62.04492,22.3,103.3,103.3,0,MANAUS/AM,HUMAITÁ/AM,,1.91,atencao
710767367,2026-09-26T23:50:03.940588+00:00,-6.2406,-62.03167,22.3,101.3,101.3,0,MANAUS/AM,HUMAITÁ/AM,,1.91,atencao
710767367,2026-09-26T23:53:37.104287+00:00,-6.2431,-62.0191,22.3,101.9,101.9,0,MANAUS/AM,HUMAITÁ/AM,,1.91,atencao
710767367,2026-09-26T23:59:47.372741+00:00,-6.24768,-61.99731,22.3,93.9,93.9,0,MANAUS/AM,HUMAITÁ/AM,,1.91,atencao
710767367,2026-09-27T00:05:57.590145+00:00,-6.2492,-61.9751,22.3,92.9,92.9,0,MANAUS/AM,HUMAITÁ/AM,,1.91,atencao
710767367,2026-09-27T00:11:57.254753+00:00,-6.2503,-61.95349,22.3,90.6,90.6,0,MANAUS/AM,HUMAITÁ/AM,,1.91,atencao
710767367,2026-09-27T00:15:25.273741+00:00,-6.25043,-61.94098,22.3,78.0,78.0,0,MANAUS/AM,HUMAITÁ/AM,,1.91,atencao
710767367,2026-09-27T00:19:31.128347+00:00,-6.24737,-61.92651,22.3,95.7,95.7,0,MANAUS/AM,HUMAITÁ/AM,,1.91,atencao
710767367,2026-09-27T00:23:16.504191+00:00,-6.24872,-61.91302,22.3,95.4,95.4,0,MANAUS/AM,HUMAITÁ/AM,,1.91,atencao
710767367,2026-09-27T00:26:08.778879+00:00,-6.24969,-61.90271,22.3,99.1,99.1,0,MANAUS/AM,HUMAITÁ/AM,,1.91,atencao
710767367,2026-09-27T00:30:48.219343+00:00,-6.25232,-61.88611,22.3,94.9,94.9,0,MANAUS/AM,HUMAITÁ/AM,,1.91,atencao
710767367,2026-09-27T00:35:32.380356+00:00,-6.25378,-61.86908,22.3,94.9,94.9,0,MANAUS/AM,HUMAITÁ/AM,,1.91,atencao
710767367,2026-09-27T00:39:07.258284+00:00,-6.25488,-61.8562,22.3,59.7,59.7,0,MANAUS/AM,HUMAITÁ/AM,,1.91,atencao
710767367,2026-09-27T00:41:56.715653+00:00,-6.24977,-61.8474,0.0,0.0,0.0,5,MANAUS/AM,HUMAITÁ/AM,HUMAITÁ/AM,1.91,atencao
710767367,2026-09-27T01:42:42.948156+00:00,-6.24977,-61.8474,0.0,0.0,0.0,5,MANAUS/AM,HUMAITÁ/AM,HUMAITÁ/AM,1.91,atencao
710767367,2026-09-27T02:43:29.180660+00:00,-6.24977,-61.8474,0.0,0.0,0.0,5,MANAUS/AM,HUMAITÁ/AM,HUMAITÁ/AM,1.91,atencao
710767367,2026-09-27T03:44:15.413163+00:00,-6.24977,-61.8474,0.0,0.0,0.0,5,MANAUS/AM,HUMAITÁ/AM,HUMAITÁ/AM,1.91,atencao
710767367,2026-09-27T04:45:01.645667+00:00,-6.24977,-61.8474,0.0,0.0,0.0,5,MANAUS/AM,HUMAITÁ/AM,HUMAITÁ/AM,1.91,atencao
710767367,2026-09-27T05:45:47.878171+00:00,-6.24977,-61.8474,0.0,0.0,0.0,5,MANAUS/AM,HUMAITÁ/AM,HUMAITÁ/AM,1.91,atencao
710767367,2026-09-27T06:46:34.110674+00:00,-6.24977,-61.8474,0.0,0.0,0.0,5,MANAUS/AM,HUMAITÁ/AM,HUMAITÁ/AM,1.91,atencao
710767367,2026-09-27T07:47:20.343178+00:00,-6.24977,-61.8474,30.1,59.6,59.6,0,MANAUS/AM,HUMAITÁ/AM,,2.41,atrasado
710767367,2026-09-27T07:48:11.614431+00:00,-6.24768,-61.84381,30.1,39.3,39.3,0,MANAUS/AM,HUMAITÁ/AM,,2.41,atrasado
710767367,2026-09-27T07:50:12.796626+00:00,-6.24011,-61.83758,30.1,13.6,13.6,0,MANAUS/AM,HUMAITÁ/AM,,2.41,atrasado
710767367,2026-09-27T07:53:04.855834+00:00,-6.22662,-61.83429,30.1,5.3,5.3,0,MANAUS/AM,HUMAITÁ/AM,,2.41,atrasado
710767367,2026-09-27T07:55:07.172845+00:00,-6.2168,-61.83337,30.1,5.0,5.0,0,MANAUS/AM,HUMAITÁ/AM,,2.41,atrasado
710767367,2026-09-27T07:56:58.072235+00:00,-6.20788,-61.83258,30.1,1.9,1.9,0,MANAUS/AM,HUMAITÁ/AM,,2.41,atrasado
710767367,2026-09-27T07:58:53.125277+00:00,-6.19861,-61.83227,30.1,358.0,358.0,0,MANAUS/AM,HUMAITÁ/AM,,2.41,atrasado
710767367,2026-09-27T08:00:43.644177+00:00,-6.1897,-61.83258,30.1,2.2,2.2,0,MANAUS/AM,HUMAITÁ/AM,,2.41,atrasado
710767367,2026-09-27T08:03:19.606792+00:00,-6.17712,-61.83209,30.1,4.6,4.6,0,MANAUS/AM,HUMAITÁ/AM,,2.41,atrasado
710767367,2026-09-27T08:05:21.795460+00:00,-6.1673,-61.8313,30.1,13.9,13.9,0,MANAUS/AM,HUMAITÁ/AM,,2.41,atrasado
710767367,2026-09-27T08:08:35.874383+00:00,-6.1521,-61.82751,30.1,27.4,27.4,0,MANAUS/AM,HUMAITÁ/AM,,2.41,atrasado
710767367,2026-09-27T08:10:12.191856+00:00,-6.1452,-61.82391,30.1,46.3,46.3,0,MANAUS/AM,HUMAITÁ/AM,,2.41,atrasado
710767367,2026-09-27T08:11:36.491994+00:00,-6.1405,-61.81897,30.1,53.5,53.5,0,MANAUS/AM,HUMAITÁ/AM,,2.41,atrasado
710767367,2026-09-27T08:12:51.425102+00:00,-6.1369,-61.81408,30.1,78.8,78.8,0,MANAUS/AM,HUMAITÁ/AM,,2.41,atrasado
710767367,2026-09-27T08:14:01.951626+00:00,-6.1358,-61.80847,30.1,94.8,94.8,0,MANAUS/AM,HUMAITÁ/AM,,2.41,atrasado
710767367,2026-09-27T08:15:58.203894+00:00,-6.13659,-61.79907,30.1,111.7,111.7,0,MANAUS/AM,HUMAITÁ/AM,,2.41,atrasado
710767367,2026-09-27T08:17:22.354118+00:00,-6.1391,-61.79272,30.1,113.8,113.8,0,MANAUS/AM,HUMAITÁ/AM,,2.41,atrasado
710767367,2026-09-27T08:18:54.398968+00:00,-6.14209,-61.78589,30.1,93.8,93.8,0,MANAUS/AM,HUMAITÁ/AM,,2.41,atrasado
710767367,2026-09-27T08:20:14.311657+00:00,-6.14252,-61.77942,30.1,74.4,74.4,0,MANAUS/AM,HUMAITÁ/AM,,2.41,atrasado
710767367,2026-09-27T08:21:10.547706+00:00,-6.1413,-61.77502,30.1,45.4,45.4,0,MANAUS/AM,HUMAITÁ/AM,,2.41,atrasado
710767367,2026-09-27T08:23:01.506121+00:00,-6.13501,-61.76861,30.1,31.5,31.5,0,MANAUS/AM,HUMAITÁ/AM,,2.41,atrasado
710767367,2026-09-27T08:24:43.590352+00:00,-6.12799,-61.76428,30.1,21.0,21.0,0,MANAUS/AM,HUMAITÁ/AM,,2.41,atrasado
710767367,2026-09-27T08:25:54.908329+00:00,-6.12262,-61.76221,30.1,4.4,4.4,0,MANAUS/AM,HUMAITÁ/AM,,2.41,atrasado
710767367,2026-09-27T08:27:04.707568+00:00,-6.117,-61.76178,30.1,350.6,350.6,0,MANAUS/AM,HUMAITÁ/AM,,2.41,atrasado
710767367,2026-09-27T08:28:36.743825+00:00,-6.10968,-61.763,30.1,340.8,340.8,0,MANAUS/AM,HUMAITÁ/AM,,2.41,atrasado
710767367,2026-09-27T08:29:40.814679+00:00,-6.1048,-61.76471,30.1,349.7,349.7,0,MANAUS/AM,HUMAITÁ/AM,,2.41,atrasado
710767367,2026-09-27T08:31:09.254884+00:00,-6.09778,-61.76599,30.1,356.3,356.3,0,MANAUS/AM,HUMAITÁ/AM,,2.41,atrasado
710767367,2026-09-27T08:32:43.266753+00:00,-6.09021,-61.76648,30.1,21.2,21.2,0,MANAUS/AM,HUMAITÁ/AM,,2.41,atrasado
710767367,2026-09-27T08:34:04.392203+00:00,-6.08411,-61.7641,30.1,50.1,50.1,0,MANAUS/AM,HUMAITÁ/AM,,2.41,atrasado
710767367,2026-09-27T08:37:35.352667+00:00,-6.07318,-61.75097,30.1,60.9,60.9,0,MANAUS/AM,HUMAITÁ/AM,,2.41,atrasado
710767367,2026-09-27T08:39:19.538193+00:00,-6.06909,-61.74359,30.1,56.7,56.7,0,MANAUS/AM,HUMAITÁ/AM,,2.41,atrasado
710767367,2026-09-27T08:41:08.427323+00:00,-6.06427,-61.7362,30.1,54.1,54.1,0,MANAUS/AM,HUMAITÁ/AM,,2.41,atrasado
710767367,2026-09-27T08:42:47.794660+00:00,-6.05957,-61.72967,30.1,55.7,55.7,0,MANAUS/AM,HUMAITÁ/AM,,2.41,atrasado
710767367,2026-09-27T08:44:43.404888+00:00,-6.05432,-61.72192,30.1,55.3,55.3,0,MANAUS/AM,HUMAITÁ/AM,,2.41,atrasado
710767367,2026-09-27T08:46:35.040278+00:00,-6.04919,-61.71448,30.1,51.5,51.5,0,MANAUS/AM,HUMAITÁ/AM,,2.41,atrasado
710767367,2026-09-27T08:49:45.566121+00:00,-6.03961,-61.70239,30.1,50.2,50.2,0,MANAUS/AM,HUMAITÁ/AM,,2.41,atrasado
710767367,2026-09-27T08:53:09.087037+00:00,-6.02911,-61.6897,30.1,43.3,43.3,0,MANAUS/AM,HUMAITÁ/AM,,2.41,atrasado
710767367,2026-09-27T08:55:24.131785+00:00,-6.02118,-61.68219,30.1,41.4,41.4,0,MANAUS/AM,HUMAITÁ/AM,,2.41,atrasado
710767367,2026-09-27T08:57:00.909724+00:00,-6.01532,-61.677,30.1,27.8,27.8,0,MANAUS/AM,HUMAITÁ/AM,,2.41,atrasado
710767367,2026-09-27T08:59:08.339247+00:00,-6.00622,-61.67218,30.1,27.1,27.1,0,MANAUS/AM,HUMAITÁ/AM,,2.41,atrasado
710767367,2026-09-27T09:01:31.967881+00:00,-5.99591,-61.66687,30.1,8.3,8.3,0,MANAUS/AM,HUMAITÁ/AM,,2.41,atrasado
710767367,2026-09-27T09:03:47.295961+00:00,-5.98511,-61.66528,30.1,351.6,351.6,0,MANAUS/AM,HUMAITÁ/AM,,2.41,atrasado
710767367,2026-09-27T09:03:59.065802+00:00,-5.98417,-61.66542,0.0,0.0,0.0,5,MANAUS/AM,HUMAITÁ/AM,HUMAITÁ/AM,2.41,atrasado
710767367,2026-09-27T10:10:47.488178+00:00,-5.98417,-61.66542,0.0,0.0,0.0,5,MANAUS/AM,HUMAITÁ/AM,HUMAITÁ/AM,2.41,atrasado
710767367,2026-09-27T11:17:35.910555+00:00,-5.98417,-61.66542,0.0,0.0,0.0,5,MANAUS/AM,HUMAITÁ/AM,HUMAITÁ/AM,2.41,atrasado
710767367,2026-09-27T12:24:24.332931+00:00,-5.98417,-61.66542,0.0,0.0,0.0,5,MANAUS/AM,HUMAITÁ/AM,HUMAITÁ/AM,2.41,atrasado
710767367,2026-09-27T13:31:12.755308+00:00,-5.98417,-61.66542,0.0,0.0,0.0,5,MANAUS/AM,HUMAITÁ/AM,HUMAITÁ/AM,2.41,atrasado
710767367,2026-09-27T14:38:01.177684+00:00,-5.98417,-61.66542,0.0,0.0,0.0,5,MANAUS/AM,HUMAITÁ/AM,HUMAITÁ/AM,2.41,atrasado
710767367,2026-09-27T15:44:49.600061+00:00,-5.98417,-61.66542,31.9,351.9,351.9,0,MANAUS/AM,HUMAITÁ/AM,,2.02,atrasado
710767367,2026-09-27T15:46:44.841634+00:00,-5.97443,-61.66681,31.9,334.4,334.4,0,MANAUS/AM,HUMAITÁ/AM,,2.02,atrasado
710767367,2026-09-27T15:48:39.827774+00:00,-5.96558,-61.67108,31.9,317.2,317.2,0,MANAUS/AM,HUMAITÁ/AM,,2.02,atrasado
710767367,2026-09-27T15:50:21.232806+00:00,-5.95923,-61.677,31.9,317.2,317.2,0,MANAUS/AM,HUMAITÁ/AM,,2.02,atrasado
710767367,2026-09-27T15:51:57.618175+00:00,-5.95319,-61.68262,31.9,321.9,321.9,0,MANAUS/AM,HUMAITÁ/AM,,2.02,atrasado
710767367,2026-09-27T15:53:14.839582+00:00,-5.948,-61.68671,31.9,323.6,323.6,0,MANAUS/AM,HUMAITÁ/AM,,2.02,atrasado
710767367,2026-09-27T15:55:29.983026+00:00,-5.93872,-61.6936,31.9,334.5,334.5,0,MANAUS/AM,HUMAITÁ/AM,,2.02,atrasado
710767367,2026-09-27T15:58:03.621884+00:00,-5.92688,-61.69928,31.9,342.9,342.9,0,MANAUS/AM,HUMAITÁ/AM,,2.02,atrasado
710767367,2026-09-27T16:00:24.215733+00:00,-5.9154,-61.70282,31.9,353.8,353.8,0,MANAUS/AM,HUMAITÁ/AM,,2.02,atrasado
710767367,2026-09-27T16:01:56.257257+00:00,-5.90759,-61.70367,31.9,358.9,358.9,0,MANAUS/AM,HUMAITÁ/AM,,2.02,atrasado
710767367,2026-09-27T16:03:09.909535+00:00,-5.9013,-61.70379,31.9,8.8,8.8,0,MANAUS/AM,HUMAITÁ/AM,,2.02,atrasado
710767367,2026-09-27T16:04:33.099909+00:00,-5.89429,-61.7027,31.9,25.4,25.4,0,MANAUS/AM,HUMAITÁ/AM,,2.02,atrasado
710767367,2026-09-27T16:06:02.562060+00:00,-5.88739,-61.6994,31.9,47.2,47.2,0,MANAUS/AM,HUMAITÁ/AM,,2.02,atrasado
710767367,2026-09-27T16:08:06.651776+00:00,-5.88019,-61.69159,31.9,61.9,61.9,0,MANAUS/AM,HUMAITÁ/AM,,2.02,atrasado
710767367,2026-09-27T16:10:46.228648+00:00,-5.87378,-61.6795,31.9,77.8,77.8,0,MANAUS/AM,HUMAITÁ/AM,,2.02,atrasado
710767367,2026-09-27T16:13:32.099736+00:00,-5.87079,-61.66559,31.9,80.8,80.8,0,MANAUS/AM,HUMAITÁ/AM,,2.02,atrasado
710767367,2026-09-27T16:16:04.123910+00:00,-5.86871,-61.65271,31.9,76.7,76.7,0,MANAUS/AM,HUMAITÁ/AM,,2.02,atrasado
710767367,2026-09-27T16:18:48.547959+00:00,-5.86548,-61.63898,31.9,71.1,71.1,0,MANAUS/AM,HUMAITÁ/AM,,2.02,atrasado
710767367,2026-09-27T16:20:36.784137+00:00,-5.86249,-61.63019,31.9,70.4,70.4,0,MANAUS/AM,HUMAITÁ/AM,,2.02,atrasado
710767367,2026-09-27T16:23:10.054805+00:00,-5.85809,-61.6178,31.9,69.5,69.5,0,MANAUS/AM,HUMAITÁ/AM,,2.02,atrasado
710767367,2026-09-27T16:25:30.560630+00:00,-5.85388,-61.6065,31.9,71.8,71.8,0,MANAUS/AM,HUMAITÁ/AM,,2.02,atrasado
710767367,2026-09-27T16:28:04.017448+00:00,-5.84979,-61.59399,31.9,71.7,71.7,0,MANAUS/AM,HUMAITÁ/AM,,2.02,atrasado
710767367,2026-09-27T16:30:06.865043+00:00,-5.84649,-61.58398,31.9,76.1,76.1,0,MANAUS/AM,HUMAITÁ/AM,,2.02,atrasado
710767367,2026-09-27T16:33:11.491731+00:00,-5.84271,-61.5686,31.9,79.2,79.2,0,MANAUS/AM,HUMAITÁ/AM,,2.02,atrasado
710767367,2026-09-27T16:37:24.138737+00:00,-5.83868,-61.5473,31.9,88.8,88.8,0,MANAUS/AM,HUMAITÁ/AM,,2.02,atrasado
710767367,2026-09-27T16:40:13.434915+00:00,-5.83838,-61.53277,31.9,106.6,106.6,0,MANAUS/AM,HUMAITÁ/AM,,2.02,atrasado
710767367,2026-09-27T16:42:41.112301+00:00,-5.84198,-61.52063,31.9,119.7,119.7,0,MANAUS/AM,HUMAITÁ/AM,,2.02,atrasado
710767367,2026-09-27T16:45:05.252167+00:00,-5.84808,-61.50989,31.9,131.7,131.7,0,MANAUS/AM,HUMAITÁ/AM,,2.02,atrasado
710767367,2026-09-27T16:48:43.395870+00:00,-5.86047,-61.49591,31.9,131.3,131.3,0,MANAUS/AM,HUMAITÁ/AM,,2.02,atrasado
710767367,2026-09-27T16:51:26.069633+00:00,-5.86963,-61.48541,31.9,93.4,93.4,0,MANAUS/AM,HUMAITÁ/AM,,2.02,atrasado
710767367,2026-09-27T16:53:15.060742+00:00,-5.87018,-61.47607,31.9,71.7,71.7,0,MANAUS/AM,HUMAITÁ/AM,,2.02,atrasado
710767367,2026-09-27T16:54:59.899696+00:00,-5.86737,-61.46753,31.9,45.1,45.1,0,MANAUS/AM,HUMAITÁ/AM,,2.02,atrasado
710767367,2026-09-27T16:56:57.388742+00:00,-5.86029,-61.46039,31.9,31.3,31.3,0,MANAUS/AM,HUMAITÁ/AM,,2.02,atrasado
710767367,2026-09-27T16:58:53.696461+00:00,-5.8518,-61.4552,31.9,27.2,27.2,0,MANAUS/AM,HUMAITÁ/AM,,2.02,atrasado
710767367,2026-09-27T17:00:53.456361+00:00,-5.84271,-61.4505,31.9,32.1,32.1,0,MANAUS/AM,HUMAITÁ/AM,,2.02,atrasado
710767367,2026-09-27T17:02:47.355272+00:00,-5.83447,-61.44531,31.9,26.3,26.3,0,MANAUS/AM,HUMAITÁ/AM,,2.02,atrasado
710767367,2026-09-27T17:05:35.657731+00:00,-5.82159,-61.4389,31.9,28.0,28.0,0,MANAUS/AM,HUMAITÁ/AM,,2.02,atrasado
710767367,2026-09-27T17:07:59.734707+00:00,-5.81073,-61.4331,31.9,44.4,44.4,0,MANAUS/AM,HUMAITÁ/AM,,2.02,atrasado
710767367,2026-09-27T17:10:15.885335+00:00,-5.80243,-61.42493,31.9,62.3,62.3,0,MANAUS/AM,HUMAITÁ/AM,,2.02,atrasado
710767367,2026-09-27T17:11:46.655410+00:00,-5.79883,-61.41803,31.9,71.4,71.4,0,MANAUS/AM,HUMAITÁ/AM,,2.02,atrasado
710767367,2026-09-27T17:14:25.749373+00:00,-5.79449,-61.40509,31.9,95.1,95.1,0,MANAUS/AM,HUMAITÁ/AM,,2.02,atrasado
710767367,2026-09-27T17:17:32.816772+00:00,-5.7959,-61.3891,31.9,113.9,113.9,0,MANAUS/AM,HUMAITÁ/AM,,2.02,atrasado
710767367,2026-09-27T17:20:00.682405+00:00,-5.80102,-61.3775,31.9,133.4,133.4,0,MANAUS/AM,HUMAITÁ/AM,,2.02,atrasado
710767367,2026-09-27T17:22:49.157761+00:00,-5.81091,-61.367,31.9,143.4,143.4,0,MANAUS/AM,HUMAITÁ/AM,,2.02,atrasado
710767367,2026-09-27T17:25:58.810062+00:00,-5.82391,-61.3573,31.9,141.5,141.5,0,MANAUS/AM,HUMAITÁ/AM,,2.02,atrasado
710767367,2026-09-27T17:29:04.101607+00:00,-5.8363,-61.34741,31.9,103.2,103.2,0,MANAUS/AM,HUMAITÁ/AM,,2.02,atrasado
710767367,2026-09-27T17:31:28.026741+00:00,-5.83911,-61.33539,31.9,90.9,90.9,0,MANAUS/AM,HUMAITÁ/AM,,2.02,atrasado
710767367,2026-09-27T17:33:45.293462+00:00,-5.83929,-61.32361,31.9,69.5,69.5,0,MANAUS/AM,HUMAITÁ/AM,,2.02,atrasado
710767367,2026-09-27T17:35:51.405007+00:00,-5.83551,-61.31347,31.9,25.7,25.7,0,MANAUS/AM,HUMAITÁ/AM,,2.02,atrasado
710767367,2026-09-27T17:37:59.184456+00:00,-5.82568,-61.30871,31.9,11.2,11.2,0,MANAUS/AM,HUMAITÁ/AM,,2.02,atrasado
710767367,2026-09-27T17:40:38.780140+00:00,-5.81231,-61.30606,0.0,0.0,0.0,5,MANAUS/AM,HUMAITÁ/AM,HUMAITÁ/AM,2.02,atrasado
710767367,2026-09-27T18:42:24.531375+00:00,-5.81231,-61.30606,0.0,0.0,0.0,5,MANAUS/AM,HUMAITÁ/AM,HUMAITÁ/AM,2.02,atrasado
710767367,2026-09-27T19:44:10.282610+00:00,-5.81231,-61.30606,0.0,0.0,0.0,5,MANAUS/AM,HUMAITÁ/AM,HUMAITÁ/AM,2.02,atrasado
710767367,2026-09-27T20:45:56.033845+00:00,-5.81231,-61.30606,0.0,0.0,0.0,5,MANAUS/AM,HUMAITÁ/AM,HUMAITÁ/AM,2.02,atrasado
710767367,2026-09-27T21:47:41.785080+00:00,-5.81231,-61.30606,0.0,0.0,0.0,5,MANAUS/AM,HUMAITÁ/AM,HUMAITÁ/AM,2.02,atrasado
710767367,2026-09-27T22:49:27.536314+00:00,-5.81231,-61.30606,0.0,0.0,0.0,5,MANAUS/AM,HUMAITÁ/AM,HUMAITÁ/AM,2.02,atrasado
710767367,2026-09-27T23:51:13.287549+00:00,-5.81231,-61.30606,18.7,10.9,10.9,0,MANAUS/AM,HUMAITÁ/AM,,2.53,atrasado
710767367,2026-09-27T23:51:41.756529+00:00,-5.81091,-61.30579,18.7,14.7,14.7,0,MANAUS/AM,HUMAITÁ/AM,,2.53,atrasado
710767367,2026-09-27T23:55:36.932836+00:00,-5.7995,-61.30279,18.7,25.8,25.8,0,MANAUS/AM,HUMAITÁ/AM,,2.53,atrasado
710767367,2026-09-28T00:00:59.846895+00:00,-5.78491,-61.29571,18.7,24.6,24.6,0,MANAUS/AM,HUMAITÁ/AM,,2.53,atrasado
710767367,2026-09-28T00:06:25.156978+00:00,-5.77008,-61.28888,18.7,17.9,17.9,0,MANAUS/AM,HUMAITÁ/AM,,2.53,atrasado
710767367,2026-09-28T00:16:13.201734+00:00,-5.742,-61.27978,18.7,11.0,11.0,0,MANAUS/AM,HUMAITÁ/AM,,2.53,atrasado
710767367,2026-09-28T00:21:44.138407+00:00,-5.72571,-61.27661,18.7,4.0,4.0,0,MANAUS/AM,HUMAITÁ/AM,,2.53,atrasado
710767367,2026-09-28T00:29:20.298890+00:00,-5.70288,-61.27502,18.7,2.0,2.0,0,MANAUS/AM,HUMAITÁ/AM,,2.53,atrasado
710767367,2026-09-28T00:34:33.220255+00:00,-5.68719,-61.27447,18.7,8.5,8.5,0,MANAUS/AM,HUMAITÁ/AM,,2.53,atrasado
710767367,2026-09-28T00:40:32.485299+00:00,-5.66937,-61.27179,18.7,36.3,36.3,0,MANAUS/AM,HUMAITÁ/AM,,2.53,atrasado
710767367,2026-09-28T00:44:56.571431+00:00,-5.65869,-61.26391,18.7,71.8,71.8,0,MANAUS/AM,HUMAITÁ/AM,,2.53,atrasado
710767367,2026-09-28T00:49:56.141042+00:00,-5.65399,-61.24957,18.7,92.3,92.3,0,MANAUS/AM,HUMAITÁ/AM,,2.53,atrasado
710767367,2026-09-28T00:55:05.171057+00:00,-5.6546,-61.23401,18.7,81.9,81.9,0,MANAUS/AM,HUMAITÁ/AM,,2.53,atrasado
710767367,2026-09-28T01:02:24.249404+00:00,-5.65149,-61.2121,18.7,68.2,68.2,0,MANAUS/AM,HUMAITÁ/AM,,2.53,atrasado
710767367,2026-09-28T01:07:38.587067+00:00,-5.64563,-61.19739,18.7,66.4,66.4,0,MANAUS/AM,HUMAITÁ/AM,,2.53,atrasado
710767367,2026-09-28T01:11:53.683495+00:00,-5.6405,-61.18561,18.7,70.2,70.2,0,MANAUS/AM,HUMAITÁ/AM,,2.53,atrasado
710767367,2026-09-28T01:18:10.749721+00:00,-5.63409,-61.16772,18.7,66.2,66.2,0,MANAUS/AM,HUMAITÁ/AM,,2.53,atrasado
710767367,2026-09-28T01:25:01.000661+00:00,-5.62579,-61.1488,18.7,43.2,43.2,0,MANAUS/AM,HUMAITÁ/AM,,2.53,atrasado
710767367,2026-09-28T01:29:04.880971+00:00,-5.61688,-61.14038,18.7,41.3,41.3,0,MANAUS/AM,HUMAITÁ/AM,,2.53,atrasado
710767367,2026-09-28T01:34:22.331395+00:00,-5.60492,-61.12982,18.7,39.1,39.1,0,MANAUS/AM,HUMAITÁ/AM,,2.53,atrasado
710767367,2026-09-28T01:40:10.192560+00:00,-5.59137,-61.11877,18.7,42.7,42.7,0,MANAUS/AM,HUMAITÁ/AM,,2.53,atrasado
710767367,2026-09-28T01:45:26.340030+00:00,-5.57971,-61.10797,18.7,52.9,52.9,0,MANAUS/AM,HUMAITÁ/AM,,2.53,atrasado
710767367,2026-09-28T01:47:59.703653+00:00,-5.57507,-61.1018,18.7,84.5,84.5,0,MANAUS/AM,HUMAITÁ/AM,,2.53,atrasado
710767367,2026-09-28T01:52:02.989956+00:00,-5.57391,-61.0896,18.7,104.9,104.9,0,MANAUS/AM,HUMAITÁ/AM,,2.53,atrasado
710767367,2026-09-28T01:55:54.818910+00:00,-5.5769,-61.07831,18.7,101.6,101.6,0,MANAUS/AM,HUMAITÁ/AM,,2.53,atrasado
710767367,2026-09-28T02:04:41.464834+00:00,-5.58221,-61.05231,18.7,109.7,109.7,0,MANAUS/AM,HUMAITÁ/AM,,2.53,atrasado
710767367,2026-09-28T02:11:33.077780+00:00,-5.58917,-61.03277,18.7,111.1,111.1,0,MANAUS/AM,HUMAITÁ/AM,,2.53,atrasado
710767367,2026-09-28T02:16:27.669559+00:00,-5.59448,-61.01892,18.7,119.9,119.9,0,MANAUS/AM,HUMAITÁ/AM,,2.53,atrasado
710767367,2026-09-28T02:21:59.989386+00:00,-5.60278,-61.00439,18.7,107.3,107.3,0,MANAUS/AM,HUMAITÁ/AM,,2.53,atrasado
710767367,2026-09-28T02:24:56.275840+00:00,-5.60541,-60.99591,18.7,84.4,84.4,0,MANAUS/AM,HUMAITÁ/AM,,2.53,atrasado
710767367,2026-09-28T02:28:03.626206+00:00,-5.60449,-60.98651,18.7,61.3,61.3,0,MANAUS/AM,HUMAITÁ/AM,,2.53,atrasado
710767367,2026-09-28T02:32:49.570114+00:00,-5.59759,-60.97387,18.7,55.7,55.7,0,MANAUS/AM,HUMAITÁ/AM,,2.53,atrasado
710767367,2026-09-28T02:39:44.305330+00:00,-5.58587,-60.9566,18.7,54.5,54.5,0,MANAUS/AM,HUMAITÁ/AM,,2.53,atrasado
710767367,2026-09-28T02:44:56.638481+00:00,-5.57678,-60.94378,18.7,57.4,57.4,0,MANAUS/AM,HUMAITÁ/AM,,2.53,atrasado
710767367,2026-09-28T02:52:46.596606+00:00,-5.56409,-60.92383,18.7,42.1,42.1,0,MANAUS/AM,HUMAITÁ/AM,,2.53,atrasado
710767367,2026-09-28T02:58:45.892677+00:00,-5.55072,-60.91168,18.7,39.4,39.4,0,MANAUS/AM,HUMAITÁ/AM,,2.53,atrasado
710767367,2026-09-28T03:03:16.784395+00:00,-5.54022,-60.90301,18.7,39.7,39.7,0,MANAUS/AM,HUMAITÁ/AM,,2.53,atrasado
710767367,2026-09-28T03:08:28.091361+00:00,-5.5282,-60.893,18.7,51.5,51.5,0,MANAUS/AM,HUMAITÁ/AM,,2.53,atrasado
710767367,2026-09-28T03:13:32.972346+00:00,-5.51867,-60.88098,18.7,77.9,77.9,0,MANAUS/AM,HUMAITÁ/AM,,2.53,atrasado
710767367,2026-09-28T03:18:16.671529+00:00,-5.51569,-60.867,18.7,83.3,83.3,0,MANAUS/AM,HUMAITÁ/AM,,2.53,atrasado
710767367,2026-09-28T03:21:36.628647+00:00,-5.51452,-60.85699,18.7,84.3,84.3,0,MANAUS/AM,HUMAITÁ/AM,,2.53,atrasado
710767367,2026-09-28T03:25:15.727346+00:00,-5.51342,-60.84601,18.7,66.3,66.3,0,MANAUS/AM,HUMAITÁ/AM,,2.53,atrasado
710767367,2026-09-28T03:31:19.392019+00:00,-5.5061,-60.82922,18.7,62.3,62.3,0,MANAUS/AM,HUMAITÁ/AM,,2.53,atrasado
710767367,2026-09-28T03:36:31.605032+00:00,-5.49883,-60.81529,0.0,0.0,0.0,5,MANAUS/AM,HUMAITÁ/AM,HUMAITÁ/AM,2.53,atrasado
710767367,2026-09-28T04:41:09.599470+00:00,-5.49883,-60.81529,0.0,0.0,0.0,5,MANAUS/AM,HUMAITÁ/AM,HUMAITÁ/AM,2.53,atrasado
710767367,2026-09-28T05:45:47.593908+00:00,-5.49883,-60.81529,0.0,0.0,0.0,5,MANAUS/AM,HUMAITÁ/AM,HUMAITÁ/AM,2.53,atrasado
710767367,2026-09-28T06:50:25.588346+00:00,-5.49883,-60.81529,0.0,0.0,0.0,5,MANAUS/AM,HUMAITÁ/AM,HUMAITÁ/AM,2.53,atrasado
710767367,2026-09-28T07:55:03.582784+00:00,-5.49883,-60.81529,0.0,0.0,0.0,5,MANAUS/AM,HUMAITÁ/AM,HUMAITÁ/AM,2.53,atrasado
710767367,2026-09-28T08:59:41.577222+00:00,-5.49883,-60.81529,0.0,0.0,0.0,5,MANAUS/AM,HUMAITÁ/AM,HUMAITÁ/AM,2.53,atrasado
710767367,2026-09-28T10:04:19.571660+00:00,-5.49883,-60.81529,22.6,62.4,62.4,0,MANAUS/AM,HUMAITÁ/AM,,2.69,atrasado
710767367,2026-09-28T10:05:39.722823+00:00,-5.49658,-60.81097,22.6,62.4,62.4,0,MANAUS/AM,HUMAITÁ/AM,,2.69,atrasado
710767367,2026-09-28T10:10:25.214077+00:00,-5.48858,-60.79559,22.6,64.2,64.2,0,MANAUS/AM,HUMAITÁ/AM,,2.69,atrasado
710767367,2026-09-28T10:16:40.120480+00:00,-5.4787,-60.77508,22.6,65.4,65.4,0,MANAUS/AM,HUMAITÁ/AM,,2.69,atrasado
710767367,2026-09-28T10:21:58.093401+00:00,-5.4707,-60.75751,22.6,65.0,65.0,0,MANAUS/AM,HUMAITÁ/AM,,2.69,atrasado
710767367,2026-09-28T10:26:13.031010+00:00,-5.46417,-60.74347,22.6,66.6,66.6,0,MANAUS/AM,HUMAITÁ/AM,,2.69,atrasado
710767367,2026-09-28T10:28:37.552581+00:00,-5.46069,-60.73541,22.6,40.5,40.5,0,MANAUS/AM,HUMAITÁ/AM,,2.69,atrasado
710767367,2026-09-28T10:29:53.226559+00:00,-5.45721,-60.73242,22.6,12.0,12.0,0,MANAUS/AM,HUMAITÁ/AM,,2.69,atrasado
710767367,2026-09-28T10:32:08.363185+00:00,-5.44922,-60.73071,22.6,343.3,343.3,0,MANAUS/AM,HUMAITÁ/AM,,2.69,atrasado
710767367,2026-09-28T10:34:04.166800+00:00,-5.4425,-60.73273,22.6,340.1,340.1,0,MANAUS/AM,HUMAITÁ/AM,,2.69,atrasado
710767367,2026-09-28T10:36:46.215006+00:00,-5.43329,-60.73608,22.6,337.7,337.7,0,MANAUS/AM,HUMAITÁ/AM,,2.69,atrasado
710767367,2026-09-28T10:40:49.417986+00:00,-5.41967,-60.7417,22.6,342.6,342.6,0,MANAUS/AM,HUMAITÁ/AM,,2.69,atrasado
710767367,2026-09-28T10:45:17.946189+00:00,-5.40417,-60.74658,22.6,343.7,343.7,0,MANAUS/AM,HUMAITÁ/AM,,2.69,atrasado
710767367,2026-09-28T10:49:54.320606+00:00,-5.38812,-60.75128,22.6,353.7,353.7,0,MANAUS/AM,HUMAITÁ/AM,,2.69,atrasado
710767367,2026-09-28T10:53:24.416307+00:00,-5.37549,-60.75268,22.6,11.5,11.5,0,MANAUS/AM,HUMAITÁ/AM,,2.69,atrasado
710767367,2026-09-28T10:57:41.759016+00:00,-5.36023,-60.74957,22.6,17.1,17.1,0,MANAUS/AM,HUMAITÁ/AM,,2.69,atrasado
710767367,2026-09-28T11:02:08.747414+00:00,-5.34479,-60.74481,22.6,22.0,22.0,0,MANAUS/AM,HUMAITÁ/AM,,2.69,atrasado
710767367,2026-09-28T11:05:13.719610+00:00,-5.33441,-60.7406,22.6,22.9,22.9,0,MANAUS/AM,HUMAITÁ/AM,,2.69,atrasado
710767367,2026-09-28T11:07:59.069637+00:00,-5.32519,-60.73669,22.6,36.9,36.9,0,MANAUS/AM,HUMAITÁ/AM,,2.69,atrasado
710767367,2026-09-28T11:11:33.428268+00:00,-5.31482,-60.72888,22.6,41.4,41.4,0,MANAUS/AM,HUMAITÁ/AM,,2.69,atrasado
710767367,2026-09-28T11:12:55.459103+00:00,-5.31109,-60.72558,22.6,54.5,54.5,0,MANAUS/AM,HUMAITÁ/AM,,2.69,atrasado
710767367,2026-09-28T11:14:11.916320+00:00,-5.30841,-60.7218,22.6,61.2,61.2,0,MANAUS/AM,HUMAITÁ/AM,,2.69,atrasado
710767367,2026-09-28T11:15:58.563349+00:00,-5.3053,-60.71612,22.6,73.5,73.5,0,MANAUS/AM,HUMAITÁ/AM,,2.69,atrasado
710767367,2026-09-28T11:17:55.890012+00:00,-5.30328,-60.70929,22.6,83.1,83.1,0,MANAUS/AM,HUMAITÁ/AM,,2.69,atrasado
710767367,2026-09-28T11:22:42.245488+00:00,-5.30121,-60.69201,22.6,88.2,88.2,0,MANAUS/AM,HUMAITÁ/AM,,2.69,atrasado
710767367,2026-09-28T11:26:33.388468+00:00,-5.30078,-60.67798,22.6,91.2,91.2,0,MANAUS/AM,HUMAITÁ/AM,,2.69,atrasado
710767367,2026-09-28T11:30:38.546989+00:00,-5.30108,-60.66308,22.6,89.0,89.0,0,MANAUS/AM,HUMAITÁ/AM,,2.69,atrasado
710767367,2026-09-28T11:35:35.900695+00:00,-5.30078,-60.64502,22.6,82.7,82.7,0,MANAUS/AM,HUMAITÁ/AM,,2.69,atrasado
710767367,2026-09-28T11:39:01.510234+00:00,-5.29919,-60.63263,22.6,78.4,78.4,0,MANAUS/AM,HUMAITÁ/AM,,2.69,atrasado
710767367,2026-09-28T11:42:12.251300+00:00,-5.29687,-60.62127,22.6,66.7,66.7,0,MANAUS/AM,HUMAITÁ/AM,,2.69,atrasado
710767367,2026-09-28T11:44:30.012073+00:00,-5.29358,-60.61359,22.6,53.1,53.1,0,MANAUS/AM,HUMAITÁ/AM,,2.69,atrasado
710767367,2026-09-28T11:48:53.813280+00:00,-5.28399,-60.60077,22.6,57.0,57.0,0,MANAUS/AM,HUMAITÁ/AM,,2.69,atrasado
710767367,2026-09-28T11:51:20.004348+00:00,-5.27917,-60.59332,22.6,57.4,57.4,0,MANAUS/AM,HUMAITÁ/AM,,2.69,atrasado
710767367,2026-09-28T11:54:19.963816+00:00,-5.27331,-60.58411,22.6,60.7,60.7,0,MANAUS/AM,HUMAITÁ/AM,,2.69,atrasado
710767367,2026-09-28T11:57:23.213111+00:00,-5.26788,-60.5744,22.6,60.5,60.5,0,MANAUS/AM,HUMAITÁ/AM,,2.69,atrasado
710767367,2026-09-28T12:01:31.286772+00:00,-5.2605,-60.56128,22.6,58.4,58.4,0,MANAUS/AM,HUMAITÁ/AM,,2.69,atrasado
710767367,2026-09-28T12:04:49.497210+00:00,-5.25421,-60.55102,22.6,48.1,48.1,0,MANAUS/AM,HUMAITÁ/AM,,2.69,atrasado
710767367,2026-09-28T12:09:12.521829+00:00,-5.24359,-60.53912,22.6,39.5,39.5,0,MANAUS/AM,HUMAITÁ/AM,,2.69,atrasado
710767367,2026-09-28T12:13:37.885974+00:00,-5.2312,-60.52887,22.6,26.7,26.7,0,MANAUS/AM,HUMAITÁ/AM,,2.69,atrasado
710767367,2026-09-28T12:16:54.446744+00:00,-5.22058,-60.5235,22.6,43.5,43.5,0,MANAUS/AM,HUMAITÁ/AM,,2.69,atrasado
710767367,2026-09-28T12:21:43.591904+00:00,-5.20788,-60.51141,22.6,60.5,60.5,0,MANAUS/AM,HUMAITÁ/AM,,2.69,atrasado
710767367,2026-09-28T12:26:54.309241+00:00,-5.19861,-60.49499,22.6,71.8,71.8,0,MANAUS/AM,HUMAITÁ/AM,,2.69,atrasado
710767367,2026-09-28T12:33:06.503401+00:00,-5.19159,-60.47351,22.6,76.1,76.1,0,MANAUS/AM,HUMAITÁ/AM,,2.69,atrasado
710767367,2026-09-28T12:35:45.895356+00:00,-5.18927,-60.46411,22.6,77.9,77.9,0,MANAUS/AM,HUMAITÁ/AM,,2.69,atrasado
710767367,2026-09-28T12:38:58.049694+00:00,-5.18683,-60.4527,22.6,55.7,55.7,0,MANAUS/AM,HUMAITÁ/AM,,2.69,atrasado
710767367,2026-09-28T12:42:23.707200+00:00,-5.17981,-60.44238,22.6,47.5,47.5,0,MANAUS/AM,HUMAITÁ/AM,,2.69,atrasado
710767367,2026-09-28T12:46:35.922480+00:00,-5.16949,-60.43109,22.6,36.6,36.6,0,MANAUS/AM,HUMAITÁ/AM,,2.69,atrasado
710767367,2026-09-28T12:49:24.375095+00:00,-5.16131,-60.42498,22.6,16.7,16.7,0,MANAUS/AM,HUMAITÁ/AM,,2.69,atrasado
710767367,2026-09-28T12:52:49.798484+00:00,-5.14941,-60.42139,22.6,17.1,17.1,0,MANAUS/AM,HUMAITÁ/AM,,2.69,atrasado
710767367,2026-09-28T12:55:48.137798+00:00,-5.1391,-60.41821,22.6,26.0,26.0,0,MANAUS/AM,HUMAITÁ/AM,,2.69,atrasado
710767367,2026-09-28T12:59:43.907380+00:00,-5.12628,-60.41192,22.6,28.0,28.0,0,MANAUS/AM,HUMAITÁ/AM,,2.69,atrasado
710767367,2026-09-28T13:03:45.158733+00:00,-5.1134,-60.40503,22.6,38.7,38.7,0,MANAUS/AM,HUMAITÁ/AM,,2.69,atrasado
710767367,2026-09-28T13:06:54.024201+00:00,-5.10448,-60.39786,0.0,0.0,0.0,5,MANAUS/AM,HUMAITÁ/AM,HUMAITÁ/AM,2.69,atrasado
710767367,2026-09-28T14:17:20.354102+00:00,-5.10448,-60.39786,0.0,0.0,0.0,5,MANAUS/AM,HUMAITÁ/AM,HUMAITÁ/AM,2.69,atrasado
710767367,2026-09-28T15:27:46.684004+00:00,-5.10448,-60.39786,0.0,0.0,0.0,5,MANAUS/AM,HUMAITÁ/AM,HUMAITÁ/AM,2.69,atrasado
710767367,2026-09-28T16:38:13.013905+00:00,-5.10448,-60.39786,0.0,0.0,0.0,5,MANAUS/AM,HUMAITÁ/AM,HUMAITÁ/AM,2.69,atrasado
710767367,2026-09-28T17:48:39.343806+00:00,-5.10448,-60.39786,0.0,0.0,0.0,5,MANAUS/AM,HUMAITÁ/AM,HUMAITÁ/AM,2.69,atrasado
710767367,2026-09-28T18:59:05.673708+00:00,-5.10448,-60.39786,18.9,38.6,38.6,0,MANAUS/AM,HUMAITÁ/AM,,2.84,atrasado
710767367,2026-09-28T19:01:03.959013+00:00,-5.09979,-60.3941,18.9,62.0,62.0,0,MANAUS/AM,HUMAITÁ/AM,,2.84,atrasado
710767367,2026-09-28T19:06:06.634746+00:00,-5.09259,-60.38049,18.9,82.9,82.9,0,MANAUS/AM,HUMAITÁ/AM,,2.84,atrasado
710767367,2026-09-28T19:16:27.519973+00:00,-5.08868,-60.34912,18.9,57.9,57.9,0,MANAUS/AM,HUMAITÁ/AM,,2.84,atrasado
710767367,2026-09-28T19:24:00.322550+00:00,-5.07648,-60.32959,18.9,55.9,55.9,0,MANAUS/AM,HUMAITÁ/AM,,2.84,atrasado
710767367,2026-09-28T19:31:26.369283+00:00,-5.06378,-60.31079,18.9,43.1,43.1,0,MANAUS/AM,HUMAITÁ/AM,,2.84,atrasado
710767367,2026-09-28T19:39:29.047522+00:00,-5.0459,-60.294,18.9,33.4,33.4,0,MANAUS/AM,HUMAITÁ/AM,,2.84,atrasado
710767367,2026-09-28T19:49:32.767898+00:00,-5.02032,-60.2771,18.9,29.3,29.3,0,MANAUS/AM,HUMAITÁ/AM,,2.84,atrasado
710767367,2026-09-28T19:54:29.365532+00:00,-5.0072,-60.26971,18.9,30.2,30.2,0,MANAUS/AM,HUMAITÁ/AM,,2.84,atrasado
710767367,2026-09-28T19:59:46.707721+00:00,-4.99329,-60.26159,18.9,29.0,29.0,0,MANAUS/AM,HUMAITÁ/AM,,2.84,atrasado
710767367,2026-09-28T20:04:50.785540+00:00,-4.9798,-60.25409,18.9,17.7,17.7,0,MANAUS/AM,HUMAITÁ/AM,,2.84,atrasado
710767367,2026-09-28T20:10:38.150553+00:00,-4.96301,-60.24872,18.9,16.0,16.0,0,MANAUS/AM,HUMAITÁ/AM,,2.84,atrasado
710767367,2026-09-28T20:15:26.014655+00:00,-4.94897,-60.24469,18.9,18.2,18.2,0,MANAUS/AM,HUMAITÁ/AM,,2.84,atrasado
710767367,2026-09-28T20:20:03.330660+00:00,-4.9356,-60.24029,18.9,30.8,30.8,0,MANAUS/AM,HUMAITÁ/AM,,2.84,atrasado
710767367,2026-09-28T20:25:33.808066+00:00,-4.9212,-60.23169,18.9,45.6,45.6,0,MANAUS/AM,HUMAITÁ/AM,,2.84,atrasado
710767367,2026-09-28T20:29:00.183076+00:00,-4.91388,-60.22418,18.9,53.5,53.5,0,MANAUS/AM,HUMAITÁ/AM,,2.84,atrasado
710767367,2026-09-28T20:33:09.175118+00:00,-4.90637,-60.21399,18.9,66.9,66.9,0,MANAUS/AM,HUMAITÁ/AM,,2.84,atrasado
710767367,2026-09-28T20:38:03.752154+00:00,-4.90051,-60.20019,18.9,84.1,84.1,0,MANAUS/AM,HUMAITÁ/AM,,2.84,atrasado
710767367,2026-09-28T20:43:53.337445+00:00,-4.89868,-60.18249,18.9,99.3,99.3,0,MANAUS/AM,HUMAITÁ/AM,,2.84,atrasado
710767367,2026-09-28T20:51:13.140023+00:00,-4.90228,-60.1604,18.9,111.9,111.9,0,MANAUS/AM,HUMAITÁ/AM,,2.84,atrasado
710767367,2026-09-28T20:57:40.712454+00:00,-4.9096,-60.14209,18.9,110.2,110.2,0,MANAUS/AM,HUMAITÁ/AM,,2.84,atrasado
710767367,2026-09-28T21:02:20.368524+00:00,-4.91449,-60.12872,18.9,111.0,111.0,0,MANAUS/AM,HUMAITÁ/AM,,2.84,atrasado
710767367,2026-09-28T21:08:45.778923+00:00,-4.92151,-60.11041,18.9,92.4,92.4,0,MANAUS/AM,HUMAITÁ/AM,,2.84,atrasado
710767367,2026-09-28T21:14:02.546981+00:00,-4.92218,-60.0943,18.9,73.3,73.3,0,MANAUS/AM,HUMAITÁ/AM,,2.84,atrasado
710767367,2026-09-28T21:20:19.327726+00:00,-4.91669,-60.07593,18.9,58.5,58.5,0,MANAUS/AM,HUMAITÁ/AM,,2.84,atrasado
710767367,2026-09-28T21:24:16.884657+00:00,-4.9104,-60.06561,18.9,58.8,58.8,0,MANAUS/AM,HUMAITÁ/AM,,2.84,atrasado
710767367,2026-09-28T21:29:32.398090+00:00,-4.9021,-60.05188,18.9,68.5,68.5,0,MANAUS/AM,HUMAITÁ/AM,,2.84,atrasado
710767367,2026-09-28T21:35:59.084646+00:00,-4.8949,-60.03357,18.9,66.4,66.4,0,MANAUS/AM,HUMAITÁ/AM,,2.84,atrasado
710767367,2026-09-28T21:44:37.054944+00:00,-4.8844,-60.0094,18.9,63.1,63.1,0,MANAUS/AM,HUMAITÁ/AM,,2.84,atrasado
710767367,2026-09-28T21:51:44.720211+00:00,-4.87457,-59.98999,18.9,76.4,76.4,0,MANAUS/AM,HUMAITÁ/AM,,2.84,atrasado
710767367,2026-09-28T21:57:42.486764+00:00,-4.8703,-59.97229,18.9,80.7,80.7,0,MANAUS/AM,HUMAITÁ/AM,,2.84,atrasado
710767367,2026-09-28T22:03:04.447625+00:00,-4.86767,-59.95611,18.9,70.1,70.1,0,MANAUS/AM,HUMAITÁ/AM,,2.84,atrasado
710767367,2026-09-28T22:10:02.556604+00:00,-4.86047,-59.9361,18.9,62.2,62.2,0,MANAUS/AM,HUMAITÁ/AM,,2.84,atrasado
710767367,2026-09-28T22:13:42.100313+00:00,-4.85528,-59.92621,18.9,51.7,51.7,0,MANAUS/AM,HUMAITÁ/AM,,2.84,atrasado
710767367,2026-09-28T22:16:57.875714+00:00,-4.84912,-59.91839,18.9,35.9,35.9,0,MANAUS/AM,HUMAITÁ/AM,,2.84,atrasado
710767367,2026-09-28T22:19:14.670776+00:00,-4.8435,-59.9143,18.9,6.6,6.6,0,MANAUS/AM,HUMAITÁ/AM,,2.84,atrasado
710767367,2026-09-28T22:22:21.232027+00:00,-4.83411,-59.91321,18.9,348.6,348.6,0,MANAUS/AM,HUMAITÁ/AM,,2.84,atrasado
710767367,2026-09-28T22:24:58.415464+00:00,-4.82629,-59.91479,18.9,358.9,358.9,0,MANAUS/AM,HUMAITÁ/AM,,2.84,atrasado
710767367,2026-09-28T22:27:11.972945+00:00,-4.81952,-59.91492,18.9,14.3,14.3,0,MANAUS/AM,HUMAITÁ/AM,,2.84,atrasado
710767367,2026-09-28T22:30:16.986616+00:00,-4.81042,-59.9126,18.9,351.5,351.5,0,MANAUS/AM,HUMAITÁ/AM,,2.84,atrasado
710767367,2026-09-28T22:33:46.319162+00:00,-4.79992,-59.91418,18.9,331.8,331.8,0,MANAUS/AM,HUMAITÁ/AM,,2.84,atrasado
710767367,2026-09-28T22:37:22.012779+00:00,-4.79028,-59.91937,18.9,340.4,340.4,0,MANAUS/AM,HUMAITÁ/AM,,2.84,atrasado
710767367,2026-09-28T22:37:51.418363+00:00,-4.78888,-59.91987,0.0,0.0,0.0,5,MANAUS/AM,HUMAITÁ/AM,HUMAITÁ/AM,2.84,atrasado
710767367,2026-09-28T23:47:45.064957+00:00,-4.78888,-59.91987,0.0,0.0,0.0,5,MANAUS/AM,HUMAITÁ/AM,HUMAITÁ/AM,2.84,atrasado
710767367,2026-09-29T00:57:38.711551+00:00,-4.78888,-59.91987,0.0,0.0,0.0,5,MANAUS/AM,HUMAITÁ/AM,HUMAITÁ/AM,2.84,atrasado
710767367,2026-09-29T02:07:32.358146+00:00,-4.78888,-59.91987,0.0,0.0,0.0,5,MANAUS/AM,HUMAITÁ/AM,HUMAITÁ/AM,2.84,atrasado
710767367,2026-09-29T03:17:26.004740+00:00,-4.78888,-59.91987,0.0,0.0,0.0,5,MANAUS/AM,HUMAITÁ/AM,HUMAITÁ/AM,2.84,atrasado
710767367,2026-09-29T04:27:19.651335+00:00,-4.78888,-59.91987,19.4,340.3,340.3,0,MANAUS/AM,HUMAITÁ/AM,,2.87,atrasado
710767367,2026-09-29T04:33:02.426354+00:00,-4.77209,-59.9259,19.4,354.0,354.0,0,MANAUS/AM,HUMAITÁ/AM,,2.87,atrasado
710767367,2026-09-29T04:39:48.297714+00:00,-4.7511,-59.9281,19.4,16.0,16.0,0,MANAUS/AM,HUMAITÁ/AM,,2.87,atrasado
710767367,2026-09-29T04:46:10.367105+00:00,-4.73199,-59.92261,19.4,10.7,10.7,0,MANAUS/AM,HUMAITÁ/AM,,2.87,atrasado
710767367,2026-09-29T04:49:57.281203+00:00,-4.7204,-59.92041,19.4,356.5,356.5,0,MANAUS/AM,HUMAITÁ/AM,,2.87,atrasado
710767367,2026-09-29T04:54:07.690124+00:00,-4.7074,-59.9212,19.4,351.6,351.6,0,MANAUS/AM,HUMAITÁ/AM,,2.87,atrasado
710767367,2026-09-29T04:57:28.173219+00:00,-4.69708,-59.92273,19.4,347.1,347.1,0,MANAUS/AM,HUMAITÁ/AM,,2.87,atrasado
710767367,2026-09-29T05:01:22.984825+00:00,-4.68518,-59.92547,19.4,337.4,337.4,0,MANAUS/AM,HUMAITÁ/AM,,2.87,atrasado
710767367,2026-09-29T05:03:40.205675+00:00,-4.67859,-59.92822,19.4,0.0,0.0,0,MANAUS/AM,HUMAITÁ/AM,,2.87,atrasado
710767367,2026-09-29T05:07:29.021899+00:00,-4.66669,-59.92822,19.4,16.6,16.6,0,MANAUS/AM,HUMAITÁ/AM,,2.87,atrasado
710767367,2026-09-29T05:11:59.631487+00:00,-4.6532,-59.92419,19.4,3.3,3.3,0,MANAUS/AM,HUMAITÁ/AM,,2.87,atrasado
710767367,2026-09-29T05:18:11.035137+00:00,-4.63391,-59.92309,19.4,11.1,11.1,0,MANAUS/AM,HUMAITÁ/AM,,2.87,atrasado
710767367,2026-09-29T05:25:08.490911+00:00,-4.61261,-59.91888,19.4,31.0,31.0,0,MANAUS/AM,HUMAITÁ/AM,,2.87,atrasado
710767367,2026-09-29T05:31:16.676195+00:00,-4.59619,-59.90899,19.4,39.4,39.4,0,MANAUS/AM,HUMAITÁ/AM,,2.87,atrasado
710767367,2026-09-29T05:38:40.361692+00:00,-4.57837,-59.89429,19.4,39.3,39.3,0,MANAUS/AM,HUMAITÁ/AM,,2.87,atrasado
710767367,2026-09-29T05:45:46.701195+00:00,-4.56122,-59.88019,19.4,29.6,29.6,0,MANAUS/AM,HUMAITÁ/AM,,2.87,atrasado
710767367,2026-09-29T05:52:10.080784+00:00,-4.54388,-59.8703,19.4,22.7,22.7,0,MANAUS/AM,HUMAITÁ/AM,,2.87,atrasado
710767367,2026-09-29T06:02:56.223544+00:00,-4.51288,-59.8573,19.4,19.1,19.1,0,MANAUS/AM,HUMAITÁ/AM,,2.87,atrasado
710767367,2026-09-29T06:08:25.274223+00:00,-4.4967,-59.85168,19.4,40.5,40.5,0,MANAUS/AM,HUMAITÁ/AM,,2.87,atrasado
710767367,2026-09-29T06:13:36.996436+00:00,-4.48437,-59.84112,19.4,28.3,28.3,0,MANAUS/AM,HUMAITÁ/AM,,2.87,atrasado
710767367,2026-09-29T06:18:52.851131+00:00,-4.46991,-59.83331,19.4,26.1,26.1,0,MANAUS/AM,HUMAITÁ/AM,,2.87,atrasado
710767367,2026-09-29T06:26:08.214795+00:00,-4.44958,-59.8233,19.4,42.4,42.4,0,MANAUS/AM,HUMAITÁ/AM,,2.87,atrasado
710767367,2026-09-29T06:33:25.296421+00:00,-4.4328,-59.80792,19.4,41.5,41.5,0,MANAUS/AM,HUMAITÁ/AM,,2.87,atrasado
710767367,2026-09-29T06:38:35.776397+00:00,-4.42071,-59.79718,19.4,44.7,44.7,0,MANAUS/AM,HUMAITÁ/AM,,2.87,atrasado
710767367,2026-09-29T06:42:26.964676+00:00,-4.41217,-59.78869,19.4,39.4,39.4,0,MANAUS/AM,HUMAITÁ/AM,,2.87,atrasado
710767367,2026-09-29T06:45:45.955995+00:00,-4.40417,-59.7821,19.4,33.5,33.5,0,MANAUS/AM,HUMAITÁ/AM,,2.87,atrasado
710767367,2026-09-29T06:53:17.625553+00:00,-4.38458,-59.7691,19.4,38.3,38.3,0,MANAUS/AM,HUMAITÁ/AM,,2.87,atrasado
710767367,2026-09-29T06:59:29.802425+00:00,-4.36938,-59.75708,19.4,33.7,33.7,0,MANAUS/AM,HUMAITÁ/AM,,2.87,atrasado
710767367,2026-09-29T07:06:58.558717+00:00,-4.34997,-59.74408,19.4,43.2,43.2,0,MANAUS/AM,HUMAITÁ/AM,,2.87,atrasado
710767367,2026-09-29T07:15:00.086855+00:00,-4.33172,-59.72688,19.4,51.1,51.1,0,MANAUS/AM,HUMAITÁ/AM,,2.87,atrasado
710767367,2026-09-29T07:19:29.998015+00:00,-4.32291,-59.71592,19.4,70.2,70.2,0,MANAUS/AM,HUMAITÁ/AM,,2.87,atrasado
710767367,2026-09-29T07:21:34.547226+00:00,-4.32072,-59.70981,19.4,96.3,96.3,0,MANAUS/AM,HUMAITÁ/AM,,2.87,atrasado
710767367,2026-09-29T07:24:07.473124+00:00,-4.32159,-59.70188,19.4,108.9,108.9,0,MANAUS/AM,HUMAITÁ/AM,,2.87,atrasado
710767367,2026-09-29T07:29:40.920472+00:00,-4.32721,-59.68542,19.4,137.3,137.3,0,MANAUS/AM,HUMAITÁ/AM,,2.87,atrasado
710767367,2026-09-29T07:35:20.939115+00:00,-4.34021,-59.6734,19.4,154.8,154.8,0,MANAUS/AM,HUMAITÁ/AM,,2.87,atrasado
710767367,2026-09-29T07:40:31.039330+00:00,-4.3548,-59.6665,19.4,128.7,128.7,0,MANAUS/AM,HUMAITÁ/AM,,2.87,atrasado
710767367,2026-09-29T07:46:36.940350+00:00,-4.3667,-59.65161,19.4,120.0,120.0,0,MANAUS/AM,HUMAITÁ/AM,,2.87,atrasado
710767367,2026-09-29T07:53:08.763591+00:00,-4.37689,-59.63391,19.4,115.3,115.3,0,MANAUS/AM,HUMAITÁ/AM,,2.87,atrasado
710767367,2026-09-29T07:57:43.207643+00:00,-4.38299,-59.62097,19.4,97.9,97.9,0,MANAUS/AM,HUMAITÁ/AM,,2.87,atrasado
710767367,2026-09-29T08:02:01.865071+00:00,-4.38483,-59.6076,19.4,72.2,72.2,0,MANAUS/AM,HUMAITÁ/AM,,2.87,atrasado
710767367,2026-09-29T08:06:03.916408+00:00,-4.38098,-59.59558,0.0,0.0,0.0,5,MANAUS/AM,HUMAITÁ/AM,HUMAITÁ/AM,2.87,atrasado
710767367,2026-09-29T09:06:21.358453+00:00,-4.38098,-59.59558,0.0,0.0,0.0,5,MANAUS/AM,HUMAITÁ/AM,HUMAITÁ/AM,2.87,atrasado
710767367,2026-09-29T10:06:38.800498+00:00,-4.38098,-59.59558,0.0,0.0,0.0,5,MANAUS/AM,HUMAITÁ/AM,HUMAITÁ/AM,2.87,atrasado
710767367,2026-09-29T11:06:56.242542+00:00,-4.38098,-59.59558,0.0,0.0,0.0,5,MANAUS/AM,HUMAITÁ/AM,HUMAITÁ/AM,2.87,atrasado
710767367,2026-09-29T12:07:13.684587+00:00,-4.38098,-59.59558,0.0,0.0,0.0,5,MANAUS/AM,HUMAITÁ/AM,HUMAITÁ/AM,2.87,atrasado
710767367,2026-09-29T13:07:31.126632+00:00,-4.38098,-59.59558,0.0,0.0,0.0,5,MANAUS/AM,HUMAITÁ/AM,HUMAITÁ/AM,2.87,atrasado
710767367,2026-09-29T14:07:48.568676+00:00,-4.38098,-59.59558,0.0,0.0,0.0,5,MANAUS/AM,HUMAITÁ/AM,HUMAITÁ/AM,2.87,atrasado
710767367,2026-09-29T15:08:06.010721+00:00,-4.38098,-59.59558,26.8,53.3,53.3,0,MANAUS/AM,HUMAITÁ/AM,,2.96,atrasado
710767367,2026-09-29T15:11:35.746569+00:00,-4.37201,-59.58349,26.8,58.2,58.2,0,MANAUS/AM,HUMAITÁ/AM,,2.96,atrasado
710767367,2026-09-29T15:14:38.636132+00:00,-4.36511,-59.57232,26.8,36.2,36.2,0,MANAUS/AM,HUMAITÁ/AM,,2.96,atrasado
710767367,2026-09-29T15:18:04.480202+00:00,-4.35321,-59.5636,26.8,28.2,28.2,0,MANAUS/AM,HUMAITÁ/AM,,2.96,atrasado
710767367,2026-09-29T15:21:14.982136+00:00,-4.34119,-59.55713,26.8,1.1,1.1,0,MANAUS/AM,HUMAITÁ/AM,,2.96,atrasado
710767367,2026-09-29T15:24:14.802558+00:00,-4.32831,-59.55688,26.8,1.1,1.1,0,MANAUS/AM,HUMAITÁ/AM,,2.96,atrasado
710767367,2026-09-29T15:27:46.171197+00:00,-4.31317,-59.55658,26.8,24.0,24.0,0,MANAUS/AM,HUMAITÁ/AM,,2.96,atrasado
710767367,2026-09-29T15:30:39.651857+00:00,-4.30182,-59.55151,26.8,44.5,44.5,0,MANAUS/AM,HUMAITÁ/AM,,2.96,atrasado
710767367,2026-09-29T15:35:51.338278+00:00,-4.28589,-59.53583,26.8,15.7,15.7,0,MANAUS/AM,HUMAITÁ/AM,,2.96,atrasado
710767367,2026-09-29T15:40:55.827695+00:00,-4.26489,-59.52991,26.8,30.6,30.6,0,MANAUS/AM,HUMAITÁ/AM,,2.96,atrasado
710767367,2026-09-29T15:44:34.589381+00:00,-4.2514,-59.52191,26.8,60.3,60.3,0,MANAUS/AM,HUMAITÁ/AM,,2.96,atrasado
710767367,2026-09-29T15:46:33.027861+00:00,-4.24719,-59.51452,26.8,96.3,96.3,0,MANAUS/AM,HUMAITÁ/AM,,2.96,atrasado
710767367,2026-09-29T15:49:47.941676+00:00,-4.24872,-59.50061,26.8,103.6,103.6,0,MANAUS/AM,HUMAITÁ/AM,,2.96,atrasado
710767367,2026-09-29T15:52:02.556307+00:00,-4.25098,-59.49121,26.8,124.5,124.5,0,MANAUS/AM,HUMAITÁ/AM,,2.96,atrasado
710767367,2026-09-29T15:55:49.491097+00:00,-4.26019,-59.47778,26.8,134.9,134.9,0,MANAUS/AM,HUMAITÁ/AM,,2.96,atrasado
710767367,2026-09-29T15:59:25.512484+00:00,-4.27112,-59.46679,26.8,113.1,113.1,0,MANAUS/AM,HUMAITÁ/AM,,2.96,atrasado
710767367,2026-09-29T16:01:35.777628+00:00,-4.27478,-59.45819,26.8,61.0,61.0,0,MANAUS/AM,HUMAITÁ/AM,,2.96,atrasado
710767367,2026-09-29T16:05:30.984092+00:00,-4.2666,-59.44342,26.8,54.4,54.4,0,MANAUS/AM,HUMAITÁ/AM,,2.96,atrasado
710767367,2026-09-29T16:09:31.248264+00:00,-4.25659,-59.42938,26.8,53.5,53.5,0,MANAUS/AM,HUMAITÁ/AM,,2.96,atrasado
710767367,2026-09-29T16:13:52.217800+00:00,-4.24548,-59.4143,26.8,46.5,46.5,0,MANAUS/AM,HUMAITÁ/AM,,2.96,atrasado
710767367,2026-09-29T16:17:28.892210+00:00,-4.2348,-59.40301,26.8,35.6,35.6,0,MANAUS/AM,HUMAITÁ/AM,,2.96,atrasado
710767367,2026-09-29T16:20:50.188725+00:00,-4.22308,-59.39459,26.8,32.4,32.4,0,MANAUS/AM,HUMAITÁ/AM,,2.96,atrasado
710767367,2026-09-29T16:24:06.951885+00:00,-4.21118,-59.38702,26.8,24.1,24.1,0,MANAUS/AM,HUMAITÁ/AM,,2.96,atrasado
710767367,2026-09-29T16:30:09.133196+00:00,-4.1875,-59.3764,26.8,18.0,18.0,0,MANAUS/AM,HUMAITÁ/AM,,2.96,atrasado
710767367,2026-09-29T16:35:14.617256+00:00,-4.16669,-59.36963,26.8,17.0,17.0,0,MANAUS/AM,HUMAITÁ/AM,,2.96,atrasado
710767367,2026-09-29T16:40:32.613357+00:00,-4.1449,-59.36297,26.8,17.3,17.3,0,MANAUS/AM,HUMAITÁ/AM,,2.96,atrasado
710767367,2026-09-29T16:46:13.465216+00:00,-4.12158,-59.35571,26.8,7.8,7.8,0,MANAUS/AM,HUMAITÁ/AM,,2.96,atrasado
710767367,2026-09-29T16:52:04.376046+00:00,-4.09668,-59.35229,26.8,14.8,14.8,0,MANAUS/AM,HUMAITÁ/AM,,2.96,atrasado
710767367,2026-09-29T16:55:36.808282+00:00,-4.08197,-59.34839,26.8,23.8,23.8,0,MANAUS/AM,HUMAITÁ/AM,,2.96,atrasado
710767367,2026-09-29T17:01:00.952354+00:00,-4.06073,-59.33899,26.8,23.2,23.2,0,MANAUS/AM,HUMAITÁ/AM,,2.96,atrasado
710767367,2026-09-29T17:07:39.675463+00:00,-4.03448,-59.3277,26.8,11.5,11.5,0,MANAUS/AM,HUMAITÁ/AM,,2.96,atrasado
710767367,2026-09-29T17:14:24.043357+00:00,-4.0061,-59.3219,26.8,23.9,23.9,0,MANAUS/AM,HUMAITÁ/AM,,2.96,atrasado
710767367,2026-09-29T17:18:35.702744+00:00,-3.98962,-59.31457,26.8,31.8,31.8,0,MANAUS/AM,HUMAITÁ/AM,,2.96,atrasado
710767367,2026-09-29T17:22:44.293883+00:00,-3.97449,-59.30517,26.8,56.7,56.7,0,MANAUS/AM,HUMAITÁ/AM,,2.96,atrasado
710767367,2026-09-29T17:27:06.661695+00:00,-3.96417,-59.28943,26.8,63.3,63.3,0,MANAUS/AM,HUMAITÁ/AM,,2.96,atrasado
710767367,2026-09-29T17:31:41.649806+00:00,-3.95532,-59.27179,26.8,66.7,66.7,0,MANAUS/AM,HUMAITÁ/AM,,2.96,atrasado
710767367,2026-09-29T17:35:32.125436+00:00,-3.94879,-59.25659,26.8,63.6,63.6,0,MANAUS/AM,HUMAITÁ/AM,,2.96,atrasado
710767367,2026-09-29T17:41:11.010035+00:00,-3.93799,-59.2348,26.8,67.5,67.5,0,MANAUS/AM,HUMAITÁ/AM,,2.96,atrasado
710767367,2026-09-29T17:47:44.871988+00:00,-3.92718,-59.20868,26.8,51.2,51.2,0,MANAUS/AM,HUMAITÁ/AM,,2.96,atrasado
710767367,2026-09-29T17:53:49.257056+00:00,-3.91083,-59.18829,26.8,31.5,31.5,0,MANAUS/AM,HUMAITÁ/AM,,2.96,atrasado
710767367,2026-09-29T17:57:01.168874+00:00,-3.89911,-59.18109,26.8,35.5,35.5,0,MANAUS/AM,HUMAITÁ/AM,,2.96,atrasado
710767367,2026-09-29T17:59:13.001302+00:00,-3.89142,-59.1756,26.8,65.9,65.9,0,MANAUS/AM,HUMAITÁ/AM,,2.96,atrasado
710767367,2026-09-29T18:00:38.669637+00:00,-3.88891,-59.16998,26.8,87.3,87.3,0,MANAUS/AM,HUMAITÁ/AM,,2.96,atrasado
710767367,2026-09-29T18:03:40.792896+00:00,-3.8883,-59.15692,26.8,86.3,86.3,0,MANAUS/AM,HUMAITÁ/AM,,2.96,atrasado
710767367,2026-09-29T18:05:11.956727+00:00,-3.88788,-59.15039,26.8,76.5,76.5,0,MANAUS/AM,HUMAITÁ/AM,,2.96,atrasado
710767367,2026-09-29T18:08:58.391761+00:00,-3.88409,-59.13458,26.8,74.8,74.8,0,MANAUS/AM,HUMAITÁ/AM,,2.96,atrasado
710767367,2026-09-29T18:12:26.305376+00:00,-3.88019,-59.12018,26.8,71.0,71.0,0,MANAUS/AM,HUMAITÁ/AM,,2.96,atrasado
710767367,2026-09-29T18:15:42.349657+00:00,-3.87561,-59.10687,26.8,57.9,57.9,0,MANAUS/AM,HUMAITÁ/AM,,2.96,atrasado
710767367,2026-09-29T18:16:41.443467+00:00,-3.87336,-59.10327,0.0,0.0,0.0,5,MANAUS/AM,HUMAITÁ/AM,HUMAITÁ/AM,2.96,atrasado
710767367,2026-09-29T19:26:23.336282+00:00,-3.87336,-59.10327,0.0,0.0,0.0,5,MANAUS/AM,HUMAITÁ/AM,HUMAITÁ/AM,2.96,atrasado
710767367,2026-09-29T20:36:05.229097+00:00,-3.87336,-59.10327,0.0,0.0,0.0,5,MANAUS/AM,HUMAITÁ/AM,HUMAITÁ/AM,2.96,atrasado
710767367,2026-09-29T21:45:47.121912+00:00,-3.87336,-59.10327,0.0,0.0,0.0,5,MANAUS/AM,HUMAITÁ/AM,HUMAITÁ/AM,2.96,atrasado
710767367,2026-09-29T22:55:29.014728+00:00,-3.87336,-59.10327,0.0,0.0,0.0,5,MANAUS/AM,HUMAITÁ/AM,HUMAITÁ/AM,2.96,atrasado
710767367,2026-09-30T00:05:10.907543+00:00,-3.87336,-59.10327,15.7,58.0,58.0,0,MANAUS/AM,HUMAITÁ/AM,,3.22,atrasado
710767367,2026-09-30T00:10:14.993531+00:00,-3.86658,-59.09241,15.7,41.4,41.4,0,MANAUS/AM,HUMAITÁ/AM,,3.22,atrasado
710767367,2026-09-30T00:13:18.798689+00:00,-3.86078,-59.08728,15.7,25.3,25.3,0,MANAUS/AM,HUMAITÁ/AM,,3.22,atrasado
710767367,2026-09-30T00:16:48.961319+00:00,-3.85278,-59.08349,15.7,25.6,25.6,0,MANAUS/AM,HUMAITÁ/AM,,3.22,atrasado
710767367,2026-09-30T00:20:06.806232+00:00,-3.84527,-59.07989,15.7,35.9,35.9,0,MANAUS/AM,HUMAITÁ/AM,,3.22,atrasado
710767367,2026-09-30T00:24:58.519440+00:00,-3.83533,-59.07269,15.7,31.2,31.2,0,MANAUS/AM,HUMAITÁ/AM,,3.22,atrasado
710767367,2026-09-30T00:30:36.200755+00:00,-3.82318,-59.06531,15.7,33.9,33.9,0,MANAUS/AM,HUMAITÁ/AM,,3.22,atrasado
710767367,2026-09-30T00:36:01.103112+00:00,-3.81183,-59.05768,15.7,25.0,25.0,0,MANAUS/AM,HUMAITÁ/AM,,3.22,atrasado
710767367,2026-09-30T00:42:10.907956+00:00,-3.79773,-59.05109,15.7,3.3,3.3,0,MANAUS/AM,HUMAITÁ/AM,,3.22,atrasado
710767367,2026-09-30T00:47:40.775824+00:00,-3.78387,-59.05029,15.7,354.5,354.5,0,MANAUS/AM,HUMAITÁ/AM,,3.22,atrasado
710767367,2026-09-30T00:53:56.823920+00:00,-3.76813,-59.05182,15.7,328.7,328.7,0,MANAUS/AM,HUMAITÁ/AM,,3.22,atrasado
710767367,2026-09-30T01:01:28.403689+00:00,-3.75189,-59.06171,15.7,324.1,324.1,0,MANAUS/AM,HUMAITÁ/AM,,3.22,atrasado
710767367,2026-09-30T01:08:40.190386+00:00,-3.73718,-59.07239,15.7,322.8,322.8,0,MANAUS/AM,HUMAITÁ/AM,,3.22,atrasado
710767367,2026-09-30T01:15:13.339022+00:00,-3.724,-59.0824,15.7,318.4,318.4,0,MANAUS/AM,HUMAITÁ/AM,,3.22,atrasado
710767367,2026-09-30T01:19:41.278804+00:00,-3.71557,-59.0899,15.7,321.1,321.1,0,MANAUS/AM,HUMAITÁ/AM,,3.22,atrasado
710767367,2026-09-30T01:23:32.215624+00:00,-3.70801,-59.09601,15.7,339.9,339.9,0,MANAUS/AM,HUMAITÁ/AM,,3.22,atrasado
710767367,2026-09-30T01:26:49.974282+00:00,-3.70019,-59.09887,15.7,354.0,354.0,0,MANAUS/AM,HUMAITÁ/AM,,3.22,atrasado
710767367,2026-09-30T01:30:20.013466+00:00,-3.69141,-59.09979,15.7,28.0,28.0,0,MANAUS/AM,HUMAITÁ/AM,,3.22,atrasado
710767367,2026-09-30T01:32:51.166049+00:00,-3.68579,-59.0968,15.7,53.1,53.1,0,MANAUS/AM,HUMAITÁ/AM,,3.22,atrasado
710767367,2026-09-30T01:36:48.197803+00:00,-3.67981,-59.08881,15.7,54.2,54.2,0,MANAUS/AM,HUMAITÁ/AM,,3.22,atrasado
710767367,2026-09-30T01:44:07.281822+00:00,-3.669,-59.07379,15.7,57.5,57.5,0,MANAUS/AM,HUMAITÁ/AM,,3.22,atrasado
710767367,2026-09-30T01:50:49.154511+00:00,-3.65991,-59.05951,15.7,51.2,51.2,0,MANAUS/AM,HUMAITÁ/AM,,3.22,atrasado
710767367,2026-09-30T01:55:57.375825+00:00,-3.65179,-59.04938,15.7,45.9,45.9,0,MANAUS/AM,HUMAITÁ/AM,,3.22,atrasado
710767367,2026-09-30T01:59:18.345594+00:00,-3.6459,-59.0433,0.0,0.0,0.0,5,MANAUS/AM,HUMAITÁ/AM,HUMAITÁ/AM,3.22,atrasado
710767367,2026-09-30T03:03:20.213155+00:00,-3.6459,-59.0433,0.0,0.0,0.0,5,MANAUS/AM,HUMAITÁ/AM,HUMAITÁ/AM,3.22,atrasado
710767367,2026-09-30T04:07:22.080717+00:00,-3.6459,-59.0433,0.0,0.0,0.0,5,MANAUS/AM,HUMAITÁ/AM,HUMAITÁ/AM,3.22,atrasado
710767367,2026-09-30T05:11:23.948279+00:00,-3.6459,-59.0433,0.0,0.0,0.0,5,MANAUS/AM,HUMAITÁ/AM,HUMAITÁ/AM,3.22,atrasado
710767367,2026-09-30T06:15:25.815841+00:00,-3.6459,-59.0433,0.0,0.0,0.0,5,MANAUS/AM,HUMAITÁ/AM,HUMAITÁ/AM,3.22,atrasado
710767367,2026-09-30T07:19:27.683403+00:00,-3.6459,-59.0433,0.0,0.0,0.0,5,MANAUS/AM,HUMAITÁ/AM,HUMAITÁ/AM,3.22,atrasado
710767367,2026-09-30T08:23:29.550965+00:00,-3.6459,-59.0433,0.0,0.0,0.0,5,MANAUS/AM,HUMAITÁ/AM,HUMAITÁ/AM,3.22,atrasado
710767367,2026-09-30T09:27:31.418527+00:00,-3.6459,-59.0433,47.3,45.9,45.9,0,MANAUS/AM,HUMAITÁ/AM,,3.43,atrasado
710767367,2026-09-30T09:28:13.254025+00:00,-3.64221,-59.03949,47.3,46.6,46.6,0,MANAUS/AM,HUMAITÁ/AM,,3.43,atrasado
710767367,2026-09-30T09:29:38.011277+00:00,-3.63483,-59.03168,47.3,43.4,43.4,0,MANAUS/AM,HUMAITÁ/AM,,3.43,atrasado
710767367,2026-09-30T09:32:28.917020+00:00,-3.61908,-59.01678,47.3,44.9,44.9,0,MANAUS/AM,HUMAITÁ/AM,,3.43,atrasado
710767367,2026-09-30T09:33:37.650807+00:00,-3.61291,-59.01062,47.3,53.0,53.0,0,MANAUS/AM,HUMAITÁ/AM,,3.43,atrasado
710767367,2026-09-30T09:34:26.441634+00:00,-3.60919,-59.00567,47.3,70.8,70.8,0,MANAUS/AM,HUMAITÁ/AM,,3.43,atrasado
710767367,2026-09-30T09:35:26.510854+00:00,-3.60669,-58.99847,47.3,99.7,99.7,0,MANAUS/AM,HUMAITÁ/AM,,3.43,atrasado
710767367,2026-09-30T09:36:40.659732+00:00,-3.60827,-58.9892,47.3,79.6,79.6,0,MANAUS/AM,HUMAITÁ/AM,,3.43,atrasado
710767367,2026-09-30T09:38:18.925015+00:00,-3.60602,-58.97693,47.3,53.6,53.6,0,MANAUS/AM,HUMAITÁ/AM,,3.43,atrasado
710767367,2026-09-30T09:39:35.329726+00:00,-3.60028,-58.96912,47.3,43.9,43.9,0,MANAUS/AM,HUMAITÁ/AM,,3.43,atrasado
710767367,2026-09-30T09:41:39.567790+00:00,-3.58893,-58.95819,47.3,42.9,42.9,0,MANAUS/AM,HUMAITÁ/AM,,3.43,atrasado
710767367,2026-09-30T09:43:52.376853+00:00,-3.5766,-58.94671,47.3,36.3,36.3,0,MANAUS/AM,HUMAITÁ/AM,,3.43,atrasado
710767367,2026-09-30T09:45:33.960495+00:00,-3.56622,-58.93908,47.3,38.5,38.5,0,MANAUS/AM,HUMAITÁ/AM,,3.43,atrasado
710767367,2026-09-30T09:46:55.827245+00:00,-3.5581,-58.93262,47.3,51.6,51.6,0,MANAUS/AM,HUMAITÁ/AM,,3.43,atrasado
710767367,2026-09-30T09:48:09.473304+00:00,-3.55231,-58.92529,47.3,53.9,53.9,0,MANAUS/AM,HUMAITÁ/AM,,3.43,atrasado
710767367,2026-09-30T09:49:14.909017+00:00,-3.54742,-58.91858,47.3,38.3,38.3,0,MANAUS/AM,HUMAITÁ/AM,,3.43,atrasado
710767367,2026-09-30T09:50:28.586700+00:00,-3.5401,-58.91278,47.3,32.5,32.5,0,MANAUS/AM,HUMAITÁ/AM,,3.43,atrasado
710767367,2026-09-30T09:53:30.234841+00:00,-3.52069,-58.90039,47.3,37.3,37.3,0,MANAUS/AM,HUMAITÁ/AM,,3.43,atrasado
710767367,2026-09-30T09:56:46.362044+00:00,-3.50091,-58.88531,47.3,44.0,44.0,0,MANAUS/AM,HUMAITÁ/AM,,3.43,atrasado
710767367,2026-09-30T09:59:27.697658+00:00,-3.4862,-58.87109,47.3,45.8,45.8,0,MANAUS/AM,HUMAITÁ/AM,,3.43,atrasado
710767367,2026-09-30T10:01:26.477392+00:00,-3.47571,-58.86029,47.3,43.0,43.0,0,MANAUS/AM,HUMAITÁ/AM,,3.43,atrasado
710767367,2026-09-30T10:03:09.319862+00:00,-3.46618,-58.85138,47.3,70.7,70.7,0,MANAUS/AM,HUMAITÁ/AM,,3.43,atrasado
710767367,2026-09-30T10:05:20.282766+00:00,-3.46069,-58.83569,47.3,88.8,88.8,0,MANAUS/AM,HUMAITÁ/AM,,3.43,atrasado
710767367,2026-09-30T10:06:29.540174+00:00,-3.46051,-58.8269,47.3,81.7,81.7,0,MANAUS/AM,HUMAITÁ/AM,,3.43,atrasado
710767367,2026-09-30T10:07:45.846859+00:00,-3.45911,-58.81732,47.3,71.0,71.0,0,MANAUS/AM,HUMAITÁ/AM,,3.43,atrasado
710767367,2026-09-30T10:09:23.485829+00:00,-3.45508,-58.8056,47.3,51.7,51.7,0,MANAUS/AM,HUMAITÁ/AM,,3.43,atrasado
710767367,2026-09-30T10:10:29.620819+00:00,-3.44989,-58.79901,47.3,17.1,17.1,0,MANAUS/AM,HUMAITÁ/AM,,3.43,atrasado
710767367,2026-09-30T10:11:44.736414+00:00,-3.44079,-58.7962,47.3,7.8,7.8,0,MANAUS/AM,HUMAITÁ/AM,,3.43,atrasado
710767367,2026-09-30T10:12:55.722975+00:00,-3.43188,-58.79498,47.3,22.7,22.7,0,MANAUS/AM,HUMAITÁ/AM,,3.43,atrasado
710767367,2026-09-30T10:15:12.568559+00:00,-3.41589,-58.78827,47.3,26.2,26.2,0,MANAUS/AM,HUMAITÁ/AM,,3.43,atrasado
710767367,2026-09-30T10:16:25.581453+00:00,-3.40759,-58.78418,47.3,11.3,11.3,0,MANAUS/AM,HUMAITÁ/AM,,3.43,atrasado
710767367,2026-09-30T10:18:52.948577+00:00,-3.38928,-58.78052,47.3,29.3,29.3,0,MANAUS/AM,HUMAITÁ/AM,,3.43,atrasado
710767367,2026-09-30T10:20:10.776190+00:00,-3.38068,-58.77569,47.3,46.1,46.1,0,MANAUS/AM,HUMAITÁ/AM,,3.43,atrasado
710767367,2026-09-30T10:21:34.850597+00:00,-3.37329,-58.768,47.3,48.1,48.1,0,MANAUS/AM,HUMAITÁ/AM,,3.43,atrasado
710767367,2026-09-30T10:22:49.151977+00:00,-3.367,-58.76098,47.3,43.9,43.9,0,MANAUS/AM,HUMAITÁ/AM,,3.43,atrasado
710767367,2026-09-30T10:25:31.531114+00:00,-3.35217,-58.7467,0.0,0.0,0.0,5,MANAUS/AM,HUMAITÁ/AM,HUMAITÁ/AM,3.43,atrasado
710767367,2026-09-30T11:31:09.179688+00:00,-3.35217,-58.7467,0.0,0.0,0.0,5,MANAUS/AM,HUMAITÁ/AM,HUMAITÁ/AM,3.43,atrasado
710767367,2026-09-30T12:36:46.828263+00:00,-3.35217,-58.7467,0.0,0.0,0.0,5,MANAUS/AM,HUMAITÁ/AM,HUMAITÁ/AM,3.43,atrasado
710767367,2026-09-30T13:42:24.476837+00:00,-3.35217,-58.7467,0.0,0.0,0.0,5,MANAUS/AM,HUMAITÁ/AM,HUMAITÁ/AM,3.43,atrasado
710767367,2026-09-30T14:48:02.125412+00:00,-3.35217,-58.7467,0.0,0.0,0.0,5,MANAUS/AM,HUMAITÁ/AM,HUMAITÁ/AM,3.43,atrasado
710767367,2026-09-30T15:53:39.773986+00:00,-3.35217,-58.7467,14.7,287.6,287.6,0,HUMAITÁ/AM,MANAUS/AM,,3.67,atrasado
710767367,2026-09-30T15:56:59.000206+00:00,-3.34979,-58.75421,14.7,283.5,283.5,0,HUMAITÁ/AM,MANAUS/AM,,3.67,atrasado
710767367,2026-09-30T16:06:54.422098+00:00,-3.3443,-58.7771,14.7,295.9,295.9,0,HUMAITÁ/AM,MANAUS/AM,,3.67,atrasado
710767367,2026-09-30T16:16:27.709147+00:00,-3.33441,-58.79748,14.7,294.0,294.0,0,HUMAITÁ/AM,MANAUS/AM,,3.67,atrasado
710767367,2026-09-30T16:27:48.674420+00:00,-3.32348,-58.82208,14.7,295.4,295.4,0,HUMAITÁ/AM,MANAUS/AM,,3.67,atrasado
710767367,2026-09-30T16:34:35.543274+00:00,-3.31659,-58.83661,14.7,292.7,292.7,0,HUMAITÁ/AM,MANAUS/AM,,3.67,atrasado
710767367,2026-09-30T16:41:35.707512+00:00,-3.31018,-58.85193,14.7,286.9,286.9,0,HUMAITÁ/AM,MANAUS/AM,,3.67,atrasado
710767367,2026-09-30T16:51:00.402057+00:00,-3.30371,-58.87329,14.7,295.4,295.4,0,HUMAITÁ/AM,MANAUS/AM,,3.67,atrasado
710767367,2026-09-30T16:56:42.344367+00:00,-3.29791,-58.8855,14.7,309.9,309.9,0,HUMAITÁ/AM,MANAUS/AM,,3.67,atrasado
710767367,2026-09-30T17:02:22.363526+00:00,-3.28931,-58.89581,14.7,311.4,311.4,0,HUMAITÁ/AM,MANAUS/AM,,3.67,atrasado
710767367,2026-09-30T17:09:09.616218+00:00,-3.27868,-58.9079,14.7,301.9,301.9,0,HUMAITÁ/AM,MANAUS/AM,,3.67,atrasado
710767367,2026-09-30T17:17:33.260266+00:00,-3.26819,-58.9248,14.7,287.6,287.6,0,HUMAITÁ/AM,MANAUS/AM,,3.67,atrasado
710767367,2026-09-30T17:25:14.770224+00:00,-3.26269,-58.9422,14.7,292.0,292.0,0,HUMAITÁ/AM,MANAUS/AM,,3.67,atrasado
710767367,2026-09-30T17:33:34.334591+00:00,-3.25531,-58.96051,14.7,294.4,294.4,0,HUMAITÁ/AM,MANAUS/AM,,3.67,atrasado
710767367,2026-09-30T17:42:30.004150+00:00,-3.24658,-58.9798,14.7,293.8,293.8,0,HUMAITÁ/AM,MANAUS/AM,,3.67,atrasado
710767367,2026-09-30T17:49:55.346214+00:00,-3.2395,-58.99591,14.7,273.8,273.8,0,HUMAITÁ/AM,MANAUS/AM,,3.67,atrasado
710767367,2026-09-30T17:55:45.057822+00:00,-3.23859,-59.0097,14.7,256.9,256.9,0,HUMAITÁ/AM,MANAUS/AM,,3.67,atrasado
710767367,2026-09-30T17:58:46.090244+00:00,-3.24021,-59.01667,0.0,0.0,0.0,5,HUMAITÁ/AM,MANAUS/AM,MANAUS/AM,3.67,atrasado
710767367,2026-09-30T19:07:46.076048+00:00,-3.24021,-59.01667,0.0,0.0,0.0,5,HUMAITÁ/AM,MANAUS/AM,MANAUS/AM,3.67,atrasado
710767367,2026-09-30T20:16:46.061852+00:00,-3.24021,-59.01667,0.0,0.0,0.0,5,HUMAITÁ/AM,MANAUS/AM,MANAUS/AM,3.67,atrasado
710767367,2026-09-30T21:25:46.047656+00:00,-3.24021,-59.01667,0.0,0.0,0.0,5,HUMAITÁ/AM,MANAUS/AM,MANAUS/AM,3.67,atrasado
710767367,2026-09-30T22:34:46.033460+00:00,-3.24021,-59.01667,0.0,0.0,0.0,5,HUMAITÁ/AM,MANAUS/AM,MANAUS/AM,3.67,atrasado
710767367,2026-09-30T23:43:46.019264+00:00,-3.24021,-59.01667,0.0,0.0,0.0,5,HUMAITÁ/AM,MANAUS/AM,MANAUS/AM,3.67,atrasado
710767367,2026-10-01T00:52:46.005068+00:00,-3.24021,-59.01667,220.8,256.9,256.9,0,HUMAITÁ/AM,MANAUS/AM,,3.66,atrasado
710767367,2026-10-01T00:52:53.498826+00:00,-3.24121,-59.02099,220.8,254.1,254.1,0,HUMAITÁ/AM,MANAUS/AM,,3.66,atrasado
710767367,2026-10-01T00:53:16.861960+00:00,-3.24499,-59.0343,220.8,258.6,258.6,0,HUMAITÁ/AM,MANAUS/AM,,3.66,atrasado
710767367,2026-10-01T00:53:39.463444+00:00,-3.24762,-59.04742,220.8,244.2,244.2,0,HUMAITÁ/AM,MANAUS/AM,,3.66,atrasado
710767367,2026-10-01T00:54:00.075688+00:00,-3.25293,-59.05841,220.8,253.6,253.6,0,HUMAITÁ/AM,MANAUS/AM,,3.66,atrasado
710767367,2026-10-01T00:54:24.898784+00:00,-3.25708,-59.07251,220.8,276.2,276.2,0,HUMAITÁ/AM,MANAUS/AM,,3.66,atrasado
710767367,2026-10-01T00:55:04.167633+00:00,-3.24169,-59.21496,0.0,101.1,101.1,5,HUMAITÁ/AM,MANAUS/AM,MANAUS/AM,3.66,atrasado
710767367,2026-10-01T00:55:08.592912+00:00,-3.26471,-59.09723,220.8,242.2,242.2,0,HUMAITÁ/AM,MANAUS/AM,,3.66,atrasado
710767367,2026-10-01T00:55:43.321094+00:00,-3.27429,-59.11542,220.8,260.6,260.6,0,HUMAITÁ/AM,MANAUS/AM,,3.66,atrasado
710767367,2026-10-01T00:56:14.245707+00:00,-3.27728,-59.13348,220.8,279.7,279.7,0,HUMAITÁ/AM,MANAUS/AM,,3.66,atrasado
710767367,2026-10-01T00:56:52.305516+00:00,-3.2735,-59.1557,220.8,297.5,297.5,0,HUMAITÁ/AM,MANAUS/AM,,3.66,atrasado
710767367,2026-10-01T00:57:14.026237+00:00,-3.26758,-59.16711,220.8,300.8,300.8,0,HUMAITÁ/AM,MANAUS/AM,,3.66,atrasado
710767367,2026-10-01T00:57:55.089562+00:00,-3.25513,-59.18799,220.8,296.7,296.7,0,HUMAITÁ/AM,MANAUS/AM,,3.66,atrasado
710767367,2026-10-01T00:58:33.267349+00:00,-3.24499,-59.20819,220.8,296.0,296.0,0,HUMAITÁ/AM,MANAUS/AM,,3.66,atrasado
710767367,2026-10-01T01:56:01.341776+00:00,-3.24169,-59.21496,0.0,0.0,0.0,5,HUMAITÁ/AM,MANAUS/AM,MANAUS/AM,3.66,atrasado
710767367,2026-10-01T02:56:58.515919+00:00,-3.24169,-59.21496,0.0,0.0,0.0,5,HUMAITÁ/AM,MANAUS/AM,MANAUS/AM,3.66,atrasado
710767367,2026-10-01T03:57:55.690061+00:00,-3.24169,-59.21496,0.0,0.0,0.0,5,HUMAITÁ/AM,MANAUS/AM,MANAUS/AM,3.66,atrasado
710767367,2026-10-01T04:58:52.864204+00:00,-3.24169,-59.21496,0.0,0.0,0.0,5,HUMAITÁ/AM,MANAUS/AM,MANAUS/AM,3.66,atrasado
710767367,2026-10-01T05:59:50.038346+00:00,-3.24169,-59.21496,0.0,0.0,0.0,5,HUMAITÁ/AM,MANAUS/AM,MANAUS/AM,3.66,atrasado
710767367,2026-10-01T07:00:47.212489+00:00,-3.24169,-59.21496,25.0,296.1,296.1,0,HUMAITÁ/AM,MANAUS/AM,,3.56,atrasado
710767367,2026-10-01T07:06:50.623946+00:00,-3.23102,-59.23681,25.0,290.5,290.5,0,HUMAITÁ/AM,MANAUS/AM,,3.56,atrasado
710767367,2026-10-01T07:13:46.222484+00:00,-3.22131,-59.26288,25.0,291.3,291.3,0,HUMAITÁ/AM,MANAUS/AM,,3.56,atrasado
710767367,2026-10-01T07:18:22.321962+00:00,-3.2146,-59.28009,25.0,289.7,289.7,0,HUMAITÁ/AM,MANAUS/AM,,3.56,atrasado
710767367,2026-10-01T07:21:50.616559+00:00,-3.2099,-59.29321,25.0,292.0,292.0,0,HUMAITÁ/AM,MANAUS/AM,,3.56,atrasado
710767367,2026-10-01T07:28:25.106213+00:00,-3.20001,-59.31769,25.0,299.4,299.4,0,HUMAITÁ/AM,MANAUS/AM,,3.56,atrasado
710767367,2026-10-01T07:33:15.141619+00:00,-3.19049,-59.33459,25.0,297.7,297.7,0,HUMAITÁ/AM,MANAUS/AM,,3.56,atrasado
710767367,2026-10-01T07:36:27.746345+00:00,-3.18451,-59.34601,25.0,302.2,302.2,0,HUMAITÁ/AM,MANAUS/AM,,3.56,atrasado
710767367,2026-10-01T07:39:24.444409+00:00,-3.17822,-59.35602,25.0,295.7,295.7,0,HUMAITÁ/AM,MANAUS/AM,,3.56,atrasado
710767367,2026-10-01T07:43:37.405207+00:00,-3.1709,-59.37127,25.0,291.1,291.1,0,HUMAITÁ/AM,MANAUS/AM,,3.56,atrasado
710767367,2026-10-01T07:47:05.604871+00:00,-3.16589,-59.38428,25.0,291.7,291.7,0,HUMAITÁ/AM,MANAUS/AM,,3.56,atrasado
710767367,2026-10-01T07:51:39.508729+00:00,-3.15912,-59.40131,25.0,287.5,287.5,0,HUMAITÁ/AM,MANAUS/AM,,3.56,atrasado
710767367,2026-10-01T07:55:03.166818+00:00,-3.15503,-59.4143,25.0,290.7,290.7,0,HUMAITÁ/AM,MANAUS/AM,,3.56,atrasado
710767367,2026-10-01T08:00:31.678268+00:00,-3.14728,-59.43487,25.0,293.8,293.8,0,HUMAITÁ/AM,MANAUS/AM,,3.56,atrasado
710767367,2026-10-01T08:04:31.840600+00:00,-3.14081,-59.44958,25.0,294.4,294.4,0,HUMAITÁ/AM,MANAUS/AM,,3.56,atrasado
710767367,2026-10-01T08:09:04.172645+00:00,-3.1333,-59.46619,25.0,287.3,287.3,0,HUMAITÁ/AM,MANAUS/AM,,3.56,atrasado
710767367,2026-10-01T08:13:25.853741+00:00,-3.12811,-59.48291,25.0,279.3,279.3,0,HUMAITÁ/AM,MANAUS/AM,,3.56,atrasado
710767367,2026-10-01T08:18:57.665893+00:00,-3.12451,-59.50482,25.0,278.0,278.0,0,HUMAITÁ/AM,MANAUS/AM,,3.56,atrasado
710767367,2026-10-01T08:26:41.882438+00:00,-3.12018,-59.53558,25.0,289.7,289.7,0,HUMAITÁ/AM,MANAUS/AM,,3.56,atrasado
710767367,2026-10-01T08:35:46.335689+00:00,-3.10791,-59.56988,25.0,296.8,296.8,0,HUMAITÁ/AM,MANAUS/AM,,3.56,atrasado
710767367,2026-10-01T08:42:58.414415+00:00,-3.09491,-59.5957,25.0,295.0,295.0,0,HUMAITÁ/AM,MANAUS/AM,,3.56,atrasado
710767367,2026-10-01T08:50:10.228241+00:00,-3.0827,-59.62189,25.0,289.5,289.5,0,HUMAITÁ/AM,MANAUS/AM,,3.56,atrasado
710767367,2026-10-01T08:56:42.023193+00:00,-3.07397,-59.64661,25.0,281.6,281.6,0,HUMAITÁ/AM,MANAUS/AM,,3.56,atrasado
710767367,2026-10-01T09:02:23.693314+00:00,-3.0694,-59.669,25.0,281.2,281.2,0,HUMAITÁ/AM,MANAUS/AM,,3.56,atrasado
710767367,2026-10-01T09:09:35.152582+00:00,-3.06378,-59.69732,25.0,269.8,269.8,0,HUMAITÁ/AM,MANAUS/AM,,3.56,atrasado
710767367,2026-10-01T09:19:28.007541+00:00,-3.0639,-59.737,25.0,261.9,261.9,0,HUMAITÁ/AM,MANAUS/AM,,3.56,atrasado
710767367,2026-10-01T09:25:48.536807+00:00,-3.0675,-59.76221,25.0,261.6,261.6,0,HUMAITÁ/AM,MANAUS/AM,,3.56,atrasado
710767367,2026-10-01T09:34:20.240124+00:00,-3.07251,-59.79608,25.0,253.2,253.2,0,HUMAITÁ/AM,MANAUS/AM,,3.56,atrasado
710767367,2026-10-01T09:42:36.589992+00:00,-3.08209,-59.82788,25.0,244.2,244.2,0,HUMAITÁ/AM,MANAUS/AM,,3.56,atrasado
710767367,2026-10-01T09:47:53.632868+00:00,-3.09131,-59.84698,25.0,239.7,239.7,0,HUMAITÁ/AM,MANAUS/AM,,3.56,atrasado
710767367,2026-10-01T09:48:55.044806+00:00,-3.09338,-59.85053,0.0,0.0,0.0,5,HUMAITÁ/AM,MANAUS/AM,MANAUS/AM,3.56,atrasado
710767367,2026-10-01T10:54:08.352307+00:00,-3.09338,-59.85053,0.0,0.0,0.0,5,HUMAITÁ/AM,MANAUS/AM,MANAUS/AM,3.56,atrasado
710767367,2026-10-01T11:59:21.659807+00:00,-3.09338,-59.85053,0.0,0.0,0.0,5,HUMAITÁ/AM,MANAUS/AM,MANAUS/AM,3.56,atrasado
710767367,2026-10-01T13:04:34.967308+00:00,-3.09338,-59.85053,0.0,0.0,0.0,5,HUMAITÁ/AM,MANAUS/AM,MANAUS/AM,3.56,atrasado
710767367,2026-10-01T14:09:48.274808+00:00,-3.09338,-59.85053,0.0,0.0,0.0,5,HUMAITÁ/AM,MANAUS/AM,MANAUS/AM,3.56,atrasado
710767367,2026-10-01T15:15:01.582309+00:00,-3.09338,-59.85053,0.0,235.3,235.3,5,HUMAITÁ/AM,MANAUS/AM,MANAUS/AM,3.56,atrasado
710767367,2026-10-01T15:45:33.269350+00:00,-3.125,-59.8963,0.0,55.3,55.3,5,HUMAITÁ/AM,MANAUS/AM,MANAUS/AM,3.25,atrasado
710767367,2026-10-01T16:20:14.889810+00:00,-3.09338,-59.85053,57.7,239.7,239.7,0,HUMAITÁ/AM,MANAUS/AM,,3.25,atrasado
710767367,2026-10-01T16:21:51.201472+00:00,-3.10089,-59.8634,57.7,232.3,232.3,0,HUMAITÁ/AM,MANAUS/AM,,3.25,atrasado
710767367,2026-10-01T16:23:55.246681+00:00,-3.11261,-59.8786,57.7,235.0,235.0,0,HUMAITÁ/AM,MANAUS/AM,,3.25,atrasado
710767367,2026-10-01T16:49:21.646463+00:00,-3.125,-59.8963,0.0,0.0,0.0,5,HUMAITÁ/AM,MANAUS/AM,MANAUS/AM,3.25,atrasado
710767367,2026-10-01T17:53:10.023577+00:00,-3.125,-59.8963,0.0,0.0,0.0,5,HUMAITÁ/AM,MANAUS/AM,MANAUS/AM,3.25,atrasado
710767367,2026-10-01T18:56:58.400691+00:00,-3.125,-59.8963,0.0,0.0,0.0,5,HUMAITÁ/AM,MANAUS/AM,MANAUS/AM,3.25,atrasado
710767367,2026-10-01T20:00:46.777804+00:00,-3.125,-59.8963,0.0,0.0,0.0,5,HUMAITÁ/AM,MANAUS/AM,MANAUS/AM,3.25,atrasado
710767367,2026-10-01T21:04:35.154918+00:00,-3.125,-59.8963,0.0,0.0,0.0,5,HUMAITÁ/AM,MANAUS/AM,MANAUS/AM,3.25,atrasado
710767367,2026-10-01T22:08:23.532031+00:00,-3.125,-59.8963,29.3,266.6,266.6,0,HUMAITÁ/AM,MANAUS/AM,,3.54,atrasado
710767367,2026-10-01T22:10:32.346474+00:00,-3.12662,-59.92323,0.0,65.6,65.6,5,HUMAITÁ/AM,MANAUS/AM,MANAUS/AM,3.54,atrasado
710767367,2026-10-01T22:11:53.599469+00:00,-3.12176,-59.9125,29.3,245.6,245.6,0,HUMAITÁ/AM,MANAUS/AM,,3.54,atrasado
710767367,2026-10-01T23:12:04.518315+00:00,-3.12662,-59.92323,0.0,0.0,0.0,5,HUMAITÁ/AM,MANAUS/AM,MANAUS/AM,3.54,atrasado
710767367,2026-10-02T00:13:36.690156+00:00,-3.12662,-59.92323,0.0,0.0,0.0,5,HUMAITÁ/AM,MANAUS/AM,MANAUS/AM,3.54,atrasado
710767367,2026-10-02T01:15:08.861997+00:00,-3.12662,-59.92323,0.0,0.0,0.0,5,HUMAITÁ/AM,MANAUS/AM,MANAUS/AM,3.54,atrasado
710767367,2026-10-02T02:16:41.033839+00:00,-3.12662,-59.92323,0.0,0.0,0.0,5,HUMAITÁ/AM,MANAUS/AM,MANAUS/AM,3.54,atrasado
710767367,2026-10-02T03:18:13.205680+00:00,-3.12662,-59.92323,0.0,0.0,0.0,5,HUMAITÁ/AM,MANAUS/AM,MANAUS/AM,3.54,atrasado
710767367,2026-10-02T04:19:45.377521+00:00,-3.12662,-59.92323,20.8,222.5,222.5,0,HUMAITÁ/AM,MANAUS/AM,,3.72,atrasado
710767367,2026-10-02T04:23:52.701020+00:00,-3.1368,-59.93256,20.8,229.6,229.6,0,HUMAITÁ/AM,MANAUS/AM,,3.72,atrasado
710767367,2026-10-02T04:28:25.494999+00:00,-3.14667,-59.94418,20.8,229.1,229.1,0,HUMAITÁ/AM,MANAUS/AM,,3.72,atrasado
710767367,2026-10-02T04:31:19.557882+00:00,-3.15303,-59.95153,0.0,0.0,0.0,5,HUMAITÁ/AM,MANAUS/AM,MANAUS/AM,3.72,atrasado
710767367,2026-10-02T05:39:14.462871+00:00,-3.15303,-59.95153,0.0,0.0,0.0,5,HUMAITÁ/AM,MANAUS/AM,MANAUS/AM,3.72,atrasado
710767367,2026-10-02T06:47:09.367860+00:00,-3.15303,-59.95153,0.0,0.0,0.0,5,HUMAITÁ/AM,MANAUS/AM,MANAUS/AM,3.72,atrasado
710767367,2026-10-02T07:55:04.272849+00:00,-3.15303,-59.95153,0.0,0.0,0.0,5,HUMAITÁ/AM,MANAUS/AM,MANAUS/AM,3.72,atrasado
710767367,2026-10-02T09:02:59.177838+00:00,-3.15303,-59.95153,0.0,0.0,0.0,5,HUMAITÁ/AM,MANAUS/AM,MANAUS/AM,3.72,atrasado
710767367,2026-10-02T10:10:54.082827+00:00,-3.15303,-59.95153,0.0,261.3,261.3,5,HUMAITÁ/AM,MANAUS/AM,MANAUS/AM,3.72,atrasado
710767367,2026-10-02T10:40:12.271212+00:00,-3.1593,-59.99236,0.0,81.3,81.3,5,HUMAITÁ/AM,MANAUS/AM,MANAUS/AM,3.64,atrasado
710767367,2026-10-02T11:18:48.987816+00:00,-3.15303,-59.95153,52.5,206.1,206.1,0,HUMAITÁ/AM,MANAUS/AM,,3.64,atrasado
710767367,2026-10-02T11:19:53.138471+00:00,-3.16112,-59.9555,52.5,223.8,223.8,0,HUMAITÁ/AM,MANAUS/AM,,3.64,atrasado
710767367,2026-10-02T11:20:51.963621+00:00,-3.16709,-59.96123,52.5,260.9,260.9,0,HUMAITÁ/AM,MANAUS/AM,,3.64,atrasado
710767367,2026-10-02T11:22:06.697769+00:00,-3.16876,-59.97162,52.5,291.0,291.0,0,HUMAITÁ/AM,MANAUS/AM,,3.64,atrasado
710767367,2026-10-02T11:23:13.193706+00:00,-3.16541,-59.98035,52.5,297.8,297.8,0,HUMAITÁ/AM,MANAUS/AM,,3.64,atrasado
710767367,2026-10-02T11:24:31.203741+00:00,-3.16029,-59.99006,52.5,293.3,293.3,0,HUMAITÁ/AM,MANAUS/AM,,3.64,atrasado
710767367,2026-10-02T11:44:04.014311+00:00,-3.1593,-59.99236,0.0,0.0,0.0,5,HUMAITÁ/AM,MANAUS/AM,MANAUS/AM,3.64,atrasado
710767367,2026-10-02T12:47:55.757410+00:00,-3.1593,-59.99236,0.0,0.0,0.0,5,HUMAITÁ/AM,MANAUS/AM,MANAUS/AM,3.64,atrasado
710767367,2026-10-02T13:51:47.500509+00:00,-3.1593,-59.99236,0.0,0.0,0.0,5,HUMAITÁ/AM,MANAUS/AM,MANAUS/AM,3.64,atrasado
710767367,2026-10-02T14:55:39.243608+00:00,-3.1593,-59.99236,0.0,0.0,0.0,5,HUMAITÁ/AM,MANAUS/AM,MANAUS/AM,3.64,atrasado
710767367,2026-10-02T15:59:30.986707+00:00,-3.1593,-59.99236,0.0,293.3,293.3,5,HUMAITÁ/AM,MANAUS/AM,MANAUS/AM,3.64,atrasado
710767367,2026-10-02T16:43:19.750264+00:00,-3.15581,-60.00048,0.0,113.3,113.3,5,HUMAITÁ/AM,MANAUS/AM,MANAUS/AM,3.65,atrasado
710767367,2026-10-02T17:03:22.729807+00:00,-3.1593,-59.99236,0.0,293.3,293.3,5,HUMAITÁ/AM,MANAUS/AM,MANAUS/AM,3.64,atrasado
710767367,2026-10-02T17:45:56.437886+00:00,-3.15581,-60.00048,0.0,113.3,113.3,5,HUMAITÁ/AM,MANAUS/AM,MANAUS/AM,3.65,atrasado
710767367,2026-10-02T18:07:14.472906+00:00,-3.1593,-59.99236,9.2,293.3,293.3,0,HUMAITÁ/AM,MANAUS/AM,,3.65,atrasado
710767367,2026-10-02T18:48:33.125507+00:00,-3.15581,-60.00048,0.0,0.0,0.0,5,HUMAITÁ/AM,MANAUS/AM,MANAUS/AM,3.65,atrasado
710767367,2026-10-02T19:51:09.813129+00:00,-3.15581,-60.00048,0.0,0.0,0.0,5,HUMAITÁ/AM,MANAUS/AM,MANAUS/AM,3.65,atrasado
710767367,2026-10-02T20:53:46.500750+00:00,-3.15581,-60.00048,0.0,0.0,0.0,5,HUMAITÁ/AM,MANAUS/AM,MANAUS/AM,3.65,atrasado
710767367,2026-10-02T21:56:23.188371+00:00,-3.15581,-60.00048,0.0,0.0,0.0,5,HUMAITÁ/AM,MANAUS/AM,MANAUS/AM,3.65,atrasado
710767367,2026-10-02T22:58:59.875993+00:00,-3.15581,-60.00048,0.0,297.9,297.9,5,HUMAITÁ/AM,MANAUS/AM,MANAUS/AM,3.65,atrasado
710767367,2026-10-02T23:16:28.323484+00:00,-3.14069,-60.0291,0.0,117.9,117.9,5,HUMAITÁ/AM,MANAUS/AM,MANAUS/AM,4.06,atrasado
710767367,2026-10-03T00:01:36.563614+00:00,-3.15581,-60.00048,33.7,289.5,289.5,0,HUMAITÁ/AM,MANAUS/AM,,4.06,atrasado
710767367,2026-10-03T00:03:32.027126+00:00,-3.15233,-60.01032,33.7,303.9,303.9,0,HUMAITÁ/AM,MANAUS/AM,,4.06,atrasado
710767367,2026-10-03T00:05:06.556483+00:00,-3.14757,-60.01742,33.7,299.7,299.7,0,HUMAITÁ/AM,MANAUS/AM,,4.06,atrasado
710767367,2026-10-03T00:07:14.549759+00:00,-3.14185,-60.02748,33.7,305.6,305.6,0,HUMAITÁ/AM,MANAUS/AM,,4.06,atrasado
710767367,2026-10-03T00:24:45.568809+00:00,-3.14069,-60.0291,0.0,0.0,0.0,5,HUMAITÁ/AM,MANAUS/AM,MANAUS/AM,4.06,atrasado
710767367,2026-10-03T01:33:02.814134+00:00,-3.14069,-60.0291,0.0,0.0,0.0,5,HUMAITÁ/AM,MANAUS/AM,MANAUS/AM,4.06,atrasado
710767367,2026-10-03T02:41:20.059459+00:00,-3.14069,-60.0291,0.0,0.0,0.0,5,HUMAITÁ/AM,MANAUS/AM,MANAUS/AM,4.06,atrasado
710767367,2026-10-03T03:49:37.304784+00:00,-3.14069,-60.0291,0.0,212.9,212.9,5,HUMAITÁ/AM,MANAUS/AM,MANAUS/AM,4.06,atrasado
710767367,2026-10-03T04:57:54.550110+00:00,-8.44631,-63.50233,18.6,56.8,56.8,0,HUMAITÁ/AM,PORTO VELHO/RO,,4.24,atrasado
710767367,2026-10-03T04:59:45.120990+00:00,-8.4433,-63.49768,18.6,54.0,54.0,0,HUMAITÁ/AM,PORTO VELHO/RO,,4.24,atrasado
710767367,2026-10-03T05:05:16.836247+00:00,-8.43359,-63.48419,18.6,55.4,55.4,0,HUMAITÁ/AM,PORTO VELHO/RO,,4.24,atrasado
710767367,2026-10-03T05:10:04.327718+00:00,-8.42548,-63.47229,18.6,52.8,52.8,0,HUMAITÁ/AM,PORTO VELHO/RO,,4.24,atrasado
710767367,2026-10-03T05:15:33.376558+00:00,-8.41559,-63.45911,18.6,53.4,53.4,0,HUMAITÁ/AM,PORTO VELHO/RO,,4.24,atrasado
710767367,2026-10-03T05:21:27.258722+00:00,-8.40509,-63.44482,18.6,46.5,46.5,0,HUMAITÁ/AM,PORTO VELHO/RO,,4.24,atrasado
710767367,2026-10-03T05:26:48.370585+00:00,-8.3941,-63.4331,18.6,43.6,43.6,0,HUMAITÁ/AM,PORTO VELHO/RO,,4.24,atrasado
710767367,2026-10-03T05:30:28.542508+00:00,-8.38617,-63.42547,18.6,37.4,37.4,0,HUMAITÁ/AM,PORTO VELHO/RO,,4.24,atrasado
710767367,2026-10-03T05:33:40.210132+00:00,-8.3786,-63.41962,18.6,19.9,19.9,0,HUMAITÁ/AM,PORTO VELHO/RO,,4.24,atrasado
710767367,2026-10-03T05:37:28.592982+00:00,-8.36792,-63.41571,18.6,18.4,18.4,0,HUMAITÁ/AM,PORTO VELHO/RO,,4.24,atrasado
710767367,2026-10-03T05:41:34.336037+00:00,-8.35632,-63.4118,18.6,14.3,14.3,0,HUMAITÁ/AM,PORTO VELHO/RO,,4.24,atrasado
710767367,2026-10-03T05:45:20.993453+00:00,-8.3454,-63.40899,18.6,21.1,21.1,0,HUMAITÁ/AM,PORTO VELHO/RO,,4.24,atrasado
710767367,2026-10-03T05:49:13.781386+00:00,-8.33459,-63.40478,18.6,30.0,30.0,0,HUMAITÁ/AM,PORTO VELHO/RO,,4.24,atrasado
710767367,2026-10-03T05:53:28.810326+00:00,-8.32361,-63.39838,18.6,24.6,24.6,0,HUMAITÁ/AM,PORTO VELHO/RO,,4.24,atrasado
710767367,2026-10-03T05:59:07.494598+00:00,-8.30829,-63.39129,18.6,21.9,21.9,0,HUMAITÁ/AM,PORTO VELHO/RO,,4.24,atrasado
710767367,2026-10-03T06:04:06.475152+00:00,-8.29449,-63.38568,18.6,22.0,22.0,0,HUMAITÁ/AM,PORTO VELHO/RO,,4.24,atrasado
710767367,2026-10-03T06:10:13.041246+00:00,-8.27759,-63.37878,18.6,34.1,34.1,0,HUMAITÁ/AM,PORTO VELHO/RO,,4.24,atrasado
710767367,2026-10-03T06:16:53.342248+00:00,-8.26111,-63.36749,18.6,23.1,23.1,0,HUMAITÁ/AM,PORTO VELHO/RO,,4.24,atrasado
710767367,2026-10-03T06:21:37.601794+00:00,-8.24811,-63.36188,18.6,10.1,10.1,0,HUMAITÁ/AM,PORTO VELHO/RO,,4.24,atrasado
710767367,2026-10-03T06:26:21.780993+00:00,-8.23419,-63.35937,18.6,8.2,8.2,0,HUMAITÁ/AM,PORTO VELHO/RO,,4.24,atrasado
710767367,2026-10-03T06:30:45.843352+00:00,-8.22119,-63.35748,18.6,18.0,18.0,0,HUMAITÁ/AM,PORTO VELHO/RO,,4.24,atrasado
710767367,2026-10-03T06:34:41.942513+00:00,-8.21002,-63.35382,18.6,22.9,22.9,0,HUMAITÁ/AM,PORTO VELHO/RO,,4.24,atrasado
710767367,2026-10-03T06:38:57.719954+00:00,-8.1983,-63.34881,18.6,26.7,26.7,0,HUMAITÁ/AM,PORTO VELHO/RO,,4.24,atrasado
710767367,2026-10-03T06:43:00.887935+00:00,-8.1875,-63.34332,18.6,54.2,54.2,0,HUMAITÁ/AM,PORTO VELHO/RO,,4.24,atrasado
710767367,2026-10-03T06:49:07.850659+00:00,-8.17682,-63.32837,18.6,60.3,60.3,0,HUMAITÁ/AM,PORTO VELHO/RO,,4.24,atrasado
710767367,2026-10-03T06:52:55.765292+00:00,-8.1712,-63.31842,18.6,97.5,97.5,0,HUMAITÁ/AM,PORTO VELHO/RO,,4.24,atrasado
710767367,2026-10-03T06:57:44.929797+00:00,-8.17309,-63.30401,18.6,131.3,131.3,0,HUMAITÁ/AM,PORTO VELHO/RO,,4.24,atrasado
710767367,2026-10-03T07:00:47.421625+00:00,-8.17908,-63.29712,18.6,150.4,150.4,0,HUMAITÁ/AM,PORTO VELHO/RO,,4.24,atrasado
710767367,2026-10-03T07:05:22.677498+00:00,-8.19098,-63.29028,18.6,149.4,149.4,0,HUMAITÁ/AM,PORTO VELHO/RO,,4.24,atrasado
710767367,2026-10-03T07:09:20.884303+00:00,-8.20117,-63.28418,18.6,145.1,145.1,0,HUMAITÁ/AM,PORTO VELHO/RO,,4.24,atrasado
710767367,2026-10-03T07:14:26.271542+00:00,-8.21362,-63.27539,18.6,129.8,129.8,0,HUMAITÁ/AM,PORTO VELHO/RO,,4.24,atrasado
710767367,2026-10-03T07:17:45.516603+00:00,-8.21997,-63.2677,18.6,132.1,132.1,0,HUMAITÁ/AM,PORTO VELHO/RO,,4.24,atrasado
710767367,2026-10-03T07:21:57.831378+00:00,-8.22839,-63.2583,18.6,110.5,110.5,0,HUMAITÁ/AM,PORTO VELHO/RO,,4.24,atrasado
710767367,2026-10-03T07:27:23.326599+00:00,-8.23407,-63.24298,18.6,80.0,80.0,0,HUMAITÁ/AM,PORTO VELHO/RO,,4.24,atrasado
710767367,2026-10-03T07:31:58.330477+00:00,-8.23169,-63.22937,18.6,67.4,67.4,0,HUMAITÁ/AM,PORTO VELHO/RO,,4.24,atrasado
710767367,2026-10-03T07:35:48.515800+00:00,-8.22729,-63.21869,18.6,75.3,75.3,0,HUMAITÁ/AM,PORTO VELHO/RO,,4.24,atrasado
710767367,2026-10-03T07:41:26.305891+00:00,-8.22302,-63.20227,18.6,68.2,68.2,0,HUMAITÁ/AM,PORTO VELHO/RO,,4.24,atrasado
710767367,2026-10-03T07:49:34.362622+00:00,-8.21399,-63.1795,18.6,70.8,70.8,0,HUMAITÁ/AM,PORTO VELHO/RO,,4.24,atrasado
710767367,2026-10-03T08:06:59.871312+00:00,-8.1969,-63.12988,18.6,73.7,73.7,0,HUMAITÁ/AM,PORTO VELHO/RO,,4.24,atrasado
710767367,2026-10-03T08:17:27.678993+00:00,-8.18811,-63.09961,18.6,78.0,78.0,0,HUMAITÁ/AM,PORTO VELHO/RO,,4.24,atrasado
710767367,2026-10-03T08:29:05.484389+00:00,-8.18091,-63.06531,18.6,78.7,78.7,0,HUMAITÁ/AM,PORTO VELHO/RO,,4.24,atrasado
710767367,2026-10-03T08:35:29.389244+00:00,-8.17718,-63.04639,18.6,72.5,72.5,0,HUMAITÁ/AM,PORTO VELHO/RO,,4.24,atrasado
710767367,2026-10-03T08:41:15.835460+00:00,-8.172,-63.02978,18.6,67.8,67.8,0,HUMAITÁ/AM,PORTO VELHO/RO,,4.24,atrasado
710767367,2026-10-03T08:44:05.030559+00:00,-8.16882,-63.02191,18.6,64.5,64.5,0,HUMAITÁ/AM,PORTO VELHO/RO,,4.24,atrasado
710767367,2026-10-03T08:49:33.280749+00:00,-8.1618,-63.00702,18.6,66.7,66.7,0,HUMAITÁ/AM,PORTO VELHO/RO,,4.24,atrasado
710767367,2026-10-03T08:55:38.473860+00:00,-8.1546,-62.99017,18.6,59.8,59.8,0,HUMAITÁ/AM,PORTO VELHO/RO,,4.24,atrasado
710767367,2026-10-03T09:00:46.176563+00:00,-8.14691,-62.9768,18.6,35.2,35.2,0,HUMAITÁ/AM,PORTO VELHO/RO,,4.24,atrasado
710767367,2026-10-03T09:04:48.145908+00:00,-8.13708,-62.96979,18.6,33.7,33.7,0,HUMAITÁ/AM,PORTO VELHO/RO,,4.24,atrasado
710767367,2026-10-03T09:07:58.471179+00:00,-8.12921,-62.96448,18.6,19.1,19.1,0,HUMAITÁ/AM,PORTO VELHO/RO,,4.24,atrasado
710767367,2026-10-03T09:12:37.599766+00:00,-8.11609,-62.9599,18.6,19.7,19.7,0,HUMAITÁ/AM,PORTO VELHO/RO,,4.24,atrasado
710767367,2026-10-03T09:17:51.643251+00:00,-8.10138,-62.95459,18.6,16.8,16.8,0,HUMAITÁ/AM,PORTO VELHO/RO,,4.24,atrasado
710767367,2026-10-03T09:22:32.441075+00:00,-8.08801,-62.9505,18.6,19.5,19.5,0,HUMAITÁ/AM,PORTO VELHO/RO,,4.24,atrasado
710767367,2026-10-03T09:27:20.121908+00:00,-8.07452,-62.94568,18.6,36.4,36.4,0,HUMAITÁ/AM,PORTO VELHO/RO,,4.24,atrasado
710767367,2026-10-03T09:31:13.424696+00:00,-8.06518,-62.93872,18.6,46.2,46.2,0,HUMAITÁ/AM,PORTO VELHO/RO,,4.24,atrasado
710767367,2026-10-03T09:36:09.602937+00:00,-8.05499,-62.92798,18.6,64.6,64.6,0,HUMAITÁ/AM,PORTO VELHO/RO,,4.24,atrasado
710767367,2026-10-03T09:40:26.613111+00:00,-8.0495,-62.91632,18.6,66.1,66.1,0,HUMAITÁ/AM,PORTO VELHO/RO,,4.24,atrasado
710767367,2026-10-03T09:45:38.867269+00:00,-8.04321,-62.90198,18.6,62.4,62.4,0,HUMAITÁ/AM,PORTO VELHO/RO,,4.24,atrasado
710767367,2026-10-03T09:50:03.536600+00:00,-8.03711,-62.8902,18.6,50.4,50.4,0,HUMAITÁ/AM,PORTO VELHO/RO,,4.24,atrasado
710767367,2026-10-03T09:53:25.499851+00:00,-8.0307,-62.88238,18.6,32.8,32.8,0,HUMAITÁ/AM,PORTO VELHO/RO,,4.24,atrasado
710767367,2026-10-03T09:56:13.488788+00:00,-8.02368,-62.87781,18.6,3.3,3.3,0,HUMAITÁ/AM,PORTO VELHO/RO,,4.24,atrasado
710767367,2026-10-03T09:58:55.005155+00:00,-8.01566,-62.87735,0.0,0.0,0.0,5,HUMAITÁ/AM,PORTO VELHO/RO,PORTO VELHO/RO,4.24,atrasado
710767367,2026-10-03T11:01:36.611669+00:00,-8.01566,-62.87735,0.0,0.0,0.0,5,HUMAITÁ/AM,PORTO VELHO/RO,PORTO VELHO/RO,4.24,atrasado
710767367,2026-10-03T12:04:18.218183+00:00,-8.01566,-62.87735,0.0,0.0,0.0,5,HUMAITÁ/AM,PORTO VELHO/RO,PORTO VELHO/RO,4.24,atrasado
710767367,2026-10-03T13:06:59.824696+00:00,-8.01566,-62.87735,0.0,0.0,0.0,5,HUMAITÁ/AM,PORTO VELHO/RO,PORTO VELHO/RO,4.24,atrasado
710767367,2026-10-03T14:09:41.431210+00:00,-8.01566,-62.87735,0.0,0.0,0.0,5,HUMAITÁ/AM,PORTO VELHO/RO,PORTO VELHO/RO,4.24,atrasado
710767367,2026-10-03T15:12:23.037724+00:00,-8.01566,-62.87735,0.0,236.3,236.3,5,HUMAITÁ/AM,PORTO VELHO/RO,PORTO VELHO/RO,4.24,atrasado
710767367,2026-10-03T16:15:04.644238+00:00,-8.5793,-63.73364,22.3,63.9,63.9,0,HUMAITÁ/AM,PORTO VELHO/RO,,4.32,atrasado
710767367,2026-10-03T16:17:59.151141+00:00,-8.57471,-63.72418,22.3,65.2,65.2,0,HUMAITÁ/AM,PORTO VELHO/RO,,4.32,atrasado
710767367,2026-10-03T16:19:39.285888+00:00,-8.5722,-63.71869,22.3,71.2,71.2,0,HUMAITÁ/AM,PORTO VELHO/RO,,4.32,atrasado
710767367,2026-10-03T16:24:50.474121+00:00,-8.56621,-63.70089,22.3,77.2,77.2,0,HUMAITÁ/AM,PORTO VELHO/RO,,4.32,atrasado
710767367,2026-10-03T16:26:22.110121+00:00,-8.565,-63.69549,22.3,88.6,88.6,0,HUMAITÁ/AM,PORTO VELHO/RO,,4.32,atrasado
710767367,2026-10-03T16:31:20.251959+00:00,-8.56457,-63.67749,22.3,77.6,77.6,0,HUMAITÁ/AM,PORTO VELHO/RO,,4.32,atrasado
710767367,2026-10-03T16:35:17.203356+00:00,-8.56152,-63.66351,22.3,79.9,79.9,0,HUMAITÁ/AM,PORTO VELHO/RO,,4.32,atrasado
710767367,2026-10-03T16:38:12.678094+00:00,-8.55969,-63.65308,22.3,94.1,94.1,0,HUMAITÁ/AM,PORTO VELHO/RO,,4.32,atrasado
710767367,2026-10-03T16:41:16.050953+00:00,-8.56048,-63.64203,22.3,120.3,120.3,0,HUMAITÁ/AM,PORTO VELHO/RO,,4.32,atrasado
710767367,2026-10-03T16:43:09.533453+00:00,-8.5639,-63.63611,22.3,138.2,138.2,0,HUMAITÁ/AM,PORTO VELHO/RO,,4.32,atrasado
710767367,2026-10-03T16:45:44.303116+00:00,-8.5708,-63.62988,22.3,136.7,136.7,0,HUMAITÁ/AM,PORTO VELHO/RO,,4.32,atrasado
710767367,2026-10-03T16:49:50.153440+00:00,-8.58148,-63.61969,22.3,130.0,130.0,0,HUMAITÁ/AM,PORTO VELHO/RO,,4.32,atrasado
710767367,2026-10-03T16:56:44.601858+00:00,-8.59741,-63.60052,22.3,125.5,125.5,0,HUMAITÁ/AM,PORTO VELHO/RO,,4.32,atrasado
710767367,2026-10-03T17:02:55.709408+00:00,-8.61029,-63.58227,22.3,102.6,102.6,0,HUMAITÁ/AM,PORTO VELHO/RO,,4.32,atrasado
710767367,2026-10-03T17:08:10.367902+00:00,-8.61438,-63.56372,22.3,68.0,68.0,0,HUMAITÁ/AM,PORTO VELHO/RO,,4.32,atrasado
710767367,2026-10-03T17:13:20.960650+00:00,-8.60742,-63.54632,22.3,46.1,46.1,0,HUMAITÁ/AM,PORTO VELHO/RO,,4.32,atrasado
710767367,2026-10-03T17:17:03.679074+00:00,-8.5982,-63.53662,22.3,29.7,29.7,0,HUMAITÁ/AM,PORTO VELHO/RO,,4.32,atrasado
710767367,2026-10-03T17:20:31.832556+00:00,-8.5874,-63.53039,22.3,354.0,354.0,0,HUMAITÁ/AM,PORTO VELHO/RO,,4.32,atrasado
710767367,2026-10-03T17:22:38.189187+00:00,-8.57989,-63.53119,22.3,335.4,335.4,0,HUMAITÁ/AM,PORTO VELHO/RO,,4.32,atrasado
710767367,2026-10-03T17:25:37.966973+00:00,-8.57013,-63.5357,22.3,325.2,325.2,0,HUMAITÁ/AM,PORTO VELHO/RO,,4.32,atrasado
710767367,2026-10-03T17:30:42.716521+00:00,-8.55517,-63.5462,22.3,320.7,320.7,0,HUMAITÁ/AM,PORTO VELHO/RO,,4.32,atrasado
710767367,2026-10-03T17:35:04.233343+00:00,-8.54309,-63.55621,22.3,304.8,304.8,0,HUMAITÁ/AM,PORTO VELHO/RO,,4.32,atrasado
710767367,2026-10-03T17:38:17.465154+00:00,-8.5365,-63.56579,22.3,303.7,303.7,0,HUMAITÁ/AM,PORTO VELHO/RO,,4.32,atrasado
710767367,2026-10-03T17:43:04.316804+00:00,-8.52698,-63.5802,22.3,309.7,309.7,0,HUMAITÁ/AM,PORTO VELHO/RO,,4.32,atrasado
710767367,2026-10-03T17:46:50.069439+00:00,-8.51837,-63.5907,22.3,347.5,347.5,0,HUMAITÁ/AM,PORTO VELHO/RO,,4.32,atrasado
710767367,2026-10-03T17:49:37.557260+00:00,-8.5086,-63.59289,22.3,348.7,348.7,0,HUMAITÁ/AM,PORTO VELHO/RO,,4.32,atrasado
710767367,2026-10-03T17:51:21.706947+00:00,-8.5025,-63.59412,22.3,6.3,6.3,0,HUMAITÁ/AM,PORTO VELHO/RO,,4.32,atrasado
710767367,2026-10-03T17:53:22.988541+00:00,-8.4953,-63.59332,22.3,21.0,21.0,0,HUMAITÁ/AM,PORTO VELHO/RO,,4.32,atrasado
710767367,2026-10-03T17:56:00.631596+00:00,-8.48651,-63.5899,22.3,53.1,53.1,0,HUMAITÁ/AM,PORTO VELHO/RO,,4.32,atrasado
710767367,2026-10-03T17:58:33.628155+00:00,-8.48102,-63.58252,22.3,88.1,88.1,0,HUMAITÁ/AM,PORTO VELHO/RO,,4.32,atrasado
710767367,2026-10-03T18:00:40.013481+00:00,-8.48077,-63.57489,22.3,88.3,88.3,0,HUMAITÁ/AM,PORTO VELHO/RO,,4.32,atrasado
710767367,2026-10-03T18:05:54.446573+00:00,-8.48022,-63.55591,22.3,58.3,58.3,0,HUMAITÁ/AM,PORTO VELHO/RO,,4.32,atrasado
710767367,2026-10-03T18:09:06.895193+00:00,-8.47418,-63.54602,22.3,65.4,65.4,0,HUMAITÁ/AM,PORTO VELHO/RO,,4.32,atrasado
710767367,2026-10-03T18:12:48.043034+00:00,-8.46869,-63.53387,22.3,50.2,50.2,0,HUMAITÁ/AM,PORTO VELHO/RO,,4.32,atrasado
710767367,2026-10-03T18:16:25.104016+00:00,-8.46039,-63.5238,22.3,56.3,56.3,0,HUMAITÁ/AM,PORTO VELHO/RO,,4.32,atrasado
710767367,2026-10-03T18:21:23.784338+00:00,-8.4505,-63.50879,22.3,56.7,56.7,0,HUMAITÁ/AM,PORTO VELHO/RO,,4.32,atrasado
710767367,2026-10-03T18:23:31.661388+00:00,-8.44631,-63.50233,0.0,0.0,0.0,5,HUMAITÁ/AM,PORTO VELHO/RO,PORTO VELHO/RO,4.32,atrasado
710767367,2026-10-03T19:28:12.067972+00:00,-8.44631,-63.50233,0.0,0.0,0.0,5,HUMAITÁ/AM,PORTO VELHO/RO,PORTO VELHO/RO,4.32,atrasado
710767367,2026-10-03T20:32:52.474555+00:00,-8.44631,-63.50233,0.0,0.0,0.0,5,HUMAITÁ/AM,PORTO VELHO/RO,PORTO VELHO/RO,4.32,atrasado
710767367,2026-10-03T21:37:32.881139+00:00,-8.44631,-63.50233,0.0,0.0,0.0,5,HUMAITÁ/AM,PORTO VELHO/RO,PORTO VELHO/RO,4.32,atrasado
710767367,2026-10-03T22:42:13.287722+00:00,-8.44631,-63.50233,0.0,0.0,0.0,5,HUMAITÁ/AM,PORTO VELHO/RO,PORTO VELHO/RO,4.32,atrasado
710767367,2026-10-03T23:46:53.694306+00:00,-8.44631,-63.50233,0.0,233.5,233.5,5,HUMAITÁ/AM,PORTO VELHO/RO,PORTO VELHO/RO,4.32,atrasado
710767367,2026-10-04T00:51:34.100890+00:00,-8.75,-63.91749,22.4,335.0,335.0,0,HUMAITÁ/AM,PORTO VELHO/RO,,4.67,atrasado
710767367,2026-10-04T00:52:12.961082+00:00,-8.74788,-63.91849,22.4,340.2,340.2,0,HUMAITÁ/AM,PORTO VELHO/RO,,4.67,atrasado
710767367,2026-10-04T00:54:57.591969+00:00,-8.73859,-63.92187,22.4,350.1,350.1,0,HUMAITÁ/AM,PORTO VELHO/RO,,4.67,atrasado
710767367,2026-10-04T00:57:41.690098+00:00,-8.72888,-63.92358,22.4,357.3,357.3,0,HUMAITÁ/AM,PORTO VELHO/RO,,4.67,atrasado
710767367,2026-10-04T00:59:31.599673+00:00,-8.72229,-63.92389,22.4,1.0,1.0,0,HUMAITÁ/AM,PORTO VELHO/RO,,4.67,atrasado
710767367,2026-10-04T01:02:23.455166+00:00,-8.71197,-63.9237,22.4,6.5,6.5,0,HUMAITÁ/AM,PORTO VELHO/RO,,4.67,atrasado
710767367,2026-10-04T01:04:35.485993+00:00,-8.7041,-63.92279,22.4,7.5,7.5,0,HUMAITÁ/AM,PORTO VELHO/RO,,4.67,atrasado
710767367,2026-10-04T01:06:31.363285+00:00,-8.6972,-63.92187,22.4,7.5,7.5,0,HUMAITÁ/AM,PORTO VELHO/RO,,4.67,atrasado
710767367,2026-10-04T01:10:53.880465+00:00,-8.68158,-63.9198,22.4,1.5,1.5,0,HUMAITÁ/AM,PORTO VELHO/RO,,4.67,atrasado
710767367,2026-10-04T01:12:10.168048+00:00,-8.677,-63.91968,22.4,9.0,9.0,0,HUMAITÁ/AM,PORTO VELHO/RO,,4.67,atrasado
710767367,2026-10-04T01:15:30.850390+00:00,-8.6651,-63.91778,22.4,14.8,14.8,0,HUMAITÁ/AM,PORTO VELHO/RO,,4.67,atrasado
710767367,2026-10-04T01:19:03.296844+00:00,-8.65277,-63.91449,22.4,20.9,20.9,0,HUMAITÁ/AM,PORTO VELHO/RO,,4.67,atrasado
710767367,2026-10-04T01:21:07.352663+00:00,-8.64581,-63.9118,22.4,36.8,36.8,0,HUMAITÁ/AM,PORTO VELHO/RO,,4.67,atrasado
710767367,2026-10-04T01:23:16.753334+00:00,-8.63959,-63.9071,22.4,53.2,53.2,0,HUMAITÁ/AM,PORTO VELHO/RO,,4.67,atrasado
710767367,2026-10-04T01:25:02.124528+00:00,-8.6358,-63.90198,22.4,78.9,78.9,0,HUMAITÁ/AM,PORTO VELHO/RO,,4.67,atrasado
710767367,2026-10-04T01:27:03.020624+00:00,-8.6344,-63.89477,22.4,96.1,96.1,0,HUMAITÁ/AM,PORTO VELHO/RO,,4.67,atrasado
710767367,2026-10-04T01:28:39.049147+00:00,-8.63501,-63.88898,22.4,111.4,111.4,0,HUMAITÁ/AM,PORTO VELHO/RO,,4.67,atrasado
710767367,2026-10-04T01:30:05.424241+00:00,-8.6369,-63.88409,22.4,99.3,99.3,0,HUMAITÁ/AM,PORTO VELHO/RO,,4.67,atrasado
710767367,2026-10-04T01:31:40.157140+00:00,-8.63782,-63.87842,22.4,86.7,86.7,0,HUMAITÁ/AM,PORTO VELHO/RO,,4.67,atrasado
710767367,2026-10-04T01:34:35.355425+00:00,-8.63721,-63.8678,22.4,85.5,85.5,0,HUMAITÁ/AM,PORTO VELHO/RO,,4.67,atrasado
710767367,2026-10-04T01:37:12.634060+00:00,-8.63647,-63.85827,22.4,84.0,84.0,0,HUMAITÁ/AM,PORTO VELHO/RO,,4.67,atrasado
710767367,2026-10-04T01:40:17.608376+00:00,-8.63531,-63.8471,22.4,71.4,71.4,0,HUMAITÁ/AM,PORTO VELHO/RO,,4.67,atrasado
710767367,2026-10-04T01:41:30.793035+00:00,-8.63391,-63.84289,22.4,35.4,35.4,0,HUMAITÁ/AM,PORTO VELHO/RO,,4.67,atrasado
710767367,2026-10-04T01:43:09.460223+00:00,-8.62909,-63.83942,22.4,36.1,36.1,0,HUMAITÁ/AM,PORTO VELHO/RO,,4.67,atrasado
710767367,2026-10-04T01:44:31.287004+00:00,-8.62512,-63.83649,22.4,49.3,49.3,0,HUMAITÁ/AM,PORTO VELHO/RO,,4.67,atrasado
710767367,2026-10-04T01:46:54.590250+00:00,-8.61951,-63.82989,22.4,74.5,74.5,0,HUMAITÁ/AM,PORTO VELHO/RO,,4.67,atrasado
710767367,2026-10-04T01:50:39.865475+00:00,-8.6159,-63.81671,22.4,68.9,68.9,0,HUMAITÁ/AM,PORTO VELHO/RO,,4.67,atrasado
710767367,2026-10-04T01:53:09.630414+00:00,-8.61267,-63.80823,22.4,67.9,67.9,0,HUMAITÁ/AM,PORTO VELHO/RO,,4.67,atrasado
710767367,2026-10-04T01:56:23.887531+00:00,-8.60828,-63.7973,22.4,64.6,64.6,0,HUMAITÁ/AM,PORTO VELHO/RO,,4.67,atrasado
710767367,2026-10-04T01:58:27.368257+00:00,-8.6051,-63.79053,22.4,69.3,69.3,0,HUMAITÁ/AM,PORTO VELHO/RO,,4.67,atrasado
710767367,2026-10-04T02:03:29.360163+00:00,-8.59869,-63.77338,22.4,61.9,61.9,0,HUMAITÁ/AM,PORTO VELHO/RO,,4.67,atrasado
710767367,2026-10-04T02:05:30.184458+00:00,-8.59527,-63.76691,22.4,62.1,62.1,0,HUMAITÁ/AM,PORTO VELHO/RO,,4.67,atrasado
710767367,2026-10-04T02:10:10.108132+00:00,-8.5874,-63.75189,22.4,66.7,66.7,0,HUMAITÁ/AM,PORTO VELHO/RO,,4.67,atrasado
710767367,2026-10-04T02:12:00.669612+00:00,-8.58478,-63.74573,22.4,66.8,66.8,0,HUMAITÁ/AM,PORTO VELHO/RO,,4.67,atrasado
710767367,2026-10-04T02:13:54.395907+00:00,-8.58209,-63.73938,22.4,63.8,63.8,0,HUMAITÁ/AM,PORTO VELHO/RO,,4.67,atrasado
710767367,2026-10-04T02:15:39.667968+00:00,-8.5793,-63.73364,0.0,0.0,0.0,5,HUMAITÁ/AM,PORTO VELHO/RO,PORTO VELHO/RO,4.67,atrasado
710767367,2026-10-04T03:16:48.958257+00:00,-8.5793,-63.73364,0.0,0.0,0.0,5,HUMAITÁ/AM,PORTO VELHO/RO,PORTO VELHO/RO,4.67,atrasado
710767367,2026-10-04T04:17:58.248546+00:00,-8.5793,-63.73364,0.0,0.0,0.0,5,HUMAITÁ/AM,PORTO VELHO/RO,PORTO VELHO/RO,4.67,atrasado
710767367,2026-10-04T05:19:07.538834+00:00,-8.5793,-63.73364,0.0,0.0,0.0,5,HUMAITÁ/AM,PORTO VELHO/RO,PORTO VELHO/RO,4.67,atrasado
710767367,2026-10-04T06:20:16.829123+00:00,-8.5793,-63.73364,0.0,0.0,0.0,5,HUMAITÁ/AM,PORTO VELHO/RO,PORTO VELHO/RO,4.67,atrasado
710767367,2026-10-04T07:21:26.119412+00:00,-8.5793,-63.73364,0.0,0.0,0.0,5,HUMAITÁ/AM,PORTO VELHO/RO,PORTO VELHO/RO,4.67,atrasado
710767367,2026-10-04T08:22:35.409701+00:00,-8.5793,-63.73364,0.0,0.0,0.0,5,HUMAITÁ/AM,PORTO VELHO/RO,PORTO VELHO/RO,4.67,atrasado
710767367,2026-10-04T09:23:44.699990+00:00,-8.5793,-63.73364,0.0,0.0,0.0,5,HUMAITÁ/AM,PORTO VELHO/RO,PORTO VELHO/RO,4.67,atrasado
710767367,2026-10-04T10:24:53.990279+00:00,-8.5793,-63.73364,0.0,0.0,0.0,5,HUMAITÁ/AM,PORTO VELHO/RO,PORTO VELHO/RO,4.67,atrasado
710767367,2026-10-04T11:26:03.280568+00:00,-8.5793,-63.73364,0.0,0.0,0.0,5,HUMAITÁ/AM,PORTO VELHO/RO,PORTO VELHO/RO,4.67,atrasado
710767367,2026-10-04T12:27:12.570856+00:00,-8.5793,-63.73364,0.0,0.0,0.0,5,HUMAITÁ/AM,PORTO VELHO/RO,PORTO VELHO/RO,4.67,atrasado
710767367,2026-10-04T13:28:21.861145+00:00,-8.5793,-63.73364,0.0,0.0,0.0,5,HUMAITÁ/AM,PORTO VELHO/RO,PORTO VELHO/RO,4.67,atrasado
710767367,2026-10-04T14:29:31.151434+00:00,-8.5793,-63.73364,0.0,0.0,0.0,5,HUMAITÁ/AM,PORTO VELHO/RO,PORTO VELHO/RO,4.67,atrasado
710767367,2026-10-04T15:30:40.441723+00:00,-8.5793,-63.73364,0.0,0.0,0.0,5,HUMAITÁ/AM,PORTO VELHO/RO,PORTO VELHO/RO,4.67,atrasado
710767367,2026-10-04T16:31:49.732012+00:00,-8.5793,-63.73364,0.0,0.0,0.0,5,HUMAITÁ/AM,PORTO VELHO/RO,PORTO VELHO/RO,4.67,atrasado
710767367,2026-10-04T17:32:59.022301+00:00,-8.5793,-63.73364,0.0,0.0,0.0,5,HUMAITÁ/AM,PORTO VELHO/RO,PORTO VELHO/RO,4.67,atrasado
710767367,2026-10-04T18:34:08.312590+00:00,-8.5793,-63.73364,0.0,0.0,0.0,5,HUMAITÁ/AM,PORTO VELHO/RO,PORTO VELHO/RO,4.67,atrasado
710767367,2026-10-04T19:35:17.602878+00:00,-8.5793,-63.73364,0.0,0,0,5,HUMAITÁ/AM,PORTO VELHO/RO,PORTO VELHO/RO,4.67,atrasado
710939623,2026-09-26T12:25:44.201245+00:00,-3.45822,-68.95241,789.8,77.9,77.9,0,Amaturá/AM,São Paulo de Olivença/AM,,0.12,no_prazo
710939623,2026-09-26T12:25:50.851415+00:00,-3.45563,-68.94031,789.8,78.4,78.4,0,Amaturá/AM,São Paulo de Olivença/AM,,0.12,no_prazo
710939623,2026-09-26T12:25:57.882135+00:00,-3.453,-68.92749,789.8,88.4,88.4,0,Amaturá/AM,São Paulo de Olivença/AM,,0.12,no_prazo
710939623,2026-09-26T12:26:03.689482+00:00,-3.4527,-68.91669,789.8,85.0,85.0,0,Amaturá/AM,São Paulo de Olivença/AM,,0.12,no_prazo
710939623,2026-09-26T12:26:12.316014+00:00,-3.45129,-68.90069,789.8,81.5,81.5,0,Amaturá/AM,São Paulo de Olivença/AM,,0.12,no_prazo
710939623,2026-09-26T12:26:14.769442+00:00,-3.45062,-68.89618,789.8,84.4,84.4,0,Amaturá/AM,São Paulo de Olivença/AM,,0.12,no_prazo
710939623,2026-09-26T12:26:25.777481+00:00,-3.44861,-68.87579,789.8,82.7,82.7,0,Amaturá/AM,São Paulo de Olivença/AM,,0.12,no_prazo
710939623,2026-09-26T12:26:35.630854+00:00,-3.44629,-68.8576,789.8,88.0,88.0,0,Amaturá/AM,São Paulo de Olivença/AM,,0.12,no_prazo
710939623,2026-09-26T12:26:43.113345+00:00,-3.4458,-68.84369,789.8,96.9,96.9,0,Amaturá/AM,São Paulo de Olivença/AM,,0.12,no_prazo
710939623,2026-09-26T12:26:58.641298+00:00,-3.44928,-68.815,789.8,89.4,89.4,0,Amaturá/AM,São Paulo de Olivença/AM,,0.12,no_prazo
710939623,2026-09-26T12:27:08.316879+00:00,-3.44909,-68.797,789.8,82.5,82.5,0,Amaturá/AM,São Paulo de Olivença/AM,,0.12,no_prazo
710939623,2026-09-26T12:27:15.298366+00:00,-3.44739,-68.78412,789.8,71.3,71.3,0,Amaturá/AM,São Paulo de Olivença/AM,,0.12,no_prazo
710939623,2026-09-26T12:27:22.673627+00:00,-3.44299,-68.77112,789.8,63.8,63.8,0,Amaturá/AM,São Paulo de Olivença/AM,,0.12,no_prazo
710939623,2026-09-26T12:27:28.851079+00:00,-3.43793,-68.7608,789.8,58.4,58.4,0,Amaturá/AM,São Paulo de Olivença/AM,,0.12,no_prazo
710939623,2026-09-26T12:27:40.399817+00:00,-3.4267,-68.74249,789.8,52.3,52.3,0,Amaturá/AM,São Paulo de Olivença/AM,,0.12,no_prazo
710939623,2026-09-26T12:27:47.863807+00:00,-3.41821,-68.7315,789.8,56.7,56.7,0,Amaturá/AM,São Paulo de Olivença/AM,,0.12,no_prazo
710939623,2026-09-26T12:27:53.670590+00:00,-3.41229,-68.72247,789.8,57.4,57.4,0,Amaturá/AM,São Paulo de Olivença/AM,,0.12,no_prazo
710939623,2026-09-26T12:28:03.174618+00:00,-3.40277,-68.70758,789.8,70.2,70.2,0,Amaturá/AM,São Paulo de Olivença/AM,,0.12,no_prazo
710939623,2026-09-26T12:28:09.172565+00:00,-3.39899,-68.69708,789.8,61.4,61.4,0,Amaturá/AM,São Paulo de Olivença/AM,,0.12,no_prazo
710939623,2026-09-26T12:28:15.897193+00:00,-3.393,-68.68609,789.8,53.7,53.7,0,Amaturá/AM,São Paulo de Olivença/AM,,0.12,no_prazo
710939623,2026-09-26T12:28:19.888656+00:00,-3.38861,-68.68011,789.8,58.9,58.9,0,Amaturá/AM,São Paulo de Olivença/AM,,0.12,no_prazo
710939623,2026-09-26T12:28:26.056237+00:00,-3.38269,-68.67029,789.8,64.6,64.6,0,Amaturá/AM,São Paulo de Olivença/AM,,0.12,no_prazo
710939623,2026-09-26T12:28:34.480976+00:00,-3.37597,-68.65613,789.8,77.3,77.3,0,Amaturá/AM,São Paulo de Olivença/AM,,0.12,no_prazo
710939623,2026-09-26T12:28:39.120119+00:00,-3.37408,-68.6477,789.8,84.0,84.0,0,Amaturá/AM,São Paulo de Olivença/AM,,0.12,no_prazo
710939623,2026-09-26T12:28:44.792653+00:00,-3.37298,-68.63721,789.8,78.4,78.4,0,Amaturá/AM,São Paulo de Olivença/AM,,0.12,no_prazo
710939623,2026-09-26T12:28:50.350973+00:00,-3.37091,-68.62707,789.8,101.3,101.3,0,Amaturá/AM,São Paulo de Olivença/AM,,0.12,no_prazo
710939623,2026-09-26T12:28:56.706984+00:00,-3.37323,-68.61548,789.8,110.7,110.7,0,Amaturá/AM,São Paulo de Olivença/AM,,0.12,no_prazo
710939623,2026-09-26T12:29:02.739432+00:00,-3.3772,-68.60498,789.8,118.9,118.9,0,Amaturá/AM,São Paulo de Olivença/AM,,0.12,no_prazo
710939623,2026-09-26T12:29:08.995754+00:00,-3.38281,-68.59479,789.8,132.4,132.4,0,Amaturá/AM,São Paulo de Olivença/AM,,0.12,no_prazo
710939623,2026-09-26T12:29:15.037076+00:00,-3.39038,-68.58648,789.8,129.4,129.4,0,Amaturá/AM,São Paulo de Olivença/AM,,0.12,no_prazo
710939623,2026-09-26T12:29:21.358018+00:00,-3.39783,-68.57739,789.8,121.5,121.5,0,Amaturá/AM,São Paulo de Olivença/AM,,0.12,no_prazo
710939623,2026-09-26T12:29:27.087045+00:00,-3.40338,-68.5683,789.8,94.6,94.6,0,Amaturá/AM,São Paulo de Olivença/AM,,0.12,no_prazo
710939623,2026-09-26T12:29:32.417785+00:00,-3.40417,-68.55841,789.8,87.1,87.1,0,Amaturá/AM,São Paulo de Olivença/AM,,0.12,no_prazo
710939623,2026-09-26T12:29:36.260274+00:00,-3.40381,-68.55127,789.8,86.5,86.5,0,Amaturá/AM,São Paulo de Olivença/AM,,0.12,no_prazo
710939623,2026-09-26T12:29:40.071867+00:00,-3.40338,-68.54419,789.8,84.6,84.6,0,Amaturá/AM,São Paulo de Olivença/AM,,0.12,no_prazo
710939623,2026-09-26T12:29:50.976255+00:00,-3.40149,-68.52398,789.8,71.7,71.7,0,Amaturá/AM,São Paulo de Olivença/AM,,0.12,no_prazo
710939623,2026-09-26T12:29:59.575852+00:00,-3.39648,-68.50879,789.8,60.2,60.2,0,Amaturá/AM,São Paulo de Olivença/AM,,0.12,no_prazo
710939623,2026-09-26T12:30:07.366228+00:00,-3.38928,-68.49621,789.8,52.7,52.7,0,Amaturá/AM,São Paulo de Olivença/AM,,0.12,no_prazo
710939623,2026-09-26T12:30:13.923970+00:00,-3.3819,-68.48651,789.8,66.9,66.9,0,Amaturá/AM,São Paulo de Olivença/AM,,0.12,no_prazo
710939623,2026-09-26T12:30:21.700030+00:00,-3.37622,-68.4732,789.8,67.1,67.1,0,Amaturá/AM,São Paulo de Olivença/AM,,0.12,no_prazo
710939623,2026-09-26T12:30:30.742777+00:00,-3.36969,-68.4577,789.8,72.5,72.5,0,Amaturá/AM,São Paulo de Olivença/AM,,0.12,no_prazo
710939623,2026-09-26T12:30:38.067566+00:00,-3.3656,-68.4447,789.8,70.0,70.0,0,Amaturá/AM,São Paulo de Olivença/AM,,0.12,no_prazo
710939623,2026-09-26T12:30:44.699306+00:00,-3.36139,-68.4331,789.8,67.9,67.9,0,Amaturá/AM,São Paulo de Olivença/AM,,0.12,no_prazo
710939623,2026-09-26T12:30:49.158804+00:00,-3.35827,-68.42541,789.8,71.8,71.8,0,Amaturá/AM,São Paulo de Olivença/AM,,0.12,no_prazo
710939623,2026-09-26T12:30:54.823313+00:00,-3.35498,-68.4154,789.8,87.9,87.9,0,Amaturá/AM,São Paulo de Olivença/AM,,0.12,no_prazo
710939623,2026-09-26T12:30:59.287355+00:00,-3.35467,-68.4071,789.8,94.7,94.7,0,Amaturá/AM,São Paulo de Olivença/AM,,0.12,no_prazo
710939623,2026-09-26T12:31:02.940268+00:00,-3.35522,-68.40033,789.8,109.0,109.0,0,Amaturá/AM,São Paulo de Olivença/AM,,0.12,no_prazo
710939623,2026-09-26T12:31:09.497299+00:00,-3.35919,-68.38879,789.8,126.1,126.1,0,Amaturá/AM,São Paulo de Olivença/AM,,0.12,no_prazo
710939623,2026-09-26T12:31:14.079595+00:00,-3.3642,-68.3819,789.8,122.1,122.1,0,Amaturá/AM,São Paulo de Olivença/AM,,0.12,no_prazo
710939623,2026-09-26T12:31:19.460453+00:00,-3.36951,-68.37341,789.8,120.6,120.6,0,Amaturá/AM,São Paulo de Olivença/AM,,0.12,no_prazo
710939623,2026-09-26T12:31:25.786383+00:00,-3.37549,-68.36328,789.8,113.3,113.3,0,Amaturá/AM,São Paulo de Olivença/AM,,0.12,no_prazo
710939623,2026-09-26T12:31:31.106618+00:00,-3.37939,-68.35419,789.8,102.9,102.9,0,Amaturá/AM,São Paulo de Olivença/AM,,0.12,no_prazo
710939623,2026-09-26T12:31:38.642555+00:00,-3.38251,-68.34051,789.8,83.6,83.6,0,Amaturá/AM,São Paulo de Olivença/AM,,0.12,no_prazo
710939623,2026-09-26T12:31:43.098042+00:00,-3.38159,-68.33227,789.8,79.8,79.8,0,Amaturá/AM,São Paulo de Olivença/AM,,0.12,no_prazo
710939623,2026-09-26T12:31:49.364988+00:00,-3.37952,-68.3208,789.8,77.7,77.7,0,Amaturá/AM,São Paulo de Olivença/AM,,0.12,no_prazo
710939623,2026-09-26T12:31:56.448726+00:00,-3.37671,-68.30792,789.8,71.8,71.8,0,Amaturá/AM,São Paulo de Olivença/AM,,0.12,no_prazo
710939623,2026-09-26T12:32:03.939008+00:00,-3.37237,-68.29468,789.8,63.3,63.3,0,Amaturá/AM,São Paulo de Olivença/AM,,0.12,no_prazo
710939623,2026-09-26T12:32:09.265698+00:00,-3.36792,-68.28583,789.8,64.0,64.0,0,Amaturá/AM,São Paulo de Olivença/AM,,0.12,no_prazo
710939623,2026-09-26T12:32:15.326085+00:00,-3.36298,-68.27569,789.8,69.8,69.8,0,Amaturá/AM,São Paulo de Olivença/AM,,0.12,no_prazo
710939623,2026-09-26T12:32:20.951386+00:00,-3.35937,-68.26587,789.8,70.7,70.7,0,Amaturá/AM,São Paulo de Olivença/AM,,0.12,no_prazo
710939623,2026-09-26T12:32:26.616568+00:00,-3.35589,-68.25592,789.8,69.5,69.5,0,Amaturá/AM,São Paulo de Olivença/AM,,0.12,no_prazo
710939623,2026-09-26T12:32:30.467923+00:00,-3.35339,-68.24921,789.8,79.4,79.4,0,Amaturá/AM,São Paulo de Olivença/AM,,0.12,no_prazo
710939623,2026-09-26T12:32:35.074434+00:00,-3.35181,-68.24078,789.8,90.8,90.8,0,Amaturá/AM,São Paulo de Olivença/AM,,0.12,no_prazo
710939623,2026-09-26T12:32:41.832000+00:00,-3.35199,-68.22821,789.8,92.1,92.1,0,Amaturá/AM,São Paulo de Olivença/AM,,0.12,no_prazo
710939623,2026-09-26T12:32:48.889332+00:00,-3.35248,-68.21509,789.8,84.3,84.3,0,Amaturá/AM,São Paulo de Olivença/AM,,0.12,no_prazo
710939623,2026-09-26T12:32:58.422347+00:00,-3.35072,-68.19743,0.0,0.0,0.0,5,Amaturá/AM,São Paulo de Olivença/AM,São Paulo de Olivença/AM,0.12,no_prazo
710939623,2026-09-26T13:35:46.614200+00:00,-3.35072,-68.19743,0.0,0.0,0.0,5,Amaturá/AM,São Paulo de Olivença/AM,São Paulo de Olivença/AM,0.12,no_prazo
710939623,2026-09-26T14:38:34.806054+00:00,-3.35072,-68.19743,0.0,0.0,0.0,5,Amaturá/AM,São Paulo de Olivença/AM,São Paulo de Olivença/AM,0.12,no_prazo
710939623,2026-09-26T15:41:22.997907+00:00,-3.35072,-68.19743,0.0,0.0,0.0,5,Amaturá/AM,São Paulo de Olivença/AM,São Paulo de Olivença/AM,0.12,no_prazo
710939623,2026-09-26T16:44:11.189761+00:00,-3.35072,-68.19743,0.0,0.0,0.0,5,Amaturá/AM,São Paulo de Olivença/AM,São Paulo de Olivença/AM,0.12,no_prazo
710939623,2026-09-26T17:46:59.381614+00:00,-3.35072,-68.19743,0.0,0.0,0.0,5,Amaturá/AM,São Paulo de Olivença/AM,São Paulo de Olivença/AM,0.12,no_prazo
710939623,2026-09-26T18:49:47.573468+00:00,-3.35072,-68.19743,0.0,0.0,0.0,5,Amaturá/AM,São Paulo de Olivença/AM,São Paulo de Olivença/AM,0.12,no_prazo
710939623,2026-09-26T19:52:35.765321+00:00,-3.35072,-68.19743,33.2,84.0,84.0,0,Santo Antônio do Içá/AM,Amaturá/AM,,3.08,atrasado
710939623,2026-09-26T19:52:52.856375+00:00,-3.35058,-68.1961,33.2,72.3,72.3,0,Santo Antônio do Içá/AM,Amaturá/AM,,3.08,atrasado
710939623,2026-09-26T19:54:25.356356+00:00,-3.34839,-68.18921,33.2,69.4,69.4,0,Santo Antônio do Içá/AM,Amaturá/AM,,3.08,atrasado
710939623,2026-09-26T19:55:58.644495+00:00,-3.34582,-68.18237,33.2,69.0,69.0,0,Santo Antônio do Içá/AM,Amaturá/AM,,3.08,atrasado
710939623,2026-09-26T19:58:22.360083+00:00,-3.34179,-68.17187,33.2,88.6,88.6,0,Santo Antônio do Içá/AM,Amaturá/AM,,3.08,atrasado
710939623,2026-09-26T20:01:04.611460+00:00,-3.34149,-68.15918,33.2,80.1,80.1,0,Santo Antônio do Içá/AM,Amaturá/AM,,3.08,atrasado
710939623,2026-09-26T20:03:38.985416+00:00,-3.33941,-68.14728,33.2,75.3,75.3,0,Santo Antônio do Içá/AM,Amaturá/AM,,3.08,atrasado
710939623,2026-09-26T20:06:06.537539+00:00,-3.33649,-68.13611,33.2,72.0,72.0,0,Santo Antônio do Içá/AM,Amaturá/AM,,3.08,atrasado
710939623,2026-09-26T20:08:56.235187+00:00,-3.3324,-68.12347,33.2,77.4,77.4,0,Santo Antônio do Içá/AM,Amaturá/AM,,3.08,atrasado
710939623,2026-09-26T20:12:20.023113+00:00,-3.32892,-68.10791,33.2,87.8,87.8,0,Santo Antônio do Içá/AM,Amaturá/AM,,3.08,atrasado
710939623,2026-09-26T20:15:39.819468+00:00,-3.32831,-68.09228,33.2,109.1,109.1,0,Santo Antônio do Içá/AM,Amaturá/AM,,3.08,atrasado
710939623,2026-09-26T20:17:53.519613+00:00,-3.33173,-68.0824,33.2,123.5,123.5,0,Santo Antônio do Içá/AM,Amaturá/AM,,3.08,atrasado
710939623,2026-09-26T20:20:44.690016+00:00,-3.33911,-68.07123,33.2,119.1,119.1,0,Santo Antônio do Içá/AM,Amaturá/AM,,3.08,atrasado
710939623,2026-09-26T20:22:43.431021+00:00,-3.34363,-68.06311,33.2,104.2,104.2,0,Santo Antônio do Içá/AM,Amaturá/AM,,3.08,atrasado
710939623,2026-09-26T20:25:28.377310+00:00,-3.3468,-68.0506,33.2,97.1,97.1,0,Santo Antônio do Içá/AM,Amaturá/AM,,3.08,atrasado
710939623,2026-09-26T20:29:48.490252+00:00,-3.3493,-68.03039,33.2,91.3,91.3,0,Santo Antônio do Içá/AM,Amaturá/AM,,3.08,atrasado
710939623,2026-09-26T20:32:48.674469+00:00,-3.34961,-68.01629,33.2,98.3,98.3,0,Santo Antônio do Içá/AM,Amaturá/AM,,3.08,atrasado
710939623,2026-09-26T20:35:53.076769+00:00,-3.35168,-68.00201,33.2,93.9,93.9,0,Santo Antônio do Içá/AM,Amaturá/AM,,3.08,atrasado
710939623,2026-09-26T20:39:41.334898+00:00,-3.3529,-67.98419,33.2,70.4,70.4,0,Santo Antônio do Içá/AM,Amaturá/AM,,3.08,atrasado
710939623,2026-09-26T20:42:56.722101+00:00,-3.34778,-67.96979,33.2,57.2,57.2,0,Santo Antônio do Içá/AM,Amaturá/AM,,3.08,atrasado
710939623,2026-09-26T20:45:15.019501+00:00,-3.34192,-67.96069,33.2,59.1,59.1,0,Santo Antônio do Içá/AM,Amaturá/AM,,3.08,atrasado
710939623,2026-09-26T20:47:53.169428+00:00,-3.33557,-67.95007,33.2,37.6,37.6,0,Santo Antônio do Içá/AM,Amaturá/AM,,3.08,atrasado
710939623,2026-09-26T20:50:37.915235+00:00,-3.32538,-67.9422,33.2,25.3,25.3,0,Santo Antônio do Içá/AM,Amaturá/AM,,3.08,atrasado
710939623,2026-09-26T20:54:31.265491+00:00,-3.3089,-67.93439,33.2,16.6,16.6,0,Santo Antônio do Içá/AM,Amaturá/AM,,3.08,atrasado
710939623,2026-09-26T20:58:10.463406+00:00,-3.29248,-67.9295,33.2,7.4,7.4,0,Santo Antônio do Içá/AM,Amaturá/AM,,3.08,atrasado
710939623,2026-09-26T21:02:31.203824+00:00,-3.27228,-67.92688,33.2,7.0,7.0,0,Santo Antônio do Içá/AM,Amaturá/AM,,3.08,atrasado
710939623,2026-09-26T21:04:26.888536+00:00,-3.2633,-67.92578,33.2,3.8,3.8,0,Santo Antônio do Içá/AM,Amaturá/AM,,3.08,atrasado
710939623,2026-09-26T21:08:01.382952+00:00,-3.24658,-67.92468,33.2,1.7,1.7,0,Santo Antônio do Içá/AM,Amaturá/AM,,3.08,atrasado
710939623,2026-09-26T21:10:37.700594+00:00,-3.23437,-67.92432,33.2,343.7,343.7,0,Santo Antônio do Içá/AM,Amaturá/AM,,3.08,atrasado
710939623,2026-09-26T21:14:19.895312+00:00,-3.21771,-67.9292,33.2,335.9,335.9,0,Santo Antônio do Içá/AM,Amaturá/AM,,3.08,atrasado
710939623,2026-09-26T21:16:31.689830+00:00,-3.20831,-67.93341,33.2,349.6,349.6,0,Santo Antônio do Içá/AM,Amaturá/AM,,3.08,atrasado
710939623,2026-09-26T21:18:53.865442+00:00,-3.19739,-67.93542,33.2,358.4,358.4,0,Santo Antônio do Içá/AM,Amaturá/AM,,3.08,atrasado
710939623,2026-09-26T21:21:16.868283+00:00,-3.18622,-67.93573,33.2,16.2,16.2,0,Santo Antônio do Içá/AM,Amaturá/AM,,3.08,atrasado
710939623,2026-09-26T21:24:15.832337+00:00,-3.17279,-67.93182,33.2,22.3,22.3,0,Santo Antônio do Içá/AM,Amaturá/AM,,3.08,atrasado
710939623,2026-09-26T21:26:04.759855+00:00,-3.16492,-67.92859,33.2,13.0,13.0,0,Santo Antônio do Içá/AM,Amaturá/AM,,3.08,atrasado
710939623,2026-09-26T21:28:20.225138+00:00,-3.1546,-67.92621,33.2,7.1,7.1,0,Santo Antônio do Içá/AM,Amaturá/AM,,3.08,atrasado
710939623,2026-09-26T21:30:45.083856+00:00,-3.14337,-67.9248,0.0,0.0,0.0,5,Santo Antônio do Içá/AM,Amaturá/AM,Amaturá/AM,3.08,atrasado
710939623,2026-09-26T22:38:45.334133+00:00,-3.14337,-67.9248,0.0,0.0,0.0,5,Santo Antônio do Içá/AM,Amaturá/AM,Amaturá/AM,3.08,atrasado
710939623,2026-09-26T23:46:45.584410+00:00,-3.14337,-67.9248,0.0,0.0,0.0,5,Santo Antônio do Içá/AM,Amaturá/AM,Amaturá/AM,3.08,atrasado
710939623,2026-09-27T00:54:45.834688+00:00,-3.14337,-67.9248,0.0,0.0,0.0,5,Santo Antônio do Içá/AM,Amaturá/AM,Amaturá/AM,3.08,atrasado
710939623,2026-09-27T02:02:46.084965+00:00,-3.14337,-67.9248,0.0,0.0,0.0,5,Santo Antônio do Içá/AM,Amaturá/AM,Amaturá/AM,3.08,atrasado
710939623,2026-09-27T03:10:46.335242+00:00,-3.14337,-67.9248,160.5,0.0,0.0,0,Tonantins/AM,Santo Antônio do Içá/AM,,2.98,atrasado
710939623,2026-09-27T03:11:38.734863+00:00,-3.12359,-67.9248,160.5,1.8,1.8,0,Tonantins/AM,Santo Antônio do Içá/AM,,2.98,atrasado
710939623,2026-09-27T03:12:03.655969+00:00,-3.1142,-67.9245,160.5,11.8,11.8,0,Tonantins/AM,Santo Antônio do Içá/AM,,2.98,atrasado
710939623,2026-09-27T03:12:33.722589+00:00,-3.10309,-67.92218,160.5,18.4,18.4,0,Tonantins/AM,Santo Antônio do Içá/AM,,2.98,atrasado
710939623,2026-09-27T03:12:52.643803+00:00,-3.09631,-67.91992,160.5,17.1,17.1,0,Tonantins/AM,Santo Antônio do Içá/AM,,2.98,atrasado
710939623,2026-09-27T03:13:19.038512+00:00,-3.08679,-67.91699,160.5,32.8,32.8,0,Tonantins/AM,Santo Antônio do Içá/AM,,2.98,atrasado
710939623,2026-09-27T03:13:50.605522+00:00,-3.07678,-67.91052,160.5,29.0,29.0,0,Tonantins/AM,Santo Antônio do Içá/AM,,2.98,atrasado
710939623,2026-09-27T03:14:26.284342+00:00,-3.065,-67.90399,160.5,23.3,23.3,0,Tonantins/AM,Santo Antônio do Içá/AM,,2.98,atrasado
710939623,2026-09-27T03:14:47.069912+00:00,-3.0578,-67.90088,160.5,20.2,20.2,0,Tonantins/AM,Santo Antônio do Içá/AM,,2.98,atrasado
710939623,2026-09-27T03:15:11.370476+00:00,-3.04919,-67.8977,160.5,22.7,22.7,0,Tonantins/AM,Santo Antônio do Içá/AM,,2.98,atrasado
710939623,2026-09-27T03:15:38.910584+00:00,-3.03961,-67.89368,160.5,28.5,28.5,0,Tonantins/AM,Santo Antônio do Içá/AM,,2.98,atrasado
710939623,2026-09-27T03:16:12.767322+00:00,-3.02838,-67.88757,160.5,41.8,41.8,0,Tonantins/AM,Santo Antônio do Içá/AM,,2.98,atrasado
710939623,2026-09-27T03:16:44.016197+00:00,-3.01959,-67.8797,160.5,60.7,60.7,0,Tonantins/AM,Santo Antônio do Içá/AM,,2.98,atrasado
710939623,2026-09-27T03:17:18.083284+00:00,-3.0133,-67.86847,160.5,67.4,67.4,0,Tonantins/AM,Santo Antônio do Içá/AM,,2.98,atrasado
710939623,2026-09-27T03:17:49.224448+00:00,-3.00879,-67.8576,160.5,56.4,56.4,0,Tonantins/AM,Santo Antônio do Içá/AM,,2.98,atrasado
710939623,2026-09-27T03:18:33.411353+00:00,-2.99957,-67.84369,160.5,55.4,55.4,0,Tonantins/AM,Santo Antônio do Içá/AM,,2.98,atrasado
710939623,2026-09-27T03:19:03.617553+00:00,-2.9931,-67.83429,160.5,59.0,59.0,0,Tonantins/AM,Santo Antônio do Içá/AM,,2.98,atrasado
710939623,2026-09-27T03:19:40.000981+00:00,-2.98602,-67.82251,160.5,57.3,57.3,0,Tonantins/AM,Santo Antônio do Içá/AM,,2.98,atrasado
710939623,2026-09-27T03:20:04.560133+00:00,-2.98102,-67.8147,160.5,56.7,56.7,0,Tonantins/AM,Santo Antônio do Içá/AM,,2.98,atrasado
710939623,2026-09-27T03:20:29.299065+00:00,-2.97589,-67.80688,160.5,48.5,48.5,0,Tonantins/AM,Santo Antônio do Içá/AM,,2.98,atrasado
710939623,2026-09-27T03:21:02.045965+00:00,-2.96771,-67.79761,160.5,43.4,43.4,0,Tonantins/AM,Santo Antônio do Içá/AM,,2.98,atrasado
710939623,2026-09-27T03:21:30.972247+00:00,-2.95978,-67.7901,160.5,35.1,35.1,0,Tonantins/AM,Santo Antônio do Içá/AM,,2.98,atrasado
710939623,2026-09-27T03:21:50.347657+00:00,-2.95379,-67.78589,160.5,18.9,18.9,0,Tonantins/AM,Santo Antônio do Içá/AM,,2.98,atrasado
710939623,2026-09-27T03:22:11.364129+00:00,-2.94629,-67.78332,160.5,8.3,8.3,0,Tonantins/AM,Santo Antônio do Içá/AM,,2.98,atrasado
710939623,2026-09-27T03:22:26.895952+00:00,-2.94049,-67.78247,160.5,8.8,8.8,0,Tonantins/AM,Santo Antônio do Içá/AM,,2.98,atrasado
710939623,2026-09-27T03:22:40.482833+00:00,-2.93542,-67.78168,160.5,14.5,14.5,0,Tonantins/AM,Santo Antônio do Içá/AM,,2.98,atrasado
710939623,2026-09-27T03:23:05.703082+00:00,-2.92621,-67.7793,160.5,26.7,26.7,0,Tonantins/AM,Santo Antônio do Içá/AM,,2.98,atrasado
710939623,2026-09-27T03:23:34.482186+00:00,-2.9165,-67.77441,160.5,38.9,38.9,0,Tonantins/AM,Santo Antônio do Içá/AM,,2.98,atrasado
710939623,2026-09-27T03:23:56.318183+00:00,-2.91009,-67.76923,160.5,37.7,37.7,0,Tonantins/AM,Santo Antônio do Içá/AM,,2.98,atrasado
710939623,2026-09-27T03:24:21.444018+00:00,-2.90259,-67.76343,160.5,42.5,42.5,0,Tonantins/AM,Santo Antônio do Içá/AM,,2.98,atrasado
710939623,2026-09-27T03:24:25.305575+00:00,-2.90151,-67.76244,0.0,0.0,0.0,5,Tonantins/AM,Santo Antônio do Içá/AM,Santo Antônio do Içá/AM,2.98,atrasado
710939623,2026-09-27T04:25:40.639755+00:00,-2.90151,-67.76244,0.0,0.0,0.0,5,Tonantins/AM,Santo Antônio do Içá/AM,Santo Antônio do Içá/AM,2.98,atrasado
710939623,2026-09-27T05:26:55.973935+00:00,-2.90151,-67.76244,0.0,0.0,0.0,5,Tonantins/AM,Santo Antônio do Içá/AM,Santo Antônio do Içá/AM,2.98,atrasado
710939623,2026-09-27T06:28:11.308116+00:00,-2.90151,-67.76244,0.0,0.0,0.0,5,Tonantins/AM,Santo Antônio do Içá/AM,Santo Antônio do Içá/AM,2.98,atrasado
710939623,2026-09-27T07:29:26.642296+00:00,-2.90151,-67.76244,0.0,0.0,0.0,5,Tonantins/AM,Santo Antônio do Içá/AM,Santo Antônio do Içá/AM,2.98,atrasado
710939623,2026-09-27T08:30:41.976476+00:00,-2.90151,-67.76244,0.0,0.0,0.0,5,Tonantins/AM,Santo Antônio do Içá/AM,Santo Antônio do Içá/AM,2.98,atrasado
710939623,2026-09-27T09:31:57.310657+00:00,-2.90151,-67.76244,0.0,80.1,80.1,5,Tonantins/AM,Santo Antônio do Içá/AM,Santo Antônio do Içá/AM,2.98,atrasado
710939623,2026-09-27T10:26:26.436845+00:00,-2.72697,-66.7658,0.0,260.0,260.0,5,Jutaí/AM,Tonantins/AM,Tonantins/AM,4.01,atrasado
710939623,2026-09-27T10:33:12.644837+00:00,-2.90151,-67.76244,1752.6,42.3,42.3,0,Jutaí/AM,Tonantins/AM,,4.01,atrasado
710939623,2026-09-27T10:33:14.354708+00:00,-2.8963,-67.75769,1752.6,48.0,48.0,0,Jutaí/AM,Tonantins/AM,,4.01,atrasado
710939623,2026-09-27T10:33:16.565454+00:00,-2.8902,-67.75091,1752.6,43.4,43.4,0,Jutaí/AM,Tonantins/AM,,4.01,atrasado
710939623,2026-09-27T10:33:18.868409+00:00,-2.8833,-67.74438,1752.6,35.3,35.3,0,Jutaí/AM,Tonantins/AM,,4.01,atrasado
710939623,2026-09-27T10:33:21.299385+00:00,-2.87512,-67.73859,1752.6,29.8,29.8,0,Jutaí/AM,Tonantins/AM,,4.01,atrasado
710939623,2026-09-27T10:33:23.295283+00:00,-2.86798,-67.7345,1752.6,24.5,24.5,0,Jutaí/AM,Tonantins/AM,,4.01,atrasado
710939623,2026-09-27T10:33:25.507864+00:00,-2.85968,-67.73071,1752.6,22.4,22.4,0,Jutaí/AM,Tonantins/AM,,4.01,atrasado
710939623,2026-09-27T10:33:27.990557+00:00,-2.85022,-67.7268,1752.6,24.1,24.1,0,Jutaí/AM,Tonantins/AM,,4.01,atrasado
710939623,2026-09-27T10:33:29.726751+00:00,-2.84369,-67.72388,1752.6,27.0,27.0,0,Jutaí/AM,Tonantins/AM,,4.01,atrasado
710939623,2026-09-27T10:33:32.070133+00:00,-2.83508,-67.71948,1752.6,46.2,46.2,0,Jutaí/AM,Tonantins/AM,,4.01,atrasado
710939623,2026-09-27T10:33:34.445925+00:00,-2.82831,-67.7124,1752.6,48.9,48.9,0,Jutaí/AM,Tonantins/AM,,4.01,atrasado
710939623,2026-09-27T10:33:36.700991+00:00,-2.8222,-67.70538,1752.6,48.9,48.9,0,Jutaí/AM,Tonantins/AM,,4.01,atrasado
710939623,2026-09-27T10:33:38.662364+00:00,-2.81689,-67.69928,1752.6,50.2,50.2,0,Jutaí/AM,Tonantins/AM,,4.01,atrasado
710939623,2026-09-27T10:33:40.490526+00:00,-2.81207,-67.69348,1752.6,62.3,62.3,0,Jutaí/AM,Tonantins/AM,,4.01,atrasado
710939623,2026-09-27T10:33:42.561501+00:00,-2.8081,-67.68591,1752.6,54.6,54.6,0,Jutaí/AM,Tonantins/AM,,4.01,atrasado
710939623,2026-09-27T10:33:45.989421+00:00,-2.79992,-67.67438,1752.6,45.5,45.5,0,Jutaí/AM,Tonantins/AM,,4.01,atrasado
710939623,2026-09-27T10:33:47.318289+00:00,-2.79608,-67.67047,1752.6,44.5,44.5,0,Jutaí/AM,Tonantins/AM,,4.01,atrasado
710939623,2026-09-27T10:33:49.766929+00:00,-2.78888,-67.66339,1752.6,54.4,54.4,0,Jutaí/AM,Tonantins/AM,,4.01,atrasado
710939623,2026-09-27T10:33:52.513837+00:00,-2.78229,-67.65417,1752.6,60.7,60.7,0,Jutaí/AM,Tonantins/AM,,4.01,atrasado
710939623,2026-09-27T10:33:55.480968+00:00,-2.7763,-67.64349,1752.6,62.4,62.4,0,Jutaí/AM,Tonantins/AM,,4.01,atrasado
710939623,2026-09-27T10:33:58.352808+00:00,-2.77081,-67.63299,1752.6,62.0,62.0,0,Jutaí/AM,Tonantins/AM,,4.01,atrasado
710939623,2026-09-27T10:34:00.212461+00:00,-2.76721,-67.62622,1752.6,70.2,70.2,0,Jutaí/AM,Tonantins/AM,,4.01,atrasado
710939623,2026-09-27T10:34:02.224196+00:00,-2.7644,-67.61841,1752.6,75.8,75.8,0,Jutaí/AM,Tonantins/AM,,4.01,atrasado
710939623,2026-09-27T10:34:05.474447+00:00,-2.76111,-67.60541,1752.6,86.4,86.4,0,Jutaí/AM,Tonantins/AM,,4.01,atrasado
710939623,2026-09-27T10:34:08.319724+00:00,-2.76037,-67.59369,1752.6,89.0,89.0,0,Jutaí/AM,Tonantins/AM,,4.01,atrasado
710939623,2026-09-27T10:34:10.789821+00:00,-2.76019,-67.58349,1752.6,86.2,86.2,0,Jutaí/AM,Tonantins/AM,,4.01,atrasado
710939623,2026-09-27T10:34:12.998660+00:00,-2.75958,-67.5744,1752.6,92.3,92.3,0,Jutaí/AM,Tonantins/AM,,4.01,atrasado
710939623,2026-09-27T10:34:16.758219+00:00,-2.76019,-67.5589,1752.6,94.3,94.3,0,Jutaí/AM,Tonantins/AM,,4.01,atrasado
710939623,2026-09-27T10:34:19.768741+00:00,-2.76111,-67.54651,1752.6,85.4,85.4,0,Jutaí/AM,Tonantins/AM,,4.01,atrasado
710939623,2026-09-27T10:34:22.543221+00:00,-2.76019,-67.53509,1752.6,74.4,74.4,0,Jutaí/AM,Tonantins/AM,,4.01,atrasado
710939623,2026-09-27T10:34:25.690382+00:00,-2.75671,-67.52258,1752.6,68.3,68.3,0,Jutaí/AM,Tonantins/AM,,4.01,atrasado
710939623,2026-09-27T10:34:28.970317+00:00,-2.75171,-67.51001,1752.6,62.3,62.3,0,Jutaí/AM,Tonantins/AM,,4.01,atrasado
710939623,2026-09-27T10:34:31.524313+00:00,-2.74682,-67.50067,1752.6,57.1,57.1,0,Jutaí/AM,Tonantins/AM,,4.01,atrasado
710939623,2026-09-27T10:34:35.012640+00:00,-2.73901,-67.48859,1752.6,54.3,54.3,0,Jutaí/AM,Tonantins/AM,,4.01,atrasado
710939623,2026-09-27T10:34:38.765601+00:00,-2.72998,-67.47601,1752.6,46.0,46.0,0,Jutaí/AM,Tonantins/AM,,4.01,atrasado
710939623,2026-09-27T10:34:41.664654+00:00,-2.72168,-67.46741,1752.6,26.0,26.0,0,Jutaí/AM,Tonantins/AM,,4.01,atrasado
710939623,2026-09-27T10:34:45.273060+00:00,-2.70831,-67.46088,1752.6,22.1,22.1,0,Jutaí/AM,Tonantins/AM,,4.01,atrasado
710939623,2026-09-27T10:34:47.318373+00:00,-2.7005,-67.4577,1752.6,20.1,20.1,0,Jutaí/AM,Tonantins/AM,,4.01,atrasado
710939623,2026-09-27T10:34:49.983496+00:00,-2.69018,-67.45392,1752.6,22.2,22.2,0,Jutaí/AM,Tonantins/AM,,4.01,atrasado
710939623,2026-09-27T10:34:52.493403+00:00,-2.6806,-67.45001,1752.6,33.7,33.7,0,Jutaí/AM,Tonantins/AM,,4.01,atrasado
710939623,2026-09-27T10:34:55.642351+00:00,-2.6698,-67.44281,1752.6,45.0,45.0,0,Jutaí/AM,Tonantins/AM,,4.01,atrasado
710939623,2026-09-27T10:34:58.865448+00:00,-2.6604,-67.43341,1752.6,41.1,41.1,0,Jutaí/AM,Tonantins/AM,,4.01,atrasado
710939623,2026-09-27T10:35:02.085845+00:00,-2.65039,-67.42468,1752.6,38.7,38.7,0,Jutaí/AM,Tonantins/AM,,4.01,atrasado
710939623,2026-09-27T10:35:05.559940+00:00,-2.63922,-67.41571,1752.6,39.7,39.7,0,Jutaí/AM,Tonantins/AM,,4.01,atrasado
710939623,2026-09-27T10:35:07.735391+00:00,-2.63232,-67.40997,1752.6,47.1,47.1,0,Jutaí/AM,Tonantins/AM,,4.01,atrasado
710939623,2026-09-27T10:35:10.280030+00:00,-2.62518,-67.40228,1752.6,27.2,27.2,0,Jutaí/AM,Tonantins/AM,,4.01,atrasado
710939623,2026-09-27T10:35:12.345893+00:00,-2.61761,-67.39838,1752.6,33.1,33.1,0,Jutaí/AM,Tonantins/AM,,4.01,atrasado
710939623,2026-09-27T10:35:14.431577+00:00,-2.61041,-67.39368,1752.6,27.5,27.5,0,Jutaí/AM,Tonantins/AM,,4.01,atrasado
710939623,2026-09-27T10:35:16.000700+00:00,-2.60467,-67.39069,1752.6,22.0,22.0,0,Jutaí/AM,Tonantins/AM,,4.01,atrasado
710939623,2026-09-27T10:35:17.229746+00:00,-2.59997,-67.38879,1752.6,24.7,24.7,0,Jutaí/AM,Tonantins/AM,,4.01,atrasado
710939623,2026-09-27T10:35:19.673983+00:00,-2.59082,-67.38458,1752.6,24.7,24.7,0,Jutaí/AM,Tonantins/AM,,4.01,atrasado
710939623,2026-09-27T10:35:23.602221+00:00,-2.57611,-67.37781,1752.6,23.9,23.9,0,Jutaí/AM,Tonantins/AM,,4.01,atrasado
710939623,2026-09-27T10:35:25.172903+00:00,-2.57019,-67.37518,1752.6,38.1,38.1,0,Jutaí/AM,Tonantins/AM,,4.01,atrasado
710939623,2026-09-27T10:35:27.692767+00:00,-2.56201,-67.36877,1752.6,56.1,56.1,0,Jutaí/AM,Tonantins/AM,,4.01,atrasado
710939623,2026-09-27T10:35:31.862249+00:00,-2.55243,-67.35449,1752.6,81.0,81.0,0,Jutaí/AM,Tonantins/AM,,4.01,atrasado
710939623,2026-09-27T10:35:34.873013+00:00,-2.55048,-67.34222,1752.6,87.3,87.3,0,Jutaí/AM,Tonantins/AM,,4.01,atrasado
710939623,2026-09-27T10:35:38.427063+00:00,-2.5498,-67.32757,1752.6,91.4,91.4,0,Jutaí/AM,Tonantins/AM,,4.01,atrasado
710939623,2026-09-27T10:35:41.430796+00:00,-2.55011,-67.31518,1752.6,99.3,99.3,0,Jutaí/AM,Tonantins/AM,,4.01,atrasado
710939623,2026-09-27T10:35:45.672114+00:00,-2.55292,-67.29791,1752.6,108.0,108.0,0,Jutaí/AM,Tonantins/AM,,4.01,atrasado
710939623,2026-09-27T10:35:49.499071+00:00,-2.5578,-67.2829,1752.6,126.8,126.8,0,Jutaí/AM,Tonantins/AM,,4.01,atrasado
710939623,2026-09-27T10:35:51.919774+00:00,-2.56378,-67.2749,1752.6,121.1,121.1,0,Jutaí/AM,Tonantins/AM,,4.01,atrasado
710939623,2026-09-27T10:35:56.533161+00:00,-2.57361,-67.2586,1752.6,125.1,125.1,0,Jutaí/AM,Tonantins/AM,,4.01,atrasado
710939623,2026-09-27T10:35:59.263058+00:00,-2.58008,-67.24939,1752.6,137.6,137.6,0,Jutaí/AM,Tonantins/AM,,4.01,atrasado
710939623,2026-09-27T10:36:01.305822+00:00,-2.5863,-67.24371,1752.6,163.0,163.0,0,Jutaí/AM,Tonantins/AM,,4.01,atrasado
710939623,2026-09-27T10:36:03.736672+00:00,-2.59588,-67.24078,1752.6,176.0,176.0,0,Jutaí/AM,Tonantins/AM,,4.01,atrasado
710939623,2026-09-27T10:36:07.091427+00:00,-2.60968,-67.23981,1752.6,190.6,190.6,0,Jutaí/AM,Tonantins/AM,,4.01,atrasado
710939623,2026-09-27T10:36:11.264264+00:00,-2.62658,-67.24298,1752.6,182.1,182.1,0,Jutaí/AM,Tonantins/AM,,4.01,atrasado
710939623,2026-09-27T10:36:14.064805+00:00,-2.63812,-67.24341,1752.6,165.3,165.3,0,Jutaí/AM,Tonantins/AM,,4.01,atrasado
710939623,2026-09-27T10:36:17.494495+00:00,-2.65179,-67.23981,1752.6,146.5,146.5,0,Jutaí/AM,Tonantins/AM,,4.01,atrasado
710939623,2026-09-27T10:36:21.008793+00:00,-2.66388,-67.23181,1752.6,139.2,139.2,0,Jutaí/AM,Tonantins/AM,,4.01,atrasado
710939623,2026-09-27T10:36:23.611070+00:00,-2.672,-67.22479,1752.6,130.9,130.9,0,Jutaí/AM,Tonantins/AM,,4.01,atrasado
710939623,2026-09-27T10:36:25.530666+00:00,-2.67718,-67.21881,1752.6,118.1,118.1,0,Jutaí/AM,Tonantins/AM,,4.01,atrasado
710939623,2026-09-27T10:36:28.111885+00:00,-2.68219,-67.20941,1752.6,102.2,102.2,0,Jutaí/AM,Tonantins/AM,,4.01,atrasado
710939623,2026-09-27T10:36:31.184282+00:00,-2.68487,-67.19702,1752.6,88.8,88.8,0,Jutaí/AM,Tonantins/AM,,4.01,atrasado
710939623,2026-09-27T10:36:34.749518+00:00,-2.68457,-67.18231,1752.6,73.5,73.5,0,Jutaí/AM,Tonantins/AM,,4.01,atrasado
710939623,2026-09-27T10:36:37.202187+00:00,-2.6817,-67.17261,1752.6,55.8,55.8,0,Jutaí/AM,Tonantins/AM,,4.01,atrasado
710939623,2026-09-27T10:36:40.493508+00:00,-2.67407,-67.16138,1752.6,38.0,38.0,0,Jutaí/AM,Tonantins/AM,,4.01,atrasado
710939623,2026-09-27T10:36:43.403989+00:00,-2.66461,-67.15399,1752.6,29.9,29.9,0,Jutaí/AM,Tonantins/AM,,4.01,atrasado
710939623,2026-09-27T10:36:47.436048+00:00,-2.65021,-67.14569,1752.6,35.7,35.7,0,Jutaí/AM,Tonantins/AM,,4.01,atrasado
710939623,2026-09-27T10:36:49.058576+00:00,-2.64477,-67.14178,1752.6,40.2,40.2,0,Jutaí/AM,Tonantins/AM,,4.01,atrasado
710939623,2026-09-27T10:36:51.306025+00:00,-2.63769,-67.1358,1752.6,38.6,38.6,0,Jutaí/AM,Tonantins/AM,,4.01,atrasado
710939623,2026-09-27T10:36:53.011966+00:00,-2.6322,-67.13141,1752.6,31.7,31.7,0,Jutaí/AM,Tonantins/AM,,4.01,atrasado
710939623,2026-09-27T10:36:55.152285+00:00,-2.62469,-67.12677,1752.6,44.7,44.7,0,Jutaí/AM,Tonantins/AM,,4.01,atrasado
710939623,2026-09-27T10:36:57.234794+00:00,-2.61859,-67.12073,1752.6,60.4,60.4,0,Jutaí/AM,Tonantins/AM,,4.01,atrasado
710939623,2026-09-27T10:36:59.003941+00:00,-2.61499,-67.11438,1752.6,71.9,71.9,0,Jutaí/AM,Tonantins/AM,,4.01,atrasado
710939623,2026-09-27T10:37:00.856459+00:00,-2.61261,-67.10711,1752.6,83.4,83.4,0,Jutaí/AM,Tonantins/AM,,4.01,atrasado
710939623,2026-09-27T10:37:03.059984+00:00,-2.61157,-67.09808,1752.6,86.7,86.7,0,Jutaí/AM,Tonantins/AM,,4.01,atrasado
710939623,2026-09-27T10:37:05.148992+00:00,-2.61108,-67.08948,1752.6,94.3,94.3,0,Jutaí/AM,Tonantins/AM,,4.01,atrasado
710939623,2026-09-27T10:37:07.136681+00:00,-2.61169,-67.0813,1752.6,105.1,105.1,0,Jutaí/AM,Tonantins/AM,,4.01,atrasado
710939623,2026-09-27T10:37:09.296860+00:00,-2.61401,-67.07269,1752.6,116.1,116.1,0,Jutaí/AM,Tonantins/AM,,4.01,atrasado
710939623,2026-09-27T10:37:11.996309+00:00,-2.6189,-67.06268,1752.6,134.2,134.2,0,Jutaí/AM,Tonantins/AM,,4.01,atrasado
710939623,2026-09-27T10:37:14.822126+00:00,-2.62701,-67.05432,1752.6,156.0,156.0,0,Jutaí/AM,Tonantins/AM,,4.01,atrasado
710939623,2026-09-27T10:37:16.492045+00:00,-2.6333,-67.05151,1752.6,174.9,174.9,0,Jutaí/AM,Tonantins/AM,,4.01,atrasado
710939623,2026-09-27T10:37:18.632888+00:00,-2.64209,-67.05072,1752.6,179.0,179.0,0,Jutaí/AM,Tonantins/AM,,4.01,atrasado
710939623,2026-09-27T10:37:20.335945+00:00,-2.64911,-67.0506,1752.6,189.9,189.9,0,Jutaí/AM,Tonantins/AM,,4.01,atrasado
710939623,2026-09-27T10:37:22.575648+00:00,-2.6582,-67.05218,1752.6,191.5,191.5,0,Jutaí/AM,Tonantins/AM,,4.01,atrasado
710939623,2026-09-27T10:37:24.509409+00:00,-2.66601,-67.05377,1752.6,184.0,184.0,0,Jutaí/AM,Tonantins/AM,,4.01,atrasado
710939623,2026-09-27T10:37:26.008623+00:00,-2.67218,-67.0542,1752.6,188.4,188.4,0,Jutaí/AM,Tonantins/AM,,4.01,atrasado
710939623,2026-09-27T10:37:27.624989+00:00,-2.67877,-67.05517,1752.6,188.2,188.2,0,Jutaí/AM,Tonantins/AM,,4.01,atrasado
710939623,2026-09-27T10:37:30.033162+00:00,-2.6886,-67.05658,1752.6,183.2,183.2,0,Jutaí/AM,Tonantins/AM,,4.01,atrasado
710939623,2026-09-27T10:37:31.338255+00:00,-2.69397,-67.05688,1752.6,182.0,182.0,0,Jutaí/AM,Tonantins/AM,,4.01,atrasado
710939623,2026-09-27T10:37:33.116031+00:00,-2.70129,-67.05713,1752.6,171.5,171.5,0,Jutaí/AM,Tonantins/AM,,4.01,atrasado
710939623,2026-09-27T10:37:36.918790+00:00,-2.71679,-67.05481,1752.6,158.5,158.5,0,Jutaí/AM,Tonantins/AM,,4.01,atrasado
710939623,2026-09-27T10:37:40.102385+00:00,-2.729,-67.04999,1752.6,148.9,148.9,0,Jutaí/AM,Tonantins/AM,,4.01,atrasado
710939623,2026-09-27T10:37:44.803908+00:00,-2.7456,-67.03998,1752.6,126.6,126.6,0,Jutaí/AM,Tonantins/AM,,4.01,atrasado
710939623,2026-09-27T10:37:50.737266+00:00,-2.76019,-67.02032,1752.6,117.6,117.6,0,Jutaí/AM,Tonantins/AM,,4.01,atrasado
710939623,2026-09-27T10:37:55.825689+00:00,-2.7699,-67.00171,1752.6,105.7,105.7,0,Jutaí/AM,Tonantins/AM,,4.01,atrasado
710939623,2026-09-27T10:38:00.742372+00:00,-2.77539,-66.98218,1752.6,90.5,90.5,0,Jutaí/AM,Tonantins/AM,,4.01,atrasado
710939623,2026-09-27T10:38:03.936937+00:00,-2.77551,-66.96899,1752.6,77.7,77.7,0,Jutaí/AM,Tonantins/AM,,4.01,atrasado
710939623,2026-09-27T10:38:07.281862+00:00,-2.77258,-66.9555,1752.6,68.2,68.2,0,Jutaí/AM,Tonantins/AM,,4.01,atrasado
710939623,2026-09-27T10:38:10.069908+00:00,-2.76831,-66.94482,1752.6,45.5,45.5,0,Jutaí/AM,Tonantins/AM,,4.01,atrasado
710939623,2026-09-27T10:38:12.497613+00:00,-2.76129,-66.93768,1752.6,32.6,32.6,0,Jutaí/AM,Tonantins/AM,,4.01,atrasado
710939623,2026-09-27T10:38:14.255208+00:00,-2.75519,-66.93377,1752.6,18.1,18.1,0,Jutaí/AM,Tonantins/AM,,4.01,atrasado
710939623,2026-09-27T10:38:16.249558+00:00,-2.74737,-66.93121,1752.6,20.0,20.0,0,Jutaí/AM,Tonantins/AM,,4.01,atrasado
710939623,2026-09-27T10:38:19.008213+00:00,-2.73669,-66.92731,1752.6,19.8,19.8,0,Jutaí/AM,Tonantins/AM,,4.01,atrasado
710939623,2026-09-27T10:38:21.022073+00:00,-2.72888,-66.9245,1752.6,12.1,12.1,0,Jutaí/AM,Tonantins/AM,,4.01,atrasado
710939623,2026-09-27T10:38:22.854474+00:00,-2.72149,-66.92291,1752.6,21.3,21.3,0,Jutaí/AM,Tonantins/AM,,4.01,atrasado
710939623,2026-09-27T10:38:25.985943+00:00,-2.70947,-66.91821,1752.6,19.6,19.6,0,Jutaí/AM,Tonantins/AM,,4.01,atrasado
710939623,2026-09-27T10:38:28.374058+00:00,-2.70019,-66.91491,1752.6,29.9,29.9,0,Jutaí/AM,Tonantins/AM,,4.01,atrasado
710939623,2026-09-27T10:38:31.192461+00:00,-2.69012,-66.90912,1752.6,39.8,39.8,0,Jutaí/AM,Tonantins/AM,,4.01,atrasado
710939623,2026-09-27T10:38:34.449975+00:00,-2.67981,-66.90051,1752.6,57.7,57.7,0,Jutaí/AM,Tonantins/AM,,4.01,atrasado
710939623,2026-09-27T10:38:37.914388+00:00,-2.67218,-66.88843,1752.6,65.9,65.9,0,Jutaí/AM,Tonantins/AM,,4.01,atrasado
710939623,2026-09-27T10:38:41.106295+00:00,-2.66681,-66.8764,1752.6,82.7,82.7,0,Jutaí/AM,Tonantins/AM,,4.01,atrasado
710939623,2026-09-27T10:38:44.386451+00:00,-2.6651,-66.86298,1752.6,107.9,107.9,0,Jutaí/AM,Tonantins/AM,,4.01,atrasado
710939623,2026-09-27T10:38:46.982703+00:00,-2.66839,-66.85278,1752.6,118.5,118.5,0,Jutaí/AM,Tonantins/AM,,4.01,atrasado
710939623,2026-09-27T10:38:50.180266+00:00,-2.67468,-66.84118,1752.6,123.6,123.6,0,Jutaí/AM,Tonantins/AM,,4.01,atrasado
710939623,2026-09-27T10:38:52.293631+00:00,-2.6795,-66.83392,1752.6,134.2,134.2,0,Jutaí/AM,Tonantins/AM,,4.01,atrasado
710939623,2026-09-27T10:38:53.612219+00:00,-2.68329,-66.83002,1752.6,128.5,128.5,0,Jutaí/AM,Tonantins/AM,,4.01,atrasado
710939623,2026-09-27T10:38:57.277324+00:00,-2.69269,-66.81817,1752.6,129.5,129.5,0,Jutaí/AM,Tonantins/AM,,4.01,atrasado
710939623,2026-09-27T10:39:00.725811+00:00,-2.70172,-66.80719,1752.6,133.2,133.2,0,Jutaí/AM,Tonantins/AM,,4.01,atrasado
710939623,2026-09-27T10:39:03.688616+00:00,-2.71008,-66.79828,1752.6,123.2,123.2,0,Jutaí/AM,Tonantins/AM,,4.01,atrasado
710939623,2026-09-27T10:39:07.911176+00:00,-2.7196,-66.78369,1752.6,118.9,118.9,0,Jutaí/AM,Tonantins/AM,,4.01,atrasado
710939623,2026-09-27T10:39:10.764948+00:00,-2.72528,-66.77338,1752.6,102.6,102.6,0,Jutaí/AM,Tonantins/AM,,4.01,atrasado
710939623,2026-09-27T11:35:35.780406+00:00,-2.72697,-66.7658,0.0,0.0,0.0,5,Jutaí/AM,Tonantins/AM,Tonantins/AM,4.01,atrasado
710939623,2026-09-27T12:44:45.123967+00:00,-2.72697,-66.7658,0.0,0.0,0.0,5,Jutaí/AM,Tonantins/AM,Tonantins/AM,4.01,atrasado
710939623,2026-09-27T13:53:54.467528+00:00,-2.72697,-66.7658,0.0,0.0,0.0,5,Jutaí/AM,Tonantins/AM,Tonantins/AM,4.01,atrasado
710939623,2026-09-27T15:03:03.811090+00:00,-2.72697,-66.7658,0.0,0.0,0.0,5,Jutaí/AM,Tonantins/AM,Tonantins/AM,4.01,atrasado
710939623,2026-09-27T16:12:13.154651+00:00,-2.72697,-66.7658,27.3,102.6,102.6,0,Fonte Boa/AM,Jutaí-AM,,8.76,atrasado
710939623,2026-09-27T16:14:07.776977+00:00,-2.72858,-66.7586,27.3,87.8,87.8,0,Fonte Boa/AM,Jutaí-AM,,8.76,atrasado
710939623,2026-09-27T16:17:22.325076+00:00,-2.72809,-66.74609,27.3,72.2,72.2,0,Fonte Boa/AM,Jutaí-AM,,8.76,atrasado
710939623,2026-09-27T16:19:07.889742+00:00,-2.72601,-66.73962,27.3,68.4,68.4,0,Fonte Boa/AM,Jutaí-AM,,8.76,atrasado
710939623,2026-09-27T16:22:36.963128+00:00,-2.72107,-66.72711,27.3,62.5,62.5,0,Fonte Boa/AM,Jutaí-AM,,8.76,atrasado
710939623,2026-09-27T16:25:37.697609+00:00,-2.7157,-66.7168,27.3,58.4,58.4,0,Fonte Boa/AM,Jutaí-AM,,8.76,atrasado
710939623,2026-09-27T16:30:11.508702+00:00,-2.70648,-66.70178,27.3,63.9,63.9,0,Fonte Boa/AM,Jutaí-AM,,8.76,atrasado
710939623,2026-09-27T16:33:42.761919+00:00,-2.7005,-66.68957,27.3,67.4,67.4,0,Fonte Boa/AM,Jutaí-AM,,8.76,atrasado
710939623,2026-09-27T16:38:07.682406+00:00,-2.69397,-66.67383,27.3,67.2,67.2,0,Fonte Boa/AM,Jutaí-AM,,8.76,atrasado
710939623,2026-09-27T16:42:51.652358+00:00,-2.68689,-66.65698,27.3,64.6,64.6,0,Fonte Boa/AM,Jutaí-AM,,8.76,atrasado
710939623,2026-09-27T16:48:28.536196+00:00,-2.67761,-66.63739,27.3,49.6,49.6,0,Fonte Boa/AM,Jutaí-AM,,8.76,atrasado
710939623,2026-09-27T16:52:21.432966+00:00,-2.66791,-66.62597,27.3,39.3,39.3,0,Fonte Boa/AM,Jutaí-AM,,8.76,atrasado
710939623,2026-09-27T16:56:01.233069+00:00,-2.65698,-66.617,27.3,35.2,35.2,0,Fonte Boa/AM,Jutaí-AM,,8.76,atrasado
710939623,2026-09-27T17:00:09.801509+00:00,-2.64392,-66.60779,27.3,29.0,29.0,0,Fonte Boa/AM,Jutaí-AM,,8.76,atrasado
710939623,2026-09-27T17:05:01.673099+00:00,-2.6275,-66.59869,27.3,18.0,18.0,0,Fonte Boa/AM,Jutaí-AM,,8.76,atrasado
710939623,2026-09-27T17:11:03.115143+00:00,-2.60541,-66.59149,27.3,13.2,13.2,0,Fonte Boa/AM,Jutaí-AM,,8.76,atrasado
710939623,2026-09-27T17:15:33.226410+00:00,-2.5885,-66.58752,27.3,9.5,9.5,0,Fonte Boa/AM,Jutaí-AM,,8.76,atrasado
710939623,2026-09-27T17:19:50.274963+00:00,-2.5722,-66.58478,27.3,348.1,348.1,0,Fonte Boa/AM,Jutaí-AM,,8.76,atrasado
710939623,2026-09-27T17:25:06.612129+00:00,-2.55231,-66.58899,27.3,333.0,333.0,0,Fonte Boa/AM,Jutaí-AM,,8.76,atrasado
710939623,2026-09-27T17:29:12.823295+00:00,-2.53821,-66.59619,27.3,328.5,328.5,0,Fonte Boa/AM,Jutaí-AM,,8.76,atrasado
710939623,2026-09-27T17:32:52.254126+00:00,-2.52618,-66.60358,27.3,341.3,341.3,0,Fonte Boa/AM,Jutaí-AM,,8.76,atrasado
710939623,2026-09-27T17:36:54.819931+00:00,-2.51141,-66.60858,27.3,337.6,337.6,0,Fonte Boa/AM,Jutaí-AM,,8.76,atrasado
710939623,2026-09-27T17:39:26.770690+00:00,-2.50238,-66.6123,27.3,330.2,330.2,0,Fonte Boa/AM,Jutaí-AM,,8.76,atrasado
710939623,2026-09-27T17:43:12.099783+00:00,-2.48981,-66.61951,27.3,331.2,331.2,0,Fonte Boa/AM,Jutaí-AM,,8.76,atrasado
710939623,2026-09-27T17:49:16.175999+00:00,-2.4693,-66.6308,27.3,348.1,348.1,0,Fonte Boa/AM,Jutaí-AM,,8.76,atrasado
710939623,2026-09-27T17:52:15.671724+00:00,-2.45801,-66.63318,27.3,19.6,19.6,0,Fonte Boa/AM,Jutaí-AM,,8.76,atrasado
710939623,2026-09-27T17:55:11.017454+00:00,-2.44739,-66.62939,27.3,44.9,44.9,0,Fonte Boa/AM,Jutaí-AM,,8.76,atrasado
710939623,2026-09-27T17:57:53.396516+00:00,-2.44,-66.62201,27.3,55.2,55.2,0,Fonte Boa/AM,Jutaí-AM,,8.76,atrasado
710939623,2026-09-27T18:00:47.910968+00:00,-2.43359,-66.61279,27.3,67.9,67.9,0,Fonte Boa/AM,Jutaí-AM,,8.76,atrasado
710939623,2026-09-27T18:04:09.604749+00:00,-2.42871,-66.60077,27.3,75.8,75.8,0,Fonte Boa/AM,Jutaí-AM,,8.76,atrasado
710939623,2026-09-27T18:06:48.123343+00:00,-2.42621,-66.59088,27.3,77.8,77.8,0,Fonte Boa/AM,Jutaí-AM,,8.76,atrasado
710939623,2026-09-27T18:11:12.141584+00:00,-2.42261,-66.57428,27.3,75.2,75.2,0,Fonte Boa/AM,Jutaí-AM,,8.76,atrasado
710939623,2026-09-27T18:14:41.050814+00:00,-2.41919,-66.56128,27.3,68.5,68.5,0,Fonte Boa/AM,Jutaí-AM,,8.76,atrasado
710939623,2026-09-27T18:17:47.618575+00:00,-2.41479,-66.55011,27.3,67.9,67.9,0,Fonte Boa/AM,Jutaí-AM,,8.76,atrasado
710939623,2026-09-27T18:21:47.197055+00:00,-2.40899,-66.53583,27.3,68.6,68.6,0,Fonte Boa/AM,Jutaí-AM,,8.76,atrasado
710939623,2026-09-27T18:24:46.528512+00:00,-2.40478,-66.52508,27.3,75.9,75.9,0,Fonte Boa/AM,Jutaí-AM,,8.76,atrasado
710939623,2026-09-27T18:27:50.360767+00:00,-2.40191,-66.51361,27.3,77.5,77.5,0,Fonte Boa/AM,Jutaí-AM,,8.76,atrasado
710939623,2026-09-27T18:32:39.882446+00:00,-2.39789,-66.49542,27.3,84.2,84.2,0,Fonte Boa/AM,Jutaí-AM,,8.76,atrasado
710939623,2026-09-27T18:38:46.012883+00:00,-2.39551,-66.47198,27.3,83.0,83.0,0,Fonte Boa/AM,Jutaí-AM,,8.76,atrasado
710939623,2026-09-27T18:44:07.082332+00:00,-2.393,-66.45148,27.3,92.7,92.7,0,Fonte Boa/AM,Jutaí-AM,,8.76,atrasado
710939623,2026-09-27T18:49:36.593644+00:00,-2.39398,-66.4303,27.3,123.2,123.2,0,Fonte Boa/AM,Jutaí-AM,,8.76,atrasado
710939623,2026-09-27T18:53:09.751287+00:00,-2.40149,-66.41882,27.3,143.8,143.8,0,Fonte Boa/AM,Jutaí-AM,,8.76,atrasado
710939623,2026-09-27T18:57:20.326287+00:00,-2.41449,-66.4093,27.3,170.8,170.8,0,Fonte Boa/AM,Jutaí-AM,,8.76,atrasado
710939623,2026-09-27T19:00:23.094952+00:00,-2.42609,-66.40741,27.3,186.0,186.0,0,Fonte Boa/AM,Jutaí-AM,,8.76,atrasado
710939623,2026-09-27T19:05:01.865999+00:00,-2.44391,-66.4093,27.3,182.4,182.4,0,Fonte Boa/AM,Jutaí-AM,,8.76,atrasado
710939623,2026-09-27T19:10:00.227333+00:00,-2.46307,-66.41009,27.3,183.0,183.0,0,Fonte Boa/AM,Jutaí-AM,,8.76,atrasado
710939623,2026-09-27T19:15:29.154638+00:00,-2.48419,-66.41119,27.3,175.4,175.4,0,Fonte Boa/AM,Jutaí-AM,,8.76,atrasado
710939623,2026-09-27T19:20:02.497453+00:00,-2.50171,-66.40979,27.3,173.6,173.6,0,Fonte Boa/AM,Jutaí-AM,,8.76,atrasado
710939623,2026-09-27T19:24:28.064103+00:00,-2.51867,-66.4079,27.3,167.4,167.4,0,Fonte Boa/AM,Jutaí-AM,,8.76,atrasado
710939623,2026-09-27T19:28:00.186354+00:00,-2.53198,-66.40491,27.3,161.9,161.9,0,Fonte Boa/AM,Jutaí-AM,,8.76,atrasado
710939623,2026-09-27T19:31:45.937541+00:00,-2.54577,-66.40039,27.3,162.8,162.8,0,Fonte Boa/AM,Jutaí-AM,,8.76,atrasado
710939623,2026-09-27T19:34:38.886431+00:00,-2.5564,-66.39709,27.3,151.6,151.6,0,Fonte Boa/AM,Jutaí-AM,,8.76,atrasado
710939623,2026-09-27T19:37:16.451287+00:00,-2.56531,-66.39227,27.3,142.2,142.2,0,Fonte Boa/AM,Jutaí-AM,,8.76,atrasado
710939623,2026-09-27T19:40:46.776765+00:00,-2.57599,-66.38397,27.3,139.2,139.2,0,Fonte Boa/AM,Jutaí-AM,,8.76,atrasado
710939623,2026-09-27T19:44:53.709714+00:00,-2.58801,-66.37359,27.3,112.3,112.3,0,Fonte Boa/AM,Jutaí-AM,,8.76,atrasado
710939623,2026-09-27T19:47:33.658896+00:00,-2.59192,-66.36407,27.3,97.2,97.2,0,Fonte Boa/AM,Jutaí-AM,,8.76,atrasado
710939623,2026-09-27T19:52:30.932190+00:00,-2.5943,-66.34509,27.3,100.0,100.0,0,Fonte Boa/AM,Jutaí-AM,,8.76,atrasado
710939623,2026-09-27T19:56:03.763341+00:00,-2.59668,-66.3316,27.3,93.0,93.0,0,Fonte Boa/AM,Jutaí-AM,,8.76,atrasado
710939623,2026-09-27T19:58:49.021866+00:00,-2.59723,-66.32098,27.3,83.0,83.0,0,Fonte Boa/AM,Jutaí-AM,,8.76,atrasado
710939623,2026-09-27T20:01:01.837582+00:00,-2.59619,-66.3125,27.3,61.0,61.0,0,Fonte Boa/AM,Jutaí-AM,,8.76,atrasado
710939623,2026-09-27T20:04:13.766751+00:00,-2.59021,-66.30169,27.3,54.0,54.0,0,Fonte Boa/AM,Jutaí-AM,,8.76,atrasado
710939623,2026-09-27T20:06:05.154984+00:00,-2.586,-66.2959,27.3,23.1,23.1,0,Fonte Boa/AM,Jutaí-AM,,8.76,atrasado
710939623,2026-09-27T20:07:51.481789+00:00,-2.57971,-66.29321,27.3,8.1,8.1,0,Fonte Boa/AM,Jutaí-AM,,8.76,atrasado
710939623,2026-09-27T20:09:52.308241+00:00,-2.57202,-66.29211,27.3,29.6,29.6,0,Fonte Boa/AM,Jutaí-AM,,8.76,atrasado
710939623,2026-09-27T20:11:49.213938+00:00,-2.56549,-66.28839,27.3,53.5,53.5,0,Fonte Boa/AM,Jutaí-AM,,8.76,atrasado
710939623,2026-09-27T20:15:02.579820+00:00,-2.5581,-66.27838,27.3,55.9,55.9,0,Fonte Boa/AM,Jutaí-AM,,8.76,atrasado
710939623,2026-09-27T20:18:49.408531+00:00,-2.54992,-66.26629,27.3,54.1,54.1,0,Fonte Boa/AM,Jutaí-AM,,8.76,atrasado
710939623,2026-09-27T20:21:59.006025+00:00,-2.54278,-66.25641,27.3,48.9,48.9,0,Fonte Boa/AM,Jutaí-AM,,8.76,atrasado
710939623,2026-09-27T20:25:38.225933+00:00,-2.53351,-66.24579,27.3,40.8,40.8,0,Fonte Boa/AM,Jutaí-AM,,8.76,atrasado
710939623,2026-09-27T20:27:31.247783+00:00,-2.52801,-66.24103,27.3,51.1,51.1,0,Fonte Boa/AM,Jutaí-AM,,8.76,atrasado
710939623,2026-09-27T20:29:00.298574+00:00,-2.52441,-66.23657,27.3,54.0,54.0,0,Fonte Boa/AM,Jutaí-AM,,8.76,atrasado
710939623,2026-09-27T20:30:34.052467+00:00,-2.52087,-66.23169,27.3,61.3,61.3,0,Fonte Boa/AM,Jutaí-AM,,8.76,atrasado
710939623,2026-09-27T20:32:02.792925+00:00,-2.51813,-66.22668,27.3,41.1,41.1,0,Fonte Boa/AM,Jutaí-AM,,8.76,atrasado
710939623,2026-09-27T20:33:13.411253+00:00,-2.51471,-66.22369,27.3,46.1,46.1,0,Fonte Boa/AM,Jutaí-AM,,8.76,atrasado
710939623,2026-09-27T20:34:20.516822+00:00,-2.51172,-66.22058,27.3,56.4,56.4,0,Fonte Boa/AM,Jutaí-AM,,8.76,atrasado
710939623,2026-09-27T20:35:51.565961+00:00,-2.50848,-66.2157,27.3,85.7,85.7,0,Fonte Boa/AM,Jutaí-AM,,8.76,atrasado
710939623,2026-09-27T20:37:06.714877+00:00,-2.50812,-66.21088,27.3,98.1,98.1,0,Fonte Boa/AM,Jutaí-AM,,8.76,atrasado
710939623,2026-09-27T20:39:15.089305+00:00,-2.50928,-66.2027,27.3,115.1,115.1,0,Fonte Boa/AM,Jutaí-AM,,8.76,atrasado
710939623,2026-09-27T20:41:13.491773+00:00,-2.51251,-66.1958,27.3,130.8,130.8,0,Fonte Boa/AM,Jutaí-AM,,8.76,atrasado
710939623,2026-09-27T20:43:28.726334+00:00,-2.51819,-66.18921,27.3,121.7,121.7,0,Fonte Boa/AM,Jutaí-AM,,8.76,atrasado
710939623,2026-09-27T20:44:47.968709+00:00,-2.52087,-66.18487,27.3,114.9,114.9,0,Fonte Boa/AM,Jutaí-AM,,8.76,atrasado
710939623,2026-09-27T20:46:40.865175+00:00,-2.52392,-66.17828,27.3,89.1,89.1,0,Fonte Boa/AM,Jutaí-AM,,8.76,atrasado
710939623,2026-09-27T20:48:45.118965+00:00,-2.5238,-66.17029,27.3,88.5,88.5,0,Fonte Boa/AM,Jutaí-AM,,8.76,atrasado
710939623,2026-09-27T20:50:35.176336+00:00,-2.52362,-66.16321,27.3,73.9,73.9,0,Fonte Boa/AM,Jutaí-AM,,8.76,atrasado
710939623,2026-09-27T20:52:01.052925+00:00,-2.52209,-66.1579,27.3,74.3,74.3,0,Fonte Boa/AM,Jutaí-AM,,8.76,atrasado
710939623,2026-09-27T20:53:49.442420+00:00,-2.5202,-66.15118,27.3,68.3,68.3,0,Fonte Boa/AM,Jutaí-AM,,8.76,atrasado
710939623,2026-09-27T20:56:13.357523+00:00,-2.51678,-66.14258,27.3,54.2,54.2,0,Fonte Boa/AM,Jutaí-AM,,8.76,atrasado
710939623,2026-09-27T20:58:23.177401+00:00,-2.5119,-66.1358,27.3,42.7,42.7,0,Fonte Boa/AM,Jutaí-AM,,8.76,atrasado
710939623,2026-09-27T20:59:30.326865+00:00,-2.50873,-66.13287,27.3,44.5,44.5,0,Fonte Boa/AM,Jutaí-AM,,8.76,atrasado
710939623,2026-09-27T21:00:47.505465+00:00,-2.50519,-66.12939,27.3,40.9,40.9,0,Fonte Boa/AM,Jutaí-AM,,8.76,atrasado
710939623,2026-09-27T21:02:05.529909+00:00,-2.5014,-66.1261,27.3,52.7,52.7,0,Fonte Boa/AM,Jutaí-AM,,8.76,atrasado
710939623,2026-09-27T21:04:34.488390+00:00,-2.4956,-66.11847,27.3,80.6,80.6,0,Fonte Boa/AM,Jutaí-AM,,8.76,atrasado
710939623,2026-09-27T21:06:48.125990+00:00,-2.4942,-66.10998,27.3,87.0,87.0,0,Fonte Boa/AM,Jutaí-AM,,8.76,atrasado
710939623,2026-09-27T21:09:49.539386+00:00,-2.49359,-66.09833,27.3,85.8,85.8,0,Fonte Boa/AM,Jutaí-AM,,8.76,atrasado
710939623,2026-09-27T21:11:20.413920+00:00,-2.49316,-66.09249,0.0,0.0,0.0,5,Fonte Boa/AM,Jutaí-AM,Jutaí-AM,8.76,atrasado
710939623,2026-09-27T22:21:11.285432+00:00,-2.49316,-66.09249,0.0,0.0,0.0,5,Fonte Boa/AM,Jutaí-AM,Jutaí-AM,8.76,atrasado
710939623,2026-09-27T23:31:02.156945+00:00,-2.49316,-66.09249,0.0,0.0,0.0,5,Fonte Boa/AM,Jutaí-AM,Jutaí-AM,8.76,atrasado
710939623,2026-09-28T00:40:53.028457+00:00,-2.49316,-66.09249,0.0,0.0,0.0,5,Fonte Boa/AM,Jutaí-AM,Jutaí-AM,8.76,atrasado
710939623,2026-09-28T01:50:43.899969+00:00,-2.49316,-66.09249,0.0,0.0,0.0,5,Fonte Boa/AM,Jutaí-AM,Jutaí-AM,8.76,atrasado
710939623,2026-09-28T03:00:34.771481+00:00,-2.49316,-66.09249,15.1,85.8,85.8,0,Manaus/AM,Fonte Boa/AM,,12.32,atrasado
710939623,2026-09-28T03:01:44.377543+00:00,-2.49298,-66.09002,15.1,85.9,85.9,0,Manaus/AM,Fonte Boa/AM,,12.32,atrasado
710939623,2026-09-28T03:06:57.481835+00:00,-2.49219,-66.07892,15.1,75.5,75.5,0,Manaus/AM,Fonte Boa/AM,,12.32,atrasado
710939623,2026-09-28T03:12:00.504134+00:00,-2.4895,-66.06848,15.1,71.8,71.8,0,Manaus/AM,Fonte Boa/AM,,12.32,atrasado
710939623,2026-09-28T03:16:40.552962+00:00,-2.48639,-66.05902,15.1,69.7,69.7,0,Manaus/AM,Fonte Boa/AM,,12.32,atrasado
710939623,2026-09-28T03:22:22.631724+00:00,-2.48218,-66.04761,15.1,64.1,64.1,0,Manaus/AM,Fonte Boa/AM,,12.32,atrasado
710939623,2026-09-28T03:28:59.483244+00:00,-2.47601,-66.03491,15.1,69.8,69.8,0,Manaus/AM,Fonte Boa/AM,,12.32,atrasado
710939623,2026-09-28T03:34:17.702001+00:00,-2.4721,-66.02429,15.1,66.0,66.0,0,Manaus/AM,Fonte Boa/AM,,12.32,atrasado
710939623,2026-09-28T03:39:21.948452+00:00,-2.46771,-66.0144,15.1,74.1,74.1,0,Manaus/AM,Fonte Boa/AM,,12.32,atrasado
710939623,2026-09-28T03:42:48.922427+00:00,-2.4657,-66.00732,15.1,73.4,73.4,0,Manaus/AM,Fonte Boa/AM,,12.32,atrasado
710939623,2026-09-28T03:46:38.091474+00:00,-2.46338,-65.99951,15.1,73.3,73.3,0,Manaus/AM,Fonte Boa/AM,,12.32,atrasado
710939623,2026-09-28T03:49:13.925706+00:00,-2.46179,-65.9942,15.1,71.5,71.5,0,Manaus/AM,Fonte Boa/AM,,12.32,atrasado
710939623,2026-09-28T03:51:51.313459+00:00,-2.46002,-65.98889,15.1,74.1,74.1,0,Manaus/AM,Fonte Boa/AM,,12.32,atrasado
710939623,2026-09-28T03:55:30.775485+00:00,-2.45788,-65.98138,15.1,74.5,74.5,0,Manaus/AM,Fonte Boa/AM,,12.32,atrasado
710939623,2026-09-28T03:59:02.704168+00:00,-2.45587,-65.97412,15.1,81.0,81.0,0,Manaus/AM,Fonte Boa/AM,,12.32,atrasado
710939623,2026-09-28T04:02:31.227827+00:00,-2.45471,-65.9668,15.1,97.5,97.5,0,Manaus/AM,Fonte Boa/AM,,12.32,atrasado
710939623,2026-09-28T04:05:50.253204+00:00,-2.45563,-65.95978,15.1,111.9,111.9,0,Manaus/AM,Fonte Boa/AM,,12.32,atrasado
710939623,2026-09-28T04:10:35.167849+00:00,-2.45941,-65.95038,15.1,126.8,126.8,0,Manaus/AM,Fonte Boa/AM,,12.32,atrasado
710939623,2026-09-28T04:14:15.942485+00:00,-2.46411,-65.94409,15.1,121.8,121.8,0,Manaus/AM,Fonte Boa/AM,,12.32,atrasado
710939623,2026-09-28T04:17:54.101705+00:00,-2.4682,-65.9375,15.1,120.0,120.0,0,Manaus/AM,Fonte Boa/AM,,12.32,atrasado
710939623,2026-09-28T04:20:32.486470+00:00,-2.47101,-65.93262,15.1,115.6,115.6,0,Manaus/AM,Fonte Boa/AM,,12.32,atrasado
710939623,2026-09-28T04:25:38.810417+00:00,-2.47571,-65.92279,15.1,115.0,115.0,0,Manaus/AM,Fonte Boa/AM,,12.32,atrasado
710939623,2026-09-28T04:30:11.400959+00:00,-2.4798,-65.914,15.1,112.6,112.6,0,Manaus/AM,Fonte Boa/AM,,12.32,atrasado
710939623,2026-09-28T04:34:48.375883+00:00,-2.48358,-65.90491,15.1,117.9,117.9,0,Manaus/AM,Fonte Boa/AM,,12.32,atrasado
710939623,2026-09-28T04:40:00.873048+00:00,-2.48877,-65.89508,15.1,113.8,113.8,0,Manaus/AM,Fonte Boa/AM,,12.32,atrasado
710939623,2026-09-28T04:44:42.127015+00:00,-2.4928,-65.88592,15.1,117.3,117.3,0,Manaus/AM,Fonte Boa/AM,,12.32,atrasado
710939623,2026-09-28T04:49:37.691686+00:00,-2.49762,-65.87659,15.1,100.1,100.1,0,Manaus/AM,Fonte Boa/AM,,12.32,atrasado
710939623,2026-09-28T04:53:31.287035+00:00,-2.49908,-65.86841,15.1,90.7,90.7,0,Manaus/AM,Fonte Boa/AM,,12.32,atrasado
710939623,2026-09-28T04:57:55.594547+00:00,-2.4992,-65.85901,15.1,91.3,91.3,0,Manaus/AM,Fonte Boa/AM,,12.32,atrasado
710939623,2026-09-28T05:01:43.865715+00:00,-2.49939,-65.85089,15.1,107.3,107.3,0,Manaus/AM,Fonte Boa/AM,,12.32,atrasado
710939623,2026-09-28T05:06:26.138048+00:00,-2.50238,-65.84131,15.1,115.8,115.8,0,Manaus/AM,Fonte Boa/AM,,12.32,atrasado
710939623,2026-09-28T05:13:00.691045+00:00,-2.50848,-65.82867,15.1,134.5,134.5,0,Manaus/AM,Fonte Boa/AM,,12.32,atrasado
710939623,2026-09-28T05:19:30.408958+00:00,-2.51819,-65.81879,15.1,145.7,145.7,0,Manaus/AM,Fonte Boa/AM,,12.32,atrasado
710939623,2026-09-28T05:24:19.507654+00:00,-2.52667,-65.81299,15.1,147.1,147.1,0,Manaus/AM,Fonte Boa/AM,,12.32,atrasado
710939623,2026-09-28T05:31:29.123700+00:00,-2.53949,-65.80469,15.1,161.8,161.8,0,Manaus/AM,Fonte Boa/AM,,12.32,atrasado
710939623,2026-09-28T05:35:20.505085+00:00,-2.5473,-65.80212,15.1,164.5,164.5,0,Manaus/AM,Fonte Boa/AM,,12.32,atrasado
710939623,2026-09-28T05:38:00.933274+00:00,-2.55279,-65.8006,15.1,156.9,156.9,0,Manaus/AM,Fonte Boa/AM,,12.32,atrasado
710939623,2026-09-28T05:42:18.689417+00:00,-2.56122,-65.797,15.1,137.9,137.9,0,Manaus/AM,Fonte Boa/AM,,12.32,atrasado
710939623,2026-09-28T05:46:21.795715+00:00,-2.56763,-65.7912,15.1,128.6,128.6,0,Manaus/AM,Fonte Boa/AM,,12.32,atrasado
710939623,2026-09-28T05:50:51.764512+00:00,-2.57361,-65.78369,15.1,149.4,149.4,0,Manaus/AM,Fonte Boa/AM,,12.32,atrasado
710939623,2026-09-28T05:55:55.093625+00:00,-2.58288,-65.7782,15.1,136.3,136.3,0,Manaus/AM,Fonte Boa/AM,,12.32,atrasado
710939623,2026-09-28T06:00:28.308537+00:00,-2.5899,-65.77148,15.1,138.5,138.5,0,Manaus/AM,Fonte Boa/AM,,12.32,atrasado
710939623,2026-09-28T06:06:10.096009+00:00,-2.599,-65.76343,15.1,131.7,131.7,0,Manaus/AM,Fonte Boa/AM,,12.32,atrasado
710939623,2026-09-28T06:10:46.078177+00:00,-2.60553,-65.7561,15.1,136.7,136.7,0,Manaus/AM,Fonte Boa/AM,,12.32,atrasado
710939623,2026-09-28T06:16:26.133780+00:00,-2.61432,-65.7478,15.1,122.3,122.3,0,Manaus/AM,Fonte Boa/AM,,12.32,atrasado
710939623,2026-09-28T06:22:39.457216+00:00,-2.6214,-65.73657,15.1,118.1,118.1,0,Manaus/AM,Fonte Boa/AM,,12.32,atrasado
710939623,2026-09-28T06:31:05.449972+00:00,-2.62988,-65.7207,15.1,128.5,128.5,0,Manaus/AM,Fonte Boa/AM,,12.32,atrasado
710939623,2026-09-28T06:36:36.560036+00:00,-2.63721,-65.71148,15.1,131.9,131.9,0,Manaus/AM,Fonte Boa/AM,,12.32,atrasado
710939623,2026-09-28T06:44:58.628792+00:00,-2.64911,-65.69818,0.0,0.0,0.0,5,Manaus/AM,Fonte Boa/AM,Fonte Boa/AM,12.32,atrasado
710939623,2026-09-28T07:51:00.851400+00:00,-2.64911,-65.69818,0.0,0.0,0.0,5,Manaus/AM,Fonte Boa/AM,Fonte Boa/AM,12.32,atrasado
710939623,2026-09-28T08:57:03.074008+00:00,-2.64911,-65.69818,0.0,0.0,0.0,5,Manaus/AM,Fonte Boa/AM,Fonte Boa/AM,12.32,atrasado
710939623,2026-09-28T10:03:05.296616+00:00,-2.64911,-65.69818,0.0,0.0,0.0,5,Manaus/AM,Fonte Boa/AM,Fonte Boa/AM,12.32,atrasado
710939623,2026-09-28T11:09:07.519224+00:00,-2.64911,-65.69818,0.0,0.0,0.0,5,Manaus/AM,Fonte Boa/AM,Fonte Boa/AM,12.32,atrasado
710939623,2026-09-28T12:15:09.741832+00:00,-2.64911,-65.69818,0.0,0.0,0.0,5,Manaus/AM,Fonte Boa/AM,Fonte Boa/AM,12.32,atrasado
710939623,2026-09-28T13:21:11.964440+00:00,-2.64911,-65.69818,95.5,116.5,116.5,0,Manaus/AM,Fonte Boa/AM,,14.54,atrasado
710939623,2026-09-28T13:21:27.747071+00:00,-2.65069,-65.69501,95.5,133.6,133.6,0,Manaus/AM,Fonte Boa/AM,,14.54,atrasado
710939623,2026-09-28T13:22:21.333521+00:00,-2.65899,-65.68628,95.5,111.8,111.8,0,Manaus/AM,Fonte Boa/AM,,14.54,atrasado
710939623,2026-09-28T13:23:19.197984+00:00,-2.66382,-65.67419,95.5,97.5,97.5,0,Manaus/AM,Fonte Boa/AM,,14.54,atrasado
710939623,2026-09-28T13:24:13.396410+00:00,-2.6654,-65.66211,95.5,95.5,95.5,0,Manaus/AM,Fonte Boa/AM,,14.54,atrasado
710939623,2026-09-28T13:25:04.383619+00:00,-2.6665,-65.65069,95.5,86.5,86.5,0,Manaus/AM,Fonte Boa/AM,,14.54,atrasado
710939623,2026-09-28T13:26:09.913958+00:00,-2.66559,-65.63599,95.5,78.5,78.5,0,Manaus/AM,Fonte Boa/AM,,14.54,atrasado
710939623,2026-09-28T13:26:56.168823+00:00,-2.66351,-65.62579,95.5,81.0,81.0,0,Manaus/AM,Fonte Boa/AM,,14.54,atrasado
710939623,2026-09-28T13:27:34.363806+00:00,-2.66217,-65.61731,95.5,86.0,86.0,0,Manaus/AM,Fonte Boa/AM,,14.54,atrasado
710939623,2026-09-28T13:28:09.185877+00:00,-2.66162,-65.6095,95.5,88.3,88.3,0,Manaus/AM,Fonte Boa/AM,,14.54,atrasado
710939623,2026-09-28T13:29:14.621951+00:00,-2.66119,-65.59479,95.5,76.6,76.6,0,Manaus/AM,Fonte Boa/AM,,14.54,atrasado
710939623,2026-09-28T13:29:59.256780+00:00,-2.65887,-65.58502,95.5,65.5,65.5,0,Manaus/AM,Fonte Boa/AM,,14.54,atrasado
710939623,2026-09-28T13:31:05.458667+00:00,-2.65271,-65.57147,95.5,58.5,58.5,0,Manaus/AM,Fonte Boa/AM,,14.54,atrasado
710939623,2026-09-28T13:31:56.395357+00:00,-2.64673,-65.56171,95.5,56.1,56.1,0,Manaus/AM,Fonte Boa/AM,,14.54,atrasado
710939623,2026-09-28T13:32:54.899831+00:00,-2.6394,-65.55078,95.5,46.7,46.7,0,Manaus/AM,Fonte Boa/AM,,14.54,atrasado
710939623,2026-09-28T13:33:47.532577+00:00,-2.63129,-65.54217,95.5,48.8,48.8,0,Manaus/AM,Fonte Boa/AM,,14.54,atrasado
710939623,2026-09-28T13:34:54.304511+00:00,-2.6214,-65.53088,95.5,36.7,36.7,0,Manaus/AM,Fonte Boa/AM,,14.54,atrasado
710939623,2026-09-28T13:36:01.060369+00:00,-2.60937,-65.52191,95.5,20.2,20.2,0,Manaus/AM,Fonte Boa/AM,,14.54,atrasado
710939623,2026-09-28T13:36:45.063521+00:00,-2.6001,-65.51849,95.5,19.6,19.6,0,Manaus/AM,Fonte Boa/AM,,14.54,atrasado
710939623,2026-09-28T13:37:32.666806+00:00,-2.59002,-65.51489,95.5,22.5,22.5,0,Manaus/AM,Fonte Boa/AM,,14.54,atrasado
710939623,2026-09-28T13:38:36.480101+00:00,-2.57678,-65.5094,95.5,39.4,39.4,0,Manaus/AM,Fonte Boa/AM,,14.54,atrasado
710939623,2026-09-28T13:39:17.962172+00:00,-2.56958,-65.50348,95.5,43.5,43.5,0,Manaus/AM,Fonte Boa/AM,,14.54,atrasado
710939623,2026-09-28T13:39:48.696188+00:00,-2.56457,-65.49872,95.5,47.4,47.4,0,Manaus/AM,Fonte Boa/AM,,14.54,atrasado
710939623,2026-09-28T13:40:21.940483+00:00,-2.55951,-65.49322,95.5,27.4,27.4,0,Manaus/AM,Fonte Boa/AM,,14.54,atrasado
710939623,2026-09-28T13:40:36.642616+00:00,-2.55658,-65.4917,95.5,15.9,15.9,0,Manaus/AM,Fonte Boa/AM,,14.54,atrasado
710939623,2026-09-28T13:41:04.329431+00:00,-2.5506,-65.48999,95.5,352.6,352.6,0,Manaus/AM,Fonte Boa/AM,,14.54,atrasado
710939623,2026-09-28T13:41:21.316871+00:00,-2.54681,-65.49048,95.5,346.5,346.5,0,Manaus/AM,Fonte Boa/AM,,14.54,atrasado
710939623,2026-09-28T13:41:38.646219+00:00,-2.54303,-65.49139,95.5,8.7,8.7,0,Manaus/AM,Fonte Boa/AM,,14.54,atrasado
710939623,2026-09-28T13:42:01.739675+00:00,-2.5379,-65.4906,95.5,27.2,27.2,0,Manaus/AM,Fonte Boa/AM,,14.54,atrasado
710939623,2026-09-28T13:42:21.297702+00:00,-2.53399,-65.48859,95.5,45.9,45.9,0,Manaus/AM,Fonte Boa/AM,,14.54,atrasado
710939623,2026-09-28T13:42:45.493300+00:00,-2.53021,-65.48468,95.5,54.7,54.7,0,Manaus/AM,Fonte Boa/AM,,14.54,atrasado
710939623,2026-09-28T13:43:07.117402+00:00,-2.5274,-65.48071,95.5,69.6,69.6,0,Manaus/AM,Fonte Boa/AM,,14.54,atrasado
710939623,2026-09-28T13:43:26.528490+00:00,-2.52588,-65.47662,95.5,78.2,78.2,0,Manaus/AM,Fonte Boa/AM,,14.54,atrasado
710939623,2026-09-28T13:43:47.876141+00:00,-2.5249,-65.47192,95.5,79.5,79.5,0,Manaus/AM,Fonte Boa/AM,,14.54,atrasado
710939623,2026-09-28T13:44:14.653065+00:00,-2.5238,-65.466,95.5,76.4,76.4,0,Manaus/AM,Fonte Boa/AM,,14.54,atrasado
710939623,2026-09-28T13:44:41.183425+00:00,-2.5224,-65.4602,95.5,69.2,69.2,0,Manaus/AM,Fonte Boa/AM,,14.54,atrasado
710939623,2026-09-28T13:45:11.081701+00:00,-2.52002,-65.45392,95.5,72.0,72.0,0,Manaus/AM,Fonte Boa/AM,,14.54,atrasado
710939623,2026-09-28T13:45:53.315921+00:00,-2.51709,-65.44488,95.5,70.2,70.2,0,Manaus/AM,Fonte Boa/AM,,14.54,atrasado
710939623,2026-09-28T13:46:32.556790+00:00,-2.5141,-65.43658,95.5,32.0,32.0,0,Manaus/AM,Fonte Boa/AM,,14.54,atrasado
710939623,2026-09-28T13:47:18.679395+00:00,-2.50531,-65.43109,95.5,27.4,27.4,0,Manaus/AM,Fonte Boa/AM,,14.54,atrasado
710939623,2026-09-28T13:47:52.332743+00:00,-2.49859,-65.42761,95.5,19.9,19.9,0,Manaus/AM,Fonte Boa/AM,,14.54,atrasado
710939623,2026-09-28T13:48:34.526807+00:00,-2.48968,-65.42438,95.5,21.6,21.6,0,Manaus/AM,Fonte Boa/AM,,14.54,atrasado
710939623,2026-09-28T13:49:27.699089+00:00,-2.47858,-65.41998,95.5,30.6,30.6,0,Manaus/AM,Fonte Boa/AM,,14.54,atrasado
710939623,2026-09-28T13:50:36.503133+00:00,-2.46527,-65.41211,95.5,40.3,40.3,0,Manaus/AM,Fonte Boa/AM,,14.54,atrasado
710939623,2026-09-28T13:51:44.136780+00:00,-2.45367,-65.40228,95.5,64.1,64.1,0,Manaus/AM,Fonte Boa/AM,,14.54,atrasado
710939623,2026-09-28T13:52:33.920644+00:00,-2.44879,-65.39221,95.5,90.0,90.0,0,Manaus/AM,Fonte Boa/AM,,14.54,atrasado
710939623,2026-09-28T13:53:05.949797+00:00,-2.44879,-65.38501,95.5,108.8,108.8,0,Manaus/AM,Fonte Boa/AM,,14.54,atrasado
710939623,2026-09-28T13:53:51.531669+00:00,-2.45209,-65.3753,95.5,118.4,118.4,0,Manaus/AM,Fonte Boa/AM,,14.54,atrasado
710939623,2026-09-28T13:54:26.394974+00:00,-2.45581,-65.36841,95.5,137.2,137.2,0,Manaus/AM,Fonte Boa/AM,,14.54,atrasado
710939623,2026-09-28T13:54:51.183785+00:00,-2.4599,-65.36462,95.5,140.2,140.2,0,Manaus/AM,Fonte Boa/AM,,14.54,atrasado
710939623,2026-09-28T13:55:21.263738+00:00,-2.46509,-65.36029,95.5,137.2,137.2,0,Manaus/AM,Fonte Boa/AM,,14.54,atrasado
710939623,2026-09-28T13:55:46.055739+00:00,-2.46918,-65.3565,95.5,136.3,136.3,0,Manaus/AM,Fonte Boa/AM,,14.54,atrasado
710939623,2026-09-28T13:56:11.983363+00:00,-2.47339,-65.35248,95.5,117.6,117.6,0,Manaus/AM,Fonte Boa/AM,,14.54,atrasado
710939623,2026-09-28T13:56:43.558362+00:00,-2.47668,-65.34619,95.5,123.6,123.6,0,Manaus/AM,Fonte Boa/AM,,14.54,atrasado
710939623,2026-09-28T13:57:21.361239+00:00,-2.48138,-65.33911,95.5,137.8,137.8,0,Manaus/AM,Fonte Boa/AM,,14.54,atrasado
710939623,2026-09-28T13:58:01.735152+00:00,-2.4881,-65.33301,95.5,146.0,146.0,0,Manaus/AM,Fonte Boa/AM,,14.54,atrasado
710939623,2026-09-28T13:58:31.866313+00:00,-2.49371,-65.32922,95.5,148.4,148.4,0,Manaus/AM,Fonte Boa/AM,,14.54,atrasado
710939623,2026-09-28T13:59:35.035068+00:00,-2.5058,-65.32178,95.5,150.5,150.5,0,Manaus/AM,Fonte Boa/AM,,14.54,atrasado
710939623,2026-09-28T14:00:32.443785+00:00,-2.51703,-65.31543,95.5,143.9,143.9,0,Manaus/AM,Fonte Boa/AM,,14.54,atrasado
710939623,2026-09-28T14:01:26.877644+00:00,-2.52691,-65.30823,95.5,144.6,144.6,0,Manaus/AM,Fonte Boa/AM,,14.54,atrasado
710939623,2026-09-28T14:02:07.195062+00:00,-2.5343,-65.30298,95.5,135.2,135.2,0,Manaus/AM,Fonte Boa/AM,,14.54,atrasado
710939623,2026-09-28T14:02:49.248507+00:00,-2.54101,-65.29632,95.5,137.6,137.6,0,Manaus/AM,Fonte Boa/AM,,14.54,atrasado
710939623,2026-09-28T14:03:52.872286+00:00,-2.55157,-65.28668,95.5,146.2,146.2,0,Manaus/AM,Fonte Boa/AM,,14.54,atrasado
710939623,2026-09-28T14:04:35.736078+00:00,-2.55957,-65.28131,95.5,164.6,164.6,0,Manaus/AM,Fonte Boa/AM,,14.54,atrasado
710939623,2026-09-28T14:05:24.771822+00:00,-2.57019,-65.27838,95.5,190.4,190.4,0,Manaus/AM,Fonte Boa/AM,,14.54,atrasado
710939623,2026-09-28T14:06:17.260393+00:00,-2.58179,-65.28052,95.5,204.4,204.4,0,Manaus/AM,Fonte Boa/AM,,14.54,atrasado
710939623,2026-09-28T14:06:49.473078+00:00,-2.58838,-65.28351,95.5,205.9,205.9,0,Manaus/AM,Fonte Boa/AM,,14.54,atrasado
710939623,2026-09-28T14:07:41.105119+00:00,-2.59881,-65.28857,95.5,204.0,204.0,0,Manaus/AM,Fonte Boa/AM,,14.54,atrasado
710939623,2026-09-28T14:08:49.201204+00:00,-2.61279,-65.2948,95.5,213.0,213.0,0,Manaus/AM,Fonte Boa/AM,,14.54,atrasado
710939623,2026-09-28T14:09:51.429098+00:00,-2.62451,-65.30243,95.5,237.6,237.6,0,Manaus/AM,Fonte Boa/AM,,14.54,atrasado
710939623,2026-09-28T14:10:31.947280+00:00,-2.62939,-65.31012,95.5,250.4,250.4,0,Manaus/AM,Fonte Boa/AM,,14.54,atrasado
710939623,2026-09-28T14:11:34.192851+00:00,-2.63409,-65.3233,95.5,247.8,247.8,0,Manaus/AM,Fonte Boa/AM,,14.54,atrasado
710939623,2026-09-28T14:12:08.769682+00:00,-2.63702,-65.3305,95.5,263.2,263.2,0,Manaus/AM,Fonte Boa/AM,,14.54,atrasado
710939623,2026-09-28T14:13:01.522220+00:00,-2.63843,-65.34228,95.5,254.3,254.3,0,Manaus/AM,Fonte Boa/AM,,14.54,atrasado
710939623,2026-09-28T14:13:38.467542+00:00,-2.64068,-65.35028,95.5,241.9,241.9,0,Manaus/AM,Fonte Boa/AM,,14.54,atrasado
710939623,2026-09-28T14:14:39.066286+00:00,-2.64709,-65.3623,95.5,247.9,247.9,0,Manaus/AM,Fonte Boa/AM,,14.54,atrasado
710939623,2026-09-28T14:15:36.781138+00:00,-2.65198,-65.37433,95.5,223.6,223.6,0,Manaus/AM,Fonte Boa/AM,,14.54,atrasado
710939623,2026-09-28T14:16:24.799100+00:00,-2.65979,-65.38177,95.5,208.2,208.2,0,Manaus/AM,Fonte Boa/AM,,14.54,atrasado
710939623,2026-09-28T14:17:11.341503+00:00,-2.669,-65.38672,95.5,206.4,206.4,0,Manaus/AM,Fonte Boa/AM,,14.54,atrasado
710939623,2026-09-28T14:18:30.180176+00:00,-2.68487,-65.39459,95.5,200.1,200.1,0,Manaus/AM,Fonte Boa/AM,,14.54,atrasado
710939623,2026-09-28T14:19:30.938274+00:00,-2.69769,-65.39929,95.5,183.6,183.6,0,Manaus/AM,Fonte Boa/AM,,14.54,atrasado
710939623,2026-09-28T14:20:14.223703+00:00,-2.7074,-65.3999,95.5,168.9,168.9,0,Manaus/AM,Fonte Boa/AM,,14.54,atrasado
710939623,2026-09-28T14:21:16.242950+00:00,-2.72107,-65.39722,95.5,143.8,143.8,0,Manaus/AM,Fonte Boa/AM,,14.54,atrasado
710939623,2026-09-28T14:22:20.558132+00:00,-2.73273,-65.38867,95.5,141.0,141.0,0,Manaus/AM,Fonte Boa/AM,,14.54,atrasado
710939623,2026-09-28T14:23:32.570576+00:00,-2.7453,-65.37848,95.5,134.8,134.8,0,Manaus/AM,Fonte Boa/AM,,14.54,atrasado
710939623,2026-09-28T14:24:28.829267+00:00,-2.75421,-65.36951,95.5,121.4,121.4,0,Manaus/AM,Fonte Boa/AM,,14.54,atrasado
710939623,2026-09-28T14:25:45.458024+00:00,-2.76318,-65.3548,95.5,118.4,118.4,0,Manaus/AM,Fonte Boa/AM,,14.54,atrasado
710939623,2026-09-28T14:26:55.171194+00:00,-2.77063,-65.341,95.5,115.2,115.2,0,Manaus/AM,Fonte Boa/AM,,14.54,atrasado
710939623,2026-09-28T14:28:02.926372+00:00,-2.7771,-65.32721,95.5,102.6,102.6,0,Manaus/AM,Fonte Boa/AM,,14.54,atrasado
710939623,2026-09-28T14:28:47.699217+00:00,-2.77929,-65.31738,95.5,91.3,91.3,0,Manaus/AM,Fonte Boa/AM,,14.54,atrasado
710939623,2026-09-28T14:29:46.870077+00:00,-2.7796,-65.30408,95.5,85.9,85.9,0,Manaus/AM,Fonte Boa/AM,,14.54,atrasado
710939623,2026-09-28T14:30:47.812360+00:00,-2.77862,-65.2904,95.5,68.1,68.1,0,Manaus/AM,Fonte Boa/AM,,14.54,atrasado
710939623,2026-09-28T14:31:43.959543+00:00,-2.77392,-65.27868,95.5,60.2,60.2,0,Manaus/AM,Fonte Boa/AM,,14.54,atrasado
710939623,2026-09-28T14:32:39.645809+00:00,-2.7677,-65.26782,95.5,59.2,59.2,0,Manaus/AM,Fonte Boa/AM,,14.54,atrasado
710939623,2026-09-28T14:33:41.237477+00:00,-2.76062,-65.25592,95.5,75.7,75.7,0,Manaus/AM,Fonte Boa/AM,,14.54,atrasado
710939623,2026-09-28T14:34:28.564748+00:00,-2.75799,-65.2456,95.5,83.2,83.2,0,Manaus/AM,Fonte Boa/AM,,14.54,atrasado
710939623,2026-09-28T14:35:21.042876+00:00,-2.75659,-65.23389,95.5,66.5,66.5,0,Manaus/AM,Fonte Boa/AM,,14.54,atrasado
710939623,2026-09-28T14:36:08.084467+00:00,-2.75238,-65.22418,95.5,50.9,50.9,0,Manaus/AM,Fonte Boa/AM,,14.54,atrasado
710939623,2026-09-28T14:36:46.882041+00:00,-2.74689,-65.21741,95.5,58.9,58.9,0,Manaus/AM,Fonte Boa/AM,,14.54,atrasado
710939623,2026-09-28T14:37:29.015765+00:00,-2.742,-65.20929,95.5,72.0,72.0,0,Manaus/AM,Fonte Boa/AM,,14.54,atrasado
710939623,2026-09-28T14:38:09.269800+00:00,-2.7392,-65.20068,95.5,94.9,94.9,0,Manaus/AM,Fonte Boa/AM,,14.54,atrasado
710939623,2026-09-28T14:38:47.132511+00:00,-2.73993,-65.1922,95.5,104.2,104.2,0,Manaus/AM,Fonte Boa/AM,,14.54,atrasado
710939623,2026-09-28T14:39:27.152500+00:00,-2.74213,-65.18347,95.5,111.5,111.5,0,Manaus/AM,Fonte Boa/AM,,14.54,atrasado
710939623,2026-09-28T14:40:21.131166+00:00,-2.74658,-65.17218,95.5,134.1,134.1,0,Manaus/AM,Fonte Boa/AM,,14.54,atrasado
710939623,2026-09-28T14:40:55.118914+00:00,-2.75189,-65.16669,95.5,151.7,151.7,0,Manaus/AM,Fonte Boa/AM,,14.54,atrasado
710939623,2026-09-28T14:41:42.634821+00:00,-2.76129,-65.16162,95.5,161.1,161.1,0,Manaus/AM,Fonte Boa/AM,,14.54,atrasado
710939623,2026-09-28T14:42:25.415959+00:00,-2.77038,-65.15851,95.5,167.9,167.9,0,Manaus/AM,Fonte Boa/AM,,14.54,atrasado
710939623,2026-09-28T14:43:08.205813+00:00,-2.77978,-65.15649,95.5,168.6,168.6,0,Manaus/AM,Fonte Boa/AM,,14.54,atrasado
710939623,2026-09-28T14:43:50.881076+00:00,-2.78918,-65.1546,95.5,173.9,173.9,0,Manaus/AM,Fonte Boa/AM,,14.54,atrasado
710939623,2026-09-28T14:44:36.515752+00:00,-2.79938,-65.1535,95.5,175.9,175.9,0,Manaus/AM,Fonte Boa/AM,,14.54,atrasado
710939623,2026-09-28T14:45:07.293096+00:00,-2.80627,-65.15301,95.5,182.3,182.3,0,Manaus/AM,Fonte Boa/AM,,14.54,atrasado
710939623,2026-09-28T14:45:41.821938+00:00,-2.81402,-65.15332,95.5,196.3,196.3,0,Manaus/AM,Fonte Boa/AM,,14.54,atrasado
710939623,2026-09-28T14:46:14.659798+00:00,-2.8211,-65.15539,95.5,199.8,199.8,0,Manaus/AM,Fonte Boa/AM,,14.54,atrasado
710939623,2026-09-28T14:46:55.646818+00:00,-2.82977,-65.15851,95.5,194.9,194.9,0,Manaus/AM,Fonte Boa/AM,,14.54,atrasado
710939623,2026-09-28T14:47:25.169805+00:00,-2.83618,-65.16022,95.5,199.5,199.5,0,Manaus/AM,Fonte Boa/AM,,14.54,atrasado
710939623,2026-09-28T14:47:56.873819+00:00,-2.84289,-65.1626,95.5,191.2,191.2,0,Manaus/AM,Fonte Boa/AM,,14.54,atrasado
710939623,2026-09-28T14:48:29.001381+00:00,-2.84997,-65.164,95.5,191.7,191.7,0,Manaus/AM,Fonte Boa/AM,,14.54,atrasado
710939623,2026-09-28T14:49:26.436599+00:00,-2.86261,-65.16662,95.5,184.0,184.0,0,Manaus/AM,Fonte Boa/AM,,14.54,atrasado
710939623,2026-09-28T14:50:01.571503+00:00,-2.87048,-65.16717,95.5,184.7,184.7,0,Manaus/AM,Fonte Boa/AM,,14.54,atrasado
710939623,2026-09-28T14:50:57.456938+00:00,-2.88299,-65.16821,95.5,167.9,167.9,0,Manaus/AM,Fonte Boa/AM,,14.54,atrasado
710939623,2026-09-28T14:51:40.246611+00:00,-2.89239,-65.1662,95.5,156.7,156.7,0,Manaus/AM,Fonte Boa/AM,,14.54,atrasado
710939623,2026-09-28T14:52:29.641208+00:00,-2.90259,-65.1618,95.5,145.5,145.5,0,Manaus/AM,Fonte Boa/AM,,14.54,atrasado
710939623,2026-09-28T14:53:16.121060+00:00,-2.91119,-65.15588,95.5,147.3,147.3,0,Manaus/AM,Fonte Boa/AM,,14.54,atrasado
710939623,2026-09-28T14:54:35.899055+00:00,-2.92627,-65.14618,95.5,139.5,139.5,0,Manaus/AM,Fonte Boa/AM,,14.54,atrasado
710939623,2026-09-28T14:55:17.693009+00:00,-2.93341,-65.14007,95.5,120.5,120.5,0,Manaus/AM,Fonte Boa/AM,,14.54,atrasado
710939623,2026-09-28T14:56:12.808714+00:00,-2.9397,-65.12939,95.5,113.6,113.6,0,Manaus/AM,Fonte Boa/AM,,14.54,atrasado
710939623,2026-09-28T14:57:17.345200+00:00,-2.94549,-65.11609,95.5,90.8,90.8,0,Manaus/AM,Fonte Boa/AM,,14.54,atrasado
710939623,2026-09-28T14:58:17.310853+00:00,-2.94568,-65.1026,95.5,106.6,106.6,0,Manaus/AM,Fonte Boa/AM,,14.54,atrasado
710939623,2026-09-28T14:58:23.710839+00:00,-2.94609,-65.10122,0.0,0.0,0.0,5,Manaus/AM,Fonte Boa/AM,Fonte Boa/AM,14.54,atrasado
710939623,2026-09-28T16:01:22.730020+00:00,-2.94609,-65.10122,0.0,0.0,0.0,5,Manaus/AM,Fonte Boa/AM,Fonte Boa/AM,14.54,atrasado
710939623,2026-09-28T17:04:21.749200+00:00,-2.94609,-65.10122,0.0,0.0,0.0,5,Manaus/AM,Fonte Boa/AM,Fonte Boa/AM,14.54,atrasado
710939623,2026-09-28T18:07:20.768380+00:00,-2.94609,-65.10122,0.0,0.0,0.0,5,Manaus/AM,Fonte Boa/AM,Fonte Boa/AM,14.54,atrasado
710939623,2026-09-28T19:10:19.787561+00:00,-2.94609,-65.10122,0.0,0.0,0.0,5,Manaus/AM,Fonte Boa/AM,Fonte Boa/AM,14.54,atrasado
710939623,2026-09-28T20:13:18.806741+00:00,-2.94609,-65.10122,0.0,0.0,0.0,5,Manaus/AM,Fonte Boa/AM,Fonte Boa/AM,14.54,atrasado
710939623,2026-09-28T21:16:17.825922+00:00,-2.94609,-65.10122,0.0,0.0,0.0,5,Manaus/AM,Fonte Boa/AM,Fonte Boa/AM,14.54,atrasado
710939623,2026-09-28T22:19:16.845102+00:00,-2.94609,-65.10122,6.1,106.7,106.7,0,Manaus/AM,Fonte Boa/AM,,24.0,atrasado
710939623,2026-09-28T22:39:32.671248+00:00,-2.95111,-65.08447,6.1,118.4,118.4,0,Manaus/AM,Fonte Boa/AM,,24.0,atrasado
710939623,2026-09-28T22:55:18.574686+00:00,-2.95758,-65.07251,6.1,126.5,126.5,0,Manaus/AM,Fonte Boa/AM,,24.0,atrasado
710939623,2026-09-28T23:15:48.131888+00:00,-2.96808,-65.05829,6.1,145.3,145.3,0,Manaus/AM,Fonte Boa/AM,,24.0,atrasado
710939623,2026-09-28T23:34:55.723378+00:00,-2.98163,-65.04889,6.1,151.4,151.4,0,Manaus/AM,Fonte Boa/AM,,24.0,atrasado
710939623,2026-09-28T23:44:31.740888+00:00,-2.98889,-65.04492,6.1,165.1,165.1,0,Manaus/AM,Fonte Boa/AM,,24.0,atrasado
710939623,2026-09-28T23:59:24.260025+00:00,-3.00128,-65.04162,6.1,172.4,172.4,0,Manaus/AM,Fonte Boa/AM,,24.0,atrasado
710939623,2026-09-29T00:21:11.938777+00:00,-3.0199,-65.03912,6.1,149.8,149.8,0,Manaus/AM,Fonte Boa/AM,,24.0,atrasado
710939623,2026-09-29T00:33:00.085159+00:00,-3.02868,-65.034,6.1,126.9,126.9,0,Manaus/AM,Fonte Boa/AM,,24.0,atrasado
710939623,2026-09-29T00:48:55.314457+00:00,-3.03693,-65.02301,6.1,113.3,113.3,0,Manaus/AM,Fonte Boa/AM,,24.0,atrasado
710939623,2026-09-29T01:00:33.090296+00:00,-3.04089,-65.01379,6.1,116.0,116.0,0,Manaus/AM,Fonte Boa/AM,,24.0,atrasado
710939623,2026-09-29T01:20:55.569613+00:00,-3.04858,-64.99798,6.1,109.1,109.1,0,Manaus/AM,Fonte Boa/AM,,24.0,atrasado
710939623,2026-09-29T01:29:09.496399+00:00,-3.0509,-64.99127,6.1,118.4,118.4,0,Manaus/AM,Fonte Boa/AM,,24.0,atrasado
710939623,2026-09-29T01:41:22.560756+00:00,-3.05591,-64.98199,6.1,116.0,116.0,0,Manaus/AM,Fonte Boa/AM,,24.0,atrasado
710939623,2026-09-29T01:51:41.342663+00:00,-3.05981,-64.974,6.1,107.6,107.6,0,Manaus/AM,Fonte Boa/AM,,24.0,atrasado
710939623,2026-09-29T02:06:54.051629+00:00,-3.06378,-64.96148,6.1,104.6,104.6,0,Manaus/AM,Fonte Boa/AM,,24.0,atrasado
710939623,2026-09-29T02:15:35.881515+00:00,-3.06567,-64.95422,6.1,111.4,111.4,0,Manaus/AM,Fonte Boa/AM,,24.0,atrasado
710939623,2026-09-29T02:26:27.653181+00:00,-3.06909,-64.94549,6.1,113.7,113.7,0,Manaus/AM,Fonte Boa/AM,,24.0,atrasado
710939623,2026-09-29T02:39:07.853252+00:00,-3.07348,-64.93548,6.1,114.8,114.8,0,Manaus/AM,Fonte Boa/AM,,24.0,atrasado
710939623,2026-09-29T02:46:54.979528+00:00,-3.07629,-64.92938,6.1,120.7,120.7,0,Manaus/AM,Fonte Boa/AM,,24.0,atrasado
710939623,2026-09-29T02:55:47.901644+00:00,-3.0802,-64.92279,6.1,128.2,128.2,0,Manaus/AM,Fonte Boa/AM,,24.0,atrasado
710939623,2026-09-29T03:12:37.758113+00:00,-3.08917,-64.91138,6.1,134.0,134.0,0,Manaus/AM,Fonte Boa/AM,,24.0,atrasado
710939623,2026-09-29T03:23:50.419618+00:00,-3.09588,-64.90442,6.1,116.3,116.3,0,Manaus/AM,Fonte Boa/AM,,24.0,atrasado
710939623,2026-09-29T03:33:08.466751+00:00,-3.09943,-64.89722,6.1,102.6,102.6,0,Manaus/AM,Fonte Boa/AM,,24.0,atrasado
710939623,2026-09-29T03:37:20.679924+00:00,-3.10022,-64.89368,6.1,102.3,102.3,0,Manaus/AM,Fonte Boa/AM,,24.0,atrasado
710939623,2026-09-29T03:40:01.302553+00:00,-3.10071,-64.89142,6.1,86.1,86.1,0,Manaus/AM,Fonte Boa/AM,,24.0,atrasado
710939623,2026-09-29T03:43:16.930941+00:00,-3.10052,-64.88861,6.1,72.7,72.7,0,Manaus/AM,Fonte Boa/AM,,24.0,atrasado
710939623,2026-09-29T03:46:50.283505+00:00,-3.09961,-64.88568,6.1,52.1,52.1,0,Manaus/AM,Fonte Boa/AM,,24.0,atrasado
710939623,2026-09-29T03:50:03.946091+00:00,-3.0979,-64.88348,6.1,71.8,71.8,0,Manaus/AM,Fonte Boa/AM,,24.0,atrasado
710939623,2026-09-29T03:53:29.241944+00:00,-3.09698,-64.88067,6.1,74.5,74.5,0,Manaus/AM,Fonte Boa/AM,,24.0,atrasado
710939623,2026-09-29T03:56:56.191986+00:00,-3.09619,-64.87781,6.1,87.7,87.7,0,Manaus/AM,Fonte Boa/AM,,24.0,atrasado
710939623,2026-09-29T04:02:10.398197+00:00,-3.09601,-64.87329,6.1,99.2,99.2,0,Manaus/AM,Fonte Boa/AM,,24.0,atrasado
710939623,2026-09-29T04:07:54.319613+00:00,-3.0968,-64.86841,6.1,112.0,112.0,0,Manaus/AM,Fonte Boa/AM,,24.0,atrasado
710939623,2026-09-29T04:12:38.022768+00:00,-3.09833,-64.86462,6.1,118.0,118.0,0,Manaus/AM,Fonte Boa/AM,,24.0,atrasado
710939623,2026-09-29T04:17:45.661242+00:00,-3.1004,-64.86072,6.1,110.8,110.8,0,Manaus/AM,Fonte Boa/AM,,24.0,atrasado
710939623,2026-09-29T04:25:19.638786+00:00,-3.10272,-64.85461,6.1,111.9,111.9,0,Manaus/AM,Fonte Boa/AM,,24.0,atrasado
710939623,2026-09-29T04:32:43.356810+00:00,-3.1051,-64.84869,6.1,104.2,104.2,0,Manaus/AM,Fonte Boa/AM,,24.0,atrasado
710939623,2026-09-29T04:40:14.100554+00:00,-3.10669,-64.84241,6.1,106.6,106.6,0,Manaus/AM,Fonte Boa/AM,,24.0,atrasado
710939623,2026-09-29T04:46:39.422928+00:00,-3.10827,-64.8371,6.1,109.9,109.9,0,Manaus/AM,Fonte Boa/AM,,24.0,atrasado
710939623,2026-09-29T04:51:28.083864+00:00,-3.10968,-64.83319,6.1,112.1,112.1,0,Manaus/AM,Fonte Boa/AM,,24.0,atrasado
710939623,2026-09-29T04:56:44.080122+00:00,-3.11139,-64.82898,6.1,116.0,116.0,0,Manaus/AM,Fonte Boa/AM,,24.0,atrasado
710939623,2026-09-29T05:00:26.161280+00:00,-3.11279,-64.82611,6.1,133.7,133.7,0,Manaus/AM,Fonte Boa/AM,,24.0,atrasado
710939623,2026-09-29T05:04:38.434613+00:00,-3.11529,-64.82349,6.1,142.9,142.9,0,Manaus/AM,Fonte Boa/AM,,24.0,atrasado
710939623,2026-09-29T05:08:16.704834+00:00,-3.1178,-64.82159,6.1,154.4,154.4,0,Manaus/AM,Fonte Boa/AM,,24.0,atrasado
710939623,2026-09-29T05:12:31.317704+00:00,-3.12109,-64.82001,6.1,155.9,155.9,0,Manaus/AM,Fonte Boa/AM,,24.0,atrasado
710939623,2026-09-29T05:16:51.855976+00:00,-3.12451,-64.81848,6.1,154.3,154.3,0,Manaus/AM,Fonte Boa/AM,,24.0,atrasado
710939623,2026-09-29T05:21:06.468540+00:00,-3.12781,-64.81689,6.1,150.9,150.9,0,Manaus/AM,Fonte Boa/AM,,24.0,atrasado
710939623,2026-09-29T05:25:19.392115+00:00,-3.13098,-64.81512,6.1,147.9,147.9,0,Manaus/AM,Fonte Boa/AM,,24.0,atrasado
710939623,2026-09-29T05:34:06.174895+00:00,-3.13739,-64.81109,6.1,146.5,146.5,0,Manaus/AM,Fonte Boa/AM,,24.0,atrasado
710939623,2026-09-29T05:40:38.419590+00:00,-3.14209,-64.80798,6.1,142.8,142.8,0,Manaus/AM,Fonte Boa/AM,,24.0,atrasado
710939623,2026-09-29T05:46:36.067138+00:00,-3.14618,-64.80487,6.1,150.5,150.5,0,Manaus/AM,Fonte Boa/AM,,24.0,atrasado
710939623,2026-09-29T05:50:20.481353+00:00,-3.14899,-64.80328,6.1,128.5,128.5,0,Manaus/AM,Fonte Boa/AM,,24.0,atrasado
710939623,2026-09-29T05:54:19.171719+00:00,-3.15112,-64.8006,6.1,115.5,115.5,0,Manaus/AM,Fonte Boa/AM,,24.0,atrasado
710939623,2026-09-29T05:57:46.095495+00:00,-3.1524,-64.79791,6.1,116.0,116.0,0,Manaus/AM,Fonte Boa/AM,,24.0,atrasado
710939623,2026-09-29T06:00:21.747878+00:00,-3.15338,-64.7959,6.1,114.7,114.7,0,Manaus/AM,Fonte Boa/AM,,24.0,atrasado
710939623,2026-09-29T06:02:23.270667+00:00,-3.15411,-64.79431,6.1,116.3,116.3,0,Manaus/AM,Fonte Boa/AM,,24.0,atrasado
710939623,2026-09-29T06:13:54.169718+00:00,-3.15851,-64.7854,6.1,122.6,122.6,0,Manaus/AM,Fonte Boa/AM,,24.0,atrasado
710939623,2026-09-29T06:25:44.201245+00:00,-3.164,-64.77679,0.0,0.0,0.0,5,Manaus/AM,Fonte Boa/AM,Fonte Boa/AM,24.0,atrasado
710939623,2026-09-29T07:33:42.040698+00:00,-3.164,-64.77679,0.0,0.0,0.0,5,Manaus/AM,Fonte Boa/AM,Fonte Boa/AM,24.0,atrasado
710939623,2026-09-29T08:41:39.880150+00:00,-3.164,-64.77679,0.0,0.0,0.0,5,Manaus/AM,Fonte Boa/AM,Fonte Boa/AM,24.0,atrasado
710939623,2026-09-29T09:49:37.719603+00:00,-3.164,-64.77679,0.0,0.0,0.0,5,Manaus/AM,Fonte Boa/AM,Fonte Boa/AM,24.0,atrasado
710939623,2026-09-29T10:57:35.559055+00:00,-3.164,-64.77679,0.0,133.2,133.2,5,Manaus/AM,Fonte Boa/AM,Fonte Boa/AM,24.0,atrasado
710939623,2026-09-29T11:35:32.666878+00:00,-3.27838,-64.65478,0.0,313.2,313.2,5,Manaus/AM,Fonte Boa/AM,Fonte Boa/AM,23.16,atrasado
710939623,2026-09-29T12:05:33.398508+00:00,-3.164,-64.77679,200.2,128.3,128.3,0,Manaus/AM,Fonte Boa/AM,,23.16,atrasado
710939623,2026-09-29T12:05:51.199832+00:00,-3.16919,-64.7702,200.2,132.3,132.3,0,Manaus/AM,Fonte Boa/AM,,23.16,atrasado
710939623,2026-09-29T12:06:15.866822+00:00,-3.177,-64.76159,200.2,136.4,136.4,0,Manaus/AM,Fonte Boa/AM,,23.16,atrasado
710939623,2026-09-29T12:06:38.957850+00:00,-3.18487,-64.75409,200.2,137.6,137.6,0,Manaus/AM,Fonte Boa/AM,,23.16,atrasado
710939623,2026-09-29T12:07:10.408810+00:00,-3.1958,-64.74408,200.2,135.0,135.0,0,Manaus/AM,Fonte Boa/AM,,23.16,atrasado
710939623,2026-09-29T12:07:41.552843+00:00,-3.20617,-64.7337,200.2,122.2,122.2,0,Manaus/AM,Fonte Boa/AM,,23.16,atrasado
710939623,2026-09-29T12:08:21.182043+00:00,-3.21612,-64.71789,200.2,119.8,119.8,0,Manaus/AM,Fonte Boa/AM,,23.16,atrasado
710939623,2026-09-29T12:08:48.324927+00:00,-3.22247,-64.70679,200.2,133.0,133.0,0,Manaus/AM,Fonte Boa/AM,,23.16,atrasado
710939623,2026-09-29T12:09:09.222652+00:00,-3.22919,-64.69958,200.2,137.4,137.4,0,Manaus/AM,Fonte Boa/AM,,23.16,atrasado
710939623,2026-09-29T12:09:33.699680+00:00,-3.23767,-64.69177,200.2,140.9,140.9,0,Manaus/AM,Fonte Boa/AM,,23.16,atrasado
710939623,2026-09-29T12:09:57.920163+00:00,-3.24652,-64.68457,200.2,151.4,151.4,0,Manaus/AM,Fonte Boa/AM,,23.16,atrasado
710939623,2026-09-29T12:10:27.149225+00:00,-3.2586,-64.67798,200.2,143.4,143.4,0,Manaus/AM,Fonte Boa/AM,,23.16,atrasado
710939623,2026-09-29T12:10:59.100972+00:00,-3.27069,-64.669,200.2,118.4,118.4,0,Manaus/AM,Fonte Boa/AM,,23.16,atrasado
710939623,2026-09-29T12:44:57.286044+00:00,-3.27838,-64.65478,0.0,0.0,0.0,5,Manaus/AM,Fonte Boa/AM,Fonte Boa/AM,23.16,atrasado
710939623,2026-09-29T13:54:21.905209+00:00,-3.27838,-64.65478,0.0,0.0,0.0,5,Manaus/AM,Fonte Boa/AM,Fonte Boa/AM,23.16,atrasado
710939623,2026-09-29T15:03:46.524375+00:00,-3.27838,-64.65478,0.0,0.0,0.0,5,Manaus/AM,Fonte Boa/AM,Fonte Boa/AM,23.16,atrasado
710939623,2026-09-29T16:13:11.143540+00:00,-3.27838,-64.65478,0.0,0.0,0.0,5,Manaus/AM,Fonte Boa/AM,Fonte Boa/AM,23.16,atrasado
710939623,2026-09-29T17:22:35.762706+00:00,-3.27838,-64.65478,22.4,114.1,114.1,0,Manaus/AM,Fonte Boa/AM,,24.0,atrasado
710939623,2026-09-29T17:26:27.491682+00:00,-3.28338,-64.64361,22.4,113.1,113.1,0,Manaus/AM,Fonte Boa/AM,,24.0,atrasado
710939623,2026-09-29T17:31:07.573234+00:00,-3.28918,-64.63,22.4,105.7,105.7,0,Manaus/AM,Fonte Boa/AM,,24.0,atrasado
710939623,2026-09-29T17:35:07.525478+00:00,-3.2926,-64.6178,22.4,105.3,105.3,0,Manaus/AM,Fonte Boa/AM,,24.0,atrasado
710939623,2026-09-29T17:40:33.185556+00:00,-3.29712,-64.6012,22.4,102.7,102.7,0,Manaus/AM,Fonte Boa/AM,,24.0,atrasado
710939623,2026-09-29T17:43:47.415645+00:00,-3.29938,-64.59118,22.4,100.5,100.5,0,Manaus/AM,Fonte Boa/AM,,24.0,atrasado
710939623,2026-09-29T17:48:37.674060+00:00,-3.30218,-64.57611,22.4,102.0,102.0,0,Manaus/AM,Fonte Boa/AM,,24.0,atrasado
710939623,2026-09-29T17:52:09.066999+00:00,-3.3045,-64.56518,22.4,105.1,105.1,0,Manaus/AM,Fonte Boa/AM,,24.0,atrasado
710939623,2026-09-29T17:54:49.371036+00:00,-3.3067,-64.55701,22.4,107.4,107.4,0,Manaus/AM,Fonte Boa/AM,,24.0,atrasado
710939623,2026-09-29T17:58:26.056414+00:00,-3.31012,-64.54608,22.4,114.8,114.8,0,Manaus/AM,Fonte Boa/AM,,24.0,atrasado
710939623,2026-09-29T18:01:16.668434+00:00,-3.3139,-64.5379,22.4,122.4,122.4,0,Manaus/AM,Fonte Boa/AM,,24.0,atrasado
710939623,2026-09-29T18:04:15.888707+00:00,-3.31897,-64.52991,22.4,128.6,128.6,0,Manaus/AM,Fonte Boa/AM,,24.0,atrasado
710939623,2026-09-29T18:06:05.290761+00:00,-3.32257,-64.52539,22.4,141.5,141.5,0,Manaus/AM,Fonte Boa/AM,,24.0,atrasado
710939623,2026-09-29T18:08:09.533412+00:00,-3.3277,-64.5213,22.4,131.5,131.5,0,Manaus/AM,Fonte Boa/AM,,24.0,atrasado
710939623,2026-09-29T18:09:43.709698+00:00,-3.33099,-64.51758,22.4,145.2,145.2,0,Manaus/AM,Fonte Boa/AM,,24.0,atrasado
710939623,2026-09-29T18:10:52.694805+00:00,-3.33398,-64.5155,22.4,158.9,158.9,0,Manaus/AM,Fonte Boa/AM,,24.0,atrasado
710939623,2026-09-29T18:11:43.597218+00:00,-3.33649,-64.51453,22.4,157.2,157.2,0,Manaus/AM,Fonte Boa/AM,,24.0,atrasado
710939623,2026-09-29T18:12:28.729020+00:00,-3.33868,-64.51361,22.4,171.4,171.4,0,Manaus/AM,Fonte Boa/AM,,24.0,atrasado
710939623,2026-09-29T18:13:30.730591+00:00,-3.34192,-64.51312,22.4,168.5,168.5,0,Manaus/AM,Fonte Boa/AM,,24.0,atrasado
710939623,2026-09-29T18:14:28.596957+00:00,-3.34491,-64.51251,22.4,164.1,164.1,0,Manaus/AM,Fonte Boa/AM,,24.0,atrasado
710939623,2026-09-29T18:17:30.238688+00:00,-3.35412,-64.50989,22.4,156.1,156.1,0,Manaus/AM,Fonte Boa/AM,,24.0,atrasado
710939623,2026-09-29T18:20:09.748989+00:00,-3.36181,-64.50647,22.4,145.6,145.6,0,Manaus/AM,Fonte Boa/AM,,24.0,atrasado
710939623,2026-09-29T18:23:31.831997+00:00,-3.3706,-64.50043,22.4,135.0,135.0,0,Manaus/AM,Fonte Boa/AM,,24.0,atrasado
710939623,2026-09-29T18:25:44.201245+00:00,-3.37554,-64.49548,0.0,0.0,0.0,5,Manaus/AM,Fonte Boa/AM,Fonte Boa/AM,24.0,atrasado
710939623,2026-09-29T19:30:09.083310+00:00,-3.37554,-64.49548,0.0,0.0,0.0,5,Manaus/AM,Fonte Boa/AM,Fonte Boa/AM,24.0,atrasado
710939623,2026-09-29T20:34:33.965375+00:00,-3.37554,-64.49548,0.0,0.0,0.0,5,Manaus/AM,Fonte Boa/AM,Fonte Boa/AM,24.0,atrasado
710939623,2026-09-29T21:38:58.847441+00:00,-3.37554,-64.49548,0.0,0.0,0.0,5,Manaus/AM,Fonte Boa/AM,Fonte Boa/AM,24.0,atrasado
710939623,2026-09-29T22:43:23.729506+00:00,-3.37554,-64.49548,0.0,0.0,0.0,5,Manaus/AM,Fonte Boa/AM,Fonte Boa/AM,24.0,atrasado
710939623,2026-09-29T23:47:48.611571+00:00,-3.37554,-64.49548,0.0,146.5,146.5,5,Manaus/AM,Fonte Boa/AM,Fonte Boa/AM,24.0,atrasado
710939623,2026-09-30T00:25:44.201245+00:00,-3.48985,-64.41971,0.0,326.5,326.5,5,Manaus/AM,Fonte Boa/AM,Fonte Boa/AM,24.0,atrasado
710939623,2026-09-30T00:52:13.493636+00:00,-3.37554,-64.49548,170.9,134.9,134.9,0,Manaus/AM,Fonte Boa/AM,,24.0,atrasado
710939623,2026-09-30T00:53:04.665567+00:00,-3.39007,-64.48089,170.9,148.7,148.7,0,Manaus/AM,Fonte Boa/AM,,24.0,atrasado
710939623,2026-09-30T00:53:40.553594+00:00,-3.4024,-64.47339,170.9,161.9,161.9,0,Manaus/AM,Fonte Boa/AM,,24.0,atrasado
710939623,2026-09-30T00:54:53.228692+00:00,-3.43017,-64.46429,170.9,172.1,172.1,0,Manaus/AM,Fonte Boa/AM,,24.0,atrasado
710939623,2026-09-30T00:55:21.892262+00:00,-3.44159,-64.46271,170.9,167.5,167.5,0,Manaus/AM,Fonte Boa/AM,,24.0,atrasado
710939623,2026-09-30T00:55:54.230593+00:00,-3.45428,-64.4599,170.9,156.9,156.9,0,Manaus/AM,Fonte Boa/AM,,24.0,atrasado
710939623,2026-09-30T00:56:25.101338+00:00,-3.4657,-64.45502,170.9,137.7,137.7,0,Manaus/AM,Fonte Boa/AM,,24.0,atrasado
710939623,2026-09-30T00:57:08.804630+00:00,-3.4787,-64.44317,170.9,118.5,118.5,0,Manaus/AM,Fonte Boa/AM,,24.0,atrasado
710939623,2026-09-30T00:57:50.524650+00:00,-3.48669,-64.4284,170.9,110.0,110.0,0,Manaus/AM,Fonte Boa/AM,,24.0,atrasado
710939623,2026-09-30T01:29:11.879241+00:00,-3.48985,-64.41971,0.0,0.0,0.0,5,Manaus/AM,Fonte Boa/AM,Fonte Boa/AM,24.0,atrasado
710939623,2026-09-30T02:32:39.557236+00:00,-3.48985,-64.41971,0.0,0.0,0.0,5,Manaus/AM,Fonte Boa/AM,Fonte Boa/AM,24.0,atrasado
710939623,2026-09-30T03:36:07.235232+00:00,-3.48985,-64.41971,0.0,0.0,0.0,5,Manaus/AM,Fonte Boa/AM,Fonte Boa/AM,24.0,atrasado
710939623,2026-09-30T04:39:34.913228+00:00,-3.48985,-64.41971,0.0,0.0,0.0,5,Manaus/AM,Fonte Boa/AM,Fonte Boa/AM,24.0,atrasado
710939623,2026-09-30T05:43:02.591223+00:00,-3.48985,-64.41971,0.0,109.8,109.8,5,Manaus/AM,Fonte Boa/AM,Fonte Boa/AM,24.0,atrasado
710939623,2026-09-30T06:25:44.201245+00:00,-3.94195,-63.16158,0.0,289.8,289.8,5,Manaus/AM,Fonte Boa/AM,Fonte Boa/AM,24.0,atrasado
710939623,2026-09-30T06:46:30.269219+00:00,-3.48985,-64.41971,1745.5,110.0,110.0,0,Manaus/AM,Fonte Boa/AM,,24.0,atrasado
710939623,2026-09-30T06:46:33.278653+00:00,-3.49408,-64.40808,1745.5,113.0,113.0,0,Manaus/AM,Fonte Boa/AM,,24.0,atrasado
710939623,2026-09-30T06:46:37.342609+00:00,-3.50061,-64.3927,1745.5,121.0,121.0,0,Manaus/AM,Fonte Boa/AM,,24.0,atrasado
710939623,2026-09-30T06:46:39.886245+00:00,-3.50598,-64.38373,1745.5,128.6,128.6,0,Manaus/AM,Fonte Boa/AM,,24.0,atrasado
710939623,2026-09-30T06:46:41.767280+00:00,-3.5108,-64.37768,1745.5,138.9,138.9,0,Manaus/AM,Fonte Boa/AM,,24.0,atrasado
710939623,2026-09-30T06:46:44.314764+00:00,-3.51867,-64.37079,1745.5,142.5,142.5,0,Manaus/AM,Fonte Boa/AM,,24.0,atrasado
710939623,2026-09-30T06:46:46.751490+00:00,-3.52661,-64.36468,1745.5,146.5,146.5,0,Manaus/AM,Fonte Boa/AM,,24.0,atrasado
710939623,2026-09-30T06:46:49.871251+00:00,-3.53729,-64.3576,1745.5,127.6,127.6,0,Manaus/AM,Fonte Boa/AM,,24.0,atrasado
710939623,2026-09-30T06:46:52.550325+00:00,-3.544,-64.34888,1745.5,119.3,119.3,0,Manaus/AM,Fonte Boa/AM,,24.0,atrasado
710939623,2026-09-30T06:46:55.135664+00:00,-3.54919,-64.3396,1745.5,119.2,119.2,0,Manaus/AM,Fonte Boa/AM,,24.0,atrasado
710939623,2026-09-30T06:46:59.369250+00:00,-3.55768,-64.3244,1745.5,124.4,124.4,0,Manaus/AM,Fonte Boa/AM,,24.0,atrasado
710939623,2026-09-30T06:47:02.787261+00:00,-3.56561,-64.3128,1745.5,126.6,126.6,0,Manaus/AM,Fonte Boa/AM,,24.0,atrasado
710939623,2026-09-30T06:47:06.333269+00:00,-3.57428,-64.30109,1745.5,127.8,127.8,0,Manaus/AM,Fonte Boa/AM,,24.0,atrasado
710939623,2026-09-30T06:47:11.498599+00:00,-3.58728,-64.2843,1745.5,121.1,121.1,0,Manaus/AM,Fonte Boa/AM,,24.0,atrasado
710939623,2026-09-30T06:47:15.327839+00:00,-3.5954,-64.27081,1745.5,117.1,117.1,0,Manaus/AM,Fonte Boa/AM,,24.0,atrasado
710939623,2026-09-30T06:47:22.763086+00:00,-3.60931,-64.24359,1745.5,112.0,112.0,0,Manaus/AM,Fonte Boa/AM,,24.0,atrasado
710939623,2026-09-30T06:47:26.332349+00:00,-3.61481,-64.22998,1745.5,127.3,127.3,0,Manaus/AM,Fonte Boa/AM,,24.0,atrasado
710939623,2026-09-30T06:47:30.062333+00:00,-3.62408,-64.21777,1745.5,139.6,139.6,0,Manaus/AM,Fonte Boa/AM,,24.0,atrasado
710939623,2026-09-30T06:47:32.601734+00:00,-3.63202,-64.211,1745.5,145.5,145.5,0,Manaus/AM,Fonte Boa/AM,,24.0,atrasado
710939623,2026-09-30T06:47:36.821887+00:00,-3.6463,-64.20117,1745.5,141.7,141.7,0,Manaus/AM,Fonte Boa/AM,,24.0,atrasado
710939623,2026-09-30T06:47:41.009700+00:00,-3.65979,-64.19049,1745.5,135.7,135.7,0,Manaus/AM,Fonte Boa/AM,,24.0,atrasado
710939623,2026-09-30T06:47:43.897893+00:00,-3.66827,-64.18219,1745.5,119.8,119.8,0,Manaus/AM,Fonte Boa/AM,,24.0,atrasado
710939623,2026-09-30T06:47:47.195362+00:00,-3.67499,-64.17041,1745.5,108.2,108.2,0,Manaus/AM,Fonte Boa/AM,,24.0,atrasado
710939623,2026-09-30T06:47:51.724148+00:00,-3.68079,-64.15271,1745.5,115.2,115.2,0,Manaus/AM,Fonte Boa/AM,,24.0,atrasado
710939623,2026-09-30T06:47:57.447345+00:00,-3.69079,-64.13141,1745.5,110.3,110.3,0,Manaus/AM,Fonte Boa/AM,,24.0,atrasado
710939623,2026-09-30T06:48:02.508799+00:00,-3.698,-64.11188,1745.5,110.0,110.0,0,Manaus/AM,Fonte Boa/AM,,24.0,atrasado
710939623,2026-09-30T06:48:06.297078+00:00,-3.70331,-64.09723,1745.5,103.3,103.3,0,Manaus/AM,Fonte Boa/AM,,24.0,atrasado
710939623,2026-09-30T06:48:09.651391+00:00,-3.70648,-64.0838,1745.5,97.4,97.4,0,Manaus/AM,Fonte Boa/AM,,24.0,atrasado
710939623,2026-09-30T06:48:13.107439+00:00,-3.70831,-64.0697,1745.5,101.2,101.2,0,Manaus/AM,Fonte Boa/AM,,24.0,atrasado
710939623,2026-09-30T06:48:17.841816+00:00,-3.7121,-64.0506,1745.5,90.9,90.9,0,Manaus/AM,Fonte Boa/AM,,24.0,atrasado
710939623,2026-09-30T06:48:22.649462+00:00,-3.7124,-64.03082,1745.5,79.7,79.7,0,Manaus/AM,Fonte Boa/AM,,24.0,atrasado
710939623,2026-09-30T06:48:26.057439+00:00,-3.7099,-64.01703,1745.5,85.7,85.7,0,Manaus/AM,Fonte Boa/AM,,24.0,atrasado
710939623,2026-09-30T06:48:30.580418+00:00,-3.7085,-63.99847,1745.5,111.6,111.6,0,Manaus/AM,Fonte Boa/AM,,24.0,atrasado
710939623,2026-09-30T06:48:33.691711+00:00,-3.71319,-63.98657,1745.5,151.7,151.7,0,Manaus/AM,Fonte Boa/AM,,24.0,atrasado
710939623,2026-09-30T06:48:36.038863+00:00,-3.72168,-63.98199,1745.5,159.0,159.0,0,Manaus/AM,Fonte Boa/AM,,24.0,atrasado
710939623,2026-09-30T06:48:38.603225+00:00,-3.7315,-63.97821,1745.5,171.7,171.7,0,Manaus/AM,Fonte Boa/AM,,24.0,atrasado
710939623,2026-09-30T06:48:40.962095+00:00,-3.74109,-63.9768,1745.5,180.8,180.8,0,Manaus/AM,Fonte Boa/AM,,24.0,atrasado
710939623,2026-09-30T06:48:43.326294+00:00,-3.75079,-63.97693,1745.5,183.1,183.1,0,Manaus/AM,Fonte Boa/AM,,24.0,atrasado
710939623,2026-09-30T06:48:45.544649+00:00,-3.75989,-63.97742,1745.5,187.4,187.4,0,Manaus/AM,Fonte Boa/AM,,24.0,atrasado
710939623,2026-09-30T06:48:48.513565+00:00,-3.77197,-63.979,1745.5,179.0,179.0,0,Manaus/AM,Fonte Boa/AM,,24.0,atrasado
710939623,2026-09-30T06:48:50.268130+00:00,-3.77917,-63.97888,1745.5,153.2,153.2,0,Manaus/AM,Fonte Boa/AM,,24.0,atrasado
710939623,2026-09-30T06:48:51.550837+00:00,-3.78387,-63.9765,1745.5,135.6,135.6,0,Manaus/AM,Fonte Boa/AM,,24.0,atrasado
710939623,2026-09-30T06:48:54.753846+00:00,-3.79327,-63.96728,1745.5,132.7,132.7,0,Manaus/AM,Fonte Boa/AM,,24.0,atrasado
710939623,2026-09-30T06:48:58.789550+00:00,-3.8045,-63.95508,1745.5,128.8,128.8,0,Manaus/AM,Fonte Boa/AM,,24.0,atrasado
710939623,2026-09-30T06:49:02.274763+00:00,-3.81347,-63.94391,1745.5,105.0,105.0,0,Manaus/AM,Fonte Boa/AM,,24.0,atrasado
710939623,2026-09-30T06:49:05.038622+00:00,-3.81641,-63.93292,1745.5,99.9,99.9,0,Manaus/AM,Fonte Boa/AM,,24.0,atrasado
710939623,2026-09-30T06:49:08.577514+00:00,-3.81891,-63.91858,1745.5,101.4,101.4,0,Manaus/AM,Fonte Boa/AM,,24.0,atrasado
710939623,2026-09-30T06:49:13.631414+00:00,-3.823,-63.89819,1745.5,86.3,86.3,0,Manaus/AM,Fonte Boa/AM,,24.0,atrasado
710939623,2026-09-30T06:49:19.399204+00:00,-3.82147,-63.87451,1745.5,76.5,76.5,0,Manaus/AM,Fonte Boa/AM,,24.0,atrasado
710939623,2026-09-30T06:49:23.731805+00:00,-3.81732,-63.85718,1745.5,74.4,74.4,0,Manaus/AM,Fonte Boa/AM,,24.0,atrasado
710939623,2026-09-30T06:49:29.523796+00:00,-3.81091,-63.83423,1745.5,78.7,78.7,0,Manaus/AM,Fonte Boa/AM,,24.0,atrasado
710939623,2026-09-30T06:49:34.016016+00:00,-3.80731,-63.8161,1745.5,74.3,74.3,0,Manaus/AM,Fonte Boa/AM,,24.0,atrasado
710939623,2026-09-30T06:49:39.624794+00:00,-3.80109,-63.79388,1745.5,81.4,81.4,0,Manaus/AM,Fonte Boa/AM,,24.0,atrasado
710939623,2026-09-30T06:49:42.025111+00:00,-3.79962,-63.78412,1745.5,83.7,83.7,0,Manaus/AM,Fonte Boa/AM,,24.0,atrasado
710939623,2026-09-30T06:49:44.741264+00:00,-3.7984,-63.77301,1745.5,100.6,100.6,0,Manaus/AM,Fonte Boa/AM,,24.0,atrasado
710939623,2026-09-30T06:49:46.597868+00:00,-3.7998,-63.7655,1745.5,111.3,111.3,0,Manaus/AM,Fonte Boa/AM,,24.0,atrasado
710939623,2026-09-30T06:49:49.830231+00:00,-3.80463,-63.75311,1745.5,130.7,130.7,0,Manaus/AM,Fonte Boa/AM,,24.0,atrasado
710939623,2026-09-30T06:49:53.178531+00:00,-3.8136,-63.74267,1745.5,142.9,142.9,0,Manaus/AM,Fonte Boa/AM,,24.0,atrasado
710939623,2026-09-30T06:49:55.956477+00:00,-3.82269,-63.73578,1745.5,161.8,161.8,0,Manaus/AM,Fonte Boa/AM,,24.0,atrasado
710939623,2026-09-30T06:49:58.523004+00:00,-3.8327,-63.73248,1745.5,171.0,171.0,0,Manaus/AM,Fonte Boa/AM,,24.0,atrasado
710939623,2026-09-30T06:50:02.030258+00:00,-3.84692,-63.73022,1745.5,177.2,177.2,0,Manaus/AM,Fonte Boa/AM,,24.0,atrasado
710939623,2026-09-30T06:50:04.099455+00:00,-3.85541,-63.7298,1745.5,148.8,148.8,0,Manaus/AM,Fonte Boa/AM,,24.0,atrasado
710939623,2026-09-30T06:50:06.166069+00:00,-3.86267,-63.7254,1745.5,126.6,126.6,0,Manaus/AM,Fonte Boa/AM,,24.0,atrasado
710939623,2026-09-30T06:50:06.739127+00:00,-3.86407,-63.72351,1745.5,117.1,117.1,0,Manaus/AM,Fonte Boa/AM,,24.0,atrasado
710939623,2026-09-30T06:50:11.086404+00:00,-3.87219,-63.70758,1745.5,95.9,95.9,0,Manaus/AM,Fonte Boa/AM,,24.0,atrasado
710939623,2026-09-30T06:50:15.828831+00:00,-3.8742,-63.68817,1745.5,79.5,79.5,0,Manaus/AM,Fonte Boa/AM,,24.0,atrasado
710939623,2026-09-30T06:50:22.299854+00:00,-3.86938,-63.66199,1745.5,75.1,75.1,0,Manaus/AM,Fonte Boa/AM,,24.0,atrasado
710939623,2026-09-30T06:50:28.410282+00:00,-3.86291,-63.63769,1745.5,67.1,67.1,0,Manaus/AM,Fonte Boa/AM,,24.0,atrasado
710939623,2026-09-30T06:50:33.903070+00:00,-3.85412,-63.61688,1745.5,69.3,69.3,0,Manaus/AM,Fonte Boa/AM,,24.0,atrasado
710939623,2026-09-30T06:50:38.659793+00:00,-3.84723,-63.59857,1745.5,73.4,73.4,0,Manaus/AM,Fonte Boa/AM,,24.0,atrasado
710939623,2026-09-30T06:50:43.039632+00:00,-3.8421,-63.5813,1745.5,79.2,79.2,0,Manaus/AM,Fonte Boa/AM,,24.0,atrasado
710939623,2026-09-30T06:50:46.920953+00:00,-3.83911,-63.56561,1745.5,93.6,93.6,0,Manaus/AM,Fonte Boa/AM,,24.0,atrasado
710939623,2026-09-30T06:50:52.331400+00:00,-3.84051,-63.54339,1745.5,107.3,107.3,0,Manaus/AM,Fonte Boa/AM,,24.0,atrasado
710939623,2026-09-30T06:50:56.076086+00:00,-3.84509,-63.52869,1745.5,112.5,112.5,0,Manaus/AM,Fonte Boa/AM,,24.0,atrasado
710939623,2026-09-30T06:51:01.119025+00:00,-3.85303,-63.50952,1745.5,107.2,107.2,0,Manaus/AM,Fonte Boa/AM,,24.0,atrasado
710939623,2026-09-30T06:51:06.849071+00:00,-3.85998,-63.487,1745.5,101.0,101.0,0,Manaus/AM,Fonte Boa/AM,,24.0,atrasado
710939623,2026-09-30T06:51:12.077218+00:00,-3.86407,-63.46588,1745.5,104.7,104.7,0,Manaus/AM,Fonte Boa/AM,,24.0,atrasado
710939623,2026-09-30T06:51:16.247874+00:00,-3.86841,-63.44928,1745.5,108.6,108.6,0,Manaus/AM,Fonte Boa/AM,,24.0,atrasado
710939623,2026-09-30T06:51:19.222346+00:00,-3.87231,-63.43768,1745.5,117.0,117.0,0,Manaus/AM,Fonte Boa/AM,,24.0,atrasado
710939623,2026-09-30T06:51:24.100638+00:00,-3.88141,-63.4198,1745.5,125.0,125.0,0,Manaus/AM,Fonte Boa/AM,,24.0,atrasado
710939623,2026-09-30T06:51:29.314027+00:00,-3.89367,-63.40222,1745.5,128.2,128.2,0,Manaus/AM,Fonte Boa/AM,,24.0,atrasado
710939623,2026-09-30T06:51:33.068051+00:00,-3.9032,-63.39007,1745.5,120.0,120.0,0,Manaus/AM,Fonte Boa/AM,,24.0,atrasado
710939623,2026-09-30T06:51:36.817895+00:00,-3.91089,-63.37671,1745.5,112.7,112.7,0,Manaus/AM,Fonte Boa/AM,,24.0,atrasado
710939623,2026-09-30T06:51:42.750581+00:00,-3.92029,-63.35419,1745.5,94.8,94.8,0,Manaus/AM,Fonte Boa/AM,,24.0,atrasado
710939623,2026-09-30T06:51:47.751729+00:00,-3.922,-63.33368,1745.5,90.0,90.0,0,Manaus/AM,Fonte Boa/AM,,24.0,atrasado
710939623,2026-09-30T06:51:51.267208+00:00,-3.922,-63.31921,1745.5,89.3,89.3,0,Manaus/AM,Fonte Boa/AM,,24.0,atrasado
710939623,2026-09-30T06:51:57.423031+00:00,-3.92169,-63.29388,1745.5,88.5,88.5,0,Manaus/AM,Fonte Boa/AM,,24.0,atrasado
710939623,2026-09-30T06:52:03.714188+00:00,-3.92102,-63.268,1745.5,89.1,89.1,0,Manaus/AM,Fonte Boa/AM,,24.0,atrasado
710939623,2026-09-30T06:52:08.743002+00:00,-3.92071,-63.24731,1745.5,98.7,98.7,0,Manaus/AM,Fonte Boa/AM,,24.0,atrasado
710939623,2026-09-30T06:52:16.017049+00:00,-3.92525,-63.21773,1745.5,105.0,105.0,0,Manaus/AM,Fonte Boa/AM,,24.0,atrasado
710939623,2026-09-30T06:52:20.720114+00:00,-3.93024,-63.19903,1745.5,109.3,109.3,0,Manaus/AM,Fonte Boa/AM,,24.0,atrasado
710939623,2026-09-30T06:52:25.659221+00:00,-3.93695,-63.17985,1745.5,104.5,104.5,0,Manaus/AM,Fonte Boa/AM,,24.0,atrasado
710939623,2026-09-30T06:52:29.901184+00:00,-3.94132,-63.16295,1745.5,114.7,114.7,0,Manaus/AM,Fonte Boa/AM,,24.0,atrasado
710939623,2026-09-30T07:36:39.799894+00:00,-3.94195,-63.16158,0.0,0.0,0.0,5,Manaus/AM,Fonte Boa/AM,Fonte Boa/AM,24.0,atrasado
710939623,2026-09-30T08:47:35.398543+00:00,-3.94195,-63.16158,0.0,0.0,0.0,5,Manaus/AM,Fonte Boa/AM,Fonte Boa/AM,24.0,atrasado
710939623,2026-09-30T09:58:30.997193+00:00,-3.94195,-63.16158,0.0,0.0,0.0,5,Manaus/AM,Fonte Boa/AM,Fonte Boa/AM,24.0,atrasado
710939623,2026-09-30T11:09:26.595842+00:00,-3.94195,-63.16158,0.0,0.0,0.0,5,Manaus/AM,Fonte Boa/AM,Fonte Boa/AM,24.0,atrasado
710939623,2026-09-30T12:20:22.194491+00:00,-3.94195,-63.16158,166.1,114.5,114.5,0,Manaus/AM,Fonte Boa/AM,,23.97,atrasado
710939623,2026-09-30T12:20:44.938951+00:00,-3.94564,-63.15348,166.1,139.2,139.2,0,Manaus/AM,Fonte Boa/AM,,23.97,atrasado
710939623,2026-09-30T12:21:11.485865+00:00,-3.95349,-63.14668,166.1,163.7,163.7,0,Manaus/AM,Fonte Boa/AM,,23.97,atrasado
710939623,2026-09-30T12:21:29.228714+00:00,-3.96014,-63.14473,166.1,186.7,186.7,0,Manaus/AM,Fonte Boa/AM,,23.97,atrasado
710939623,2026-09-30T12:21:53.600348+00:00,-3.96959,-63.14585,166.1,190.4,190.4,0,Manaus/AM,Fonte Boa/AM,,23.97,atrasado
710939623,2026-09-30T12:22:19.700293+00:00,-3.97961,-63.1477,166.1,195.4,195.4,0,Manaus/AM,Fonte Boa/AM,,23.97,atrasado
710939623,2026-09-30T12:22:50.177203+00:00,-3.99109,-63.15088,166.1,181.0,181.0,0,Manaus/AM,Fonte Boa/AM,,23.97,atrasado
710939623,2026-09-30T12:23:35.507787+00:00,-4.00879,-63.15118,166.1,159.3,159.3,0,Manaus/AM,Fonte Boa/AM,,23.97,atrasado
710939623,2026-09-30T12:23:44.941068+00:00,-4.06869,-63.12847,0.0,336.9,336.9,5,Manaus/AM,Fonte Boa/AM,Fonte Boa/AM,23.97,atrasado
710939623,2026-09-30T12:24:10.322375+00:00,-4.02209,-63.14838,166.1,167.9,167.9,0,Manaus/AM,Fonte Boa/AM,,23.97,atrasado
710939623,2026-09-30T12:25:03.714656+00:00,-4.04248,-63.14398,166.1,158.1,158.1,0,Manaus/AM,Fonte Boa/AM,,23.97,atrasado
710939623,2026-09-30T12:25:33.014873+00:00,-4.0531,-63.13971,166.1,144.9,144.9,0,Manaus/AM,Fonte Boa/AM,,23.97,atrasado
710939623,2026-09-30T12:26:01.478240+00:00,-4.06219,-63.1333,166.1,143.5,143.5,0,Manaus/AM,Fonte Boa/AM,,23.97,atrasado
710939623,2026-09-30T13:33:09.989229+00:00,-4.06869,-63.12847,0.0,0.0,0.0,5,Manaus/AM,Fonte Boa/AM,Fonte Boa/AM,23.97,atrasado
710939623,2026-09-30T14:42:35.037390+00:00,-4.06869,-63.12847,0.0,0.0,0.0,5,Manaus/AM,Fonte Boa/AM,Fonte Boa/AM,23.97,atrasado
710939623,2026-09-30T15:52:00.085551+00:00,-4.06869,-63.12847,0.0,0.0,0.0,5,Manaus/AM,Fonte Boa/AM,Fonte Boa/AM,23.97,atrasado
710939623,2026-09-30T17:01:25.133712+00:00,-4.06869,-63.12847,0.0,0.0,0.0,5,Manaus/AM,Fonte Boa/AM,Fonte Boa/AM,23.97,atrasado
710939623,2026-09-30T18:10:50.181873+00:00,-4.06869,-63.12847,564.8,143.4,143.4,0,Manaus/AM,Fonte Boa/AM,,24.0,atrasado
710939623,2026-09-30T18:10:52.786483+00:00,-4.07147,-63.1264,564.8,117.8,117.8,0,Manaus/AM,Fonte Boa/AM,,24.0,atrasado
710939623,2026-09-30T18:11:06.366118+00:00,-4.07989,-63.11041,564.8,96.1,96.1,0,Manaus/AM,Fonte Boa/AM,,24.0,atrasado
710939623,2026-09-30T18:11:18.442948+00:00,-4.0816,-63.09442,564.8,74.5,74.5,0,Manaus/AM,Fonte Boa/AM,,24.0,atrasado
710939623,2026-09-30T18:11:26.339582+00:00,-4.0788,-63.08429,564.8,71.3,71.3,0,Manaus/AM,Fonte Boa/AM,,24.0,atrasado
710939623,2026-09-30T18:11:41.388263+00:00,-4.07239,-63.06531,564.8,62.1,62.1,0,Manaus/AM,Fonte Boa/AM,,24.0,atrasado
710939623,2026-09-30T18:11:56.014693+00:00,-4.06329,-63.04809,564.8,60.5,60.5,0,Manaus/AM,Fonte Boa/AM,,24.0,atrasado
710939623,2026-09-30T18:12:06.549912+00:00,-4.0564,-63.03589,564.8,59.2,59.2,0,Manaus/AM,Fonte Boa/AM,,24.0,atrasado
710939623,2026-09-30T18:12:18.765555+00:00,-4.04809,-63.02191,564.8,53.2,53.2,0,Manaus/AM,Fonte Boa/AM,,24.0,atrasado
710939623,2026-09-30T18:12:32.106207+00:00,-4.03747,-63.00769,564.8,53.9,53.9,0,Manaus/AM,Fonte Boa/AM,,24.0,atrasado
710939623,2026-09-30T18:12:47.604577+00:00,-4.02533,-62.99103,564.8,48.4,48.4,0,Manaus/AM,Fonte Boa/AM,,24.0,atrasado
710939623,2026-09-30T18:12:59.078217+00:00,-4.0152,-62.97961,564.8,30.8,30.8,0,Manaus/AM,Fonte Boa/AM,,24.0,atrasado
710939623,2026-09-30T18:13:12.134893+00:00,-4.0003,-62.9707,564.8,29.9,29.9,0,Manaus/AM,Fonte Boa/AM,,24.0,atrasado
710939623,2026-09-30T18:13:26.927500+00:00,-3.98327,-62.96088,564.8,39.8,39.8,0,Manaus/AM,Fonte Boa/AM,,24.0,atrasado
710939623,2026-09-30T18:13:43.548935+00:00,-3.96631,-62.94671,564.8,58.3,58.3,0,Manaus/AM,Fonte Boa/AM,,24.0,atrasado
710939623,2026-09-30T18:13:58.850576+00:00,-3.95563,-62.92938,564.8,60.6,60.6,0,Manaus/AM,Fonte Boa/AM,,24.0,atrasado
710939623,2026-09-30T18:14:12.220165+00:00,-3.9469,-62.91388,564.8,55.8,55.8,0,Manaus/AM,Fonte Boa/AM,,24.0,atrasado
710939623,2026-09-30T18:14:22.030010+00:00,-3.93957,-62.90308,564.8,45.7,45.7,0,Manaus/AM,Fonte Boa/AM,,24.0,atrasado
710939623,2026-09-30T18:14:29.657240+00:00,-3.93249,-62.89581,564.8,34.8,34.8,0,Manaus/AM,Fonte Boa/AM,,24.0,atrasado
710939623,2026-09-30T18:14:39.286420+00:00,-3.922,-62.88849,564.8,50.7,50.7,0,Manaus/AM,Fonte Boa/AM,,24.0,atrasado
710939623,2026-09-30T18:14:47.635237+00:00,-3.91498,-62.87988,564.8,69.8,69.8,0,Manaus/AM,Fonte Boa/AM,,24.0,atrasado
710939623,2026-09-30T18:14:54.569571+00:00,-3.9118,-62.87121,564.8,71.9,71.9,0,Manaus/AM,Fonte Boa/AM,,24.0,atrasado
710939623,2026-09-30T18:15:06.967252+00:00,-3.90668,-62.85553,564.8,67.8,67.8,0,Manaus/AM,Fonte Boa/AM,,24.0,atrasado
710939623,2026-09-30T18:15:19.885594+00:00,-3.90021,-62.8396,564.8,68.8,68.8,0,Manaus/AM,Fonte Boa/AM,,24.0,atrasado
710939623,2026-09-30T18:15:42.997552+00:00,-3.8891,-62.81091,564.8,81.7,81.7,0,Manaus/AM,Fonte Boa/AM,,24.0,atrasado
710939623,2026-09-30T18:15:59.537646+00:00,-3.88592,-62.78912,564.8,96.9,96.9,0,Manaus/AM,Fonte Boa/AM,,24.0,atrasado
710939623,2026-09-30T18:16:15.607385+00:00,-3.88849,-62.76788,564.8,97.9,97.9,0,Manaus/AM,Fonte Boa/AM,,24.0,atrasado
710939623,2026-09-30T18:16:23.245240+00:00,-3.88989,-62.75781,564.8,105.2,105.2,0,Manaus/AM,Fonte Boa/AM,,24.0,atrasado
710939623,2026-09-30T18:16:35.313593+00:00,-3.8941,-62.74231,564.8,96.6,96.6,0,Manaus/AM,Fonte Boa/AM,,24.0,atrasado
710939623,2026-09-30T18:16:52.805182+00:00,-3.89679,-62.71918,564.8,93.6,93.6,0,Manaus/AM,Fonte Boa/AM,,24.0,atrasado
710939623,2026-09-30T18:17:13.200508+00:00,-3.8985,-62.69208,564.8,98.3,98.3,0,Manaus/AM,Fonte Boa/AM,,24.0,atrasado
710939623,2026-09-30T18:17:29.370295+00:00,-3.90161,-62.67077,564.8,90.8,90.8,0,Manaus/AM,Fonte Boa/AM,,24.0,atrasado
710939623,2026-09-30T18:17:45.875646+00:00,-3.90191,-62.6488,564.8,76.5,76.5,0,Manaus/AM,Fonte Boa/AM,,24.0,atrasado
710939623,2026-09-30T18:17:58.797060+00:00,-3.89789,-62.63208,564.8,70.4,70.4,0,Manaus/AM,Fonte Boa/AM,,24.0,atrasado
710939623,2026-09-30T18:18:08.674567+00:00,-3.89349,-62.61969,564.8,64.5,64.5,0,Manaus/AM,Fonte Boa/AM,,24.0,atrasado
710939623,2026-09-30T18:18:22.644244+00:00,-3.8855,-62.6029,564.8,58.6,58.6,0,Manaus/AM,Fonte Boa/AM,,24.0,atrasado
710939623,2026-09-30T18:18:34.461177+00:00,-3.87732,-62.58948,564.8,55.1,55.1,0,Manaus/AM,Fonte Boa/AM,,24.0,atrasado
710939623,2026-09-30T18:18:56.606844+00:00,-3.86047,-62.56531,564.8,65.8,65.8,0,Manaus/AM,Fonte Boa/AM,,24.0,atrasado
710939623,2026-09-30T18:19:15.308202+00:00,-3.85028,-62.5426,564.8,77.5,77.5,0,Manaus/AM,Fonte Boa/AM,,24.0,atrasado
710939623,2026-09-30T18:19:33.952827+00:00,-3.84491,-62.51837,564.8,89.4,89.4,0,Manaus/AM,Fonte Boa/AM,,24.0,atrasado
710939623,2026-09-30T18:19:57.885344+00:00,-3.8446,-62.48651,564.8,76.8,76.8,0,Manaus/AM,Fonte Boa/AM,,24.0,atrasado
710939623,2026-09-30T18:20:20.018358+00:00,-3.83789,-62.45782,564.8,69.2,69.2,0,Manaus/AM,Fonte Boa/AM,,24.0,atrasado
710939623,2026-09-30T18:20:37.580535+00:00,-3.82959,-62.43597,564.8,56.1,56.1,0,Manaus/AM,Fonte Boa/AM,,24.0,atrasado
710939623,2026-09-30T18:21:10.384725+00:00,-3.8053,-62.39972,564.8,69.7,69.7,0,Manaus/AM,Fonte Boa/AM,,24.0,atrasado
710939623,2026-09-30T18:21:29.305936+00:00,-3.79657,-62.3761,564.8,73.8,73.8,0,Manaus/AM,Fonte Boa/AM,,24.0,atrasado
710939623,2026-09-30T18:21:48.448306+00:00,-3.78949,-62.35162,564.8,71.5,71.5,0,Manaus/AM,Fonte Boa/AM,,24.0,atrasado
710939623,2026-09-30T18:22:08.272307+00:00,-3.78113,-62.3266,564.8,68.5,68.5,0,Manaus/AM,Fonte Boa/AM,,24.0,atrasado
710939623,2026-09-30T18:22:21.286121+00:00,-3.77478,-62.31048,564.8,66.3,66.3,0,Manaus/AM,Fonte Boa/AM,,24.0,atrasado
710939623,2026-09-30T18:22:34.902952+00:00,-3.76752,-62.29388,564.8,69.0,69.0,0,Manaus/AM,Fonte Boa/AM,,24.0,atrasado
710939623,2026-09-30T18:22:43.105555+00:00,-3.76361,-62.28369,564.8,81.3,81.3,0,Manaus/AM,Fonte Boa/AM,,24.0,atrasado
710939623,2026-09-30T18:22:55.491416+00:00,-3.76111,-62.26739,564.8,103.0,103.0,0,Manaus/AM,Fonte Boa/AM,,24.0,atrasado
710939623,2026-09-30T18:23:05.514172+00:00,-3.7641,-62.25439,564.8,118.1,118.1,0,Manaus/AM,Fonte Boa/AM,,24.0,atrasado
710939623,2026-09-30T18:23:16.226235+00:00,-3.77081,-62.24182,564.8,126.1,126.1,0,Manaus/AM,Fonte Boa/AM,,24.0,atrasado
710939623,2026-09-30T18:23:34.095918+00:00,-3.78479,-62.22259,564.8,119.8,119.8,0,Manaus/AM,Fonte Boa/AM,,24.0,atrasado
710939623,2026-09-30T18:23:51.211468+00:00,-3.79608,-62.20282,564.8,114.2,114.2,0,Manaus/AM,Fonte Boa/AM,,24.0,atrasado
710939623,2026-09-30T18:24:04.083333+00:00,-3.8031,-62.18719,564.8,115.2,115.2,0,Manaus/AM,Fonte Boa/AM,,24.0,atrasado
710939623,2026-09-30T18:24:16.291600+00:00,-3.81,-62.17248,564.8,110.2,110.2,0,Manaus/AM,Fonte Boa/AM,,24.0,atrasado
710939623,2026-09-30T18:24:32.367822+00:00,-3.81738,-62.1524,564.8,109.5,109.5,0,Manaus/AM,Fonte Boa/AM,,24.0,atrasado
710939623,2026-09-30T18:24:47.103573+00:00,-3.82391,-62.13391,564.8,109.2,109.2,0,Manaus/AM,Fonte Boa/AM,,24.0,atrasado
710939623,2026-09-30T18:25:00.794404+00:00,-3.82989,-62.1167,564.8,110.3,110.3,0,Manaus/AM,Fonte Boa/AM,,24.0,atrasado
710939623,2026-09-30T18:25:09.935413+00:00,-3.83411,-62.10528,564.8,103.7,103.7,0,Manaus/AM,Fonte Boa/AM,,24.0,atrasado
710939623,2026-09-30T18:25:31.237746+00:00,-3.84082,-62.07773,564.8,109.3,109.3,0,Manaus/AM,Fonte Boa/AM,,24.0,atrasado
710939623,2026-09-30T18:25:44.201245+00:00,-3.8465,-62.06144,0.0,0.0,0.0,5,Manaus/AM,Fonte Boa/AM,Fonte Boa/AM,24.0,atrasado
710939623,2026-09-30T19:35:00.913637+00:00,-3.8465,-62.06144,0.0,0.0,0.0,5,Manaus/AM,Fonte Boa/AM,Fonte Boa/AM,24.0,atrasado
710939623,2026-09-30T20:44:17.626029+00:00,-3.8465,-62.06144,0.0,0.0,0.0,5,Manaus/AM,Fonte Boa/AM,Fonte Boa/AM,24.0,atrasado
710939623,2026-09-30T21:53:34.338421+00:00,-3.8465,-62.06144,0.0,0.0,0.0,5,Manaus/AM,Fonte Boa/AM,Fonte Boa/AM,24.0,atrasado
710939623,2026-09-30T23:02:51.050813+00:00,-3.8465,-62.06144,0.0,0.0,0.0,5,Manaus/AM,Fonte Boa/AM,Fonte Boa/AM,24.0,atrasado
710939623,2026-10-01T00:12:07.763205+00:00,-3.8465,-62.06144,431.8,109.2,109.2,0,Manaus/AM,Fonte Boa/AM,,23.93,atrasado
710939623,2026-10-01T00:12:11.020662+00:00,-3.84759,-62.05831,431.8,125.2,125.2,0,Manaus/AM,Fonte Boa/AM,,23.93,atrasado
710939623,2026-10-01T00:12:30.261742+00:00,-3.85884,-62.0423,431.8,130.7,130.7,0,Manaus/AM,Fonte Boa/AM,,23.93,atrasado
710939623,2026-10-01T00:12:44.039829+00:00,-3.86796,-62.03166,431.8,131.1,131.1,0,Manaus/AM,Fonte Boa/AM,,23.93,atrasado
710939623,2026-10-01T00:13:02.219105+00:00,-3.88009,-62.01771,431.8,137.4,137.4,0,Manaus/AM,Fonte Boa/AM,,23.93,atrasado
710939623,2026-10-01T00:13:17.033957+00:00,-3.89117,-62.00751,431.8,131.5,131.5,0,Manaus/AM,Fonte Boa/AM,,23.93,atrasado
710939623,2026-10-01T00:13:37.613887+00:00,-3.90503,-61.99182,431.8,125.1,125.1,0,Manaus/AM,Fonte Boa/AM,,23.93,atrasado
710939623,2026-10-01T00:13:58.637657+00:00,-3.9173,-61.9743,431.8,129.0,129.0,0,Manaus/AM,Fonte Boa/AM,,23.93,atrasado
710939623,2026-10-01T00:14:19.632017+00:00,-3.93072,-61.9577,431.8,126.0,126.0,0,Manaus/AM,Fonte Boa/AM,,23.93,atrasado
710939623,2026-10-01T00:14:39.050974+00:00,-3.94232,-61.94171,431.8,114.2,114.2,0,Manaus/AM,Fonte Boa/AM,,23.93,atrasado
710939623,2026-10-01T00:14:56.071853+00:00,-3.9494,-61.9259,431.8,113.9,113.9,0,Manaus/AM,Fonte Boa/AM,,23.93,atrasado
710939623,2026-10-01T00:15:12.855073+00:00,-3.9563,-61.91028,431.8,107.2,107.2,0,Manaus/AM,Fonte Boa/AM,,23.93,atrasado
710939623,2026-10-01T00:15:41.419244+00:00,-3.9649,-61.88251,431.8,107.7,107.7,0,Manaus/AM,Fonte Boa/AM,,23.93,atrasado
710939623,2026-10-01T00:16:07.287195+00:00,-3.9729,-61.85742,431.8,100.3,100.3,0,Manaus/AM,Fonte Boa/AM,,23.93,atrasado
710939623,2026-10-01T00:16:30.383676+00:00,-3.97711,-61.83429,431.8,85.4,85.4,0,Manaus/AM,Fonte Boa/AM,,23.93,atrasado
710939623,2026-10-01T00:16:52.758252+00:00,-3.97528,-61.81158,431.8,52.5,52.5,0,Manaus/AM,Fonte Boa/AM,,23.93,atrasado
710939623,2026-10-01T00:17:08.467627+00:00,-3.96557,-61.79889,431.8,44.7,44.7,0,Manaus/AM,Fonte Boa/AM,,23.93,atrasado
710939623,2026-10-01T00:17:29.944633+00:00,-3.95007,-61.78351,431.8,31.2,31.2,0,Manaus/AM,Fonte Boa/AM,,23.93,atrasado
710939623,2026-10-01T00:17:44.983199+00:00,-3.93701,-61.77557,431.8,22.9,22.9,0,Manaus/AM,Fonte Boa/AM,,23.93,atrasado
710939623,2026-10-01T00:18:00.514548+00:00,-3.92248,-61.76941,431.8,13.8,13.8,0,Manaus/AM,Fonte Boa/AM,,23.93,atrasado
710939623,2026-10-01T00:18:19.081774+00:00,-3.90417,-61.76489,431.8,25.5,25.5,0,Manaus/AM,Fonte Boa/AM,,23.93,atrasado
710939623,2026-10-01T00:18:35.524660+00:00,-3.8891,-61.75769,431.8,43.7,43.7,0,Manaus/AM,Fonte Boa/AM,,23.93,atrasado
710939623,2026-10-01T00:18:48.898944+00:00,-3.87927,-61.74829,431.8,62.7,62.7,0,Manaus/AM,Fonte Boa/AM,,23.93,atrasado
710939623,2026-10-01T00:19:09.879428+00:00,-3.86951,-61.72931,431.8,76.6,76.6,0,Manaus/AM,Fonte Boa/AM,,23.93,atrasado
710939623,2026-10-01T00:19:31.886355+00:00,-3.86432,-61.70752,431.8,77.7,77.7,0,Manaus/AM,Fonte Boa/AM,,23.93,atrasado
710939623,2026-10-01T00:19:49.987332+00:00,-3.86041,-61.68951,431.8,78.8,78.8,0,Manaus/AM,Fonte Boa/AM,,23.93,atrasado
710939623,2026-10-01T00:20:11.931984+00:00,-3.85608,-61.6676,431.8,61.5,61.5,0,Manaus/AM,Fonte Boa/AM,,23.93,atrasado
710939623,2026-10-01T00:20:32.735466+00:00,-3.84601,-61.64899,431.8,45.7,45.7,0,Manaus/AM,Fonte Boa/AM,,23.93,atrasado
710939623,2026-10-01T00:20:49.927015+00:00,-3.8338,-61.63647,431.8,14.8,14.8,0,Manaus/AM,Fonte Boa/AM,,23.93,atrasado
710939623,2026-10-01T00:21:13.669502+00:00,-3.81048,-61.63031,431.8,14.1,14.1,0,Manaus/AM,Fonte Boa/AM,,23.93,atrasado
710939623,2026-10-01T00:21:33.066935+00:00,-3.79138,-61.62549,431.8,26.7,26.7,0,Manaus/AM,Fonte Boa/AM,,23.93,atrasado
710939623,2026-10-01T00:21:49.410232+00:00,-3.77655,-61.61801,0.0,0.0,0.0,5,Manaus/AM,Fonte Boa/AM,Fonte Boa/AM,23.93,atrasado
710939623,2026-10-01T01:25:38.528270+00:00,-3.77655,-61.61801,0.0,0.0,0.0,5,Manaus/AM,Fonte Boa/AM,Fonte Boa/AM,23.93,atrasado
710939623,2026-10-01T02:29:27.646308+00:00,-3.77655,-61.61801,0.0,0.0,0.0,5,Manaus/AM,Fonte Boa/AM,Fonte Boa/AM,23.93,atrasado
710939623,2026-10-01T03:33:16.764347+00:00,-3.77655,-61.61801,0.0,0.0,0.0,5,Manaus/AM,Fonte Boa/AM,Fonte Boa/AM,23.93,atrasado
710939623,2026-10-01T04:37:05.882385+00:00,-3.77655,-61.61801,0.0,0.0,0.0,5,Manaus/AM,Fonte Boa/AM,Fonte Boa/AM,23.93,atrasado
710939623,2026-10-01T05:40:55.000423+00:00,-3.77655,-61.61801,27.4,26.7,26.7,0,Manaus/AM,Fonte Boa/AM,,24.0,atrasado
710939623,2026-10-01T05:42:45.313073+00:00,-3.7702,-61.61481,27.4,54.0,54.0,0,Manaus/AM,Fonte Boa/AM,,24.0,atrasado
710939623,2026-10-01T05:47:17.482407+00:00,-3.75989,-61.60058,27.4,65.0,65.0,0,Manaus/AM,Fonte Boa/AM,,24.0,atrasado
710939623,2026-10-01T05:52:46.898847+00:00,-3.75091,-61.5813,27.4,48.3,48.3,0,Manaus/AM,Fonte Boa/AM,,24.0,atrasado
710939623,2026-10-01T05:58:08.441571+00:00,-3.73712,-61.56579,27.4,48.6,48.6,0,Manaus/AM,Fonte Boa/AM,,24.0,atrasado
710939623,2026-10-01T06:03:57.538838+00:00,-3.72223,-61.54889,27.4,49.5,49.5,0,Manaus/AM,Fonte Boa/AM,,24.0,atrasado
710939623,2026-10-01T06:10:34.016369+00:00,-3.70563,-61.52942,27.4,59.2,59.2,0,Manaus/AM,Fonte Boa/AM,,24.0,atrasado
710939623,2026-10-01T06:17:50.653276+00:00,-3.69122,-61.50519,27.4,62.3,62.3,0,Manaus/AM,Fonte Boa/AM,,24.0,atrasado
710939623,2026-10-01T06:22:11.122133+00:00,-3.68341,-61.49029,27.4,64.2,64.2,0,Manaus/AM,Fonte Boa/AM,,24.0,atrasado
710939623,2026-10-01T06:25:44.201245+00:00,-3.67743,-61.4779,0.0,0.0,0.0,5,Manaus/AM,Fonte Boa/AM,Fonte Boa/AM,24.0,atrasado
710939623,2026-10-01T07:27:56.379804+00:00,-3.67743,-61.4779,0.0,0.0,0.0,5,Manaus/AM,Fonte Boa/AM,Fonte Boa/AM,24.0,atrasado
710939623,2026-10-01T08:30:08.558363+00:00,-3.67743,-61.4779,0.0,0.0,0.0,5,Manaus/AM,Fonte Boa/AM,Fonte Boa/AM,24.0,atrasado
710939623,2026-10-01T09:32:20.736921+00:00,-3.67743,-61.4779,0.0,0.0,0.0,5,Manaus/AM,Fonte Boa/AM,Fonte Boa/AM,24.0,atrasado
710939623,2026-10-01T10:34:32.915480+00:00,-3.67743,-61.4779,0.0,0.0,0.0,5,Manaus/AM,Fonte Boa/AM,Fonte Boa/AM,24.0,atrasado
710939623,2026-10-01T11:36:45.094039+00:00,-3.67743,-61.4779,0.0,49.8,49.8,5,Manaus/AM,Fonte Boa/AM,Fonte Boa/AM,24.0,atrasado
710939623,2026-10-01T12:25:44.201245+00:00,-3.604,-61.39092,0.0,229.8,229.8,5,Manaus/AM,Fonte Boa/AM,Fonte Boa/AM,24.0,atrasado
710939623,2026-10-01T12:38:57.272598+00:00,-3.67743,-61.4779,0.0,49.8,49.8,5,Manaus/AM,Fonte Boa/AM,Fonte Boa/AM,24.0,atrasado
710939623,2026-10-01T13:25:44.931936+00:00,-3.604,-61.39092,0.0,229.8,229.8,5,Manaus/AM,Fonte Boa/AM,Fonte Boa/AM,24.0,atrasado
710939623,2026-10-01T13:41:09.451157+00:00,-3.67743,-61.4779,135.2,53.8,53.8,0,Manaus/AM,Fonte Boa/AM,,24.0,atrasado
710939623,2026-10-01T13:41:50.730018+00:00,-3.66968,-61.46728,135.2,40.8,40.8,0,Manaus/AM,Fonte Boa/AM,,24.0,atrasado
710939623,2026-10-01T13:42:43.463970+00:00,-3.65698,-61.4563,135.2,38.5,38.5,0,Manaus/AM,Fonte Boa/AM,,24.0,atrasado
710939623,2026-10-01T13:43:20.711062+00:00,-3.6477,-61.44891,135.2,44.4,44.4,0,Manaus/AM,Fonte Boa/AM,,24.0,atrasado
710939623,2026-10-01T13:43:59.886859+00:00,-3.63879,-61.44018,135.2,49.3,49.3,0,Manaus/AM,Fonte Boa/AM,,24.0,atrasado
710939623,2026-10-01T13:44:37.531962+00:00,-3.63098,-61.43109,135.2,57.3,57.3,0,Manaus/AM,Fonte Boa/AM,,24.0,atrasado
710939623,2026-10-01T13:45:08.466097+00:00,-3.62567,-61.42279,135.2,56.5,56.5,0,Manaus/AM,Fonte Boa/AM,,24.0,atrasado
710939623,2026-10-01T13:45:53.957481+00:00,-3.61767,-61.4107,135.2,56.4,56.4,0,Manaus/AM,Fonte Boa/AM,,24.0,atrasado
710939623,2026-10-01T13:46:22.707180+00:00,-3.61261,-61.40308,135.2,54.6,54.6,0,Manaus/AM,Fonte Boa/AM,,24.0,atrasado
710939623,2026-10-01T14:25:45.662628+00:00,-3.604,-61.39092,0.0,0.0,0.0,5,Manaus/AM,Fonte Boa/AM,Fonte Boa/AM,24.0,atrasado
710939623,2026-10-01T15:25:46.393319+00:00,-3.604,-61.39092,0.0,0.0,0.0,5,Manaus/AM,Fonte Boa/AM,Fonte Boa/AM,24.0,atrasado
710939623,2026-10-01T16:25:47.124011+00:00,-3.604,-61.39092,0.0,0.0,0.0,5,Manaus/AM,Fonte Boa/AM,Fonte Boa/AM,24.0,atrasado
710939623,2026-10-01T17:25:47.854702+00:00,-3.604,-61.39092,166.6,55.0,55.0,0,Manaus/AM,Fonte Boa/AM,,23.68,atrasado
710939623,2026-10-01T17:25:49.747553+00:00,-3.60358,-61.39032,166.6,54.8,54.8,0,Manaus/AM,Fonte Boa/AM,,23.68,atrasado
710939623,2026-10-01T17:26:27.823959+00:00,-3.59497,-61.37811,166.6,82.0,82.0,0,Manaus/AM,Fonte Boa/AM,,23.68,atrasado
710939623,2026-10-01T17:26:57.972891+00:00,-3.59332,-61.36639,166.6,95.5,95.5,0,Manaus/AM,Fonte Boa/AM,,23.68,atrasado
710939623,2026-10-01T17:27:48.587215+00:00,-3.59521,-61.34662,166.6,101.3,101.3,0,Manaus/AM,Fonte Boa/AM,,23.68,atrasado
710939623,2026-10-01T17:28:36.467736+00:00,-3.59888,-61.32818,166.6,95.6,95.6,0,Manaus/AM,Fonte Boa/AM,,23.68,atrasado
710939623,2026-10-01T17:29:05.063362+00:00,-3.59997,-61.31701,166.6,78.8,78.8,0,Manaus/AM,Fonte Boa/AM,,23.68,atrasado
710939623,2026-10-01T17:29:32.176047+00:00,-3.5979,-61.30658,166.6,80.9,80.9,0,Manaus/AM,Fonte Boa/AM,,23.68,atrasado
710939623,2026-10-01T17:29:54.852748+00:00,-3.59649,-61.29779,166.6,91.7,91.7,0,Manaus/AM,Fonte Boa/AM,,23.68,atrasado
710939623,2026-10-01T17:30:21.143761+00:00,-3.5968,-61.28747,166.6,88.2,88.2,0,Manaus/AM,Fonte Boa/AM,,23.68,atrasado
710939623,2026-10-01T17:31:48.735126+00:00,-3.5957,-61.25311,166.6,83.8,83.8,0,Manaus/AM,Fonte Boa/AM,,23.68,atrasado
710939623,2026-10-01T17:32:35.975228+00:00,-3.59369,-61.23468,166.6,82.3,82.3,0,Manaus/AM,Fonte Boa/AM,,23.68,atrasado
710939623,2026-10-01T17:33:32.781944+00:00,-3.5907,-61.21258,166.6,84.6,84.6,0,Manaus/AM,Fonte Boa/AM,,23.68,atrasado
710939623,2026-10-01T17:34:37.291733+00:00,-3.58832,-61.18738,166.6,87.3,87.3,0,Manaus/AM,Fonte Boa/AM,,23.68,atrasado
710939623,2026-10-01T17:35:27.727017+00:00,-3.5874,-61.1676,166.6,85.5,85.5,0,Manaus/AM,Fonte Boa/AM,,23.68,atrasado
710939623,2026-10-01T17:36:27.000956+00:00,-3.58557,-61.14441,166.6,90.3,90.3,0,Manaus/AM,Fonte Boa/AM,,23.68,atrasado
710939623,2026-10-01T17:37:19.561477+00:00,-3.58569,-61.12378,166.6,89.3,89.3,0,Manaus/AM,Fonte Boa/AM,,23.68,atrasado
710939623,2026-10-01T17:38:23.478493+00:00,-3.58539,-61.09869,166.6,92.9,92.9,0,Manaus/AM,Fonte Boa/AM,,23.68,atrasado
710939623,2026-10-01T17:39:27.937417+00:00,-3.58667,-61.07342,166.6,102.2,102.2,0,Manaus/AM,Fonte Boa/AM,,23.68,atrasado
710939623,2026-10-01T17:40:35.225511+00:00,-3.59222,-61.04761,166.6,95.3,95.3,0,Manaus/AM,Fonte Boa/AM,,23.68,atrasado
710939623,2026-10-01T17:41:24.415653+00:00,-3.59399,-61.02838,166.6,107.3,107.3,0,Manaus/AM,Fonte Boa/AM,,23.68,atrasado
710939623,2026-10-01T17:42:19.312907+00:00,-3.6004,-61.00781,166.6,111.5,111.5,0,Manaus/AM,Fonte Boa/AM,,23.68,atrasado
710939623,2026-10-01T17:43:23.493530+00:00,-3.60962,-60.98437,166.6,109.0,109.0,0,Manaus/AM,Fonte Boa/AM,,23.68,atrasado
710939623,2026-10-01T17:44:11.693847+00:00,-3.61578,-60.96649,166.6,102.9,102.9,0,Manaus/AM,Fonte Boa/AM,,23.68,atrasado
710939623,2026-10-01T17:45:08.958548+00:00,-3.62079,-60.94458,166.6,86.3,86.3,0,Manaus/AM,Fonte Boa/AM,,23.68,atrasado
710939623,2026-10-01T17:45:55.391901+00:00,-3.61963,-60.92639,166.6,91.1,91.1,0,Manaus/AM,Fonte Boa/AM,,23.68,atrasado
710939623,2026-10-01T17:46:27.740123+00:00,-3.61987,-60.91369,166.6,113.7,113.7,0,Manaus/AM,Fonte Boa/AM,,23.68,atrasado
710939623,2026-10-01T17:46:49.473103+00:00,-3.62329,-60.90588,166.6,127.5,127.5,0,Manaus/AM,Fonte Boa/AM,,23.68,atrasado
710939623,2026-10-01T17:47:13.561239+00:00,-3.62903,-60.89838,166.6,128.9,128.9,0,Manaus/AM,Fonte Boa/AM,,23.68,atrasado
710939623,2026-10-01T17:47:26.951847+00:00,-3.63232,-60.89429,166.6,101.6,101.6,0,Manaus/AM,Fonte Boa/AM,,23.68,atrasado
710939623,2026-10-01T17:47:41.714055+00:00,-3.63348,-60.88861,166.6,95.5,95.5,0,Manaus/AM,Fonte Boa/AM,,23.68,atrasado
710939623,2026-10-01T17:47:49.992450+00:00,-3.63379,-60.88537,166.6,75.2,75.2,0,Manaus/AM,Fonte Boa/AM,,23.68,atrasado
710939623,2026-10-01T17:48:01.571607+00:00,-3.63263,-60.88098,166.6,68.3,68.3,0,Manaus/AM,Fonte Boa/AM,,23.68,atrasado
710939623,2026-10-01T17:48:25.168623+00:00,-3.62921,-60.87237,166.6,63.4,63.4,0,Manaus/AM,Fonte Boa/AM,,23.68,atrasado
710939623,2026-10-01T17:48:43.952251+00:00,-3.62591,-60.86578,166.6,61.4,61.4,0,Manaus/AM,Fonte Boa/AM,,23.68,atrasado
710939623,2026-10-01T17:49:08.039283+00:00,-3.6214,-60.85748,166.6,57.5,57.5,0,Manaus/AM,Fonte Boa/AM,,23.68,atrasado
710939623,2026-10-01T17:49:23.143154+00:00,-3.61822,-60.85248,166.6,55.6,55.6,0,Manaus/AM,Fonte Boa/AM,,23.68,atrasado
710939623,2026-10-01T17:49:36.351068+00:00,-3.61529,-60.8482,166.6,60.8,60.8,0,Manaus/AM,Fonte Boa/AM,,23.68,atrasado
710939623,2026-10-01T17:50:10.199212+00:00,-3.60882,-60.83661,166.6,52.1,52.1,0,Manaus/AM,Fonte Boa/AM,,23.68,atrasado
710939623,2026-10-01T17:50:36.812251+00:00,-3.60242,-60.82837,166.6,49.4,49.4,0,Manaus/AM,Fonte Boa/AM,,23.68,atrasado
710939623,2026-10-01T17:50:56.460635+00:00,-3.59741,-60.82251,166.6,36.5,36.5,0,Manaus/AM,Fonte Boa/AM,,23.68,atrasado
710939623,2026-10-01T17:51:13.713439+00:00,-3.59198,-60.81848,166.6,19.3,19.3,0,Manaus/AM,Fonte Boa/AM,,23.68,atrasado
710939623,2026-10-01T17:51:26.914539+00:00,-3.5871,-60.81677,166.6,7.8,7.8,0,Manaus/AM,Fonte Boa/AM,,23.68,atrasado
710939623,2026-10-01T17:51:39.496170+00:00,-3.58221,-60.8161,166.6,3.2,3.2,0,Manaus/AM,Fonte Boa/AM,,23.68,atrasado
710939623,2026-10-01T17:51:53.539937+00:00,-3.57672,-60.81579,166.6,356.2,356.2,0,Manaus/AM,Fonte Boa/AM,,23.68,atrasado
710939623,2026-10-01T17:52:05.407657+00:00,-3.57208,-60.8161,166.6,358.9,358.9,0,Manaus/AM,Fonte Boa/AM,,23.68,atrasado
710939623,2026-10-01T17:52:21.771015+00:00,-3.56567,-60.81622,166.6,13.5,13.5,0,Manaus/AM,Fonte Boa/AM,,23.68,atrasado
710939623,2026-10-01T17:52:43.723084+00:00,-3.55731,-60.81421,166.6,22.0,22.0,0,Manaus/AM,Fonte Boa/AM,,23.68,atrasado
710939623,2026-10-01T17:52:59.517356+00:00,-3.55157,-60.81189,166.6,8.4,8.4,0,Manaus/AM,Fonte Boa/AM,,23.68,atrasado
710939623,2026-10-01T17:53:19.831098+00:00,-3.5437,-60.81073,166.6,7.3,7.3,0,Manaus/AM,Fonte Boa/AM,,23.68,atrasado
710939623,2026-10-01T17:53:37.107650+00:00,-3.53699,-60.80987,166.6,23.4,23.4,0,Manaus/AM,Fonte Boa/AM,,23.68,atrasado
710939623,2026-10-01T17:53:48.480625+00:00,-3.5329,-60.8081,166.6,31.6,31.6,0,Manaus/AM,Fonte Boa/AM,,23.68,atrasado
710939623,2026-10-01T17:54:10.435080+00:00,-3.52557,-60.80359,166.6,43.7,43.7,0,Manaus/AM,Fonte Boa/AM,,23.68,atrasado
710939623,2026-10-01T17:54:25.517066+00:00,-3.5213,-60.7995,166.6,43.6,43.6,0,Manaus/AM,Fonte Boa/AM,,23.68,atrasado
710939623,2026-10-01T17:54:48.749937+00:00,-3.51471,-60.79321,166.6,36.4,36.4,0,Manaus/AM,Fonte Boa/AM,,23.68,atrasado
710939623,2026-10-01T17:55:35.960969+00:00,-3.49981,-60.78222,166.6,40.0,40.0,0,Manaus/AM,Fonte Boa/AM,,23.68,atrasado
710939623,2026-10-01T17:56:11.761270+00:00,-3.48907,-60.77319,166.6,43.9,43.9,0,Manaus/AM,Fonte Boa/AM,,23.68,atrasado
710939623,2026-10-01T17:56:53.927381+00:00,-3.47717,-60.76172,166.6,35.4,35.4,0,Manaus/AM,Fonte Boa/AM,,23.68,atrasado
710939623,2026-10-01T17:57:47.633083+00:00,-3.46002,-60.74951,166.6,35.2,35.2,0,Manaus/AM,Fonte Boa/AM,,23.68,atrasado
710939623,2026-10-01T17:58:49.195308+00:00,-3.44031,-60.73559,166.6,30.5,30.5,0,Manaus/AM,Fonte Boa/AM,,23.68,atrasado
710939623,2026-10-01T17:59:49.584787+00:00,-3.41992,-60.72357,166.6,32.4,32.4,0,Manaus/AM,Fonte Boa/AM,,23.68,atrasado
710939623,2026-10-01T18:00:59.179430+00:00,-3.39691,-60.70892,166.6,20.3,20.3,0,Manaus/AM,Fonte Boa/AM,,23.68,atrasado
710939623,2026-10-01T18:01:52.853171+00:00,-3.3772,-60.7016,166.6,20.0,20.0,0,Manaus/AM,Fonte Boa/AM,,23.68,atrasado
710939623,2026-10-01T18:02:38.436723+00:00,-3.36041,-60.69549,166.6,31.0,31.0,0,Manaus/AM,Fonte Boa/AM,,23.68,atrasado
710939623,2026-10-01T18:03:17.135413+00:00,-3.34741,-60.68768,166.6,66.7,66.7,0,Manaus/AM,Fonte Boa/AM,,23.68,atrasado
710939623,2026-10-01T18:03:58.464470+00:00,-3.341,-60.67279,166.6,80.6,80.6,0,Manaus/AM,Fonte Boa/AM,,23.68,atrasado
710939623,2026-10-01T18:04:47.026238+00:00,-3.33789,-60.65399,166.6,86.0,86.0,0,Manaus/AM,Fonte Boa/AM,,23.68,atrasado
710939623,2026-10-01T18:05:41.438266+00:00,-3.33642,-60.63269,166.6,80.8,80.8,0,Manaus/AM,Fonte Boa/AM,,23.68,atrasado
710939623,2026-10-01T18:06:33.258747+00:00,-3.33318,-60.61261,0.0,0.0,0.0,5,Manaus/AM,Fonte Boa/AM,Fonte Boa/AM,23.68,atrasado
710939623,2026-10-01T19:12:55.317183+00:00,-3.33318,-60.61261,0.0,0.0,0.0,5,Manaus/AM,Fonte Boa/AM,Fonte Boa/AM,23.68,atrasado
710939623,2026-10-01T20:19:17.375618+00:00,-3.33318,-60.61261,0.0,0.0,0.0,5,Manaus/AM,Fonte Boa/AM,Fonte Boa/AM,23.68,atrasado
710939623,2026-10-01T21:25:39.434054+00:00,-3.33318,-60.61261,0.0,0.0,0.0,5,Manaus/AM,Fonte Boa/AM,Fonte Boa/AM,23.68,atrasado
710939623,2026-10-01T22:32:01.492489+00:00,-3.33318,-60.61261,0.0,0.0,0.0,5,Manaus/AM,Fonte Boa/AM,Fonte Boa/AM,23.68,atrasado
710939623,2026-10-01T23:38:23.550925+00:00,-3.33318,-60.61261,0.0,91.0,91.0,5,Manaus/AM,Fonte Boa/AM,Fonte Boa/AM,23.68,atrasado
710939623,2026-10-02T00:25:44.201245+00:00,-3.33585,-60.46423,0.0,271.0,271.0,5,Manaus/AM,Fonte Boa/AM,Fonte Boa/AM,24.0,atrasado
710939623,2026-10-02T00:44:45.609360+00:00,-3.33318,-60.61261,176.7,81.2,81.2,0,Manaus/AM,Fonte Boa/AM,,24.0,atrasado
710939623,2026-10-02T00:44:48.298824+00:00,-3.33301,-60.61151,176.7,77.0,77.0,0,Manaus/AM,Fonte Boa/AM,,24.0,atrasado
710939623,2026-10-02T00:45:53.899133+00:00,-3.3269,-60.5849,176.7,86.2,86.2,0,Manaus/AM,Fonte Boa/AM,,24.0,atrasado
710939623,2026-10-02T00:46:33.431902+00:00,-3.3258,-60.56848,176.7,92.5,92.5,0,Manaus/AM,Fonte Boa/AM,,24.0,atrasado
710939623,2026-10-02T00:47:39.777094+00:00,-3.32702,-60.54089,176.7,99.4,99.4,0,Manaus/AM,Fonte Boa/AM,,24.0,atrasado
710939623,2026-10-02T00:49:03.311636+00:00,-3.3327,-60.50659,176.7,97.0,97.0,0,Manaus/AM,Fonte Boa/AM,,24.0,atrasado
710939623,2026-10-02T00:50:12.299376+00:00,-3.33618,-60.47809,176.7,88.6,88.6,0,Manaus/AM,Fonte Boa/AM,,24.0,atrasado
710939623,2026-10-02T01:27:54.290878+00:00,-3.33585,-60.46423,0.0,0.0,0.0,5,Manaus/AM,Fonte Boa/AM,Fonte Boa/AM,24.0,atrasado
710939623,2026-10-02T02:30:04.380511+00:00,-3.33585,-60.46423,0.0,0.0,0.0,5,Manaus/AM,Fonte Boa/AM,Fonte Boa/AM,24.0,atrasado
710939623,2026-10-02T03:32:14.470145+00:00,-3.33585,-60.46423,0.0,0.0,0.0,5,Manaus/AM,Fonte Boa/AM,Fonte Boa/AM,24.0,atrasado
710939623,2026-10-02T04:34:24.559778+00:00,-3.33585,-60.46423,0.0,0.0,0.0,5,Manaus/AM,Fonte Boa/AM,Fonte Boa/AM,24.0,atrasado
710939623,2026-10-02T05:36:34.649411+00:00,-3.33585,-60.46423,0.0,82.0,82.0,5,Manaus/AM,Fonte Boa/AM,Fonte Boa/AM,24.0,atrasado
710939623,2026-10-02T06:25:44.201245+00:00,-3.29816,-60.19472,0.0,262.0,262.0,5,Manaus/AM,Fonte Boa/AM,Fonte Boa/AM,24.0,atrasado
710939623,2026-10-02T06:38:44.739044+00:00,-3.33585,-60.46423,0.0,82.0,82.0,5,Manaus/AM,Fonte Boa/AM,Fonte Boa/AM,24.0,atrasado
710939623,2026-10-02T07:31:33.612529+00:00,-3.29816,-60.19472,0.0,262.0,262.0,5,Manaus/AM,Fonte Boa/AM,Fonte Boa/AM,24.0,atrasado
710939623,2026-10-02T07:40:54.828677+00:00,-3.33585,-60.46423,351.6,88.7,88.7,0,Manaus/AM,Fonte Boa/AM,,24.0,atrasado
710939623,2026-10-02T07:41:03.076118+00:00,-3.33569,-60.4574,351.6,60.9,60.9,0,Manaus/AM,Fonte Boa/AM,,24.0,atrasado
710939623,2026-10-02T07:41:25.348831+00:00,-3.32672,-60.44128,351.6,53.4,53.4,0,Manaus/AM,Fonte Boa/AM,,24.0,atrasado
710939623,2026-10-02T07:41:48.750261+00:00,-3.31518,-60.42572,351.6,46.4,46.4,0,Manaus/AM,Fonte Boa/AM,,24.0,atrasado
710939623,2026-10-02T07:42:07.475927+00:00,-3.3045,-60.41449,351.6,77.0,77.0,0,Manaus/AM,Fonte Boa/AM,,24.0,atrasado
710939623,2026-10-02T07:42:35.004323+00:00,-3.29938,-60.39227,351.6,73.7,73.7,0,Manaus/AM,Fonte Boa/AM,,24.0,atrasado
710939623,2026-10-02T07:42:56.109513+00:00,-3.29449,-60.37549,351.6,78.4,78.4,0,Manaus/AM,Fonte Boa/AM,,24.0,atrasado
710939623,2026-10-02T07:43:23.120526+00:00,-3.28998,-60.35357,351.6,80.2,80.2,0,Manaus/AM,Fonte Boa/AM,,24.0,atrasado
710939623,2026-10-02T07:43:59.016050+00:00,-3.28491,-60.32428,351.6,74.3,74.3,0,Manaus/AM,Fonte Boa/AM,,24.0,atrasado
710939623,2026-10-02T07:44:22.673066+00:00,-3.2796,-60.30542,351.6,66.1,66.1,0,Manaus/AM,Fonte Boa/AM,,24.0,atrasado
710939623,2026-10-02T07:44:51.611975+00:00,-3.2699,-60.28351,351.6,79.0,79.0,0,Manaus/AM,Fonte Boa/AM,,24.0,atrasado
710939623,2026-10-02T07:45:16.455732+00:00,-3.26599,-60.2633,351.6,80.3,80.3,0,Manaus/AM,Fonte Boa/AM,,24.0,atrasado
710939623,2026-10-02T07:45:38.734108+00:00,-3.26288,-60.24512,351.6,104.4,104.4,0,Manaus/AM,Fonte Boa/AM,,24.0,atrasado
710939623,2026-10-02T07:45:53.873228+00:00,-3.26599,-60.23297,351.6,114.5,114.5,0,Manaus/AM,Fonte Boa/AM,,24.0,atrasado
710939623,2026-10-02T07:46:05.780143+00:00,-3.27008,-60.224,351.6,133.7,133.7,0,Manaus/AM,Fonte Boa/AM,,24.0,atrasado
710939623,2026-10-02T07:46:30.451421+00:00,-3.28418,-60.20923,351.6,135.0,135.0,0,Manaus/AM,Fonte Boa/AM,,24.0,atrasado
710939623,2026-10-02T07:46:52.561403+00:00,-3.29712,-60.19629,351.6,123.6,123.6,0,Manaus/AM,Fonte Boa/AM,,24.0,atrasado
710939623,2026-10-02T08:37:23.023812+00:00,-3.29816,-60.19472,0.0,0.0,0.0,5,Manaus/AM,Fonte Boa/AM,Fonte Boa/AM,24.0,atrasado
710939623,2026-10-02T09:43:12.435096+00:00,-3.29816,-60.19472,0.0,0.0,0.0,5,Manaus/AM,Fonte Boa/AM,Fonte Boa/AM,24.0,atrasado
710939623,2026-10-02T10:49:01.846380+00:00,-3.29816,-60.19472,0.0,0.0,0.0,5,Manaus/AM,Fonte Boa/AM,Fonte Boa/AM,24.0,atrasado
710939623,2026-10-02T11:54:51.257663+00:00,-3.29816,-60.19472,0.0,71.0,71.0,5,Manaus/AM,Fonte Boa/AM,Fonte Boa/AM,24.0,atrasado
710939623,2026-10-02T12:25:44.201245+00:00,-3.18827,-59.87548,0.0,251.0,251.0,5,Manaus/AM,Fonte Boa/AM,Fonte Boa/AM,24.0,atrasado
710939623,2026-10-02T13:00:40.668947+00:00,-3.29816,-60.19472,447.1,123.6,123.6,0,Manaus/AM,Fonte Boa/AM,,24.0,atrasado
710939623,2026-10-02T13:01:05.111606+00:00,-3.31238,-60.17328,447.1,120.2,120.2,0,Manaus/AM,Fonte Boa/AM,,24.0,atrasado
710939623,2026-10-02T13:01:26.309192+00:00,-3.32361,-60.15399,447.1,94.1,94.1,0,Manaus/AM,Fonte Boa/AM,,24.0,atrasado
710939623,2026-10-02T13:01:43.330289+00:00,-3.32489,-60.13611,447.1,87.3,87.3,0,Manaus/AM,Fonte Boa/AM,,24.0,atrasado
710939623,2026-10-02T13:02:09.376011+00:00,-3.32361,-60.1087,447.1,78.2,78.2,0,Manaus/AM,Fonte Boa/AM,,24.0,atrasado
710939623,2026-10-02T13:02:42.050028+00:00,-3.31659,-60.07501,447.1,66.3,66.3,0,Manaus/AM,Fonte Boa/AM,,24.0,atrasado
710939623,2026-10-02T13:03:10.598692+00:00,-3.3045,-60.04748,447.1,57.6,57.6,0,Manaus/AM,Fonte Boa/AM,,24.0,atrasado
710939623,2026-10-02T13:03:35.640689+00:00,-3.2904,-60.02521,447.1,79.0,79.0,0,Manaus/AM,Fonte Boa/AM,,24.0,atrasado
710939623,2026-10-02T13:04:01.086888+00:00,-3.28528,-59.9989,447.1,79.9,79.9,0,Manaus/AM,Fonte Boa/AM,,24.0,atrasado
710939623,2026-10-02T13:04:20.570857+00:00,-3.28168,-59.9787,447.1,73.9,73.9,0,Manaus/AM,Fonte Boa/AM,,24.0,atrasado
710939623,2026-10-02T13:04:46.562371+00:00,-3.27411,-59.95239,447.1,61.8,61.8,0,Manaus/AM,Fonte Boa/AM,,24.0,atrasado
710939623,2026-10-02T13:04:59.710615+00:00,-3.26758,-59.94018,447.1,54.4,54.4,0,Manaus/AM,Fonte Boa/AM,,24.0,atrasado
710939623,2026-10-02T13:05:17.666452+00:00,-3.25659,-59.9248,447.1,59.2,59.2,0,Manaus/AM,Fonte Boa/AM,,24.0,atrasado
710939623,2026-10-02T13:05:27.856989+00:00,-3.2511,-59.91559,447.1,54.8,54.8,0,Manaus/AM,Fonte Boa/AM,,24.0,atrasado
710939623,2026-10-02T13:05:42.253816+00:00,-3.24237,-59.9032,447.1,43.1,43.1,0,Manaus/AM,Fonte Boa/AM,,24.0,atrasado
710939623,2026-10-02T13:05:48.368438+00:00,-3.23767,-59.8988,447.1,32.0,32.0,0,Manaus/AM,Fonte Boa/AM,,24.0,atrasado
710939623,2026-10-02T13:05:57.672281+00:00,-3.22937,-59.89361,447.1,29.7,29.7,0,Manaus/AM,Fonte Boa/AM,,24.0,atrasado
710939623,2026-10-02T13:06:14.125364+00:00,-3.21434,-59.88503,447.1,20.0,20.0,0,Manaus/AM,Fonte Boa/AM,,24.0,atrasado
710939623,2026-10-02T13:06:31.844216+00:00,-3.19683,-59.87866,447.1,29.4,29.4,0,Manaus/AM,Fonte Boa/AM,,24.0,atrasado
710939623,2026-10-02T13:06:36.926427+00:00,-3.19217,-59.87603,447.1,8.0,8.0,0,Manaus/AM,Fonte Boa/AM,,24.0,atrasado
710939623,2026-10-02T13:32:33.394751+00:00,-3.18827,-59.87548,0.0,0.0,0.0,5,Manaus/AM,Fonte Boa/AM,Fonte Boa/AM,24.0,atrasado
710939623,2026-10-02T14:39:22.588257+00:00,-3.18827,-59.87548,0.0,0.0,0.0,5,Manaus/AM,Fonte Boa/AM,Fonte Boa/AM,24.0,atrasado
710939623,2026-10-02T15:46:11.781763+00:00,-3.18827,-59.87548,0.0,0.0,0.0,5,Manaus/AM,Fonte Boa/AM,Fonte Boa/AM,24.0,atrasado
710939623,2026-10-02T16:53:00.975268+00:00,-3.18827,-59.87548,0.0,0.0,0.0,5,Manaus/AM,Fonte Boa/AM,Fonte Boa/AM,24.0,atrasado
710939623,2026-10-02T17:59:50.168774+00:00,-3.18827,-59.87548,0.0,341.8,341.8,5,Manaus/AM,Fonte Boa/AM,Fonte Boa/AM,24.0,atrasado
710939623,2026-10-02T18:25:44.201245+00:00,-3.125,-59.8963,0.0,161.8,161.8,5,Manaus/AM,Fonte Boa/AM,Fonte Boa/AM,24.0,atrasado
710939623,2026-10-02T19:06:39.362280+00:00,-3.18827,-59.87548,83.2,339.8,339.8,0,Manaus/AM,Fonte Boa/AM,,24.0,atrasado
710939623,2026-10-02T19:07:15.722037+00:00,-3.1816,-59.87794,83.2,316.9,316.9,0,Manaus/AM,Fonte Boa/AM,,24.0,atrasado
710939623,2026-10-02T19:07:58.894827+00:00,-3.17543,-59.88373,83.2,324.8,324.8,0,Manaus/AM,Fonte Boa/AM,,24.0,atrasado
710939623,2026-10-02T19:09:36.665174+00:00,-3.15979,-59.89477,83.2,342.8,342.8,0,Manaus/AM,Fonte Boa/AM,,24.0,atrasado
710939623,2026-10-02T19:10:48.168174+00:00,-3.14642,-59.89892,83.2,358.9,358.9,0,Manaus/AM,Fonte Boa/AM,,24.0,atrasado
710939623,2026-10-02T19:11:38.386442+00:00,-3.13659,-59.89911,83.2,14.8,14.8,0,Manaus/AM,Fonte Boa/AM,,24.0,atrasado
710939623,2026-10-02T19:12:12.574395+00:00,-3.13013,-59.8974,83.2,12.1,12.1,0,Manaus/AM,Fonte Boa/AM,,24.0,atrasado
710939623,2026-10-02T19:27:36.905761+00:00,-3.125,-59.8963,0.0,0.0,0.0,5,Manaus/AM,Fonte Boa/AM,Fonte Boa/AM,24.0,atrasado
710939623,2026-10-02T20:29:29.610278+00:00,-3.125,-59.8963,0.0,0.0,0.0,5,Manaus/AM,Fonte Boa/AM,Fonte Boa/AM,24.0,atrasado
710939623,2026-10-02T21:31:22.314794+00:00,-3.125,-59.8963,0.0,0.0,0.0,5,Manaus/AM,Fonte Boa/AM,Fonte Boa/AM,24.0,atrasado
710939623,2026-10-02T22:33:15.019310+00:00,-3.125,-59.8963,0.0,0.0,0.0,5,Manaus/AM,Fonte Boa/AM,Fonte Boa/AM,24.0,atrasado
710939623,2026-10-02T23:35:07.723827+00:00,-3.125,-59.8963,0.0,266.6,266.6,5,Manaus/AM,Fonte Boa/AM,Fonte Boa/AM,24.0,atrasado
710939623,2026-10-03T00:22:10.094847+00:00,-3.12662,-59.92323,0.0,86.6,86.6,5,Fonte Boa/AM,Manaus/AM,Manaus/AM,23.94,atrasado
710939623,2026-10-03T00:37:00.428343+00:00,-3.125,-59.8963,33.4,281.3,281.3,0,Fonte Boa/AM,Manaus/AM,,23.94,atrasado
710939623,2026-10-03T00:40:30.495780+00:00,-3.12176,-59.9125,33.4,245.6,245.6,0,Fonte Boa/AM,Manaus/AM,,23.94,atrasado
710939623,2026-10-03T01:27:54.742918+00:00,-3.12662,-59.92323,0.0,0.0,0.0,5,Fonte Boa/AM,Manaus/AM,Manaus/AM,23.94,atrasado
710939623,2026-10-03T02:33:39.390989+00:00,-3.12662,-59.92323,0.0,0.0,0.0,5,Fonte Boa/AM,Manaus/AM,Manaus/AM,23.94,atrasado
710939623,2026-10-03T03:39:24.039061+00:00,-3.12662,-59.92323,0.0,0.0,0.0,5,Fonte Boa/AM,Manaus/AM,Manaus/AM,23.94,atrasado
710939623,2026-10-03T04:45:08.687132+00:00,-3.12662,-59.92323,0.0,0.0,0.0,5,Fonte Boa/AM,Manaus/AM,Manaus/AM,23.94,atrasado
710939623,2026-10-03T05:50:53.335203+00:00,-3.12662,-59.92323,0.0,226.9,226.9,5,Fonte Boa/AM,Manaus/AM,Manaus/AM,23.94,atrasado
710939623,2026-10-03T06:25:44.201245+00:00,-3.15303,-59.95153,0.0,46.9,46.9,5,Fonte Boa/AM,Manaus/AM,Manaus/AM,24.0,atrasado
710939623,2026-10-03T06:56:37.983274+00:00,-3.12662,-59.92323,45.8,222.5,222.5,0,Fonte Boa/AM,Manaus/AM,,24.0,atrasado
710939623,2026-10-03T06:58:46.244551+00:00,-3.1368,-59.93256,45.8,229.6,229.6,0,Fonte Boa/AM,Manaus/AM,,24.0,atrasado
710939623,2026-10-03T07:01:07.714747+00:00,-3.14667,-59.94418,45.8,229.1,229.1,0,Fonte Boa/AM,Manaus/AM,,24.0,atrasado
710939623,2026-10-03T07:33:03.373236+00:00,-3.15303,-59.95153,0.0,0.0,0.0,5,Fonte Boa/AM,Manaus/AM,Manaus/AM,24.0,atrasado
710939623,2026-10-03T08:40:22.545227+00:00,-3.15303,-59.95153,0.0,0.0,0.0,5,Fonte Boa/AM,Manaus/AM,Manaus/AM,24.0,atrasado
710939623,2026-10-03T09:47:41.717219+00:00,-3.15303,-59.95153,0.0,0.0,0.0,5,Fonte Boa/AM,Manaus/AM,Manaus/AM,24.0,atrasado
710939623,2026-10-03T10:55:00.889210+00:00,-3.15303,-59.95153,0.0,261.3,261.3,5,Fonte Boa/AM,Manaus/AM,Manaus/AM,24.0,atrasado
710939623,2026-10-03T11:31:09.473146+00:00,-3.1593,-59.99236,0.0,81.3,81.3,5,Fonte Boa/AM,Manaus/AM,Manaus/AM,23.09,atrasado
710939623,2026-10-03T12:02:20.061201+00:00,-3.15303,-59.95153,59.7,206.1,206.1,0,Fonte Boa/AM,Manaus/AM,,23.09,atrasado
710939623,2026-10-03T12:03:24.211855+00:00,-3.16112,-59.9555,59.7,223.8,223.8,0,Fonte Boa/AM,Manaus/AM,,23.09,atrasado
710939623,2026-10-03T12:04:23.037005+00:00,-3.16709,-59.96123,59.7,260.9,260.9,0,Fonte Boa/AM,Manaus/AM,,23.09,atrasado
710939623,2026-10-03T12:05:37.771153+00:00,-3.16876,-59.97162,59.7,291.0,291.0,0,Fonte Boa/AM,Manaus/AM,,23.09,atrasado
710939623,2026-10-03T12:06:44.267091+00:00,-3.16541,-59.98035,59.7,297.8,297.8,0,Fonte Boa/AM,Manaus/AM,,23.09,atrasado
710939623,2026-10-03T12:08:02.277126+00:00,-3.16029,-59.99006,59.7,293.3,293.3,0,Fonte Boa/AM,Manaus/AM,,23.09,atrasado
710939623,2026-10-03T12:40:24.542429+00:00,-3.1593,-59.99236,0.0,0.0,0.0,5,Fonte Boa/AM,Manaus/AM,Manaus/AM,23.09,atrasado
710939623,2026-10-03T13:49:39.611712+00:00,-3.1593,-59.99236,0.0,0.0,0.0,5,Fonte Boa/AM,Manaus/AM,Manaus/AM,23.09,atrasado
710939623,2026-10-03T14:58:54.680995+00:00,-3.1593,-59.99236,0.0,0.0,0.0,5,Fonte Boa/AM,Manaus/AM,Manaus/AM,23.09,atrasado
710939623,2026-10-03T16:08:09.750278+00:00,-3.1593,-59.99236,0.0,0.0,0.0,5,Fonte Boa/AM,Manaus/AM,Manaus/AM,23.09,atrasado
710939623,2026-10-03T17:17:24.819561+00:00,-3.1593,-59.99236,0.0,293.3,293.3,5,Fonte Boa/AM,Manaus/AM,Manaus/AM,23.09,atrasado
710939623,2026-10-03T18:25:44.201245+00:00,-3.15581,-60.00048,0.0,113.3,113.3,5,Fonte Boa/AM,Manaus/AM,Manaus/AM,24.0,atrasado
710939623,2026-10-03T18:26:39.888843+00:00,-3.1593,-59.99236,10.4,293.3,293.3,0,Fonte Boa/AM,Manaus/AM,,24.0,atrasado
710939623,2026-10-03T19:28:41.137871+00:00,-3.15581,-60.00048,0.0,0.0,0.0,5,Fonte Boa/AM,Manaus/AM,Manaus/AM,24.0,atrasado
710939623,2026-10-03T20:31:38.074496+00:00,-3.15581,-60.00048,0.0,0.0,0.0,5,Fonte Boa/AM,Manaus/AM,Manaus/AM,24.0,atrasado
710939623,2026-10-03T21:34:35.011122+00:00,-3.15581,-60.00048,0.0,0.0,0.0,5,Fonte Boa/AM,Manaus/AM,Manaus/AM,24.0,atrasado
710939623,2026-10-03T22:37:31.947748+00:00,-3.15581,-60.00048,0.0,297.9,297.9,5,Fonte Boa/AM,Manaus/AM,Manaus/AM,24.0,atrasado
710939623,2026-10-03T22:40:35.015032+00:00,-3.14069,-60.0291,0.0,117.9,117.9,5,Fonte Boa/AM,Manaus/AM,Manaus/AM,22.25,atrasado
710939623,2026-10-03T23:40:28.884373+00:00,-3.15581,-60.00048,0.0,297.9,297.9,5,Fonte Boa/AM,Manaus/AM,Manaus/AM,24.0,atrasado
710939623,2026-10-03T23:41:59.707770+00:00,-3.14069,-60.0291,0.0,0.0,0.0,5,Fonte Boa/AM,Manaus/AM,Manaus/AM,22.25,atrasado
710939623,2026-10-04T00:43:24.400508+00:00,-3.14069,-60.0291,0.0,117.9,117.9,5,Fonte Boa/AM,Manaus/AM,Manaus/AM,22.25,atrasado
710939623,2026-10-04T00:43:25.820999+00:00,-3.15581,-60.00048,38.4,289.5,289.5,0,Fonte Boa/AM,Manaus/AM,,22.25,atrasado
710939623,2026-10-04T00:45:21.284511+00:00,-3.15233,-60.01032,38.4,303.9,303.9,0,Fonte Boa/AM,Manaus/AM,,22.25,atrasado
710939623,2026-10-04T00:46:55.813868+00:00,-3.14757,-60.01742,38.4,299.7,299.7,0,Fonte Boa/AM,Manaus/AM,,22.25,atrasado
710939623,2026-10-04T00:49:03.807145+00:00,-3.14185,-60.02748,38.4,305.6,305.6,0,Fonte Boa/AM,Manaus/AM,,22.25,atrasado
710939623,2026-10-04T01:44:49.093246+00:00,-3.14069,-60.0291,0.0,0.0,0.0,5,Fonte Boa/AM,Manaus/AM,Manaus/AM,22.25,atrasado
710939623,2026-10-04T02:46:13.785984+00:00,-3.14069,-60.0291,0.0,0.0,0.0,5,Fonte Boa/AM,Manaus/AM,Manaus/AM,22.25,atrasado
710939623,2026-10-04T03:47:38.478723+00:00,-3.14069,-60.0291,0.0,262.8,262.8,5,Fonte Boa/AM,Manaus/AM,Manaus/AM,22.25,atrasado
710939623,2026-10-04T04:49:03.171461+00:00,-4.35503,-70.02827,9.0,119.4,119.4,0,Benjamin Constant/AM,Tabatinga/AM,,24.0,atrasado
710939623,2026-10-04T04:50:43.306590+00:00,-4.35607,-70.02642,9.0,91.5,91.5,0,Benjamin Constant/AM,Tabatinga/AM,,24.0,atrasado
710939623,2026-10-04T04:53:10.946824+00:00,-4.35615,-70.02329,9.0,91.1,91.1,0,Benjamin Constant/AM,Tabatinga/AM,,24.0,atrasado
710939623,2026-10-04T05:20:41.304685+00:00,-4.35681,-69.98832,9.0,39.4,39.4,0,Benjamin Constant/AM,Tabatinga/AM,,24.0,atrasado
710939623,2026-10-04T06:25:44.201245+00:00,-4.29309,-69.93579,0.0,0.0,0.0,5,Benjamin Constant/AM,Tabatinga/AM,Tabatinga/AM,24.0,atrasado
710939623,2026-10-04T07:30:37.379723+00:00,-4.29309,-69.93579,0.0,0.0,0.0,5,Benjamin Constant/AM,Tabatinga/AM,Tabatinga/AM,24.0,atrasado
710939623,2026-10-04T08:35:30.558200+00:00,-4.29309,-69.93579,0.0,0.0,0.0,5,Benjamin Constant/AM,Tabatinga/AM,Tabatinga/AM,24.0,atrasado
710939623,2026-10-04T09:40:23.736678+00:00,-4.29309,-69.93579,0.0,0.0,0.0,5,Benjamin Constant/AM,Tabatinga/AM,Tabatinga/AM,24.0,atrasado
710939623,2026-10-04T10:45:16.915156+00:00,-4.29309,-69.93579,0.0,0.0,0.0,5,Benjamin Constant/AM,Tabatinga/AM,Tabatinga/AM,24.0,atrasado
710939623,2026-10-04T11:50:10.093634+00:00,-4.29309,-69.93579,0.0,236.1,236.1,5,Benjamin Constant/AM,Tabatinga/AM,Tabatinga/AM,24.0,atrasado
710939623,2026-10-04T12:25:44.201245+00:00,-4.35503,-70.02827,0.0,56.1,56.1,5,Benjamin Constant/AM,São Paulo de Olivença/AM,São Paulo de Olivença/AM,24.0,atrasado
710939623,2026-10-04T12:55:03.272111+00:00,-4.29309,-69.93579,144.8,219.4,219.4,0,Benjamin Constant/AM,São Paulo de Olivença/AM,,24.0,atrasado
710939623,2026-10-04T12:59:05.477860+00:00,-4.35681,-69.98832,144.8,271.1,271.1,0,Benjamin Constant/AM,São Paulo de Olivença/AM,,24.0,atrasado
710939623,2026-10-04T13:00:47.895681+00:00,-4.35615,-70.02329,144.8,271.5,271.5,0,Benjamin Constant/AM,São Paulo de Olivença/AM,,24.0,atrasado
710939623,2026-10-04T13:00:57.057931+00:00,-4.35607,-70.02642,144.8,299.4,299.4,0,Benjamin Constant/AM,São Paulo de Olivença/AM,,24.0,atrasado
710939623,2026-10-04T13:33:43.112187+00:00,-4.35503,-70.02827,0.0,0.0,0.0,5,Benjamin Constant/AM,São Paulo de Olivença/AM,São Paulo de Olivença/AM,24.0,atrasado
710939623,2026-10-04T14:41:42.023129+00:00,-4.35503,-70.02827,0.0,0.0,0.0,5,Benjamin Constant/AM,São Paulo de Olivença/AM,São Paulo de Olivença/AM,24.0,atrasado
710939623,2026-10-04T15:49:40.934071+00:00,-4.35503,-70.02827,0.0,0.0,0.0,5,Benjamin Constant/AM,São Paulo de Olivença/AM,São Paulo de Olivença/AM,24.0,atrasado
710939623,2026-10-04T16:57:39.845013+00:00,-4.35503,-70.02827,0.0,0.0,0.0,5,Benjamin Constant/AM,São Paulo de Olivença/AM,São Paulo de Olivença/AM,24.0,atrasado
710939623,2026-10-04T18:05:38.755955+00:00,-4.35503,-70.02827,0.0,56.1,56.1,5,Benjamin Constant/AM,São Paulo de Olivença/AM,São Paulo de Olivença/AM,24.0,atrasado
710939623,2026-10-04T18:25:44.201245+00:00,-4.29309,-69.93579,0.0,348.9,348.9,5,Benjamin Constant/AM,Tabatinga/AM,Tabatinga/AM,24.0,atrasado
710939623,2026-10-04T19:13:37.666896+00:00,-4.23295,-69.94764,75.7,191.0,191.0,0,Benjamin Constant/AM,Tabatinga/AM,,24.0,atrasado
710939623,2026-10-04T19:14:50.587709+00:00,-4.2457,-69.95013,75.7,181.5,181.5,0,Benjamin Constant/AM,Tabatinga/AM,,24.0,atrasado
710939623,2026-10-04T19:15:59.047171+00:00,-4.25789,-69.95046,75.7,171.3,171.3,0,Benjamin Constant/AM,Tabatinga/AM,,24.0,atrasado
710939623,2026-10-04T19:17:12.030790+00:00,-4.27074,-69.94848,75.7,158.8,158.8,0,Benjamin Constant/AM,Tabatinga/AM,,24.0,atrasado
710939623,2026-10-04T19:18:23.450496+00:00,-4.28261,-69.94387,75.7,142.4,142.4,0,Benjamin Constant/AM,Tabatinga/AM,,24.0,atrasado
710939623,2026-10-04T19:27:49.183092+00:00,-4.29309,-69.93579,0.0,0.0,0.0,5,Benjamin Constant/AM,Tabatinga/AM,Tabatinga/AM,24.0,atrasado
710939623,2026-10-04T20:29:54.164939+00:00,-4.29309,-69.93579,0.0,0.0,0.0,5,Benjamin Constant/AM,Tabatinga/AM,Tabatinga/AM,24.0,atrasado
710939623,2026-10-04T21:31:59.146786+00:00,-4.29309,-69.93579,0.0,0.0,0.0,5,Benjamin Constant/AM,Tabatinga/AM,Tabatinga/AM,24.0,atrasado
710939623,2026-10-04T22:34:04.128633+00:00,-4.29309,-69.93579,0.0,0.0,0.0,5,Benjamin Constant/AM,Tabatinga/AM,Tabatinga/AM,24.0,atrasado
710939623,2026-10-04T23:36:09.110480+00:00,-4.29309,-69.93579,0.0,49.6,49.6,5,Benjamin Constant/AM,Tabatinga/AM,Tabatinga/AM,24.0,atrasado
710939623,2026-10-05T00:25:44.201245+00:00,-3.45822,-68.95241,0.0,229.6,229.6,5,São Paulo de Olivença/AM,Benjamin Constant/AM,Benjamin Constant/AM,24.0,atrasado
710939623,2026-10-05T00:38:14.092327+00:00,-4.29309,-69.93579,0.0,49.6,49.6,5,Benjamin Constant/AM,Tabatinga/AM,Tabatinga/AM,24.0,atrasado
710939623,2026-10-05T01:27:55.092871+00:00,-3.45822,-68.95241,0.0,229.6,229.6,5,São Paulo de Olivença/AM,Benjamin Constant/AM,Benjamin Constant/AM,24.0,atrasado
710939623,2026-10-05T01:40:19.074174+00:00,-4.29309,-69.93579,2374.0,114.7,114.7,0,São Paulo de Olivença/AM,Benjamin Constant/AM,,24.0,atrasado
710939623,2026-10-05T01:40:21.689927+00:00,-4.29919,-69.92248,2374.0,100.7,100.7,0,São Paulo de Olivença/AM,Benjamin Constant/AM,,24.0,atrasado
710939623,2026-10-05T01:40:22.754791+00:00,-4.30029,-69.91662,2374.0,99.3,99.3,0,São Paulo de Olivença/AM,Benjamin Constant/AM,,24.0,atrasado
710939623,2026-10-05T01:40:24.444727+00:00,-4.30182,-69.90729,2374.0,129.4,129.4,0,São Paulo de Olivença/AM,Benjamin Constant/AM,,24.0,atrasado
710939623,2026-10-05T01:40:25.390639+00:00,-4.30517,-69.9032,2374.0,116.0,116.0,0,São Paulo de Olivença/AM,Benjamin Constant/AM,,24.0,atrasado
710939623,2026-10-05T01:40:26.785650+00:00,-4.30859,-69.89618,2374.0,122.0,122.0,0,São Paulo de Olivença/AM,Benjamin Constant/AM,,24.0,atrasado
710939623,2026-10-05T01:40:28.804749+00:00,-4.31457,-69.88659,2374.0,127.8,127.8,0,São Paulo de Olivença/AM,Benjamin Constant/AM,,24.0,atrasado
710939623,2026-10-05T01:40:30.570342+00:00,-4.32062,-69.87878,2374.0,135.3,135.3,0,São Paulo de Olivença/AM,Benjamin Constant/AM,,24.0,atrasado
710939623,2026-10-05T01:40:32.477016+00:00,-4.32819,-69.87127,2374.0,141.9,141.9,0,São Paulo de Olivença/AM,Benjamin Constant/AM,,24.0,atrasado
710939623,2026-10-05T01:40:34.615458+00:00,-4.33758,-69.86389,2374.0,132.9,132.9,0,São Paulo de Olivença/AM,Benjamin Constant/AM,,24.0,atrasado
710939623,2026-10-05T01:40:36.461215+00:00,-4.3446,-69.85632,2374.0,86.4,86.4,0,São Paulo de Olivença/AM,Benjamin Constant/AM,,24.0,atrasado
710939623,2026-10-05T01:40:38.558114+00:00,-4.34387,-69.8446,2374.0,112.0,112.0,0,São Paulo de Olivença/AM,Benjamin Constant/AM,,24.0,atrasado
710939623,2026-10-05T01:40:41.214710+00:00,-4.34943,-69.83081,2374.0,116.3,116.3,0,São Paulo de Olivença/AM,Benjamin Constant/AM,,24.0,atrasado
710939623,2026-10-05T01:40:42.248661+00:00,-4.35199,-69.82562,2374.0,127.8,127.8,0,São Paulo de Olivença/AM,Benjamin Constant/AM,,24.0,atrasado
710939623,2026-10-05T01:40:44.084272+00:00,-4.35827,-69.8175,2374.0,136.9,136.9,0,São Paulo de Olivença/AM,Benjamin Constant/AM,,24.0,atrasado
710939623,2026-10-05T01:40:46.045755+00:00,-4.36627,-69.81,2374.0,138.5,138.5,0,São Paulo de Olivença/AM,Benjamin Constant/AM,,24.0,atrasado
710939623,2026-10-05T01:40:48.659682+00:00,-4.3772,-69.80029,2374.0,114.9,114.9,0,São Paulo de Olivença/AM,Benjamin Constant/AM,,24.0,atrasado
710939623,2026-10-05T01:40:50.581889+00:00,-4.38171,-69.79053,2374.0,68.9,68.9,0,São Paulo de Olivença/AM,Benjamin Constant/AM,,24.0,atrasado
710939623,2026-10-05T01:40:52.825445+00:00,-4.3772,-69.77881,2374.0,66.0,66.0,0,São Paulo de Olivença/AM,Benjamin Constant/AM,,24.0,atrasado
710939623,2026-10-05T01:40:57.013943+00:00,-4.36767,-69.75738,2374.0,68.4,68.4,0,São Paulo de Olivença/AM,Benjamin Constant/AM,,24.0,atrasado
710939623,2026-10-05T01:40:58.854545+00:00,-4.36389,-69.7478,2374.0,78.9,78.9,0,São Paulo de Olivença/AM,Benjamin Constant/AM,,24.0,atrasado
710939623,2026-10-05T01:41:01.242371+00:00,-4.36133,-69.73468,2374.0,84.9,84.9,0,São Paulo de Olivença/AM,Benjamin Constant/AM,,24.0,atrasado
710939623,2026-10-05T01:41:03.945331+00:00,-4.35998,-69.7196,2374.0,68.1,68.1,0,São Paulo de Olivença/AM,Benjamin Constant/AM,,24.0,atrasado
710939623,2026-10-05T01:41:05.966124+00:00,-4.35577,-69.7091,2374.0,60.0,60.0,0,São Paulo de Olivença/AM,Benjamin Constant/AM,,24.0,atrasado
710939623,2026-10-05T01:41:07.930631+00:00,-4.35028,-69.69958,2374.0,53.4,53.4,0,São Paulo de Olivença/AM,Benjamin Constant/AM,,24.0,atrasado
710939623,2026-10-05T01:41:10.021132+00:00,-4.34332,-69.69018,2374.0,55.1,55.1,0,São Paulo de Olivença/AM,Benjamin Constant/AM,,24.0,atrasado
710939623,2026-10-05T01:41:11.588828+00:00,-4.33832,-69.68298,2374.0,56.5,56.5,0,São Paulo de Olivença/AM,Benjamin Constant/AM,,24.0,atrasado
710939623,2026-10-05T01:41:13.667511+00:00,-4.33191,-69.67328,2374.0,63.2,63.2,0,São Paulo de Olivença/AM,Benjamin Constant/AM,,24.0,atrasado
710939623,2026-10-05T01:41:15.901373+00:00,-4.32629,-69.66211,2374.0,61.5,61.5,0,São Paulo de Olivença/AM,Benjamin Constant/AM,,24.0,atrasado
710939623,2026-10-05T01:41:18.532066+00:00,-4.31927,-69.64917,2374.0,68.2,68.2,0,São Paulo de Olivença/AM,Benjamin Constant/AM,,24.0,atrasado
710939623,2026-10-05T01:41:20.445455+00:00,-4.31531,-69.63922,2374.0,77.7,77.7,0,São Paulo de Olivença/AM,Benjamin Constant/AM,,24.0,atrasado
710939623,2026-10-05T01:41:23.992783+00:00,-4.31109,-69.61981,2374.0,81.8,81.8,0,São Paulo de Olivença/AM,Benjamin Constant/AM,,24.0,atrasado
710939623,2026-10-05T01:41:25.975425+00:00,-4.30951,-69.60882,2374.0,92.9,92.9,0,São Paulo de Olivença/AM,Benjamin Constant/AM,,24.0,atrasado
710939623,2026-10-05T01:41:27.252418+00:00,-4.30987,-69.60168,2374.0,100.6,100.6,0,São Paulo de Olivença/AM,Benjamin Constant/AM,,24.0,atrasado
710939623,2026-10-05T01:41:28.738449+00:00,-4.3114,-69.5935,2374.0,96.7,96.7,0,São Paulo de Olivença/AM,Benjamin Constant/AM,,24.0,atrasado
710939623,2026-10-05T01:41:30.143179+00:00,-4.31231,-69.58569,2374.0,92.4,92.4,0,São Paulo de Olivença/AM,Benjamin Constant/AM,,24.0,atrasado
710939623,2026-10-05T01:41:31.463197+00:00,-4.31262,-69.57831,2374.0,73.6,73.6,0,São Paulo de Olivença/AM,Benjamin Constant/AM,,24.0,atrasado
710939623,2026-10-05T01:41:32.736255+00:00,-4.31061,-69.57147,2374.0,62.5,62.5,0,São Paulo de Olivença/AM,Benjamin Constant/AM,,24.0,atrasado
710939623,2026-10-05T01:41:34.443589+00:00,-4.30621,-69.56299,2374.0,53.2,53.2,0,São Paulo de Olivença/AM,Benjamin Constant/AM,,24.0,atrasado
710939623,2026-10-05T01:41:36.119654+00:00,-4.3006,-69.55548,2374.0,51.2,51.2,0,São Paulo de Olivença/AM,Benjamin Constant/AM,,24.0,atrasado
710939623,2026-10-05T01:41:38.355580+00:00,-4.29278,-69.54571,2374.0,57.7,57.7,0,São Paulo de Olivença/AM,Benjamin Constant/AM,,24.0,atrasado
710939623,2026-10-05T01:41:40.198833+00:00,-4.28729,-69.53699,2374.0,57.5,57.5,0,São Paulo de Olivença/AM,Benjamin Constant/AM,,24.0,atrasado
710939623,2026-10-05T01:41:42.822793+00:00,-4.27942,-69.5246,2374.0,62.2,62.2,0,São Paulo de Olivença/AM,Benjamin Constant/AM,,24.0,atrasado
710939623,2026-10-05T01:41:44.179186+00:00,-4.27588,-69.51788,2374.0,54.9,54.9,0,São Paulo de Olivença/AM,Benjamin Constant/AM,,24.0,atrasado
710939623,2026-10-05T01:41:45.644145+00:00,-4.27118,-69.51117,2374.0,36.7,36.7,0,São Paulo de Olivença/AM,Benjamin Constant/AM,,24.0,atrasado
710939623,2026-10-05T01:41:47.430823+00:00,-4.26318,-69.50519,2374.0,23.4,23.4,0,São Paulo de Olivença/AM,Benjamin Constant/AM,,24.0,atrasado
710939623,2026-10-05T01:41:49.050650+00:00,-4.25488,-69.50159,2374.0,25.7,25.7,0,São Paulo de Olivença/AM,Benjamin Constant/AM,,24.0,atrasado
710939623,2026-10-05T01:41:51.112698+00:00,-4.24451,-69.49658,2374.0,25.8,25.8,0,São Paulo de Olivença/AM,Benjamin Constant/AM,,24.0,atrasado
710939623,2026-10-05T01:41:53.287136+00:00,-4.23358,-69.49127,2374.0,21.6,21.6,0,São Paulo de Olivença/AM,Benjamin Constant/AM,,24.0,atrasado
710939623,2026-10-05T01:41:56.342940+00:00,-4.21771,-69.48498,2374.0,35.0,35.0,0,São Paulo de Olivença/AM,Benjamin Constant/AM,,24.0,atrasado
710939623,2026-10-05T01:41:58.703244+00:00,-4.20691,-69.47741,2374.0,44.9,44.9,0,São Paulo de Olivença/AM,Benjamin Constant/AM,,24.0,atrasado
710939623,2026-10-05T01:42:01.111612+00:00,-4.19739,-69.46789,2374.0,53.1,53.1,0,São Paulo de Olivença/AM,Benjamin Constant/AM,,24.0,atrasado
710939623,2026-10-05T01:42:03.769885+00:00,-4.18848,-69.45599,2374.0,59.5,59.5,0,São Paulo de Olivença/AM,Benjamin Constant/AM,,24.0,atrasado
710939623,2026-10-05T01:42:07.212544+00:00,-4.17871,-69.43939,2374.0,66.8,66.8,0,São Paulo de Olivença/AM,Benjamin Constant/AM,,24.0,atrasado
710939623,2026-10-05T01:42:10.676919+00:00,-4.17108,-69.42157,2374.0,70.4,70.4,0,São Paulo de Olivença/AM,Benjamin Constant/AM,,24.0,atrasado
710939623,2026-10-05T01:42:14.033055+00:00,-4.16479,-69.40387,2374.0,63.9,63.9,0,São Paulo de Olivença/AM,Benjamin Constant/AM,,24.0,atrasado
710939623,2026-10-05T01:42:16.667377+00:00,-4.15832,-69.39062,2374.0,47.5,47.5,0,São Paulo de Olivença/AM,Benjamin Constant/AM,,24.0,atrasado
710939623,2026-10-05T01:42:18.367215+00:00,-4.15191,-69.3836,2374.0,17.3,17.3,0,São Paulo de Olivença/AM,Benjamin Constant/AM,,24.0,atrasado
710939623,2026-10-05T01:42:19.649592+00:00,-4.14508,-69.38147,2374.0,357.1,357.1,0,São Paulo de Olivença/AM,Benjamin Constant/AM,,24.0,atrasado
710939623,2026-10-05T01:42:21.170956+00:00,-4.13659,-69.3819,2374.0,343.1,343.1,0,São Paulo de Olivença/AM,Benjamin Constant/AM,,24.0,atrasado
710939623,2026-10-05T01:42:22.782006+00:00,-4.12799,-69.38452,2374.0,325.9,325.9,0,São Paulo de Olivença/AM,Benjamin Constant/AM,,24.0,atrasado
710939623,2026-10-05T01:42:24.339104+00:00,-4.12079,-69.3894,2374.0,327.5,327.5,0,São Paulo de Olivença/AM,Benjamin Constant/AM,,24.0,atrasado
710939623,2026-10-05T01:42:25.802619+00:00,-4.11389,-69.3938,2374.0,332.2,332.2,0,São Paulo de Olivença/AM,Benjamin Constant/AM,,24.0,atrasado
710939623,2026-10-05T01:42:27.136804+00:00,-4.1073,-69.39728,2374.0,341.1,341.1,0,São Paulo de Olivença/AM,Benjamin Constant/AM,,24.0,atrasado
710939623,2026-10-05T01:42:27.910885+00:00,-4.10321,-69.39868,2374.0,301.4,301.4,0,São Paulo de Olivença/AM,Benjamin Constant/AM,,24.0,atrasado
710939623,2026-10-05T01:42:29.046689+00:00,-4.09991,-69.40411,2374.0,292.3,292.3,0,São Paulo de Olivença/AM,Benjamin Constant/AM,,24.0,atrasado
710939623,2026-10-05T01:42:30.744037+00:00,-4.09631,-69.4129,2374.0,261.1,261.1,0,São Paulo de Olivença/AM,Benjamin Constant/AM,,24.0,atrasado
710939623,2026-10-05T01:42:32.443612+00:00,-4.09778,-69.4223,2374.0,245.2,245.2,0,São Paulo de Olivença/AM,Benjamin Constant/AM,,24.0,atrasado
710939623,2026-10-05T01:42:33.897959+00:00,-4.10119,-69.42969,2374.0,243.0,243.0,0,São Paulo de Olivença/AM,Benjamin Constant/AM,,24.0,atrasado
710939623,2026-10-05T01:42:36.064061+00:00,-4.10669,-69.44049,2374.0,243.1,243.1,0,São Paulo de Olivença/AM,Benjamin Constant/AM,,24.0,atrasado
710939623,2026-10-05T01:42:37.849654+00:00,-4.1112,-69.4494,2374.0,240.9,240.9,0,São Paulo de Olivença/AM,Benjamin Constant/AM,,24.0,atrasado
710939623,2026-10-05T01:42:42.406103+00:00,-4.12359,-69.47168,2374.0,249.0,249.0,0,São Paulo de Olivença/AM,Benjamin Constant/AM,,24.0,atrasado
710939623,2026-10-05T01:42:45.219633+00:00,-4.12921,-69.48639,2374.0,269.2,269.2,0,São Paulo de Olivença/AM,Benjamin Constant/AM,,24.0,atrasado
710939623,2026-10-05T01:42:47.542070+00:00,-4.12939,-69.49939,2374.0,284.5,284.5,0,São Paulo de Olivença/AM,Benjamin Constant/AM,,24.0,atrasado
710939623,2026-10-05T01:42:50.369428+00:00,-4.12543,-69.51471,2374.0,304.7,304.7,0,São Paulo de Olivença/AM,Benjamin Constant/AM,,24.0,atrasado
710939623,2026-10-05T01:42:52.518568+00:00,-4.11859,-69.5246,2374.0,307.8,307.8,0,São Paulo de Olivença/AM,Benjamin Constant/AM,,24.0,atrasado
710939623,2026-10-05T01:42:54.035724+00:00,-4.1134,-69.53131,2374.0,337.2,337.2,0,São Paulo de Olivença/AM,Benjamin Constant/AM,,24.0,atrasado
710939623,2026-10-05T01:42:55.979899+00:00,-4.10339,-69.53552,2374.0,356.8,356.8,0,São Paulo de Olivença/AM,Benjamin Constant/AM,,24.0,atrasado
710939623,2026-10-05T01:42:58.114869+00:00,-4.09149,-69.53619,2374.0,6.1,6.1,0,São Paulo de Olivença/AM,Benjamin Constant/AM,,24.0,atrasado
710939623,2026-10-05T01:43:00.775267+00:00,-4.07672,-69.5346,2374.0,15.9,15.9,0,São Paulo de Olivença/AM,Benjamin Constant/AM,,24.0,atrasado
710939623,2026-10-05T01:43:03.241834+00:00,-4.06348,-69.53082,2374.0,28.3,28.3,0,São Paulo de Olivença/AM,Benjamin Constant/AM,,24.0,atrasado
710939623,2026-10-05T01:43:05.128621+00:00,-4.0542,-69.52582,2374.0,50.9,50.9,0,São Paulo de Olivença/AM,Benjamin Constant/AM,,24.0,atrasado
710939623,2026-10-05T01:43:07.208323+00:00,-4.04687,-69.51678,2374.0,62.5,62.5,0,São Paulo de Olivença/AM,Benjamin Constant/AM,,24.0,atrasado
710939623,2026-10-05T01:43:08.979575+00:00,-4.0423,-69.50799,2374.0,61.6,61.6,0,São Paulo de Olivença/AM,Benjamin Constant/AM,,24.0,atrasado
710939623,2026-10-05T01:43:11.049315+00:00,-4.0368,-69.4978,2374.0,65.6,65.6,0,São Paulo de Olivença/AM,Benjamin Constant/AM,,24.0,atrasado
710939623,2026-10-05T01:43:13.348810+00:00,-4.03149,-69.48608,2374.0,66.0,66.0,0,São Paulo de Olivença/AM,Benjamin Constant/AM,,24.0,atrasado
710939623,2026-10-05T01:43:15.497516+00:00,-4.02661,-69.4751,2374.0,67.3,67.3,0,São Paulo de Olivença/AM,Benjamin Constant/AM,,24.0,atrasado
710939623,2026-10-05T01:43:18.250587+00:00,-4.02069,-69.46088,2374.0,67.0,67.0,0,São Paulo de Olivença/AM,Benjamin Constant/AM,,24.0,atrasado
710939623,2026-10-05T01:43:20.631152+00:00,-4.0155,-69.44861,2374.0,64.2,64.2,0,São Paulo de Olivença/AM,Benjamin Constant/AM,,24.0,atrasado
710939623,2026-10-05T01:43:22.812137+00:00,-4.01019,-69.43762,2374.0,59.4,59.4,0,São Paulo de Olivença/AM,Benjamin Constant/AM,,24.0,atrasado
710939623,2026-10-05T01:43:25.409642+00:00,-4.00281,-69.42511,2374.0,41.0,41.0,0,São Paulo de Olivença/AM,Benjamin Constant/AM,,24.0,atrasado
710939623,2026-10-05T01:43:27.073712+00:00,-3.99579,-69.419,2374.0,26.5,26.5,0,São Paulo de Olivença/AM,Benjamin Constant/AM,,24.0,atrasado
710939623,2026-10-05T01:43:28.954854+00:00,-3.98639,-69.4143,2374.0,11.7,11.7,0,São Paulo de Olivença/AM,Benjamin Constant/AM,,24.0,atrasado
710939623,2026-10-05T01:43:31.533622+00:00,-3.97229,-69.41138,2374.0,6.1,6.1,0,São Paulo de Olivença/AM,Benjamin Constant/AM,,24.0,atrasado
710939623,2026-10-05T01:43:33.391385+00:00,-3.96197,-69.41028,2374.0,12.3,12.3,0,São Paulo de Olivença/AM,Benjamin Constant/AM,,24.0,atrasado
710939623,2026-10-05T01:43:35.292975+00:00,-3.9516,-69.40802,2374.0,19.5,19.5,0,São Paulo de Olivença/AM,Benjamin Constant/AM,,24.0,atrasado
710939623,2026-10-05T01:43:37.612290+00:00,-3.93939,-69.40368,2374.0,23.9,23.9,0,São Paulo de Olivença/AM,Benjamin Constant/AM,,24.0,atrasado
710939623,2026-10-05T01:43:39.764766+00:00,-3.9284,-69.3988,2374.0,19.3,19.3,0,São Paulo de Olivença/AM,Benjamin Constant/AM,,24.0,atrasado
710939623,2026-10-05T01:43:42.799338+00:00,-3.91241,-69.39319,2374.0,8.8,8.8,0,São Paulo de Olivença/AM,Benjamin Constant/AM,,24.0,atrasado
710939623,2026-10-05T01:43:44.524487+00:00,-3.90289,-69.39172,2374.0,1.9,1.9,0,São Paulo de Olivença/AM,Benjamin Constant/AM,,24.0,atrasado
710939623,2026-10-05T01:43:45.848009+00:00,-3.89551,-69.39148,2374.0,357.6,357.6,0,São Paulo de Olivença/AM,Benjamin Constant/AM,,24.0,atrasado
710939623,2026-10-05T01:43:47.609461+00:00,-3.88568,-69.3919,2374.0,357.1,357.1,0,São Paulo de Olivença/AM,Benjamin Constant/AM,,24.0,atrasado
710939623,2026-10-05T01:43:49.327962+00:00,-3.8761,-69.39239,2374.0,1.9,1.9,0,São Paulo de Olivença/AM,Benjamin Constant/AM,,24.0,atrasado
710939623,2026-10-05T01:43:52.619947+00:00,-3.85773,-69.39178,2374.0,2.0,2.0,0,São Paulo de Olivença/AM,Benjamin Constant/AM,,24.0,atrasado
710939623,2026-10-05T01:43:54.129458+00:00,-3.8493,-69.39148,2374.0,0.7,0.7,0,São Paulo de Olivença/AM,Benjamin Constant/AM,,24.0,atrasado
710939623,2026-10-05T01:43:55.025900+00:00,-3.8443,-69.39142,2374.0,6.2,6.2,0,São Paulo de Olivença/AM,Benjamin Constant/AM,,24.0,atrasado
710939623,2026-10-05T01:43:57.565658+00:00,-3.8302,-69.38989,2374.0,357.9,357.9,0,São Paulo de Olivença/AM,Benjamin Constant/AM,,24.0,atrasado
710939623,2026-10-05T01:44:00.004894+00:00,-3.81659,-69.39038,2374.0,2.0,2.0,0,São Paulo de Olivença/AM,Benjamin Constant/AM,,24.0,atrasado
710939623,2026-10-05T01:44:01.612668+00:00,-3.80762,-69.39007,2374.0,1.5,1.5,0,São Paulo de Olivença/AM,Benjamin Constant/AM,,24.0,atrasado
710939623,2026-10-05T01:44:04.105828+00:00,-3.7937,-69.38971,2374.0,2.0,2.0,0,São Paulo de Olivença/AM,Benjamin Constant/AM,,24.0,atrasado
710939623,2026-10-05T01:44:05.680847+00:00,-3.78491,-69.3894,2374.0,342.4,342.4,0,São Paulo de Olivença/AM,Benjamin Constant/AM,,24.0,atrasado
710939623,2026-10-05T01:44:07.803118+00:00,-3.77362,-69.393,2374.0,321.3,321.3,0,São Paulo de Olivença/AM,Benjamin Constant/AM,,24.0,atrasado
710939623,2026-10-05T01:44:10.211601+00:00,-3.76312,-69.40143,2374.0,302.1,302.1,0,São Paulo de Olivença/AM,Benjamin Constant/AM,,24.0,atrasado
710939623,2026-10-05T01:44:12.373905+00:00,-3.75671,-69.41168,2374.0,318.4,318.4,0,São Paulo de Olivença/AM,Benjamin Constant/AM,,24.0,atrasado
710939623,2026-10-05T01:44:13.936395+00:00,-3.75018,-69.41748,2374.0,332.2,332.2,0,São Paulo de Olivença/AM,Benjamin Constant/AM,,24.0,atrasado
710939623,2026-10-05T01:44:15.974481+00:00,-3.74011,-69.42279,2374.0,340.7,340.7,0,São Paulo de Olivença/AM,Benjamin Constant/AM,,24.0,atrasado
710939623,2026-10-05T01:44:17.758062+00:00,-3.73071,-69.42609,2374.0,342.8,342.8,0,São Paulo de Olivença/AM,Benjamin Constant/AM,,24.0,atrasado
710939623,2026-10-05T01:44:19.932289+00:00,-3.71911,-69.42969,2374.0,351.3,351.3,0,São Paulo de Olivença/AM,Benjamin Constant/AM,,24.0,atrasado
710939623,2026-10-05T01:44:21.226209+00:00,-3.71197,-69.43079,2374.0,2.2,2.2,0,São Paulo de Olivença/AM,Benjamin Constant/AM,,24.0,atrasado
710939623,2026-10-05T01:44:23.556277+00:00,-3.69897,-69.4303,2374.0,6.9,6.9,0,São Paulo de Olivença/AM,Benjamin Constant/AM,,24.0,atrasado
710939623,2026-10-05T01:44:25.196756+00:00,-3.68988,-69.4292,2374.0,7.9,7.9,0,São Paulo de Olivença/AM,Benjamin Constant/AM,,24.0,atrasado
710939623,2026-10-05T01:44:27.812269+00:00,-3.67541,-69.42718,2374.0,14.1,14.1,0,São Paulo de Olivença/AM,Benjamin Constant/AM,,24.0,atrasado
710939623,2026-10-05T01:44:28.522861+00:00,-3.67157,-69.42621,2374.0,19.7,19.7,0,São Paulo de Olivença/AM,Benjamin Constant/AM,,24.0,atrasado
710939623,2026-10-05T01:44:29.753340+00:00,-3.6651,-69.42389,2374.0,31.8,31.8,0,São Paulo de Olivença/AM,Benjamin Constant/AM,,24.0,atrasado
710939623,2026-10-05T01:44:31.038929+00:00,-3.65899,-69.4201,2374.0,54.3,54.3,0,São Paulo de Olivença/AM,Benjamin Constant/AM,,24.0,atrasado
710939623,2026-10-05T01:44:32.689856+00:00,-3.65362,-69.4126,2374.0,67.6,67.6,0,São Paulo de Olivença/AM,Benjamin Constant/AM,,24.0,atrasado
710939623,2026-10-05T01:44:34.152897+00:00,-3.65051,-69.40503,2374.0,59.4,59.4,0,São Paulo de Olivença/AM,Benjamin Constant/AM,,24.0,atrasado
710939623,2026-10-05T01:44:36.129697+00:00,-3.6449,-69.39551,2374.0,59.7,59.7,0,São Paulo de Olivença/AM,Benjamin Constant/AM,,24.0,atrasado
710939623,2026-10-05T01:44:37.646028+00:00,-3.64062,-69.38818,2374.0,50.3,50.3,0,São Paulo de Olivença/AM,Benjamin Constant/AM,,24.0,atrasado
710939623,2026-10-05T01:44:39.871392+00:00,-3.63269,-69.3786,2374.0,54.5,54.5,0,São Paulo de Olivença/AM,Benjamin Constant/AM,,24.0,atrasado
710939623,2026-10-05T01:44:41.170921+00:00,-3.62848,-69.37268,2374.0,42.8,42.8,0,São Paulo de Olivença/AM,Benjamin Constant/AM,,24.0,atrasado
710939623,2026-10-05T01:44:43.002526+00:00,-3.62097,-69.36572,2374.0,43.5,43.5,0,São Paulo de Olivença/AM,Benjamin Constant/AM,,24.0,atrasado
710939623,2026-10-05T01:44:44.902664+00:00,-3.61328,-69.3584,2374.0,35.9,35.9,0,São Paulo de Olivença/AM,Benjamin Constant/AM,,24.0,atrasado
710939623,2026-10-05T01:44:46.952360+00:00,-3.604,-69.35168,2374.0,31.8,31.8,0,São Paulo de Olivença/AM,Benjamin Constant/AM,,24.0,atrasado
710939623,2026-10-05T01:44:48.277071+00:00,-3.59772,-69.34778,2374.0,10.4,10.4,0,São Paulo de Olivença/AM,Benjamin Constant/AM,,24.0,atrasado
710939623,2026-10-05T01:44:49.844259+00:00,-3.58911,-69.34619,2374.0,347.6,347.6,0,São Paulo de Olivença/AM,Benjamin Constant/AM,,24.0,atrasado
710939623,2026-10-05T01:44:51.164933+00:00,-3.58191,-69.34778,2374.0,341.7,341.7,0,São Paulo de Olivença/AM,Benjamin Constant/AM,,24.0,atrasado
710939623,2026-10-05T01:44:52.488588+00:00,-3.57489,-69.3501,2374.0,346.3,346.3,0,São Paulo de Olivença/AM,Benjamin Constant/AM,,24.0,atrasado
710939623,2026-10-05T01:44:54.142905+00:00,-3.56592,-69.35229,2374.0,356.9,356.9,0,São Paulo de Olivença/AM,Benjamin Constant/AM,,24.0,atrasado
710939623,2026-10-05T01:44:55.182744+00:00,-3.56012,-69.3526,2374.0,1.7,1.7,0,São Paulo de Olivença/AM,Benjamin Constant/AM,,24.0,atrasado
710939623,2026-10-05T01:44:57.107371+00:00,-3.54938,-69.35229,2374.0,7.8,7.8,0,São Paulo de Olivença/AM,Benjamin Constant/AM,,24.0,atrasado
710939623,2026-10-05T01:44:59.347302+00:00,-3.53699,-69.35058,2374.0,14.5,14.5,0,São Paulo de Olivença/AM,Benjamin Constant/AM,,24.0,atrasado
710939623,2026-10-05T01:45:00.951148+00:00,-3.52832,-69.34833,2374.0,19.5,19.5,0,São Paulo de Olivença/AM,Benjamin Constant/AM,,24.0,atrasado
710939623,2026-10-05T01:45:02.783235+00:00,-3.51867,-69.34491,2374.0,25.3,25.3,0,São Paulo de Olivença/AM,Benjamin Constant/AM,,24.0,atrasado
710939623,2026-10-05T01:45:04.802035+00:00,-3.50848,-69.34009,2374.0,31.9,31.9,0,São Paulo de Olivença/AM,Benjamin Constant/AM,,24.0,atrasado
710939623,2026-10-05T01:45:06.926957+00:00,-3.49841,-69.3338,2374.0,39.8,39.8,0,São Paulo de Olivença/AM,Benjamin Constant/AM,,24.0,atrasado
710939623,2026-10-05T01:45:08.633321+00:00,-3.49109,-69.3277,2374.0,52.4,52.4,0,São Paulo de Olivença/AM,Benjamin Constant/AM,,24.0,atrasado
710939623,2026-10-05T01:45:11.210198+00:00,-3.4823,-69.31628,2374.0,68.6,68.6,0,São Paulo de Olivença/AM,Benjamin Constant/AM,,24.0,atrasado
710939623,2026-10-05T01:45:13.190258+00:00,-3.47827,-69.30597,2374.0,84.4,84.4,0,São Paulo de Olivença/AM,Benjamin Constant/AM,,24.0,atrasado
710939623,2026-10-05T01:45:15.646158+00:00,-3.47693,-69.2923,2374.0,89.0,89.0,0,São Paulo de Olivença/AM,Benjamin Constant/AM,,24.0,atrasado
710939623,2026-10-05T01:45:18.134256+00:00,-3.47668,-69.27838,2374.0,87.1,87.1,0,São Paulo de Olivença/AM,Benjamin Constant/AM,,24.0,atrasado
710939623,2026-10-05T01:45:20.515958+00:00,-3.47601,-69.26507,2374.0,84.8,84.8,0,São Paulo de Olivença/AM,Benjamin Constant/AM,,24.0,atrasado
710939623,2026-10-05T01:45:24.142262+00:00,-3.47418,-69.24487,2374.0,83.9,83.9,0,São Paulo de Olivença/AM,Benjamin Constant/AM,,24.0,atrasado
710939623,2026-10-05T01:45:27.303025+00:00,-3.47229,-69.22729,2374.0,86.7,86.7,0,São Paulo de Olivença/AM,Benjamin Constant/AM,,24.0,atrasado
710939623,2026-10-05T01:45:30.144625+00:00,-3.47137,-69.21142,2374.0,73.2,73.2,0,São Paulo de Olivença/AM,Benjamin Constant/AM,,24.0,atrasado
710939623,2026-10-05T01:45:32.105532+00:00,-3.4682,-69.20093,2374.0,74.1,74.1,0,São Paulo de Olivença/AM,Benjamin Constant/AM,,24.0,atrasado
710939623,2026-10-05T01:45:33.342205+00:00,-3.46631,-69.19427,2374.0,66.4,66.4,0,São Paulo de Olivença/AM,Benjamin Constant/AM,,24.0,atrasado
710939623,2026-10-05T01:45:35.306898+00:00,-3.46191,-69.1842,2374.0,64.8,64.8,0,São Paulo de Olivença/AM,Benjamin Constant/AM,,24.0,atrasado
710939623,2026-10-05T01:45:37.284473+00:00,-3.45721,-69.17419,2374.0,67.2,67.2,0,São Paulo de Olivença/AM,Benjamin Constant/AM,,24.0,atrasado
710939623,2026-10-05T01:45:38.952678+00:00,-3.45361,-69.16559,2374.0,73.3,73.3,0,São Paulo de Olivença/AM,Benjamin Constant/AM,,24.0,atrasado
710939623,2026-10-05T01:45:41.583637+00:00,-3.4494,-69.15149,2374.0,79.1,79.1,0,São Paulo de Olivença/AM,Benjamin Constant/AM,,24.0,atrasado
710939623,2026-10-05T01:45:44.128183+00:00,-3.44672,-69.13751,2374.0,88.0,88.0,0,São Paulo de Olivença/AM,Benjamin Constant/AM,,24.0,atrasado
710939623,2026-10-05T01:45:47.283444+00:00,-3.4461,-69.11987,2374.0,77.6,77.6,0,São Paulo de Olivença/AM,Benjamin Constant/AM,,24.0,atrasado
710939623,2026-10-05T01:45:49.875668+00:00,-3.44299,-69.10571,2374.0,69.0,69.0,0,São Paulo de Olivença/AM,Benjamin Constant/AM,,24.0,atrasado
710939623,2026-10-05T01:45:52.622122+00:00,-3.4375,-69.09137,2374.0,58.9,58.9,0,São Paulo de Olivença/AM,Benjamin Constant/AM,,24.0,atrasado
710939623,2026-10-05T01:45:53.807099+00:00,-3.43408,-69.08569,2374.0,70.7,70.7,0,São Paulo de Olivença/AM,Benjamin Constant/AM,,24.0,atrasado
710939623,2026-10-05T01:45:55.588245+00:00,-3.43079,-69.07629,2374.0,89.1,89.1,0,São Paulo de Olivença/AM,Benjamin Constant/AM,,24.0,atrasado
710939623,2026-10-05T01:45:57.825320+00:00,-3.4306,-69.06378,2374.0,98.2,98.2,0,São Paulo de Olivença/AM,Benjamin Constant/AM,,24.0,atrasado
710939623,2026-10-05T01:46:01.220338+00:00,-3.43329,-69.04498,2374.0,104.1,104.1,0,São Paulo de Olivença/AM,Benjamin Constant/AM,,24.0,atrasado
710939623,2026-10-05T01:46:03.009400+00:00,-3.43573,-69.03528,2374.0,96.0,96.0,0,São Paulo de Olivença/AM,Benjamin Constant/AM,,24.0,atrasado
710939623,2026-10-05T01:46:05.850832+00:00,-3.43738,-69.01947,2374.0,105.4,105.4,0,São Paulo de Olivença/AM,Benjamin Constant/AM,,24.0,atrasado
710939623,2026-10-05T01:46:08.035028+00:00,-3.44061,-69.00769,2374.0,119.9,119.9,0,São Paulo de Olivença/AM,Benjamin Constant/AM,,24.0,atrasado
710939623,2026-10-05T01:46:11.042219+00:00,-3.44897,-68.9931,2374.0,129.5,129.5,0,São Paulo de Olivença/AM,Benjamin Constant/AM,,24.0,atrasado
710939623,2026-10-05T01:46:12.710346+00:00,-3.45489,-68.9859,2374.0,118.2,118.2,0,São Paulo de Olivença/AM,Benjamin Constant/AM,,24.0,atrasado
710939623,2026-10-05T01:46:14.307129+00:00,-3.45911,-68.97803,2374.0,112.5,112.5,0,São Paulo de Olivença/AM,Benjamin Constant/AM,,24.0,atrasado
710939623,2026-10-05T01:46:15.476680+00:00,-3.46161,-68.97198,2374.0,95.7,95.7,0,São Paulo de Olivença/AM,Benjamin Constant/AM,,24.0,atrasado
710939623,2026-10-05T01:46:16.353815+00:00,-3.4621,-68.9671,2374.0,77.7,77.7,0,São Paulo de Olivença/AM,Benjamin Constant/AM,,24.0,atrasado
710939623,2026-10-05T01:46:17.436924+00:00,-3.46081,-68.96118,2374.0,72.4,72.4,0,São Paulo de Olivença/AM,Benjamin Constant/AM,,24.0,atrasado
710939623,2026-10-05T01:46:18.731161+00:00,-3.45862,-68.95428,2374.0,77.9,77.9,0,São Paulo de Olivença/AM,Benjamin Constant/AM,,24.0,atrasado
710939623,2026-10-05T02:30:05.984496+00:00,-3.45822,-68.95241,0.0,0.0,0.0,5,São Paulo de Olivença/AM,Benjamin Constant/AM,Benjamin Constant/AM,24.0,atrasado
710939623,2026-10-05T03:32:16.876122+00:00,-3.45822,-68.95241,0.0,0.0,0.0,5,São Paulo de Olivença/AM,Benjamin Constant/AM,Benjamin Constant/AM,24.0,atrasado
710939623,2026-10-05T04:34:27.767748+00:00,-3.45822,-68.95241,0.0,0.0,0.0,5,São Paulo de Olivença/AM,Benjamin Constant/AM,Benjamin Constant/AM,24.0,atrasado
710939623,2026-10-05T05:36:38.659374+00:00,-3.45822,-68.95241,0.0,0.0,0.0,5,São Paulo de Olivença/AM,Benjamin Constant/AM,Benjamin Constant/AM,24.0,atrasado
710939623,2026-10-05T06:38:49.550999+00:00,-3.45822,-68.95241,0.0,0.0,0.0,5,São Paulo de Olivença/AM,Benjamin Constant/AM,Benjamin Constant/AM,24.0,atrasado
710939623,2026-10-05T07:41:00.442625+00:00,-3.45822,-68.95241,0.0,0.0,0.0,5,São Paulo de Olivença/AM,Benjamin Constant/AM,Benjamin Constant/AM,24.0,atrasado
710939623,2026-10-05T08:43:11.334251+00:00,-3.45822,-68.95241,0.0,0.0,0.0,5,São Paulo de Olivença/AM,Benjamin Constant/AM,Benjamin Constant/AM,24.0,atrasado
710939623,2026-10-05T09:45:22.225877+00:00,-3.45822,-68.95241,0.0,0.0,0.0,5,São Paulo de Olivença/AM,Benjamin Constant/AM,Benjamin Constant/AM,24.0,atrasado
710939623,2026-10-05T10:47:33.117502+00:00,-3.45822,-68.95241,0.0,0.0,0.0,5,São Paulo de Olivença/AM,Benjamin Constant/AM,Benjamin Constant/AM,24.0,atrasado
710939623,2026-10-05T11:49:44.009128+00:00,-3.45822,-68.95241,0.0,0.0,0.0,5,São Paulo de Olivença/AM,Benjamin Constant/AM,Benjamin Constant/AM,24.0,atrasado
710939623,2026-10-05T12:51:54.900754+00:00,-3.45822,-68.95241,0.0,0.0,0.0,5,São Paulo de Olivença/AM,Benjamin Constant/AM,Benjamin Constant/AM,24.0,atrasado
710939623,2026-10-05T13:54:05.792380+00:00,-3.45822,-68.95241,0.0,0.0,0.0,5,São Paulo de Olivença/AM,Benjamin Constant/AM,Benjamin Constant/AM,24.0,atrasado
710939623,2026-10-05T14:56:16.684005+00:00,-3.45822,-68.95241,0.0,0.0,0.0,5,São Paulo de Olivença/AM,Benjamin Constant/AM,Benjamin Constant/AM,24.0,atrasado
710939623,2026-10-05T15:58:27.575631+00:00,-3.45822,-68.95241,0.0,0.0,0.0,5,São Paulo de Olivença/AM,Benjamin Constant/AM,Benjamin Constant/AM,24.0,atrasado
710939623,2026-10-05T17:00:38.467257+00:00,-3.45822,-68.95241,0.0,0,0,5,São Paulo de Olivença/AM,Benjamin Constant/AM,Benjamin Constant/AM,24.0,atrasado
